# filtered by seat W2: 13062 lines in full, 9911 kept (dropped: per-declaration axiom receipts, Lake's progress and trace lines; the axiom gate's verdict and every error are kept)
$ cd /Users/pooks/Dev/lean4-effect4-seat-W2
$ make gen-lcnf
# started 2026-10-01T22:56:41Z (LEAN_NUM_THREADS=1)
lake build
info: src/Effect4/Laws/Machine/Clauses.lean:2123:0: Effect4.Machine.M1OriginClauses: 0 open, 10 proved, 10 total; ceiling 0
info: src/Effect4/Laws/Machine/Approximation.lean:1778:0: Effect4.Machine.M1OriginApproximation: 0 open, 2 proved, 2 total; ceiling 0
info: src/Effect4/Laws/Machine/Arena.lean:249:0: Effect4.Machine.ArenaObligations: 0 open, 10 proved, 10 total; ceiling 0
info: src/Effect4/Laws/Machine/Arena.lean:252:0: Effect4.Machine.ArenaSupportWanted: 0 open, 3 proved, 3 total; ceiling 0
info: src/Effect4/Laws/Machine/RefKernel.lean:268:0: Effect4.Machine.RefKernelObligations: 0 open, 2 proved, 2 total; ceiling 0
info: src/Effect4/Laws/Machine/RefKernel.lean:381:0: Effect4.Machine.ArenaObligations: 0 open, 14 proved, 14 total; ceiling 0
info: src/Effect4/Laws/Machine/RefKernel.lean:384:0: Effect4.Machine.M1.RefKernelSupport: 0 open, 1 proved, 1 total; ceiling 0
info: src/Effect4/Laws/Machine/CompletionData.lean:61:0: Effect4.Machine.M1.OwedMapWanted: 0 open, 4 proved, 4 total; ceiling 0
info: src/Effect4/Laws/Machine/CompletionData.lean:98:0: Effect4.Machine.M1.Core: 0 open, 5 proved, 5 total; ceiling 0
info: src/Effect4/Laws/Machine/CompletionData.lean:113:0: Effect4.Machine.M1.CompletionSupport: 0 open, 2 proved, 2 total; ceiling 0
info: src/Effect4/Laws/Machine/Clock.lean:23:0: Effect4.ClockMillis.M1: 0 open, 3 proved, 3 total; ceiling 0
info: src/Effect4/Laws/Machine/Clock.lean:81:0: Effect4.Machine.TimerStore.M1Clock: 0 open, 17 proved, 17 total; ceiling 0
info: src/Effect4/Laws/Machine/Clock.lean:116:0: Effect4.ClockMillis.M1Decimal: 0 open, 5 proved, 5 total; ceiling 0
info: src/Effect4/Laws/Machine/Clock.lean:132:0: Effect4.Store.ClockCanonical.M1: 0 open, 3 proved, 3 total; ceiling 0
info: src/Effect4/Laws/Machine/Witnesses.lean:1488:0: Effect4.Machine.Witnesses.M1Witnesses: 0 open, 1 proved, 1 total; ceiling 0
info: src/Effect4/Laws/Machine/StoresLaws.lean:2239:0: Effect4.Machine.M1.StoresLaws: 0 open, 5 proved, 5 total; ceiling 0
info: src/Effect4/Laws/Machine/Behaviour.lean:119:0: Effect4.Machine.M1Trace: 0 open, 1 proved, 1 total; ceiling 0
info: src/Effect4/Laws/Machine/Book.lean:1312:0: Effect4.Machine.M1OriginBook: 0 open, 2 proved, 2 total; ceiling 0
info: src/Effect4/Laws/Machine/Handles.lean:6750:0: Effect4.Machine.M1.Handles: 0 open, 9 proved, 9 total; ceiling 0
info: src/Effect4/Laws/Machine/Handles.lean:6751:0: Effect4.Machine.M1.DeferredWanted: 0 open, 1 proved, 1 total; ceiling 0
info: src/Effect4/Laws/Machine/Handles.lean:6752:0: Effect4.Machine.M1Origin: 0 open, 9 proved, 9 total; ceiling 0
info: src/Effect4/Laws/Program/Folds/Straight.lean:16:0: fold_of: Effect4.Program.Denote.Straight.eq_cata : ∀ (a : NativeEff), Straight a = cata_eff Straight.alg a
info: src/Effect4/Laws/Program/Folds/Straight.lean:16:0: fold_of: Effect4.Program.Denote.Straight.alg : EffAlgebra NativeOp fun fam =>
  EffFam.rec Bool Unit Unit Unit Unit Unit Unit fam
info: src/Effect4/Laws/Program/Folds/Ty.lean:23:0: fold_of: Effect4.Program.Ty.renderRaw.eq_cata : ∀ (a : Ty), a.renderRaw = cata_ty Ty.renderRaw.alg a
info: src/Effect4/Laws/Program/Folds/Ty.lean:23:0: fold_of: Effect4.Program.Ty.renderRaw.alg : TyAlgebra fun fam => TyFam.rec String fam
info: src/Effect4/Laws/Program/Folds/Ty.lean:24:0: fold_of: Effect4.Program.Ty.members.eq_cata : ∀ (a : Ty), a.members = (cata_ty Ty.members.alg a).snd
info: src/Effect4/Laws/Program/Folds/Ty.lean:24:0: fold_of (paramorphism: the carrier pairs the value): Effect4.Program.Ty.members.alg : TyAlgebra fun fam =>
  TyFam.rec (Ty × List Ty) fam
info: src/Effect4/Laws/Program/Folds/Ty.lean:25:0: fold_of: Effect4.Program.Ty.key.eq_cata : ∀ (a : Ty), a.key = cata_ty Ty.key.alg a
info: src/Effect4/Laws/Program/Folds/Ty.lean:25:0: fold_of: Effect4.Program.Ty.key.alg : TyAlgebra fun fam => TyFam.rec (List Nat) fam
info: src/Effect4/Laws/Program/Folds/Ty.lean:26:0: fold_of: Effect4.Program.Ty.isNever.eq_cata : ∀ (a : Ty), a.isNever = cata_ty Ty.isNever.alg a
info: src/Effect4/Laws/Program/Folds/Ty.lean:26:0: fold_of: Effect4.Program.Ty.isNever.alg : TyAlgebra fun fam => TyFam.rec Bool fam
info: src/Effect4/Laws/Program/Folds/Ty.lean:27:0: fold_of: Effect4.Program.Ty.isMember.eq_cata : ∀ (a : Ty), a.isMember = cata_ty Ty.isMember.alg a
info: src/Effect4/Laws/Program/Folds/Ty.lean:27:0: fold_of: Effect4.Program.Ty.isMember.alg : TyAlgebra fun fam => TyFam.rec Bool fam
info: src/Effect4/Laws/Program/Folds/Ty.lean:28:0: fold_of: Effect4.Program.Ty.normalize.eq_cata : ∀ (a : Ty), a.normalize = cata_ty Ty.normalize.alg a
info: src/Effect4/Laws/Program/Folds/Ty.lean:28:0: fold_of: Effect4.Program.Ty.normalize.alg : TyAlgebra fun fam => TyFam.rec Ty fam
info: src/Effect4/Laws/Program/Folds/Ty.lean:29:0: fold_of: Effect4.Program.isTagTy.eq_cata : ∀ (a : Ty), isTagTy a = cata_ty isTagTy.alg a
info: src/Effect4/Laws/Program/Folds/Ty.lean:29:0: fold_of: Effect4.Program.isTagTy.alg : TyAlgebra fun fam => TyFam.rec Bool fam
info: src/Effect4/Laws/Program/Folds/Ty.lean:30:0: fold_of: Effect4.Program.rawSupportedErrTy.eq_cata : ∀ (a : Ty),
  rawSupportedErrTy a = (cata_ty rawSupportedErrTy.alg a).snd
info: src/Effect4/Laws/Program/Folds/Ty.lean:30:0: fold_of (paramorphism: the carrier pairs the value): Effect4.Program.rawSupportedErrTy.alg : TyAlgebra fun fam =>
  TyFam.rec (Ty × Bool) fam
info: src/Effect4/Laws/Program/Folds/Ty.lean:31:0: fold_of: Effect4.Program.NativeAtom.projectProduct.eq_cata : ∀ (second : Bool) (a : Ty),
  NativeAtom.projectProduct second a = (cata_ty (NativeAtom.projectProduct.alg second) a).snd
info: src/Effect4/Laws/Program/Folds/Ty.lean:31:0: fold_of (paramorphism: the carrier pairs the value): Effect4.Program.NativeAtom.projectProduct.alg : Bool →
  TyAlgebra fun fam => TyFam.rec (Ty × Option Ty) fam
info: src/Effect4/Laws/Program/Folds/Ty.lean:32:0: fold_of: Effect4.Program.findInt.eq_cata : ∀ (pos : Path) (a : Ty), findInt pos a = cata_ty findInt.alg a pos
info: src/Effect4/Laws/Program/Folds/Ty.lean:32:0: fold_of: Effect4.Program.findInt.alg : TyAlgebra fun fam => TyFam.rec (Path → Option Path) fam
info: src/Effect4/Laws/Program/Folds/Ty.lean:33:0: fold_of: Effect4.Program.Val.hasTy.eq_cata : ∀ (v : Machine.Val) (ty : Ty) (allocated : optParam (List String) []),
  Val.hasTy v ty allocated = (cata_ty Val.hasTy.alg ty).snd v allocated
info: src/Effect4/Laws/Program/Folds/Ty.lean:33:0: fold_of (paramorphism: the carrier pairs the value): Effect4.Program.Val.hasTy.alg : TyAlgebra fun fam =>
  TyFam.rec (Ty × (Machine.Val → List String → Bool)) fam
info: src/Effect4/Laws/Program/Folds/Ty.lean:34:0: fold_of: Effect4.Schema.Bridge.schema.eq_cata : ∀ (a : Ty), Schema.Bridge.schema a = cata_ty Schema.Bridge.schema.alg a
info: src/Effect4/Laws/Program/Folds/Ty.lean:34:0: fold_of: Effect4.Schema.Bridge.schema.alg : TyAlgebra fun fam => TyFam.rec Representation fam
info: src/Effect4/Laws/Program/Folds/Ty.lean:35:0: fold_of: Effect4.Schema.Codec.layout.eq_cata : ∀ (a : Ty),
  Schema.Codec.layout a = (cata_ty Schema.Codec.layout.alg a).snd
info: src/Effect4/Laws/Program/Folds/Ty.lean:35:0: fold_of (paramorphism: the carrier pairs the value): Effect4.Schema.Codec.layout.alg : TyAlgebra fun fam =>
  TyFam.rec (Ty × Ty) fam
info: src/Effect4/Laws/Program/Folds/Ty.lean:36:0: fold_of: Effect4.Schema.Codec.isSupported.eq_cata : ∀ (a : Ty),
  Schema.Codec.isSupported a = cata_ty Schema.Codec.isSupported.alg a
info: src/Effect4/Laws/Program/Folds/Ty.lean:36:0: fold_of: Effect4.Schema.Codec.isSupported.alg : TyAlgebra fun fam => TyFam.rec Bool fam
info: src/Effect4/Laws/Program/Folds/Ty.lean:37:0: fold_of: Effect4.Schema.Codec.encodeRaw.eq_cata : ∀ (a : Ty) (a_1 : Machine.Val),
  Schema.Codec.encodeRaw a a_1 = (cata_ty Schema.Codec.encodeRaw.alg a).snd a_1
info: src/Effect4/Laws/Program/Folds/Ty.lean:37:0: fold_of (paramorphism: the carrier pairs the value): Effect4.Schema.Codec.encodeRaw.alg : TyAlgebra fun fam =>
  TyFam.rec (Ty × (Machine.Val → Option Json)) fam
info: src/Effect4/Laws/Program/Folds/Ty.lean:38:0: fold_of: Effect4.Schema.Codec.decodeRaw.eq_cata : ∀ (a : Ty) (a_1 : Json),
  Schema.Codec.decodeRaw a a_1 = (cata_ty Schema.Codec.decodeRaw.alg a).snd a_1
info: src/Effect4/Laws/Program/Folds/Ty.lean:38:0: fold_of (paramorphism: the carrier pairs the value): Effect4.Schema.Codec.decodeRaw.alg : TyAlgebra fun fam =>
  TyFam.rec (Ty × (Json → Option Machine.Val)) fam
info: src/Effect4/Laws/Machine/Folds/Val.lean:18:0: fold_of: Effect4.Machine.Val.keys.eq_cata : ∀ (a : Val), a.keys = Store.cata_val Val.keys.alg a
info: src/Effect4/Laws/Machine/Folds/Val.lean:18:0: fold_of: Effect4.Machine.Val.keysList.eq_cata : ∀ (a : List Val),
  Val.keysList a = List.foldr (fun r rrest => r ++ rrest) [] (Store.cata_pos_list_val Val.keys.alg a)
info: src/Effect4/Laws/Machine/Folds/Val.lean:18:0: fold_of: Effect4.Machine.Val.keys.alg : Store.ValAlgebra fun fam => Store.ValFam.rec (List Handle) fam
info: src/Effect4/Laws/Machine/Folds/Val.lean:19:0: fold_of: Effect4.Machine.Val.validIn.eq_cata : ∀ (s : Stores) (a : Val),
  Val.validIn s a = Store.cata_val (Val.validIn.alg s) a
info: src/Effect4/Laws/Machine/Folds/Val.lean:19:0: fold_of: Effect4.Machine.Val.validInList.eq_cata : ∀ (s : Stores) (a : List Val),
  Val.validInList s a = List.foldr (fun r rrest => r && rrest) true (Store.cata_pos_list_val (Val.validIn.alg s) a)
info: src/Effect4/Laws/Machine/Folds/Val.lean:19:0: fold_of: Effect4.Machine.Val.validIn.alg : Stores → Store.ValAlgebra fun fam => Store.ValFam.rec Bool fam
info: src/Effect4/Laws/Program/ReferenceTyping.lean:174:0: fun {Op} =>
  typeOfProgram_expandRefs : ∀ {Op : Type} (sig : Signature Op) (p : Eff Op),
  p.layerRefsWF = true →
    (Eff.refSites [] p.expandRefs).isEmpty = true → typeOfProgram sig p.expandRefs = typeOfProgram sig p
info: src/Effect4/Laws/Program/Guard/RaceSites.lean:480:0: Effect4.Program.Guard.M1Origin: 0 open, 1 proved, 1 total; ceiling 0
info: src/Effect4/Laws/Program/Guard/FrameOwned.lean:904:0: Effect4.Program.Guard.FrameOwned.M1: 0 open, 7 proved, 7 total; ceiling 0
info: src/Effect4/Laws/Program/Guard/FrameOwned.lean:907:0: Effect4.Program.Guard.FrameOwned.M1Origin: 0 open, 1 proved, 1 total; ceiling 0
info: src/Effect4/Laws/Program/Guard/FrameOwned.lean:910:0: Effect4.Program.Guard.FrameOwned.M1Hooks: 0 open, 2 proved, 2 total; ceiling 0
info: src/Effect4/Laws/Program/Guard/FrameOwned.lean:913:0: Effect4.Program.Guard.FrameOwned.M1Results: 0 open, 2 proved, 2 total; ceiling 0
info: src/Effect4/Laws/Api/Supervision.lean:1019:0: Effect4.Api.M1Origin: 0 open, 18 proved, 18 total; ceiling 0
info: src/Effect4/Laws/Api/Supervision.lean:1020:0: Effect4.Api.M1Trace: 0 open, 2 proved, 2 total; ceiling 0
info: src/Effect4/Laws/Machine/Refinement.lean:117:0: Effect4.Machine.Refinement.CompositionObligations: 0 open, 2 proved, 2 total; ceiling 0
info: src/Effect4/Laws/Machine/Refinement.lean:290:0: Effect4.Machine.M1.CellMapWanted: 0 open, 1 proved, 1 total; ceiling 0
info: src/Effect4/Laws/Machine/Refinement.lean:292:0: Effect4.Machine.M1.DeferredWanted: 0 open, 14 proved, 14 total; ceiling 0
info: src/Effect4/Laws/Machine/Refinement.lean:729:0: Effect4.Machine.M1.DeferredImageSupportWanted: 0 open, 3 proved, 3 total; ceiling 0
info: src/Effect4/Laws/Machine/Refinement.lean:732:0: Effect4.Machine.M1.DeferredWanted: 0 open, 30 proved, 30 total; ceiling 0
info: src/Effect4/Laws/Machine/Refinement.lean:735:0: Effect4.Machine.ArenaObligations: 0 open, 15 proved, 15 total; ceiling 0
info: src/Effect4/Laws/Program/Folds/Checker.lean:19:0: fold_of: Effect4.Program.Checker.check.eq_cata : ∀ {Op : Type} (sig : Signature Op) (env : TyEnv) (p : List Nat)
  (a : Eff Op), Checker.check sig env p a = cata_eff (Checker.check.alg sig) a env p
info: src/Effect4/Laws/Program/Folds/Checker.lean:19:0: fold_of: Effect4.Program.Checker.checkLayer.eq_cata : ∀ {Op : Type} (sig : Signature Op) (p : List Nat)
  (a : LayerTerm Op), Checker.checkLayer sig p a = cata_layer (Checker.check.alg sig) a p
info: src/Effect4/Laws/Program/Folds/Checker.lean:19:0: fold_of: Effect4.Program.Checker.checkLayers.eq_cata : ∀ {Op : Type} (sig : Signature Op) (p : List Nat)
  (a : LayerTerms Op), Checker.checkLayers sig p a = cata_layers (Checker.check.alg sig) a p
info: src/Effect4/Laws/Program/Folds/Checker.lean:19:0: fold_of: Effect4.Program.Checker.checkAction.eq_cata : ∀ {Op : Type} (sig : Signature Op) (env : TyEnv) (p : List Nat)
  (a : ActionTerm Op), Checker.checkAction sig env p a = cata_action (Checker.check.alg sig) a env p
info: src/Effect4/Laws/Program/Folds/Checker.lean:19:0: fold_of: Effect4.Program.Checker.checkEffs.eq_cata : ∀ {Op : Type} (sig : Signature Op) (env : TyEnv) (p : List Nat)
  (a : Effs Op), Checker.checkEffs sig env p a = cata_effs (Checker.check.alg sig) a env p
info: src/Effect4/Laws/Program/Folds/Checker.lean:19:0: fold_of: Effect4.Program.Checker.checkStmts.eq_cata : ∀ {Op : Type} (sig : Signature Op) (env : TyEnv) (inLoop : Bool)
  (afterRet : Option (List Nat)) (p : List Nat) (a : Stmts Op),
  Checker.checkStmts sig env inLoop afterRet p a = cata_stmts (Checker.check.alg sig) a env inLoop afterRet p
info: src/Effect4/Laws/Program/Folds/Checker.lean:19:0: fold_of: Effect4.Program.Checker.checkStmt.eq_cata : ∀ {Op : Type} (sig : Signature Op) (env : TyEnv) (inLoop : Bool)
  (p : List Nat) (a : Stmt Op), Checker.checkStmt sig env inLoop p a = cata_stmt (Checker.check.alg sig) a env inLoop p
info: src/Effect4/Laws/Program/Folds/Checker.lean:19:0: fold_of: Effect4.Program.Checker.check.alg : {Op : Type} →
  Signature Op →
    EffAlgebra Op fun fam =>
      EffFam.rec (TyEnv → List Nat → Except TypeRefusal EffTy) (TyEnv → Bool → List Nat → Except TypeRefusal StmtTy)
        (TyEnv → Bool → Option (List Nat) → List Nat → Except TypeRefusal GenTy)
        (TyEnv → List Nat → Except TypeRefusal EffTy) (TyEnv → List Nat → Except TypeRefusal EffTy)
        (List Nat → Except TypeRefusal LayerTy) (List Nat → Except TypeRefusal (List LayerTy)) fam
info: src/Effect4/Laws/Program/Folds/Projections.lean:15:0: fold_of: Effect4.Program.Stmts.toList.eq_cata : ∀ {Op : Type} (a : Stmts Op),
  a.toList = (cata_stmts Stmts.toList.alg a).snd
info: src/Effect4/Laws/Program/Folds/Projections.lean:15:0: fold_of (paramorphism: the carrier pairs the value): Effect4.Program.Stmts.toList.alg : {Op : Type} →
  EffAlgebra Op fun fam =>
    EffFam.rec (Eff Op × Unit) (Stmt Op × Unit) (Stmts Op × List (Stmt Op)) (Effs Op × Unit) (ActionTerm Op × Unit)
      (LayerTerm Op × Unit) (LayerTerms Op × Unit) fam
info: src/Effect4/Laws/Program/Folds/Projections.lean:16:0: fold_of: Effect4.Program.Effs.toList.eq_cata : ∀ {Op : Type} (a : Effs Op), a.toList = (cata_effs Effs.toList.alg a).snd
info: src/Effect4/Laws/Program/Folds/Projections.lean:16:0: fold_of (paramorphism: the carrier pairs the value): Effect4.Program.Effs.toList.alg : {Op : Type} →
  EffAlgebra Op fun fam =>
    EffFam.rec (Eff Op × Unit) (Stmt Op × Unit) (Stmts Op × Unit) (Effs Op × List (Eff Op)) (ActionTerm Op × Unit)
      (LayerTerm Op × Unit) (LayerTerms Op × Unit) fam
info: src/Effect4/Laws/Program/Folds/Projections.lean:17:0: fold_of: Effect4.Program.LayerTerms.toList.eq_cata : ∀ {Op : Type} (a : LayerTerms Op),
  a.toList = (cata_layers LayerTerms.toList.alg a).snd
info: src/Effect4/Laws/Program/Folds/Projections.lean:17:0: fold_of (paramorphism: the carrier pairs the value): Effect4.Program.LayerTerms.toList.alg : {Op : Type} →
  EffAlgebra Op fun fam =>
    EffFam.rec (Eff Op × Unit) (Stmt Op × Unit) (Stmts Op × Unit) (Effs Op × Unit) (ActionTerm Op × Unit)
      (LayerTerm Op × Unit) (LayerTerms Op × List (LayerTerm Op)) fam
info: src/Effect4/Laws/Program/Folds/Projections.lean:18:0: fold_of: Effect4.Program.LayerTerms.length.eq_cata : ∀ {Op : Type} (a : LayerTerms Op),
  a.length = cata_layers LayerTerms.length.alg a
info: src/Effect4/Laws/Program/Folds/Projections.lean:18:0: fold_of: Effect4.Program.LayerTerms.length.alg : {Op : Type} →
  EffAlgebra Op fun fam => EffFam.rec Unit Unit Unit Unit Unit Unit Nat fam
info: src/Effect4/Laws/Program/Folds/Provision.lean:16:0: fold_of: Effect4.Program.Provision.build.eq_cata : ∀ {Op : Type} (sem : Provision.LeafSem Op) (a : LayerTerm Op)
  (a_1 : Machine.Env.Ctx), Provision.build sem a a_1 = (cata_layer (Provision.build.alg sem) a).snd a_1
info: src/Effect4/Laws/Program/Folds/Provision.lean:16:0: fold_of: Effect4.Program.Provision.buildAll.eq_cata : ∀ {Op : Type} (sem : Provision.LeafSem Op) (a : LayerTerms Op)
  (a_1 : Machine.Env.Ctx), Provision.buildAll sem a a_1 = (cata_layers (Provision.build.alg sem) a).snd a_1
info: src/Effect4/Laws/Program/Folds/Provision.lean:16:0: fold_of (paramorphism: the carrier pairs the value): Effect4.Program.Provision.build.alg : {Op : Type} →
  Provision.LeafSem Op →
    EffAlgebra Op fun fam =>
      EffFam.rec (Eff Op × Unit) (Stmt Op × Unit) (Stmts Op × Unit) (Effs Op × Unit) (ActionTerm Op × Unit)
        (LayerTerm Op × (Machine.Env.Ctx → Option Machine.Env.Ctx))
        (LayerTerms Op × (Machine.Env.Ctx → Option Machine.Env.Ctx)) fam
info: src/Effect4/Laws/Program/Folds/Provision.lean:17:0: fold_of: Effect4.Program.Provision.docsLayer.eq_cata : ∀ (a : LayerTerm Provision.DocsOp),
  Provision.docsLayer a = (cata_layer Provision.docsLayer.alg a).snd
info: src/Effect4/Laws/Program/Folds/Provision.lean:17:0: fold_of: Effect4.Program.Provision.docsLayers.eq_cata : ∀ (a : LayerTerms Provision.DocsOp),
  Provision.docsLayers a = (cata_layers Provision.docsLayer.alg a).snd
info: src/Effect4/Laws/Program/Folds/Provision.lean:17:0: fold_of (paramorphism: the carrier pairs the value): Effect4.Program.Provision.docsLayer.alg : EffAlgebra
  Provision.DocsOp fun fam =>
  EffFam.rec (Eff Provision.DocsOp × Unit) (Stmt Provision.DocsOp × Unit) (Stmts Provision.DocsOp × Unit)
    (Effs Provision.DocsOp × Unit) (ActionTerm Provision.DocsOp × Unit)
    (LayerTerm Provision.DocsOp × Option (LayerTerm NativeOp))
    (LayerTerms Provision.DocsOp × Option (LayerTerms NativeOp)) fam
info: src/Effect4/Laws/Program/Folds/Representation.lean:24:0: fold_of: Effect4.Representation.tag.eq_cata : ∀ (a : Representation),
  a.tag = cata_representation Representation.tag.alg a
info: src/Effect4/Laws/Program/Folds/Representation.lean:24:0: fold_of: Effect4.Representation.tag.alg : RepresentationAlgebra fun fam =>
  RepresentationFam.rec RepresentationTag Unit fam
info: src/Effect4/Laws/Program/Folds/Representation.lean:25:0: fold_of: Effect4.Check.tag.eq_cata : ∀ (a : Check), a.tag = cata_check Check.tag.alg a
info: src/Effect4/Laws/Program/Folds/Representation.lean:25:0: fold_of: Effect4.Check.tag.alg : RepresentationAlgebra fun fam => RepresentationFam.rec Unit CheckTag fam
info: src/Effect4/Laws/Program/Folds/Representation.lean:26:0: fold_of: Effect4.Schema.withChecks?.eq_cata : ∀ (newChecks : List Check) (a : Representation),
  Schema.withChecks? newChecks a = (cata_representation (Schema.withChecks?.alg newChecks) a).snd
info: src/Effect4/Laws/Program/Folds/Representation.lean:26:0: fold_of (paramorphism: the carrier pairs the value): Effect4.Schema.withChecks?.alg : List Check →
  RepresentationAlgebra fun fam => RepresentationFam.rec (Representation × Option Representation) (Check × Unit) fam
info: src/Effect4/Laws/Program/Folds/Representation.lean:27:0: fold_of: Effect4.Schema.Bridge.checkId.eq_cata : ∀ (a : Check),
  Schema.Bridge.checkId a = (cata_check Schema.Bridge.checkId.alg a).snd
info: src/Effect4/Laws/Program/Folds/Representation.lean:27:0: fold_of (paramorphism: the carrier pairs the value): Effect4.Schema.Bridge.checkId.alg : RepresentationAlgebra
  fun fam => RepresentationFam.rec (Representation × Unit) (Check × String) fam
info: src/Effect4/Laws/Program/Folds/Term.lean:20:0: fold_of: Effect4.Program.printTerm.eq_cata : ∀ (a : Term), printTerm a = cata_term printTerm.alg a
info: src/Effect4/Laws/Program/Folds/Term.lean:20:0: fold_of: Effect4.Program.printTerms.eq_cata : ∀ (a : Terms), printTerms a = cata_terms printTerm.alg a
info: src/Effect4/Laws/Program/Folds/Term.lean:20:0: fold_of: Effect4.Program.printTerm.alg : TermAlgebra fun fam => TermFam.rec TypeScript.Expr (List TypeScript.Expr) fam
info: src/Effect4/Laws/Program/Folds/Term.lean:21:0: fold_of: Effect4.Program.Terms.names?.eq_cata : ∀ (a : Terms), a.names? = (cata_terms Terms.names?.alg a).snd
info: src/Effect4/Laws/Program/Folds/Term.lean:21:0: fold_of (paramorphism: the carrier pairs the value): Effect4.Program.Terms.names?.alg : TermAlgebra fun fam =>
  TermFam.rec (Term × Unit) (Terms × Option (List String)) fam
info: src/Effect4/Laws/Program/Folds/Term.lean:22:0: fold_of: Effect4.Program.noRow.eq_cata : ∀ {Op : Type} (spell : String → List String → Option Op) (atom : String)
  (args : Terms), noRow spell atom args = (cata_terms (noRow.alg spell atom) args).snd
info: src/Effect4/Laws/Program/Folds/Term.lean:22:0: fold_of (paramorphism: the carrier pairs the value): Effect4.Program.noRow.alg : {Op : Type} →
  (String → List String → Option Op) → String → TermAlgebra fun fam => TermFam.rec (Term × Unit) (Terms × Bool) fam
info: src/Effect4/Laws/Program/Folds/Term.lean:23:0: fold_of: Effect4.Program.Terms.toList.eq_cata : ∀ (a : Terms), a.toList = (cata_terms Terms.toList.alg a).snd
info: src/Effect4/Laws/Program/Folds/Term.lean:23:0: fold_of (paramorphism: the carrier pairs the value): Effect4.Program.Terms.toList.alg : TermAlgebra fun fam =>
  TermFam.rec (Term × Unit) (Terms × List Term) fam
info: src/Effect4/Laws/Program/Folds/Term.lean:24:0: fold_of: Effect4.Program.Term.scoped.eq_cata : ∀ (n : Nat) (a : Term), Term.scoped n a = cata_term (Term.scoped.alg n) a
info: src/Effect4/Laws/Program/Folds/Term.lean:24:0: fold_of: Effect4.Program.Terms.scoped.eq_cata : ∀ (n : Nat) (a : Terms),
  Terms.scoped n a = cata_terms (Term.scoped.alg n) a
info: src/Effect4/Laws/Program/Folds/Term.lean:24:0: fold_of: Effect4.Program.Term.scoped.alg : Nat → TermAlgebra fun fam => TermFam.rec Bool Bool fam
info: src/Effect4/Laws/Program/Folds/Term.lean:25:0: fold_of: Effect4.Program.Term.weaken.eq_cata : ∀ (cut : Nat) (a : Term),
  Term.weaken cut a = cata_term (Term.weaken.alg cut) a
info: src/Effect4/Laws/Program/Folds/Term.lean:25:0: fold_of: Effect4.Program.Terms.weaken.eq_cata : ∀ (cut : Nat) (a : Terms),
  Terms.weaken cut a = cata_terms (Term.weaken.alg cut) a
info: src/Effect4/Laws/Program/Folds/Term.lean:25:0: fold_of: Effect4.Program.Term.weaken.alg : Nat → TermAlgebra fun fam => TermFam.rec Term Terms fam
info: src/Effect4/Laws/Program/Folds/Term.lean:26:0: fold_of: Effect4.Program.evalTerm.eq_cata : ∀ (env : List Machine.Val) (a : Term),
  evalTerm env a = cata_term (evalTerm.alg env) a
info: src/Effect4/Laws/Program/Folds/Term.lean:26:0: fold_of: Effect4.Program.evalTerms.eq_cata : ∀ (env : List Machine.Val) (a : Terms),
  evalTerms env a = cata_terms (evalTerm.alg env) a
info: src/Effect4/Laws/Program/Folds/Term.lean:26:0: fold_of: Effect4.Program.evalTerm.alg : List Machine.Val →
  TermAlgebra fun fam => TermFam.rec (Option Machine.Val) (Option (List Machine.Val)) fam
info: src/Effect4/Laws/Program/Folds/Term.lean:27:0: fold_of: Effect4.Program.argTy.eq_cata : ∀ {Op : Type} (sig : Signature Op) (env : TyEnv) (const : Bool) (a : Term),
  argTy sig env const a = cata_term (argTy.alg sig env) a const
info: src/Effect4/Laws/Program/Folds/Term.lean:27:0: fold_of: Effect4.Program.argsTy.eq_cata : ∀ {Op : Type} (sig : Signature Op) (env : TyEnv) (const : Bool) (a : Terms),
  argsTy sig env const a = cata_terms (argTy.alg sig env) a const
info: src/Effect4/Laws/Program/Folds/Term.lean:27:0: fold_of: Effect4.Program.argTy.alg : {Op : Type} →
  Signature Op → TyEnv → TermAlgebra fun fam => TermFam.rec (Bool → Option Ty) (Bool → Option (List Ty)) fam
info: src/Effect4/Laws/Machine/Folds/Stores.lean:17:0: fold_of: Effect4.Machine.reasonsOfVal.eq_cata : ∀ (a : Val), reasonsOfVal a = (Store.cata_val reasonsOfVal.alg a).snd
info: src/Effect4/Laws/Machine/Folds/Stores.lean:17:0: fold_of: Effect4.Machine.reasonsOfList.eq_cata : ∀ (a : List Val),
  reasonsOfList a = List.foldr (fun r rrest => r.snd ++ rrest) [] (Store.cata_pos_list_val reasonsOfVal.alg a)
info: src/Effect4/Laws/Machine/Folds/Stores.lean:17:0: fold_of (paramorphism: the carrier pairs the value): Effect4.Machine.reasonsOfVal.alg : Store.ValAlgebra fun fam =>
  Store.ValFam.rec (Store.Val × List (Reason Err Defect FiberId Ann)) fam
info: src/Effect4/Laws/Store/Folds/Val.lean:26:0: fold_of: Effect4.Store.Val.render.eq_cata : ∀ (a : Val), a.render = cata_val Val.render.alg a
info: src/Effect4/Laws/Store/Folds/Val.lean:26:0: fold_of: Effect4.Store.Val.renderList.eq_cata : ∀ (a : List Val),
  Val.renderList a = List.foldr (fun r rrest => r :: rrest) [] (cata_pos_list_val Val.render.alg a)
info: src/Effect4/Laws/Store/Folds/Val.lean:26:0: fold_of: Effect4.Store.Val.render.alg : ValAlgebra fun fam => ValFam.rec String fam
info: src/Effect4/Laws/Store/Folds/Val.lean:27:0: fold_of: Effect4.Store.Val.encode.eq_cata : ∀ (a : Val), a.encode = cata_val Val.encode.alg a
info: src/Effect4/Laws/Store/Folds/Val.lean:27:0: fold_of: Effect4.Store.Val.encodeList.eq_cata : ∀ (a : List Val),
  Val.encodeList a = List.foldr (fun r rrest => r ++ rrest) [] (cata_pos_list_val Val.encode.alg a)
info: src/Effect4/Laws/Store/Folds/Val.lean:27:0: fold_of: Effect4.Store.Val.encode.alg : ValAlgebra fun fam => ValFam.rec Bytes fam
info: src/Effect4/Laws/Store/Folds/Val.lean:28:0: fold_of: Effect4.Store.Val.tag.eq_cata : ∀ (a : Val), a.tag = cata_val Val.tag.alg a
info: src/Effect4/Laws/Store/Folds/Val.lean:28:0: fold_of: Effect4.Store.Val.tag.alg : ValAlgebra fun fam => ValFam.rec UInt8 fam
info: src/Effect4/Laws/Store/Folds/Val.lean:29:0: fold_of: Effect4.Store.Val.handles.eq_cata : ∀ (a : Val), a.handles = cata_val Val.handles.alg a
info: src/Effect4/Laws/Store/Folds/Val.lean:29:0: fold_of: Effect4.Store.Val.handlesList.eq_cata : ∀ (a : List Val),
  Val.handlesList a = List.foldr (fun r rrest => r ++ rrest) [] (cata_pos_list_val Val.handles.alg a)
info: src/Effect4/Laws/Store/Folds/Val.lean:29:0: fold_of: Effect4.Store.Val.handles.alg : ValAlgebra fun fam => ValFam.rec (List (UInt8 × Nat)) fam
info: src/Effect4/Laws/Store/Folds/Val.lean:30:0: fold_of: Effect4.Store.Val.beq.eq_cata : ∀ (a a_1 : Val), a.beq a_1 = cata_val Val.beq.alg a a_1
info: src/Effect4/Laws/Store/Folds/Val.lean:30:0: fold_of: Effect4.Store.Val.beqList.eq_cata : ∀ (a a_1 : List Val),
  Val.beqList a a_1 =
    List.foldr (fun r rrest a => decodeBody._sparseCasesOn_1 a (fun head tail => r head && rrest tail) fun h => false)
      (fun a => decodeBody._sparseCasesOn_2 a true fun h => false) (cata_pos_list_val Val.beq.alg a) a_1
info: src/Effect4/Laws/Store/Folds/Val.lean:30:0: fold_of: Effect4.Store.Val.beq.alg : ValAlgebra fun fam => ValFam.rec (Val → Bool) fam
info: src/Effect4/Laws/Store/Folds/Val.lean:31:0: fold_of: Effect4.Store.Val.refs.eq_cata : ∀ (a : Val), a.refs = cata_val Val.refs.alg a
info: src/Effect4/Laws/Store/Folds/Val.lean:31:0: fold_of: Effect4.Store.Val.refsList.eq_cata : ∀ (a : List Val),
  Val.refsList a = List.foldr (fun r rrest => r ++ rrest) [] (cata_pos_list_val Val.refs.alg a)
info: src/Effect4/Laws/Store/Folds/Val.lean:31:0: fold_of: Effect4.Store.Val.refs.alg : ValAlgebra fun fam => ValFam.rec (List AnyRef) fam
info: src/Effect4/Laws/Store/Folds/Val.lean:32:0: fold_of: Effect4.Store.Val.malformedRef.eq_cata : ∀ (a : Val), a.malformedRef = cata_val Val.malformedRef.alg a
info: src/Effect4/Laws/Store/Folds/Val.lean:32:0: fold_of: Effect4.Store.Val.malformedRefList.eq_cata : ∀ (a : List Val),
  Val.malformedRefList a = List.foldr (fun r rrest => r || rrest) false (cata_pos_list_val Val.malformedRef.alg a)
info: src/Effect4/Laws/Store/Folds/Val.lean:32:0: fold_of: Effect4.Store.Val.malformedRef.alg : ValAlgebra fun fam => ValFam.rec Bool fam
info: src/Effect4/Laws/Store/Folds/Val.lean:33:0: fold_of: Effect4.Store.acceptsAt.eq_cata : ∀ (defs : List (String × Shape)) (a : Val) (a_1 : Shape),
  acceptsAt defs a a_1 = cata_val (acceptsAt.alg defs) a a_1
info: src/Effect4/Laws/Store/Folds/Val.lean:33:0: fold_of: Effect4.Store.acceptsFields.eq_cata : ∀ (defs a : List (String × Shape)) (a_1 : List Val),
  acceptsFields defs a a_1 =
    List.foldr
      (fun r rrest a =>
        List.casesOn a false fun head tail =>
          Prod.casesOn head fun fst snd => (candidates defs snd).any r && rrest tail)
      (fun a => List.casesOn a true fun head tail => Prod.casesOn head fun fst snd => false)
      (cata_pos_list_val (acceptsAt.alg defs) a_1) a
info: src/Effect4/Laws/Store/Folds/Val.lean:33:0: fold_of: Effect4.Store.acceptsList.eq_cata : ∀ (defs : List (String × Shape)) (a : Shape) (a_1 : List Val),
  acceptsList defs a a_1 =
    List.foldr (fun r rrest a => (candidates defs a).any r && rrest a) (fun a => true)
      (cata_pos_list_val (acceptsAt.alg defs) a_1) a
info: src/Effect4/Laws/Store/Folds/Val.lean:33:0: fold_of: Effect4.Store.acceptsAt.alg : List (String × Shape) → ValAlgebra fun fam => ValFam.rec (Shape → Bool) fam
info: src/Effect4/Laws/Store/Folds/Val.lean:34:0: fold_of: Effect4.Store.printIn.eq_cata : ∀ (defs : List (String × Shape)) (a : Shape) (a_1 : Val),
  printIn defs a a_1 = cata_val (printIn.alg defs) a_1 a
info: src/Effect4/Laws/Store/Folds/Val.lean:34:0: fold_of: Effect4.Store.printFields.eq_cata : ∀ (defs a : List (String × Shape)) (a_1 : List Val),
  printFields defs a a_1 =
    List.foldr
      (fun r rrest a =>
        acceptsFields._sparseCasesOn_2 a (fun head tail => Prod.casesOn head fun fst snd => (fst, r snd) :: rrest tail)
          fun h => [])
      (fun a => acceptsFields._sparseCasesOn_2 a (fun head tail => Prod.casesOn head fun fst snd => []) fun h => [])
      (cata_pos_list_val (printIn.alg defs) a_1) a
info: src/Effect4/Laws/Store/Folds/Val.lean:34:0: fold_of: Effect4.Store.printList.eq_cata : ∀ (defs : List (String × Shape)) (a : Shape) (a_1 : List Val),
  printList defs a a_1 =
    List.foldr (fun r rrest a => r a :: rrest a) (fun a => []) (cata_pos_list_val (printIn.alg defs) a_1) a
info: src/Effect4/Laws/Store/Folds/Val.lean:34:0: fold_of: Effect4.Store.printIn.alg : List (String × Shape) → ValAlgebra fun fam => ValFam.rec (Shape → Json) fam
info: src/Effect4/Laws/Store/Folds/Val.lean:35:0: fold_of: Effect4.Program.Config.Val.ofStore.eq_cata : ∀ (a : Val),
  Program.Config.Val.ofStore a = cata_val Program.Config.Val.ofStore.alg a
info: src/Effect4/Laws/Store/Folds/Val.lean:35:0: fold_of: Effect4.Program.Config.Val.ofStore.alg : ValAlgebra fun fam => ValFam.rec (Option Program.Config.Val) fam
info: src/Effect4/Laws/Store/Folds/Val.lean:36:0: fold_of: Effect4.Store.Val.WF.eq_cata : ∀ (a : Val), a.WF = (cata_val Val.WF.alg a).snd
info: src/Effect4/Laws/Store/Folds/Val.lean:36:0: fold_of: Effect4.Store.Val.WFList.eq_cata : ∀ (a : List Val),
  Val.WFList a = List.foldr (fun r rrest => r.snd ∧ rrest) True (cata_pos_list_val Val.WF.alg a)
info: src/Effect4/Laws/Store/Folds/Val.lean:36:0: fold_of (paramorphism: the carrier pairs the value): Effect4.Store.Val.WF.alg : ValAlgebra fun fam =>
  ValFam.rec (Val × Prop) fam
info: src/Effect4/Laws/Store/Folds/Val.lean:37:0: fold_of: Effect4.Store.Val.wf.eq_cata : ∀ (a : Val), a.wf = (cata_val Val.wf.alg a).snd
info: src/Effect4/Laws/Store/Folds/Val.lean:37:0: fold_of: Effect4.Store.Val.wfList.eq_cata : ∀ (a : List Val),
  Val.wfList a = List.foldr (fun r rrest => r.snd && rrest) true (cata_pos_list_val Val.wf.alg a)
info: src/Effect4/Laws/Store/Folds/Val.lean:37:0: fold_of (paramorphism: the carrier pairs the value): Effect4.Store.Val.wf.alg : ValAlgebra fun fam =>
  ValFam.rec (Val × Bool) fam
info: src/Effect4/Laws/Store/Folds/Val.lean:38:0: fold_of: Effect4.Store.Val.payload.eq_cata : ∀ (a : Val), a.payload = (cata_val Val.payload.alg a).snd
info: src/Effect4/Laws/Store/Folds/Val.lean:38:0: fold_of (paramorphism: the carrier pairs the value): Effect4.Store.Val.payload.alg : ValAlgebra fun fam =>
  ValFam.rec (Val × Bytes) fam
info: src/Effect4/Laws/Program/Folds/Looped.lean:14:0: fold_of: Effect4.Program.Denote.Looped.eq_cata : ∀ (a : NativeEff), Looped a = cata_eff Looped.alg a
info: src/Effect4/Laws/Program/Folds/Looped.lean:14:0: fold_of: Effect4.Program.Denote.Looped.alg : EffAlgebra NativeOp fun fam =>
  EffFam.rec Bool Unit Unit Unit Unit Unit Unit fam
info: src/Effect4/Laws/Program/Agreement.lean:1941:0: Effect4.Program.Agreement.M1Origin: 0 open, 1 proved, 1 total; ceiling 0
info: src/Effect4/Laws/Program/Agreement/Machine.lean:1943:0: Effect4.Program.Agreement.M1Quiet: 0 open, 1 proved, 1 total; ceiling 0
info: src/Effect4/Laws/Program/Guard/Core.lean:1129:0: frame rules: 11 checked theorems, 138 reused clauses, 27 explicit premises
info: src/Effect4/Laws/Program/Guard/Core.lean:3816:0: Effect4.Program.Guard.M1: 0 open, 4 proved, 4 total; ceiling 0
info: src/Effect4/Laws/Program/Guard/Core.lean:3824:0: Effect4.Program.Guard.M1Completion: 0 open, 2 proved, 2 total; ceiling 0
info: src/Effect4/Laws/Program/Guard/Core.lean:3827:0: Effect4.Program.Guard.M1Clock: 0 open, 4 proved, 4 total; ceiling 0
info: src/Effect4/Laws/Program/Guard/Core.lean:3832:0: Effect4.Program.Guard.M1Origin: 0 open, 18 proved, 18 total; ceiling 0
info: src/Effect4/Laws/Program/Guard/NativeState.lean:644:0: Effect4.Program.Guard.NativeState.M1: 0 open, 6 proved, 6 total; ceiling 0
info: src/Effect4/Laws/Program/Guard/NativeState.lean:648:0: Effect4.Program.Guard.NativeState.M1Origin: 0 open, 2 proved, 2 total; ceiling 0
info: src/Effect4/Laws/Program/Guard/NativeState.lean:652:0: Effect4.Program.Guard.NativeState.M1Results: 0 open, 2 proved, 2 total; ceiling 0
info: src/Effect4/Laws/Program/Guard/NativeStateLinks.lean:341:0: Effect4.Program.Guard.NativeStateLinks.M1Origin: 0 open, 2 proved, 2 total; ceiling 0
info: src/Effect4/Laws/Program/Guard/Single.lean:503:0: Effect4.Program.Guard.SingleGuard.M1Clock: 0 open, 5 proved, 5 total; ceiling 0
info: src/Effect4/Laws/Program/Guard/OuterDriver.lean:445:0: Effect4.Program.Guard.OuterDriver.M1Clock: 0 open, 9 proved, 9 total; ceiling 0
info: src/Effect4/Laws/Run.lean:907:0: Effect4.Run.M1Trace: 0 open, 1 proved, 1 total; ceiling 0
info: src/Effect4/Laws/Program/Typed/ProtocolObligations.lean:66:0: Effect4.Laws.Effects.D12: 0 open, 8 proved, 8 total; ceiling 0
info: src/Effect4/Laws/Program/Typed/State.lean:21:0: 85 positions from 4 roots, 86 source rows
  11	owner
  9	custom
  5	exit
  3	column
  6	journal
  51	hook
  refused	Effect4.Machine.Stores.externals	external rows are the table-aware slice (DI-57); the reference parks them forever
info: src/Effect4/Laws/Program/Typed/World.lean:810:0: Effect4.Program.Typed.WorldControlWanted: 0 open, 5 proved, 5 total; ceiling 0
info: src/Effect4/Laws/Program/Typed/World.lean:811:0: Effect4.Program.Typed.WorldWanted: 0 open, 20 proved, 20 total; ceiling 0
info: src/Effect4/Laws/Program/Typed/ForkSource.lean:116:0: Effect4.Program.Typed.M2ForkSourceWanted: 0 open, 2 proved, 2 total; ceiling 0
info: src/Effect4/Laws/Program/Guard/Handshake.lean:30:0: Effect4.Program.Guard.M4Handshake: 1 open, 0 proved, 1 total; ceiling 1
info: src/Effect4/Laws/Program/Folds/Denote.lean:21:0: fold_of: Effect4.Program.Denote.denote.eq_cata : ∀ (a : NativeEff) (a_1 : List Machine.Val),
  Denote.denote a a_1 = cata_eff Denote.denote.alg a a_1
info: src/Effect4/Laws/Program/Folds/Denote.lean:21:0: fold_of: Effect4.Program.Denote.denote.alg : EffAlgebra NativeOp fun fam =>
  EffFam.rec (List Machine.Val → Effects.Program Denote.StoreSig Machine.ExitV) Unit Unit Unit Unit Unit Unit fam
info: src/Effect4/Laws/Program/Folds/Denote.lean:22:0: fold_of: Effect4.Program.Denote.denoteB.eq_cata : ∀ (k : Nat) (a : NativeEff) (a_1 : List Machine.Val),
  Denote.denoteB k a a_1 = (cata_eff (Denote.denoteB.alg k) a).snd a_1
info: src/Effect4/Laws/Program/Folds/Denote.lean:22:0: fold_of (paramorphism: the carrier pairs the value): Effect4.Program.Denote.denoteB.alg : Nat →
  EffAlgebra NativeOp fun fam =>
    EffFam.rec (Eff NativeOp × (List Machine.Val → Effects.Program Denote.StoreSig (Option Machine.ExitV)))
      (Stmt NativeOp × Unit) (Stmts NativeOp × Unit) (Effs NativeOp × Unit) (ActionTerm NativeOp × Unit)
      (LayerTerm NativeOp × Unit) (LayerTerms NativeOp × Unit) fam
info: src/Effect4/Laws/Program/Folds/Denote.lean:23:0: fold_of: Effect4.Program.Denote.denoteWith.eq_cata : ∀ (bad : Machine.ExitV) (a : NativeEff) (a_1 : List Machine.Val),
  Denote.denoteWith bad a a_1 = cata_eff (Denote.denoteWith.alg bad) a a_1
info: src/Effect4/Laws/Program/Folds/Denote.lean:23:0: fold_of: Effect4.Program.Denote.denoteWith.alg : Machine.ExitV →
  EffAlgebra NativeOp fun fam =>
    EffFam.rec (List Machine.Val → Effects.Program Denote.StoreSig Machine.ExitV) Unit Unit Unit Unit Unit Unit fam
info: src/Effect4/Laws/Program/Folds/Denote.lean:24:0: fold_of: Effect4.Program.Denote.denoteBWith.eq_cata : ∀ (bad : Machine.ExitV) (k : Nat) (a : NativeEff)
  (a_1 : List Machine.Val), Denote.denoteBWith bad k a a_1 = (cata_eff (Denote.denoteBWith.alg bad k) a).snd a_1
info: src/Effect4/Laws/Program/Folds/Denote.lean:24:0: fold_of (paramorphism: the carrier pairs the value): Effect4.Program.Denote.denoteBWith.alg : Machine.ExitV →
  Nat →
    EffAlgebra NativeOp fun fam =>
      EffFam.rec (Eff NativeOp × (List Machine.Val → Effects.Program Denote.StoreSig (Option Machine.ExitV)))
        (Stmt NativeOp × Unit) (Stmts NativeOp × Unit) (Effs NativeOp × Unit) (ActionTerm NativeOp × Unit)
        (LayerTerm NativeOp × Unit) (LayerTerms NativeOp × Unit) fam
info: src/Effect4/Laws/Program/Folds/Denote.lean:25:0: fold_of: Effect4.Program.Agreement.depth.eq_cata : ∀ (a : NativeEff), Agreement.depth a = cata_eff Agreement.depth.alg a
info: src/Effect4/Laws/Program/Folds/Denote.lean:25:0: fold_of: Effect4.Program.Agreement.depth.alg : EffAlgebra NativeOp fun fam =>
  EffFam.rec Nat Unit Unit Unit Unit Unit Unit fam
info: src/Effect4/Laws/Program/Folds/Denote.lean:26:0: fold_of: Effect4.Program.Agreement.steps.eq_cata : ∀ (a : NativeEff), Agreement.steps a = cata_eff Agreement.steps.alg a
info: src/Effect4/Laws/Program/Folds/Denote.lean:26:0: fold_of: Effect4.Program.Agreement.steps.alg : EffAlgebra NativeOp fun fam =>
  EffFam.rec Nat Unit Unit Unit Unit Unit Unit fam
info: src/Effect4/Laws/Program/Folds/Denote.lean:27:0: fold_of: Effect4.Program.Agreement.depthB.eq_cata : ∀ (a : NativeEff),
  Agreement.depthB a = cata_eff Agreement.depthB.alg a
info: src/Effect4/Laws/Program/Folds/Denote.lean:27:0: fold_of: Effect4.Program.Agreement.depthB.alg : EffAlgebra NativeOp fun fam =>
  EffFam.rec Nat Unit Unit Unit Unit Unit Unit fam
info: src/Effect4/Laws/Program/Folds/Denote.lean:28:0: fold_of: Effect4.Program.Agreement.boundB.eq_cata : ∀ (k : Nat) (a : NativeEff),
  Agreement.boundB k a = (cata_eff (Agreement.boundB.alg k) a).snd
info: src/Effect4/Laws/Program/Folds/Denote.lean:28:0: fold_of (paramorphism: the carrier pairs the value): Effect4.Program.Agreement.boundB.alg : Nat →
  EffAlgebra NativeOp fun fam =>
    EffFam.rec (Eff NativeOp × Nat) (Stmt NativeOp × Unit) (Stmts NativeOp × Unit) (Effs NativeOp × Unit)
      (ActionTerm NativeOp × Unit) (LayerTerm NativeOp × Unit) (LayerTerms NativeOp × Unit) fam
info: src/Effect4/Laws/Program/Simulation/Hooks.lean:729:0: Effect4.Program.Sched.M1Hooks: 0 open, 4 proved, 4 total; ceiling 0
info: src/Effect4/Laws/Program/Simulation/Fibers.lean:538:0: Effect4.Program.Sched.M1OriginFibers: 0 open, 6 proved, 6 total; ceiling 0
info: src/Effect4/Laws/Program/Simulation/Deliver.lean:653:0: Effect4.Program.Sched.M1Deliver: 0 open, 1 proved, 1 total; ceiling 0
info: src/Effect4/Laws/Program/Simulation/Actions.lean:833:0: Effect4.Program.Sched.M1Actions: 0 open, 1 proved, 1 total; ceiling 0
info: src/Effect4/Laws/Program/Simulation/Actions.lean:834:0: Effect4.Program.Sched.M1Origin: 0 open, 10 proved, 10 total; ceiling 0
info: src/Effect4/Laws/Program/Simulation/Evaluate.lean:1037:0: Effect4.Program.Sched.M1Evaluate: 0 open, 2 proved, 2 total; ceiling 0
info: src/Effect4/Laws/Program/Simulation/Pending.lean:295:0: Effect4.Program.Sched.M1PendingOrigin: 0 open, 4 proved, 4 total; ceiling 0
info: src/Effect4/Laws/Program/Simulation/Drive.lean:1146:0: Effect4.Program.Sched.M1Clock: 0 open, 5 proved, 5 total; ceiling 0
info: src/Effect4/Laws/Program/Simulation/Drive.lean:1147:0: Effect4.Program.Sched.M1Drive: 0 open, 7 proved, 7 total; ceiling 0
info: src/Effect4/Laws/Program/Typed/Validity.lean:240:0: Effect4.Program.Typed.M2Validity: 0 open, 15 proved, 15 total; ceiling 0
info: src/Effect4/Laws/Program/Typed/Membership.lean:288:0: fold_of: Effect4.Program.Typed.Fits.eq_cata : ∀ (w : World) (v : Val) (a : Ty),
  Fits w v a = (cata_ty (Fits.alg w) a).snd v
info: src/Effect4/Laws/Program/Typed/Membership.lean:288:0: fold_of (paramorphism: the carrier pairs the value): Effect4.Program.Typed.Fits.alg : World →
  TyAlgebra fun fam => TyFam.rec (Ty × (Val → Prop)) fam
info: src/Effect4/Laws/Program/Typed/Residual.lean:889:0: Effect4.Program.Typed.M3aAdmissionObligations: 0 open, 2 proved, 2 total; ceiling 0
info: src/Effect4/Laws/Program/Typed/Residual.lean:891:0: Effect4.Program.Typed.M3aResidualObligations: 0 open, 4 proved, 4 total; ceiling 0
info: src/Effect4/Laws/Program/Typed/Adequacy.lean:1658:0: Effect4.Program.Typed.M3bAdequacy.ambientScope_answers: 4/4 binders; law Effect4.Program.Typed.ambientScope_answers; exact true; adapter false
info: src/Effect4/Laws/Program/Typed/Adequacy.lean:1658:0: Effect4.Program.Typed.M3bAdequacy.answerFrame_typed: 8/8 binders; law Effect4.Program.Typed.answerFrame_typed; exact true; adapter false
info: src/Effect4/Laws/Program/Typed/Adequacy.lean:1658:0: Effect4.Program.Typed.M3bAdequacy.async_frame: 7/7 binders; law Effect4.Program.Typed.async_frame; exact true; adapter false
info: src/Effect4/Laws/Program/Typed/Adequacy.lean:1658:0: Effect4.Program.Typed.M3bAdequacy.awaitAllFailFast_delivered: 6/6 binders; law Effect4.Program.Typed.awaitAllFailFast_delivered; exact true; adapter false
info: src/Effect4/Laws/Program/Typed/Adequacy.lean:1658:0: Effect4.Program.Typed.M3bAdequacy.awaitAllFailFast_frame: 6/6 binders; law Effect4.Program.Typed.awaitAllFailFast_frame; exact true; adapter false
info: src/Effect4/Laws/Program/Typed/Adequacy.lean:1658:0: Effect4.Program.Typed.M3bAdequacy.awaitAll_delivered: 6/6 binders; law Effect4.Program.Typed.awaitAll_delivered; exact true; adapter false
info: src/Effect4/Laws/Program/Typed/Adequacy.lean:1658:0: Effect4.Program.Typed.M3bAdequacy.awaitAll_frame: 6/6 binders; law Effect4.Program.Typed.awaitAll_frame; exact true; adapter false
info: src/Effect4/Laws/Program/Typed/Adequacy.lean:1658:0: Effect4.Program.Typed.M3bAdequacy.awaitNewChildren_frame: 6/6 binders; law Effect4.Program.Typed.awaitNewChildren_frame; exact true; adapter false
info: src/Effect4/Laws/Program/Typed/Adequacy.lean:1658:0: Effect4.Program.Typed.M3bAdequacy.awaitValue_delivered: 7/7 binders; law Effect4.Program.Typed.awaitValue_delivered; exact true; adapter false
info: src/Effect4/Laws/Program/Typed/Adequacy.lean:1658:0: Effect4.Program.Typed.M3bAdequacy.awaitValue_frame: 8/8 binders; law Effect4.Program.Typed.awaitValue_frame; exact true; adapter false
info: src/Effect4/Laws/Program/Typed/Adequacy.lean:1658:0: Effect4.Program.Typed.M3bAdequacy.cancelRace_frame: 6/6 binders; law Effect4.Program.Typed.cancelRace_frame; exact true; adapter false
info: src/Effect4/Laws/Program/Typed/Adequacy.lean:1658:0: Effect4.Program.Typed.M3bAdequacy.clockNow_implements: 1/1 binders; law Effect4.Program.Typed.clockNow_implements; exact true; adapter false
info: src/Effect4/Laws/Program/Typed/Adequacy.lean:1658:0: Effect4.Program.Typed.M3bAdequacy.closeIter_frame: 8/8 binders; law Effect4.Program.Typed.closeIter_frame; exact true; adapter false
info: src/Effect4/Laws/Program/Typed/Adequacy.lean:1658:0: Effect4.Program.Typed.M3bAdequacy.closeScope_frame: 7/7 binders; law Effect4.Program.Typed.closeScope_frame; exact true; adapter false
info: src/Effect4/Laws/Program/Typed/Adequacy.lean:1658:0: Effect4.Program.Typed.M3bAdequacy.closeScope_installs: 10/10 binders; law Effect4.Program.Typed.closeScope_installs; exact true; adapter false
info: src/Effect4/Laws/Program/Typed/Adequacy.lean:1658:0: Effect4.Program.Typed.M3bAdequacy.closeWalk_answers: 4/4 binders; law Effect4.Program.Typed.closeWalk_answers; exact true; adapter false
info: src/Effect4/Laws/Program/Typed/Adequacy.lean:1658:0: Effect4.Program.Typed.M3bAdequacy.closeWalk_typed: 5/5 binders; law Effect4.Program.Typed.closeWalk_typed; exact true; adapter false
info: src/Effect4/Laws/Program/Typed/Adequacy.lean:1658:0: Effect4.Program.Typed.M3bAdequacy.deferredAwaitCleanup_implements: 4/4 binders; law Effect4.Program.Typed.deferredAwaitCleanup_implements; exact true; adapter false
info: src/Effect4/Laws/Program/Typed/Adequacy.lean:1658:0: Effect4.Program.Typed.M3bAdequacy.deferredCompleteWith_implements: 3/3 binders; law Effect4.Program.Typed.deferredCompleteWith_implements; exact true; adapter false
info: src/Effect4/Laws/Program/Typed/Adequacy.lean:1658:0: Effect4.Program.Typed.M3bAdequacy.deferredInterruptWith_implements: 3/3 binders; law Effect4.Program.Typed.deferredInterruptWith_implements; exact true; adapter false
info: src/Effect4/Laws/Program/Typed/Adequacy.lean:1658:0: Effect4.Program.Typed.M3bAdequacy.deferredIsDone_implements: 2/2 binders; law Effect4.Program.Typed.deferredIsDone_implements; exact true; adapter false
info: src/Effect4/Laws/Program/Typed/Adequacy.lean:1658:0: Effect4.Program.Typed.M3bAdequacy.deferredMake_implements: 1/1 binders; law Effect4.Program.Typed.deferredMake_implements; exact true; adapter false
info: src/Effect4/Laws/Program/Typed/Adequacy.lean:1658:0: Effect4.Program.Typed.M3bAdequacy.deferredPoll_implements: 2/2 binders; law Effect4.Program.Typed.deferredPoll_implements; exact true; adapter false
info: src/Effect4/Laws/Program/Typed/Adequacy.lean:1658:0: Effect4.Program.Typed.M3bAdequacy.dropObservers_answers: 3/3 binders; law Effect4.Program.Typed.dropObservers_answers; exact true; adapter false
info: src/Effect4/Laws/Program/Typed/Adequacy.lean:1658:0: Effect4.Program.Typed.M3bAdequacy.foreignRelease_answers: 3/3 binders; law Effect4.Program.Typed.foreignRelease_answers; exact true; adapter false
info: src/Effect4/Laws/Program/Typed/Adequacy.lean:1658:0: Effect4.Program.Typed.M3bAdequacy.forkIn_answers: 9/9 binders; law Effect4.Program.Typed.forkIn_answers; exact true; adapter false
info: src/Effect4/Laws/Program/Typed/Adequacy.lean:1658:0: Effect4.Program.Typed.M3bAdequacy.forkScoped_answers: 8/8 binders; law Effect4.Program.Typed.forkScoped_answers; exact true; adapter false
info: src/Effect4/Laws/Program/Typed/Adequacy.lean:1658:0: Effect4.Program.Typed.M3bAdequacy.fork_answers: 8/8 binders; law Effect4.Program.Typed.fork_answers; exact true; adapter false
info: src/Effect4/Laws/Program/Typed/Adequacy.lean:1658:0: Effect4.Program.Typed.M3bAdequacy.gen_frame: 6/6 binders; law Effect4.Program.Typed.gen_frame; exact true; adapter false
info: src/Effect4/Laws/Program/Typed/Adequacy.lean:1658:0: Effect4.Program.Typed.M3bAdequacy.getContext_answers: 5/5 binders; law Effect4.Program.Typed.getContext_answers; exact true; adapter false
info: src/Effect4/Laws/Program/Typed/Adequacy.lean:1658:0: Effect4.Program.Typed.M3bAdequacy.getId_answers: 3/3 binders; law Effect4.Program.Typed.getId_answers; exact true; adapter false
info: src/Effect4/Laws/Program/Typed/Adequacy.lean:1658:0: Effect4.Program.Typed.M3bAdequacy.interruptAll_frame: 7/7 binders; law Effect4.Program.Typed.interruptAll_frame; exact true; adapter false
info: src/Effect4/Laws/Program/Typed/Adequacy.lean:1658:0: Effect4.Program.Typed.M3bAdequacy.interruptAs_frame: 7/7 binders; law Effect4.Program.Typed.interruptAs_frame; exact true; adapter false
info: src/Effect4/Laws/Program/Typed/Adequacy.lean:1658:0: Effect4.Program.Typed.M3bAdequacy.interruptScoped_frame: 6/6 binders; law Effect4.Program.Typed.interruptScoped_frame; exact true; adapter false
info: src/Effect4/Laws/Program/Typed/Adequacy.lean:1658:0: Effect4.Program.Typed.M3bAdequacy.interrupt_frame: 6/6 binders; law Effect4.Program.Typed.interrupt_frame; exact true; adapter false
info: src/Effect4/Laws/Program/Typed/Adequacy.lean:1658:0: Effect4.Program.Typed.M3bAdequacy.joinEffect_delivered: 7/7 binders; law Effect4.Program.Typed.joinEffect_delivered; exact true; adapter false
info: src/Effect4/Laws/Program/Typed/Adequacy.lean:1658:0: Effect4.Program.Typed.M3bAdequacy.joinEffect_frame: 8/8 binders; law Effect4.Program.Typed.joinEffect_frame; exact true; adapter false
info: src/Effect4/Laws/Program/Typed/Adequacy.lean:1658:0: Effect4.Program.Typed.M3bAdequacy.loop_frame: 7/7 binders; law Effect4.Program.Typed.loop_frame; exact true; adapter false
info: src/Effect4/Laws/Program/Typed/Adequacy.lean:1658:0: Effect4.Program.Typed.M3bAdequacy.mask_frame: 7/7 binders; law Effect4.Program.Typed.mask_frame; exact true; adapter false
info: src/Effect4/Laws/Program/Typed/Adequacy.lean:1658:0: Effect4.Program.Typed.M3bAdequacy.memoBuild_implements: 3/3 binders; law Effect4.Program.Typed.memoBuild_implements; exact true; adapter false
info: src/Effect4/Laws/Program/Typed/Adequacy.lean:1658:0: Effect4.Program.Typed.M3bAdequacy.memoFork_implements: 2/2 binders; law Effect4.Program.Typed.memoFork_implements; exact true; adapter false
info: src/Effect4/Laws/Program/Typed/Adequacy.lean:1658:0: Effect4.Program.Typed.M3bAdequacy.memoRelease_implements: 3/3 binders; law Effect4.Program.Typed.memoRelease_implements; exact true; adapter false
info: src/Effect4/Laws/Program/Typed/Adequacy.lean:1658:0: Effect4.Program.Typed.M3bAdequacy.raceAll_frame: 7/7 binders; law Effect4.Program.Typed.raceAll_frame; exact true; adapter false
info: src/Effect4/Laws/Program/Typed/Adequacy.lean:1658:0: Effect4.Program.Typed.M3bAdequacy.raceRegister_frame: 6/6 binders; law Effect4.Program.Typed.raceRegister_frame; exact true; adapter false
info: src/Effect4/Laws/Program/Typed/Adequacy.lean:1658:0: Effect4.Program.Typed.M3bAdequacy.refGetAndSet_implements: 3/3 binders; law Effect4.Program.Typed.refGetAndSet_implements; exact true; adapter false
info: src/Effect4/Laws/Program/Typed/Adequacy.lean:1658:0: Effect4.Program.Typed.M3bAdequacy.refGetAndUpdateSome_implements: 3/3 binders; law Effect4.Program.Typed.refGetAndUpdateSome_implements; exact true; adapter false
info: src/Effect4/Laws/Program/Typed/Adequacy.lean:1658:0: Effect4.Program.Typed.M3bAdequacy.refGetAndUpdate_implements: 3/3 binders; law Effect4.Program.Typed.refGetAndUpdate_implements; exact true; adapter false
info: src/Effect4/Laws/Program/Typed/Adequacy.lean:1658:0: Effect4.Program.Typed.M3bAdequacy.refGet_implements: 2/2 binders; law Effect4.Program.Typed.refGet_implements; exact true; adapter false
info: src/Effect4/Laws/Program/Typed/Adequacy.lean:1658:0: Effect4.Program.Typed.M3bAdequacy.refMake_implements: 2/2 binders; law Effect4.Program.Typed.refMake_implements; exact true; adapter false
info: src/Effect4/Laws/Program/Typed/Adequacy.lean:1658:0: Effect4.Program.Typed.M3bAdequacy.refModifySome_implements: 3/3 binders; law Effect4.Program.Typed.refModifySome_implements; exact true; adapter false
info: src/Effect4/Laws/Program/Typed/Adequacy.lean:1658:0: Effect4.Program.Typed.M3bAdequacy.refModify_implements: 3/3 binders; law Effect4.Program.Typed.refModify_implements; exact true; adapter false
info: src/Effect4/Laws/Program/Typed/Adequacy.lean:1658:0: Effect4.Program.Typed.M3bAdequacy.refSetAndGet_implements: 3/3 binders; law Effect4.Program.Typed.refSetAndGet_implements; exact true; adapter false
info: src/Effect4/Laws/Program/Typed/Adequacy.lean:1658:0: Effect4.Program.Typed.M3bAdequacy.refSet_implements: 3/3 binders; law Effect4.Program.Typed.refSet_implements; exact true; adapter false
info: src/Effect4/Laws/Program/Typed/Adequacy.lean:1658:0: Effect4.Program.Typed.M3bAdequacy.refUpdateAndGet_implements: 3/3 binders; law Effect4.Program.Typed.refUpdateAndGet_implements; exact true; adapter false
info: src/Effect4/Laws/Program/Typed/Adequacy.lean:1658:0: Effect4.Program.Typed.M3bAdequacy.refUpdateSomeAndGet_implements: 3/3 binders; law Effect4.Program.Typed.refUpdateSomeAndGet_implements; exact true; adapter false
info: src/Effect4/Laws/Program/Typed/Adequacy.lean:1658:0: Effect4.Program.Typed.M3bAdequacy.refUpdateSome_implements: 3/3 binders; law Effect4.Program.Typed.refUpdateSome_implements; exact true; adapter false
info: src/Effect4/Laws/Program/Typed/Adequacy.lean:1658:0: Effect4.Program.Typed.M3bAdequacy.refUpdate_implements: 3/3 binders; law Effect4.Program.Typed.refUpdate_implements; exact true; adapter false
info: src/Effect4/Laws/Program/Typed/Adequacy.lean:1658:0: Effect4.Program.Typed.M3bAdequacy.runIn_answers: 4/4 binders; law Effect4.Program.Typed.runIn_answers; exact true; adapter false
info: src/Effect4/Laws/Program/Typed/Adequacy.lean:1658:0: Effect4.Program.Typed.M3bAdequacy.scopeAdd_implements: 3/3 binders; law Effect4.Program.Typed.scopeAdd_implements; exact true; adapter false
info: src/Effect4/Laws/Program/Typed/Adequacy.lean:1658:0: Effect4.Program.Typed.M3bAdequacy.scopeFork_implements: 3/3 binders; law Effect4.Program.Typed.scopeFork_implements; exact true; adapter false
info: src/Effect4/Laws/Program/Typed/Adequacy.lean:1658:0: Effect4.Program.Typed.M3bAdequacy.scopeIsClosed_implements: 2/2 binders; law Effect4.Program.Typed.scopeIsClosed_implements; exact true; adapter false
info: src/Effect4/Laws/Program/Typed/Adequacy.lean:1658:0: Effect4.Program.Typed.M3bAdequacy.scopeMake_implements: 2/2 binders; law Effect4.Program.Typed.scopeMake_implements; exact true; adapter false
info: src/Effect4/Laws/Program/Typed/Adequacy.lean:1658:0: Effect4.Program.Typed.M3bAdequacy.scopeRemove_implements: 3/3 binders; law Effect4.Program.Typed.scopeRemove_implements; exact true; adapter false
info: src/Effect4/Laws/Program/Typed/Adequacy.lean:1658:0: Effect4.Program.Typed.M3bAdequacy.scoped_frame: 6/6 binders; law Effect4.Program.Typed.scoped_frame; exact true; adapter false
info: src/Effect4/Laws/Program/Typed/Adequacy.lean:1658:0: Effect4.Program.Typed.M3bAdequacy.seqFrame_typed: 9/9 binders; law Effect4.Program.Typed.seqFrame_typed; exact true; adapter false
info: src/Effect4/Laws/Program/Typed/Adequacy.lean:1658:0: Effect4.Program.Typed.M3bAdequacy.setContext_answers: 3/3 binders; law Effect4.Program.Typed.setContext_answers; exact true; adapter false
info: src/Effect4/Laws/Program/Typed/Adequacy.lean:1658:0: Effect4.Program.Typed.M3bAdequacy.sleepCancel_implements: 3/3 binders; law Effect4.Program.Typed.sleepCancel_implements; exact true; adapter false
info: src/Effect4/Laws/Program/Typed/Adequacy.lean:1658:0: Effect4.Program.Typed.M3bAdequacy.snapshotChildren_answers: 4/4 binders; law Effect4.Program.Typed.snapshotChildren_answers; exact true; adapter false
info: src/Effect4/Laws/Program/Typed/Adequacy.lean:1658:0: Effect4.Program.Typed.M3bAdequacy.storeStep_typed: 8/8 binders; law Effect4.Program.Typed.storeStep_typed; exact true; adapter false
info: src/Effect4/Laws/Program/Typed/Adequacy.lean:1658:0: Effect4.Program.Typed.M3bAdequacy.sync_answers: 2/2 binders; law Effect4.Program.Typed.sync_answers; exact true; adapter false
info: src/Effect4/Laws/Program/Typed/Adequacy.lean:1658:0: Effect4.Program.Typed.M3bAdequacy.yieldNow_frame: 6/6 binders; law Effect4.Program.Typed.yieldNow_frame; exact true; adapter false
info: src/Effect4/Laws/Program/Typed/Adequacy.lean:1658:0: Effect4.Program.Typed.M3bAdequacy: 71 paired, 3 without a namesake, 0 mismatches
info: src/Effect4/Laws/Program/Typed/Adequacy.lean:1659:0: Effect4.Program.Typed.M3bAdequacy: 2 open, 72 proved, 74 total; ceiling 2
info: src/Effect4/Laws/Program/Typed/Stack.lean:479:0: Effect4.Program.Typed.M4Stack: 0 open, 4 proved, 4 total; ceiling 0
info: src/Effect4/Laws/Program/Typed/Stack.lean:481:0: Effect4.Program.Typed.M5Hooks: 0 open, 1 proved, 1 total; ceiling 0
info: src/Effect4/Laws/Program/Typed/Assembly.lean:1657:0: Effect4.Program.Typed.M3bAssembly: 3 open, 1 proved, 4 total; ceiling 3
info: src/Effect4/Laws/Program/Typed/Assembly.lean:1679:0: Effect4.Program.Typed.M6Ledger: 20 open, 0 proved, 20 total; ceiling 20
info: src/Effect4/Laws/Program/Typed/Assembly.lean:1685:0: Effect4.Program.Typed.M7: 4 open, 0 proved, 4 total; ceiling 4
info: src/Effect4/Laws/Program/Typed/Assembly.lean:1700:0: Effect4.Program.Typed.M6Edits: 6 open, 7 proved, 13 total; ceiling 6
info: src/Effect4/Laws/Program/Typed/Assembly.lean:1704:0: Effect4.Program.Typed.M3bWorld.preds_savedOk_mono: 8/8 binders; law Effect4.Program.Typed.preds_savedOk_mono; exact true; adapter false
info: src/Effect4/Laws/Program/Typed/Assembly.lean:1704:0: Effect4.Program.Typed.M3bWorld.savedOk_mono: 7/7 binders; law Effect4.Program.Typed.savedOk_mono; exact true; adapter false
info: src/Effect4/Laws/Program/Typed/Assembly.lean:1704:0: Effect4.Program.Typed.M3bWorld.strongExit_mono: 6/6 binders; law Effect4.Program.Typed.strongExit_mono; exact true; adapter false
info: src/Effect4/Laws/Program/Typed/Assembly.lean:1704:0: Effect4.Program.Typed.M3bWorld.strongValue_mono: 6/6 binders; law Effect4.Program.Typed.strongValue_mono; exact true; adapter false
info: src/Effect4/Laws/Program/Typed/Assembly.lean:1704:0: Effect4.Program.Typed.M3bWorld.typedProg_mono: 7/7 binders; law Effect4.Program.Typed.typedProg_mono; exact true; adapter false
info: src/Effect4/Laws/Program/Typed/Assembly.lean:1704:0: Effect4.Program.Typed.M3bWorld: 5 paired, 1 without a namesake, 0 mismatches
info: src/Effect4/Laws/Program/Typed/Assembly.lean:1705:0: Effect4.Program.Typed.M3bWorld: 0 open, 6 proved, 6 total; ceiling 0
info: src/Effect4/Laws.lean:152:0: Effect4.Machine.M1.DeferredWanted: 0 open, 31 proved, 31 total; ceiling 0
info: src/Effect4/Laws.lean:154:0: Effect4.Machine.M1Clock: 0 open, 6 proved, 6 total; ceiling 0
info: Test/Data/RowContract.lean:152:0: instLENat
info: Test/Data/RowContract.lean:153:0: instLTNat
info: Test/Data/RowContract.lean:154:0: Nat.decLt
info: Test/Data/RowContract.lean:155:0: Nat.instIsLinearOrder
info: Test/Data/RowContract.lean:156:0: Lean.Grind.instLawfulOrderLTNat
info: Test/Audit/AnswerGate.lean:11:0: answer_gate manifest: 31 SyncOp rows, 40 FiberOp rows (71 total)
--- SyncOp (31 rows) ---
  Effect4.Machine.SyncOp.refMake
  Effect4.Machine.SyncOp.refGet
  Effect4.Machine.SyncOp.refSet
  Effect4.Machine.SyncOp.refGetAndSet
  Effect4.Machine.SyncOp.refSetAndGet
  Effect4.Machine.SyncOp.refUpdate
  Effect4.Machine.SyncOp.refGetAndUpdate
  Effect4.Machine.SyncOp.refUpdateAndGet
  Effect4.Machine.SyncOp.refUpdateSome
  Effect4.Machine.SyncOp.refGetAndUpdateSome
  Effect4.Machine.SyncOp.refUpdateSomeAndGet
  Effect4.Machine.SyncOp.refModify
  Effect4.Machine.SyncOp.refModifySome
  Effect4.Machine.SyncOp.deferredMake
  Effect4.Machine.SyncOp.deferredIsDone
  Effect4.Machine.SyncOp.deferredPoll
  Effect4.Machine.SyncOp.deferredCompleteWith
  Effect4.Machine.SyncOp.deferredInterruptWith
  Effect4.Machine.SyncOp.deferredAwaitCleanup
  Effect4.Machine.SyncOp.clockNow
  Effect4.Machine.SyncOp.sleepCancel
  Effect4.Machine.SyncOp.scopeMake
  Effect4.Machine.SyncOp.scopeAdd
  Effect4.Machine.SyncOp.scopeRemove
  Effect4.Machine.SyncOp.scopeIsClosed
  Effect4.Machine.SyncOp.scopeFork
  Effect4.Machine.SyncOp.memoFork
  Effect4.Machine.SyncOp.memoGet
  Effect4.Machine.SyncOp.memoBuild
  Effect4.Machine.SyncOp.memoComplete
  Effect4.Machine.SyncOp.memoRelease
--- FiberOp (40 rows) ---
  Effect4.Program.Sched.FiberOp.fork
  Effect4.Program.Sched.FiberOp.forkIn
  Effect4.Program.Sched.FiberOp.forkScoped
  Effect4.Program.Sched.FiberOp.await
  Effect4.Program.Sched.FiberOp.awaitAll
  Effect4.Program.Sched.FiberOp.awaitAllFailFast
  Effect4.Program.Sched.FiberOp.yieldNow
  Effect4.Program.Sched.FiberOp.async
  Effect4.Program.Sched.FiberOp.interrupt
  Effect4.Program.Sched.FiberOp.interruptAs
  Effect4.Program.Sched.FiberOp.interruptScoped
  Effect4.Program.Sched.FiberOp.interruptAll
  Effect4.Program.Sched.FiberOp.mask
  Effect4.Program.Sched.FiberOp.closeScope
  Effect4.Program.Sched.FiberOp.scoped
  Effect4.Program.Sched.FiberOp.scopeExit
  Effect4.Program.Sched.FiberOp.foreignRelease
  Effect4.Program.Sched.FiberOp.raceAll
  Effect4.Program.Sched.FiberOp.raceRegister
  Effect4.Program.Sched.FiberOp.cancelRace
  Effect4.Program.Sched.FiberOp.getId
  Effect4.Program.Sched.FiberOp.getContext
  Effect4.Program.Sched.FiberOp.setContext
  Effect4.Program.Sched.FiberOp.snapshotChildren
  Effect4.Program.Sched.FiberOp.awaitNewChildren
  Effect4.Program.Sched.FiberOp.runIn
  Effect4.Program.Sched.FiberOp.dropObservers
  Effect4.Program.Sched.FiberOp.refuse
  Effect4.Program.Sched.FiberOp.ambientScope
  Effect4.Program.Sched.FiberOp.closeWalk
  Effect4.Program.Sched.FiberOp.closeIter
  Effect4.Program.Sched.FiberOp.frontier
  Effect4.Program.Sched.FiberOp.guard_
  Effect4.Program.Sched.FiberOp.unguard
  Effect4.Program.Sched.FiberOp.finishFinalizer
  Effect4.Program.Sched.FiberOp.suspend
  Effect4.Program.Sched.FiberOp.sync
  Effect4.Program.Sched.FiberOp.gen
  Effect4.Program.Sched.FiberOp.loop
  Effect4.Program.Sched.FiberOp.construction
info: Test/Api/HostSessionContract.lean:133:0: @preflight_envelope : ∀ {program : Api.Program} {table : RowTable} (s : Session program table) (reply : Reply)
  (decision : NativeDecision),
  preflight s reply = Except.ok decision →
    ∃ bound,
      List.find? (fun b => b.key == reply.key) s.active = some bound ∧
        reply.callId = bound.call.callId ∧
          Envelope table s.machine (bound.record reply) ∧
            decision = RunDecision.answerAsync bound.call.fiber bound.token reply.completion
info: Test/Api/HostSessionContract.lean:134:0: @applyPending_zero : ∀ {program : Api.Program} {table : RowTable} (s : Session program table),
  applyPending s 0 = { phase := Phase.frontier, session := s }
info: Test/Api/HostSessionContract.lean:135:0: @applied_guard_absent : ∀ {program : Api.Program} {table : RowTable} (s : Session program table) (fuel : Nat)
  (bound : BoundCall),
  List.find? (fun b => b.key == bound.key) s.active = some bound →
    (applyReply s bound.key fuel).phase = Phase.applied →
      Api.requestOf (applyReply s bound.key fuel).session.machine bound.call.fiber bound.token = none
info: Test/Api/HostSessionContract.lean:136:0: @applied_reply_refused : ∀ {program : Api.Program} {table : RowTable} (s : Session program table) (fuel : Nat)
  (bound : BoundCall) (reply : Reply),
  List.find? (fun b => b.key == bound.key) s.active = some bound →
    (applyReply s bound.key fuel).phase = Phase.applied →
      acceptReply table (applyReply s bound.key fuel).session.machine (bound.record reply) = none
info: Test/Api/HostSessionContract.lean:137:0: @advance_answer_refuses : ∀ {program : Api.Program} {table : RowTable} (s : Session program table) (fuel : Nat)
  (fiber : FiberId) (token : Nat) (reply : Answer),
  advance s fuel (RunDecision.answerAsync fiber token reply) =
    { phase := Phase.refused Refusal.directAnswer, session := s }
info: Test/Api/TraceOrigin.lean:924:0: Effect4.Api.TraceFacts.M1Trace: 0 open, 3 proved, 3 total; ceiling 0
info: Test/Api/TraceOrigin.lean:931:0: Effect4.Api.M1Trace: 0 open, 15 proved, 15 total; ceiling 0
info: Test/Api/KeyedHostContract.lean:101:0: @reply_commute : ∀ {program : Api.Program} {table : RowTable} (s : Session program table) (a b : Reply),
  a.key ≠ b.key →
    (submit s a).phase = Phase.preflight →
      (submit s b).phase = Phase.preflight →
        (submit (submit s a).session b).session = (submit (submit s b).session a).session
info: Test/Run/RunContract.lean:177:0: Run.receive_rows : ∀ (s : Run) (key : Key) (c : Api.HostSession.Answer) (call : Api.HostSession.Call),
  Api.HostSession.Call.at s key = some call →
    Rows.receive s key c = [Api.Runner.Command.bind call key.token, Api.Runner.Command.submit (Rows.reply s call key c)]
info: Test/Run/RunContract.lean:178:0: Run.answer_rows : ∀ (s : Run) (key : Key) (c : Api.HostSession.Answer) (call : Api.HostSession.Call),
  Api.HostSession.Call.at s key = some call →
    Rows.answer s key c = Rows.receive s key c ++ [Api.Runner.Command.apply key]
info: Test/Run/RunContract.lean:179:0: Run.acceptReply_after_applied : ∀ (s : Run) (key : Key) (bound : Api.HostSession.BoundCall)
  (reply : Api.HostSession.Reply),
  List.find? (fun b => b.key == key) s.session.active = some bound →
    bound.key = key →
      (Api.HostSession.applyReply s.session key s.budget.fuel).phase = Api.HostSession.Phase.applied →
        acceptReply s.built.table (s.step (Api.Runner.Command.apply key)).machine (bound.record reply) = none
info: Test/Audit/RuntimeCoverage.lean:1226:0: Effect v4 runtime coverage: 137 census rows; 2 excluded by disposition; denominator 135; owned-with-green 8/135; green 132, partial 2, absent 0, diverged 1
info: Test/Audit/RuntimeCoverage.lean:1226:0: partial rows: [op.Failure, layer.launch-holds-scope]
info: Test/Audit/RuntimeCoverage.lean:1226:0: absent rows: []
info: Test/Audit/RuntimeCoverage.lean:1227:0: Effect v4 runtime coverage: 137 census rows; 2 excluded by disposition; denominator 135; owned-with-green 8/135; green 132, partial 2, absent 0, diverged 1
info: Test/Audit/RuntimeCoverage.lean:1227:0: partial rows: [op.Failure, layer.launch-holds-scope]
info: Test/Audit/RuntimeCoverage.lean:1227:0: absent rows: []
info: Test/Audit/RuntimeCoverage.lean:1227:0: E4RTCOV	row	op.Success	op	separateCalculus	green	5
E4RTCOV	row	op.Failure	op	separateCalculus	partial	4
E4RTCOV	row	op.WithFiber	op	foreignBoundary	green	2
E4RTCOV	row	op.YieldableError	op	foreignBoundary	green	2
E4RTCOV	row	op.Sync	op	separateCalculus	green	8
E4RTCOV	row	op.Suspend	op	separateCalculus	green	1
E4RTCOV	row	op.Yield	op	separateCalculus	green	1
E4RTCOV	row	op.Async	op	separateCalculus	green	3
E4RTCOV	row	op.AsyncFinalizer	op	separateCalculus	green	6
E4RTCOV	row	op.Iterator	op	separateCalculus	green	6
E4RTCOV	row	op.OnSuccess	op	separateCalculus	green	7
E4RTCOV	row	op.OnFailure	op	separateCalculus	green	3
E4RTCOV	row	op.OnSuccessAndFailure	op	separateCalculus	green	4
E4RTCOV	row	op.Exit	op	separateCalculus	green	5
E4RTCOV	row	op.OnExit	op	separateCalculus	green	12
E4RTCOV	row	op.SetInterruptible	op	separateCalculus	green	9
E4RTCOV	row	op.While	op	separateCalculus	green	4
E4RTCOV	row	frame-arm.OnSuccess	frame-arm	separateCalculus	green	8
E4RTCOV	row	frame-arm.OnFailure	frame-arm	separateCalculus	green	3
E4RTCOV	row	frame-arm.OnSuccessAndFailure	frame-arm	separateCalculus	green	2
E4RTCOV	row	frame-arm.Exit	frame-arm	separateCalculus	green	2
E4RTCOV	row	frame-arm.OnExit	frame-arm	owned	green	7
E4RTCOV	row	frame-arm.SetInterruptible	frame-arm	owned	green	7
E4RTCOV	row	frame-arm.AsyncFinalizer	frame-arm	separateCalculus	green	2
E4RTCOV	row	frame-arm.While	frame-arm	separateCalculus	green	3
E4RTCOV	row	frame-arm.Iterator	frame-arm	separateCalculus	green	3
E4RTCOV	row	checkpoint.runloop-top	checkpoint	separateCalculus	green	4
E4RTCOV	row	checkpoint.getcont-deferred	checkpoint	separateCalculus	green	8
E4RTCOV	row	checkpoint.post-yield-cancel	checkpoint	separateCalculus	green	5
E4RTCOV	row	checkpoint.exit-failcause-skip	checkpoint	divergence	diverged	5
E4RTCOV	row	checkpoint.set-fiber-interruptible	checkpoint	owned	green	6
E4RTCOV	row	checkpoint.set-interruptible-contall	checkpoint	separateCalculus	green	4
E4RTCOV	row	interrupt.unsafe-entry	interrupt	owned	green	5
E4RTCOV	row	interrupt.accumulate	interrupt	separateCalculus	green	6
E4RTCOV	row	fork.unsafe	fork	separateCalculus	green	6
E4RTCOV	row	fork.child	fork	separateCalculus	green	15
E4RTCOV	row	fork.detach	fork	separateCalculus	green	8
E4RTCOV	row	fork.in	fork	separateCalculus	green	11
E4RTCOV	row	fork.scoped	fork	separateCalculus	green	4
E4RTCOV	row	fork.race-all	fork	separateCalculus	green	33
E4RTCOV	row	fork.await-all-children	fork	separateCalculus	green	13
E4RTCOV	row	fork.fiber-run-in	fork	separateCalculus	green	7
E4RTCOV	row	fork.join	fork	owned	green	5
E4RTCOV	row	fork.await	fork	separateCalculus	green	5
E4RTCOV	row	fork.interrupt	fork	separateCalculus	green	14
E4RTCOV	row	fork.interrupt-all	fork	separateCalculus	green	11
E4RTCOV	row	scope.states	scope	separateCalculus	green	19
E4RTCOV	row	scope.make	scope	separateCalculus	green	7
E4RTCOV	row	scope.add-finalizer	scope	separateCalculus	green	13
E4RTCOV	row	scope.add-after-closed	scope	owned	green	6
E4RTCOV	row	scope.remove-finalizer	scope	separateCalculus	green	10
E4RTCOV	row	scope.close-state-first	scope	separateCalculus	green	12
E4RTCOV	row	scope.close-lifo	scope	separateCalculus	green	7
E4RTCOV	row	scope.close-sequential	scope	separateCalculus	green	9
E4RTCOV	row	scope.close-parallel	scope	separateCalculus	green	9
E4RTCOV	row	scope.close-merge	scope	separateCalculus	green	11
E4RTCOV	row	scope.exit-as-void-all	scope	separateCalculus	green	4
E4RTCOV	row	scope.fork-linkage	scope	separateCalculus	green	10
E4RTCOV	row	scope.scoped	scope	separateCalculus	green	15
E4RTCOV	row	scope.acquire-release	scope	owned	green	14
E4RTCOV	row	scheduler.should-yield	scheduler	separateCalculus	green	3
E4RTCOV	row	scheduler.priority-buckets	scheduler	separateCalculus	green	3
E4RTCOV	row	scheduler.dispatcher-arming	scheduler	separateCalculus	green	6
E4RTCOV	row	scheduler.run-tasks-drain-once	scheduler	separateCalculus	green	4
E4RTCOV	row	scheduler.flush	scheduler	separateCalculus	green	3
E4RTCOV	row	scheduler.yield-now-resume-guard	scheduler	separateCalculus	green	4
E4RTCOV	row	scheduler.max-ops-default	scheduler	separateCalculus	green	1
E4RTCOV	row	scheduler.prevent-yield-default	scheduler	separateCalculus	green	2
E4RTCOV	row	scheduler.host-loop	scheduler	targetOnly	absent	0
E4RTCOV	row	exit.success-failure	exit	separateCalculus	green	14
E4RTCOV	row	exit.reason-alphabet	exit	separateCalculus	green	5
E4RTCOV	row	cause.flat-reasons	cause	separateCalculus	green	4
E4RTCOV	row	cause.reason-fail	cause	separateCalculus	green	3
E4RTCOV	row	cause.reason-die	cause	separateCalculus	green	3
E4RTCOV	row	cause.reason-interrupt	cause	separateCalculus	green	3
E4RTCOV	row	cause.combine-union	cause	separateCalculus	green	5
E4RTCOV	row	cause.finalizer-merge	cause	separateCalculus	green	4
E4RTCOV	row	cause.squash	cause	separateCalculus	green	5
E4RTCOV	row	cause.union-first-occurrence	cause	separateCalculus	green	4
E4RTCOV	row	cause.dedupe-first-occurrence	cause	separateCalculus	green	4
E4RTCOV	row	cause.annotations	cause	foreignBoundary	green	6
E4RTCOV	row	entry.run-fork-with	entry	separateCalculus	green	1
E4RTCOV	row	entry.abort-signal	entry	separateCalculus	green	1
E4RTCOV	row	entry.run-callback-with	entry	separateCalculus	green	2
E4RTCOV	row	entry.run-promise-exit-with	entry	separateCalculus	green	1
E4RTCOV	row	entry.run-promise-with	entry	separateCalculus	green	1
E4RTCOV	row	entry.run-sync-exit-with	entry	separateCalculus	green	5
E4RTCOV	row	entry.async-fiber-error	entry	separateCalculus	green	2
E4RTCOV	row	entry.with-error-reporting	entry	targetOnly	absent	0
E4RTCOV	row	rule.frames-are-primitives	rule	separateCalculus	green	42
E4RTCOV	row	rule.interrupt-bypasses-handlers	rule	separateCalculus	green	4
E4RTCOV	row	rule.yield-is-overloaded	rule	separateCalculus	green	3
E4RTCOV	row	rule.only-fork-child-tracks	rule	separateCalculus	green	9
E4RTCOV	row	rule.children-interrupted-after-exit	rule	separateCalculus	green	9
E4RTCOV	row	rule.scope-close-lifo-state-first	rule	separateCalculus	green	5
E4RTCOV	row	rule.cause-has-no-structure	rule	separateCalculus	green	4
E4RTCOV	row	rule.start-is-asymmetric	rule	separateCalculus	green	2
E4RTCOV	row	rule.record-and-apply-separate	rule	owned	green	4
E4RTCOV	row	rule.budget-per-runloop-entry	rule	separateCalculus	green	7
E4RTCOV	row	ref.make	ref	separateCalculus	green	2
E4RTCOV	row	ref.get	ref	separateCalculus	green	2
E4RTCOV	row	ref.set-void-returns-cell	ref	separateCalculus	green	2
E4RTCOV	row	ref.cell-set-returns-self	ref	separateCalculus	green	1
E4RTCOV	row	ref.get-and-set	ref	separateCalculus	green	1
E4RTCOV	row	ref.set-and-get-assignment	ref	separateCalculus	green	1
E4RTCOV	row	ref.update	ref	separateCalculus	green	2
E4RTCOV	row	ref.modify	ref	separateCalculus	green	1
E4RTCOV	row	ref.modify-some-no-reread	ref	derivedExpansion	green	2
E4RTCOV	row	ref.update-some-and-get-reread	ref	separateCalculus	green	1
E4RTCOV	row	deferred.make	deferred	separateCalculus	green	1
E4RTCOV	row	deferred.is-done	deferred	separateCalculus	green	1
E4RTCOV	row	deferred.await	deferred	separateCalculus	green	3
E4RTCOV	row	deferred.single-completion	deferred	separateCalculus	green	1
E4RTCOV	row	deferred.completion-order	deferred	separateCalculus	green	2
E4RTCOV	row	deferred.complete-with-stores-effect	deferred	separateCalculus	green	2
E4RTCOV	row	deferred.done-is-complete-with	deferred	derivedExpansion	green	2
E4RTCOV	row	deferred.complete-runs-once	deferred	derivedExpansion	green	1
E4RTCOV	row	deferred.into-uninterruptible	deferred	separateCalculus	green	1
E4RTCOV	row	deferred.interrupt	deferred	derivedExpansion	green	1
E4RTCOV	row	deferred.interrupt-with	deferred	derivedExpansion	green	1
E4RTCOV	row	deferred.poll	deferred	separateCalculus	green	1
E4RTCOV	row	layer.from-build-unsafe	layer	separateCalculus	green	1
E4RTCOV	row	layer.from-build-child-scope	layer	separateCalculus	green	4
E4RTCOV	row	layer.build-with-memo-map-service	layer	separateCalculus	green	5
E4RTCOV	row	layer.memo-build-once	layer	separateCalculus	green	7
E4RTCOV	row	layer.memo-finalizer-last-observer	layer	separateCalculus	green	6
E4RTCOV	row	layer.memo-reuse-observer-count	layer	separateCalculus	green	3
E4RTCOV	row	layer.memo-map-parent-lookup	layer	separateCalculus	green	2
E4RTCOV	row	layer.memo-get-or-else	layer	separateCalculus	green	5
E4RTCOV	row	layer.current-memo-map-fork-or-create	layer	separateCalculus	green	4
E4RTCOV	row	layer.build-uses-ambient-scope	layer	separateCalculus	green	5
E4RTCOV	row	layer.build-with-scope-still-forks-memo	layer	separateCalculus	green	3
E4RTCOV	row	layer.merge-parallel-scopes	layer	separateCalculus	green	14
E4RTCOV	row	layer.provide-dependency-first	layer	separateCalculus	green	9
E4RTCOV	row	layer.fresh-drops-memoization	layer	separateCalculus	green	2
E4RTCOV	row	layer.launch-holds-scope	layer	separateCalculus	partial	2
E4RTCOV	row	layer.provide-effect-scope	layer	separateCalculus	green	10
E4RTCOV	witness	op.Success	Effect4.FrameFiber.getCont_empty_stack
E4RTCOV	witness	op.Success	Effect4.FrameFiber.resumeValue_empty
E4RTCOV	witness	op.Success	Effect4.FrameFiber.resumeValue_frame
E4RTCOV	witness	op.Success	Effect4.FrameFiber.step_success
E4RTCOV	witness	op.Success	Effect4.FrameFiber.step_ofExit_finishes
E4RTCOV	witness	op.Failure	Effect4.FrameFiber.interrupt_skips_every_handler
E4RTCOV	witness	op.Failure	Effect4.FrameFiber.resumeCause_empty
E4RTCOV	witness	op.Failure	Effect4.FrameFiber.resumeCause_frame
E4RTCOV	witness	op.Failure	Effect4.FrameFiber.step_failure
E4RTCOV	witness	op.WithFiber	Effect4.FrameFiber.step_withFiber
E4RTCOV	witness	op.WithFiber	Effect4.Prim.withFiber_refused
E4RTCOV	witness	op.YieldableError	Effect4.FrameFiber.step_yieldableError
E4RTCOV	witness	op.YieldableError	Effect4.Prim.yieldableError_host_class_refused
E4RTCOV	witness	op.Sync	Effect4.FrameFiber.step_sync
E4RTCOV	witness	op.Sync	Effect4.Machine.evaluatePrim_sync_answers
E4RTCOV	witness	op.Sync	Effect4.Machine.evaluatePrim_sync_pure
E4RTCOV	witness	op.Sync	Effect4.Machine.settle_answered
E4RTCOV	witness	op.Sync	Effect4.Machine.drive_loop_answered
E4RTCOV	witness	op.Sync	Effect4.Machine.drive_deliver
E4RTCOV	witness	op.Sync	Effect4.Machine.Witnesses.w13_completion_pop_sees_the_waiter_interrupt
E4RTCOV	witness	op.Sync	Effect4.Machine.Witnesses.w13_sync_meets_the_finalizer_program
E4RTCOV	witness	op.Suspend	Effect4.FrameFiber.step_suspend
E4RTCOV	witness	op.Yield	Effect4.Machine.evaluatePrim_yieldNowWith
E4RTCOV	witness	op.Async	Effect4.FrameFiber.step_async_frontier
E4RTCOV	witness	op.Async	Effect4.Machine.evaluatePrim_async_immediate
E4RTCOV	witness	op.Async	Effect4.Machine.evaluatePrim_async_parks
E4RTCOV	witness	op.AsyncFinalizer	Effect4.Prim.armE_asyncFinalizer_interrupt
E4RTCOV	witness	op.AsyncFinalizer	Effect4.Prim.armE_asyncFinalizer_no_interrupt
E4RTCOV	witness	op.AsyncFinalizer	Effect4.FrameFiber.popFrom_asyncFinalizer_pops_its_push
E4RTCOV	witness	op.AsyncFinalizer	Effect4.Prim.ensure_asyncFinalizer_masks
E4RTCOV	witness	op.AsyncFinalizer	Effect4.Machine.withFiber_dropObservers
E4RTCOV	witness	op.AsyncFinalizer	Effect4.Machine.Witnesses.w14_join_cleanup_drops_the_observer
E4RTCOV	witness	op.Iterator	Effect4.Prim.armA_iterator_done
E4RTCOV	witness	op.Iterator	Effect4.Prim.armA_iterator_halt
E4RTCOV	witness	op.Iterator	Effect4.Prim.armA_iterator_resume
E4RTCOV	witness	op.Iterator	Effect4.Prim.iteratorFolded_eq
E4RTCOV	witness	op.Iterator	Effect4.Prim.iterator_folds_inline
E4RTCOV	witness	op.Iterator	Effect4.FrameFiber.step_iterator
E4RTCOV	witness	op.OnSuccess	Effect4.Prim.armA_onSuccess
E4RTCOV	witness	op.OnSuccess	Effect4.Prim.armA_onSuccessConst
E4RTCOV	witness	op.OnSuccess	Effect4.FrameFiber.step_onSuccessConst
E4RTCOV	witness	op.OnSuccess	Effect4.FrameFiber.resumeValue_onSuccessConst
E4RTCOV	witness	op.OnSuccess	Effect4.FrameFiber.step_success_onSuccessConst
E4RTCOV	witness	op.OnSuccess	Effect4.Prim.onSuccess_arm_is_per_instance
E4RTCOV	witness	op.OnSuccess	Effect4.FrameFiber.step_onSuccess
E4RTCOV	witness	op.OnFailure	Effect4.Prim.armE_onFailure
E4RTCOV	witness	op.OnFailure	Effect4.Prim.onFailure_arm_is_per_instance
E4RTCOV	witness	op.OnFailure	Effect4.FrameFiber.step_onFailure
E4RTCOV	witness	op.OnSuccessAndFailure	Effect4.Prim.armA_onSuccessAndFailure
E4RTCOV	witness	op.OnSuccessAndFailure	Effect4.Prim.armE_onSuccessAndFailure
E4RTCOV	witness	op.OnSuccessAndFailure	Effect4.Prim.onSuccessAndFailure_arms_are_per_instance
E4RTCOV	witness	op.OnSuccessAndFailure	Effect4.FrameFiber.step_onSuccessAndFailure
E4RTCOV	witness	op.Exit	Effect4.Prim.armA_exitFrame_provided
E4RTCOV	witness	op.Exit	Effect4.Prim.armA_exitFrame_none
E4RTCOV	witness	op.Exit	Effect4.Prim.armE_exitFrame_provided
E4RTCOV	witness	op.Exit	Effect4.Prim.armE_exitFrame_none
E4RTCOV	witness	op.Exit	Effect4.FrameFiber.step_exitFrame
E4RTCOV	witness	op.OnExit	Effect4.Prim.ensure_onExit_masks
E4RTCOV	witness	op.OnExit	Effect4.Prim.ensure_onExit_told_not_to
E4RTCOV	witness	op.OnExit	Effect4.Prim.ensure_onExit_already_masked
E4RTCOV	witness	op.OnExit	Effect4.Prim.armA_onExit
E4RTCOV	witness	op.OnExit	Effect4.Prim.armE_onExit
E4RTCOV	witness	op.OnExit	Effect4.Prim.onExit_finalizer_success_restores
E4RTCOV	witness	op.OnExit	Effect4.Prim.onExit_finalizer_failure_merges
E4RTCOV	witness	op.OnExit	Effect4.Prim.onExit_success_finalizer_failure
E4RTCOV	witness	op.OnExit	Effect4.Prim.finalizerEvents_onExit
E4RTCOV	witness	op.OnExit	Effect4.Prim.finalizerEvents_onSuccess
E4RTCOV	witness	op.OnExit	Effect4.Prim.finalizerEvents_onFailure
E4RTCOV	witness	op.OnExit	Effect4.FrameFiber.step_onExit
E4RTCOV	witness	op.SetInterruptible	Effect4.Prim.arms_setInterruptible
E4RTCOV	witness	op.SetInterruptible	Effect4.Prim.ensure_setInterruptible_flag
E4RTCOV	witness	op.SetInterruptible	Effect4.Prim.ensure_setInterruptible_stack
E4RTCOV	witness	op.SetInterruptible	Effect4.Prim.ensure_setInterruptible_substitutes
E4RTCOV	witness	op.SetInterruptible	Effect4.Prim.ensure_setInterruptible_false_no_replacement
E4RTCOV	witness	op.SetInterruptible	Effect4.Prim.ensure_setInterruptible_no_pending
E4RTCOV	witness	op.SetInterruptible	Effect4.Prim.armA_setInterruptible_none
E4RTCOV	witness	op.SetInterruptible	Effect4.Prim.armE_setInterruptible_none
E4RTCOV	witness	op.SetInterruptible	Effect4.FrameFiber.step_setInterruptible_not_evaluable
E4RTCOV	witness	op.While	Effect4.Prim.armA_whileLoop_continue
E4RTCOV	witness	op.While	Effect4.Prim.armA_whileLoop_stop
E4RTCOV	witness	op.While	Effect4.FrameFiber.step_whileLoop_true
E4RTCOV	witness	op.While	Effect4.FrameFiber.step_whileLoop_false
E4RTCOV	witness	frame-arm.OnSuccess	Effect4.Prim.arms_onSuccess
E4RTCOV	witness	frame-arm.OnSuccess	Effect4.Prim.arms_onSuccessConst
E4RTCOV	witness	frame-arm.OnSuccess	Effect4.Prim.ensure_onSuccessConst
E4RTCOV	witness	frame-arm.OnSuccess	Effect4.Prim.armE_onSuccessConst_none
E4RTCOV	witness	frame-arm.OnSuccess	Effect4.Prim.armA_isSome
E4RTCOV	witness	frame-arm.OnSuccess	Effect4.Prim.armE_isSome
E4RTCOV	witness	frame-arm.OnSuccess	Effect4.Prim.armE_onSuccess_none
E4RTCOV	witness	frame-arm.OnSuccess	Effect4.Prim.onSuccess_arm_is_per_instance
E4RTCOV	witness	frame-arm.OnFailure	Effect4.Prim.arms_onFailure
E4RTCOV	witness	frame-arm.OnFailure	Effect4.Prim.armA_onFailure_none
E4RTCOV	witness	frame-arm.OnFailure	Effect4.Prim.onFailure_arm_is_per_instance
E4RTCOV	witness	frame-arm.OnSuccessAndFailure	Effect4.Prim.arms_onSuccessAndFailure
E4RTCOV	witness	frame-arm.OnSuccessAndFailure	Effect4.Prim.onSuccessAndFailure_arms_are_per_instance
E4RTCOV	witness	frame-arm.Exit	Effect4.Prim.arms_exitFrame
E4RTCOV	witness	frame-arm.Exit	Effect4.Prim.ensure_of_no_contAll
E4RTCOV	witness	frame-arm.OnExit	Effect4.Prim.arms_onExit
E4RTCOV	witness	frame-arm.OnExit	Effect4.Prim.ensure_onExit_masks
E4RTCOV	witness	frame-arm.OnExit	Effect4.Prim.ensure_onExit_told_not_to
E4RTCOV	witness	frame-arm.OnExit	Effect4.Prim.ensure_onExit_already_masked
E4RTCOV	witness	frame-arm.OnExit	Effect4.Prim.ensure_onExit_no_replacement
E4RTCOV	witness	frame-arm.OnExit	Effect4.Prim.onExit_arm_is_per_frame
E4RTCOV	witness	frame-arm.OnExit	Effect4.Machine.Witnesses.w13_sync_meets_the_finalizer_program
E4RTCOV	witness	frame-arm.SetInterruptible	Effect4.Prim.arms_setInterruptible
E4RTCOV	witness	frame-arm.SetInterruptible	Effect4.Prim.ensure_setInterruptible_substitutes
E4RTCOV	witness	frame-arm.SetInterruptible	Effect4.Prim.answerOf_replacement
E4RTCOV	witness	frame-arm.SetInterruptible	Effect4.Prim.armA_setInterruptible_none
E4RTCOV	witness	frame-arm.SetInterruptible	Effect4.Prim.armE_setInterruptible_none
E4RTCOV	witness	frame-arm.SetInterruptible	Effect4.FrameFiber.resumeValue_replacement
E4RTCOV	witness	frame-arm.SetInterruptible	Effect4.FrameFiber.resumeCause_replacement
E4RTCOV	witness	frame-arm.AsyncFinalizer	Effect4.Prim.arms_asyncFinalizer
E4RTCOV	witness	frame-arm.AsyncFinalizer	Effect4.Prim.hasArm_asyncFinalizer_contA_false
E4RTCOV	witness	frame-arm.While	Effect4.Prim.arms_whileLoop
E4RTCOV	witness	frame-arm.While	Effect4.Prim.armE_whileLoop_none
E4RTCOV	witness	frame-arm.While	Effect4.FrameFiber.step_whileLoop_true
E4RTCOV	witness	frame-arm.Iterator	Effect4.Prim.arms_iterator
E4RTCOV	witness	frame-arm.Iterator	Effect4.Prim.armE_iterator_none
E4RTCOV	witness	frame-arm.Iterator	Effect4.FrameFiber.step_iterator
E4RTCOV	witness	checkpoint.runloop-top	Effect4.Machine.runloopTop_deferred
E4RTCOV	witness	checkpoint.runloop-top	Effect4.Machine.runloopTop_idle
E4RTCOV	witness	checkpoint.runloop-top	Effect4.Machine.runloopTop_clears
E4RTCOV	witness	checkpoint.runloop-top	Effect4.Machine.iteration_evaluates
E4RTCOV	witness	checkpoint.getcont-deferred	Effect4.FrameFiber.pendingCause_some
E4RTCOV	witness	checkpoint.getcont-deferred	Effect4.FrameFiber.pendingCause_none
E4RTCOV	witness	checkpoint.getcont-deferred	Effect4.FrameFiber.getCont_deferred
E4RTCOV	witness	checkpoint.getcont-deferred	Effect4.FrameFiber.getCont_deferred_pops_nothing
E4RTCOV	witness	checkpoint.getcont-deferred	Effect4.FrameFiber.getCont_skip_clears_deferred
E4RTCOV	witness	checkpoint.getcont-deferred	Effect4.FrameFiber.resumeValue_deferred
E4RTCOV	witness	checkpoint.getcont-deferred	Effect4.FrameFiber.resumeCause_deferred
E4RTCOV	witness	checkpoint.getcont-deferred	Effect4.Machine.Witnesses.w13_completion_pop_sees_the_waiter_interrupt
E4RTCOV	witness	checkpoint.post-yield-cancel	Effect4.Machine.interruptRecord_parked_applies
E4RTCOV	witness	checkpoint.post-yield-cancel	Effect4.Prim.armE_asyncFinalizer_interrupt
E4RTCOV	witness	checkpoint.post-yield-cancel	Effect4.FrameFiber.popFrom_asyncFinalizer_pops_its_push
E4RTCOV	witness	checkpoint.post-yield-cancel	Effect4.Machine.Witnesses.w14_join_cleanup_drops_the_observer
E4RTCOV	witness	checkpoint.post-yield-cancel	Effect4.Machine.Witnesses.w3_host_interrupt_cancels_entrants
E4RTCOV	divergence	checkpoint.exit-failcause-skip	U-01	Test/Counterexamples/Machine/Semantics/InterruptEscape.lean
E4RTCOV	witness	checkpoint.exit-failcause-skip	Effect4.Cause.sanitize_clean
E4RTCOV	witness	checkpoint.exit-failcause-skip	Effect4.Program.Sched.walkExit_preempted
E4RTCOV	witness	checkpoint.exit-failcause-skip	Effect4.FrameFiber.popFrom_continue_answer
E4RTCOV	witness	checkpoint.exit-failcause-skip	Effect4.FrameFiber.getCont_skip_of_no_pending_cause
E4RTCOV	witness	checkpoint.exit-failcause-skip	Effect4.FrameFiber.interrupt_skips_every_handler
E4RTCOV	witness	checkpoint.set-fiber-interruptible	Effect4.FrameFiber.setFiberInterruptible_flag
E4RTCOV	witness	checkpoint.set-fiber-interruptible	Effect4.FrameFiber.setFiberInterruptible_pushes
E4RTCOV	witness	checkpoint.set-fiber-interruptible	Effect4.FrameFiber.setFiberInterruptible_immediate_failure
E4RTCOV	witness	checkpoint.set-fiber-interruptible	Effect4.FrameFiber.setFiberInterruptible_no_pending
E4RTCOV	witness	checkpoint.set-fiber-interruptible	Effect4.FrameFiber.interruptibleRegion_already
E4RTCOV	witness	checkpoint.set-fiber-interruptible	Effect4.FrameFiber.interruptibleRegion_masked
E4RTCOV	witness	checkpoint.set-interruptible-contall	Effect4.Prim.ensure_setInterruptible_substitutes
E4RTCOV	witness	checkpoint.set-interruptible-contall	Effect4.Prim.answerOf_replacement
E4RTCOV	witness	checkpoint.set-interruptible-contall	Effect4.FrameFiber.resumeValue_replacement
E4RTCOV	witness	checkpoint.set-interruptible-contall	Effect4.FrameFiber.resumeCause_replacement
E4RTCOV	witness	interrupt.unsafe-entry	Effect4.Machine.interruptRecord_exited
E4RTCOV	witness	interrupt.unsafe-entry	Effect4.Machine.interruptRecord_records
E4RTCOV	witness	interrupt.unsafe-entry	Effect4.Machine.interruptRecord_running_defers
E4RTCOV	witness	interrupt.unsafe-entry	Effect4.Machine.interruptRecord_idle_applies
E4RTCOV	witness	interrupt.unsafe-entry	Effect4.Machine.interruptRecord_masked
E4RTCOV	witness	interrupt.accumulate	Effect4.Supervision.interruptCause_eq
E4RTCOV	witness	interrupt.accumulate	Effect4.Machine.interruptRecord_accumulates
E4RTCOV	witness	interrupt.accumulate	Effect4.Machine.interruptRecord_idle_applies
E4RTCOV	witness	interrupt.accumulate	Effect4.Machine.interruptRecord_running_defers
E4RTCOV	witness	interrupt.accumulate	Effect4.Machine.runloopTop_deferred
E4RTCOV	witness	interrupt.accumulate	Effect4.FrameFiber.pendingCause_some
E4RTCOV	witness	fork.unsafe	Effect4.Supervision.MaskMode.cases_receipt
E4RTCOV	witness	fork.unsafe	Effect4.Machine.spawn_eq
E4RTCOV	witness	fork.unsafe	Effect4.Machine.spawnChild_fields
E4RTCOV	witness	fork.unsafe	Effect4.Machine.spawn_untracked
E4RTCOV	witness	fork.unsafe	Effect4.Machine.drive_trackChild_live
E4RTCOV	witness	fork.unsafe	Effect4.Machine.drive_trackChild_exited
E4RTCOV	witness	fork.child	Effect4.Machine.exitFiber_eq
E4RTCOV	witness	fork.child	Effect4.Machine.exitFiber_no_middleware
E4RTCOV	witness	fork.child	Effect4.Machine.publish_fields
E4RTCOV	witness	fork.child	Effect4.Machine.cleared_fields
E4RTCOV	witness	fork.child	Effect4.Machine.exitStore_no_observers
E4RTCOV	witness	fork.child	Effect4.Machine.exitStore_observers
E4RTCOV	witness	fork.child	Effect4.Machine.drive_observe
E4RTCOV	witness	fork.child	Effect4.Machine.drive_exitDone
E4RTCOV	witness	fork.child	Effect4.Machine.fireObserver_resumeAwait
E4RTCOV	witness	fork.child	Effect4.Machine.stepDecision_installMiddleware
E4RTCOV	witness	fork.child	Effect4.Machine.withFiber_fork
E4RTCOV	witness	fork.child	Effect4.Machine.Witnesses.w1_deferred_join_child
E4RTCOV	witness	fork.child	Effect4.Machine.Witnesses.w1_deferred_start_is_a_task
E4RTCOV	witness	fork.child	Effect4.Machine.Witnesses.w5_middleware_interrupts_children
E4RTCOV	witness	fork.child	Effect4.Machine.drive_finish
E4RTCOV	witness	fork.detach	Effect4.Machine.spawn_untracked
E4RTCOV	witness	fork.detach	Effect4.Machine.spawnChild_fields
E4RTCOV	witness	fork.detach	Effect4.Machine.start_eq
E4RTCOV	witness	fork.detach	Effect4.Machine.exitFiber_no_children
E4RTCOV	witness	fork.detach	Effect4.Machine.exitInterruptChildren_eq
E4RTCOV	witness	fork.detach	Effect4.Machine.exitInterruptChildren_reenters
E4RTCOV	witness	fork.detach	Effect4.Machine.Witnesses.w5_fork_latches_the_middleware
E4RTCOV	witness	fork.detach	Effect4.Machine.Witnesses.w5_daemon_child_survives_parent_exit
E4RTCOV	witness	fork.in	Effect4.Supervision.ScopeMode.cases_receipt
E4RTCOV	witness	fork.in	Effect4.Machine.withFiber_forkIn
E4RTCOV	witness	fork.in	Effect4.Machine.linkScope_open
E4RTCOV	witness	fork.in	Effect4.Machine.linkScope_closed
E4RTCOV	witness	fork.in	Effect4.Machine.fireObserver_dropScopeFinalizer
E4RTCOV	witness	fork.in	Effect4.Machine.withFiber_closeScope
E4RTCOV	witness	fork.in	Effect4.Machine.Witnesses.w6_link_then_close
E4RTCOV	witness	fork.in	Effect4.Machine.Witnesses.w6_closed_scope_interrupts_now
E4RTCOV	witness	fork.in	Effect4.Machine.Witnesses.w6_child_exit_drops_key
E4RTCOV	witness	fork.in	Effect4.Machine.drive_link
E4RTCOV	witness	fork.in	Effect4.Machine.Witnesses.w6_deferred_child_is_linked
E4RTCOV	witness	fork.scoped	Effect4.Machine.withFiber_forkScoped_ambient
E4RTCOV	witness	fork.scoped	Effect4.Machine.withFiber_forkScoped_none
E4RTCOV	witness	fork.scoped	Effect4.Machine.withFiber_ambientScope
E4RTCOV	witness	fork.scoped	Effect4.Machine.withFiber_ambientScope_none
E4RTCOV	witness	fork.race-all	Effect4.Supervision.RaceAllState.initial_eq
E4RTCOV	witness	fork.race-all	Effect4.Supervision.raceComplete_unknown
E4RTCOV	witness	fork.race-all	Effect4.Supervision.raceComplete_after_accepted
E4RTCOV	witness	fork.race-all	Effect4.Supervision.raceComplete_success
E4RTCOV	witness	fork.race-all	Effect4.Supervision.raceComplete_failure_last
E4RTCOV	witness	fork.race-all	Effect4.Supervision.raceComplete_failure_pending
E4RTCOV	witness	fork.race-all	Effect4.Machine.withFiber_raceAll
E4RTCOV	witness	fork.race-all	Effect4.Machine.evaluatePrim_raceRegister
E4RTCOV	witness	fork.race-all	Effect4.Machine.launchEntrant_eq
E4RTCOV	witness	fork.race-all	Effect4.Machine.drive_launch_runs
E4RTCOV	witness	fork.race-all	Effect4.Machine.drive_enrollRace_live
E4RTCOV	witness	fork.race-all	Effect4.Machine.drive_enrollRace_exited
E4RTCOV	witness	fork.race-all	Effect4.Machine.drive_registrationDone_answered
E4RTCOV	witness	fork.race-all	Effect4.Machine.drive_registrationDone_parks
E4RTCOV	witness	fork.race-all	Effect4.Machine.drive_launch_done
E4RTCOV	witness	fork.race-all	Effect4.Machine.fireObserver_raceCallback_pending
E4RTCOV	witness	fork.race-all	Effect4.Machine.fireObserver_raceCallback_settles
E4RTCOV	witness	fork.race-all	Effect4.Machine.fireObserver_raceCallback_late
E4RTCOV	witness	fork.race-all	Effect4.Machine.resumePrim_continueWith
E4RTCOV	witness	fork.race-all	Effect4.Machine.Witnesses.w3_empty_is_a_frontier
E4RTCOV	witness	fork.race-all	Effect4.Machine.Witnesses.w3_empty_until_interrupted
E4RTCOV	witness	fork.race-all	Effect4.Machine.Witnesses.w3_immediate_success_stops_launch
E4RTCOV	witness	fork.race-all	Effect4.Machine.Witnesses.w3_failure_allows_next_launch
E4RTCOV	witness	fork.race-all	Effect4.Machine.Witnesses.w3_all_failures_retain_order
E4RTCOV	witness	fork.race-all	Effect4.Machine.settleRace_eq
E4RTCOV	witness	fork.race-all	Effect4.Machine.withFiber_cancelRace
E4RTCOV	witness	fork.race-all	Effect4.Machine.drive_raceCancel_nil
E4RTCOV	witness	fork.race-all	Effect4.Machine.drive_raceCancel_live
E4RTCOV	witness	fork.race-all	Effect4.Machine.drive_raceCancel_gone
E4RTCOV	witness	fork.race-all	Effect4.Machine.withFiber_cancelRace_unknown
E4RTCOV	witness	fork.race-all	Effect4.Machine.Witnesses.w3_host_interrupt_cancels_entrants
E4RTCOV	witness	fork.race-all	Effect4.Machine.Witnesses.w3_settle_interrupts_the_parked_loser
E4RTCOV	witness	fork.race-all	Effect4.Machine.drive_launch_exhausted
E4RTCOV	witness	fork.await-all-children	Effect4.Machine.withFiber_snapshotChildren
E4RTCOV	witness	fork.await-all-children	Effect4.Machine.withFiber_awaitNewChildren
E4RTCOV	witness	fork.await-all-children	Effect4.Machine.fireObserver_countdown_done
E4RTCOV	witness	fork.await-all-children	Effect4.Machine.fireObserver_countdown_next
E4RTCOV	witness	fork.await-all-children	Effect4.Machine.Witnesses.w5_await_all_children_awaits_only_new
E4RTCOV	witness	fork.await-all-children	Effect4.Machine.Witnesses.w12_awaitAll_answers_the_exits
E4RTCOV	witness	fork.await-all-children	Effect4.Machine.countdownWalk_nil
E4RTCOV	witness	fork.await-all-children	Effect4.Machine.countdownWalk_exited
E4RTCOV	witness	fork.await-all-children	Effect4.Machine.countdownWalk_live
E4RTCOV	witness	fork.await-all-children	Effect4.Machine.countdownPark_none_live
E4RTCOV	witness	fork.await-all-children	Effect4.Machine.countdownPark_parks
E4RTCOV	witness	fork.await-all-children	Effect4.Machine.Witnesses.w12_awaitAll_input_order
E4RTCOV	witness	fork.await-all-children	Effect4.Machine.Witnesses.w5_await_all_children_on_failure
E4RTCOV	witness	fork.fiber-run-in	Effect4.Supervision.ScopeMode.cases_receipt
E4RTCOV	witness	fork.fiber-run-in	Effect4.Machine.withFiber_runIn
E4RTCOV	witness	fork.fiber-run-in	Effect4.Machine.linkScope_closed
E4RTCOV	witness	fork.fiber-run-in	Effect4.Machine.linkScope_unknown
E4RTCOV	witness	fork.fiber-run-in	Effect4.Machine.linkScope_open
E4RTCOV	witness	fork.fiber-run-in	Effect4.Machine.linkScope_open_exited
E4RTCOV	witness	fork.fiber-run-in	Effect4.Machine.Witnesses.w6_runIn_closed_scope_uses_no_caller_annotations
E4RTCOV	witness	fork.join	Effect4.Supervision.ObserverMode.cases_receipt
E4RTCOV	witness	fork.join	Effect4.Machine.evaluatePrim_join_done
E4RTCOV	witness	fork.join	Effect4.Machine.evaluatePrim_join_live
E4RTCOV	witness	fork.join	Effect4.Machine.evaluatePrim_join_unknown
E4RTCOV	witness	fork.join	Effect4.Machine.Witnesses.w14_join_cleanup_drops_the_observer
E4RTCOV	witness	fork.await	Effect4.Supervision.ObserverMode.cases_receipt
E4RTCOV	witness	fork.await	Effect4.Machine.evaluatePrim_join_done
E4RTCOV	witness	fork.await	Effect4.Machine.evaluatePrim_join_live
E4RTCOV	witness	fork.await	Effect4.Machine.withFiber_dropObservers
E4RTCOV	witness	fork.await	Effect4.Machine.Witnesses.w14_join_cleanup_drops_the_observer
E4RTCOV	witness	fork.interrupt	Effect4.Supervision.interruptCause_eq
E4RTCOV	witness	fork.interrupt	Effect4.Machine.withFiber_interrupt
E4RTCOV	witness	fork.interrupt	Effect4.Machine.withFiber_interruptAs
E4RTCOV	witness	fork.interrupt	Effect4.Machine.withFiber_interruptAs_unknown
E4RTCOV	witness	fork.interrupt	Effect4.Machine.drive_afterInterrupt
E4RTCOV	witness	fork.interrupt	Effect4.Machine.asVoidCode_eq
E4RTCOV	witness	fork.interrupt	Effect4.Machine.awaitCode_join_exited
E4RTCOV	witness	fork.interrupt	Effect4.Machine.awaitCode_join_live
E4RTCOV	witness	fork.interrupt	Effect4.Machine.withFiber_interruptScoped_self
E4RTCOV	witness	fork.interrupt	Effect4.Machine.withFiber_interruptScoped_other
E4RTCOV	witness	fork.interrupt	Effect4.Machine.Witnesses.w2_delivered_at_unmask
E4RTCOV	witness	fork.interrupt	Effect4.Machine.Witnesses.w2_recorded_once
E4RTCOV	witness	fork.interrupt	Effect4.Machine.Witnesses.w2_masked_interrupt_does_not_apply
E4RTCOV	witness	fork.interrupt	Effect4.Machine.Witnesses.w6_self_interruptor_skipped
E4RTCOV	witness	fork.interrupt-all	Effect4.Machine.withFiber_interruptAll
E4RTCOV	witness	fork.interrupt-all	Effect4.Machine.drive_interruptTarget
E4RTCOV	witness	fork.interrupt-all	Effect4.Machine.drive_interruptTarget_unknown
E4RTCOV	witness	fork.interrupt-all	Effect4.Machine.awaitCode_awaitAll
E4RTCOV	witness	fork.interrupt-all	Effect4.Machine.evaluatePrim_awaitAllPark
E4RTCOV	witness	fork.interrupt-all	Effect4.Machine.interruptEach_nil
E4RTCOV	witness	fork.interrupt-all	Effect4.Machine.interruptEach_cons
E4RTCOV	witness	fork.interrupt-all	Effect4.Machine.interruptEach_known
E4RTCOV	witness	fork.interrupt-all	Effect4.Machine.fireObserver_countdown_done
E4RTCOV	witness	fork.interrupt-all	Effect4.Machine.fireObserver_countdown_next
E4RTCOV	witness	fork.interrupt-all	Effect4.Machine.countdownPark_parks
E4RTCOV	witness	scope.states	Effect4.ScopeState.cases_receipt
E4RTCOV	witness	scope.states	Effect4.ScopeState.entries_empty
E4RTCOV	witness	scope.states	Effect4.ScopeState.entries_openEmpty
E4RTCOV	witness	scope.states	Effect4.ScopeState.entries_openInline
E4RTCOV	witness	scope.states	Effect4.ScopeState.entries_openMap
E4RTCOV	witness	scope.states	Effect4.ScopeState.entries_closed
E4RTCOV	witness	scope.states	Effect4.ScopeState.isOpen_empty
E4RTCOV	witness	scope.states	Effect4.ScopeState.isOpen_openEmpty
E4RTCOV	witness	scope.states	Effect4.ScopeState.isOpen_openInline
E4RTCOV	witness	scope.states	Effect4.ScopeState.isOpen_openMap
E4RTCOV	witness	scope.states	Effect4.ScopeState.isOpen_closed
E4RTCOV	witness	scope.states	Effect4.ScopeState.isClosed_eq
E4RTCOV	witness	scope.states	Effect4.ScopeState.closingExit_closed
E4RTCOV	witness	scope.states	Effect4.ScopeState.closingExit_of_not_closed
E4RTCOV	witness	scope.states	Effect4.ScopeState.openEmpty_ne_openMap_nil
E4RTCOV	witness	scope.states	Effect4.Scope.finalizers_eq
E4RTCOV	witness	scope.states	Effect4.Scope.finalizerKeys_eq
E4RTCOV	witness	scope.states	Effect4.Scope.finalizerCount_eq
E4RTCOV	witness	scope.states	Effect4.Scope.finalizerCount_not_open
E4RTCOV	witness	scope.make	Effect4.FinalizerStrategy.all_nodup
E4RTCOV	witness	scope.make	Effect4.FinalizerStrategy.mem_all
E4RTCOV	witness	scope.make	Effect4.Scope.make_strategy
E4RTCOV	witness	scope.make	Effect4.Scope.make_state
E4RTCOV	witness	scope.make	Effect4.Scope.make_finalizers
E4RTCOV	witness	scope.make	Effect4.Scope.makeDefault_eq
E4RTCOV	witness	scope.make	Effect4.Scope.makeDefault_strategy
E4RTCOV	witness	scope.add-finalizer	Effect4.Scope.key_freshness_refused
E4RTCOV	witness	scope.add-finalizer	Effect4.Scope.tableInsert_new
E4RTCOV	witness	scope.add-finalizer	Effect4.Scope.tableInsert_existing
E4RTCOV	witness	scope.add-finalizer	Effect4.Scope.tableInsert_keys_of_mem
E4RTCOV	witness	scope.add-finalizer	Effect4.Scope.tableInsert_nodup
E4RTCOV	witness	scope.add-finalizer	Effect4.Scope.addUnsafe_strategy
E4RTCOV	witness	scope.add-finalizer	Effect4.Scope.addUnsafe_empty
E4RTCOV	witness	scope.add-finalizer	Effect4.Scope.addUnsafe_openEmpty
E4RTCOV	witness	scope.add-finalizer	Effect4.Scope.addUnsafe_openInline
E4RTCOV	witness	scope.add-finalizer	Effect4.Scope.addUnsafe_openMap
E4RTCOV	witness	scope.add-finalizer	Effect4.Scope.addUnsafe_promotes
E4RTCOV	witness	scope.add-finalizer	Effect4.Scope.addUnsafe_finalizers
E4RTCOV	witness	scope.add-finalizer	Effect4.Scope.addUnsafe_keys_nodup
E4RTCOV	witness	scope.add-after-closed	Effect4.Scope.addUnsafe_closed
E4RTCOV	witness	scope.add-after-closed	Effect4.Scope.addExit_open
E4RTCOV	witness	scope.add-after-closed	Effect4.Scope.addExit_closed
E4RTCOV	witness	scope.add-after-closed	Effect4.Scope.addExit_closed_registers_nothing
E4RTCOV	witness	scope.add-after-closed	Effect4.Scope.closingExit_addUnsafe
E4RTCOV	witness	scope.add-after-closed	Effect4.Machine.syncOpStep_scopeAdd_closed
E4RTCOV	witness	scope.remove-finalizer	Effect4.Scope.tableRemove_eq
E4RTCOV	witness	scope.remove-finalizer	Effect4.Scope.tableRemove_keys
E4RTCOV	witness	scope.remove-finalizer	Effect4.Scope.tableRemove_nodup
E4RTCOV	witness	scope.remove-finalizer	Effect4.Scope.removeUnsafe_strategy
E4RTCOV	witness	scope.remove-finalizer	Effect4.Scope.removeUnsafe_inline_hit
E4RTCOV	witness	scope.remove-finalizer	Effect4.Scope.removeUnsafe_inline_miss
E4RTCOV	witness	scope.remove-finalizer	Effect4.Scope.removeUnsafe_openMap
E4RTCOV	witness	scope.remove-finalizer	Effect4.Scope.removeUnsafe_not_open
E4RTCOV	witness	scope.remove-finalizer	Effect4.Scope.removeUnsafe_keys
E4RTCOV	witness	scope.remove-finalizer	Effect4.Scope.removeUnsafe_keys_nodup
E4RTCOV	witness	scope.close-state-first	Effect4.Scope.close_eq
E4RTCOV	witness	scope.close-state-first	Effect4.Scope.close_state_independent_of_run
E4RTCOV	witness	scope.close-state-first	Effect4.Scope.closeState_state
E4RTCOV	witness	scope.close-state-first	Effect4.Scope.closeState_strategy
E4RTCOV	witness	scope.close-state-first	Effect4.Scope.closeState_finalizers
E4RTCOV	witness	scope.close-state-first	Effect4.Scope.closeState_isClosed
E4RTCOV	witness	scope.close-state-first	Effect4.Scope.closeState_idempotent
E4RTCOV	witness	scope.close-state-first	Effect4.Scope.close_closingExit
E4RTCOV	witness	scope.close-state-first	Effect4.Scope.close_idempotent
E4RTCOV	witness	scope.close-state-first	Effect4.Scope.close_twice
E4RTCOV	witness	scope.close-state-first	Effect4.Scope.close_reentrant_add
E4RTCOV	witness	scope.close-state-first	Effect4.Scope.closeResult_closed
E4RTCOV	witness	scope.close-lifo	Effect4.Scope.closeOrder_eq
E4RTCOV	witness	scope.close-lifo	Effect4.Scope.closeOrder_last_first
E4RTCOV	witness	scope.close-lifo	Effect4.Scope.closeExits_eq
E4RTCOV	witness	scope.close-lifo	Effect4.Scope.closeExits_reverse
E4RTCOV	witness	scope.close-lifo	Effect4.Scope.runScoped_lifo
E4RTCOV	witness	scope.close-lifo	Effect4.Machine.closeWalk_sequential
E4RTCOV	witness	scope.close-lifo	Effect4.Machine.closeSeq_step
E4RTCOV	witness	scope.close-sequential	Effect4.Scope.closeExits_eq
E4RTCOV	witness	scope.close-sequential	Effect4.Scope.closeExits_length
E4RTCOV	witness	scope.close-sequential	Effect4.Scope.closeResult_reasons
E4RTCOV	witness	scope.close-sequential	Effect4.Machine.closeWalk_sequential
E4RTCOV	witness	scope.close-sequential	Effect4.Machine.closeSeq_step
E4RTCOV	witness	scope.close-sequential	Effect4.Machine.closeSeq_captures
E4RTCOV	witness	scope.close-sequential	Effect4.Machine.withFiber_closeScope
E4RTCOV	witness	scope.close-sequential	Effect4.Machine.withFiber_closeScope_unknown
E4RTCOV	witness	scope.close-sequential	Effect4.Machine.Witnesses.w6_sequential_captures_and_merges
E4RTCOV	witness	scope.close-parallel	Effect4.FinalizerStrategy.cases_receipt
E4RTCOV	witness	scope.close-parallel	Effect4.Scope.close_strategy_irrelevant
E4RTCOV	witness	scope.close-parallel	Effect4.Machine.closeWalk_parallel
E4RTCOV	witness	scope.close-parallel	Effect4.Machine.actionOf_closePar
E4RTCOV	witness	scope.close-parallel	Effect4.Machine.withFiber_closePar
E4RTCOV	witness	scope.close-parallel	Effect4.Machine.forkFinalizers_cons
E4RTCOV	witness	scope.close-parallel	Effect4.Machine.withFiber_fork
E4RTCOV	witness	scope.close-parallel	Effect4.Machine.spawnChild_fields
E4RTCOV	witness	scope.close-parallel	Effect4.Machine.Witnesses.w6_parallel_forks_and_merges
E4RTCOV	witness	scope.close-merge	Effect4.Scope.closeResult_nil
E4RTCOV	witness	scope.close-merge	Effect4.Scope.closeResult_single
E4RTCOV	witness	scope.close-merge	Effect4.Scope.closeResult_many
E4RTCOV	witness	scope.close-merge	Effect4.Scope.closeResult_reasons
E4RTCOV	witness	scope.close-merge	Effect4.Machine.closeSeq_merges
E4RTCOV	witness	scope.close-merge	Effect4.Machine.closeParDone_is_asVoidAll
E4RTCOV	witness	scope.close-merge	Effect4.Machine.drive_closeParAwait
E4RTCOV	witness	scope.close-merge	Effect4.Machine.fireObserver_countdown_done
E4RTCOV	witness	scope.close-merge	Effect4.Machine.fireObserver_countdown_next
E4RTCOV	witness	scope.close-merge	Effect4.Machine.Witnesses.w6_parallel_forks_and_merges
E4RTCOV	witness	scope.close-merge	Effect4.Machine.Witnesses.w12_awaitAll_answers_the_exits
E4RTCOV	witness	scope.exit-as-void-all	Effect4.Exit.asVoidAll_reasons
E4RTCOV	witness	scope.exit-as-void-all	Effect4.Exit.asVoidAll_failure
E4RTCOV	witness	scope.exit-as-void-all	Effect4.Exit.asVoidAll_all_success
E4RTCOV	witness	scope.exit-as-void-all	Effect4.Exit.void_eq
E4RTCOV	witness	scope.fork-linkage	Effect4.Scope.fork_closed_parent
E4RTCOV	witness	scope.fork-linkage	Effect4.Scope.fork_closed_parent_child_exit
E4RTCOV	witness	scope.fork-linkage	Effect4.Scope.fork_open_parent
E4RTCOV	witness	scope.fork-linkage	Effect4.Scope.fork_child_finalizers
E4RTCOV	witness	scope.fork-linkage	Effect4.Scope.fork_parent_finalizers
E4RTCOV	witness	scope.fork-linkage	Effect4.Scope.fork_child_strategy
E4RTCOV	witness	scope.fork-linkage	Effect4.Scope.fork_shared_key
E4RTCOV	witness	scope.fork-linkage	Effect4.Scope.fork_detach
E4RTCOV	witness	scope.fork-linkage	Effect4.Machine.scopeLinkFiber_name
E4RTCOV	witness	scope.fork-linkage	Effect4.Machine.scopeStore_forkChild_names
E4RTCOV	witness	scope.scoped	Effect4.Scope.addAll_nil
E4RTCOV	witness	scope.scoped	Effect4.Scope.addAll_cons
E4RTCOV	witness	scope.scoped	Effect4.Scope.addAll_finalizers
E4RTCOV	witness	scope.scoped	Effect4.Scope.make_addAll_finalizers
E4RTCOV	witness	scope.scoped	Effect4.Scope.runScoped_eq
E4RTCOV	witness	scope.scoped	Effect4.Scope.runScoped_fresh_scope
E4RTCOV	witness	scope.scoped	Effect4.Scope.runScoped_state
E4RTCOV	witness	scope.scoped	Effect4.Scope.runScoped_strategy
E4RTCOV	witness	scope.scoped	Effect4.Scope.runScoped_empty
E4RTCOV	witness	scope.scoped	Effect4.Scope.runScoped_lifo
E4RTCOV	witness	scope.scoped	Effect4.Prim.scopedFrame_eq
E4RTCOV	witness	scope.scoped	Effect4.Prim.scopedFrame_finalizer_masked
E4RTCOV	witness	scope.scoped	Effect4.FrameFiber.step_scopedFrame
E4RTCOV	witness	scope.scoped	Effect4.Program.Agreement.enterScoped_eq
E4RTCOV	witness	scope.scoped	Effect4.Program.Agreement.exitScoped_restores
E4RTCOV	witness	scope.acquire-release	Effect4.Scope.acquireRelease_failure
E4RTCOV	witness	scope.acquire-release	Effect4.Scope.acquireRelease_success
E4RTCOV	witness	scope.acquire-release	Effect4.Scope.acquireRelease_registers
E4RTCOV	witness	scope.acquire-release	Effect4.Scope.acquireRelease_closed_ambient
E4RTCOV	witness	scope.acquire-release	Effect4.FrameFiber.uninterruptible_already_masked
E4RTCOV	witness	scope.acquire-release	Effect4.FrameFiber.uninterruptible_masks
E4RTCOV	witness	scope.acquire-release	Effect4.FrameFiber.uninterruptibleMask_eq
E4RTCOV	witness	scope.acquire-release	Effect4.FrameFiber.interruptibleRegion_already
E4RTCOV	witness	scope.acquire-release	Effect4.FrameFiber.interruptibleRegion_masked
E4RTCOV	witness	scope.acquire-release	Effect4.FrameFiber.restoreAcquire_asked
E4RTCOV	witness	scope.acquire-release	Effect4.FrameFiber.restoreAcquire_not_asked
E4RTCOV	witness	scope.acquire-release	Effect4.Program.Sched.release_intro
E4RTCOV	witness	scope.acquire-release	Effect4.Program.Sched.foreignRelease_intro
E4RTCOV	witness	scope.acquire-release	Effect4.Program.Sched.acquireIn_intro
E4RTCOV	witness	scheduler.should-yield	Effect4.Machine.yieldVerdict_default
E4RTCOV	witness	scheduler.should-yield	Effect4.Machine.yieldVerdict_override
E4RTCOV	witness	scheduler.should-yield	Effect4.Machine.injectYield_no_verdict
E4RTCOV	witness	scheduler.priority-buckets	Effect4.Machine.Dispatcher.enqueue_same_bucket
E4RTCOV	witness	scheduler.priority-buckets	Effect4.Machine.Dispatcher.enqueue_lower_priority
E4RTCOV	witness	scheduler.priority-buckets	Effect4.Machine.Dispatcher.enqueue_empty
E4RTCOV	witness	scheduler.dispatcher-arming	Effect4.Machine.Dispatcher.enqueue_arms
E4RTCOV	witness	scheduler.dispatcher-arming	Effect4.Machine.Dispatcher.drain_disarms
E4RTCOV	witness	scheduler.dispatcher-arming	Effect4.Machine.RunMachine.arm_new
E4RTCOV	witness	scheduler.dispatcher-arming	Effect4.Machine.RunMachine.arm_known
E4RTCOV	witness	scheduler.dispatcher-arming	Effect4.Machine.RunMachine.arm_fields
E4RTCOV	witness	scheduler.dispatcher-arming	Effect4.Machine.Witnesses.w15_flush_runs_callbacks_in_arming_order
E4RTCOV	witness	scheduler.run-tasks-drain-once	Effect4.Machine.Dispatcher.drain_eq
E4RTCOV	witness	scheduler.run-tasks-drain-once	Effect4.Machine.Dispatcher.drain_disarms
E4RTCOV	witness	scheduler.run-tasks-drain-once	Effect4.Machine.fire_eq
E4RTCOV	witness	scheduler.run-tasks-drain-once	Effect4.Machine.RunMachine.disarm_eq
E4RTCOV	witness	scheduler.flush	Effect4.Machine.flushAll_idle
E4RTCOV	witness	scheduler.flush	Effect4.Machine.flushAll_round
E4RTCOV	witness	scheduler.flush	Effect4.Machine.Witnesses.w15_flush_runs_callbacks_in_arming_order
E4RTCOV	witness	scheduler.yield-now-resume-guard	Effect4.Machine.evaluatePrim_yieldNowWith
E4RTCOV	witness	scheduler.yield-now-resume-guard	Effect4.Machine.drive_resume_wrong_token
E4RTCOV	witness	scheduler.yield-now-resume-guard	Effect4.Machine.drive_resume_guard
E4RTCOV	witness	scheduler.yield-now-resume-guard	Effect4.Machine.drive_resume_not_parked
E4RTCOV	witness	scheduler.max-ops-default	Effect4.Machine.Env.hooks_empty
E4RTCOV	witness	scheduler.prevent-yield-default	Effect4.Machine.injectYield_prevented
E4RTCOV	witness	scheduler.prevent-yield-default	Effect4.Machine.Env.hooks_empty
E4RTCOV	witness	exit.success-failure	Effect4.Exit.cases_receipt
E4RTCOV	witness	exit.success-failure	Effect4.Exit.success_ne_failure
E4RTCOV	witness	exit.success-failure	Effect4.Exit.success_inj
E4RTCOV	witness	exit.success-failure	Effect4.Exit.failure_inj
E4RTCOV	witness	exit.success-failure	Effect4.Exit.cause_failure
E4RTCOV	witness	exit.success-failure	Effect4.Prim.ofExit_asExit?
E4RTCOV	witness	exit.success-failure	Effect4.Prim.asExit?_success
E4RTCOV	witness	exit.success-failure	Effect4.Prim.asExit?_failure
E4RTCOV	witness	exit.success-failure	Effect4.Prim.asExit?_eq_some
E4RTCOV	witness	exit.success-failure	Effect4.Prim.ofExit_isFrame
E4RTCOV	witness	exit.success-failure	Effect4.FrameFiber.step_ofExit_finishes
E4RTCOV	witness	exit.success-failure	Effect4.FrameFiber.run_zero
E4RTCOV	witness	exit.success-failure	Effect4.FrameFiber.run_succ_finished
E4RTCOV	witness	exit.success-failure	Effect4.FrameFiber.run_succ_running
E4RTCOV	witness	exit.reason-alphabet	Effect4.ReasonTag.all_nodup
E4RTCOV	witness	exit.reason-alphabet	Effect4.ReasonTag.mem_all
E4RTCOV	witness	exit.reason-alphabet	Effect4.ReasonTag.cases_receipt
E4RTCOV	witness	exit.reason-alphabet	Effect4.Reason.cases_receipt
E4RTCOV	witness	exit.reason-alphabet	Effect4.Reason.tag_mem_all
E4RTCOV	witness	cause.flat-reasons	Effect4.Cause.eq_iff
E4RTCOV	witness	cause.flat-reasons	Effect4.Cause.ext
E4RTCOV	witness	cause.flat-reasons	Effect4.Cause.eq_iff_pointwise
E4RTCOV	witness	cause.flat-reasons	Effect4.Cause.combine_no_new_reason
E4RTCOV	witness	cause.reason-fail	Effect4.Reason.error_fail
E4RTCOV	witness	cause.reason-fail	Effect4.Reason.annotations_fail
E4RTCOV	witness	cause.reason-fail	Effect4.Reason.fail_inj
E4RTCOV	witness	cause.reason-die	Effect4.Reason.defect_die
E4RTCOV	witness	cause.reason-die	Effect4.Reason.annotations_die
E4RTCOV	witness	cause.reason-die	Effect4.Reason.die_inj
E4RTCOV	witness	cause.reason-interrupt	Effect4.Cause.interrupt_reasons
E4RTCOV	witness	cause.reason-interrupt	Effect4.Reason.annotations_interrupt
E4RTCOV	witness	cause.reason-interrupt	Effect4.Reason.interrupt_inj
E4RTCOV	witness	cause.combine-union	Effect4.Cause.combine_empty_left
E4RTCOV	witness	cause.combine-union	Effect4.Cause.combine_empty_right
E4RTCOV	witness	cause.combine-union	Effect4.Cause.combine_reasons
E4RTCOV	witness	cause.combine-union	Effect4.Cause.mem_combine
E4RTCOV	witness	cause.combine-union	Effect4.Cause.combine_self
E4RTCOV	witness	cause.finalizer-merge	Effect4.Exit.mergeFinalizer_failure_failure
E4RTCOV	witness	cause.finalizer-merge	Effect4.Exit.restoreAfterFinalizer_failure_failure
E4RTCOV	witness	cause.finalizer-merge	Effect4.Exit.mergeFinalizer_success_failure
E4RTCOV	witness	cause.finalizer-merge	Effect4.Exit.restoreAfterFinalizer_success_failure
E4RTCOV	witness	cause.squash	Effect4.Cause.squash_error
E4RTCOV	witness	cause.squash	Effect4.Cause.squash_defect
E4RTCOV	witness	cause.squash	Effect4.Cause.squash_interrupted
E4RTCOV	witness	cause.squash	Effect4.Cause.squash_emptyCause_iff
E4RTCOV	witness	cause.squash	Effect4.Cause.squash_fail_over_die
E4RTCOV	witness	cause.union-first-occurrence	Effect4.Cause.combine_empty_left
E4RTCOV	witness	cause.union-first-occurrence	Effect4.Cause.combine_empty_right
E4RTCOV	witness	cause.union-first-occurrence	Effect4.Cause.combine_reasons
E4RTCOV	witness	cause.union-first-occurrence	Effect4.Cause.combine_order
E4RTCOV	witness	cause.dedupe-first-occurrence	Effect4.Cause.dedup_cons
E4RTCOV	witness	cause.dedupe-first-occurrence	Effect4.Cause.mem_dedup
E4RTCOV	witness	cause.dedupe-first-occurrence	Effect4.Cause.dedup_nodup
E4RTCOV	witness	cause.dedupe-first-occurrence	Effect4.Cause.dedup_of_nodup
E4RTCOV	witness	cause.annotations	Effect4.ReasonAnnotations.keys_nodup
E4RTCOV	witness	cause.annotations	Effect4.Reason.annotate_annotations
E4RTCOV	witness	cause.annotations	Effect4.Reason.host_memory_refused
E4RTCOV	witness	cause.annotations	Effect4.ReasonAnnotations.annotate_entries
E4RTCOV	witness	cause.annotations	Effect4.ReasonAnnotations.lookup_annotate_kept
E4RTCOV	witness	cause.annotations	Effect4.ReasonAnnotations.lookup_annotate_overwrite
E4RTCOV	witness	entry.run-fork-with	Effect4.Machine.runFork_eq
E4RTCOV	witness	entry.abort-signal	Effect4.Machine.stepDecision_abort
E4RTCOV	witness	entry.run-callback-with	Effect4.Machine.runCallback_eq
E4RTCOV	witness	entry.run-callback-with	Effect4.Machine.fireObserver_callback
E4RTCOV	witness	entry.run-promise-exit-with	Effect4.Machine.promiseOutcome_eq
E4RTCOV	witness	entry.run-promise-with	Effect4.Machine.promiseOutcome_failure
E4RTCOV	witness	entry.run-sync-exit-with	Effect4.Machine.runSyncExit_exited
E4RTCOV	witness	entry.run-sync-exit-with	Effect4.Machine.runSyncExit_survives
E4RTCOV	witness	entry.run-sync-exit-with	Effect4.Machine.flushRoot_idle
E4RTCOV	witness	entry.run-sync-exit-with	Effect4.Machine.flushRoot_round
E4RTCOV	witness	entry.run-sync-exit-with	Effect4.Machine.Witnesses.w8_sync_child_yield_is_async
E4RTCOV	witness	entry.async-fiber-error	Effect4.Machine.runSyncExit_survives
E4RTCOV	witness	entry.async-fiber-error	Effect4.Machine.Witnesses.w8_sync_child_yield_is_async
E4RTCOV	witness	rule.frames-are-primitives	Effect4.Arm.all_nodup
E4RTCOV	witness	rule.frames-are-primitives	Effect4.Arm.mem_all
E4RTCOV	witness	rule.frames-are-primitives	Effect4.Arm.cases_receipt
E4RTCOV	witness	rule.frames-are-primitives	Effect4.Arm.demandable_eq
E4RTCOV	witness	rule.frames-are-primitives	Effect4.Arm.contAll_not_demandable
E4RTCOV	witness	rule.frames-are-primitives	Effect4.Prim.cases_receipt
E4RTCOV	witness	rule.frames-are-primitives	Effect4.FrameFiber.start_eq
E4RTCOV	witness	rule.frames-are-primitives	Effect4.FrameFiber.masked_eq
E4RTCOV	witness	rule.frames-are-primitives	Effect4.FrameFiber.interrupted_eq
E4RTCOV	witness	rule.frames-are-primitives	Effect4.FrameEvent.poppedFrames_nil
E4RTCOV	witness	rule.frames-are-primitives	Effect4.FrameEvent.poppedFrames_cons_popped
E4RTCOV	witness	rule.frames-are-primitives	Effect4.FrameEvent.finalizersRun_nil
E4RTCOV	witness	rule.frames-are-primitives	Effect4.FrameEvent.finalizersRun_cons_ran
E4RTCOV	witness	rule.frames-are-primitives	Effect4.FrameEvent.finalizersRun_cons_popped
E4RTCOV	witness	rule.frames-are-primitives	Effect4.Prim.hasArm_eq
E4RTCOV	witness	rule.frames-are-primitives	Effect4.Prim.isFrame_eq
E4RTCOV	witness	rule.frames-are-primitives	Effect4.Prim.isFrame_iff
E4RTCOV	witness	rule.frames-are-primitives	Effect4.Prim.non_frames_have_no_arms
E4RTCOV	witness	rule.frames-are-primitives	Effect4.Prim.answerOf_replacement
E4RTCOV	witness	rule.frames-are-primitives	Effect4.Prim.answerOf_arm
E4RTCOV	witness	rule.frames-are-primitives	Effect4.Prim.answerOf_missing
E4RTCOV	witness	rule.frames-are-primitives	Effect4.Prim.answerOf_frame_eq
E4RTCOV	witness	rule.frames-are-primitives	Effect4.Prim.armA_isSome
E4RTCOV	witness	rule.frames-are-primitives	Effect4.Prim.armE_isSome
E4RTCOV	witness	rule.frames-are-primitives	Effect4.FrameFiber.getCont_eq_popFrom
E4RTCOV	witness	rule.frames-are-primitives	Effect4.FrameFiber.getCont_empty_stack
E4RTCOV	witness	rule.frames-are-primitives	Effect4.FrameFiber.popFrom_nil
E4RTCOV	witness	rule.frames-are-primitives	Effect4.FrameFiber.popFrom_answer_answer
E4RTCOV	witness	rule.frames-are-primitives	Effect4.FrameFiber.popFrom_answer_popped
E4RTCOV	witness	rule.frames-are-primitives	Effect4.FrameFiber.popFrom_answer_events
E4RTCOV	witness	rule.frames-are-primitives	Effect4.FrameFiber.popFrom_answer_fiber
E4RTCOV	witness	rule.frames-are-primitives	Effect4.FrameFiber.popFrom_continue_answer
E4RTCOV	witness	rule.frames-are-primitives	Effect4.FrameFiber.popFrom_continue_popped
E4RTCOV	witness	rule.frames-are-primitives	Effect4.FrameFiber.popFrom_continue_events
E4RTCOV	witness	rule.frames-are-primitives	Effect4.FrameFiber.popFrom_continue_fiber
E4RTCOV	witness	rule.frames-are-primitives	Effect4.FrameFiber.popFrom_answer_hasArm
E4RTCOV	witness	rule.frames-are-primitives	Effect4.FrameFiber.getCont_answer_hasArm
E4RTCOV	witness	rule.frames-are-primitives	Effect4.FrameFiber.passEvents_ranContAll
E4RTCOV	witness	rule.frames-are-primitives	Effect4.FrameFiber.passEvents_poppedFrames
E4RTCOV	witness	rule.frames-are-primitives	Effect4.FrameFiber.popFrom_popped_eq_events
E4RTCOV	witness	rule.frames-are-primitives	Effect4.FrameFiber.popFrom_ranContAll
E4RTCOV	witness	rule.frames-are-primitives	Effect4.FrameFiber.getCont_ranContAll
E4RTCOV	witness	rule.interrupt-bypasses-handlers	Effect4.Prim.ensure_setInterruptible_flag
E4RTCOV	witness	rule.interrupt-bypasses-handlers	Effect4.FrameFiber.interrupt_skips_every_handler
E4RTCOV	witness	rule.interrupt-bypasses-handlers	Effect4.FrameFiber.getCont_mask_stops_skip
E4RTCOV	witness	rule.interrupt-bypasses-handlers	Effect4.FrameFiber.step_failure
E4RTCOV	witness	rule.yield-is-overloaded	Effect4.Machine.drive_loop_parked
E4RTCOV	witness	rule.yield-is-overloaded	Effect4.Machine.drive_loop_parked_deferred
E4RTCOV	witness	rule.yield-is-overloaded	Effect4.Machine.drive_loop_continues
E4RTCOV	witness	rule.only-fork-child-tracks	Effect4.Machine.spawn_untracked
E4RTCOV	witness	rule.only-fork-child-tracks	Effect4.Machine.drive_trackChild_live
E4RTCOV	witness	rule.only-fork-child-tracks	Effect4.Machine.drive_trackChild_exited
E4RTCOV	witness	rule.only-fork-child-tracks	Effect4.Machine.spawnChild_fields
E4RTCOV	witness	rule.only-fork-child-tracks	Effect4.Machine.withFiber_fork
E4RTCOV	witness	rule.only-fork-child-tracks	Effect4.Machine.withFiber_forkIn
E4RTCOV	witness	rule.only-fork-child-tracks	Effect4.Machine.withFiber_forkScoped_ambient
E4RTCOV	witness	rule.only-fork-child-tracks	Effect4.Machine.launchEntrant_eq
E4RTCOV	witness	rule.only-fork-child-tracks	Effect4.Machine.fireObserver_untrackChild
E4RTCOV	witness	rule.children-interrupted-after-exit	Effect4.Machine.exitFiber_eq
E4RTCOV	witness	rule.children-interrupted-after-exit	Effect4.Machine.exitFiber_children
E4RTCOV	witness	rule.children-interrupted-after-exit	Effect4.Machine.exitInterruptChildren_eq
E4RTCOV	witness	rule.children-interrupted-after-exit	Effect4.Machine.exitInterruptChildren_reenters
E4RTCOV	witness	rule.children-interrupted-after-exit	Effect4.Machine.resumePrim_continueWith
E4RTCOV	witness	rule.children-interrupted-after-exit	Effect4.Machine.exitFiber_finalizing
E4RTCOV	witness	rule.children-interrupted-after-exit	Effect4.Machine.Witnesses.w5_middleware_interrupts_children
E4RTCOV	witness	rule.children-interrupted-after-exit	Effect4.Machine.settle_finished
E4RTCOV	witness	rule.children-interrupted-after-exit	Effect4.Machine.drive_finish
E4RTCOV	witness	rule.scope-close-lifo-state-first	Effect4.Scope.close_state_independent_of_run
E4RTCOV	witness	rule.scope-close-lifo-state-first	Effect4.Scope.closeState_finalizers
E4RTCOV	witness	rule.scope-close-lifo-state-first	Effect4.Scope.close_reentrant_add
E4RTCOV	witness	rule.scope-close-lifo-state-first	Effect4.Scope.closeOrder_last_first
E4RTCOV	witness	rule.scope-close-lifo-state-first	Effect4.Scope.closeExits_reverse
E4RTCOV	witness	rule.cause-has-no-structure	Effect4.Cause.mem_combine
E4RTCOV	witness	rule.cause-has-no-structure	Effect4.Cause.combine_order
E4RTCOV	witness	rule.cause-has-no-structure	Effect4.Cause.combine_no_new_reason
E4RTCOV	witness	rule.cause-has-no-structure	Effect4.Cause.ext
E4RTCOV	witness	rule.start-is-asymmetric	Effect4.Machine.start_eq
E4RTCOV	witness	rule.start-is-asymmetric	Effect4.Machine.runFork_eq
E4RTCOV	witness	rule.record-and-apply-separate	Effect4.Machine.interruptRecord_records
E4RTCOV	witness	rule.record-and-apply-separate	Effect4.Machine.interruptRecord_running_defers
E4RTCOV	witness	rule.record-and-apply-separate	Effect4.Machine.interruptRecord_idle_applies
E4RTCOV	witness	rule.record-and-apply-separate	Effect4.Machine.interruptRecord_masked
E4RTCOV	witness	rule.budget-per-runloop-entry	Effect4.Machine.countOp_count
E4RTCOV	witness	rule.budget-per-runloop-entry	Effect4.Machine.drive_evaluate_enters
E4RTCOV	witness	rule.budget-per-runloop-entry	Effect4.Machine.drive_evaluate_exited
E4RTCOV	witness	rule.budget-per-runloop-entry	Effect4.Machine.drive_evaluate_running
E4RTCOV	witness	rule.budget-per-runloop-entry	Effect4.Machine.injectYield_latched
E4RTCOV	witness	rule.budget-per-runloop-entry	Effect4.Machine.injectYield_fires
E4RTCOV	witness	rule.budget-per-runloop-entry	Effect4.Machine.iteration_injected
E4RTCOV	witness	ref.make	Effect4.Machine.refStep_make
E4RTCOV	witness	ref.make	Effect4.Machine.refMake_twice_distinct
E4RTCOV	witness	ref.get	Effect4.Machine.refStep_get
E4RTCOV	witness	ref.get	Effect4.Machine.refStep_get_after_set
E4RTCOV	witness	ref.set-void-returns-cell	Effect4.Machine.refStep_set
E4RTCOV	witness	ref.set-void-returns-cell	Effect4.Machine.set_answer_ne_update_answer
E4RTCOV	witness	ref.cell-set-returns-self	Effect4.Machine.refStep_set_answers_self
E4RTCOV	witness	ref.get-and-set	Effect4.Machine.refStep_getAndSet
E4RTCOV	witness	ref.set-and-get-assignment	Effect4.Machine.refStep_setAndGet
E4RTCOV	witness	ref.update	Effect4.Machine.refStep_update
E4RTCOV	witness	ref.update	Effect4.Machine.refStep_update_applies_once
E4RTCOV	witness	ref.modify	Effect4.Machine.refStep_modify
E4RTCOV	witness	ref.modify-some-no-reread	Effect4.Machine.refStep_modifySome_eq_modify
E4RTCOV	witness	ref.modify-some-no-reread	Effect4.Machine.refStep_modifySome_none
E4RTCOV	witness	ref.update-some-and-get-reread	Effect4.Machine.refStep_updateSomeAndGet_some
E4RTCOV	witness	deferred.make	Effect4.Machine.deferredStore_make
E4RTCOV	witness	deferred.is-done	Effect4.Machine.deferredStore_isDone
E4RTCOV	witness	deferred.await	Effect4.Machine.awaitDeferred_is_a_park
E4RTCOV	witness	deferred.await	Effect4.Machine.deferredStore_register_pending
E4RTCOV	witness	deferred.await	Effect4.Machine.deferredStore_register_done
E4RTCOV	witness	deferred.single-completion	Effect4.Machine.deferredStore_complete_done
E4RTCOV	witness	deferred.completion-order	Effect4.Machine.deferredStore_complete_pending
E4RTCOV	witness	deferred.completion-order	Effect4.Machine.Witnesses.w13_completion_pop_sees_the_waiter_interrupt
E4RTCOV	witness	deferred.complete-with-stores-effect	Effect4.Machine.deferredStore_complete_stores_argument
E4RTCOV	witness	deferred.complete-with-stores-effect	Effect4.Machine.deferredStore_waiter_receives_stored
E4RTCOV	witness	deferred.done-is-complete-with	Effect4.Machine.doneWith_shared
E4RTCOV	witness	deferred.done-is-complete-with	Effect4.Machine.completionPrim_ofExit
E4RTCOV	witness	deferred.complete-runs-once	Effect4.Machine.deferredStore_complete_done
E4RTCOV	witness	deferred.into-uninterruptible	Effect4.Machine.intoDeferred_spelling
E4RTCOV	witness	deferred.interrupt	Effect4.Machine.interruptDeferred_delegates
E4RTCOV	witness	deferred.interrupt-with	Effect4.Machine.interruptWith_is_completion
E4RTCOV	witness	deferred.poll	Effect4.Machine.deferredPoll_no_write
E4RTCOV	witness	layer.from-build-unsafe	Effect4.Program.Agreement.compileLayer_succeed
E4RTCOV	witness	layer.from-build-child-scope	Effect4.Program.Agreement.compileLayer_effect
E4RTCOV	witness	layer.from-build-child-scope	Effect4.Program.Agreement.contAOf_fromBuildThen_scope
E4RTCOV	witness	layer.from-build-child-scope	Effect4.Machine.finProgram_closeChildOnFailure_failure
E4RTCOV	witness	layer.from-build-child-scope	Effect4.Machine.finProgram_closeChildOnFailure_success
E4RTCOV	witness	layer.build-with-memo-map-service	Effect4.Program.Agreement.contAOf_withMemoMapThen_memoMap
E4RTCOV	witness	layer.build-with-memo-map-service	Effect4.Program.Agreement.currentMemoMapOf_provideService
E4RTCOV	witness	layer.build-with-memo-map-service	Effect4.Program.Agreement.regionCode_buildAdding
E4RTCOV	witness	layer.build-with-memo-map-service	Effect4.Program.Agreement.contAOf_addCurrentMemoMap
E4RTCOV	witness	layer.build-with-memo-map-service	Effect4.Program.Agreement.addCurrentMemoMapK_context
E4RTCOV	witness	layer.memo-build-once	Effect4.Machine.syncOpStep_memoBuild
E4RTCOV	witness	layer.memo-build-once	Effect4.Program.Agreement.contAOf_memoize_unit
E4RTCOV	witness	layer.memo-build-once	Effect4.Program.Agreement.contAOf_buildIntoLayerScope_scope
E4RTCOV	witness	layer.memo-build-once	Effect4.Program.Agreement.contAOf_thenBuildInto
E4RTCOV	witness	layer.memo-build-once	Effect4.Machine.finProgram_memoDone
E4RTCOV	witness	layer.memo-build-once	Effect4.Machine.syncOpStep_memoComplete_some
E4RTCOV	witness	layer.memo-build-once	Effect4.Program.Agreement.resolveLayerTerm_ref
E4RTCOV	witness	layer.memo-finalizer-last-observer	Effect4.Machine.finProgram_memoEntry
E4RTCOV	witness	layer.memo-finalizer-last-observer	Effect4.Machine.syncOpStep_memoRelease_last
E4RTCOV	witness	layer.memo-finalizer-last-observer	Effect4.Machine.syncOpStep_memoRelease_dec
E4RTCOV	witness	layer.memo-finalizer-last-observer	Effect4.Machine.contAOf_closeIfLast_scope
E4RTCOV	witness	layer.memo-finalizer-last-observer	Effect4.Program.Sched.contAOf_closeIfLast_other
E4RTCOV	witness	layer.memo-finalizer-last-observer	Effect4.Program.Agreement.resolveLayerTerm_ref
E4RTCOV	witness	layer.memo-reuse-observer-count	Effect4.Machine.syncOpStep_memoGet_some
E4RTCOV	witness	layer.memo-reuse-observer-count	Effect4.Program.Agreement.contAOf_memoize_hit
E4RTCOV	witness	layer.memo-reuse-observer-count	Effect4.Program.Agreement.resolveLayerTerm_ref
E4RTCOV	witness	layer.memo-map-parent-lookup	Effect4.Machine.MemoWorld.get_own
E4RTCOV	witness	layer.memo-map-parent-lookup	Effect4.Machine.MemoWorld.get_parent
E4RTCOV	witness	layer.memo-get-or-else	Effect4.Program.Agreement.innerLayerAt_effect
E4RTCOV	witness	layer.memo-get-or-else	Effect4.Program.Agreement.suspendBodyAt_memoLookup
E4RTCOV	witness	layer.memo-get-or-else	Effect4.Program.Agreement.contAOf_awaitPromise
E4RTCOV	witness	layer.memo-get-or-else	Effect4.Program.Agreement.contAOf_memoize_hit
E4RTCOV	witness	layer.memo-get-or-else	Effect4.Program.Agreement.contAOf_memoize_unit
E4RTCOV	witness	layer.current-memo-map-fork-or-create	Effect4.Program.Agreement.currentMemoMapOf_addV
E4RTCOV	witness	layer.current-memo-map-fork-or-create	Effect4.Program.Agreement.currentMemoMapOf_empty
E4RTCOV	witness	layer.current-memo-map-fork-or-create	Effect4.Machine.syncOpStep_memoFork
E4RTCOV	witness	layer.current-memo-map-fork-or-create	Effect4.Program.Agreement.buildWithScopeK_context
E4RTCOV	witness	layer.build-uses-ambient-scope	Effect4.Program.Agreement.contAOf_buildWithScopeFromContext
E4RTCOV	witness	layer.build-uses-ambient-scope	Effect4.Program.Agreement.buildWithScopeK_context
E4RTCOV	witness	layer.build-uses-ambient-scope	Effect4.Program.Agreement.contAOf_serviceLookup
E4RTCOV	witness	layer.build-uses-ambient-scope	Effect4.Program.Agreement.serviceLookupK_found
E4RTCOV	witness	layer.build-uses-ambient-scope	Effect4.Program.Agreement.serviceLookupK_missing
E4RTCOV	witness	layer.build-with-scope-still-forks-memo	Effect4.Program.Agreement.provideLayerWithK_at
E4RTCOV	witness	layer.build-with-scope-still-forks-memo	Effect4.Program.Agreement.contAOf_buildWithScopeFromContext
E4RTCOV	witness	layer.build-with-scope-still-forks-memo	Effect4.Program.Agreement.buildWithScopeK_context
E4RTCOV	witness	layer.merge-parallel-scopes	Effect4.Program.Agreement.compileLayer_merge
E4RTCOV	witness	layer.merge-parallel-scopes	Effect4.Program.Agreement.innerLayerAt_merge
E4RTCOV	witness	layer.merge-parallel-scopes	Effect4.Program.Agreement.contAOf_mergeChildren_scope
E4RTCOV	witness	layer.merge-parallel-scopes	Effect4.Program.Agreement.contAOf_mergeForkOne_scope
E4RTCOV	witness	layer.merge-parallel-scopes	Effect4.Program.Agreement.withFiberOf_forkLayer
E4RTCOV	witness	layer.merge-parallel-scopes	Effect4.Program.Agreement.contAOf_mergeForkNext_fiber
E4RTCOV	witness	layer.merge-parallel-scopes	Effect4.Program.Agreement.innerLayerAt_mergeAll
E4RTCOV	witness	layer.merge-parallel-scopes	Effect4.Program.Agreement.mergeAllCount_of_at
E4RTCOV	witness	layer.merge-parallel-scopes	Effect4.Program.Agreement.contAOf_mergeAllChildren_scope
E4RTCOV	witness	layer.merge-parallel-scopes	Effect4.Program.Agreement.contAOf_mergeAllForkOne_scope
E4RTCOV	witness	layer.merge-parallel-scopes	Effect4.Program.Agreement.contAOf_mergeAllForkNext_fiber
E4RTCOV	witness	layer.merge-parallel-scopes	Effect4.Program.Agreement.withFiberOf_awaitAllFailFast
E4RTCOV	witness	layer.merge-parallel-scopes	Effect4.Program.Agreement.contAOf_mergeContexts
E4RTCOV	witness	layer.merge-parallel-scopes	Effect4.Program.Agreement.mergeContextsK_contexts
E4RTCOV	witness	layer.provide-dependency-first	Effect4.Program.Agreement.compileLayer_provide
E4RTCOV	witness	layer.provide-dependency-first	Effect4.Program.Agreement.compileLayer_provideMerge
E4RTCOV	witness	layer.provide-dependency-first	Effect4.Program.Agreement.innerLayerAt_provide
E4RTCOV	witness	layer.provide-dependency-first	Effect4.Program.Agreement.contAOf_provideThen
E4RTCOV	witness	layer.provide-dependency-first	Effect4.Program.Agreement.provideThenK_context
E4RTCOV	witness	layer.provide-dependency-first	Effect4.Program.Agreement.regionCode_build
E4RTCOV	witness	layer.provide-dependency-first	Effect4.Program.Agreement.contAOf_combineWith
E4RTCOV	witness	layer.provide-dependency-first	Effect4.Program.Agreement.combineWithK_provide
E4RTCOV	witness	layer.provide-dependency-first	Effect4.Program.Agreement.combineWithK_provideMerge
E4RTCOV	witness	layer.fresh-drops-memoization	Effect4.Program.Agreement.compileLayer_fresh
E4RTCOV	witness	layer.fresh-drops-memoization	Effect4.Program.Agreement.contAOf_freshThen_memoMap
E4RTCOV	witness	layer.launch-holds-scope	Effect4.Program.Agreement.provideLayerWithK_at
E4RTCOV	witness	layer.launch-holds-scope	Effect4.Program.Agreement.finalizerProgram_scopeClose
E4RTCOV	witness	layer.provide-effect-scope	Effect4.Program.Agreement.compileEff_provideLayer
E4RTCOV	witness	layer.provide-effect-scope	Effect4.Program.Agreement.suspendBodyAt_provideLayer
E4RTCOV	witness	layer.provide-effect-scope	Effect4.Program.Agreement.contAOf_provideLayerWith_scope
E4RTCOV	witness	layer.provide-effect-scope	Effect4.Program.Agreement.provideLayerWithK_at
E4RTCOV	witness	layer.provide-effect-scope	Effect4.Program.Agreement.contAOf_provideLayerBody
E4RTCOV	witness	layer.provide-effect-scope	Effect4.Program.Agreement.provideLayerBodyK_context
E4RTCOV	witness	layer.provide-effect-scope	Effect4.Program.Agreement.contAOf_updateThen
E4RTCOV	witness	layer.provide-effect-scope	Effect4.Program.Agreement.updateThenK_context
E4RTCOV	witness	layer.provide-effect-scope	Effect4.Program.Agreement.contAOf_bodyThen
E4RTCOV	witness	layer.provide-effect-scope	Effect4.Program.Agreement.finalizerProgram_scopeClose
E4RTCOV	coverage	137	135	8	132	2	0	1
info: Test/Audit/TraversalCensus.lean:83:0: #traversal_census Effect4.Program.Eff (family [Effect4.Program.Eff,
 Effect4.Program.Stmt,
 Effect4.Program.Stmts,
 Effect4.Program.Effs,
 Effect4.Program.ActionTerm,
 Effect4.Program.LayerTerm,
 Effect4.Program.LayerTerms]) under Effect4: 351 definitions take a family value (5 private) — fold 23, generated 42, structural 33 (of which 25 with a fold beside them, 0 instance implementations), wf 4 (of which 0 with a fold beside them), one-level 28 (of which 0 with a fold beside them), delegates 175, opaque 46; declared folds: [Effect4.Program.cata_layer,
 Effect4.Program.cata_frontier_eff,
 Effect4.Program.cata_stmts,
 Effect4.Program.cataFam,
 Effect4.Program.cata_frontier_action,
 Effect4.Program.cata_stmt,
 Effect4.Program.cata_eff,
 Effect4.Program.cata_effs,
 Effect4.Program.cata_action,
 Effect4.Program.cata_frontier_stmts,
 Effect4.Program.cata_layers,
 Effect4.Program.cata_frontier_stmt,
 Effect4.Program.cata_frontier_effs]
  delegates	Effect4.Api:94	Effect4.Api.typeOf	(Eff)	→ [Effect4.Program.typeOfProgram]
  delegates	Effect4.Api:99	Effect4.Api.checkTyping	(Eff)	→ [Effect4.Program.checkTypedProgram]
  delegates	Effect4.Api:105	Effect4.Api.wellTyped	(Eff)	→ [Effect4.Api.typeOf]
  delegates	Effect4.Api:108	Effect4.Api.explain	(Eff)	→ [Effect4.Program.Eff.refSites, Effect4.Program.Eff.layerRefsWF, Effect4.Program.Eff.expandRefs, Effect4.Program.explain]
  delegates	Effect4.Api:119	Effect4.Api.blame	(Eff)	→ [Effect4.Api.explain]
  delegates	Effect4.Api:136	Effect4.Api.print	(Eff)	→ [Effect4.Program.print]
  delegates	Effect4.Api:155	Effect4.Api.readable	(Eff)	→ [Effect4.Program.readable]
  delegates	Effect4.Api:162	Effect4.Api.roundTrip	(Eff)	→ [Effect4.Program.roundTrip]
  delegates	Effect4.Api:169	Effect4.Api.bytesOf	(Eff)	→ [Effect4.Program.Wire.encodeProgram]
  delegates	Effect4.Api:177	Effect4.Api.printDecl	(Eff)	→ [Effect4.Program.TypedProgram.ty, Effect4.Api.checkTyping, Effect4.Api.print]
  delegates	Effect4.Api:184	Effect4.Api.printModule	(Eff)	→ [Effect4.Codegen.emitModule, Effect4.Codegen.ModuleEmission.module]
  delegates	Effect4.Api:192	Effect4.Api.emitModule	(Eff)	→ [Effect4.Codegen.emitModule]
  delegates	Effect4.Api:238	Effect4.Api.compile	(Eff)	→ [Effect4.Program.compile]
  delegates	Effect4.Api:249	Effect4.Api.load	(Eff)	→ [Effect4.Api.compile]
  delegates	Effect4.Api:274	Effect4.Api.replay	(Eff)	→ [Effect4.Program.interpOf, Effect4.Api.load, Effect4.Program.evaluatorFor]
  delegates	Effect4.Api:291	Effect4.Api.Tape.Complete	(Eff)	→ [Effect4.Api.replay]
  delegates	Effect4.Api:307	Effect4.Api.run	(Eff)	→ [Effect4.Api.replay]
  delegates	Effect4.Api:316	Effect4.Api.runSync	(Eff)	→ [Effect4.Api.compile, Effect4.Program.interpOf, Effect4.Program.evaluatorFor]
  delegates	Effect4.Api:348	Effect4.Api.replayChecked	(Eff)	→ [Effect4.Program.replayCheckedFrom, Effect4.Api.load]
  delegates	Effect4.Api:361	Effect4.Api.replaySteps	(Eff)	→ [Effect4.Program.replayStepsFrom, Effect4.Api.load]
  delegates	Effect4.Api:404	Effect4.Api.imageCertificate	(Eff)	→ [Effect4.Api.readable]
  delegates	Effect4.Api:413	Effect4.Api.runAdmitted	(Eff)	→ [Effect4.Program.TypedProgram.ty, Effect4.Api.run, Effect4.Program.AdmittedProgram.toTypedProgram]
  delegates	Effect4.Api:421	Effect4.Api.replayAdmitted	(Eff)	→ [Effect4.Api.replay, Effect4.Program.TypedProgram.ty, Effect4.Program.AdmittedProgram.toTypedProgram]
  delegates	Effect4.Api:443	Effect4.Api.check	(Eff)	→ [Effect4.Program.typeOfProgram, Effect4.Api.wellTyped, Effect4.Api.explain]
  delegates	Effect4.Api.HostSession:127	Effect4.Api.HostSession.start	(Eff)	→ [Effect4.Api.load, Effect4.Program.admitProgram]
  delegates	Effect4.Api.HostSession:140	Effect4.Api.HostSession.outstanding	(Eff)	→ [Effect4.Api.HostSession.Session.machine]
  delegates	Effect4.Api.HostSession:143	Effect4.Api.HostSession.bindCall	(Eff)	→ [Effect4.Api.HostSession.Session.nextCall, Effect4.Api.HostSession.Session.machine, Effect4.Api.HostSession.Session.applied, Effect4.Api.HostSession.Session.pending, Effect4.Api.HostSession.Session.retired, Effect4.Api.HostSession.Session.consumed, Effect4.Api.HostSession.Session.admitted, Effect4.Api.HostSession.Session.active, Effect4.Api.HostSession.Session.header]
  delegates	Effect4.Api.HostSession:160	Effect4.Api.HostSession.preflight	(Eff)	→ [Effect4.Api.HostSession.Session.machine, Effect4.Api.HostSession.Session.active, Effect4.Api.HostSession.Session.header]
  delegates	Effect4.Api.HostSession:175	Effect4.Api.HostSession.pendingReplies	(Eff)	→ [Effect4.Api.HostSession.Session.pending]
  delegates	Effect4.Api.HostSession:179	Effect4.Api.HostSession.submit	(Eff)	→ [Effect4.Api.HostSession.Session.nextCall, Effect4.Api.HostSession.Session.machine, Effect4.Api.HostSession.Session.applied, Effect4.Api.HostSession.Session.pending, Effect4.Api.HostSession.Session.retired, Effect4.Api.HostSession.Session.consumed, Effect4.Api.HostSession.Session.admitted, Effect4.Api.HostSession.preflight, Effect4.Api.HostSession.Session.active, Effect4.Api.HostSession.Session.header]
  delegates	Effect4.Api.HostSession:191	Effect4.Api.HostSession.retire	(Eff)	→ [Effect4.Api.HostSession.Session.nextCall, Effect4.Api.HostSession.Session.machine, Effect4.Api.HostSession.Session.applied, Effect4.Api.HostSession.Session.pending, Effect4.Api.HostSession.Session.retired, Effect4.Api.HostSession.Session.consumed, Effect4.Api.HostSession.Session.admitted, Effect4.Api.HostSession.Session.active, Effect4.Api.HostSession.Session.header]
  delegates	Effect4.Api.HostSession:201	Effect4.Api.HostSession.applyReply	(Eff)	→ [Effect4.Api.HostSession.Session.nextCall, Effect4.Api.HostSession.Session.machine, Effect4.Api.HostSession.Session.applied, Effect4.Api.HostSession.Session.pending, Effect4.Api.HostSession.Session.retired, Effect4.Program.steppedBy, Effect4.Api.HostSession.Session.consumed, Effect4.Api.HostSession.Session.admitted, Effect4.Api.HostSession.preflight, Effect4.Api.HostSession.retire, Effect4.Api.HostSession.Session.active, Effect4.Api.HostSession.Session.header]
  delegates	Effect4.Api.HostSession:227	Effect4.Api.HostSession.applyPending	(Eff)	→ [Effect4.Api.HostSession.applyReply, Effect4.Api.HostSession.pendingReplies]
  delegates	Effect4.Api.HostSession:237	Effect4.Api.HostSession.advance	(Eff)	→ [Effect4.Api.HostSession.Session.nextCall, Effect4.Program.interpOf, Effect4.Api.HostSession.Session.machine, Effect4.Api.HostSession.Session.applied, Effect4.Api.HostSession.Session.pending, Effect4.Api.HostSession.Session.retired, Effect4.Api.HostSession.Session.consumed, Effect4.Api.HostSession.Session.admitted, Effect4.Api.HostSession.retire, Effect4.Api.HostSession.Session.active, Effect4.Api.HostSession.Session.header, Effect4.Program.evaluatorFor]
  delegates	Effect4.Api.HostSession:252	Effect4.Api.HostSession.inspect	(Eff)	→ [Effect4.Program.interpOf, Effect4.Api.HostSession.Session.machine, Effect4.Program.evaluatorFor]
  delegates	Effect4.Api.Runner:55	Effect4.Api.Runner.load	(Eff)	→ [Effect4.Api.HostSession.start]
  delegates	Effect4.Api.TestClock:41	Effect4.Api.TestClock.run	(Eff)	→ [Effect4.Api.replay]
  delegates	Effect4.Api.TestClock:55	Effect4.Api.TestClock.synthesize	(Eff)	→ [Effect4.Api.TestClock.sleepDeadlines]
  delegates	Effect4.Api.TestClock:59	Effect4.Api.TestClock.runSequential	(Eff)	→ [Effect4.Api.TestClock.sleepDeadlines, Effect4.Api.TestClock.run]
  delegates	Effect4.Api.TestClock:86	Effect4.Api.TestClock.runDilated	(Eff)	→ [Effect4.Api.TestClock.dilateTime, Effect4.Api.TestClock.runSequential]
  delegates	Effect4.Codegen.Checked:38	Effect4.Codegen.ModuleEmission.module	(Eff)	→ [Effect4.Codegen.ModuleEmission.declarations]
  delegates	Effect4.Codegen.Checked:43	Effect4.Codegen.emitTypedModule	(Eff)	→ [Effect4.Program.TypedProgram.ty, Effect4.Program.printEntry]
  delegates	Effect4.Codegen.Checked:52	Effect4.Codegen.emitModule	(Eff)	→ [Effect4.Program.checkTypedProgram, Effect4.Codegen.emitTypedModule]
  delegates	Effect4.Codegen.Forms:56	Effect4.Codegen.Forms.insert	(Eff)	→ [Effect4.Program.Eff.weaken]
  delegates	Effect4.Codegen.Print:34	Effect4.Program.print	(Eff)	→ [Effect4.Codegen.Templates.printT]
  delegates	Effect4.Codegen.Print:40	Effect4.Program.printLayer	(LayerTerm)	→ [Effect4.Codegen.Templates.printLayerT]
  delegates	Effect4.Codegen.Print:135	Effect4.Program.printModule	(Eff)	→ [Effect4.Program.printLayer, Effect4.Program.print, Effect4.Program.Eff.hoistAll]
  delegates	Effect4.Codegen.Print:158	Effect4.Program.printEntry	(Eff)	→ [Effect4.Program.printModule]
  delegates	Effect4.Codegen.Read:779	Effect4.Program.roundTrip	(Eff)	→ [Effect4.Program.print]
  delegates	Effect4.Codegen.Read:787	Effect4.Program.readable	(Eff)	→ [Effect4.Program.instDecidableEqEff, Effect4.Program.roundTrip]
  delegates	Effect4.Codegen.Read:805	Effect4.Program.ReadsBack	(Eff)	→ [Effect4.Program.print]
  delegates	Effect4.Codegen.Read:811	Effect4.Program.LayerTerm.ReadsBack	(LayerTerm)	→ [Effect4.Program.printLayer]
  delegates	Effect4.Laws.Program.Agreement:65	Effect4.Program.Agreement.primOf	(Eff)	→ [Effect4.Program.interpAt]
  delegates	Effect4.Laws.Program.Agreement:94	Effect4.Program.Agreement.resumeOf	(Eff)	→ [Effect4.Program.Agreement.primOf]
  delegates	Effect4.Laws.Program.Agreement:108	Effect4.Program.Agreement.exitFrom	(Eff)	→ [Effect4.Program.interpAt, Effect4.Program.Agreement.resumeOf]
  delegates	Effect4.Laws.Program.Agreement:136	Effect4.Program.Agreement.localStep	(Eff)	→ [Effect4.Program.Agreement.exitFrom, Effect4.Program.syncValueAt, Effect4.Program.Agreement.primOf]
  delegates	Effect4.Laws.Program.Agreement:182	Effect4.Program.Agreement.localRun	(Eff)	→ [Effect4.Program.Agreement.localStep]
  delegates	Effect4.Laws.Program.Agreement:1494	Effect4.Program.Agreement.Reaches	(Eff)	→ [Effect4.Program.Agreement.localRun]
  delegates	Effect4.Laws.Program.Agreement.Machine:799	Effect4.Program.Agreement.exitedAt	(Eff)	→ [Effect4.Program.interpOf]
  delegates	Effect4.Laws.Program.Agreement.Machine:813	Effect4.Program.Agreement.Mexit	(Eff)	→ [Effect4.Program.Agreement.exitedAt]
  delegates	Effect4.Laws.Program.Agreement.Machine:1600	Effect4.Program.Agreement.Owes	(Eff)	→ [Effect4.Program.interpOf, Effect4.Program.Agreement.localRun, Effect4.Program.evaluatorFor]
  delegates	Effect4.Laws.Program.Denote:129	Effect4.Program.Denote.meaning	(Eff)	→ [Effect4.Program.Denote.denote]
  delegates	Effect4.Laws.Program.DenoteB:201	Effect4.Program.Denote.leafB	(Eff)	→ [Effect4.Program.Denote.Straight, Effect4.Program.Denote.denote]
  delegates	Effect4.Laws.Program.DenoteB:240	Effect4.Program.Denote.meaningB	(Eff)	→ [Effect4.Program.Denote.denoteB]
  delegates	Effect4.Laws.Program.DenoteR:214	Effect4.Program.Sched.denoteAction	(Eff)	→ [Effect4.Program.Sched.denoteFiberAction, Effect4.Program.actionAt]
  delegates	Effect4.Laws.Program.DenoteR:783	Effect4.Program.Sched.denoteRWith	(Eff)	→ [Effect4.Program.Sched.denoteLayerBody, Effect4.Program.Sched.denoteEffBody, Effect4.Program.Sched.denoteLayerZero]
  delegates	Effect4.Laws.Program.DenoteR:789	Effect4.Program.Sched.denoteLayerWith	(Eff)	→ [Effect4.Program.Sched.denoteLayerBody, Effect4.Program.Sched.denoteEffBody, Effect4.Program.Sched.denoteLayerZero]
  delegates	Effect4.Laws.Program.DenoteR:798	Effect4.Program.Sched.denoteR	(Eff)	→ [Effect4.Program.Sched.denoteRWith]
  delegates	Effect4.Laws.Program.DenoteR:801	Effect4.Program.Sched.denoteLayer	(Eff)	→ [Effect4.Program.Sched.denoteLayerWith]
  delegates	Effect4.Laws.Program.EvaluateR:345	Effect4.Program.Sched.termEvaluatorFor	(Eff)	→ [Effect4.Program.Sched.interpRAt]
  delegates	Effect4.Laws.Program.Guard.Core:28	Effect4.Program.Guard.executePrefix	(Eff)	→ [Effect4.Program.steppedBy]
  delegates	Effect4.Laws.Program.Guard.Core:32	Effect4.Program.Guard.Reachable	(Eff)	→ [Effect4.Api.load, Effect4.Program.Guard.executePrefix]
  delegates	Effect4.Laws.Program.Guard.Core:1149	Effect4.Program.Guard.CommandAuthority	(Eff)	→ [Effect4.Program.interpOf]
  delegates	Effect4.Laws.Program.Guard.Core:3483	Effect4.Program.Guard.spawnedChild	(Eff)	→ [Effect4.Program.interpOf]
  delegates	Effect4.Laws.Program.Guard.Finish:41	Effect4.Program.Guard.Finish.childExitFiber	(Eff)	→ [Effect4.Program.interpOf]
  delegates	Effect4.Laws.Program.Guard.LocalDecision:66	Effect4.Program.Guard.LocalDecision.interruptBeforeLoop	(Eff)	→ [Effect4.Program.interpOf]
  delegates	Effect4.Laws.Program.Handles.Evaluation:297	Effect4.Program.AnswersValid	(Eff)	→ [Effect4.Program.interpOf, Effect4.Api.load, Effect4.Program.evaluatorFor]
  delegates	Effect4.Laws.Program.Handles.Evaluation:305	Effect4.Program.instDecidableAnswersValid [instance]	(Eff)	→ [Effect4.Program.interpOf, Effect4.Api.load, Effect4.Program.AnswersValid, Effect4.Program.evaluatorFor]
  delegates	Effect4.Laws.Program.Hoisting:22	Effect4.Program.undoStep [private]	(Eff)	→ [Effect4.Program.Node.replaceLayerAt]
  delegates	Effect4.Laws.Program.Hoisting:26	Effect4.Program.undoHistory [private]	(Eff)	→ [Effect4.Program.undoStep]
  delegates	Effect4.Laws.Program.InterpR:99	Effect4.Program.Sched.denoteAt	(Eff)	→ [Effect4.Program.Sched.denoteR]
  delegates	Effect4.Laws.Program.InterpR:171	Effect4.Program.Sched.layerBuildR	(Eff)	→ [Effect4.Program.Sched.denoteLayer]
  delegates	Effect4.Laws.Program.InterpR:177	Effect4.Program.Sched.denoteBody	(Eff)	→ [Effect4.Program.Sched.layerBuildR, Effect4.Program.Sched.denoteAt]
  delegates	Effect4.Laws.Program.InterpR:255	Effect4.Program.Sched.loopFinishRAt	(Eff)	→ [Effect4.Program.loopResultAt]
  delegates	Effect4.Laws.Program.InterpR:265	Effect4.Program.Sched.loopNextRAt	(Eff)	→ [Effect4.Program.Sched.denoteAt, Effect4.Program.loopAt, Effect4.Program.Sched.loopFinishRAt]
  delegates	Effect4.Laws.Program.InterpR:276	Effect4.Program.Sched.loopResumeRAt	(Eff)	→ [Effect4.Program.loopAt, Effect4.Program.Sched.loopNextRAt]
  delegates	Effect4.Laws.Program.InterpR:285	Effect4.Program.Sched.interpR	(Eff)	→ [Effect4.Program.Sched.layerBuildR, Effect4.Program.interpOf, Effect4.Program.Sched.loopResumeRAt, Effect4.Program.Sched.denoteAt, Effect4.Program.Sched.loopNextRAt, Effect4.Program.Sched.walkR]
  delegates	Effect4.Laws.Program.InterpR:383	Effect4.Program.Sched.interpRAt	(Eff)	→ [Effect4.Program.Sched.loopResumeRAt, Effect4.Program.Sched.denoteAt, Effect4.Program.Sched.loopNextRAt, Effect4.Program.Sched.interpR, Effect4.Program.Sched.walkR]
  delegates	Effect4.Laws.Program.LoopAgreement:26	Effect4.Program.Agreement.LoopAgreement	(Eff)	→ [Effect4.Api.run, Effect4.Program.Denote.meaningB]
  delegates	Effect4.Laws.Program.MeaningSound:341	Effect4.Program.Denote.Sound	(Eff)	→ [Effect4.Program.Denote.denoteWith, Effect4.Program.Denote.denote]
  delegates	Effect4.Laws.Program.Means:77	Effect4.Program.Sched.finalizerCodeAt	(Eff)	→ [Effect4.Program.interpAt]
  delegates	Effect4.Laws.Program.ReferenceTyping:121	Effect4.Program.Eff.expandIn	(Eff)	→ [Effect4.Program.Eff.expandRound, Effect4.Program.Eff.refSites]
  delegates	Effect4.Laws.Program.ReferenceTyping:126	Effect4.Program.LayerTerm.expandIn	(Eff)	→ [Effect4.Program.Eff.refSites, Effect4.Program.LayerTerm.expandRound]
  delegates	Effect4.Laws.Program.RuntimeR:40	Effect4.Program.Sched.loadR	(Eff)	→ [Effect4.Program.Sched.denoteR]
  delegates	Effect4.Laws.Program.RuntimeR:50	Effect4.Program.Sched.replayR	(Eff)	→ [Effect4.Program.Sched.loadR, Effect4.Program.Sched.termEvaluatorFor, Effect4.Program.Sched.interpR]
  delegates	Effect4.Laws.Program.RuntimeR:56	Effect4.Program.Sched.SufficientR	(Eff)	→ [Effect4.Program.Sched.termEvaluatorFor, Effect4.Program.Sched.interpR]
  delegates	Effect4.Laws.Program.RuntimeR:62	Effect4.Program.Sched.BehR	(Eff)	→ [Effect4.Program.Sched.SufficientR, Effect4.Program.Sched.termEvaluatorFor, Effect4.Program.Sched.interpR]
  delegates	Effect4.Laws.Program.Simulation.Actions:26	Effect4.Program.Sched.AnswerRel	(Eff)	→ [Effect4.Program.Sched.FMeans]
  delegates	Effect4.Laws.Program.Simulation.Actions:172	Effect4.Program.Sched.TripleRel	(Eff)	→ [Effect4.Program.Sched.FMeans, Effect4.Program.Sched.BMeans]
  delegates	Effect4.Laws.Program.Simulation.Actions:177	Effect4.Program.Sched.CmdsRel	(Eff)	→ [Effect4.Program.Sched.CMeans, Effect4.Program.Sched.BMeans]
  delegates	Effect4.Laws.Program.Simulation.Deliver:121	Effect4.Program.Sched.scopedExitAt	(Eff)	→ [Effect4.Program.interpAt]
  delegates	Effect4.Laws.Program.Simulation.Fibers:33	Effect4.Program.Sched.FMeans	(Eff)	→ [Effect4.Program.Sched.Means]
  delegates	Effect4.Laws.Program.Simulation.Fibers:37	Effect4.Program.Sched.BMeans	(Eff)	→ [Effect4.Program.Sched.Means]
  delegates	Effect4.Laws.Program.Typing.Check:23	Effect4.Program.checkTyping	(Eff)	→ [Effect4.Program.effTy]
  delegates	Effect4.Laws.Program.Typing.Check:42	Effect4.Program.assessTyping	(Eff)	→ [Effect4.Program.checkTyping]
  delegates	Effect4.Laws.Run:743	Effect4.Run.replayFrom	(Eff)	→ [Effect4.Program.interpOf, Effect4.Program.evaluatorFor]
  delegates	Effect4.Laws.Run:749	Effect4.Run.enoughFor	(Eff)	→ [Effect4.Program.interpOf, Effect4.Program.evaluatorFor]
  delegates	Effect4.Program.Admission:336	Effect4.Program.admitProgram	(Eff)	→ [Effect4.Program.checkTypedProgram, Effect4.Program.TypedProgram.ty, Effect4.Program.findIntInProgram]
  delegates	Effect4.Program.Admission:387	Effect4.Program.admitStraightProgram	(Eff)	→ [Effect4.Program.Denote.Straight, Effect4.Program.admitProgram]
  delegates	Effect4.Program.Admit:114	Effect4.Program.replayCheckedFrom	(Eff)	→ [Effect4.Program.interpOf, Effect4.Program.evaluatorFor]
  delegates	Effect4.Program.Admit:138	Effect4.Program.replayStepsFrom	(Eff)	→ [Effect4.Program.interpOf, Effect4.Program.evaluatorFor]
  delegates	Effect4.Program.Admit:254	Effect4.Program.steppedBy	(Eff)	→ [Effect4.Program.interpOf, Effect4.Program.evaluatorFor]
  delegates	Effect4.Program.Admit:262	Effect4.Program.AcceptedOnce	(Eff)	→ [Effect4.Program.steppedBy]
  delegates	Effect4.Program.Authoring:340	Effect4.Program.Authoring.placeholderSites [private]	(Eff)	→ [Effect4.Program.Eff.refSites]
  delegates	Effect4.Program.Authoring:348	Effect4.Program.Authoring.placeRounds [private]	(Eff)	→ [Effect4.Program.Node.replaceLayerAt, Effect4.Program.Authoring.placeholderSites]
  delegates	Effect4.Program.Authoring:363	Effect4.Program.Authoring.pointAtPlaced [private]	(Eff)	→ [Effect4.Program.Node.replaceLayerAt, Effect4.Program.Authoring.placeholderSites]
  delegates	Effect4.Program.CheckedTyping:23	Effect4.Program.checkTypedProgram	(Eff)	→ [Effect4.Program.typeOfProgram]
  delegates	Effect4.Program.Checker:422	Effect4.Program.explain	(Eff)	→ [Effect4.Program.Checker.check]
  delegates	Effect4.Program.Checker:428	Effect4.Program.blame	(Eff)	→ [Effect4.Program.explain]
  delegates	Effect4.Program.Compile:657	Effect4.Program.resolve	(Eff)	→ [Effect4.Program.compileEff]
  delegates	Effect4.Program.Compile:694	Effect4.Program.resolveLayer	(Eff)	→ [Effect4.Program.resolveLayer.resolveLayerTerm]
  delegates	Effect4.Program.Compile:767	Effect4.Program.regionCode	(Eff)	→ [Effect4.Program.resolveLayer, Effect4.Program.resolve]
  delegates	Effect4.Program.Compile:799	Effect4.Program.provideLayerBodyK	(Eff)	→ [Effect4.Program.resolve]
  delegates	Effect4.Program.Compile:809	Effect4.Program.updateThenK	(Eff)	→ [Effect4.Program.regionCode]
  delegates	Effect4.Program.Compile:903	Effect4.Program.blockEnv	(Eff)	→ [Effect4.Program.blockAt, Effect4.Program.localBinds]
  delegates	Effect4.Program.Compile:1076	Effect4.Program.contAOf	(Eff)	→ [Effect4.Program.innerLayerAt, Effect4.Program.provideLayerWithK, Effect4.Program.resolveLayer, Effect4.Program.provideLayerBodyK, Effect4.Program.constructionAt, Effect4.Program.updateThenK, Effect4.Program.mergeAllCount, Effect4.Program.regionCode, Effect4.Program.resolve]
  delegates	Effect4.Program.Compile:1328	Effect4.Program.loopFinishAt	(Eff)	→ [Effect4.Program.loopResultAt]
  delegates	Effect4.Program.Compile:1339	Effect4.Program.loopNextAt	(Eff)	→ [Effect4.Program.loopAt, Effect4.Program.loopFinishAt, Effect4.Program.resolve]
  delegates	Effect4.Program.Compile:1351	Effect4.Program.loopResumeAt	(Eff)	→ [Effect4.Program.loopAt, Effect4.Program.loopNextAt]
  delegates	Effect4.Program.Compile:1412	Effect4.Program.interpOf	(Eff)	→ [Effect4.Program.contEOf, Effect4.Program.loopResumeAt, Effect4.Program.syncValueAt, Effect4.Program.forkScopedAt, Effect4.Program.resolveLayer, Effect4.Program.actionAt, Effect4.Program.loopNextAt, Effect4.Program.contAOf, Effect4.Program.suspendBodyAt, Effect4.Program.runStmts, Effect4.Program.resolve]
  delegates	Effect4.Program.Compile:1567	Effect4.Program.interpAt	(Eff)	→ [Effect4.Program.contEOf, Effect4.Program.loopResumeAt, Effect4.Program.interpOf, Effect4.Program.loopNextAt, Effect4.Program.contAOf, Effect4.Program.suspendBodyAt, Effect4.Program.runStmts, Effect4.Program.resolve]
  delegates	Effect4.Program.Compile:1602	Effect4.Program.enterScoped	(Eff)	→ [Effect4.Program.resolve]
  delegates	Effect4.Program.Compile:1620	Effect4.Program.exitScoped	(Eff)	→ [Effect4.Program.interpAt]
  delegates	Effect4.Program.Compile:1670	Effect4.Program.evaluatorFor	(Eff)	→ [Effect4.Program.evaluateNative]
  delegates	Effect4.Program.Compile:1682	Effect4.Program.compile	(Eff)	→ [Effect4.Program.compileEff]
  delegates	Effect4.Program.Fold:3445	FoldAcceptance.foldMono	(Eff)	→ [FoldAcceptance.EffMonoAlgebra.onLayer, Effect4.Program.foldMap_eff, FoldAcceptance.EffMonoAlgebra.onAction, FoldAcceptance.EffMonoAlgebra.onStmt, FoldAcceptance.EffMonoAlgebra.onEff]
  delegates	Effect4.Program.Fold:3465	FoldAcceptance.subtermCount	(Eff)	→ [Effect4.Program.foldMap_eff]
  delegates	Effect4.Program.Fold:3597	FoldAcceptance.countNodes	(Eff)	→ [Effect4.Program.foldM_eff]
  delegates	Effect4.Program.Provision:416	Effect4.Program.Provision.runNative	(Eff)	→ [Effect4.Program.interpOf, Effect4.Program.compile, Effect4.Program.evaluatorFor]
  delegates	Effect4.Program.Provision:433	Effect4.Program.Provision.buildServices	(LayerTerm)	→ [Effect4.Program.Provision.runNative]
  delegates	Effect4.Program.Provision:440	Effect4.Program.Provision.buildSucceeds	(LayerTerm)	→ [Effect4.Program.Provision.runNative]
  delegates	Effect4.Program.Provision:446	Effect4.Program.Provision.provideThenService	(LayerTerm)	→ [Effect4.Program.Provision.runNative]
  delegates	Effect4.Program.Provision:451	Effect4.Program.Provision.specKeys	(LayerTerm)	→ [Effect4.Program.Provision.build]
  delegates	Effect4.Program.Refs:107	Effect4.Program.Eff.refSites	(Eff)	→ [Effect4.Program.foldMapAt_eff, Effect4.Program.LayerTerm.refSite]
  delegates	Effect4.Program.Refs:112	Effect4.Program.Stmts.refSites	(Stmts)	→ [Effect4.Program.foldMapAt_stmts, Effect4.Program.LayerTerm.refSite]
  delegates	Effect4.Program.Refs:114	Effect4.Program.Stmt.refSites	(Stmt)	→ [Effect4.Program.LayerTerm.refSite, Effect4.Program.foldMapAt_stmt]
  delegates	Effect4.Program.Refs:116	Effect4.Program.Effs.refSites	(Effs)	→ [Effect4.Program.LayerTerm.refSite, Effect4.Program.foldMapAt_effs]
  delegates	Effect4.Program.Refs:118	Effect4.Program.ActionTerm.refSites	(ActionTerm)	→ [Effect4.Program.LayerTerm.refSite, Effect4.Program.foldMapAt_action]
  delegates	Effect4.Program.Refs:120	Effect4.Program.LayerTerm.refSites	(LayerTerm)	→ [Effect4.Program.foldMapAt_layer, Effect4.Program.LayerTerm.refSite]
  delegates	Effect4.Program.Refs:122	Effect4.Program.LayerTerms.refSites	(LayerTerms)	→ [Effect4.Program.LayerTerm.refSite, Effect4.Program.foldMapAt_layers]
  delegates	Effect4.Program.Refs:162	Effect4.Program.Eff.layerPaths	(Eff)	→ [Effect4.Program.foldMapAt_eff]
  delegates	Effect4.Program.Refs:166	Effect4.Program.Stmts.layerPaths	(Stmts)	→ [Effect4.Program.foldMapAt_stmts]
  delegates	Effect4.Program.Refs:168	Effect4.Program.Stmt.layerPaths	(Stmt)	→ [Effect4.Program.foldMapAt_stmt]
  delegates	Effect4.Program.Refs:170	Effect4.Program.Effs.layerPaths	(Effs)	→ [Effect4.Program.foldMapAt_effs]
  delegates	Effect4.Program.Refs:172	Effect4.Program.ActionTerm.layerPaths	(ActionTerm)	→ [Effect4.Program.foldMapAt_action]
  delegates	Effect4.Program.Refs:174	Effect4.Program.LayerTerm.layerPaths	(LayerTerm)	→ [Effect4.Program.foldMapAt_layer]
  delegates	Effect4.Program.Refs:176	Effect4.Program.LayerTerms.layerPaths	(LayerTerms)	→ [Effect4.Program.foldMapAt_layers]
  delegates	Effect4.Program.Refs:180	Effect4.Program.Eff.expandRefs	(Eff)	→ [Effect4.Program.Eff.expandRound, Effect4.Program.Eff.refSites]
  delegates	Effect4.Program.Refs:188	Effect4.Program.Eff.refTargets	(Eff)	→ [Effect4.Program.Eff.refSites]
  delegates	Effect4.Program.Refs:192	Effect4.Program.Eff.hoistAll	(Eff)	→ [Effect4.Program.Eff.refTargets, Effect4.Program.Node.replaceLayerAt]
  delegates	Effect4.Program.Refs:205	Effect4.Program.Eff.restoreAll	(Eff)	→ [Effect4.Program.Node.replaceLayerAt]
  delegates	Effect4.Program.Typing:27	Effect4.Program.effTy	(Eff)	→ [Effect4.Program.Checker.check]
  delegates	Effect4.Program.Typing:31	Effect4.Program.layerTy	(LayerTerm)	→ [Effect4.Program.Checker.checkLayer]
  delegates	Effect4.Program.Typing:35	Effect4.Program.layersTy	(LayerTerms)	→ [Effect4.Program.Checker.checkLayers]
  delegates	Effect4.Program.Typing:40	Effect4.Program.stmtsTy	(Stmts)	→ [Effect4.Program.Checker.checkStmts]
  delegates	Effect4.Program.Typing:44	Effect4.Program.effsTy	(Effs)	→ [Effect4.Program.Checker.checkEffs]
  delegates	Effect4.Program.Typing:48	Effect4.Program.actionTy	(ActionTerm)	→ [Effect4.Program.Checker.checkAction]
  delegates	Effect4.Program.Typing:52	Effect4.Program.typeOf	(Eff)	→ [Effect4.Program.effTy]
  delegates	Effect4.Program.Typing:56	Effect4.Program.typeOfProgram	(Eff)	→ [Effect4.Program.Eff.refSites, Effect4.Program.Eff.layerRefsWF, Effect4.Program.Eff.expandRefs, Effect4.Program.typeOf]
  delegates	Effect4.Program.Typing:66	Effect4.Program.WellTypedLayer	(LayerTerm)	→ [Effect4.Program.layerTy]
  delegates	Effect4.Program.Typing:70	Effect4.Program.instDecidableWellTypedLayer [instance]	(LayerTerm)	→ [Effect4.Program.layerTy, Effect4.Program.WellTypedLayer]
  delegates	Effect4.Program.Typing:73	Effect4.Program.WellTyped	(Eff)	→ [Effect4.Program.typeOf]
  delegates	Effect4.Program.Typing:76	Effect4.Program.instDecidableWellTyped [instance]	(Eff)	→ [Effect4.Program.WellTyped, Effect4.Program.typeOf]
  delegates	Effect4.Store.Domain.Derived.Program:2725	Effect4.Store.ProgramAcceptance.genHex	(Eff)	→ [Effect4.Store.ProgramGen.EffC.toValEff]
  delegates	Effect4.Store.Domain.ProgramWire:65	Effect4.Program.Wire.hexOf	(Eff)	→ [Effect4.Program.Wire.encodeProgram]
  fold	Effect4.Api.Supervision:143	Effect4.Api.supervision	(Eff)	Effect4.Api.superAlg …
  fold	Effect4.Api.TestClock:73	Effect4.Api.TestClock.fastForward	(Eff)	Effect4.Api.TestClock.fastForwardAlgebra
  fold	Effect4.Api.TestClock:83	Effect4.Api.TestClock.dilateTime	(Eff)	Effect4.Api.TestClock.dilateAlgebra …
  fold	Effect4.Codegen.Templates:437	Effect4.Codegen.Templates.printT	(Eff)	Effect4.Codegen.Templates.printAlg …
  fold	Effect4.Codegen.Templates:441	Effect4.Codegen.Templates.printLayerT	(LayerTerm)	Effect4.Codegen.Templates.printAlg …
  fold	Effect4.Laws.Api.ModuleReadable:31	Effect4.Program.moduleReadable	(Eff)	Effect4.Program.readableAlg …; hands to [Effect4.Program.Eff.hoistAll, Effect4.Program.Readable]
  fold	Effect4.Laws.Codegen.ReadPrint:429	Effect4.Program.Readable	(Eff)	Effect4.Program.readableAlg …
  fold	Effect4.Laws.Program.Signature:778	Effect4.Program.SigProgram	(Eff)	Effect4.Program.readsAlg Effect4.Program.SigOkKey
  fold	Effect4.Program.Refs:134	Effect4.Program.Eff.expandRound	(Eff)	Effect4.Program.expandAlgebra …
  fold	Effect4.Program.Refs:137	Effect4.Program.Stmts.expandRound	(Stmts)	Effect4.Program.expandAlgebra …
  fold	Effect4.Program.Refs:139	Effect4.Program.Stmt.expandRound	(Stmt)	Effect4.Program.expandAlgebra …
  fold	Effect4.Program.Refs:141	Effect4.Program.Effs.expandRound	(Effs)	Effect4.Program.expandAlgebra …
  fold	Effect4.Program.Refs:143	Effect4.Program.ActionTerm.expandRound	(ActionTerm)	Effect4.Program.expandAlgebra …
  fold	Effect4.Program.Refs:145	Effect4.Program.LayerTerm.expandRound	(LayerTerm)	Effect4.Program.expandAlgebra …
  fold	Effect4.Program.Refs:147	Effect4.Program.LayerTerms.expandRound	(LayerTerms)	Effect4.Program.expandAlgebra …
  fold	Effect4.Program.Scoped:85	Effect4.Program.Eff.scopedAt	(Eff)	Effect4.Program.scopedAlgebra …
  fold	Effect4.Program.Scoped:88	Effect4.Program.Stmt.scopedAt	(Stmt)	Effect4.Program.scopedAlgebra …
  fold	Effect4.Program.Scoped:89	Effect4.Program.Stmt.bindsNext	(Stmt)	Effect4.Program.scopedAlgebra …
  fold	Effect4.Program.Scoped:92	Effect4.Program.Stmts.scopedAt	(Stmts)	Effect4.Program.scopedAlgebra …
  fold	Effect4.Program.Scoped:93	Effect4.Program.Effs.scopedAt	(Effs)	Effect4.Program.scopedAlgebra …
  fold	Effect4.Program.Scoped:94	Effect4.Program.ActionTerm.scopedAt	(ActionTerm)	Effect4.Program.scopedAlgebra …
  fold	Effect4.Program.Scoped:95	Effect4.Program.LayerTerm.scoped	(LayerTerm)	Effect4.Program.scopedAlgebra …
  fold	Effect4.Program.Scoped:97	Effect4.Program.LayerTerms.scoped	(LayerTerms)	Effect4.Program.scopedAlgebra …
  generated	Effect4.Program.Fold:1734	Effect4.Program.foldMapAt_eff	(Eff)
  generated	Effect4.Program.Fold:1788	Effect4.Program.foldMapAt_stmt	(Stmt)
  generated	Effect4.Program.Fold:1804	Effect4.Program.foldMapAt_stmts	(Stmts)
  generated	Effect4.Program.Fold:1812	Effect4.Program.foldMapAt_effs	(Effs)
  generated	Effect4.Program.Fold:1820	Effect4.Program.foldMapAt_action	(ActionTerm)
  generated	Effect4.Program.Fold:1856	Effect4.Program.foldMapAt_layer	(LayerTerm)
  generated	Effect4.Program.Fold:1880	Effect4.Program.foldMapAt_layers	(LayerTerms)
  generated	Effect4.Program.Fold:1891	Effect4.Program.foldMap_eff	(Eff)
  generated	Effect4.Program.Fold:1945	Effect4.Program.foldMap_stmt	(Stmt)
  generated	Effect4.Program.Fold:1961	Effect4.Program.foldMap_stmts	(Stmts)
  generated	Effect4.Program.Fold:1969	Effect4.Program.foldMap_effs	(Effs)
  generated	Effect4.Program.Fold:1977	Effect4.Program.foldMap_action	(ActionTerm)
  generated	Effect4.Program.Fold:2013	Effect4.Program.foldMap_layer	(LayerTerm)
  generated	Effect4.Program.Fold:2037	Effect4.Program.foldMap_layers	(LayerTerms)
  generated	Effect4.Program.Fold:2401	Effect4.Program.foldM_eff	(Eff)
  generated	Effect4.Program.Fold:2473	Effect4.Program.foldM_stmt	(Stmt)
  generated	Effect4.Program.Fold:2492	Effect4.Program.foldM_stmts	(Stmts)
  generated	Effect4.Program.Fold:2501	Effect4.Program.foldM_effs	(Effs)
  generated	Effect4.Program.Fold:2510	Effect4.Program.foldM_action	(ActionTerm)
  generated	Effect4.Program.Fold:2538	Effect4.Program.foldM_layer	(LayerTerm)
  generated	Effect4.Program.Fold:2571	Effect4.Program.foldM_layers	(LayerTerms)
  generated	Effect4.Program.Fold:3164	Effect4.Program.Eff.weaken	(Eff)
  generated	Effect4.Program.Fold:3190	Effect4.Program.Stmt.weaken	(Stmt)
  generated	Effect4.Program.Fold:3197	Effect4.Program.Stmts.weaken	(Stmts)
  generated	Effect4.Program.Fold:3200	Effect4.Program.Effs.weaken	(Effs)
  generated	Effect4.Program.Fold:3203	Effect4.Program.ActionTerm.weaken	(ActionTerm)
  generated	Effect4.Program.Fold:3449	FoldAcceptance.operations	(Eff)	 hands to [Effect4.Program.foldMap_eff]
  generated	Effect4.Program.Fold:3454	FoldAcceptance.serviceKeys	(Eff)	 hands to [Effect4.Program.foldMap_eff]
  generated	Effect4.Program.LayerView:496	Effect4.Program.view_eff	(Eff)
  generated	Effect4.Program.LayerView:528	Effect4.Program.view_stmt	(Stmt)
  generated	Effect4.Program.LayerView:541	Effect4.Program.view_stmts	(Stmts)
  generated	Effect4.Program.LayerView:550	Effect4.Program.view_effs	(Effs)
  generated	Effect4.Program.LayerView:559	Effect4.Program.view_action	(ActionTerm)
  generated	Effect4.Program.LayerView:582	Effect4.Program.view_layer	(LayerTerm)
  generated	Effect4.Program.LayerView:599	Effect4.Program.view_layers	(LayerTerms)
  generated	Effect4.Store.Domain.Derived.Program:1440	Effect4.Store.ProgramGen.EffC.toValEff	(Eff)
  generated	Effect4.Store.Domain.Derived.Program:1468	Effect4.Store.ProgramGen.EffC.toValStmt	(Stmt)
  generated	Effect4.Store.Domain.Derived.Program:1475	Effect4.Store.ProgramGen.EffC.toValStmts	(Stmts)
  generated	Effect4.Store.Domain.Derived.Program:1478	Effect4.Store.ProgramGen.EffC.toValEffs	(Effs)
  generated	Effect4.Store.Domain.Derived.Program:1481	Effect4.Store.ProgramGen.EffC.toValActionTerm	(ActionTerm)
  generated	Effect4.Store.Domain.Derived.Program:1498	Effect4.Store.ProgramGen.EffC.toValLayerTerm	(LayerTerm)
  generated	Effect4.Store.Domain.Derived.Program:1509	Effect4.Store.ProgramGen.EffC.toValLayerTerms	(LayerTerms)
  one-level	Effect4.Api.TestClock:48	Effect4.Api.TestClock.sleepDeadlines	(Eff)	 hands to [Effect4.Program.foldMap_eff]
  one-level	Effect4.Codegen.Read:305	Effect4.Program.addReceiver	(Eff)
  one-level	Effect4.Laws.Program.DenoteB:195	Effect4.Program.Denote.composite	(Eff)
  one-level	Effect4.Laws.Program.DenoteR:163	Effect4.Program.Sched.racePoints	(Eff)	 hands to [Effect4.Program.Sched.entrantPoints]
  one-level	Effect4.Laws.Program.DenoteR:168	Effect4.Program.Sched.denoteFiberAction	(Eff)	 hands to [Effect4.Program.Sched.racePoints]
  one-level	Effect4.Laws.Program.DenoteR:569	Effect4.Program.LayerTerm.isRef	(LayerTerm)
  one-level	Effect4.Laws.Program.DenoteR:577	Effect4.Program.Sched.denoteEffBody	(Eff)	 hands to [Effect4.Program.Sched.denoteAction, Effect4.Program.Sched.inlineYield]
  one-level	Effect4.Laws.Program.DenoteR:685	Effect4.Program.Sched.denoteLayerBody	(Eff)	 hands to [Effect4.Program.LayerTerms.length, Effect4.Program.LayerTerm.isRef]
  one-level	Effect4.Laws.Program.Intro.AcquireRelease:18	Effect4.Program.Sched.forkScoped?	(ActionTerm)
  one-level	Effect4.Program.Admission:140	Effect4.Program.findIntInProgram	(Eff)	 hands to [Effect4.Program.foldMapAt_eff]
  one-level	Effect4.Program.Compile:709	Effect4.Program.resolveLayer.resolveLayerTerm	(Eff)	 hands to [Effect4.Program.compileLayer]
  one-level	Effect4.Program.Compile:720	Effect4.Program.mergeAllCount	(Eff)	 hands to [Effect4.Program.LayerTerms.length]
  one-level	Effect4.Program.Compile:726	Effect4.Program.innerLayerAt	(Eff)	 hands to [Effect4.Program.compileLayer, Effect4.Program.resolveLayer]
  one-level	Effect4.Program.Compile:752	Effect4.Program.constructionAt	(Eff)
  one-level	Effect4.Program.Compile:781	Effect4.Program.provideLayerWithK	(Eff)
  one-level	Effect4.Program.Compile:910	Effect4.Program.blockExit	(Eff)	 hands to [Effect4.Program.blockEnv]
  one-level	Effect4.Program.Compile:987	Effect4.Program.actionAt	(Eff)	 hands to [Effect4.Program.actionAt.entrants, Effect4.Program.resolve]
  one-level	Effect4.Program.Compile:1066	Effect4.Program.forkScopedAt	(Eff)	 hands to [Effect4.Program.resolve]
  one-level	Effect4.Program.Compile:1228	Effect4.Program.contEOf	(Eff)	 hands to [Effect4.Program.resolve]
  one-level	Effect4.Program.Compile:1255	Effect4.Program.syncValueAt	(Eff)
  one-level	Effect4.Program.Compile:1263	Effect4.Program.Eff.suspendDecided	(Eff)
  one-level	Effect4.Program.Compile:1274	Effect4.Program.suspendBodyAt	(Eff)	 hands to [Effect4.Program.compileEff, Effect4.Program.resolve]
  one-level	Effect4.Program.Compile:1316	Effect4.Program.loopAt	(Eff)
  one-level	Effect4.Program.Compile:1322	Effect4.Program.loopResultAt	(Eff)
  one-level	Effect4.Program.Compile:1654	Effect4.Program.evaluateNative	(Eff)	 hands to [Effect4.Program.interpAt, Effect4.Program.enterScoped, Effect4.Program.exitScoped]
  one-level	Effect4.Program.Provision:585	Effect4.Program.Provision.docsBody	(Eff)
  one-level	Effect4.Program.Refs:102	Effect4.Program.LayerTerm.refSite	(LayerTerm)
  one-level	Effect4.Program.Refs:151	Effect4.Program.Eff.layerRefsWF	(Eff)	 hands to [Effect4.Program.Eff.refSites]
  opaque	Effect4.Api.HostSession:85	Effect4.Api.HostSession.Session.admitted	(Eff)
  opaque	Effect4.Api.HostSession:86	Effect4.Api.HostSession.Session.header	(Eff)
  opaque	Effect4.Api.HostSession:87	Effect4.Api.HostSession.Session.machine	(Eff)
  opaque	Effect4.Api.HostSession:88	Effect4.Api.HostSession.Session.nextCall	(Eff)
  opaque	Effect4.Api.HostSession:89	Effect4.Api.HostSession.Session.applied	(Eff)
  opaque	Effect4.Api.HostSession:90	Effect4.Api.HostSession.Session.active	(Eff)
  opaque	Effect4.Api.HostSession:91	Effect4.Api.HostSession.Session.pending	(Eff)
  opaque	Effect4.Api.HostSession:92	Effect4.Api.HostSession.Session.consumed	(Eff)
  opaque	Effect4.Api.HostSession:93	Effect4.Api.HostSession.Session.retired	(Eff)
  opaque	Effect4.Api.HostSession:124	Effect4.Api.HostSession.Result.phase	(Eff)
  opaque	Effect4.Api.HostSession:125	Effect4.Api.HostSession.Result.session	(Eff)
  opaque	Effect4.Codegen.Checked:33	Effect4.Codegen.ModuleEmission.typing	(Eff)
  opaque	Effect4.Codegen.Checked:34	Effect4.Codegen.ModuleEmission.declarations	(Eff)
  opaque	Effect4.Codegen.Forms:182	Effect4.Codegen.Forms.close	(Eff)
  opaque	Effect4.Laws.Program.Guard.Driver:20	Effect4.Program.Guard.guardI	(Eff)
  opaque	Effect4.Laws.Program.Means:420	Effect4.Program.Sched.Means	(Eff)
  opaque	Effect4.Laws.Program.Simulation.Fibers:41	Effect4.Program.Sched.CMeans	(Eff)
  opaque	Effect4.Laws.Program.Typing.Check:39	Effect4.Program.TypingAssessment.typing	(Eff)
  opaque	Effect4.Laws.Program.Typing.Check:40	Effect4.Program.TypingAssessment.remaining	(Eff)
  opaque	Effect4.Program.Admission:325	Effect4.Program.AdmittedProgram.toTypedProgram	(Eff)
  opaque	Effect4.Program.Admission:384	Effect4.Program.AdmittedStraightProgram.admitted	(Eff)
  opaque	Effect4.Program.CheckedTyping:20	Effect4.Program.TypedProgram.ty	(Eff)
  opaque	Effect4.Program.Compile:896	Effect4.Program.blockAt	(Eff)
  opaque	Effect4.Program.Eff:419	Effect4.Program.instDecidableEqEffs [instance]	(Effs)
  opaque	Effect4.Program.Eff:419	Effect4.Program.instDecidableEqLayerTerms [instance]	(LayerTerms)
  opaque	Effect4.Program.Eff:419	Effect4.Program.instDecidableEqStmts [instance]	(Stmts)
  opaque	Effect4.Program.Eff:419	Effect4.Program.instDecidableEqLayerTerm [instance]	(LayerTerm)
  opaque	Effect4.Program.Eff:419	Effect4.Program.instDecidableEqActionTerm [instance]	(ActionTerm)
  opaque	Effect4.Program.Eff:419	Effect4.Program.instDecidableEqEff [instance]	(Eff)
  opaque	Effect4.Program.Eff:419	Effect4.Program.instDecidableEqStmt [instance]	(Stmt)
  opaque	Effect4.Program.Fold:1198	Effect4.Program.EffHom.f_eff	(Eff)
  opaque	Effect4.Program.Fold:1199	Effect4.Program.EffHom.f_stmt	(Stmt)
  opaque	Effect4.Program.Fold:1200	Effect4.Program.EffHom.f_stmts	(Stmts)
  opaque	Effect4.Program.Fold:1201	Effect4.Program.EffHom.f_effs	(Effs)
  opaque	Effect4.Program.Fold:1202	Effect4.Program.EffHom.f_action	(ActionTerm)
  opaque	Effect4.Program.Fold:1203	Effect4.Program.EffHom.f_layer	(LayerTerm)
  opaque	Effect4.Program.Fold:1204	Effect4.Program.EffHom.f_layers	(LayerTerms)
  opaque	Effect4.Program.Fold:2988	Effect4.Program.EffFrontierAlgebra.eff_provideLayer	(LayerTerm)
  opaque	Effect4.Program.Fold:3440	FoldAcceptance.EffMonoAlgebra.onEff	(Eff)
  opaque	Effect4.Program.Fold:3441	FoldAcceptance.EffMonoAlgebra.onStmt	(Stmt)
  opaque	Effect4.Program.Fold:3442	FoldAcceptance.EffMonoAlgebra.onAction	(ActionTerm)
  opaque	Effect4.Program.Fold:3443	FoldAcceptance.EffMonoAlgebra.onLayer	(LayerTerm)
  opaque	Effect4.Program.Provision:314	Effect4.Program.Provision.LeafSem.effect	(Eff)
  opaque	Effect4.Program.Provision:316	Effect4.Program.Provision.LeafSem.discard	(Eff)
  opaque	Effect4.Program.Refs:54	Effect4.Program.Node.replaceLayerAt	(LayerTerm)
  opaque	Effect4.Store.Domain.ProgramWire:43	Effect4.Program.Wire.encodeProgram	(Eff)
  structural	Effect4.Laws.Program.Agreement:33	Effect4.Program.Agreement.depth	(Eff)	converted: Effect4.Program.Agreement.depth.alg with Effect4.Program.Agreement.depth.eq_cata
  structural	Effect4.Laws.Program.Agreement:44	Effect4.Program.Agreement.steps	(Eff)	converted: Effect4.Program.Agreement.steps.alg with Effect4.Program.Agreement.steps.eq_cata
  structural	Effect4.Laws.Program.Agreement.Loop:231	Effect4.Program.Agreement.depthB	(Eff)	converted: Effect4.Program.Agreement.depthB.alg with Effect4.Program.Agreement.depthB.eq_cata
  structural	Effect4.Laws.Program.Agreement.Loop:272	Effect4.Program.Agreement.boundB	(Eff)	converted: Effect4.Program.Agreement.boundB.alg with Effect4.Program.Agreement.boundB.eq_cata hands to [Effect4.Program.Agreement.steps]
  structural	Effect4.Laws.Program.Denote:64	Effect4.Program.Denote.denote	(Eff)	converted: Effect4.Program.Denote.denote.alg with Effect4.Program.Denote.denote.eq_cata
  structural	Effect4.Laws.Program.DenoteB:121	Effect4.Program.Denote.Looped	(Eff)	converted: Effect4.Program.Denote.Looped.alg with Effect4.Program.Denote.Looped.eq_cata
  structural	Effect4.Laws.Program.DenoteB:206	Effect4.Program.Denote.denoteB	(Eff)	converted: Effect4.Program.Denote.denoteB.alg with Effect4.Program.Denote.denoteB.eq_cata hands to [Effect4.Program.Denote.leafB]
  structural	Effect4.Laws.Program.DenoteR:158	Effect4.Program.Sched.entrantPoints	(Effs)
  structural	Effect4.Laws.Program.DenoteR:488	Effect4.Program.Sched.inlineYield	(Eff)
  structural	Effect4.Laws.Program.DenoteR:739	Effect4.Program.Sched.denoteLayerZero	(Eff)	 hands to [Effect4.Program.LayerTerms.length, Effect4.Program.LayerTerm.isRef]
  structural	Effect4.Laws.Program.LoopSound:52	Effect4.Program.Denote.denoteBWith	(Eff)	converted: Effect4.Program.Denote.denoteBWith.alg with Effect4.Program.Denote.denoteBWith.eq_cata hands to [Effect4.Program.Denote.Straight, Effect4.Program.Denote.denoteWith]
  structural	Effect4.Laws.Program.MeaningSound:44	Effect4.Program.Denote.denoteWith	(Eff)	converted: Effect4.Program.Denote.denoteWith.alg with Effect4.Program.Denote.denoteWith.eq_cata
  structural	Effect4.Program.Checker:115	Effect4.Program.Checker.check	(Eff)	converted: Effect4.Program.Checker.check.alg with Effect4.Program.Checker.check.eq_cata
  structural	Effect4.Program.Checker:226	Effect4.Program.Checker.checkLayer	(LayerTerm)	converted: Effect4.Program.Checker.checkLayer.alg with Effect4.Program.Checker.checkLayer.eq_cata
  structural	Effect4.Program.Checker:265	Effect4.Program.Checker.checkLayers	(LayerTerms)	converted: Effect4.Program.Checker.checkLayers.alg with Effect4.Program.Checker.checkLayers.eq_cata
  structural	Effect4.Program.Checker:274	Effect4.Program.Checker.checkStmt	(Stmt)	converted: Effect4.Program.Checker.checkStmt.alg with Effect4.Program.Checker.checkStmt.eq_cata
  structural	Effect4.Program.Checker:296	Effect4.Program.Checker.checkStmts	(Stmts)	converted: Effect4.Program.Checker.checkStmts.alg with Effect4.Program.Checker.checkStmts.eq_cata
  structural	Effect4.Program.Checker:316	Effect4.Program.Checker.checkEffs	(Effs)	converted: Effect4.Program.Checker.checkEffs.alg with Effect4.Program.Checker.checkEffs.eq_cata
  structural	Effect4.Program.Checker:324	Effect4.Program.Checker.checkAction	(ActionTerm)	converted: Effect4.Program.Checker.checkAction.alg with Effect4.Program.Checker.checkAction.eq_cata
  structural	Effect4.Program.Compile:563	Effect4.Program.compileEff	(Eff)
  structural	Effect4.Program.Compile:671	Effect4.Program.compileLayer	(LayerTerm)
  structural	Effect4.Program.Compile:876	Effect4.Program.localBinds	(Stmts)
  structural	Effect4.Program.Compile:925	Effect4.Program.loopExit	(Eff)	 hands to [Effect4.Program.blockEnv]
  structural	Effect4.Program.Compile:1062	Effect4.Program.actionAt.entrants	(Effs)	 hands to [Effect4.Program.compileEff]
  structural	Effect4.Program.Eff:421	Effect4.Program.LayerTerms.toList	(LayerTerms)	converted: Effect4.Program.LayerTerms.toList.alg with Effect4.Program.LayerTerms.toList.eq_cata
  structural	Effect4.Program.Eff:425	Effect4.Program.LayerTerms.length	(LayerTerms)	converted: Effect4.Program.LayerTerms.length.alg with Effect4.Program.LayerTerms.length.eq_cata
  structural	Effect4.Program.Eff:433	Effect4.Program.Stmts.toList	(Stmts)	converted: Effect4.Program.Stmts.toList.alg with Effect4.Program.Stmts.toList.eq_cata
  structural	Effect4.Program.Eff:437	Effect4.Program.Effs.toList	(Effs)	converted: Effect4.Program.Effs.toList.alg with Effect4.Program.Effs.toList.eq_cata
  structural	Effect4.Program.Fragment:18	Effect4.Program.Denote.Straight	(Eff)	converted: Effect4.Program.Denote.Straight.alg with Effect4.Program.Denote.Straight.eq_cata
  structural	Effect4.Program.Provision:319	Effect4.Program.Provision.build	(LayerTerm)	converted: Effect4.Program.Provision.build.alg with Effect4.Program.Provision.build.eq_cata hands to [Effect4.Program.Provision.LeafSem.effect, Effect4.Program.Provision.LeafSem.discard]
  structural	Effect4.Program.Provision:342	Effect4.Program.Provision.buildAll	(LayerTerms)	converted: Effect4.Program.Provision.buildAll.alg with Effect4.Program.Provision.buildAll.eq_cata hands to [Effect4.Program.Provision.LeafSem.effect, Effect4.Program.Provision.LeafSem.discard]
  structural	Effect4.Program.Provision:598	Effect4.Program.Provision.docsLayer	(LayerTerm)	converted: Effect4.Program.Provision.docsLayer.alg with Effect4.Program.Provision.docsLayer.eq_cata hands to [Effect4.Program.Provision.docsBody]
  structural	Effect4.Program.Provision:611	Effect4.Program.Provision.docsLayers	(LayerTerms)	converted: Effect4.Program.Provision.docsLayers.alg with Effect4.Program.Provision.docsLayers.eq_cata hands to [Effect4.Program.Provision.docsBody]
  wf	Effect4.Laws.Program.InterpR:206	Effect4.Program.Sched.walkR	(Eff)	 hands to [Effect4.Program.loopExit, Effect4.Program.blockExit, Effect4.Program.Sched.inlineYield, Effect4.Program.blockAt, Effect4.Program.Sched.denoteR]
  wf	Effect4.Laws.Program.InterpR:245	Effect4.Program.Sched.walkR.yieldOf	(Eff)	 hands to [Effect4.Program.loopExit, Effect4.Program.blockExit, Effect4.Program.Sched.inlineYield, Effect4.Program.blockAt, Effect4.Program.Sched.denoteR]
  wf	Effect4.Program.Compile:941	Effect4.Program.runStmts	(Eff)	 hands to [Effect4.Program.loopExit, Effect4.Program.blockExit, Effect4.Program.compileEff, Effect4.Program.blockAt]
  wf	Effect4.Program.Compile:976	Effect4.Program.runStmts.yieldOf	(Eff)	 hands to [Effect4.Program.loopExit, Effect4.Program.blockExit, Effect4.Program.compileEff, Effect4.Program.blockAt]
info: Test/Audit/TraversalCensus.lean:84:0: #traversal_census Effect4.Program.Ty (family [Effect4.Program.Ty]) under Effect4: 122 definitions take a family value (3 private) — fold 5, generated 8, structural 22 (of which 15 with a fold beside them, 1 instance implementations), wf 1 (of which 0 with a fold beside them), one-level 14 (of which 2 with a fold beside them), delegates 49, opaque 23; declared folds: [Effect4.Program.cata_ty]
  delegates	Effect4.Codegen.Types:316	Effect4.Codegen.Types.ofTy	(Ty)	→ [Effect4.Codegen.Types.ofNormalized, Effect4.Program.Ty.normalize]
  delegates	Effect4.Laws.Program.MeaningSound:322	Effect4.Program.Denote.ExitHasTy	(Ty)	→ [Effect4.Program.causeAdmits, Effect4.Program.Val.hasTy]
  delegates	Effect4.Laws.Program.TyView:91	Effect4.Program.Ty.argsBelow	(Ty)	→ [Effect4.Program.Ty.args, Effect4.Program.Ty.Variance.holds]
  delegates	Effect4.Laws.Program.TyView:658	TyViewAcceptance.lhs [private]	(Ty)	→ [Effect4.Program.Ty.sub]
  delegates	Effect4.Laws.Program.TyView:659	TyViewAcceptance.rhs [private]	(Ty)	→ [Effect4.Program.Ty.sameHead, Effect4.Program.Ty.argsBelow, Effect4.Program.Ty.sub]
  delegates	Effect4.Laws.Program.TypeAlgebra:1066	Effect4.Program.Ty.subN	(Ty)	→ [Effect4.Program.Ty.normalize, Effect4.Program.Ty.sub]
  delegates	Effect4.Laws.Program.Typed.Membership:30	Effect4.Program.Typed.Equiv	(Ty)	→ [Effect4.Program.Ty.subN]
  delegates	Effect4.Laws.Program.Typed.Membership:34	Effect4.Program.Typed.RefDeclared	(Ty)	→ [Effect4.Program.Typed.Equiv]
  delegates	Effect4.Laws.Program.Typed.Membership:38	Effect4.Program.Typed.PromiseDeclared	(Ty)	→ [Effect4.Program.Typed.Equiv]
  delegates	Effect4.Laws.Program.Typed.Membership:42	Effect4.Program.Typed.FiberDeclared	(Ty)	→ [Effect4.Program.Ty.subN]
  delegates	Effect4.Laws.Program.Typed.Membership:180	Effect4.Program.Typed.FitsCause	(Ty)	→ [Effect4.Program.Typed.Fits]
  delegates	Effect4.Laws.Program.Typed.Scheduler:53	Effect4.Program.Typed.FiberColumnsBelow	(Ty)	→ [Effect4.Program.Ty.subN]
  delegates	Effect4.Laws.Program.Typed.Scheduler:271	Effect4.Program.Typed.FiberListColumns	(Ty)	→ [Effect4.Program.Typed.FiberColumnsBelow]
  delegates	Effect4.Laws.Program.Typed.World:73	Effect4.Program.Typed.ValueOk	(Ty)	→ [Effect4.Program.Val.hasTy]
  delegates	Effect4.Laws.Program.Typed.World:121	Effect4.Program.Typed.HeapTypedAt	(Ty)	→ [Effect4.Program.Typed.ValueOk]
  delegates	Effect4.Laws.Program.ValueModel:22	Effect4.Program.ValueModel.ofImage	(Ty)	→ [Effect4.Program.Val.hasTy, Effect4.Program.CTy.ofRaw]
  delegates	Effect4.Program.Admission:81	Effect4.Program.admitColumn	(Ty)	→ [Effect4.Program.inhabited, Effect4.Program.instDecidableEqTy, Effect4.Program.Ty.normalize]
  delegates	Effect4.Program.Admission:160	Effect4.Program.emptyColumnAt	(Ty)	→ [Effect4.Program.admitColumn]
  delegates	Effect4.Program.Eff:64	Effect4.Program.supportedErrTy	(Ty)	→ [Effect4.Program.rawSupportedErrTy, Effect4.Program.Ty.normalize]
  delegates	Effect4.Program.Eff:67	Effect4.Program.admittedErrTy	(Ty)	→ [Effect4.Program.supportedErrTy]
  delegates	Effect4.Program.ErrorImage:39	Effect4.Program.causeAdmits	(Ty)	→ [Effect4.Program.reasonAdmits]
  delegates	Effect4.Program.NativeAtom:103	Effect4.Program.NativeAtom.monoApply	(Ty)	→ [Effect4.Program.Ty.sub]
  delegates	Effect4.Program.Stream:40	Effect4.Program.Stream.table	(Ty)	→ [Effect4.Program.Stream.pullRow]
  delegates	Effect4.Program.Ty:175	Effect4.Program.Ty.insertMember	(Ty)	→ [Effect4.Program.instDecidableEqTy, Effect4.Program.Ty.key]
  delegates	Effect4.Program.Ty:321	Effect4.Program.Ty.instDecidableLT [instance]	(Ty)	→ [Effect4.Program.Ty.key]
  delegates	Effect4.Program.Ty:346	Effect4.Program.Ty.instDecidableLE [instance]	(Ty)	→ [Effect4.Program.Ty.instDecidableLT, Effect4.Program.instDecidableEqTy]
  delegates	Effect4.Program.Ty:526	Effect4.Program.Ty.matchTemplate	(Ty)	→ [Effect4.Program.Ty.instantiate, Effect4.Program.Ty.infer, Effect4.Program.Ty.sub]
  delegates	Effect4.Program.Ty:602	Effect4.Program.Ty.productMembers	(Ty)	→ [Effect4.Program.Ty.factors]
  delegates	Effect4.Program.Ty:755	Effect4.Program.Ty.render	(Ty)	→ [Effect4.Program.Ty.renderRaw, Effect4.Program.Ty.normalize]
  delegates	Effect4.Program.Ty:758	Effect4.Program.Ty.chunkTarget	(Ty)	→ [Effect4.Program.Ty.render]
  delegates	Effect4.Program.Ty:761	Effect4.Program.Ty.chunk	(Ty)	→ [Effect4.Program.Ty.chunkTarget]
  delegates	Effect4.Program.Ty:763	Effect4.Program.Ty.join	(Ty)	→ [Effect4.Program.Ty.normalize]
  delegates	Effect4.Program.Ty:778	Effect4.Program.Ty.diffTag	(Ty)	→ [Effect4.Program.Ty.isTagged, Effect4.Program.Ty.members]
  delegates	Effect4.Program.Ty:802	Effect4.Program.Ty.payloadTy	(Ty)	→ [Effect4.Program.Ty.payloadOf, Effect4.Program.Ty.normalize, Effect4.Program.Ty.members]
  delegates	Effect4.Program.Ty:809	Effect4.Program.Ty.Canonical	(Ty)	→ [Effect4.Program.Ty.normalize]
  delegates	Effect4.Program.Ty:846	Effect4.Program.CTy.ofRaw	(Ty)	→ [Effect4.Program.Ty.Canonical, Effect4.Program.Ty.normalize]
  delegates	Effect4.Program.Typed:103	Effect4.Program.errAdmits	(Ty)	→ [Effect4.Program.reasonAdmits, Effect4.Program.Val.hasTy]
  delegates	Effect4.Program.Typed:108	Effect4.Program.hasTyCause	(Ty)	→ [Effect4.Program.causeAdmits, Effect4.Program.Val.hasTy]
  delegates	Effect4.Program.Typing.Rules:36	Effect4.Program.EffTy.joinAnswer	(Ty)	→ [Effect4.Program.Ty.join]
  delegates	Effect4.Program.Typing.Rules:109	Effect4.Program.rowTy	(Ty)	→ [Effect4.Program.Ty.instantiate, Effect4.Program.Ty.matchTemplate, Effect4.Program.Ty.normalize]
  delegates	Effect4.Program.Typing.Rules:214	Effect4.Program.catchIfError	(Ty)	→ [Effect4.Program.Ty.join, Effect4.Program.instDecidableEqTy, Effect4.Program.Ty.normalize, Effect4.Program.Ty.diffTag]
  delegates	Effect4.Schema.Bridge:243	Effect4.Program.Ty.schema	(Ty)	→ [Effect4.Schema.Bridge.schema, Effect4.Program.Ty.normalize]
  delegates	Effect4.Schema.Codec:36	Effect4.Schema.Codec.Compatible	(Ty)	→ [Effect4.Schema.Codec.layout]
  delegates	Effect4.Schema.Codec:40	Effect4.Schema.Codec.instDecidableCompatible [instance]	(Ty)	→ [Effect4.Schema.Codec.layout, Effect4.Program.instDecidableEqTy]
  delegates	Effect4.Schema.Codec:215	Effect4.Schema.Codec.isValue	(Ty)	→ [Effect4.Schema.Codec.encodeRaw, Effect4.Schema.Codec.decodeRaw, Effect4.Schema.Codec.layout, Effect4.Program.Val.hasTy, Effect4.Program.Ty.normalize]
  delegates	Effect4.Schema.Codec:229	Effect4.Schema.encode	(Ty)	→ [Effect4.Schema.Codec.encodeRaw, Effect4.Schema.Codec.decodeRaw, Effect4.Schema.Codec.layout, Effect4.Program.Val.hasTy, Effect4.Program.Ty.normalize]
  delegates	Effect4.Schema.Codec:238	Effect4.Schema.decode	(Ty)	→ [Effect4.Schema.Codec.decodeRaw, Effect4.Schema.Codec.layout, Effect4.Program.Val.hasTy, Effect4.Program.Ty.normalize]
  delegates	Effect4.Schema.Codec:249	Effect4.Program.Ty.isCodecSupported	(Ty)	→ [Effect4.Schema.Codec.isSupported]
  delegates	Effect4.Schema.Codec:252	Effect4.Program.Ty.isCodecValue	(Ty)	→ [Effect4.Schema.Codec.isValue]
  fold	Effect4.Laws.Program.Signature:972	Effect4.Program.flatCarrier	(Ty)	Effect4.Program.flatCarrierAlg
  fold	Effect4.Laws.Program.TypeAlgebra:1219	Effect4.Program.Ty.valueVars	(Ty)	Effect4.Program.Ty.valueVarsAlg
  fold	Effect4.Laws.Program.Typed.Membership:2315	Effect4.Program.Typed.handleFree	(Ty)	Effect4.Program.Typed.handleFreeAlg
  fold	Effect4.Program.Admission:78	Effect4.Program.inhabited	(Ty)	Effect4.Program.inhabitedAlg
  fold	Effect4.Program.Admission:122	Effect4.Program.findInternalHandle	(Ty)	Effect4.Program.internalHandleScan
  generated	Effect4.Laws.Program.TyView:30	Effect4.Program.Ty.args	(Ty)
  generated	Effect4.Laws.Program.TyView:56	Effect4.Program.Ty.sameHead	(Ty)
  generated	Effect4.Laws.Program.TyView:80	Effect4.Program.Ty.litRule	(Ty)
  generated	Effect4.Laws.Program.TyView:86	Effect4.Program.Ty.topRule	(Ty)
  generated	Effect4.Program.Fold:237	Effect4.Program.foldMapAt_ty	(Ty)
  generated	Effect4.Program.Fold:282	Effect4.Program.foldMap_ty	(Ty)
  generated	Effect4.Program.Fold:446	Effect4.Program.foldM_ty	(Ty)
  generated	Effect4.Store.Domain.Derived.Program:1091	Effect4.Store.ProgramGen.TyC.toValTy	(Ty)
  one-level	Effect4.Laws.Program.Typed.Membership:71	Effect4.Program.Typed.FlatFits	(Ty)
  one-level	Effect4.Program.Checker:99	Effect4.Program.Checker.listOf?	(Ty)
  one-level	Effect4.Program.Checker:104	Effect4.Program.Checker.exitOf?	(Ty)
  one-level	Effect4.Program.Compile:1368	Effect4.Program.externalValue	(Ty)	 hands to [Effect4.Program.Val.hasTy]
  one-level	Effect4.Program.Decision:61	Effect4.Program.Decision.arms	(Ty)	 hands to [Effect4.Program.Ty.taggedColumn, Effect4.Program.instDecidableEqTy, Effect4.Program.Ty.normalize, Effect4.Program.Ty.diffTag, Effect4.Program.Ty.payloadTy]
  one-level	Effect4.Program.NativeAtom:36	Effect4.Program.causeInputError?	(Ty)
  one-level	Effect4.Program.Ty:190	Effect4.Program.Ty.isNever	(Ty)	converted: Effect4.Program.Ty.isNever.alg with Effect4.Program.Ty.isNever.eq_cata
  one-level	Effect4.Program.Ty:402	Effect4.Program.Ty.isMember	(Ty)	converted: Effect4.Program.Ty.isMember.alg with Effect4.Program.Ty.isMember.eq_cata
  one-level	Effect4.Program.Ty:563	Effect4.Program.Ty.factors	(Ty)	 hands to [Effect4.Program.Ty.members]
  one-level	Effect4.Program.Ty:570	Effect4.Program.Ty.isFactor	(Ty)
  one-level	Effect4.Program.Ty:772	Effect4.Program.Ty.isTagged	(Ty)
  one-level	Effect4.Program.Ty:785	Effect4.Program.Ty.taggedColumn	(Ty)	 hands to [Effect4.Program.Ty.members]
  one-level	Effect4.Program.Ty:797	Effect4.Program.Ty.payloadOf	(Ty)
  one-level	Effect4.Program.Typing.Rules:183	Effect4.Program.fiberTy	(Ty)
  opaque	Effect4.Laws.Program.TyView:24	Effect4.Program.Ty.Variance.holds	(Ty)
  opaque	Effect4.Laws.Program.Typed.World:158	Effect4.Program.Typed.World.addRef	(Ty)
  opaque	Effect4.Program.Authoring:218	Effect4.Program.Authoring.Row.host	(Ty)
  opaque	Effect4.Program.ErrorImage:25	Effect4.Program.reasonAdmits	(Ty)
  opaque	Effect4.Program.Fold:79	Effect4.Program.TyHom.f_ty	(Ty)
  opaque	Effect4.Program.Profile:181	Effect4.Program.HostSpec.Rep	(Ty)
  opaque	Effect4.Program.Profile:298	Effect4.Program.Profile.Scalar.Rep	(Ty)
  opaque	Effect4.Program.Profile:498	Effect4.Program.Profile.Resource.Rep	(Ty)
  opaque	Effect4.Program.Stream:21	Effect4.Program.Stream.pullRow	(Ty)
  opaque	Effect4.Program.Ty:75	Effect4.Program.instDecidableEqTy [instance]	(Ty)
  opaque	Effect4.Program.Ty:79	Effect4.Program.Ty.result	(Ty)
  opaque	Effect4.Program.Ty:83	Effect4.Program.Ty.exit	(Ty)
  opaque	Effect4.Program.Ty:85	Effect4.Program.Ty.fiber	(Ty)
  opaque	Effect4.Program.Ty:87	Effect4.Program.Ty.cause	(Ty)
  opaque	Effect4.Program.Ty:89	Effect4.Program.Ty.array	(Ty)
  opaque	Effect4.Program.Ty:91	Effect4.Program.Ty.readonlyArray	(Ty)
  opaque	Effect4.Program.Ty:223	Effect4.Program.Ty.undefinedOr	(Ty)
  opaque	Effect4.Program.Ty:226	Effect4.Program.Ty.nullOr	(Ty)
  opaque	Effect4.Program.Ty:227	Effect4.Program.Ty.nullable	(Ty)
  opaque	Effect4.Program.Ty:237	Effect4.Program.Ty.take	(Ty)
  opaque	Effect4.Program.Ty:341	Effect4.Program.Ty.Le	(Ty)
  opaque	Effect4.Program.Typing.Blame:104	Effect4.Program.selectRefusal	(Ty)
  opaque	Effect4.Program.Typing.Rules:34	Effect4.Program.EffTy.pure	(Ty)
  structural	Effect4.Codegen.Types:268	Effect4.Codegen.Types.ofNormalized [private]	(Ty)
  structural	Effect4.Laws.Program.Template:256	Effect4.Program.Ty.varsOf	(Ty)
  structural	Effect4.Laws.Program.Template:264	Effect4.Program.Ty.templateAdmissible	(Ty)	 hands to [Effect4.Program.Ty.closed]
  structural	Effect4.Laws.Program.Typed.Membership:106	Effect4.Program.Typed.Fits	(Ty)	converted: Effect4.Program.Typed.Fits.alg with Effect4.Program.Typed.Fits.eq_cata hands to [Effect4.Program.Typed.FiberDeclared, Effect4.Program.Typed.PromiseDeclared, Effect4.Program.Typed.RefDeclared]
  structural	Effect4.Program.Admission:35	Effect4.Program.findInt	(Ty)	converted: Effect4.Program.findInt.alg with Effect4.Program.findInt.eq_cata
  structural	Effect4.Program.Eff:43	Effect4.Program.isTagTy	(Ty)	converted: Effect4.Program.isTagTy.alg with Effect4.Program.isTagTy.eq_cata
  structural	Effect4.Program.Eff:49	Effect4.Program.rawSupportedErrTy	(Ty)	converted: Effect4.Program.rawSupportedErrTy.alg with Effect4.Program.rawSupportedErrTy.eq_cata hands to [Effect4.Program.isTagTy]
  structural	Effect4.Program.NativeAtom:43	Effect4.Program.NativeAtom.projectProduct	(Ty)	converted: Effect4.Program.NativeAtom.projectProduct.alg with Effect4.Program.NativeAtom.projectProduct.eq_cata hands to [Effect4.Program.Ty.join]
  structural	Effect4.Program.Ty:75	Effect4.Program.instReprTy.repr [instance]	(Ty)
  structural	Effect4.Program.Ty:93	Effect4.Program.Ty.renderRaw	(Ty)	converted: Effect4.Program.Ty.renderRaw.alg with Effect4.Program.Ty.renderRaw.eq_cata
  structural	Effect4.Program.Ty:119	Effect4.Program.Ty.members	(Ty)	converted: Effect4.Program.Ty.members.alg with Effect4.Program.Ty.members.eq_cata
  structural	Effect4.Program.Ty:142	Effect4.Program.Ty.key	(Ty)	converted: Effect4.Program.Ty.key.alg with Effect4.Program.Ty.key.eq_cata
  structural	Effect4.Program.Ty:197	Effect4.Program.Ty.closed	(Ty)
  structural	Effect4.Program.Ty:471	Effect4.Program.Ty.instantiate	(Ty)
  structural	Effect4.Program.Ty:496	Effect4.Program.Ty.infer	(Ty)	 hands to [Effect4.Program.Ty.sub]
  structural	Effect4.Program.Ty:606	Effect4.Program.Ty.normalize	(Ty)	converted: Effect4.Program.Ty.normalize.alg with Effect4.Program.Ty.normalize.eq_cata hands to [Effect4.Program.Ty.productMembers, Effect4.Program.Ty.members]
  structural	Effect4.Program.Typed:20	Effect4.Program.Val.hasTy	(Ty)	converted: Effect4.Program.Val.hasTy.alg with Effect4.Program.Val.hasTy.eq_cata hands to [Effect4.Program.causeAdmits]
  structural	Effect4.Schema.Bridge:37	Effect4.Schema.Bridge.schema	(Ty)	converted: Effect4.Schema.Bridge.schema.alg with Effect4.Schema.Bridge.schema.eq_cata
  structural	Effect4.Schema.Codec:24	Effect4.Schema.Codec.layout	(Ty)	converted: Effect4.Schema.Codec.layout.alg with Effect4.Schema.Codec.layout.eq_cata
  structural	Effect4.Schema.Codec:42	Effect4.Schema.Codec.isSupported	(Ty)	converted: Effect4.Schema.Codec.isSupported.alg with Effect4.Schema.Codec.isSupported.eq_cata
  structural	Effect4.Schema.Codec:151	Effect4.Schema.Codec.encodeRaw	(Ty)	converted: Effect4.Schema.Codec.encodeRaw.alg with Effect4.Schema.Codec.encodeRaw.eq_cata hands to [Effect4.Program.Val.hasTy]
  structural	Effect4.Schema.Codec:179	Effect4.Schema.Codec.decodeRaw	(Ty)	converted: Effect4.Schema.Codec.decodeRaw.alg with Effect4.Schema.Codec.decodeRaw.eq_cata hands to [Effect4.Program.Val.hasTy]
  wf	Effect4.Program.Ty:431	Effect4.Program.Ty.sub	(Ty)	 hands to [Effect4.Program.instDecidableEqTy]
info: Test/Audit/TraversalCensus.lean:85:0: #traversal_census Effect4.Program.Term (family [Effect4.Program.Term,
 Effect4.Program.Terms]) under Effect4: 116 definitions take a family value (0 private) — fold 0, generated 8, structural 12 (of which 12 with a fold beside them, 0 instance implementations), wf 0 (of which 0 with a fold beside them), one-level 4 (of which 1 with a fold beside them), delegates 18, opaque 74; declared folds: [Effect4.Program.cata_terms,
 Effect4.Program.cata_term]
  delegates	Effect4.Codegen.PrintLeaf:204	Effect4.Program.printTupleArgs	(Term)	→ [Effect4.Program.pairArgs?, Effect4.Program.printTerm]
  delegates	Effect4.Codegen.PrintLeaf:247	Effect4.Program.printMethodArgs	(Term)	→ [Effect4.Program.printTupleArgs, Effect4.Program.printTerm]
  delegates	Effect4.Codegen.PrintLeaf:253	Effect4.Program.printMethod	(Term)	→ [Effect4.Program.printMethodArgs, Effect4.Program.printTerm]
  delegates	Effect4.Codegen.PrintLeaf:260	Effect4.Program.printRow	(Term)	→ [Effect4.Program.printTupleArgs, Effect4.Program.printMethod, Effect4.Program.pairArgs?, Effect4.Program.printTerm]
  delegates	Effect4.Codegen.Read:305	Effect4.Program.addReceiver	(Term)	→ [Effect4.Program.rowAnswer]
  delegates	Effect4.Codegen.Read:869	Effect4.Program.requestReadable	(Term)	→ [Effect4.Program.instDecidableEqTerm, Effect4.Program.pairArgs?, Effect4.Program.Term.scoped, Effect4.Program.tupleRequestReadable]
  delegates	Effect4.Laws.Program.DenoteB:103	Effect4.Program.Denote.iterateStep	(Term)	→ [Effect4.Program.evalTerm]
  delegates	Effect4.Laws.Program.DenoteR:221	Effect4.Program.Sched.denoteAsync	(Term)	→ [Effect4.Program.evalTerm]
  delegates	Effect4.Laws.Program.DenoteR:231	Effect4.Program.Sched.denoteForeign	(Term)	→ [Effect4.Program.evalTerm]
  delegates	Effect4.Laws.Program.DenoteR:237	Effect4.Program.Sched.denoteSleep	(Term)	→ [Effect4.Program.evalTerm]
  delegates	Effect4.Laws.Program.DenoteR:466	Effect4.Program.Sched.denoteAsyncRoute	(Term)	→ [Effect4.Program.Sched.denoteAsync, Effect4.Program.Sched.denoteSleep, Effect4.Program.Sched.denoteForeign]
  delegates	Effect4.Laws.Program.DenoteR:476	Effect4.Program.Sched.inlineAsyncYield	(Term)	→ [Effect4.Program.evalTerm]
  delegates	Effect4.Laws.Program.LoopSound:28	Effect4.Program.Denote.iterateStepWith	(Term)	→ [Effect4.Program.evalTerm]
  delegates	Effect4.Program.Checker:95	Effect4.Program.Checker.term?	(Term)	→ [Effect4.Program.termTy]
  delegates	Effect4.Program.Compile:529	Effect4.Program.asyncRoute	(Term)	→ [Effect4.Program.evalTerm]
  delegates	Effect4.Program.Compile:1222	Effect4.Program.caughtErrorValue?	(Term)	→ [Effect4.Program.evalTerm]
  delegates	Effect4.Program.Typing.Rules:104	Effect4.Program.termTy	(Term)	→ [Effect4.Program.argTy]
  delegates	Effect4.Program.Typing.Rules:214	Effect4.Program.catchIfError	(Term)	→ [Effect4.Program.tagTest?, Effect4.Program.instDecidableEqTerm]
  generated	Effect4.Program.Fold:695	Effect4.Program.foldMapAt_term	(Term)
  generated	Effect4.Program.Fold:705	Effect4.Program.foldMapAt_terms	(Terms)
  generated	Effect4.Program.Fold:716	Effect4.Program.foldMap_term	(Term)
  generated	Effect4.Program.Fold:726	Effect4.Program.foldMap_terms	(Terms)
  generated	Effect4.Program.Fold:775	Effect4.Program.foldM_term	(Term)
  generated	Effect4.Program.Fold:784	Effect4.Program.foldM_terms	(Terms)
  generated	Effect4.Store.Domain.Derived.Program:650	Effect4.Store.ProgramGen.TermC.toValTerm	(Term)
  generated	Effect4.Store.Domain.Derived.Program:654	Effect4.Store.ProgramGen.TermC.toValTerms	(Terms)
  one-level	Effect4.Codegen.PrintLeaf:185	Effect4.Program.pairArgs?	(Term)
  one-level	Effect4.Codegen.Read:835	Effect4.Program.noRow	(Terms)	converted: Effect4.Program.noRow.alg with Effect4.Program.noRow.eq_cata hands to [Effect4.Program.Terms.names?]
  one-level	Effect4.Codegen.Read:847	Effect4.Program.tupleRequestReadable	(Term)	 hands to [Effect4.Program.pairArgs?, Effect4.Program.printTerm, Effect4.Program.Term.scoped]
  one-level	Effect4.Program.Typing.Rules:202	Effect4.Program.tagTest?	(Term)
  opaque	Effect4.Codegen.Read:217	Effect4.Program.rowAnswer	(Term)
  opaque	Effect4.Machine.Term:109	Effect4.Program.instDecidableEqTerms [instance]	(Terms)
  opaque	Effect4.Machine.Term:109	Effect4.Program.instDecidableEqTerm [instance]	(Term)
  opaque	Effect4.Program.Fold:626	Effect4.Program.TermHom.f_term	(Term)
  opaque	Effect4.Program.Fold:627	Effect4.Program.TermHom.f_terms	(Terms)
  opaque	Effect4.Program.Fold:861	Effect4.Program.CauseTermAlgebra.cause_fail	(Term)
  opaque	Effect4.Program.Fold:862	Effect4.Program.CauseTermAlgebra.cause_die	(Term)
  opaque	Effect4.Program.Fold:949	Effect4.Program.CauseTermMAlgebra.cause_fail	(Term)
  opaque	Effect4.Program.Fold:950	Effect4.Program.CauseTermMAlgebra.cause_die	(Term)
  opaque	Effect4.Program.Fold:1039	Effect4.Program.EffAlgebra.eff_succeed	(Term)
  opaque	Effect4.Program.Fold:1040	Effect4.Program.EffAlgebra.eff_fail	(Term)
  opaque	Effect4.Program.Fold:1042	Effect4.Program.EffAlgebra.eff_sync	(Term)
  opaque	Effect4.Program.Fold:1044	Effect4.Program.EffAlgebra.eff_perform	(Term)
  opaque	Effect4.Program.Fold:1054	Effect4.Program.EffAlgebra.eff_awaitFiber	(Term)
  opaque	Effect4.Program.Fold:1060	Effect4.Program.EffAlgebra.eff_provideService	(Term)
  opaque	Effect4.Program.Fold:1061	Effect4.Program.EffAlgebra.eff_catchIf	(Term)
  opaque	Effect4.Program.Fold:1062	Effect4.Program.EffAlgebra.eff_select	(Term)
  opaque	Effect4.Program.Fold:1063	Effect4.Program.EffAlgebra.eff_iterate	(Term)
  opaque	Effect4.Program.Fold:1066	Effect4.Program.EffAlgebra.stmt_ret	(Term)
  opaque	Effect4.Program.Fold:1067	Effect4.Program.EffAlgebra.stmt_ifElse	(Term)
  opaque	Effect4.Program.Fold:1075	Effect4.Program.EffAlgebra.action_forkIn	(Term)
  opaque	Effect4.Program.Fold:1077	Effect4.Program.EffAlgebra.action_runIn	(Term)
  opaque	Effect4.Program.Fold:1078	Effect4.Program.EffAlgebra.action_interrupt	(Term)
  opaque	Effect4.Program.Fold:1079	Effect4.Program.EffAlgebra.action_interruptScoped	(Term)
  opaque	Effect4.Program.Fold:1080	Effect4.Program.EffAlgebra.action_interruptAll	(Term)
  opaque	Effect4.Program.Fold:1081	Effect4.Program.EffAlgebra.action_awaitAll	(Term)
  opaque	Effect4.Program.Fold:1082	Effect4.Program.EffAlgebra.action_awaitAllFailFast	(Term)
  opaque	Effect4.Program.Fold:1084	Effect4.Program.EffAlgebra.action_awaitNewChildren	(Term)
  opaque	Effect4.Program.Fold:1086	Effect4.Program.EffAlgebra.action_setContext	(Term)
  opaque	Effect4.Program.Fold:1089	Effect4.Program.EffAlgebra.action_closeScope	(Term)
  opaque	Effect4.Program.Fold:2048	Effect4.Program.EffMAlgebra.eff_succeed	(Term)
  opaque	Effect4.Program.Fold:2049	Effect4.Program.EffMAlgebra.eff_fail	(Term)
  opaque	Effect4.Program.Fold:2051	Effect4.Program.EffMAlgebra.eff_sync	(Term)
  opaque	Effect4.Program.Fold:2053	Effect4.Program.EffMAlgebra.eff_perform	(Term)
  opaque	Effect4.Program.Fold:2063	Effect4.Program.EffMAlgebra.eff_awaitFiber	(Term)
  opaque	Effect4.Program.Fold:2069	Effect4.Program.EffMAlgebra.eff_provideService	(Term)
  opaque	Effect4.Program.Fold:2070	Effect4.Program.EffMAlgebra.eff_catchIf	(Term)
  opaque	Effect4.Program.Fold:2071	Effect4.Program.EffMAlgebra.eff_select	(Term)
  opaque	Effect4.Program.Fold:2072	Effect4.Program.EffMAlgebra.eff_iterate	(Term)
  opaque	Effect4.Program.Fold:2075	Effect4.Program.EffMAlgebra.stmt_ret	(Term)
  opaque	Effect4.Program.Fold:2076	Effect4.Program.EffMAlgebra.stmt_ifElse	(Term)
  opaque	Effect4.Program.Fold:2084	Effect4.Program.EffMAlgebra.action_forkIn	(Term)
  opaque	Effect4.Program.Fold:2086	Effect4.Program.EffMAlgebra.action_runIn	(Term)
  opaque	Effect4.Program.Fold:2087	Effect4.Program.EffMAlgebra.action_interrupt	(Term)
  opaque	Effect4.Program.Fold:2088	Effect4.Program.EffMAlgebra.action_interruptScoped	(Term)
  opaque	Effect4.Program.Fold:2089	Effect4.Program.EffMAlgebra.action_interruptAll	(Term)
  opaque	Effect4.Program.Fold:2090	Effect4.Program.EffMAlgebra.action_awaitAll	(Term)
  opaque	Effect4.Program.Fold:2091	Effect4.Program.EffMAlgebra.action_awaitAllFailFast	(Term)
  opaque	Effect4.Program.Fold:2093	Effect4.Program.EffMAlgebra.action_awaitNewChildren	(Term)
  opaque	Effect4.Program.Fold:2095	Effect4.Program.EffMAlgebra.action_setContext	(Term)
  opaque	Effect4.Program.Fold:2098	Effect4.Program.EffMAlgebra.action_closeScope	(Term)
  opaque	Effect4.Program.Fold:2969	Effect4.Program.EffFrontierAlgebra.eff_succeed	(Term)
  opaque	Effect4.Program.Fold:2970	Effect4.Program.EffFrontierAlgebra.eff_fail	(Term)
  opaque	Effect4.Program.Fold:2972	Effect4.Program.EffFrontierAlgebra.eff_sync	(Term)
  opaque	Effect4.Program.Fold:2974	Effect4.Program.EffFrontierAlgebra.eff_perform	(Term)
  opaque	Effect4.Program.Fold:2984	Effect4.Program.EffFrontierAlgebra.eff_awaitFiber	(Term)
  opaque	Effect4.Program.Fold:2990	Effect4.Program.EffFrontierAlgebra.eff_provideService	(Term)
  opaque	Effect4.Program.Fold:2991	Effect4.Program.EffFrontierAlgebra.eff_catchIf	(Term)
  opaque	Effect4.Program.Fold:2992	Effect4.Program.EffFrontierAlgebra.eff_select	(Term)
  opaque	Effect4.Program.Fold:2993	Effect4.Program.EffFrontierAlgebra.eff_iterate	(Term)
  opaque	Effect4.Program.Fold:2996	Effect4.Program.EffFrontierAlgebra.stmt_ret	(Term)
  opaque	Effect4.Program.Fold:2997	Effect4.Program.EffFrontierAlgebra.stmt_ifElse	(Term)
  opaque	Effect4.Program.Fold:3005	Effect4.Program.EffFrontierAlgebra.action_forkIn	(Term)
  opaque	Effect4.Program.Fold:3007	Effect4.Program.EffFrontierAlgebra.action_runIn	(Term)
  opaque	Effect4.Program.Fold:3008	Effect4.Program.EffFrontierAlgebra.action_interrupt	(Term)
  opaque	Effect4.Program.Fold:3009	Effect4.Program.EffFrontierAlgebra.action_interruptScoped	(Term)
  opaque	Effect4.Program.Fold:3010	Effect4.Program.EffFrontierAlgebra.action_interruptAll	(Term)
  opaque	Effect4.Program.Fold:3011	Effect4.Program.EffFrontierAlgebra.action_awaitAll	(Term)
  opaque	Effect4.Program.Fold:3012	Effect4.Program.EffFrontierAlgebra.action_awaitAllFailFast	(Term)
  opaque	Effect4.Program.Fold:3014	Effect4.Program.EffFrontierAlgebra.action_awaitNewChildren	(Term)
  opaque	Effect4.Program.Fold:3016	Effect4.Program.EffFrontierAlgebra.action_setContext	(Term)
  opaque	Effect4.Program.Fold:3019	Effect4.Program.EffFrontierAlgebra.action_closeScope	(Term)
  opaque	Effect4.Program.Fold:3507	FoldAcceptance.EffTraversal.atSucceed	(Term)
  opaque	Effect4.Program.Fold:3508	FoldAcceptance.EffTraversal.atPerform	(Term)
  structural	Effect4.Codegen.PrintLeaf:163	Effect4.Program.printTerm	(Term)	converted: Effect4.Program.printTerm.alg with Effect4.Program.printTerm.eq_cata
  structural	Effect4.Codegen.PrintLeaf:170	Effect4.Program.printTerms	(Terms)	converted: Effect4.Program.printTerms.alg with Effect4.Program.printTerms.eq_cata
  structural	Effect4.Codegen.Read:827	Effect4.Program.Terms.names?	(Terms)	converted: Effect4.Program.Terms.names?.alg with Effect4.Program.Terms.names?.eq_cata
  structural	Effect4.Machine.Term:111	Effect4.Program.Terms.toList	(Terms)	converted: Effect4.Program.Terms.toList.alg with Effect4.Program.Terms.toList.eq_cata
  structural	Effect4.Machine.Term:118	Effect4.Program.Term.scoped	(Term)	converted: Effect4.Program.Term.scoped.alg with Effect4.Program.Term.scoped.eq_cata
  structural	Effect4.Machine.Term:123	Effect4.Program.Terms.scoped	(Terms)	converted: Effect4.Program.Terms.scoped.alg with Effect4.Program.Terms.scoped.eq_cata
  structural	Effect4.Machine.Term:425	Effect4.Program.evalTerm	(Term)	converted: Effect4.Program.evalTerm.alg with Effect4.Program.evalTerm.eq_cata
  structural	Effect4.Machine.Term:432	Effect4.Program.evalTerms	(Terms)	converted: Effect4.Program.evalTerms.alg with Effect4.Program.evalTerms.eq_cata
  structural	Effect4.Program.Eff:453	Effect4.Program.Term.weaken	(Term)	converted: Effect4.Program.Term.weaken.alg with Effect4.Program.Term.weaken.eq_cata
  structural	Effect4.Program.Eff:458	Effect4.Program.Terms.weaken	(Terms)	converted: Effect4.Program.Terms.weaken.alg with Effect4.Program.Terms.weaken.eq_cata
  structural	Effect4.Program.Typing.Rules:84	Effect4.Program.argTy	(Term)	converted: Effect4.Program.argTy.alg with Effect4.Program.argTy.eq_cata
  structural	Effect4.Program.Typing.Rules:95	Effect4.Program.argsTy	(Terms)	converted: Effect4.Program.argsTy.alg with Effect4.Program.argsTy.eq_cata
info: Test/Audit/TraversalCensus.lean:86:0: #traversal_census Effect4.Representation (family [Effect4.Representation,
 Effect4.Check]) under Effect4: 33 definitions take a family value (2 private) — fold 2, generated 4, structural 1 (of which 0 with a fold beside them, 0 instance implementations), wf 2 (of which 0 with a fold beside them), one-level 5 (of which 4 with a fold beside them), delegates 8, opaque 11; declared folds: [Effect4.cata_pos_list_elementOf_representation,
 Effect4.cata_pos_option_list_representation,
 Effect4.cata_representation,
 Effect4.cata_check,
 Effect4.cata_pos_indexSignatureOf_representation,
 Effect4.cata_pos_list_representation,
 Effect4.cata_pos_list_check,
 Effect4.cata_pos_option_checkRepresentationAnnotationOf_representation,
 Effect4.cata_pos_list_indexSignatureOf_representation,
 Effect4.cata_pos_propertySignatureOf_representation,
 Effect4.cata_pos_list_propertySignatureOf_representation,
 SchemaFoldAcceptance.cataHom,
 Effect4.cata_pos_checkRepresentationAnnotationOf_representation,
 Effect4.cata_pos_elementOf_representation]
  delegates	Effect4.Api:575	Effect4.Api.schemaRepresentation	(Representation)	→ [Effect4.Codegen.Schema.representation]
  delegates	Effect4.Codegen.Schema:328	Effect4.Codegen.Schema.representationSource	(Representation)	→ [Effect4.Codegen.Schema.representation]
  delegates	Effect4.Schema.Authoring:158	Effect4.Schema.withCheck	(Representation)	→ [Effect4.Schema.withChecks?]
  delegates	Effect4.Schema.Bridge:247	Effect4.Program.Ty.ofSchema	(Representation)	→ [Effect4.Schema.Bridge.ofSchema]
  delegates	Effect4.Schema.Fold:1042	SchemaFoldAcceptance.representationNodes	(Representation)	→ [Effect4.foldMap_representation]
  delegates	Effect4.Schema.Fold:1045	SchemaFoldAcceptance.checkNodes	(Representation)	→ [Effect4.foldMap_representation]
  delegates	Effect4.Schema.Representation:1062	Effect4.instDecidableEqRepresentation [instance]	(Representation)	→ [Effect4.Representation.beq]
  delegates	Effect4.Schema.Representation:1066	Effect4.instDecidableEqCheck [instance]	(Check)	→ [Effect4.Check.beq]
  fold	Effect4.Codegen.Schema:302	Effect4.Codegen.Schema.representation	(Representation)	Effect4.Codegen.Schema.printAlgebra
  fold	Effect4.Codegen.Schema:305	Effect4.Codegen.Schema.check	(Check)	Effect4.Codegen.Schema.printAlgebra
  generated	Effect4.Schema.Fold:802	Effect4.foldMap_representation	(Representation)
  generated	Effect4.Schema.Fold:850	Effect4.foldMap_check	(Check)
  generated	Effect4.Store.Domain.Derived.Schema:701	Effect4.Store.SchemaGen.RepresentationC.toValRepresentation	(Representation)
  generated	Effect4.Store.Domain.Derived.Schema:730	Effect4.Store.SchemaGen.RepresentationC.toValCheck	(Check)
  one-level	Effect4.Schema.Authoring:125	Effect4.Schema.withChecks?	(Representation)	converted: Effect4.Schema.withChecks?.alg with Effect4.Schema.withChecks?.eq_cata
  one-level	Effect4.Schema.Bridge:61	Effect4.Schema.Bridge.checkId	(Check)	converted: Effect4.Schema.Bridge.checkId.alg with Effect4.Schema.Bridge.checkId.eq_cata
  one-level	Effect4.Schema.Bridge:67	Effect4.Schema.Bridge.isDefect	(Representation)
  one-level	Effect4.Schema.Representation:1089	Effect4.Representation.tag	(Representation)	converted: Effect4.Representation.tag.alg with Effect4.Representation.tag.eq_cata
  one-level	Effect4.Schema.Representation:1114	Effect4.Check.tag	(Check)	converted: Effect4.Check.tag.alg with Effect4.Check.tag.eq_cata
  opaque	Effect4.Schema.Authoring:23	Effect4.Schema.Check.group	(Check)
  opaque	Effect4.Schema.Authoring:73	Effect4.Schema.array	(Representation)
  opaque	Effect4.Schema.Authoring:83	Effect4.Schema.element	(Representation)
  opaque	Effect4.Schema.Authoring:87	Effect4.Schema.property	(Representation)
  opaque	Effect4.Schema.Authoring:92	Effect4.Schema.index	(Representation)
  opaque	Effect4.Schema.Authoring:99	Effect4.Schema.anyOf	(Representation)
  opaque	Effect4.Schema.Authoring:112	Effect4.Schema.oneOf	(Representation)
  opaque	Effect4.Schema.Authoring:117	Effect4.Schema.suspend	(Representation)
  opaque	Effect4.Schema.Authoring:119	Effect4.Schema.document	(Representation)
  opaque	Effect4.Schema.Fold:441	Effect4.RepresentationHom.f_representation	(Representation)
  opaque	Effect4.Schema.Fold:442	Effect4.RepresentationHom.f_check	(Check)
  structural	Effect4.Schema.Bridge:73	Effect4.Schema.Bridge.ofSchema	(Representation)	 hands to [Effect4.Schema.Bridge.isDefect, Effect4.Schema.Bridge.checkId]
  wf	Effect4.Schema.Representation:811	Effect4.Representation.beq [private]	(Representation)
  wf	Effect4.Schema.Representation:921	Effect4.Check.beq [private]	(Check)
info: Test/Audit/TraversalCensus.lean:87:0: #traversal_census Effect4.Store.Val (family [Effect4.Store.Val]) under Effect4: 253 definitions take a family value (0 private) — fold 0, generated 95, structural 18 (of which 17 with a fold beside them, 0 instance implementations), wf 0 (of which 0 with a fold beside them), one-level 64 (of which 2 with a fold beside them), delegates 49, opaque 27; declared folds: [Effect4.Store.cata_val,
 Effect4.Store.cata_pos_list_val]
  delegates	Effect4.Laws.Machine.Witnesses:115	Effect4.Machine.Witnesses.causeCode	(Val)	→ [Effect4.Store.Image.ofVal]
  delegates	Effect4.Laws.Machine.Witnesses:119	Effect4.Machine.Witnesses.snapshotCode	(Val)	→ [Effect4.Store.Image.ofVal]
  delegates	Effect4.Laws.Program.DenoteR:317	Effect4.Program.Sched.bindServiceR	(Val)	→ [Effect4.Machine.Env.Context.addV]
  delegates	Effect4.Laws.Program.DenoteR:324	Effect4.Program.Sched.addCurrentMemoMapR	(Val)	→ [Effect4.Machine.Env.decode, Effect4.Machine.Env.Context.addV]
  delegates	Effect4.Laws.Program.DenoteR:330	Effect4.Program.Sched.combineWithR	(Val)	→ [Effect4.Machine.Env.decode]
  delegates	Effect4.Laws.Program.DenoteR:339	Effect4.Program.Sched.mergeContextsR	(Val)	→ [Effect4.Machine.reasonsOfVal, Effect4.Program.contextsOf]
  delegates	Effect4.Laws.Program.DenoteR:348	Effect4.Program.Sched.serviceLookupR	(Val)	→ [Effect4.Machine.Val.context?]
  delegates	Effect4.Laws.Program.InterpR:136	Effect4.Program.Sched.closeSeqStepR	(Val)	→ [Effect4.Machine.reasonsOfVal]
  delegates	Effect4.Laws.Program.InterpR:276	Effect4.Program.Sched.loopResumeRAt	(Val)	→ [Effect4.Program.Sched.loopNextRAt]
  delegates	Effect4.Laws.Program.Typed.Membership:47	Effect4.Program.Typed.Live	(Val)	→ [Effect4.Machine.Val.keys]
  delegates	Effect4.Laws.Program.Typed.Residual:73	Effect4.Program.Typed.storePost	(Val)	→ [Effect4.Machine.Val.memoHit?, Effect4.Program.Typed.Fits]
  delegates	Effect4.Laws.Program.Typed.World:73	Effect4.Program.Typed.ValueOk	(Val)	→ [Effect4.Program.Val.hasTy]
  delegates	Effect4.Laws.Program.Typed.World:94	Effect4.Program.Typed.HeapCell	(Val)	→ [Effect4.Program.Typed.ValueOk]
  delegates	Effect4.Machine.ContextMap:593	Effect4.Machine.Env.instDecidableEqCarrierValU [instance]	(Val)	→ [Effect4.Store.Val.instDecidableEq]
  delegates	Effect4.Machine.ContextMap:736	Effect4.Machine.Env.decode	(Val)	→ [Effect4.Machine.Env.spine]
  delegates	Effect4.Machine.Stores:108	Effect4.Machine.Ctx.provide	(Val)	→ [Effect4.Machine.Env.Context.addV]
  delegates	Effect4.Machine.Stores:225	Effect4.Machine.Val.context?	(Val)	→ [Effect4.Store.Image.ofVal]
  delegates	Effect4.Machine.Stores:870	Effect4.Machine.FnName.modifySome	(Val)	→ [Effect4.Machine.FnName.modify]
  delegates	Effect4.Machine.Stores:1797	Effect4.Machine.closeSeqStep	(Val)	→ [Effect4.Machine.reasonsOfVal]
  delegates	Effect4.Machine.Term:55	Effect4.Program.queryTag	(Val)	→ [Effect4.Program.queryReasons?]
  delegates	Effect4.Machine.Term:59	Effect4.Program.queryError	(Val)	→ [Effect4.Program.queryReasons?]
  delegates	Effect4.Program.Admit:25	Effect4.Program.mintedIn	(Val)	→ [Effect4.Store.Val.handles]
  delegates	Effect4.Program.Compile:457	Effect4.Program.exitOfVal	(Val)	→ [Effect4.Store.Image.ofVal]
  delegates	Effect4.Program.Compile:519	Effect4.Program.mergeContextsK	(Val)	→ [Effect4.Machine.reasonsOfVal, Effect4.Program.contextsOf]
  delegates	Effect4.Program.Compile:799	Effect4.Program.provideLayerBodyK	(Val)	→ [Effect4.Machine.Env.decode]
  delegates	Effect4.Program.Compile:809	Effect4.Program.updateThenK	(Val)	→ [Effect4.Machine.Val.context?]
  delegates	Effect4.Program.Compile:822	Effect4.Program.buildWithScopeK	(Val)	→ [Effect4.Machine.Val.context?]
  delegates	Effect4.Program.Compile:830	Effect4.Program.addCurrentMemoMapK	(Val)	→ [Effect4.Machine.Env.decode, Effect4.Machine.Env.Context.addV]
  delegates	Effect4.Program.Compile:836	Effect4.Program.provideThenK	(Val)	→ [Effect4.Machine.Env.decode]
  delegates	Effect4.Program.Compile:847	Effect4.Program.combineWithK	(Val)	→ [Effect4.Machine.Env.decode]
  delegates	Effect4.Program.Compile:857	Effect4.Program.bindServiceK	(Val)	→ [Effect4.Machine.Env.Context.addV]
  delegates	Effect4.Program.Compile:864	Effect4.Program.serviceLookupK	(Val)	→ [Effect4.Machine.Val.context?]
  delegates	Effect4.Program.Compile:1351	Effect4.Program.loopResumeAt	(Val)	→ [Effect4.Program.loopNextAt]
  delegates	Effect4.Program.HostBoundary:66	Effect4.Program.Profile.Scalar.poll	(Val)	→ [Effect4.Program.Profile.Scalar.checkRequest, Effect4.Program.Profile.Scalar.step?]
  delegates	Effect4.Program.HostBoundary:88	Effect4.Program.Profile.Resource.poll	(Val)	→ [Effect4.Program.Profile.Resource.step?, Effect4.Program.Profile.Resource.checkRequest]
  delegates	Effect4.Program.Profile:332	Effect4.Program.Profile.Scalar.step?	(Val)	→ [Effect4.Program.Profile.Scalar.after, Effect4.Program.Profile.Scalar.outcome?]
  delegates	Effect4.Program.Profile:569	Effect4.Program.Profile.Resource.step?	(Val)	→ [Effect4.Program.Profile.Resource.after, Effect4.Program.Profile.Resource.outcome?]
  delegates	Effect4.Program.Profile:644	Effect4.Program.Profile.Resource.rollbackStep?	(Val)	→ [Effect4.Program.Profile.Resource.after, Effect4.Program.Profile.Resource.outcome?]
  delegates	Effect4.Program.Typed:108	Effect4.Program.hasTyCause	(Val)	→ [Effect4.Program.Val.hasTy, Effect4.Machine.Val.cause?]
  delegates	Effect4.Schema.Codec:215	Effect4.Schema.Codec.isValue	(Val)	→ [Effect4.Schema.Codec.encodeRaw, Effect4.Program.Val.hasTy, Effect4.Store.Val.instDecidableEq]
  delegates	Effect4.Schema.Codec:229	Effect4.Schema.encode	(Val)	→ [Effect4.Schema.Codec.encodeRaw, Effect4.Program.Val.hasTy, Effect4.Store.Val.instDecidableEq]
  delegates	Effect4.Schema.Codec:252	Effect4.Program.Ty.isCodecValue	(Val)	→ [Effect4.Schema.Codec.isValue]
  delegates	Effect4.Store.Carrier.Val:393	Effect4.Store.Val.decWF [instance]	(Val)	→ [Effect4.Store.Val.WF, Effect4.Store.Val.wf]
  delegates	Effect4.Store.Carrier.Val:1076	Effect4.Store.Val.encode?	(Val)	→ [Effect4.Store.Val.wf, Effect4.Store.Val.encode]
  delegates	Effect4.Store.Carrier.Val:1154	Effect4.Store.Val.instDecidableEq [instance]	(Val)	→ [Effect4.Store.Val.beq]
  delegates	Effect4.Store.Domain.Canonical:262	Effect4.Store.guarded	(Val)	→ [Effect4.Store.Val.instDecidableEq]
  delegates	Effect4.Store.Domain.Shape:173	Effect4.Store.acceptsIn	(Val)	→ [Effect4.Store.acceptsAt]
  delegates	Effect4.Store.Domain.Shape:177	Effect4.Store.ShapeDoc.accepts	(Val)	→ [Effect4.Store.acceptsIn]
  delegates	Effect4.Store.Domain.Shape:428	Effect4.Store.ShapeDoc.print	(Val)	→ [Effect4.Store.printIn]
  generated	Effect4.Api.Derived:38	Effect4.Store.ApiGen.FiberIdC.ofVal	(Val)	 hands to [Effect4.Store.Canonical.ofVal]
  generated	Effect4.Api.Derived:92	Effect4.Store.ApiGen.KeyC.ofVal	(Val)	 hands to [Effect4.Store.Canonical.ofVal]
  generated	Effect4.Api.Derived:154	Effect4.Store.ApiGen.ExhaustionC.ofVal	(Val)
  generated	Effect4.Api.Derived:211	Effect4.Store.ApiGen.FrontierReasonC.ofVal	(Val)	 hands to [Effect4.Store.Canonical.ofVal]
  generated	Effect4.Api.RefusalsDerived:43	Effect4.Store.RefusalsGen.TableRefusalC.ofVal	(Val)	 hands to [Effect4.Store.Canonical.ofVal]
  generated	Effect4.Api.RefusalsDerived:116	Effect4.Store.RefusalsGen.AdmitRefusalC.ofVal	(Val)	 hands to [Effect4.Store.Canonical.ofVal]
  generated	Effect4.Api.RefusalsDerived:216	Effect4.Store.RefusalsGen.ReasonC.ofVal	(Val)	 hands to [Effect4.Store.Canonical.ofVal]
  generated	Effect4.Api.RefusalsDerived:291	Effect4.Store.RefusalsGen.RefusalC.ofVal	(Val)	 hands to [Effect4.Store.Canonical.ofVal]
  generated	Effect4.Api.RefusalsDerived:412	Effect4.Store.RefusalsGen.TypeReasonC.ofVal	(Val)	 hands to [Effect4.Store.Canonical.ofVal]
  generated	Effect4.Api.RefusalsDerived:629	Effect4.Store.RefusalsGen.TypeRefusalC.ofVal	(Val)	 hands to [Effect4.Store.Canonical.ofVal]
  generated	Effect4.Api.RefusalsDerived:693	Effect4.Store.RefusalsGen.AuthorRefusalC.ofVal	(Val)	 hands to [Effect4.Store.Canonical.ofVal]
  generated	Effect4.Api.RefusalsDerived:759	Effect4.Store.RefusalsGen.PrintRefusalC.ofVal	(Val)	 hands to [Effect4.Store.Canonical.ofVal]
  generated	Effect4.Api.RefusalsDerived:839	Effect4.Store.RefusalsGen.ReadRefusalC.ofVal	(Val)	 hands to [Effect4.Store.Canonical.ofVal]
  generated	Effect4.Api.RunnerDerived:51	Effect4.Store.RunnerGen.RefKeyC.ofVal	(Val)	 hands to [Effect4.Store.Canonical.ofVal]
  generated	Effect4.Api.RunnerDerived:112	Effect4.Store.RunnerGen.ErrC.ofVal	(Val)	 hands to [Effect4.Store.Canonical.ofVal]
  generated	Effect4.Api.RunnerDerived:199	Effect4.Store.RunnerGen.DefectC.ofVal	(Val)	 hands to [Effect4.Store.Canonical.ofVal]
  generated	Effect4.Api.RunnerDerived:279	Effect4.Store.RunnerGen.ReasonC.ofVal	(Val)	 hands to [Effect4.Store.Canonical.ofVal]
  generated	Effect4.Api.RunnerDerived:375	Effect4.Store.RunnerGen.CauseC.ofVal	(Val)	 hands to [Effect4.Store.Canonical.ofVal]
  generated	Effect4.Api.RunnerDerived:435	Effect4.Store.RunnerGen.ExitC.ofVal	(Val)	 hands to [Effect4.Store.Canonical.ofVal]
  generated	Effect4.Api.RunnerDerived:498	Effect4.Store.RunnerGen.CompletionC.ofVal	(Val)	 hands to [Effect4.Store.Canonical.ofVal]
  generated	Effect4.Api.RunnerDerived:583	Effect4.Store.RunnerGen.RunDecisionC.ofVal	(Val)	 hands to [Effect4.Store.Canonical.ofVal]
  generated	Effect4.Api.RunnerDerived:723	Effect4.Store.RunnerGen.HeaderC.ofVal	(Val)	 hands to [Effect4.Store.Canonical.ofVal]
  generated	Effect4.Api.RunnerDerived:800	Effect4.Store.RunnerGen.CallC.ofVal	(Val)	 hands to [Effect4.Store.Canonical.ofVal]
  generated	Effect4.Api.RunnerDerived:894	Effect4.Store.RunnerGen.ReplyC.ofVal	(Val)	 hands to [Effect4.Store.Canonical.ofVal]
  generated	Effect4.Api.RunnerDerived:1000	Effect4.Store.RunnerGen.RefusalC.ofVal	(Val)	 hands to [Effect4.Store.Canonical.ofVal]
  generated	Effect4.Api.RunnerDerived:1106	Effect4.Store.RunnerGen.PhaseC.ofVal	(Val)	 hands to [Effect4.Store.Canonical.ofVal]
  generated	Effect4.Api.RunnerDerived:1183	Effect4.Store.RunnerGen.CommandC.ofVal	(Val)	 hands to [Effect4.Store.Canonical.ofVal]
  generated	Effect4.Api.RunnerDerived:1284	Effect4.Store.RunnerGen.StateC.ofVal	(Val)
  generated	Effect4.Api.RunnerDerived:1341	Effect4.Store.RunnerGen.StuckC.ofVal	(Val)	 hands to [Effect4.Store.Canonical.ofVal]
  generated	Effect4.Api.RunnerDerived:1407	Effect4.Store.RunnerGen.OutcomeC.ofVal	(Val)	 hands to [Effect4.Store.Canonical.ofVal]
  generated	Effect4.Api.RunnerDerived:1467	Effect4.Store.RunnerGen.AwaitC.ofVal	(Val)	 hands to [Effect4.Store.Canonical.ofVal]
  generated	Effect4.Api.RunnerDerived:1550	Effect4.Store.RunnerGen.FiberStatusC.ofVal	(Val)	 hands to [Effect4.Store.Canonical.ofVal]
  generated	Effect4.Api.RunnerDerived:1651	Effect4.Store.RunnerGen.ObservationC.ofVal	(Val)	 hands to [Effect4.Store.Canonical.ofVal]
  generated	Effect4.Store.Carrier.Fold:259	Effect4.Store.foldMap_val	(Val)
  generated	Effect4.Store.Domain.Derived.Json:35	Effect4.Store.JsonGen.Float64C.ofVal	(Val)	 hands to [Effect4.Store.Canonical.ofVal]
  generated	Effect4.Store.Domain.Derived.Json:120	Effect4.Store.JsonGen.JsonC.rawJson	(Val)	 hands to [Effect4.Store.Canonical.ofVal]
  generated	Effect4.Store.Domain.Derived.Json:149	Effect4.Store.JsonGen.JsonC.rawP1	(Val)	 hands to [Effect4.Store.Canonical.ofVal]
  generated	Effect4.Store.Domain.Derived.Program:50	Effect4.Store.ProgramGen.LitC.ofVal	(Val)	 hands to [Effect4.Store.Canonical.ofVal]
  generated	Effect4.Store.Domain.Derived.Program:127	Effect4.Store.ProgramGen.FnNameC.ofVal	(Val)
  generated	Effect4.Store.Domain.Derived.Program:185	Effect4.Store.ProgramGen.FinalizerStrategyC.ofVal	(Val)
  generated	Effect4.Store.Domain.Derived.Program:236	Effect4.Store.ProgramGen.MaskModeC.ofVal	(Val)
  generated	Effect4.Store.Domain.Derived.Program:288	Effect4.Store.ProgramGen.ObserverModeC.ofVal	(Val)
  generated	Effect4.Store.Domain.Derived.Program:339	Effect4.Store.ProgramGen.DecisionC.ofVal	(Val)	 hands to [Effect4.Store.Canonical.ofVal]
  generated	Effect4.Store.Domain.Derived.Program:440	Effect4.Store.ProgramGen.NativeOpC.ofVal	(Val)	 hands to [Effect4.Store.Canonical.ofVal]
  generated	Effect4.Store.Domain.Derived.Program:576	Effect4.Store.ProgramGen.ForkOptionsC.ofVal	(Val)	 hands to [Effect4.Store.Canonical.ofVal]
  generated	Effect4.Store.Domain.Derived.Program:663	Effect4.Store.ProgramGen.TermC.rawTerm	(Val)	 hands to [Effect4.Store.Canonical.ofVal]
  generated	Effect4.Store.Domain.Derived.Program:677	Effect4.Store.ProgramGen.TermC.rawTerms	(Val)	 hands to [Effect4.Store.Canonical.ofVal]
  generated	Effect4.Store.Domain.Derived.Program:804	Effect4.Store.ProgramGen.CauseTermC.rawCauseTerm	(Val)	 hands to [Effect4.Store.Canonical.ofVal]
  generated	Effect4.Store.Domain.Derived.Program:900	Effect4.Store.ProgramGen.ServiceNameC.ofVal	(Val)	 hands to [Effect4.Store.Canonical.ofVal]
  generated	Effect4.Store.Domain.Derived.Program:953	Effect4.Store.ProgramGen.ServiceTypeCodeC.ofVal	(Val)	 hands to [Effect4.Store.Canonical.ofVal]
  generated	Effect4.Store.Domain.Derived.Program:1007	Effect4.Store.ProgramGen.ServiceKeyC.ofVal	(Val)	 hands to [Effect4.Store.Canonical.ofVal]
  generated	Effect4.Store.Domain.Derived.Program:1118	Effect4.Store.ProgramGen.TyC.rawTy	(Val)	 hands to [Effect4.Store.Canonical.ofVal]
  generated	Effect4.Store.Domain.Derived.Program:1518	Effect4.Store.ProgramGen.EffC.rawEff	(Val)	 hands to [Effect4.Store.Canonical.ofVal]
  generated	Effect4.Store.Domain.Derived.Program:1628	Effect4.Store.ProgramGen.EffC.rawStmt	(Val)	 hands to [Effect4.Store.Canonical.ofVal]
  generated	Effect4.Store.Domain.Derived.Program:1651	Effect4.Store.ProgramGen.EffC.rawStmts	(Val)	 hands to [Effect4.Store.Canonical.ofVal]
  generated	Effect4.Store.Domain.Derived.Program:1658	Effect4.Store.ProgramGen.EffC.rawEffs	(Val)	 hands to [Effect4.Store.Canonical.ofVal]
  generated	Effect4.Store.Domain.Derived.Program:1665	Effect4.Store.ProgramGen.EffC.rawActionTerm	(Val)	 hands to [Effect4.Store.Canonical.ofVal]
  generated	Effect4.Store.Domain.Derived.Program:1727	Effect4.Store.ProgramGen.EffC.rawLayerTerm	(Val)	 hands to [Effect4.Store.Canonical.ofVal]
  generated	Effect4.Store.Domain.Derived.Program:1771	Effect4.Store.ProgramGen.EffC.rawLayerTerms	(Val)	 hands to [Effect4.Store.Canonical.ofVal]
  generated	Effect4.Store.Domain.Derived.Program:2360	Effect4.Store.ProgramGen.RowKindC.ofVal	(Val)
  generated	Effect4.Store.Domain.Derived.Program:2416	Effect4.Store.ProgramGen.RowShapeC.ofVal	(Val)
  generated	Effect4.Store.Domain.Derived.Program:2471	Effect4.Store.ProgramGen.RegistrationC.ofVal	(Val)
  generated	Effect4.Store.Domain.Derived.Program:2534	Effect4.Store.ProgramGen.RowC.ofVal	(Val)	 hands to [Effect4.Store.Canonical.ofVal]
  generated	Effect4.Store.Domain.Derived.Program:2644	Effect4.Store.ProgramGen.EffTyC.ofVal	(Val)	 hands to [Effect4.Store.Canonical.ofVal]
  generated	Effect4.Store.Domain.Derived.Schema:38	Effect4.Store.SchemaGen.ReferenceKeyC.ofVal	(Val)	 hands to [Effect4.Store.Canonical.ofVal]
  generated	Effect4.Store.Domain.Derived.Schema:91	Effect4.Store.SchemaGen.GlobalSymbolKeyC.ofVal	(Val)	 hands to [Effect4.Store.Canonical.ofVal]
  generated	Effect4.Store.Domain.Derived.Schema:145	Effect4.Store.SchemaGen.AnnotationEntryC.ofVal	(Val)	 hands to [Effect4.Store.Canonical.ofVal]
  generated	Effect4.Store.Domain.Derived.Schema:212	Effect4.Store.SchemaGen.LiteralValueC.ofVal	(Val)	 hands to [Effect4.Store.Canonical.ofVal]
  generated	Effect4.Store.Domain.Derived.Schema:288	Effect4.Store.SchemaGen.EnumValueC.ofVal	(Val)	 hands to [Effect4.Store.Canonical.ofVal]
  generated	Effect4.Store.Domain.Derived.Schema:346	Effect4.Store.SchemaGen.EnumEntryC.ofVal	(Val)	 hands to [Effect4.Store.Canonical.ofVal]
  generated	Effect4.Store.Domain.Derived.Schema:411	Effect4.Store.SchemaGen.PropertyKeyC.ofVal	(Val)	 hands to [Effect4.Store.Canonical.ofVal]
  generated	Effect4.Store.Domain.Derived.Schema:478	Effect4.Store.SchemaGen.RepresentationAnnotationC.ofVal	(Val)	 hands to [Effect4.Store.Canonical.ofVal]
  generated	Effect4.Store.Domain.Derived.Schema:540	Effect4.Store.SchemaGen.UnionModeC.ofVal	(Val)
  generated	Effect4.Store.Domain.Derived.Schema:775	Effect4.Store.SchemaGen.RepresentationC.rawRepresentation	(Val)	 hands to [Effect4.Store.Canonical.ofVal]
  generated	Effect4.Store.Domain.Derived.Schema:907	Effect4.Store.SchemaGen.RepresentationC.rawCheck	(Val)	 hands to [Effect4.Store.Canonical.ofVal]
  generated	Effect4.Store.Domain.Derived.Schema:921	Effect4.Store.SchemaGen.RepresentationC.rawCheckRepresentationAnnotationOf	(Val)	 hands to [Effect4.Store.Canonical.ofVal]
  generated	Effect4.Store.Domain.Derived.Schema:929	Effect4.Store.SchemaGen.RepresentationC.rawElementOf	(Val)	 hands to [Effect4.Store.Canonical.ofVal]
  generated	Effect4.Store.Domain.Derived.Schema:936	Effect4.Store.SchemaGen.RepresentationC.rawPropertySignatureOf	(Val)	 hands to [Effect4.Store.Canonical.ofVal]
  generated	Effect4.Store.Domain.Derived.Schema:945	Effect4.Store.SchemaGen.RepresentationC.rawIndexSignatureOf	(Val)	 hands to [Effect4.Store.Canonical.ofVal]
  generated	Effect4.Store.Domain.Derived.Schema:982	Effect4.Store.SchemaGen.RepresentationC.rawO5	(Val)	 hands to [Effect4.Store.Canonical.ofVal]
  generated	Effect4.Store.Domain.Derived.Schema:995	Effect4.Store.SchemaGen.RepresentationC.rawO7	(Val)	 hands to [Effect4.Store.Canonical.ofVal]
  generated	Effect4.Store.Domain.Derived.Schema:1558	Effect4.Store.SchemaGen.ReferenceEntryC.ofVal	(Val)	 hands to [Effect4.Store.Canonical.ofVal]
  generated	Effect4.Store.Domain.Derived.Schema:1620	Effect4.Store.SchemaGen.DocumentC.ofVal	(Val)	 hands to [Effect4.Store.Canonical.ofVal]
  generated	Effect4.Store.Domain.Derived.Schema:1684	Effect4.Store.SchemaGen.MultiDocumentC.ofVal	(Val)	 hands to [Effect4.Store.Canonical.ofVal]
  generated	Effect4.Store.Domain.Derived.Value:53	Effect4.Store.ValueGen.ValC.toValVal	(Val)
  generated	Effect4.Store.Domain.Derived.Value:75	Effect4.Store.ValueGen.ValC.rawVal	(Val)	 hands to [Effect4.Store.Canonical.ofVal]
  generated	Effect4.Store.Domain.Derived.Value:306	Effect4.Store.ValueGen.KindC.ofVal	(Val)
  generated	Effect4.Store.Domain.Derived.Value:445	Effect4.Store.ValueGen.ShapeC.rawShape	(Val)	 hands to [Effect4.Store.Canonical.ofVal]
  generated	Effect4.Store.Domain.Derived.Value:482	Effect4.Store.ValueGen.ShapeC.rawP0	(Val)	 hands to [Effect4.Store.Canonical.ofVal]
  generated	Effect4.Store.Domain.Derived.Value:494	Effect4.Store.ValueGen.ShapeC.rawP2	(Val)	 hands to [Effect4.Store.Canonical.ofVal]
  generated	Effect4.Store.Domain.Derived.Value:500	Effect4.Store.ValueGen.ShapeC.rawP3	(Val)	 hands to [Effect4.Store.Canonical.ofVal]
  generated	Effect4.Store.Domain.Derived.Value:716	Effect4.Store.ValueGen.ShapeDocC.ofVal	(Val)	 hands to [Effect4.Store.Canonical.ofVal]
  generated	Effect4.Store.Domain.PinDerived:39	Effect4.Store.PinGen.PinRoleC.ofVal	(Val)
  generated	Effect4.Store.Domain.PinDerived:95	Effect4.Store.PinGen.PinC.ofVal	(Val)	 hands to [Effect4.Store.Canonical.ofVal]
  generated	Effect4.Store.Domain.PinDerived:189	Effect4.Store.PinGen.TreeC.ofVal	(Val)	 hands to [Effect4.Store.Canonical.ofVal]
  one-level	Effect4.Laws.Machine.StoresValue:50	Effect4.Machine.Handle.ofStore	(Val)
  one-level	Effect4.Laws.Program.DenoteB:103	Effect4.Program.Denote.iterateStep	(Val)
  one-level	Effect4.Laws.Program.InterpR:265	Effect4.Program.Sched.loopNextRAt	(Val)	 hands to [Effect4.Program.Point.childWith, Effect4.Program.Sched.loopFinishRAt]
  one-level	Effect4.Laws.Program.LoopSound:28	Effect4.Program.Denote.iterateStepWith	(Val)
  one-level	Effect4.Laws.Program.Typed.Membership:71	Effect4.Program.Typed.FlatFits	(Val)
  one-level	Effect4.Laws.Program.Typed.Residual:459	Effect4.Program.Typed.refAllocCont	(Val)
  one-level	Effect4.Machine.Alphabets:100	Effect4.Machine.ofErr	(Val)
  one-level	Effect4.Machine.Alphabets:127	Effect4.Machine.ofDefect	(Val)	 hands to [Effect4.Machine.ofErr]
  one-level	Effect4.Machine.Alphabets:224	Effect4.Machine.Val.fiber?	(Val)
  one-level	Effect4.Machine.Alphabets:229	Effect4.Machine.Val.scope?	(Val)
  one-level	Effect4.Machine.Alphabets:233	Effect4.Machine.Val.snapshot?	(Val)	 hands to [Effect4.Store.Image.ofVal]
  one-level	Effect4.Machine.Alphabets:237	Effect4.Machine.Val.asList?	(Val)	 hands to [Effect4.Machine.Val.snapshot?]
  one-level	Effect4.Machine.Alphabets:245	Effect4.Machine.Val.cause?	(Val)	 hands to [Effect4.Store.Image.ofVal]
  one-level	Effect4.Machine.Alphabets:280	Effect4.Machine.Val.memoMap?	(Val)
  one-level	Effect4.Machine.Alphabets:300	Effect4.Machine.Val.memoHit?	(Val)
  one-level	Effect4.Machine.ContextMap:687	Effect4.Machine.Env.natOfVal	(Val)
  one-level	Effect4.Machine.ContextMap:692	Effect4.Machine.Env.boolOfVal	(Val)
  one-level	Effect4.Machine.ContextMap:710	Effect4.Machine.Env.ofEntry	(Val)	 hands to [Effect4.Store.Image.ofVal]
  one-level	Effect4.Machine.ContextMap:731	Effect4.Machine.Env.spine	(Val)
  one-level	Effect4.Machine.Stores:181	Effect4.Machine.ofCtx	(Val)	 hands to [Effect4.Machine.Env.decode]
  one-level	Effect4.Machine.Stores:851	Effect4.Machine.FnName.total	(Val)
  one-level	Effect4.Machine.Stores:858	Effect4.Machine.FnName.partialUpdate	(Val)	 hands to [Effect4.Machine.FnName.total]
  one-level	Effect4.Machine.Stores:865	Effect4.Machine.FnName.modify	(Val)	 hands to [Effect4.Machine.FnName.total]
  one-level	Effect4.Machine.Stores:2037	Effect4.Machine.contAOf	(Val)	 hands to [Effect4.Store.Image.ofVal]
  one-level	Effect4.Machine.Term:24	Effect4.Program.errOf	(Val)
  one-level	Effect4.Machine.Term:50	Effect4.Program.queryReasons?	(Val)	 hands to [Effect4.Machine.Val.cause?]
  one-level	Effect4.Machine.Term:71	Effect4.Program.Val.tuple?	(Val)
  one-level	Effect4.Machine.Term:359	Effect4.Program.NativeAtom.tagHit	(Val)
  one-level	Effect4.Machine.Value:127	Effect4.Machine.HandleKind.ofHandle	(Val)
  one-level	Effect4.Machine.Value:269	Effect4.Machine.Value.ofReason	(Val)	 hands to [Effect4.Store.Image.ofVal]
  one-level	Effect4.Machine.Value:374	Effect4.Machine.Value.ofExit	(Val)	 hands to [Effect4.Store.Image.ofVal]
  one-level	Effect4.Program.Compile:514	Effect4.Program.contextsOf	(Val)
  one-level	Effect4.Program.Compile:1076	Effect4.Program.contAOf	(Val)	 hands to [Effect4.Program.mergeContextsK, Effect4.Program.Point.capture, Effect4.Machine.contAOf, Effect4.Program.provideThenK, Effect4.Program.serviceLookupK, Effect4.Program.provideLayerBodyK, Effect4.Program.Point.childWith, Effect4.Machine.Val.context?, Effect4.Program.combineWithK, Effect4.Program.buildWithScopeK, Effect4.Program.bindServiceK, Effect4.Program.updateThenK, Effect4.Program.addCurrentMemoMapK, Effect4.Store.Val.instDecidableEq, Effect4.Program.exitOfVal]
  one-level	Effect4.Program.Compile:1339	Effect4.Program.loopNextAt	(Val)	 hands to [Effect4.Program.Point.childWith, Effect4.Program.loopFinishAt]
  one-level	Effect4.Program.Compile:1368	Effect4.Program.externalValue	(Val)	 hands to [Effect4.Store.Val.handles, Effect4.Program.Val.hasTy]
  one-level	Effect4.Program.Decision:28	Effect4.Program.Val.tagPayload?	(Val)
  one-level	Effect4.Program.Decision:48	Effect4.Program.Decision.decide	(Val)	 hands to [Effect4.Program.Val.tagPayload?]
  one-level	Effect4.Program.HostBoundary:56	Effect4.Program.Profile.Scalar.checkRequest	(Val)
  one-level	Effect4.Program.HostBoundary:76	Effect4.Program.Profile.Resource.checkRequest	(Val)	 hands to [Effect4.Store.Val.instDecidableEq]
  one-level	Effect4.Program.Native:228	Effect4.Program.NativeOp.syncOpOf	(Val)
  one-level	Effect4.Program.Native:256	Effect4.Program.NativeOp.awaitCellOf	(Val)
  one-level	Effect4.Program.Native:261	Effect4.Program.NativeOp.sleepMillisOf	(Val)
  one-level	Effect4.Program.Profile:319	Effect4.Program.Profile.Scalar.outcome?	(Val)
  one-level	Effect4.Program.Profile:524	Effect4.Program.Profile.Resource.after	(Val)
  one-level	Effect4.Program.Profile:540	Effect4.Program.Profile.Resource.outcome?	(Val)
  one-level	Effect4.Program.Stream:43	Effect4.Program.Stream.chunk?	(Val)
  one-level	Effect4.Store.Carrier.Image:115	Effect4.Store.Image.ofUnit	(Val)
  one-level	Effect4.Store.Carrier.Image:131	Effect4.Store.Image.ofBool	(Val)
  one-level	Effect4.Store.Carrier.Image:167	Effect4.Store.Image.ofString	(Val)
  one-level	Effect4.Store.Carrier.Image:246	Effect4.Store.Image.ofOption	(Val)	 hands to [Effect4.Store.Image.ofVal]
  one-level	Effect4.Store.Carrier.Image:278	Effect4.Store.Image.ofPair	(Val)	 hands to [Effect4.Store.Image.ofVal]
  one-level	Effect4.Store.Carrier.Image:316	Effect4.Store.Image.ofList	(Val)
  one-level	Effect4.Store.Carrier.Image:364	Effect4.Store.Image.ofCtor1	(Val)	 hands to [Effect4.Store.Image.ofVal]
  one-level	Effect4.Store.Carrier.Image:387	Effect4.Store.Image.ofCtor2	(Val)	 hands to [Effect4.Store.Image.ofVal]
  one-level	Effect4.Store.Carrier.Image:424	Effect4.Store.Image.ofCtor3	(Val)	 hands to [Effect4.Store.Image.ofVal]
  one-level	Effect4.Store.Carrier.Image.Containers:8	Effect4.Store.Image.ofSum	(Val)	 hands to [Effect4.Store.Image.ofVal]
  one-level	Effect4.Store.Carrier.Image.Containers:46	Effect4.Store.Image.ofTuple2	(Val)	 hands to [Effect4.Store.Image.ofVal]
  one-level	Effect4.Store.Carrier.Val:231	Effect4.Store.Val.tag	(Val)	converted: Effect4.Store.Val.tag.alg with Effect4.Store.Val.tag.eq_cata
  one-level	Effect4.Store.Carrier.Val:246	Effect4.Store.Val.payload	(Val)	converted: Effect4.Store.Val.payload.alg with Effect4.Store.Val.payload.eq_cata hands to [Effect4.Store.Val.encode]
  one-level	Effect4.Store.Carrier.Val:289	Effect4.Store.Val.children	(Val)
  one-level	Effect4.Store.Domain.Canonical:365	Effect4.Store.IntCanonical.ofVal	(Val)
  one-level	Effect4.Store.Domain.Clock:18	Effect4.Store.ClockCanonical.ofVal	(Val)
  one-level	Effect4.Store.Domain.Traits:54	Effect4.Store.Annotation.prevOfVal	(Val)
  one-level	Effect4.Store.Domain.Traits:97	Effect4.Store.Annotation.ofVal	(Val)	 hands to [Effect4.Store.Canonical.ofVal, Effect4.Store.Annotation.prevOfVal]
  opaque	Effect4.Laws.Program.EvaluateR:156	Effect4.Program.Sched.answerWith	(Val)
  opaque	Effect4.Laws.Program.InterpR:255	Effect4.Program.Sched.loopFinishRAt	(Val)
  opaque	Effect4.Laws.Program.Typed.Contracts:30	Effect4.Program.Typed.Contracts.FrameProtocols.loop	(Val)
  opaque	Effect4.Laws.Program.Typed.State:26	Effect4.Program.Typed.Preds.HeapCell	(Val)
  opaque	Effect4.Machine.ContextMap:633	Effect4.Machine.Env.Context.addV	(Val)
  opaque	Effect4.Machine.ContextMap:706	Effect4.Machine.Env.entryStore	(Val)
  opaque	Effect4.Machine.Stores:847	Effect4.Machine.refPoke	(Val)
  opaque	Effect4.Machine.Value:198	Effect4.Machine.Value.exitOk	(Val)
  opaque	Effect4.Machine.Value:200	Effect4.Machine.Value.exitErr	(Val)
  opaque	Effect4.Machine.Value:202	Effect4.Machine.Value.resultFailure	(Val)
  opaque	Effect4.Machine.Value:204	Effect4.Machine.Value.resultSuccess	(Val)
  opaque	Effect4.Machine.Value:209	Effect4.Machine.Value.fiberContext	(Val)
  opaque	Effect4.Machine.Value:213	Effect4.Machine.Value.fiberSnapshot	(Val)
  opaque	Effect4.Program.Compile:103	Effect4.Program.Point.capture	(Val)
  opaque	Effect4.Program.Compile:109	Effect4.Program.Point.childWith	(Val)
  opaque	Effect4.Program.Compile:113	Effect4.Program.Point.childWith2	(Val)
  opaque	Effect4.Program.Compile:1328	Effect4.Program.loopFinishAt	(Val)
  opaque	Effect4.Program.Profile:181	Effect4.Program.HostSpec.Rep	(Val)
  opaque	Effect4.Program.Profile:185	Effect4.Program.HostSpec.Work	(Val)
  opaque	Effect4.Program.Profile:190	Effect4.Program.HostSpec.RowStep	(Val)
  opaque	Effect4.Program.Profile:298	Effect4.Program.Profile.Scalar.Rep	(Val)
  opaque	Effect4.Program.Profile:316	Effect4.Program.Profile.Scalar.after	(Val)
  opaque	Effect4.Program.Profile:498	Effect4.Program.Profile.Resource.Rep	(Val)
  opaque	Effect4.Run:137	Effect4.Api.HostSession.Call.claim	(Val)
  opaque	Effect4.Store.Carrier.Fold:127	Effect4.Store.ValHom.f_val	(Val)
  opaque	Effect4.Store.Carrier.Image:43	Effect4.Store.Image.ofVal	(Val)
  opaque	Effect4.Store.Domain.Canonical:39	Effect4.Store.Canonical.ofVal	(Val)
  structural	Effect4.Laws.Machine.Handles:120	Effect4.Machine.Val.keys	(Val)	converted: Effect4.Machine.Val.keys.alg with Effect4.Machine.Val.keys.eq_cata
  structural	Effect4.Laws.Machine.StoresLaws:81	Effect4.Machine.Val.validIn	(Val)	converted: Effect4.Machine.Val.validIn.alg with Effect4.Machine.Val.validIn.eq_cata
  structural	Effect4.Laws.Machine.Witnesses:126	Effect4.Machine.Witnesses.valCode	(Val)	 hands to [Effect4.Machine.Witnesses.causeCode, Effect4.Machine.Witnesses.snapshotCode]
  structural	Effect4.Laws.Program.Typed.Membership:106	Effect4.Program.Typed.Fits	(Val)	converted: Effect4.Program.Typed.Fits.alg with Effect4.Program.Typed.Fits.eq_cata hands to [Effect4.Machine.Val.snapshot?, Effect4.Program.Typed.Live, Effect4.Machine.Val.context?, Effect4.Store.Image.ofVal, Effect4.Machine.Val.cause?]
  structural	Effect4.Machine.Stores:1649	Effect4.Machine.reasonsOfVal	(Val)	converted: Effect4.Machine.reasonsOfVal.alg with Effect4.Machine.reasonsOfVal.eq_cata hands to [Effect4.Store.Image.ofVal]
  structural	Effect4.Program.ConfigValue:37	Effect4.Program.Config.Val.ofStore	(Val)	converted: Effect4.Program.Config.Val.ofStore.alg with Effect4.Program.Config.Val.ofStore.eq_cata
  structural	Effect4.Program.Typed:20	Effect4.Program.Val.hasTy	(Val)	converted: Effect4.Program.Val.hasTy.alg with Effect4.Program.Val.hasTy.eq_cata hands to [Effect4.Machine.Val.snapshot?, Effect4.Machine.Val.context?, Effect4.Store.Image.ofVal, Effect4.Machine.Val.cause?]
  structural	Effect4.Schema.Codec:151	Effect4.Schema.Codec.encodeRaw	(Val)	converted: Effect4.Schema.Codec.encodeRaw.alg with Effect4.Schema.Codec.encodeRaw.eq_cata hands to [Effect4.Program.Val.hasTy, Effect4.Store.Image.ofVal, Effect4.Machine.Val.cause?]
  structural	Effect4.Store.Carrier.Val:179	Effect4.Store.Val.render	(Val)	converted: Effect4.Store.Val.render.alg with Effect4.Store.Val.render.eq_cata
  structural	Effect4.Store.Carrier.Val:201	Effect4.Store.Val.encode	(Val)	converted: Effect4.Store.Val.encode.alg with Effect4.Store.Val.encode.eq_cata
  structural	Effect4.Store.Carrier.Val:298	Effect4.Store.Val.handles	(Val)	converted: Effect4.Store.Val.handles.alg with Effect4.Store.Val.handles.eq_cata
  structural	Effect4.Store.Carrier.Val:328	Effect4.Store.Val.WF	(Val)	converted: Effect4.Store.Val.WF.alg with Effect4.Store.Val.WF.eq_cata hands to [Effect4.Store.Val.encode]
  structural	Effect4.Store.Carrier.Val:351	Effect4.Store.Val.wf	(Val)	converted: Effect4.Store.Val.wf.alg with Effect4.Store.Val.wf.eq_cata hands to [Effect4.Store.Val.encode]
  structural	Effect4.Store.Carrier.Val:1112	Effect4.Store.Val.beq	(Val)	converted: Effect4.Store.Val.beq.alg with Effect4.Store.Val.beq.eq_cata
  structural	Effect4.Store.Domain.Node:239	Effect4.Store.Val.refs	(Val)	converted: Effect4.Store.Val.refs.alg with Effect4.Store.Val.refs.eq_cata
  structural	Effect4.Store.Domain.Node:258	Effect4.Store.Val.malformedRef	(Val)	converted: Effect4.Store.Val.malformedRef.alg with Effect4.Store.Val.malformedRef.eq_cata
  structural	Effect4.Store.Domain.Shape:139	Effect4.Store.acceptsAt	(Val)	converted: Effect4.Store.acceptsAt.alg with Effect4.Store.acceptsAt.eq_cata
  structural	Effect4.Store.Domain.Shape:380	Effect4.Store.printIn	(Val)	converted: Effect4.Store.printIn.alg with Effect4.Store.printIn.eq_cata
info: Test/Audit/TraversalCensus.lean:98:0: #exhaustive_gate Effect4.Program.Ty (family [Effect4.Program.Ty]) under Effect4: 66 match(es) read it, 28 with no catch-all — appending a constructor refuses exactly those
  Effect4.Program.methodArgsRow	Effect4.Codegen.PrintLeaf	Effect4.Program.methodArgsRow.match_1	discr 0	alts 2	catchAll true
  Effect4.Codegen.Types.ofNormalized [private]	Effect4.Codegen.Types	Effect4.Codegen.Types.ofNormalized.match_1	discr 0	alts 20	catchAll false
  Effect4.Program.NativeAtom.projectProduct.hom	Effect4.Laws.Program.Folds.Ty	Effect4.Program.NativeAtom.projectProduct.match_1	discr 0	alts 4	catchAll true
  Effect4.Program.Ty.members.hom	Effect4.Laws.Program.Folds.Ty	Effect4.Program.Ty.members.match_1	discr 0	alts 20	catchAll false
  Effect4.Program.Val.hasTy.hom	Effect4.Laws.Program.Folds.Ty	Effect4.Program.Val.hasTy.match_40	discr 0	alts 20	catchAll false
  Effect4.Program.findInt.hom	Effect4.Laws.Program.Folds.Ty	Effect4.Program.findInt.match_1	discr 0	alts 20	catchAll false
  Effect4.Program.rawSupportedErrTy.hom	Effect4.Laws.Program.Folds.Ty	Effect4.Program.rawSupportedErrTy.match_1	discr 0	alts 20	catchAll false
  Effect4.Schema.Codec.decodeRaw.hom	Effect4.Laws.Program.Folds.Ty	Effect4.Schema.Codec.decodeRaw.match_3	discr 0	alts 13	catchAll true
  Effect4.Schema.Codec.encodeRaw.hom	Effect4.Laws.Program.Folds.Ty	Effect4.Schema.Codec.encodeRaw.match_1	discr 0	alts 16	catchAll true
  Effect4.Schema.Codec.layout.hom	Effect4.Laws.Program.Folds.Ty	Effect4.Schema.Codec.layout.match_1	discr 0	alts 8	catchAll true
  Effect4.Program.Ty.templateAdmissible	Effect4.Laws.Program.Template	Effect4.Program.Ty.templateAdmissible.match_1	discr 0	alts 20	catchAll false
  Effect4.Program.Ty.varsOf	Effect4.Laws.Program.Template	Effect4.Program.Ty.varsOf.match_1	discr 0	alts 20	catchAll false
  Effect4.Program.Ty.Variance.holds	Effect4.Laws.Program.TyView	Effect4.Program.Ty.Variance.holds.match_1	discr 1	alts 3	catchAll true
  Effect4.Program.Ty.Variance.holds	Effect4.Laws.Program.TyView	Effect4.Program.Ty.Variance.holds.match_1	discr 2	alts 3	catchAll true
  Effect4.Program.Ty.args	Effect4.Laws.Program.TyView	Effect4.Program.Ty.args.match_1	discr 0	alts 20	catchAll false
  Effect4.Program.Ty.litRule	Effect4.Laws.Program.TyView	Effect4.Program.Ty.litRule.match_1	discr 0	alts 2	catchAll true
  Effect4.Program.Ty.litRule	Effect4.Laws.Program.TyView	Effect4.Program.Ty.litRule.match_1	discr 1	alts 2	catchAll true
  Effect4.Program.Ty.sameHead	Effect4.Laws.Program.TyView	Effect4.Program.Ty.sameHead.match_1	discr 0	alts 20	catchAll true
  Effect4.Program.Ty.sameHead	Effect4.Laws.Program.TyView	Effect4.Program.Ty.sameHead.match_1	discr 1	alts 20	catchAll true
  Effect4.Program.Ty.topRule	Effect4.Laws.Program.TyView	Effect4.Program.Ty.topRule.match_1	discr 0	alts 2	catchAll true
  Effect4.Program.Ty.topRule	Effect4.Laws.Program.TyView	Effect4.Program.Ty.topRule.match_1	discr 1	alts 2	catchAll true
  Effect4.Program.Typed.Fits	Effect4.Laws.Program.Typed.Membership	Effect4.Program.Typed.Fits.match_25	discr 0	alts 20	catchAll false
  Effect4.Program.Typed.Fits.hom	Effect4.Laws.Program.Typed.Membership	Effect4.Program.Typed.Fits.match_25	discr 0	alts 20	catchAll false
  Effect4.Program.Typed.FlatFits	Effect4.Laws.Program.Typed.Membership	Effect4.Program.Typed.FlatFits.match_16	discr 0	alts 6	catchAll true
  Effect4.Program.findInt	Effect4.Program.Admission	Effect4.Program.findInt.match_1	discr 0	alts 20	catchAll false
  Effect4.Program.Authoring.ServiceDef.receiver	Effect4.Program.Authoring.Services	Effect4.Program.Authoring.ServiceDef.receiver.match_1	discr 0	alts 2	catchAll true
  Effect4.Program.Checker.exitOf?	Effect4.Program.Checker	Effect4.Program.Checker.exitOf?.match_1	discr 0	alts 2	catchAll true
  Effect4.Program.Checker.listOf?	Effect4.Program.Checker	Effect4.Program.Checker.listOf?.match_1	discr 0	alts 2	catchAll true
  Effect4.Program.externalValue	Effect4.Program.Compile	Effect4.Program.externalValue.match_1	discr 0	alts 2	catchAll true
  Effect4.Program.Decision.arms	Effect4.Program.Decision	Effect4.Program.Decision.arms.match_1	discr 0	alts 2	catchAll true
  Effect4.Program.Decision.arms	Effect4.Program.Decision	Effect4.Program.Decision.arms.match_4	discr 1	alts 3	catchAll true
  Effect4.Program.isTagTy	Effect4.Program.Eff	Effect4.Program.isTagTy.match_1	discr 0	alts 4	catchAll true
  Effect4.Program.rawSupportedErrTy	Effect4.Program.Eff	Effect4.Program.rawSupportedErrTy.match_1	discr 0	alts 20	catchAll false
  Effect4.Program.cata_ty	Effect4.Program.Fold	Effect4.Program.cata_ty.match_1	discr 0	alts 20	catchAll false
  Effect4.Program.foldM_ty	Effect4.Program.Fold	Effect4.Program.cata_ty.match_1	discr 0	alts 20	catchAll false
  Effect4.Program.foldMapAt_ty	Effect4.Program.Fold	Effect4.Program.cata_ty.match_1	discr 0	alts 20	catchAll false
  Effect4.Program.foldMap_ty	Effect4.Program.Fold	Effect4.Program.cata_ty.match_1	discr 0	alts 20	catchAll false
  Effect4.Program.NativeAtom.projectProduct	Effect4.Program.NativeAtom	Effect4.Program.NativeAtom.projectProduct.match_1	discr 0	alts 4	catchAll true
  Effect4.Program.causeInputError?	Effect4.Program.NativeAtom	Effect4.Program.causeInputError?.match_1	discr 0	alts 3	catchAll true
  Effect4.Program.Ty.closed	Effect4.Program.Ty	Effect4.Program.Ty.closed.match_1	discr 0	alts 20	catchAll false
  Effect4.Program.Ty.factors	Effect4.Program.Ty	Effect4.Program.Ty.factors.match_1	discr 0	alts 2	catchAll true
  Effect4.Program.Ty.infer	Effect4.Program.Ty	Effect4.Program.Ty.infer.match_3	discr 0	alts 12	catchAll true
  Effect4.Program.Ty.infer	Effect4.Program.Ty	Effect4.Program.Ty.infer.match_3	discr 1	alts 12	catchAll true
  Effect4.Program.Ty.instantiate	Effect4.Program.Ty	Effect4.Program.Ty.instantiate.match_1	discr 0	alts 20	catchAll false
  Effect4.Program.Ty.isFactor	Effect4.Program.Ty	Effect4.Program.Ty.isFactor.match_1	discr 0	alts 2	catchAll true
  Effect4.Program.Ty.isMember	Effect4.Program.Ty	Effect4.Program.Ty.isMember.match_1	discr 0	alts 20	catchAll false
  Effect4.Program.Ty.isNever	Effect4.Program.Ty	Effect4.Program.Ty.key.match_1	discr 0	alts 20	catchAll false
  Effect4.Program.Ty.isTagged	Effect4.Program.Ty	Effect4.Program.Ty.isTagged.match_1	discr 0	alts 2	catchAll true
  Effect4.Program.Ty.key	Effect4.Program.Ty	Effect4.Program.Ty.key.match_1	discr 0	alts 20	catchAll false
  Effect4.Program.Ty.members	Effect4.Program.Ty	Effect4.Program.Ty.members.match_1	discr 0	alts 20	catchAll false
  Effect4.Program.Ty.normalize	Effect4.Program.Ty	Effect4.Program.Ty.normalize.match_1	discr 0	alts 20	catchAll false
  Effect4.Program.Ty.payloadOf	Effect4.Program.Ty	Effect4.Program.Ty.isTagged.match_1	discr 0	alts 2	catchAll true
  Effect4.Program.Ty.renderRaw	Effect4.Program.Ty	Effect4.Program.Ty.renderRaw.match_1	discr 0	alts 22	catchAll false
  Effect4.Program.Ty.sub	Effect4.Program.Ty	Effect4.Program.Ty.sub.match_1	discr 0	alts 15	catchAll true
  Effect4.Program.Ty.sub	Effect4.Program.Ty	Effect4.Program.Ty.sub.match_1	discr 1	alts 15	catchAll true
  Effect4.Program.Ty.taggedColumn	Effect4.Program.Ty	Effect4.Program.Ty.taggedColumn.match_1	discr 0	alts 8	catchAll true
  Effect4.Program.instReprTy.repr	Effect4.Program.Ty	Effect4.Program.instReprTy.repr.match_1	discr 0	alts 20	catchAll false
  Effect4.Program.Val.hasTy	Effect4.Program.Typed	Effect4.Program.Val.hasTy.match_40	discr 0	alts 20	catchAll false
  Effect4.Program.selectRefusal	Effect4.Program.Typing.Blame	Effect4.Program.selectRefusal.match_1	discr 1	alts 3	catchAll true
  Effect4.Program.fiberTy	Effect4.Program.Typing.Rules	Effect4.Program.fiberTy.match_1	discr 0	alts 2	catchAll true
  Effect4.Schema.Bridge.schema	Effect4.Schema.Bridge	Effect4.Schema.Bridge.schema.match_1	discr 0	alts 20	catchAll false
  Effect4.Schema.Codec.decodeRaw	Effect4.Schema.Codec	Effect4.Schema.Codec.decodeRaw.match_3	discr 0	alts 13	catchAll true
  Effect4.Schema.Codec.encodeRaw	Effect4.Schema.Codec	Effect4.Schema.Codec.encodeRaw.match_1	discr 0	alts 16	catchAll true
  Effect4.Schema.Codec.isSupported	Effect4.Schema.Codec	Effect4.Schema.Codec.isSupported.match_1	discr 0	alts 14	catchAll true
  Effect4.Schema.Codec.layout	Effect4.Schema.Codec	Effect4.Schema.Codec.layout.match_1	discr 0	alts 8	catchAll true
  Effect4.Store.ProgramGen.TyC.toValTy	Effect4.Store.Domain.Derived.Program	Effect4.Store.ProgramGen.TyC.toValTy.match_1	discr 0	alts 20	catchAll false
info: Test/Audit/TraversalCensus.lean:99:0: #exhaustive_gate Effect4.Program.Term (family [Effect4.Program.Term,
 Effect4.Program.Terms]) under Effect4: 34 match(es) read it, 29 with no catch-all — appending a constructor refuses exactly those
  Effect4.Api.TestClock.dilateAlgebra	Effect4.Api.TestClock	Effect4.Api.TestClock.dilateAlgebra.match_1	discr 1	alts 2	catchAll true
  Effect4.Program.pairArgs?	Effect4.Codegen.PrintLeaf	Effect4.Program.pairArgs?.match_1	discr 0	alts 2	catchAll true
  Effect4.Program.printTerm	Effect4.Codegen.PrintLeaf	Effect4.Program.printTerm.match_1	discr 0	alts 3	catchAll false
  Effect4.Program.printTerms	Effect4.Codegen.PrintLeaf	Effect4.Program.printTerms.match_1	discr 0	alts 2	catchAll false
  Effect4.Program.Terms.names?	Effect4.Codegen.Read	Effect4.Program.Terms.names?.match_1	discr 0	alts 4	catchAll false
  Effect4.Program.noRow	Effect4.Codegen.Read	Effect4.Program.noRow.match_1	discr 0	alts 2	catchAll false
  Effect4.Program.readLiteral	Effect4.Codegen.Read	Effect4.Program.readLiteral.match_1	discr 0	alts 2	catchAll true
  Effect4.Program.tupleRequestReadable	Effect4.Codegen.Read	Effect4.Program.tupleRequestReadable.match_1	discr 0	alts 3	catchAll true
  Effect4.Program.Terms.names?.hom	Effect4.Laws.Program.Folds.Term	Effect4.Program.Terms.names?.match_1	discr 0	alts 4	catchAll false
  Effect4.Program.Terms.toList.hom	Effect4.Laws.Program.Folds.Term	Effect4.Program.Terms.toList.match_1	discr 0	alts 2	catchAll false
  Effect4.Program.argTy.hom	Effect4.Laws.Program.Folds.Term	Effect4.Program.argTy.match_1	discr 0	alts 3	catchAll false
  Effect4.Program.argTy.hom	Effect4.Laws.Program.Folds.Term	Effect4.Program.argsTy.match_1	discr 0	alts 2	catchAll false
  Effect4.Program.noRow.alg	Effect4.Laws.Program.Folds.Term	Effect4.Program.noRow.match_1	discr 0	alts 2	catchAll false
  Effect4.Program.noRow.hom	Effect4.Laws.Program.Folds.Term	Effect4.Program.noRow.match_1	discr 0	alts 2	catchAll false
  Effect4.Program.Term.scoped	Effect4.Machine.Term	Effect4.Program.Term.scoped.match_1	discr 0	alts 3	catchAll false
  Effect4.Program.Terms.scoped	Effect4.Machine.Term	Effect4.Program.Terms.toList.match_1	discr 0	alts 2	catchAll false
  Effect4.Program.Terms.toList	Effect4.Machine.Term	Effect4.Program.Terms.toList.match_1	discr 0	alts 2	catchAll false
  Effect4.Program.evalTerm	Effect4.Machine.Term	Effect4.Program.Term.scoped.match_1	discr 0	alts 3	catchAll false
  Effect4.Program.evalTerms	Effect4.Machine.Term	Effect4.Program.Terms.toList.match_1	discr 0	alts 2	catchAll false
  Effect4.Program.Term.weaken	Effect4.Program.Eff	Effect4.Program.Term.weaken.match_1	discr 0	alts 3	catchAll false
  Effect4.Program.Terms.weaken	Effect4.Program.Eff	Effect4.Program.Terms.weaken.match_1	discr 0	alts 2	catchAll false
  Effect4.Program.cata_term	Effect4.Program.Fold	Effect4.Program.cata_term.match_1	discr 0	alts 3	catchAll false
  Effect4.Program.cata_terms	Effect4.Program.Fold	Effect4.Program.cata_terms.match_1	discr 0	alts 2	catchAll false
  Effect4.Program.foldM_term	Effect4.Program.Fold	Effect4.Program.cata_term.match_1	discr 0	alts 3	catchAll false
  Effect4.Program.foldM_terms	Effect4.Program.Fold	Effect4.Program.cata_terms.match_1	discr 0	alts 2	catchAll false
  Effect4.Program.foldMapAt_term	Effect4.Program.Fold	Effect4.Program.cata_term.match_1	discr 0	alts 3	catchAll false
  Effect4.Program.foldMapAt_terms	Effect4.Program.Fold	Effect4.Program.cata_terms.match_1	discr 0	alts 2	catchAll false
  Effect4.Program.foldMap_term	Effect4.Program.Fold	Effect4.Program.cata_term.match_1	discr 0	alts 3	catchAll false
  Effect4.Program.foldMap_terms	Effect4.Program.Fold	Effect4.Program.cata_terms.match_1	discr 0	alts 2	catchAll false
  Effect4.Program.argTy	Effect4.Program.Typing.Rules	Effect4.Program.argTy.match_1	discr 0	alts 3	catchAll false
  Effect4.Program.argsTy	Effect4.Program.Typing.Rules	Effect4.Program.argsTy.match_1	discr 0	alts 2	catchAll false
  Effect4.Program.tagTest?	Effect4.Program.Typing.Rules	Effect4.Program.tagTest?.match_1	discr 0	alts 2	catchAll true
  Effect4.Store.ProgramGen.TermC.toValTerm	Effect4.Store.Domain.Derived.Program	Effect4.Store.ProgramGen.TermC.toValTerm.match_1	discr 0	alts 3	catchAll false
  Effect4.Store.ProgramGen.TermC.toValTerms	Effect4.Store.Domain.Derived.Program	Effect4.Store.ProgramGen.TermC.toValTerms.match_1	discr 0	alts 2	catchAll false
info: Test/Audit/TraversalCensus.lean:100:0: #exhaustive_gate Effect4.Store.Val (family [Effect4.Store.Val]) under Effect4: 251 match(es) read it, 16 with no catch-all — appending a constructor refuses exactly those
  Effect4.Store.ApiGen.ExhaustionC.ofVal	Effect4.Api.Derived	Effect4.Store.ApiGen.ExhaustionC.ofVal.match_1	discr 0	alts 3	catchAll true
  Effect4.Store.ApiGen.FiberIdC.ofVal	Effect4.Api.Derived	Effect4.Store.ApiGen.FiberIdC.ofVal.match_4	discr 0	alts 2	catchAll true
  Effect4.Store.ApiGen.FrontierReasonC.ofVal	Effect4.Api.Derived	Effect4.Store.ApiGen.FrontierReasonC.ofVal.match_3	discr 0	alts 6	catchAll true
  Effect4.Store.ApiGen.KeyC.ofVal	Effect4.Api.Derived	Effect4.Store.ApiGen.KeyC.ofVal.match_3	discr 0	alts 2	catchAll true
  Effect4.Store.RefusalsGen.AdmitRefusalC.ofVal	Effect4.Api.RefusalsDerived	Effect4.Store.RefusalsGen.AdmitRefusalC.ofVal.match_1	discr 0	alts 9	catchAll true
  Effect4.Store.RefusalsGen.AuthorRefusalC.ofVal	Effect4.Api.RefusalsDerived	Effect4.Store.RefusalsGen.TableRefusalC.ofVal.match_1	discr 0	alts 3	catchAll true
  Effect4.Store.RefusalsGen.PrintRefusalC.ofVal	Effect4.Api.RefusalsDerived	Effect4.Store.RefusalsGen.PrintRefusalC.ofVal.match_1	discr 0	alts 5	catchAll true
  Effect4.Store.RefusalsGen.ReadRefusalC.ofVal	Effect4.Api.RefusalsDerived	Effect4.Store.RefusalsGen.ReadRefusalC.ofVal.match_1	discr 0	alts 9	catchAll true
  Effect4.Store.RefusalsGen.ReasonC.ofVal	Effect4.Api.RefusalsDerived	Effect4.Store.RefusalsGen.ReasonC.ofVal.match_1	discr 0	alts 8	catchAll true
  Effect4.Store.RefusalsGen.RefusalC.ofVal	Effect4.Api.RefusalsDerived	Effect4.Store.RefusalsGen.RefusalC.ofVal.match_4	discr 0	alts 2	catchAll true
  Effect4.Store.RefusalsGen.TableRefusalC.ofVal	Effect4.Api.RefusalsDerived	Effect4.Store.RefusalsGen.TableRefusalC.ofVal.match_1	discr 0	alts 3	catchAll true
  Effect4.Store.RefusalsGen.TypeReasonC.ofVal	Effect4.Api.RefusalsDerived	Effect4.Store.RefusalsGen.TypeReasonC.ofVal.match_9	discr 0	alts 26	catchAll true
  Effect4.Store.RefusalsGen.TypeRefusalC.ofVal	Effect4.Api.RefusalsDerived	Effect4.Store.RefusalsGen.RefusalC.ofVal.match_4	discr 0	alts 2	catchAll true
  Effect4.Store.RunnerGen.AwaitC.ofVal	Effect4.Api.RunnerDerived	Effect4.Store.RunnerGen.HeaderC.ofVal.match_3	discr 0	alts 2	catchAll true
  Effect4.Store.RunnerGen.CallC.ofVal	Effect4.Api.RunnerDerived	Effect4.Store.RunnerGen.CallC.ofVal.match_3	discr 0	alts 2	catchAll true
  Effect4.Store.RunnerGen.CauseC.ofVal	Effect4.Api.RunnerDerived	Effect4.Store.RunnerGen.RefKeyC.ofVal.match_4	discr 0	alts 2	catchAll true
  Effect4.Store.RunnerGen.CommandC.ofVal	Effect4.Api.RunnerDerived	Effect4.Store.RunnerGen.CommandC.ofVal.match_3	discr 0	alts 5	catchAll true
  Effect4.Store.RunnerGen.CompletionC.ofVal	Effect4.Api.RunnerDerived	Effect4.Store.RunnerGen.ExitC.ofVal.match_1	discr 0	alts 3	catchAll true
  Effect4.Store.RunnerGen.DefectC.ofVal	Effect4.Api.RunnerDerived	Effect4.Store.RunnerGen.DefectC.ofVal.match_1	discr 0	alts 7	catchAll true
  Effect4.Store.RunnerGen.ErrC.ofVal	Effect4.Api.RunnerDerived	Effect4.Store.RunnerGen.ErrC.ofVal.match_3	discr 0	alts 5	catchAll true
  Effect4.Store.RunnerGen.ExitC.ofVal	Effect4.Api.RunnerDerived	Effect4.Store.RunnerGen.ExitC.ofVal.match_1	discr 0	alts 3	catchAll true
  Effect4.Store.RunnerGen.FiberStatusC.ofVal	Effect4.Api.RunnerDerived	Effect4.Store.RunnerGen.FiberStatusC.ofVal.match_3	discr 0	alts 6	catchAll true
  Effect4.Store.RunnerGen.HeaderC.ofVal	Effect4.Api.RunnerDerived	Effect4.Store.RunnerGen.HeaderC.ofVal.match_3	discr 0	alts 2	catchAll true
  Effect4.Store.RunnerGen.ObservationC.ofVal	Effect4.Api.RunnerDerived	Effect4.Store.RunnerGen.ObservationC.ofVal.match_3	discr 0	alts 2	catchAll true
  Effect4.Store.RunnerGen.OutcomeC.ofVal	Effect4.Api.RunnerDerived	Effect4.Store.RunnerGen.OutcomeC.ofVal.match_1	discr 0	alts 4	catchAll true
  Effect4.Store.RunnerGen.PhaseC.ofVal	Effect4.Api.RunnerDerived	Effect4.Store.RunnerGen.PhaseC.ofVal.match_1	discr 0	alts 7	catchAll true
  Effect4.Store.RunnerGen.ReasonC.ofVal	Effect4.Api.RunnerDerived	Effect4.Store.RunnerGen.ReasonC.ofVal.match_7	discr 0	alts 4	catchAll true
  Effect4.Store.RunnerGen.RefKeyC.ofVal	Effect4.Api.RunnerDerived	Effect4.Store.RunnerGen.RefKeyC.ofVal.match_4	discr 0	alts 2	catchAll true
  Effect4.Store.RunnerGen.RefusalC.ofVal	Effect4.Api.RunnerDerived	Effect4.Store.RunnerGen.RefusalC.ofVal.match_1	discr 0	alts 17	catchAll true
  Effect4.Store.RunnerGen.ReplyC.ofVal	Effect4.Api.RunnerDerived	Effect4.Store.RunnerGen.ReplyC.ofVal.match_3	discr 0	alts 2	catchAll true
  Effect4.Store.RunnerGen.RunDecisionC.ofVal	Effect4.Api.RunnerDerived	Effect4.Store.RunnerGen.RunDecisionC.ofVal.match_7	discr 0	alts 9	catchAll true
  Effect4.Store.RunnerGen.StateC.ofVal	Effect4.Api.RunnerDerived	Effect4.Store.RunnerGen.StateC.ofVal.match_1	discr 0	alts 5	catchAll true
  Effect4.Store.RunnerGen.StuckC.ofVal	Effect4.Api.RunnerDerived	Effect4.Store.RunnerGen.StuckC.ofVal.match_1	discr 0	alts 4	catchAll true
  Effect4.Machine.reasonsOfVal.hom	Effect4.Laws.Machine.Folds.Stores	Effect4.Machine.reasonsOfVal.match_1	discr 0	alts 3	catchAll true
  Effect4.Machine.Val.keys.hom	Effect4.Laws.Machine.Folds.Val	Effect4.Machine.Val.keys.match_1	discr 0	alts 6	catchAll true
  Effect4.Machine.Val.validIn.hom	Effect4.Laws.Machine.Folds.Val	Effect4.Machine.Val.validIn.match_1	discr 0	alts 6	catchAll true
  Effect4.Machine.Val.keys	Effect4.Laws.Machine.Handles	Effect4.Machine.Val.keys.match_1	discr 0	alts 6	catchAll true
  Effect4.Machine.Val.validIn	Effect4.Laws.Machine.StoresLaws	Effect4.Machine.Val.validIn.match_1	discr 0	alts 6	catchAll true
  Effect4.Machine.Handle.ofStore	Effect4.Laws.Machine.StoresValue	Effect4.Machine.Handle.ofStore.match_1	discr 0	alts 2	catchAll true
  Effect4.Machine.Witnesses.valCode	Effect4.Laws.Machine.Witnesses	Effect4.Machine.Witnesses.valCode.match_1	discr 0	alts 13	catchAll true
  Effect4.Program.Val.hasTy.alg	Effect4.Laws.Program.Folds.Ty	Effect4.Program.Val.hasTy.match_1	discr 0	alts 2	catchAll true
  Effect4.Program.Val.hasTy.alg	Effect4.Laws.Program.Folds.Ty	Effect4.Program.Val.hasTy.match_10	discr 0	alts 2	catchAll true
  Effect4.Program.Val.hasTy.alg	Effect4.Laws.Program.Folds.Ty	Effect4.Program.Val.hasTy.match_13	discr 0	alts 3	catchAll true
  Effect4.Program.Val.hasTy.alg	Effect4.Laws.Program.Folds.Ty	Effect4.Program.Val.hasTy.match_20	discr 0	alts 2	catchAll true
  Effect4.Program.Val.hasTy.alg	Effect4.Laws.Program.Folds.Ty	Effect4.Program.Val.hasTy.match_23	discr 0	alts 2	catchAll true
  Effect4.Program.Val.hasTy.alg	Effect4.Laws.Program.Folds.Ty	Effect4.Program.Val.hasTy.match_27	discr 0	alts 3	catchAll true
  Effect4.Program.Val.hasTy.alg	Effect4.Laws.Program.Folds.Ty	Effect4.Program.Val.hasTy.match_32	discr 0	alts 2	catchAll true
  Effect4.Program.Val.hasTy.alg	Effect4.Laws.Program.Folds.Ty	Effect4.Program.Val.hasTy.match_37	discr 0	alts 3	catchAll true
  Effect4.Program.Val.hasTy.alg	Effect4.Laws.Program.Folds.Ty	Effect4.Program.Val.hasTy.match_4	discr 0	alts 2	catchAll true
  Effect4.Program.Val.hasTy.alg	Effect4.Laws.Program.Folds.Ty	Effect4.Program.Val.hasTy.match_7	discr 0	alts 2	catchAll true
  Effect4.Program.Val.hasTy.hom	Effect4.Laws.Program.Folds.Ty	Effect4.Program.Val.hasTy.match_1	discr 0	alts 2	catchAll true
  Effect4.Program.Val.hasTy.hom	Effect4.Laws.Program.Folds.Ty	Effect4.Program.Val.hasTy.match_10	discr 0	alts 2	catchAll true
  Effect4.Program.Val.hasTy.hom	Effect4.Laws.Program.Folds.Ty	Effect4.Program.Val.hasTy.match_13	discr 0	alts 3	catchAll true
  Effect4.Program.Val.hasTy.hom	Effect4.Laws.Program.Folds.Ty	Effect4.Program.Val.hasTy.match_20	discr 0	alts 2	catchAll true
  Effect4.Program.Val.hasTy.hom	Effect4.Laws.Program.Folds.Ty	Effect4.Program.Val.hasTy.match_23	discr 0	alts 2	catchAll true
  Effect4.Program.Val.hasTy.hom	Effect4.Laws.Program.Folds.Ty	Effect4.Program.Val.hasTy.match_27	discr 0	alts 3	catchAll true
  Effect4.Program.Val.hasTy.hom	Effect4.Laws.Program.Folds.Ty	Effect4.Program.Val.hasTy.match_32	discr 0	alts 2	catchAll true
  Effect4.Program.Val.hasTy.hom	Effect4.Laws.Program.Folds.Ty	Effect4.Program.Val.hasTy.match_37	discr 0	alts 3	catchAll true
  Effect4.Program.Val.hasTy.hom	Effect4.Laws.Program.Folds.Ty	Effect4.Program.Val.hasTy.match_4	discr 0	alts 2	catchAll true
  Effect4.Program.Val.hasTy.hom	Effect4.Laws.Program.Folds.Ty	Effect4.Program.Val.hasTy.match_7	discr 0	alts 2	catchAll true
  Effect4.Schema.Codec.encodeRaw.hom	Effect4.Laws.Program.Folds.Ty	Effect4.Schema.Codec.encodeRaw.match_1	discr 1	alts 16	catchAll true
  Effect4.Program.Typed.Fits	Effect4.Laws.Program.Typed.Membership	Effect4.Program.Typed.Fits.match_1	discr 0	alts 3	catchAll true
  Effect4.Program.Typed.Fits	Effect4.Laws.Program.Typed.Membership	Effect4.Program.Typed.Fits.match_11	discr 0	alts 2	catchAll true
  Effect4.Program.Typed.Fits	Effect4.Laws.Program.Typed.Membership	Effect4.Program.Typed.Fits.match_14	discr 0	alts 3	catchAll true
  Effect4.Program.Typed.Fits	Effect4.Laws.Program.Typed.Membership	Effect4.Program.Typed.Fits.match_19	discr 0	alts 2	catchAll true
  Effect4.Program.Typed.Fits	Effect4.Laws.Program.Typed.Membership	Effect4.Program.Typed.Fits.match_21	discr 0	alts 2	catchAll true
  Effect4.Program.Typed.Fits	Effect4.Laws.Program.Typed.Membership	Effect4.Program.Typed.Fits.match_23	discr 0	alts 2	catchAll true
  Effect4.Program.Typed.Fits	Effect4.Laws.Program.Typed.Membership	Effect4.Program.Typed.Fits.match_6	discr 0	alts 3	catchAll true
  Effect4.Program.Typed.Fits	Effect4.Laws.Program.Typed.Membership	Effect4.Program.Typed.FlatFits.match_1	discr 0	alts 2	catchAll true
  Effect4.Program.Typed.Fits	Effect4.Laws.Program.Typed.Membership	Effect4.Program.Typed.FlatFits.match_10	discr 0	alts 2	catchAll true
  Effect4.Program.Typed.Fits	Effect4.Laws.Program.Typed.Membership	Effect4.Program.Typed.FlatFits.match_13	discr 0	alts 2	catchAll true
  Effect4.Program.Typed.Fits	Effect4.Laws.Program.Typed.Membership	Effect4.Program.Typed.FlatFits.match_4	discr 0	alts 2	catchAll true
  Effect4.Program.Typed.Fits	Effect4.Laws.Program.Typed.Membership	Effect4.Program.Typed.FlatFits.match_7	discr 0	alts 2	catchAll true
  Effect4.Program.Typed.Fits.alg	Effect4.Laws.Program.Typed.Membership	Effect4.Program.Typed.Fits.match_1	discr 0	alts 3	catchAll true
  Effect4.Program.Typed.Fits.alg	Effect4.Laws.Program.Typed.Membership	Effect4.Program.Typed.Fits.match_11	discr 0	alts 2	catchAll true
  Effect4.Program.Typed.Fits.alg	Effect4.Laws.Program.Typed.Membership	Effect4.Program.Typed.Fits.match_14	discr 0	alts 3	catchAll true
  Effect4.Program.Typed.Fits.alg	Effect4.Laws.Program.Typed.Membership	Effect4.Program.Typed.Fits.match_19	discr 0	alts 2	catchAll true
  Effect4.Program.Typed.Fits.alg	Effect4.Laws.Program.Typed.Membership	Effect4.Program.Typed.Fits.match_21	discr 0	alts 2	catchAll true
  Effect4.Program.Typed.Fits.alg	Effect4.Laws.Program.Typed.Membership	Effect4.Program.Typed.Fits.match_23	discr 0	alts 2	catchAll true
  Effect4.Program.Typed.Fits.alg	Effect4.Laws.Program.Typed.Membership	Effect4.Program.Typed.Fits.match_6	discr 0	alts 3	catchAll true
  Effect4.Program.Typed.Fits.alg	Effect4.Laws.Program.Typed.Membership	Effect4.Program.Typed.FlatFits.match_1	discr 0	alts 2	catchAll true
  Effect4.Program.Typed.Fits.alg	Effect4.Laws.Program.Typed.Membership	Effect4.Program.Typed.FlatFits.match_10	discr 0	alts 2	catchAll true
  Effect4.Program.Typed.Fits.alg	Effect4.Laws.Program.Typed.Membership	Effect4.Program.Typed.FlatFits.match_13	discr 0	alts 2	catchAll true
  Effect4.Program.Typed.Fits.alg	Effect4.Laws.Program.Typed.Membership	Effect4.Program.Typed.FlatFits.match_4	discr 0	alts 2	catchAll true
  Effect4.Program.Typed.Fits.alg	Effect4.Laws.Program.Typed.Membership	Effect4.Program.Typed.FlatFits.match_7	discr 0	alts 2	catchAll true
  Effect4.Program.Typed.Fits.hom	Effect4.Laws.Program.Typed.Membership	Effect4.Program.Typed.Fits.match_1	discr 0	alts 3	catchAll true
  Effect4.Program.Typed.Fits.hom	Effect4.Laws.Program.Typed.Membership	Effect4.Program.Typed.Fits.match_11	discr 0	alts 2	catchAll true
  Effect4.Program.Typed.Fits.hom	Effect4.Laws.Program.Typed.Membership	Effect4.Program.Typed.Fits.match_14	discr 0	alts 3	catchAll true
  Effect4.Program.Typed.Fits.hom	Effect4.Laws.Program.Typed.Membership	Effect4.Program.Typed.Fits.match_19	discr 0	alts 2	catchAll true
  Effect4.Program.Typed.Fits.hom	Effect4.Laws.Program.Typed.Membership	Effect4.Program.Typed.Fits.match_21	discr 0	alts 2	catchAll true
  Effect4.Program.Typed.Fits.hom	Effect4.Laws.Program.Typed.Membership	Effect4.Program.Typed.Fits.match_23	discr 0	alts 2	catchAll true
  Effect4.Program.Typed.Fits.hom	Effect4.Laws.Program.Typed.Membership	Effect4.Program.Typed.Fits.match_6	discr 0	alts 3	catchAll true
  Effect4.Program.Typed.Fits.hom	Effect4.Laws.Program.Typed.Membership	Effect4.Program.Typed.FlatFits.match_1	discr 0	alts 2	catchAll true
  Effect4.Program.Typed.Fits.hom	Effect4.Laws.Program.Typed.Membership	Effect4.Program.Typed.FlatFits.match_10	discr 0	alts 2	catchAll true
  Effect4.Program.Typed.Fits.hom	Effect4.Laws.Program.Typed.Membership	Effect4.Program.Typed.FlatFits.match_13	discr 0	alts 2	catchAll true
  Effect4.Program.Typed.Fits.hom	Effect4.Laws.Program.Typed.Membership	Effect4.Program.Typed.FlatFits.match_4	discr 0	alts 2	catchAll true
  Effect4.Program.Typed.Fits.hom	Effect4.Laws.Program.Typed.Membership	Effect4.Program.Typed.FlatFits.match_7	discr 0	alts 2	catchAll true
  Effect4.Store.Val.WF.hom	Effect4.Laws.Store.Folds.Val	Effect4.Store.Val.render.match_1	discr 0	alts 12	catchAll false
  Effect4.Store.Val.beq.hom	Effect4.Laws.Store.Folds.Val	Effect4.Store.Val.beq.match_1	discr 0	alts 13	catchAll true
  Effect4.Store.Val.beq.hom	Effect4.Laws.Store.Folds.Val	Effect4.Store.Val.beq.match_1	discr 1	alts 13	catchAll true
  Effect4.Store.Val.encode.hom	Effect4.Laws.Store.Folds.Val	Effect4.Store.Val.render.match_1	discr 0	alts 12	catchAll false
  Effect4.Store.Val.handles.hom	Effect4.Laws.Store.Folds.Val	Effect4.Store.Val.handles.match_1	discr 0	alts 6	catchAll true
  Effect4.Store.Val.malformedRef.hom	Effect4.Laws.Store.Folds.Val	Effect4.Store.Val.refs.match_1	discr 0	alts 6	catchAll true
  Effect4.Store.Val.payload.hom	Effect4.Laws.Store.Folds.Val	Effect4.Store.Val.render.match_1	discr 0	alts 12	catchAll false
  Effect4.Store.Val.refs.hom	Effect4.Laws.Store.Folds.Val	Effect4.Store.Val.refs.match_1	discr 0	alts 6	catchAll true
  Effect4.Store.Val.render.hom	Effect4.Laws.Store.Folds.Val	Effect4.Store.Val.render.match_1	discr 0	alts 12	catchAll false
  Effect4.Store.Val.wf.hom	Effect4.Laws.Store.Folds.Val	Effect4.Store.Val.render.match_1	discr 0	alts 12	catchAll false
  Effect4.Store.acceptsAt.hom	Effect4.Laws.Store.Folds.Val	Effect4.Store.acceptsAt.match_3	discr 0	alts 15	catchAll true
  Effect4.Store.printIn.hom	Effect4.Laws.Store.Folds.Val	Effect4.Store.printIn.match_12	discr 1	alts 12	catchAll false
  Effect4.Machine.Val.asList?	Effect4.Machine.Alphabets	Effect4.Machine.Val.asList?.match_1	discr 0	alts 2	catchAll true
  Effect4.Machine.Val.cause?	Effect4.Machine.Alphabets	Effect4.Machine.Val.cause?.match_1	discr 0	alts 2	catchAll true
  Effect4.Machine.Val.snapshot?	Effect4.Machine.Alphabets	Effect4.Machine.Val.snapshot?.match_1	discr 0	alts 2	catchAll true
  Effect4.Machine.ofDefect	Effect4.Machine.Alphabets	Effect4.Machine.ofDefect.match_1	discr 0	alts 7	catchAll true
  Effect4.Machine.ofErr	Effect4.Machine.Alphabets	Effect4.Machine.ofErr.match_1	discr 0	alts 5	catchAll true
  Effect4.Machine.Env.ofEntry	Effect4.Machine.ContextMap	Effect4.Machine.Env.ofEntry.match_1	discr 0	alts 2	catchAll true
  Effect4.Machine.Env.spine	Effect4.Machine.ContextMap	Effect4.Machine.Env.spine.match_1	discr 0	alts 2	catchAll true
  Effect4.Machine.contAOf	Effect4.Machine.Stores	Effect4.Machine.contAOf.match_3	discr 1	alts 20	catchAll true
  Effect4.Machine.ofCtx	Effect4.Machine.Stores	Effect4.Machine.ofCtx.match_1	discr 0	alts 2	catchAll true
  Effect4.Machine.reasonsOfVal	Effect4.Machine.Stores	Effect4.Machine.reasonsOfVal.match_1	discr 0	alts 3	catchAll true
  Effect4.Program.NativeAtom.tagHit	Effect4.Machine.Term	Effect4.Program.NativeAtom.tagHit.match_1	discr 0	alts 2	catchAll true
  Effect4.Program.Val.tuple?	Effect4.Machine.Term	Effect4.Program.Val.tuple?.match_1	discr 0	alts 2	catchAll true
  Effect4.Program.errOf	Effect4.Machine.Term	Effect4.Program.errOf.match_1	discr 0	alts 4	catchAll true
  Effect4.Program.queryReasons?	Effect4.Machine.Term	Effect4.Program.queryReasons?.match_1	discr 0	alts 2	catchAll true
  Effect4.Machine.HandleKind.ofHandle	Effect4.Machine.Value	Effect4.Machine.HandleKind.ofHandle.match_1	discr 0	alts 2	catchAll true
  Effect4.Machine.Value.ofExit	Effect4.Machine.Value	Effect4.Machine.Value.ofExit.match_1	discr 0	alts 3	catchAll true
  Effect4.Machine.Value.ofReason	Effect4.Machine.Value	Effect4.Machine.Value.ofReason.match_6	discr 0	alts 4	catchAll true
  Effect4.Program.actionAt	Effect4.Program.Compile	Effect4.Program.actionAt.match_1	discr 0	alts 2	catchAll true
  Effect4.Program.actionAt	Effect4.Program.Compile	Effect4.Program.actionAt.match_3	discr 0	alts 2	catchAll true
  Effect4.Program.contextsOf	Effect4.Program.Compile	Effect4.Program.contextsOf.match_1	discr 0	alts 2	catchAll true
  Effect4.Program.Config.Val.ofStore	Effect4.Program.ConfigValue	Effect4.Program.Config.Val.ofStore.match_4	discr 0	alts 7	catchAll true
  Effect4.Program.Decision.decide	Effect4.Program.Decision	Effect4.Program.Decision.decide.match_3	discr 1	alts 6	catchAll true
  Effect4.Program.Val.tagPayload?	Effect4.Program.Decision	Effect4.Program.Val.tagPayload?.match_1	discr 0	alts 2	catchAll true
  Effect4.Program.NativeOp.syncOpOf	Effect4.Program.Native	Effect4.Program.NativeOp.syncOpOf.match_1	discr 1	alts 21	catchAll true
  Effect4.Program.Stream.chunk?	Effect4.Program.Stream	Effect4.Program.Stream.chunk?.match_1	discr 0	alts 3	catchAll true
  Effect4.Program.Val.hasTy	Effect4.Program.Typed	Effect4.Program.Val.hasTy.match_1	discr 0	alts 2	catchAll true
  Effect4.Program.Val.hasTy	Effect4.Program.Typed	Effect4.Program.Val.hasTy.match_10	discr 0	alts 2	catchAll true
  Effect4.Program.Val.hasTy	Effect4.Program.Typed	Effect4.Program.Val.hasTy.match_13	discr 0	alts 3	catchAll true
  Effect4.Program.Val.hasTy	Effect4.Program.Typed	Effect4.Program.Val.hasTy.match_20	discr 0	alts 2	catchAll true
  Effect4.Program.Val.hasTy	Effect4.Program.Typed	Effect4.Program.Val.hasTy.match_23	discr 0	alts 2	catchAll true
  Effect4.Program.Val.hasTy	Effect4.Program.Typed	Effect4.Program.Val.hasTy.match_27	discr 0	alts 3	catchAll true
  Effect4.Program.Val.hasTy	Effect4.Program.Typed	Effect4.Program.Val.hasTy.match_32	discr 0	alts 2	catchAll true
  Effect4.Program.Val.hasTy	Effect4.Program.Typed	Effect4.Program.Val.hasTy.match_37	discr 0	alts 3	catchAll true
  Effect4.Program.Val.hasTy	Effect4.Program.Typed	Effect4.Program.Val.hasTy.match_4	discr 0	alts 2	catchAll true
  Effect4.Program.Val.hasTy	Effect4.Program.Typed	Effect4.Program.Val.hasTy.match_7	discr 0	alts 2	catchAll true
  Effect4.Schema.Codec.encodeRaw	Effect4.Schema.Codec	Effect4.Schema.Codec.encodeRaw.match_1	discr 1	alts 16	catchAll true
  Effect4.Store.cata_val	Effect4.Store.Carrier.Fold	Effect4.Store.cata_val.match_1	discr 0	alts 12	catchAll false
  Effect4.Store.foldMap_val	Effect4.Store.Carrier.Fold	Effect4.Store.cata_val.match_1	discr 0	alts 12	catchAll false
  Effect4.Store.Image.ofBool	Effect4.Store.Carrier.Image	Effect4.Store.Image.ofBool.match_1	discr 0	alts 2	catchAll true
  Effect4.Store.Image.ofCtor1	Effect4.Store.Carrier.Image	Effect4.Store.Image.ofCtor1.match_1	discr 0	alts 2	catchAll true
  Effect4.Store.Image.ofCtor2	Effect4.Store.Carrier.Image	Effect4.Store.Image.ofCtor2.match_1	discr 0	alts 2	catchAll true
  Effect4.Store.Image.ofCtor3	Effect4.Store.Carrier.Image	Effect4.Store.Image.ofCtor3.match_3	discr 0	alts 2	catchAll true
  Effect4.Store.Image.ofList	Effect4.Store.Carrier.Image	Effect4.Store.Image.ofList.match_1	discr 0	alts 2	catchAll true
  Effect4.Store.Image.ofOption	Effect4.Store.Carrier.Image	Effect4.Store.Image.ofOption.match_1	discr 0	alts 3	catchAll true
  Effect4.Store.Image.ofPair	Effect4.Store.Carrier.Image	Effect4.Store.Image.ofPair.match_4	discr 0	alts 2	catchAll true
  Effect4.Store.Image.ofString	Effect4.Store.Carrier.Image	Effect4.Store.Image.ofString.match_1	discr 0	alts 2	catchAll true
  Effect4.Store.Image.ofUnit	Effect4.Store.Carrier.Image	Effect4.Store.Image.ofUnit.match_1	discr 0	alts 2	catchAll true
  Effect4.Store.Image.ofSum	Effect4.Store.Carrier.Image.Containers	Effect4.Store.Image.ofSum.match_1	discr 0	alts 3	catchAll true
  Effect4.Store.Image.ofTuple2	Effect4.Store.Carrier.Image.Containers	Effect4.Store.Image.ofTuple2.match_4	discr 0	alts 2	catchAll true
  Effect4.Store.Val.WF	Effect4.Store.Carrier.Val	Effect4.Store.Val.render.match_1	discr 0	alts 12	catchAll false
  Effect4.Store.Val.beq	Effect4.Store.Carrier.Val	Effect4.Store.Val.beq.match_1	discr 0	alts 13	catchAll true
  Effect4.Store.Val.beq	Effect4.Store.Carrier.Val	Effect4.Store.Val.beq.match_1	discr 1	alts 13	catchAll true
  Effect4.Store.Val.children	Effect4.Store.Carrier.Val	Effect4.Store.Val.children.match_1	discr 0	alts 5	catchAll true
  Effect4.Store.Val.encode	Effect4.Store.Carrier.Val	Effect4.Store.Val.render.match_1	discr 0	alts 12	catchAll false
  Effect4.Store.Val.handles	Effect4.Store.Carrier.Val	Effect4.Store.Val.handles.match_1	discr 0	alts 6	catchAll true
  Effect4.Store.Val.payload	Effect4.Store.Carrier.Val	Effect4.Store.Val.render.match_1	discr 0	alts 12	catchAll false
  Effect4.Store.Val.render	Effect4.Store.Carrier.Val	Effect4.Store.Val.render.match_1	discr 0	alts 12	catchAll false
  Effect4.Store.Val.tag	Effect4.Store.Carrier.Val	Effect4.Store.Val.render.match_1	discr 0	alts 12	catchAll false
  Effect4.Store.Val.wf	Effect4.Store.Carrier.Val	Effect4.Store.Val.render.match_1	discr 0	alts 12	catchAll false
  Effect4.Store.IntCanonical.ofVal	Effect4.Store.Domain.Canonical	Effect4.Store.IntCanonical.ofVal.match_1	discr 0	alts 3	catchAll true
  Effect4.Store.instCanonicalBool	Effect4.Store.Domain.Canonical	Effect4.Store.instCanonicalBool.match_1	discr 0	alts 2	catchAll true
  Effect4.Store.instCanonicalBytes	Effect4.Store.Domain.Canonical	Effect4.Store.instCanonicalDigest.match_1	discr 0	alts 2	catchAll true
  Effect4.Store.instCanonicalDigest	Effect4.Store.Domain.Canonical	Effect4.Store.instCanonicalDigest.match_1	discr 0	alts 2	catchAll true
  Effect4.Store.instCanonicalList	Effect4.Store.Domain.Canonical	Effect4.Store.instCanonicalList.match_1	discr 0	alts 2	catchAll true
  Effect4.Store.instCanonicalNat	Effect4.Store.Domain.Canonical	Effect4.Store.instCanonicalNat.match_1	discr 0	alts 2	catchAll true
  Effect4.Store.instCanonicalOption	Effect4.Store.Domain.Canonical	Effect4.Store.instCanonicalOption.match_3	discr 0	alts 3	catchAll true
  Effect4.Store.instCanonicalProd	Effect4.Store.Domain.Canonical	Effect4.Store.instCanonicalProd.match_4	discr 0	alts 2	catchAll true
  Effect4.Store.instCanonicalString	Effect4.Store.Domain.Canonical	Effect4.Store.instCanonicalString.match_1	discr 0	alts 2	catchAll true
  Effect4.Store.instCanonicalUInt64	Effect4.Store.Domain.Canonical	Effect4.Store.instCanonicalNat.match_1	discr 0	alts 2	catchAll true
  Effect4.Store.instCanonicalUInt8	Effect4.Store.Domain.Canonical	Effect4.Store.instCanonicalNat.match_1	discr 0	alts 2	catchAll true
  Effect4.Store.instCanonicalUnit	Effect4.Store.Domain.Canonical	Effect4.Store.instCanonicalUnit.match_1	discr 0	alts 2	catchAll true
  Effect4.Store.ClockCanonical.ofVal	Effect4.Store.Domain.Clock	Effect4.Store.ClockCanonical.ofVal.match_1	discr 0	alts 2	catchAll true
  Effect4.Store.JsonGen.Float64C.ofVal	Effect4.Store.Domain.Derived.Json	Effect4.Store.JsonGen.Float64C.ofVal.match_4	discr 0	alts 2	catchAll true
  Effect4.Store.JsonGen.JsonC.rawJson	Effect4.Store.Domain.Derived.Json	Effect4.Store.JsonGen.JsonC.rawJson.match_11	discr 0	alts 7	catchAll true
  Effect4.Store.JsonGen.JsonC.rawP1	Effect4.Store.Domain.Derived.Json	Effect4.Store.JsonGen.JsonC.rawP1.match_3	discr 0	alts 2	catchAll true
  Effect4.Store.ProgramGen.CauseTermC.rawCauseTerm	Effect4.Store.Domain.Derived.Program	Effect4.Store.ProgramGen.CauseTermC.rawCauseTerm.match_7	discr 0	alts 5	catchAll true
  Effect4.Store.ProgramGen.DecisionC.ofVal	Effect4.Store.Domain.Derived.Program	Effect4.Store.ProgramGen.DecisionC.ofVal.match_1	discr 0	alts 4	catchAll true
  Effect4.Store.ProgramGen.EffC.rawActionTerm	Effect4.Store.Domain.Derived.Program	Effect4.Store.ProgramGen.EffC.rawActionTerm.match_11	discr 0	alts 17	catchAll true
  Effect4.Store.ProgramGen.EffC.rawEff	Effect4.Store.Domain.Derived.Program	Effect4.Store.ProgramGen.EffC.rawEff.match_29	discr 0	alts 26	catchAll true
  Effect4.Store.ProgramGen.EffC.rawEffs	Effect4.Store.Domain.Derived.Program	Effect4.Store.ProgramGen.TermC.rawTerms.match_3	discr 0	alts 3	catchAll true
  Effect4.Store.ProgramGen.EffC.rawLayerTerm	Effect4.Store.Domain.Derived.Program	Effect4.Store.ProgramGen.EffC.rawLayerTerm.match_13	discr 0	alts 11	catchAll true
  Effect4.Store.ProgramGen.EffC.rawLayerTerms	Effect4.Store.Domain.Derived.Program	Effect4.Store.ProgramGen.TermC.rawTerms.match_3	discr 0	alts 3	catchAll true
  Effect4.Store.ProgramGen.EffC.rawStmt	Effect4.Store.Domain.Derived.Program	Effect4.Store.ProgramGen.EffC.rawStmt.match_3	discr 0	alts 7	catchAll true
  Effect4.Store.ProgramGen.EffC.rawStmts	Effect4.Store.Domain.Derived.Program	Effect4.Store.ProgramGen.TermC.rawTerms.match_3	discr 0	alts 3	catchAll true
  Effect4.Store.ProgramGen.EffTyC.ofVal	Effect4.Store.Domain.Derived.Program	Effect4.Store.ProgramGen.ForkOptionsC.ofVal.match_4	discr 0	alts 2	catchAll true
  Effect4.Store.ProgramGen.FinalizerStrategyC.ofVal	Effect4.Store.Domain.Derived.Program	Effect4.Store.ProgramGen.FinalizerStrategyC.ofVal.match_1	discr 0	alts 3	catchAll true
  Effect4.Store.ProgramGen.FnNameC.ofVal	Effect4.Store.Domain.Derived.Program	Effect4.Store.ProgramGen.FnNameC.ofVal.match_1	discr 0	alts 6	catchAll true
  Effect4.Store.ProgramGen.ForkOptionsC.ofVal	Effect4.Store.Domain.Derived.Program	Effect4.Store.ProgramGen.ForkOptionsC.ofVal.match_4	discr 0	alts 2	catchAll true
  Effect4.Store.ProgramGen.LitC.ofVal	Effect4.Store.Domain.Derived.Program	Effect4.Store.ProgramGen.LitC.ofVal.match_1	discr 0	alts 5	catchAll true
  Effect4.Store.ProgramGen.MaskModeC.ofVal	Effect4.Store.Domain.Derived.Program	Effect4.Store.ProgramGen.MaskModeC.ofVal.match_1	discr 0	alts 4	catchAll true
  Effect4.Store.ProgramGen.NativeOpC.ofVal	Effect4.Store.Domain.Derived.Program	Effect4.Store.ProgramGen.NativeOpC.ofVal.match_1	discr 0	alts 24	catchAll true
  Effect4.Store.ProgramGen.ObserverModeC.ofVal	Effect4.Store.Domain.Derived.Program	Effect4.Store.ProgramGen.FinalizerStrategyC.ofVal.match_1	discr 0	alts 3	catchAll true
  Effect4.Store.ProgramGen.RegistrationC.ofVal	Effect4.Store.Domain.Derived.Program	Effect4.Store.ProgramGen.FinalizerStrategyC.ofVal.match_1	discr 0	alts 3	catchAll true
  Effect4.Store.ProgramGen.RowC.ofVal	Effect4.Store.Domain.Derived.Program	Effect4.Store.ProgramGen.RowC.ofVal.match_3	discr 0	alts 2	catchAll true
  Effect4.Store.ProgramGen.RowKindC.ofVal	Effect4.Store.Domain.Derived.Program	Effect4.Store.ProgramGen.MaskModeC.ofVal.match_1	discr 0	alts 4	catchAll true
  Effect4.Store.ProgramGen.RowShapeC.ofVal	Effect4.Store.Domain.Derived.Program	Effect4.Store.ProgramGen.RowShapeC.ofVal.match_1	discr 0	alts 5	catchAll true
  Effect4.Store.ProgramGen.ServiceKeyC.ofVal	Effect4.Store.Domain.Derived.Program	Effect4.Store.ProgramGen.ServiceKeyC.ofVal.match_3	discr 0	alts 2	catchAll true
  Effect4.Store.ProgramGen.ServiceNameC.ofVal	Effect4.Store.Domain.Derived.Program	Effect4.Store.ProgramGen.ServiceNameC.ofVal.match_1	discr 0	alts 2	catchAll true
  Effect4.Store.ProgramGen.ServiceTypeCodeC.ofVal	Effect4.Store.Domain.Derived.Program	Effect4.Store.ProgramGen.ServiceNameC.ofVal.match_1	discr 0	alts 2	catchAll true
  Effect4.Store.ProgramGen.TermC.rawTerm	Effect4.Store.Domain.Derived.Program	Effect4.Store.ProgramGen.TermC.rawTerm.match_7	discr 0	alts 4	catchAll true
  Effect4.Store.ProgramGen.TermC.rawTerms	Effect4.Store.Domain.Derived.Program	Effect4.Store.ProgramGen.TermC.rawTerms.match_3	discr 0	alts 3	catchAll true
  Effect4.Store.ProgramGen.TyC.rawTy	Effect4.Store.Domain.Derived.Program	Effect4.Store.ProgramGen.TyC.rawTy.match_7	discr 0	alts 21	catchAll true
  Effect4.Store.SchemaGen.AnnotationEntryC.ofVal	Effect4.Store.Domain.Derived.Schema	Effect4.Store.SchemaGen.AnnotationEntryC.ofVal.match_3	discr 0	alts 2	catchAll true
  Effect4.Store.SchemaGen.DocumentC.ofVal	Effect4.Store.Domain.Derived.Schema	Effect4.Store.SchemaGen.AnnotationEntryC.ofVal.match_3	discr 0	alts 2	catchAll true
  Effect4.Store.SchemaGen.EnumEntryC.ofVal	Effect4.Store.Domain.Derived.Schema	Effect4.Store.SchemaGen.AnnotationEntryC.ofVal.match_3	discr 0	alts 2	catchAll true
  Effect4.Store.SchemaGen.EnumValueC.ofVal	Effect4.Store.Domain.Derived.Schema	Effect4.Store.SchemaGen.EnumValueC.ofVal.match_1	discr 0	alts 3	catchAll true
  Effect4.Store.SchemaGen.GlobalSymbolKeyC.ofVal	Effect4.Store.Domain.Derived.Schema	Effect4.Store.SchemaGen.ReferenceKeyC.ofVal.match_4	discr 0	alts 2	catchAll true
  Effect4.Store.SchemaGen.LiteralValueC.ofVal	Effect4.Store.Domain.Derived.Schema	Effect4.Store.SchemaGen.LiteralValueC.ofVal.match_1	discr 0	alts 5	catchAll true
  Effect4.Store.SchemaGen.MultiDocumentC.ofVal	Effect4.Store.Domain.Derived.Schema	Effect4.Store.SchemaGen.AnnotationEntryC.ofVal.match_3	discr 0	alts 2	catchAll true
  Effect4.Store.SchemaGen.PropertyKeyC.ofVal	Effect4.Store.Domain.Derived.Schema	Effect4.Store.SchemaGen.PropertyKeyC.ofVal.match_1	discr 0	alts 4	catchAll true
  Effect4.Store.SchemaGen.ReferenceEntryC.ofVal	Effect4.Store.Domain.Derived.Schema	Effect4.Store.SchemaGen.AnnotationEntryC.ofVal.match_3	discr 0	alts 2	catchAll true
  Effect4.Store.SchemaGen.ReferenceKeyC.ofVal	Effect4.Store.Domain.Derived.Schema	Effect4.Store.SchemaGen.ReferenceKeyC.ofVal.match_4	discr 0	alts 2	catchAll true
  Effect4.Store.SchemaGen.RepresentationAnnotationC.ofVal	Effect4.Store.Domain.Derived.Schema	Effect4.Store.SchemaGen.AnnotationEntryC.ofVal.match_3	discr 0	alts 2	catchAll true
  Effect4.Store.SchemaGen.RepresentationC.rawCheck	Effect4.Store.Domain.Derived.Schema	Effect4.Store.SchemaGen.RepresentationC.rawCheck.match_5	discr 0	alts 3	catchAll true
  Effect4.Store.SchemaGen.RepresentationC.rawCheckRepresentationAnnotationOf	Effect4.Store.Domain.Derived.Schema	Effect4.Store.SchemaGen.RepresentationC.rawCheckRepresentationAnnotationOf.match_3	discr 0	alts 2	catchAll true
  Effect4.Store.SchemaGen.RepresentationC.rawElementOf	Effect4.Store.Domain.Derived.Schema	Effect4.Store.SchemaGen.RepresentationC.rawCheckRepresentationAnnotationOf.match_3	discr 0	alts 2	catchAll true
  Effect4.Store.SchemaGen.RepresentationC.rawIndexSignatureOf	Effect4.Store.Domain.Derived.Schema	Effect4.Store.SchemaGen.AnnotationEntryC.ofVal.match_3	discr 0	alts 2	catchAll true
  Effect4.Store.SchemaGen.RepresentationC.rawO5	Effect4.Store.Domain.Derived.Schema	Effect4.Store.SchemaGen.RepresentationC.rawO5.match_3	discr 0	alts 3	catchAll true
  Effect4.Store.SchemaGen.RepresentationC.rawO7	Effect4.Store.Domain.Derived.Schema	Effect4.Store.SchemaGen.RepresentationC.rawO7.match_3	discr 0	alts 3	catchAll true
  Effect4.Store.SchemaGen.RepresentationC.rawPropertySignatureOf	Effect4.Store.Domain.Derived.Schema	Effect4.Store.SchemaGen.RepresentationC.rawPropertySignatureOf.match_3	discr 0	alts 2	catchAll true
  Effect4.Store.SchemaGen.RepresentationC.rawRepresentation	Effect4.Store.Domain.Derived.Schema	Effect4.Store.SchemaGen.RepresentationC.rawRepresentation.match_23	discr 0	alts 23	catchAll true
  Effect4.Store.SchemaGen.UnionModeC.ofVal	Effect4.Store.Domain.Derived.Schema	Effect4.Store.SchemaGen.UnionModeC.ofVal.match_1	discr 0	alts 3	catchAll true
  Effect4.Store.ValueGen.KindC.ofVal	Effect4.Store.Domain.Derived.Value	Effect4.Store.ValueGen.KindC.ofVal.match_1	discr 0	alts 16	catchAll true
  Effect4.Store.ValueGen.ShapeC.rawP0	Effect4.Store.Domain.Derived.Value	Effect4.Store.ValueGen.ShapeC.rawP0.match_3	discr 0	alts 2	catchAll true
  Effect4.Store.ValueGen.ShapeC.rawP2	Effect4.Store.Domain.Derived.Value	Effect4.Store.ValueGen.ShapeC.rawP2.match_3	discr 0	alts 2	catchAll true
  Effect4.Store.ValueGen.ShapeC.rawP3	Effect4.Store.Domain.Derived.Value	Effect4.Store.ValueGen.ShapeC.rawP0.match_3	discr 0	alts 2	catchAll true
  Effect4.Store.ValueGen.ShapeC.rawShape	Effect4.Store.Domain.Derived.Value	Effect4.Store.ValueGen.ShapeC.rawShape.match_11	discr 0	alts 15	catchAll true
  Effect4.Store.ValueGen.ShapeDocC.ofVal	Effect4.Store.Domain.Derived.Value	Effect4.Store.ValueGen.ShapeDocC.ofVal.match_3	discr 0	alts 2	catchAll true
  Effect4.Store.ValueGen.ValC.rawVal	Effect4.Store.Domain.Derived.Value	Effect4.Store.ValueGen.ValC.rawVal.match_22	discr 0	alts 13	catchAll true
  Effect4.Store.ValueGen.ValC.toValVal	Effect4.Store.Domain.Derived.Value	Effect4.Store.ValueGen.ValC.toValVal.match_1	discr 0	alts 12	catchAll false
  Effect4.Store.Val.malformedRef	Effect4.Store.Domain.Node	Effect4.Store.Val.refs.match_1	discr 0	alts 6	catchAll true
  Effect4.Store.Val.refs	Effect4.Store.Domain.Node	Effect4.Store.Val.refs.match_1	discr 0	alts 6	catchAll true
  Effect4.Store.instCanonicalAnyRef	Effect4.Store.Domain.Node	Effect4.Store.instCanonicalRef.match_1	discr 0	alts 2	catchAll true
  Effect4.Store.instCanonicalRef	Effect4.Store.Domain.Node	Effect4.Store.instCanonicalRef.match_1	discr 0	alts 2	catchAll true
  Effect4.Store.PinGen.PinC.ofVal	Effect4.Store.Domain.PinDerived	Effect4.Store.PinGen.PinC.ofVal.match_4	discr 0	alts 2	catchAll true
  Effect4.Store.PinGen.PinRoleC.ofVal	Effect4.Store.Domain.PinDerived	Effect4.Store.PinGen.PinRoleC.ofVal.match_1	discr 0	alts 3	catchAll true
  Effect4.Store.PinGen.TreeC.ofVal	Effect4.Store.Domain.PinDerived	Effect4.Store.PinGen.TreeC.ofVal.match_3	discr 0	alts 2	catchAll true
  Effect4.Store.acceptsAt	Effect4.Store.Domain.Shape	Effect4.Store.acceptsAt.match_3	discr 0	alts 15	catchAll true
  Effect4.Store.printIn	Effect4.Store.Domain.Shape	Effect4.Store.printIn.match_12	discr 1	alts 12	catchAll false
  Effect4.Store.Annotation.ofVal	Effect4.Store.Domain.Traits	Effect4.Store.Annotation.ofVal.match_4	discr 0	alts 2	catchAll true
  Effect4.Store.Annotation.prevOfVal	Effect4.Store.Domain.Traits	Effect4.Store.Annotation.prevOfVal.match_1	discr 0	alts 3	catchAll true
  Effect4.Store.Node.prevOf	Effect4.Store.Domain.Traits	Effect4.Store.Node.prevOf.match_1	discr 0	alts 2	catchAll true
info: Test/Audit/PositionCensus.lean:16:0: root	owner	field	shape	carrier
Effect4.Program.Sched.RState	Effect4.Program.Sched.RSaved	current		Effects.Program
Effect4.Program.Sched.RState	Effect4.Program.Sched.ScopeFrame	resume.next	(Effect4.Machine.ExitV → _) 	Effects.Program
Effect4.Program.Sched.RState	Effect4.Program.Sched.ScopeFrame	answer.next	(Effect4.Machine.ExitV → _) 	Effects.Program
Effect4.Program.Sched.RState	Effect4.Program.Sched.ScopeFrame	asyncFinalizer.name		Effect4.Program.EffName
Effect4.Program.Sched.RState	Effect4.Program.Sched.ScopeFrame	iter.generator		Effect4.Program.EffName
Effect4.Program.Sched.RState	Effect4.Program.Sched.ScopeFrame	loop.loop		Effect4.Program.EffName
Effect4.Program.Sched.RState	Effect4.Program.Sched.ScopeFrame	loop.cursor		Effect4.Store.Val
Effect4.Program.Sched.RState	Effect4.Program.Sched.RSaved	interruptedCause	Option 	Effect4.Cause
Effect4.Program.Sched.RState	Effect4.Machine.Pending	collected	List 	Effect4.Exit
Effect4.Program.Sched.RState	Effect4.Machine.Resume	continueWith.name		Effect4.Program.EffName
Effect4.Program.Sched.RState	Effect4.Machine.RunFiber	finalizing	Option 	Effect4.Exit
Effect4.Program.Sched.RState	Effect4.Machine.RunFiber	exit	Option 	Effect4.Exit
Effect4.Program.Sched.RState	Effect4.Machine.Task	resume.answer		Effects.Program
Effect4.Program.Sched.RState	Effect4.Machine.Env.Service	value		Effect4.Store.Val
Effect4.Program.Sched.RState	Effect4.Supervision.RaceAllState	failures	List 	Effect4.Reason
Effect4.Program.Sched.RState	Effect4.Supervision.RaceAllState	winner	Option Prod.2 	Effect4.Store.Val
Effect4.Program.Sched.RState	Effect4.Supervision.RaceAllState	accepted	Option 	Effect4.Exit
Effect4.Program.Sched.RState	Effect4.Supervision.WaitState	result		Effect4.Exit
Effect4.Program.Sched.RState	Effect4.Machine.Race	programs	List 	Effects.Program
Effect4.Program.Sched.RState	Effect4.Machine.Stores	refs	List 	Effect4.Store.Val
Effect4.Program.Sched.RState	Effect4.Machine.Completion	ofExit.exit		Effect4.Exit
Effect4.Program.Sched.RState	Effect4.Machine.Capture	env	List 	Effect4.Store.Val
Effect4.Program.Sched.RState	Effect4.ScopeState	closed.exit		Effect4.Exit
Effect4.Program.Sched.RState	Effect4.Machine.RunEvent	resumedWith.answer		Effects.Program
Effect4.Program.Sched.RState	Effect4.Machine.RunEvent	finalizerProgram.finalizer		Effect4.Program.EffName
Effect4.Program.Sched.RState	Effect4.Machine.RunEvent	finalizerProgram.exit		Effect4.Exit
Effect4.Program.Sched.RState	Effect4.Machine.RunEvent	raceSettled.exit		Effect4.Exit
Effect4.Program.Sched.RState	Effect4.Machine.RunEvent	callback.exit		Effect4.Exit
Effect4.Program.Sched.RState	Effect4.Machine.RunEvent	exited.exit		Effect4.Exit
Effect4.Program.Sched.RCmd	Effect4.Machine.Cmd	finish.exit		Effect4.Exit
Effect4.Program.Sched.RCmd	Effect4.Machine.Cmd	resume.answer		Effects.Program
Effect4.Program.Sched.RCmd	Effect4.Machine.Cmd	observe.exit		Effect4.Exit
Effect4.Program.Sched.RInterp	Effect4.PrimInterp	contA	(Effect4.Program.EffName → _) (Effect4.Machine.Val → _) 	Effects.Program
Effect4.Program.Sched.RInterp	Effect4.PrimInterp	contE	(Effect4.Program.EffName → _) (Effect4.Cause Effect4.Machine.Err Effect4.Machine.Defect Effect4.FiberId Effect4.Machine.Ann → _) 	Effects.Program
Effect4.Program.Sched.RInterp	Effect4.PrimInterp	syncValue	(Effect4.Program.EffThunk → _) 	Effect4.Store.Val
Effect4.Program.Sched.RInterp	Effect4.PrimInterp	suspendBody	(Effect4.Program.EffThunk → _) 	Effects.Program
Effect4.Program.Sched.RInterp	Effect4.PrimInterp	finalizerExit	(Effect4.Program.EffName → _) (Effect4.Exit Effect4.Machine.Val Effect4.Machine.Err Effect4.Machine.Defect Effect4.FiberId Effect4.Machine.Ann → _) 	Effect4.Exit
Effect4.Program.Sched.RInterp	Effect4.PrimInterp	reifyExit	(Effect4.Exit Effect4.Machine.Val Effect4.Machine.Err Effect4.Machine.Defect Effect4.FiberId Effect4.Machine.Ann → _) 	Effect4.Store.Val
Effect4.Program.Sched.RInterp	Effect4.PrimInterp	iterNext	(Effect4.Program.EffName → _) (Effect4.Machine.Val → _) Prod.1 List 	Effect4.Store.Val
Effect4.Program.Sched.RInterp	Effect4.IterStep	done.value		Effect4.Store.Val
Effect4.Program.Sched.RInterp	Effect4.IterStep	halt.cause		Effect4.Cause
Effect4.Program.Sched.RInterp	Effect4.IterStep	resume.next		Effects.Program
Effect4.Program.Sched.RInterp	Effect4.IterStep	resume.continueAs		Effect4.Program.EffName
Effect4.Program.Sched.RInterp	Effect4.LoopNext	continue.cursor		Effect4.Store.Val
Effect4.Program.Sched.RInterp	Effect4.LoopNext	continue.body		Effects.Program
Effect4.Program.Sched.RInterp	Effect4.LoopNext	finish.code		Effects.Program
Effect4.Program.Sched.RInterp	Effect4.PrimInterp	cancelThenFail	(Effect4.Program.EffName → _) (Effect4.Cause Effect4.Machine.Err Effect4.Machine.Defect Effect4.FiberId Effect4.Machine.Ann → _) 	Effects.Program
Effect4.Program.Sched.RInterp	Effect4.Machine.RunInterp	parkOf	(Effect4.Program.Sched.RProgram → _) Option Except.1 	Effect4.Cause
Effect4.Program.Sched.RInterp	Effect4.Machine.RunInterp	parkCode	(Effect4.Machine.ParkKind → _) 	Effects.Program
Effect4.Program.Sched.RInterp	Effect4.Machine.RunInterp	interruptCode	(Effect4.FiberId → _) 	Effects.Program
Effect4.Program.Sched.RInterp	Effect4.Machine.RunInterp	interruptAsCode	(Effect4.FiberId → _) (Effect4.FiberId → _) 	Effects.Program
Effect4.Program.Sched.RInterp	Effect4.Machine.RunInterp	interruptAllCode	(List Effect4.FiberId → _) 	Effects.Program
Effect4.Program.Sched.RInterp	Effect4.Machine.WithFiberAction	fork.program		Effects.Program
Effect4.Program.Sched.RInterp	Effect4.Machine.WithFiberAction	forkIn.program		Effects.Program
Effect4.Program.Sched.RInterp	Effect4.Machine.WithFiberAction	forkScoped.program		Effects.Program
Effect4.Program.Sched.RInterp	Effect4.Machine.WithFiberAction	raceAll.entrants	List 	Effects.Program
Effect4.Program.Sched.RInterp	Effect4.Machine.WithFiberAction	setInterruptible.body		Effects.Program
Effect4.Program.Sched.RInterp	Effect4.Machine.Env.Service	value		Effect4.Store.Val
Effect4.Program.Sched.RInterp	Effect4.Machine.WithFiberAction	closeScope.exit		Effect4.Exit
Effect4.Program.Sched.RInterp	Effect4.Machine.WithFiberAction	closePar.finalizers	List 	Effects.Program
Effect4.Program.Sched.RInterp	Effect4.Machine.WithFiberAction	refuse.cause		Effect4.Cause
Effect4.Program.Sched.RInterp	Effect4.Machine.Stores	refs	List 	Effect4.Store.Val
Effect4.Program.Sched.RInterp	Effect4.Machine.Completion	ofExit.exit		Effect4.Exit
Effect4.Program.Sched.RInterp	Effect4.Machine.Capture	env	List 	Effect4.Store.Val
Effect4.Program.Sched.RInterp	Effect4.ScopeState	closed.exit		Effect4.Exit
Effect4.Program.Sched.RInterp	Effect4.Machine.RunInterp	syncState	(Effect4.Program.EffThunk → _) (Effect4.Machine.Stores → _) Option Prod.2 	Effect4.Store.Val
Effect4.Program.Sched.RInterp	Effect4.Machine.RunInterp	registerAsync	(Effect4.Program.EffName → _) (Effect4.FiberId → _) (Nat → _) (Effect4.Machine.Stores → _) Prod.2 Option 	Effects.Program
Effect4.Program.Sched.RInterp	Effect4.Machine.RunInterp	answerCode	(Effect4.Machine.Completion Effect4.Machine.Val Effect4.Machine.Err Effect4.Machine.Defect Effect4.FiberId
  Effect4.Machine.Ann → _) 	Effects.Program
Effect4.Program.Sched.RInterp	Effect4.Machine.Owed	code		Effects.Program
Effect4.Program.Sched.RInterp	Effect4.Machine.RunInterp	cancelName	(Effect4.Program.EffName → _) (Effect4.FiberId → _) (Nat → _) 	Effect4.Program.EffName
Effect4.Program.Sched.RInterp	Effect4.Machine.RunInterp	abortName		Effect4.Program.EffName
Effect4.Program.Sched.RInterp	Effect4.Machine.RunInterp	parkCancelName		Effect4.Program.EffName
Effect4.Program.Sched.RInterp	Effect4.Machine.RunInterp	raceCancelName	(Nat → _) 	Effect4.Program.EffName
Effect4.Program.Sched.RInterp	Effect4.Machine.RunInterp	raceSettle	(Nat → _) (Bool → _) (Effect4.Exit Effect4.Machine.Val Effect4.Machine.Err Effect4.Machine.Defect Effect4.FiberId Effect4.Machine.Ann → _) 	Effects.Program
Effect4.Program.Sched.RInterp	Effect4.Machine.RunInterp	finalizerProgram	(Effect4.Program.EffName → _) (Effect4.Exit Effect4.Machine.Val Effect4.Machine.Err Effect4.Machine.Defect Effect4.FiberId Effect4.Machine.Ann → _) Option 	Effects.Program
Effect4.Program.Sched.RInterp	Effect4.Machine.RunInterp	restoreName	(Effect4.Exit Effect4.Machine.Val Effect4.Machine.Err Effect4.Machine.Defect Effect4.FiberId Effect4.Machine.Ann → _) 	Effect4.Program.EffName
Effect4.Program.Sched.RInterp	Effect4.Machine.RunInterp	mergeName	(Effect4.Exit Effect4.Machine.Val Effect4.Machine.Err Effect4.Machine.Defect Effect4.FiberId Effect4.Machine.Ann → _) 	Effect4.Program.EffName
Effect4.Program.Sched.RInterp	Effect4.Machine.RunInterp	scopeStatus	(Nat → _) (Effect4.Machine.Stores → _) Option Option 	Effect4.Exit
Effect4.Program.Sched.RInterp	Effect4.Machine.RunInterp	closeScope	(Nat → _) (Effect4.Exit Effect4.Machine.Val Effect4.Machine.Err Effect4.Machine.Defect Effect4.FiberId Effect4.Machine.Ann → _) (Bool → _) (Effect4.FiberId → _) (Effect4.Machine.Stores → _) Option Prod.2 	Effects.Program
Effect4.Program.Sched.RInterp	Effect4.Machine.RunInterp	contextValue	(Effect4.Machine.Ctx → _) 	Effect4.Store.Val
Effect4.Program.Sched.RInterp	Effect4.Machine.RunInterp	exitValue	(Effect4.Exit Effect4.Machine.Val Effect4.Machine.Err Effect4.Machine.Defect Effect4.FiberId Effect4.Machine.Ann → _) (Effect4.Supervision.ObserverMode → _) 	Effects.Program
Effect4.Program.Sched.RInterp	Effect4.Machine.RunInterp	fiberValue	(Effect4.FiberId → _) 	Effect4.Store.Val
Effect4.Program.Sched.RInterp	Effect4.Machine.RunInterp	fiberIdValue	(Effect4.FiberId → _) 	Effect4.Store.Val
Effect4.Program.Sched.RInterp	Effect4.Machine.RunInterp	fibersValue	(List Effect4.FiberId → _) 	Effect4.Store.Val
Effect4.Program.Sched.RInterp	Effect4.Machine.RunInterp	exitsValue	(List (Effect4.Exit Effect4.Machine.Val Effect4.Machine.Err Effect4.Machine.Defect Effect4.FiberId Effect4.Machine.Ann) → _) 	Effect4.Store.Val
Effect4.Program.Sched.RInterp	Effect4.Machine.RunInterp	voidValue		Effect4.Store.Val
Effect4.Program.Sched.RInterp	Effect4.Machine.RunInterp	scopeValue	(Nat → _) 	Effect4.Store.Val
Effect4.Program.Sched.RInterp	Effect4.Machine.RunInterp	closeDoneName		Effect4.Program.EffName
Effect4.Program.Sched.RInterp	Effect4.Machine.RunInterp	prepareAnswer	(Option Effect4.Program.Sched.RProgram → _) (Effect4.Machine.Completion Effect4.Machine.Val Effect4.Machine.Err Effect4.Machine.Defect Effect4.FiberId
  Effect4.Machine.Ann → _) (Effect4.Machine.Stores → _) Prod.2 	Effects.Program
Effect4.Program.Sched.RIter	Effect4.Program.Sched.RSaved	current		Effects.Program
Effect4.Program.Sched.RIter	Effect4.Program.Sched.ScopeFrame	resume.next	(Effect4.Machine.ExitV → _) 	Effects.Program
Effect4.Program.Sched.RIter	Effect4.Program.Sched.ScopeFrame	answer.next	(Effect4.Machine.ExitV → _) 	Effects.Program
Effect4.Program.Sched.RIter	Effect4.Program.Sched.ScopeFrame	asyncFinalizer.name		Effect4.Program.EffName
Effect4.Program.Sched.RIter	Effect4.Program.Sched.ScopeFrame	iter.generator		Effect4.Program.EffName
Effect4.Program.Sched.RIter	Effect4.Program.Sched.ScopeFrame	loop.loop		Effect4.Program.EffName
Effect4.Program.Sched.RIter	Effect4.Program.Sched.ScopeFrame	loop.cursor		Effect4.Store.Val
Effect4.Program.Sched.RIter	Effect4.Program.Sched.RSaved	interruptedCause	Option 	Effect4.Cause
Effect4.Program.Sched.RIter	Effect4.Machine.Pending	collected	List 	Effect4.Exit
Effect4.Program.Sched.RIter	Effect4.Machine.Resume	continueWith.name		Effect4.Program.EffName
Effect4.Program.Sched.RIter	Effect4.Machine.RunFiber	finalizing	Option 	Effect4.Exit
Effect4.Program.Sched.RIter	Effect4.Machine.RunFiber	exit	Option 	Effect4.Exit
Effect4.Program.Sched.RIter	Effect4.Machine.Task	resume.answer		Effects.Program
Effect4.Program.Sched.RIter	Effect4.Machine.Env.Service	value		Effect4.Store.Val
Effect4.Program.Sched.RIter	Effect4.Supervision.RaceAllState	failures	List 	Effect4.Reason
Effect4.Program.Sched.RIter	Effect4.Supervision.RaceAllState	winner	Option Prod.2 	Effect4.Store.Val
Effect4.Program.Sched.RIter	Effect4.Supervision.RaceAllState	accepted	Option 	Effect4.Exit
Effect4.Program.Sched.RIter	Effect4.Supervision.WaitState	result		Effect4.Exit
Effect4.Program.Sched.RIter	Effect4.Machine.Race	programs	List 	Effects.Program
Effect4.Program.Sched.RIter	Effect4.Machine.Stores	refs	List 	Effect4.Store.Val
Effect4.Program.Sched.RIter	Effect4.Machine.Completion	ofExit.exit		Effect4.Exit
Effect4.Program.Sched.RIter	Effect4.Machine.Capture	env	List 	Effect4.Store.Val
Effect4.Program.Sched.RIter	Effect4.ScopeState	closed.exit		Effect4.Exit
Effect4.Program.Sched.RIter	Effect4.Machine.RunEvent	resumedWith.answer		Effects.Program
Effect4.Program.Sched.RIter	Effect4.Machine.RunEvent	finalizerProgram.finalizer		Effect4.Program.EffName
Effect4.Program.Sched.RIter	Effect4.Machine.RunEvent	finalizerProgram.exit		Effect4.Exit
Effect4.Program.Sched.RIter	Effect4.Machine.RunEvent	raceSettled.exit		Effect4.Exit
Effect4.Program.Sched.RIter	Effect4.Machine.RunEvent	callback.exit		Effect4.Exit
Effect4.Program.Sched.RIter	Effect4.Machine.RunEvent	exited.exit		Effect4.Exit
Effect4.Program.Sched.RIter	Effect4.Machine.Outcome	finished.exit		Effect4.Exit
Effect4.Program.Sched.RIter	Effect4.Machine.Cmd	finish.exit		Effect4.Exit
Effect4.Program.Sched.RIter	Effect4.Machine.Cmd	resume.answer		Effects.Program
Effect4.Program.Sched.RIter	Effect4.Machine.Cmd	observe.exit		Effect4.Exit
info: Test/Audit/PositionCensus.lean:19:0: step	holder	owner	fields
Effect4.Machine.driveStep	Effect4.Machine.driveStep	Effect4.Machine.RunFiber	[id,
 frame,
 running,
 parked,
 pending,
 finalizing,
 exit,
 currentOpCount,
 maxOpsBeforeYield,
 preventYield,
 yieldOverride,
 observers,
 children,
 dispatcher,
 context]
Effect4.Machine.driveStep	Effect4.Machine.driveStep	Effect4.Machine.RunEvent	[started.fiber]
Effect4.Machine.driveStep	Effect4.Machine.driveStep	Effect4.Machine.Cmd	[loop.fiber, loop.yielding]
Effect4.Machine.driveStep	Effect4.Machine.driveStep	Effect4.Machine.RunFiber	[id,
 frame,
 running,
 parked,
 pending,
 finalizing,
 exit,
 currentOpCount,
 maxOpsBeforeYield,
 preventYield,
 yieldOverride,
 observers,
 children,
 dispatcher,
 context]
Effect4.Machine.driveStep	Effect4.Machine.driveStep	Effect4.Machine.RunEvent	[resumedWith.fiber,
 resumedWith.token,
 resumedWith.answer]
Effect4.Machine.driveStep	Effect4.Machine.driveStep	Effect4.Machine.Cmd	[evaluate.fiber]
Effect4.Machine.driveStep	Effect4.Machine.driveStep	Effect4.Machine.Race	[id,
 host,
 token,
 state,
 settled,
 programs,
 registering,
 nextSite]
Effect4.Machine.driveStep	Effect4.Machine.driveStep	Effect4.Machine.RunEvent	[raceLaunched.race, raceLaunched.entrant]
Effect4.Machine.driveStep	Effect4.Machine.driveStep	Effect4.Machine.Cmd	[evaluate.fiber]
Effect4.Machine.driveStep	Effect4.Machine.driveStep	Effect4.Machine.Cmd	[enrollRace.race, enrollRace.child]
Effect4.Machine.driveStep	Effect4.Machine.driveStep	Effect4.Machine.Cmd	[launch.race]
Effect4.Machine.driveStep	Effect4.Machine.driveStep	Effect4.Machine.Race	[id,
 host,
 token,
 state,
 settled,
 programs,
 registering,
 nextSite]
Effect4.Machine.driveStep	Effect4.Machine.driveStep	Effect4.Supervision.RaceAllState	[unstarted,
 starting,
 live,
 remaining,
 failures,
 winner,
 accepted,
 cleanupNeeded,
 requests,
 cleanup,
 cleanupRequested]
Effect4.Machine.driveStep	Effect4.Machine.driveStep	Effect4.Machine.RunFiber	[id,
 frame,
 running,
 parked,
 pending,
 finalizing,
 exit,
 currentOpCount,
 maxOpsBeforeYield,
 preventYield,
 yieldOverride,
 observers,
 children,
 dispatcher,
 context]
Effect4.Machine.driveStep	Effect4.Machine.driveStep	Effect4.Machine.Race	[id,
 host,
 token,
 state,
 settled,
 programs,
 registering,
 nextSite]
Effect4.Machine.driveStep	Effect4.Machine.driveStep	Effect4.Machine.RunFiber	[id,
 frame,
 running,
 parked,
 pending,
 finalizing,
 exit,
 currentOpCount,
 maxOpsBeforeYield,
 preventYield,
 yieldOverride,
 observers,
 children,
 dispatcher,
 context]
Effect4.Machine.driveStep	Effect4.Machine.driveStep	Effect4.Machine.RunFiber	[id,
 frame,
 running,
 parked,
 pending,
 finalizing,
 exit,
 currentOpCount,
 maxOpsBeforeYield,
 preventYield,
 yieldOverride,
 observers,
 children,
 dispatcher,
 context]
Effect4.Machine.driveStep	Effect4.Machine.driveStep	Effect4.Machine.Pending	[token,
 waitingOn,
 remaining,
 collected,
 resumeWith,
 failFast]
Effect4.Machine.driveStep	Effect4.Machine.driveStep	Effect4.Machine.RunEvent	[parkedOn.fiber, parkedOn.token]
Effect4.Machine.driveStep	Effect4.Machine.driveStep	Effect4.Machine.RunEvent	[interruptRecorded.interruptor,
 interruptRecorded.target]
Effect4.Machine.driveStep	Effect4.Machine.driveStep	Effect4.Machine.Cmd	[evaluate.fiber]
Effect4.Machine.driveStep	Effect4.Machine.driveStep	Effect4.Machine.RunFiber	[id,
 frame,
 running,
 parked,
 pending,
 finalizing,
 exit,
 currentOpCount,
 maxOpsBeforeYield,
 preventYield,
 yieldOverride,
 observers,
 children,
 dispatcher,
 context]
Effect4.Machine.driveStep	Effect4.Machine.driveStep	Effect4.Machine.Cmd	[afterInterrupt.host,
 afterInterrupt.yielding,
 afterInterrupt.kind]
Effect4.Machine.driveStep	Effect4.Machine.driveStep	Effect4.Machine.Cmd	[afterInterrupt.host,
 afterInterrupt.yielding,
 afterInterrupt.kind]
Effect4.Machine.driveStep	Effect4.Machine.driveStep	Effect4.Machine.Cmd	[interruptTarget.target,
 interruptTarget.who,
 interruptTarget.extra]
Effect4.Machine.driveStep	Effect4.Machine.driveStep	Effect4.Machine.Cmd	[raceCancel.race,
 raceCancel.host,
 raceCancel.yielding,
 raceCancel.remaining,
 raceCancel.visited]
Effect4.Machine.driveStep	Effect4.Machine.driveStep	Effect4.Machine.Cmd	[raceCancel.race,
 raceCancel.host,
 raceCancel.yielding,
 raceCancel.remaining,
 raceCancel.visited]
Effect4.Machine.driveStep	Effect4.Machine.driveStep	Effect4.Machine.RunFiber	[id,
 frame,
 running,
 parked,
 pending,
 finalizing,
 exit,
 currentOpCount,
 maxOpsBeforeYield,
 preventYield,
 yieldOverride,
 observers,
 children,
 dispatcher,
 context]
Effect4.Machine.driveStep	Effect4.Machine.driveStep	Effect4.Machine.RunFiber	[id,
 frame,
 running,
 parked,
 pending,
 finalizing,
 exit,
 currentOpCount,
 maxOpsBeforeYield,
 preventYield,
 yieldOverride,
 observers,
 children,
 dispatcher,
 context]
Effect4.Machine.driveStep	Effect4.Machine.driveStep	Effect4.Machine.RunFiber	[id,
 frame,
 running,
 parked,
 pending,
 finalizing,
 exit,
 currentOpCount,
 maxOpsBeforeYield,
 preventYield,
 yieldOverride,
 observers,
 children,
 dispatcher,
 context]
Effect4.Machine.driveStep	Effect4.Machine.driveStep	Effect4.Machine.RunFiber	[id,
 frame,
 running,
 parked,
 pending,
 finalizing,
 exit,
 currentOpCount,
 maxOpsBeforeYield,
 preventYield,
 yieldOverride,
 observers,
 children,
 dispatcher,
 context]
Effect4.Machine.driveStep	Effect4.Machine.drainOwed._f	Effect4.Machine.Cmd	[resume.fiber, resume.token, resume.answer]
Effect4.Machine.driveStep	Effect4.Machine.drainOwed._f	Effect4.Machine.Task	[resume.target, resume.token, resume.answer]
Effect4.Machine.driveStep	Effect4.Machine.RunMachine.postTask	Effect4.Machine.RunFiber	[id,
 frame,
 running,
 parked,
 pending,
 finalizing,
 exit,
 currentOpCount,
 maxOpsBeforeYield,
 preventYield,
 yieldOverride,
 observers,
 children,
 dispatcher,
 context]
Effect4.Machine.driveStep	Effect4.Machine.RunMachine.postTask	Effect4.Machine.RunEvent	[scheduledTask.owner,
 scheduledTask.priority,
 scheduledTask.task]
Effect4.Machine.driveStep	Effect4.Machine.exitFiber.exitStore	Effect4.Machine.RunEvent	[exited.fiber, exited.exit]
Effect4.Machine.driveStep	Effect4.Machine.exitFiber.exitStore	Effect4.Machine.Cmd	[observe.fiber,
 observe.exit,
 observe.observer]
Effect4.Machine.driveStep	Effect4.Machine.exitFiber.exitStore	Effect4.Machine.Cmd	[exitDone.fiber]
Effect4.Machine.driveStep	Effect4.Machine.RunFiber.cleared	Effect4.Machine.RunFiber	[id,
 frame,
 running,
 parked,
 pending,
 finalizing,
 exit,
 currentOpCount,
 maxOpsBeforeYield,
 preventYield,
 yieldOverride,
 observers,
 children,
 dispatcher,
 context]
Effect4.Machine.driveStep	Effect4.Machine.RunFiber.publish	Effect4.Machine.RunFiber	[id,
 frame,
 running,
 parked,
 pending,
 finalizing,
 exit,
 currentOpCount,
 maxOpsBeforeYield,
 preventYield,
 yieldOverride,
 observers,
 children,
 dispatcher,
 context]
Effect4.Machine.driveStep	Effect4.Machine.exitFiber.exitInterruptChildren	Effect4.Machine.RunFiber	[id,
 frame,
 running,
 parked,
 pending,
 finalizing,
 exit,
 currentOpCount,
 maxOpsBeforeYield,
 preventYield,
 yieldOverride,
 observers,
 children,
 dispatcher,
 context]
Effect4.Machine.driveStep	Effect4.Machine.exitFiber.exitInterruptChildren	Effect4.Machine.RunEvent	[childrenInterrupted.parent,
 childrenInterrupted.children]
Effect4.Machine.driveStep	Effect4.Machine.exitFiber.exitInterruptChildren	Effect4.Machine.Cmd	[evaluate.fiber]
Effect4.Machine.driveStep	Effect4.Machine.linkScope	Effect4.Machine.RunEvent	[scopeClosedOnLink.scope,
 scopeClosedOnLink.fiber]
Effect4.Machine.driveStep	Effect4.Machine.linkScope	Effect4.Machine.RunEvent	[interruptRecorded.interruptor,
 interruptRecorded.target]
Effect4.Machine.driveStep	Effect4.Machine.linkScope	Effect4.Machine.Cmd	[evaluate.fiber]
Effect4.Machine.driveStep	Effect4.Machine.linkScope	Effect4.Machine.RunFiber	[id,
 frame,
 running,
 parked,
 pending,
 finalizing,
 exit,
 currentOpCount,
 maxOpsBeforeYield,
 preventYield,
 yieldOverride,
 observers,
 children,
 dispatcher,
 context]
Effect4.Machine.driveStep	Effect4.Machine.linkScope	Effect4.Machine.RunEvent	[scopeLinked.mode,
 scopeLinked.scope,
 scopeLinked.key,
 scopeLinked.fiber]
Effect4.Machine.driveStep	Effect4.Machine.interruptRecord	Effect4.Machine.RunFiber	[id,
 frame,
 running,
 parked,
 pending,
 finalizing,
 exit,
 currentOpCount,
 maxOpsBeforeYield,
 preventYield,
 yieldOverride,
 observers,
 children,
 dispatcher,
 context]
Effect4.Machine.driveStep	Effect4.Machine.interruptRecord	Effect4.Machine.RunFiber	[id,
 frame,
 running,
 parked,
 pending,
 finalizing,
 exit,
 currentOpCount,
 maxOpsBeforeYield,
 preventYield,
 yieldOverride,
 observers,
 children,
 dispatcher,
 context]
Effect4.Machine.driveStep	Effect4.Machine.interruptRecord	Effect4.Machine.RunFiber	[id,
 frame,
 running,
 parked,
 pending,
 finalizing,
 exit,
 currentOpCount,
 maxOpsBeforeYield,
 preventYield,
 yieldOverride,
 observers,
 children,
 dispatcher,
 context]
Effect4.Machine.driveStep	Effect4.Machine.RunFiber.park	Effect4.Machine.RunFiber	[id,
 frame,
 running,
 parked,
 pending,
 finalizing,
 exit,
 currentOpCount,
 maxOpsBeforeYield,
 preventYield,
 yieldOverride,
 observers,
 children,
 dispatcher,
 context]
Effect4.Machine.driveStep	Effect4.Machine.fireObserver	Effect4.Machine.RunEvent	[observerFired.fiber,
 observerFired.observer]
Effect4.Machine.driveStep	Effect4.Machine.fireObserver	Effect4.Machine.Cmd	[resume.fiber, resume.token, resume.answer]
Effect4.Machine.driveStep	Effect4.Machine.fireObserver	Effect4.Machine.RunFiber	[id,
 frame,
 running,
 parked,
 pending,
 finalizing,
 exit,
 currentOpCount,
 maxOpsBeforeYield,
 preventYield,
 yieldOverride,
 observers,
 children,
 dispatcher,
 context]
Effect4.Machine.driveStep	Effect4.Machine.fireObserver	Effect4.Machine.RunFiber	[id,
 frame,
 running,
 parked,
 pending,
 finalizing,
 exit,
 currentOpCount,
 maxOpsBeforeYield,
 preventYield,
 yieldOverride,
 observers,
 children,
 dispatcher,
 context]
Effect4.Machine.driveStep	Effect4.Machine.fireObserver	Effect4.Machine.Pending	[token,
 waitingOn,
 remaining,
 collected,
 resumeWith,
 failFast]
Effect4.Machine.driveStep	Effect4.Machine.fireObserver	Effect4.Machine.Cmd	[resume.fiber, resume.token, resume.answer]
Effect4.Machine.driveStep	Effect4.Machine.fireObserver	Effect4.Machine.RunFiber	[id,
 frame,
 running,
 parked,
 pending,
 finalizing,
 exit,
 currentOpCount,
 maxOpsBeforeYield,
 preventYield,
 yieldOverride,
 observers,
 children,
 dispatcher,
 context]
Effect4.Machine.driveStep	Effect4.Machine.fireObserver	Effect4.Machine.RunFiber	[id,
 frame,
 running,
 parked,
 pending,
 finalizing,
 exit,
 currentOpCount,
 maxOpsBeforeYield,
 preventYield,
 yieldOverride,
 observers,
 children,
 dispatcher,
 context]
Effect4.Machine.driveStep	Effect4.Machine.fireObserver	Effect4.Machine.Pending	[token,
 waitingOn,
 remaining,
 collected,
 resumeWith,
 failFast]
Effect4.Machine.driveStep	Effect4.Machine.fireObserver	Effect4.Machine.Race	[id,
 host,
 token,
 state,
 settled,
 programs,
 registering,
 nextSite]
Effect4.Machine.driveStep	Effect4.Machine.fireObserver	Effect4.Machine.Race	[id,
 host,
 token,
 state,
 settled,
 programs,
 registering,
 nextSite]
Effect4.Machine.driveStep	Effect4.Machine.fireObserver	Effect4.Machine.RunEvent	[raceSettled.race, raceSettled.exit]
Effect4.Machine.driveStep	Effect4.Machine.fireObserver	Effect4.Machine.Cmd	[resume.fiber, resume.token, resume.answer]
Effect4.Machine.driveStep	Effect4.Machine.fireObserver	Effect4.Machine.RunEvent	[callback.key, callback.exit]
Effect4.Machine.driveStep	Effect4.Supervision.raceComplete	Effect4.Supervision.RaceAllState	[unstarted,
 starting,
 live,
 remaining,
 failures,
 winner,
 accepted,
 cleanupNeeded,
 requests,
 cleanup,
 cleanupRequested]
Effect4.Machine.driveStep	Effect4.Supervision.raceComplete	Effect4.Supervision.WaitState	[targets, published, result]
Effect4.Machine.driveStep	Effect4.Supervision.raceComplete	Effect4.Supervision.RaceAllState	[unstarted,
 starting,
 live,
 remaining,
 failures,
 winner,
 accepted,
 cleanupNeeded,
 requests,
 cleanup,
 cleanupRequested]
Effect4.Machine.driveStep	Effect4.Supervision.raceComplete	Effect4.Supervision.RaceAllState	[unstarted,
 starting,
 live,
 remaining,
 failures,
 winner,
 accepted,
 cleanupNeeded,
 requests,
 cleanup,
 cleanupRequested]
Effect4.Machine.driveStep	Effect4.Supervision.raceComplete	Effect4.Supervision.RaceAllState	[unstarted,
 starting,
 live,
 remaining,
 failures,
 winner,
 accepted,
 cleanupNeeded,
 requests,
 cleanup,
 cleanupRequested]
Effect4.Machine.driveStep	Effect4.Machine.interruptEach	Effect4.Machine.RunEvent	[interruptRecorded.interruptor,
 interruptRecorded.target]
Effect4.Machine.driveStep	Effect4.Machine.interruptEach	Effect4.Machine.Cmd	[evaluate.fiber]
Effect4.Machine.driveStep	Effect4.Machine.spawn	Effect4.Machine.RunEvent	[forked.parent, forked.child, forked.daemon]
Effect4.Machine.driveStep	Effect4.Machine.RunFiber.make	Effect4.Machine.RunFiber	[id,
 frame,
 running,
 parked,
 pending,
 finalizing,
 exit,
 currentOpCount,
 maxOpsBeforeYield,
 preventYield,
 yieldOverride,
 observers,
 children,
 dispatcher,
 context]
Effect4.Machine.driveStep	Effect4.Machine.injectYield	Effect4.Machine.RunFiber	[id,
 frame,
 running,
 parked,
 pending,
 finalizing,
 exit,
 currentOpCount,
 maxOpsBeforeYield,
 preventYield,
 yieldOverride,
 observers,
 children,
 dispatcher,
 context]
Effect4.Machine.driveStep	Effect4.Machine.injectYield	Effect4.Machine.RunEvent	[yieldInjected.fiber, yieldInjected.atOp]
Effect4.Machine.driveStep	Effect4.Machine.runloopTop	Effect4.Machine.RunFiber	[id,
 frame,
 running,
 parked,
 pending,
 finalizing,
 exit,
 currentOpCount,
 maxOpsBeforeYield,
 preventYield,
 yieldOverride,
 observers,
 children,
 dispatcher,
 context]
Effect4.Machine.driveStep	Effect4.Machine.countOp	Effect4.Machine.RunFiber	[id,
 frame,
 running,
 parked,
 pending,
 finalizing,
 exit,
 currentOpCount,
 maxOpsBeforeYield,
 preventYield,
 yieldOverride,
 observers,
 children,
 dispatcher,
 context]
Effect4.Machine.driveStep	Effect4.Machine.settle	Effect4.Machine.Cmd	[loop.fiber, loop.yielding]
Effect4.Machine.driveStep	Effect4.Machine.settle	Effect4.Machine.Cmd	[deliver.fiber, deliver.yielding]
Effect4.Machine.driveStep	Effect4.Machine.settle	Effect4.Machine.RunFiber	[id,
 frame,
 running,
 parked,
 pending,
 finalizing,
 exit,
 currentOpCount,
 maxOpsBeforeYield,
 preventYield,
 yieldOverride,
 observers,
 children,
 dispatcher,
 context]
Effect4.Machine.driveStep	Effect4.Machine.settle	Effect4.Machine.Cmd	[loop.fiber, loop.yielding]
Effect4.Machine.driveStep	Effect4.Machine.settle	Effect4.Machine.RunFiber	[id,
 frame,
 running,
 parked,
 pending,
 finalizing,
 exit,
 currentOpCount,
 maxOpsBeforeYield,
 preventYield,
 yieldOverride,
 observers,
 children,
 dispatcher,
 context]
Effect4.Machine.driveStep	Effect4.Machine.settle	Effect4.Machine.Cmd	[finish.fiber, finish.exit]
Effect4.Machine.driveStep	Effect4.Machine.settle	Effect4.Machine.RunFiber	[id,
 frame,
 running,
 parked,
 pending,
 finalizing,
 exit,
 currentOpCount,
 maxOpsBeforeYield,
 preventYield,
 yieldOverride,
 observers,
 children,
 dispatcher,
 context]
# Effect4.Machine.driveStep: 378 definitions, 86 write sites
info: Test/Audit/PositionCensus.lean:20:0: step	holder	owner	fields
Effect4.Program.Sched.evaluateR	Effect4.Program.Sched.answerR	Effect4.Machine.RunFiber	[id,
 frame,
 running,
 parked,
 pending,
 finalizing,
 exit,
 currentOpCount,
 maxOpsBeforeYield,
 preventYield,
 yieldOverride,
 observers,
 children,
 dispatcher,
 context]
Effect4.Program.Sched.evaluateR	Effect4.Program.Sched.answerR	Effect4.Program.Sched.RSaved	[current,
 stack,
 interruptible,
 interruptedCause,
 deferredInterrupt]
Effect4.Program.Sched.evaluateR	Effect4.Machine.syncOpStep	Effect4.Machine.Stores	[refs,
 deferreds,
 scopes,
 memo,
 timers,
 nextName,
 externals]
Effect4.Program.Sched.evaluateR	Effect4.Machine.syncOpStep	Effect4.Machine.Stores	[refs,
 deferreds,
 scopes,
 memo,
 timers,
 nextName,
 externals]
Effect4.Program.Sched.evaluateR	Effect4.Machine.syncOpStep	Effect4.Machine.Completion	[ofExit.exit]
Effect4.Program.Sched.evaluateR	Effect4.Machine.syncOpStep	Effect4.Machine.Stores	[refs,
 deferreds,
 scopes,
 memo,
 timers,
 nextName,
 externals]
Effect4.Program.Sched.evaluateR	Effect4.Machine.syncOpStep	Effect4.Machine.Stores	[refs,
 deferreds,
 scopes,
 memo,
 timers,
 nextName,
 externals]
Effect4.Program.Sched.evaluateR	Effect4.Machine.syncOpStep	Effect4.Machine.Stores	[refs,
 deferreds,
 scopes,
 memo,
 timers,
 nextName,
 externals]
Effect4.Program.Sched.evaluateR	Effect4.Machine.syncOpStep	Effect4.Machine.Stores	[refs,
 deferreds,
 scopes,
 memo,
 timers,
 nextName,
 externals]
Effect4.Program.Sched.evaluateR	Effect4.Machine.syncOpStep	Effect4.Machine.Stores	[refs,
 deferreds,
 scopes,
 memo,
 timers,
 nextName,
 externals]
Effect4.Program.Sched.evaluateR	Effect4.Machine.syncOpStep	Effect4.Machine.Stores	[refs,
 deferreds,
 scopes,
 memo,
 timers,
 nextName,
 externals]
Effect4.Program.Sched.evaluateR	Effect4.Machine.syncOpStep	Effect4.Machine.Stores	[refs,
 deferreds,
 scopes,
 memo,
 timers,
 nextName,
 externals]
Effect4.Program.Sched.evaluateR	Effect4.Machine.syncOpStep	Effect4.Machine.Stores	[refs,
 deferreds,
 scopes,
 memo,
 timers,
 nextName,
 externals]
Effect4.Program.Sched.evaluateR	Effect4.Machine.syncOpStep	Effect4.Machine.Stores	[refs,
 deferreds,
 scopes,
 memo,
 timers,
 nextName,
 externals]
Effect4.Program.Sched.evaluateR	Effect4.Machine.syncOpStep	Effect4.Machine.Stores	[refs,
 deferreds,
 scopes,
 memo,
 timers,
 nextName,
 externals]
Effect4.Program.Sched.evaluateR	Effect4.Machine.syncOpStep	Effect4.Machine.Completion	[ofExit.exit]
Effect4.Program.Sched.evaluateR	Effect4.Machine.syncOpStep	Effect4.Machine.Stores	[refs,
 deferreds,
 scopes,
 memo,
 timers,
 nextName,
 externals]
Effect4.Program.Sched.evaluateR	Effect4.Machine.syncOpStep	Effect4.Machine.Stores	[refs,
 deferreds,
 scopes,
 memo,
 timers,
 nextName,
 externals]
Effect4.Program.Sched.evaluateR	Effect4.Machine.syncOpStep	Effect4.Machine.Stores	[refs,
 deferreds,
 scopes,
 memo,
 timers,
 nextName,
 externals]
Effect4.Program.Sched.evaluateR	Effect4.Machine.syncOpStep	Effect4.Machine.Stores	[refs,
 deferreds,
 scopes,
 memo,
 timers,
 nextName,
 externals]
Effect4.Program.Sched.evaluateR	Effect4.Scope.fork	Effect4.ScopeState	[closed.exit]
Effect4.Program.Sched.evaluateR	Effect4.Program.Sched.evaluateFiberR	Effect4.Machine.Stores	[refs,
 deferreds,
 scopes,
 memo,
 timers,
 nextName,
 externals]
Effect4.Program.Sched.evaluateR	Effect4.Program.Sched.evaluateFiberR	Effect4.Machine.RunFiber	[id,
 frame,
 running,
 parked,
 pending,
 finalizing,
 exit,
 currentOpCount,
 maxOpsBeforeYield,
 preventYield,
 yieldOverride,
 observers,
 children,
 dispatcher,
 context]
Effect4.Program.Sched.evaluateR	Effect4.Program.Sched.evaluateFiberR	Effect4.Program.Sched.ScopeFrame	[iter.generator]
Effect4.Program.Sched.evaluateR	Effect4.Program.Sched.evaluateFiberR	Effect4.Program.Sched.ScopeFrame	[loop.loop,
 loop.cursor]
Effect4.Program.Sched.evaluateR	Effect4.Program.Sched.evaluateFiberR	Effect4.Program.Sched.ScopeFrame	[asyncFinalizer.name]
Effect4.Program.Sched.evaluateR	Effect4.Program.Sched.evaluateFiberR	Effect4.Machine.Pending	[token,
 waitingOn,
 remaining,
 collected,
 resumeWith,
 failFast]
Effect4.Program.Sched.evaluateR	Effect4.Program.Sched.evaluateFiberR	Effect4.Machine.RunEvent	[parkedOn.fiber,
 parkedOn.token]
Effect4.Program.Sched.evaluateR	Effect4.Program.Sched.evaluateFiberR	Effect4.Program.Sched.ScopeFrame	[restoreMask.flag]
Effect4.Program.Sched.evaluateR	Effect4.Program.Sched.evaluateFiberR	Effect4.Program.Sched.RSaved	[current,
 stack,
 interruptible,
 interruptedCause,
 deferredInterrupt]
Effect4.Program.Sched.evaluateR	Effect4.Program.Sched.evaluateFiberR	Effect4.Machine.RunFiber	[id,
 frame,
 running,
 parked,
 pending,
 finalizing,
 exit,
 currentOpCount,
 maxOpsBeforeYield,
 preventYield,
 yieldOverride,
 observers,
 children,
 dispatcher,
 context]
Effect4.Program.Sched.evaluateR	Effect4.Program.Sched.evaluateFiberR	Effect4.Program.Sched.ScopeFrame	[iter.generator]
Effect4.Program.Sched.evaluateR	Effect4.Machine.Env.entriesOf._f	Effect4.Machine.Env.Service	[key, value]
Effect4.Program.Sched.evaluateR	Effect4.Machine.FiberAction.closePar	Effect4.Machine.Cmd	[evaluate.fiber]
Effect4.Program.Sched.evaluateR	Effect4.Machine.FiberAction.closePar	Effect4.Machine.Cmd	[closeParAwait.host,
 closeParAwait.yielding,
 closeParAwait.fibers]
Effect4.Program.Sched.evaluateR	Effect4.Machine.spawn	Effect4.Machine.RunEvent	[forked.parent,
 forked.child,
 forked.daemon]
Effect4.Program.Sched.evaluateR	Effect4.Machine.RunFiber.make	Effect4.Machine.RunFiber	[id,
 frame,
 running,
 parked,
 pending,
 finalizing,
 exit,
 currentOpCount,
 maxOpsBeforeYield,
 preventYield,
 yieldOverride,
 observers,
 children,
 dispatcher,
 context]
Effect4.Program.Sched.evaluateR	Effect4.Machine.FiberAction.ambientScope	Effect4.Machine.RunFiber	[id,
 frame,
 running,
 parked,
 pending,
 finalizing,
 exit,
 currentOpCount,
 maxOpsBeforeYield,
 preventYield,
 yieldOverride,
 observers,
 children,
 dispatcher,
 context]
Effect4.Program.Sched.evaluateR	Effect4.Machine.FiberAction.cancelRace	Effect4.Machine.Cmd	[raceCancel.race,
 raceCancel.host,
 raceCancel.yielding,
 raceCancel.remaining,
 raceCancel.visited]
Effect4.Program.Sched.evaluateR	Effect4.Machine.FiberAction.dropObservers	Effect4.Machine.RunFiber	[id,
 frame,
 running,
 parked,
 pending,
 finalizing,
 exit,
 currentOpCount,
 maxOpsBeforeYield,
 preventYield,
 yieldOverride,
 observers,
 children,
 dispatcher,
 context]
Effect4.Program.Sched.evaluateR	Effect4.Machine.FiberAction.refuse	Effect4.Machine.RunFiber	[id,
 frame,
 running,
 parked,
 pending,
 finalizing,
 exit,
 currentOpCount,
 maxOpsBeforeYield,
 preventYield,
 yieldOverride,
 observers,
 children,
 dispatcher,
 context]
Effect4.Program.Sched.evaluateR	Effect4.Machine.FiberAction.closeScope	Effect4.Machine.RunFiber	[id,
 frame,
 running,
 parked,
 pending,
 finalizing,
 exit,
 currentOpCount,
 maxOpsBeforeYield,
 preventYield,
 yieldOverride,
 observers,
 children,
 dispatcher,
 context]
Effect4.Program.Sched.evaluateR	Effect4.Machine.FiberAction.setContext	Effect4.Machine.RunFiber	[id,
 frame,
 running,
 parked,
 pending,
 finalizing,
 exit,
 currentOpCount,
 maxOpsBeforeYield,
 preventYield,
 yieldOverride,
 observers,
 children,
 dispatcher,
 context]
Effect4.Program.Sched.evaluateR	Effect4.Machine.FiberAction.setContext	Effect4.Machine.RunEvent	[contextSet.fiber,
 contextSet.context]
Effect4.Program.Sched.evaluateR	Effect4.Machine.registerRace	Effect4.Machine.Race	[id,
 host,
 token,
 state,
 settled,
 programs,
 registering,
 nextSite]
Effect4.Program.Sched.evaluateR	Effect4.Machine.registerRace	Effect4.Machine.Cmd	[launch.race]
Effect4.Program.Sched.evaluateR	Effect4.Machine.registerRace	Effect4.Machine.Cmd	[registrationDone.race,
 registrationDone.yielding]
Effect4.Program.Sched.evaluateR	Effect4.Machine.beginRace	Effect4.Machine.Race	[id,
 host,
 token,
 state,
 settled,
 programs,
 registering,
 nextSite]
Effect4.Program.Sched.evaluateR	Effect4.Machine.beginRace	Effect4.Supervision.RaceAllState	[unstarted,
 starting,
 live,
 remaining,
 failures,
 winner,
 accepted,
 cleanupNeeded,
 requests,
 cleanup,
 cleanupRequested]
Effect4.Program.Sched.evaluateR	Effect4.Machine.beginRace	Effect4.Machine.RunFiber	[id,
 frame,
 running,
 parked,
 pending,
 finalizing,
 exit,
 currentOpCount,
 maxOpsBeforeYield,
 preventYield,
 yieldOverride,
 observers,
 children,
 dispatcher,
 context]
Effect4.Program.Sched.evaluateR	Effect4.Machine.beginRace	Effect4.Machine.RunEvent	[raceStarted.race,
 raceStarted.host,
 raceStarted.entrants]
Effect4.Program.Sched.evaluateR	Effect4.Supervision.RaceAllState.initial	Effect4.Supervision.RaceAllState	[unstarted,
 starting,
 live,
 remaining,
 failures,
 winner,
 accepted,
 cleanupNeeded,
 requests,
 cleanup,
 cleanupRequested]
Effect4.Program.Sched.evaluateR	Effect4.Machine.countdownPark	Effect4.Machine.RunFiber	[id,
 frame,
 running,
 parked,
 pending,
 finalizing,
 exit,
 currentOpCount,
 maxOpsBeforeYield,
 preventYield,
 yieldOverride,
 observers,
 children,
 dispatcher,
 context]
Effect4.Program.Sched.evaluateR	Effect4.Machine.countdownPark	Effect4.Machine.RunFiber	[id,
 frame,
 running,
 parked,
 pending,
 finalizing,
 exit,
 currentOpCount,
 maxOpsBeforeYield,
 preventYield,
 yieldOverride,
 observers,
 children,
 dispatcher,
 context]
Effect4.Program.Sched.evaluateR	Effect4.Machine.countdownPark	Effect4.Machine.RunFiber	[id,
 frame,
 running,
 parked,
 pending,
 finalizing,
 exit,
 currentOpCount,
 maxOpsBeforeYield,
 preventYield,
 yieldOverride,
 observers,
 children,
 dispatcher,
 context]
Effect4.Program.Sched.evaluateR	Effect4.Machine.countdownPark	Effect4.Machine.Pending	[token,
 waitingOn,
 remaining,
 collected,
 resumeWith,
 failFast]
Effect4.Program.Sched.evaluateR	Effect4.Machine.countdownPark	Effect4.Machine.RunEvent	[parkedOn.fiber, parkedOn.token]
Effect4.Program.Sched.evaluateR	Effect4.Machine.RunFiber.park	Effect4.Machine.RunFiber	[id,
 frame,
 running,
 parked,
 pending,
 finalizing,
 exit,
 currentOpCount,
 maxOpsBeforeYield,
 preventYield,
 yieldOverride,
 observers,
 children,
 dispatcher,
 context]
Effect4.Program.Sched.evaluateR	Effect4.Machine.FiberAction.interruptAll	Effect4.Machine.Cmd	[interruptTarget.target,
 interruptTarget.who,
 interruptTarget.extra]
Effect4.Program.Sched.evaluateR	Effect4.Machine.FiberAction.interruptAll	Effect4.Machine.Cmd	[afterInterrupt.host,
 afterInterrupt.yielding,
 afterInterrupt.kind]
Effect4.Program.Sched.evaluateR	Effect4.Machine.FiberAction.coreAnswer	Effect4.Machine.RunFiber	[id,
 frame,
 running,
 parked,
 pending,
 finalizing,
 exit,
 currentOpCount,
 maxOpsBeforeYield,
 preventYield,
 yieldOverride,
 observers,
 children,
 dispatcher,
 context]
Effect4.Program.Sched.evaluateR	Effect4.Machine.FiberAction.interruptScoped	Effect4.Machine.RunFiber	[id,
 frame,
 running,
 parked,
 pending,
 finalizing,
 exit,
 currentOpCount,
 maxOpsBeforeYield,
 preventYield,
 yieldOverride,
 observers,
 children,
 dispatcher,
 context]
Effect4.Program.Sched.evaluateR	Effect4.Machine.FiberAction.interruptAs	Effect4.Machine.RunEvent	[interruptRecorded.interruptor,
 interruptRecorded.target]
Effect4.Program.Sched.evaluateR	Effect4.Machine.FiberAction.interruptAs	Effect4.Machine.Cmd	[evaluate.fiber]
Effect4.Program.Sched.evaluateR	Effect4.Machine.FiberAction.interruptAs	Effect4.Machine.Cmd	[afterInterrupt.host,
 afterInterrupt.yielding,
 afterInterrupt.kind]
Effect4.Program.Sched.evaluateR	Effect4.Machine.interruptRecord	Effect4.Machine.RunFiber	[id,
 frame,
 running,
 parked,
 pending,
 finalizing,
 exit,
 currentOpCount,
 maxOpsBeforeYield,
 preventYield,
 yieldOverride,
 observers,
 children,
 dispatcher,
 context]
Effect4.Program.Sched.evaluateR	Effect4.Machine.interruptRecord	Effect4.Machine.RunFiber	[id,
 frame,
 running,
 parked,
 pending,
 finalizing,
 exit,
 currentOpCount,
 maxOpsBeforeYield,
 preventYield,
 yieldOverride,
 observers,
 children,
 dispatcher,
 context]
Effect4.Program.Sched.evaluateR	Effect4.Machine.interruptRecord	Effect4.Machine.RunFiber	[id,
 frame,
 running,
 parked,
 pending,
 finalizing,
 exit,
 currentOpCount,
 maxOpsBeforeYield,
 preventYield,
 yieldOverride,
 observers,
 children,
 dispatcher,
 context]
Effect4.Program.Sched.evaluateR	Effect4.Machine.FiberAction.interrupt	Effect4.Machine.RunFiber	[id,
 frame,
 running,
 parked,
 pending,
 finalizing,
 exit,
 currentOpCount,
 maxOpsBeforeYield,
 preventYield,
 yieldOverride,
 observers,
 children,
 dispatcher,
 context]
Effect4.Program.Sched.evaluateR	Effect4.Machine.linkScope	Effect4.Machine.RunEvent	[scopeClosedOnLink.scope,
 scopeClosedOnLink.fiber]
Effect4.Program.Sched.evaluateR	Effect4.Machine.linkScope	Effect4.Machine.RunEvent	[interruptRecorded.interruptor,
 interruptRecorded.target]
Effect4.Program.Sched.evaluateR	Effect4.Machine.linkScope	Effect4.Machine.Cmd	[evaluate.fiber]
Effect4.Program.Sched.evaluateR	Effect4.Machine.linkScope	Effect4.Machine.RunFiber	[id,
 frame,
 running,
 parked,
 pending,
 finalizing,
 exit,
 currentOpCount,
 maxOpsBeforeYield,
 preventYield,
 yieldOverride,
 observers,
 children,
 dispatcher,
 context]
Effect4.Program.Sched.evaluateR	Effect4.Machine.linkScope	Effect4.Machine.RunEvent	[scopeLinked.mode,
 scopeLinked.scope,
 scopeLinked.key,
 scopeLinked.fiber]
Effect4.Program.Sched.evaluateR	Effect4.Machine.FiberAction.forkScoped	Effect4.Machine.Cmd	[link.mode,
 link.scope,
 link.target,
 link.interruptor,
 link.extra]
Effect4.Program.Sched.evaluateR	Effect4.Machine.FiberAction.forkScoped	Effect4.Machine.RunFiber	[id,
 frame,
 running,
 parked,
 pending,
 finalizing,
 exit,
 currentOpCount,
 maxOpsBeforeYield,
 preventYield,
 yieldOverride,
 observers,
 children,
 dispatcher,
 context]
Effect4.Program.Sched.evaluateR	Effect4.Machine.start	Effect4.Machine.Cmd	[evaluate.fiber]
Effect4.Program.Sched.evaluateR	Effect4.Machine.start	Effect4.Machine.RunFiber	[id,
 frame,
 running,
 parked,
 pending,
 finalizing,
 exit,
 currentOpCount,
 maxOpsBeforeYield,
 preventYield,
 yieldOverride,
 observers,
 children,
 dispatcher,
 context]
Effect4.Program.Sched.evaluateR	Effect4.Machine.start	Effect4.Machine.Task	[start.child]
Effect4.Program.Sched.evaluateR	Effect4.Machine.start	Effect4.Machine.RunEvent	[scheduledTask.owner,
 scheduledTask.priority,
 scheduledTask.task]
Effect4.Program.Sched.evaluateR	Effect4.Machine.start	Effect4.Machine.Task	[start.child]
Effect4.Program.Sched.evaluateR	Effect4.Machine.FiberAction.forkIn	Effect4.Machine.Cmd	[link.mode,
 link.scope,
 link.target,
 link.interruptor,
 link.extra]
Effect4.Program.Sched.evaluateR	Effect4.Machine.FiberAction.fork	Effect4.Machine.Cmd	[trackChild.parent,
 trackChild.child]
Effect4.Program.Sched.evaluateR	Effect4.Machine.FiberAction.join	Effect4.Machine.RunFiber	[id,
 frame,
 running,
 parked,
 pending,
 finalizing,
 exit,
 currentOpCount,
 maxOpsBeforeYield,
 preventYield,
 yieldOverride,
 observers,
 children,
 dispatcher,
 context]
Effect4.Program.Sched.evaluateR	Effect4.Machine.FiberAction.join	Effect4.Machine.RunFiber	[id,
 frame,
 running,
 parked,
 pending,
 finalizing,
 exit,
 currentOpCount,
 maxOpsBeforeYield,
 preventYield,
 yieldOverride,
 observers,
 children,
 dispatcher,
 context]
Effect4.Program.Sched.evaluateR	Effect4.Machine.FiberAction.join	Effect4.Machine.RunFiber	[id,
 frame,
 running,
 parked,
 pending,
 finalizing,
 exit,
 currentOpCount,
 maxOpsBeforeYield,
 preventYield,
 yieldOverride,
 observers,
 children,
 dispatcher,
 context]
Effect4.Program.Sched.evaluateR	Effect4.Machine.FiberAction.join	Effect4.Machine.Pending	[token,
 waitingOn,
 remaining,
 collected,
 resumeWith,
 failFast]
Effect4.Program.Sched.evaluateR	Effect4.Machine.FiberAction.join	Effect4.Machine.RunEvent	[parkedOn.fiber,
 parkedOn.token]
Effect4.Program.Sched.evaluateR	Effect4.Program.Sched.termCore	Effect4.Program.Sched.RSaved	[current,
 stack,
 interruptible,
 interruptedCause,
 deferredInterrupt]
Effect4.Program.Sched.evaluateR	Effect4.Program.Sched.termCore	Effect4.Program.Sched.RSaved	[current,
 stack,
 interruptible,
 interruptedCause,
 deferredInterrupt]
Effect4.Program.Sched.evaluateR	Effect4.Program.Sched.termCore	Effect4.Program.Sched.RSaved	[current,
 stack,
 interruptible,
 interruptedCause,
 deferredInterrupt]
Effect4.Program.Sched.evaluateR	Effect4.Program.Sched.termCore	Effect4.Program.Sched.RSaved	[current,
 stack,
 interruptible,
 interruptedCause,
 deferredInterrupt]
Effect4.Program.Sched.evaluateR	Effect4.Program.Sched.termCore	Effect4.Program.Sched.RSaved	[current,
 stack,
 interruptible,
 interruptedCause,
 deferredInterrupt]
Effect4.Program.Sched.evaluateR	Effect4.Program.Sched.termCore	Effect4.Program.Sched.RSaved	[current,
 stack,
 interruptible,
 interruptedCause,
 deferredInterrupt]
Effect4.Program.Sched.evaluateR	Effect4.Program.Sched.termCore	Effect4.Program.Sched.ScopeFrame	[asyncFinalizer.name]
Effect4.Program.Sched.evaluateR	Effect4.Program.Sched.termCore	Effect4.Program.Sched.RSaved	[current,
 stack,
 interruptible,
 interruptedCause,
 deferredInterrupt]
Effect4.Program.Sched.evaluateR	Effect4.Program.Sched.termCore	Effect4.Program.Sched.ScopeFrame	[iter.generator]
Effect4.Program.Sched.evaluateR	Effect4.Program.Sched.termCore	Effect4.Program.Sched.RSaved	[current,
 stack,
 interruptible,
 interruptedCause,
 deferredInterrupt]
Effect4.Program.Sched.evaluateR	Effect4.Machine.FiberAction.yieldNow	Effect4.Machine.RunFiber	[id,
 frame,
 running,
 parked,
 pending,
 finalizing,
 exit,
 currentOpCount,
 maxOpsBeforeYield,
 preventYield,
 yieldOverride,
 observers,
 children,
 dispatcher,
 context]
Effect4.Program.Sched.evaluateR	Effect4.Machine.FiberAction.yieldNow	Effect4.Machine.Task	[resume.target,
 resume.token,
 resume.answer]
Effect4.Program.Sched.evaluateR	Effect4.Machine.FiberAction.yieldNow	Effect4.Machine.Pending	[token,
 waitingOn,
 remaining,
 collected,
 resumeWith,
 failFast]
Effect4.Program.Sched.evaluateR	Effect4.Machine.FiberAction.yieldNow	Effect4.Machine.RunEvent	[parkedOn.fiber,
 parkedOn.token]
Effect4.Program.Sched.evaluateR	Effect4.Program.Sched.pushR	Effect4.Machine.RunFiber	[id,
 frame,
 running,
 parked,
 pending,
 finalizing,
 exit,
 currentOpCount,
 maxOpsBeforeYield,
 preventYield,
 yieldOverride,
 observers,
 children,
 dispatcher,
 context]
Effect4.Program.Sched.evaluateR	Effect4.Program.Sched.pushR	Effect4.Program.Sched.RSaved	[current,
 stack,
 interruptible,
 interruptedCause,
 deferredInterrupt]
Effect4.Program.Sched.evaluateR	Effect4.Program.Sched.deliverR	Effect4.Machine.RunFiber	[id,
 frame,
 running,
 parked,
 pending,
 finalizing,
 exit,
 currentOpCount,
 maxOpsBeforeYield,
 preventYield,
 yieldOverride,
 observers,
 children,
 dispatcher,
 context]
Effect4.Program.Sched.evaluateR	Effect4.Program.Sched.deliverR	Effect4.Program.Sched.RSaved	[current,
 stack,
 interruptible,
 interruptedCause,
 deferredInterrupt]
Effect4.Program.Sched.evaluateR	Effect4.Program.Sched.deliverR	Effect4.Program.Sched.RSaved	[current,
 stack,
 interruptible,
 interruptedCause,
 deferredInterrupt]
Effect4.Program.Sched.evaluateR	Effect4.Program.Sched.deliverR	Effect4.Machine.RunFiber	[id,
 frame,
 running,
 parked,
 pending,
 finalizing,
 exit,
 currentOpCount,
 maxOpsBeforeYield,
 preventYield,
 yieldOverride,
 observers,
 children,
 dispatcher,
 context]
Effect4.Program.Sched.evaluateR	Effect4.Program.Sched.popR._f	Effect4.Program.Sched.RSaved	[current,
 stack,
 interruptible,
 interruptedCause,
 deferredInterrupt]
Effect4.Program.Sched.evaluateR	Effect4.Program.Sched.popR._f	Effect4.Program.Sched.RSaved	[current,
 stack,
 interruptible,
 interruptedCause,
 deferredInterrupt]
Effect4.Program.Sched.evaluateR	Effect4.Program.Sched.popR._f	Effect4.Program.Sched.RSaved	[current,
 stack,
 interruptible,
 interruptedCause,
 deferredInterrupt]
Effect4.Program.Sched.evaluateR	Effect4.Program.Sched.popR._f	Effect4.Program.Sched.RSaved	[current,
 stack,
 interruptible,
 interruptedCause,
 deferredInterrupt]
Effect4.Program.Sched.evaluateR	Effect4.Program.Sched.popR._f	Effect4.Program.Sched.RSaved	[current,
 stack,
 interruptible,
 interruptedCause,
 deferredInterrupt]
Effect4.Program.Sched.evaluateR	Effect4.Program.Sched.popR._f	Effect4.Program.Sched.RSaved	[current,
 stack,
 interruptible,
 interruptedCause,
 deferredInterrupt]
Effect4.Program.Sched.evaluateR	Effect4.Program.Sched.popR._f	Effect4.Program.Sched.RSaved	[current,
 stack,
 interruptible,
 interruptedCause,
 deferredInterrupt]
Effect4.Program.Sched.evaluateR	Effect4.Program.Sched.popR._f	Effect4.Program.Sched.RSaved	[current,
 stack,
 interruptible,
 interruptedCause,
 deferredInterrupt]
Effect4.Program.Sched.evaluateR	Effect4.Program.Sched.popR._f	Effect4.Program.Sched.ScopeFrame	[finalizerMask.flag]
Effect4.Program.Sched.evaluateR	Effect4.Program.Sched.popR._f	Effect4.Program.Sched.RSaved	[current,
 stack,
 interruptible,
 interruptedCause,
 deferredInterrupt]
Effect4.Program.Sched.evaluateR	Effect4.Program.Sched.popR._f	Effect4.Program.Sched.RSaved	[current,
 stack,
 interruptible,
 interruptedCause,
 deferredInterrupt]
Effect4.Program.Sched.evaluateR	Effect4.Program.Sched.popR._f	Effect4.Program.Sched.ScopeFrame	[restoreMask.flag]
Effect4.Program.Sched.evaluateR	Effect4.Program.Sched.popR._f	Effect4.Program.Sched.RSaved	[current,
 stack,
 interruptible,
 interruptedCause,
 deferredInterrupt]
Effect4.Program.Sched.evaluateR	Effect4.Program.Sched.popR._f	Effect4.Program.Sched.RSaved	[current,
 stack,
 interruptible,
 interruptedCause,
 deferredInterrupt]
Effect4.Program.Sched.evaluateR	Effect4.Program.Sched.popR._f	Effect4.Program.Sched.RSaved	[current,
 stack,
 interruptible,
 interruptedCause,
 deferredInterrupt]
Effect4.Program.Sched.evaluateR	Effect4.Program.Sched.popR._f	Effect4.Program.Sched.RSaved	[current,
 stack,
 interruptible,
 interruptedCause,
 deferredInterrupt]
Effect4.Program.Sched.evaluateR	Effect4.Program.Sched.popR._f	Effect4.Program.Sched.RSaved	[current,
 stack,
 interruptible,
 interruptedCause,
 deferredInterrupt]
Effect4.Program.Sched.evaluateR	Effect4.Program.Sched.popR._f	Effect4.Program.Sched.ScopeFrame	[iter.generator]
Effect4.Program.Sched.evaluateR	Effect4.Program.Sched.popR._f	Effect4.Program.Sched.RSaved	[current,
 stack,
 interruptible,
 interruptedCause,
 deferredInterrupt]
Effect4.Program.Sched.evaluateR	Effect4.Program.Sched.popR._f	Effect4.Program.Sched.ScopeFrame	[loop.loop, loop.cursor]
Effect4.Program.Sched.evaluateR	Effect4.Program.Sched.popR._f	Effect4.Program.Sched.RSaved	[current,
 stack,
 interruptible,
 interruptedCause,
 deferredInterrupt]
Effect4.Program.Sched.evaluateR	Effect4.Program.Sched.saveR	Effect4.Program.Sched.ScopeFrame	[resume.kind, resume.next]
Effect4.Program.Sched.evaluateR	Effect4.Program.Sched.saveAnswerR	Effect4.Program.Sched.ScopeFrame	[answer.next]
Effect4.Program.Sched.evaluateR	Effect4.Program.Point.capture	Effect4.Machine.Capture	[path, env, fuel, tape, ctx, root]
Effect4.Program.Sched.evaluateR	Effect4.Machine.Env.Context.setEntries._f	Effect4.Machine.Env.Service	[key, value]
Effect4.Program.Sched.evaluateR	Effect4.Machine.Env.Context.setEntries._f	Effect4.Machine.Env.Service	[key, value]
Effect4.Program.Sched.evaluateR	Effect4.Program.Sched.prepareScopedExitR	Effect4.Machine.RunFiber	[id,
 frame,
 running,
 parked,
 pending,
 finalizing,
 exit,
 currentOpCount,
 maxOpsBeforeYield,
 preventYield,
 yieldOverride,
 observers,
 children,
 dispatcher,
 context]
Effect4.Program.Sched.evaluateR	Effect4.Machine.scopeCloseSnapshot	Effect4.Machine.Stores	[refs,
 deferreds,
 scopes,
 memo,
 timers,
 nextName,
 externals]
Effect4.Program.Sched.evaluateR	Effect4.Scope.closeState	Effect4.ScopeState	[closed.exit]
# Effect4.Program.Sched.evaluateR: 1283 definitions, 137 write sites
info: Test/Audit/PositionCensus.lean:21:0: step	holder	owner	fields
Effect4.Program.Sched.popR	Effect4.Program.Sched.popR._f	Effect4.Program.Sched.RSaved	[current,
 stack,
 interruptible,
 interruptedCause,
 deferredInterrupt]
Effect4.Program.Sched.popR	Effect4.Program.Sched.popR._f	Effect4.Program.Sched.RSaved	[current,
 stack,
 interruptible,
 interruptedCause,
 deferredInterrupt]
Effect4.Program.Sched.popR	Effect4.Program.Sched.popR._f	Effect4.Program.Sched.RSaved	[current,
 stack,
 interruptible,
 interruptedCause,
 deferredInterrupt]
Effect4.Program.Sched.popR	Effect4.Program.Sched.popR._f	Effect4.Program.Sched.RSaved	[current,
 stack,
 interruptible,
 interruptedCause,
 deferredInterrupt]
Effect4.Program.Sched.popR	Effect4.Program.Sched.popR._f	Effect4.Program.Sched.RSaved	[current,
 stack,
 interruptible,
 interruptedCause,
 deferredInterrupt]
Effect4.Program.Sched.popR	Effect4.Program.Sched.popR._f	Effect4.Program.Sched.RSaved	[current,
 stack,
 interruptible,
 interruptedCause,
 deferredInterrupt]
Effect4.Program.Sched.popR	Effect4.Program.Sched.popR._f	Effect4.Program.Sched.RSaved	[current,
 stack,
 interruptible,
 interruptedCause,
 deferredInterrupt]
Effect4.Program.Sched.popR	Effect4.Program.Sched.popR._f	Effect4.Program.Sched.RSaved	[current,
 stack,
 interruptible,
 interruptedCause,
 deferredInterrupt]
Effect4.Program.Sched.popR	Effect4.Program.Sched.popR._f	Effect4.Program.Sched.ScopeFrame	[finalizerMask.flag]
Effect4.Program.Sched.popR	Effect4.Program.Sched.popR._f	Effect4.Program.Sched.RSaved	[current,
 stack,
 interruptible,
 interruptedCause,
 deferredInterrupt]
Effect4.Program.Sched.popR	Effect4.Program.Sched.popR._f	Effect4.Program.Sched.RSaved	[current,
 stack,
 interruptible,
 interruptedCause,
 deferredInterrupt]
Effect4.Program.Sched.popR	Effect4.Program.Sched.popR._f	Effect4.Program.Sched.ScopeFrame	[restoreMask.flag]
Effect4.Program.Sched.popR	Effect4.Program.Sched.popR._f	Effect4.Program.Sched.RSaved	[current,
 stack,
 interruptible,
 interruptedCause,
 deferredInterrupt]
Effect4.Program.Sched.popR	Effect4.Program.Sched.popR._f	Effect4.Program.Sched.RSaved	[current,
 stack,
 interruptible,
 interruptedCause,
 deferredInterrupt]
Effect4.Program.Sched.popR	Effect4.Program.Sched.popR._f	Effect4.Program.Sched.RSaved	[current,
 stack,
 interruptible,
 interruptedCause,
 deferredInterrupt]
Effect4.Program.Sched.popR	Effect4.Program.Sched.popR._f	Effect4.Program.Sched.RSaved	[current,
 stack,
 interruptible,
 interruptedCause,
 deferredInterrupt]
Effect4.Program.Sched.popR	Effect4.Program.Sched.popR._f	Effect4.Program.Sched.RSaved	[current,
 stack,
 interruptible,
 interruptedCause,
 deferredInterrupt]
Effect4.Program.Sched.popR	Effect4.Program.Sched.popR._f	Effect4.Program.Sched.ScopeFrame	[iter.generator]
Effect4.Program.Sched.popR	Effect4.Program.Sched.popR._f	Effect4.Program.Sched.RSaved	[current,
 stack,
 interruptible,
 interruptedCause,
 deferredInterrupt]
Effect4.Program.Sched.popR	Effect4.Program.Sched.popR._f	Effect4.Program.Sched.ScopeFrame	[loop.loop, loop.cursor]
Effect4.Program.Sched.popR	Effect4.Program.Sched.popR._f	Effect4.Program.Sched.RSaved	[current,
 stack,
 interruptible,
 interruptedCause,
 deferredInterrupt]
# Effect4.Program.Sched.popR: 290 definitions, 21 write sites
info: Test/Audit/PositionCensus.lean:22:0: step	holder	owner	fields
Effect4.Machine.fireObserver	Effect4.Machine.fireObserver	Effect4.Machine.RunEvent	[observerFired.fiber,
 observerFired.observer]
Effect4.Machine.fireObserver	Effect4.Machine.fireObserver	Effect4.Machine.Cmd	[resume.fiber,
 resume.token,
 resume.answer]
Effect4.Machine.fireObserver	Effect4.Machine.fireObserver	Effect4.Machine.RunFiber	[id,
 frame,
 running,
 parked,
 pending,
 finalizing,
 exit,
 currentOpCount,
 maxOpsBeforeYield,
 preventYield,
 yieldOverride,
 observers,
 children,
 dispatcher,
 context]
Effect4.Machine.fireObserver	Effect4.Machine.fireObserver	Effect4.Machine.RunFiber	[id,
 frame,
 running,
 parked,
 pending,
 finalizing,
 exit,
 currentOpCount,
 maxOpsBeforeYield,
 preventYield,
 yieldOverride,
 observers,
 children,
 dispatcher,
 context]
Effect4.Machine.fireObserver	Effect4.Machine.fireObserver	Effect4.Machine.Pending	[token,
 waitingOn,
 remaining,
 collected,
 resumeWith,
 failFast]
Effect4.Machine.fireObserver	Effect4.Machine.fireObserver	Effect4.Machine.Cmd	[resume.fiber,
 resume.token,
 resume.answer]
Effect4.Machine.fireObserver	Effect4.Machine.fireObserver	Effect4.Machine.RunFiber	[id,
 frame,
 running,
 parked,
 pending,
 finalizing,
 exit,
 currentOpCount,
 maxOpsBeforeYield,
 preventYield,
 yieldOverride,
 observers,
 children,
 dispatcher,
 context]
Effect4.Machine.fireObserver	Effect4.Machine.fireObserver	Effect4.Machine.RunFiber	[id,
 frame,
 running,
 parked,
 pending,
 finalizing,
 exit,
 currentOpCount,
 maxOpsBeforeYield,
 preventYield,
 yieldOverride,
 observers,
 children,
 dispatcher,
 context]
Effect4.Machine.fireObserver	Effect4.Machine.fireObserver	Effect4.Machine.Pending	[token,
 waitingOn,
 remaining,
 collected,
 resumeWith,
 failFast]
Effect4.Machine.fireObserver	Effect4.Machine.fireObserver	Effect4.Machine.Race	[id,
 host,
 token,
 state,
 settled,
 programs,
 registering,
 nextSite]
Effect4.Machine.fireObserver	Effect4.Machine.fireObserver	Effect4.Machine.Race	[id,
 host,
 token,
 state,
 settled,
 programs,
 registering,
 nextSite]
Effect4.Machine.fireObserver	Effect4.Machine.fireObserver	Effect4.Machine.RunEvent	[raceSettled.race, raceSettled.exit]
Effect4.Machine.fireObserver	Effect4.Machine.fireObserver	Effect4.Machine.Cmd	[resume.fiber,
 resume.token,
 resume.answer]
Effect4.Machine.fireObserver	Effect4.Machine.fireObserver	Effect4.Machine.RunEvent	[callback.key, callback.exit]
Effect4.Machine.fireObserver	Effect4.Supervision.raceComplete	Effect4.Supervision.RaceAllState	[unstarted,
 starting,
 live,
 remaining,
 failures,
 winner,
 accepted,
 cleanupNeeded,
 requests,
 cleanup,
 cleanupRequested]
Effect4.Machine.fireObserver	Effect4.Supervision.raceComplete	Effect4.Supervision.WaitState	[targets, published, result]
Effect4.Machine.fireObserver	Effect4.Supervision.raceComplete	Effect4.Supervision.RaceAllState	[unstarted,
 starting,
 live,
 remaining,
 failures,
 winner,
 accepted,
 cleanupNeeded,
 requests,
 cleanup,
 cleanupRequested]
Effect4.Machine.fireObserver	Effect4.Supervision.raceComplete	Effect4.Supervision.RaceAllState	[unstarted,
 starting,
 live,
 remaining,
 failures,
 winner,
 accepted,
 cleanupNeeded,
 requests,
 cleanup,
 cleanupRequested]
Effect4.Machine.fireObserver	Effect4.Supervision.raceComplete	Effect4.Supervision.RaceAllState	[unstarted,
 starting,
 live,
 remaining,
 failures,
 winner,
 accepted,
 cleanupNeeded,
 requests,
 cleanup,
 cleanupRequested]
Effect4.Machine.fireObserver	Effect4.Machine.interruptEach	Effect4.Machine.RunEvent	[interruptRecorded.interruptor,
 interruptRecorded.target]
Effect4.Machine.fireObserver	Effect4.Machine.interruptEach	Effect4.Machine.Cmd	[evaluate.fiber]
Effect4.Machine.fireObserver	Effect4.Machine.interruptRecord	Effect4.Machine.RunFiber	[id,
 frame,
 running,
 parked,
 pending,
 finalizing,
 exit,
 currentOpCount,
 maxOpsBeforeYield,
 preventYield,
 yieldOverride,
 observers,
 children,
 dispatcher,
 context]
Effect4.Machine.fireObserver	Effect4.Machine.interruptRecord	Effect4.Machine.RunFiber	[id,
 frame,
 running,
 parked,
 pending,
 finalizing,
 exit,
 currentOpCount,
 maxOpsBeforeYield,
 preventYield,
 yieldOverride,
 observers,
 children,
 dispatcher,
 context]
Effect4.Machine.fireObserver	Effect4.Machine.interruptRecord	Effect4.Machine.RunFiber	[id,
 frame,
 running,
 parked,
 pending,
 finalizing,
 exit,
 currentOpCount,
 maxOpsBeforeYield,
 preventYield,
 yieldOverride,
 observers,
 children,
 dispatcher,
 context]
# Effect4.Machine.fireObserver: 210 definitions, 24 write sites
info: Test/Audit/PositionCensus.lean:23:0: step	holder	owner	fields
Effect4.Machine.exitFiber	Effect4.Machine.exitFiber.exitStore	Effect4.Machine.RunEvent	[exited.fiber, exited.exit]
Effect4.Machine.exitFiber	Effect4.Machine.exitFiber.exitStore	Effect4.Machine.Cmd	[observe.fiber,
 observe.exit,
 observe.observer]
Effect4.Machine.exitFiber	Effect4.Machine.exitFiber.exitStore	Effect4.Machine.Cmd	[exitDone.fiber]
Effect4.Machine.exitFiber	Effect4.Machine.RunFiber.cleared	Effect4.Machine.RunFiber	[id,
 frame,
 running,
 parked,
 pending,
 finalizing,
 exit,
 currentOpCount,
 maxOpsBeforeYield,
 preventYield,
 yieldOverride,
 observers,
 children,
 dispatcher,
 context]
Effect4.Machine.exitFiber	Effect4.Machine.RunFiber.publish	Effect4.Machine.RunFiber	[id,
 frame,
 running,
 parked,
 pending,
 finalizing,
 exit,
 currentOpCount,
 maxOpsBeforeYield,
 preventYield,
 yieldOverride,
 observers,
 children,
 dispatcher,
 context]
Effect4.Machine.exitFiber	Effect4.Machine.exitFiber.exitInterruptChildren	Effect4.Machine.RunFiber	[id,
 frame,
 running,
 parked,
 pending,
 finalizing,
 exit,
 currentOpCount,
 maxOpsBeforeYield,
 preventYield,
 yieldOverride,
 observers,
 children,
 dispatcher,
 context]
Effect4.Machine.exitFiber	Effect4.Machine.exitFiber.exitInterruptChildren	Effect4.Machine.RunEvent	[childrenInterrupted.parent,
 childrenInterrupted.children]
Effect4.Machine.exitFiber	Effect4.Machine.exitFiber.exitInterruptChildren	Effect4.Machine.Cmd	[evaluate.fiber]
# Effect4.Machine.exitFiber: 72 definitions, 8 write sites
info: Test/Audit/PositionCensus.lean:24:0: step	holder	owner	fields
Effect4.Machine.stepDecisionState	Effect4.Machine.stepDecisionState	Effect4.Machine.Cmd	[evaluate.fiber]
Effect4.Machine.stepDecisionState	Effect4.Machine.stepDecisionState	Effect4.Machine.RunFiber	[id,
 frame,
 running,
 parked,
 pending,
 finalizing,
 exit,
 currentOpCount,
 maxOpsBeforeYield,
 preventYield,
 yieldOverride,
 observers,
 children,
 dispatcher,
 context]
Effect4.Machine.stepDecisionState	Effect4.Machine.stepDecisionState	Effect4.Machine.Cmd	[resume.fiber,
 resume.token,
 resume.answer]
Effect4.Machine.stepDecisionState	Effect4.Machine.stepDecisionState	Effect4.Machine.RunEvent	[interruptRecorded.interruptor,
 interruptRecorded.target]
Effect4.Machine.stepDecisionState	Effect4.Machine.stepDecisionState	Effect4.Machine.RunEvent	[interruptDeferred.target]
Effect4.Machine.stepDecisionState	Effect4.Machine.stepDecisionState	Effect4.Machine.Cmd	[evaluate.fiber]
Effect4.Machine.stepDecisionState	Effect4.Machine.fireState	Effect4.Machine.RunFiber	[id,
 frame,
 running,
 parked,
 pending,
 finalizing,
 exit,
 currentOpCount,
 maxOpsBeforeYield,
 preventYield,
 yieldOverride,
 observers,
 children,
 dispatcher,
 context]
Effect4.Machine.stepDecisionState	Effect4.Machine.fireStep	Effect4.Machine.RunEvent	[ranTask.owner, ranTask.task]
Effect4.Machine.stepDecisionState	Effect4.Machine.taskCmds	Effect4.Machine.Cmd	[evaluate.fiber]
Effect4.Machine.stepDecisionState	Effect4.Machine.taskCmds	Effect4.Machine.Cmd	[resume.fiber,
 resume.token,
 resume.answer]
Effect4.Machine.stepDecisionState	Effect4.Machine.taskCmds	Effect4.Machine.Cmd	[wake.list, wake.phase]
Effect4.Machine.stepDecisionState	Effect4.Machine.driveStep	Effect4.Machine.RunFiber	[id,
 frame,
 running,
 parked,
 pending,
 finalizing,
 exit,
 currentOpCount,
 maxOpsBeforeYield,
 preventYield,
 yieldOverride,
 observers,
 children,
 dispatcher,
 context]
Effect4.Machine.stepDecisionState	Effect4.Machine.driveStep	Effect4.Machine.RunEvent	[started.fiber]
Effect4.Machine.stepDecisionState	Effect4.Machine.driveStep	Effect4.Machine.Cmd	[loop.fiber, loop.yielding]
Effect4.Machine.stepDecisionState	Effect4.Machine.driveStep	Effect4.Machine.RunFiber	[id,
 frame,
 running,
 parked,
 pending,
 finalizing,
 exit,
 currentOpCount,
 maxOpsBeforeYield,
 preventYield,
 yieldOverride,
 observers,
 children,
 dispatcher,
 context]
Effect4.Machine.stepDecisionState	Effect4.Machine.driveStep	Effect4.Machine.RunEvent	[resumedWith.fiber,
 resumedWith.token,
 resumedWith.answer]
Effect4.Machine.stepDecisionState	Effect4.Machine.driveStep	Effect4.Machine.Cmd	[evaluate.fiber]
Effect4.Machine.stepDecisionState	Effect4.Machine.driveStep	Effect4.Machine.Race	[id,
 host,
 token,
 state,
 settled,
 programs,
 registering,
 nextSite]
Effect4.Machine.stepDecisionState	Effect4.Machine.driveStep	Effect4.Machine.RunEvent	[raceLaunched.race,
 raceLaunched.entrant]
Effect4.Machine.stepDecisionState	Effect4.Machine.driveStep	Effect4.Machine.Cmd	[evaluate.fiber]
Effect4.Machine.stepDecisionState	Effect4.Machine.driveStep	Effect4.Machine.Cmd	[enrollRace.race, enrollRace.child]
Effect4.Machine.stepDecisionState	Effect4.Machine.driveStep	Effect4.Machine.Cmd	[launch.race]
Effect4.Machine.stepDecisionState	Effect4.Machine.driveStep	Effect4.Machine.Race	[id,
 host,
 token,
 state,
 settled,
 programs,
 registering,
 nextSite]
Effect4.Machine.stepDecisionState	Effect4.Machine.driveStep	Effect4.Supervision.RaceAllState	[unstarted,
 starting,
 live,
 remaining,
 failures,
 winner,
 accepted,
 cleanupNeeded,
 requests,
 cleanup,
 cleanupRequested]
Effect4.Machine.stepDecisionState	Effect4.Machine.driveStep	Effect4.Machine.RunFiber	[id,
 frame,
 running,
 parked,
 pending,
 finalizing,
 exit,
 currentOpCount,
 maxOpsBeforeYield,
 preventYield,
 yieldOverride,
 observers,
 children,
 dispatcher,
 context]
Effect4.Machine.stepDecisionState	Effect4.Machine.driveStep	Effect4.Machine.Race	[id,
 host,
 token,
 state,
 settled,
 programs,
 registering,
 nextSite]
Effect4.Machine.stepDecisionState	Effect4.Machine.driveStep	Effect4.Machine.RunFiber	[id,
 frame,
 running,
 parked,
 pending,
 finalizing,
 exit,
 currentOpCount,
 maxOpsBeforeYield,
 preventYield,
 yieldOverride,
 observers,
 children,
 dispatcher,
 context]
Effect4.Machine.stepDecisionState	Effect4.Machine.driveStep	Effect4.Machine.RunFiber	[id,
 frame,
 running,
 parked,
 pending,
 finalizing,
 exit,
 currentOpCount,
 maxOpsBeforeYield,
 preventYield,
 yieldOverride,
 observers,
 children,
 dispatcher,
 context]
Effect4.Machine.stepDecisionState	Effect4.Machine.driveStep	Effect4.Machine.Pending	[token,
 waitingOn,
 remaining,
 collected,
 resumeWith,
 failFast]
Effect4.Machine.stepDecisionState	Effect4.Machine.driveStep	Effect4.Machine.RunEvent	[parkedOn.fiber, parkedOn.token]
Effect4.Machine.stepDecisionState	Effect4.Machine.driveStep	Effect4.Machine.RunEvent	[interruptRecorded.interruptor,
 interruptRecorded.target]
Effect4.Machine.stepDecisionState	Effect4.Machine.driveStep	Effect4.Machine.Cmd	[evaluate.fiber]
Effect4.Machine.stepDecisionState	Effect4.Machine.driveStep	Effect4.Machine.RunFiber	[id,
 frame,
 running,
 parked,
 pending,
 finalizing,
 exit,
 currentOpCount,
 maxOpsBeforeYield,
 preventYield,
 yieldOverride,
 observers,
 children,
 dispatcher,
 context]
Effect4.Machine.stepDecisionState	Effect4.Machine.driveStep	Effect4.Machine.Cmd	[afterInterrupt.host,
 afterInterrupt.yielding,
 afterInterrupt.kind]
Effect4.Machine.stepDecisionState	Effect4.Machine.driveStep	Effect4.Machine.Cmd	[afterInterrupt.host,
 afterInterrupt.yielding,
 afterInterrupt.kind]
Effect4.Machine.stepDecisionState	Effect4.Machine.driveStep	Effect4.Machine.Cmd	[interruptTarget.target,
 interruptTarget.who,
 interruptTarget.extra]
Effect4.Machine.stepDecisionState	Effect4.Machine.driveStep	Effect4.Machine.Cmd	[raceCancel.race,
 raceCancel.host,
 raceCancel.yielding,
 raceCancel.remaining,
 raceCancel.visited]
Effect4.Machine.stepDecisionState	Effect4.Machine.driveStep	Effect4.Machine.Cmd	[raceCancel.race,
 raceCancel.host,
 raceCancel.yielding,
 raceCancel.remaining,
 raceCancel.visited]
Effect4.Machine.stepDecisionState	Effect4.Machine.driveStep	Effect4.Machine.RunFiber	[id,
 frame,
 running,
 parked,
 pending,
 finalizing,
 exit,
 currentOpCount,
 maxOpsBeforeYield,
 preventYield,
 yieldOverride,
 observers,
 children,
 dispatcher,
 context]
Effect4.Machine.stepDecisionState	Effect4.Machine.driveStep	Effect4.Machine.RunFiber	[id,
 frame,
 running,
 parked,
 pending,
 finalizing,
 exit,
 currentOpCount,
 maxOpsBeforeYield,
 preventYield,
 yieldOverride,
 observers,
 children,
 dispatcher,
 context]
Effect4.Machine.stepDecisionState	Effect4.Machine.driveStep	Effect4.Machine.RunFiber	[id,
 frame,
 running,
 parked,
 pending,
 finalizing,
 exit,
 currentOpCount,
 maxOpsBeforeYield,
 preventYield,
 yieldOverride,
 observers,
 children,
 dispatcher,
 context]
Effect4.Machine.stepDecisionState	Effect4.Machine.driveStep	Effect4.Machine.RunFiber	[id,
 frame,
 running,
 parked,
 pending,
 finalizing,
 exit,
 currentOpCount,
 maxOpsBeforeYield,
 preventYield,
 yieldOverride,
 observers,
 children,
 dispatcher,
 context]
Effect4.Machine.stepDecisionState	Effect4.Machine.drainOwed._f	Effect4.Machine.Cmd	[resume.fiber,
 resume.token,
 resume.answer]
Effect4.Machine.stepDecisionState	Effect4.Machine.drainOwed._f	Effect4.Machine.Task	[resume.target,
 resume.token,
 resume.answer]
Effect4.Machine.stepDecisionState	Effect4.Machine.RunMachine.postTask	Effect4.Machine.RunFiber	[id,
 frame,
 running,
 parked,
 pending,
 finalizing,
 exit,
 currentOpCount,
 maxOpsBeforeYield,
 preventYield,
 yieldOverride,
 observers,
 children,
 dispatcher,
 context]
Effect4.Machine.stepDecisionState	Effect4.Machine.RunMachine.postTask	Effect4.Machine.RunEvent	[scheduledTask.owner,
 scheduledTask.priority,
 scheduledTask.task]
Effect4.Machine.stepDecisionState	Effect4.Machine.exitFiber.exitStore	Effect4.Machine.RunEvent	[exited.fiber,
 exited.exit]
Effect4.Machine.stepDecisionState	Effect4.Machine.exitFiber.exitStore	Effect4.Machine.Cmd	[observe.fiber,
 observe.exit,
 observe.observer]
Effect4.Machine.stepDecisionState	Effect4.Machine.exitFiber.exitStore	Effect4.Machine.Cmd	[exitDone.fiber]
Effect4.Machine.stepDecisionState	Effect4.Machine.RunFiber.cleared	Effect4.Machine.RunFiber	[id,
 frame,
 running,
 parked,
 pending,
 finalizing,
 exit,
 currentOpCount,
 maxOpsBeforeYield,
 preventYield,
 yieldOverride,
 observers,
 children,
 dispatcher,
 context]
Effect4.Machine.stepDecisionState	Effect4.Machine.RunFiber.publish	Effect4.Machine.RunFiber	[id,
 frame,
 running,
 parked,
 pending,
 finalizing,
 exit,
 currentOpCount,
 maxOpsBeforeYield,
 preventYield,
 yieldOverride,
 observers,
 children,
 dispatcher,
 context]
Effect4.Machine.stepDecisionState	Effect4.Machine.exitFiber.exitInterruptChildren	Effect4.Machine.RunFiber	[id,
 frame,
 running,
 parked,
 pending,
 finalizing,
 exit,
 currentOpCount,
 maxOpsBeforeYield,
 preventYield,
 yieldOverride,
 observers,
 children,
 dispatcher,
 context]
Effect4.Machine.stepDecisionState	Effect4.Machine.exitFiber.exitInterruptChildren	Effect4.Machine.RunEvent	[childrenInterrupted.parent,
 childrenInterrupted.children]
Effect4.Machine.stepDecisionState	Effect4.Machine.exitFiber.exitInterruptChildren	Effect4.Machine.Cmd	[evaluate.fiber]
Effect4.Machine.stepDecisionState	Effect4.Machine.linkScope	Effect4.Machine.RunEvent	[scopeClosedOnLink.scope,
 scopeClosedOnLink.fiber]
Effect4.Machine.stepDecisionState	Effect4.Machine.linkScope	Effect4.Machine.RunEvent	[interruptRecorded.interruptor,
 interruptRecorded.target]
Effect4.Machine.stepDecisionState	Effect4.Machine.linkScope	Effect4.Machine.Cmd	[evaluate.fiber]
Effect4.Machine.stepDecisionState	Effect4.Machine.linkScope	Effect4.Machine.RunFiber	[id,
 frame,
 running,
 parked,
 pending,
 finalizing,
 exit,
 currentOpCount,
 maxOpsBeforeYield,
 preventYield,
 yieldOverride,
 observers,
 children,
 dispatcher,
 context]
Effect4.Machine.stepDecisionState	Effect4.Machine.linkScope	Effect4.Machine.RunEvent	[scopeLinked.mode,
 scopeLinked.scope,
 scopeLinked.key,
 scopeLinked.fiber]
Effect4.Machine.stepDecisionState	Effect4.Machine.interruptRecord	Effect4.Machine.RunFiber	[id,
 frame,
 running,
 parked,
 pending,
 finalizing,
 exit,
 currentOpCount,
 maxOpsBeforeYield,
 preventYield,
 yieldOverride,
 observers,
 children,
 dispatcher,
 context]
Effect4.Machine.stepDecisionState	Effect4.Machine.interruptRecord	Effect4.Machine.RunFiber	[id,
 frame,
 running,
 parked,
 pending,
 finalizing,
 exit,
 currentOpCount,
 maxOpsBeforeYield,
 preventYield,
 yieldOverride,
 observers,
 children,
 dispatcher,
 context]
Effect4.Machine.stepDecisionState	Effect4.Machine.interruptRecord	Effect4.Machine.RunFiber	[id,
 frame,
 running,
 parked,
 pending,
 finalizing,
 exit,
 currentOpCount,
 maxOpsBeforeYield,
 preventYield,
 yieldOverride,
 observers,
 children,
 dispatcher,
 context]
Effect4.Machine.stepDecisionState	Effect4.Machine.RunFiber.park	Effect4.Machine.RunFiber	[id,
 frame,
 running,
 parked,
 pending,
 finalizing,
 exit,
 currentOpCount,
 maxOpsBeforeYield,
 preventYield,
 yieldOverride,
 observers,
 children,
 dispatcher,
 context]
Effect4.Machine.stepDecisionState	Effect4.Machine.fireObserver	Effect4.Machine.RunEvent	[observerFired.fiber,
 observerFired.observer]
Effect4.Machine.stepDecisionState	Effect4.Machine.fireObserver	Effect4.Machine.Cmd	[resume.fiber,
 resume.token,
 resume.answer]
Effect4.Machine.stepDecisionState	Effect4.Machine.fireObserver	Effect4.Machine.RunFiber	[id,
 frame,
 running,
 parked,
 pending,
 finalizing,
 exit,
 currentOpCount,
 maxOpsBeforeYield,
 preventYield,
 yieldOverride,
 observers,
 children,
 dispatcher,
 context]
Effect4.Machine.stepDecisionState	Effect4.Machine.fireObserver	Effect4.Machine.RunFiber	[id,
 frame,
 running,
 parked,
 pending,
 finalizing,
 exit,
 currentOpCount,
 maxOpsBeforeYield,
 preventYield,
 yieldOverride,
 observers,
 children,
 dispatcher,
 context]
Effect4.Machine.stepDecisionState	Effect4.Machine.fireObserver	Effect4.Machine.Pending	[token,
 waitingOn,
 remaining,
 collected,
 resumeWith,
 failFast]
Effect4.Machine.stepDecisionState	Effect4.Machine.fireObserver	Effect4.Machine.Cmd	[resume.fiber,
 resume.token,
 resume.answer]
Effect4.Machine.stepDecisionState	Effect4.Machine.fireObserver	Effect4.Machine.RunFiber	[id,
 frame,
 running,
 parked,
 pending,
 finalizing,
 exit,
 currentOpCount,
 maxOpsBeforeYield,
 preventYield,
 yieldOverride,
 observers,
 children,
 dispatcher,
 context]
Effect4.Machine.stepDecisionState	Effect4.Machine.fireObserver	Effect4.Machine.RunFiber	[id,
 frame,
 running,
 parked,
 pending,
 finalizing,
 exit,
 currentOpCount,
 maxOpsBeforeYield,
 preventYield,
 yieldOverride,
 observers,
 children,
 dispatcher,
 context]
Effect4.Machine.stepDecisionState	Effect4.Machine.fireObserver	Effect4.Machine.Pending	[token,
 waitingOn,
 remaining,
 collected,
 resumeWith,
 failFast]
Effect4.Machine.stepDecisionState	Effect4.Machine.fireObserver	Effect4.Machine.Race	[id,
 host,
 token,
 state,
 settled,
 programs,
 registering,
 nextSite]
Effect4.Machine.stepDecisionState	Effect4.Machine.fireObserver	Effect4.Machine.Race	[id,
 host,
 token,
 state,
 settled,
 programs,
 registering,
 nextSite]
Effect4.Machine.stepDecisionState	Effect4.Machine.fireObserver	Effect4.Machine.RunEvent	[raceSettled.race,
 raceSettled.exit]
Effect4.Machine.stepDecisionState	Effect4.Machine.fireObserver	Effect4.Machine.Cmd	[resume.fiber,
 resume.token,
 resume.answer]
Effect4.Machine.stepDecisionState	Effect4.Machine.fireObserver	Effect4.Machine.RunEvent	[callback.key, callback.exit]
Effect4.Machine.stepDecisionState	Effect4.Supervision.raceComplete	Effect4.Supervision.RaceAllState	[unstarted,
 starting,
 live,
 remaining,
 failures,
 winner,
 accepted,
 cleanupNeeded,
 requests,
 cleanup,
 cleanupRequested]
Effect4.Machine.stepDecisionState	Effect4.Supervision.raceComplete	Effect4.Supervision.WaitState	[targets,
 published,
 result]
Effect4.Machine.stepDecisionState	Effect4.Supervision.raceComplete	Effect4.Supervision.RaceAllState	[unstarted,
 starting,
 live,
 remaining,
 failures,
 winner,
 accepted,
 cleanupNeeded,
 requests,
 cleanup,
 cleanupRequested]
Effect4.Machine.stepDecisionState	Effect4.Supervision.raceComplete	Effect4.Supervision.RaceAllState	[unstarted,
 starting,
 live,
 remaining,
 failures,
 winner,
 accepted,
 cleanupNeeded,
 requests,
 cleanup,
 cleanupRequested]
Effect4.Machine.stepDecisionState	Effect4.Supervision.raceComplete	Effect4.Supervision.RaceAllState	[unstarted,
 starting,
 live,
 remaining,
 failures,
 winner,
 accepted,
 cleanupNeeded,
 requests,
 cleanup,
 cleanupRequested]
Effect4.Machine.stepDecisionState	Effect4.Machine.interruptEach	Effect4.Machine.RunEvent	[interruptRecorded.interruptor,
 interruptRecorded.target]
Effect4.Machine.stepDecisionState	Effect4.Machine.interruptEach	Effect4.Machine.Cmd	[evaluate.fiber]
Effect4.Machine.stepDecisionState	Effect4.Machine.spawn	Effect4.Machine.RunEvent	[forked.parent,
 forked.child,
 forked.daemon]
Effect4.Machine.stepDecisionState	Effect4.Machine.RunFiber.make	Effect4.Machine.RunFiber	[id,
 frame,
 running,
 parked,
 pending,
 finalizing,
 exit,
 currentOpCount,
 maxOpsBeforeYield,
 preventYield,
 yieldOverride,
 observers,
 children,
 dispatcher,
 context]
Effect4.Machine.stepDecisionState	Effect4.Machine.injectYield	Effect4.Machine.RunFiber	[id,
 frame,
 running,
 parked,
 pending,
 finalizing,
 exit,
 currentOpCount,
 maxOpsBeforeYield,
 preventYield,
 yieldOverride,
 observers,
 children,
 dispatcher,
 context]
Effect4.Machine.stepDecisionState	Effect4.Machine.injectYield	Effect4.Machine.RunEvent	[yieldInjected.fiber,
 yieldInjected.atOp]
Effect4.Machine.stepDecisionState	Effect4.Machine.runloopTop	Effect4.Machine.RunFiber	[id,
 frame,
 running,
 parked,
 pending,
 finalizing,
 exit,
 currentOpCount,
 maxOpsBeforeYield,
 preventYield,
 yieldOverride,
 observers,
 children,
 dispatcher,
 context]
Effect4.Machine.stepDecisionState	Effect4.Machine.countOp	Effect4.Machine.RunFiber	[id,
 frame,
 running,
 parked,
 pending,
 finalizing,
 exit,
 currentOpCount,
 maxOpsBeforeYield,
 preventYield,
 yieldOverride,
 observers,
 children,
 dispatcher,
 context]
Effect4.Machine.stepDecisionState	Effect4.Machine.settle	Effect4.Machine.Cmd	[loop.fiber, loop.yielding]
Effect4.Machine.stepDecisionState	Effect4.Machine.settle	Effect4.Machine.Cmd	[deliver.fiber, deliver.yielding]
Effect4.Machine.stepDecisionState	Effect4.Machine.settle	Effect4.Machine.RunFiber	[id,
 frame,
 running,
 parked,
 pending,
 finalizing,
 exit,
 currentOpCount,
 maxOpsBeforeYield,
 preventYield,
 yieldOverride,
 observers,
 children,
 dispatcher,
 context]
Effect4.Machine.stepDecisionState	Effect4.Machine.settle	Effect4.Machine.Cmd	[loop.fiber, loop.yielding]
Effect4.Machine.stepDecisionState	Effect4.Machine.settle	Effect4.Machine.RunFiber	[id,
 frame,
 running,
 parked,
 pending,
 finalizing,
 exit,
 currentOpCount,
 maxOpsBeforeYield,
 preventYield,
 yieldOverride,
 observers,
 children,
 dispatcher,
 context]
Effect4.Machine.stepDecisionState	Effect4.Machine.settle	Effect4.Machine.Cmd	[finish.fiber, finish.exit]
Effect4.Machine.stepDecisionState	Effect4.Machine.settle	Effect4.Machine.RunFiber	[id,
 frame,
 running,
 parked,
 pending,
 finalizing,
 exit,
 currentOpCount,
 maxOpsBeforeYield,
 preventYield,
 yieldOverride,
 observers,
 children,
 dispatcher,
 context]
# Effect4.Machine.stepDecisionState: 422 definitions, 97 write sites
info: Test/Audit/PositionCensus.lean:26:0: step	holder	owner	field
Effect4.Machine.driveStep	Effect4.Machine.driveStep	Effect4.Machine.Cmd	evaluate.fiber
Effect4.Machine.driveStep	Effect4.Machine.driveStep	Effect4.Machine.Cmd	loop.fiber
Effect4.Machine.driveStep	Effect4.Machine.driveStep	Effect4.Machine.Cmd	loop.yielding
Effect4.Machine.driveStep	Effect4.Machine.driveStep	Effect4.Machine.Cmd	deliver.fiber
Effect4.Machine.driveStep	Effect4.Machine.driveStep	Effect4.Machine.Cmd	deliver.yielding
Effect4.Machine.driveStep	Effect4.Machine.driveStep	Effect4.Machine.Cmd	finish.fiber
Effect4.Machine.driveStep	Effect4.Machine.driveStep	Effect4.Machine.Cmd	finish.exit
Effect4.Machine.driveStep	Effect4.Machine.driveStep	Effect4.Machine.Cmd	resume.fiber
Effect4.Machine.driveStep	Effect4.Machine.driveStep	Effect4.Machine.Cmd	resume.token
Effect4.Machine.driveStep	Effect4.Machine.driveStep	Effect4.Machine.Cmd	resume.answer
Effect4.Machine.driveStep	Effect4.Machine.driveStep	Effect4.Machine.Cmd	launch.race
Effect4.Machine.driveStep	Effect4.Machine.driveStep	Effect4.Machine.Cmd	enrollRace.race
Effect4.Machine.driveStep	Effect4.Machine.driveStep	Effect4.Machine.Cmd	enrollRace.child
Effect4.Machine.driveStep	Effect4.Machine.driveStep	Effect4.Machine.Cmd	registrationDone.race
Effect4.Machine.driveStep	Effect4.Machine.driveStep	Effect4.Machine.Cmd	registrationDone.yielding
Effect4.Machine.driveStep	Effect4.Machine.driveStep	Effect4.Machine.Cmd	interruptTarget.target
Effect4.Machine.driveStep	Effect4.Machine.driveStep	Effect4.Machine.Cmd	interruptTarget.who
Effect4.Machine.driveStep	Effect4.Machine.driveStep	Effect4.Machine.Cmd	interruptTarget.extra
Effect4.Machine.driveStep	Effect4.Machine.driveStep	Effect4.Machine.Cmd	afterInterrupt.host
Effect4.Machine.driveStep	Effect4.Machine.driveStep	Effect4.Machine.Cmd	afterInterrupt.yielding
Effect4.Machine.driveStep	Effect4.Machine.driveStep	Effect4.Machine.Cmd	afterInterrupt.kind
Effect4.Machine.driveStep	Effect4.Machine.driveStep	Effect4.Machine.Cmd	raceCancel.race
Effect4.Machine.driveStep	Effect4.Machine.driveStep	Effect4.Machine.Cmd	raceCancel.host
Effect4.Machine.driveStep	Effect4.Machine.driveStep	Effect4.Machine.Cmd	raceCancel.yielding
Effect4.Machine.driveStep	Effect4.Machine.driveStep	Effect4.Machine.Cmd	raceCancel.remaining
Effect4.Machine.driveStep	Effect4.Machine.driveStep	Effect4.Machine.Cmd	raceCancel.visited
Effect4.Machine.driveStep	Effect4.Machine.driveStep	Effect4.Machine.Cmd	trackChild.parent
Effect4.Machine.driveStep	Effect4.Machine.driveStep	Effect4.Machine.Cmd	trackChild.child
Effect4.Machine.driveStep	Effect4.Machine.driveStep	Effect4.Machine.Cmd	observe.fiber
Effect4.Machine.driveStep	Effect4.Machine.driveStep	Effect4.Machine.Cmd	observe.exit
Effect4.Machine.driveStep	Effect4.Machine.driveStep	Effect4.Machine.Cmd	observe.observer
Effect4.Machine.driveStep	Effect4.Machine.driveStep	Effect4.Machine.Cmd	exitDone.fiber
Effect4.Machine.driveStep	Effect4.Machine.driveStep	Effect4.Machine.Cmd	closeParAwait.host
Effect4.Machine.driveStep	Effect4.Machine.driveStep	Effect4.Machine.Cmd	closeParAwait.yielding
Effect4.Machine.driveStep	Effect4.Machine.driveStep	Effect4.Machine.Cmd	closeParAwait.fibers
Effect4.Machine.driveStep	Effect4.Machine.driveStep	Effect4.Machine.Cmd	link.mode
Effect4.Machine.driveStep	Effect4.Machine.driveStep	Effect4.Machine.Cmd	link.scope
Effect4.Machine.driveStep	Effect4.Machine.driveStep	Effect4.Machine.Cmd	link.target
Effect4.Machine.driveStep	Effect4.Machine.driveStep	Effect4.Machine.Cmd	link.interruptor
Effect4.Machine.driveStep	Effect4.Machine.driveStep	Effect4.Machine.Cmd	link.extra
Effect4.Machine.driveStep	Effect4.Machine.driveStep	Effect4.Machine.Cmd	wake.list
Effect4.Machine.driveStep	Effect4.Machine.driveStep	Effect4.Machine.Cmd	wake.phase
Effect4.Machine.driveStep	Effect4.Machine.driveStep	Effect4.Machine.RunFiber	exit
Effect4.Machine.driveStep	Effect4.Machine.driveStep	Effect4.Machine.RunFiber	running
Effect4.Machine.driveStep	Effect4.Machine.driveStep	Effect4.Machine.RunFiber	parked
Effect4.Machine.driveStep	Effect4.Machine.driveStep	Effect4.Machine.RunFiber	id
Effect4.Machine.driveStep	Effect4.Machine.driveStep	Effect4.Machine.RunFiber	frame
Effect4.Machine.driveStep	Effect4.Machine.driveStep	Effect4.Machine.RunFiber	pending
Effect4.Machine.driveStep	Effect4.Machine.driveStep	Effect4.Machine.RunFiber	finalizing
Effect4.Machine.driveStep	Effect4.Machine.driveStep	Effect4.Machine.RunFiber	currentOpCount
Effect4.Machine.driveStep	Effect4.Machine.driveStep	Effect4.Machine.RunFiber	maxOpsBeforeYield
Effect4.Machine.driveStep	Effect4.Machine.driveStep	Effect4.Machine.RunFiber	preventYield
Effect4.Machine.driveStep	Effect4.Machine.driveStep	Effect4.Machine.RunFiber	yieldOverride
Effect4.Machine.driveStep	Effect4.Machine.driveStep	Effect4.Machine.RunFiber	observers
Effect4.Machine.driveStep	Effect4.Machine.driveStep	Effect4.Machine.RunFiber	children
Effect4.Machine.driveStep	Effect4.Machine.driveStep	Effect4.Machine.RunFiber	dispatcher
Effect4.Machine.driveStep	Effect4.Machine.driveStep	Effect4.Machine.RunFiber	context
Effect4.Machine.driveStep	Effect4.Machine.driveStep	Effect4.Machine.RunEvent	forked.parent
Effect4.Machine.driveStep	Effect4.Machine.driveStep	Effect4.Machine.RunEvent	forked.child
Effect4.Machine.driveStep	Effect4.Machine.driveStep	Effect4.Machine.RunEvent	forked.daemon
Effect4.Machine.driveStep	Effect4.Machine.driveStep	Effect4.Machine.RunEvent	started.fiber
Effect4.Machine.driveStep	Effect4.Machine.driveStep	Effect4.Machine.RunEvent	scheduledTask.owner
Effect4.Machine.driveStep	Effect4.Machine.driveStep	Effect4.Machine.RunEvent	scheduledTask.priority
Effect4.Machine.driveStep	Effect4.Machine.driveStep	Effect4.Machine.RunEvent	scheduledTask.task
Effect4.Machine.driveStep	Effect4.Machine.driveStep	Effect4.Machine.RunEvent	ranTask.owner
Effect4.Machine.driveStep	Effect4.Machine.driveStep	Effect4.Machine.RunEvent	ranTask.task
Effect4.Machine.driveStep	Effect4.Machine.driveStep	Effect4.Machine.RunEvent	yieldInjected.fiber
Effect4.Machine.driveStep	Effect4.Machine.driveStep	Effect4.Machine.RunEvent	yieldInjected.atOp
Effect4.Machine.driveStep	Effect4.Machine.driveStep	Effect4.Machine.RunEvent	parkedOn.fiber
Effect4.Machine.driveStep	Effect4.Machine.driveStep	Effect4.Machine.RunEvent	parkedOn.token
Effect4.Machine.driveStep	Effect4.Machine.driveStep	Effect4.Machine.RunEvent	resumedWith.fiber
Effect4.Machine.driveStep	Effect4.Machine.driveStep	Effect4.Machine.RunEvent	resumedWith.token
Effect4.Machine.driveStep	Effect4.Machine.driveStep	Effect4.Machine.RunEvent	resumedWith.answer
Effect4.Machine.driveStep	Effect4.Machine.driveStep	Effect4.Machine.RunEvent	interruptRecorded.interruptor
Effect4.Machine.driveStep	Effect4.Machine.driveStep	Effect4.Machine.RunEvent	interruptRecorded.target
Effect4.Machine.driveStep	Effect4.Machine.driveStep	Effect4.Machine.RunEvent	interruptDeferred.target
Effect4.Machine.driveStep	Effect4.Machine.driveStep	Effect4.Machine.RunEvent	childrenInterrupted.parent
Effect4.Machine.driveStep	Effect4.Machine.driveStep	Effect4.Machine.RunEvent	childrenInterrupted.children
Effect4.Machine.driveStep	Effect4.Machine.driveStep	Effect4.Machine.RunEvent	observerFired.fiber
Effect4.Machine.driveStep	Effect4.Machine.driveStep	Effect4.Machine.RunEvent	observerFired.observer
Effect4.Machine.driveStep	Effect4.Machine.driveStep	Effect4.Machine.RunEvent	frame.fiber
Effect4.Machine.driveStep	Effect4.Machine.driveStep	Effect4.Machine.RunEvent	frame.event
Effect4.Machine.driveStep	Effect4.Machine.driveStep	Effect4.Machine.RunEvent	finalizerProgram.fiber
Effect4.Machine.driveStep	Effect4.Machine.driveStep	Effect4.Machine.RunEvent	finalizerProgram.finalizer
Effect4.Machine.driveStep	Effect4.Machine.driveStep	Effect4.Machine.RunEvent	finalizerProgram.exit
Effect4.Machine.driveStep	Effect4.Machine.driveStep	Effect4.Machine.RunEvent	scopeLinked.mode
Effect4.Machine.driveStep	Effect4.Machine.driveStep	Effect4.Machine.RunEvent	scopeLinked.scope
Effect4.Machine.driveStep	Effect4.Machine.driveStep	Effect4.Machine.RunEvent	scopeLinked.key
Effect4.Machine.driveStep	Effect4.Machine.driveStep	Effect4.Machine.RunEvent	scopeLinked.fiber
Effect4.Machine.driveStep	Effect4.Machine.driveStep	Effect4.Machine.RunEvent	scopeClosedOnLink.scope
Effect4.Machine.driveStep	Effect4.Machine.driveStep	Effect4.Machine.RunEvent	scopeClosedOnLink.fiber
Effect4.Machine.driveStep	Effect4.Machine.driveStep	Effect4.Machine.RunEvent	raceStarted.race
Effect4.Machine.driveStep	Effect4.Machine.driveStep	Effect4.Machine.RunEvent	raceStarted.host
Effect4.Machine.driveStep	Effect4.Machine.driveStep	Effect4.Machine.RunEvent	raceStarted.entrants
Effect4.Machine.driveStep	Effect4.Machine.driveStep	Effect4.Machine.RunEvent	raceLaunched.race
Effect4.Machine.driveStep	Effect4.Machine.driveStep	Effect4.Machine.RunEvent	raceLaunched.entrant
Effect4.Machine.driveStep	Effect4.Machine.driveStep	Effect4.Machine.RunEvent	raceSettled.race
Effect4.Machine.driveStep	Effect4.Machine.driveStep	Effect4.Machine.RunEvent	raceSettled.exit
Effect4.Machine.driveStep	Effect4.Machine.driveStep	Effect4.Machine.RunEvent	contextSet.fiber
Effect4.Machine.driveStep	Effect4.Machine.driveStep	Effect4.Machine.RunEvent	contextSet.context
Effect4.Machine.driveStep	Effect4.Machine.driveStep	Effect4.Machine.RunEvent	callback.key
Effect4.Machine.driveStep	Effect4.Machine.driveStep	Effect4.Machine.RunEvent	callback.exit
Effect4.Machine.driveStep	Effect4.Machine.driveStep	Effect4.Machine.RunEvent	exited.fiber
Effect4.Machine.driveStep	Effect4.Machine.driveStep	Effect4.Machine.RunEvent	exited.exit
Effect4.Machine.driveStep	Effect4.Machine.driveStep	Effect4.Machine.Pending	token
Effect4.Machine.driveStep	Effect4.Machine.driveStep	Effect4.Machine.Race	programs
Effect4.Machine.driveStep	Effect4.Machine.driveStep	Effect4.Supervision.RaceAllState	accepted
Effect4.Machine.driveStep	Effect4.Machine.driveStep	Effect4.Machine.Race	state
Effect4.Machine.driveStep	Effect4.Machine.driveStep	Effect4.Machine.Race	host
Effect4.Machine.driveStep	Effect4.Machine.driveStep	Effect4.Machine.Race	nextSite
Effect4.Machine.driveStep	Effect4.Machine.driveStep	Effect4.Machine.Race	id
Effect4.Machine.driveStep	Effect4.Machine.driveStep	Effect4.Machine.Race	token
Effect4.Machine.driveStep	Effect4.Machine.driveStep	Effect4.Machine.Race	settled
Effect4.Machine.driveStep	Effect4.Machine.driveStep	Effect4.Machine.Race	registering
Effect4.Machine.driveStep	Effect4.Machine.driveStep	Effect4.Supervision.RaceAllState	unstarted
Effect4.Machine.driveStep	Effect4.Machine.driveStep	Effect4.Supervision.RaceAllState	starting
Effect4.Machine.driveStep	Effect4.Machine.driveStep	Effect4.Supervision.RaceAllState	live
Effect4.Machine.driveStep	Effect4.Machine.driveStep	Effect4.Supervision.RaceAllState	remaining
Effect4.Machine.driveStep	Effect4.Machine.driveStep	Effect4.Supervision.RaceAllState	failures
Effect4.Machine.driveStep	Effect4.Machine.driveStep	Effect4.Supervision.RaceAllState	winner
Effect4.Machine.driveStep	Effect4.Machine.driveStep	Effect4.Supervision.RaceAllState	cleanupNeeded
Effect4.Machine.driveStep	Effect4.Machine.driveStep	Effect4.Supervision.RaceAllState	requests
Effect4.Machine.driveStep	Effect4.Machine.driveStep	Effect4.Supervision.RaceAllState	cleanup
Effect4.Machine.driveStep	Effect4.Machine.driveStep	Effect4.Supervision.RaceAllState	cleanupRequested
Effect4.Machine.driveStep	Effect4.Machine.driveStep	Effect4.Machine.Pending	waitingOn
Effect4.Machine.driveStep	Effect4.Machine.driveStep	Effect4.Machine.Pending	remaining
Effect4.Machine.driveStep	Effect4.Machine.driveStep	Effect4.Machine.Pending	collected
Effect4.Machine.driveStep	Effect4.Machine.driveStep	Effect4.Machine.Pending	resumeWith
Effect4.Machine.driveStep	Effect4.Machine.driveStep	Effect4.Machine.Pending	failFast
Effect4.Machine.driveStep	Effect4.Machine.driveStep	Effect4.Machine.Resume	continueWith.name
Effect4.Machine.driveStep	Effect4.Machine.drainOwed._f	Effect4.Machine.Cmd	evaluate.fiber
Effect4.Machine.driveStep	Effect4.Machine.drainOwed._f	Effect4.Machine.Cmd	loop.fiber
Effect4.Machine.driveStep	Effect4.Machine.drainOwed._f	Effect4.Machine.Cmd	loop.yielding
Effect4.Machine.driveStep	Effect4.Machine.drainOwed._f	Effect4.Machine.Cmd	deliver.fiber
Effect4.Machine.driveStep	Effect4.Machine.drainOwed._f	Effect4.Machine.Cmd	deliver.yielding
Effect4.Machine.driveStep	Effect4.Machine.drainOwed._f	Effect4.Machine.Cmd	finish.fiber
Effect4.Machine.driveStep	Effect4.Machine.drainOwed._f	Effect4.Machine.Cmd	finish.exit
Effect4.Machine.driveStep	Effect4.Machine.drainOwed._f	Effect4.Machine.Cmd	resume.fiber
Effect4.Machine.driveStep	Effect4.Machine.drainOwed._f	Effect4.Machine.Cmd	resume.token
Effect4.Machine.driveStep	Effect4.Machine.drainOwed._f	Effect4.Machine.Cmd	resume.answer
Effect4.Machine.driveStep	Effect4.Machine.drainOwed._f	Effect4.Machine.Cmd	launch.race
Effect4.Machine.driveStep	Effect4.Machine.drainOwed._f	Effect4.Machine.Cmd	enrollRace.race
Effect4.Machine.driveStep	Effect4.Machine.drainOwed._f	Effect4.Machine.Cmd	enrollRace.child
Effect4.Machine.driveStep	Effect4.Machine.drainOwed._f	Effect4.Machine.Cmd	registrationDone.race
Effect4.Machine.driveStep	Effect4.Machine.drainOwed._f	Effect4.Machine.Cmd	registrationDone.yielding
Effect4.Machine.driveStep	Effect4.Machine.drainOwed._f	Effect4.Machine.Cmd	interruptTarget.target
Effect4.Machine.driveStep	Effect4.Machine.drainOwed._f	Effect4.Machine.Cmd	interruptTarget.who
Effect4.Machine.driveStep	Effect4.Machine.drainOwed._f	Effect4.Machine.Cmd	interruptTarget.extra
Effect4.Machine.driveStep	Effect4.Machine.drainOwed._f	Effect4.Machine.Cmd	afterInterrupt.host
Effect4.Machine.driveStep	Effect4.Machine.drainOwed._f	Effect4.Machine.Cmd	afterInterrupt.yielding
Effect4.Machine.driveStep	Effect4.Machine.drainOwed._f	Effect4.Machine.Cmd	afterInterrupt.kind
Effect4.Machine.driveStep	Effect4.Machine.drainOwed._f	Effect4.Machine.Cmd	raceCancel.race
Effect4.Machine.driveStep	Effect4.Machine.drainOwed._f	Effect4.Machine.Cmd	raceCancel.host
Effect4.Machine.driveStep	Effect4.Machine.drainOwed._f	Effect4.Machine.Cmd	raceCancel.yielding
Effect4.Machine.driveStep	Effect4.Machine.drainOwed._f	Effect4.Machine.Cmd	raceCancel.remaining
Effect4.Machine.driveStep	Effect4.Machine.drainOwed._f	Effect4.Machine.Cmd	raceCancel.visited
Effect4.Machine.driveStep	Effect4.Machine.drainOwed._f	Effect4.Machine.Cmd	trackChild.parent
Effect4.Machine.driveStep	Effect4.Machine.drainOwed._f	Effect4.Machine.Cmd	trackChild.child
Effect4.Machine.driveStep	Effect4.Machine.drainOwed._f	Effect4.Machine.Cmd	observe.fiber
Effect4.Machine.driveStep	Effect4.Machine.drainOwed._f	Effect4.Machine.Cmd	observe.exit
Effect4.Machine.driveStep	Effect4.Machine.drainOwed._f	Effect4.Machine.Cmd	observe.observer
Effect4.Machine.driveStep	Effect4.Machine.drainOwed._f	Effect4.Machine.Cmd	exitDone.fiber
Effect4.Machine.driveStep	Effect4.Machine.drainOwed._f	Effect4.Machine.Cmd	closeParAwait.host
Effect4.Machine.driveStep	Effect4.Machine.drainOwed._f	Effect4.Machine.Cmd	closeParAwait.yielding
Effect4.Machine.driveStep	Effect4.Machine.drainOwed._f	Effect4.Machine.Cmd	closeParAwait.fibers
Effect4.Machine.driveStep	Effect4.Machine.drainOwed._f	Effect4.Machine.Cmd	link.mode
Effect4.Machine.driveStep	Effect4.Machine.drainOwed._f	Effect4.Machine.Cmd	link.scope
Effect4.Machine.driveStep	Effect4.Machine.drainOwed._f	Effect4.Machine.Cmd	link.target
Effect4.Machine.driveStep	Effect4.Machine.drainOwed._f	Effect4.Machine.Cmd	link.interruptor
Effect4.Machine.driveStep	Effect4.Machine.drainOwed._f	Effect4.Machine.Cmd	link.extra
Effect4.Machine.driveStep	Effect4.Machine.drainOwed._f	Effect4.Machine.Cmd	wake.list
Effect4.Machine.driveStep	Effect4.Machine.drainOwed._f	Effect4.Machine.Cmd	wake.phase
Effect4.Machine.driveStep	Effect4.Machine.drainOwed._f	Effect4.Machine.Task	start.child
Effect4.Machine.driveStep	Effect4.Machine.drainOwed._f	Effect4.Machine.Task	resume.target
Effect4.Machine.driveStep	Effect4.Machine.drainOwed._f	Effect4.Machine.Task	resume.token
Effect4.Machine.driveStep	Effect4.Machine.drainOwed._f	Effect4.Machine.Task	resume.answer
Effect4.Machine.driveStep	Effect4.Machine.drainOwed._f	Effect4.Machine.Task	wake.list
Effect4.Machine.driveStep	Effect4.Machine.drainOwed._f	Effect4.Machine.Task	wake.phase
Effect4.Machine.driveStep	Effect4.Machine.RunMachine.postTask	Effect4.Machine.RunFiber	id
Effect4.Machine.driveStep	Effect4.Machine.RunMachine.postTask	Effect4.Machine.RunFiber	frame
Effect4.Machine.driveStep	Effect4.Machine.RunMachine.postTask	Effect4.Machine.RunFiber	running
Effect4.Machine.driveStep	Effect4.Machine.RunMachine.postTask	Effect4.Machine.RunFiber	parked
Effect4.Machine.driveStep	Effect4.Machine.RunMachine.postTask	Effect4.Machine.RunFiber	pending
Effect4.Machine.driveStep	Effect4.Machine.RunMachine.postTask	Effect4.Machine.RunFiber	finalizing
Effect4.Machine.driveStep	Effect4.Machine.RunMachine.postTask	Effect4.Machine.RunFiber	exit
Effect4.Machine.driveStep	Effect4.Machine.RunMachine.postTask	Effect4.Machine.RunFiber	currentOpCount
Effect4.Machine.driveStep	Effect4.Machine.RunMachine.postTask	Effect4.Machine.RunFiber	maxOpsBeforeYield
Effect4.Machine.driveStep	Effect4.Machine.RunMachine.postTask	Effect4.Machine.RunFiber	preventYield
Effect4.Machine.driveStep	Effect4.Machine.RunMachine.postTask	Effect4.Machine.RunFiber	yieldOverride
Effect4.Machine.driveStep	Effect4.Machine.RunMachine.postTask	Effect4.Machine.RunFiber	observers
Effect4.Machine.driveStep	Effect4.Machine.RunMachine.postTask	Effect4.Machine.RunFiber	children
Effect4.Machine.driveStep	Effect4.Machine.RunMachine.postTask	Effect4.Machine.RunFiber	dispatcher
Effect4.Machine.driveStep	Effect4.Machine.RunMachine.postTask	Effect4.Machine.RunFiber	context
Effect4.Machine.driveStep	Effect4.Machine.RunMachine.postTask	Effect4.Machine.Task	start.child
Effect4.Machine.driveStep	Effect4.Machine.RunMachine.postTask	Effect4.Machine.Task	resume.target
Effect4.Machine.driveStep	Effect4.Machine.RunMachine.postTask	Effect4.Machine.Task	resume.token
Effect4.Machine.driveStep	Effect4.Machine.RunMachine.postTask	Effect4.Machine.Task	resume.answer
Effect4.Machine.driveStep	Effect4.Machine.RunMachine.postTask	Effect4.Machine.Task	wake.list
Effect4.Machine.driveStep	Effect4.Machine.RunMachine.postTask	Effect4.Machine.Task	wake.phase
Effect4.Machine.driveStep	Effect4.Machine.RunMachine.postTask	Effect4.Machine.RunEvent	forked.parent
Effect4.Machine.driveStep	Effect4.Machine.RunMachine.postTask	Effect4.Machine.RunEvent	forked.child
Effect4.Machine.driveStep	Effect4.Machine.RunMachine.postTask	Effect4.Machine.RunEvent	forked.daemon
Effect4.Machine.driveStep	Effect4.Machine.RunMachine.postTask	Effect4.Machine.RunEvent	started.fiber
Effect4.Machine.driveStep	Effect4.Machine.RunMachine.postTask	Effect4.Machine.RunEvent	scheduledTask.owner
Effect4.Machine.driveStep	Effect4.Machine.RunMachine.postTask	Effect4.Machine.RunEvent	scheduledTask.priority
Effect4.Machine.driveStep	Effect4.Machine.RunMachine.postTask	Effect4.Machine.RunEvent	scheduledTask.task
Effect4.Machine.driveStep	Effect4.Machine.RunMachine.postTask	Effect4.Machine.RunEvent	ranTask.owner
Effect4.Machine.driveStep	Effect4.Machine.RunMachine.postTask	Effect4.Machine.RunEvent	ranTask.task
Effect4.Machine.driveStep	Effect4.Machine.RunMachine.postTask	Effect4.Machine.RunEvent	yieldInjected.fiber
Effect4.Machine.driveStep	Effect4.Machine.RunMachine.postTask	Effect4.Machine.RunEvent	yieldInjected.atOp
Effect4.Machine.driveStep	Effect4.Machine.RunMachine.postTask	Effect4.Machine.RunEvent	parkedOn.fiber
Effect4.Machine.driveStep	Effect4.Machine.RunMachine.postTask	Effect4.Machine.RunEvent	parkedOn.token
Effect4.Machine.driveStep	Effect4.Machine.RunMachine.postTask	Effect4.Machine.RunEvent	resumedWith.fiber
Effect4.Machine.driveStep	Effect4.Machine.RunMachine.postTask	Effect4.Machine.RunEvent	resumedWith.token
Effect4.Machine.driveStep	Effect4.Machine.RunMachine.postTask	Effect4.Machine.RunEvent	resumedWith.answer
Effect4.Machine.driveStep	Effect4.Machine.RunMachine.postTask	Effect4.Machine.RunEvent	interruptRecorded.interruptor
Effect4.Machine.driveStep	Effect4.Machine.RunMachine.postTask	Effect4.Machine.RunEvent	interruptRecorded.target
Effect4.Machine.driveStep	Effect4.Machine.RunMachine.postTask	Effect4.Machine.RunEvent	interruptDeferred.target
Effect4.Machine.driveStep	Effect4.Machine.RunMachine.postTask	Effect4.Machine.RunEvent	childrenInterrupted.parent
Effect4.Machine.driveStep	Effect4.Machine.RunMachine.postTask	Effect4.Machine.RunEvent	childrenInterrupted.children
Effect4.Machine.driveStep	Effect4.Machine.RunMachine.postTask	Effect4.Machine.RunEvent	observerFired.fiber
Effect4.Machine.driveStep	Effect4.Machine.RunMachine.postTask	Effect4.Machine.RunEvent	observerFired.observer
Effect4.Machine.driveStep	Effect4.Machine.RunMachine.postTask	Effect4.Machine.RunEvent	frame.fiber
Effect4.Machine.driveStep	Effect4.Machine.RunMachine.postTask	Effect4.Machine.RunEvent	frame.event
Effect4.Machine.driveStep	Effect4.Machine.RunMachine.postTask	Effect4.Machine.RunEvent	finalizerProgram.fiber
Effect4.Machine.driveStep	Effect4.Machine.RunMachine.postTask	Effect4.Machine.RunEvent	finalizerProgram.finalizer
Effect4.Machine.driveStep	Effect4.Machine.RunMachine.postTask	Effect4.Machine.RunEvent	finalizerProgram.exit
Effect4.Machine.driveStep	Effect4.Machine.RunMachine.postTask	Effect4.Machine.RunEvent	scopeLinked.mode
Effect4.Machine.driveStep	Effect4.Machine.RunMachine.postTask	Effect4.Machine.RunEvent	scopeLinked.scope
Effect4.Machine.driveStep	Effect4.Machine.RunMachine.postTask	Effect4.Machine.RunEvent	scopeLinked.key
Effect4.Machine.driveStep	Effect4.Machine.RunMachine.postTask	Effect4.Machine.RunEvent	scopeLinked.fiber
Effect4.Machine.driveStep	Effect4.Machine.RunMachine.postTask	Effect4.Machine.RunEvent	scopeClosedOnLink.scope
Effect4.Machine.driveStep	Effect4.Machine.RunMachine.postTask	Effect4.Machine.RunEvent	scopeClosedOnLink.fiber
Effect4.Machine.driveStep	Effect4.Machine.RunMachine.postTask	Effect4.Machine.RunEvent	raceStarted.race
Effect4.Machine.driveStep	Effect4.Machine.RunMachine.postTask	Effect4.Machine.RunEvent	raceStarted.host
Effect4.Machine.driveStep	Effect4.Machine.RunMachine.postTask	Effect4.Machine.RunEvent	raceStarted.entrants
Effect4.Machine.driveStep	Effect4.Machine.RunMachine.postTask	Effect4.Machine.RunEvent	raceLaunched.race
Effect4.Machine.driveStep	Effect4.Machine.RunMachine.postTask	Effect4.Machine.RunEvent	raceLaunched.entrant
Effect4.Machine.driveStep	Effect4.Machine.RunMachine.postTask	Effect4.Machine.RunEvent	raceSettled.race
Effect4.Machine.driveStep	Effect4.Machine.RunMachine.postTask	Effect4.Machine.RunEvent	raceSettled.exit
Effect4.Machine.driveStep	Effect4.Machine.RunMachine.postTask	Effect4.Machine.RunEvent	contextSet.fiber
Effect4.Machine.driveStep	Effect4.Machine.RunMachine.postTask	Effect4.Machine.RunEvent	contextSet.context
Effect4.Machine.driveStep	Effect4.Machine.RunMachine.postTask	Effect4.Machine.RunEvent	callback.key
Effect4.Machine.driveStep	Effect4.Machine.RunMachine.postTask	Effect4.Machine.RunEvent	callback.exit
Effect4.Machine.driveStep	Effect4.Machine.RunMachine.postTask	Effect4.Machine.RunEvent	exited.fiber
Effect4.Machine.driveStep	Effect4.Machine.RunMachine.postTask	Effect4.Machine.RunEvent	exited.exit
Effect4.Machine.driveStep	Effect4.Machine.RunFiber.context	Effect4.Machine.RunFiber	context
Effect4.Machine.driveStep	Effect4.Machine.RunFiber.dispatcher	Effect4.Machine.RunFiber	dispatcher
Effect4.Machine.driveStep	Effect4.Machine.Dispatcher.enqueue	Effect4.Machine.Task	start.child
Effect4.Machine.driveStep	Effect4.Machine.Dispatcher.enqueue	Effect4.Machine.Task	resume.target
Effect4.Machine.driveStep	Effect4.Machine.Dispatcher.enqueue	Effect4.Machine.Task	resume.token
Effect4.Machine.driveStep	Effect4.Machine.Dispatcher.enqueue	Effect4.Machine.Task	resume.answer
Effect4.Machine.driveStep	Effect4.Machine.Dispatcher.enqueue	Effect4.Machine.Task	wake.list
Effect4.Machine.driveStep	Effect4.Machine.Dispatcher.enqueue	Effect4.Machine.Task	wake.phase
Effect4.Machine.driveStep	Effect4.Machine.Dispatcher.insert	Effect4.Machine.Task	start.child
Effect4.Machine.driveStep	Effect4.Machine.Dispatcher.insert	Effect4.Machine.Task	resume.target
Effect4.Machine.driveStep	Effect4.Machine.Dispatcher.insert	Effect4.Machine.Task	resume.token
Effect4.Machine.driveStep	Effect4.Machine.Dispatcher.insert	Effect4.Machine.Task	resume.answer
Effect4.Machine.driveStep	Effect4.Machine.Dispatcher.insert	Effect4.Machine.Task	wake.list
Effect4.Machine.driveStep	Effect4.Machine.Dispatcher.insert	Effect4.Machine.Task	wake.phase
Effect4.Machine.driveStep	Effect4.Machine.Dispatcher.insert._f	Effect4.Machine.Task	start.child
Effect4.Machine.driveStep	Effect4.Machine.Dispatcher.insert._f	Effect4.Machine.Task	resume.target
Effect4.Machine.driveStep	Effect4.Machine.Dispatcher.insert._f	Effect4.Machine.Task	resume.token
Effect4.Machine.driveStep	Effect4.Machine.Dispatcher.insert._f	Effect4.Machine.Task	resume.answer
Effect4.Machine.driveStep	Effect4.Machine.Dispatcher.insert._f	Effect4.Machine.Task	wake.list
Effect4.Machine.driveStep	Effect4.Machine.Dispatcher.insert._f	Effect4.Machine.Task	wake.phase
Effect4.Machine.driveStep	Effect4.Machine.RunFiber.children	Effect4.Machine.RunFiber	children
Effect4.Machine.driveStep	Effect4.Machine.RunFiber.observers	Effect4.Machine.RunFiber	observers
Effect4.Machine.driveStep	Effect4.Machine.RunFiber.yieldOverride	Effect4.Machine.RunFiber	yieldOverride
Effect4.Machine.driveStep	Effect4.Machine.RunFiber.preventYield	Effect4.Machine.RunFiber	preventYield
Effect4.Machine.driveStep	Effect4.Machine.RunFiber.maxOpsBeforeYield	Effect4.Machine.RunFiber	maxOpsBeforeYield
Effect4.Machine.driveStep	Effect4.Machine.RunFiber.currentOpCount	Effect4.Machine.RunFiber	currentOpCount
Effect4.Machine.driveStep	Effect4.Machine.RunFiber.exit	Effect4.Machine.RunFiber	exit
Effect4.Machine.driveStep	Effect4.Machine.RunFiber.finalizing	Effect4.Machine.RunFiber	finalizing
Effect4.Machine.driveStep	Effect4.Machine.RunFiber.pending	Effect4.Machine.RunFiber	pending
Effect4.Machine.driveStep	Effect4.Machine.RunFiber.parked	Effect4.Machine.RunFiber	parked
Effect4.Machine.driveStep	Effect4.Machine.RunFiber.running	Effect4.Machine.RunFiber	running
Effect4.Machine.driveStep	Effect4.Machine.RunFiber.frame	Effect4.Machine.RunFiber	frame
Effect4.Machine.driveStep	Effect4.Machine.RunFiber.id	Effect4.Machine.RunFiber	id
Effect4.Machine.driveStep	Effect4.Machine.RunMachine.update	Effect4.Machine.RunFiber	id
Effect4.Machine.driveStep	Effect4.Machine.RunMachine.update	Effect4.Machine.RunFiber	frame
Effect4.Machine.driveStep	Effect4.Machine.RunMachine.update	Effect4.Machine.RunFiber	running
Effect4.Machine.driveStep	Effect4.Machine.RunMachine.update	Effect4.Machine.RunFiber	parked
Effect4.Machine.driveStep	Effect4.Machine.RunMachine.update	Effect4.Machine.RunFiber	pending
Effect4.Machine.driveStep	Effect4.Machine.RunMachine.update	Effect4.Machine.RunFiber	finalizing
Effect4.Machine.driveStep	Effect4.Machine.RunMachine.update	Effect4.Machine.RunFiber	exit
Effect4.Machine.driveStep	Effect4.Machine.RunMachine.update	Effect4.Machine.RunFiber	currentOpCount
Effect4.Machine.driveStep	Effect4.Machine.RunMachine.update	Effect4.Machine.RunFiber	maxOpsBeforeYield
Effect4.Machine.driveStep	Effect4.Machine.RunMachine.update	Effect4.Machine.RunFiber	preventYield
Effect4.Machine.driveStep	Effect4.Machine.RunMachine.update	Effect4.Machine.RunFiber	yieldOverride
Effect4.Machine.driveStep	Effect4.Machine.RunMachine.update	Effect4.Machine.RunFiber	observers
Effect4.Machine.driveStep	Effect4.Machine.RunMachine.update	Effect4.Machine.RunFiber	children
Effect4.Machine.driveStep	Effect4.Machine.RunMachine.update	Effect4.Machine.RunFiber	dispatcher
Effect4.Machine.driveStep	Effect4.Machine.RunMachine.update	Effect4.Machine.RunFiber	context
Effect4.Machine.driveStep	Effect4.Machine.RunMachine.fiber?	Effect4.Machine.RunFiber	id
Effect4.Machine.driveStep	Effect4.Machine.RunMachine.originOf.match_3	Effect4.Machine.RunFiber	id
Effect4.Machine.driveStep	Effect4.Machine.RunMachine.originOf.match_3	Effect4.Machine.RunFiber	frame
Effect4.Machine.driveStep	Effect4.Machine.RunMachine.originOf.match_3	Effect4.Machine.RunFiber	running
Effect4.Machine.driveStep	Effect4.Machine.RunMachine.originOf.match_3	Effect4.Machine.RunFiber	parked
Effect4.Machine.driveStep	Effect4.Machine.RunMachine.originOf.match_3	Effect4.Machine.RunFiber	pending
Effect4.Machine.driveStep	Effect4.Machine.RunMachine.originOf.match_3	Effect4.Machine.RunFiber	finalizing
Effect4.Machine.driveStep	Effect4.Machine.RunMachine.originOf.match_3	Effect4.Machine.RunFiber	exit
Effect4.Machine.driveStep	Effect4.Machine.RunMachine.originOf.match_3	Effect4.Machine.RunFiber	currentOpCount
Effect4.Machine.driveStep	Effect4.Machine.RunMachine.originOf.match_3	Effect4.Machine.RunFiber	maxOpsBeforeYield
Effect4.Machine.driveStep	Effect4.Machine.RunMachine.originOf.match_3	Effect4.Machine.RunFiber	preventYield
Effect4.Machine.driveStep	Effect4.Machine.RunMachine.originOf.match_3	Effect4.Machine.RunFiber	yieldOverride
Effect4.Machine.driveStep	Effect4.Machine.RunMachine.originOf.match_3	Effect4.Machine.RunFiber	observers
Effect4.Machine.driveStep	Effect4.Machine.RunMachine.originOf.match_3	Effect4.Machine.RunFiber	children
Effect4.Machine.driveStep	Effect4.Machine.RunMachine.originOf.match_3	Effect4.Machine.RunFiber	dispatcher
Effect4.Machine.driveStep	Effect4.Machine.RunMachine.originOf.match_3	Effect4.Machine.RunFiber	context
Effect4.Machine.driveStep	Effect4.Machine.exitFiber	Effect4.Machine.RunFiber	finalizing
Effect4.Machine.driveStep	Effect4.Machine.exitFiber	Effect4.Machine.RunFiber	children
Effect4.Machine.driveStep	Effect4.Machine.exitFiber	Effect4.Machine.RunFiber	id
Effect4.Machine.driveStep	Effect4.Machine.exitFiber	Effect4.Machine.RunFiber	frame
Effect4.Machine.driveStep	Effect4.Machine.exitFiber	Effect4.Machine.RunFiber	running
Effect4.Machine.driveStep	Effect4.Machine.exitFiber	Effect4.Machine.RunFiber	parked
Effect4.Machine.driveStep	Effect4.Machine.exitFiber	Effect4.Machine.RunFiber	pending
Effect4.Machine.driveStep	Effect4.Machine.exitFiber	Effect4.Machine.RunFiber	exit
Effect4.Machine.driveStep	Effect4.Machine.exitFiber	Effect4.Machine.RunFiber	currentOpCount
Effect4.Machine.driveStep	Effect4.Machine.exitFiber	Effect4.Machine.RunFiber	maxOpsBeforeYield
Effect4.Machine.driveStep	Effect4.Machine.exitFiber	Effect4.Machine.RunFiber	preventYield
Effect4.Machine.driveStep	Effect4.Machine.exitFiber	Effect4.Machine.RunFiber	yieldOverride
Effect4.Machine.driveStep	Effect4.Machine.exitFiber	Effect4.Machine.RunFiber	observers
Effect4.Machine.driveStep	Effect4.Machine.exitFiber	Effect4.Machine.RunFiber	dispatcher
Effect4.Machine.driveStep	Effect4.Machine.exitFiber	Effect4.Machine.RunFiber	context
Effect4.Machine.driveStep	Effect4.Machine.exitFiber.exitStore	Effect4.Machine.RunFiber	id
Effect4.Machine.driveStep	Effect4.Machine.exitFiber.exitStore	Effect4.Machine.RunFiber	frame
Effect4.Machine.driveStep	Effect4.Machine.exitFiber.exitStore	Effect4.Machine.RunFiber	running
Effect4.Machine.driveStep	Effect4.Machine.exitFiber.exitStore	Effect4.Machine.RunFiber	parked
Effect4.Machine.driveStep	Effect4.Machine.exitFiber.exitStore	Effect4.Machine.RunFiber	pending
Effect4.Machine.driveStep	Effect4.Machine.exitFiber.exitStore	Effect4.Machine.RunFiber	finalizing
Effect4.Machine.driveStep	Effect4.Machine.exitFiber.exitStore	Effect4.Machine.RunFiber	exit
Effect4.Machine.driveStep	Effect4.Machine.exitFiber.exitStore	Effect4.Machine.RunFiber	currentOpCount
Effect4.Machine.driveStep	Effect4.Machine.exitFiber.exitStore	Effect4.Machine.RunFiber	maxOpsBeforeYield
Effect4.Machine.driveStep	Effect4.Machine.exitFiber.exitStore	Effect4.Machine.RunFiber	preventYield
Effect4.Machine.driveStep	Effect4.Machine.exitFiber.exitStore	Effect4.Machine.RunFiber	yieldOverride
Effect4.Machine.driveStep	Effect4.Machine.exitFiber.exitStore	Effect4.Machine.RunFiber	observers
Effect4.Machine.driveStep	Effect4.Machine.exitFiber.exitStore	Effect4.Machine.RunFiber	children
Effect4.Machine.driveStep	Effect4.Machine.exitFiber.exitStore	Effect4.Machine.RunFiber	dispatcher
Effect4.Machine.driveStep	Effect4.Machine.exitFiber.exitStore	Effect4.Machine.RunFiber	context
Effect4.Machine.driveStep	Effect4.Machine.exitFiber.exitStore	Effect4.Machine.RunEvent	forked.parent
Effect4.Machine.driveStep	Effect4.Machine.exitFiber.exitStore	Effect4.Machine.RunEvent	forked.child
Effect4.Machine.driveStep	Effect4.Machine.exitFiber.exitStore	Effect4.Machine.RunEvent	forked.daemon
Effect4.Machine.driveStep	Effect4.Machine.exitFiber.exitStore	Effect4.Machine.RunEvent	started.fiber
Effect4.Machine.driveStep	Effect4.Machine.exitFiber.exitStore	Effect4.Machine.RunEvent	scheduledTask.owner
Effect4.Machine.driveStep	Effect4.Machine.exitFiber.exitStore	Effect4.Machine.RunEvent	scheduledTask.priority
Effect4.Machine.driveStep	Effect4.Machine.exitFiber.exitStore	Effect4.Machine.RunEvent	scheduledTask.task
Effect4.Machine.driveStep	Effect4.Machine.exitFiber.exitStore	Effect4.Machine.RunEvent	ranTask.owner
Effect4.Machine.driveStep	Effect4.Machine.exitFiber.exitStore	Effect4.Machine.RunEvent	ranTask.task
Effect4.Machine.driveStep	Effect4.Machine.exitFiber.exitStore	Effect4.Machine.RunEvent	yieldInjected.fiber
Effect4.Machine.driveStep	Effect4.Machine.exitFiber.exitStore	Effect4.Machine.RunEvent	yieldInjected.atOp
Effect4.Machine.driveStep	Effect4.Machine.exitFiber.exitStore	Effect4.Machine.RunEvent	parkedOn.fiber
Effect4.Machine.driveStep	Effect4.Machine.exitFiber.exitStore	Effect4.Machine.RunEvent	parkedOn.token
Effect4.Machine.driveStep	Effect4.Machine.exitFiber.exitStore	Effect4.Machine.RunEvent	resumedWith.fiber
Effect4.Machine.driveStep	Effect4.Machine.exitFiber.exitStore	Effect4.Machine.RunEvent	resumedWith.token
Effect4.Machine.driveStep	Effect4.Machine.exitFiber.exitStore	Effect4.Machine.RunEvent	resumedWith.answer
Effect4.Machine.driveStep	Effect4.Machine.exitFiber.exitStore	Effect4.Machine.RunEvent	interruptRecorded.interruptor
Effect4.Machine.driveStep	Effect4.Machine.exitFiber.exitStore	Effect4.Machine.RunEvent	interruptRecorded.target
Effect4.Machine.driveStep	Effect4.Machine.exitFiber.exitStore	Effect4.Machine.RunEvent	interruptDeferred.target
Effect4.Machine.driveStep	Effect4.Machine.exitFiber.exitStore	Effect4.Machine.RunEvent	childrenInterrupted.parent
Effect4.Machine.driveStep	Effect4.Machine.exitFiber.exitStore	Effect4.Machine.RunEvent	childrenInterrupted.children
Effect4.Machine.driveStep	Effect4.Machine.exitFiber.exitStore	Effect4.Machine.RunEvent	observerFired.fiber
Effect4.Machine.driveStep	Effect4.Machine.exitFiber.exitStore	Effect4.Machine.RunEvent	observerFired.observer
Effect4.Machine.driveStep	Effect4.Machine.exitFiber.exitStore	Effect4.Machine.RunEvent	frame.fiber
Effect4.Machine.driveStep	Effect4.Machine.exitFiber.exitStore	Effect4.Machine.RunEvent	frame.event
Effect4.Machine.driveStep	Effect4.Machine.exitFiber.exitStore	Effect4.Machine.RunEvent	finalizerProgram.fiber
Effect4.Machine.driveStep	Effect4.Machine.exitFiber.exitStore	Effect4.Machine.RunEvent	finalizerProgram.finalizer
Effect4.Machine.driveStep	Effect4.Machine.exitFiber.exitStore	Effect4.Machine.RunEvent	finalizerProgram.exit
Effect4.Machine.driveStep	Effect4.Machine.exitFiber.exitStore	Effect4.Machine.RunEvent	scopeLinked.mode
Effect4.Machine.driveStep	Effect4.Machine.exitFiber.exitStore	Effect4.Machine.RunEvent	scopeLinked.scope
Effect4.Machine.driveStep	Effect4.Machine.exitFiber.exitStore	Effect4.Machine.RunEvent	scopeLinked.key
Effect4.Machine.driveStep	Effect4.Machine.exitFiber.exitStore	Effect4.Machine.RunEvent	scopeLinked.fiber
Effect4.Machine.driveStep	Effect4.Machine.exitFiber.exitStore	Effect4.Machine.RunEvent	scopeClosedOnLink.scope
Effect4.Machine.driveStep	Effect4.Machine.exitFiber.exitStore	Effect4.Machine.RunEvent	scopeClosedOnLink.fiber
Effect4.Machine.driveStep	Effect4.Machine.exitFiber.exitStore	Effect4.Machine.RunEvent	raceStarted.race
Effect4.Machine.driveStep	Effect4.Machine.exitFiber.exitStore	Effect4.Machine.RunEvent	raceStarted.host
Effect4.Machine.driveStep	Effect4.Machine.exitFiber.exitStore	Effect4.Machine.RunEvent	raceStarted.entrants
Effect4.Machine.driveStep	Effect4.Machine.exitFiber.exitStore	Effect4.Machine.RunEvent	raceLaunched.race
Effect4.Machine.driveStep	Effect4.Machine.exitFiber.exitStore	Effect4.Machine.RunEvent	raceLaunched.entrant
Effect4.Machine.driveStep	Effect4.Machine.exitFiber.exitStore	Effect4.Machine.RunEvent	raceSettled.race
Effect4.Machine.driveStep	Effect4.Machine.exitFiber.exitStore	Effect4.Machine.RunEvent	raceSettled.exit
Effect4.Machine.driveStep	Effect4.Machine.exitFiber.exitStore	Effect4.Machine.RunEvent	contextSet.fiber
Effect4.Machine.driveStep	Effect4.Machine.exitFiber.exitStore	Effect4.Machine.RunEvent	contextSet.context
Effect4.Machine.driveStep	Effect4.Machine.exitFiber.exitStore	Effect4.Machine.RunEvent	callback.key
Effect4.Machine.driveStep	Effect4.Machine.exitFiber.exitStore	Effect4.Machine.RunEvent	callback.exit
Effect4.Machine.driveStep	Effect4.Machine.exitFiber.exitStore	Effect4.Machine.RunEvent	exited.fiber
Effect4.Machine.driveStep	Effect4.Machine.exitFiber.exitStore	Effect4.Machine.RunEvent	exited.exit
Effect4.Machine.driveStep	Effect4.Machine.exitFiber.exitStore	Effect4.Machine.Cmd	evaluate.fiber
Effect4.Machine.driveStep	Effect4.Machine.exitFiber.exitStore	Effect4.Machine.Cmd	loop.fiber
Effect4.Machine.driveStep	Effect4.Machine.exitFiber.exitStore	Effect4.Machine.Cmd	loop.yielding
Effect4.Machine.driveStep	Effect4.Machine.exitFiber.exitStore	Effect4.Machine.Cmd	deliver.fiber
Effect4.Machine.driveStep	Effect4.Machine.exitFiber.exitStore	Effect4.Machine.Cmd	deliver.yielding
Effect4.Machine.driveStep	Effect4.Machine.exitFiber.exitStore	Effect4.Machine.Cmd	finish.fiber
Effect4.Machine.driveStep	Effect4.Machine.exitFiber.exitStore	Effect4.Machine.Cmd	finish.exit
Effect4.Machine.driveStep	Effect4.Machine.exitFiber.exitStore	Effect4.Machine.Cmd	resume.fiber
Effect4.Machine.driveStep	Effect4.Machine.exitFiber.exitStore	Effect4.Machine.Cmd	resume.token
Effect4.Machine.driveStep	Effect4.Machine.exitFiber.exitStore	Effect4.Machine.Cmd	resume.answer
Effect4.Machine.driveStep	Effect4.Machine.exitFiber.exitStore	Effect4.Machine.Cmd	launch.race
Effect4.Machine.driveStep	Effect4.Machine.exitFiber.exitStore	Effect4.Machine.Cmd	enrollRace.race
Effect4.Machine.driveStep	Effect4.Machine.exitFiber.exitStore	Effect4.Machine.Cmd	enrollRace.child
Effect4.Machine.driveStep	Effect4.Machine.exitFiber.exitStore	Effect4.Machine.Cmd	registrationDone.race
Effect4.Machine.driveStep	Effect4.Machine.exitFiber.exitStore	Effect4.Machine.Cmd	registrationDone.yielding
Effect4.Machine.driveStep	Effect4.Machine.exitFiber.exitStore	Effect4.Machine.Cmd	interruptTarget.target
Effect4.Machine.driveStep	Effect4.Machine.exitFiber.exitStore	Effect4.Machine.Cmd	interruptTarget.who
Effect4.Machine.driveStep	Effect4.Machine.exitFiber.exitStore	Effect4.Machine.Cmd	interruptTarget.extra
Effect4.Machine.driveStep	Effect4.Machine.exitFiber.exitStore	Effect4.Machine.Cmd	afterInterrupt.host
Effect4.Machine.driveStep	Effect4.Machine.exitFiber.exitStore	Effect4.Machine.Cmd	afterInterrupt.yielding
Effect4.Machine.driveStep	Effect4.Machine.exitFiber.exitStore	Effect4.Machine.Cmd	afterInterrupt.kind
Effect4.Machine.driveStep	Effect4.Machine.exitFiber.exitStore	Effect4.Machine.Cmd	raceCancel.race
Effect4.Machine.driveStep	Effect4.Machine.exitFiber.exitStore	Effect4.Machine.Cmd	raceCancel.host
Effect4.Machine.driveStep	Effect4.Machine.exitFiber.exitStore	Effect4.Machine.Cmd	raceCancel.yielding
Effect4.Machine.driveStep	Effect4.Machine.exitFiber.exitStore	Effect4.Machine.Cmd	raceCancel.remaining
Effect4.Machine.driveStep	Effect4.Machine.exitFiber.exitStore	Effect4.Machine.Cmd	raceCancel.visited
Effect4.Machine.driveStep	Effect4.Machine.exitFiber.exitStore	Effect4.Machine.Cmd	trackChild.parent
Effect4.Machine.driveStep	Effect4.Machine.exitFiber.exitStore	Effect4.Machine.Cmd	trackChild.child
Effect4.Machine.driveStep	Effect4.Machine.exitFiber.exitStore	Effect4.Machine.Cmd	observe.fiber
Effect4.Machine.driveStep	Effect4.Machine.exitFiber.exitStore	Effect4.Machine.Cmd	observe.exit
Effect4.Machine.driveStep	Effect4.Machine.exitFiber.exitStore	Effect4.Machine.Cmd	observe.observer
Effect4.Machine.driveStep	Effect4.Machine.exitFiber.exitStore	Effect4.Machine.Cmd	exitDone.fiber
Effect4.Machine.driveStep	Effect4.Machine.exitFiber.exitStore	Effect4.Machine.Cmd	closeParAwait.host
Effect4.Machine.driveStep	Effect4.Machine.exitFiber.exitStore	Effect4.Machine.Cmd	closeParAwait.yielding
Effect4.Machine.driveStep	Effect4.Machine.exitFiber.exitStore	Effect4.Machine.Cmd	closeParAwait.fibers
Effect4.Machine.driveStep	Effect4.Machine.exitFiber.exitStore	Effect4.Machine.Cmd	link.mode
Effect4.Machine.driveStep	Effect4.Machine.exitFiber.exitStore	Effect4.Machine.Cmd	link.scope
Effect4.Machine.driveStep	Effect4.Machine.exitFiber.exitStore	Effect4.Machine.Cmd	link.target
Effect4.Machine.driveStep	Effect4.Machine.exitFiber.exitStore	Effect4.Machine.Cmd	link.interruptor
Effect4.Machine.driveStep	Effect4.Machine.exitFiber.exitStore	Effect4.Machine.Cmd	link.extra
Effect4.Machine.driveStep	Effect4.Machine.exitFiber.exitStore	Effect4.Machine.Cmd	wake.list
Effect4.Machine.driveStep	Effect4.Machine.exitFiber.exitStore	Effect4.Machine.Cmd	wake.phase
Effect4.Machine.driveStep	Effect4.Machine.RunFiber.cleared	Effect4.Machine.RunFiber	id
Effect4.Machine.driveStep	Effect4.Machine.RunFiber.cleared	Effect4.Machine.RunFiber	frame
Effect4.Machine.driveStep	Effect4.Machine.RunFiber.cleared	Effect4.Machine.RunFiber	running
Effect4.Machine.driveStep	Effect4.Machine.RunFiber.cleared	Effect4.Machine.RunFiber	parked
Effect4.Machine.driveStep	Effect4.Machine.RunFiber.cleared	Effect4.Machine.RunFiber	pending
Effect4.Machine.driveStep	Effect4.Machine.RunFiber.cleared	Effect4.Machine.RunFiber	finalizing
Effect4.Machine.driveStep	Effect4.Machine.RunFiber.cleared	Effect4.Machine.RunFiber	exit
Effect4.Machine.driveStep	Effect4.Machine.RunFiber.cleared	Effect4.Machine.RunFiber	currentOpCount
Effect4.Machine.driveStep	Effect4.Machine.RunFiber.cleared	Effect4.Machine.RunFiber	maxOpsBeforeYield
Effect4.Machine.driveStep	Effect4.Machine.RunFiber.cleared	Effect4.Machine.RunFiber	preventYield
Effect4.Machine.driveStep	Effect4.Machine.RunFiber.cleared	Effect4.Machine.RunFiber	yieldOverride
Effect4.Machine.driveStep	Effect4.Machine.RunFiber.cleared	Effect4.Machine.RunFiber	observers
Effect4.Machine.driveStep	Effect4.Machine.RunFiber.cleared	Effect4.Machine.RunFiber	children
Effect4.Machine.driveStep	Effect4.Machine.RunFiber.cleared	Effect4.Machine.RunFiber	dispatcher
Effect4.Machine.driveStep	Effect4.Machine.RunFiber.cleared	Effect4.Machine.RunFiber	context
Effect4.Machine.driveStep	Effect4.Machine.RunFiber.publish	Effect4.Machine.RunFiber	id
Effect4.Machine.driveStep	Effect4.Machine.RunFiber.publish	Effect4.Machine.RunFiber	frame
Effect4.Machine.driveStep	Effect4.Machine.RunFiber.publish	Effect4.Machine.RunFiber	running
Effect4.Machine.driveStep	Effect4.Machine.RunFiber.publish	Effect4.Machine.RunFiber	parked
Effect4.Machine.driveStep	Effect4.Machine.RunFiber.publish	Effect4.Machine.RunFiber	pending
Effect4.Machine.driveStep	Effect4.Machine.RunFiber.publish	Effect4.Machine.RunFiber	finalizing
Effect4.Machine.driveStep	Effect4.Machine.RunFiber.publish	Effect4.Machine.RunFiber	exit
Effect4.Machine.driveStep	Effect4.Machine.RunFiber.publish	Effect4.Machine.RunFiber	currentOpCount
Effect4.Machine.driveStep	Effect4.Machine.RunFiber.publish	Effect4.Machine.RunFiber	maxOpsBeforeYield
Effect4.Machine.driveStep	Effect4.Machine.RunFiber.publish	Effect4.Machine.RunFiber	preventYield
Effect4.Machine.driveStep	Effect4.Machine.RunFiber.publish	Effect4.Machine.RunFiber	yieldOverride
Effect4.Machine.driveStep	Effect4.Machine.RunFiber.publish	Effect4.Machine.RunFiber	observers
Effect4.Machine.driveStep	Effect4.Machine.RunFiber.publish	Effect4.Machine.RunFiber	children
Effect4.Machine.driveStep	Effect4.Machine.RunFiber.publish	Effect4.Machine.RunFiber	dispatcher
Effect4.Machine.driveStep	Effect4.Machine.RunFiber.publish	Effect4.Machine.RunFiber	context
Effect4.Machine.driveStep	Effect4.Machine.exitFiber.exitInterruptChildren	Effect4.Machine.RunFiber	children
Effect4.Machine.driveStep	Effect4.Machine.exitFiber.exitInterruptChildren	Effect4.Machine.RunFiber	id
Effect4.Machine.driveStep	Effect4.Machine.exitFiber.exitInterruptChildren	Effect4.Machine.RunFiber	frame
Effect4.Machine.driveStep	Effect4.Machine.exitFiber.exitInterruptChildren	Effect4.Machine.RunFiber	running
Effect4.Machine.driveStep	Effect4.Machine.exitFiber.exitInterruptChildren	Effect4.Machine.RunFiber	parked
Effect4.Machine.driveStep	Effect4.Machine.exitFiber.exitInterruptChildren	Effect4.Machine.RunFiber	pending
Effect4.Machine.driveStep	Effect4.Machine.exitFiber.exitInterruptChildren	Effect4.Machine.RunFiber	finalizing
Effect4.Machine.driveStep	Effect4.Machine.exitFiber.exitInterruptChildren	Effect4.Machine.RunFiber	exit
Effect4.Machine.driveStep	Effect4.Machine.exitFiber.exitInterruptChildren	Effect4.Machine.RunFiber	currentOpCount
Effect4.Machine.driveStep	Effect4.Machine.exitFiber.exitInterruptChildren	Effect4.Machine.RunFiber	maxOpsBeforeYield
Effect4.Machine.driveStep	Effect4.Machine.exitFiber.exitInterruptChildren	Effect4.Machine.RunFiber	preventYield
Effect4.Machine.driveStep	Effect4.Machine.exitFiber.exitInterruptChildren	Effect4.Machine.RunFiber	yieldOverride
Effect4.Machine.driveStep	Effect4.Machine.exitFiber.exitInterruptChildren	Effect4.Machine.RunFiber	observers
Effect4.Machine.driveStep	Effect4.Machine.exitFiber.exitInterruptChildren	Effect4.Machine.RunFiber	dispatcher
Effect4.Machine.driveStep	Effect4.Machine.exitFiber.exitInterruptChildren	Effect4.Machine.RunFiber	context
Effect4.Machine.driveStep	Effect4.Machine.exitFiber.exitInterruptChildren	Effect4.Machine.RunEvent	forked.parent
Effect4.Machine.driveStep	Effect4.Machine.exitFiber.exitInterruptChildren	Effect4.Machine.RunEvent	forked.child
Effect4.Machine.driveStep	Effect4.Machine.exitFiber.exitInterruptChildren	Effect4.Machine.RunEvent	forked.daemon
Effect4.Machine.driveStep	Effect4.Machine.exitFiber.exitInterruptChildren	Effect4.Machine.RunEvent	started.fiber
Effect4.Machine.driveStep	Effect4.Machine.exitFiber.exitInterruptChildren	Effect4.Machine.RunEvent	scheduledTask.owner
Effect4.Machine.driveStep	Effect4.Machine.exitFiber.exitInterruptChildren	Effect4.Machine.RunEvent	scheduledTask.priority
Effect4.Machine.driveStep	Effect4.Machine.exitFiber.exitInterruptChildren	Effect4.Machine.RunEvent	scheduledTask.task
Effect4.Machine.driveStep	Effect4.Machine.exitFiber.exitInterruptChildren	Effect4.Machine.RunEvent	ranTask.owner
Effect4.Machine.driveStep	Effect4.Machine.exitFiber.exitInterruptChildren	Effect4.Machine.RunEvent	ranTask.task
Effect4.Machine.driveStep	Effect4.Machine.exitFiber.exitInterruptChildren	Effect4.Machine.RunEvent	yieldInjected.fiber
Effect4.Machine.driveStep	Effect4.Machine.exitFiber.exitInterruptChildren	Effect4.Machine.RunEvent	yieldInjected.atOp
Effect4.Machine.driveStep	Effect4.Machine.exitFiber.exitInterruptChildren	Effect4.Machine.RunEvent	parkedOn.fiber
Effect4.Machine.driveStep	Effect4.Machine.exitFiber.exitInterruptChildren	Effect4.Machine.RunEvent	parkedOn.token
Effect4.Machine.driveStep	Effect4.Machine.exitFiber.exitInterruptChildren	Effect4.Machine.RunEvent	resumedWith.fiber
Effect4.Machine.driveStep	Effect4.Machine.exitFiber.exitInterruptChildren	Effect4.Machine.RunEvent	resumedWith.token
Effect4.Machine.driveStep	Effect4.Machine.exitFiber.exitInterruptChildren	Effect4.Machine.RunEvent	resumedWith.answer
Effect4.Machine.driveStep	Effect4.Machine.exitFiber.exitInterruptChildren	Effect4.Machine.RunEvent	interruptRecorded.interruptor
Effect4.Machine.driveStep	Effect4.Machine.exitFiber.exitInterruptChildren	Effect4.Machine.RunEvent	interruptRecorded.target
Effect4.Machine.driveStep	Effect4.Machine.exitFiber.exitInterruptChildren	Effect4.Machine.RunEvent	interruptDeferred.target
Effect4.Machine.driveStep	Effect4.Machine.exitFiber.exitInterruptChildren	Effect4.Machine.RunEvent	childrenInterrupted.parent
Effect4.Machine.driveStep	Effect4.Machine.exitFiber.exitInterruptChildren	Effect4.Machine.RunEvent	childrenInterrupted.children
Effect4.Machine.driveStep	Effect4.Machine.exitFiber.exitInterruptChildren	Effect4.Machine.RunEvent	observerFired.fiber
Effect4.Machine.driveStep	Effect4.Machine.exitFiber.exitInterruptChildren	Effect4.Machine.RunEvent	observerFired.observer
Effect4.Machine.driveStep	Effect4.Machine.exitFiber.exitInterruptChildren	Effect4.Machine.RunEvent	frame.fiber
Effect4.Machine.driveStep	Effect4.Machine.exitFiber.exitInterruptChildren	Effect4.Machine.RunEvent	frame.event
Effect4.Machine.driveStep	Effect4.Machine.exitFiber.exitInterruptChildren	Effect4.Machine.RunEvent	finalizerProgram.fiber
Effect4.Machine.driveStep	Effect4.Machine.exitFiber.exitInterruptChildren	Effect4.Machine.RunEvent	finalizerProgram.finalizer
Effect4.Machine.driveStep	Effect4.Machine.exitFiber.exitInterruptChildren	Effect4.Machine.RunEvent	finalizerProgram.exit
Effect4.Machine.driveStep	Effect4.Machine.exitFiber.exitInterruptChildren	Effect4.Machine.RunEvent	scopeLinked.mode
Effect4.Machine.driveStep	Effect4.Machine.exitFiber.exitInterruptChildren	Effect4.Machine.RunEvent	scopeLinked.scope
Effect4.Machine.driveStep	Effect4.Machine.exitFiber.exitInterruptChildren	Effect4.Machine.RunEvent	scopeLinked.key
Effect4.Machine.driveStep	Effect4.Machine.exitFiber.exitInterruptChildren	Effect4.Machine.RunEvent	scopeLinked.fiber
Effect4.Machine.driveStep	Effect4.Machine.exitFiber.exitInterruptChildren	Effect4.Machine.RunEvent	scopeClosedOnLink.scope
Effect4.Machine.driveStep	Effect4.Machine.exitFiber.exitInterruptChildren	Effect4.Machine.RunEvent	scopeClosedOnLink.fiber
Effect4.Machine.driveStep	Effect4.Machine.exitFiber.exitInterruptChildren	Effect4.Machine.RunEvent	raceStarted.race
Effect4.Machine.driveStep	Effect4.Machine.exitFiber.exitInterruptChildren	Effect4.Machine.RunEvent	raceStarted.host
Effect4.Machine.driveStep	Effect4.Machine.exitFiber.exitInterruptChildren	Effect4.Machine.RunEvent	raceStarted.entrants
Effect4.Machine.driveStep	Effect4.Machine.exitFiber.exitInterruptChildren	Effect4.Machine.RunEvent	raceLaunched.race
Effect4.Machine.driveStep	Effect4.Machine.exitFiber.exitInterruptChildren	Effect4.Machine.RunEvent	raceLaunched.entrant
Effect4.Machine.driveStep	Effect4.Machine.exitFiber.exitInterruptChildren	Effect4.Machine.RunEvent	raceSettled.race
Effect4.Machine.driveStep	Effect4.Machine.exitFiber.exitInterruptChildren	Effect4.Machine.RunEvent	raceSettled.exit
Effect4.Machine.driveStep	Effect4.Machine.exitFiber.exitInterruptChildren	Effect4.Machine.RunEvent	contextSet.fiber
Effect4.Machine.driveStep	Effect4.Machine.exitFiber.exitInterruptChildren	Effect4.Machine.RunEvent	contextSet.context
Effect4.Machine.driveStep	Effect4.Machine.exitFiber.exitInterruptChildren	Effect4.Machine.RunEvent	callback.key
Effect4.Machine.driveStep	Effect4.Machine.exitFiber.exitInterruptChildren	Effect4.Machine.RunEvent	callback.exit
Effect4.Machine.driveStep	Effect4.Machine.exitFiber.exitInterruptChildren	Effect4.Machine.RunEvent	exited.fiber
Effect4.Machine.driveStep	Effect4.Machine.exitFiber.exitInterruptChildren	Effect4.Machine.RunEvent	exited.exit
Effect4.Machine.driveStep	Effect4.Machine.exitFiber.exitInterruptChildren	Effect4.Machine.Cmd	evaluate.fiber
Effect4.Machine.driveStep	Effect4.Machine.exitFiber.exitInterruptChildren	Effect4.Machine.Cmd	loop.fiber
Effect4.Machine.driveStep	Effect4.Machine.exitFiber.exitInterruptChildren	Effect4.Machine.Cmd	loop.yielding
Effect4.Machine.driveStep	Effect4.Machine.exitFiber.exitInterruptChildren	Effect4.Machine.Cmd	deliver.fiber
Effect4.Machine.driveStep	Effect4.Machine.exitFiber.exitInterruptChildren	Effect4.Machine.Cmd	deliver.yielding
Effect4.Machine.driveStep	Effect4.Machine.exitFiber.exitInterruptChildren	Effect4.Machine.Cmd	finish.fiber
Effect4.Machine.driveStep	Effect4.Machine.exitFiber.exitInterruptChildren	Effect4.Machine.Cmd	finish.exit
Effect4.Machine.driveStep	Effect4.Machine.exitFiber.exitInterruptChildren	Effect4.Machine.Cmd	resume.fiber
Effect4.Machine.driveStep	Effect4.Machine.exitFiber.exitInterruptChildren	Effect4.Machine.Cmd	resume.token
Effect4.Machine.driveStep	Effect4.Machine.exitFiber.exitInterruptChildren	Effect4.Machine.Cmd	resume.answer
Effect4.Machine.driveStep	Effect4.Machine.exitFiber.exitInterruptChildren	Effect4.Machine.Cmd	launch.race
Effect4.Machine.driveStep	Effect4.Machine.exitFiber.exitInterruptChildren	Effect4.Machine.Cmd	enrollRace.race
Effect4.Machine.driveStep	Effect4.Machine.exitFiber.exitInterruptChildren	Effect4.Machine.Cmd	enrollRace.child
Effect4.Machine.driveStep	Effect4.Machine.exitFiber.exitInterruptChildren	Effect4.Machine.Cmd	registrationDone.race
Effect4.Machine.driveStep	Effect4.Machine.exitFiber.exitInterruptChildren	Effect4.Machine.Cmd	registrationDone.yielding
Effect4.Machine.driveStep	Effect4.Machine.exitFiber.exitInterruptChildren	Effect4.Machine.Cmd	interruptTarget.target
Effect4.Machine.driveStep	Effect4.Machine.exitFiber.exitInterruptChildren	Effect4.Machine.Cmd	interruptTarget.who
Effect4.Machine.driveStep	Effect4.Machine.exitFiber.exitInterruptChildren	Effect4.Machine.Cmd	interruptTarget.extra
Effect4.Machine.driveStep	Effect4.Machine.exitFiber.exitInterruptChildren	Effect4.Machine.Cmd	afterInterrupt.host
Effect4.Machine.driveStep	Effect4.Machine.exitFiber.exitInterruptChildren	Effect4.Machine.Cmd	afterInterrupt.yielding
Effect4.Machine.driveStep	Effect4.Machine.exitFiber.exitInterruptChildren	Effect4.Machine.Cmd	afterInterrupt.kind
Effect4.Machine.driveStep	Effect4.Machine.exitFiber.exitInterruptChildren	Effect4.Machine.Cmd	raceCancel.race
Effect4.Machine.driveStep	Effect4.Machine.exitFiber.exitInterruptChildren	Effect4.Machine.Cmd	raceCancel.host
Effect4.Machine.driveStep	Effect4.Machine.exitFiber.exitInterruptChildren	Effect4.Machine.Cmd	raceCancel.yielding
Effect4.Machine.driveStep	Effect4.Machine.exitFiber.exitInterruptChildren	Effect4.Machine.Cmd	raceCancel.remaining
Effect4.Machine.driveStep	Effect4.Machine.exitFiber.exitInterruptChildren	Effect4.Machine.Cmd	raceCancel.visited
Effect4.Machine.driveStep	Effect4.Machine.exitFiber.exitInterruptChildren	Effect4.Machine.Cmd	trackChild.parent
Effect4.Machine.driveStep	Effect4.Machine.exitFiber.exitInterruptChildren	Effect4.Machine.Cmd	trackChild.child
Effect4.Machine.driveStep	Effect4.Machine.exitFiber.exitInterruptChildren	Effect4.Machine.Cmd	observe.fiber
Effect4.Machine.driveStep	Effect4.Machine.exitFiber.exitInterruptChildren	Effect4.Machine.Cmd	observe.exit
Effect4.Machine.driveStep	Effect4.Machine.exitFiber.exitInterruptChildren	Effect4.Machine.Cmd	observe.observer
Effect4.Machine.driveStep	Effect4.Machine.exitFiber.exitInterruptChildren	Effect4.Machine.Cmd	exitDone.fiber
Effect4.Machine.driveStep	Effect4.Machine.exitFiber.exitInterruptChildren	Effect4.Machine.Cmd	closeParAwait.host
Effect4.Machine.driveStep	Effect4.Machine.exitFiber.exitInterruptChildren	Effect4.Machine.Cmd	closeParAwait.yielding
Effect4.Machine.driveStep	Effect4.Machine.exitFiber.exitInterruptChildren	Effect4.Machine.Cmd	closeParAwait.fibers
Effect4.Machine.driveStep	Effect4.Machine.exitFiber.exitInterruptChildren	Effect4.Machine.Cmd	link.mode
Effect4.Machine.driveStep	Effect4.Machine.exitFiber.exitInterruptChildren	Effect4.Machine.Cmd	link.scope
Effect4.Machine.driveStep	Effect4.Machine.exitFiber.exitInterruptChildren	Effect4.Machine.Cmd	link.target
Effect4.Machine.driveStep	Effect4.Machine.exitFiber.exitInterruptChildren	Effect4.Machine.Cmd	link.interruptor
Effect4.Machine.driveStep	Effect4.Machine.exitFiber.exitInterruptChildren	Effect4.Machine.Cmd	link.extra
Effect4.Machine.driveStep	Effect4.Machine.exitFiber.exitInterruptChildren	Effect4.Machine.Cmd	wake.list
Effect4.Machine.driveStep	Effect4.Machine.exitFiber.exitInterruptChildren	Effect4.Machine.Cmd	wake.phase
Effect4.Machine.driveStep	Effect4.Machine.linkScope	Effect4.Machine.RunFiber	id
Effect4.Machine.driveStep	Effect4.Machine.linkScope	Effect4.Machine.RunFiber	frame
Effect4.Machine.driveStep	Effect4.Machine.linkScope	Effect4.Machine.RunFiber	running
Effect4.Machine.driveStep	Effect4.Machine.linkScope	Effect4.Machine.RunFiber	parked
Effect4.Machine.driveStep	Effect4.Machine.linkScope	Effect4.Machine.RunFiber	pending
Effect4.Machine.driveStep	Effect4.Machine.linkScope	Effect4.Machine.RunFiber	finalizing
Effect4.Machine.driveStep	Effect4.Machine.linkScope	Effect4.Machine.RunFiber	exit
Effect4.Machine.driveStep	Effect4.Machine.linkScope	Effect4.Machine.RunFiber	currentOpCount
Effect4.Machine.driveStep	Effect4.Machine.linkScope	Effect4.Machine.RunFiber	maxOpsBeforeYield
Effect4.Machine.driveStep	Effect4.Machine.linkScope	Effect4.Machine.RunFiber	preventYield
Effect4.Machine.driveStep	Effect4.Machine.linkScope	Effect4.Machine.RunFiber	yieldOverride
Effect4.Machine.driveStep	Effect4.Machine.linkScope	Effect4.Machine.RunFiber	observers
Effect4.Machine.driveStep	Effect4.Machine.linkScope	Effect4.Machine.RunFiber	children
Effect4.Machine.driveStep	Effect4.Machine.linkScope	Effect4.Machine.RunFiber	dispatcher
Effect4.Machine.driveStep	Effect4.Machine.linkScope	Effect4.Machine.RunFiber	context
Effect4.Machine.driveStep	Effect4.Machine.linkScope	Effect4.Machine.RunEvent	forked.parent
Effect4.Machine.driveStep	Effect4.Machine.linkScope	Effect4.Machine.RunEvent	forked.child
Effect4.Machine.driveStep	Effect4.Machine.linkScope	Effect4.Machine.RunEvent	forked.daemon
Effect4.Machine.driveStep	Effect4.Machine.linkScope	Effect4.Machine.RunEvent	started.fiber
Effect4.Machine.driveStep	Effect4.Machine.linkScope	Effect4.Machine.RunEvent	scheduledTask.owner
Effect4.Machine.driveStep	Effect4.Machine.linkScope	Effect4.Machine.RunEvent	scheduledTask.priority
Effect4.Machine.driveStep	Effect4.Machine.linkScope	Effect4.Machine.RunEvent	scheduledTask.task
Effect4.Machine.driveStep	Effect4.Machine.linkScope	Effect4.Machine.RunEvent	ranTask.owner
Effect4.Machine.driveStep	Effect4.Machine.linkScope	Effect4.Machine.RunEvent	ranTask.task
Effect4.Machine.driveStep	Effect4.Machine.linkScope	Effect4.Machine.RunEvent	yieldInjected.fiber
Effect4.Machine.driveStep	Effect4.Machine.linkScope	Effect4.Machine.RunEvent	yieldInjected.atOp
Effect4.Machine.driveStep	Effect4.Machine.linkScope	Effect4.Machine.RunEvent	parkedOn.fiber
Effect4.Machine.driveStep	Effect4.Machine.linkScope	Effect4.Machine.RunEvent	parkedOn.token
Effect4.Machine.driveStep	Effect4.Machine.linkScope	Effect4.Machine.RunEvent	resumedWith.fiber
Effect4.Machine.driveStep	Effect4.Machine.linkScope	Effect4.Machine.RunEvent	resumedWith.token
Effect4.Machine.driveStep	Effect4.Machine.linkScope	Effect4.Machine.RunEvent	resumedWith.answer
Effect4.Machine.driveStep	Effect4.Machine.linkScope	Effect4.Machine.RunEvent	interruptRecorded.interruptor
Effect4.Machine.driveStep	Effect4.Machine.linkScope	Effect4.Machine.RunEvent	interruptRecorded.target
Effect4.Machine.driveStep	Effect4.Machine.linkScope	Effect4.Machine.RunEvent	interruptDeferred.target
Effect4.Machine.driveStep	Effect4.Machine.linkScope	Effect4.Machine.RunEvent	childrenInterrupted.parent
Effect4.Machine.driveStep	Effect4.Machine.linkScope	Effect4.Machine.RunEvent	childrenInterrupted.children
Effect4.Machine.driveStep	Effect4.Machine.linkScope	Effect4.Machine.RunEvent	observerFired.fiber
Effect4.Machine.driveStep	Effect4.Machine.linkScope	Effect4.Machine.RunEvent	observerFired.observer
Effect4.Machine.driveStep	Effect4.Machine.linkScope	Effect4.Machine.RunEvent	frame.fiber
Effect4.Machine.driveStep	Effect4.Machine.linkScope	Effect4.Machine.RunEvent	frame.event
Effect4.Machine.driveStep	Effect4.Machine.linkScope	Effect4.Machine.RunEvent	finalizerProgram.fiber
Effect4.Machine.driveStep	Effect4.Machine.linkScope	Effect4.Machine.RunEvent	finalizerProgram.finalizer
Effect4.Machine.driveStep	Effect4.Machine.linkScope	Effect4.Machine.RunEvent	finalizerProgram.exit
Effect4.Machine.driveStep	Effect4.Machine.linkScope	Effect4.Machine.RunEvent	scopeLinked.mode
Effect4.Machine.driveStep	Effect4.Machine.linkScope	Effect4.Machine.RunEvent	scopeLinked.scope
Effect4.Machine.driveStep	Effect4.Machine.linkScope	Effect4.Machine.RunEvent	scopeLinked.key
Effect4.Machine.driveStep	Effect4.Machine.linkScope	Effect4.Machine.RunEvent	scopeLinked.fiber
Effect4.Machine.driveStep	Effect4.Machine.linkScope	Effect4.Machine.RunEvent	scopeClosedOnLink.scope
Effect4.Machine.driveStep	Effect4.Machine.linkScope	Effect4.Machine.RunEvent	scopeClosedOnLink.fiber
Effect4.Machine.driveStep	Effect4.Machine.linkScope	Effect4.Machine.RunEvent	raceStarted.race
Effect4.Machine.driveStep	Effect4.Machine.linkScope	Effect4.Machine.RunEvent	raceStarted.host
Effect4.Machine.driveStep	Effect4.Machine.linkScope	Effect4.Machine.RunEvent	raceStarted.entrants
Effect4.Machine.driveStep	Effect4.Machine.linkScope	Effect4.Machine.RunEvent	raceLaunched.race
Effect4.Machine.driveStep	Effect4.Machine.linkScope	Effect4.Machine.RunEvent	raceLaunched.entrant
Effect4.Machine.driveStep	Effect4.Machine.linkScope	Effect4.Machine.RunEvent	raceSettled.race
Effect4.Machine.driveStep	Effect4.Machine.linkScope	Effect4.Machine.RunEvent	raceSettled.exit
Effect4.Machine.driveStep	Effect4.Machine.linkScope	Effect4.Machine.RunEvent	contextSet.fiber
Effect4.Machine.driveStep	Effect4.Machine.linkScope	Effect4.Machine.RunEvent	contextSet.context
Effect4.Machine.driveStep	Effect4.Machine.linkScope	Effect4.Machine.RunEvent	callback.key
Effect4.Machine.driveStep	Effect4.Machine.linkScope	Effect4.Machine.RunEvent	callback.exit
Effect4.Machine.driveStep	Effect4.Machine.linkScope	Effect4.Machine.RunEvent	exited.fiber
Effect4.Machine.driveStep	Effect4.Machine.linkScope	Effect4.Machine.RunEvent	exited.exit
Effect4.Machine.driveStep	Effect4.Machine.linkScope	Effect4.Machine.Cmd	evaluate.fiber
Effect4.Machine.driveStep	Effect4.Machine.linkScope	Effect4.Machine.Cmd	loop.fiber
Effect4.Machine.driveStep	Effect4.Machine.linkScope	Effect4.Machine.Cmd	loop.yielding
Effect4.Machine.driveStep	Effect4.Machine.linkScope	Effect4.Machine.Cmd	deliver.fiber
Effect4.Machine.driveStep	Effect4.Machine.linkScope	Effect4.Machine.Cmd	deliver.yielding
Effect4.Machine.driveStep	Effect4.Machine.linkScope	Effect4.Machine.Cmd	finish.fiber
Effect4.Machine.driveStep	Effect4.Machine.linkScope	Effect4.Machine.Cmd	finish.exit
Effect4.Machine.driveStep	Effect4.Machine.linkScope	Effect4.Machine.Cmd	resume.fiber
Effect4.Machine.driveStep	Effect4.Machine.linkScope	Effect4.Machine.Cmd	resume.token
Effect4.Machine.driveStep	Effect4.Machine.linkScope	Effect4.Machine.Cmd	resume.answer
Effect4.Machine.driveStep	Effect4.Machine.linkScope	Effect4.Machine.Cmd	launch.race
Effect4.Machine.driveStep	Effect4.Machine.linkScope	Effect4.Machine.Cmd	enrollRace.race
Effect4.Machine.driveStep	Effect4.Machine.linkScope	Effect4.Machine.Cmd	enrollRace.child
Effect4.Machine.driveStep	Effect4.Machine.linkScope	Effect4.Machine.Cmd	registrationDone.race
Effect4.Machine.driveStep	Effect4.Machine.linkScope	Effect4.Machine.Cmd	registrationDone.yielding
Effect4.Machine.driveStep	Effect4.Machine.linkScope	Effect4.Machine.Cmd	interruptTarget.target
Effect4.Machine.driveStep	Effect4.Machine.linkScope	Effect4.Machine.Cmd	interruptTarget.who
Effect4.Machine.driveStep	Effect4.Machine.linkScope	Effect4.Machine.Cmd	interruptTarget.extra
Effect4.Machine.driveStep	Effect4.Machine.linkScope	Effect4.Machine.Cmd	afterInterrupt.host
Effect4.Machine.driveStep	Effect4.Machine.linkScope	Effect4.Machine.Cmd	afterInterrupt.yielding
Effect4.Machine.driveStep	Effect4.Machine.linkScope	Effect4.Machine.Cmd	afterInterrupt.kind
Effect4.Machine.driveStep	Effect4.Machine.linkScope	Effect4.Machine.Cmd	raceCancel.race
Effect4.Machine.driveStep	Effect4.Machine.linkScope	Effect4.Machine.Cmd	raceCancel.host
Effect4.Machine.driveStep	Effect4.Machine.linkScope	Effect4.Machine.Cmd	raceCancel.yielding
Effect4.Machine.driveStep	Effect4.Machine.linkScope	Effect4.Machine.Cmd	raceCancel.remaining
Effect4.Machine.driveStep	Effect4.Machine.linkScope	Effect4.Machine.Cmd	raceCancel.visited
Effect4.Machine.driveStep	Effect4.Machine.linkScope	Effect4.Machine.Cmd	trackChild.parent
Effect4.Machine.driveStep	Effect4.Machine.linkScope	Effect4.Machine.Cmd	trackChild.child
Effect4.Machine.driveStep	Effect4.Machine.linkScope	Effect4.Machine.Cmd	observe.fiber
Effect4.Machine.driveStep	Effect4.Machine.linkScope	Effect4.Machine.Cmd	observe.exit
Effect4.Machine.driveStep	Effect4.Machine.linkScope	Effect4.Machine.Cmd	observe.observer
Effect4.Machine.driveStep	Effect4.Machine.linkScope	Effect4.Machine.Cmd	exitDone.fiber
Effect4.Machine.driveStep	Effect4.Machine.linkScope	Effect4.Machine.Cmd	closeParAwait.host
Effect4.Machine.driveStep	Effect4.Machine.linkScope	Effect4.Machine.Cmd	closeParAwait.yielding
Effect4.Machine.driveStep	Effect4.Machine.linkScope	Effect4.Machine.Cmd	closeParAwait.fibers
Effect4.Machine.driveStep	Effect4.Machine.linkScope	Effect4.Machine.Cmd	link.mode
Effect4.Machine.driveStep	Effect4.Machine.linkScope	Effect4.Machine.Cmd	link.scope
Effect4.Machine.driveStep	Effect4.Machine.linkScope	Effect4.Machine.Cmd	link.target
Effect4.Machine.driveStep	Effect4.Machine.linkScope	Effect4.Machine.Cmd	link.interruptor
Effect4.Machine.driveStep	Effect4.Machine.linkScope	Effect4.Machine.Cmd	link.extra
Effect4.Machine.driveStep	Effect4.Machine.linkScope	Effect4.Machine.Cmd	wake.list
Effect4.Machine.driveStep	Effect4.Machine.linkScope	Effect4.Machine.Cmd	wake.phase
Effect4.Machine.driveStep	Effect4.Machine.RunMachine.modify	Effect4.Machine.RunFiber	id
Effect4.Machine.driveStep	Effect4.Machine.RunMachine.modify	Effect4.Machine.RunFiber	frame
Effect4.Machine.driveStep	Effect4.Machine.RunMachine.modify	Effect4.Machine.RunFiber	running
Effect4.Machine.driveStep	Effect4.Machine.RunMachine.modify	Effect4.Machine.RunFiber	parked
Effect4.Machine.driveStep	Effect4.Machine.RunMachine.modify	Effect4.Machine.RunFiber	pending
Effect4.Machine.driveStep	Effect4.Machine.RunMachine.modify	Effect4.Machine.RunFiber	finalizing
Effect4.Machine.driveStep	Effect4.Machine.RunMachine.modify	Effect4.Machine.RunFiber	exit
Effect4.Machine.driveStep	Effect4.Machine.RunMachine.modify	Effect4.Machine.RunFiber	currentOpCount
Effect4.Machine.driveStep	Effect4.Machine.RunMachine.modify	Effect4.Machine.RunFiber	maxOpsBeforeYield
Effect4.Machine.driveStep	Effect4.Machine.RunMachine.modify	Effect4.Machine.RunFiber	preventYield
Effect4.Machine.driveStep	Effect4.Machine.RunMachine.modify	Effect4.Machine.RunFiber	yieldOverride
Effect4.Machine.driveStep	Effect4.Machine.RunMachine.modify	Effect4.Machine.RunFiber	observers
Effect4.Machine.driveStep	Effect4.Machine.RunMachine.modify	Effect4.Machine.RunFiber	children
Effect4.Machine.driveStep	Effect4.Machine.RunMachine.modify	Effect4.Machine.RunFiber	dispatcher
Effect4.Machine.driveStep	Effect4.Machine.RunMachine.modify	Effect4.Machine.RunFiber	context
Effect4.Machine.driveStep	Effect4.Machine.interruptRecord	Effect4.Machine.RunFiber	exit
Effect4.Machine.driveStep	Effect4.Machine.interruptRecord	Effect4.Machine.RunFiber	id
Effect4.Machine.driveStep	Effect4.Machine.interruptRecord	Effect4.Machine.RunFiber	frame
Effect4.Machine.driveStep	Effect4.Machine.interruptRecord	Effect4.Machine.RunFiber	running
Effect4.Machine.driveStep	Effect4.Machine.interruptRecord	Effect4.Machine.RunFiber	parked
Effect4.Machine.driveStep	Effect4.Machine.interruptRecord	Effect4.Machine.RunFiber	pending
Effect4.Machine.driveStep	Effect4.Machine.interruptRecord	Effect4.Machine.RunFiber	finalizing
Effect4.Machine.driveStep	Effect4.Machine.interruptRecord	Effect4.Machine.RunFiber	currentOpCount
Effect4.Machine.driveStep	Effect4.Machine.interruptRecord	Effect4.Machine.RunFiber	maxOpsBeforeYield
Effect4.Machine.driveStep	Effect4.Machine.interruptRecord	Effect4.Machine.RunFiber	preventYield
Effect4.Machine.driveStep	Effect4.Machine.interruptRecord	Effect4.Machine.RunFiber	yieldOverride
Effect4.Machine.driveStep	Effect4.Machine.interruptRecord	Effect4.Machine.RunFiber	observers
Effect4.Machine.driveStep	Effect4.Machine.interruptRecord	Effect4.Machine.RunFiber	children
Effect4.Machine.driveStep	Effect4.Machine.interruptRecord	Effect4.Machine.RunFiber	dispatcher
Effect4.Machine.driveStep	Effect4.Machine.interruptRecord	Effect4.Machine.RunFiber	context
Effect4.Machine.driveStep	Effect4.Machine.interruptEach.match_1	Effect4.Machine.RunFiber	id
Effect4.Machine.driveStep	Effect4.Machine.interruptEach.match_1	Effect4.Machine.RunFiber	frame
Effect4.Machine.driveStep	Effect4.Machine.interruptEach.match_1	Effect4.Machine.RunFiber	running
Effect4.Machine.driveStep	Effect4.Machine.interruptEach.match_1	Effect4.Machine.RunFiber	parked
Effect4.Machine.driveStep	Effect4.Machine.interruptEach.match_1	Effect4.Machine.RunFiber	pending
Effect4.Machine.driveStep	Effect4.Machine.interruptEach.match_1	Effect4.Machine.RunFiber	finalizing
Effect4.Machine.driveStep	Effect4.Machine.interruptEach.match_1	Effect4.Machine.RunFiber	exit
Effect4.Machine.driveStep	Effect4.Machine.interruptEach.match_1	Effect4.Machine.RunFiber	currentOpCount
Effect4.Machine.driveStep	Effect4.Machine.interruptEach.match_1	Effect4.Machine.RunFiber	maxOpsBeforeYield
Effect4.Machine.driveStep	Effect4.Machine.interruptEach.match_1	Effect4.Machine.RunFiber	preventYield
Effect4.Machine.driveStep	Effect4.Machine.interruptEach.match_1	Effect4.Machine.RunFiber	yieldOverride
Effect4.Machine.driveStep	Effect4.Machine.interruptEach.match_1	Effect4.Machine.RunFiber	observers
Effect4.Machine.driveStep	Effect4.Machine.interruptEach.match_1	Effect4.Machine.RunFiber	children
Effect4.Machine.driveStep	Effect4.Machine.interruptEach.match_1	Effect4.Machine.RunFiber	dispatcher
Effect4.Machine.driveStep	Effect4.Machine.interruptEach.match_1	Effect4.Machine.RunFiber	context
Effect4.Machine.driveStep	Effect4.Machine.RunFiber.park	Effect4.Machine.RunFiber	id
Effect4.Machine.driveStep	Effect4.Machine.RunFiber.park	Effect4.Machine.RunFiber	frame
Effect4.Machine.driveStep	Effect4.Machine.RunFiber.park	Effect4.Machine.RunFiber	running
Effect4.Machine.driveStep	Effect4.Machine.RunFiber.park	Effect4.Machine.RunFiber	parked
Effect4.Machine.driveStep	Effect4.Machine.RunFiber.park	Effect4.Machine.RunFiber	pending
Effect4.Machine.driveStep	Effect4.Machine.RunFiber.park	Effect4.Machine.RunFiber	finalizing
Effect4.Machine.driveStep	Effect4.Machine.RunFiber.park	Effect4.Machine.RunFiber	exit
Effect4.Machine.driveStep	Effect4.Machine.RunFiber.park	Effect4.Machine.RunFiber	currentOpCount
Effect4.Machine.driveStep	Effect4.Machine.RunFiber.park	Effect4.Machine.RunFiber	maxOpsBeforeYield
Effect4.Machine.driveStep	Effect4.Machine.RunFiber.park	Effect4.Machine.RunFiber	preventYield
Effect4.Machine.driveStep	Effect4.Machine.RunFiber.park	Effect4.Machine.RunFiber	yieldOverride
Effect4.Machine.driveStep	Effect4.Machine.RunFiber.park	Effect4.Machine.RunFiber	observers
Effect4.Machine.driveStep	Effect4.Machine.RunFiber.park	Effect4.Machine.RunFiber	children
Effect4.Machine.driveStep	Effect4.Machine.RunFiber.park	Effect4.Machine.RunFiber	dispatcher
Effect4.Machine.driveStep	Effect4.Machine.RunFiber.park	Effect4.Machine.RunFiber	context
Effect4.Machine.driveStep	Effect4.Machine.RunFiber.park	Effect4.Machine.Pending	token
Effect4.Machine.driveStep	Effect4.Machine.RunFiber.park	Effect4.Machine.Pending	waitingOn
Effect4.Machine.driveStep	Effect4.Machine.RunFiber.park	Effect4.Machine.Pending	remaining
Effect4.Machine.driveStep	Effect4.Machine.RunFiber.park	Effect4.Machine.Pending	collected
Effect4.Machine.driveStep	Effect4.Machine.RunFiber.park	Effect4.Machine.Pending	resumeWith
Effect4.Machine.driveStep	Effect4.Machine.RunFiber.park	Effect4.Machine.Pending	failFast
Effect4.Machine.driveStep	Effect4.Machine.Pending.token	Effect4.Machine.Pending	token
Effect4.Machine.driveStep	Effect4.Machine.fireObserver	Effect4.Machine.RunEvent	forked.parent
Effect4.Machine.driveStep	Effect4.Machine.fireObserver	Effect4.Machine.RunEvent	forked.child
Effect4.Machine.driveStep	Effect4.Machine.fireObserver	Effect4.Machine.RunEvent	forked.daemon
Effect4.Machine.driveStep	Effect4.Machine.fireObserver	Effect4.Machine.RunEvent	started.fiber
Effect4.Machine.driveStep	Effect4.Machine.fireObserver	Effect4.Machine.RunEvent	scheduledTask.owner
Effect4.Machine.driveStep	Effect4.Machine.fireObserver	Effect4.Machine.RunEvent	scheduledTask.priority
Effect4.Machine.driveStep	Effect4.Machine.fireObserver	Effect4.Machine.RunEvent	scheduledTask.task
Effect4.Machine.driveStep	Effect4.Machine.fireObserver	Effect4.Machine.RunEvent	ranTask.owner
Effect4.Machine.driveStep	Effect4.Machine.fireObserver	Effect4.Machine.RunEvent	ranTask.task
Effect4.Machine.driveStep	Effect4.Machine.fireObserver	Effect4.Machine.RunEvent	yieldInjected.fiber
Effect4.Machine.driveStep	Effect4.Machine.fireObserver	Effect4.Machine.RunEvent	yieldInjected.atOp
Effect4.Machine.driveStep	Effect4.Machine.fireObserver	Effect4.Machine.RunEvent	parkedOn.fiber
Effect4.Machine.driveStep	Effect4.Machine.fireObserver	Effect4.Machine.RunEvent	parkedOn.token
Effect4.Machine.driveStep	Effect4.Machine.fireObserver	Effect4.Machine.RunEvent	resumedWith.fiber
Effect4.Machine.driveStep	Effect4.Machine.fireObserver	Effect4.Machine.RunEvent	resumedWith.token
Effect4.Machine.driveStep	Effect4.Machine.fireObserver	Effect4.Machine.RunEvent	resumedWith.answer
Effect4.Machine.driveStep	Effect4.Machine.fireObserver	Effect4.Machine.RunEvent	interruptRecorded.interruptor
Effect4.Machine.driveStep	Effect4.Machine.fireObserver	Effect4.Machine.RunEvent	interruptRecorded.target
Effect4.Machine.driveStep	Effect4.Machine.fireObserver	Effect4.Machine.RunEvent	interruptDeferred.target
Effect4.Machine.driveStep	Effect4.Machine.fireObserver	Effect4.Machine.RunEvent	childrenInterrupted.parent
Effect4.Machine.driveStep	Effect4.Machine.fireObserver	Effect4.Machine.RunEvent	childrenInterrupted.children
Effect4.Machine.driveStep	Effect4.Machine.fireObserver	Effect4.Machine.RunEvent	observerFired.fiber
Effect4.Machine.driveStep	Effect4.Machine.fireObserver	Effect4.Machine.RunEvent	observerFired.observer
Effect4.Machine.driveStep	Effect4.Machine.fireObserver	Effect4.Machine.RunEvent	frame.fiber
Effect4.Machine.driveStep	Effect4.Machine.fireObserver	Effect4.Machine.RunEvent	frame.event
Effect4.Machine.driveStep	Effect4.Machine.fireObserver	Effect4.Machine.RunEvent	finalizerProgram.fiber
Effect4.Machine.driveStep	Effect4.Machine.fireObserver	Effect4.Machine.RunEvent	finalizerProgram.finalizer
Effect4.Machine.driveStep	Effect4.Machine.fireObserver	Effect4.Machine.RunEvent	finalizerProgram.exit
Effect4.Machine.driveStep	Effect4.Machine.fireObserver	Effect4.Machine.RunEvent	scopeLinked.mode
Effect4.Machine.driveStep	Effect4.Machine.fireObserver	Effect4.Machine.RunEvent	scopeLinked.scope
Effect4.Machine.driveStep	Effect4.Machine.fireObserver	Effect4.Machine.RunEvent	scopeLinked.key
Effect4.Machine.driveStep	Effect4.Machine.fireObserver	Effect4.Machine.RunEvent	scopeLinked.fiber
Effect4.Machine.driveStep	Effect4.Machine.fireObserver	Effect4.Machine.RunEvent	scopeClosedOnLink.scope
Effect4.Machine.driveStep	Effect4.Machine.fireObserver	Effect4.Machine.RunEvent	scopeClosedOnLink.fiber
Effect4.Machine.driveStep	Effect4.Machine.fireObserver	Effect4.Machine.RunEvent	raceStarted.race
Effect4.Machine.driveStep	Effect4.Machine.fireObserver	Effect4.Machine.RunEvent	raceStarted.host
Effect4.Machine.driveStep	Effect4.Machine.fireObserver	Effect4.Machine.RunEvent	raceStarted.entrants
Effect4.Machine.driveStep	Effect4.Machine.fireObserver	Effect4.Machine.RunEvent	raceLaunched.race
Effect4.Machine.driveStep	Effect4.Machine.fireObserver	Effect4.Machine.RunEvent	raceLaunched.entrant
Effect4.Machine.driveStep	Effect4.Machine.fireObserver	Effect4.Machine.RunEvent	raceSettled.race
Effect4.Machine.driveStep	Effect4.Machine.fireObserver	Effect4.Machine.RunEvent	raceSettled.exit
Effect4.Machine.driveStep	Effect4.Machine.fireObserver	Effect4.Machine.RunEvent	contextSet.fiber
Effect4.Machine.driveStep	Effect4.Machine.fireObserver	Effect4.Machine.RunEvent	contextSet.context
Effect4.Machine.driveStep	Effect4.Machine.fireObserver	Effect4.Machine.RunEvent	callback.key
Effect4.Machine.driveStep	Effect4.Machine.fireObserver	Effect4.Machine.RunEvent	callback.exit
Effect4.Machine.driveStep	Effect4.Machine.fireObserver	Effect4.Machine.RunEvent	exited.fiber
Effect4.Machine.driveStep	Effect4.Machine.fireObserver	Effect4.Machine.RunEvent	exited.exit
Effect4.Machine.driveStep	Effect4.Machine.fireObserver	Effect4.Machine.Cmd	evaluate.fiber
Effect4.Machine.driveStep	Effect4.Machine.fireObserver	Effect4.Machine.Cmd	loop.fiber
Effect4.Machine.driveStep	Effect4.Machine.fireObserver	Effect4.Machine.Cmd	loop.yielding
Effect4.Machine.driveStep	Effect4.Machine.fireObserver	Effect4.Machine.Cmd	deliver.fiber
Effect4.Machine.driveStep	Effect4.Machine.fireObserver	Effect4.Machine.Cmd	deliver.yielding
Effect4.Machine.driveStep	Effect4.Machine.fireObserver	Effect4.Machine.Cmd	finish.fiber
Effect4.Machine.driveStep	Effect4.Machine.fireObserver	Effect4.Machine.Cmd	finish.exit
Effect4.Machine.driveStep	Effect4.Machine.fireObserver	Effect4.Machine.Cmd	resume.fiber
Effect4.Machine.driveStep	Effect4.Machine.fireObserver	Effect4.Machine.Cmd	resume.token
Effect4.Machine.driveStep	Effect4.Machine.fireObserver	Effect4.Machine.Cmd	resume.answer
Effect4.Machine.driveStep	Effect4.Machine.fireObserver	Effect4.Machine.Cmd	launch.race
Effect4.Machine.driveStep	Effect4.Machine.fireObserver	Effect4.Machine.Cmd	enrollRace.race
Effect4.Machine.driveStep	Effect4.Machine.fireObserver	Effect4.Machine.Cmd	enrollRace.child
Effect4.Machine.driveStep	Effect4.Machine.fireObserver	Effect4.Machine.Cmd	registrationDone.race
Effect4.Machine.driveStep	Effect4.Machine.fireObserver	Effect4.Machine.Cmd	registrationDone.yielding
Effect4.Machine.driveStep	Effect4.Machine.fireObserver	Effect4.Machine.Cmd	interruptTarget.target
Effect4.Machine.driveStep	Effect4.Machine.fireObserver	Effect4.Machine.Cmd	interruptTarget.who
Effect4.Machine.driveStep	Effect4.Machine.fireObserver	Effect4.Machine.Cmd	interruptTarget.extra
Effect4.Machine.driveStep	Effect4.Machine.fireObserver	Effect4.Machine.Cmd	afterInterrupt.host
Effect4.Machine.driveStep	Effect4.Machine.fireObserver	Effect4.Machine.Cmd	afterInterrupt.yielding
Effect4.Machine.driveStep	Effect4.Machine.fireObserver	Effect4.Machine.Cmd	afterInterrupt.kind
Effect4.Machine.driveStep	Effect4.Machine.fireObserver	Effect4.Machine.Cmd	raceCancel.race
Effect4.Machine.driveStep	Effect4.Machine.fireObserver	Effect4.Machine.Cmd	raceCancel.host
Effect4.Machine.driveStep	Effect4.Machine.fireObserver	Effect4.Machine.Cmd	raceCancel.yielding
Effect4.Machine.driveStep	Effect4.Machine.fireObserver	Effect4.Machine.Cmd	raceCancel.remaining
Effect4.Machine.driveStep	Effect4.Machine.fireObserver	Effect4.Machine.Cmd	raceCancel.visited
Effect4.Machine.driveStep	Effect4.Machine.fireObserver	Effect4.Machine.Cmd	trackChild.parent
Effect4.Machine.driveStep	Effect4.Machine.fireObserver	Effect4.Machine.Cmd	trackChild.child
Effect4.Machine.driveStep	Effect4.Machine.fireObserver	Effect4.Machine.Cmd	observe.fiber
Effect4.Machine.driveStep	Effect4.Machine.fireObserver	Effect4.Machine.Cmd	observe.exit
Effect4.Machine.driveStep	Effect4.Machine.fireObserver	Effect4.Machine.Cmd	observe.observer
Effect4.Machine.driveStep	Effect4.Machine.fireObserver	Effect4.Machine.Cmd	exitDone.fiber
Effect4.Machine.driveStep	Effect4.Machine.fireObserver	Effect4.Machine.Cmd	closeParAwait.host
Effect4.Machine.driveStep	Effect4.Machine.fireObserver	Effect4.Machine.Cmd	closeParAwait.yielding
Effect4.Machine.driveStep	Effect4.Machine.fireObserver	Effect4.Machine.Cmd	closeParAwait.fibers
Effect4.Machine.driveStep	Effect4.Machine.fireObserver	Effect4.Machine.Cmd	link.mode
Effect4.Machine.driveStep	Effect4.Machine.fireObserver	Effect4.Machine.Cmd	link.scope
Effect4.Machine.driveStep	Effect4.Machine.fireObserver	Effect4.Machine.Cmd	link.target
Effect4.Machine.driveStep	Effect4.Machine.fireObserver	Effect4.Machine.Cmd	link.interruptor
Effect4.Machine.driveStep	Effect4.Machine.fireObserver	Effect4.Machine.Cmd	link.extra
Effect4.Machine.driveStep	Effect4.Machine.fireObserver	Effect4.Machine.Cmd	wake.list
Effect4.Machine.driveStep	Effect4.Machine.fireObserver	Effect4.Machine.Cmd	wake.phase
Effect4.Machine.driveStep	Effect4.Machine.fireObserver	Effect4.Machine.RunFiber	id
Effect4.Machine.driveStep	Effect4.Machine.fireObserver	Effect4.Machine.RunFiber	frame
Effect4.Machine.driveStep	Effect4.Machine.fireObserver	Effect4.Machine.RunFiber	running
Effect4.Machine.driveStep	Effect4.Machine.fireObserver	Effect4.Machine.RunFiber	parked
Effect4.Machine.driveStep	Effect4.Machine.fireObserver	Effect4.Machine.RunFiber	pending
Effect4.Machine.driveStep	Effect4.Machine.fireObserver	Effect4.Machine.RunFiber	finalizing
Effect4.Machine.driveStep	Effect4.Machine.fireObserver	Effect4.Machine.RunFiber	exit
Effect4.Machine.driveStep	Effect4.Machine.fireObserver	Effect4.Machine.RunFiber	currentOpCount
Effect4.Machine.driveStep	Effect4.Machine.fireObserver	Effect4.Machine.RunFiber	maxOpsBeforeYield
Effect4.Machine.driveStep	Effect4.Machine.fireObserver	Effect4.Machine.RunFiber	preventYield
Effect4.Machine.driveStep	Effect4.Machine.fireObserver	Effect4.Machine.RunFiber	yieldOverride
Effect4.Machine.driveStep	Effect4.Machine.fireObserver	Effect4.Machine.RunFiber	observers
Effect4.Machine.driveStep	Effect4.Machine.fireObserver	Effect4.Machine.RunFiber	children
Effect4.Machine.driveStep	Effect4.Machine.fireObserver	Effect4.Machine.RunFiber	dispatcher
Effect4.Machine.driveStep	Effect4.Machine.fireObserver	Effect4.Machine.RunFiber	context
Effect4.Machine.driveStep	Effect4.Machine.fireObserver	Effect4.Machine.Pending	token
Effect4.Machine.driveStep	Effect4.Machine.fireObserver	Effect4.Machine.Pending	collected
Effect4.Machine.driveStep	Effect4.Machine.fireObserver	Effect4.Machine.Pending	failFast
Effect4.Machine.driveStep	Effect4.Machine.fireObserver	Effect4.Machine.Pending	remaining
Effect4.Machine.driveStep	Effect4.Machine.fireObserver	Effect4.Machine.Pending	waitingOn
Effect4.Machine.driveStep	Effect4.Machine.fireObserver	Effect4.Machine.Pending	resumeWith
Effect4.Machine.driveStep	Effect4.Machine.fireObserver	Effect4.Machine.Resume	continueWith.name
Effect4.Machine.driveStep	Effect4.Machine.fireObserver	Effect4.Supervision.RaceAllState	unstarted
Effect4.Machine.driveStep	Effect4.Machine.fireObserver	Effect4.Supervision.RaceAllState	starting
Effect4.Machine.driveStep	Effect4.Machine.fireObserver	Effect4.Supervision.RaceAllState	live
Effect4.Machine.driveStep	Effect4.Machine.fireObserver	Effect4.Supervision.RaceAllState	remaining
Effect4.Machine.driveStep	Effect4.Machine.fireObserver	Effect4.Supervision.RaceAllState	failures
Effect4.Machine.driveStep	Effect4.Machine.fireObserver	Effect4.Supervision.RaceAllState	winner
Effect4.Machine.driveStep	Effect4.Machine.fireObserver	Effect4.Supervision.RaceAllState	accepted
Effect4.Machine.driveStep	Effect4.Machine.fireObserver	Effect4.Supervision.RaceAllState	cleanupNeeded
Effect4.Machine.driveStep	Effect4.Machine.fireObserver	Effect4.Supervision.RaceAllState	requests
Effect4.Machine.driveStep	Effect4.Machine.fireObserver	Effect4.Supervision.RaceAllState	cleanup
Effect4.Machine.driveStep	Effect4.Machine.fireObserver	Effect4.Supervision.RaceAllState	cleanupRequested
Effect4.Machine.driveStep	Effect4.Machine.fireObserver	Effect4.Machine.Race	state
Effect4.Machine.driveStep	Effect4.Machine.fireObserver	Effect4.Machine.Race	id
Effect4.Machine.driveStep	Effect4.Machine.fireObserver	Effect4.Machine.Race	host
Effect4.Machine.driveStep	Effect4.Machine.fireObserver	Effect4.Machine.Race	token
Effect4.Machine.driveStep	Effect4.Machine.fireObserver	Effect4.Machine.Race	settled
Effect4.Machine.driveStep	Effect4.Machine.fireObserver	Effect4.Machine.Race	programs
Effect4.Machine.driveStep	Effect4.Machine.fireObserver	Effect4.Machine.Race	registering
Effect4.Machine.driveStep	Effect4.Machine.fireObserver	Effect4.Machine.Race	nextSite
Effect4.Machine.driveStep	Effect4.Supervision.RaceAllState.cleanupNeeded	Effect4.Supervision.RaceAllState	cleanupNeeded
Effect4.Machine.driveStep	Effect4.Supervision.RaceAllState.accepted	Effect4.Supervision.RaceAllState	accepted
Effect4.Machine.driveStep	Effect4.Machine.RunMachine.updateRace	Effect4.Machine.Race	id
Effect4.Machine.driveStep	Effect4.Machine.RunMachine.updateRace	Effect4.Machine.Race	host
Effect4.Machine.driveStep	Effect4.Machine.RunMachine.updateRace	Effect4.Machine.Race	token
Effect4.Machine.driveStep	Effect4.Machine.RunMachine.updateRace	Effect4.Machine.Race	state
Effect4.Machine.driveStep	Effect4.Machine.RunMachine.updateRace	Effect4.Machine.Race	settled
Effect4.Machine.driveStep	Effect4.Machine.RunMachine.updateRace	Effect4.Machine.Race	programs
Effect4.Machine.driveStep	Effect4.Machine.RunMachine.updateRace	Effect4.Machine.Race	registering
Effect4.Machine.driveStep	Effect4.Machine.RunMachine.updateRace	Effect4.Machine.Race	nextSite
Effect4.Machine.driveStep	Effect4.Machine.Race.id	Effect4.Machine.Race	id
Effect4.Machine.driveStep	Effect4.Machine.Race.nextSite	Effect4.Machine.Race	nextSite
Effect4.Machine.driveStep	Effect4.Machine.Race.registering	Effect4.Machine.Race	registering
Effect4.Machine.driveStep	Effect4.Machine.Race.programs	Effect4.Machine.Race	programs
Effect4.Machine.driveStep	Effect4.Machine.Race.settled	Effect4.Machine.Race	settled
Effect4.Machine.driveStep	Effect4.Machine.Race.token	Effect4.Machine.Race	token
Effect4.Machine.driveStep	Effect4.Machine.Race.host	Effect4.Machine.Race	host
Effect4.Machine.driveStep	Effect4.Machine.Race.state	Effect4.Supervision.RaceAllState	unstarted
Effect4.Machine.driveStep	Effect4.Machine.Race.state	Effect4.Supervision.RaceAllState	starting
Effect4.Machine.driveStep	Effect4.Machine.Race.state	Effect4.Supervision.RaceAllState	live
Effect4.Machine.driveStep	Effect4.Machine.Race.state	Effect4.Supervision.RaceAllState	remaining
Effect4.Machine.driveStep	Effect4.Machine.Race.state	Effect4.Supervision.RaceAllState	failures
Effect4.Machine.driveStep	Effect4.Machine.Race.state	Effect4.Supervision.RaceAllState	winner
Effect4.Machine.driveStep	Effect4.Machine.Race.state	Effect4.Supervision.RaceAllState	accepted
Effect4.Machine.driveStep	Effect4.Machine.Race.state	Effect4.Supervision.RaceAllState	cleanupNeeded
Effect4.Machine.driveStep	Effect4.Machine.Race.state	Effect4.Supervision.RaceAllState	requests
Effect4.Machine.driveStep	Effect4.Machine.Race.state	Effect4.Supervision.RaceAllState	cleanup
Effect4.Machine.driveStep	Effect4.Machine.Race.state	Effect4.Supervision.RaceAllState	cleanupRequested
Effect4.Machine.driveStep	Effect4.Machine.Race.state	Effect4.Machine.Race	state
Effect4.Machine.driveStep	Effect4.Supervision.raceComplete	Effect4.Supervision.RaceAllState	unstarted
Effect4.Machine.driveStep	Effect4.Supervision.raceComplete	Effect4.Supervision.RaceAllState	starting
Effect4.Machine.driveStep	Effect4.Supervision.raceComplete	Effect4.Supervision.RaceAllState	live
Effect4.Machine.driveStep	Effect4.Supervision.raceComplete	Effect4.Supervision.RaceAllState	remaining
Effect4.Machine.driveStep	Effect4.Supervision.raceComplete	Effect4.Supervision.RaceAllState	failures
Effect4.Machine.driveStep	Effect4.Supervision.raceComplete	Effect4.Supervision.RaceAllState	winner
Effect4.Machine.driveStep	Effect4.Supervision.raceComplete	Effect4.Supervision.RaceAllState	accepted
Effect4.Machine.driveStep	Effect4.Supervision.raceComplete	Effect4.Supervision.RaceAllState	cleanupNeeded
Effect4.Machine.driveStep	Effect4.Supervision.raceComplete	Effect4.Supervision.RaceAllState	requests
Effect4.Machine.driveStep	Effect4.Supervision.raceComplete	Effect4.Supervision.RaceAllState	cleanup
Effect4.Machine.driveStep	Effect4.Supervision.raceComplete	Effect4.Supervision.RaceAllState	cleanupRequested
Effect4.Machine.driveStep	Effect4.Supervision.raceComplete	Effect4.Supervision.WaitState	targets
Effect4.Machine.driveStep	Effect4.Supervision.raceComplete	Effect4.Supervision.WaitState	published
Effect4.Machine.driveStep	Effect4.Supervision.raceComplete	Effect4.Supervision.WaitState	result
Effect4.Machine.driveStep	Effect4.Supervision.RaceAllState.cleanupRequested	Effect4.Supervision.RaceAllState	cleanupRequested
Effect4.Machine.driveStep	Effect4.Supervision.RaceAllState.cleanup	Effect4.Supervision.RaceAllState	cleanup
Effect4.Machine.driveStep	Effect4.Supervision.WaitState.result	Effect4.Supervision.WaitState	result
Effect4.Machine.driveStep	Effect4.Supervision.WaitState.published	Effect4.Supervision.WaitState	published
Effect4.Machine.driveStep	Effect4.Supervision.WaitState.targets	Effect4.Supervision.WaitState	targets
Effect4.Machine.driveStep	Effect4.Supervision.WaitState.pending	Effect4.Supervision.WaitState	published
Effect4.Machine.driveStep	Effect4.Supervision.WaitState.pending	Effect4.Supervision.WaitState	targets
Effect4.Machine.driveStep	Effect4.Supervision.RaceAllState.requests	Effect4.Supervision.RaceAllState	requests
Effect4.Machine.driveStep	Effect4.Supervision.RaceAllState.winner	Effect4.Supervision.RaceAllState	winner
Effect4.Machine.driveStep	Effect4.Supervision.RaceAllState.failures	Effect4.Supervision.RaceAllState	failures
Effect4.Machine.driveStep	Effect4.Supervision.RaceAllState.remaining	Effect4.Supervision.RaceAllState	remaining
Effect4.Machine.driveStep	Effect4.Supervision.RaceAllState.starting	Effect4.Supervision.RaceAllState	starting
Effect4.Machine.driveStep	Effect4.Supervision.RaceAllState.unstarted	Effect4.Supervision.RaceAllState	unstarted
Effect4.Machine.driveStep	Effect4.Supervision.RaceAllState.live	Effect4.Supervision.RaceAllState	live
Effect4.Machine.driveStep	Effect4.Machine.RunMachine.race?	Effect4.Machine.Race	id
Effect4.Machine.driveStep	Effect4.Machine.registerRace.match_1	Effect4.Machine.Race	id
Effect4.Machine.driveStep	Effect4.Machine.registerRace.match_1	Effect4.Machine.Race	host
Effect4.Machine.driveStep	Effect4.Machine.registerRace.match_1	Effect4.Machine.Race	token
Effect4.Machine.driveStep	Effect4.Machine.registerRace.match_1	Effect4.Machine.Race	state
Effect4.Machine.driveStep	Effect4.Machine.registerRace.match_1	Effect4.Machine.Race	settled
Effect4.Machine.driveStep	Effect4.Machine.registerRace.match_1	Effect4.Machine.Race	programs
Effect4.Machine.driveStep	Effect4.Machine.registerRace.match_1	Effect4.Machine.Race	registering
Effect4.Machine.driveStep	Effect4.Machine.registerRace.match_1	Effect4.Machine.Race	nextSite
Effect4.Machine.driveStep	Effect4.Machine.countdownPark.resumePrim	Effect4.Machine.Resume	continueWith.name
Effect4.Machine.driveStep	Effect4.Machine.countdownPark.resumePrim.match_1	Effect4.Machine.Resume	continueWith.name
Effect4.Machine.driveStep	Effect4.Machine.Resume.casesOn	Effect4.Machine.Resume	continueWith.name
Effect4.Machine.driveStep	Effect4.Machine.Pending.resumeWith	Effect4.Machine.Resume	continueWith.name
Effect4.Machine.driveStep	Effect4.Machine.Pending.resumeWith	Effect4.Machine.Pending	resumeWith
Effect4.Machine.driveStep	Effect4.Machine.countdownWalk._f	Effect4.Machine.RunFiber	exit
Effect4.Machine.driveStep	Effect4.Machine.Pending.remaining	Effect4.Machine.Pending	remaining
Effect4.Machine.driveStep	Effect4.Machine.interruptEach	Effect4.Machine.RunFiber	id
Effect4.Machine.driveStep	Effect4.Machine.interruptEach	Effect4.Machine.RunFiber	frame
Effect4.Machine.driveStep	Effect4.Machine.interruptEach	Effect4.Machine.RunFiber	running
Effect4.Machine.driveStep	Effect4.Machine.interruptEach	Effect4.Machine.RunFiber	parked
Effect4.Machine.driveStep	Effect4.Machine.interruptEach	Effect4.Machine.RunFiber	pending
Effect4.Machine.driveStep	Effect4.Machine.interruptEach	Effect4.Machine.RunFiber	finalizing
Effect4.Machine.driveStep	Effect4.Machine.interruptEach	Effect4.Machine.RunFiber	exit
Effect4.Machine.driveStep	Effect4.Machine.interruptEach	Effect4.Machine.RunFiber	currentOpCount
Effect4.Machine.driveStep	Effect4.Machine.interruptEach	Effect4.Machine.RunFiber	maxOpsBeforeYield
Effect4.Machine.driveStep	Effect4.Machine.interruptEach	Effect4.Machine.RunFiber	preventYield
Effect4.Machine.driveStep	Effect4.Machine.interruptEach	Effect4.Machine.RunFiber	yieldOverride
Effect4.Machine.driveStep	Effect4.Machine.interruptEach	Effect4.Machine.RunFiber	observers
Effect4.Machine.driveStep	Effect4.Machine.interruptEach	Effect4.Machine.RunFiber	children
Effect4.Machine.driveStep	Effect4.Machine.interruptEach	Effect4.Machine.RunFiber	dispatcher
Effect4.Machine.driveStep	Effect4.Machine.interruptEach	Effect4.Machine.RunFiber	context
Effect4.Machine.driveStep	Effect4.Machine.interruptEach	Effect4.Machine.RunEvent	forked.parent
Effect4.Machine.driveStep	Effect4.Machine.interruptEach	Effect4.Machine.RunEvent	forked.child
Effect4.Machine.driveStep	Effect4.Machine.interruptEach	Effect4.Machine.RunEvent	forked.daemon
Effect4.Machine.driveStep	Effect4.Machine.interruptEach	Effect4.Machine.RunEvent	started.fiber
Effect4.Machine.driveStep	Effect4.Machine.interruptEach	Effect4.Machine.RunEvent	scheduledTask.owner
Effect4.Machine.driveStep	Effect4.Machine.interruptEach	Effect4.Machine.RunEvent	scheduledTask.priority
Effect4.Machine.driveStep	Effect4.Machine.interruptEach	Effect4.Machine.RunEvent	scheduledTask.task
Effect4.Machine.driveStep	Effect4.Machine.interruptEach	Effect4.Machine.RunEvent	ranTask.owner
Effect4.Machine.driveStep	Effect4.Machine.interruptEach	Effect4.Machine.RunEvent	ranTask.task
Effect4.Machine.driveStep	Effect4.Machine.interruptEach	Effect4.Machine.RunEvent	yieldInjected.fiber
Effect4.Machine.driveStep	Effect4.Machine.interruptEach	Effect4.Machine.RunEvent	yieldInjected.atOp
Effect4.Machine.driveStep	Effect4.Machine.interruptEach	Effect4.Machine.RunEvent	parkedOn.fiber
Effect4.Machine.driveStep	Effect4.Machine.interruptEach	Effect4.Machine.RunEvent	parkedOn.token
Effect4.Machine.driveStep	Effect4.Machine.interruptEach	Effect4.Machine.RunEvent	resumedWith.fiber
Effect4.Machine.driveStep	Effect4.Machine.interruptEach	Effect4.Machine.RunEvent	resumedWith.token
Effect4.Machine.driveStep	Effect4.Machine.interruptEach	Effect4.Machine.RunEvent	resumedWith.answer
Effect4.Machine.driveStep	Effect4.Machine.interruptEach	Effect4.Machine.RunEvent	interruptRecorded.interruptor
Effect4.Machine.driveStep	Effect4.Machine.interruptEach	Effect4.Machine.RunEvent	interruptRecorded.target
Effect4.Machine.driveStep	Effect4.Machine.interruptEach	Effect4.Machine.RunEvent	interruptDeferred.target
Effect4.Machine.driveStep	Effect4.Machine.interruptEach	Effect4.Machine.RunEvent	childrenInterrupted.parent
Effect4.Machine.driveStep	Effect4.Machine.interruptEach	Effect4.Machine.RunEvent	childrenInterrupted.children
Effect4.Machine.driveStep	Effect4.Machine.interruptEach	Effect4.Machine.RunEvent	observerFired.fiber
Effect4.Machine.driveStep	Effect4.Machine.interruptEach	Effect4.Machine.RunEvent	observerFired.observer
Effect4.Machine.driveStep	Effect4.Machine.interruptEach	Effect4.Machine.RunEvent	frame.fiber
Effect4.Machine.driveStep	Effect4.Machine.interruptEach	Effect4.Machine.RunEvent	frame.event
Effect4.Machine.driveStep	Effect4.Machine.interruptEach	Effect4.Machine.RunEvent	finalizerProgram.fiber
Effect4.Machine.driveStep	Effect4.Machine.interruptEach	Effect4.Machine.RunEvent	finalizerProgram.finalizer
Effect4.Machine.driveStep	Effect4.Machine.interruptEach	Effect4.Machine.RunEvent	finalizerProgram.exit
Effect4.Machine.driveStep	Effect4.Machine.interruptEach	Effect4.Machine.RunEvent	scopeLinked.mode
Effect4.Machine.driveStep	Effect4.Machine.interruptEach	Effect4.Machine.RunEvent	scopeLinked.scope
Effect4.Machine.driveStep	Effect4.Machine.interruptEach	Effect4.Machine.RunEvent	scopeLinked.key
Effect4.Machine.driveStep	Effect4.Machine.interruptEach	Effect4.Machine.RunEvent	scopeLinked.fiber
Effect4.Machine.driveStep	Effect4.Machine.interruptEach	Effect4.Machine.RunEvent	scopeClosedOnLink.scope
Effect4.Machine.driveStep	Effect4.Machine.interruptEach	Effect4.Machine.RunEvent	scopeClosedOnLink.fiber
Effect4.Machine.driveStep	Effect4.Machine.interruptEach	Effect4.Machine.RunEvent	raceStarted.race
Effect4.Machine.driveStep	Effect4.Machine.interruptEach	Effect4.Machine.RunEvent	raceStarted.host
Effect4.Machine.driveStep	Effect4.Machine.interruptEach	Effect4.Machine.RunEvent	raceStarted.entrants
Effect4.Machine.driveStep	Effect4.Machine.interruptEach	Effect4.Machine.RunEvent	raceLaunched.race
Effect4.Machine.driveStep	Effect4.Machine.interruptEach	Effect4.Machine.RunEvent	raceLaunched.entrant
Effect4.Machine.driveStep	Effect4.Machine.interruptEach	Effect4.Machine.RunEvent	raceSettled.race
Effect4.Machine.driveStep	Effect4.Machine.interruptEach	Effect4.Machine.RunEvent	raceSettled.exit
Effect4.Machine.driveStep	Effect4.Machine.interruptEach	Effect4.Machine.RunEvent	contextSet.fiber
Effect4.Machine.driveStep	Effect4.Machine.interruptEach	Effect4.Machine.RunEvent	contextSet.context
Effect4.Machine.driveStep	Effect4.Machine.interruptEach	Effect4.Machine.RunEvent	callback.key
Effect4.Machine.driveStep	Effect4.Machine.interruptEach	Effect4.Machine.RunEvent	callback.exit
Effect4.Machine.driveStep	Effect4.Machine.interruptEach	Effect4.Machine.RunEvent	exited.fiber
Effect4.Machine.driveStep	Effect4.Machine.interruptEach	Effect4.Machine.RunEvent	exited.exit
Effect4.Machine.driveStep	Effect4.Machine.interruptEach	Effect4.Machine.Cmd	evaluate.fiber
Effect4.Machine.driveStep	Effect4.Machine.interruptEach	Effect4.Machine.Cmd	loop.fiber
Effect4.Machine.driveStep	Effect4.Machine.interruptEach	Effect4.Machine.Cmd	loop.yielding
Effect4.Machine.driveStep	Effect4.Machine.interruptEach	Effect4.Machine.Cmd	deliver.fiber
Effect4.Machine.driveStep	Effect4.Machine.interruptEach	Effect4.Machine.Cmd	deliver.yielding
Effect4.Machine.driveStep	Effect4.Machine.interruptEach	Effect4.Machine.Cmd	finish.fiber
Effect4.Machine.driveStep	Effect4.Machine.interruptEach	Effect4.Machine.Cmd	finish.exit
Effect4.Machine.driveStep	Effect4.Machine.interruptEach	Effect4.Machine.Cmd	resume.fiber
Effect4.Machine.driveStep	Effect4.Machine.interruptEach	Effect4.Machine.Cmd	resume.token
Effect4.Machine.driveStep	Effect4.Machine.interruptEach	Effect4.Machine.Cmd	resume.answer
Effect4.Machine.driveStep	Effect4.Machine.interruptEach	Effect4.Machine.Cmd	launch.race
Effect4.Machine.driveStep	Effect4.Machine.interruptEach	Effect4.Machine.Cmd	enrollRace.race
Effect4.Machine.driveStep	Effect4.Machine.interruptEach	Effect4.Machine.Cmd	enrollRace.child
Effect4.Machine.driveStep	Effect4.Machine.interruptEach	Effect4.Machine.Cmd	registrationDone.race
Effect4.Machine.driveStep	Effect4.Machine.interruptEach	Effect4.Machine.Cmd	registrationDone.yielding
Effect4.Machine.driveStep	Effect4.Machine.interruptEach	Effect4.Machine.Cmd	interruptTarget.target
Effect4.Machine.driveStep	Effect4.Machine.interruptEach	Effect4.Machine.Cmd	interruptTarget.who
Effect4.Machine.driveStep	Effect4.Machine.interruptEach	Effect4.Machine.Cmd	interruptTarget.extra
Effect4.Machine.driveStep	Effect4.Machine.interruptEach	Effect4.Machine.Cmd	afterInterrupt.host
Effect4.Machine.driveStep	Effect4.Machine.interruptEach	Effect4.Machine.Cmd	afterInterrupt.yielding
Effect4.Machine.driveStep	Effect4.Machine.interruptEach	Effect4.Machine.Cmd	afterInterrupt.kind
Effect4.Machine.driveStep	Effect4.Machine.interruptEach	Effect4.Machine.Cmd	raceCancel.race
Effect4.Machine.driveStep	Effect4.Machine.interruptEach	Effect4.Machine.Cmd	raceCancel.host
Effect4.Machine.driveStep	Effect4.Machine.interruptEach	Effect4.Machine.Cmd	raceCancel.yielding
Effect4.Machine.driveStep	Effect4.Machine.interruptEach	Effect4.Machine.Cmd	raceCancel.remaining
Effect4.Machine.driveStep	Effect4.Machine.interruptEach	Effect4.Machine.Cmd	raceCancel.visited
Effect4.Machine.driveStep	Effect4.Machine.interruptEach	Effect4.Machine.Cmd	trackChild.parent
Effect4.Machine.driveStep	Effect4.Machine.interruptEach	Effect4.Machine.Cmd	trackChild.child
Effect4.Machine.driveStep	Effect4.Machine.interruptEach	Effect4.Machine.Cmd	observe.fiber
Effect4.Machine.driveStep	Effect4.Machine.interruptEach	Effect4.Machine.Cmd	observe.exit
Effect4.Machine.driveStep	Effect4.Machine.interruptEach	Effect4.Machine.Cmd	observe.observer
Effect4.Machine.driveStep	Effect4.Machine.interruptEach	Effect4.Machine.Cmd	exitDone.fiber
Effect4.Machine.driveStep	Effect4.Machine.interruptEach	Effect4.Machine.Cmd	closeParAwait.host
Effect4.Machine.driveStep	Effect4.Machine.interruptEach	Effect4.Machine.Cmd	closeParAwait.yielding
Effect4.Machine.driveStep	Effect4.Machine.interruptEach	Effect4.Machine.Cmd	closeParAwait.fibers
Effect4.Machine.driveStep	Effect4.Machine.interruptEach	Effect4.Machine.Cmd	link.mode
Effect4.Machine.driveStep	Effect4.Machine.interruptEach	Effect4.Machine.Cmd	link.scope
Effect4.Machine.driveStep	Effect4.Machine.interruptEach	Effect4.Machine.Cmd	link.target
Effect4.Machine.driveStep	Effect4.Machine.interruptEach	Effect4.Machine.Cmd	link.interruptor
Effect4.Machine.driveStep	Effect4.Machine.interruptEach	Effect4.Machine.Cmd	link.extra
Effect4.Machine.driveStep	Effect4.Machine.interruptEach	Effect4.Machine.Cmd	wake.list
Effect4.Machine.driveStep	Effect4.Machine.interruptEach	Effect4.Machine.Cmd	wake.phase
Effect4.Machine.driveStep	Effect4.Machine.Pending.failFast	Effect4.Machine.Pending	failFast
Effect4.Machine.driveStep	Effect4.Machine.Pending.collected	Effect4.Machine.Pending	collected
Effect4.Machine.driveStep	Effect4.Machine.fireObserver.match_5	Effect4.Machine.Pending	token
Effect4.Machine.driveStep	Effect4.Machine.fireObserver.match_5	Effect4.Machine.Pending	waitingOn
Effect4.Machine.driveStep	Effect4.Machine.fireObserver.match_5	Effect4.Machine.Pending	remaining
Effect4.Machine.driveStep	Effect4.Machine.fireObserver.match_5	Effect4.Machine.Pending	collected
Effect4.Machine.driveStep	Effect4.Machine.fireObserver.match_5	Effect4.Machine.Pending	resumeWith
Effect4.Machine.driveStep	Effect4.Machine.fireObserver.match_5	Effect4.Machine.Pending	failFast
Effect4.Machine.driveStep	Effect4.Machine.driveStep.match_5	Effect4.Machine.Race	id
Effect4.Machine.driveStep	Effect4.Machine.driveStep.match_5	Effect4.Machine.Race	host
Effect4.Machine.driveStep	Effect4.Machine.driveStep.match_5	Effect4.Machine.Race	token
Effect4.Machine.driveStep	Effect4.Machine.driveStep.match_5	Effect4.Machine.Race	state
Effect4.Machine.driveStep	Effect4.Machine.driveStep.match_5	Effect4.Machine.Race	settled
Effect4.Machine.driveStep	Effect4.Machine.driveStep.match_5	Effect4.Machine.Race	programs
Effect4.Machine.driveStep	Effect4.Machine.driveStep.match_5	Effect4.Machine.Race	registering
Effect4.Machine.driveStep	Effect4.Machine.driveStep.match_5	Effect4.Machine.Race	nextSite
Effect4.Machine.driveStep	Effect4.Machine.driveStep.match_5	Effect4.Machine.RunFiber	id
Effect4.Machine.driveStep	Effect4.Machine.driveStep.match_5	Effect4.Machine.RunFiber	frame
Effect4.Machine.driveStep	Effect4.Machine.driveStep.match_5	Effect4.Machine.RunFiber	running
Effect4.Machine.driveStep	Effect4.Machine.driveStep.match_5	Effect4.Machine.RunFiber	parked
Effect4.Machine.driveStep	Effect4.Machine.driveStep.match_5	Effect4.Machine.RunFiber	pending
Effect4.Machine.driveStep	Effect4.Machine.driveStep.match_5	Effect4.Machine.RunFiber	finalizing
Effect4.Machine.driveStep	Effect4.Machine.driveStep.match_5	Effect4.Machine.RunFiber	exit
Effect4.Machine.driveStep	Effect4.Machine.driveStep.match_5	Effect4.Machine.RunFiber	currentOpCount
Effect4.Machine.driveStep	Effect4.Machine.driveStep.match_5	Effect4.Machine.RunFiber	maxOpsBeforeYield
Effect4.Machine.driveStep	Effect4.Machine.driveStep.match_5	Effect4.Machine.RunFiber	preventYield
Effect4.Machine.driveStep	Effect4.Machine.driveStep.match_5	Effect4.Machine.RunFiber	yieldOverride
Effect4.Machine.driveStep	Effect4.Machine.driveStep.match_5	Effect4.Machine.RunFiber	observers
Effect4.Machine.driveStep	Effect4.Machine.driveStep.match_5	Effect4.Machine.RunFiber	children
Effect4.Machine.driveStep	Effect4.Machine.driveStep.match_5	Effect4.Machine.RunFiber	dispatcher
Effect4.Machine.driveStep	Effect4.Machine.driveStep.match_5	Effect4.Machine.RunFiber	context
Effect4.Machine.driveStep	Effect4.Machine.launchEntrant	Effect4.Machine.RunFiber	id
Effect4.Machine.driveStep	Effect4.Machine.launchEntrant	Effect4.Machine.RunFiber	frame
Effect4.Machine.driveStep	Effect4.Machine.launchEntrant	Effect4.Machine.RunFiber	running
Effect4.Machine.driveStep	Effect4.Machine.launchEntrant	Effect4.Machine.RunFiber	parked
Effect4.Machine.driveStep	Effect4.Machine.launchEntrant	Effect4.Machine.RunFiber	pending
Effect4.Machine.driveStep	Effect4.Machine.launchEntrant	Effect4.Machine.RunFiber	finalizing
Effect4.Machine.driveStep	Effect4.Machine.launchEntrant	Effect4.Machine.RunFiber	exit
Effect4.Machine.driveStep	Effect4.Machine.launchEntrant	Effect4.Machine.RunFiber	currentOpCount
Effect4.Machine.driveStep	Effect4.Machine.launchEntrant	Effect4.Machine.RunFiber	maxOpsBeforeYield
Effect4.Machine.driveStep	Effect4.Machine.launchEntrant	Effect4.Machine.RunFiber	preventYield
Effect4.Machine.driveStep	Effect4.Machine.launchEntrant	Effect4.Machine.RunFiber	yieldOverride
Effect4.Machine.driveStep	Effect4.Machine.launchEntrant	Effect4.Machine.RunFiber	observers
Effect4.Machine.driveStep	Effect4.Machine.launchEntrant	Effect4.Machine.RunFiber	children
Effect4.Machine.driveStep	Effect4.Machine.launchEntrant	Effect4.Machine.RunFiber	dispatcher
Effect4.Machine.driveStep	Effect4.Machine.launchEntrant	Effect4.Machine.RunFiber	context
Effect4.Machine.driveStep	Effect4.Machine.spawn	Effect4.Machine.RunFiber	frame
Effect4.Machine.driveStep	Effect4.Machine.spawn	Effect4.Machine.RunFiber	id
Effect4.Machine.driveStep	Effect4.Machine.spawn	Effect4.Machine.RunFiber	running
Effect4.Machine.driveStep	Effect4.Machine.spawn	Effect4.Machine.RunFiber	parked
Effect4.Machine.driveStep	Effect4.Machine.spawn	Effect4.Machine.RunFiber	pending
Effect4.Machine.driveStep	Effect4.Machine.spawn	Effect4.Machine.RunFiber	finalizing
Effect4.Machine.driveStep	Effect4.Machine.spawn	Effect4.Machine.RunFiber	exit
Effect4.Machine.driveStep	Effect4.Machine.spawn	Effect4.Machine.RunFiber	currentOpCount
Effect4.Machine.driveStep	Effect4.Machine.spawn	Effect4.Machine.RunFiber	maxOpsBeforeYield
Effect4.Machine.driveStep	Effect4.Machine.spawn	Effect4.Machine.RunFiber	preventYield
Effect4.Machine.driveStep	Effect4.Machine.spawn	Effect4.Machine.RunFiber	yieldOverride
Effect4.Machine.driveStep	Effect4.Machine.spawn	Effect4.Machine.RunFiber	observers
Effect4.Machine.driveStep	Effect4.Machine.spawn	Effect4.Machine.RunFiber	children
Effect4.Machine.driveStep	Effect4.Machine.spawn	Effect4.Machine.RunFiber	dispatcher
Effect4.Machine.driveStep	Effect4.Machine.spawn	Effect4.Machine.RunFiber	context
Effect4.Machine.driveStep	Effect4.Machine.spawn	Effect4.Machine.RunEvent	forked.parent
Effect4.Machine.driveStep	Effect4.Machine.spawn	Effect4.Machine.RunEvent	forked.child
Effect4.Machine.driveStep	Effect4.Machine.spawn	Effect4.Machine.RunEvent	forked.daemon
Effect4.Machine.driveStep	Effect4.Machine.spawn	Effect4.Machine.RunEvent	started.fiber
Effect4.Machine.driveStep	Effect4.Machine.spawn	Effect4.Machine.RunEvent	scheduledTask.owner
Effect4.Machine.driveStep	Effect4.Machine.spawn	Effect4.Machine.RunEvent	scheduledTask.priority
Effect4.Machine.driveStep	Effect4.Machine.spawn	Effect4.Machine.RunEvent	scheduledTask.task
Effect4.Machine.driveStep	Effect4.Machine.spawn	Effect4.Machine.RunEvent	ranTask.owner
Effect4.Machine.driveStep	Effect4.Machine.spawn	Effect4.Machine.RunEvent	ranTask.task
Effect4.Machine.driveStep	Effect4.Machine.spawn	Effect4.Machine.RunEvent	yieldInjected.fiber
Effect4.Machine.driveStep	Effect4.Machine.spawn	Effect4.Machine.RunEvent	yieldInjected.atOp
Effect4.Machine.driveStep	Effect4.Machine.spawn	Effect4.Machine.RunEvent	parkedOn.fiber
Effect4.Machine.driveStep	Effect4.Machine.spawn	Effect4.Machine.RunEvent	parkedOn.token
Effect4.Machine.driveStep	Effect4.Machine.spawn	Effect4.Machine.RunEvent	resumedWith.fiber
Effect4.Machine.driveStep	Effect4.Machine.spawn	Effect4.Machine.RunEvent	resumedWith.token
Effect4.Machine.driveStep	Effect4.Machine.spawn	Effect4.Machine.RunEvent	resumedWith.answer
Effect4.Machine.driveStep	Effect4.Machine.spawn	Effect4.Machine.RunEvent	interruptRecorded.interruptor
Effect4.Machine.driveStep	Effect4.Machine.spawn	Effect4.Machine.RunEvent	interruptRecorded.target
Effect4.Machine.driveStep	Effect4.Machine.spawn	Effect4.Machine.RunEvent	interruptDeferred.target
Effect4.Machine.driveStep	Effect4.Machine.spawn	Effect4.Machine.RunEvent	childrenInterrupted.parent
Effect4.Machine.driveStep	Effect4.Machine.spawn	Effect4.Machine.RunEvent	childrenInterrupted.children
Effect4.Machine.driveStep	Effect4.Machine.spawn	Effect4.Machine.RunEvent	observerFired.fiber
Effect4.Machine.driveStep	Effect4.Machine.spawn	Effect4.Machine.RunEvent	observerFired.observer
Effect4.Machine.driveStep	Effect4.Machine.spawn	Effect4.Machine.RunEvent	frame.fiber
Effect4.Machine.driveStep	Effect4.Machine.spawn	Effect4.Machine.RunEvent	frame.event
Effect4.Machine.driveStep	Effect4.Machine.spawn	Effect4.Machine.RunEvent	finalizerProgram.fiber
Effect4.Machine.driveStep	Effect4.Machine.spawn	Effect4.Machine.RunEvent	finalizerProgram.finalizer
Effect4.Machine.driveStep	Effect4.Machine.spawn	Effect4.Machine.RunEvent	finalizerProgram.exit
Effect4.Machine.driveStep	Effect4.Machine.spawn	Effect4.Machine.RunEvent	scopeLinked.mode
Effect4.Machine.driveStep	Effect4.Machine.spawn	Effect4.Machine.RunEvent	scopeLinked.scope
Effect4.Machine.driveStep	Effect4.Machine.spawn	Effect4.Machine.RunEvent	scopeLinked.key
Effect4.Machine.driveStep	Effect4.Machine.spawn	Effect4.Machine.RunEvent	scopeLinked.fiber
Effect4.Machine.driveStep	Effect4.Machine.spawn	Effect4.Machine.RunEvent	scopeClosedOnLink.scope
Effect4.Machine.driveStep	Effect4.Machine.spawn	Effect4.Machine.RunEvent	scopeClosedOnLink.fiber
Effect4.Machine.driveStep	Effect4.Machine.spawn	Effect4.Machine.RunEvent	raceStarted.race
Effect4.Machine.driveStep	Effect4.Machine.spawn	Effect4.Machine.RunEvent	raceStarted.host
Effect4.Machine.driveStep	Effect4.Machine.spawn	Effect4.Machine.RunEvent	raceStarted.entrants
Effect4.Machine.driveStep	Effect4.Machine.spawn	Effect4.Machine.RunEvent	raceLaunched.race
Effect4.Machine.driveStep	Effect4.Machine.spawn	Effect4.Machine.RunEvent	raceLaunched.entrant
Effect4.Machine.driveStep	Effect4.Machine.spawn	Effect4.Machine.RunEvent	raceSettled.race
Effect4.Machine.driveStep	Effect4.Machine.spawn	Effect4.Machine.RunEvent	raceSettled.exit
Effect4.Machine.driveStep	Effect4.Machine.spawn	Effect4.Machine.RunEvent	contextSet.fiber
Effect4.Machine.driveStep	Effect4.Machine.spawn	Effect4.Machine.RunEvent	contextSet.context
Effect4.Machine.driveStep	Effect4.Machine.spawn	Effect4.Machine.RunEvent	callback.key
Effect4.Machine.driveStep	Effect4.Machine.spawn	Effect4.Machine.RunEvent	callback.exit
Effect4.Machine.driveStep	Effect4.Machine.spawn	Effect4.Machine.RunEvent	exited.fiber
Effect4.Machine.driveStep	Effect4.Machine.spawn	Effect4.Machine.RunEvent	exited.exit
Effect4.Machine.driveStep	Effect4.Machine.RunFiber.make	Effect4.Machine.RunFiber	id
Effect4.Machine.driveStep	Effect4.Machine.RunFiber.make	Effect4.Machine.RunFiber	frame
Effect4.Machine.driveStep	Effect4.Machine.RunFiber.make	Effect4.Machine.RunFiber	running
Effect4.Machine.driveStep	Effect4.Machine.RunFiber.make	Effect4.Machine.RunFiber	parked
Effect4.Machine.driveStep	Effect4.Machine.RunFiber.make	Effect4.Machine.RunFiber	pending
Effect4.Machine.driveStep	Effect4.Machine.RunFiber.make	Effect4.Machine.RunFiber	finalizing
Effect4.Machine.driveStep	Effect4.Machine.RunFiber.make	Effect4.Machine.RunFiber	exit
Effect4.Machine.driveStep	Effect4.Machine.RunFiber.make	Effect4.Machine.RunFiber	currentOpCount
Effect4.Machine.driveStep	Effect4.Machine.RunFiber.make	Effect4.Machine.RunFiber	maxOpsBeforeYield
Effect4.Machine.driveStep	Effect4.Machine.RunFiber.make	Effect4.Machine.RunFiber	preventYield
Effect4.Machine.driveStep	Effect4.Machine.RunFiber.make	Effect4.Machine.RunFiber	yieldOverride
Effect4.Machine.driveStep	Effect4.Machine.RunFiber.make	Effect4.Machine.RunFiber	observers
Effect4.Machine.driveStep	Effect4.Machine.RunFiber.make	Effect4.Machine.RunFiber	children
Effect4.Machine.driveStep	Effect4.Machine.RunFiber.make	Effect4.Machine.RunFiber	dispatcher
Effect4.Machine.driveStep	Effect4.Machine.RunFiber.make	Effect4.Machine.RunFiber	context
Effect4.Machine.driveStep	Effect4.Machine.launchEntrant.match_1	Effect4.Machine.RunFiber	id
Effect4.Machine.driveStep	Effect4.Machine.launchEntrant.match_1	Effect4.Machine.RunFiber	frame
Effect4.Machine.driveStep	Effect4.Machine.launchEntrant.match_1	Effect4.Machine.RunFiber	running
Effect4.Machine.driveStep	Effect4.Machine.launchEntrant.match_1	Effect4.Machine.RunFiber	parked
Effect4.Machine.driveStep	Effect4.Machine.launchEntrant.match_1	Effect4.Machine.RunFiber	pending
Effect4.Machine.driveStep	Effect4.Machine.launchEntrant.match_1	Effect4.Machine.RunFiber	finalizing
Effect4.Machine.driveStep	Effect4.Machine.launchEntrant.match_1	Effect4.Machine.RunFiber	exit
Effect4.Machine.driveStep	Effect4.Machine.launchEntrant.match_1	Effect4.Machine.RunFiber	currentOpCount
Effect4.Machine.driveStep	Effect4.Machine.launchEntrant.match_1	Effect4.Machine.RunFiber	maxOpsBeforeYield
Effect4.Machine.driveStep	Effect4.Machine.launchEntrant.match_1	Effect4.Machine.RunFiber	preventYield
Effect4.Machine.driveStep	Effect4.Machine.launchEntrant.match_1	Effect4.Machine.RunFiber	yieldOverride
Effect4.Machine.driveStep	Effect4.Machine.launchEntrant.match_1	Effect4.Machine.RunFiber	observers
Effect4.Machine.driveStep	Effect4.Machine.launchEntrant.match_1	Effect4.Machine.RunFiber	children
Effect4.Machine.driveStep	Effect4.Machine.launchEntrant.match_1	Effect4.Machine.RunFiber	dispatcher
Effect4.Machine.driveStep	Effect4.Machine.launchEntrant.match_1	Effect4.Machine.RunFiber	context
Effect4.Machine.driveStep	Effect4.Machine.iteration	Effect4.Machine.RunFiber	id
Effect4.Machine.driveStep	Effect4.Machine.iteration	Effect4.Machine.RunFiber	frame
Effect4.Machine.driveStep	Effect4.Machine.iteration	Effect4.Machine.RunFiber	running
Effect4.Machine.driveStep	Effect4.Machine.iteration	Effect4.Machine.RunFiber	parked
Effect4.Machine.driveStep	Effect4.Machine.iteration	Effect4.Machine.RunFiber	pending
Effect4.Machine.driveStep	Effect4.Machine.iteration	Effect4.Machine.RunFiber	finalizing
Effect4.Machine.driveStep	Effect4.Machine.iteration	Effect4.Machine.RunFiber	exit
Effect4.Machine.driveStep	Effect4.Machine.iteration	Effect4.Machine.RunFiber	currentOpCount
Effect4.Machine.driveStep	Effect4.Machine.iteration	Effect4.Machine.RunFiber	maxOpsBeforeYield
Effect4.Machine.driveStep	Effect4.Machine.iteration	Effect4.Machine.RunFiber	preventYield
Effect4.Machine.driveStep	Effect4.Machine.iteration	Effect4.Machine.RunFiber	yieldOverride
Effect4.Machine.driveStep	Effect4.Machine.iteration	Effect4.Machine.RunFiber	observers
Effect4.Machine.driveStep	Effect4.Machine.iteration	Effect4.Machine.RunFiber	children
Effect4.Machine.driveStep	Effect4.Machine.iteration	Effect4.Machine.RunFiber	dispatcher
Effect4.Machine.driveStep	Effect4.Machine.iteration	Effect4.Machine.RunFiber	context
Effect4.Machine.driveStep	Effect4.Machine.Iter.fiber	Effect4.Machine.RunFiber	id
Effect4.Machine.driveStep	Effect4.Machine.Iter.fiber	Effect4.Machine.RunFiber	frame
Effect4.Machine.driveStep	Effect4.Machine.Iter.fiber	Effect4.Machine.RunFiber	running
Effect4.Machine.driveStep	Effect4.Machine.Iter.fiber	Effect4.Machine.RunFiber	parked
Effect4.Machine.driveStep	Effect4.Machine.Iter.fiber	Effect4.Machine.RunFiber	pending
Effect4.Machine.driveStep	Effect4.Machine.Iter.fiber	Effect4.Machine.RunFiber	finalizing
Effect4.Machine.driveStep	Effect4.Machine.Iter.fiber	Effect4.Machine.RunFiber	exit
Effect4.Machine.driveStep	Effect4.Machine.Iter.fiber	Effect4.Machine.RunFiber	currentOpCount
Effect4.Machine.driveStep	Effect4.Machine.Iter.fiber	Effect4.Machine.RunFiber	maxOpsBeforeYield
Effect4.Machine.driveStep	Effect4.Machine.Iter.fiber	Effect4.Machine.RunFiber	preventYield
Effect4.Machine.driveStep	Effect4.Machine.Iter.fiber	Effect4.Machine.RunFiber	yieldOverride
Effect4.Machine.driveStep	Effect4.Machine.Iter.fiber	Effect4.Machine.RunFiber	observers
Effect4.Machine.driveStep	Effect4.Machine.Iter.fiber	Effect4.Machine.RunFiber	children
Effect4.Machine.driveStep	Effect4.Machine.Iter.fiber	Effect4.Machine.RunFiber	dispatcher
Effect4.Machine.driveStep	Effect4.Machine.Iter.fiber	Effect4.Machine.RunFiber	context
Effect4.Machine.driveStep	Effect4.Machine.injectYield	Effect4.Machine.RunFiber	preventYield
Effect4.Machine.driveStep	Effect4.Machine.injectYield	Effect4.Machine.RunFiber	id
Effect4.Machine.driveStep	Effect4.Machine.injectYield	Effect4.Machine.RunFiber	frame
Effect4.Machine.driveStep	Effect4.Machine.injectYield	Effect4.Machine.RunFiber	running
Effect4.Machine.driveStep	Effect4.Machine.injectYield	Effect4.Machine.RunFiber	parked
Effect4.Machine.driveStep	Effect4.Machine.injectYield	Effect4.Machine.RunFiber	pending
Effect4.Machine.driveStep	Effect4.Machine.injectYield	Effect4.Machine.RunFiber	finalizing
Effect4.Machine.driveStep	Effect4.Machine.injectYield	Effect4.Machine.RunFiber	exit
Effect4.Machine.driveStep	Effect4.Machine.injectYield	Effect4.Machine.RunFiber	currentOpCount
Effect4.Machine.driveStep	Effect4.Machine.injectYield	Effect4.Machine.RunFiber	maxOpsBeforeYield
Effect4.Machine.driveStep	Effect4.Machine.injectYield	Effect4.Machine.RunFiber	yieldOverride
Effect4.Machine.driveStep	Effect4.Machine.injectYield	Effect4.Machine.RunFiber	observers
Effect4.Machine.driveStep	Effect4.Machine.injectYield	Effect4.Machine.RunFiber	children
Effect4.Machine.driveStep	Effect4.Machine.injectYield	Effect4.Machine.RunFiber	dispatcher
Effect4.Machine.driveStep	Effect4.Machine.injectYield	Effect4.Machine.RunFiber	context
Effect4.Machine.driveStep	Effect4.Machine.injectYield	Effect4.Machine.RunEvent	forked.parent
Effect4.Machine.driveStep	Effect4.Machine.injectYield	Effect4.Machine.RunEvent	forked.child
Effect4.Machine.driveStep	Effect4.Machine.injectYield	Effect4.Machine.RunEvent	forked.daemon
Effect4.Machine.driveStep	Effect4.Machine.injectYield	Effect4.Machine.RunEvent	started.fiber
Effect4.Machine.driveStep	Effect4.Machine.injectYield	Effect4.Machine.RunEvent	scheduledTask.owner
Effect4.Machine.driveStep	Effect4.Machine.injectYield	Effect4.Machine.RunEvent	scheduledTask.priority
Effect4.Machine.driveStep	Effect4.Machine.injectYield	Effect4.Machine.RunEvent	scheduledTask.task
Effect4.Machine.driveStep	Effect4.Machine.injectYield	Effect4.Machine.RunEvent	ranTask.owner
Effect4.Machine.driveStep	Effect4.Machine.injectYield	Effect4.Machine.RunEvent	ranTask.task
Effect4.Machine.driveStep	Effect4.Machine.injectYield	Effect4.Machine.RunEvent	yieldInjected.fiber
Effect4.Machine.driveStep	Effect4.Machine.injectYield	Effect4.Machine.RunEvent	yieldInjected.atOp
Effect4.Machine.driveStep	Effect4.Machine.injectYield	Effect4.Machine.RunEvent	parkedOn.fiber
Effect4.Machine.driveStep	Effect4.Machine.injectYield	Effect4.Machine.RunEvent	parkedOn.token
Effect4.Machine.driveStep	Effect4.Machine.injectYield	Effect4.Machine.RunEvent	resumedWith.fiber
Effect4.Machine.driveStep	Effect4.Machine.injectYield	Effect4.Machine.RunEvent	resumedWith.token
Effect4.Machine.driveStep	Effect4.Machine.injectYield	Effect4.Machine.RunEvent	resumedWith.answer
Effect4.Machine.driveStep	Effect4.Machine.injectYield	Effect4.Machine.RunEvent	interruptRecorded.interruptor
Effect4.Machine.driveStep	Effect4.Machine.injectYield	Effect4.Machine.RunEvent	interruptRecorded.target
Effect4.Machine.driveStep	Effect4.Machine.injectYield	Effect4.Machine.RunEvent	interruptDeferred.target
Effect4.Machine.driveStep	Effect4.Machine.injectYield	Effect4.Machine.RunEvent	childrenInterrupted.parent
Effect4.Machine.driveStep	Effect4.Machine.injectYield	Effect4.Machine.RunEvent	childrenInterrupted.children
Effect4.Machine.driveStep	Effect4.Machine.injectYield	Effect4.Machine.RunEvent	observerFired.fiber
Effect4.Machine.driveStep	Effect4.Machine.injectYield	Effect4.Machine.RunEvent	observerFired.observer
Effect4.Machine.driveStep	Effect4.Machine.injectYield	Effect4.Machine.RunEvent	frame.fiber
Effect4.Machine.driveStep	Effect4.Machine.injectYield	Effect4.Machine.RunEvent	frame.event
Effect4.Machine.driveStep	Effect4.Machine.injectYield	Effect4.Machine.RunEvent	finalizerProgram.fiber
Effect4.Machine.driveStep	Effect4.Machine.injectYield	Effect4.Machine.RunEvent	finalizerProgram.finalizer
Effect4.Machine.driveStep	Effect4.Machine.injectYield	Effect4.Machine.RunEvent	finalizerProgram.exit
Effect4.Machine.driveStep	Effect4.Machine.injectYield	Effect4.Machine.RunEvent	scopeLinked.mode
Effect4.Machine.driveStep	Effect4.Machine.injectYield	Effect4.Machine.RunEvent	scopeLinked.scope
Effect4.Machine.driveStep	Effect4.Machine.injectYield	Effect4.Machine.RunEvent	scopeLinked.key
Effect4.Machine.driveStep	Effect4.Machine.injectYield	Effect4.Machine.RunEvent	scopeLinked.fiber
Effect4.Machine.driveStep	Effect4.Machine.injectYield	Effect4.Machine.RunEvent	scopeClosedOnLink.scope
Effect4.Machine.driveStep	Effect4.Machine.injectYield	Effect4.Machine.RunEvent	scopeClosedOnLink.fiber
Effect4.Machine.driveStep	Effect4.Machine.injectYield	Effect4.Machine.RunEvent	raceStarted.race
Effect4.Machine.driveStep	Effect4.Machine.injectYield	Effect4.Machine.RunEvent	raceStarted.host
Effect4.Machine.driveStep	Effect4.Machine.injectYield	Effect4.Machine.RunEvent	raceStarted.entrants
Effect4.Machine.driveStep	Effect4.Machine.injectYield	Effect4.Machine.RunEvent	raceLaunched.race
Effect4.Machine.driveStep	Effect4.Machine.injectYield	Effect4.Machine.RunEvent	raceLaunched.entrant
Effect4.Machine.driveStep	Effect4.Machine.injectYield	Effect4.Machine.RunEvent	raceSettled.race
Effect4.Machine.driveStep	Effect4.Machine.injectYield	Effect4.Machine.RunEvent	raceSettled.exit
Effect4.Machine.driveStep	Effect4.Machine.injectYield	Effect4.Machine.RunEvent	contextSet.fiber
Effect4.Machine.driveStep	Effect4.Machine.injectYield	Effect4.Machine.RunEvent	contextSet.context
Effect4.Machine.driveStep	Effect4.Machine.injectYield	Effect4.Machine.RunEvent	callback.key
Effect4.Machine.driveStep	Effect4.Machine.injectYield	Effect4.Machine.RunEvent	callback.exit
Effect4.Machine.driveStep	Effect4.Machine.injectYield	Effect4.Machine.RunEvent	exited.fiber
Effect4.Machine.driveStep	Effect4.Machine.injectYield	Effect4.Machine.RunEvent	exited.exit
Effect4.Machine.driveStep	Effect4.Machine.yieldVerdict	Effect4.Machine.RunFiber	yieldOverride
Effect4.Machine.driveStep	Effect4.Machine.yieldVerdict	Effect4.Machine.RunFiber	currentOpCount
Effect4.Machine.driveStep	Effect4.Machine.yieldVerdict	Effect4.Machine.RunFiber	maxOpsBeforeYield
Effect4.Machine.driveStep	Effect4.Machine.runloopTop	Effect4.Machine.RunFiber	id
Effect4.Machine.driveStep	Effect4.Machine.runloopTop	Effect4.Machine.RunFiber	frame
Effect4.Machine.driveStep	Effect4.Machine.runloopTop	Effect4.Machine.RunFiber	running
Effect4.Machine.driveStep	Effect4.Machine.runloopTop	Effect4.Machine.RunFiber	parked
Effect4.Machine.driveStep	Effect4.Machine.runloopTop	Effect4.Machine.RunFiber	pending
Effect4.Machine.driveStep	Effect4.Machine.runloopTop	Effect4.Machine.RunFiber	finalizing
Effect4.Machine.driveStep	Effect4.Machine.runloopTop	Effect4.Machine.RunFiber	exit
Effect4.Machine.driveStep	Effect4.Machine.runloopTop	Effect4.Machine.RunFiber	currentOpCount
Effect4.Machine.driveStep	Effect4.Machine.runloopTop	Effect4.Machine.RunFiber	maxOpsBeforeYield
Effect4.Machine.driveStep	Effect4.Machine.runloopTop	Effect4.Machine.RunFiber	preventYield
Effect4.Machine.driveStep	Effect4.Machine.runloopTop	Effect4.Machine.RunFiber	yieldOverride
Effect4.Machine.driveStep	Effect4.Machine.runloopTop	Effect4.Machine.RunFiber	observers
Effect4.Machine.driveStep	Effect4.Machine.runloopTop	Effect4.Machine.RunFiber	children
Effect4.Machine.driveStep	Effect4.Machine.runloopTop	Effect4.Machine.RunFiber	dispatcher
Effect4.Machine.driveStep	Effect4.Machine.runloopTop	Effect4.Machine.RunFiber	context
Effect4.Machine.driveStep	Effect4.Machine.countOp	Effect4.Machine.RunFiber	id
Effect4.Machine.driveStep	Effect4.Machine.countOp	Effect4.Machine.RunFiber	frame
Effect4.Machine.driveStep	Effect4.Machine.countOp	Effect4.Machine.RunFiber	running
Effect4.Machine.driveStep	Effect4.Machine.countOp	Effect4.Machine.RunFiber	parked
Effect4.Machine.driveStep	Effect4.Machine.countOp	Effect4.Machine.RunFiber	pending
Effect4.Machine.driveStep	Effect4.Machine.countOp	Effect4.Machine.RunFiber	finalizing
Effect4.Machine.driveStep	Effect4.Machine.countOp	Effect4.Machine.RunFiber	exit
Effect4.Machine.driveStep	Effect4.Machine.countOp	Effect4.Machine.RunFiber	currentOpCount
Effect4.Machine.driveStep	Effect4.Machine.countOp	Effect4.Machine.RunFiber	maxOpsBeforeYield
Effect4.Machine.driveStep	Effect4.Machine.countOp	Effect4.Machine.RunFiber	preventYield
Effect4.Machine.driveStep	Effect4.Machine.countOp	Effect4.Machine.RunFiber	yieldOverride
Effect4.Machine.driveStep	Effect4.Machine.countOp	Effect4.Machine.RunFiber	observers
Effect4.Machine.driveStep	Effect4.Machine.countOp	Effect4.Machine.RunFiber	children
Effect4.Machine.driveStep	Effect4.Machine.countOp	Effect4.Machine.RunFiber	dispatcher
Effect4.Machine.driveStep	Effect4.Machine.countOp	Effect4.Machine.RunFiber	context
Effect4.Machine.driveStep	Effect4.Machine.settle	Effect4.Machine.RunFiber	id
Effect4.Machine.driveStep	Effect4.Machine.settle	Effect4.Machine.RunFiber	frame
Effect4.Machine.driveStep	Effect4.Machine.settle	Effect4.Machine.RunFiber	running
Effect4.Machine.driveStep	Effect4.Machine.settle	Effect4.Machine.RunFiber	parked
Effect4.Machine.driveStep	Effect4.Machine.settle	Effect4.Machine.RunFiber	pending
Effect4.Machine.driveStep	Effect4.Machine.settle	Effect4.Machine.RunFiber	finalizing
Effect4.Machine.driveStep	Effect4.Machine.settle	Effect4.Machine.RunFiber	exit
Effect4.Machine.driveStep	Effect4.Machine.settle	Effect4.Machine.RunFiber	currentOpCount
Effect4.Machine.driveStep	Effect4.Machine.settle	Effect4.Machine.RunFiber	maxOpsBeforeYield
Effect4.Machine.driveStep	Effect4.Machine.settle	Effect4.Machine.RunFiber	preventYield
Effect4.Machine.driveStep	Effect4.Machine.settle	Effect4.Machine.RunFiber	yieldOverride
Effect4.Machine.driveStep	Effect4.Machine.settle	Effect4.Machine.RunFiber	observers
Effect4.Machine.driveStep	Effect4.Machine.settle	Effect4.Machine.RunFiber	children
Effect4.Machine.driveStep	Effect4.Machine.settle	Effect4.Machine.RunFiber	dispatcher
Effect4.Machine.driveStep	Effect4.Machine.settle	Effect4.Machine.RunFiber	context
Effect4.Machine.driveStep	Effect4.Machine.settle	Effect4.Machine.Cmd	evaluate.fiber
Effect4.Machine.driveStep	Effect4.Machine.settle	Effect4.Machine.Cmd	loop.fiber
Effect4.Machine.driveStep	Effect4.Machine.settle	Effect4.Machine.Cmd	loop.yielding
Effect4.Machine.driveStep	Effect4.Machine.settle	Effect4.Machine.Cmd	deliver.fiber
Effect4.Machine.driveStep	Effect4.Machine.settle	Effect4.Machine.Cmd	deliver.yielding
Effect4.Machine.driveStep	Effect4.Machine.settle	Effect4.Machine.Cmd	finish.fiber
Effect4.Machine.driveStep	Effect4.Machine.settle	Effect4.Machine.Cmd	finish.exit
Effect4.Machine.driveStep	Effect4.Machine.settle	Effect4.Machine.Cmd	resume.fiber
Effect4.Machine.driveStep	Effect4.Machine.settle	Effect4.Machine.Cmd	resume.token
Effect4.Machine.driveStep	Effect4.Machine.settle	Effect4.Machine.Cmd	resume.answer
Effect4.Machine.driveStep	Effect4.Machine.settle	Effect4.Machine.Cmd	launch.race
Effect4.Machine.driveStep	Effect4.Machine.settle	Effect4.Machine.Cmd	enrollRace.race
Effect4.Machine.driveStep	Effect4.Machine.settle	Effect4.Machine.Cmd	enrollRace.child
Effect4.Machine.driveStep	Effect4.Machine.settle	Effect4.Machine.Cmd	registrationDone.race
Effect4.Machine.driveStep	Effect4.Machine.settle	Effect4.Machine.Cmd	registrationDone.yielding
Effect4.Machine.driveStep	Effect4.Machine.settle	Effect4.Machine.Cmd	interruptTarget.target
Effect4.Machine.driveStep	Effect4.Machine.settle	Effect4.Machine.Cmd	interruptTarget.who
Effect4.Machine.driveStep	Effect4.Machine.settle	Effect4.Machine.Cmd	interruptTarget.extra
Effect4.Machine.driveStep	Effect4.Machine.settle	Effect4.Machine.Cmd	afterInterrupt.host
Effect4.Machine.driveStep	Effect4.Machine.settle	Effect4.Machine.Cmd	afterInterrupt.yielding
Effect4.Machine.driveStep	Effect4.Machine.settle	Effect4.Machine.Cmd	afterInterrupt.kind
Effect4.Machine.driveStep	Effect4.Machine.settle	Effect4.Machine.Cmd	raceCancel.race
Effect4.Machine.driveStep	Effect4.Machine.settle	Effect4.Machine.Cmd	raceCancel.host
Effect4.Machine.driveStep	Effect4.Machine.settle	Effect4.Machine.Cmd	raceCancel.yielding
Effect4.Machine.driveStep	Effect4.Machine.settle	Effect4.Machine.Cmd	raceCancel.remaining
Effect4.Machine.driveStep	Effect4.Machine.settle	Effect4.Machine.Cmd	raceCancel.visited
Effect4.Machine.driveStep	Effect4.Machine.settle	Effect4.Machine.Cmd	trackChild.parent
Effect4.Machine.driveStep	Effect4.Machine.settle	Effect4.Machine.Cmd	trackChild.child
Effect4.Machine.driveStep	Effect4.Machine.settle	Effect4.Machine.Cmd	observe.fiber
Effect4.Machine.driveStep	Effect4.Machine.settle	Effect4.Machine.Cmd	observe.exit
Effect4.Machine.driveStep	Effect4.Machine.settle	Effect4.Machine.Cmd	observe.observer
Effect4.Machine.driveStep	Effect4.Machine.settle	Effect4.Machine.Cmd	exitDone.fiber
Effect4.Machine.driveStep	Effect4.Machine.settle	Effect4.Machine.Cmd	closeParAwait.host
Effect4.Machine.driveStep	Effect4.Machine.settle	Effect4.Machine.Cmd	closeParAwait.yielding
Effect4.Machine.driveStep	Effect4.Machine.settle	Effect4.Machine.Cmd	closeParAwait.fibers
Effect4.Machine.driveStep	Effect4.Machine.settle	Effect4.Machine.Cmd	link.mode
Effect4.Machine.driveStep	Effect4.Machine.settle	Effect4.Machine.Cmd	link.scope
Effect4.Machine.driveStep	Effect4.Machine.settle	Effect4.Machine.Cmd	link.target
Effect4.Machine.driveStep	Effect4.Machine.settle	Effect4.Machine.Cmd	link.interruptor
Effect4.Machine.driveStep	Effect4.Machine.settle	Effect4.Machine.Cmd	link.extra
Effect4.Machine.driveStep	Effect4.Machine.settle	Effect4.Machine.Cmd	wake.list
Effect4.Machine.driveStep	Effect4.Machine.settle	Effect4.Machine.Cmd	wake.phase
Effect4.Machine.driveStep	Effect4.Machine.driveStep.match_11	Effect4.Machine.Cmd	evaluate.fiber
Effect4.Machine.driveStep	Effect4.Machine.driveStep.match_11	Effect4.Machine.Cmd	loop.fiber
Effect4.Machine.driveStep	Effect4.Machine.driveStep.match_11	Effect4.Machine.Cmd	loop.yielding
Effect4.Machine.driveStep	Effect4.Machine.driveStep.match_11	Effect4.Machine.Cmd	deliver.fiber
Effect4.Machine.driveStep	Effect4.Machine.driveStep.match_11	Effect4.Machine.Cmd	deliver.yielding
Effect4.Machine.driveStep	Effect4.Machine.driveStep.match_11	Effect4.Machine.Cmd	finish.fiber
Effect4.Machine.driveStep	Effect4.Machine.driveStep.match_11	Effect4.Machine.Cmd	finish.exit
Effect4.Machine.driveStep	Effect4.Machine.driveStep.match_11	Effect4.Machine.Cmd	resume.fiber
Effect4.Machine.driveStep	Effect4.Machine.driveStep.match_11	Effect4.Machine.Cmd	resume.token
Effect4.Machine.driveStep	Effect4.Machine.driveStep.match_11	Effect4.Machine.Cmd	resume.answer
Effect4.Machine.driveStep	Effect4.Machine.driveStep.match_11	Effect4.Machine.Cmd	launch.race
Effect4.Machine.driveStep	Effect4.Machine.driveStep.match_11	Effect4.Machine.Cmd	enrollRace.race
Effect4.Machine.driveStep	Effect4.Machine.driveStep.match_11	Effect4.Machine.Cmd	enrollRace.child
Effect4.Machine.driveStep	Effect4.Machine.driveStep.match_11	Effect4.Machine.Cmd	registrationDone.race
Effect4.Machine.driveStep	Effect4.Machine.driveStep.match_11	Effect4.Machine.Cmd	registrationDone.yielding
Effect4.Machine.driveStep	Effect4.Machine.driveStep.match_11	Effect4.Machine.Cmd	interruptTarget.target
Effect4.Machine.driveStep	Effect4.Machine.driveStep.match_11	Effect4.Machine.Cmd	interruptTarget.who
Effect4.Machine.driveStep	Effect4.Machine.driveStep.match_11	Effect4.Machine.Cmd	interruptTarget.extra
Effect4.Machine.driveStep	Effect4.Machine.driveStep.match_11	Effect4.Machine.Cmd	afterInterrupt.host
Effect4.Machine.driveStep	Effect4.Machine.driveStep.match_11	Effect4.Machine.Cmd	afterInterrupt.yielding
Effect4.Machine.driveStep	Effect4.Machine.driveStep.match_11	Effect4.Machine.Cmd	afterInterrupt.kind
Effect4.Machine.driveStep	Effect4.Machine.driveStep.match_11	Effect4.Machine.Cmd	raceCancel.race
Effect4.Machine.driveStep	Effect4.Machine.driveStep.match_11	Effect4.Machine.Cmd	raceCancel.host
Effect4.Machine.driveStep	Effect4.Machine.driveStep.match_11	Effect4.Machine.Cmd	raceCancel.yielding
Effect4.Machine.driveStep	Effect4.Machine.driveStep.match_11	Effect4.Machine.Cmd	raceCancel.remaining
Effect4.Machine.driveStep	Effect4.Machine.driveStep.match_11	Effect4.Machine.Cmd	raceCancel.visited
Effect4.Machine.driveStep	Effect4.Machine.driveStep.match_11	Effect4.Machine.Cmd	trackChild.parent
Effect4.Machine.driveStep	Effect4.Machine.driveStep.match_11	Effect4.Machine.Cmd	trackChild.child
Effect4.Machine.driveStep	Effect4.Machine.driveStep.match_11	Effect4.Machine.Cmd	observe.fiber
Effect4.Machine.driveStep	Effect4.Machine.driveStep.match_11	Effect4.Machine.Cmd	observe.exit
Effect4.Machine.driveStep	Effect4.Machine.driveStep.match_11	Effect4.Machine.Cmd	observe.observer
Effect4.Machine.driveStep	Effect4.Machine.driveStep.match_11	Effect4.Machine.Cmd	exitDone.fiber
Effect4.Machine.driveStep	Effect4.Machine.driveStep.match_11	Effect4.Machine.Cmd	closeParAwait.host
Effect4.Machine.driveStep	Effect4.Machine.driveStep.match_11	Effect4.Machine.Cmd	closeParAwait.yielding
Effect4.Machine.driveStep	Effect4.Machine.driveStep.match_11	Effect4.Machine.Cmd	closeParAwait.fibers
Effect4.Machine.driveStep	Effect4.Machine.driveStep.match_11	Effect4.Machine.Cmd	link.mode
Effect4.Machine.driveStep	Effect4.Machine.driveStep.match_11	Effect4.Machine.Cmd	link.scope
Effect4.Machine.driveStep	Effect4.Machine.driveStep.match_11	Effect4.Machine.Cmd	link.target
Effect4.Machine.driveStep	Effect4.Machine.driveStep.match_11	Effect4.Machine.Cmd	link.interruptor
Effect4.Machine.driveStep	Effect4.Machine.driveStep.match_11	Effect4.Machine.Cmd	link.extra
Effect4.Machine.driveStep	Effect4.Machine.driveStep.match_11	Effect4.Machine.Cmd	wake.list
Effect4.Machine.driveStep	Effect4.Machine.driveStep.match_11	Effect4.Machine.Cmd	wake.phase
Effect4.Machine.driveStep	Effect4.Machine.Cmd.casesOn	Effect4.Machine.Cmd	evaluate.fiber
Effect4.Machine.driveStep	Effect4.Machine.Cmd.casesOn	Effect4.Machine.Cmd	loop.fiber
Effect4.Machine.driveStep	Effect4.Machine.Cmd.casesOn	Effect4.Machine.Cmd	loop.yielding
Effect4.Machine.driveStep	Effect4.Machine.Cmd.casesOn	Effect4.Machine.Cmd	deliver.fiber
Effect4.Machine.driveStep	Effect4.Machine.Cmd.casesOn	Effect4.Machine.Cmd	deliver.yielding
Effect4.Machine.driveStep	Effect4.Machine.Cmd.casesOn	Effect4.Machine.Cmd	finish.fiber
Effect4.Machine.driveStep	Effect4.Machine.Cmd.casesOn	Effect4.Machine.Cmd	finish.exit
Effect4.Machine.driveStep	Effect4.Machine.Cmd.casesOn	Effect4.Machine.Cmd	resume.fiber
Effect4.Machine.driveStep	Effect4.Machine.Cmd.casesOn	Effect4.Machine.Cmd	resume.token
Effect4.Machine.driveStep	Effect4.Machine.Cmd.casesOn	Effect4.Machine.Cmd	resume.answer
Effect4.Machine.driveStep	Effect4.Machine.Cmd.casesOn	Effect4.Machine.Cmd	launch.race
Effect4.Machine.driveStep	Effect4.Machine.Cmd.casesOn	Effect4.Machine.Cmd	enrollRace.race
Effect4.Machine.driveStep	Effect4.Machine.Cmd.casesOn	Effect4.Machine.Cmd	enrollRace.child
Effect4.Machine.driveStep	Effect4.Machine.Cmd.casesOn	Effect4.Machine.Cmd	registrationDone.race
Effect4.Machine.driveStep	Effect4.Machine.Cmd.casesOn	Effect4.Machine.Cmd	registrationDone.yielding
Effect4.Machine.driveStep	Effect4.Machine.Cmd.casesOn	Effect4.Machine.Cmd	interruptTarget.target
Effect4.Machine.driveStep	Effect4.Machine.Cmd.casesOn	Effect4.Machine.Cmd	interruptTarget.who
Effect4.Machine.driveStep	Effect4.Machine.Cmd.casesOn	Effect4.Machine.Cmd	interruptTarget.extra
Effect4.Machine.driveStep	Effect4.Machine.Cmd.casesOn	Effect4.Machine.Cmd	afterInterrupt.host
Effect4.Machine.driveStep	Effect4.Machine.Cmd.casesOn	Effect4.Machine.Cmd	afterInterrupt.yielding
Effect4.Machine.driveStep	Effect4.Machine.Cmd.casesOn	Effect4.Machine.Cmd	afterInterrupt.kind
Effect4.Machine.driveStep	Effect4.Machine.Cmd.casesOn	Effect4.Machine.Cmd	raceCancel.race
Effect4.Machine.driveStep	Effect4.Machine.Cmd.casesOn	Effect4.Machine.Cmd	raceCancel.host
Effect4.Machine.driveStep	Effect4.Machine.Cmd.casesOn	Effect4.Machine.Cmd	raceCancel.yielding
Effect4.Machine.driveStep	Effect4.Machine.Cmd.casesOn	Effect4.Machine.Cmd	raceCancel.remaining
Effect4.Machine.driveStep	Effect4.Machine.Cmd.casesOn	Effect4.Machine.Cmd	raceCancel.visited
Effect4.Machine.driveStep	Effect4.Machine.Cmd.casesOn	Effect4.Machine.Cmd	trackChild.parent
Effect4.Machine.driveStep	Effect4.Machine.Cmd.casesOn	Effect4.Machine.Cmd	trackChild.child
Effect4.Machine.driveStep	Effect4.Machine.Cmd.casesOn	Effect4.Machine.Cmd	observe.fiber
Effect4.Machine.driveStep	Effect4.Machine.Cmd.casesOn	Effect4.Machine.Cmd	observe.exit
Effect4.Machine.driveStep	Effect4.Machine.Cmd.casesOn	Effect4.Machine.Cmd	observe.observer
Effect4.Machine.driveStep	Effect4.Machine.Cmd.casesOn	Effect4.Machine.Cmd	exitDone.fiber
Effect4.Machine.driveStep	Effect4.Machine.Cmd.casesOn	Effect4.Machine.Cmd	closeParAwait.host
Effect4.Machine.driveStep	Effect4.Machine.Cmd.casesOn	Effect4.Machine.Cmd	closeParAwait.yielding
Effect4.Machine.driveStep	Effect4.Machine.Cmd.casesOn	Effect4.Machine.Cmd	closeParAwait.fibers
Effect4.Machine.driveStep	Effect4.Machine.Cmd.casesOn	Effect4.Machine.Cmd	link.mode
Effect4.Machine.driveStep	Effect4.Machine.Cmd.casesOn	Effect4.Machine.Cmd	link.scope
Effect4.Machine.driveStep	Effect4.Machine.Cmd.casesOn	Effect4.Machine.Cmd	link.target
Effect4.Machine.driveStep	Effect4.Machine.Cmd.casesOn	Effect4.Machine.Cmd	link.interruptor
Effect4.Machine.driveStep	Effect4.Machine.Cmd.casesOn	Effect4.Machine.Cmd	link.extra
Effect4.Machine.driveStep	Effect4.Machine.Cmd.casesOn	Effect4.Machine.Cmd	wake.list
Effect4.Machine.driveStep	Effect4.Machine.Cmd.casesOn	Effect4.Machine.Cmd	wake.phase
# Effect4.Machine.driveStep: 378 definitions, 1445 read sites
info: Test/Audit/PositionCensus.lean:28:0: root	parent	field	wraps	child
Effect4.Program.Sched.RState	Effect4.Program.Sched.RState		[]	Effect4.Machine.RunMachine
Effect4.Program.Sched.RState	Effect4.Machine.RunMachine	fibers	[List]	Effect4.Machine.RunFiber
Effect4.Program.Sched.RState	Effect4.Machine.RunFiber	id	[]	Effect4.FiberId
Effect4.Program.Sched.RState	Effect4.Machine.RunFiber	frame	[]	Effect4.Program.Sched.RSaved
Effect4.Program.Sched.RState	Effect4.Program.Sched.RSaved	stack	[List]	Effect4.Program.Sched.ScopeFrame
Effect4.Program.Sched.RState	Effect4.Program.Sched.ScopeFrame	resume.kind	[]	Effect4.Program.Sched.GuardKind
Effect4.Program.Sched.RState	Effect4.Machine.RunFiber	parked	[]	Effect4.Machine.Parked
Effect4.Program.Sched.RState	Effect4.Machine.RunFiber	pending	[List]	Effect4.Machine.Pending
Effect4.Program.Sched.RState	Effect4.Machine.Pending	waitingOn	[Option]	Effect4.FiberId
Effect4.Program.Sched.RState	Effect4.Machine.Pending	remaining	[List]	Effect4.FiberId
Effect4.Program.Sched.RState	Effect4.Machine.Pending	resumeWith	[]	Effect4.Machine.Resume
Effect4.Program.Sched.RState	Effect4.Machine.RunFiber	observers	[List]	Effect4.Machine.Observer
Effect4.Program.Sched.RState	Effect4.Machine.Observer	resumeAwait.waiter	[]	Effect4.FiberId
Effect4.Program.Sched.RState	Effect4.Machine.Observer	resumeAwait.mode	[]	Effect4.Supervision.ObserverMode
Effect4.Program.Sched.RState	Effect4.Machine.Observer	untrackChild.parent	[]	Effect4.FiberId
Effect4.Program.Sched.RState	Effect4.Machine.Observer	countdown.waiter	[]	Effect4.FiberId
Effect4.Program.Sched.RState	Effect4.Machine.RunFiber	children	[List]	Effect4.FiberId
Effect4.Program.Sched.RState	Effect4.Machine.RunFiber	dispatcher	[]	Effect4.Machine.Dispatcher
Effect4.Program.Sched.RState	Effect4.Machine.Dispatcher	buckets	[List]	Effect4.Machine.Bucket
Effect4.Program.Sched.RState	Effect4.Machine.Bucket	tasks	[List]	Effect4.Machine.Task
Effect4.Program.Sched.RState	Effect4.Machine.Task	start.child	[]	Effect4.FiberId
Effect4.Program.Sched.RState	Effect4.Machine.Task	resume.target	[]	Effect4.FiberId
Effect4.Program.Sched.RState	Effect4.Machine.Task	wake.list	[]	Effect4.Machine.WakeKey
Effect4.Program.Sched.RState	Effect4.Machine.WakeKey	kind	[]	Effect4.Machine.HandleKind
Effect4.Program.Sched.RState	Effect4.Machine.RunFiber	context	[]	Effect4.Machine.Ctx
Effect4.Program.Sched.RState	Effect4.Machine.Ctx	services	[]	Effect4.Machine.Env.Context
Effect4.Program.Sched.RState	Effect4.Machine.Env.Context	entries	[List]	Effect4.Machine.Env.Service
Effect4.Program.Sched.RState	Effect4.Machine.Env.Service	key	[]	Effect4.ServiceKey
Effect4.Program.Sched.RState	Effect4.ServiceKey	name	[]	Effect4.ServiceName
Effect4.Program.Sched.RState	Effect4.ServiceKey	service	[]	Effect4.ServiceTypeCode
Effect4.Program.Sched.RState	Effect4.Machine.RunMachine	races	[List]	Effect4.Machine.Race
Effect4.Program.Sched.RState	Effect4.Machine.Race	host	[]	Effect4.FiberId
Effect4.Program.Sched.RState	Effect4.Machine.Race	state	[]	Effect4.Supervision.RaceAllState
Effect4.Program.Sched.RState	Effect4.Supervision.RaceAllState	unstarted	[List]	Effect4.FiberId
Effect4.Program.Sched.RState	Effect4.Supervision.RaceAllState	starting	[Option]	Effect4.FiberId
Effect4.Program.Sched.RState	Effect4.Supervision.RaceAllState	live	[List]	Effect4.FiberId
Effect4.Program.Sched.RState	Effect4.Supervision.RaceAllState	winner	[Option, Prod.1]	Effect4.FiberId
Effect4.Program.Sched.RState	Effect4.Supervision.RaceAllState	requests	[List]	Effect4.FiberId
Effect4.Program.Sched.RState	Effect4.Supervision.RaceAllState	cleanup	[Option]	Effect4.Supervision.WaitState
Effect4.Program.Sched.RState	Effect4.Supervision.WaitState	targets	[List]	Effect4.FiberId
Effect4.Program.Sched.RState	Effect4.Supervision.WaitState	published	[List]	Effect4.FiberId
Effect4.Program.Sched.RState	Effect4.Machine.RunMachine	armed	[List]	Effect4.FiberId
Effect4.Program.Sched.RState	Effect4.Machine.RunMachine	state	[]	Effect4.Machine.Stores
Effect4.Program.Sched.RState	Effect4.Machine.Stores	deferreds	[]	Effect4.Machine.DeferredStore
Effect4.Program.Sched.RState	Effect4.Machine.DeferredStore	cells	[List]	Effect4.Machine.DeferredCell
Effect4.Program.Sched.RState	Effect4.Machine.DeferredCell	completion	[Option]	Effect4.Machine.Completion
Effect4.Program.Sched.RState	Effect4.Machine.Completion	ofRefGet.cell	[]	Effect4.Machine.RefKey
Effect4.Program.Sched.RState	Effect4.Machine.DeferredCell	wake	[]	Effect4.Machine.WakeList
Effect4.Program.Sched.RState	Effect4.Machine.WakeList	waiters	[List]	Effect4.Machine.Waiter
Effect4.Program.Sched.RState	Effect4.Machine.Waiter	fiber	[]	Effect4.FiberId
Effect4.Program.Sched.RState	Effect4.Machine.WakeList	batch	[Option, List]	Effect4.Machine.Waiter
Effect4.Program.Sched.RState	Effect4.Machine.DeferredStore	due	[List]	Effect4.Machine.Owed
Effect4.Program.Sched.RState	Effect4.Machine.Owed	waiter	[]	Effect4.FiberId
Effect4.Program.Sched.RState	Effect4.Machine.Owed	code	[]	Effect4.Machine.Completion
Effect4.Program.Sched.RState	Effect4.Machine.Owed	mode	[]	Effect4.Machine.WakeMode
Effect4.Program.Sched.RState	Effect4.Machine.WakeMode	scheduled.owner	[]	Effect4.FiberId
Effect4.Program.Sched.RState	Effect4.Machine.Stores	scopes	[]	Effect4.Machine.ScopeStore
Effect4.Program.Sched.RState	Effect4.Machine.ScopeStore	entries	[List]	Effect4.Machine.ScopeEntry
Effect4.Program.Sched.RState	Effect4.Machine.ScopeEntry	scope	[]	Effect4.Scope
Effect4.Program.Sched.RState	Effect4.Scope	strategy	[]	Effect4.FinalizerStrategy
Effect4.Program.Sched.RState	Effect4.Scope	state	[]	Effect4.ScopeState
Effect4.Program.Sched.RState	Effect4.ScopeState	openInline.finalizer	[]	Effect4.Machine.FinName
Effect4.Program.Sched.RState	Effect4.Machine.FinName	interruptFiber.fiber	[]	Effect4.FiberId
Effect4.Program.Sched.RState	Effect4.Machine.FinName	awaitNewChildren.snapshot	[List]	Effect4.FiberId
Effect4.Program.Sched.RState	Effect4.Machine.FinName	foreign.capture	[]	Effect4.Machine.Capture
Effect4.Program.Sched.RState	Effect4.Machine.Capture	ctx	[]	Effect4.Machine.Ctx
Effect4.Program.Sched.RState	Effect4.Machine.FinName	memoEntry.memoMap	[]	Effect4.Machine.MemoMapId
Effect4.Program.Sched.RState	Effect4.Machine.FinName	memoDone.memoMap	[]	Effect4.Machine.MemoMapId
Effect4.Program.Sched.RState	Effect4.ScopeState	openMap.entries	[List, Prod.2]	Effect4.Machine.FinName
Effect4.Program.Sched.RState	Effect4.Machine.Stores	memo	[List]	Effect4.Machine.MemoMap
Effect4.Program.Sched.RState	Effect4.Machine.MemoMap	id	[]	Effect4.Machine.MemoMapId
Effect4.Program.Sched.RState	Effect4.Machine.MemoMap	parent	[Option]	Effect4.Machine.MemoMapId
Effect4.Program.Sched.RState	Effect4.Machine.MemoMap	entries	[List, Prod.2]	Effect4.Machine.MemoEntry
Effect4.Program.Sched.RState	Effect4.Machine.MemoEntry	deferred	[]	Effect4.Machine.DeferredKey
Effect4.Program.Sched.RState	Effect4.Machine.MemoEntry	finalizer	[]	Effect4.Machine.FinName
Effect4.Program.Sched.RState	Effect4.Machine.Stores	timers	[]	Effect4.Machine.TimerStore
Effect4.Program.Sched.RState	Effect4.Machine.TimerStore	now	[]	Effect4.ClockMillis
Effect4.Program.Sched.RState	Effect4.Machine.TimerStore	wake	[]	Effect4.Machine.WakeList
Effect4.Program.Sched.RState	Effect4.Machine.Waiter	payload	[]	Effect4.ClockMillis
Effect4.Program.Sched.RState	Effect4.Machine.TimerStore	target	[Option]	Effect4.ClockMillis
Effect4.Program.Sched.RState	Effect4.Machine.Stores	externals	[]	Effect4.Machine.ExternalStore
Effect4.Program.Sched.RState	Effect4.Machine.ExternalStore	answers	[List]	Effect4.Machine.Completion
Effect4.Program.Sched.RState	Effect4.Machine.ExternalStore	rejected	[Option, Prod.2, Prod.1]	Effect4.Machine.Completion
Effect4.Program.Sched.RState	Effect4.Machine.RunMachine	trace	[List]	Effect4.Machine.RunEvent
Effect4.Program.Sched.RState	Effect4.Machine.RunEvent	forked.parent	[]	Effect4.FiberId
Effect4.Program.Sched.RState	Effect4.Machine.RunEvent	forked.child	[]	Effect4.FiberId
Effect4.Program.Sched.RState	Effect4.Machine.RunEvent	started.fiber	[]	Effect4.FiberId
Effect4.Program.Sched.RState	Effect4.Machine.RunEvent	scheduledTask.owner	[]	Effect4.FiberId
Effect4.Program.Sched.RState	Effect4.Machine.RunEvent	scheduledTask.task	[]	Effect4.Machine.Task
Effect4.Program.Sched.RState	Effect4.Machine.RunEvent	ranTask.owner	[]	Effect4.FiberId
Effect4.Program.Sched.RState	Effect4.Machine.RunEvent	ranTask.task	[]	Effect4.Machine.Task
Effect4.Program.Sched.RState	Effect4.Machine.RunEvent	yieldInjected.fiber	[]	Effect4.FiberId
Effect4.Program.Sched.RState	Effect4.Machine.RunEvent	parkedOn.fiber	[]	Effect4.FiberId
Effect4.Program.Sched.RState	Effect4.Machine.RunEvent	resumedWith.fiber	[]	Effect4.FiberId
Effect4.Program.Sched.RState	Effect4.Machine.RunEvent	interruptRecorded.interruptor	[Option]	Effect4.FiberId
Effect4.Program.Sched.RState	Effect4.Machine.RunEvent	interruptRecorded.target	[]	Effect4.FiberId
Effect4.Program.Sched.RState	Effect4.Machine.RunEvent	interruptDeferred.target	[]	Effect4.FiberId
Effect4.Program.Sched.RState	Effect4.Machine.RunEvent	childrenInterrupted.parent	[]	Effect4.FiberId
Effect4.Program.Sched.RState	Effect4.Machine.RunEvent	childrenInterrupted.children	[List]	Effect4.FiberId
Effect4.Program.Sched.RState	Effect4.Machine.RunEvent	observerFired.fiber	[]	Effect4.FiberId
Effect4.Program.Sched.RState	Effect4.Machine.RunEvent	observerFired.observer	[]	Effect4.Machine.Observer
Effect4.Program.Sched.RState	Effect4.Machine.RunEvent	frame.fiber	[]	Effect4.FiberId
Effect4.Program.Sched.RState	Effect4.Machine.RunEvent	finalizerProgram.fiber	[]	Effect4.FiberId
Effect4.Program.Sched.RState	Effect4.Machine.RunEvent	scopeLinked.mode	[]	Effect4.Supervision.ScopeMode
Effect4.Program.Sched.RState	Effect4.Machine.RunEvent	scopeLinked.fiber	[]	Effect4.FiberId
Effect4.Program.Sched.RState	Effect4.Machine.RunEvent	scopeClosedOnLink.fiber	[]	Effect4.FiberId
Effect4.Program.Sched.RState	Effect4.Machine.RunEvent	raceStarted.host	[]	Effect4.FiberId
Effect4.Program.Sched.RState	Effect4.Machine.RunEvent	raceLaunched.entrant	[]	Effect4.FiberId
Effect4.Program.Sched.RState	Effect4.Machine.RunEvent	contextSet.fiber	[]	Effect4.FiberId
Effect4.Program.Sched.RState	Effect4.Machine.RunEvent	contextSet.context	[]	Effect4.Machine.Ctx
Effect4.Program.Sched.RState	Effect4.Machine.RunEvent	exited.fiber	[]	Effect4.FiberId
Effect4.Program.Sched.RState	Effect4.Machine.RunMachine	stuck	[Option]	Effect4.Machine.Stuck
Effect4.Program.Sched.RState	Effect4.Machine.Stuck	unknownFiber.id	[]	Effect4.FiberId
Effect4.Program.Sched.RState	Effect4.Machine.RunMachine	forks	[List]	Effect4.Machine.ForkRecord
Effect4.Program.Sched.RState	Effect4.Machine.ForkRecord	child	[]	Effect4.FiberId
Effect4.Program.Sched.RState	Effect4.Machine.ForkRecord	parent	[]	Effect4.FiberId
Effect4.Program.Sched.RCmd	Effect4.Program.Sched.RCmd		[]	Effect4.Machine.Cmd
Effect4.Program.Sched.RCmd	Effect4.Machine.Cmd	evaluate.fiber	[]	Effect4.FiberId
Effect4.Program.Sched.RCmd	Effect4.Machine.Cmd	loop.fiber	[]	Effect4.FiberId
Effect4.Program.Sched.RCmd	Effect4.Machine.Cmd	deliver.fiber	[]	Effect4.FiberId
Effect4.Program.Sched.RCmd	Effect4.Machine.Cmd	finish.fiber	[]	Effect4.FiberId
Effect4.Program.Sched.RCmd	Effect4.Machine.Cmd	resume.fiber	[]	Effect4.FiberId
Effect4.Program.Sched.RCmd	Effect4.Machine.Cmd	enrollRace.child	[]	Effect4.FiberId
Effect4.Program.Sched.RCmd	Effect4.Machine.Cmd	interruptTarget.target	[]	Effect4.FiberId
Effect4.Program.Sched.RCmd	Effect4.Machine.Cmd	interruptTarget.who	[Option]	Effect4.FiberId
Effect4.Program.Sched.RCmd	Effect4.Machine.Cmd	interruptTarget.extra	[]	Effect4.ReasonAnnotations
Effect4.Program.Sched.RCmd	Effect4.Machine.Cmd	afterInterrupt.host	[]	Effect4.FiberId
Effect4.Program.Sched.RCmd	Effect4.Machine.Cmd	afterInterrupt.kind	[]	Effect4.Machine.ParkKind
Effect4.Program.Sched.RCmd	Effect4.Machine.ParkKind	join.target	[]	Effect4.FiberId
Effect4.Program.Sched.RCmd	Effect4.Machine.ParkKind	join.mode	[]	Effect4.Supervision.ObserverMode
Effect4.Program.Sched.RCmd	Effect4.Machine.ParkKind	awaitAll.targets	[List]	Effect4.FiberId
Effect4.Program.Sched.RCmd	Effect4.Machine.Cmd	raceCancel.host	[]	Effect4.FiberId
Effect4.Program.Sched.RCmd	Effect4.Machine.Cmd	raceCancel.remaining	[List]	Effect4.FiberId
Effect4.Program.Sched.RCmd	Effect4.Machine.Cmd	raceCancel.visited	[List]	Effect4.FiberId
Effect4.Program.Sched.RCmd	Effect4.Machine.Cmd	trackChild.parent	[]	Effect4.FiberId
Effect4.Program.Sched.RCmd	Effect4.Machine.Cmd	trackChild.child	[]	Effect4.FiberId
Effect4.Program.Sched.RCmd	Effect4.Machine.Cmd	observe.fiber	[]	Effect4.FiberId
Effect4.Program.Sched.RCmd	Effect4.Machine.Cmd	observe.observer	[]	Effect4.Machine.Observer
Effect4.Program.Sched.RCmd	Effect4.Machine.Observer	resumeAwait.waiter	[]	Effect4.FiberId
Effect4.Program.Sched.RCmd	Effect4.Machine.Observer	resumeAwait.mode	[]	Effect4.Supervision.ObserverMode
Effect4.Program.Sched.RCmd	Effect4.Machine.Observer	untrackChild.parent	[]	Effect4.FiberId
Effect4.Program.Sched.RCmd	Effect4.Machine.Observer	countdown.waiter	[]	Effect4.FiberId
Effect4.Program.Sched.RCmd	Effect4.Machine.Cmd	exitDone.fiber	[]	Effect4.FiberId
Effect4.Program.Sched.RCmd	Effect4.Machine.Cmd	closeParAwait.host	[]	Effect4.FiberId
Effect4.Program.Sched.RCmd	Effect4.Machine.Cmd	closeParAwait.fibers	[List]	Effect4.FiberId
Effect4.Program.Sched.RCmd	Effect4.Machine.Cmd	link.mode	[]	Effect4.Supervision.ScopeMode
Effect4.Program.Sched.RCmd	Effect4.Machine.Cmd	link.target	[]	Effect4.FiberId
Effect4.Program.Sched.RCmd	Effect4.Machine.Cmd	link.interruptor	[Option]	Effect4.FiberId
Effect4.Program.Sched.RCmd	Effect4.Machine.Cmd	link.extra	[]	Effect4.ReasonAnnotations
Effect4.Program.Sched.RCmd	Effect4.Machine.Cmd	wake.list	[]	Effect4.Machine.WakeKey
Effect4.Program.Sched.RCmd	Effect4.Machine.WakeKey	kind	[]	Effect4.Machine.HandleKind
Effect4.Program.Sched.RIter	Effect4.Program.Sched.RIter		[]	Effect4.Machine.Iter
Effect4.Program.Sched.RIter	Effect4.Machine.Iter	machine	[]	Effect4.Machine.RunMachine
Effect4.Program.Sched.RIter	Effect4.Machine.RunMachine	fibers	[List]	Effect4.Machine.RunFiber
Effect4.Program.Sched.RIter	Effect4.Machine.RunFiber	id	[]	Effect4.FiberId
Effect4.Program.Sched.RIter	Effect4.Machine.RunFiber	frame	[]	Effect4.Program.Sched.RSaved
Effect4.Program.Sched.RIter	Effect4.Program.Sched.RSaved	stack	[List]	Effect4.Program.Sched.ScopeFrame
Effect4.Program.Sched.RIter	Effect4.Program.Sched.ScopeFrame	resume.kind	[]	Effect4.Program.Sched.GuardKind
Effect4.Program.Sched.RIter	Effect4.Machine.RunFiber	parked	[]	Effect4.Machine.Parked
Effect4.Program.Sched.RIter	Effect4.Machine.RunFiber	pending	[List]	Effect4.Machine.Pending
Effect4.Program.Sched.RIter	Effect4.Machine.Pending	waitingOn	[Option]	Effect4.FiberId
Effect4.Program.Sched.RIter	Effect4.Machine.Pending	remaining	[List]	Effect4.FiberId
Effect4.Program.Sched.RIter	Effect4.Machine.Pending	resumeWith	[]	Effect4.Machine.Resume
Effect4.Program.Sched.RIter	Effect4.Machine.RunFiber	observers	[List]	Effect4.Machine.Observer
Effect4.Program.Sched.RIter	Effect4.Machine.Observer	resumeAwait.waiter	[]	Effect4.FiberId
Effect4.Program.Sched.RIter	Effect4.Machine.Observer	resumeAwait.mode	[]	Effect4.Supervision.ObserverMode
Effect4.Program.Sched.RIter	Effect4.Machine.Observer	untrackChild.parent	[]	Effect4.FiberId
Effect4.Program.Sched.RIter	Effect4.Machine.Observer	countdown.waiter	[]	Effect4.FiberId
Effect4.Program.Sched.RIter	Effect4.Machine.RunFiber	children	[List]	Effect4.FiberId
Effect4.Program.Sched.RIter	Effect4.Machine.RunFiber	dispatcher	[]	Effect4.Machine.Dispatcher
Effect4.Program.Sched.RIter	Effect4.Machine.Dispatcher	buckets	[List]	Effect4.Machine.Bucket
Effect4.Program.Sched.RIter	Effect4.Machine.Bucket	tasks	[List]	Effect4.Machine.Task
Effect4.Program.Sched.RIter	Effect4.Machine.Task	start.child	[]	Effect4.FiberId
Effect4.Program.Sched.RIter	Effect4.Machine.Task	resume.target	[]	Effect4.FiberId
Effect4.Program.Sched.RIter	Effect4.Machine.Task	wake.list	[]	Effect4.Machine.WakeKey
Effect4.Program.Sched.RIter	Effect4.Machine.WakeKey	kind	[]	Effect4.Machine.HandleKind
Effect4.Program.Sched.RIter	Effect4.Machine.RunFiber	context	[]	Effect4.Machine.Ctx
Effect4.Program.Sched.RIter	Effect4.Machine.Ctx	services	[]	Effect4.Machine.Env.Context
Effect4.Program.Sched.RIter	Effect4.Machine.Env.Context	entries	[List]	Effect4.Machine.Env.Service
Effect4.Program.Sched.RIter	Effect4.Machine.Env.Service	key	[]	Effect4.ServiceKey
Effect4.Program.Sched.RIter	Effect4.ServiceKey	name	[]	Effect4.ServiceName
Effect4.Program.Sched.RIter	Effect4.ServiceKey	service	[]	Effect4.ServiceTypeCode
Effect4.Program.Sched.RIter	Effect4.Machine.RunMachine	races	[List]	Effect4.Machine.Race
Effect4.Program.Sched.RIter	Effect4.Machine.Race	host	[]	Effect4.FiberId
Effect4.Program.Sched.RIter	Effect4.Machine.Race	state	[]	Effect4.Supervision.RaceAllState
Effect4.Program.Sched.RIter	Effect4.Supervision.RaceAllState	unstarted	[List]	Effect4.FiberId
Effect4.Program.Sched.RIter	Effect4.Supervision.RaceAllState	starting	[Option]	Effect4.FiberId
Effect4.Program.Sched.RIter	Effect4.Supervision.RaceAllState	live	[List]	Effect4.FiberId
Effect4.Program.Sched.RIter	Effect4.Supervision.RaceAllState	winner	[Option, Prod.1]	Effect4.FiberId
Effect4.Program.Sched.RIter	Effect4.Supervision.RaceAllState	requests	[List]	Effect4.FiberId
Effect4.Program.Sched.RIter	Effect4.Supervision.RaceAllState	cleanup	[Option]	Effect4.Supervision.WaitState
Effect4.Program.Sched.RIter	Effect4.Supervision.WaitState	targets	[List]	Effect4.FiberId
Effect4.Program.Sched.RIter	Effect4.Supervision.WaitState	published	[List]	Effect4.FiberId
Effect4.Program.Sched.RIter	Effect4.Machine.RunMachine	armed	[List]	Effect4.FiberId
Effect4.Program.Sched.RIter	Effect4.Machine.RunMachine	state	[]	Effect4.Machine.Stores
Effect4.Program.Sched.RIter	Effect4.Machine.Stores	deferreds	[]	Effect4.Machine.DeferredStore
Effect4.Program.Sched.RIter	Effect4.Machine.DeferredStore	cells	[List]	Effect4.Machine.DeferredCell
Effect4.Program.Sched.RIter	Effect4.Machine.DeferredCell	completion	[Option]	Effect4.Machine.Completion
Effect4.Program.Sched.RIter	Effect4.Machine.Completion	ofRefGet.cell	[]	Effect4.Machine.RefKey
Effect4.Program.Sched.RIter	Effect4.Machine.DeferredCell	wake	[]	Effect4.Machine.WakeList
Effect4.Program.Sched.RIter	Effect4.Machine.WakeList	waiters	[List]	Effect4.Machine.Waiter
Effect4.Program.Sched.RIter	Effect4.Machine.Waiter	fiber	[]	Effect4.FiberId
Effect4.Program.Sched.RIter	Effect4.Machine.WakeList	batch	[Option, List]	Effect4.Machine.Waiter
Effect4.Program.Sched.RIter	Effect4.Machine.DeferredStore	due	[List]	Effect4.Machine.Owed
Effect4.Program.Sched.RIter	Effect4.Machine.Owed	waiter	[]	Effect4.FiberId
Effect4.Program.Sched.RIter	Effect4.Machine.Owed	code	[]	Effect4.Machine.Completion
Effect4.Program.Sched.RIter	Effect4.Machine.Owed	mode	[]	Effect4.Machine.WakeMode
Effect4.Program.Sched.RIter	Effect4.Machine.WakeMode	scheduled.owner	[]	Effect4.FiberId
Effect4.Program.Sched.RIter	Effect4.Machine.Stores	scopes	[]	Effect4.Machine.ScopeStore
Effect4.Program.Sched.RIter	Effect4.Machine.ScopeStore	entries	[List]	Effect4.Machine.ScopeEntry
Effect4.Program.Sched.RIter	Effect4.Machine.ScopeEntry	scope	[]	Effect4.Scope
Effect4.Program.Sched.RIter	Effect4.Scope	strategy	[]	Effect4.FinalizerStrategy
Effect4.Program.Sched.RIter	Effect4.Scope	state	[]	Effect4.ScopeState
Effect4.Program.Sched.RIter	Effect4.ScopeState	openInline.finalizer	[]	Effect4.Machine.FinName
Effect4.Program.Sched.RIter	Effect4.Machine.FinName	interruptFiber.fiber	[]	Effect4.FiberId
Effect4.Program.Sched.RIter	Effect4.Machine.FinName	awaitNewChildren.snapshot	[List]	Effect4.FiberId
Effect4.Program.Sched.RIter	Effect4.Machine.FinName	foreign.capture	[]	Effect4.Machine.Capture
Effect4.Program.Sched.RIter	Effect4.Machine.Capture	ctx	[]	Effect4.Machine.Ctx
Effect4.Program.Sched.RIter	Effect4.Machine.FinName	memoEntry.memoMap	[]	Effect4.Machine.MemoMapId
Effect4.Program.Sched.RIter	Effect4.Machine.FinName	memoDone.memoMap	[]	Effect4.Machine.MemoMapId
Effect4.Program.Sched.RIter	Effect4.ScopeState	openMap.entries	[List, Prod.2]	Effect4.Machine.FinName
Effect4.Program.Sched.RIter	Effect4.Machine.Stores	memo	[List]	Effect4.Machine.MemoMap
Effect4.Program.Sched.RIter	Effect4.Machine.MemoMap	id	[]	Effect4.Machine.MemoMapId
Effect4.Program.Sched.RIter	Effect4.Machine.MemoMap	parent	[Option]	Effect4.Machine.MemoMapId
Effect4.Program.Sched.RIter	Effect4.Machine.MemoMap	entries	[List, Prod.2]	Effect4.Machine.MemoEntry
Effect4.Program.Sched.RIter	Effect4.Machine.MemoEntry	deferred	[]	Effect4.Machine.DeferredKey
Effect4.Program.Sched.RIter	Effect4.Machine.MemoEntry	finalizer	[]	Effect4.Machine.FinName
Effect4.Program.Sched.RIter	Effect4.Machine.Stores	timers	[]	Effect4.Machine.TimerStore
Effect4.Program.Sched.RIter	Effect4.Machine.TimerStore	now	[]	Effect4.ClockMillis
Effect4.Program.Sched.RIter	Effect4.Machine.TimerStore	wake	[]	Effect4.Machine.WakeList
Effect4.Program.Sched.RIter	Effect4.Machine.Waiter	payload	[]	Effect4.ClockMillis
Effect4.Program.Sched.RIter	Effect4.Machine.TimerStore	target	[Option]	Effect4.ClockMillis
Effect4.Program.Sched.RIter	Effect4.Machine.Stores	externals	[]	Effect4.Machine.ExternalStore
Effect4.Program.Sched.RIter	Effect4.Machine.ExternalStore	answers	[List]	Effect4.Machine.Completion
Effect4.Program.Sched.RIter	Effect4.Machine.ExternalStore	rejected	[Option, Prod.2, Prod.1]	Effect4.Machine.Completion
Effect4.Program.Sched.RIter	Effect4.Machine.RunMachine	trace	[List]	Effect4.Machine.RunEvent
Effect4.Program.Sched.RIter	Effect4.Machine.RunEvent	forked.parent	[]	Effect4.FiberId
Effect4.Program.Sched.RIter	Effect4.Machine.RunEvent	forked.child	[]	Effect4.FiberId
Effect4.Program.Sched.RIter	Effect4.Machine.RunEvent	started.fiber	[]	Effect4.FiberId
Effect4.Program.Sched.RIter	Effect4.Machine.RunEvent	scheduledTask.owner	[]	Effect4.FiberId
Effect4.Program.Sched.RIter	Effect4.Machine.RunEvent	scheduledTask.task	[]	Effect4.Machine.Task
Effect4.Program.Sched.RIter	Effect4.Machine.RunEvent	ranTask.owner	[]	Effect4.FiberId
Effect4.Program.Sched.RIter	Effect4.Machine.RunEvent	ranTask.task	[]	Effect4.Machine.Task
Effect4.Program.Sched.RIter	Effect4.Machine.RunEvent	yieldInjected.fiber	[]	Effect4.FiberId
Effect4.Program.Sched.RIter	Effect4.Machine.RunEvent	parkedOn.fiber	[]	Effect4.FiberId
Effect4.Program.Sched.RIter	Effect4.Machine.RunEvent	resumedWith.fiber	[]	Effect4.FiberId
Effect4.Program.Sched.RIter	Effect4.Machine.RunEvent	interruptRecorded.interruptor	[Option]	Effect4.FiberId
Effect4.Program.Sched.RIter	Effect4.Machine.RunEvent	interruptRecorded.target	[]	Effect4.FiberId
Effect4.Program.Sched.RIter	Effect4.Machine.RunEvent	interruptDeferred.target	[]	Effect4.FiberId
Effect4.Program.Sched.RIter	Effect4.Machine.RunEvent	childrenInterrupted.parent	[]	Effect4.FiberId
Effect4.Program.Sched.RIter	Effect4.Machine.RunEvent	childrenInterrupted.children	[List]	Effect4.FiberId
Effect4.Program.Sched.RIter	Effect4.Machine.RunEvent	observerFired.fiber	[]	Effect4.FiberId
Effect4.Program.Sched.RIter	Effect4.Machine.RunEvent	observerFired.observer	[]	Effect4.Machine.Observer
Effect4.Program.Sched.RIter	Effect4.Machine.RunEvent	frame.fiber	[]	Effect4.FiberId
Effect4.Program.Sched.RIter	Effect4.Machine.RunEvent	finalizerProgram.fiber	[]	Effect4.FiberId
Effect4.Program.Sched.RIter	Effect4.Machine.RunEvent	scopeLinked.mode	[]	Effect4.Supervision.ScopeMode
Effect4.Program.Sched.RIter	Effect4.Machine.RunEvent	scopeLinked.fiber	[]	Effect4.FiberId
Effect4.Program.Sched.RIter	Effect4.Machine.RunEvent	scopeClosedOnLink.fiber	[]	Effect4.FiberId
Effect4.Program.Sched.RIter	Effect4.Machine.RunEvent	raceStarted.host	[]	Effect4.FiberId
Effect4.Program.Sched.RIter	Effect4.Machine.RunEvent	raceLaunched.entrant	[]	Effect4.FiberId
Effect4.Program.Sched.RIter	Effect4.Machine.RunEvent	contextSet.fiber	[]	Effect4.FiberId
Effect4.Program.Sched.RIter	Effect4.Machine.RunEvent	contextSet.context	[]	Effect4.Machine.Ctx
Effect4.Program.Sched.RIter	Effect4.Machine.RunEvent	exited.fiber	[]	Effect4.FiberId
Effect4.Program.Sched.RIter	Effect4.Machine.RunMachine	stuck	[Option]	Effect4.Machine.Stuck
Effect4.Program.Sched.RIter	Effect4.Machine.Stuck	unknownFiber.id	[]	Effect4.FiberId
Effect4.Program.Sched.RIter	Effect4.Machine.RunMachine	forks	[List]	Effect4.Machine.ForkRecord
Effect4.Program.Sched.RIter	Effect4.Machine.ForkRecord	child	[]	Effect4.FiberId
Effect4.Program.Sched.RIter	Effect4.Machine.ForkRecord	parent	[]	Effect4.FiberId
Effect4.Program.Sched.RIter	Effect4.Machine.Iter	fiber	[]	Effect4.Machine.RunFiber
Effect4.Program.Sched.RIter	Effect4.Machine.Iter	outcome	[]	Effect4.Machine.Outcome
Effect4.Program.Sched.RIter	Effect4.Machine.Outcome	stuck.why	[]	Effect4.Machine.Stuck
Effect4.Program.Sched.RIter	Effect4.Machine.Iter	nested	[List]	Effect4.Machine.Cmd
Effect4.Program.Sched.RIter	Effect4.Machine.Cmd	evaluate.fiber	[]	Effect4.FiberId
Effect4.Program.Sched.RIter	Effect4.Machine.Cmd	loop.fiber	[]	Effect4.FiberId
Effect4.Program.Sched.RIter	Effect4.Machine.Cmd	deliver.fiber	[]	Effect4.FiberId
Effect4.Program.Sched.RIter	Effect4.Machine.Cmd	finish.fiber	[]	Effect4.FiberId
Effect4.Program.Sched.RIter	Effect4.Machine.Cmd	resume.fiber	[]	Effect4.FiberId
Effect4.Program.Sched.RIter	Effect4.Machine.Cmd	enrollRace.child	[]	Effect4.FiberId
Effect4.Program.Sched.RIter	Effect4.Machine.Cmd	interruptTarget.target	[]	Effect4.FiberId
Effect4.Program.Sched.RIter	Effect4.Machine.Cmd	interruptTarget.who	[Option]	Effect4.FiberId
Effect4.Program.Sched.RIter	Effect4.Machine.Cmd	interruptTarget.extra	[]	Effect4.ReasonAnnotations
Effect4.Program.Sched.RIter	Effect4.Machine.Cmd	afterInterrupt.host	[]	Effect4.FiberId
Effect4.Program.Sched.RIter	Effect4.Machine.Cmd	afterInterrupt.kind	[]	Effect4.Machine.ParkKind
Effect4.Program.Sched.RIter	Effect4.Machine.ParkKind	join.target	[]	Effect4.FiberId
Effect4.Program.Sched.RIter	Effect4.Machine.ParkKind	join.mode	[]	Effect4.Supervision.ObserverMode
Effect4.Program.Sched.RIter	Effect4.Machine.ParkKind	awaitAll.targets	[List]	Effect4.FiberId
Effect4.Program.Sched.RIter	Effect4.Machine.Cmd	raceCancel.host	[]	Effect4.FiberId
Effect4.Program.Sched.RIter	Effect4.Machine.Cmd	raceCancel.remaining	[List]	Effect4.FiberId
Effect4.Program.Sched.RIter	Effect4.Machine.Cmd	raceCancel.visited	[List]	Effect4.FiberId
Effect4.Program.Sched.RIter	Effect4.Machine.Cmd	trackChild.parent	[]	Effect4.FiberId
Effect4.Program.Sched.RIter	Effect4.Machine.Cmd	trackChild.child	[]	Effect4.FiberId
Effect4.Program.Sched.RIter	Effect4.Machine.Cmd	observe.fiber	[]	Effect4.FiberId
Effect4.Program.Sched.RIter	Effect4.Machine.Cmd	observe.observer	[]	Effect4.Machine.Observer
Effect4.Program.Sched.RIter	Effect4.Machine.Cmd	exitDone.fiber	[]	Effect4.FiberId
Effect4.Program.Sched.RIter	Effect4.Machine.Cmd	closeParAwait.host	[]	Effect4.FiberId
Effect4.Program.Sched.RIter	Effect4.Machine.Cmd	closeParAwait.fibers	[List]	Effect4.FiberId
Effect4.Program.Sched.RIter	Effect4.Machine.Cmd	link.mode	[]	Effect4.Supervision.ScopeMode
Effect4.Program.Sched.RIter	Effect4.Machine.Cmd	link.target	[]	Effect4.FiberId
Effect4.Program.Sched.RIter	Effect4.Machine.Cmd	link.interruptor	[Option]	Effect4.FiberId
Effect4.Program.Sched.RIter	Effect4.Machine.Cmd	link.extra	[]	Effect4.ReasonAnnotations
Effect4.Program.Sched.RIter	Effect4.Machine.Cmd	wake.list	[]	Effect4.Machine.WakeKey
info: Test/Audit/IndexedColumns.lean:23:0: typed state: 1 predicates, 2 carrier predicates, 0 refusals
info: Test/Audit/IndexedColumns.lean:65:0: typed state: 1 predicates, 2 carrier predicates, 0 refusals
info: Test/Audit/IndexedColumns.lean:123:0: typed state: 1 predicates, 1 carrier predicates, 0 refusals
info: Test/Audit/IndexedColumns.lean:147:0: typed state: 2 predicates, 1 carrier predicates, 0 refusals
info: Test/Audit/IndexedColumns.lean:160:0: Test.IndexedColumnDraft: 1 open, 7 proved, 8 total; ceiling 8
info: Test/Audit/IndexedColumnActual.lean:34:0: Test.IndexedColumnActual: 0 open, 4 proved, 4 total; ceiling 4
info: Test/Audit/TypedStateDecl.lean:13:0: typed state: 1 predicates, 1 carrier predicates, 0 refusals
info: Test/Audit/TypedStateDecl.lean:54:0: typed state: 2 predicates, 1 carrier predicates, 0 refusals
info: Test/Audit/TypedStateDecl.lean:66:0: typed state: 1 predicates, 1 carrier predicates, 0 refusals
info: Test/Audit/TypedStateDecl.lean:78:0: typed state: 2 predicates, 1 carrier predicates, 0 refusals
info: Test/Audit/TypedStateDecl.lean:137:0: typed state: 1 predicates, 1 carrier predicates, 0 refusals
info: Test/Audit/TypedStateDecl.lean:165:0: typed state: 1 predicates, 1 carrier predicates, 0 refusals
info: Test/Audit/TypedStateDecl.lean:176:0: typed state: 1 predicates, 1 carrier predicates, 0 refusals
info: Test/Audit/TypedStateDecl.lean:193:0: typed state: 3 predicates, 2 carrier predicates, 0 refusals
info: Test/Audit/FrameRules.lean:11:0: frame rules: 2 checked theorems, 1 reused clauses, 3 explicit premises
info: Test/Audit/FrameRules.lean:33:0: frame rules: 2 checked theorems, 0 reused clauses, 2 explicit premises
info: Test/Audit/Obligations.lean:127:0: Test.Obligations.BadAudit.Wanted.target: 1/2 binders; law Test.Obligations.BadAudit.target; exact false; adapter false
info: Test/Schema/RepresentationContract.lean:20:0: instDecidableEqRepresentationTag
info: Test/Schema/RepresentationContract.lean:21:0: instReprRepresentationTag
info: Test/Schema/RepresentationContract.lean:22:0: instInhabitedRepresentationTag
info: Test/Schema/SubAlphabetContract.lean:18:0: instDecidableEqUnionMode
info: Test/Schema/SubAlphabetContract.lean:19:0: instReprUnionMode
info: Test/Schema/SubAlphabetContract.lean:20:0: instInhabitedUnionMode
info: Test/Schema/SubAlphabetContract.lean:22:0: instDecidableEqCheckTag
info: Test/Schema/SubAlphabetContract.lean:23:0: instReprCheckTag
info: Test/Schema/SubAlphabetContract.lean:24:0: instInhabitedCheckTag
info: Test/Schema/SubAlphabetContract.lean:26:0: instDecidableEqLiteralKind
info: Test/Schema/SubAlphabetContract.lean:27:0: instReprLiteralKind
info: Test/Schema/SubAlphabetContract.lean:28:0: instInhabitedLiteralKind
info: Test/Schema/SubAlphabetContract.lean:30:0: instDecidableEqEnumValueKind
info: Test/Schema/SubAlphabetContract.lean:31:0: instReprEnumValueKind
info: Test/Schema/SubAlphabetContract.lean:32:0: instInhabitedEnumValueKind
info: Test/Schema/SubAlphabetContract.lean:34:0: instDecidableEqPropertyKeyKind
info: Test/Schema/SubAlphabetContract.lean:35:0: instReprPropertyKeyKind
info: Test/Schema/SubAlphabetContract.lean:36:0: instInhabitedPropertyKeyKind
info: Test/Machine/Environment/ContextKeyContract.lean:45:0: Effect4.instDecidableEqServiceName
info: Test/Machine/Environment/ContextKeyContract.lean:47:0: Effect4.instDecidableEqServiceTypeCode
info: Test/Machine/Environment/ContextKeyContract.lean:68:0: Effect4.instDecidableEqServiceKey
info: Test/Machine/Environment/ContextKeyContract.lean:69:0: Effect4.instReprServiceKey
info: Test/Machine/Environment/ContextKeyContract.lean:91:0: Effect4.instLTServiceKey
info: Test/Codegen/ExprContract.lean:15:0: instInhabitedExpr
info: Test/Codegen/SchemaGenerationContract.lean:113:0: Effect4.Schema.Bridge.ofSchema_schema (t : Ty) (h : t.closed = true) : ofSchema (schema t) = some t
info: Test/Codegen/SchemaGenerationContract.lean:114:0: Effect4.Schema.Bridge.ofSchema_schema_cty (t : CTy) (h : t.toRaw.closed = true) :
  ofSchema (schema t.toRaw) = some t.toRaw
info: Test/Codegen/SchemaGenerationContract.lean:251:0: Effect4.Schema.encode_of_hasTy {t : CTy} {v : Machine.Val} (_h : Val.hasTy v t.toRaw = true)
  (admitted : t.toRaw.isCodecValue v = true) : (Schema.encode t.toRaw v).isSome = true
info: Test/Codegen/SchemaGenerationContract.lean:252:0: Effect4.Schema.decode_encode {t : CTy} {v : Machine.Val} (h : Val.hasTy v t.toRaw = true)
  (admitted : t.toRaw.isCodecValue v = true) : (Schema.encode t.toRaw v).bind (Schema.decode t.toRaw) = some v
info: Test/Codegen/SchemaGenerationContract.lean:253:0: Effect4.Schema.hasTy_decode {t : CTy} {j : Json} {v : Machine.Val} (h : Schema.decode t.toRaw j = some v) :
  Val.hasTy v t.toRaw = true
info: Test/Codegen/SchemaGenerationContract.lean:254:0: Effect4.Schema.encode_sub {s t : CTy} {v : Machine.Val} (hsub : s.toRaw.sub t.toRaw = true)
  (hv : Val.hasTy v s.toRaw = true) (compatible : Schema.Codec.Compatible s.toRaw t.toRaw) :
  Schema.encode t.toRaw v = Schema.encode s.toRaw v
info: Test/Machine/Semantics/CauseExitContract.lean:47:0: instDecidableEqReasonTag
info: Test/Machine/Semantics/CauseExitContract.lean:48:0: instReprReasonTag
info: Test/Program/TypedSplit.lean:16:0: structure Effect4.Program.Typed.MachineTyped (root : ProgramSource) (rootTy : Effect4.Program.EffTy) (w : World)
  (m : Effect4.Program.Sched.RState) : Prop
number of parameters: 4
fields:
  Effect4.Program.Typed.MachineTyped.typed : TypedState root rootTy w m
  Effect4.Program.Typed.MachineTyped.services : w.serviceTy = root.sig.serviceTy
  Effect4.Program.Typed.MachineTyped.code : LiveCode root w m
  Effect4.Program.Typed.MachineTyped.live : MachineLive m
constructor:
  Effect4.Program.Typed.MachineTyped.mk {root : ProgramSource} {rootTy : Effect4.Program.EffTy} {w : World}
    {m : Effect4.Program.Sched.RState} (typed : TypedState root rootTy w m)
    (services : w.serviceTy = root.sig.serviceTy) (code : LiveCode root w m) (live : MachineLive m) :
    MachineTyped root rootTy w m
info: Test/Program/TypedSplit.lean:17:0: def Effect4.Program.Typed.TypedState : ProgramSource →
  Effect4.Program.EffTy → World → Effect4.Program.Sched.RState → Prop :=
fun root rootTy w m =>
  WorldValid rootTy w m ∧
    RStateOk (preds root) w m ∧
      ActiveDelivery root w m ∧ SchedulerState m ∧ ObserverState root w m ∧ RegistrationState root w m
info: Test/Program/TypedSplit.lean:18:0: def Effect4.Program.Typed.LiveCode : ProgramSource → World → Effect4.Program.Sched.RState → Prop :=
fun root w m =>
  ∀
    (f :
      Effect4.Machine.RunFiber Effect4.Program.EffName Effect4.Program.EffThunk Effect4.Machine.Val Effect4.Machine.Err
        Effect4.Machine.Defect Effect4.FiberId Effect4.Machine.Ann Effect4.Machine.Ctx Effect4.Program.Sched.RProgram
        Effect4.Program.Sched.RSaved),
    f ∈ m.fibers →
      f.exit = none →
        f.running = false →
          raceRegistrationR f.frame.current = none →
            ∀ (ty : Effect4.Program.EffTy),
              w.Γ f.id = some ty → Contracts.SavedOk (TypedProg root) ExitOk (frameProtocols root) w ty f.frame
info: Test/Program/TypedSplit.lean:19:0: structure Effect4.Program.Typed.MachineLive (m : Effect4.Program.Sched.RState) : Prop
number of parameters: 1
fields:
  Effect4.Program.Typed.MachineLive.running : m.stuck = none
  Effect4.Program.Typed.MachineLive.dueOwners : ∀
      (o :
        Effect4.Machine.Owed
          (Effect4.Machine.Completion Effect4.Machine.Val Effect4.Machine.Err Effect4.Machine.Defect Effect4.FiberId
            Effect4.Machine.Ann)),
      o ∈
          m.state.deferreds.due
            (Effect4.Machine.Completion Effect4.Machine.Val Effect4.Machine.Err Effect4.Machine.Defect Effect4.FiberId
              Effect4.Machine.Ann) →
        ∀ (owner : Effect4.FiberId) (priority : Nat),
          o.mode = Effect4.Machine.WakeMode.scheduled owner priority →
            (Effect4.Machine.RunMachine.fiber? m owner).isSome = true
constructor:
  Effect4.Program.Typed.MachineLive.mk {m : Effect4.Program.Sched.RState} (running : m.stuck = none)
    (dueOwners :
      ∀
        (o :
          Effect4.Machine.Owed
            (Effect4.Machine.Completion Effect4.Machine.Val Effect4.Machine.Err Effect4.Machine.Defect Effect4.FiberId
              Effect4.Machine.Ann)),
        o ∈
            m.state.deferreds.due
              (Effect4.Machine.Completion Effect4.Machine.Val Effect4.Machine.Err Effect4.Machine.Defect Effect4.FiberId
                Effect4.Machine.Ann) →
          ∀ (owner : Effect4.FiberId) (priority : Nat),
            o.mode = Effect4.Machine.WakeMode.scheduled owner priority →
              (Effect4.Machine.RunMachine.fiber? m owner).isSome = true) :
    MachineLive m
info: Test/Program/TypedSplit.lean:20:0: structure Effect4.Program.Typed.ConfigTyped (root : ProgramSource) (rootTy : Effect4.Program.EffTy) (w : World)
  (m : Effect4.Program.Sched.RState) (commands : List Effect4.Program.Sched.RCmd) : Prop
number of parameters: 5
fields:
  Effect4.Program.Typed.ConfigTyped.machine : MachineTyped root rootTy w m
  Effect4.Program.Typed.ConfigTyped.code : ReadCode root w m commands
  Effect4.Program.Typed.ConfigTyped.queue : QueueOk root w m commands
constructor:
  Effect4.Program.Typed.ConfigTyped.mk {root : ProgramSource} {rootTy : Effect4.Program.EffTy} {w : World}
    {m : Effect4.Program.Sched.RState} {commands : List Effect4.Program.Sched.RCmd}
    (machine : MachineTyped root rootTy w m) (code : ReadCode root w m commands) (queue : QueueOk root w m commands) :
    ConfigTyped root rootTy w m commands
info: Test/Program/TypedSplit.lean:21:0: def Effect4.Program.Typed.ReadCode : ProgramSource →
  World → Effect4.Program.Sched.RState → List Effect4.Program.Sched.RCmd → Prop :=
fun root w m commands =>
  ∀
    (f :
      Effect4.Machine.RunFiber Effect4.Program.EffName Effect4.Program.EffThunk Effect4.Machine.Val Effect4.Machine.Err
        Effect4.Machine.Defect Effect4.FiberId Effect4.Machine.Ann Effect4.Machine.Ctx Effect4.Program.Sched.RProgram
        Effect4.Program.Sched.RSaved),
    f ∈ m.fibers →
      f.running = true →
        ReadsCode f.id commands →
          raceRegistrationR f.frame.current = none →
            ∀ (ty : Effect4.Program.EffTy),
              w.Γ f.id = some ty → Contracts.SavedOk (TypedProg root) ExitOk (frameProtocols root) w ty f.frame
info: Test/Program/TypedSplit.lean:22:0: def Effect4.Program.Typed.ReadsCode : Effect4.FiberId → List Effect4.Program.Sched.RCmd → Prop :=
fun id commands =>
  ∃ yielding, Effect4.Machine.Cmd.loop id yielding ∈ commands ∨ Effect4.Machine.Cmd.deliver id yielding ∈ commands
info: Test/Program/TypedSplit.lean:23:0: structure Effect4.Program.Typed.QueueOk (root : ProgramSource) (w : World) (m : Effect4.Program.Sched.RState)
  (commands : List Effect4.Program.Sched.RCmd) : Prop
number of parameters: 4
fields:
  Effect4.Program.Typed.QueueOk.payload : ∀ (command : Effect4.Program.Sched.RCmd),
      command ∈ commands → RCmdOk (preds root) w command
  Effect4.Program.Typed.QueueOk.authority : ∀ (command : Effect4.Program.Sched.RCmd),
      command ∈ commands → CommandAuthorityR m command
  Effect4.Program.Typed.QueueOk.delivery : ∀ (command : Effect4.Program.Sched.RCmd),
      command ∈ commands → CommandDeliveryOk root w m command
  Effect4.Program.Typed.QueueOk.owners : (List.filterMap (Effect4.Program.Guard.commandOwner m) commands).Nodup
  Effect4.Program.Typed.QueueOk.registration : Effect4.Program.Guard.RegistrationQueue.RegistrationQueue commands
  Effect4.Program.Typed.QueueOk.keys : ReservedKeysR m (List.flatMap Effect4.Program.Guard.commandKeys commands)
  Effect4.Program.Typed.QueueOk.observer : ∀ (source : Effect4.FiberId) (exit : Effect4.Machine.ExitV)
      (observer : Effect4.Machine.Observer),
      Effect4.Machine.Cmd.observe source exit observer ∈ commands → ObserverCommandOk root w m source exit observer
  Effect4.Program.Typed.QueueOk.enroll : ∀ (race : Nat) (child : Effect4.FiberId),
      Effect4.Machine.Cmd.enrollRace race child ∈ commands → EnrollRaceOk root w m race child
  Effect4.Program.Typed.QueueOk.noRaceAfterInterrupt : ∀ (host : Effect4.FiberId) (yielding : Bool) (race : Nat),
      ¬Effect4.Machine.Cmd.afterInterrupt host yielding (Effect4.Machine.ParkKind.race race) ∈ commands
  Effect4.Program.Typed.QueueOk.links : ∀ (mode : Effect4.Supervision.ScopeMode) (scope : Nat)
      (target : Effect4.FiberId) (interruptor : Option Effect4.FiberId)
      (extra : Effect4.ReasonAnnotations Effect4.Machine.Ann),
      Effect4.Machine.Cmd.link mode scope target interruptor extra ∈ commands →
        (m.state.scopes.entryAt scope).isSome = true ∧ (Effect4.Machine.RunMachine.fiber? m target).isSome = true
constructor:
  Effect4.Program.Typed.QueueOk.mk {root : ProgramSource} {w : World} {m : Effect4.Program.Sched.RState}
    {commands : List Effect4.Program.Sched.RCmd}
    (payload : ∀ (command : Effect4.Program.Sched.RCmd), command ∈ commands → RCmdOk (preds root) w command)
    (authority : ∀ (command : Effect4.Program.Sched.RCmd), command ∈ commands → CommandAuthorityR m command)
    (delivery : ∀ (command : Effect4.Program.Sched.RCmd), command ∈ commands → CommandDeliveryOk root w m command)
    (owners : (List.filterMap (Effect4.Program.Guard.commandOwner m) commands).Nodup)
    (registration : Effect4.Program.Guard.RegistrationQueue.RegistrationQueue commands)
    (keys : ReservedKeysR m (List.flatMap Effect4.Program.Guard.commandKeys commands))
    (observer :
      ∀ (source : Effect4.FiberId) (exit : Effect4.Machine.ExitV) (observer : Effect4.Machine.Observer),
        Effect4.Machine.Cmd.observe source exit observer ∈ commands → ObserverCommandOk root w m source exit observer)
    (enroll :
      ∀ (race : Nat) (child : Effect4.FiberId),
        Effect4.Machine.Cmd.enrollRace race child ∈ commands → EnrollRaceOk root w m race child)
    (noRaceAfterInterrupt :
      ∀ (host : Effect4.FiberId) (yielding : Bool) (race : Nat),
        ¬Effect4.Machine.Cmd.afterInterrupt host yielding (Effect4.Machine.ParkKind.race race) ∈ commands)
    (links :
      ∀ (mode : Effect4.Supervision.ScopeMode) (scope : Nat) (target : Effect4.FiberId)
        (interruptor : Option Effect4.FiberId) (extra : Effect4.ReasonAnnotations Effect4.Machine.Ann),
        Effect4.Machine.Cmd.link mode scope target interruptor extra ∈ commands →
          (m.state.scopes.entryAt scope).isSome = true ∧ (Effect4.Machine.RunMachine.fiber? m target).isSome = true) :
    QueueOk root w m commands
info: Test/Program/TypedSplit.lean:24:0: def Effect4.Program.Typed.StepPreserves : ProgramSource → Effect4.Program.EffTy → Effect4.Program.Sched.RCmd → Prop :=
fun root rootTy cmd =>
  ∀ (w : World) (m : Effect4.Program.Sched.RState) (rest : List Effect4.Program.Sched.RCmd),
    m.stuck = none →
      ConfigTyped root rootTy w m (cmd :: rest) →
        have r := Effect4.Machine.driveStep (Effect4.Program.Sched.interpR root.program) m cmd rest;
        ∃ w', w.leHost w' ∧ ConfigTyped root rootTy w' r.fst r.snd
info: Test/Program/TypedSplit.lean:25:0: def Effect4.Program.Typed.preds : ProgramSource → Preds World :=
fun root =>
  { SavedOk := fun w e x => ∀ (ty : Effect4.Program.EffTy), expectOf w e = some ty → SavedPosition root w ty x,
    PendingOk := fun w x ps =>
      ∀
        (p :
          Effect4.Machine.Pending Effect4.Program.EffName Effect4.Machine.Val Effect4.Machine.Err Effect4.Machine.Defect
            Effect4.FiberId Effect4.Machine.Ann),
        p ∈ ps → ∃ id, (w.Θ id p.token).isSome = true,
    exit := fun w e ex => ∀ (ty : Effect4.Program.EffTy), expectOf w e = some ty → ExitOk w ty ex,
    ResumeOk := fun w x target token code => Contracts.ResumeOk (TypedProg root) w target token code,
    ServiceOk := fun w x ctx => ServicesFit w ctx.services,
    RaceOk := fun w x races =>
      ∀
        (r :
          Effect4.Machine.Race Effect4.Program.EffName Effect4.Program.EffThunk Effect4.Machine.Val Effect4.Machine.Err
            Effect4.Machine.Defect Effect4.FiberId Effect4.Machine.Ann Effect4.Program.Sched.RProgram),
        r ∈ races → ∃ resultTy, RacePayload root w r resultTy,
    PromiseTable := fun w s =>
      ∀
        (o :
          Effect4.Machine.Owed
            (Effect4.Machine.Completion Effect4.Machine.Val Effect4.Machine.Err Effect4.Machine.Defect Effect4.FiberId
              Effect4.Machine.Ann)),
        o ∈
            s.deferreds.due
              (Effect4.Machine.Completion Effect4.Machine.Val Effect4.Machine.Err Effect4.Machine.Defect Effect4.FiberId
                Effect4.Machine.Ann) →
          ∀ (ty : Effect4.Program.EffTy), w.Θ o.waiter o.token = some ty → CompletionStrong w ty o.code,
    HeapCell := fun w key v => ∀ (ty : Effect4.Program.Ty), w.Ρ key = some ty → Fits w v ty,
    PromiseCell := fun w key cell =>
      ∀ (a e : Effect4.Program.Ty),
        w.«Π» key = some (a, e) →
          ∀
            (c :
              Effect4.Machine.Completion Effect4.Machine.Val Effect4.Machine.Err Effect4.Machine.Defect Effect4.FiberId
                Effect4.Machine.Ann),
            cell.completion
                  (Effect4.Machine.Completion Effect4.Machine.Val Effect4.Machine.Err Effect4.Machine.Defect
                    Effect4.FiberId Effect4.Machine.Ann) =
                some c →
              CompletionStrong w { answer := a, error := e, requires := Effect4.Machine.Env.Requirement.empty } c,
    CaptureOk := fun w x c => CaptureTyped root w c,
    ScopeExitOk := fun w x ex =>
      Fits w (Effect4.Machine.reifyExitVal ex) (Effect4.Program.Ty.unknown.exitOf Effect4.Program.Ty.unknown) }
info: Test/Program/TypedSplit.lean:26:0: def Effect4.Program.Typed.ScopeStateOk : {W : Type} →
  Preds W →
    W →
      Expect →
        Effect4.ScopeState Nat Effect4.Machine.FinName Effect4.Machine.Val Effect4.Machine.Err Effect4.Machine.Defect
            Effect4.FiberId Effect4.Machine.Ann →
          Prop :=
fun {W} P w e x =>
  match x with
  | Effect4.ScopeState.empty => True
  | Effect4.ScopeState.openEmpty => True
  | Effect4.ScopeState.openInline key finalizer => FinNameOk P w e finalizer
  | Effect4.ScopeState.openMap entries => ∀ (v0 : Nat × Effect4.Machine.FinName), v0 ∈ entries → FinNameOk P w e v0.snd
  | Effect4.ScopeState.closed exit => P.ScopeExitOk w e exit
info: Test/Program/TypedSplit.lean:27:0: def Effect4.Program.Typed.SnapshotTyped : ProgramSource → World → Effect4.Program.Sched.RState → List RTask → Prop :=
fun root w m tasks => QueueOk root w m (List.flatMap Effect4.Machine.taskCmds tasks)
info: Test/Program/TypedSplit.lean:28:0: structure Effect4.Program.Typed.DecisionEdits (root : ProgramSource) (rootTy : Effect4.Program.EffTy) : Prop
number of parameters: 2
fields:
  Effect4.Program.Typed.DecisionEdits.drain : EditDrain root rootTy
  Effect4.Program.Typed.DecisionEdits.yield : EditYield root rootTy
  Effect4.Program.Typed.DecisionEdits.interrupt : EditInterrupt root rootTy
  Effect4.Program.Typed.DecisionEdits.clockNone : EditClockNone root rootTy
  Effect4.Program.Typed.DecisionEdits.clockSome : EditClockSome root rootTy
  Effect4.Program.Typed.DecisionEdits.answer : EditAnswer root rootTy
constructor:
  Effect4.Program.Typed.DecisionEdits.mk {root : ProgramSource} {rootTy : Effect4.Program.EffTy}
    (drain : EditDrain root rootTy) (yield : EditYield root rootTy) (interrupt : EditInterrupt root rootTy)
    (clockNone : EditClockNone root rootTy) (clockSome : EditClockSome root rootTy) (answer : EditAnswer root rootTy) :
    DecisionEdits root rootTy
info: Test/Program/TypedSplit.lean:29:0: def Effect4.Program.Typed.DenotesTyped : ProgramSource → Prop :=
fun root =>
  ∀ (w : World) (p : Effect4.Program.Point) (e : Effect4.Program.NativeEff) (ty : Effect4.Program.EffTy),
    (Effect4.Program.Node.eff root.program).at_ p.path = some (Effect4.Program.Node.eff e) →
      PointTyped root w p ty → TypedProg root w ty (Effect4.Program.Sched.denoteR root.program e p)
info: Test/Program/TypedSplit.lean:30:0: def Effect4.Program.Typed.TermFits : Effect4.Program.RowTable → Prop :=
fun table =>
  ∀ (w : World) (env : List Effect4.Program.Ty) (vals : List Effect4.Machine.Val) (t : Effect4.Program.Term)
    (ty : Effect4.Program.Ty) (v : Effect4.Machine.Val),
    Effect4.Program.termTy (Effect4.Program.nativeSignature table) env t = some ty →
      EnvTyped w env vals → Effect4.Program.evalTerm vals t = some v → Fits w v ty
info: Test/Program/TypedSplit.lean:31:0: def Effect4.Program.Typed.Reestablishes : ProgramSource → Effect4.Program.EffTy → Prop :=
fun root rootTy =>
  (∀ (command : Effect4.Program.Sched.RCmd), StepPreserves root rootTy command) →
    ∀ (command : Effect4.Program.Sched.RCmd) (w : World) (m : Effect4.Program.Sched.RState)
      (rest : List Effect4.Program.Sched.RCmd),
      m.stuck = none →
        ConfigTyped root rootTy w m (command :: rest) →
          ∃ w',
            w.leHost w' ∧
              MachineTyped root rootTy w'
                (Effect4.Machine.driveStep (Effect4.Program.Sched.interpR root.program) m command rest).fst
info: Test/Program/ExitTypeLane.lean:81:0: exit-type lane: 8584 programs, 34336 runs, 31892 exited, 0 violations, every program exits under some tape
info: Test/Program/AdmissionCensus.lean:153:0: admission census: 1349 programs reach 48 protocol rows, none with a consumed `True` post
entries reaching a correlated row: []
info: Test/Machine/Runtime/ScopeContract.lean:35:0: Effect4.instDecidableEqFinalizerStrategy
info: Test/Machine/Runtime/ScopeContract.lean:36:0: Effect4.instReprFinalizerStrategy
info: Test/Machine/Runtime/StoresLawsContract.lean:408:0: Env.Val.ofSpine_entries : ∀ (c : Env.Ctx), Env.spine (Env.encode c) = some c.entries
info: Test/Store/StoreContract.lean:81:0: framed_length : ∀ (tag : UInt8) (payload : Bytes), List.length (framed tag payload) = List.length payload + 9
info: Test/Store/StoreContract.lean:82:0: @framed_inj : ∀ {tag : UInt8} {p q : Bytes}, framed tag p = framed tag q → p = q
info: Test/Store/StoreContract.lean:83:0: framed_head : ∀ (tag : UInt8) (payload : Bytes), List.head? (framed tag payload) = some tag
info: Test/Store/StoreContract.lean:156:0: Val.decode_encode : ∀ (v : Val), v.WF → Val.decode v.encode = some v
info: Test/Store/StoreContract.lean:157:0: @Val.decode_exact : ∀ {b : Bytes} {v : Val}, Val.decode b = some v → b = v.encode ∧ v.WF
info: Test/Store/StoreContract.lean:158:0: @Val.encode_injective : ∀ {a b : Val}, a.WF → b.WF → a.encode = b.encode → a = b
info: Test/Store/StoreContract.lean:159:0: @Canonical.decode_encode : ∀ {α : Type} [inst : Canonical α] (a : α),
  (toVal a).WF → Canonical.decode (Canonical.encode a) = some a
info: Test/Store/StoreContract.lean:160:0: @Canonical.decode_exact : ∀ {α : Type} [inst : Canonical α] {b : Bytes} {a : α},
  Canonical.decode b = some a → b = Canonical.encode a ∧ (toVal a).WF
info: Test/Store/StoreContract.lean:161:0: @Canonical.encode_injective : ∀ {α : Type} [inst : Canonical α] {a b : α},
  (toVal a).WF → (toVal b).WF → Canonical.encode a = Canonical.encode b → a = b
info: Test/Store/StoreContract.lean:232:0: @Val.decode_encode? : ∀ {v : Val} {b : Bytes}, v.encode? = some b → Val.decode b = some v
info: Test/Store/StoreContract.lean:233:0: @Val.encode?_of_decode : ∀ {b : Bytes} {v : Val}, Val.decode b = some v → v.encode? = some b
info: Test/Store/StoreContract.lean:234:0: @Image.decode_encode? : ∀ {α : Type} (I : Image α) {a : α} {b : Bytes}, I.encode? a = some b → I.decode b = some a
info: Test/Store/StoreContract.lean:235:0: @Image.decode_exact : ∀ {α : Type} (I : Image α) {b : Bytes} {a : α},
  I.decode b = some a → b = I.encode a ∧ (I.toVal a).WF
info: Test/Store/NodeContract.lean:52:0: Kind.ofByte?_byte : ∀ (k : Kind), Kind.ofByte? k.byte = some k
info: Test/Store/NodeContract.lean:53:0: @Kind.byte_ofByte? : ∀ {b : UInt8} {k : Kind}, Kind.ofByte? b = some k → k.byte = b
info: Test/Store/NodeContract.lean:54:0: @Kind.byte_injective : ∀ {a b : Kind}, a.byte = b.byte → a = b
info: Test/Store/NodeContract.lean:55:0: @Kind.name_injective : ∀ {a b : Kind}, a.name = b.name → a = b
info: Test/Store/NodeContract.lean:170:0: @address_congr : ∀ [inst : Content Effect4.Document] {α : Type} [inst_1 : Content α] {a b : α},
  a = b → address a = address b
info: Test/Store/NodeContract.lean:171:0: @address_eq_or_collision : ∀ [inst : Content Effect4.Document] {α : Type} [inst_1 : Content α] {a b : α},
  (toVal a).WF →
    (toVal b).WF →
      address a = address b →
        a = b ∨ (nodeOf a).encode ≠ (nodeOf b).encode ∧ sha256 (nodeOf a).encode = sha256 (nodeOf b).encode
info: Test/Store/NodeContract.lean:172:0: @address_inj : ∀ [inst : Content Effect4.Document],
  Function.Injective sha256 →
    ∀ {α : Type} [inst_1 : Content α] {a b : α}, (toVal a).WF → (toVal b).WF → address a = address b → a = b
info: Test/Store/NodeContract.lean:173:0: Node.decode_encode : ∀ (n : Node), n.payload.WF → n.version = 0 → Node.decode n.encode = some n
info: Test/Store/NodeContract.lean:174:0: @Node.decode_exact : ∀ {b : Bytes} {n : Node}, Node.decode b = some n → b = n.encode ∧ n.payload.WF ∧ n.version = 0
info: Test/Store/NodeContract.lean:175:0: @Node.encode_injective : ∀ {a b : Node},
  a.payload.WF → b.payload.WF → a.version = 0 → b.version = 0 → a.encode = b.encode → a = b
info: Test/Store/NodeContract.lean:176:0: @metaSchema_accepts : ∀ [inst : Content Effect4.Document], (shape Effect4.Document).accepts (toVal metaSchema) = true
info: Test/Store/NodeContract.lean:177:0: @specOf_document : ∀ [inst : Content Effect4.Document], specOf Effect4.Document = genesisAddress
info: Test/Store/WordContract.lean:187:0: @get_put : ∀ [inst : Content Effect4.Document] {α : Type} [inst_1 : Content α] {a : α} {s : Store} {o : Outcome}
  {r : Ref α} {s' : Store},
  Store.put a s = Except.ok (o, r, s') → (∀ (m : Node), o ≠ Outcome.conflict m) → Store.get r s' = some a
info: Test/Store/WordContract.lean:188:0: @put_duplicate : ∀ [inst : Content Effect4.Document] {α : Type} [inst_1 : Content α] {a : α} {s : Store},
  s.find (address a).digest = some (nodeOf a) →
    (toVal a).WF →
      (nodeOf a).malformedRef = false → Closed s → Store.put a s = Except.ok (Outcome.duplicate, address a, s)
info: Test/Store/WordContract.lean:189:0: @put_conflict : ∀ [inst : Content Effect4.Document] {α : Type} [inst_1 : Content α] {a : α} {s : Store} {m : Node}
  {r : Ref α} {s' : Store},
  Store.put a s = Except.ok (Outcome.conflict m, r, s') → s' = s ∧ s.find r.digest = some m ∧ m ≠ nodeOf a
info: Test/Store/WordContract.lean:190:0: @put_preserves : ∀ [inst : Content Effect4.Document] {α : Type} [inst_1 : Content α] {a : α} {s : Store} {d : Digest}
  {n : Node} {o : Outcome} {r : Ref α} {s' : Store},
  s.find d = some n → Store.put a s = Except.ok (o, r, s') → s'.find d = some n
info: Test/Store/WordContract.lean:191:0: @putNode_closed : ∀ {s : Store} {n : Node} {o : Outcome} {d : Digest} {s' : Store},
  Closed s → s.putNode n = Except.ok (o, d, s') → Closed s'
info: Test/Store/WordContract.lean:192:0: @putRoot_root? : ∀ {s s' : Store} {r : Root}, s.putRoot r = Except.ok s' → s'.root? r.name = some r
info: Test/Store/WordContract.lean:193:0: empty_closed : Closed Store.empty
info: Test/Store/WordContract.lean:194:0: @wf_closed : ∀ {w : Word}, w.wf = true → ∃ s, w.apply Store.empty = Except.ok s ∧ Closed s
info: Test/Store/WordContract.lean:195:0: @apply_idempotent : ∀ {w : Word} {s s' : Store}, w.apply s = Except.ok s' → w.apply s' = Except.ok s'
info: Test/Store/WordContract.lean:196:0: closure_wf : ∀ (s : Store) (r : AnyRef), (s.closure r).wf = true
info: Test/Store/WordContract.lean:197:0: @closure_closed : ∀ {s : Store} {rank : Digest → Nat},
  s.Sound →
    s.Ranked rank →
      ∀ {r : AnyRef} {n : Node},
        rank r.digest < s.nodes.length →
          s.find r.digest = some n →
            ∃ s', (s.closure r).apply Store.empty = Except.ok s' ∧ Closed s' ∧ s'.find r.digest = some n
info: Test/Store/WordContract.lean:198:0: @layered_get : ∀ {l : Layered}, l.local.sub l.remote → ∀ (d : Digest), l.getNode d = l.remote.find d
info: Test/Store/WordContract.lean:199:0: @outbox_wf : ∀ {l : LocalFirst}, l.Built → l.outbox.wf = true
info: Test/Store/WordContract.lean:200:0: @sync_sub : ∀ {l : LocalFirst} {remote r : Store},
  l.outbox.wf = true →
    (∀ (d : Digest) (n : Node),
        l.local.find d = some n → remote.find d = some n ∨ { digest := d, node := n } ∈ l.outbox) →
      l.sync remote = Except.ok r → l.local.sub r
info: Test/Store/WordContract.lean:201:0: @sync_idempotent : ∀ {l : LocalFirst} {remote r : Store}, l.sync remote = Except.ok r → l.sync r = Except.ok r
info: Test/Store/WordContract.lean:202:0: @verify_sound : ∀ {s : Store}, s.verify = Except.ok () → s.Sound
info: Test/Store/WordContract.lean:203:0: @verify_roots : ∀ {s : Store},
  s.verify = Except.ok () → ∀ (r : Root), r ∈ s.roots → ∃ m, s.find r.digest = some m ∧ m.kind = r.kind
info: Test/Store/TraitContract.lean:104:0: @nodeBytes_trait_free : ∀ [inst : Content Effect4.Document] {α : Type} [inst_1 : Content α] (a : α),
  (nodeOf a).encode = 0 :: (Content.kind α).byte :: ((specFor a).bytes ++ (toVal a).encode)
info: Test/Store/TraitContract.lean:105:0: @trait_put_preserves : ∀ [inst : Content Effect4.Document] {τ : Type} [inst_1 : Canonical τ] {t : Annotation τ}
  {s s' : Store} {o : Outcome} {r : Ref (Annotation τ)},
  Store.put t s = Except.ok (o, r, s') → ∀ (d : Digest) (n : Node), s.find d = some n → s'.find d = some n
info: Test/Store/TraitContract.lean:106:0: @trait_get_preserves : ∀ [inst : Content Effect4.Document] {τ β : Type} [inst_1 : Canonical τ] [inst_2 : Content β]
  {t : Annotation τ} {s s' : Store} {o : Outcome} {r : Ref (Annotation τ)} {q : Ref β} {b : β},
  Store.get q s = some b → Store.put t s = Except.ok (o, r, s') → Store.get q s' = some b
info: Test/Store/TraitContract.lean:107:0: @effective_deterministic : ∀ {s s' : Store},
  s = s' → ∀ (registry : Digest) (n : AnyRef) (key : Digest), s.effective registry n key = s'.effective registry n key
info: Test/Store/TraitContract.lean:108:0: @traitsOf_perm : ∀ {s s' : Store},
  s.nodes.Perm s'.nodes → ∀ (subject : AnyRef), (s.traitsOf subject).Perm (s'.traitsOf subject)
info: Test/Store/TraitContract.lean:109:0: @headsUnder_perm : ∀ {s s' : Store},
  s.nodes.Perm s'.nodes →
    ∀ (subject : AnyRef) (key : Digest), (s.headsUnder subject key).Perm (s'.headsUnder subject key)
info: Test/Store/DerivedCheck.lean:54:0: ok      src/Effect4/Store/Domain/Derived/Json.lean: Float64 projects Effect4.Float64 (1 cases)
ok      src/Effect4/Store/Domain/Derived/Json.lean: Json projects Effect4.Json (6 cases)
ok      src/Effect4/Store/Domain/Derived/Schema.lean: ReferenceKey projects Effect4.ReferenceKey (1 cases)
ok      src/Effect4/Store/Domain/Derived/Schema.lean: GlobalSymbolKey projects Effect4.GlobalSymbolKey (1 cases)
ok      src/Effect4/Store/Domain/Derived/Schema.lean: AnnotationEntry projects Effect4.AnnotationEntry (1 cases)
ok      src/Effect4/Store/Domain/Derived/Schema.lean: LiteralValue projects Effect4.LiteralValue (4 cases)
ok      src/Effect4/Store/Domain/Derived/Schema.lean: EnumValue projects Effect4.EnumValue (2 cases)
ok      src/Effect4/Store/Domain/Derived/Schema.lean: EnumEntry projects Effect4.EnumEntry (1 cases)
ok      src/Effect4/Store/Domain/Derived/Schema.lean: PropertyKey projects Effect4.PropertyKey (3 cases)
ok      src/Effect4/Store/Domain/Derived/Schema.lean: RepresentationAnnotation projects Effect4.RepresentationAnnotation (1 cases)
ok      src/Effect4/Store/Domain/Derived/Schema.lean: UnionMode projects Effect4.UnionMode (2 cases)
ok      src/Effect4/Store/Domain/Derived/Schema.lean: Representation projects Effect4.Representation (22 cases)
ok      src/Effect4/Store/Domain/Derived/Schema.lean: Check projects Effect4.Check (2 cases)
ok      src/Effect4/Store/Domain/Derived/Schema.lean: CheckRepresentationAnnotationOf projects Effect4.CheckRepresentationAnnotationOf (1 cases)
ok      src/Effect4/Store/Domain/Derived/Schema.lean: ElementOf projects Effect4.ElementOf (1 cases)
ok      src/Effect4/Store/Domain/Derived/Schema.lean: PropertySignatureOf projects Effect4.PropertySignatureOf (1 cases)
ok      src/Effect4/Store/Domain/Derived/Schema.lean: IndexSignatureOf projects Effect4.IndexSignatureOf (1 cases)
ok      src/Effect4/Store/Domain/Derived/Schema.lean: ReferenceEntry projects Effect4.ReferenceEntry (1 cases)
ok      src/Effect4/Store/Domain/Derived/Schema.lean: Document projects Effect4.Document (1 cases)
ok      src/Effect4/Store/Domain/Derived/Schema.lean: MultiDocument projects Effect4.MultiDocument (1 cases)
ok      src/Effect4/Store/Domain/Derived/Program.lean: Lit projects Effect4.Program.Lit (4 cases)
ok      src/Effect4/Store/Domain/Derived/Program.lean: FnName projects Effect4.Machine.FnName (5 cases)
ok      src/Effect4/Store/Domain/Derived/Program.lean: FinalizerStrategy projects Effect4.FinalizerStrategy (2 cases)
ok      src/Effect4/Store/Domain/Derived/Program.lean: MaskMode projects Effect4.Supervision.MaskMode (3 cases)
ok      src/Effect4/Store/Domain/Derived/Program.lean: ObserverMode projects Effect4.Supervision.ObserverMode (2 cases)
ok      src/Effect4/Store/Domain/Derived/Program.lean: Decision projects Effect4.Program.Decision (3 cases)
ok      src/Effect4/Store/Domain/Derived/Program.lean: NativeOp projects Effect4.Program.NativeOp (23 cases)
ok      src/Effect4/Store/Domain/Derived/Program.lean: ForkOptions projects Effect4.Supervision.ForkOptions (1 cases)
ok      src/Effect4/Store/Domain/Derived/Program.lean: Term projects Effect4.Program.Term (3 cases)
ok      src/Effect4/Store/Domain/Derived/Program.lean: Terms projects Effect4.Program.Terms (2 cases)
ok      src/Effect4/Store/Domain/Derived/Program.lean: CauseTerm projects Effect4.Program.CauseTerm (4 cases)
ok      src/Effect4/Store/Domain/Derived/Program.lean: ServiceName projects Effect4.ServiceName (1 cases)
ok      src/Effect4/Store/Domain/Derived/Program.lean: ServiceTypeCode projects Effect4.ServiceTypeCode (1 cases)
ok      src/Effect4/Store/Domain/Derived/Program.lean: ServiceKey projects Effect4.ServiceKey (1 cases)
ok      src/Effect4/Store/Domain/Derived/Program.lean: Ty projects Effect4.Program.Ty (20 cases)
ok      src/Effect4/Store/Domain/Derived/Program.lean: Eff projects Effect4.Program.Eff (25 cases)
ok      src/Effect4/Store/Domain/Derived/Program.lean: Stmt projects Effect4.Program.Stmt (6 cases)
ok      src/Effect4/Store/Domain/Derived/Program.lean: Stmts projects Effect4.Program.Stmts (2 cases)
ok      src/Effect4/Store/Domain/Derived/Program.lean: Effs projects Effect4.Program.Effs (2 cases)
ok      src/Effect4/Store/Domain/Derived/Program.lean: ActionTerm projects Effect4.Program.ActionTerm (16 cases)
ok      src/Effect4/Store/Domain/Derived/Program.lean: LayerTerm projects Effect4.Program.LayerTerm (10 cases)
ok      src/Effect4/Store/Domain/Derived/Program.lean: LayerTerms projects Effect4.Program.LayerTerms (2 cases)
ok      src/Effect4/Store/Domain/Derived/Program.lean: RowKind projects Effect4.Program.RowKind (3 cases)
ok      src/Effect4/Store/Domain/Derived/Program.lean: RowShape projects Effect4.Program.RowShape (4 cases)
ok      src/Effect4/Store/Domain/Derived/Program.lean: Registration projects Effect4.Program.Registration (2 cases)
ok      src/Effect4/Store/Domain/Derived/Program.lean: Row projects Effect4.Program.Row (1 cases)
ok      src/Effect4/Store/Domain/Derived/Program.lean: EffTy projects Effect4.Program.EffTy (1 cases)
ok      src/Effect4/Store/Domain/PinDerived.lean: PinRole projects Effect4.Store.PinRole (2 cases)
ok      src/Effect4/Store/Domain/PinDerived.lean: Pin projects Effect4.Store.Pin (1 cases)
ok      src/Effect4/Store/Domain/PinDerived.lean: Tree projects Effect4.Store.Tree (1 cases)
info: Test/Program/LayerSharingContract.lean:84:0: checked Test.Program.LayerSharingContract.once_s0
info: Test/Program/LayerSharingContract.lean:84:0: checked Test.Program.LayerSharingContract.once_s1
info: Test/Program/LayerSharingContract.lean:84:0: checked Test.Program.LayerSharingContract.once_s2
info: Test/Program/LayerSharingContract.lean:84:0: checked Test.Program.LayerSharingContract.once_s3
info: Test/Program/LayerSharingContract.lean:84:0: checked Test.Program.LayerSharingContract.once_s4
info: Test/Program/LayerSharingContract.lean:84:0: checked Test.Program.LayerSharingContract.once_s5
info: Test/Program/LayerSharingContract.lean:84:0: checked Test.Program.LayerSharingContract.once_s6
info: Test/Program/LayerSharingContract.lean:84:0: checked Test.Program.LayerSharingContract.once_s7
info: Test/Program/LayerSharingContract.lean:84:0: checked Test.Program.LayerSharingContract.once_s8
info: Test/Program/LayerSharingContract.lean:84:0: checked Test.Program.LayerSharingContract.once_s9
info: Test/Program/LayerSharingContract.lean:84:0: checked Test.Program.LayerSharingContract.once_s10
info: Test/Program/LayerSharingContract.lean:84:0: checked Test.Program.LayerSharingContract.once_s11
info: Test/Program/LayerSharingContract.lean:84:0: checked Test.Program.LayerSharingContract.once_s12
info: Test/Program/LayerSharingContract.lean:84:0: checked Test.Program.LayerSharingContract.once_s13
info: Test/Program/LayerSharingContract.lean:84:0: checked Test.Program.LayerSharingContract.once_s14
info: Test/Program/LayerSharingContract.lean:84:0: checked Test.Program.LayerSharingContract.once_s15
info: Test/Program/LayerSharingContract.lean:84:0: checked Test.Program.LayerSharingContract.once_s16
info: Test/Program/LayerSharingContract.lean:84:0: checked Test.Program.LayerSharingContract.once_s17
info: Test/Program/LayerSharingContract.lean:84:0: checked Test.Program.LayerSharingContract.once_s18
info: Test/Program/LayerSharingContract.lean:84:0: checked Test.Program.LayerSharingContract.once_s19
info: Test/Program/LayerSharingContract.lean:84:0: checked Test.Program.LayerSharingContract.once_s20
info: Test/Program/LayerSharingContract.lean:84:0: checked Test.Program.LayerSharingContract.once_s21
info: Test/Program/LayerSharingContract.lean:84:0: checked Test.Program.LayerSharingContract.once_s22
info: Test/Program/LayerSharingContract.lean:84:0: checked Test.Program.LayerSharingContract.once_s23
info: Test/Program/LayerSharingContract.lean:84:0: checked Test.Program.LayerSharingContract.once_s24
info: Test/Program/LayerSharingContract.lean:84:0: checked Test.Program.LayerSharingContract.once_s25
info: Test/Program/LayerSharingContract.lean:84:0: checked Test.Program.LayerSharingContract.once_s26
info: Test/Program/LayerSharingContract.lean:84:0: checked Test.Program.LayerSharingContract.once_s27
info: Test/Program/LayerSharingContract.lean:84:0: checked Test.Program.LayerSharingContract.once_s28
info: Test/Program/LayerSharingContract.lean:84:0: checked Test.Program.LayerSharingContract.once_s29
info: Test/Program/LayerSharingContract.lean:84:0: checked Test.Program.LayerSharingContract.once_s30
info: Test/Program/LayerSharingContract.lean:84:0: checked Test.Program.LayerSharingContract.once_s31
info: Test/Program/LayerSharingContract.lean:84:0: checked Test.Program.LayerSharingContract.once_s32
info: Test/Program/LayerSharingContract.lean:84:0: checked Test.Program.LayerSharingContract.once_s33
info: Test/Program/LayerSharingContract.lean:84:0: checked Test.Program.LayerSharingContract.once_s34
info: Test/Program/LayerSharingContract.lean:84:0: checked Test.Program.LayerSharingContract.once_s35
info: Test/Program/LayerSharingContract.lean:84:0: checked Test.Program.LayerSharingContract.once_s36
info: Test/Program/LayerSharingContract.lean:84:0: checked Test.Program.LayerSharingContract.once_s37
info: Test/Program/LayerSharingContract.lean:84:0: checked Test.Program.LayerSharingContract.once_s38
info: Test/Program/LayerSharingContract.lean:84:0: checked Test.Program.LayerSharingContract.once_s39
info: Test/Program/LayerSharingContract.lean:84:0: checked Test.Program.LayerSharingContract.once_s40
info: Test/Program/LayerSharingContract.lean:84:0: checked Test.Program.LayerSharingContract.once_s41
info: Test/Program/LayerSharingContract.lean:84:0: checked Test.Program.LayerSharingContract.once_s42
info: Test/Program/LayerSharingContract.lean:84:0: checked Test.Program.LayerSharingContract.once_s43
info: Test/Program/LayerSharingContract.lean:84:0: checked Test.Program.LayerSharingContract.once_s44
info: Test/Program/LayerSharingContract.lean:84:0: checked Test.Program.LayerSharingContract.once_s45
info: Test/Program/LayerSharingContract.lean:84:0: checked Test.Program.LayerSharingContract.once_s46
info: Test/Program/LayerSharingContract.lean:84:0: checked Test.Program.LayerSharingContract.once_s47
info: Test/Program/LayerSharingContract.lean:84:0: checked Test.Program.LayerSharingContract.once_s48
info: Test/Program/LayerSharingContract.lean:84:0: checked Test.Program.LayerSharingContract.once_s49
info: Test/Program/LayerSharingContract.lean:84:0: checked Test.Program.LayerSharingContract.once_s50
info: Test/Program/LayerSharingContract.lean:84:0: checked Test.Program.LayerSharingContract.once_s51
info: Test/Program/LayerSharingContract.lean:84:0: checked Test.Program.LayerSharingContract.once_s52
info: Test/Program/LayerSharingContract.lean:84:0: checked Test.Program.LayerSharingContract.once_s53
info: Test/Program/LayerSharingContract.lean:84:0: checked Test.Program.LayerSharingContract.once_s54
info: Test/Program/LayerSharingContract.lean:84:0: checked Test.Program.LayerSharingContract.once_s55
info: Test/Program/LayerSharingContract.lean:84:0: checked Test.Program.LayerSharingContract.once_s56
info: Test/Program/LayerSharingContract.lean:84:0: checked Test.Program.LayerSharingContract.once_s57
info: Test/Program/LayerSharingContract.lean:84:0: checked Test.Program.LayerSharingContract.once_s58
info: Test/Program/LayerSharingContract.lean:84:0: checked Test.Program.LayerSharingContract.once_s59
info: Test/Program/LayerSharingContract.lean:84:0: checked Test.Program.LayerSharingContract.once_s60
info: Test/Program/LayerSharingContract.lean:84:0: checked Test.Program.LayerSharingContract.once_s61
info: Test/Program/LayerSharingContract.lean:84:0: checked Test.Program.LayerSharingContract.once_s62
info: Test/Program/LayerSharingContract.lean:84:0: checked Test.Program.LayerSharingContract.once_s63
info: Test/Program/LayerSharingContract.lean:84:0: checked Test.Program.LayerSharingContract.once_s64
info: Test/Program/LayerSharingContract.lean:84:0: checked Test.Program.LayerSharingContract.once_s65
info: Test/Program/LayerSharingContract.lean:84:0: checked Test.Program.LayerSharingContract.once_s66
info: Test/Program/LayerSharingContract.lean:84:0: checked Test.Program.LayerSharingContract.once_s67
info: Test/Program/LayerSharingContract.lean:84:0: checked Test.Program.LayerSharingContract.once_s68
info: Test/Program/LayerSharingContract.lean:84:0: checked Test.Program.LayerSharingContract.once_s69
info: Test/Program/LayerSharingContract.lean:84:0: checked Test.Program.LayerSharingContract.once_s70
info: Test/Program/LayerSharingContract.lean:84:0: checked Test.Program.LayerSharingContract.once_s71
info: Test/Program/LayerSharingContract.lean:84:0: checked Test.Program.LayerSharingContract.once_s72
info: Test/Program/LayerSharingContract.lean:84:0: checked Test.Program.LayerSharingContract.once_s73
info: Test/Program/LayerSharingContract.lean:84:0: checked Test.Program.LayerSharingContract.once_s74
info: Test/Program/LayerSharingContract.lean:84:0: checked Test.Program.LayerSharingContract.once_s75
info: Test/Program/LayerSharingContract.lean:84:0: checked Test.Program.LayerSharingContract.once_s76
info: Test/Program/LayerSharingContract.lean:84:0: checked Test.Program.LayerSharingContract.once_s77
info: Test/Program/LayerSharingContract.lean:84:0: checked Test.Program.LayerSharingContract.once_s78
info: Test/Program/LayerSharingContract.lean:84:0: checked Test.Program.LayerSharingContract.once_s79
info: Test/Program/LayerSharingContract.lean:84:0: checked Test.Program.LayerSharingContract.once_s80
info: Test/Program/LayerSharingContract.lean:84:0: checked Test.Program.LayerSharingContract.once_s81
info: Test/Program/LayerSharingContract.lean:84:0: checked Test.Program.LayerSharingContract.once_s82
info: Test/Program/LayerSharingContract.lean:84:0: checked Test.Program.LayerSharingContract.once_s83
info: Test/Program/LayerSharingContract.lean:84:0: checked Test.Program.LayerSharingContract.once_s84
info: Test/Program/LayerSharingContract.lean:84:0: checked Test.Program.LayerSharingContract.once_s85
info: Test/Program/LayerSharingContract.lean:84:0: checked Test.Program.LayerSharingContract.once_s86
info: Test/Program/LayerSharingContract.lean:84:0: checked Test.Program.LayerSharingContract.once_s87
info: Test/Program/LayerSharingContract.lean:84:0: checked Test.Program.LayerSharingContract.once_s88
info: Test/Program/LayerSharingContract.lean:84:0: checked Test.Program.LayerSharingContract.once_s89
info: Test/Program/LayerSharingContract.lean:84:0: checked Test.Program.LayerSharingContract.once_s90
info: Test/Program/LayerSharingContract.lean:84:0: checked Test.Program.LayerSharingContract.once_s91
info: Test/Program/LayerSharingContract.lean:84:0: checked Test.Program.LayerSharingContract.once_s92
info: Test/Program/LayerSharingContract.lean:84:0: checked Test.Program.LayerSharingContract.once_s93
info: Test/Program/LayerSharingContract.lean:84:0: checked Test.Program.LayerSharingContract.once_s94
info: Test/Program/LayerSharingContract.lean:84:0: checked Test.Program.LayerSharingContract.once_s95
info: Test/Program/LayerSharingContract.lean:84:0: checked Test.Program.LayerSharingContract.once_s96
info: Test/Program/LayerSharingContract.lean:84:0: checked Test.Program.LayerSharingContract.once_s97
info: Test/Program/LayerSharingContract.lean:84:0: checked Test.Program.LayerSharingContract.once_s98
info: Test/Program/LayerSharingContract.lean:84:0: checked Test.Program.LayerSharingContract.once_s99
info: Test/Program/LayerSharingContract.lean:84:0: checked Test.Program.LayerSharingContract.once_s100
info: Test/Program/LayerSharingContract.lean:84:0: checked Test.Program.LayerSharingContract.once_s101
info: Test/Program/LayerSharingContract.lean:84:0: checked Test.Program.LayerSharingContract.once_s102
info: Test/Program/LayerSharingContract.lean:84:0: checked Test.Program.LayerSharingContract.once_s103
info: Test/Program/LayerSharingContract.lean:84:0: checked Test.Program.LayerSharingContract.once_s104
info: Test/Program/LayerSharingContract.lean:84:0: checked Test.Program.LayerSharingContract.once_s105
info: Test/Program/LayerSharingContract.lean:84:0: checked Test.Program.LayerSharingContract.once_s106
info: Test/Program/LayerSharingContract.lean:84:0: checked Test.Program.LayerSharingContract.once_s107
info: Test/Program/LayerSharingContract.lean:84:0: checked Test.Program.LayerSharingContract.once_s108
info: Test/Program/LayerSharingContract.lean:84:0: checked Test.Program.LayerSharingContract.once_s109
info: Test/Program/LayerSharingContract.lean:84:0: checked Test.Program.LayerSharingContract.once_s110
info: Test/Program/LayerSharingContract.lean:84:0: checked Test.Program.LayerSharingContract.once_s111
info: Test/Program/LayerSharingContract.lean:84:0: checked Test.Program.LayerSharingContract.once_s112
info: Test/Program/LayerSharingContract.lean:84:0: checked Test.Program.LayerSharingContract.once_s113
info: Test/Program/LayerSharingContract.lean:84:0: checked Test.Program.LayerSharingContract.once_s114
info: Test/Program/LayerSharingContract.lean:84:0: checked Test.Program.LayerSharingContract.once_s115
info: Test/Program/LayerSharingContract.lean:84:0: checked Test.Program.LayerSharingContract.once_s116
info: Test/Program/LayerSharingContract.lean:84:0: checked Test.Program.LayerSharingContract.once_s117
info: Test/Program/LayerSharingContract.lean:84:0: checked Test.Program.LayerSharingContract.once_s118
info: Test/Program/LayerSharingContract.lean:84:0: checked Test.Program.LayerSharingContract.once_s119
info: Test/Program/LayerSharingContract.lean:84:0: checked Test.Program.LayerSharingContract.once_s120
info: Test/Program/LayerSharingContract.lean:84:0: checked Test.Program.LayerSharingContract.once_s121
info: Test/Program/LayerSharingContract.lean:84:0: checked Test.Program.LayerSharingContract.once_s122
info: Test/Program/LayerSharingContract.lean:84:0: checked Test.Program.LayerSharingContract.once_s123
info: Test/Program/LayerSharingContract.lean:84:0: checked Test.Program.LayerSharingContract.once_s124
info: Test/Program/LayerSharingContract.lean:84:0: checked Test.Program.LayerSharingContract.once_s125
info: Test/Program/LayerSharingContract.lean:84:0: checked Test.Program.LayerSharingContract.once_s126
info: Test/Program/LayerSharingContract.lean:84:0: checked Test.Program.LayerSharingContract.once_s127
info: Test/Program/LayerSharingContract.lean:84:0: checked Test.Program.LayerSharingContract.once_s128
info: Test/Program/LayerSharingContract.lean:84:0: checked Test.Program.LayerSharingContract.once_s129
info: Test/Program/LayerSharingContract.lean:84:0: checked Test.Program.LayerSharingContract.once_s130
info: Test/Program/LayerSharingContract.lean:84:0: checked Test.Program.LayerSharingContract.once_s131
info: Test/Program/LayerSharingContract.lean:84:0: checked Test.Program.LayerSharingContract.once_s132
info: Test/Program/LayerSharingContract.lean:84:0: checked Test.Program.LayerSharingContract.once_s133
info: Test/Program/LayerSharingContract.lean:84:0: checked Test.Program.LayerSharingContract.once_s134
info: Test/Program/LayerSharingContract.lean:84:0: checked Test.Program.LayerSharingContract.once_s135
info: Test/Program/LayerSharingContract.lean:84:0: checked Test.Program.LayerSharingContract.once_s136
info: Test/Program/LayerSharingContract.lean:84:0: checked Test.Program.LayerSharingContract.once_s137
info: Test/Program/LayerSharingContract.lean:84:0: checked Test.Program.LayerSharingContract.once_s138
info: Test/Program/LayerSharingContract.lean:84:0: checked Test.Program.LayerSharingContract.once_s139
info: Test/Program/LayerSharingContract.lean:84:0: checked Test.Program.LayerSharingContract.once_s140
info: Test/Program/LayerSharingContract.lean:84:0: checked Test.Program.LayerSharingContract.once_s141
info: Test/Program/LayerSharingContract.lean:84:0: checked Test.Program.LayerSharingContract.once_s142
info: Test/Program/LayerSharingContract.lean:84:0: checked Test.Program.LayerSharingContract.once_s143
info: Test/Program/LayerSharingContract.lean:84:0: checked Test.Program.LayerSharingContract.once_s144
info: Test/Program/LayerSharingContract.lean:84:0: checked Test.Program.LayerSharingContract.once_s145
info: Test/Program/LayerSharingContract.lean:84:0: checked Test.Program.LayerSharingContract.once_s146
info: Test/Program/LayerSharingContract.lean:84:0: checked Test.Program.LayerSharingContract.once_s147
info: Test/Program/LayerSharingContract.lean:84:0: checked Test.Program.LayerSharingContract.once_s148
info: Test/Program/LayerSharingContract.lean:84:0: checked Test.Program.LayerSharingContract.once_s149
info: Test/Program/LayerSharingContract.lean:84:0: checked Test.Program.LayerSharingContract.once_s150
info: Test/Program/LayerSharingContract.lean:84:0: checked Test.Program.LayerSharingContract.once_s151
info: Test/Program/LayerSharingContract.lean:84:0: checked Test.Program.LayerSharingContract.once_s152
info: Test/Program/LayerSharingContract.lean:84:0: checked Test.Program.LayerSharingContract.once_s153
info: Test/Program/LayerSharingContract.lean:84:0: checked Test.Program.LayerSharingContract.once_s154
info: Test/Program/LayerSharingContract.lean:84:0: checked Test.Program.LayerSharingContract.once_s155
info: Test/Program/LayerSharingContract.lean:84:0: checked Test.Program.LayerSharingContract.once_s156
info: Test/Program/LayerSharingContract.lean:84:0: checked Test.Program.LayerSharingContract.once_s157
info: Test/Program/LayerSharingContract.lean:84:0: checked Test.Program.LayerSharingContract.once_s158
info: Test/Program/LayerSharingContract.lean:84:0: checked Test.Program.LayerSharingContract.once_s159
info: Test/Program/LayerSharingContract.lean:84:0: checked Test.Program.LayerSharingContract.once_s160
info: Test/Program/LayerSharingContract.lean:84:0: checked Test.Program.LayerSharingContract.once_s161
info: Test/Program/LayerSharingContract.lean:84:0: checked Test.Program.LayerSharingContract.once_s162
info: Test/Program/LayerSharingContract.lean:84:0: checked Test.Program.LayerSharingContract.once_s163
info: Test/Program/LayerSharingContract.lean:84:0: checked Test.Program.LayerSharingContract.once_s164
info: Test/Program/LayerSharingContract.lean:84:0: checked Test.Program.LayerSharingContract.once_s165
info: Test/Program/LayerSharingContract.lean:84:0: checked Test.Program.LayerSharingContract.once_s166
info: Test/Program/LayerSharingContract.lean:84:0: checked Test.Program.LayerSharingContract.once_s167
info: Test/Program/LayerSharingContract.lean:84:0: checked Test.Program.LayerSharingContract.once_s168
info: Test/Program/LayerSharingContract.lean:84:0: checked Test.Program.LayerSharingContract.once_s169
info: Test/Program/LayerSharingContract.lean:84:0: checked Test.Program.LayerSharingContract.once_s170
info: Test/Program/LayerSharingContract.lean:84:0: checked Test.Program.LayerSharingContract.once_s171
info: Test/Program/LayerSharingContract.lean:84:0: checked Test.Program.LayerSharingContract.once_s172
info: Test/Program/LayerSharingContract.lean:84:0: checked Test.Program.LayerSharingContract.once_s173
info: Test/Program/LayerSharingContract.lean:84:0: checked Test.Program.LayerSharingContract.once_s174
info: Test/Program/LayerSharingContract.lean:84:0: checked Test.Program.LayerSharingContract.once_s175
info: Test/Program/LayerSharingContract.lean:84:0: checked Test.Program.LayerSharingContract.once_s176
info: Test/Program/LayerSharingContract.lean:84:0: checked Test.Program.LayerSharingContract.once_s177
info: Test/Program/LayerSharingContract.lean:84:0: checked Test.Program.LayerSharingContract.once_s178
info: Test/Program/LayerSharingContract.lean:84:0: checked Test.Program.LayerSharingContract.once_s179
info: Test/Program/LayerSharingContract.lean:84:0: checked Test.Program.LayerSharingContract.once_s180
info: Test/Program/LayerSharingContract.lean:84:0: checked Test.Program.LayerSharingContract.once_s181
info: Test/Program/LayerSharingContract.lean:84:0: checked Test.Program.LayerSharingContract.once_s182
info: Test/Program/LayerSharingContract.lean:84:0: checked Test.Program.LayerSharingContract.once_s183
info: Test/Program/LayerSharingContract.lean:84:0: checked Test.Program.LayerSharingContract.once_s184
info: Test/Program/LayerSharingContract.lean:84:0: checked Test.Program.LayerSharingContract.once_s185
info: Test/Program/LayerSharingContract.lean:84:0: checked Test.Program.LayerSharingContract.once_s186
info: Test/Program/LayerSharingContract.lean:84:0: checked Test.Program.LayerSharingContract.once_s187
info: Test/Program/LayerSharingContract.lean:84:0: checked Test.Program.LayerSharingContract.once_s188
info: Test/Program/LayerSharingContract.lean:84:0: checked Test.Program.LayerSharingContract.once_s189
info: Test/Program/LayerSharingContract.lean:84:0: checked Test.Program.LayerSharingContract.once_s190
info: Test/Program/LayerSharingContract.lean:84:0: checked Test.Program.LayerSharingContract.once_s191
info: Test/Program/LayerSharingContract.lean:84:0: checked Test.Program.LayerSharingContract.once_s192
info: Test/Program/LayerSharingContract.lean:84:0: checked Test.Program.LayerSharingContract.once_s193
info: Test/Program/LayerSharingContract.lean:84:0: checked Test.Program.LayerSharingContract.once_s194
info: Test/Program/LayerSharingContract.lean:84:0: checked Test.Program.LayerSharingContract.once_s195
info: Test/Program/LayerSharingContract.lean:84:0: checked Test.Program.LayerSharingContract.once_s196
info: Test/Program/LayerSharingContract.lean:84:0: checked Test.Program.LayerSharingContract.once_s197
info: Test/Program/LayerSharingContract.lean:84:0: checked Test.Program.LayerSharingContract.once_s198
info: Test/Program/LayerSharingContract.lean:84:0: checked Test.Program.LayerSharingContract.once_s199
info: Test/Program/LayerSharingContract.lean:84:0: checked Test.Program.LayerSharingContract.once_s200
info: Test/Program/LayerSharingContract.lean:84:0: checked Test.Program.LayerSharingContract.once_s201
info: Test/Program/LayerSharingContract.lean:84:0: checked Test.Program.LayerSharingContract.once_s202
info: Test/Program/LayerSharingContract.lean:84:0: checked Test.Program.LayerSharingContract.once_s203
info: Test/Program/LayerSharingContract.lean:84:0: checked Test.Program.LayerSharingContract.once_s204
info: Test/Program/LayerSharingContract.lean:84:0: checked Test.Program.LayerSharingContract.once_s205
info: Test/Program/LayerSharingContract.lean:84:0: checked Test.Program.LayerSharingContract.once_s206
info: Test/Program/LayerSharingContract.lean:84:0: checked Test.Program.LayerSharingContract.once_s207
info: Test/Program/LayerSharingContract.lean:84:0: checked Test.Program.LayerSharingContract.once_s208
info: Test/Program/LayerSharingContract.lean:84:0: checked Test.Program.LayerSharingContract.once_s209
info: Test/Program/LayerSharingContract.lean:84:0: checked Test.Program.LayerSharingContract.once_s210
info: Test/Program/LayerSharingContract.lean:84:0: checked Test.Program.LayerSharingContract.once_s211
info: Test/Program/LayerSharingContract.lean:84:0: checked Test.Program.LayerSharingContract.once_s212
info: Test/Program/LayerSharingContract.lean:84:0: checked Test.Program.LayerSharingContract.once_s213
info: Test/Program/LayerSharingContract.lean:84:0: checked Test.Program.LayerSharingContract.once_s214
info: Test/Program/LayerSharingContract.lean:84:0: checked Test.Program.LayerSharingContract.once_s215
info: Test/Program/LayerSharingContract.lean:84:0: checked Test.Program.LayerSharingContract.once_s216
info: Test/Program/LayerSharingContract.lean:84:0: checked Test.Program.LayerSharingContract.twice_s0
info: Test/Program/LayerSharingContract.lean:84:0: checked Test.Program.LayerSharingContract.twice_s1
info: Test/Program/LayerSharingContract.lean:84:0: checked Test.Program.LayerSharingContract.twice_s2
info: Test/Program/LayerSharingContract.lean:84:0: checked Test.Program.LayerSharingContract.twice_s3
info: Test/Program/LayerSharingContract.lean:84:0: checked Test.Program.LayerSharingContract.twice_s4
info: Test/Program/LayerSharingContract.lean:84:0: checked Test.Program.LayerSharingContract.twice_s5
info: Test/Program/LayerSharingContract.lean:84:0: checked Test.Program.LayerSharingContract.twice_s6
info: Test/Program/LayerSharingContract.lean:84:0: checked Test.Program.LayerSharingContract.twice_s7
info: Test/Program/LayerSharingContract.lean:84:0: checked Test.Program.LayerSharingContract.twice_s8
info: Test/Program/LayerSharingContract.lean:84:0: checked Test.Program.LayerSharingContract.twice_s9
info: Test/Program/LayerSharingContract.lean:84:0: checked Test.Program.LayerSharingContract.twice_s10
info: Test/Program/LayerSharingContract.lean:84:0: checked Test.Program.LayerSharingContract.twice_s11
info: Test/Program/LayerSharingContract.lean:84:0: checked Test.Program.LayerSharingContract.twice_s12
info: Test/Program/LayerSharingContract.lean:84:0: checked Test.Program.LayerSharingContract.twice_s13
info: Test/Program/LayerSharingContract.lean:84:0: checked Test.Program.LayerSharingContract.twice_s14
info: Test/Program/LayerSharingContract.lean:84:0: checked Test.Program.LayerSharingContract.twice_s15
info: Test/Program/LayerSharingContract.lean:84:0: checked Test.Program.LayerSharingContract.twice_s16
info: Test/Program/LayerSharingContract.lean:84:0: checked Test.Program.LayerSharingContract.twice_s17
info: Test/Program/LayerSharingContract.lean:84:0: checked Test.Program.LayerSharingContract.twice_s18
info: Test/Program/LayerSharingContract.lean:84:0: checked Test.Program.LayerSharingContract.twice_s19
info: Test/Program/LayerSharingContract.lean:84:0: checked Test.Program.LayerSharingContract.twice_s20
info: Test/Program/LayerSharingContract.lean:84:0: checked Test.Program.LayerSharingContract.twice_s21
info: Test/Program/LayerSharingContract.lean:84:0: checked Test.Program.LayerSharingContract.twice_s22
info: Test/Program/LayerSharingContract.lean:84:0: checked Test.Program.LayerSharingContract.twice_s23
info: Test/Program/LayerSharingContract.lean:84:0: checked Test.Program.LayerSharingContract.twice_s24
info: Test/Program/LayerSharingContract.lean:84:0: checked Test.Program.LayerSharingContract.twice_s25
info: Test/Program/LayerSharingContract.lean:84:0: checked Test.Program.LayerSharingContract.twice_s26
info: Test/Program/LayerSharingContract.lean:84:0: checked Test.Program.LayerSharingContract.twice_s27
info: Test/Program/LayerSharingContract.lean:84:0: checked Test.Program.LayerSharingContract.twice_s28
info: Test/Program/LayerSharingContract.lean:84:0: checked Test.Program.LayerSharingContract.twice_s29
info: Test/Program/LayerSharingContract.lean:84:0: checked Test.Program.LayerSharingContract.twice_s30
info: Test/Program/LayerSharingContract.lean:84:0: checked Test.Program.LayerSharingContract.twice_s31
info: Test/Program/LayerSharingContract.lean:84:0: checked Test.Program.LayerSharingContract.twice_s32
info: Test/Program/LayerSharingContract.lean:84:0: checked Test.Program.LayerSharingContract.twice_s33
info: Test/Program/LayerSharingContract.lean:84:0: checked Test.Program.LayerSharingContract.twice_s34
info: Test/Program/LayerSharingContract.lean:84:0: checked Test.Program.LayerSharingContract.twice_s35
info: Test/Program/LayerSharingContract.lean:84:0: checked Test.Program.LayerSharingContract.twice_s36
info: Test/Program/LayerSharingContract.lean:84:0: checked Test.Program.LayerSharingContract.twice_s37
info: Test/Program/LayerSharingContract.lean:84:0: checked Test.Program.LayerSharingContract.twice_s38
info: Test/Program/LayerSharingContract.lean:84:0: checked Test.Program.LayerSharingContract.twice_s39
info: Test/Program/LayerSharingContract.lean:84:0: checked Test.Program.LayerSharingContract.twice_s40
info: Test/Program/LayerSharingContract.lean:84:0: checked Test.Program.LayerSharingContract.twice_s41
info: Test/Program/LayerSharingContract.lean:84:0: checked Test.Program.LayerSharingContract.twice_s42
info: Test/Program/LayerSharingContract.lean:84:0: checked Test.Program.LayerSharingContract.twice_s43
info: Test/Program/LayerSharingContract.lean:84:0: checked Test.Program.LayerSharingContract.twice_s44
info: Test/Program/LayerSharingContract.lean:84:0: checked Test.Program.LayerSharingContract.twice_s45
info: Test/Program/LayerSharingContract.lean:84:0: checked Test.Program.LayerSharingContract.twice_s46
info: Test/Program/LayerSharingContract.lean:84:0: checked Test.Program.LayerSharingContract.twice_s47
info: Test/Program/LayerSharingContract.lean:84:0: checked Test.Program.LayerSharingContract.twice_s48
info: Test/Program/LayerSharingContract.lean:84:0: checked Test.Program.LayerSharingContract.twice_s49
info: Test/Program/LayerSharingContract.lean:84:0: checked Test.Program.LayerSharingContract.twice_s50
info: Test/Program/LayerSharingContract.lean:84:0: checked Test.Program.LayerSharingContract.twice_s51
info: Test/Program/LayerSharingContract.lean:84:0: checked Test.Program.LayerSharingContract.twice_s52
info: Test/Program/LayerSharingContract.lean:84:0: checked Test.Program.LayerSharingContract.twice_s53
info: Test/Program/LayerSharingContract.lean:84:0: checked Test.Program.LayerSharingContract.twice_s54
info: Test/Program/LayerSharingContract.lean:84:0: checked Test.Program.LayerSharingContract.twice_s55
info: Test/Program/LayerSharingContract.lean:84:0: checked Test.Program.LayerSharingContract.twice_s56
info: Test/Program/LayerSharingContract.lean:84:0: checked Test.Program.LayerSharingContract.twice_s57
info: Test/Program/LayerSharingContract.lean:84:0: checked Test.Program.LayerSharingContract.twice_s58
info: Test/Program/LayerSharingContract.lean:84:0: checked Test.Program.LayerSharingContract.twice_s59
info: Test/Program/LayerSharingContract.lean:84:0: checked Test.Program.LayerSharingContract.twice_s60
info: Test/Program/LayerSharingContract.lean:84:0: checked Test.Program.LayerSharingContract.twice_s61
info: Test/Program/LayerSharingContract.lean:84:0: checked Test.Program.LayerSharingContract.twice_s62
info: Test/Program/LayerSharingContract.lean:84:0: checked Test.Program.LayerSharingContract.twice_s63
info: Test/Program/LayerSharingContract.lean:84:0: checked Test.Program.LayerSharingContract.twice_s64
info: Test/Program/LayerSharingContract.lean:84:0: checked Test.Program.LayerSharingContract.twice_s65
info: Test/Program/LayerSharingContract.lean:84:0: checked Test.Program.LayerSharingContract.twice_s66
info: Test/Program/LayerSharingContract.lean:84:0: checked Test.Program.LayerSharingContract.twice_s67
info: Test/Program/LayerSharingContract.lean:84:0: checked Test.Program.LayerSharingContract.twice_s68
info: Test/Program/LayerSharingContract.lean:84:0: checked Test.Program.LayerSharingContract.twice_s69
info: Test/Program/LayerSharingContract.lean:84:0: checked Test.Program.LayerSharingContract.twice_s70
info: Test/Program/LayerSharingContract.lean:84:0: checked Test.Program.LayerSharingContract.twice_s71
info: Test/Program/LayerSharingContract.lean:84:0: checked Test.Program.LayerSharingContract.twice_s72
info: Test/Program/LayerSharingContract.lean:84:0: checked Test.Program.LayerSharingContract.twice_s73
info: Test/Program/LayerSharingContract.lean:84:0: checked Test.Program.LayerSharingContract.twice_s74
info: Test/Program/LayerSharingContract.lean:84:0: checked Test.Program.LayerSharingContract.twice_s75
info: Test/Program/LayerSharingContract.lean:84:0: checked Test.Program.LayerSharingContract.twice_s76
info: Test/Program/LayerSharingContract.lean:84:0: checked Test.Program.LayerSharingContract.twice_s77
info: Test/Program/LayerSharingContract.lean:84:0: checked Test.Program.LayerSharingContract.twice_s78
info: Test/Program/LayerSharingContract.lean:84:0: checked Test.Program.LayerSharingContract.twice_s79
info: Test/Program/LayerSharingContract.lean:84:0: checked Test.Program.LayerSharingContract.twice_s80
info: Test/Program/LayerSharingContract.lean:84:0: checked Test.Program.LayerSharingContract.twice_s81
info: Test/Program/LayerSharingContract.lean:84:0: checked Test.Program.LayerSharingContract.twice_s82
info: Test/Program/LayerSharingContract.lean:84:0: checked Test.Program.LayerSharingContract.twice_s83
info: Test/Program/LayerSharingContract.lean:84:0: checked Test.Program.LayerSharingContract.twice_s84
info: Test/Program/LayerSharingContract.lean:84:0: checked Test.Program.LayerSharingContract.twice_s85
info: Test/Program/LayerSharingContract.lean:84:0: checked Test.Program.LayerSharingContract.twice_s86
info: Test/Program/LayerSharingContract.lean:84:0: checked Test.Program.LayerSharingContract.twice_s87
info: Test/Program/LayerSharingContract.lean:84:0: checked Test.Program.LayerSharingContract.twice_s88
info: Test/Program/LayerSharingContract.lean:84:0: checked Test.Program.LayerSharingContract.twice_s89
info: Test/Program/LayerSharingContract.lean:84:0: checked Test.Program.LayerSharingContract.twice_s90
info: Test/Program/LayerSharingContract.lean:84:0: checked Test.Program.LayerSharingContract.twice_s91
info: Test/Program/LayerSharingContract.lean:84:0: checked Test.Program.LayerSharingContract.twice_s92
info: Test/Program/LayerSharingContract.lean:84:0: checked Test.Program.LayerSharingContract.twice_s93
info: Test/Program/LayerSharingContract.lean:84:0: checked Test.Program.LayerSharingContract.twice_s94
info: Test/Program/LayerSharingContract.lean:84:0: checked Test.Program.LayerSharingContract.twice_s95
info: Test/Program/LayerSharingContract.lean:84:0: checked Test.Program.LayerSharingContract.twice_s96
info: Test/Program/LayerSharingContract.lean:84:0: checked Test.Program.LayerSharingContract.twice_s97
info: Test/Program/LayerSharingContract.lean:84:0: checked Test.Program.LayerSharingContract.twice_s98
info: Test/Program/LayerSharingContract.lean:84:0: checked Test.Program.LayerSharingContract.twice_s99
info: Test/Program/LayerSharingContract.lean:84:0: checked Test.Program.LayerSharingContract.twice_s100
info: Test/Program/LayerSharingContract.lean:84:0: checked Test.Program.LayerSharingContract.twice_s101
info: Test/Program/LayerSharingContract.lean:84:0: checked Test.Program.LayerSharingContract.twice_s102
info: Test/Program/LayerSharingContract.lean:84:0: checked Test.Program.LayerSharingContract.twice_s103
info: Test/Program/LayerSharingContract.lean:84:0: checked Test.Program.LayerSharingContract.twice_s104
info: Test/Program/LayerSharingContract.lean:84:0: checked Test.Program.LayerSharingContract.twice_s105
info: Test/Program/LayerSharingContract.lean:84:0: checked Test.Program.LayerSharingContract.twice_s106
info: Test/Program/LayerSharingContract.lean:84:0: checked Test.Program.LayerSharingContract.twice_s107
info: Test/Program/LayerSharingContract.lean:84:0: checked Test.Program.LayerSharingContract.twice_s108
info: Test/Program/LayerSharingContract.lean:84:0: checked Test.Program.LayerSharingContract.twice_s109
info: Test/Program/LayerSharingContract.lean:84:0: checked Test.Program.LayerSharingContract.twice_s110
info: Test/Program/LayerSharingContract.lean:84:0: checked Test.Program.LayerSharingContract.twice_s111
info: Test/Program/LayerSharingContract.lean:84:0: checked Test.Program.LayerSharingContract.twice_s112
info: Test/Program/LayerSharingContract.lean:84:0: checked Test.Program.LayerSharingContract.twice_s113
info: Test/Program/LayerSharingContract.lean:84:0: checked Test.Program.LayerSharingContract.twice_s114
info: Test/Program/LayerSharingContract.lean:84:0: checked Test.Program.LayerSharingContract.twice_s115
info: Test/Program/LayerSharingContract.lean:84:0: checked Test.Program.LayerSharingContract.twice_s116
info: Test/Program/LayerSharingContract.lean:84:0: checked Test.Program.LayerSharingContract.twice_s117
info: Test/Program/LayerSharingContract.lean:84:0: checked Test.Program.LayerSharingContract.twice_s118
info: Test/Program/LayerSharingContract.lean:84:0: checked Test.Program.LayerSharingContract.twice_s119
info: Test/Program/LayerSharingContract.lean:84:0: checked Test.Program.LayerSharingContract.twice_s120
info: Test/Program/LayerSharingContract.lean:84:0: checked Test.Program.LayerSharingContract.twice_s121
info: Test/Program/LayerSharingContract.lean:84:0: checked Test.Program.LayerSharingContract.twice_s122
info: Test/Program/LayerSharingContract.lean:84:0: checked Test.Program.LayerSharingContract.twice_s123
info: Test/Program/LayerSharingContract.lean:84:0: checked Test.Program.LayerSharingContract.twice_s124
info: Test/Program/LayerSharingContract.lean:84:0: checked Test.Program.LayerSharingContract.twice_s125
info: Test/Program/LayerSharingContract.lean:84:0: checked Test.Program.LayerSharingContract.twice_s126
info: Test/Program/LayerSharingContract.lean:84:0: checked Test.Program.LayerSharingContract.twice_s127
info: Test/Program/LayerSharingContract.lean:84:0: checked Test.Program.LayerSharingContract.twice_s128
info: Test/Program/LayerSharingContract.lean:84:0: checked Test.Program.LayerSharingContract.twice_s129
info: Test/Program/LayerSharingContract.lean:84:0: checked Test.Program.LayerSharingContract.twice_s130
info: Test/Program/LayerSharingContract.lean:84:0: checked Test.Program.LayerSharingContract.twice_s131
info: Test/Program/LayerSharingContract.lean:84:0: checked Test.Program.LayerSharingContract.twice_s132
info: Test/Program/LayerSharingContract.lean:84:0: checked Test.Program.LayerSharingContract.twice_s133
info: Test/Program/LayerSharingContract.lean:84:0: checked Test.Program.LayerSharingContract.twice_s134
info: Test/Program/LayerSharingContract.lean:84:0: checked Test.Program.LayerSharingContract.twice_s135
info: Test/Program/LayerSharingContract.lean:84:0: checked Test.Program.LayerSharingContract.twice_s136
info: Test/Program/LayerSharingContract.lean:84:0: checked Test.Program.LayerSharingContract.twice_s137
info: Test/Program/LayerSharingContract.lean:84:0: checked Test.Program.LayerSharingContract.twice_s138
info: Test/Program/LayerSharingContract.lean:84:0: checked Test.Program.LayerSharingContract.twice_s139
info: Test/Program/LayerSharingContract.lean:84:0: checked Test.Program.LayerSharingContract.twice_s140
info: Test/Program/LayerSharingContract.lean:84:0: checked Test.Program.LayerSharingContract.twice_s141
info: Test/Program/LayerSharingContract.lean:84:0: checked Test.Program.LayerSharingContract.twice_s142
info: Test/Program/LayerSharingContract.lean:84:0: checked Test.Program.LayerSharingContract.twice_s143
info: Test/Program/LayerSharingContract.lean:84:0: checked Test.Program.LayerSharingContract.twice_s144
info: Test/Program/LayerSharingContract.lean:84:0: checked Test.Program.LayerSharingContract.twice_s145
info: Test/Program/LayerSharingContract.lean:84:0: checked Test.Program.LayerSharingContract.twice_s146
info: Test/Program/LayerSharingContract.lean:84:0: checked Test.Program.LayerSharingContract.twice_s147
info: Test/Program/LayerSharingContract.lean:84:0: checked Test.Program.LayerSharingContract.twice_s148
info: Test/Program/LayerSharingContract.lean:84:0: checked Test.Program.LayerSharingContract.twice_s149
info: Test/Program/LayerSharingContract.lean:84:0: checked Test.Program.LayerSharingContract.twice_s150
info: Test/Program/LayerSharingContract.lean:84:0: checked Test.Program.LayerSharingContract.twice_s151
info: Test/Program/LayerSharingContract.lean:84:0: checked Test.Program.LayerSharingContract.twice_s152
info: Test/Program/LayerSharingContract.lean:84:0: checked Test.Program.LayerSharingContract.twice_s153
info: Test/Program/LayerSharingContract.lean:84:0: checked Test.Program.LayerSharingContract.twice_s154
info: Test/Program/LayerSharingContract.lean:84:0: checked Test.Program.LayerSharingContract.twice_s155
info: Test/Program/LayerSharingContract.lean:84:0: checked Test.Program.LayerSharingContract.twice_s156
info: Test/Program/LayerSharingContract.lean:84:0: checked Test.Program.LayerSharingContract.twice_s157
info: Test/Program/LayerSharingContract.lean:84:0: checked Test.Program.LayerSharingContract.twice_s158
info: Test/Program/LayerSharingContract.lean:84:0: checked Test.Program.LayerSharingContract.twice_s159
info: Test/Program/LayerSharingContract.lean:84:0: checked Test.Program.LayerSharingContract.twice_s160
info: Test/Program/LayerSharingContract.lean:84:0: checked Test.Program.LayerSharingContract.twice_s161
info: Test/Program/LayerSharingContract.lean:84:0: checked Test.Program.LayerSharingContract.twice_s162
info: Test/Program/LayerSharingContract.lean:84:0: checked Test.Program.LayerSharingContract.twice_s163
info: Test/Program/LayerSharingContract.lean:84:0: checked Test.Program.LayerSharingContract.twice_s164
info: Test/Program/LayerSharingContract.lean:84:0: checked Test.Program.LayerSharingContract.twice_s165
info: Test/Program/LayerSharingContract.lean:84:0: checked Test.Program.LayerSharingContract.twice_s166
info: Test/Program/LayerSharingContract.lean:84:0: checked Test.Program.LayerSharingContract.twice_s167
info: Test/Program/LayerSharingContract.lean:84:0: checked Test.Program.LayerSharingContract.twice_s168
info: Test/Program/LayerSharingContract.lean:84:0: checked Test.Program.LayerSharingContract.twice_s169
info: Test/Program/LayerSharingContract.lean:84:0: checked Test.Program.LayerSharingContract.twice_s170
info: Test/Program/LayerSharingContract.lean:84:0: checked Test.Program.LayerSharingContract.twice_s171
info: Test/Program/LayerSharingContract.lean:84:0: checked Test.Program.LayerSharingContract.twice_s172
info: Test/Program/LayerSharingContract.lean:84:0: checked Test.Program.LayerSharingContract.twice_s173
info: Test/Program/LayerSharingContract.lean:84:0: checked Test.Program.LayerSharingContract.twice_s174
info: Test/Program/LayerSharingContract.lean:84:0: checked Test.Program.LayerSharingContract.twice_s175
info: Test/Program/LayerSharingContract.lean:84:0: checked Test.Program.LayerSharingContract.twice_s176
info: Test/Program/LayerSharingContract.lean:84:0: checked Test.Program.LayerSharingContract.twice_s177
info: Test/Program/LayerSharingContract.lean:84:0: checked Test.Program.LayerSharingContract.twice_s178
info: Test/Program/LayerSharingContract.lean:84:0: checked Test.Program.LayerSharingContract.twice_s179
info: Test/Program/LayerSharingContract.lean:84:0: checked Test.Program.LayerSharingContract.twice_s180
info: Test/Program/LayerSharingContract.lean:84:0: checked Test.Program.LayerSharingContract.twice_s181
info: Test/Program/LayerSharingContract.lean:84:0: checked Test.Program.LayerSharingContract.twice_s182
info: Test/Program/LayerSharingContract.lean:84:0: checked Test.Program.LayerSharingContract.twice_s183
info: Test/Program/LayerSharingContract.lean:84:0: checked Test.Program.LayerSharingContract.twice_s184
info: Test/Program/LayerSharingContract.lean:84:0: checked Test.Program.LayerSharingContract.twice_s185
info: Test/Program/LayerSharingContract.lean:84:0: checked Test.Program.LayerSharingContract.twice_s186
info: Test/Program/LayerSharingContract.lean:84:0: checked Test.Program.LayerSharingContract.twice_s187
info: Test/Program/LayerSharingContract.lean:84:0: checked Test.Program.LayerSharingContract.twice_s188
info: Test/Program/LayerSharingContract.lean:84:0: checked Test.Program.LayerSharingContract.twice_s189
info: Test/Program/LayerSharingContract.lean:84:0: checked Test.Program.LayerSharingContract.twice_s190
info: Test/Program/LayerSharingContract.lean:84:0: checked Test.Program.LayerSharingContract.twice_s191
info: Test/Program/LayerSharingContract.lean:84:0: checked Test.Program.LayerSharingContract.twice_s192
info: Test/Program/LayerSharingContract.lean:84:0: checked Test.Program.LayerSharingContract.twice_s193
info: Test/Program/LayerSharingContract.lean:84:0: checked Test.Program.LayerSharingContract.twice_s194
info: Test/Program/LayerSharingContract.lean:84:0: checked Test.Program.LayerSharingContract.twice_s195
info: Test/Program/LayerSharingContract.lean:84:0: checked Test.Program.LayerSharingContract.twice_s196
info: Test/Program/LayerSharingContract.lean:84:0: checked Test.Program.LayerSharingContract.twice_s197
info: Test/Program/LayerSharingContract.lean:84:0: checked Test.Program.LayerSharingContract.twice_s198
info: Test/Program/LayerSharingContract.lean:84:0: checked Test.Program.LayerSharingContract.twice_s199
info: Test/Program/LayerSharingContract.lean:84:0: checked Test.Program.LayerSharingContract.twice_s200
info: Test/Program/LayerSharingContract.lean:84:0: checked Test.Program.LayerSharingContract.twice_s201
info: Test/Program/LayerSharingContract.lean:84:0: checked Test.Program.LayerSharingContract.twice_s202
info: Test/Program/LayerSharingContract.lean:84:0: checked Test.Program.LayerSharingContract.twice_s203
info: Test/Program/LayerSharingContract.lean:84:0: checked Test.Program.LayerSharingContract.twice_s204
info: Test/Program/LayerSharingContract.lean:84:0: checked Test.Program.LayerSharingContract.twice_s205
info: Test/Program/LayerSharingContract.lean:84:0: checked Test.Program.LayerSharingContract.twice_s206
info: Test/Program/LayerSharingContract.lean:84:0: checked Test.Program.LayerSharingContract.twice_s207
info: Test/Program/LayerSharingContract.lean:84:0: checked Test.Program.LayerSharingContract.twice_s208
info: Test/Program/LayerSharingContract.lean:84:0: checked Test.Program.LayerSharingContract.twice_s209
info: Test/Program/LayerSharingContract.lean:84:0: checked Test.Program.LayerSharingContract.twice_s210
info: Test/Program/LayerSharingContract.lean:84:0: checked Test.Program.LayerSharingContract.twice_s211
info: Test/Program/LayerSharingContract.lean:84:0: checked Test.Program.LayerSharingContract.twice_s212
info: Test/Program/LayerSharingContract.lean:84:0: checked Test.Program.LayerSharingContract.twice_s213
info: Test/Program/LayerSharingContract.lean:84:0: checked Test.Program.LayerSharingContract.twice_s214
info: Test/Program/LayerSharingContract.lean:84:0: checked Test.Program.LayerSharingContract.twice_s215
info: Test/Program/LayerSharingContract.lean:84:0: checked Test.Program.LayerSharingContract.twice_s216
info: Test/Program/LayerSharingContract.lean:84:0: checked Test.Program.LayerSharingContract.twice_s217
info: Test/Program/LayerSharingContract.lean:84:0: checked Test.Program.LayerSharingContract.twice_s218
info: Test/Program/LayerSharingContract.lean:84:0: checked Test.Program.LayerSharingContract.twice_s219
info: Test/Program/LayerSharingContract.lean:84:0: checked Test.Program.LayerSharingContract.twice_s220
info: Test/Program/LayerSharingContract.lean:84:0: checked Test.Program.LayerSharingContract.twice_s221
info: Test/Program/LayerSharingContract.lean:84:0: checked Test.Program.LayerSharingContract.twice_s222
info: Test/Program/LayerSharingContract.lean:84:0: checked Test.Program.LayerSharingContract.twice_s223
info: Test/Program/LayerSharingContract.lean:84:0: checked Test.Program.LayerSharingContract.twice_s224
info: Test/Program/LayerSharingContract.lean:84:0: checked Test.Program.LayerSharingContract.twice_s225
info: Test/Program/LayerSharingContract.lean:84:0: checked Test.Program.LayerSharingContract.twice_s226
info: Test/Program/LayerSharingContract.lean:84:0: checked Test.Program.LayerSharingContract.twice_s227
info: Test/Program/LayerSharingContract.lean:84:0: checked Test.Program.LayerSharingContract.twice_s228
info: Test/Program/LayerSharingContract.lean:84:0: checked Test.Program.LayerSharingContract.twice_s229
info: Test/Program/LayerSharingContract.lean:84:0: checked Test.Program.LayerSharingContract.twice_s230
info: Test/Program/LayerSharingContract.lean:84:0: checked Test.Program.LayerSharingContract.twice_s231
info: Test/Program/LayerSharingContract.lean:84:0: checked Test.Program.LayerSharingContract.twice_s232
info: Test/Program/LayerSharingContract.lean:84:0: checked Test.Program.LayerSharingContract.twice_s233
info: Test/Program/LayerSharingContract.lean:84:0: checked Test.Program.LayerSharingContract.twice_s234
info: Test/Program/LayerSharingContract.lean:84:0: checked Test.Program.LayerSharingContract.twice_s235
info: Test/Program/LayerSharingContract.lean:84:0: checked Test.Program.LayerSharingContract.twice_s236
info: Test/Program/LayerSharingContract.lean:84:0: checked Test.Program.LayerSharingContract.twice_s237
info: Test/Program/LayerSharingContract.lean:84:0: checked Test.Program.LayerSharingContract.twice_s238
info: Test/Program/LayerSharingContract.lean:84:0: checked Test.Program.LayerSharingContract.twice_s239
info: Test/Program/LayerSharingContract.lean:84:0: checked Test.Program.LayerSharingContract.twice_s240
info: Test/Program/LayerSharingContract.lean:84:0: checked Test.Program.LayerSharingContract.twice_s241
info: Test/Program/LayerSharingContract.lean:84:0: checked Test.Program.LayerSharingContract.twice_s242
info: Test/Program/LayerSharingContract.lean:84:0: checked Test.Program.LayerSharingContract.twice_s243
info: Test/Program/LayerSharingContract.lean:84:0: checked Test.Program.LayerSharingContract.twice_s244
info: Test/Program/LayerSharingContract.lean:84:0: checked Test.Program.LayerSharingContract.twice_s245
info: Test/Program/LayerSharingContract.lean:84:0: checked Test.Program.LayerSharingContract.twice_s246
info: Test/Program/LayerSharingContract.lean:84:0: checked Test.Program.LayerSharingContract.twice_s247
info: Test/Program/LayerSharingContract.lean:84:0: checked Test.Program.LayerSharingContract.twice_s248
info: Test/Program/LayerSharingContract.lean:84:0: checked Test.Program.LayerSharingContract.twice_s249
info: Test/Program/LayerSharingContract.lean:84:0: checked Test.Program.LayerSharingContract.twice_s250
info: Test/Program/LayerSharingContract.lean:84:0: checked Test.Program.LayerSharingContract.twice_s251
info: Test/Program/LayerSharingContract.lean:84:0: checked Test.Program.LayerSharingContract.twice_s252
info: Test/Program/LayerSharingContract.lean:84:0: checked Test.Program.LayerSharingContract.twice_s253
info: Test/Program/LayerSharingContract.lean:84:0: checked Test.Program.LayerSharingContract.twice_s254
info: Test/Program/LayerSharingContract.lean:84:0: checked Test.Program.LayerSharingContract.twice_s255
info: Test/Program/LayerSharingContract.lean:84:0: checked Test.Program.LayerSharingContract.twice_s256
info: Test/Program/LayerSharingContract.lean:84:0: checked Test.Program.LayerSharingContract.twice_s257
info: Test/Program/LayerSharingContract.lean:84:0: checked Test.Program.LayerSharingContract.twice_s258
info: Test/Program/LayerSharingContract.lean:84:0: checked Test.Program.LayerSharingContract.twice_s259
info: Test/Program/LayerSharingContract.lean:84:0: checked Test.Program.LayerSharingContract.twice_s260
info: Test/Program/LayerSharingContract.lean:84:0: checked Test.Program.LayerSharingContract.twice_s261
info: Test/Program/LayerSharingContract.lean:84:0: checked Test.Program.LayerSharingContract.twice_s262
info: Test/Program/LayerSharingContract.lean:84:0: checked Test.Program.LayerSharingContract.twice_s263
info: Test/Program/LayerSharingContract.lean:84:0: checked Test.Program.LayerSharingContract.twice_s264
info: Test/Program/LayerSharingContract.lean:84:0: checked Test.Program.LayerSharingContract.twice_s265
info: Test/Program/LayerSharingContract.lean:84:0: checked Test.Program.LayerSharingContract.twice_s266
info: Test/Program/LayerSharingContract.lean:84:0: checked Test.Program.LayerSharingContract.twice_s267
info: Test/Program/LayerSharingContract.lean:84:0: checked Test.Program.LayerSharingContract.twice_s268
info: Test/Program/LayerSharingContract.lean:84:0: checked Test.Program.LayerSharingContract.twice_s269
info: Test/Program/LayerSharingContract.lean:84:0: checked Test.Program.LayerSharingContract.twice_s270
info: Test/Program/LayerSharingContract.lean:84:0: checked Test.Program.LayerSharingContract.twice_s271
info: Test/Program/LayerSharingContract.lean:84:0: checked Test.Program.LayerSharingContract.twice_s272
info: Test/Program/LayerSharingContract.lean:84:0: checked Test.Program.LayerSharingContract.twice_s273
info: Test/Program/LayerSharingContract.lean:84:0: checked Test.Program.LayerSharingContract.twice_s274
info: Test/Program/LayerSharingContract.lean:84:0: checked Test.Program.LayerSharingContract.twice_s275
info: Test/Program/LayerSharingContract.lean:84:0: checked Test.Program.LayerSharingContract.twice_s276
info: Test/Program/LayerSharingContract.lean:84:0: checked Test.Program.LayerSharingContract.twice_s277
info: Test/Program/LayerSharingContract.lean:84:0: checked Test.Program.LayerSharingContract.twice_s278
info: Test/Program/LayerSharingContract.lean:84:0: checked Test.Program.LayerSharingContract.twice_s279
info: Test/Program/LayerSharingContract.lean:84:0: checked Test.Program.LayerSharingContract.twice_s280
info: Test/Program/LayerSharingContract.lean:84:0: checked Test.Program.LayerSharingContract.twice_s281
info: Test/Program/LayerSharingContract.lean:84:0: checked Test.Program.LayerSharingContract.twice_s282
info: Test/Program/LayerSharingContract.lean:84:0: checked Test.Program.LayerSharingContract.twice_s283
info: Test/Program/LayerSharingContract.lean:84:0: checked Test.Program.LayerSharingContract.twice_s284
info: Test/Program/LayerSharingContract.lean:84:0: checked Test.Program.LayerSharingContract.twice_s285
info: Test/Program/LayerSharingContract.lean:84:0: checked Test.Program.LayerSharingContract.twice_s286
info: Test/Program/LayerSharingContract.lean:84:0: checked Test.Program.LayerSharingContract.twice_s287
info: Test/Program/LayerSharingContract.lean:84:0: checked Test.Program.LayerSharingContract.twice_s288
info: Test/Program/LayerSharingContract.lean:84:0: checked Test.Program.LayerSharingContract.twice_s289
info: Test/Program/LayerSharingContract.lean:84:0: checked Test.Program.LayerSharingContract.twice_s290
info: Test/Program/LayerSharingContract.lean:84:0: checked Test.Program.LayerSharingContract.twice_s291
info: Test/Program/LayerSharingContract.lean:84:0: checked Test.Program.LayerSharingContract.twice_s292
info: Test/Program/LayerSharingContract.lean:84:0: checked Test.Program.LayerSharingContract.twice_s293
info: Test/Program/LayerSharingContract.lean:84:0: checked Test.Program.LayerSharingContract.twice_s294
info: Test/Program/LayerSharingContract.lean:84:0: checked Test.Program.LayerSharingContract.twice_s295
info: Test/Program/LayerSharingContract.lean:84:0: checked Test.Program.LayerSharingContract.twice_s296
info: Test/Program/LayerSharingContract.lean:84:0: checked Test.Program.LayerSharingContract.twice_s297
info: Test/Program/LayerSharingContract.lean:84:0: checked Test.Program.LayerSharingContract.twice_s298
info: Test/Program/LayerSharingContract.lean:84:0: checked Test.Program.LayerSharingContract.twice_s299
info: Test/Program/LayerSharingContract.lean:84:0: checked Test.Program.LayerSharingContract.twice_s300
info: Test/Program/LayerSharingContract.lean:197:0: Test.Program.LayerSharingContract.twice_s106: [propext, Quot.sound]
info: Test/Program/LayerSharingContract.lean:197:0: Test.Program.LayerSharingContract.twice_s248: [propext, Quot.sound]
info: Test/Program/LayerSharingContract.lean:197:0: Test.Program.LayerSharingContract.once_s62: [propext, Quot.sound]
info: Test/Program/LayerSharingContract.lean:197:0: Test.Program.LayerSharingContract.twice_s141: [propext, Quot.sound]
info: Test/Program/LayerSharingContract.lean:197:0: Test.Program.LayerSharingContract.once_s169: [propext, Quot.sound]
info: Test/Program/LayerSharingContract.lean:197:0: Test.Program.LayerSharingContract.twice_s231_eq: [propext, Quot.sound]
info: Test/Program/LayerSharingContract.lean:197:0: Test.Program.LayerSharingContract.once_s160_eq: [propext, Quot.sound]
info: Test/Program/LayerSharingContract.lean:197:0: Test.Program.LayerSharingContract.twice_prefix222: [propext, Quot.sound]
info: Test/Program/LayerSharingContract.lean:197:0: Test.Program.LayerSharingContract.twice_prefix273: [propext, Quot.sound]
info: Test/Program/LayerSharingContract.lean:197:0: Test.Program.LayerSharingContract.once_prefix55: [propext, Quot.sound]
info: Test/Program/LayerSharingContract.lean:197:0: Test.Program.LayerSharingContract.twice_prefix15: [propext, Quot.sound]
info: Test/Program/LayerSharingContract.lean:197:0: Test.Program.LayerSharingContract.once_s18: [propext, Quot.sound]
info: Test/Program/LayerSharingContract.lean:197:0: Test.Program.LayerSharingContract.once_prefix104: [propext, Quot.sound]
info: Test/Program/LayerSharingContract.lean:197:0: Test.Program.LayerSharingContract.twice_s133_eq: [propext, Quot.sound]
info: Test/Program/LayerSharingContract.lean:197:0: Test.Program.LayerSharingContract.twice_prefix121: [propext, Quot.sound]
info: Test/Program/LayerSharingContract.lean:197:0: Test.Program.LayerSharingContract.once_prefix21: [propext, Quot.sound]
info: Test/Program/LayerSharingContract.lean:197:0: Test.Program.LayerSharingContract.once_s137_eq: [propext, Quot.sound]
info: Test/Program/LayerSharingContract.lean:197:0: Test.Program.LayerSharingContract.twice_s93: [propext, Quot.sound]
info: Test/Program/LayerSharingContract.lean:197:0: Test.Program.LayerSharingContract.twice_s42_eq: [propext, Quot.sound]
info: Test/Program/LayerSharingContract.lean:197:0: Test.Program.LayerSharingContract.once_s53_eq: [propext, Quot.sound]
info: Test/Program/LayerSharingContract.lean:197:0: Test.Program.LayerSharingContract.once_s157: [propext, Quot.sound]
info: Test/Program/LayerSharingContract.lean:197:0: Test.Program.LayerSharingContract.twice_s226: [propext, Quot.sound]
info: Test/Program/LayerSharingContract.lean:197:0: Test.Program.LayerSharingContract.twice_s224: [propext, Quot.sound]
info: Test/Program/LayerSharingContract.lean:197:0: Test.Program.LayerSharingContract.once_prefix17: [propext, Quot.sound]
info: Test/Program/LayerSharingContract.lean:197:0: Test.Program.LayerSharingContract.twice_prefix88: [propext, Quot.sound]
info: Test/Program/LayerSharingContract.lean:197:0: Test.Program.LayerSharingContract.twice_s79_eq: [propext, Quot.sound]
info: Test/Program/LayerSharingContract.lean:197:0: Test.Program.LayerSharingContract.twice_prefix215: [propext, Quot.sound]
info: Test/Program/LayerSharingContract.lean:197:0: Test.Program.LayerSharingContract.once_prefix34: [propext, Quot.sound]
info: Test/Program/LayerSharingContract.lean:197:0: Test.Program.LayerSharingContract.twice_s118: [propext, Quot.sound]
info: Test/Program/LayerSharingContract.lean:197:0: Test.Program.LayerSharingContract.once_prefix157: [propext, Quot.sound]
info: Test/Program/LayerSharingContract.lean:197:0: Test.Program.LayerSharingContract.twice_s26: [propext, Quot.sound]
info: Test/Program/LayerSharingContract.lean:197:0: Test.Program.LayerSharingContract.twice_s50_eq: [propext, Quot.sound]
info: Test/Program/LayerSharingContract.lean:197:0: Test.Program.LayerSharingContract.once_prefix150: [propext, Quot.sound]
info: Test/Program/LayerSharingContract.lean:197:0: Test.Program.LayerSharingContract.once_s69: [propext, Quot.sound]
info: Test/Program/LayerSharingContract.lean:197:0: Test.Program.LayerSharingContract.twice_s262: [propext, Quot.sound]
info: Test/Program/LayerSharingContract.lean:197:0: Test.Program.LayerSharingContract.twice_s180_eq: [propext, Quot.sound]
info: Test/Program/LayerSharingContract.lean:197:0: Test.Program.LayerSharingContract.once_s44_eq: [propext, Quot.sound]
info: Test/Program/LayerSharingContract.lean:197:0: Test.Program.LayerSharingContract.twice_prefix245: [propext, Quot.sound]
info: Test/Program/LayerSharingContract.lean:197:0: Test.Program.LayerSharingContract.twice_prefix28: [propext, Quot.sound]
info: Test/Program/LayerSharingContract.lean:197:0: Test.Program.LayerSharingContract.twice_prefix240: [propext, Quot.sound]
info: Test/Program/LayerSharingContract.lean:197:0: Test.Program.LayerSharingContract.twice_s182_eq: [propext, Quot.sound]
info: Test/Program/LayerSharingContract.lean:197:0: Test.Program.LayerSharingContract.once_prefix149: [propext, Quot.sound]
info: Test/Program/LayerSharingContract.lean:197:0: Test.Program.LayerSharingContract.once_s91_eq: [propext, Quot.sound]
info: Test/Program/LayerSharingContract.lean:197:0: Test.Program.LayerSharingContract.twice_s133: [propext, Quot.sound]
info: Test/Program/LayerSharingContract.lean:197:0: Test.Program.LayerSharingContract.once_prefix29: [propext, Quot.sound]
info: Test/Program/LayerSharingContract.lean:197:0: Test.Program.LayerSharingContract.twice_s197: [propext, Quot.sound]
info: Test/Program/LayerSharingContract.lean:197:0: Test.Program.LayerSharingContract.once_prefix16: [propext, Quot.sound]
info: Test/Program/LayerSharingContract.lean:197:0: Test.Program.LayerSharingContract.twice_s155: [propext, Quot.sound]
info: Test/Program/LayerSharingContract.lean:197:0: Test.Program.LayerSharingContract.twice_prefix51: [propext, Quot.sound]
info: Test/Program/LayerSharingContract.lean:197:0: Test.Program.LayerSharingContract.once_prefix136: [propext, Quot.sound]
info: Test/Program/LayerSharingContract.lean:197:0: Test.Program.LayerSharingContract.twice_s202: [propext, Quot.sound]
info: Test/Program/LayerSharingContract.lean:197:0: Test.Program.LayerSharingContract.twice_s248_eq: [propext, Quot.sound]
info: Test/Program/LayerSharingContract.lean:197:0: Test.Program.LayerSharingContract.once_s193_eq: [propext, Quot.sound]
info: Test/Program/LayerSharingContract.lean:197:0: Test.Program.LayerSharingContract.once_s176_eq: [propext, Quot.sound]
info: Test/Program/LayerSharingContract.lean:197:0: Test.Program.LayerSharingContract.twice_prefix141: [propext, Quot.sound]
info: Test/Program/LayerSharingContract.lean:197:0: Test.Program.LayerSharingContract.once_s206: [propext, Quot.sound]
info: Test/Program/LayerSharingContract.lean:197:0: Test.Program.LayerSharingContract.twice_s19_eq: [propext, Quot.sound]
info: Test/Program/LayerSharingContract.lean:197:0: Test.Program.LayerSharingContract.once_s26: [propext, Quot.sound]
info: Test/Program/LayerSharingContract.lean:197:0: Test.Program.LayerSharingContract.twice_prefix187: [propext, Quot.sound]
info: Test/Program/LayerSharingContract.lean:197:0: Test.Program.LayerSharingContract.once_s2: []
info: Test/Program/LayerSharingContract.lean:197:0: Test.Program.LayerSharingContract.twice_prefix22: [propext, Quot.sound]
info: Test/Program/LayerSharingContract.lean:197:0: Test.Program.LayerSharingContract.twice_prefix219: [propext, Quot.sound]
info: Test/Program/LayerSharingContract.lean:197:0: Test.Program.LayerSharingContract.twice_s263_eq: [propext, Quot.sound]
info: Test/Program/LayerSharingContract.lean:197:0: Test.Program.LayerSharingContract.twice_prefix114: [propext, Quot.sound]
info: Test/Program/LayerSharingContract.lean:197:0: Test.Program.LayerSharingContract.once_s79_eq: [propext, Quot.sound]
info: Test/Program/LayerSharingContract.lean:197:0: Test.Program.LayerSharingContract.once_prefix11: [propext, Quot.sound]
info: Test/Program/LayerSharingContract.lean:197:0: Test.Program.LayerSharingContract.twice_count: [propext, Quot.sound]
info: Test/Program/LayerSharingContract.lean:197:0: Test.Program.LayerSharingContract.once_prefix46: [propext, Quot.sound]
info: Test/Program/LayerSharingContract.lean:197:0: Test.Program.LayerSharingContract.once_s215_eq: [propext, Quot.sound]
info: Test/Program/LayerSharingContract.lean:197:0: Test.Program.LayerSharingContract.once_prefix37: [propext, Quot.sound]
info: Test/Program/LayerSharingContract.lean:197:0: Test.Program.LayerSharingContract.twice_prefix208: [propext, Quot.sound]
info: Test/Program/LayerSharingContract.lean:197:0: Test.Program.LayerSharingContract.twice_s179: [propext, Quot.sound]
info: Test/Program/LayerSharingContract.lean:197:0: Test.Program.LayerSharingContract.twice_prefix177: [propext, Quot.sound]
info: Test/Program/LayerSharingContract.lean:197:0: Test.Program.LayerSharingContract.twice_prefix133: [propext, Quot.sound]
info: Test/Program/LayerSharingContract.lean:197:0: Test.Program.LayerSharingContract.once_s205_eq: [propext, Quot.sound]
info: Test/Program/LayerSharingContract.lean:197:0: Test.Program.LayerSharingContract.once_prefix39: [propext, Quot.sound]
info: Test/Program/LayerSharingContract.lean:197:0: Test.Program.LayerSharingContract.twice_s148_eq: [propext, Quot.sound]
info: Test/Program/LayerSharingContract.lean:197:0: Test.Program.LayerSharingContract.twice_s141_eq: [propext, Quot.sound]
info: Test/Program/LayerSharingContract.lean:197:0: Test.Program.LayerSharingContract.once_s28_eq: [propext, Quot.sound]
info: Test/Program/LayerSharingContract.lean:197:0: Test.Program.LayerSharingContract.twice_prefix21: [propext, Quot.sound]
info: Test/Program/LayerSharingContract.lean:197:0: Test.Program.LayerSharingContract.twice_s208: [propext, Quot.sound]
info: Test/Program/LayerSharingContract.lean:197:0: Test.Program.LayerSharingContract.twice_s90_eq: [propext, Quot.sound]
info: Test/Program/LayerSharingContract.lean:197:0: Test.Program.LayerSharingContract.once_s19: [propext, Quot.sound]
info: Test/Program/LayerSharingContract.lean:197:0: Test.Program.LayerSharingContract.twice_s153: [propext, Quot.sound]
info: Test/Program/LayerSharingContract.lean:197:0: Test.Program.LayerSharingContract.twice_s22: [propext, Quot.sound]
info: Test/Program/LayerSharingContract.lean:197:0: Test.Program.LayerSharingContract.twice_s202_eq: [propext, Quot.sound]
info: Test/Program/LayerSharingContract.lean:197:0: Test.Program.LayerSharingContract.twice_prefix154: [propext, Quot.sound]
info: Test/Program/LayerSharingContract.lean:197:0: Test.Program.LayerSharingContract.once_count: [propext, Quot.sound]
info: Test/Program/LayerSharingContract.lean:197:0: Test.Program.LayerSharingContract.twice_s225: [propext, Quot.sound]
info: Test/Program/LayerSharingContract.lean:197:0: Test.Program.LayerSharingContract.once_s161_eq: [propext, Quot.sound]
info: Test/Program/LayerSharingContract.lean:197:0: Test.Program.LayerSharingContract.twice_s268_eq: [propext, Quot.sound]
info: Test/Program/LayerSharingContract.lean:197:0: Test.Program.LayerSharingContract.twice_s184: [propext, Quot.sound]
info: Test/Program/LayerSharingContract.lean:197:0: Test.Program.LayerSharingContract.twice_exit: [propext, Quot.sound]
info: Test/Program/LayerSharingContract.lean:197:0: Test.Program.LayerSharingContract.twice_prefix287: [propext, Quot.sound]
info: Test/Program/LayerSharingContract.lean:197:0: Test.Program.LayerSharingContract.twice_s226_eq: [propext, Quot.sound]
info: Test/Program/LayerSharingContract.lean:197:0: Test.Program.LayerSharingContract.once_s167: [propext, Quot.sound]
info: Test/Program/LayerSharingContract.lean:197:0: Test.Program.LayerSharingContract.twice_s244: [propext, Quot.sound]
info: Test/Program/LayerSharingContract.lean:197:0: Test.Program.LayerSharingContract.once_s11: [propext, Quot.sound]
info: Test/Program/LayerSharingContract.lean:197:0: Test.Program.LayerSharingContract.twice_s136: [propext, Quot.sound]
info: Test/Program/LayerSharingContract.lean:197:0: Test.Program.LayerSharingContract.twice_s112_eq: [propext, Quot.sound]
info: Test/Program/LayerSharingContract.lean:197:0: Test.Program.LayerSharingContract.once_s174_eq: [propext, Quot.sound]
info: Test/Program/LayerSharingContract.lean:197:0: Test.Program.LayerSharingContract.twice_s249: [propext, Quot.sound]
info: Test/Program/LayerSharingContract.lean:197:0: Test.Program.LayerSharingContract.twice_s175_eq: [propext, Quot.sound]
info: Test/Program/LayerSharingContract.lean:197:0: Test.Program.LayerSharingContract.twice_prefix210: [propext, Quot.sound]
info: Test/Program/LayerSharingContract.lean:197:0: Test.Program.LayerSharingContract.twice_prefix57: [propext, Quot.sound]
info: Test/Program/LayerSharingContract.lean:197:0: Test.Program.LayerSharingContract.once_s211: [propext, Quot.sound]
info: Test/Program/LayerSharingContract.lean:197:0: Test.Program.LayerSharingContract.once_prefix193: [propext, Quot.sound]
info: Test/Program/LayerSharingContract.lean:197:0: Test.Program.LayerSharingContract.once_s160: [propext, Quot.sound]
info: Test/Program/LayerSharingContract.lean:197:0: Test.Program.LayerSharingContract.twice_prefix24: [propext, Quot.sound]
info: Test/Program/LayerSharingContract.lean:197:0: Test.Program.LayerSharingContract.once_prefix81: [propext, Quot.sound]
info: Test/Program/LayerSharingContract.lean:197:0: Test.Program.LayerSharingContract.twice_s174: [propext, Quot.sound]
info: Test/Program/LayerSharingContract.lean:197:0: Test.Program.LayerSharingContract.twice_s140_eq: [propext, Quot.sound]
info: Test/Program/LayerSharingContract.lean:197:0: Test.Program.LayerSharingContract.twice_s123: [propext, Quot.sound]
info: Test/Program/LayerSharingContract.lean:197:0: Test.Program.LayerSharingContract.twice_prefix129: [propext, Quot.sound]
info: Test/Program/LayerSharingContract.lean:197:0: Test.Program.LayerSharingContract.twice_s145: [propext, Quot.sound]
info: Test/Program/LayerSharingContract.lean:197:0: Test.Program.LayerSharingContract.once_s87_eq: [propext, Quot.sound]
info: Test/Program/LayerSharingContract.lean:197:0: Test.Program.LayerSharingContract.once_prefix42: [propext, Quot.sound]
info: Test/Program/LayerSharingContract.lean:197:0: Test.Program.LayerSharingContract.once_s158: [propext, Quot.sound]
info: Test/Program/LayerSharingContract.lean:197:0: Test.Program.LayerSharingContract.once_s79: [propext, Quot.sound]
info: Test/Program/LayerSharingContract.lean:197:0: Test.Program.LayerSharingContract.twice_s38_eq: [propext, Quot.sound]
info: Test/Program/LayerSharingContract.lean:197:0: Test.Program.LayerSharingContract.twice_s193_eq: [propext, Quot.sound]
info: Test/Program/LayerSharingContract.lean:197:0: Test.Program.LayerSharingContract.twice_prefix106: [propext, Quot.sound]
info: Test/Program/LayerSharingContract.lean:197:0: Test.Program.LayerSharingContract.twice_prefix246: [propext, Quot.sound]
info: Test/Program/LayerSharingContract.lean:197:0: Test.Program.LayerSharingContract.twice_prefix41: [propext, Quot.sound]
info: Test/Program/LayerSharingContract.lean:197:0: Test.Program.LayerSharingContract.once_s212: [propext, Quot.sound]
info: Test/Program/LayerSharingContract.lean:197:0: Test.Program.LayerSharingContract.twice_prefix289: [propext, Quot.sound]
info: Test/Program/LayerSharingContract.lean:197:0: Test.Program.LayerSharingContract.twice_s288_eq: [propext, Quot.sound]
info: Test/Program/LayerSharingContract.lean:197:0: Test.Program.LayerSharingContract.twice_s242: [propext, Quot.sound]
info: Test/Program/LayerSharingContract.lean:197:0: Test.Program.LayerSharingContract.twice_prefix100: [propext, Quot.sound]
info: Test/Program/LayerSharingContract.lean:197:0: Test.Program.LayerSharingContract.twice_prefix283: [propext, Quot.sound]
info: Test/Program/LayerSharingContract.lean:197:0: Test.Program.LayerSharingContract.once_prefix115: [propext, Quot.sound]
info: Test/Program/LayerSharingContract.lean:197:0: Test.Program.LayerSharingContract.once_s16_eq: [propext, Quot.sound]
info: Test/Program/LayerSharingContract.lean:197:0: Test.Program.LayerSharingContract.once_s152: [propext, Quot.sound]
info: Test/Program/LayerSharingContract.lean:197:0: Test.Program.LayerSharingContract.twice_s78_eq: [propext, Quot.sound]
info: Test/Program/LayerSharingContract.lean:197:0: Test.Program.LayerSharingContract.twice_s51_eq: [propext, Quot.sound]
info: Test/Program/LayerSharingContract.lean:197:0: Test.Program.LayerSharingContract.twice_s289_eq: [propext, Quot.sound]
info: Test/Program/LayerSharingContract.lean:197:0: Test.Program.LayerSharingContract.twice_prefix118: [propext, Quot.sound]
info: Test/Program/LayerSharingContract.lean:197:0: Test.Program.LayerSharingContract.once_prefix40: [propext, Quot.sound]
info: Test/Program/LayerSharingContract.lean:197:0: Test.Program.LayerSharingContract.twice_s264_eq: [propext, Quot.sound]
info: Test/Program/LayerSharingContract.lean:197:0: Test.Program.LayerSharingContract.twice_s285_eq: [propext, Quot.sound]
info: Test/Program/LayerSharingContract.lean:197:0: Test.Program.LayerSharingContract.once_s0_eq: [propext]
info: Test/Program/LayerSharingContract.lean:197:0: Test.Program.LayerSharingContract.twice_s256_eq: [propext, Quot.sound]
info: Test/Program/LayerSharingContract.lean:197:0: Test.Program.LayerSharingContract.twice_prefix11: [propext, Quot.sound]
info: Test/Program/LayerSharingContract.lean:197:0: Test.Program.LayerSharingContract.once_s131: [propext, Quot.sound]
info: Test/Program/LayerSharingContract.lean:197:0: Test.Program.LayerSharingContract.once_s97: [propext, Quot.sound]
info: Test/Program/LayerSharingContract.lean:197:0: Test.Program.LayerSharingContract.twice_s11: [propext, Quot.sound]
info: Test/Program/LayerSharingContract.lean:197:0: Test.Program.LayerSharingContract.twice_s86_eq: [propext, Quot.sound]
info: Test/Program/LayerSharingContract.lean:197:0: Test.Program.LayerSharingContract.twice_prefix172: [propext, Quot.sound]
info: Test/Program/LayerSharingContract.lean:197:0: Test.Program.LayerSharingContract.twice_s247_eq: [propext, Quot.sound]
info: Test/Program/LayerSharingContract.lean:197:0: Test.Program.LayerSharingContract.twice_s149_eq: [propext, Quot.sound]
info: Test/Program/LayerSharingContract.lean:197:0: Test.Program.LayerSharingContract.twice_s43: [propext, Quot.sound]
info: Test/Program/LayerSharingContract.lean:197:0: Test.Program.LayerSharingContract.once_s71_eq: [propext, Quot.sound]
info: Test/Program/LayerSharingContract.lean:197:0: Test.Program.LayerSharingContract.once_prefix66: [propext, Quot.sound]
info: Test/Program/LayerSharingContract.lean:197:0: Test.Program.LayerSharingContract.twice_s272_eq: [propext, Quot.sound]
info: Test/Program/LayerSharingContract.lean:197:0: Test.Program.LayerSharingContract.once: []
info: Test/Program/LayerSharingContract.lean:197:0: Test.Program.LayerSharingContract.twice_prefix298: [propext, Quot.sound]
info: Test/Program/LayerSharingContract.lean:197:0: Test.Program.LayerSharingContract.twice_s294_eq: [propext, Quot.sound]
info: Test/Program/LayerSharingContract.lean:197:0: Test.Program.LayerSharingContract.twice_s177: [propext, Quot.sound]
info: Test/Program/LayerSharingContract.lean:197:0: Test.Program.LayerSharingContract.once_s22: [propext, Quot.sound]
info: Test/Program/LayerSharingContract.lean:197:0: Test.Program.LayerSharingContract.twice_prefix167: [propext, Quot.sound]
info: Test/Program/LayerSharingContract.lean:197:0: Test.Program.LayerSharingContract.twice_s164: [propext, Quot.sound]
info: Test/Program/LayerSharingContract.lean:197:0: Test.Program.LayerSharingContract.twice_s92: [propext, Quot.sound]
info: Test/Program/LayerSharingContract.lean:197:0: Test.Program.LayerSharingContract.twice_s272: [propext, Quot.sound]
info: Test/Program/LayerSharingContract.lean:197:0: Test.Program.LayerSharingContract.twice_s88: [propext, Quot.sound]
info: Test/Program/LayerSharingContract.lean:197:0: Test.Program.LayerSharingContract.once_s209: [propext, Quot.sound]
info: Test/Program/LayerSharingContract.lean:197:0: Test.Program.LayerSharingContract.ticks: [propext, Quot.sound]
info: Test/Program/LayerSharingContract.lean:197:0: Test.Program.LayerSharingContract.twice_prefix294: [propext, Quot.sound]
info: Test/Program/LayerSharingContract.lean:197:0: Test.Program.LayerSharingContract.twice_s122_eq: [propext, Quot.sound]
info: Test/Program/LayerSharingContract.lean:197:0: Test.Program.LayerSharingContract.once_s108_eq: [propext, Quot.sound]
info: Test/Program/LayerSharingContract.lean:197:0: Test.Program.LayerSharingContract.twice_prefix220: [propext, Quot.sound]
info: Test/Program/LayerSharingContract.lean:197:0: Test.Program.LayerSharingContract.once_s111_eq: [propext, Quot.sound]
info: Test/Program/LayerSharingContract.lean:197:0: Test.Program.LayerSharingContract.once_prefix26: [propext, Quot.sound]
info: Test/Program/LayerSharingContract.lean:197:0: Test.Program.LayerSharingContract.twice_s199_eq: [propext, Quot.sound]
info: Test/Program/LayerSharingContract.lean:197:0: Test.Program.LayerSharingContract.twice_prefix34: [propext, Quot.sound]
info: Test/Program/LayerSharingContract.lean:197:0: Test.Program.LayerSharingContract.once_s84_eq: [propext, Quot.sound]
info: Test/Program/LayerSharingContract.lean:197:0: Test.Program.LayerSharingContract.once_s162: [propext, Quot.sound]
info: Test/Program/LayerSharingContract.lean:197:0: Test.Program.LayerSharingContract.once_s95: [propext, Quot.sound]
info: Test/Program/LayerSharingContract.lean:197:0: Test.Program.LayerSharingContract.twice_s138_eq: [propext, Quot.sound]
info: Test/Program/LayerSharingContract.lean:197:0: Test.Program.LayerSharingContract.twice_s234: [propext, Quot.sound]
info: Test/Program/LayerSharingContract.lean:197:0: Test.Program.LayerSharingContract.twice_s192: [propext, Quot.sound]
info: Test/Program/LayerSharingContract.lean:197:0: Test.Program.LayerSharingContract.twice_prefix99: [propext, Quot.sound]
info: Test/Program/LayerSharingContract.lean:197:0: Test.Program.LayerSharingContract.twice_s63: [propext, Quot.sound]
info: Test/Program/LayerSharingContract.lean:197:0: Test.Program.LayerSharingContract.once_s148: [propext, Quot.sound]
info: Test/Program/LayerSharingContract.lean:197:0: Test.Program.LayerSharingContract.once_prefix203: [propext, Quot.sound]
info: Test/Program/LayerSharingContract.lean:197:0: Test.Program.LayerSharingContract.once_s57: [propext, Quot.sound]
info: Test/Program/LayerSharingContract.lean:197:0: Test.Program.LayerSharingContract.twice_prefix188: [propext, Quot.sound]
info: Test/Program/LayerSharingContract.lean:197:0: Test.Program.LayerSharingContract.twice_prefix182: [propext, Quot.sound]
info: Test/Program/LayerSharingContract.lean:197:0: Test.Program.LayerSharingContract.twice_prefix198: [propext, Quot.sound]
info: Test/Program/LayerSharingContract.lean:197:0: Test.Program.LayerSharingContract.once_s185: [propext, Quot.sound]
info: Test/Program/LayerSharingContract.lean:197:0: Test.Program.LayerSharingContract.once_s153_eq: [propext, Quot.sound]
info: Test/Program/LayerSharingContract.lean:197:0: Test.Program.LayerSharingContract.twice_s62_eq: [propext, Quot.sound]
info: Test/Program/LayerSharingContract.lean:197:0: Test.Program.LayerSharingContract.twice_s111_eq: [propext, Quot.sound]
info: Test/Program/LayerSharingContract.lean:197:0: Test.Program.LayerSharingContract.once_s124_eq: [propext, Quot.sound]
info: Test/Program/LayerSharingContract.lean:197:0: Test.Program.LayerSharingContract.once_s153: [propext, Quot.sound]
info: Test/Program/LayerSharingContract.lean:197:0: Test.Program.LayerSharingContract.twice_prefix95: [propext, Quot.sound]
info: Test/Program/LayerSharingContract.lean:197:0: Test.Program.LayerSharingContract.once_s9: [propext, Quot.sound]
info: Test/Program/LayerSharingContract.lean:197:0: Test.Program.LayerSharingContract.twice_s56_eq: [propext, Quot.sound]
info: Test/Program/LayerSharingContract.lean:197:0: Test.Program.LayerSharingContract.twice_s227: [propext, Quot.sound]
info: Test/Program/LayerSharingContract.lean:197:0: Test.Program.LayerSharingContract.once_s205: [propext, Quot.sound]
info: Test/Program/LayerSharingContract.lean:197:0: Test.Program.LayerSharingContract.twice_prefix83: [propext, Quot.sound]
info: Test/Program/LayerSharingContract.lean:197:0: Test.Program.LayerSharingContract.twice_s227_eq: [propext, Quot.sound]
info: Test/Program/LayerSharingContract.lean:197:0: Test.Program.LayerSharingContract.twice_s58: [propext, Quot.sound]
info: Test/Program/LayerSharingContract.lean:197:0: Test.Program.LayerSharingContract.Commands: []
info: Test/Program/LayerSharingContract.lean:197:0: Test.Program.LayerSharingContract.twice_s258: [propext, Quot.sound]
info: Test/Program/LayerSharingContract.lean:197:0: Test.Program.LayerSharingContract.once_s122: [propext, Quot.sound]
info: Test/Program/LayerSharingContract.lean:197:0: Test.Program.LayerSharingContract.twice_prefix270: [propext, Quot.sound]
info: Test/Program/LayerSharingContract.lean:197:0: Test.Program.LayerSharingContract.once_s37_eq: [propext, Quot.sound]
info: Test/Program/LayerSharingContract.lean:197:0: Test.Program.LayerSharingContract.twice_s144: [propext, Quot.sound]
info: Test/Program/LayerSharingContract.lean:197:0: Test.Program.LayerSharingContract.twice_prefix194: [propext, Quot.sound]
info: Test/Program/LayerSharingContract.lean:197:0: Test.Program.LayerSharingContract.twice_prefix125: [propext, Quot.sound]
info: Test/Program/LayerSharingContract.lean:197:0: Test.Program.LayerSharingContract.twice_s166_eq: [propext, Quot.sound]
info: Test/Program/LayerSharingContract.lean:197:0: Test.Program.LayerSharingContract.once_s64_eq: [propext, Quot.sound]
info: Test/Program/LayerSharingContract.lean:197:0: Test.Program.LayerSharingContract.once_s65_eq: [propext, Quot.sound]
info: Test/Program/LayerSharingContract.lean:197:0: Test.Program.LayerSharingContract.once_s179: [propext, Quot.sound]
info: Test/Program/LayerSharingContract.lean:197:0: Test.Program.LayerSharingContract.twice_prefix276: [propext, Quot.sound]
info: Test/Program/LayerSharingContract.lean:197:0: Test.Program.LayerSharingContract.once_s188: [propext, Quot.sound]
info: Test/Program/LayerSharingContract.lean:197:0: Test.Program.LayerSharingContract.once_prefix90: [propext, Quot.sound]
info: Test/Program/LayerSharingContract.lean:197:0: Test.Program.LayerSharingContract.once_prefix22: [propext, Quot.sound]
info: Test/Program/LayerSharingContract.lean:197:0: Test.Program.LayerSharingContract.twice_s85_eq: [propext, Quot.sound]
info: Test/Program/LayerSharingContract.lean:197:0: Test.Program.LayerSharingContract.once_s100_eq: [propext, Quot.sound]
info: Test/Program/LayerSharingContract.lean:197:0: Test.Program.LayerSharingContract.twice_s3_eq: [propext, Quot.sound]
info: Test/Program/LayerSharingContract.lean:197:0: Test.Program.LayerSharingContract.twice_prefix236: [propext, Quot.sound]
info: Test/Program/LayerSharingContract.lean:197:0: Test.Program.LayerSharingContract.twice_prefix68: [propext, Quot.sound]
info: Test/Program/LayerSharingContract.lean:197:0: Test.Program.LayerSharingContract.twice_s68_eq: [propext, Quot.sound]
info: Test/Program/LayerSharingContract.lean:197:0: Test.Program.LayerSharingContract.twice_prefix161: [propext, Quot.sound]
info: Test/Program/LayerSharingContract.lean:197:0: Test.Program.LayerSharingContract.once_s81: [propext, Quot.sound]
info: Test/Program/LayerSharingContract.lean:197:0: Test.Program.LayerSharingContract.twice_s252_eq: [propext, Quot.sound]
info: Test/Program/LayerSharingContract.lean:197:0: Test.Program.LayerSharingContract.twice_prefix158: [propext, Quot.sound]
info: Test/Program/LayerSharingContract.lean:197:0: Test.Program.LayerSharingContract.twice_s135_eq: [propext, Quot.sound]
info: Test/Program/LayerSharingContract.lean:197:0: Test.Program.LayerSharingContract.twice_prefix82: [propext, Quot.sound]
info: Test/Program/LayerSharingContract.lean:197:0: Test.Program.LayerSharingContract.twice_s124_eq: [propext, Quot.sound]
info: Test/Program/LayerSharingContract.lean:197:0: Test.Program.LayerSharingContract.twice_prefix140: [propext, Quot.sound]
info: Test/Program/LayerSharingContract.lean:197:0: Test.Program.LayerSharingContract.twice_prefix173: [propext, Quot.sound]
info: Test/Program/LayerSharingContract.lean:197:0: Test.Program.LayerSharingContract.once_s169_eq: [propext, Quot.sound]
info: Test/Program/LayerSharingContract.lean:197:0: Test.Program.LayerSharingContract.twice_s283: [propext, Quot.sound]
info: Test/Program/LayerSharingContract.lean:197:0: Test.Program.LayerSharingContract.twice_prefix261: [propext, Quot.sound]
info: Test/Program/LayerSharingContract.lean:197:0: Test.Program.LayerSharingContract.once_s126: [propext, Quot.sound]
info: Test/Program/LayerSharingContract.lean:197:0: Test.Program.LayerSharingContract.once_s68_eq: [propext, Quot.sound]
info: Test/Program/LayerSharingContract.lean:197:0: Test.Program.LayerSharingContract.once_s54: [propext, Quot.sound]
info: Test/Program/LayerSharingContract.lean:197:0: Test.Program.LayerSharingContract.twice_s256: [propext, Quot.sound]
info: Test/Program/LayerSharingContract.lean:197:0: Test.Program.LayerSharingContract.twice_prefix230: [propext, Quot.sound]
info: Test/Program/LayerSharingContract.lean:197:0: Test.Program.LayerSharingContract.twice_s67_eq: [propext, Quot.sound]
info: Test/Program/LayerSharingContract.lean:197:0: Test.Program.LayerSharingContract.twice_s230: [propext, Quot.sound]
info: Test/Program/LayerSharingContract.lean:197:0: Test.Program.LayerSharingContract.once_s151_eq: [propext, Quot.sound]
info: Test/Program/LayerSharingContract.lean:197:0: Test.Program.LayerSharingContract.twice_prefix62: [propext, Quot.sound]
info: Test/Program/LayerSharingContract.lean:197:0: Test.Program.LayerSharingContract.once_prefix85: [propext, Quot.sound]
info: Test/Program/LayerSharingContract.lean:197:0: Test.Program.LayerSharingContract.once_prefix172: [propext, Quot.sound]
info: Test/Program/LayerSharingContract.lean:197:0: Test.Program.LayerSharingContract.twice_prefix101: [propext, Quot.sound]
info: Test/Program/LayerSharingContract.lean:197:0: Test.Program.LayerSharingContract.twice_prefix212: [propext, Quot.sound]
info: Test/Program/LayerSharingContract.lean:197:0: Test.Program.LayerSharingContract.once_prefix146: [propext, Quot.sound]
info: Test/Program/LayerSharingContract.lean:197:0: Test.Program.LayerSharingContract.twice_prefix160: [propext, Quot.sound]
info: Test/Program/LayerSharingContract.lean:197:0: Test.Program.LayerSharingContract.twice_prefix195: [propext, Quot.sound]
info: Test/Program/LayerSharingContract.lean:197:0: Test.Program.LayerSharingContract.twice_s21_eq: [propext, Quot.sound]
info: Test/Program/LayerSharingContract.lean:197:0: Test.Program.LayerSharingContract.once_prefix92: [propext, Quot.sound]
info: Test/Program/LayerSharingContract.lean:197:0: Test.Program.LayerSharingContract.twice_s14_eq: [propext, Quot.sound]
info: Test/Program/LayerSharingContract.lean:197:0: Test.Program.LayerSharingContract.twice_s147: [propext, Quot.sound]
info: Test/Program/LayerSharingContract.lean:197:0: Test.Program.LayerSharingContract.twice_s128_eq: [propext, Quot.sound]
info: Test/Program/LayerSharingContract.lean:197:0: Test.Program.LayerSharingContract.twice_prefix96: [propext, Quot.sound]
info: Test/Program/LayerSharingContract.lean:197:0: Test.Program.LayerSharingContract.once_prefix190: [propext, Quot.sound]
info: Test/Program/LayerSharingContract.lean:197:0: Test.Program.LayerSharingContract.once_s156: [propext, Quot.sound]
info: Test/Program/LayerSharingContract.lean:197:0: Test.Program.LayerSharingContract.twice_s194_eq: [propext, Quot.sound]
info: Test/Program/LayerSharingContract.lean:197:0: Test.Program.LayerSharingContract.once_s203_eq: [propext, Quot.sound]
info: Test/Program/LayerSharingContract.lean:197:0: Test.Program.LayerSharingContract.once_s161: [propext, Quot.sound]
info: Test/Program/LayerSharingContract.lean:197:0: Test.Program.LayerSharingContract.once_s23: [propext, Quot.sound]
info: Test/Program/LayerSharingContract.lean:197:0: Test.Program.LayerSharingContract.twice_s182: [propext, Quot.sound]
info: Test/Program/LayerSharingContract.lean:197:0: Test.Program.LayerSharingContract.twice_s80_eq: [propext, Quot.sound]
info: Test/Program/LayerSharingContract.lean:197:0: Test.Program.LayerSharingContract.twice_s262_eq: [propext, Quot.sound]
info: Test/Program/LayerSharingContract.lean:197:0: Test.Program.LayerSharingContract.twice_s163: [propext, Quot.sound]
info: Test/Program/LayerSharingContract.lean:197:0: Test.Program.LayerSharingContract.twice_s120: [propext, Quot.sound]
info: Test/Program/LayerSharingContract.lean:197:0: Test.Program.LayerSharingContract.twice_prefix45: [propext, Quot.sound]
info: Test/Program/LayerSharingContract.lean:197:0: Test.Program.LayerSharingContract.twice_s25_eq: [propext, Quot.sound]
info: Test/Program/LayerSharingContract.lean:197:0: Test.Program.LayerSharingContract.once_s75: [propext, Quot.sound]
info: Test/Program/LayerSharingContract.lean:197:0: Test.Program.LayerSharingContract.once_s130_eq: [propext, Quot.sound]
info: Test/Program/LayerSharingContract.lean:197:0: Test.Program.LayerSharingContract.twice_s4: []
info: Test/Program/LayerSharingContract.lean:197:0: Test.Program.LayerSharingContract.once_s204_eq: [propext, Quot.sound]
info: Test/Program/LayerSharingContract.lean:197:0: Test.Program.LayerSharingContract.twice_prefix190: [propext, Quot.sound]
info: Test/Program/LayerSharingContract.lean:197:0: Test.Program.LayerSharingContract.twice_s260_eq: [propext, Quot.sound]
info: Test/Program/LayerSharingContract.lean:197:0: Test.Program.LayerSharingContract.twice_s76_eq: [propext, Quot.sound]
info: Test/Program/LayerSharingContract.lean:197:0: Test.Program.LayerSharingContract.twice_prefix257: [propext, Quot.sound]
info: Test/Program/LayerSharingContract.lean:197:0: Test.Program.LayerSharingContract.twice_prefix191: [propext, Quot.sound]
info: Test/Program/LayerSharingContract.lean:197:0: Test.Program.LayerSharingContract.twice_s82: [propext, Quot.sound]
info: Test/Program/LayerSharingContract.lean:197:0: Test.Program.LayerSharingContract.once_s44: [propext, Quot.sound]
info: Test/Program/LayerSharingContract.lean:197:0: Test.Program.LayerSharingContract.once_prefix148: [propext, Quot.sound]
info: Test/Program/LayerSharingContract.lean:197:0: Test.Program.LayerSharingContract.twice_s222_eq: [propext, Quot.sound]
info: Test/Program/LayerSharingContract.lean:197:0: Test.Program.LayerSharingContract.twice_s201: [propext, Quot.sound]
info: Test/Program/LayerSharingContract.lean:197:0: Test.Program.LayerSharingContract.once_prefix142: [propext, Quot.sound]
info: Test/Program/LayerSharingContract.lean:197:0: Test.Program.LayerSharingContract.once_s37: [propext, Quot.sound]
info: Test/Program/LayerSharingContract.lean:197:0: Test.Program.LayerSharingContract.twice_s235_eq: [propext, Quot.sound]
info: Test/Program/LayerSharingContract.lean:197:0: Test.Program.LayerSharingContract.twice_s151: [propext, Quot.sound]
info: Test/Program/LayerSharingContract.lean:197:0: Test.Program.LayerSharingContract.once_s112_eq: [propext, Quot.sound]
info: Test/Program/LayerSharingContract.lean:197:0: Test.Program.LayerSharingContract.once_s139_eq: [propext, Quot.sound]
info: Test/Program/LayerSharingContract.lean:197:0: Effect4.Api.run.eq_1: [propext, Quot.sound]
info: Test/Program/LayerSharingContract.lean:197:0: Test.Program.LayerSharingContract.twice_s69_eq: [propext, Quot.sound]
info: Test/Program/LayerSharingContract.lean:197:0: Test.Program.LayerSharingContract.twice_prefix156: [propext, Quot.sound]
info: Test/Program/LayerSharingContract.lean:197:0: Test.Program.LayerSharingContract.twice_s48: [propext, Quot.sound]
info: Test/Program/LayerSharingContract.lean:197:0: Test.Program.LayerSharingContract.twice_s186: [propext, Quot.sound]
info: Test/Program/LayerSharingContract.lean:197:0: Test.Program.LayerSharingContract.once_s6_eq: [propext, Quot.sound]
info: Test/Program/LayerSharingContract.lean:197:0: Test.Program.LayerSharingContract.twice_s68: [propext, Quot.sound]
info: Test/Program/LayerSharingContract.lean:197:0: Test.Program.LayerSharingContract.twice_s146: [propext, Quot.sound]
info: Test/Program/LayerSharingContract.lean:197:0: Test.Program.LayerSharingContract.once_prefix64: [propext, Quot.sound]
info: Test/Program/LayerSharingContract.lean:197:0: Test.Program.LayerSharingContract.twice_s99: [propext, Quot.sound]
info: Test/Program/LayerSharingContract.lean:197:0: Test.Program.LayerSharingContract.once_s200_eq: [propext, Quot.sound]
info: Test/Program/LayerSharingContract.lean:197:0: Test.Program.LayerSharingContract.once_s7: []
info: Test/Program/LayerSharingContract.lean:197:0: Test.Program.LayerSharingContract.twice_s251: [propext, Quot.sound]
info: Test/Program/LayerSharingContract.lean:197:0: Test.Program.LayerSharingContract.once_s213: [propext, Quot.sound]
info: Test/Program/LayerSharingContract.lean:197:0: Test.Program.LayerSharingContract.once_s63_eq: [propext, Quot.sound]
info: Test/Program/LayerSharingContract.lean:197:0: Test.Program.LayerSharingContract.once_s197_eq: [propext, Quot.sound]
info: Test/Program/LayerSharingContract.lean:197:0: Test.Program.LayerSharingContract.once_s114_eq: [propext, Quot.sound]
info: Test/Program/LayerSharingContract.lean:197:0: Test.Program.LayerSharingContract.once_prefix79: [propext, Quot.sound]
info: Test/Program/LayerSharingContract.lean:197:0: Test.Program.LayerSharingContract.twice_prefix19: [propext, Quot.sound]
info: Test/Program/LayerSharingContract.lean:197:0: Test.Program.LayerSharingContract.twice_s125_eq: [propext, Quot.sound]
info: Test/Program/LayerSharingContract.lean:197:0: Test.Program.LayerSharingContract.twice_prefix131: [propext, Quot.sound]
info: Test/Program/LayerSharingContract.lean:197:0: Test.Program.LayerSharingContract.once_s210: [propext, Quot.sound]
info: Test/Program/LayerSharingContract.lean:197:0: Test.Program.LayerSharingContract.twice_prefix252: [propext, Quot.sound]
info: Test/Program/LayerSharingContract.lean:197:0: Test.Program.LayerSharingContract.once_prefix145: [propext, Quot.sound]
info: Test/Program/LayerSharingContract.lean:197:0: Test.Program.LayerSharingContract.once_prefix36: [propext, Quot.sound]
info: Test/Program/LayerSharingContract.lean:197:0: Test.Program.LayerSharingContract.once_s5_eq: [propext, Quot.sound]
info: Test/Program/LayerSharingContract.lean:197:0: Test.Program.LayerSharingContract.State: []
info: Test/Program/LayerSharingContract.lean:197:0: Test.Program.LayerSharingContract.once_s200: [propext, Quot.sound]
info: Test/Program/LayerSharingContract.lean:197:0: Test.Program.LayerSharingContract.once_prefix50: [propext, Quot.sound]
info: Test/Program/LayerSharingContract.lean:197:0: Test.Program.LayerSharingContract.twice_s14: [propext, Quot.sound]
info: Test/Program/LayerSharingContract.lean:197:0: Test.Program.LayerSharingContract.twice_s282_eq: [propext, Quot.sound]
info: Test/Program/LayerSharingContract.lean:197:0: Test.Program.LayerSharingContract.once_prefix166: [propext, Quot.sound]
info: Test/Program/LayerSharingContract.lean:197:0: Test.Program.LayerSharingContract.twice_s215: [propext, Quot.sound]
info: Test/Program/LayerSharingContract.lean:197:0: Test.Program.LayerSharingContract.twice_s266_eq: [propext, Quot.sound]
info: Test/Program/LayerSharingContract.lean:197:0: Test.Program.LayerSharingContract.twice_prefix33: [propext, Quot.sound]
info: Test/Program/LayerSharingContract.lean:197:0: Test.Program.LayerSharingContract.twice_prefix242: [propext, Quot.sound]
info: Test/Program/LayerSharingContract.lean:197:0: Test.Program.LayerSharingContract.twice_s178_eq: [propext, Quot.sound]
info: Test/Program/LayerSharingContract.lean:197:0: Test.Program.LayerSharingContract.once_s178_eq: [propext, Quot.sound]
info: Test/Program/LayerSharingContract.lean:197:0: Test.Program.LayerSharingContract.twice_s199: [propext, Quot.sound]
info: Test/Program/LayerSharingContract.lean:197:0: Test.Program.LayerSharingContract.once_s164_eq: [propext, Quot.sound]
info: Test/Program/LayerSharingContract.lean:197:0: Test.Program.LayerSharingContract.once_prefix201: [propext, Quot.sound]
info: Test/Program/LayerSharingContract.lean:197:0: Test.Program.LayerSharingContract.once_s49: [propext, Quot.sound]
info: Test/Program/LayerSharingContract.lean:197:0: Test.Program.LayerSharingContract.twice_s3: []
info: Test/Program/LayerSharingContract.lean:197:0: Test.Program.LayerSharingContract.once_s33: [propext, Quot.sound]
info: Test/Program/LayerSharingContract.lean:197:0: Test.Program.LayerSharingContract.once_prefix174: [propext, Quot.sound]
info: Test/Program/LayerSharingContract.lean:197:0: Test.Program.LayerSharingContract.twice_s178: [propext, Quot.sound]
info: Test/Program/LayerSharingContract.lean:197:0: Test.Program.LayerSharingContract.once_prefix71: [propext, Quot.sound]
info: Test/Program/LayerSharingContract.lean:197:0: Test.Program.LayerSharingContract.twice_prefix4: [propext, Quot.sound]
info: Test/Program/LayerSharingContract.lean:197:0: Test.Program.LayerSharingContract.once_s183: [propext, Quot.sound]
info: Test/Program/LayerSharingContract.lean:197:0: Test.Program.LayerSharingContract.twice_s187_eq: [propext, Quot.sound]
info: Test/Program/LayerSharingContract.lean:197:0: Test.Program.LayerSharingContract.once_prefix168: [propext, Quot.sound]
info: Test/Program/LayerSharingContract.lean:197:0: Test.Program.LayerSharingContract.once_s85_eq: [propext, Quot.sound]
info: Test/Program/LayerSharingContract.lean:197:0: Test.Program.LayerSharingContract.once_prefix96: [propext, Quot.sound]
info: Test/Program/LayerSharingContract.lean:197:0: Test.Program.LayerSharingContract.twice_s208_eq: [propext, Quot.sound]
info: Test/Program/LayerSharingContract.lean:197:0: Test.Program.LayerSharingContract.twice_s98: [propext, Quot.sound]
info: Test/Program/LayerSharingContract.lean:197:0: Test.Program.LayerSharingContract.twice_s210: [propext, Quot.sound]
info: Test/Program/LayerSharingContract.lean:197:0: Test.Program.LayerSharingContract.twice_s151_eq: [propext, Quot.sound]
info: Test/Program/LayerSharingContract.lean:197:0: Test.Program.LayerSharingContract.twice_s166: [propext, Quot.sound]
info: Test/Program/LayerSharingContract.lean:197:0: Test.Program.LayerSharingContract.once_s41: [propext, Quot.sound]
info: Test/Program/LayerSharingContract.lean:197:0: Test.Program.LayerSharingContract.twice_s207: [propext, Quot.sound]
info: Test/Program/LayerSharingContract.lean:197:0: Test.Program.LayerSharingContract.once_s138: [propext, Quot.sound]
info: Test/Program/LayerSharingContract.lean:197:0: Test.Program.LayerSharingContract.once_s106: [propext, Quot.sound]
info: Test/Program/LayerSharingContract.lean:197:0: Test.Program.LayerSharingContract.twice_s135: [propext, Quot.sound]
info: Test/Program/LayerSharingContract.lean:197:0: Test.Program.LayerSharingContract.once_prefix144: [propext, Quot.sound]
info: Test/Program/LayerSharingContract.lean:197:0: Test.Program.LayerSharingContract.once_prefix86: [propext, Quot.sound]
info: Test/Program/LayerSharingContract.lean:197:0: Test.Program.LayerSharingContract.once_s11_eq: [propext, Quot.sound]
info: Test/Program/LayerSharingContract.lean:197:0: Test.Program.LayerSharingContract.twice_prefix61: [propext, Quot.sound]
info: Test/Program/LayerSharingContract.lean:197:0: Test.Program.LayerSharingContract.once_s198: [propext, Quot.sound]
info: Test/Program/LayerSharingContract.lean:197:0: Test.Program.LayerSharingContract.twice_s211: [propext, Quot.sound]
info: Test/Program/LayerSharingContract.lean:197:0: Test.Program.LayerSharingContract.once_s196: [propext, Quot.sound]
info: Test/Program/LayerSharingContract.lean:197:0: Test.Program.LayerSharingContract.once_prefix65: [propext, Quot.sound]
info: Test/Program/LayerSharingContract.lean:197:0: Test.Program.LayerSharingContract.twice_s250_eq: [propext, Quot.sound]
info: Test/Program/LayerSharingContract.lean:197:0: Test.Program.LayerSharingContract.twice_prefix18: [propext, Quot.sound]
info: Test/Program/LayerSharingContract.lean:197:0: Test.Program.LayerSharingContract.once_s86: [propext, Quot.sound]
info: Test/Program/LayerSharingContract.lean:197:0: Test.Program.LayerSharingContract.twice_s279_eq: [propext, Quot.sound]
info: Test/Program/LayerSharingContract.lean:197:0: Test.Program.LayerSharingContract.twice_s7: []
info: Test/Program/LayerSharingContract.lean:197:0: Test.Program.LayerSharingContract.once_s17_eq: [propext, Quot.sound]
info: Test/Program/LayerSharingContract.lean:197:0: Test.Program.LayerSharingContract.once_prefix1: [propext, Quot.sound]
info: Test/Program/LayerSharingContract.lean:197:0: Test.Program.LayerSharingContract.twice_prefix85: [propext, Quot.sound]
info: Test/Program/LayerSharingContract.lean:197:0: Test.Program.LayerSharingContract.once_prefix171: [propext, Quot.sound]
info: Test/Program/LayerSharingContract.lean:197:0: Test.Program.LayerSharingContract.once_s145_eq: [propext, Quot.sound]
info: Test/Program/LayerSharingContract.lean:197:0: Test.Program.LayerSharingContract.once_prefix199: [propext, Quot.sound]
info: Test/Program/LayerSharingContract.lean:197:0: Test.Program.LayerSharingContract.once_prefix117: [propext, Quot.sound]
info: Test/Program/LayerSharingContract.lean:197:0: Test.Program.LayerSharingContract.twice_s72: [propext, Quot.sound]
info: Test/Program/LayerSharingContract.lean:197:0: Test.Program.LayerSharingContract.twice_prefix290: [propext, Quot.sound]
info: Test/Program/LayerSharingContract.lean:197:0: Test.Program.LayerSharingContract.twice_s190_eq: [propext, Quot.sound]
info: Test/Program/LayerSharingContract.lean:197:0: Test.Program.LayerSharingContract.twice_s17_eq: [propext, Quot.sound]
info: Test/Program/LayerSharingContract.lean:197:0: Test.Program.LayerSharingContract.twice_s275: [propext, Quot.sound]
info: Test/Program/LayerSharingContract.lean:197:0: Test.Program.LayerSharingContract.twice_prefix189: [propext, Quot.sound]
info: Test/Program/LayerSharingContract.lean:197:0: Test.Program.LayerSharingContract.twice_s171_eq: [propext, Quot.sound]
info: Test/Program/LayerSharingContract.lean:197:0: Test.Program.LayerSharingContract.once_s166_eq: [propext, Quot.sound]
info: Test/Program/LayerSharingContract.lean:197:0: Test.Program.LayerSharingContract.once_s129_eq: [propext, Quot.sound]
info: Test/Program/LayerSharingContract.lean:197:0: Test.Program.LayerSharingContract.twice_s245_eq: [propext, Quot.sound]
info: Test/Program/LayerSharingContract.lean:197:0: Test.Program.LayerSharingContract.once_s216: [propext, Quot.sound]
info: Test/Program/LayerSharingContract.lean:197:0: Test.Program.LayerSharingContract.twice_prefix216: [propext, Quot.sound]
info: Test/Program/LayerSharingContract.lean:197:0: Test.Program.LayerSharingContract.twice_s44_eq: [propext, Quot.sound]
info: Test/Program/LayerSharingContract.lean:197:0: Test.Program.LayerSharingContract.twice_s255_eq: [propext, Quot.sound]
info: Test/Program/LayerSharingContract.lean:197:0: Test.Program.LayerSharingContract.twice_s282: [propext, Quot.sound]
info: Test/Program/LayerSharingContract.lean:197:0: Test.Program.LayerSharingContract.twice_prefix53: [propext, Quot.sound]
info: Test/Program/LayerSharingContract.lean:197:0: Test.Program.LayerSharingContract.twice_s158_eq: [propext, Quot.sound]
info: Test/Program/LayerSharingContract.lean:197:0: Test.Program.LayerSharingContract.once_prefix70: [propext, Quot.sound]
info: Test/Program/LayerSharingContract.lean:197:0: Test.Program.LayerSharingContract.twice_s46_eq: [propext, Quot.sound]
info: Test/Program/LayerSharingContract.lean:197:0: Test.Program.LayerSharingContract.once_prefix139: [propext, Quot.sound]
info: Test/Program/LayerSharingContract.lean:197:0: Test.Program.LayerSharingContract.once_s61_eq: [propext, Quot.sound]
info: Test/Program/LayerSharingContract.lean:197:0: Test.Program.LayerSharingContract.twice_s280_eq: [propext, Quot.sound]
info: Test/Program/LayerSharingContract.lean:197:0: Test.Program.LayerSharingContract.twice_s260: [propext, Quot.sound]
info: Test/Program/LayerSharingContract.lean:197:0: Test.Program.LayerSharingContract.once_s51_eq: [propext, Quot.sound]
info: Test/Program/LayerSharingContract.lean:197:0: Test.Program.LayerSharingContract.twice_s188_eq: [propext, Quot.sound]
info: Test/Program/LayerSharingContract.lean:197:0: Test.Program.LayerSharingContract.twice_s132: [propext, Quot.sound]
info: Test/Program/LayerSharingContract.lean:197:0: Test.Program.LayerSharingContract.twice_prefix150: [propext, Quot.sound]
info: Test/Program/LayerSharingContract.lean:197:0: Test.Program.LayerSharingContract.twice_s167_eq: [propext, Quot.sound]
info: Test/Program/LayerSharingContract.lean:197:0: Test.Program.LayerSharingContract.once_s113: [propext, Quot.sound]
info: Test/Program/LayerSharingContract.lean:197:0: Test.Program.LayerSharingContract.twice_prefix29: [propext, Quot.sound]
info: Test/Program/LayerSharingContract.lean:197:0: Test.Program.LayerSharingContract.once_s130: [propext, Quot.sound]
info: Test/Program/LayerSharingContract.lean:197:0: Test.Program.LayerSharingContract.once_prefix135: [propext, Quot.sound]
info: Test/Program/LayerSharingContract.lean:197:0: Test.Program.LayerSharingContract.twice_prefix209: [propext, Quot.sound]
info: Test/Program/LayerSharingContract.lean:197:0: Test.Program.LayerSharingContract.once_prefix67: [propext, Quot.sound]
info: Test/Program/LayerSharingContract.lean:197:0: Test.Program.LayerSharingContract.twice_prefix38: [propext, Quot.sound]
info: Test/Program/LayerSharingContract.lean:197:0: Test.Program.LayerSharingContract.twice_prefix250: [propext, Quot.sound]
info: Test/Program/LayerSharingContract.lean:197:0: Test.Program.LayerSharingContract.twice_s131: [propext, Quot.sound]
info: Test/Program/LayerSharingContract.lean:197:0: Test.Program.LayerSharingContract.twice_prefix31: [propext, Quot.sound]
info: Test/Program/LayerSharingContract.lean:197:0: Test.Program.LayerSharingContract.once_prefix183: [propext, Quot.sound]
info: Test/Program/LayerSharingContract.lean:197:0: Test.Program.LayerSharingContract.twice_s105: [propext, Quot.sound]
info: Test/Program/LayerSharingContract.lean:197:0: Test.Program.LayerSharingContract.once_commands_done: [propext, Quot.sound]
info: Test/Program/LayerSharingContract.lean:197:0: Test.Program.LayerSharingContract.once_prefix126: [propext, Quot.sound]
info: Test/Program/LayerSharingContract.lean:197:0: Test.Program.LayerSharingContract.twice_s69: [propext, Quot.sound]
info: Test/Program/LayerSharingContract.lean:197:0: Test.Program.LayerSharingContract.once_s50: [propext, Quot.sound]
info: Test/Program/LayerSharingContract.lean:197:0: Test.Program.LayerSharingContract.twice_s36: [propext, Quot.sound]
info: Test/Program/LayerSharingContract.lean:197:0: Test.Program.LayerSharingContract.twice_s292_eq: [propext, Quot.sound]
info: Test/Program/LayerSharingContract.lean:197:0: Test.Program.LayerSharingContract.twice_s181_eq: [propext, Quot.sound]
info: Test/Program/LayerSharingContract.lean:197:0: Test.Program.LayerSharingContract.twice_s79: [propext, Quot.sound]
info: Test/Program/LayerSharingContract.lean:197:0: Test.Program.LayerSharingContract.once_prefix182: [propext, Quot.sound]
info: Test/Program/LayerSharingContract.lean:197:0: Test.Program.LayerSharingContract.twice_prefix275: [propext, Quot.sound]
info: Test/Program/LayerSharingContract.lean:197:0: Test.Program.LayerSharingContract.twice_prefix135: [propext, Quot.sound]
info: Test/Program/LayerSharingContract.lean:197:0: Test.Program.LayerSharingContract.once_s155: [propext, Quot.sound]
info: Test/Program/LayerSharingContract.lean:197:0: Test.Program.LayerSharingContract.once_s33_eq: [propext, Quot.sound]
info: Test/Program/LayerSharingContract.lean:197:0: Test.Program.LayerSharingContract.once_prefix202: [propext, Quot.sound]
info: Test/Program/LayerSharingContract.lean:197:0: Test.Program.LayerSharingContract.twice_s48_eq: [propext, Quot.sound]
info: Test/Program/LayerSharingContract.lean:197:0: Test.Program.LayerSharingContract.once_s206_eq: [propext, Quot.sound]
info: Test/Program/LayerSharingContract.lean:197:0: Test.Program.LayerSharingContract.twice_s293_eq: [propext, Quot.sound]
info: Test/Program/LayerSharingContract.lean:197:0: Test.Program.LayerSharingContract.twice_s19: [propext, Quot.sound]
info: Test/Program/LayerSharingContract.lean:197:0: Test.Program.LayerSharingContract.twice_s247: [propext, Quot.sound]
info: Test/Program/LayerSharingContract.lean:197:0: Test.Program.LayerSharingContract.twice_s163_eq: [propext, Quot.sound]
info: Test/Program/LayerSharingContract.lean:197:0: Test.Program.LayerSharingContract.twice_s140: [propext, Quot.sound]
info: Test/Program/LayerSharingContract.lean:197:0: Test.Program.LayerSharingContract.once_prefix204: [propext, Quot.sound]
info: Test/Program/LayerSharingContract.lean:197:0: Test.Program.LayerSharingContract.twice_prefix54: [propext, Quot.sound]
info: Test/Program/LayerSharingContract.lean:197:0: Test.Program.LayerSharingContract.once_s46_eq: [propext, Quot.sound]
info: Test/Program/LayerSharingContract.lean:197:0: Test.Program.LayerSharingContract.twice_prefix74: [propext, Quot.sound]
info: Test/Program/LayerSharingContract.lean:197:0: Test.Program.LayerSharingContract.twice_s29_eq: [propext, Quot.sound]
info: Test/Program/LayerSharingContract.lean:197:0: Test.Program.LayerSharingContract.once_prefix179: [propext, Quot.sound]
info: Test/Program/LayerSharingContract.lean:197:0: Test.Program.LayerSharingContract.twice_prefix48: [propext, Quot.sound]
info: Test/Program/LayerSharingContract.lean:197:0: Test.Program.LayerSharingContract.twice_s137_eq: [propext, Quot.sound]
info: Test/Program/LayerSharingContract.lean:197:0: Test.Program.LayerSharingContract.twice_s243_eq: [propext, Quot.sound]
info: Test/Program/LayerSharingContract.lean:197:0: Test.Program.LayerSharingContract.twice_s116: [propext, Quot.sound]
info: Test/Program/LayerSharingContract.lean:197:0: Test.Program.LayerSharingContract.twice_s92_eq: [propext, Quot.sound]
info: Test/Program/LayerSharingContract.lean:197:0: Test.Program.LayerSharingContract.once_s112: [propext, Quot.sound]
info: Test/Program/LayerSharingContract.lean:197:0: Test.Program.LayerSharingContract.twice_s229_eq: [propext, Quot.sound]
info: Test/Program/LayerSharingContract.lean:197:0: Test.Program.LayerSharingContract.twice_s213_eq: [propext, Quot.sound]
info: Test/Program/LayerSharingContract.lean:197:0: Test.Program.LayerSharingContract.twice_s278: [propext, Quot.sound]
info: Test/Program/LayerSharingContract.lean:197:0: Test.Program.LayerSharingContract.twice_s36_eq: [propext, Quot.sound]
info: Test/Program/LayerSharingContract.lean:197:0: Test.Program.LayerSharingContract.twice_s288: [propext, Quot.sound]
info: Test/Program/LayerSharingContract.lean:197:0: Test.Program.LayerSharingContract.once_s107_eq: [propext, Quot.sound]
info: Test/Program/LayerSharingContract.lean:197:0: Test.Program.LayerSharingContract.once_s64: [propext, Quot.sound]
info: Test/Program/LayerSharingContract.lean:197:0: Test.Program.LayerSharingContract.twice_s45_eq: [propext, Quot.sound]
info: Test/Program/LayerSharingContract.lean:197:0: Test.Program.LayerSharingContract.once_prefix160: [propext, Quot.sound]
info: Test/Program/LayerSharingContract.lean:197:0: Test.Program.LayerSharingContract.once_prefix13: [propext, Quot.sound]
info: Test/Program/LayerSharingContract.lean:197:0: Test.Program.LayerSharingContract.once_s165: [propext, Quot.sound]
info: Test/Program/LayerSharingContract.lean:197:0: Test.Program.LayerSharingContract.twice_s196_eq: [propext, Quot.sound]
info: Test/Program/LayerSharingContract.lean:197:0: Test.Program.LayerSharingContract.twice_s175: [propext, Quot.sound]
info: Test/Program/LayerSharingContract.lean:197:0: Test.Program.LayerSharingContract.once_prefix108: [propext, Quot.sound]
info: Test/Program/LayerSharingContract.lean:197:0: Test.Program.LayerSharingContract.twice_prefix184: [propext, Quot.sound]
info: Test/Program/LayerSharingContract.lean:197:0: Test.Program.LayerSharingContract.once_s93_eq: [propext, Quot.sound]
info: Test/Program/LayerSharingContract.lean:197:0: Test.Program.LayerSharingContract.twice_s131_eq: [propext, Quot.sound]
info: Test/Program/LayerSharingContract.lean:197:0: Test.Program.LayerSharingContract.twice_s281: [propext, Quot.sound]
info: Test/Program/LayerSharingContract.lean:197:0: Test.Program.LayerSharingContract.once_s189: [propext, Quot.sound]
info: Test/Program/LayerSharingContract.lean:197:0: Test.Program.LayerSharingContract.once_s202: [propext, Quot.sound]
info: Test/Program/LayerSharingContract.lean:197:0: Test.Program.LayerSharingContract.once_prefix23: [propext, Quot.sound]
info: Test/Program/LayerSharingContract.lean:197:0: Test.Program.LayerSharingContract.twice_s6_eq: [propext, Quot.sound]
info: Test/Program/LayerSharingContract.lean:197:0: Test.Program.LayerSharingContract.once_s95_eq: [propext, Quot.sound]
info: Test/Program/LayerSharingContract.lean:197:0: Test.Program.LayerSharingContract.twice_s18_eq: [propext, Quot.sound]
info: Test/Program/LayerSharingContract.lean:197:0: Test.Program.LayerSharingContract.once_s108: [propext, Quot.sound]
info: Test/Program/LayerSharingContract.lean:197:0: Test.Program.LayerSharingContract.twice_prefix20: [propext, Quot.sound]
info: Test/Program/LayerSharingContract.lean:197:0: Test.Program.LayerSharingContract.twice_s211_eq: [propext, Quot.sound]
info: Test/Program/LayerSharingContract.lean:197:0: Test.Program.LayerSharingContract.twice_s85: [propext, Quot.sound]
info: Test/Program/LayerSharingContract.lean:197:0: Test.Program.LayerSharingContract.twice_s224_eq: [propext, Quot.sound]
info: Test/Program/LayerSharingContract.lean:197:0: Test.Program.LayerSharingContract.twice_s90: [propext, Quot.sound]
info: Test/Program/LayerSharingContract.lean:197:0: Test.Program.LayerSharingContract.twice_prefix80: [propext, Quot.sound]
info: Test/Program/LayerSharingContract.lean:197:0: Test.Program.LayerSharingContract.twice_s264: [propext, Quot.sound]
info: Test/Program/LayerSharingContract.lean:197:0: Test.Program.LayerSharingContract.twice_s102_eq: [propext, Quot.sound]
info: Test/Program/LayerSharingContract.lean:197:0: Test.Program.LayerSharingContract.once_s47_eq: [propext, Quot.sound]
info: Test/Program/LayerSharingContract.lean:197:0: Test.Program.LayerSharingContract.twice_prefix204: [propext, Quot.sound]
info: Test/Program/LayerSharingContract.lean:197:0: Test.Program.LayerSharingContract.twice_s44: [propext, Quot.sound]
info: Test/Program/LayerSharingContract.lean:197:0: Test.Program.LayerSharingContract.once_prefix208: [propext, Quot.sound]
info: Test/Program/LayerSharingContract.lean:197:0: Test.Program.LayerSharingContract.twice_s160_eq: [propext, Quot.sound]
info: Test/Program/LayerSharingContract.lean:197:0: Test.Program.LayerSharingContract.once_s135_eq: [propext, Quot.sound]
info: Test/Program/LayerSharingContract.lean:197:0: Test.Program.LayerSharingContract.once_prefix5: [propext, Quot.sound]
info: Test/Program/LayerSharingContract.lean:197:0: Test.Program.LayerSharingContract.once_s171: [propext, Quot.sound]
info: Test/Program/LayerSharingContract.lean:197:0: Test.Program.LayerSharingContract.once_s15_eq: [propext, Quot.sound]
info: Test/Program/LayerSharingContract.lean:197:0: Test.Program.LayerSharingContract.twice_prefix274: [propext, Quot.sound]
info: Test/Program/LayerSharingContract.lean:197:0: Test.Program.LayerSharingContract.twice_prefix94: [propext, Quot.sound]
info: Test/Program/LayerSharingContract.lean:197:0: Test.Program.LayerSharingContract.twice_s87: [propext, Quot.sound]
info: Test/Program/LayerSharingContract.lean:197:0: Test.Program.LayerSharingContract.once_s191: [propext, Quot.sound]
info: Test/Program/LayerSharingContract.lean:197:0: Test.Program.LayerSharingContract.twice_s115_eq: [propext, Quot.sound]
info: Test/Program/LayerSharingContract.lean:197:0: Test.Program.LayerSharingContract.once_s18_eq: [propext, Quot.sound]
info: Test/Program/LayerSharingContract.lean:197:0: Test.Program.LayerSharingContract.twice_s45: [propext, Quot.sound]
info: Test/Program/LayerSharingContract.lean:197:0: Test.Program.LayerSharingContract.once_prefix215: [propext, Quot.sound]
info: Test/Program/LayerSharingContract.lean:197:0: Test.Program.LayerSharingContract.once_s184: [propext, Quot.sound]
info: Test/Program/LayerSharingContract.lean:197:0: Test.Program.LayerSharingContract.twice_s5: []
info: Test/Program/LayerSharingContract.lean:197:0: Test.Program.LayerSharingContract.once_prefix47: [propext, Quot.sound]
info: Test/Program/LayerSharingContract.lean:197:0: Test.Program.LayerSharingContract.twice_s35: [propext, Quot.sound]
info: Test/Program/LayerSharingContract.lean:197:0: Test.Program.LayerSharingContract.twice_s2: []
info: Test/Program/LayerSharingContract.lean:197:0: Test.Program.LayerSharingContract.once_s41_eq: [propext, Quot.sound]
info: Test/Program/LayerSharingContract.lean:197:0: Test.Program.LayerSharingContract.layerCount: []
info: Test/Program/LayerSharingContract.lean:197:0: Test.Program.LayerSharingContract.twice_s122: [propext, Quot.sound]
info: Test/Program/LayerSharingContract.lean:197:0: Test.Program.LayerSharingContract.twice_prefix148: [propext, Quot.sound]
info: Test/Program/LayerSharingContract.lean:197:0: Test.Program.LayerSharingContract.twice_prefix56: [propext, Quot.sound]
info: Test/Program/LayerSharingContract.lean:197:0: Test.Program.LayerSharingContract.once_prefix153: [propext, Quot.sound]
info: Test/Program/LayerSharingContract.lean:197:0: Test.Program.LayerSharingContract.once_s127: [propext, Quot.sound]
info: Test/Program/LayerSharingContract.lean:197:0: Test.Program.LayerSharingContract.twice_s147_eq: [propext, Quot.sound]
info: Test/Program/LayerSharingContract.lean:197:0: Test.Program.LayerSharingContract.twice_s234_eq: [propext, Quot.sound]
info: Test/Program/LayerSharingContract.lean:197:0: Test.Program.LayerSharingContract.twice_s126: [propext, Quot.sound]
info: Test/Program/LayerSharingContract.lean:197:0: Test.Program.LayerSharingContract.once_s30: [propext, Quot.sound]
info: Test/Program/LayerSharingContract.lean:197:0: Test.Program.LayerSharingContract.once_prefix159: [propext, Quot.sound]
info: Test/Program/LayerSharingContract.lean:197:0: Test.Program.LayerSharingContract.twice_prefix70: [propext, Quot.sound]
info: Test/Program/LayerSharingContract.lean:197:0: Test.Program.LayerSharingContract.once_s94: [propext, Quot.sound]
info: Test/Program/LayerSharingContract.lean:197:0: Test.Program.LayerSharingContract.once_s27: [propext, Quot.sound]
info: Test/Program/LayerSharingContract.lean:197:0: Test.Program.LayerSharingContract.once_s216_eq: [propext, Quot.sound]
info: Test/Program/LayerSharingContract.lean:197:0: Test.Program.LayerSharingContract.once_s66: [propext, Quot.sound]
info: Test/Program/LayerSharingContract.lean:197:0: Test.Program.LayerSharingContract.once_s14: [propext, Quot.sound]
info: Test/Program/LayerSharingContract.lean:197:0: Test.Program.LayerSharingContract.twice_s298: [propext, Quot.sound]
info: Test/Program/LayerSharingContract.lean:197:0: Test.Program.LayerSharingContract.once_s167_eq: [propext, Quot.sound]
info: Test/Program/LayerSharingContract.lean:197:0: Test.Program.LayerSharingContract.twice_s61_eq: [propext, Quot.sound]
info: Test/Program/LayerSharingContract.lean:197:0: Test.Program.LayerSharingContract.twice_prefix84: [propext, Quot.sound]
info: Test/Program/LayerSharingContract.lean:197:0: Test.Program.LayerSharingContract.once_prefix186: [propext, Quot.sound]
info: Test/Program/LayerSharingContract.lean:197:0: Test.Program.LayerSharingContract.twice_s228: [propext, Quot.sound]
info: Test/Program/LayerSharingContract.lean:197:0: Test.Program.LayerSharingContract.twice_s221_eq: [propext, Quot.sound]
info: Test/Program/LayerSharingContract.lean:197:0: Test.Program.LayerSharingContract.once_s80_eq: [propext, Quot.sound]
info: Test/Program/LayerSharingContract.lean:197:0: Test.Program.LayerSharingContract.twice_prefix221: [propext, Quot.sound]
info: Test/Program/LayerSharingContract.lean:197:0: Test.Program.LayerSharingContract.twice_prefix218: [propext, Quot.sound]
info: Test/Program/LayerSharingContract.lean:197:0: Test.Program.LayerSharingContract.once_s183_eq: [propext, Quot.sound]
info: Test/Program/LayerSharingContract.lean:197:0: Test.Program.LayerSharingContract.twice_s235: [propext, Quot.sound]
info: Test/Program/LayerSharingContract.lean:197:0: Test.Program.LayerSharingContract.once_s28: [propext, Quot.sound]
info: Test/Program/LayerSharingContract.lean:197:0: Test.Program.LayerSharingContract.once_s93: [propext, Quot.sound]
info: Test/Program/LayerSharingContract.lean:197:0: Test.Program.LayerSharingContract.twice_s216: [propext, Quot.sound]
info: Test/Program/LayerSharingContract.lean:197:0: Test.Program.LayerSharingContract.twice_s34: [propext, Quot.sound]
info: Test/Program/LayerSharingContract.lean:197:0: Test.Program.LayerSharingContract.once_s77: [propext, Quot.sound]
info: Test/Program/LayerSharingContract.lean:197:0: Test.Program.LayerSharingContract.twice_s239: [propext, Quot.sound]
info: Test/Program/LayerSharingContract.lean:197:0: Test.Program.LayerSharingContract.twice_s114: [propext, Quot.sound]
info: Test/Program/LayerSharingContract.lean:197:0: Test.Program.LayerSharingContract.once_prefix197: [propext, Quot.sound]
info: Test/Program/LayerSharingContract.lean:197:0: Test.Program.LayerSharingContract.once_prefix89: [propext, Quot.sound]
info: Test/Program/LayerSharingContract.lean:197:0: Test.Program.LayerSharingContract.once_s190_eq: [propext, Quot.sound]
info: Test/Program/LayerSharingContract.lean:197:0: Test.Program.LayerSharingContract.twice_s287_eq: [propext, Quot.sound]
info: Test/Program/LayerSharingContract.lean:197:0: Test.Program.LayerSharingContract.once_s199: [propext, Quot.sound]
info: Test/Program/LayerSharingContract.lean:197:0: Test.Program.LayerSharingContract.twice_s13_eq: [propext, Quot.sound]
info: Test/Program/LayerSharingContract.lean:197:0: Test.Program.LayerSharingContract.twice_s286: [propext, Quot.sound]
info: Test/Program/LayerSharingContract.lean:197:0: Test.Program.LayerSharingContract.twice_prefix193: [propext, Quot.sound]
info: Test/Program/LayerSharingContract.lean:197:0: Test.Program.LayerSharingContract.once_s78_eq: [propext, Quot.sound]
info: Test/Program/LayerSharingContract.lean:197:0: Test.Program.LayerSharingContract.once_prefix63: [propext, Quot.sound]
info: Test/Program/LayerSharingContract.lean:197:0: Test.Program.LayerSharingContract.twice_s73: [propext, Quot.sound]
info: Test/Program/LayerSharingContract.lean:197:0: Test.Program.LayerSharingContract.once_s110: [propext, Quot.sound]
info: Test/Program/LayerSharingContract.lean:197:0: Test.Program.LayerSharingContract.twice_s246: [propext, Quot.sound]
info: Test/Program/LayerSharingContract.lean:197:0: Test.Program.LayerSharingContract.twice_prefix66: [propext, Quot.sound]
info: Test/Program/LayerSharingContract.lean:197:0: Test.Program.LayerSharingContract.once_prefix127: [propext, Quot.sound]
info: Test/Program/LayerSharingContract.lean:197:0: Test.Program.LayerSharingContract.once_prefix20: [propext, Quot.sound]
info: Test/Program/LayerSharingContract.lean:197:0: Test.Program.LayerSharingContract.twice_s52_eq: [propext, Quot.sound]
info: Test/Program/LayerSharingContract.lean:197:0: Test.Program.LayerSharingContract.once_prefix163: [propext, Quot.sound]
info: Test/Program/LayerSharingContract.lean:197:0: Test.Program.LayerSharingContract.twice_s124: [propext, Quot.sound]
info: Test/Program/LayerSharingContract.lean:197:0: Test.Program.LayerSharingContract.once_s82: [propext, Quot.sound]
info: Test/Program/LayerSharingContract.lean:197:0: Test.Program.LayerSharingContract.once_s52: [propext, Quot.sound]
info: Test/Program/LayerSharingContract.lean:197:0: Test.Program.LayerSharingContract.once_s164: [propext, Quot.sound]
info: Test/Program/LayerSharingContract.lean:197:0: Test.Program.LayerSharingContract.twice_s203_eq: [propext, Quot.sound]
info: Test/Program/LayerSharingContract.lean:197:0: Test.Program.LayerSharingContract.once_s194: [propext, Quot.sound]
info: Test/Program/LayerSharingContract.lean:197:0: Test.Program.LayerSharingContract.once_s159_eq: [propext, Quot.sound]
info: Test/Program/LayerSharingContract.lean:197:0: Test.Program.LayerSharingContract.once_s195: [propext, Quot.sound]
info: Test/Program/LayerSharingContract.lean:197:0: Test.Program.LayerSharingContract.once_s179_eq: [propext, Quot.sound]
info: Test/Program/LayerSharingContract.lean:197:0: Test.Program.LayerSharingContract.twice_prefix248: [propext, Quot.sound]
info: Test/Program/LayerSharingContract.lean:197:0: Test.Program.LayerSharingContract.once_s118_eq: [propext, Quot.sound]
info: Test/Program/LayerSharingContract.lean:197:0: Test.Program.LayerSharingContract.twice_s121: [propext, Quot.sound]
info: Test/Program/LayerSharingContract.lean:197:0: Test.Program.LayerSharingContract.once_prefix210: [propext, Quot.sound]
info: Test/Program/LayerSharingContract.lean:197:0: Test.Program.LayerSharingContract.twice_s29: [propext, Quot.sound]
info: Test/Program/LayerSharingContract.lean:197:0: Test.Program.LayerSharingContract.once_s189_eq: [propext, Quot.sound]
info: Test/Program/LayerSharingContract.lean:197:0: Test.Program.LayerSharingContract.twice_s222: [propext, Quot.sound]
info: Test/Program/LayerSharingContract.lean:197:0: Test.Program.LayerSharingContract.twice_s170_eq: [propext, Quot.sound]
info: Test/Program/LayerSharingContract.lean:197:0: Test.Program.LayerSharingContract.twice_prefix75: [propext, Quot.sound]
info: Test/Program/LayerSharingContract.lean:197:0: Test.Program.LayerSharingContract.once_s102: [propext, Quot.sound]
info: Test/Program/LayerSharingContract.lean:197:0: Test.Program.LayerSharingContract.twice_s91: [propext, Quot.sound]
info: Test/Program/LayerSharingContract.lean:197:0: Test.Program.LayerSharingContract.twice_s47: [propext, Quot.sound]
info: Test/Program/LayerSharingContract.lean:197:0: Test.Program.LayerSharingContract.once_prefix7: [propext, Quot.sound]
info: Test/Program/LayerSharingContract.lean:197:0: Test.Program.LayerSharingContract.once_prefix152: [propext, Quot.sound]
info: Test/Program/LayerSharingContract.lean:197:0: Test.Program.LayerSharingContract.once_prefix129: [propext, Quot.sound]
info: Test/Program/LayerSharingContract.lean:197:0: Test.Program.LayerSharingContract.once_s85: [propext, Quot.sound]
info: Test/Program/LayerSharingContract.lean:197:0: Test.Program.LayerSharingContract.twice_s137: [propext, Quot.sound]
info: Test/Program/LayerSharingContract.lean:197:0: Test.Program.LayerSharingContract.once_s182_eq: [propext, Quot.sound]
info: Test/Program/LayerSharingContract.lean:197:0: Test.Program.LayerSharingContract.twice_prefix256: [propext, Quot.sound]
info: Test/Program/LayerSharingContract.lean:197:0: Test.Program.LayerSharingContract.twice_s17: [propext, Quot.sound]
info: Test/Program/LayerSharingContract.lean:197:0: Test.Program.LayerSharingContract.once_prefix128: [propext, Quot.sound]
info: Test/Program/LayerSharingContract.lean:197:0: Test.Program.LayerSharingContract.twice_prefix159: [propext, Quot.sound]
info: Test/Program/LayerSharingContract.lean:197:0: Test.Program.LayerSharingContract.once_s144_eq: [propext, Quot.sound]
info: Test/Program/LayerSharingContract.lean:197:0: Test.Program.LayerSharingContract.once_s76: [propext, Quot.sound]
info: Test/Program/LayerSharingContract.lean:197:0: Test.Program.LayerSharingContract.once_s58: [propext, Quot.sound]
info: Test/Program/LayerSharingContract.lean:197:0: Test.Program.LayerSharingContract.twice_prefix117: [propext, Quot.sound]
info: Test/Program/LayerSharingContract.lean:197:0: Test.Program.LayerSharingContract.twice_prefix228: [propext, Quot.sound]
info: Test/Program/LayerSharingContract.lean:197:0: Test.Program.LayerSharingContract.twice_s265_eq: [propext, Quot.sound]
info: Test/Program/LayerSharingContract.lean:197:0: Test.Program.LayerSharingContract.twice_s5_eq: [propext, Quot.sound]
info: Test/Program/LayerSharingContract.lean:197:0: Test.Program.LayerSharingContract.twice_s22_eq: [propext, Quot.sound]
info: Test/Program/LayerSharingContract.lean:197:0: Test.Program.LayerSharingContract.twice_prefix42: [propext, Quot.sound]
info: Test/Program/LayerSharingContract.lean:197:0: Test.Program.LayerSharingContract.once_s88: [propext, Quot.sound]
info: Test/Program/LayerSharingContract.lean:197:0: Test.Program.LayerSharingContract.twice_prefix60: [propext, Quot.sound]
info: Test/Program/LayerSharingContract.lean:197:0: Test.Program.LayerSharingContract.twice_s60: [propext, Quot.sound]
info: Test/Program/LayerSharingContract.lean:197:0: Test.Program.LayerSharingContract.twice_s236_eq: [propext, Quot.sound]
info: Test/Program/LayerSharingContract.lean:197:0: Test.Program.LayerSharingContract.twice_s77: [propext, Quot.sound]
info: Test/Program/LayerSharingContract.lean:197:0: Test.Program.LayerSharingContract.twice_s65: [propext, Quot.sound]
info: Test/Program/LayerSharingContract.lean:197:0: Test.Program.LayerSharingContract.once_s194_eq: [propext, Quot.sound]
info: Test/Program/LayerSharingContract.lean:197:0: Test.Program.LayerSharingContract.twice_s253_eq: [propext, Quot.sound]
info: Test/Program/LayerSharingContract.lean:197:0: Test.Program.LayerSharingContract.twice_s51: [propext, Quot.sound]
info: Test/Program/LayerSharingContract.lean:197:0: Test.Program.LayerSharingContract.once_s42_eq: [propext, Quot.sound]
info: Test/Program/LayerSharingContract.lean:197:0: Test.Program.LayerSharingContract.once_prefix93: [propext, Quot.sound]
info: Test/Program/LayerSharingContract.lean:197:0: Test.Program.LayerSharingContract.once_prefix147: [propext, Quot.sound]
info: Test/Program/LayerSharingContract.lean:197:0: Test.Program.LayerSharingContract.twice_s0: []
info: Test/Program/LayerSharingContract.lean:197:0: Test.Program.LayerSharingContract.once_s91: [propext, Quot.sound]
info: Test/Program/LayerSharingContract.lean:197:0: Test.Program.LayerSharingContract.once_prefix2: [propext, Quot.sound]
info: Test/Program/LayerSharingContract.lean:197:0: Test.Program.LayerSharingContract.once_s67: [propext, Quot.sound]
info: Test/Program/LayerSharingContract.lean:197:0: Test.Program.LayerSharingContract.once_s61: [propext, Quot.sound]
info: Test/Program/LayerSharingContract.lean:197:0: Test.Program.LayerSharingContract.twice_s183: [propext, Quot.sound]
info: Test/Program/LayerSharingContract.lean:197:0: Test.Program.LayerSharingContract.once_prefix134: [propext, Quot.sound]
info: Test/Program/LayerSharingContract.lean:197:0: Test.Program.LayerSharingContract.twice_s238: [propext, Quot.sound]
info: Test/Program/LayerSharingContract.lean:197:0: Test.Program.LayerSharingContract.twice_s136_eq: [propext, Quot.sound]
info: Test/Program/LayerSharingContract.lean:197:0: Test.Program.LayerSharingContract.once_s1_eq: [propext, Quot.sound]
info: Test/Program/LayerSharingContract.lean:197:0: Test.Program.LayerSharingContract.twice_s77_eq: [propext, Quot.sound]
info: Test/Program/LayerSharingContract.lean:197:0: Test.Program.LayerSharingContract.twice_prefix227: [propext, Quot.sound]
info: Test/Program/LayerSharingContract.lean:197:0: Test.Program.LayerSharingContract.twice_s86: [propext, Quot.sound]
info: Test/Program/LayerSharingContract.lean:197:0: Test.Program.LayerSharingContract.once_s192_eq: [propext, Quot.sound]
info: Test/Program/LayerSharingContract.lean:197:0: Test.Program.LayerSharingContract.twice_prefix157: [propext, Quot.sound]
info: Test/Program/LayerSharingContract.lean:197:0: Test.Program.LayerSharingContract.once_s176: [propext, Quot.sound]
info: Test/Program/LayerSharingContract.lean:197:0: Test.Program.LayerSharingContract.once_prefix6: [propext, Quot.sound]
info: Test/Program/LayerSharingContract.lean:197:0: Test.Program.LayerSharingContract.twice_s89_eq: [propext, Quot.sound]
info: Test/Program/LayerSharingContract.lean:197:0: Test.Program.LayerSharingContract.once_s201: [propext, Quot.sound]
info: Test/Program/LayerSharingContract.lean:197:0: Test.Program.LayerSharingContract.once_s121_eq: [propext, Quot.sound]
info: Test/Program/LayerSharingContract.lean:197:0: Test.Program.LayerSharingContract.twice_s210_eq: [propext, Quot.sound]
info: Test/Program/LayerSharingContract.lean:197:0: Test.Program.LayerSharingContract.once_s20: [propext, Quot.sound]
info: Test/Program/LayerSharingContract.lean:197:0: Test.Program.LayerSharingContract.twice_s223: [propext, Quot.sound]
info: Test/Program/LayerSharingContract.lean:197:0: Test.Program.LayerSharingContract.once_s99: [propext, Quot.sound]
info: Test/Program/LayerSharingContract.lean:197:0: Test.Program.LayerSharingContract.once_prefix59: [propext, Quot.sound]
info: Test/Program/LayerSharingContract.lean:197:0: Test.Program.LayerSharingContract.once_prefix43: [propext, Quot.sound]
info: Test/Program/LayerSharingContract.lean:197:0: Test.Program.LayerSharingContract.once_prefix105: [propext, Quot.sound]
info: Test/Program/LayerSharingContract.lean:197:0: Test.Program.LayerSharingContract.twice_s159_eq: [propext, Quot.sound]
info: Test/Program/LayerSharingContract.lean:197:0: Test.Program.LayerSharingContract.once_prefix124: [propext, Quot.sound]
info: Test/Program/LayerSharingContract.lean:197:0: Test.Program.LayerSharingContract.twice_s66: [propext, Quot.sound]
info: Test/Program/LayerSharingContract.lean:197:0: Test.Program.LayerSharingContract.once_s3_eq: [propext, Quot.sound]
info: Test/Program/LayerSharingContract.lean:197:0: Test.Program.LayerSharingContract.twice_s197_eq: [propext, Quot.sound]
info: Test/Program/LayerSharingContract.lean:197:0: Test.Program.LayerSharingContract.once_s14_eq: [propext, Quot.sound]
info: Test/Program/LayerSharingContract.lean:197:0: Test.Program.LayerSharingContract.twice_s97_eq: [propext, Quot.sound]
info: Test/Program/LayerSharingContract.lean:197:0: Test.Program.LayerSharingContract.twice_s232: [propext, Quot.sound]
info: Test/Program/LayerSharingContract.lean:197:0: Test.Program.LayerSharingContract.twice_s47_eq: [propext, Quot.sound]
info: Test/Program/LayerSharingContract.lean:197:0: Test.Program.LayerSharingContract.once_prefix111: [propext, Quot.sound]
info: Test/Program/LayerSharingContract.lean:197:0: Test.Program.LayerSharingContract.twice_s239_eq: [propext, Quot.sound]
info: Test/Program/LayerSharingContract.lean:197:0: Test.Program.LayerSharingContract.once_s88_eq: [propext, Quot.sound]
info: Test/Program/LayerSharingContract.lean:197:0: Test.Program.LayerSharingContract.twice_prefix108: [propext, Quot.sound]
info: Test/Program/LayerSharingContract.lean:197:0: Test.Program.LayerSharingContract.twice_prefix73: [propext, Quot.sound]
info: Test/Program/LayerSharingContract.lean:197:0: Test.Program.LayerSharingContract.once_prefix31: [propext, Quot.sound]
info: Test/Program/LayerSharingContract.lean:197:0: Test.Program.LayerSharingContract.once_s19_eq: [propext, Quot.sound]
info: Test/Program/LayerSharingContract.lean:197:0: Test.Program.LayerSharingContract.twice_s212: [propext, Quot.sound]
info: Test/Program/LayerSharingContract.lean:197:0: Test.Program.LayerSharingContract.once_prefix191: [propext, Quot.sound]
info: Test/Program/LayerSharingContract.lean:197:0: Test.Program.LayerSharingContract.once_prefix41: [propext, Quot.sound]
info: Test/Program/LayerSharingContract.lean:197:0: Test.Program.LayerSharingContract.once_s123_eq: [propext, Quot.sound]
info: Test/Program/LayerSharingContract.lean:197:0: Test.Program.LayerSharingContract.once_s86_eq: [propext, Quot.sound]
info: Test/Program/LayerSharingContract.lean:197:0: Test.Program.LayerSharingContract.once_s196_eq: [propext, Quot.sound]
info: Test/Program/LayerSharingContract.lean:197:0: Test.Program.LayerSharingContract.twice_s168: [propext, Quot.sound]
info: Test/Program/LayerSharingContract.lean:197:0: Test.Program.LayerSharingContract.twice_s109: [propext, Quot.sound]
info: Test/Program/LayerSharingContract.lean:197:0: Test.Program.LayerSharingContract.twice_s209_eq: [propext, Quot.sound]
info: Test/Program/LayerSharingContract.lean:197:0: Test.Program.LayerSharingContract.twice_prefix49: [propext, Quot.sound]
info: Test/Program/LayerSharingContract.lean:197:0: Test.Program.LayerSharingContract.twice_prefix14: [propext, Quot.sound]
info: Test/Program/LayerSharingContract.lean:197:0: Test.Program.LayerSharingContract.once_prefix140: [propext, Quot.sound]
info: Test/Program/LayerSharingContract.lean:197:0: Test.Program.LayerSharingContract.once_prefix91: [propext, Quot.sound]
info: Test/Program/LayerSharingContract.lean:197:0: Test.Program.LayerSharingContract.twice_s183_eq: [propext, Quot.sound]
info: Test/Program/LayerSharingContract.lean:197:0: Test.Program.LayerSharingContract.twice_s231: [propext, Quot.sound]
info: Test/Program/LayerSharingContract.lean:197:0: Test.Program.LayerSharingContract.once_s21_eq: [propext, Quot.sound]
info: Test/Program/LayerSharingContract.lean:197:0: Test.Program.LayerSharingContract.twice_s276: [propext, Quot.sound]
info: Test/Program/LayerSharingContract.lean:197:0: Test.Program.LayerSharingContract.twice_s165: [propext, Quot.sound]
info: Test/Program/LayerSharingContract.lean:197:0: Test.Program.LayerSharingContract.twice_s270_eq: [propext, Quot.sound]
info: Test/Program/LayerSharingContract.lean:197:0: Test.Program.LayerSharingContract.once_s29_eq: [propext, Quot.sound]
info: Test/Program/LayerSharingContract.lean:197:0: Test.Program.LayerSharingContract.once_prefix137: [propext, Quot.sound]
info: Test/Program/LayerSharingContract.lean:197:0: Test.Program.LayerSharingContract.twice_s214_eq: [propext, Quot.sound]
info: Test/Program/LayerSharingContract.lean:197:0: Test.Program.LayerSharingContract.once_prefix12: [propext, Quot.sound]
info: Test/Program/LayerSharingContract.lean:197:0: Test.Program.LayerSharingContract.once_prefix154: [propext, Quot.sound]
info: Test/Program/LayerSharingContract.lean:197:0: Test.Program.LayerSharingContract.once_prefix213: [propext, Quot.sound]
info: Test/Program/LayerSharingContract.lean:197:0: Test.Program.LayerSharingContract.twice_prefix299: [propext, Quot.sound]
info: Test/Program/LayerSharingContract.lean:197:0: Test.Program.LayerSharingContract.once_prefix209: [propext, Quot.sound]
info: Test/Program/LayerSharingContract.lean:197:0: Test.Program.LayerSharingContract.once_s159: [propext, Quot.sound]
info: Test/Program/LayerSharingContract.lean:197:0: Test.Program.LayerSharingContract.twice_prefix174: [propext, Quot.sound]
info: Test/Program/LayerSharingContract.lean:197:0: Test.Program.LayerSharingContract.once_s186_eq: [propext, Quot.sound]
info: Test/Program/LayerSharingContract.lean:197:0: Test.Program.LayerSharingContract.once_prefix51: [propext, Quot.sound]
info: Test/Program/LayerSharingContract.lean:197:0: Test.Program.LayerSharingContract.twice_s134_eq: [propext, Quot.sound]
info: Test/Program/LayerSharingContract.lean:197:0: Test.Program.LayerSharingContract.twice_prefix3: [propext, Quot.sound]
info: Test/Program/LayerSharingContract.lean:197:0: Test.Program.LayerSharingContract.twice_s172: [propext, Quot.sound]
info: Test/Program/LayerSharingContract.lean:197:0: Test.Program.LayerSharingContract.once_s13: [propext, Quot.sound]
info: Test/Program/LayerSharingContract.lean:197:0: Test.Program.LayerSharingContract.once_s89: [propext, Quot.sound]
info: Test/Program/LayerSharingContract.lean:197:0: Test.Program.LayerSharingContract.once_s77_eq: [propext, Quot.sound]
info: Test/Program/LayerSharingContract.lean:197:0: Test.Program.LayerSharingContract.twice_s291_eq: [propext, Quot.sound]
info: Test/Program/LayerSharingContract.lean:197:0: Test.Program.LayerSharingContract.twice_s244_eq: [propext, Quot.sound]
info: Test/Program/LayerSharingContract.lean:197:0: Test.Program.LayerSharingContract.once_prefix52: [propext, Quot.sound]
info: Test/Program/LayerSharingContract.lean:197:0: Test.Program.LayerSharingContract.twice_s274_eq: [propext, Quot.sound]
info: Test/Program/LayerSharingContract.lean:197:0: Test.Program.LayerSharingContract.twice_prefix122: [propext, Quot.sound]
info: Test/Program/LayerSharingContract.lean:197:0: Test.Program.LayerSharingContract.once_s156_eq: [propext, Quot.sound]
info: Test/Program/LayerSharingContract.lean:197:0: Test.Program.LayerSharingContract.twice_s152_eq: [propext, Quot.sound]
info: Test/Program/LayerSharingContract.lean:197:0: Test.Program.LayerSharingContract.twice_prefix130: [propext, Quot.sound]
info: Test/Program/LayerSharingContract.lean:197:0: Test.Program.LayerSharingContract.once_prefix151: [propext, Quot.sound]
info: Test/Program/LayerSharingContract.lean:197:0: Test.Program.LayerSharingContract.twice_prefix155: [propext, Quot.sound]
info: Test/Program/LayerSharingContract.lean:197:0: Test.Program.LayerSharingContract.twice_prefix116: [propext, Quot.sound]
info: Test/Program/LayerSharingContract.lean:197:0: Test.Program.LayerSharingContract.twice_s60_eq: [propext, Quot.sound]
info: Test/Program/LayerSharingContract.lean:197:0: Test.Program.LayerSharingContract.once_prefix178: [propext, Quot.sound]
info: Test/Program/LayerSharingContract.lean:197:0: Test.Program.LayerSharingContract.once_s136: [propext, Quot.sound]
info: Test/Program/LayerSharingContract.lean:197:0: Test.Program.LayerSharingContract.twice_s257_eq: [propext, Quot.sound]
info: Test/Program/LayerSharingContract.lean:197:0: Test.Program.LayerSharingContract.twice_prefix249: [propext, Quot.sound]
info: Test/Program/LayerSharingContract.lean:197:0: Test.Program.LayerSharingContract.twice_prefix78: [propext, Quot.sound]
info: Test/Program/LayerSharingContract.lean:197:0: Test.Program.LayerSharingContract.twice_s243: [propext, Quot.sound]
info: Test/Program/LayerSharingContract.lean:197:0: Test.Program.LayerSharingContract.twice_prefix175: [propext, Quot.sound]
info: Test/Program/LayerSharingContract.lean:197:0: Test.Program.LayerSharingContract.once_s63: [propext, Quot.sound]
info: Test/Program/LayerSharingContract.lean:197:0: Test.Program.LayerSharingContract.once_s83: [propext, Quot.sound]
info: Test/Program/LayerSharingContract.lean:197:0: Test.Program.LayerSharingContract.once_s60_eq: [propext, Quot.sound]
info: Test/Program/LayerSharingContract.lean:197:0: Test.Program.LayerSharingContract.twice_prefix206: [propext, Quot.sound]
info: Test/Program/LayerSharingContract.lean:197:0: Test.Program.LayerSharingContract.twice_prefix136: [propext, Quot.sound]
info: Test/Program/LayerSharingContract.lean:197:0: Test.Program.LayerSharingContract.once_s43_eq: [propext, Quot.sound]
info: Test/Program/LayerSharingContract.lean:197:0: Test.Program.LayerSharingContract.twice_prefix47: [propext, Quot.sound]
info: Test/Program/LayerSharingContract.lean:197:0: Test.Program.LayerSharingContract.once_s84: [propext, Quot.sound]
info: Test/Program/LayerSharingContract.lean:197:0: Test.Program.LayerSharingContract.once_s215: [propext, Quot.sound]
info: Test/Program/LayerSharingContract.lean:197:0: Test.Program.LayerSharingContract.twice_s278_eq: [propext, Quot.sound]
info: Test/Program/LayerSharingContract.lean:197:0: Test.Program.LayerSharingContract.once_s45: [propext, Quot.sound]
info: Test/Program/LayerSharingContract.lean:197:0: Test.Program.LayerSharingContract.twice_s195: [propext, Quot.sound]
info: Test/Program/LayerSharingContract.lean:197:0: Test.Program.LayerSharingContract.once_s34: [propext, Quot.sound]
info: Test/Program/LayerSharingContract.lean:197:0: Test.Program.LayerSharingContract.once_s21: [propext, Quot.sound]
info: Test/Program/LayerSharingContract.lean:197:0: Test.Program.LayerSharingContract.once_s74: [propext, Quot.sound]
info: Test/Program/LayerSharingContract.lean:197:0: Test.Program.LayerSharingContract.twice_s196: [propext, Quot.sound]
info: Test/Program/LayerSharingContract.lean:197:0: Test.Program.LayerSharingContract.twice_s195_eq: [propext, Quot.sound]
info: Test/Program/LayerSharingContract.lean:197:0: Test.Program.LayerSharingContract.once_s190: [propext, Quot.sound]
info: Test/Program/LayerSharingContract.lean:197:0: Test.Program.LayerSharingContract.twice_prefix211: [propext, Quot.sound]
info: Test/Program/LayerSharingContract.lean:197:0: Test.Program.LayerSharingContract.twice_s71_eq: [propext, Quot.sound]
info: Test/Program/LayerSharingContract.lean:197:0: Test.Program.LayerSharingContract.once_prefix19: [propext, Quot.sound]
info: Test/Program/LayerSharingContract.lean:197:0: Test.Program.LayerSharingContract.once_prefix15: [propext, Quot.sound]
info: Test/Program/LayerSharingContract.lean:197:0: Test.Program.LayerSharingContract.twice_s160: [propext, Quot.sound]
info: Test/Program/LayerSharingContract.lean:197:0: Test.Program.LayerSharingContract.twice_s76: [propext, Quot.sound]
info: Test/Program/LayerSharingContract.lean:197:0: Test.Program.LayerSharingContract.once_prefix58: [propext, Quot.sound]
info: Test/Program/LayerSharingContract.lean:197:0: Test.Program.LayerSharingContract.twice_s277_eq: [propext, Quot.sound]
info: Test/Program/LayerSharingContract.lean:197:0: Test.Program.LayerSharingContract.once_prefix207: [propext, Quot.sound]
info: Test/Program/LayerSharingContract.lean:197:0: Test.Program.LayerSharingContract.twice_s169: [propext, Quot.sound]
info: Test/Program/LayerSharingContract.lean:197:0: Test.Program.LayerSharingContract.twice_prefix59: [propext, Quot.sound]
info: Test/Program/LayerSharingContract.lean:197:0: Test.Program.LayerSharingContract.twice_prefix102: [propext, Quot.sound]
info: Test/Program/LayerSharingContract.lean:197:0: Test.Program.LayerSharingContract.once_prefix194: [propext, Quot.sound]
info: Test/Program/LayerSharingContract.lean:197:0: Test.Program.LayerSharingContract.once_prefix27: [propext, Quot.sound]
info: Test/Program/LayerSharingContract.lean:197:0: Test.Program.LayerSharingContract.twice_s190: [propext, Quot.sound]
info: Test/Program/LayerSharingContract.lean:197:0: Test.Program.LayerSharingContract.refTarget: []
info: Test/Program/LayerSharingContract.lean:197:0: Test.Program.LayerSharingContract.once_s158_eq: [propext, Quot.sound]
info: Test/Program/LayerSharingContract.lean:197:0: Test.Program.LayerSharingContract.twice_prefix98: [propext, Quot.sound]
info: Test/Program/LayerSharingContract.lean:197:0: Test.Program.LayerSharingContract.twice_prefix104: [propext, Quot.sound]
info: Test/Program/LayerSharingContract.lean:197:0: Test.Program.LayerSharingContract.once_prefix164: [propext, Quot.sound]
info: Test/Program/LayerSharingContract.lean:197:0: Test.Program.LayerSharingContract.twice_s127_eq: [propext, Quot.sound]
info: Test/Program/LayerSharingContract.lean:197:0: Test.Program.LayerSharingContract.twice_prefix217: [propext, Quot.sound]
info: Test/Program/LayerSharingContract.lean:197:0: Test.Program.LayerSharingContract.once_s29: [propext, Quot.sound]
info: Test/Program/LayerSharingContract.lean:197:0: Test.Program.LayerSharingContract.once_s50_eq: [propext, Quot.sound]
info: Test/Program/LayerSharingContract.lean:197:0: Test.Program.LayerSharingContract.twice_s129: [propext, Quot.sound]
info: Test/Program/LayerSharingContract.lean:197:0: Test.Program.LayerSharingContract.twice_prefix244: [propext, Quot.sound]
info: Test/Program/LayerSharingContract.lean:197:0: Test.Program.LayerSharingContract.twice_prefix278: [propext, Quot.sound]
info: Test/Program/LayerSharingContract.lean:197:0: Test.Program.LayerSharingContract.twice_s174_eq: [propext, Quot.sound]
info: Test/Program/LayerSharingContract.lean:197:0: Test.Program.LayerSharingContract.twice_prefix64: [propext, Quot.sound]
info: Test/Program/LayerSharingContract.lean:197:0: Test.Program.LayerSharingContract.once_prefix116: [propext, Quot.sound]
info: Test/Program/LayerSharingContract.lean:197:0: Test.Program.LayerSharingContract.once_prefix3: [propext, Quot.sound]
info: Test/Program/LayerSharingContract.lean:197:0: Test.Program.LayerSharingContract.twice_prefix146: [propext, Quot.sound]
info: Test/Program/LayerSharingContract.lean:197:0: Test.Program.LayerSharingContract.twice_s237_eq: [propext, Quot.sound]
info: Test/Program/LayerSharingContract.lean:197:0: Test.Program.LayerSharingContract.twice_s200: [propext, Quot.sound]
info: Test/Program/LayerSharingContract.lean:197:0: Test.Program.LayerSharingContract.twice_prefix92: [propext, Quot.sound]
info: Test/Program/LayerSharingContract.lean:197:0: Test.Program.LayerSharingContract.once_prefix212: [propext, Quot.sound]
info: Test/Program/LayerSharingContract.lean:197:0: Test.Program.LayerSharingContract.twice_s267: [propext, Quot.sound]
info: Test/Program/LayerSharingContract.lean:197:0: Test.Program.LayerSharingContract.once_prefix98: [propext, Quot.sound]
info: Test/Program/LayerSharingContract.lean:197:0: Test.Program.LayerSharingContract.once_s49_eq: [propext, Quot.sound]
info: Test/Program/LayerSharingContract.lean:197:0: Test.Program.LayerSharingContract.twice_s15_eq: [propext, Quot.sound]
info: Test/Program/LayerSharingContract.lean:197:0: Test.Program.LayerSharingContract.once_s115_eq: [propext, Quot.sound]
info: Test/Program/LayerSharingContract.lean:197:0: Test.Program.LayerSharingContract.twice_s16_eq: [propext, Quot.sound]
info: Test/Program/LayerSharingContract.lean:197:0: Test.Program.LayerSharingContract.once_s13_eq: [propext, Quot.sound]
info: Test/Program/LayerSharingContract.lean:197:0: Test.Program.LayerSharingContract.twice_prefix37: [propext, Quot.sound]
info: Test/Program/LayerSharingContract.lean:197:0: Test.Program.LayerSharingContract.twice_prefix0: [propext, Quot.sound]
info: Test/Program/LayerSharingContract.lean:197:0: Test.Program.LayerSharingContract.once_s134: [propext, Quot.sound]
info: Test/Program/LayerSharingContract.lean:197:0: Test.Program.LayerSharingContract.twice_s123_eq: [propext, Quot.sound]
info: Test/Program/LayerSharingContract.lean:197:0: Test.Program.LayerSharingContract.twice_s172_eq: [propext, Quot.sound]
info: Test/Program/LayerSharingContract.lean:197:0: Test.Program.LayerSharingContract.twice_s156: [propext, Quot.sound]
info: Test/Program/LayerSharingContract.lean:197:0: Test.Program.LayerSharingContract.twice_s93_eq: [propext, Quot.sound]
info: Test/Program/LayerSharingContract.lean:197:0: Test.Program.LayerSharingContract.twice_prefix86: [propext, Quot.sound]
info: Test/Program/LayerSharingContract.lean:197:0: Test.Program.LayerSharingContract.twice_prefix69: [propext, Quot.sound]
info: Test/Program/LayerSharingContract.lean:197:0: Test.Program.LayerSharingContract.once_s1: []
info: Test/Program/LayerSharingContract.lean:197:0: Test.Program.LayerSharingContract.twice_s26_eq: [propext, Quot.sound]
info: Test/Program/LayerSharingContract.lean:197:0: Test.Program.LayerSharingContract.twice_s285: [propext, Quot.sound]
info: Test/Program/LayerSharingContract.lean:197:0: Test.Program.LayerSharingContract.twice_s34_eq: [propext, Quot.sound]
info: Test/Program/LayerSharingContract.lean:197:0: Test.Program.LayerSharingContract.twice_s205_eq: [propext, Quot.sound]
info: Test/Program/LayerSharingContract.lean:197:0: Test.Program.LayerSharingContract.twice_s66_eq: [propext, Quot.sound]
info: Test/Program/LayerSharingContract.lean:197:0: Test.Program.LayerSharingContract.twice_prefix43: [propext, Quot.sound]
info: Test/Program/LayerSharingContract.lean:197:0: Test.Program.LayerSharingContract.once_s99_eq: [propext, Quot.sound]
info: Test/Program/LayerSharingContract.lean:197:0: Test.Program.LayerSharingContract.once_s94_eq: [propext, Quot.sound]
info: Test/Program/LayerSharingContract.lean:197:0: Test.Program.LayerSharingContract.twice_s158: [propext, Quot.sound]
info: Test/Program/LayerSharingContract.lean:197:0: Test.Program.LayerSharingContract.twice_prefix253: [propext, Quot.sound]
info: Test/Program/LayerSharingContract.lean:197:0: Test.Program.LayerSharingContract.twice_s101_eq: [propext, Quot.sound]
info: Test/Program/LayerSharingContract.lean:197:0: Test.Program.LayerSharingContract.once_prefix30: [propext, Quot.sound]
info: Test/Program/LayerSharingContract.lean:197:0: Test.Program.LayerSharingContract.twice_s118_eq: [propext, Quot.sound]
info: Test/Program/LayerSharingContract.lean:197:0: Test.Program.LayerSharingContract.once_s139: [propext, Quot.sound]
info: Test/Program/LayerSharingContract.lean:197:0: Test.Program.LayerSharingContract.once_prefix94: [propext, Quot.sound]
info: Test/Program/LayerSharingContract.lean:197:0: Test.Program.LayerSharingContract.twice_s146_eq: [propext, Quot.sound]
info: Test/Program/LayerSharingContract.lean:197:0: Test.Program.LayerSharingContract.twice_s105_eq: [propext, Quot.sound]
info: Test/Program/LayerSharingContract.lean:197:0: Test.Program.LayerSharingContract.once_s187: [propext, Quot.sound]
info: Test/Program/LayerSharingContract.lean:197:0: Test.Program.LayerSharingContract.twice_prefix226: [propext, Quot.sound]
info: Test/Program/LayerSharingContract.lean:197:0: Test.Program.LayerSharingContract.twice_s108: [propext, Quot.sound]
info: Test/Program/LayerSharingContract.lean:197:0: Test.Program.LayerSharingContract.twice_prefix286: [propext, Quot.sound]
info: Test/Program/LayerSharingContract.lean:197:0: Test.Program.LayerSharingContract.once_s150: [propext, Quot.sound]
info: Test/Program/LayerSharingContract.lean:197:0: Test.Program.LayerSharingContract.twice_prefix138: [propext, Quot.sound]
info: Test/Program/LayerSharingContract.lean:197:0: Test.Program.LayerSharingContract.once_s24_eq: [propext, Quot.sound]
info: Test/Program/LayerSharingContract.lean:197:0: Test.Program.LayerSharingContract.once_s42: [propext, Quot.sound]
info: Test/Program/LayerSharingContract.lean:197:0: Test.Program.LayerSharingContract.twice_prefix293: [propext, Quot.sound]
info: Test/Program/LayerSharingContract.lean:197:0: Test.Program.LayerSharingContract.once_prefix175: [propext, Quot.sound]
info: Test/Program/LayerSharingContract.lean:197:0: Test.Program.LayerSharingContract.twice_s70: [propext, Quot.sound]
info: Test/Program/LayerSharingContract.lean:197:0: Test.Program.LayerSharingContract.once_prefix114: [propext, Quot.sound]
info: Test/Program/LayerSharingContract.lean:197:0: Test.Program.LayerSharingContract.twice_s176: [propext, Quot.sound]
info: Test/Program/LayerSharingContract.lean:197:0: Test.Program.LayerSharingContract.twice_s8_eq: [propext, Quot.sound]
info: Test/Program/LayerSharingContract.lean:197:0: Test.Program.LayerSharingContract.once_s81_eq: [propext, Quot.sound]
info: Test/Program/LayerSharingContract.lean:197:0: Test.Program.LayerSharingContract.twice_s130_eq: [propext, Quot.sound]
info: Test/Program/LayerSharingContract.lean:197:0: Test.Program.LayerSharingContract.twice_s96: [propext, Quot.sound]
info: Test/Program/LayerSharingContract.lean:197:0: Test.Program.LayerSharingContract.once_prefix38: [propext, Quot.sound]
info: Test/Program/LayerSharingContract.lean:197:0: Test.Program.LayerSharingContract.twice_prefix149: [propext, Quot.sound]
info: Test/Program/LayerSharingContract.lean:197:0: Test.Program.LayerSharingContract.twice_prefix181: [propext, Quot.sound]
info: Test/Program/LayerSharingContract.lean:197:0: Test.Program.LayerSharingContract.once_s163_eq: [propext, Quot.sound]
info: Test/Program/LayerSharingContract.lean:197:0: Test.Program.LayerSharingContract.once_s22_eq: [propext, Quot.sound]
info: Test/Program/LayerSharingContract.lean:197:0: Test.Program.LayerSharingContract.once_prefix0: [propext, Quot.sound]
info: Test/Program/LayerSharingContract.lean:197:0: Test.Program.LayerSharingContract.twice_s56: [propext, Quot.sound]
info: Test/Program/LayerSharingContract.lean:197:0: Test.Program.LayerSharingContract.once_prefix158: [propext, Quot.sound]
info: Test/Program/LayerSharingContract.lean:197:0: Test.Program.LayerSharingContract.once_s105_eq: [propext, Quot.sound]
info: Test/Program/LayerSharingContract.lean:197:0: Test.Program.LayerSharingContract.once_s214_eq: [propext, Quot.sound]
info: Test/Program/LayerSharingContract.lean:197:0: Test.Program.LayerSharingContract.once_prefix68: [propext, Quot.sound]
info: Test/Program/LayerSharingContract.lean:197:0: Test.Program.LayerSharingContract.twice_s74: [propext, Quot.sound]
info: Test/Program/LayerSharingContract.lean:197:0: Test.Program.LayerSharingContract.twice_s21: [propext, Quot.sound]
info: Test/Program/LayerSharingContract.lean:197:0: Test.Program.LayerSharingContract.twice_s170: [propext, Quot.sound]
info: Test/Program/LayerSharingContract.lean:197:0: Test.Program.LayerSharingContract.twice_s64: [propext, Quot.sound]
info: Test/Program/LayerSharingContract.lean:197:0: Test.Program.LayerSharingContract.once_s134_eq: [propext, Quot.sound]
info: Test/Program/LayerSharingContract.lean:197:0: Test.Program.LayerSharingContract.once_prefix72: [propext, Quot.sound]
info: Test/Program/LayerSharingContract.lean:197:0: Test.Program.LayerSharingContract.twice_prefix13: [propext, Quot.sound]
info: Test/Program/LayerSharingContract.lean:197:0: Test.Program.LayerSharingContract.once_prefix132: [propext, Quot.sound]
info: Test/Program/LayerSharingContract.lean:197:0: Test.Program.LayerSharingContract.once_s35_eq: [propext, Quot.sound]
info: Test/Program/LayerSharingContract.lean:197:0: Test.Program.LayerSharingContract.once_s25_eq: [propext, Quot.sound]
info: Test/Program/LayerSharingContract.lean:197:0: Test.Program.LayerSharingContract.twice_s106_eq: [propext, Quot.sound]
info: Test/Program/LayerSharingContract.lean:197:0: Test.Program.LayerSharingContract.twice_s31_eq: [propext, Quot.sound]
info: Test/Program/LayerSharingContract.lean:197:0: Test.Program.LayerSharingContract.once_prefix177: [propext, Quot.sound]
info: Test/Program/LayerSharingContract.lean:197:0: Test.Program.LayerSharingContract.twice_s217: [propext, Quot.sound]
info: Test/Program/LayerSharingContract.lean:197:0: Test.Program.LayerSharingContract.twice_s95: [propext, Quot.sound]
info: Test/Program/LayerSharingContract.lean:197:0: Test.Program.LayerSharingContract.once_prefix48: [propext, Quot.sound]
info: Test/Program/LayerSharingContract.lean:197:0: Test.Program.LayerSharingContract.once_s124: [propext, Quot.sound]
info: Test/Program/LayerSharingContract.lean:197:0: Test.Program.LayerSharingContract.twice_s157: [propext, Quot.sound]
info: Test/Program/LayerSharingContract.lean:197:0: Test.Program.LayerSharingContract.once_prefix192: [propext, Quot.sound]
info: Test/Program/LayerSharingContract.lean:197:0: Test.Program.LayerSharingContract.once_s103_eq: [propext, Quot.sound]
info: Test/Program/LayerSharingContract.lean:197:0: Test.Program.LayerSharingContract.twice_prefix239: [propext, Quot.sound]
info: Test/Program/LayerSharingContract.lean:197:0: Test.Program.LayerSharingContract.twice_s253: [propext, Quot.sound]
info: Test/Program/LayerSharingContract.lean:197:0: Test.Program.LayerSharingContract.twice_s97: [propext, Quot.sound]
info: Test/Program/LayerSharingContract.lean:197:0: Test.Program.LayerSharingContract.once_prefix10: [propext, Quot.sound]
info: Test/Program/LayerSharingContract.lean:197:0: Test.Program.LayerSharingContract.twice_s238_eq: [propext, Quot.sound]
info: Test/Program/LayerSharingContract.lean:197:0: Test.Program.LayerSharingContract.once_prefix143: [propext, Quot.sound]
info: Test/Program/LayerSharingContract.lean:197:0: Test.Program.LayerSharingContract.once_s48: [propext, Quot.sound]
info: Test/Program/LayerSharingContract.lean:197:0: Test.Program.LayerSharingContract.once_s31: [propext, Quot.sound]
info: Test/Program/LayerSharingContract.lean:197:0: Test.Program.LayerSharingContract.twice_s212_eq: [propext, Quot.sound]
info: Test/Program/LayerSharingContract.lean:197:0: Test.Program.LayerSharingContract.twice_s165_eq: [propext, Quot.sound]
info: Test/Program/LayerSharingContract.lean:197:0: Test.Program.LayerSharingContract.once_exit: [propext, Quot.sound]
info: Test/Program/LayerSharingContract.lean:197:0: Test.Program.LayerSharingContract.once_prefix141: [propext, Quot.sound]
info: Test/Program/LayerSharingContract.lean:197:0: Test.Program.LayerSharingContract.once_s73_eq: [propext, Quot.sound]
info: Test/Program/LayerSharingContract.lean:197:0: Test.Program.LayerSharingContract.twice_prefix97: [propext, Quot.sound]
info: Test/Program/LayerSharingContract.lean:197:0: Test.Program.LayerSharingContract.once_s90: [propext, Quot.sound]
info: Test/Program/LayerSharingContract.lean:197:0: Test.Program.LayerSharingContract.twice_prefix288: [propext, Quot.sound]
info: Test/Program/LayerSharingContract.lean:197:0: Test.Program.LayerSharingContract.once_s12_eq: [propext, Quot.sound]
info: Test/Program/LayerSharingContract.lean:197:0: Test.Program.LayerSharingContract.twice_s114_eq: [propext, Quot.sound]
info: Test/Program/LayerSharingContract.lean:197:0: Test.Program.LayerSharingContract.twice_prefix214: [propext, Quot.sound]
info: Test/Program/LayerSharingContract.lean:197:0: Test.Program.LayerSharingContract.twice_prefix231: [propext, Quot.sound]
info: Test/Program/LayerSharingContract.lean:197:0: Test.Program.LayerSharingContract.twice_s95_eq: [propext, Quot.sound]
info: Test/Program/LayerSharingContract.lean:197:0: Test.Program.LayerSharingContract.twice_prefix235: [propext, Quot.sound]
info: Test/Program/LayerSharingContract.lean:197:0: Test.Program.LayerSharingContract.twice_s156_eq: [propext, Quot.sound]
info: Test/Program/LayerSharingContract.lean:197:0: Test.Program.LayerSharingContract.once_s71: [propext, Quot.sound]
info: Test/Program/LayerSharingContract.lean:197:0: Test.Program.LayerSharingContract.once_s46: [propext, Quot.sound]
info: Test/Program/LayerSharingContract.lean:197:0: Test.Program.LayerSharingContract.twice_s117_eq: [propext, Quot.sound]
info: Test/Program/LayerSharingContract.lean:197:0: Test.Program.LayerSharingContract.once_s51: [propext, Quot.sound]
info: Test/Program/LayerSharingContract.lean:197:0: Effect4.Api.flush.eq_1: []
info: Test/Program/LayerSharingContract.lean:197:0: Test.Program.LayerSharingContract.twice_prefix163: [propext, Quot.sound]
info: Test/Program/LayerSharingContract.lean:197:0: Test.Program.LayerSharingContract.twice_prefix263: [propext, Quot.sound]
info: Test/Program/LayerSharingContract.lean:197:0: Test.Program.LayerSharingContract.twice_s12_eq: [propext, Quot.sound]
info: Test/Program/LayerSharingContract.lean:197:0: Test.Program.LayerSharingContract.once_s180: [propext, Quot.sound]
info: Test/Program/LayerSharingContract.lean:197:0: Test.Program.LayerSharingContract.twice_s230_eq: [propext, Quot.sound]
info: Test/Program/LayerSharingContract.lean:197:0: Test.Program.LayerSharingContract.twice_s168_eq: [propext, Quot.sound]
info: Test/Program/LayerSharingContract.lean:197:0: Test.Program.LayerSharingContract.twice_s1_eq: [propext, Quot.sound]
info: Test/Program/LayerSharingContract.lean:197:0: Test.Program.LayerSharingContract.twice_s207_eq: [propext, Quot.sound]
info: Test/Program/LayerSharingContract.lean:197:0: Test.Program.LayerSharingContract.once_prefix95: [propext, Quot.sound]
info: Test/Program/LayerSharingContract.lean:197:0: Test.Program.LayerSharingContract.twice_prefix55: [propext, Quot.sound]
info: Test/Program/LayerSharingContract.lean:197:0: Test.Program.LayerSharingContract.once_s57_eq: [propext, Quot.sound]
info: Test/Program/LayerSharingContract.lean:197:0: Test.Program.LayerSharingContract.once_prefix120: [propext, Quot.sound]
info: Test/Program/LayerSharingContract.lean:197:0: Test.Program.LayerSharingContract.once_s35: [propext, Quot.sound]
info: Test/Program/LayerSharingContract.lean:197:0: Test.Program.LayerSharingContract.twice_s126_eq: [propext, Quot.sound]
info: Test/Program/LayerSharingContract.lean:197:0: Test.Program.LayerSharingContract.twice_s18: [propext, Quot.sound]
info: Test/Program/LayerSharingContract.lean:197:0: Test.Program.LayerSharingContract.twice_s300_eq: [propext, Quot.sound]
info: Test/Program/LayerSharingContract.lean:197:0: Test.Program.LayerSharingContract.twice_s30_eq: [propext, Quot.sound]
info: Test/Program/LayerSharingContract.lean:197:0: Test.Program.LayerSharingContract.once_prefix35: [propext, Quot.sound]
info: Test/Program/LayerSharingContract.lean:197:0: Test.Program.LayerSharingContract.once_s162_eq: [propext, Quot.sound]
info: Test/Program/LayerSharingContract.lean:197:0: Test.Program.LayerSharingContract.once_s45_eq: [propext, Quot.sound]
info: Test/Program/LayerSharingContract.lean:197:0: Test.Program.LayerSharingContract.twice_prefix192: [propext, Quot.sound]
info: Test/Program/LayerSharingContract.lean:197:0: Test.Program.LayerSharingContract.twice_prefix87: [propext, Quot.sound]
info: Test/Program/LayerSharingContract.lean:197:0: Test.Program.LayerSharingContract.twice_s94_eq: [propext, Quot.sound]
info: Test/Program/LayerSharingContract.lean:197:0: Test.Program.LayerSharingContract.twice_prefix296: [propext, Quot.sound]
info: Test/Program/LayerSharingContract.lean:197:0: Test.Program.LayerSharingContract.twice_s271: [propext, Quot.sound]
info: Test/Program/LayerSharingContract.lean:197:0: Test.Program.LayerSharingContract.twice_prefix44: [propext, Quot.sound]
info: Test/Program/LayerSharingContract.lean:197:0: Test.Program.LayerSharingContract.twice_prefix12: [propext, Quot.sound]
info: Test/Program/LayerSharingContract.lean:197:0: Test.Program.LayerSharingContract.once_s56: [propext, Quot.sound]
info: Test/Program/LayerSharingContract.lean:197:0: Test.Program.LayerSharingContract.twice_s216_eq: [propext, Quot.sound]
info: Test/Program/LayerSharingContract.lean:197:0: Test.Program.LayerSharingContract.twice_prefix262: [propext, Quot.sound]
info: Test/Program/LayerSharingContract.lean:197:0: Test.Program.LayerSharingContract.twice_s129_eq: [propext, Quot.sound]
info: Test/Program/LayerSharingContract.lean:197:0: Test.Program.LayerSharingContract.once_s92_eq: [propext, Quot.sound]
info: Test/Program/LayerSharingContract.lean:197:0: Test.Program.LayerSharingContract.twice_s28_eq: [propext, Quot.sound]
info: Test/Program/LayerSharingContract.lean:197:0: Test.Program.LayerSharingContract.once_prefix216: [propext, Quot.sound]
info: Test/Program/LayerSharingContract.lean:197:0: Test.Program.LayerSharingContract.once_s132: [propext, Quot.sound]
info: Test/Program/LayerSharingContract.lean:197:0: Test.Program.LayerSharingContract.twice_s43_eq: [propext, Quot.sound]
info: Test/Program/LayerSharingContract.lean:197:0: Test.Program.LayerSharingContract.twice_s10: [propext, Quot.sound]
info: Test/Program/LayerSharingContract.lean:197:0: Test.Program.LayerSharingContract.twice_prefix91: [propext, Quot.sound]
info: Test/Program/LayerSharingContract.lean:197:0: Test.Program.LayerSharingContract.twice_s71: [propext, Quot.sound]
info: Test/Program/LayerSharingContract.lean:197:0: Test.Program.LayerSharingContract.twice_prefix32: [propext, Quot.sound]
info: Test/Program/LayerSharingContract.lean:197:0: Test.Program.LayerSharingContract.twice_s297_eq: [propext, Quot.sound]
info: Test/Program/LayerSharingContract.lean:197:0: Test.Program.LayerSharingContract.twice_s113: [propext, Quot.sound]
info: Test/Program/LayerSharingContract.lean:197:0: Test.Program.LayerSharingContract.twice_s258_eq: [propext, Quot.sound]
info: Test/Program/LayerSharingContract.lean:197:0: Test.Program.LayerSharingContract.twice_s205: [propext, Quot.sound]
info: Test/Program/LayerSharingContract.lean:197:0: Test.Program.LayerSharingContract.once_prefix131: [propext, Quot.sound]
info: Test/Program/LayerSharingContract.lean:197:0: Test.Program.LayerSharingContract.twice_s194: [propext, Quot.sound]
info: Test/Program/LayerSharingContract.lean:197:0: Test.Program.LayerSharingContract.twice_s220: [propext, Quot.sound]
info: Test/Program/LayerSharingContract.lean:197:0: Test.Program.LayerSharingContract.twice_s104: [propext, Quot.sound]
info: Test/Program/LayerSharingContract.lean:197:0: Test.Program.LayerSharingContract.once_s148_eq: [propext, Quot.sound]
info: Test/Program/LayerSharingContract.lean:197:0: Test.Program.LayerSharingContract.twice_s233: [propext, Quot.sound]
info: Test/Program/LayerSharingContract.lean:197:0: Test.Program.LayerSharingContract.twice_prefix200: [propext, Quot.sound]
info: Test/Program/LayerSharingContract.lean:197:0: Test.Program.LayerSharingContract.once_s168: [propext, Quot.sound]
info: Test/Program/LayerSharingContract.lean:197:0: Test.Program.LayerSharingContract.once_s211_eq: [propext, Quot.sound]
info: Test/Program/LayerSharingContract.lean:197:0: Test.Program.LayerSharingContract.once_prefix77: [propext, Quot.sound]
info: Test/Program/LayerSharingContract.lean:197:0: Test.Program.LayerSharingContract.once_s128_eq: [propext, Quot.sound]
info: Test/Program/LayerSharingContract.lean:197:0: Test.Program.LayerSharingContract.once_s104: [propext, Quot.sound]
info: Test/Program/LayerSharingContract.lean:197:0: Test.Program.LayerSharingContract.once_prefix214: [propext, Quot.sound]
info: Test/Program/LayerSharingContract.lean:197:0: Test.Program.LayerSharingContract.once_s7_eq: [propext, Quot.sound]
info: Test/Program/LayerSharingContract.lean:197:0: Test.Program.LayerSharingContract.twice_prefix272: [propext, Quot.sound]
info: Test/Program/LayerSharingContract.lean:197:0: Test.Program.LayerSharingContract.twice_s115: [propext, Quot.sound]
info: Test/Program/LayerSharingContract.lean:197:0: Test.Program.LayerSharingContract.once_s127_eq: [propext, Quot.sound]
info: Test/Program/LayerSharingContract.lean:197:0: Test.Program.LayerSharingContract.twice_s128: [propext, Quot.sound]
info: Test/Program/LayerSharingContract.lean:197:0: Test.Program.LayerSharingContract.twice_s40_eq: [propext, Quot.sound]
info: Test/Program/LayerSharingContract.lean:197:0: Test.Program.LayerSharingContract.twice_s111: [propext, Quot.sound]
info: Test/Program/LayerSharingContract.lean:197:0: Test.Program.LayerSharingContract.twice_prefix137: [propext, Quot.sound]
info: Test/Program/LayerSharingContract.lean:197:0: Test.Program.LayerSharingContract.once_s12: [propext, Quot.sound]
info: Test/Program/LayerSharingContract.lean:197:0: Test.Program.LayerSharingContract.once_s172: [propext, Quot.sound]
info: Test/Program/LayerSharingContract.lean:197:0: Test.Program.LayerSharingContract.twice_s100: [propext, Quot.sound]
info: Test/Program/LayerSharingContract.lean:197:0: Test.Program.LayerSharingContract.once_prefix187: [propext, Quot.sound]
info: Test/Program/LayerSharingContract.lean:197:0: Test.Program.LayerSharingContract.once_s38_eq: [propext, Quot.sound]
info: Test/Program/LayerSharingContract.lean:197:0: Test.Program.LayerSharingContract.twice_prefix65: [propext, Quot.sound]
info: Test/Program/LayerSharingContract.lean:197:0: Test.Program.LayerSharingContract.twice_prefix169: [propext, Quot.sound]
info: Test/Program/LayerSharingContract.lean:197:0: Test.Program.LayerSharingContract.once_s98_eq: [propext, Quot.sound]
info: Test/Program/LayerSharingContract.lean:197:0: Test.Program.LayerSharingContract.twice_s142_eq: [propext, Quot.sound]
info: Test/Program/LayerSharingContract.lean:197:0: Test.Program.LayerSharingContract.once_prefix112: [propext, Quot.sound]
info: Test/Program/LayerSharingContract.lean:197:0: Test.Program.LayerSharingContract.twice_prefix284: [propext, Quot.sound]
info: Test/Program/LayerSharingContract.lean:197:0: Test.Program.LayerSharingContract.once_s155_eq: [propext, Quot.sound]
info: Test/Program/LayerSharingContract.lean:197:0: Test.Program.LayerSharingContract.twice_s9_eq: [propext, Quot.sound]
info: Test/Program/LayerSharingContract.lean:197:0: Test.Program.LayerSharingContract.once_s47: [propext, Quot.sound]
info: Test/Program/LayerSharingContract.lean:197:0: Effect4.Api.evaluate.eq_1: []
info: Test/Program/LayerSharingContract.lean:197:0: Test.Program.LayerSharingContract.twice_prefix224: [propext, Quot.sound]
info: Test/Program/LayerSharingContract.lean:197:0: Test.Program.LayerSharingContract.twice_prefix111: [propext, Quot.sound]
info: Test/Program/LayerSharingContract.lean:197:0: Test.Program.LayerSharingContract.once_prefix73: [propext, Quot.sound]
info: Test/Program/LayerSharingContract.lean:197:0: Test.Program.LayerSharingContract.twice_prefix233: [propext, Quot.sound]
info: Test/Program/LayerSharingContract.lean:197:0: Test.Program.LayerSharingContract.twice_s74_eq: [propext, Quot.sound]
info: Test/Program/LayerSharingContract.lean:197:0: Test.Program.LayerSharingContract.twice_s189: [propext, Quot.sound]
info: Test/Program/LayerSharingContract.lean:197:0: Test.Program.LayerSharingContract.once_s180_eq: [propext, Quot.sound]
info: Test/Program/LayerSharingContract.lean:197:0: Test.Program.LayerSharingContract.twice_prefix180: [propext, Quot.sound]
info: Test/Program/LayerSharingContract.lean:197:0: Test.Program.LayerSharingContract.once_s97_eq: [propext, Quot.sound]
info: Test/Program/LayerSharingContract.lean:197:0: Test.Program.LayerSharingContract.once_s149: [propext, Quot.sound]
info: Test/Program/LayerSharingContract.lean:197:0: Test.Program.LayerSharingContract.once_s141: [propext, Quot.sound]
info: Test/Program/LayerSharingContract.lean:197:0: Test.Program.LayerSharingContract.twice_s276_eq: [propext, Quot.sound]
info: Test/Program/LayerSharingContract.lean:197:0: Test.Program.LayerSharingContract.once_s170_eq: [propext, Quot.sound]
info: Test/Program/LayerSharingContract.lean:197:0: Test.Program.LayerSharingContract.once_s76_eq: [propext, Quot.sound]
info: Test/Program/LayerSharingContract.lean:197:0: Test.Program.LayerSharingContract.twice_s99_eq: [propext, Quot.sound]
info: Test/Program/LayerSharingContract.lean:197:0: Test.Program.LayerSharingContract.twice_s57_eq: [propext, Quot.sound]
info: Test/Program/LayerSharingContract.lean:197:0: Test.Program.LayerSharingContract.once_s67_eq: [propext, Quot.sound]
info: Test/Program/LayerSharingContract.lean:197:0: Test.Program.LayerSharingContract.once_s82_eq: [propext, Quot.sound]
info: Test/Program/LayerSharingContract.lean:197:0: Test.Program.LayerSharingContract.twice_s292: [propext, Quot.sound]
info: Test/Program/LayerSharingContract.lean:197:0: Test.Program.LayerSharingContract.once_prefix173: [propext, Quot.sound]
info: Test/Program/LayerSharingContract.lean:197:0: Test.Program.LayerSharingContract.twice_s213: [propext, Quot.sound]
info: Test/Program/LayerSharingContract.lean:197:0: Test.Program.LayerSharingContract.twice_s20: [propext, Quot.sound]
info: Test/Program/LayerSharingContract.lean:197:0: Test.Program.LayerSharingContract.once_s185_eq: [propext, Quot.sound]
info: Test/Program/LayerSharingContract.lean:197:0: Test.Program.LayerSharingContract.once_s213_eq: [propext, Quot.sound]
info: Test/Program/LayerSharingContract.lean:197:0: Test.Program.LayerSharingContract.once_s27_eq: [propext, Quot.sound]
info: Test/Program/LayerSharingContract.lean:197:0: Test.Program.LayerSharingContract.twice_prefix143: [propext, Quot.sound]
info: Test/Program/LayerSharingContract.lean:197:0: Test.Program.LayerSharingContract.twice_s72_eq: [propext, Quot.sound]
info: Test/Program/LayerSharingContract.lean:197:0: Test.Program.LayerSharingContract.twice_s7_eq: [propext, Quot.sound]
info: Test/Program/LayerSharingContract.lean:197:0: Test.Program.LayerSharingContract.twice_prefix269: [propext, Quot.sound]
info: Test/Program/LayerSharingContract.lean:197:0: Test.Program.LayerSharingContract.twice_prefix132: [propext, Quot.sound]
info: Test/Program/LayerSharingContract.lean:197:0: Test.Program.LayerSharingContract.twice_s11_eq: [propext, Quot.sound]
info: Test/Program/LayerSharingContract.lean:197:0: Test.Program.LayerSharingContract.twice_s143: [propext, Quot.sound]
info: Test/Program/LayerSharingContract.lean:197:0: Test.Program.LayerSharingContract.twice_s193: [propext, Quot.sound]
info: Test/Program/LayerSharingContract.lean:197:0: Test.Program.LayerSharingContract.twice_s223_eq: [propext, Quot.sound]
info: Test/Program/LayerSharingContract.lean:197:0: Test.Program.LayerSharingContract.once_prefix156: [propext, Quot.sound]
info: Test/Program/LayerSharingContract.lean:197:0: Test.Program.LayerSharingContract.twice_s187: [propext, Quot.sound]
info: Test/Program/LayerSharingContract.lean:197:0: Test.Program.LayerSharingContract.twice_s189_eq: [propext, Quot.sound]
info: Test/Program/LayerSharingContract.lean:197:0: Test.Program.LayerSharingContract.twice_prefix93: [propext, Quot.sound]
info: Test/Program/LayerSharingContract.lean:197:0: Test.Program.LayerSharingContract.twice_s245: [propext, Quot.sound]
info: Test/Program/LayerSharingContract.lean:197:0: Test.Program.LayerSharingContract.once_prefix196: [propext, Quot.sound]
info: Test/Program/LayerSharingContract.lean:197:0: Test.Program.LayerSharingContract.twice_s179_eq: [propext, Quot.sound]
info: Test/Program/LayerSharingContract.lean:197:0: Test.Program.LayerSharingContract.twice_s27_eq: [propext, Quot.sound]
info: Test/Program/LayerSharingContract.lean:197:0: Test.Program.LayerSharingContract.twice_prefix260: [propext, Quot.sound]
info: Test/Program/LayerSharingContract.lean:197:0: Test.Program.LayerSharingContract.twice_prefix113: [propext, Quot.sound]
info: Test/Program/LayerSharingContract.lean:197:0: Test.Program.LayerSharingContract.once_s171_eq: [propext, Quot.sound]
info: Test/Program/LayerSharingContract.lean:197:0: Test.Program.LayerSharingContract.once_prefix188: [propext, Quot.sound]
info: Test/Program/LayerSharingContract.lean:197:0: Test.Program.LayerSharingContract.twice_s154_eq: [propext, Quot.sound]
info: Test/Program/LayerSharingContract.lean:197:0: Test.Program.LayerSharingContract.once_s142: [propext, Quot.sound]
info: Test/Program/LayerSharingContract.lean:197:0: Test.Program.LayerSharingContract.once_prefix78: [propext, Quot.sound]
info: Test/Program/LayerSharingContract.lean:197:0: Test.Program.LayerSharingContract.once_s38: [propext, Quot.sound]
info: Test/Program/LayerSharingContract.lean:197:0: Test.Program.LayerSharingContract.once_prefix161: [propext, Quot.sound]
info: Test/Program/LayerSharingContract.lean:197:0: Test.Program.LayerSharingContract.once_s128: [propext, Quot.sound]
info: Test/Program/LayerSharingContract.lean:197:0: Test.Program.LayerSharingContract.twice_s275_eq: [propext, Quot.sound]
info: Test/Program/LayerSharingContract.lean:197:0: Test.Program.LayerSharingContract.once_prefix33: [propext, Quot.sound]
info: Test/Program/LayerSharingContract.lean:197:0: Test.Program.LayerSharingContract.twice_prefix17: [propext, Quot.sound]
info: Test/Program/LayerSharingContract.lean:197:0: Test.Program.LayerSharingContract.once_s9_eq: [propext, Quot.sound]
info: Test/Program/LayerSharingContract.lean:197:0: Test.Program.LayerSharingContract.twice_prefix2: [propext, Quot.sound]
info: Test/Program/LayerSharingContract.lean:197:0: Test.Program.LayerSharingContract.once_s197: [propext, Quot.sound]
info: Test/Program/LayerSharingContract.lean:197:0: Test.Program.LayerSharingContract.once_s60: [propext, Quot.sound]
info: Test/Program/LayerSharingContract.lean:197:0: Test.Program.LayerSharingContract.twice_prefix72: [propext, Quot.sound]
info: Test/Program/LayerSharingContract.lean:197:0: Test.Program.LayerSharingContract.once_s89_eq: [propext, Quot.sound]
info: Test/Program/LayerSharingContract.lean:197:0: Test.Program.LayerSharingContract.twice_prefix151: [propext, Quot.sound]
info: Test/Program/LayerSharingContract.lean:197:0: Test.Program.LayerSharingContract.once_s207: [propext, Quot.sound]
info: Test/Program/LayerSharingContract.lean:197:0: Test.Program.LayerSharingContract.once_s143_eq: [propext, Quot.sound]
info: Test/Program/LayerSharingContract.lean:197:0: Test.Program.LayerSharingContract.once_s2_eq: [propext, Quot.sound]
info: Test/Program/LayerSharingContract.lean:197:0: Test.Program.LayerSharingContract.once_prefix176: [propext, Quot.sound]
info: Test/Program/LayerSharingContract.lean:197:0: Test.Program.LayerSharingContract.twice_s142: [propext, Quot.sound]
info: Test/Program/LayerSharingContract.lean:197:0: Test.Program.LayerSharingContract.once_s182: [propext, Quot.sound]
info: Test/Program/LayerSharingContract.lean:197:0: Test.Program.LayerSharingContract.once_s122_eq: [propext, Quot.sound]
info: Test/Program/LayerSharingContract.lean:197:0: Test.Program.LayerSharingContract.once_prefix62: [propext, Quot.sound]
info: Test/Program/LayerSharingContract.lean:197:0: Test.Program.LayerSharingContract.twice_prefix205: [propext, Quot.sound]
info: Test/Program/LayerSharingContract.lean:197:0: Test.Program.LayerSharingContract.once_s56_eq: [propext, Quot.sound]
info: Test/Program/LayerSharingContract.lean:197:0: Test.Program.LayerSharingContract.twice_s150: [propext, Quot.sound]
info: Test/Program/LayerSharingContract.lean:197:0: Test.Program.LayerSharingContract.once_s154: [propext, Quot.sound]
info: Test/Program/LayerSharingContract.lean:197:0: Test.Program.LayerSharingContract.once_s23_eq: [propext, Quot.sound]
info: Test/Program/LayerSharingContract.lean:197:0: Test.Program.LayerSharingContract.once_s191_eq: [propext, Quot.sound]
info: Test/Program/LayerSharingContract.lean:197:0: Test.Program.LayerSharingContract.once_s55_eq: [propext, Quot.sound]
info: Test/Program/LayerSharingContract.lean:197:0: Test.Program.LayerSharingContract.twice_s6: []
info: Test/Program/LayerSharingContract.lean:197:0: Test.Program.LayerSharingContract.once_prefix82: [propext, Quot.sound]
info: Test/Program/LayerSharingContract.lean:197:0: Test.Program.LayerSharingContract.twice_s110_eq: [propext, Quot.sound]
info: Test/Program/LayerSharingContract.lean:197:0: Test.Program.LayerSharingContract.twice_s219_eq: [propext, Quot.sound]
info: Test/Program/LayerSharingContract.lean:197:0: Test.Program.LayerSharingContract.twice_s12: [propext, Quot.sound]
info: Test/Program/LayerSharingContract.lean:197:0: Test.Program.LayerSharingContract.once_prefix83: [propext, Quot.sound]
info: Test/Program/LayerSharingContract.lean:197:0: Test.Program.LayerSharingContract.twice_s232_eq: [propext, Quot.sound]
info: Test/Program/LayerSharingContract.lean:197:0: Test.Program.LayerSharingContract.twice_s81: [propext, Quot.sound]
info: Test/Program/LayerSharingContract.lean:197:0: Test.Program.LayerSharingContract.provide_ref_twice: [propext, Quot.sound]
info: Test/Program/LayerSharingContract.lean:197:0: Test.Program.LayerSharingContract.twice_s50: [propext, Quot.sound]
info: Test/Program/LayerSharingContract.lean:197:0: Test.Program.LayerSharingContract.once_s8_eq: [propext, Quot.sound]
info: Test/Program/LayerSharingContract.lean:197:0: Test.Program.LayerSharingContract.twice_s255: [propext, Quot.sound]
info: Test/Program/LayerSharingContract.lean:197:0: Test.Program.LayerSharingContract.twice_prefix147: [propext, Quot.sound]
info: Test/Program/LayerSharingContract.lean:197:0: Test.Program.LayerSharingContract.twice_s201_eq: [propext, Quot.sound]
info: Test/Program/LayerSharingContract.lean:197:0: Test.Program.LayerSharingContract.once_s198_eq: [propext, Quot.sound]
info: Test/Program/LayerSharingContract.lean:197:0: Test.Program.LayerSharingContract.twice_prefix67: [propext, Quot.sound]
info: Test/Program/LayerSharingContract.lean:197:0: Test.Program.LayerSharingContract.twice_s58_eq: [propext, Quot.sound]
info: Test/Program/LayerSharingContract.lean:197:0: Test.Program.LayerSharingContract.twice_refs: [propext, Quot.sound]
info: Test/Program/LayerSharingContract.lean:197:0: Test.Program.LayerSharingContract.twice_prefix251: [propext, Quot.sound]
info: Test/Program/LayerSharingContract.lean:197:0: Test.Program.LayerSharingContract.twice_s150_eq: [propext, Quot.sound]
info: Test/Program/LayerSharingContract.lean:197:0: Test.Program.LayerSharingContract.twice_s192_eq: [propext, Quot.sound]
info: Test/Program/LayerSharingContract.lean:197:0: Test.Program.LayerSharingContract.once_prefix122: [propext, Quot.sound]
info: Test/Program/LayerSharingContract.lean:197:0: Test.Program.LayerSharingContract.twice_s65_eq: [propext, Quot.sound]
info: Test/Program/LayerSharingContract.lean:197:0: Test.Program.LayerSharingContract.once_s146: [propext, Quot.sound]
info: Test/Program/LayerSharingContract.lean:197:0: Test.Program.LayerSharingContract.twice_prefix297: [propext, Quot.sound]
info: Test/Program/LayerSharingContract.lean:197:0: Test.Program.LayerSharingContract.twice_prefix280: [propext, Quot.sound]
info: Test/Program/LayerSharingContract.lean:197:0: Test.Program.LayerSharingContract.twice_s185: [propext, Quot.sound]
info: Test/Program/LayerSharingContract.lean:197:0: Test.Program.LayerSharingContract.twice_s130: [propext, Quot.sound]
info: Test/Program/LayerSharingContract.lean:197:0: Test.Program.LayerSharingContract.twice_s37_eq: [propext, Quot.sound]
info: Test/Program/LayerSharingContract.lean:197:0: Test.Program.LayerSharingContract.twice_s24_eq: [propext, Quot.sound]
info: Test/Program/LayerSharingContract.lean:197:0: Test.Program.LayerSharingContract.twice_s139_eq: [propext, Quot.sound]
info: Test/Program/LayerSharingContract.lean:197:0: Test.Program.LayerSharingContract.twice_s42: [propext, Quot.sound]
info: Test/Program/LayerSharingContract.lean:197:0: Test.Program.LayerSharingContract.once_s59_eq: [propext, Quot.sound]
info: Test/Program/LayerSharingContract.lean:197:0: Test.Program.LayerSharingContract.once_s187_eq: [propext, Quot.sound]
info: Test/Program/LayerSharingContract.lean:197:0: Test.Program.LayerSharingContract.twice_s10_eq: [propext, Quot.sound]
info: Test/Program/LayerSharingContract.lean:197:0: Test.Program.LayerSharingContract.once_s43: [propext, Quot.sound]
info: Test/Program/LayerSharingContract.lean:197:0: Test.Program.LayerSharingContract.once_prefix28: [propext, Quot.sound]
info: Test/Program/LayerSharingContract.lean:197:0: Test.Program.LayerSharingContract.once_s186: [propext, Quot.sound]
info: Test/Program/LayerSharingContract.lean:197:0: Test.Program.LayerSharingContract.twice_s119: [propext, Quot.sound]
info: Test/Program/LayerSharingContract.lean:197:0: Test.Program.LayerSharingContract.twice_s39: [propext, Quot.sound]
info: Test/Program/LayerSharingContract.lean:197:0: Test.Program.LayerSharingContract.twice_s143_eq: [propext, Quot.sound]
info: Test/Program/LayerSharingContract.lean:197:0: Test.Program.LayerSharingContract.once_s147_eq: [propext, Quot.sound]
info: Test/Program/LayerSharingContract.lean:197:0: Test.Program.LayerSharingContract.once_prefix138: [propext, Quot.sound]
info: Test/Program/LayerSharingContract.lean:197:0: Test.Program.LayerSharingContract.twice_s198: [propext, Quot.sound]
info: Test/Program/LayerSharingContract.lean:197:0: Test.Program.LayerSharingContract.twice_prefix81: [propext, Quot.sound]
info: Test/Program/LayerSharingContract.lean:197:0: Test.Program.LayerSharingContract.once_s143: [propext, Quot.sound]
info: Test/Program/LayerSharingContract.lean:197:0: Test.Program.LayerSharingContract.twice_s25: [propext, Quot.sound]
info: Test/Program/LayerSharingContract.lean:197:0: Test.Program.LayerSharingContract.twice_s252: [propext, Quot.sound]
info: Test/Program/LayerSharingContract.lean:197:0: Test.Program.LayerSharingContract.twice_s241_eq: [propext, Quot.sound]
info: Test/Program/LayerSharingContract.lean:197:0: Test.Program.LayerSharingContract.once_prefix84: [propext, Quot.sound]
info: Test/Program/LayerSharingContract.lean:197:0: Test.Program.LayerSharingContract.twice_prefix50: [propext, Quot.sound]
info: Test/Program/LayerSharingContract.lean:197:0: Test.Program.LayerSharingContract.twice_prefix39: [propext, Quot.sound]
info: Test/Program/LayerSharingContract.lean:197:0: Test.Program.LayerSharingContract.once_s177: [propext, Quot.sound]
info: Test/Program/LayerSharingContract.lean:197:0: Test.Program.LayerSharingContract.once_prefix97: [propext, Quot.sound]
info: Test/Program/LayerSharingContract.lean:197:0: Test.Program.LayerSharingContract.once_prefix4: [propext, Quot.sound]
info: Test/Program/LayerSharingContract.lean:197:0: Test.Program.LayerSharingContract.once_s72_eq: [propext, Quot.sound]
info: Test/Program/LayerSharingContract.lean:197:0: Test.Program.LayerSharingContract.twice_s96_eq: [propext, Quot.sound]
info: Test/Program/LayerSharingContract.lean:197:0: Test.Program.LayerSharingContract.twice_s242_eq: [propext, Quot.sound]
info: Test/Program/LayerSharingContract.lean:197:0: Test.Program.LayerSharingContract.twice_s209: [propext, Quot.sound]
info: Test/Program/LayerSharingContract.lean:197:0: Test.Program.LayerSharingContract.twice_s109_eq: [propext, Quot.sound]
info: Test/Program/LayerSharingContract.lean:197:0: Test.Program.LayerSharingContract.twice_s2_eq: [propext, Quot.sound]
info: Test/Program/LayerSharingContract.lean:197:0: Test.Program.LayerSharingContract.once_s117: [propext, Quot.sound]
info: Test/Program/LayerSharingContract.lean:197:0: Test.Program.LayerSharingContract.twice_s240: [propext, Quot.sound]
info: Test/Program/LayerSharingContract.lean:197:0: Test.Program.LayerSharingContract.twice_s225_eq: [propext, Quot.sound]
info: Test/Program/LayerSharingContract.lean:197:0: Test.Program.LayerSharingContract.once_prefix74: [propext, Quot.sound]
info: Test/Program/LayerSharingContract.lean:197:0: Test.Program.LayerSharingContract.twice_s154: [propext, Quot.sound]
info: Test/Program/LayerSharingContract.lean:197:0: Test.Program.LayerSharingContract.twice_s81_eq: [propext, Quot.sound]
info: Test/Program/LayerSharingContract.lean:197:0: Test.Program.LayerSharingContract.twice_prefix30: [propext, Quot.sound]
info: Test/Program/LayerSharingContract.lean:197:0: Test.Program.LayerSharingContract.twice_prefix27: [propext, Quot.sound]
info: Test/Program/LayerSharingContract.lean:197:0: Test.Program.LayerSharingContract.once_s175_eq: [propext, Quot.sound]
info: Test/Program/LayerSharingContract.lean:197:0: Test.Program.LayerSharingContract.twice_s299_eq: [propext, Quot.sound]
info: Test/Program/LayerSharingContract.lean:197:0: Test.Program.LayerSharingContract.twice_prefix291: [propext, Quot.sound]
info: Test/Program/LayerSharingContract.lean:197:0: Test.Program.LayerSharingContract.twice_s300: [propext, Quot.sound]
info: Test/Program/LayerSharingContract.lean:197:0: Test.Program.LayerSharingContract.once_s114: [propext, Quot.sound]
info: Test/Program/LayerSharingContract.lean:197:0: Test.Program.LayerSharingContract.once_s30_eq: [propext, Quot.sound]
info: Test/Program/LayerSharingContract.lean:197:0: Test.Program.LayerSharingContract.twice_s57: [propext, Quot.sound]
info: Test/Program/LayerSharingContract.lean:197:0: Test.Program.LayerSharingContract.once_s209_eq: [propext, Quot.sound]
info: Test/Program/LayerSharingContract.lean:197:0: Test.Program.LayerSharingContract.twice_s296: [propext, Quot.sound]
info: Test/Program/LayerSharingContract.lean:197:0: Test.Program.LayerSharingContract.twice_s184_eq: [propext, Quot.sound]
info: Test/Program/LayerSharingContract.lean:197:0: Test.Program.LayerSharingContract.twice_s59: [propext, Quot.sound]
info: Test/Program/LayerSharingContract.lean:197:0: Test.Program.LayerSharingContract.once_prefix185: [propext, Quot.sound]
info: Test/Program/LayerSharingContract.lean:197:0: Test.Program.LayerSharingContract.twice_prefix7: [propext, Quot.sound]
info: Test/Program/LayerSharingContract.lean:197:0: Test.Program.LayerSharingContract.once_prefix87: [propext, Quot.sound]
info: Test/Program/LayerSharingContract.lean:197:0: Test.Program.LayerSharingContract.twice_prefix203: [propext, Quot.sound]
info: Test/Program/LayerSharingContract.lean:197:0: Test.Program.LayerSharingContract.twice_s186_eq: [propext, Quot.sound]
info: Test/Program/LayerSharingContract.lean:197:0: Test.Program.LayerSharingContract.once_s133: [propext, Quot.sound]
info: Test/Program/LayerSharingContract.lean:197:0: Test.Program.LayerSharingContract.once_s103: [propext, Quot.sound]
info: Test/Program/LayerSharingContract.lean:197:0: Test.Program.LayerSharingContract.twice_s161_eq: [propext, Quot.sound]
info: Test/Program/LayerSharingContract.lean:197:0: Test.Program.LayerSharingContract.twice_s23: [propext, Quot.sound]
info: Test/Program/LayerSharingContract.lean:197:0: Test.Program.LayerSharingContract.twice_s293: [propext, Quot.sound]
info: Test/Program/LayerSharingContract.lean:197:0: Test.Program.LayerSharingContract.twice_s270: [propext, Quot.sound]
info: Test/Program/LayerSharingContract.lean:197:0: Test.Program.LayerSharingContract.twice_s296_eq: [propext, Quot.sound]
info: Test/Program/LayerSharingContract.lean:197:0: Test.Program.LayerSharingContract.twice_s204: [propext, Quot.sound]
info: Test/Program/LayerSharingContract.lean:197:0: Test.Program.LayerSharingContract.twice_s82_eq: [propext, Quot.sound]
info: Test/Program/LayerSharingContract.lean:197:0: Test.Program.LayerSharingContract.once_s109_eq: [propext, Quot.sound]
info: Test/Program/LayerSharingContract.lean:197:0: Test.Program.LayerSharingContract.twice_s138: [propext, Quot.sound]
info: Test/Program/LayerSharingContract.lean:197:0: Test.Program.LayerSharingContract.twice_prefix105: [propext, Quot.sound]
info: Test/Program/LayerSharingContract.lean:197:0: Test.Program.LayerSharingContract.once_s101: [propext, Quot.sound]
info: Test/Program/LayerSharingContract.lean:197:0: Test.Program.LayerSharingContract.once_prefix76: [propext, Quot.sound]
info: Test/Program/LayerSharingContract.lean:197:0: Test.Program.LayerSharingContract.once_prefix102: [propext, Quot.sound]
info: Test/Program/LayerSharingContract.lean:197:0: Test.Program.LayerSharingContract.twice_prefix166: [propext, Quot.sound]
info: Test/Program/LayerSharingContract.lean:197:0: Test.Program.LayerSharingContract.twice_s144_eq: [propext, Quot.sound]
info: Test/Program/LayerSharingContract.lean:197:0: Test.Program.LayerSharingContract.once_prefix106: [propext, Quot.sound]
info: Test/Program/LayerSharingContract.lean:197:0: Test.Program.LayerSharingContract.twice_s108_eq: [propext, Quot.sound]
info: Test/Program/LayerSharingContract.lean:197:0: Test.Program.LayerSharingContract.twice_s268: [propext, Quot.sound]
info: Test/Program/LayerSharingContract.lean:197:0: Test.Program.LayerSharingContract.once_s111: [propext, Quot.sound]
info: Test/Program/LayerSharingContract.lean:197:0: Test.Program.LayerSharingContract.twice_s251_eq: [propext, Quot.sound]
info: Test/Program/LayerSharingContract.lean:197:0: Test.Program.LayerSharingContract.twice_prefix25: [propext, Quot.sound]
info: Test/Program/LayerSharingContract.lean:197:0: Test.Program.LayerSharingContract.twice_s241: [propext, Quot.sound]
info: Test/Program/LayerSharingContract.lean:197:0: Test.Program.LayerSharingContract.twice_s220_eq: [propext, Quot.sound]
info: Test/Program/LayerSharingContract.lean:197:0: Test.Program.LayerSharingContract.twice_s84: [propext, Quot.sound]
info: Test/Program/LayerSharingContract.lean:197:0: Test.Program.LayerSharingContract.once_s25: [propext, Quot.sound]
info: Test/Program/LayerSharingContract.lean:197:0: Test.Program.LayerSharingContract.twice_run: [propext, Quot.sound]
info: Test/Program/LayerSharingContract.lean:197:0: Test.Program.LayerSharingContract.once_s173: [propext, Quot.sound]
info: Test/Program/LayerSharingContract.lean:197:0: Test.Program.LayerSharingContract.twice_prefix176: [propext, Quot.sound]
info: Test/Program/LayerSharingContract.lean:197:0: Test.Program.LayerSharingContract.twice_s16: [propext, Quot.sound]
info: Test/Program/LayerSharingContract.lean:197:0: Test.Program.LayerSharingContract.once_s133_eq: [propext, Quot.sound]
info: Test/Program/LayerSharingContract.lean:197:0: Test.Program.LayerSharingContract.twice_s53_eq: [propext, Quot.sound]
info: Test/Program/LayerSharingContract.lean:197:0: Test.Program.LayerSharingContract.once_s40: [propext, Quot.sound]
info: Test/Program/LayerSharingContract.lean:197:0: Test.Program.LayerSharingContract.once_prefix133: [propext, Quot.sound]
info: Test/Program/LayerSharingContract.lean:197:0: Test.Program.LayerSharingContract.twice_s117: [propext, Quot.sound]
info: Test/Program/LayerSharingContract.lean:197:0: Test.Program.LayerSharingContract.kA: []
info: Test/Program/LayerSharingContract.lean:197:0: Test.Program.LayerSharingContract.twice_s70_eq: [propext, Quot.sound]
info: Test/Program/LayerSharingContract.lean:197:0: Test.Program.LayerSharingContract.tick: [propext, Quot.sound]
info: Test/Program/LayerSharingContract.lean:197:0: Test.Program.LayerSharingContract.twice_s4_eq: [propext, Quot.sound]
info: Test/Program/LayerSharingContract.lean:197:0: Test.Program.LayerSharingContract.once_s152_eq: [propext, Quot.sound]
info: Test/Program/LayerSharingContract.lean:197:0: Test.Program.LayerSharingContract.once_prefix54: [propext, Quot.sound]
info: Test/Program/LayerSharingContract.lean:197:0: Test.Program.LayerSharingContract.twice_s173: [propext, Quot.sound]
info: Test/Program/LayerSharingContract.lean:197:0: Test.Program.LayerSharingContract.twice_s295: [propext, Quot.sound]
info: Test/Program/LayerSharingContract.lean:197:0: Test.Program.LayerSharingContract.twice_s88_eq: [propext, Quot.sound]
info: Test/Program/LayerSharingContract.lean:197:0: Test.Program.LayerSharingContract.once_s66_eq: [propext, Quot.sound]
info: Test/Program/LayerSharingContract.lean:197:0: Test.Program.LayerSharingContract.once_s181: [propext, Quot.sound]
info: Test/Program/LayerSharingContract.lean:197:0: Test.Program.LayerSharingContract.once_s138_eq: [propext, Quot.sound]
info: Test/Program/LayerSharingContract.lean:197:0: Test.Program.LayerSharingContract.once_prefix119: [propext, Quot.sound]
info: Test/Program/LayerSharingContract.lean:197:0: Test.Program.LayerSharingContract.twice_prefix199: [propext, Quot.sound]
info: Test/Program/LayerSharingContract.lean:197:0: Test.Program.LayerSharingContract.twice_s110: [propext, Quot.sound]
info: Test/Program/LayerSharingContract.lean:197:0: Test.Program.LayerSharingContract.twice_s214: [propext, Quot.sound]
info: Test/Program/LayerSharingContract.lean:197:0: Test.Program.LayerSharingContract.twice_prefix213: [propext, Quot.sound]
info: Test/Program/LayerSharingContract.lean:197:0: Test.Program.LayerSharingContract.once_s208: [propext, Quot.sound]
info: Test/Program/LayerSharingContract.lean:197:0: Test.Program.LayerSharingContract.once_s157_eq: [propext, Quot.sound]
info: Test/Program/LayerSharingContract.lean:197:0: Test.Program.LayerSharingContract.once_prefix69: [propext, Quot.sound]
info: Test/Program/LayerSharingContract.lean:197:0: Test.Program.LayerSharingContract.twice_s259: [propext, Quot.sound]
info: Test/Program/LayerSharingContract.lean:197:0: Test.Program.LayerSharingContract.twice_s261_eq: [propext, Quot.sound]
info: Test/Program/LayerSharingContract.lean:197:0: Test.Program.LayerSharingContract.once_prefix80: [propext, Quot.sound]
info: Test/Program/LayerSharingContract.lean:197:0: Test.Program.LayerSharingContract.twice_s33_eq: [propext, Quot.sound]
info: Test/Program/LayerSharingContract.lean:197:0: Test.Program.LayerSharingContract.once_s142_eq: [propext, Quot.sound]
info: Test/Program/LayerSharingContract.lean:197:0: Test.Program.LayerSharingContract.twice_prefix201: [propext, Quot.sound]
info: Test/Program/LayerSharingContract.lean:197:0: Test.Program.LayerSharingContract.once_s31_eq: [propext, Quot.sound]
info: Test/Program/LayerSharingContract.lean:197:0: Test.Program.LayerSharingContract.twice_prefix5: [propext, Quot.sound]
info: Test/Program/LayerSharingContract.lean:197:0: Test.Program.LayerSharingContract.once_prefix107: [propext, Quot.sound]
info: Test/Program/LayerSharingContract.lean:197:0: Test.Program.LayerSharingContract.twice_prefix266: [propext, Quot.sound]
info: Test/Program/LayerSharingContract.lean:197:0: Test.Program.LayerSharingContract.twice_s233_eq: [propext, Quot.sound]
info: Test/Program/LayerSharingContract.lean:197:0: Test.Program.LayerSharingContract.twice_prefix23: [propext, Quot.sound]
info: Test/Program/LayerSharingContract.lean:197:0: Test.Program.LayerSharingContract.once_s39_eq: [propext, Quot.sound]
info: Test/Program/LayerSharingContract.lean:197:0: Test.Program.LayerSharingContract.once_prefix101: [propext, Quot.sound]
info: Test/Program/LayerSharingContract.lean:197:0: Test.Program.LayerSharingContract.twice_s198_eq: [propext, Quot.sound]
info: Test/Program/LayerSharingContract.lean:197:0: Test.Program.LayerSharingContract.once_prefix170: [propext, Quot.sound]
info: Test/Program/LayerSharingContract.lean:197:0: Test.Program.LayerSharingContract.once_s177_eq: [propext, Quot.sound]
info: Test/Program/LayerSharingContract.lean:197:0: Test.Program.LayerSharingContract.twice_s84_eq: [propext, Quot.sound]
info: Test/Program/LayerSharingContract.lean:197:0: Test.Program.LayerSharingContract.once_s147: [propext, Quot.sound]
info: Test/Program/LayerSharingContract.lean:197:0: Test.Program.LayerSharingContract.run_of_ticks: [propext, Quot.sound]
info: Test/Program/LayerSharingContract.lean:197:0: Test.Program.LayerSharingContract.twice_prefix139: [propext, Quot.sound]
info: Test/Program/LayerSharingContract.lean:197:0: Test.Program.LayerSharingContract.once_s4_eq: [propext, Quot.sound]
info: Test/Program/LayerSharingContract.lean:197:0: Test.Program.LayerSharingContract.once_s208_eq: [propext, Quot.sound]
info: Test/Program/LayerSharingContract.lean:197:0: Test.Program.LayerSharingContract.once_prefix165: [propext, Quot.sound]
info: Test/Program/LayerSharingContract.lean:197:0: Test.Program.LayerSharingContract.twice_prefix223: [propext, Quot.sound]
info: Test/Program/LayerSharingContract.lean:197:0: Test.Program.LayerSharingContract.once_s121: [propext, Quot.sound]
info: Test/Program/LayerSharingContract.lean:197:0: Test.Program.LayerSharingContract.twice_prefix164: [propext, Quot.sound]
info: Test/Program/LayerSharingContract.lean:197:0: Test.Program.LayerSharingContract.twice_s162: [propext, Quot.sound]
info: Test/Program/LayerSharingContract.lean:197:0: Test.Program.LayerSharingContract.once_prefix99: [propext, Quot.sound]
info: Test/Program/LayerSharingContract.lean:197:0: Test.Program.LayerSharingContract.twice_prefix268: [propext, Quot.sound]
info: Test/Program/LayerSharingContract.lean:197:0: Test.Program.LayerSharingContract.once_s83_eq: [propext, Quot.sound]
info: Test/Program/LayerSharingContract.lean:197:0: Test.Program.LayerSharingContract.once_prefix205: [propext, Quot.sound]
info: Test/Program/LayerSharingContract.lean:197:0: Test.Program.LayerSharingContract.twice_prefix234: [propext, Quot.sound]
info: Test/Program/LayerSharingContract.lean:197:0: Test.Program.LayerSharingContract.twice_s23_eq: [propext, Quot.sound]
info: Test/Program/LayerSharingContract.lean:197:0: Test.Program.LayerSharingContract.once_s173_eq: [propext, Quot.sound]
info: Test/Program/LayerSharingContract.lean:197:0: Test.Program.LayerSharingContract.once_s24: [propext, Quot.sound]
info: Test/Program/LayerSharingContract.lean:197:0: Test.Program.LayerSharingContract.twice_prefix292: [propext, Quot.sound]
info: Test/Program/LayerSharingContract.lean:197:0: Test.Program.LayerSharingContract.once_s98: [propext, Quot.sound]
info: Test/Program/LayerSharingContract.lean:197:0: Test.Program.LayerSharingContract.twice_s283_eq: [propext, Quot.sound]
info: Test/Program/LayerSharingContract.lean:197:0: Test.Program.LayerSharingContract.twice_prefix162: [propext, Quot.sound]
info: Test/Program/LayerSharingContract.lean:197:0: Test.Program.LayerSharingContract.twice_s149: [propext, Quot.sound]
info: Test/Program/LayerSharingContract.lean:197:0: Test.Program.LayerSharingContract.twice_prefix134: [propext, Quot.sound]
info: Test/Program/LayerSharingContract.lean:197:0: Test.Program.LayerSharingContract.once_s74_eq: [propext, Quot.sound]
info: Test/Program/LayerSharingContract.lean:197:0: Test.Program.LayerSharingContract.twice_s273_eq: [propext, Quot.sound]
info: Test/Program/LayerSharingContract.lean:197:0: Test.Program.LayerSharingContract.twice_s145_eq: [propext, Quot.sound]
info: Test/Program/LayerSharingContract.lean:197:0: Test.Program.LayerSharingContract.twice_s221: [propext, Quot.sound]
info: Test/Program/LayerSharingContract.lean:197:0: Test.Program.LayerSharingContract.once_s65: [propext, Quot.sound]
info: Test/Program/LayerSharingContract.lean:197:0: Test.Program.LayerSharingContract.twice_s228_eq: [propext, Quot.sound]
info: Test/Program/LayerSharingContract.lean:197:0: Test.Program.LayerSharingContract.twice_prefix281: [propext, Quot.sound]
info: Test/Program/LayerSharingContract.lean:197:0: Test.Program.LayerSharingContract.once_s34_eq: [propext, Quot.sound]
info: Test/Program/LayerSharingContract.lean:197:0: Test.Program.LayerSharingContract.twice_s162_eq: [propext, Quot.sound]
info: Test/Program/LayerSharingContract.lean:197:0: Test.Program.LayerSharingContract.once_s119_eq: [propext, Quot.sound]
info: Test/Program/LayerSharingContract.lean:197:0: Test.Program.LayerSharingContract.once_s123: [propext, Quot.sound]
info: Test/Program/LayerSharingContract.lean:197:0: Test.Program.LayerSharingContract.once_s188_eq: [propext, Quot.sound]
info: Test/Program/LayerSharingContract.lean:197:0: Test.Program.LayerSharingContract.once_s75_eq: [propext, Quot.sound]
info: Test/Program/LayerSharingContract.lean:197:0: Test.Program.LayerSharingContract.twice_prefix243: [propext, Quot.sound]
info: Test/Program/LayerSharingContract.lean:197:0: Test.Program.LayerSharingContract.once_prefix167: [propext, Quot.sound]
info: Test/Program/LayerSharingContract.lean:197:0: Test.Program.LayerSharingContract.once_prefix44: [propext, Quot.sound]
info: Test/Program/LayerSharingContract.lean:197:0: Test.Program.LayerSharingContract.twice_s83_eq: [propext, Quot.sound]
info: Test/Program/LayerSharingContract.lean:197:0: Test.Program.LayerSharingContract.twice_s80: [propext, Quot.sound]
info: Test/Program/LayerSharingContract.lean:197:0: Test.Program.LayerSharingContract.once_s146_eq: [propext, Quot.sound]
info: Test/Program/LayerSharingContract.lean:197:0: Test.Program.LayerSharingContract.twice_s267_eq: [propext, Quot.sound]
info: Test/Program/LayerSharingContract.lean:197:0: Test.Program.LayerSharingContract.twice_prefix168: [propext, Quot.sound]
info: Test/Program/LayerSharingContract.lean:197:0: Test.Program.LayerSharingContract.once_s55: [propext, Quot.sound]
info: Test/Program/LayerSharingContract.lean:197:0: Test.Program.LayerSharingContract.twice_prefix126: [propext, Quot.sound]
info: Test/Program/LayerSharingContract.lean:197:0: Test.Program.LayerSharingContract.once_prefix113: [propext, Quot.sound]
info: Test/Program/LayerSharingContract.lean:197:0: Test.Program.LayerSharingContract.twice_s299: [propext, Quot.sound]
info: Test/Program/LayerSharingContract.lean:197:0: Test.Program.LayerSharingContract.once_s174: [propext, Quot.sound]
info: Test/Program/LayerSharingContract.lean:197:0: Test.Program.LayerSharingContract.twice_s28: [propext, Quot.sound]
info: Test/Program/LayerSharingContract.lean:197:0: Test.Program.LayerSharingContract.once_prefix118: [propext, Quot.sound]
info: Test/Program/LayerSharingContract.lean:197:0: Test.Program.LayerSharingContract.twice_s191: [propext, Quot.sound]
info: Test/Program/LayerSharingContract.lean:197:0: Test.Program.LayerSharingContract.twice_s35_eq: [propext, Quot.sound]
info: Test/Program/LayerSharingContract.lean:197:0: Test.Program.LayerSharingContract.twice_s89: [propext, Quot.sound]
info: Test/Program/LayerSharingContract.lean:197:0: Test.Program.LayerSharingContract.twice_s13: [propext, Quot.sound]
info: Test/Program/LayerSharingContract.lean:197:0: Test.Program.LayerSharingContract.once_s132_eq: [propext, Quot.sound]
info: Test/Program/LayerSharingContract.lean:197:0: Test.Program.LayerSharingContract.twice_prefix255: [propext, Quot.sound]
info: Test/Program/LayerSharingContract.lean:197:0: Test.Program.LayerSharingContract.once_s96: [propext, Quot.sound]
info: Test/Program/LayerSharingContract.lean:197:0: Test.Program.LayerSharingContract.once_s73: [propext, Quot.sound]
info: Test/Program/LayerSharingContract.lean:197:0: Test.Program.LayerSharingContract.twice_s119_eq: [propext, Quot.sound]
info: Test/Program/LayerSharingContract.lean:197:0: Test.Program.LayerSharingContract.once_prefix56: [propext, Quot.sound]
info: Test/Program/LayerSharingContract.lean:197:0: Test.Program.LayerSharingContract.twice_prefix186: [propext, Quot.sound]
info: Test/Program/LayerSharingContract.lean:197:0: Test.Program.LayerSharingContract.twice_s27: [propext, Quot.sound]
info: Test/Program/LayerSharingContract.lean:197:0: Test.Program.LayerSharingContract.twice_prefix145: [propext, Quot.sound]
info: Test/Program/LayerSharingContract.lean:197:0: Test.Program.LayerSharingContract.once_prefix32: [propext, Quot.sound]
info: Test/Program/LayerSharingContract.lean:197:0: Test.Program.LayerSharingContract.once_s106_eq: [propext, Quot.sound]
info: Test/Program/LayerSharingContract.lean:197:0: Test.Program.LayerSharingContract.twice_prefix170: [propext, Quot.sound]
info: Test/Program/LayerSharingContract.lean:197:0: Test.Program.LayerSharingContract.twice_s237: [propext, Quot.sound]
info: Test/Program/LayerSharingContract.lean:197:0: Test.Program.LayerSharingContract.once_s193: [propext, Quot.sound]
info: Test/Program/LayerSharingContract.lean:197:0: Test.Program.LayerSharingContract.twice_s271_eq: [propext, Quot.sound]
info: Test/Program/LayerSharingContract.lean:197:0: Test.Program.LayerSharingContract.twice_s64_eq: [propext, Quot.sound]
info: Test/Program/LayerSharingContract.lean:197:0: Test.Program.LayerSharingContract.twice_s107_eq: [propext, Quot.sound]
info: Test/Program/LayerSharingContract.lean:197:0: Test.Program.LayerSharingContract.twice_s279: [propext, Quot.sound]
info: Test/Program/LayerSharingContract.lean:197:0: Test.Program.LayerSharingContract.once_s145: [propext, Quot.sound]
info: Test/Program/LayerSharingContract.lean:197:0: Test.Program.LayerSharingContract.twice_prefix185: [propext, Quot.sound]
info: Test/Program/LayerSharingContract.lean:197:0: Test.Program.LayerSharingContract.twice_s75: [propext, Quot.sound]
info: Test/Program/LayerSharingContract.lean:197:0: Test.Program.LayerSharingContract.once_s87: [propext, Quot.sound]
info: Test/Program/LayerSharingContract.lean:197:0: Test.Program.LayerSharingContract.twice_s37: [propext, Quot.sound]
info: Test/Program/LayerSharingContract.lean:197:0: Test.Program.LayerSharingContract.twice_prefix237: [propext, Quot.sound]
info: Test/Program/LayerSharingContract.lean:197:0: Test.Program.LayerSharingContract.twice_s101: [propext, Quot.sound]
info: Test/Program/LayerSharingContract.lean:197:0: Test.Program.LayerSharingContract.twice_s62: [propext, Quot.sound]
info: Test/Program/LayerSharingContract.lean:197:0: Test.Program.LayerSharingContract.once_prefix100: [propext, Quot.sound]
info: Test/Program/LayerSharingContract.lean:197:0: Test.Program.LayerSharingContract.twice_s116_eq: [propext, Quot.sound]
info: Test/Program/LayerSharingContract.lean:197:0: Test.Program.LayerSharingContract.once_s3: []
info: Test/Program/LayerSharingContract.lean:197:0: Test.Program.LayerSharingContract.twice_prefix1: [propext, Quot.sound]
info: Test/Program/LayerSharingContract.lean:197:0: Test.Program.LayerSharingContract.twice_prefix265: [propext, Quot.sound]
info: Test/Program/LayerSharingContract.lean:197:0: Test.Program.LayerSharingContract.twice_s98_eq: [propext, Quot.sound]
info: Test/Program/LayerSharingContract.lean:197:0: Test.Program.LayerSharingContract.once_prefix198: [propext, Quot.sound]
info: Test/Program/LayerSharingContract.lean:197:0: Test.Program.LayerSharingContract.once_s90_eq: [propext, Quot.sound]
info: Test/Program/LayerSharingContract.lean:197:0: Test.Program.LayerSharingContract.twice_prefix142: [propext, Quot.sound]
info: Test/Program/LayerSharingContract.lean:197:0: Test.Program.LayerSharingContract.twice_s49_eq: [propext, Quot.sound]
info: Test/Program/LayerSharingContract.lean:197:0: Test.Program.LayerSharingContract.twice_prefix40: [propext, Quot.sound]
info: Test/Program/LayerSharingContract.lean:197:0: Test.Program.LayerSharingContract.twice_s261: [propext, Quot.sound]
info: Test/Program/LayerSharingContract.lean:197:0: Test.Program.LayerSharingContract.twice_s38: [propext, Quot.sound]
info: Test/Program/LayerSharingContract.lean:197:0: Test.Program.LayerSharingContract.twice_prefix238: [propext, Quot.sound]
info: Test/Program/LayerSharingContract.lean:197:0: Test.Program.LayerSharingContract.twice_s290: [propext, Quot.sound]
info: Test/Program/LayerSharingContract.lean:197:0: Test.Program.LayerSharingContract.twice_prefix128: [propext, Quot.sound]
info: Test/Program/LayerSharingContract.lean:197:0: Test.Program.LayerSharingContract.once_s195_eq: [propext, Quot.sound]
info: Test/Program/LayerSharingContract.lean:197:0: Test.Program.LayerSharingContract.twice_s91_eq: [propext, Quot.sound]
info: Test/Program/LayerSharingContract.lean:197:0: Test.Program.LayerSharingContract.once_prefix8: [propext, Quot.sound]
info: Test/Program/LayerSharingContract.lean:197:0: Test.Program.LayerSharingContract.once_s36: [propext, Quot.sound]
info: Test/Program/LayerSharingContract.lean:197:0: Test.Program.LayerSharingContract.twice_s59_eq: [propext, Quot.sound]
info: Test/Program/LayerSharingContract.lean:197:0: Test.Program.LayerSharingContract.twice_s54: [propext, Quot.sound]
info: Test/Program/LayerSharingContract.lean:197:0: Test.Program.LayerSharingContract.twice_prefix183: [propext, Quot.sound]
info: Test/Program/LayerSharingContract.lean:197:0: Test.Program.LayerSharingContract.once_s80: [propext, Quot.sound]
info: Test/Program/LayerSharingContract.lean:197:0: Test.Program.LayerSharingContract.once_s125: [propext, Quot.sound]
info: Test/Program/LayerSharingContract.lean:197:0: Test.Program.LayerSharingContract.twice_s83: [propext, Quot.sound]
info: Test/Program/LayerSharingContract.lean:197:0: Test.Program.LayerSharingContract.twice_prefix232: [propext, Quot.sound]
info: Test/Program/LayerSharingContract.lean:197:0: Test.Program.LayerSharingContract.once_s163: [propext, Quot.sound]
info: Test/Program/LayerSharingContract.lean:197:0: Test.Program.LayerSharingContract.once_prefix60: [propext, Quot.sound]
info: Test/Program/LayerSharingContract.lean:197:0: Test.Program.LayerSharingContract.once_prefix53: [propext, Quot.sound]
info: Test/Program/LayerSharingContract.lean:197:0: Test.Program.LayerSharingContract.twice_prefix258: [propext, Quot.sound]
info: Test/Program/LayerSharingContract.lean:197:0: Test.Program.LayerSharingContract.twice_prefix9: [propext, Quot.sound]
info: Test/Program/LayerSharingContract.lean:197:0: Test.Program.LayerSharingContract.twice_s173_eq: [propext, Quot.sound]
info: Test/Program/LayerSharingContract.lean:197:0: Test.Program.LayerSharingContract.twice_s112: [propext, Quot.sound]
info: Test/Program/LayerSharingContract.lean:197:0: Test.Program.LayerSharingContract.twice_s120_eq: [propext, Quot.sound]
info: Test/Program/LayerSharingContract.lean:197:0: Test.Program.LayerSharingContract.once_prefix184: [propext, Quot.sound]
info: Test/Program/LayerSharingContract.lean:197:0: Test.Program.LayerSharingContract.once_s140_eq: [propext, Quot.sound]
info: Test/Program/LayerSharingContract.lean:197:0: Test.Program.LayerSharingContract.twice_prefix285: [propext, Quot.sound]
info: Test/Program/LayerSharingContract.lean:197:0: Test.Program.LayerSharingContract.twice_prefix207: [propext, Quot.sound]
info: Test/Program/LayerSharingContract.lean:197:0: Test.Program.LayerSharingContract.twice_s206_eq: [propext, Quot.sound]
info: Test/Program/LayerSharingContract.lean:197:0: Test.Program.LayerSharingContract.twice_s204_eq: [propext, Quot.sound]
info: Test/Program/LayerSharingContract.lean:197:0: Test.Program.LayerSharingContract.twice_s161: [propext, Quot.sound]
info: Test/Program/LayerSharingContract.lean:197:0: Test.Program.LayerSharingContract.twice_s125: [propext, Quot.sound]
info: Test/Program/LayerSharingContract.lean:197:0: Test.Program.LayerSharingContract.once_s178: [propext, Quot.sound]
info: Test/Program/LayerSharingContract.lean:197:0: Test.Program.LayerSharingContract.once_s140: [propext, Quot.sound]
info: Test/Program/LayerSharingContract.lean:197:0: Test.Program.LayerSharingContract.twice_s169_eq: [propext, Quot.sound]
info: Test/Program/LayerSharingContract.lean:197:0: Test.Program.LayerSharingContract.twice_prefix119: [propext, Quot.sound]
info: Test/Program/LayerSharingContract.lean:197:0: Test.Program.LayerSharingContract.twice_prefix77: [propext, Quot.sound]
info: Test/Program/LayerSharingContract.lean:197:0: Test.Program.LayerSharingContract.twice_s263: [propext, Quot.sound]
info: Test/Program/LayerSharingContract.lean:197:0: Test.Program.LayerSharingContract.once_s203: [propext, Quot.sound]
info: Test/Program/LayerSharingContract.lean:197:0: Test.Program.LayerSharingContract.twice_s254: [propext, Quot.sound]
info: Test/Program/LayerSharingContract.lean:197:0: Test.Program.LayerSharingContract.twice_prefix179: [propext, Quot.sound]
info: Test/Program/LayerSharingContract.lean:197:0: Test.Program.LayerSharingContract.twice_s9: [propext, Quot.sound]
info: Test/Program/LayerSharingContract.lean:197:0: Test.Program.LayerSharingContract.twice_s148: [propext, Quot.sound]
info: Test/Program/LayerSharingContract.lean:197:0: Test.Program.LayerSharingContract.twice_prefix58: [propext, Quot.sound]
info: Test/Program/LayerSharingContract.lean:197:0: Test.Program.LayerSharingContract.once_prefix88: [propext, Quot.sound]
info: Test/Program/LayerSharingContract.lean:197:0: Test.Program.LayerSharingContract.twice_prefix241: [propext, Quot.sound]
info: Test/Program/LayerSharingContract.lean:197:0: Test.Program.LayerSharingContract.twice_s297: [propext, Quot.sound]
info: Test/Program/LayerSharingContract.lean:197:0: Test.Program.LayerSharingContract.twice_s55: [propext, Quot.sound]
info: Test/Program/LayerSharingContract.lean:197:0: Test.Program.LayerSharingContract.twice_s94: [propext, Quot.sound]
info: Test/Program/LayerSharingContract.lean:197:0: Test.Program.LayerSharingContract.twice_s257: [propext, Quot.sound]
info: Test/Program/LayerSharingContract.lean:197:0: Test.Program.LayerSharingContract.once_s212_eq: [propext, Quot.sound]
info: Test/Program/LayerSharingContract.lean:197:0: Test.Program.LayerSharingContract.twice_prefix171: [propext, Quot.sound]
info: Test/Program/LayerSharingContract.lean:197:0: Test.Program.LayerSharingContract.twice_prefix124: [propext, Quot.sound]
info: Test/Program/LayerSharingContract.lean:197:0: Test.Program.LayerSharingContract.twice_s298_eq: [propext, Quot.sound]
info: Test/Program/LayerSharingContract.lean:197:0: Test.Program.LayerSharingContract.twice_prefix225: [propext, Quot.sound]
info: Test/Program/LayerSharingContract.lean:197:0: Test.Program.LayerSharingContract.once_prefix110: [propext, Quot.sound]
info: Test/Program/LayerSharingContract.lean:197:0: Test.Program.LayerSharingContract.twice_s87_eq: [propext, Quot.sound]
info: Test/Program/LayerSharingContract.lean:197:0: Test.Program.LayerSharingContract.once_prefix121: [propext, Quot.sound]
info: Test/Program/LayerSharingContract.lean:197:0: Test.Program.LayerSharingContract.once_prefix103: [propext, Quot.sound]
info: Test/Program/LayerSharingContract.lean:197:0: Test.Program.LayerSharingContract.twice_s218: [propext, Quot.sound]
info: Test/Program/LayerSharingContract.lean:197:0: Test.Program.LayerSharingContract.twice_s103: [propext, Quot.sound]
info: Test/Program/LayerSharingContract.lean:197:0: Test.Program.LayerSharingContract.ticks_succ: [propext, Quot.sound]
info: Test/Program/LayerSharingContract.lean:197:0: Test.Program.LayerSharingContract.once_s32_eq: [propext, Quot.sound]
info: Test/Program/LayerSharingContract.lean:197:0: Test.Program.LayerSharingContract.twice_s177_eq: [propext, Quot.sound]
info: Test/Program/LayerSharingContract.lean:197:0: Test.Program.LayerSharingContract.twice_s277: [propext, Quot.sound]
info: Test/Program/LayerSharingContract.lean:197:0: Test.Program.LayerSharingContract.twice_prefix26: [propext, Quot.sound]
info: Test/Program/LayerSharingContract.lean:197:0: Test.Program.LayerSharingContract.twice_prefix76: [propext, Quot.sound]
info: Test/Program/LayerSharingContract.lean:197:0: Test.Program.LayerSharingContract.once_prefix181: [propext, Quot.sound]
info: Test/Program/LayerSharingContract.lean:197:0: Test.Program.LayerSharingContract.twice_prefix178: [propext, Quot.sound]
info: Test/Program/LayerSharingContract.lean:197:0: Test.Program.LayerSharingContract.once_prefix169: [propext, Quot.sound]
info: Test/Program/LayerSharingContract.lean:197:0: Test.Program.LayerSharingContract.twice_s30: [propext, Quot.sound]
info: Test/Program/LayerSharingContract.lean:197:0: Test.Program.LayerSharingContract.once_s210_eq: [propext, Quot.sound]
info: Test/Program/LayerSharingContract.lean:197:0: Test.Program.LayerSharingContract.twice_prefix295: [propext, Quot.sound]
info: Test/Program/LayerSharingContract.lean:197:0: Test.Program.LayerSharingContract.once_prefix45: [propext, Quot.sound]
info: Test/Program/LayerSharingContract.lean:197:0: Test.Program.LayerSharingContract.twice_s249_eq: [propext, Quot.sound]
info: Test/Program/LayerSharingContract.lean:197:0: Test.Program.LayerSharingContract.twice_prefix279: [propext, Quot.sound]
info: Test/Program/LayerSharingContract.lean:197:0: Test.Program.LayerSharingContract.twice_prefix282: [propext, Quot.sound]
info: Test/Program/LayerSharingContract.lean:197:0: Test.Program.LayerSharingContract.twice_prefix165: [propext, Quot.sound]
info: Test/Program/LayerSharingContract.lean:197:0: Test.Program.LayerSharingContract.twice_s164_eq: [propext, Quot.sound]
info: Test/Program/LayerSharingContract.lean:197:0: Test.Program.LayerSharingContract.twice_s24: [propext, Quot.sound]
info: Test/Program/LayerSharingContract.lean:197:0: Test.Program.LayerSharingContract.twice_s290_eq: [propext, Quot.sound]
info: Test/Program/LayerSharingContract.lean:197:0: Test.Program.LayerSharingContract.once_prefix109: [propext, Quot.sound]
info: Test/Program/LayerSharingContract.lean:197:0: Test.Program.LayerSharingContract.once_s72: [propext, Quot.sound]
info: Test/Program/LayerSharingContract.lean:197:0: Test.Program.LayerSharingContract.twice_prefix6: [propext, Quot.sound]
info: Test/Program/LayerSharingContract.lean:197:0: Test.Program.LayerSharingContract.once_s115: [propext, Quot.sound]
info: Test/Program/LayerSharingContract.lean:197:0: Test.Program.LayerSharingContract.twice_s203: [propext, Quot.sound]
info: Test/Program/LayerSharingContract.lean:197:0: Test.Program.LayerSharingContract.once_s120: [propext, Quot.sound]
info: Test/Program/LayerSharingContract.lean:197:0: Test.Program.LayerSharingContract.twice_prefix267: [propext, Quot.sound]
info: Test/Program/LayerSharingContract.lean:197:0: Test.Program.LayerSharingContract.twice_s41: [propext, Quot.sound]
info: Test/Program/LayerSharingContract.lean:197:0: Test.Program.LayerSharingContract.twice_s33: [propext, Quot.sound]
info: Test/Program/LayerSharingContract.lean:197:0: Test.Program.LayerSharingContract.once_s135: [propext, Quot.sound]
info: Test/Program/LayerSharingContract.lean:197:0: Test.Program.LayerSharingContract.twice_prefix71: [propext, Quot.sound]
info: Test/Program/LayerSharingContract.lean:197:0: Test.Program.LayerSharingContract.twice_prefix152: [propext, Quot.sound]
info: Test/Program/LayerSharingContract.lean:197:0: Test.Program.LayerSharingContract.once_s59: [propext, Quot.sound]
info: Test/Program/LayerSharingContract.lean:197:0: Test.Program.LayerSharingContract.twice_prefix8: [propext, Quot.sound]
info: Test/Program/LayerSharingContract.lean:197:0: Test.Program.LayerSharingContract.twice_s152: [propext, Quot.sound]
info: Test/Program/LayerSharingContract.lean:197:0: Test.Program.LayerSharingContract.twice_s180: [propext, Quot.sound]
info: Test/Program/LayerSharingContract.lean:197:0: Test.Program.LayerSharingContract.once_s204: [propext, Quot.sound]
info: Test/Program/LayerSharingContract.lean:197:0: Test.Program.LayerSharingContract.twice_prefix254: [propext, Quot.sound]
info: Test/Program/LayerSharingContract.lean:197:0: Test.Program.LayerSharingContract.once_s165_eq: [propext, Quot.sound]
info: Test/Program/LayerSharingContract.lean:197:0: Test.Program.LayerSharingContract.once_s199_eq: [propext, Quot.sound]
info: Test/Program/LayerSharingContract.lean:197:0: Test.Program.LayerSharingContract.once_s105: [propext, Quot.sound]
info: Test/Program/LayerSharingContract.lean:197:0: Test.Program.LayerSharingContract.twice_prefix109: [propext, Quot.sound]
info: Test/Program/LayerSharingContract.lean:197:0: Test.Program.LayerSharingContract.once_s40_eq: [propext, Quot.sound]
info: Test/Program/LayerSharingContract.lean:197:0: Test.Program.LayerSharingContract.once_s39: [propext, Quot.sound]
info: Test/Program/LayerSharingContract.lean:197:0: Test.Program.LayerSharingContract.once_s16: [propext, Quot.sound]
info: Test/Program/LayerSharingContract.lean:197:0: Test.Program.LayerSharingContract.twice_s127: [propext, Quot.sound]
info: Test/Program/LayerSharingContract.lean:197:0: Test.Program.LayerSharingContract.once_s26_eq: [propext, Quot.sound]
info: Test/Program/LayerSharingContract.lean:197:0: Test.Program.LayerSharingContract.twice_prefix120: [propext, Quot.sound]
info: Test/Program/LayerSharingContract.lean:197:0: Test.Program.LayerSharingContract.twice_prefix89: [propext, Quot.sound]
info: Test/Program/LayerSharingContract.lean:197:0: Test.Program.LayerSharingContract.once_s129: [propext, Quot.sound]
info: Test/Program/LayerSharingContract.lean:197:0: Test.Program.LayerSharingContract.once_s207_eq: [propext, Quot.sound]
info: Test/Program/LayerSharingContract.lean:197:0: Test.Program.LayerSharingContract.once_s48_eq: [propext, Quot.sound]
info: Test/Program/LayerSharingContract.lean:197:0: Test.Program.LayerSharingContract.once_s70_eq: [propext, Quot.sound]
info: Test/Program/LayerSharingContract.lean:197:0: Test.Program.LayerSharingContract.twice_s217_eq: [propext, Quot.sound]
info: Test/Program/LayerSharingContract.lean:197:0: Test.Program.LayerSharingContract.twice_s200_eq: [propext, Quot.sound]
info: Test/Program/LayerSharingContract.lean:197:0: Test.Program.LayerSharingContract.twice_s269: [propext, Quot.sound]
info: Test/Program/LayerSharingContract.lean:197:0: Test.Program.LayerSharingContract.once_s192: [propext, Quot.sound]
info: Test/Program/LayerSharingContract.lean:197:0: Test.Program.LayerSharingContract.twice_s294: [propext, Quot.sound]
info: Test/Program/LayerSharingContract.lean:197:0: Test.Program.LayerSharingContract.once_s102_eq: [propext, Quot.sound]
info: Test/Program/LayerSharingContract.lean:197:0: Test.Program.LayerSharingContract.twice_s284_eq: [propext, Quot.sound]
info: Test/Program/LayerSharingContract.lean:197:0: Test.Program.LayerSharingContract.once_prefix25: [propext, Quot.sound]
info: Test/Program/LayerSharingContract.lean:197:0: Test.Program.LayerSharingContract.twice_s291: [propext, Quot.sound]
info: Test/Program/LayerSharingContract.lean:197:0: Test.Program.LayerSharingContract.once_s149_eq: [propext, Quot.sound]
info: Test/Program/LayerSharingContract.lean:197:0: Test.Program.LayerSharingContract.once_s120_eq: [propext, Quot.sound]
info: Test/Program/LayerSharingContract.lean:197:0: Test.Program.LayerSharingContract.twice_s155_eq: [propext, Quot.sound]
info: Test/Program/LayerSharingContract.lean:197:0: Test.Program.LayerSharingContract.once_s136_eq: [propext, Quot.sound]
info: Test/Program/LayerSharingContract.lean:197:0: Test.Program.LayerSharingContract.twice_s107: [propext, Quot.sound]
info: Test/Program/LayerSharingContract.lean:197:0: Test.Program.LayerSharingContract.once_prefix200: [propext, Quot.sound]
info: Test/Program/LayerSharingContract.lean:197:0: Test.Program.LayerSharingContract.twice_prefix271: [propext, Quot.sound]
info: Test/Program/LayerSharingContract.lean:197:0: Test.Program.LayerSharingContract.twice_s259_eq: [propext, Quot.sound]
info: Test/Program/LayerSharingContract.lean:197:0: Test.Program.LayerSharingContract.once_prefix49: [propext, Quot.sound]
info: Test/Program/LayerSharingContract.lean:197:0: Test.Program.LayerSharingContract.twice_s20_eq: [propext, Quot.sound]
info: Test/Program/LayerSharingContract.lean:197:0: Test.Program.LayerSharingContract.once_s54_eq: [propext, Quot.sound]
info: Test/Program/LayerSharingContract.lean:197:0: Test.Program.LayerSharingContract.twice_s185_eq: [propext, Quot.sound]
info: Test/Program/LayerSharingContract.lean:197:0: Test.Program.LayerSharingContract.twice_s32: [propext, Quot.sound]
info: Test/Program/LayerSharingContract.lean:197:0: Test.Program.LayerSharingContract.once_s96_eq: [propext, Quot.sound]
info: Test/Program/LayerSharingContract.lean:197:0: Test.Program.LayerSharingContract.twice_prefix247: [propext, Quot.sound]
info: Test/Program/LayerSharingContract.lean:197:0: Test.Program.LayerSharingContract.once_s166: [propext, Quot.sound]
info: Test/Program/LayerSharingContract.lean:197:0: Test.Program.LayerSharingContract.once_s125_eq: [propext, Quot.sound]
info: Test/Program/LayerSharingContract.lean:197:0: Test.Program.LayerSharingContract.once_s131_eq: [propext, Quot.sound]
info: Test/Program/LayerSharingContract.lean:197:0: Test.Program.LayerSharingContract.twice_prefix277: [propext, Quot.sound]
info: Test/Program/LayerSharingContract.lean:197:0: Test.Program.LayerSharingContract.once_s141_eq: [propext, Quot.sound]
info: Test/Program/LayerSharingContract.lean:197:0: Test.Program.LayerSharingContract.once_s15: [propext, Quot.sound]
info: Test/Program/LayerSharingContract.lean:197:0: Test.Program.LayerSharingContract.twice_s15: [propext, Quot.sound]
info: Test/Program/LayerSharingContract.lean:197:0: Test.Program.LayerSharingContract.once_s117_eq: [propext, Quot.sound]
info: Test/Program/LayerSharingContract.lean:197:0: Test.Program.LayerSharingContract.once_prefix14: [propext, Quot.sound]
info: Test/Program/LayerSharingContract.lean:197:0: Test.Program.LayerSharingContract.twice_s286_eq: [propext, Quot.sound]
info: Test/Program/LayerSharingContract.lean:197:0: Test.Program.LayerSharingContract.twice_s53: [propext, Quot.sound]
info: Test/Program/LayerSharingContract.lean:197:0: Test.Program.LayerSharingContract.twice_prefix123: [propext, Quot.sound]
info: Test/Program/LayerSharingContract.lean:197:0: Test.Program.LayerSharingContract.twice_s113_eq: [propext, Quot.sound]
info: Test/Program/LayerSharingContract.lean:197:0: Test.Program.LayerSharingContract.once_s101_eq: [propext, Quot.sound]
info: Test/Program/LayerSharingContract.lean:197:0: Test.Program.LayerSharingContract.once_prefix125: [propext, Quot.sound]
info: Test/Program/LayerSharingContract.lean:197:0: Test.Program.LayerSharingContract.twice_s191_eq: [propext, Quot.sound]
info: Test/Program/LayerSharingContract.lean:197:0: Test.Program.LayerSharingContract.once_s104_eq: [propext, Quot.sound]
info: Test/Program/LayerSharingContract.lean:197:0: Test.Program.LayerSharingContract.twice_s61: [propext, Quot.sound]
info: Test/Program/LayerSharingContract.lean:197:0: Test.Program.LayerSharingContract.kRef: []
info: Test/Program/LayerSharingContract.lean:197:0: Test.Program.LayerSharingContract.twice_s8: [propext, Quot.sound]
info: Test/Program/LayerSharingContract.lean:197:0: Test.Program.LayerSharingContract.once_s126_eq: [propext, Quot.sound]
info: Test/Program/LayerSharingContract.lean:197:0: Test.Program.LayerSharingContract.once_s116_eq: [propext, Quot.sound]
info: Test/Program/LayerSharingContract.lean:197:0: Test.Program.LayerSharingContract.twice_prefix229: [propext, Quot.sound]
info: Test/Program/LayerSharingContract.lean:197:0: Test.Program.LayerSharingContract.once_prefix130: [propext, Quot.sound]
info: Test/Program/LayerSharingContract.lean:197:0: Test.Program.LayerSharingContract.replay_of_ticks: [propext, Quot.sound]
info: Test/Program/LayerSharingContract.lean:197:0: Test.Program.LayerSharingContract.twice_prefix103: [propext, Quot.sound]
info: Test/Program/LayerSharingContract.lean:197:0: Test.Program.LayerSharingContract.once_prefix195: [propext, Quot.sound]
info: Test/Program/LayerSharingContract.lean:197:0: Test.Program.LayerSharingContract.twice_s167: [propext, Quot.sound]
info: Test/Program/LayerSharingContract.lean:197:0: Test.Program.LayerSharingContract.once_s52_eq: [propext, Quot.sound]
info: Test/Program/LayerSharingContract.lean:197:0: Test.Program.LayerSharingContract.once_s36_eq: [propext, Quot.sound]
info: Test/Program/LayerSharingContract.lean:197:0: Test.Program.LayerSharingContract.twice_s132_eq: [propext, Quot.sound]
info: Test/Program/LayerSharingContract.lean:197:0: Test.Program.LayerSharingContract.once_s92: [propext, Quot.sound]
info: Test/Program/LayerSharingContract.lean:197:0: Test.Program.LayerSharingContract.once_s17: [propext, Quot.sound]
info: Test/Program/LayerSharingContract.lean:197:0: Test.Program.LayerSharingContract.twice_s176_eq: [propext, Quot.sound]
info: Test/Program/LayerSharingContract.lean:197:0: Test.Program.LayerSharingContract.twice_s78: [propext, Quot.sound]
info: Test/Program/LayerSharingContract.lean:197:0: Test.Program.LayerSharingContract.twice_prefix35: [propext, Quot.sound]
info: Test/Program/LayerSharingContract.lean:197:0: Test.Program.LayerSharingContract.twice_prefix115: [propext, Quot.sound]
info: Test/Program/LayerSharingContract.lean:197:0: Test.Program.LayerSharingContract.twice_s287: [propext, Quot.sound]
info: Test/Program/LayerSharingContract.lean:197:0: Test.Program.LayerSharingContract.twice_s1: []
info: Test/Program/LayerSharingContract.lean:197:0: Test.Program.LayerSharingContract.once_s109: [propext, Quot.sound]
info: Test/Program/LayerSharingContract.lean:197:0: Test.Program.LayerSharingContract.twice_prefix90: [propext, Quot.sound]
info: Test/Program/LayerSharingContract.lean:197:0: Test.Program.LayerSharingContract.once_s69_eq: [propext, Quot.sound]
info: Test/Program/LayerSharingContract.lean:197:0: Test.Program.LayerSharingContract.once_s170: [propext, Quot.sound]
info: Test/Program/LayerSharingContract.lean:197:0: Test.Program.LayerSharingContract.once_s8: [propext, Quot.sound]
info: Test/Program/LayerSharingContract.lean:197:0: Test.Program.LayerSharingContract.once_s53: [propext, Quot.sound]
info: Test/Program/LayerSharingContract.lean:197:0: Test.Program.LayerSharingContract.twice_s157_eq: [propext, Quot.sound]
info: Test/Program/LayerSharingContract.lean:197:0: Test.Program.LayerSharingContract.twice_s246_eq: [propext, Quot.sound]
info: Test/Program/LayerSharingContract.lean:197:0: Test.Program.LayerSharingContract.twice_prefix127: [propext, Quot.sound]
info: Test/Program/LayerSharingContract.lean:197:0: Test.Program.LayerSharingContract.once_prefix189: [propext, Quot.sound]
info: Test/Program/LayerSharingContract.lean:197:0: Test.Program.LayerSharingContract.twice_prefix110: [propext, Quot.sound]
info: Test/Program/LayerSharingContract.lean:197:0: Test.Program.LayerSharingContract.once_prefix206: [propext, Quot.sound]
info: Test/Program/LayerSharingContract.lean:197:0: Test.Program.LayerSharingContract.once_s78: [propext, Quot.sound]
info: Test/Program/LayerSharingContract.lean:197:0: Test.Program.LayerSharingContract.once_s175: [propext, Quot.sound]
info: Test/Program/LayerSharingContract.lean:197:0: Test.Program.LayerSharingContract.twice_s215_eq: [propext, Quot.sound]
info: Test/Program/LayerSharingContract.lean:197:0: Test.Program.LayerSharingContract.twice_prefix79: [propext, Quot.sound]
info: Test/Program/LayerSharingContract.lean:197:0: Test.Program.LayerSharingContract.once_s10: [propext, Quot.sound]
info: Test/Program/LayerSharingContract.lean:197:0: Test.Program.LayerSharingContract.twice_s280: [propext, Quot.sound]
info: Test/Program/LayerSharingContract.lean:197:0: Test.Program.LayerSharingContract.once_s116: [propext, Quot.sound]
info: Test/Program/LayerSharingContract.lean:197:0: Test.Program.LayerSharingContract.twice: []
info: Test/Program/LayerSharingContract.lean:197:0: Test.Program.LayerSharingContract.once_s151: [propext, Quot.sound]
info: Test/Program/LayerSharingContract.lean:197:0: Test.Program.LayerSharingContract.twice_prefix300: [propext, Quot.sound]
info: Test/Program/LayerSharingContract.lean:197:0: Test.Program.LayerSharingContract.once_s201_eq: [propext, Quot.sound]
info: Test/Program/LayerSharingContract.lean:197:0: Test.Program.LayerSharingContract.twice_s236: [propext, Quot.sound]
info: Test/Program/LayerSharingContract.lean:197:0: Test.Program.LayerSharingContract.twice_prefix16: [propext, Quot.sound]
info: Test/Program/LayerSharingContract.lean:197:0: Test.Program.LayerSharingContract.twice_s274: [propext, Quot.sound]
info: Test/Program/LayerSharingContract.lean:197:0: Test.Program.LayerSharingContract.twice_prefix153: [propext, Quot.sound]
info: Test/Program/LayerSharingContract.lean:197:0: Test.Program.LayerSharingContract.twice_prefix112: [propext, Quot.sound]
info: Test/Program/LayerSharingContract.lean:197:0: Test.Program.LayerSharingContract.twice_s40: [propext, Quot.sound]
info: Test/Program/LayerSharingContract.lean:197:0: Test.Program.LayerSharingContract.twice_s289: [propext, Quot.sound]
info: Test/Program/LayerSharingContract.lean:197:0: Test.Program.LayerSharingContract.twice_s269_eq: [propext, Quot.sound]
info: Test/Program/LayerSharingContract.lean:197:0: Test.Program.LayerSharingContract.once_s137: [propext, Quot.sound]
info: Test/Program/LayerSharingContract.lean:197:0: Test.Program.LayerSharingContract.twice_s63_eq: [propext, Quot.sound]
info: Test/Program/LayerSharingContract.lean:197:0: Test.Program.LayerSharingContract.once_s70: [propext, Quot.sound]
info: Test/Program/LayerSharingContract.lean:197:0: Test.Program.LayerSharingContract.twice_prefix36: [propext, Quot.sound]
info: Test/Program/LayerSharingContract.lean:197:0: Test.Program.LayerSharingContract.twice_s54_eq: [propext, Quot.sound]
info: Test/Program/LayerSharingContract.lean:197:0: Test.Program.LayerSharingContract.twice_s52: [propext, Quot.sound]
info: Test/Program/LayerSharingContract.lean:197:0: Test.Program.LayerSharingContract.once_s100: [propext, Quot.sound]
info: Test/Program/LayerSharingContract.lean:197:0: Test.Program.LayerSharingContract.twice_s171: [propext, Quot.sound]
info: Test/Program/LayerSharingContract.lean:197:0: Test.Program.LayerSharingContract.once_s202_eq: [propext, Quot.sound]
info: Test/Program/LayerSharingContract.lean:197:0: Test.Program.LayerSharingContract.twice_s121_eq: [propext, Quot.sound]
info: Test/Program/LayerSharingContract.lean:197:0: Test.Program.LayerSharingContract.twice_prefix10: [propext, Quot.sound]
info: Test/Program/LayerSharingContract.lean:197:0: Test.Program.LayerSharingContract.once_s118: [propext, Quot.sound]
info: Test/Program/LayerSharingContract.lean:197:0: Test.Program.LayerSharingContract.twice_s295_eq: [propext, Quot.sound]
info: Test/Program/LayerSharingContract.lean:197:0: Test.Program.LayerSharingContract.twice_s219: [propext, Quot.sound]
info: Test/Program/LayerSharingContract.lean:197:0: Test.Program.LayerSharingContract.once_prefix180: [propext, Quot.sound]
info: Test/Program/LayerSharingContract.lean:197:0: Test.Program.LayerSharingContract.twice_s240_eq: [propext, Quot.sound]
info: Test/Program/LayerSharingContract.lean:197:0: Test.Program.LayerSharingContract.once_s113_eq: [propext, Quot.sound]
info: Test/Program/LayerSharingContract.lean:197:0: Test.Program.LayerSharingContract.once_refs: [propext, Quot.sound]
info: Test/Program/LayerSharingContract.lean:197:0: Test.Program.LayerSharingContract.once_s214: [propext, Quot.sound]
info: Test/Program/LayerSharingContract.lean:197:0: Test.Program.LayerSharingContract.once_s6: []
info: Test/Program/LayerSharingContract.lean:197:0: Test.Program.LayerSharingContract.twice_s266: [propext, Quot.sound]
info: Test/Program/LayerSharingContract.lean:197:0: Test.Program.LayerSharingContract.once_s58_eq: [propext, Quot.sound]
info: Test/Program/LayerSharingContract.lean:197:0: Test.Program.LayerSharingContract.once_s20_eq: [propext, Quot.sound]
info: Test/Program/LayerSharingContract.lean:197:0: Test.Program.LayerSharingContract.twice_s73_eq: [propext, Quot.sound]
info: Test/Program/LayerSharingContract.lean:197:0: Test.Program.LayerSharingContract.once_prefix57: [propext, Quot.sound]
info: Test/Program/LayerSharingContract.lean:197:0: Test.Program.LayerSharingContract.once_s172_eq: [propext, Quot.sound]
info: Test/Program/LayerSharingContract.lean:197:0: Test.Program.LayerSharingContract.twice_s206: [propext, Quot.sound]
info: Test/Program/LayerSharingContract.lean:197:0: Test.Program.LayerSharingContract.once_run: [propext, Quot.sound]
info: Test/Program/LayerSharingContract.lean:197:0: Test.Program.LayerSharingContract.once_prefix162: [propext, Quot.sound]
info: Test/Program/LayerSharingContract.lean:197:0: Test.Program.LayerSharingContract.twice_s250: [propext, Quot.sound]
info: Test/Program/LayerSharingContract.lean:197:0: Test.Program.LayerSharingContract.twice_prefix52: [propext, Quot.sound]
info: Test/Program/LayerSharingContract.lean:197:0: Test.Program.LayerSharingContract.twice_s39_eq: [propext, Quot.sound]
info: Test/Program/LayerSharingContract.lean:197:0: Test.Program.LayerSharingContract.twice_prefix264: [propext, Quot.sound]
info: Test/Program/LayerSharingContract.lean:197:0: Test.Program.LayerSharingContract.twice_s188: [propext, Quot.sound]
info: Test/Program/LayerSharingContract.lean:197:0: Test.Program.LayerSharingContract.once_s150_eq: [propext, Quot.sound]
info: Test/Program/LayerSharingContract.lean:197:0: Test.Program.LayerSharingContract.twice_s75_eq: [propext, Quot.sound]
info: Test/Program/LayerSharingContract.lean:197:0: Test.Program.LayerSharingContract.once_prefix155: [propext, Quot.sound]
info: Test/Program/LayerSharingContract.lean:197:0: Test.Program.LayerSharingContract.once_prefix9: [propext, Quot.sound]
info: Test/Program/LayerSharingContract.lean:197:0: Test.Program.LayerSharingContract.twice_s103_eq: [propext, Quot.sound]
info: Test/Program/LayerSharingContract.lean:197:0: Test.Program.LayerSharingContract.once_s4: []
info: Test/Program/LayerSharingContract.lean:197:0: Test.Program.LayerSharingContract.twice_s159: [propext, Quot.sound]
info: Test/Program/LayerSharingContract.lean:197:0: Test.Program.LayerSharingContract.twice_s102: [propext, Quot.sound]
info: Test/Program/LayerSharingContract.lean:197:0: Test.Program.LayerSharingContract.twice_prefix197: [propext, Quot.sound]
info: Test/Program/LayerSharingContract.lean:197:0: Test.Program.LayerSharingContract.twice_prefix63: [propext, Quot.sound]
info: Test/Program/LayerSharingContract.lean:197:0: Test.Program.LayerSharingContract.twice_s49: [propext, Quot.sound]
info: Test/Program/LayerSharingContract.lean:197:0: Test.Program.LayerSharingContract.twice_s100_eq: [propext, Quot.sound]
info: Test/Program/LayerSharingContract.lean:197:0: Test.Program.LayerSharingContract.twice_s46: [propext, Quot.sound]
info: Test/Program/LayerSharingContract.lean:197:0: Test.Program.LayerSharingContract.twice_s273: [propext, Quot.sound]
info: Test/Program/LayerSharingContract.lean:197:0: Test.Program.LayerSharingContract.twice_s0_eq: [propext]
info: Test/Program/LayerSharingContract.lean:197:0: Test.Program.LayerSharingContract.once_s168_eq: [propext, Quot.sound]
info: Test/Program/LayerSharingContract.lean:197:0: Test.Program.LayerSharingContract.twice_prefix144: [propext, Quot.sound]
info: Test/Program/LayerSharingContract.lean:197:0: Test.Program.LayerSharingContract.twice_s139: [propext, Quot.sound]
info: Test/Program/LayerSharingContract.lean:197:0: Test.Program.LayerSharingContract.twice_s229: [propext, Quot.sound]
info: Test/Program/LayerSharingContract.lean:197:0: Test.Program.LayerSharingContract.twice_s181: [propext, Quot.sound]
info: Test/Program/LayerSharingContract.lean:197:0: Test.Program.LayerSharingContract.once_s119: [propext, Quot.sound]
info: Test/Program/LayerSharingContract.lean:197:0: Test.Program.LayerSharingContract.once_s110_eq: [propext, Quot.sound]
info: Test/Program/LayerSharingContract.lean:197:0: Test.Program.LayerSharingContract.twice_prefix107: [propext, Quot.sound]
info: Test/Program/LayerSharingContract.lean:197:0: Test.Program.LayerSharingContract.once_s181_eq: [propext, Quot.sound]
info: Test/Program/LayerSharingContract.lean:197:0: Test.Program.LayerSharingContract.once_s107: [propext, Quot.sound]
info: Test/Program/LayerSharingContract.lean:197:0: Test.Program.LayerSharingContract.once_prefix18: [propext, Quot.sound]
info: Test/Program/LayerSharingContract.lean:197:0: Test.Program.LayerSharingContract.twice_prefix202: [propext, Quot.sound]
info: Test/Program/LayerSharingContract.lean:197:0: Test.Program.LayerSharingContract.twice_prefix46: [propext, Quot.sound]
info: Test/Program/LayerSharingContract.lean:197:0: Test.Program.LayerSharingContract.once_prefix61: [propext, Quot.sound]
info: Test/Program/LayerSharingContract.lean:197:0: Test.Program.LayerSharingContract.twice_commands_done: [propext, Quot.sound]
info: Test/Program/LayerSharingContract.lean:197:0: Test.Program.LayerSharingContract.once_s10_eq: [propext, Quot.sound]
info: Test/Program/LayerSharingContract.lean:197:0: Test.Program.LayerSharingContract.twice_s254_eq: [propext, Quot.sound]
info: Test/Program/LayerSharingContract.lean:197:0: Test.Program.LayerSharingContract.twice_s153_eq: [propext, Quot.sound]
info: Test/Program/LayerSharingContract.lean:197:0: Test.Program.LayerSharingContract.twice_s41_eq: [propext, Quot.sound]
info: Test/Program/LayerSharingContract.lean:197:0: Test.Program.LayerSharingContract.twice_s104_eq: [propext, Quot.sound]
info: Test/Program/LayerSharingContract.lean:197:0: Test.Program.LayerSharingContract.twice_s55_eq: [propext, Quot.sound]
info: Test/Program/LayerSharingContract.lean:197:0: Test.Program.LayerSharingContract.once_s184_eq: [propext, Quot.sound]
info: Test/Program/LayerSharingContract.lean:197:0: Test.Program.LayerSharingContract.twice_s134: [propext, Quot.sound]
info: Test/Program/LayerSharingContract.lean:197:0: Test.Program.LayerSharingContract.twice_s265: [propext, Quot.sound]
info: Test/Program/LayerSharingContract.lean:197:0: Test.Program.LayerSharingContract.once_prefix24: [propext, Quot.sound]
info: Test/Program/LayerSharingContract.lean:197:0: Test.Program.LayerSharingContract.twice_s281_eq: [propext, Quot.sound]
info: Test/Program/LayerSharingContract.lean:197:0: Test.Program.LayerSharingContract.once_s68: [propext, Quot.sound]
info: Test/Program/LayerSharingContract.lean:197:0: Test.Program.LayerSharingContract.once_prefix75: [propext, Quot.sound]
info: Test/Program/LayerSharingContract.lean:197:0: Test.Program.LayerSharingContract.once_s32: [propext, Quot.sound]
info: Test/Program/LayerSharingContract.lean:197:0: Test.Program.LayerSharingContract.twice_s31: [propext, Quot.sound]
info: Test/Program/LayerSharingContract.lean:197:0: Test.Program.LayerSharingContract.once_s144: [propext, Quot.sound]
info: Test/Program/LayerSharingContract.lean:197:0: Test.Program.LayerSharingContract.twice_s284: [propext, Quot.sound]
info: Test/Program/LayerSharingContract.lean:197:0: Test.Program.LayerSharingContract.twice_s218_eq: [propext, Quot.sound]
info: Test/Program/LayerSharingContract.lean:197:0: Test.Program.LayerSharingContract.twice_prefix196: [propext, Quot.sound]
info: Test/Program/LayerSharingContract.lean:197:0: Test.Program.LayerSharingContract.twice_s32_eq: [propext, Quot.sound]
info: Test/Program/LayerSharingContract.lean:197:0: Test.Program.LayerSharingContract.once_prefix211: [propext, Quot.sound]
info: Test/Program/LayerSharingContract.lean:197:0: Test.Program.LayerSharingContract.once_s62_eq: [propext, Quot.sound]
info: Test/Program/LayerSharingContract.lean:197:0: Test.Program.LayerSharingContract.twice_s67: [propext, Quot.sound]
info: Test/Program/LayerSharingContract.lean:197:0: Test.Program.LayerSharingContract.once_s0: []
info: Test/Program/LayerSharingContract.lean:197:0: Test.Program.LayerSharingContract.twice_prefix259: [propext, Quot.sound]
info: Test/Program/LayerSharingContract.lean:197:0: Test.Program.LayerSharingContract.once_prefix123: [propext, Quot.sound]
info: Test/Program/LayerSharingContract.lean:197:0: Test.Program.LayerSharingContract.once_s5: []
info: Test/Program/LayerSharingContract.lean:197:0: Test.Program.LayerSharingContract.once_s154_eq: [propext, Quot.sound]
info: Test/Program/LayerSharingContract.lean:197:0: PASS: inspected all 1581 declarations defined by the current module; 528 ordinary definitions; no retained elaborator helper
info: Test/Program/ProvisionContract.lean:54:0: instDecidableEqLayerTy
info: Test/Program/ProvisionContract.lean:68:0: fun a b => instDecidableEqLayerTerm a b
info: Test/Program/ConfigContract.lean:354:0: @residual_empty_of_subset : ∀ {Name : Type} [inst : DecidableEq Name] (table : List (Path Name)) (q : Path Name)
  (c : ConfigTerm Name) (entries : List (Path Name × String)),
  (readsRow table q c).Subset (providedRow table entries) → residual table q c entries = Row.empty
info: Test/Program/TypeAlgebraContract.lean:160:0: Effect4.Program.Ty.normalize_idem (t : Ty) : t.normalize.normalize = t.normalize
info: Test/Program/TypeAlgebraContract.lean:161:0: Effect4.Program.hasTy_normalize (t : Ty) (v : Val) (allocated : List String) :
  Val.hasTy v t.normalize allocated = Val.hasTy v t allocated
info: Test/Program/TypeAlgebraContract.lean:162:0: Effect4.Program.hasTy_fibers (ids : List FiberId) (inner : Ty) (allocated : List String) :
  Val.hasTy (Val.fibers ids) inner.list allocated = ids.all fun id => Val.hasTy (Val.fiber id) inner allocated
info: Test/Program/TypeAlgebraContract.lean:163:0: Effect4.Program.hasTy_fibers_nil (inner : Ty) (allocated : List String) :
  Val.hasTy (Val.fibers []) inner.list allocated = true
info: Test/Program/TypeAlgebraContract.lean:164:0: Effect4.Program.Ty.join_self (t : Ty) : t.join t = t.normalize
info: Test/Program/TypeAlgebraContract.lean:165:0: Effect4.Program.Ty.join_never (t : Ty) : Ty.never.join t = t.normalize
info: Test/Program/TypeAlgebraContract.lean:166:0: Effect4.Program.Ty.join_comm (a b : Ty) : a.join b = b.join a
info: Test/Program/TypeAlgebraContract.lean:167:0: Effect4.Program.Ty.join_assoc (a b c : Ty) : (a.join b).join c = a.join (b.join c)
info: Test/Program/TypeAlgebraContract.lean:168:0: Effect4.Program.CTy.join_self (t : CTy) : t.join t = t
info: Test/Program/TypeAlgebraContract.lean:169:0: Effect4.Program.CTy.join_never (t : CTy) : CTy.never.join t = t
info: Test/Program/TypeAlgebraContract.lean:176:0: Effect4.Program.Ty.join_unknown (t : Ty) : t.join Ty.unknown = Ty.unknown
info: Test/Program/TypeAlgebraContract.lean:177:0: Effect4.Program.Ty.join_unknown_left (t : Ty) : Ty.unknown.join t = Ty.unknown
info: Test/Program/TypeAlgebraContract.lean:178:0: Effect4.Program.CTy.le_unknown (t : CTy) : t ≤ CTy.unknown
info: Test/Program/TypeAlgebraContract.lean:179:0: Effect4.Program.CTy.join_unknown (t : CTy) : t.join CTy.unknown = CTy.unknown
info: Test/Program/TyViewContract.lean:93:0: Ty.sub_eq_args : ∀ (a b : Ty),
  a.isMember = true →
    b.isMember = true → a.litRule b = false → a.topRule b = false → a.sub b = (a.sameHead b && Ty.argsBelow Ty.sub a b)
info: Test/Program/TyViewContract.lean:94:0: Ty.sub_eq_argsBelow_of_sameHead : ∀ (a b : Ty), a.sameHead b = true → a.sub b = Ty.argsBelow Ty.sub a b
info: Test/Program/TyViewContract.lean:95:0: Ty.sub_eq_false_of_not_sameHead : ∀ (a b : Ty),
  a.isMember = true →
    b.isMember = true → a.litRule b = false → a.topRule b = false → a.sameHead b = false → a.sub b = false
info: Test/Program/TyViewContract.lean:96:0: Ty.sameHead_refl : ∀ (t : Ty), t.isMember = true → t.sameHead t = true
info: Test/Program/TyViewContract.lean:97:0: @Ty.sameHead_symm : ∀ {a b : Ty}, a.sameHead b = true → b.sameHead a = true
info: Test/Program/TyViewContract.lean:98:0: @Ty.sameHead_trans : ∀ {a b c : Ty}, a.sameHead b = true → b.sameHead c = true → a.sameHead c = true
info: Test/Program/TyViewContract.lean:99:0: @Ty.args_congr : ∀ {a b : Ty},
  a.sameHead b = true → a.args.length = b.args.length ∧ List.map Prod.fst a.args = List.map Prod.fst b.args
info: Test/Program/TyViewContract.lean:100:0: @Ty.sizeOf_args : ∀ {t : Ty} {v : Ty.Variance} {x : Ty}, (v, x) ∈ t.args → sizeOf x < sizeOf t
info: Test/Program/TyViewContract.lean:101:0: @Ty.eq_of_sameHead : ∀ {a b : Ty}, a.sameHead b = true → List.map Prod.snd a.args = List.map Prod.snd b.args → a = b
info: Test/Program/TyViewContract.lean:102:0: Ty.argsBelow_refl : ∀ (t : Ty), Ty.argsBelow Ty.sub t t = true
info: Test/Program/TyViewContract.lean:103:0: @Ty.Variance.holds_trans : ∀ {r : Ty → Ty → Bool} (v : Ty.Variance),
  (∀ (x y z : Ty), r x y = true → r y z = true → r x z = true) →
    ∀ {x y z : Ty},
      Ty.Variance.holds r v x y = true → Ty.Variance.holds r v y z = true → Ty.Variance.holds r v x z = true
info: Test/Program/TyViewContract.lean:104:0: @Ty.Variance.holds_antisymm : ∀ {r : Ty → Ty → Bool} (v : Ty.Variance) {x y : Ty},
  Ty.Variance.holds r v x y = true → Ty.Variance.holds r v y x = true → r x y = true ∧ r y x = true
info: Test/Program/TyViewContract.lean:105:0: AdmitsSub : TyAlgebra AdmCarrier → Prop
info: Test/Machine/Runtime/ArenaContract.lean:40:0: Effect4.Machine.ArenaRed.Obligations: 0 open, 2 proved, 2 total; ceiling 0
info: Test/All.lean:170:0: Effect4 library-root gate: 135 API/utility modules, 221 Laws-only modules; every library source is reachable; Effect4 never reaches Laws
info: Test/All.lean:170:0: Effect4 module and axiom gate: checked 526 modules and 72789 declarations; semantic/test axioms are [propext,
Build completed successfully (748 jobs).
python3 scripts/generate.py --only lcnf
+ lake build Effect4
Build completed successfully (155 jobs).
+ lake build OCaml5.Tools.LcnfGen
Build completed successfully (21 jobs).
+ lake env lean -DwarningAsError=true -M4096 --run src/OCaml5/Tools/LcnfGen.lean --out ocaml/gen/fibers_gen.ml --cap 400 --types Effect4.Machine.Task Effect4.Machine.Dispatcher.empty Effect4.Machine.Dispatcher.insert Effect4.Machine.Dispatcher.enqueue Effect4.Machine.Dispatcher.drain Effect4.Machine.RunFiber.interruptPending Effect4.Machine.RunFiber.make Effect4.Machine.RunFiber.park 'Effect4.Machine.RunMachine.fiber?' Effect4.Machine.RunMachine.update Effect4.Machine.RunMachine.emit Effect4.Machine.RunMachine.modify Effect4.Machine.RunMachine.halt 'Effect4.Machine.RunMachine.race?' Effect4.Machine.RunMachine.updateRace Effect4.Machine.RunMachine.finished Effect4.Machine.RunMachine.empty Effect4.Machine.RunMachine.arm Effect4.Machine.RunMachine.disarm Effect4.Machine.interruptRecord Effect4.Machine.interruptEach Effect4.Machine.countdownWalk Effect4.Machine.countdownPark Effect4.Machine.spawn Effect4.Machine.start Effect4.Machine.launchEntrant Effect4.Machine.linkScope Effect4.Machine.runloopTop Effect4.Machine.countOp Effect4.Machine.yieldVerdict Effect4.Machine.injectYield Effect4.Machine.evaluatePrim Effect4.Machine.iteration Effect4.Machine.fireObserver Effect4.Machine.exitFiber Effect4.Machine.settle Effect4.Machine.drive Effect4.Machine.stepDecision Effect4.Machine.replayEval Effect4.Machine.runFork Effect4.Machine.runCallback Effect4.Machine.runSyncExit Effect4.Machine.promiseOutcome
closure: 202 of --cap 400 (198 of headroom); manifest ocaml/gen/closure-fibers_gen.tsv
missing (no mono decl): #[]
wrapper referenced directly: #[Effect4.Exit.isSuccess, Effect4.Machine.fireStep]
todos (0):
types in full: #[Effect4.Machine.Dispatcher, Effect4.Machine.Bucket, Effect4.Machine.FiberCore, Effect4.Machine.RunFiber, Effect4.Machine.Parked, Effect4.Machine.Pending, Effect4.Machine.RunMachine, Effect4.Machine.RunInterp, Effect4.Machine.RunEvent, Effect4.Supervision.ForkOptions, Effect4.Machine.ForkRecord, Effect4.Supervision.MaskMode, Effect4.Machine.Task, Effect4.Machine.Cmd, Effect4.Machine.Stuck, Effect4.Machine.Outcome, Effect4.Machine.Iter, Effect4.FrameFiber, Effect4.Prim, Effect4.Machine.Resume, Effect4.PrimInterp, Effect4.Exit, Effect4.Machine.ParkKind, Effect4.Machine.Observer, Effect4.Machine.Race, Effect4.Supervision.RaceAllState, Effect4.Machine.Exhaustion, Effect4.Machine.ReplayResult, Effect4.Machine.WithFiberAction, Effect4.Supervision.ScopeMode, Effect4.FramePop, Effect4.ContAnswer, Effect4.Arm, Effect4.Supervision.WaitState, Effect4.Machine.RunDecision, Effect4.Reason, Effect4.FrameStep, Effect4.FrameEvent, Effect4.LoopNext, Effect4.Supervision.ObserverMode, Effect4.Squashed, Effect4.IterStep, Effect4.Machine.Owed, Effect4.Machine.WakeMode, Effect4.ReasonTag]
types as abbreviations: #[Effect4.Cause, Effect4.FiberId, Effect4.ReasonAnnotations]
types as placeholders: #[Effect4.Machine.Completion, Effect4.Machine.WakeKey]
requested but not inductive: #[]
field types not spelled: #[]
type-name collisions renamed to their full path: #[]
type-name collisions left unresolved: #[]
Ml.checkModule: PASS (0 diagnostics)
wrote ocaml/gen/fibers_gen.ml and ocaml/gen/closure-fibers_gen.tsv
+ lake env lean -DwarningAsError=true -M4096 --run src/OCaml5/Tools/LcnfGen.lean --out ocaml/gen/machine_gen.ml --cap 60 --types Effect4.Machine.Task Effect4.Machine.Dispatcher.insert Effect4.Machine.Dispatcher.enqueue Effect4.Machine.Dispatcher.drain Effect4.Machine.RunMachine.update 'Effect4.Machine.RunMachine.fiber?' Effect4.Machine.RunMachine.emit Effect4.Machine.RunMachine.finished Effect4.Machine.countdownWalk Effect4.Machine.interruptRecord
closure: 38 of --cap 60 (22 of headroom); manifest ocaml/gen/closure-machine_gen.tsv
missing (no mono decl): #[]
wrapper referenced directly: #[]
todos (0):
types in full: #[Effect4.Machine.Bucket, Effect4.Machine.Dispatcher, Effect4.Machine.RunMachine, Effect4.Machine.RunFiber, Effect4.Machine.RunInterp, Effect4.Machine.FiberCore, Effect4.Machine.Parked, Effect4.Reason, Effect4.Machine.Task]
types as abbreviations: #[Effect4.FiberId, Effect4.Cause, Effect4.ReasonAnnotations]
types as placeholders: #[Effect4.Machine.RunEvent, Effect4.Exit, Effect4.Machine.Race, Effect4.Machine.Stuck, Effect4.Machine.ForkRecord, Effect4.Machine.Pending, Effect4.Machine.Observer, Effect4.PrimInterp, Effect4.Machine.ParkKind, Effect4.Machine.WithFiberAction, Effect4.Machine.Completion, Effect4.Machine.Owed, Effect4.Machine.WakeKey, Effect4.Supervision.ScopeMode, Effect4.Supervision.ObserverMode]
requested but not inductive: #[]
field types not spelled: #[]
type-name collisions renamed to their full path: #[]
type-name collisions left unresolved: #[]
Ml.checkModule: PASS (0 diagnostics)
wrote ocaml/gen/machine_gen.ml and ocaml/gen/closure-machine_gen.tsv
+ lake env lean -DwarningAsError=true -M4096 --run src/OCaml5/Tools/LcnfGen.lean --out ocaml/gen/api_gen.ml --import Effect4.Api --cap 2000 --types Effect4.Program.RowShape Effect4.Api.run Effect4.Api.replay
closure: 667 of --cap 2000 (1333 of headroom); manifest ocaml/gen/closure-api_gen.tsv
missing (no mono decl): #[]
wrapper referenced directly: #[Effect4.Machine.Stores.wakeList, Effect4.Store.Image.toList, Effect4.Store.Image.ofList, Effect4.Machine.Value.toExit, Effect4.Machine.Value.ofExit, Effect4.Store.Image.ofCtor1, Effect4.Machine.Value.toReason, Effect4.Machine.Value.ofReason, Effect4.Store.Image.toOption, Effect4.Store.Image.ofOption, Effect4.Store.Image.ofCtor2, Effect4.Store.Image.toPair, Effect4.Store.Image.ofPair]
todos (0):
types in full: #[Effect4.Machine.RunDecision, Effect4.Machine.ReplayResult, Effect4.Api.Outcome, Effect4.Api.Inspection, Effect4.Machine.Defect, Effect4.PrimInterp, Effect4.Program.EffName, Effect4.Machine.Name, Effect4.Store.Val, Effect4.Machine.RunInterp, Effect4.Machine.Stores, Effect4.Machine.ExternalStore, Effect4.Machine.DeferredStore, Effect4.Machine.RunMachine, Effect4.Machine.Exhaustion, Effect4.Api.FrontierReason, Effect4.Program.Point, Effect4.IterStep, Effect4.Prim, Effect4.LoopNext, Effect4.Program.EffThunk, Effect4.Machine.Thunk, Effect4.Machine.ActionName, Effect4.Machine.WithFiberAction, Effect4.Supervision.MaskMode, Effect4.Supervision.ForkOptions, Effect4.Program.NativeOp, Effect4.Exit, Effect4.Machine.Completion, Effect4.Machine.FinName, Effect4.Supervision.ScopeMode, Effect4.Machine.Ctx, Effect4.Supervision.ObserverMode, Effect4.Store.Image, Effect4.Machine.SyncOp, Effect4.Machine.Env.ContextUpdate, Effect4.Program.Region, Effect4.FinalizerStrategy, Effect4.Program.Node, Effect4.Program.Eff, Effect4.Machine.Capture, Effect4.Machine.WakeKey, Effect4.Machine.HandleKind, Effect4.Program.Row, Effect4.FrameFiber, Effect4.Machine.Parked, Effect4.Machine.RunFiber, Effect4.Machine.Cmd, Effect4.Machine.RunEvent, Effect4.Machine.TimerStore, Effect4.Machine.WakeList, Effect4.Machine.Err, Effect4.Program.Stmts, Effect4.Program.Stmt, Effect4.Program.ActionTerm, Effect4.Machine.ScopeEntry, Effect4.Machine.MemoMap, Effect4.Machine.MemoEntry, Effect4.Machine.DeferredCell, Effect4.Program.Registration, Effect4.Program.RowKind, Effect4.Machine.Owed, Effect4.Machine.ProgName, Effect4.Machine.ParkKind, Effect4.ServiceKey, Effect4.Program.LayerTerm, Effect4.Program.CombineMode, Effect4.Program.Term, Effect4.Reason, Effect4.Program.Decision, Effect4.Program.Ty, Effect4.Machine.Dispatcher, Effect4.Program.Await, Effect4.Api.HostProtocol.Key, Effect4.Machine.Waiter, Effect4.Program.Effs, Effect4.Machine.RaceName, Effect4.Scope, Effect4.Machine.WakeMode, Effect4.Machine.Env.Service, Effect4.Program.LayerTerms, Effect4.Program.Lit, Effect4.Program.Terms, Effect4.Program.CauseTerm, Effect4.Machine.Race, Effect4.Supervision.RaceAllState, Effect4.Machine.Observer, Effect4.Machine.Resume, Effect4.Machine.Pending, Effect4.Machine.Outcome, Effect4.Machine.Iter, Effect4.Machine.Task, Effect4.ScopeState, Effect4.Machine.FnName, Effect4.Program.NativeAtom, Effect4.ReasonTag, Effect4.Machine.Bucket, Effect4.Machine.Stuck, Effect4.Machine.Env.Context.Reference, Effect4.FramePop, Effect4.ContAnswer, Effect4.Arm, Effect4.Machine.ForkRecord, Effect4.Supervision.WaitState, Effect4.FrameEvent, Effect4.FrameStep, Effect4.Program.RowShape]
types as abbreviations: #[Effect4.ServiceUniverse, Effect4.FiberId, Effect4.ReasonAnnotations, Effect4.Cause, Effect4.Machine.DeferredKey, Effect4.Machine.MemoMapId, Effect4.Machine.Env.Context, Effect4.Machine.ScopeStore, Effect4.Machine.RefKey, Effect4.ServiceName, Effect4.ServiceTypeCode]
types as placeholders: #[]
requested but not inductive: #[]
field types not spelled: #[]
type-name collisions renamed to their full path: #[(outcome, (Effect4.Api.Outcome, Effect4.Machine.Outcome))]
type-name collisions left unresolved: #[]
Ml.checkModule: PASS (0 diagnostics)
wrote ocaml/gen/api_gen.ml and ocaml/gen/closure-api_gen.tsv
+ lake env lean -DwarningAsError=true -M4096 --run src/OCaml5/Tools/LcnfGen.lean --out ocaml/engine/api_engine.ml --import Effect4.Api --cap 2000 --types Effect4.Program.RowShape,Effect4.Machine.Origin,Effect4.Machine.ForkRecord --externs ocaml/engine/externs.txt --prelude ocaml/engine/tools/api_engine_prelude.ml Effect4.Api.run Effect4.Api.replay Effect4.Machine.stepDecisionState Effect4.Machine.driveState Effect4.Machine.settled Effect4.Machine.FnName.total Effect4.Machine.FnName.partialUpdate Effect4.Machine.FnName.modify Effect4.Machine.FnName.modifySome Effect4.Scope.make Effect4.Scope.fork Effect4.Machine.RunFiber.make Effect4.Machine.emptyCtx Effect4.Program.compile Effect4.Machine.stores Effect4.Program.Node.child
closure: 661 of --cap 2000 (1339 of headroom); manifest ocaml/gen/closure-api_engine.tsv
missing (no mono decl): #[]
wrapper referenced directly: #[Effect4.Machine.Stores.wakeList, Effect4.Machine.fireStep, Effect4.Exit.isSuccess, Effect4.Store.Image.toList, Effect4.Store.Image.ofList, Effect4.Store.Image.ofCtor1, Effect4.Machine.Value.toReason, Effect4.Machine.Value.ofReason, Effect4.Machine.Value.toExit, Effect4.Machine.Value.ofExit, Effect4.Store.Image.toOption, Effect4.Store.Image.ofOption, Effect4.Store.Image.toPair, Effect4.Store.Image.ofPair, Effect4.Store.Image.ofCtor2]
todos (0):
types in full: #[Effect4.Machine.RunDecision, Effect4.Machine.ReplayResult, Effect4.Api.Outcome, Effect4.Api.Inspection, Effect4.Machine.Cmd, Effect4.Machine.RunMachine, Effect4.Machine.FiberCore, Effect4.Machine.RunFiber, Effect4.Machine.RunEvent, Effect4.Store.Val, Effect4.Machine.FnName, Effect4.ScopeState, Effect4.Scope, Effect4.Machine.Parked, Effect4.Machine.Ctx, Effect4.Machine.Defect, Effect4.PrimInterp, Effect4.Machine.Name, Effect4.Machine.RunInterp, Effect4.Program.Node, Effect4.Program.Eff, Effect4.Program.Stmts, Effect4.Program.Stmt, Effect4.Program.ActionTerm, Effect4.Program.Effs, Effect4.Program.LayerTerm, Effect4.Program.LayerTerms, Effect4.Program.EffName, Effect4.Machine.Exhaustion, Effect4.Api.FrontierReason, Effect4.Machine.Race, Effect4.Supervision.RaceAllState, Effect4.Machine.Observer, Effect4.Machine.Resume, Effect4.Machine.Pending, Effect4.Machine.Outcome, Effect4.Machine.Iter, Effect4.Machine.ParkKind, Effect4.Program.EffThunk, Effect4.Prim, Effect4.Program.Point, Effect4.Program.NativeOp, Effect4.Program.RowKind, Effect4.Machine.Env.ContextUpdate, Effect4.Program.Region, Effect4.Store.Image, Effect4.Machine.Stores, Effect4.Machine.Thunk, Effect4.IterStep, Effect4.LoopNext, Effect4.Machine.ActionName, Effect4.Machine.FinName, Effect4.Supervision.ScopeMode, Effect4.Supervision.ObserverMode, Effect4.Machine.SyncOp, Effect4.Exit, Effect4.Machine.Completion, Effect4.Machine.WakeKey, Effect4.Machine.HandleKind, Effect4.Machine.ProgName, Effect4.Machine.WithFiberAction, Effect4.Supervision.MaskMode, Effect4.Supervision.ForkOptions, Effect4.Machine.ExternalStore, Effect4.FinalizerStrategy, Effect4.Machine.Capture, Effect4.Program.Row, Effect4.FrameFiber, Effect4.Machine.TimerStore, Effect4.Machine.WakeList, Effect4.Machine.Owed, Effect4.Machine.WakeMode, Effect4.Machine.Task, Effect4.Machine.Stuck, Effect4.Program.Term, Effect4.Machine.Err, Effect4.Reason, Effect4.Program.CauseTerm, Effect4.Machine.DeferredStore, Effect4.Machine.ScopeEntry, Effect4.Machine.MemoEntry, Effect4.Machine.DeferredCell, Effect4.Program.Registration, Effect4.ServiceKey, Effect4.Program.CombineMode, Effect4.Program.Decision, Effect4.Program.Ty, Effect4.Program.Await, Effect4.Api.HostProtocol.Key, Effect4.Machine.Waiter, Effect4.Supervision.WaitState, Effect4.Program.Lit, Effect4.Program.Terms, Effect4.Machine.RaceName, Effect4.Machine.Env.Service, Effect4.Program.NativeAtom, Effect4.ReasonTag, Effect4.Machine.MemoMap, Effect4.Machine.Env.Context.Reference, Effect4.FramePop, Effect4.ContAnswer, Effect4.Arm, Effect4.FrameEvent, Effect4.FrameStep, Effect4.Program.RowShape, Effect4.Machine.Origin, Effect4.Machine.ForkRecord]
types as abbreviations: #[Effect4.ServiceUniverse, Effect4.FiberId, Effect4.ReasonAnnotations, Effect4.Cause, Effect4.Machine.Env.Context, Effect4.Machine.DeferredKey, Effect4.Machine.MemoMapId, Effect4.Machine.ScopeStore, Effect4.Machine.RefKey, Effect4.ServiceName, Effect4.ServiceTypeCode]
types as placeholders: #[]
requested but not inductive: #[]
field types not spelled: #[]
type-name collisions renamed to their full path: #[(outcome, (Effect4.Api.Outcome, Effect4.Machine.Outcome))]
type-name collisions left unresolved: #[]
Ml.checkModule: PASS (0 diagnostics)
extern rows: 32 fn, 1 type, 9 field, 1 elem
fn rows used (32):
  Effect4.Api.load -> sh_api_load
  Effect4.Machine.RunMachine.fiber? -> sh_machine_fiber
  Effect4.Machine.RunMachine.update -> sh_machine_update
  Effect4.Machine.RunMachine.emit -> sh_machine_emit
  Effect4.Machine.Dispatcher.empty -> D.empty
  Effect4.Program.rootPoint -> sh_root_point
  Effect4.Machine.RunMachine.finished -> sh_machine_finished
  Effect4.Machine.Dispatcher.drain -> D.drain
  Effect4.Machine.Dispatcher.mk -> sh_dispatcher_mk
  List.find?._at_.Effect4.Machine.ScopeStore.entryAt.spec_0 -> sh_scope_entry_at
  Effect4.Program.Node.at_ -> sh_node_at
  Effect4.Machine.spawn -> sh_spawn_generic
  Effect4.Machine.DeferredStore.make -> sh_deferred_make
  Effect4.Machine.ScopeStore.make -> sh_scope_store_make
  Effect4.Machine.ScopeStore.setEntry -> sh_scope_set_entry
  Effect4.Machine.ScopeStore.forkChild -> sh_scope_fork_child
  Effect4.Machine.MemoMap.mk -> sh_memo_map_mk
  Effect4.Machine.MemoWorld.updateEntry -> sh_memo_update_entry
  Effect4.Machine.MemoWorld.insertEntry -> sh_memo_insert_entry
  Effect4.Machine.MemoWorld.entryAt -> sh_memo_entry_at
  Effect4.Machine.MemoWorld.deleteEntry -> sh_memo_delete_entry
  Effect4.Machine.refStep -> sh_ref_step
  Effect4.Machine.DeferredStore.cellAt -> sh_deferred_cell_at
  Effect4.Machine.DeferredStore.setCell -> sh_deferred_set_cell
  Effect4.Machine.Dispatcher.enqueue -> D.enqueue
  Effect4.Program.Point.redirect -> sh_point_redirect
  Nat.div -> E4_nat.div
  Nat.mod -> E4_nat.rem
  Effect4.Machine.RunMachine.completedExits -> sh_machine_completed_exits
  Effect4.Machine.spawn._at_.Effect4.Machine.launchEntrant._at_.Effect4.Machine.driveStep._at_.Effect4.Machine.driveState._at_.Effect4.Machine.stepDecisionState._at_.Effect4.Program.replayCheckedFrom.spec_1.spec_3.spec_6.spec_12.spec_19 -> sh_spawn
  Effect4.Machine.spawn._at_.Effect4.Machine.evaluatePrim.withFiber._at_.Effect4.Machine.evaluatePrim._at_.Effect4.Program.exitScoped.spec_0.spec_1.spec_3 -> sh_spawn
  List.mapTR.loop._at_.Effect4.Machine.evaluatePrim.withFiber._at_.Effect4.Machine.evaluatePrim._at_.Effect4.Program.exitScoped.spec_0.spec_1.spec_12 -> sh_drop_observers
type rows used (1): #[Effect4.Machine.Dispatcher]
field rows used (9): #[Effect4.Machine.RunMachine.fibers, Effect4.Machine.RunMachine.trace, Effect4.Program.Point.path, Effect4.Program.Point.env, Effect4.Machine.Stores.refs, Effect4.Machine.Capture.path, Effect4.Machine.Capture.env, Effect4.Machine.DeferredStore.cells, Effect4.Machine.MemoMap.entries]
elem rows used (1): #[Effect4.Machine.ScopeEntry]
ops rows: 9, used (9): #[E.t#snoc, P.t#to_list, F.t#to_list, E.t#get, P.t#snoc, P.t#append, E.t#append, E.t#take, E.t#length]
carg rows: 0 stated, used (9): #[Effect4.Program.evalTerm, Effect4.Program.causeOf, Effect4.Program.runStmts, Effect4.Program.caughtErrorValue?, Effect4.Program.evalTerms, Effect4.Program.blockExit, Effect4.Program.runStmts.yieldOf, Effect4.Program.loopExit, Effect4.Program.blockEnv]
carg rows inferred from the call sites (9):
  carg Effect4.Program.evalTerm 0 E.t
  carg Effect4.Program.causeOf 0 E.t
  carg Effect4.Program.runStmts 4 E.t
  carg Effect4.Program.caughtErrorValue? 0 E.t
  carg Effect4.Program.evalTerms 0 E.t
  carg Effect4.Program.blockExit 3 E.t
  carg Effect4.Program.runStmts.yieldOf 6 E.t
  carg Effect4.Program.loopExit 4 E.t
  carg Effect4.Program.blockEnv 4 E.t
carrier to_list sites (13):
  Effect4.Machine.WithFiberAction.fork.site [P.t]
  Effect4.Machine.FinName.memoEntry.layer [P.t]
  Effect4.Machine.SyncOp.memoBuild.layer [P.t]
  Effect4.Machine.FinName.memoEntry.layer [P.t]
  Effect4.Machine.FinName.memoDone.layer [P.t]
  Effect4.Machine.SyncOp.memoGet.layer [P.t]
  List.filterMapTR.go._at_.Effect4.Api.compileReasons.spec_0 #0 [F.t]
  List.any._at_.Effect4.Api.hasRunnable.spec_0 #0 [F.t]
  Effect4.Machine.WithFiberAction.fork.site [P.t]
  Effect4.Machine.WithFiberAction.forkIn.site [P.t]
  Option.some.val [P.t]
  Effect4.Machine.WithFiberAction.forkIn.site [P.t]
  List.filterMapTR.go._at_.Effect4.Program.awaits.spec_0 #1 [F.t]
wrote ocaml/engine/api_engine.ml and ocaml/gen/closure-api_engine.tsv
PASS generate: requested producers ran in dependency order
# exit=0 seconds=84
