v3-app	dearlordylord-huly-mcp	/Users/pooks/Dev/foldlab/corpus/dearlordylord_huly-mcp/.ralph/run.ts
v3-app	dearlordylord-huly-mcp	/Users/pooks/Dev/foldlab/corpus/dearlordylord_huly-mcp/.ralph/src/ralph-loop.ts
v3-app	dhravya-webpull	/Users/pooks/Dev/foldlab/corpus/dhravya_webpull/src/discover.ts
v3-app	dhravya-webpull	/Users/pooks/Dev/foldlab/corpus/dhravya_webpull/src/index.ts
v3-app	dhravya-webpull	/Users/pooks/Dev/foldlab/corpus/dhravya_webpull/src/write.ts
v3-app	effect-ts-language-service	/Users/pooks/Dev/foldlab/corpus/effect-ts_language-service/packages/harness-effect-v3/examples/completions/durationInput.ts
v3-app	effect-ts-language-service	/Users/pooks/Dev/foldlab/corpus/effect-ts_language-service/packages/harness-effect-v3/examples/completions/durationInput_props.ts
v3-app	effect-ts-language-service	/Users/pooks/Dev/foldlab/corpus/effect-ts_language-service/packages/harness-effect-v3/examples/diagnostics/anyUnknownInErrorContext.ts
v3-app	effect-ts-language-service	/Users/pooks/Dev/foldlab/corpus/effect-ts_language-service/packages/harness-effect-v3/examples/diagnostics/asyncFunction.ts
v3-app	effect-ts-language-service	/Users/pooks/Dev/foldlab/corpus/effect-ts_language-service/packages/harness-effect-v3/examples/diagnostics/catchAllToMapError.ts
v3-app	effect-ts-language-service	/Users/pooks/Dev/foldlab/corpus/effect-ts_language-service/packages/harness-effect-v3/examples/diagnostics/catchAllToMapError_effectFn.ts
v3-app	effect-ts-language-service	/Users/pooks/Dev/foldlab/corpus/effect-ts_language-service/packages/harness-effect-v3/examples/diagnostics/catchAllToMapError_effectFnRegular.ts
v3-app	effect-ts-language-service	/Users/pooks/Dev/foldlab/corpus/effect-ts_language-service/packages/harness-effect-v3/examples/diagnostics/catchUnfailableEffect.ts
v3-app	effect-ts-language-service	/Users/pooks/Dev/foldlab/corpus/effect-ts_language-service/packages/harness-effect-v3/examples/diagnostics/catchUnfailableEffect_effectFn.ts
v3-app	effect-ts-language-service	/Users/pooks/Dev/foldlab/corpus/effect-ts_language-service/packages/harness-effect-v3/examples/diagnostics/catchUnfailableEffect_effectFnRegular.ts
v3-app	effect-ts-language-service	/Users/pooks/Dev/foldlab/corpus/effect-ts_language-service/packages/harness-effect-v3/examples/diagnostics/catchUnfailableEffect_variants.ts
v3-app	effect-ts-language-service	/Users/pooks/Dev/foldlab/corpus/effect-ts_language-service/packages/harness-effect-v3/examples/diagnostics/classSelfMismatch.ts
v3-app	effect-ts-language-service	/Users/pooks/Dev/foldlab/corpus/effect-ts_language-service/packages/harness-effect-v3/examples/diagnostics/classSelfMismatch_contextTag.ts
v3-app	effect-ts-language-service	/Users/pooks/Dev/foldlab/corpus/effect-ts_language-service/packages/harness-effect-v3/examples/diagnostics/classSelfMismatch_effectTag.ts
v3-app	effect-ts-language-service	/Users/pooks/Dev/foldlab/corpus/effect-ts_language-service/packages/harness-effect-v3/examples/diagnostics/classSelfMismatch_preview.ts
v3-app	effect-ts-language-service	/Users/pooks/Dev/foldlab/corpus/effect-ts_language-service/packages/harness-effect-v3/examples/diagnostics/classSelfMismatch_schema.ts
v3-app	effect-ts-language-service	/Users/pooks/Dev/foldlab/corpus/effect-ts_language-service/packages/harness-effect-v3/examples/diagnostics/classSelfMismatch_sqlClass.ts
v3-app	effect-ts-language-service	/Users/pooks/Dev/foldlab/corpus/effect-ts_language-service/packages/harness-effect-v3/examples/diagnostics/classSelfMismatch_unionGiven.ts
v3-app	effect-ts-language-service	/Users/pooks/Dev/foldlab/corpus/effect-ts_language-service/packages/harness-effect-v3/examples/diagnostics/deterministicKeys.ts
v3-app	effect-ts-language-service	/Users/pooks/Dev/foldlab/corpus/effect-ts_language-service/packages/harness-effect-v3/examples/diagnostics/deterministicKeys_custom.ts
v3-app	effect-ts-language-service	/Users/pooks/Dev/foldlab/corpus/effect-ts_language-service/packages/harness-effect-v3/examples/diagnostics/deterministicKeys_defaultHashed.ts
v3-app	effect-ts-language-service	/Users/pooks/Dev/foldlab/corpus/effect-ts_language-service/packages/harness-effect-v3/examples/diagnostics/deterministicKeys_packageIdentifier.ts
v3-app	effect-ts-language-service	/Users/pooks/Dev/foldlab/corpus/effect-ts_language-service/packages/harness-effect-v3/examples/diagnostics/duplicatePackage.ts
v3-app	effect-ts-language-service	/Users/pooks/Dev/foldlab/corpus/effect-ts_language-service/packages/harness-effect-v3/examples/diagnostics/duplicatePackage_preview.ts
v3-app	effect-ts-language-service	/Users/pooks/Dev/foldlab/corpus/effect-ts_language-service/packages/harness-effect-v3/examples/diagnostics/effectDoNotation.ts
v3-app	effect-ts-language-service	/Users/pooks/Dev/foldlab/corpus/effect-ts_language-service/packages/harness-effect-v3/examples/diagnostics/effectDoNotation_preview.ts
v3-app	effect-ts-language-service	/Users/pooks/Dev/foldlab/corpus/effect-ts_language-service/packages/harness-effect-v3/examples/diagnostics/effectFnIife.ts
v3-app	effect-ts-language-service	/Users/pooks/Dev/foldlab/corpus/effect-ts_language-service/packages/harness-effect-v3/examples/diagnostics/effectFnImplicitAny.ts
v3-app	effect-ts-language-service	/Users/pooks/Dev/foldlab/corpus/effect-ts_language-service/packages/harness-effect-v3/examples/diagnostics/effectFnImplicitAny_preview.ts
v3-app	effect-ts-language-service	/Users/pooks/Dev/foldlab/corpus/effect-ts_language-service/packages/harness-effect-v3/examples/diagnostics/effectFnOpportunity_alreadyEffectFn.ts
v3-app	effect-ts-language-service	/Users/pooks/Dev/foldlab/corpus/effect-ts_language-service/packages/harness-effect-v3/examples/diagnostics/effectFnOpportunity_basic.ts
v3-app	effect-ts-language-service	/Users/pooks/Dev/foldlab/corpus/effect-ts_language-service/packages/harness-effect-v3/examples/diagnostics/effectFnOpportunity_genWithThis.ts
v3-app	effect-ts-language-service	/Users/pooks/Dev/foldlab/corpus/effect-ts_language-service/packages/harness-effect-v3/examples/diagnostics/effectFnOpportunity_inferred.ts
v3-app	effect-ts-language-service	/Users/pooks/Dev/foldlab/corpus/effect-ts_language-service/packages/harness-effect-v3/examples/diagnostics/effectFnOpportunity_inferredLayer.ts
v3-app	effect-ts-language-service	/Users/pooks/Dev/foldlab/corpus/effect-ts_language-service/packages/harness-effect-v3/examples/diagnostics/effectFnOpportunity_multipleReturns.ts
v3-app	effect-ts-language-service	/Users/pooks/Dev/foldlab/corpus/effect-ts_language-service/packages/harness-effect-v3/examples/diagnostics/effectFnOpportunity_noPipeWithSpan.ts
v3-app	effect-ts-language-service	/Users/pooks/Dev/foldlab/corpus/effect-ts_language-service/packages/harness-effect-v3/examples/diagnostics/effectFnOpportunity_overloadsNever.ts
v3-app	effect-ts-language-service	/Users/pooks/Dev/foldlab/corpus/effect-ts_language-service/packages/harness-effect-v3/examples/diagnostics/effectFnOpportunity_overloadsOk.ts
v3-app	effect-ts-language-service	/Users/pooks/Dev/foldlab/corpus/effect-ts_language-service/packages/harness-effect-v3/examples/diagnostics/effectFnOpportunity_params.ts
v3-app	effect-ts-language-service	/Users/pooks/Dev/foldlab/corpus/effect-ts_language-service/packages/harness-effect-v3/examples/diagnostics/effectFnOpportunity_paramsInPipe.ts
v3-app	effect-ts-language-service	/Users/pooks/Dev/foldlab/corpus/effect-ts_language-service/packages/harness-effect-v3/examples/diagnostics/effectFnOpportunity_pipeWithSpan.ts
v3-app	effect-ts-language-service	/Users/pooks/Dev/foldlab/corpus/effect-ts_language-service/packages/harness-effect-v3/examples/diagnostics/effectFnOpportunity_plainFew.ts
v3-app	effect-ts-language-service	/Users/pooks/Dev/foldlab/corpus/effect-ts_language-service/packages/harness-effect-v3/examples/diagnostics/effectFnOpportunity_plainMany.ts
v3-app	effect-ts-language-service	/Users/pooks/Dev/foldlab/corpus/effect-ts_language-service/packages/harness-effect-v3/examples/diagnostics/effectFnOpportunity_returnType.ts
v3-app	effect-ts-language-service	/Users/pooks/Dev/foldlab/corpus/effect-ts_language-service/packages/harness-effect-v3/examples/diagnostics/effectFnOpportunity_typeParams.ts
v3-app	effect-ts-language-service	/Users/pooks/Dev/foldlab/corpus/effect-ts_language-service/packages/harness-effect-v3/examples/diagnostics/effectGenUsesAdapter.ts
v3-app	effect-ts-language-service	/Users/pooks/Dev/foldlab/corpus/effect-ts_language-service/packages/harness-effect-v3/examples/diagnostics/effectGenUsesAdapter_preview.ts
v3-app	effect-ts-language-service	/Users/pooks/Dev/foldlab/corpus/effect-ts_language-service/packages/harness-effect-v3/examples/diagnostics/effectInFailure.ts
v3-app	effect-ts-language-service	/Users/pooks/Dev/foldlab/corpus/effect-ts_language-service/packages/harness-effect-v3/examples/diagnostics/effectInVoidSuccess.ts
v3-app	effect-ts-language-service	/Users/pooks/Dev/foldlab/corpus/effect-ts_language-service/packages/harness-effect-v3/examples/diagnostics/effectMapFlatten.ts
v3-app	effect-ts-language-service	/Users/pooks/Dev/foldlab/corpus/effect-ts_language-service/packages/harness-effect-v3/examples/diagnostics/effectMapFlatten_preview.ts
v3-app	effect-ts-language-service	/Users/pooks/Dev/foldlab/corpus/effect-ts_language-service/packages/harness-effect-v3/examples/diagnostics/effectMapVoid.ts
v3-app	effect-ts-language-service	/Users/pooks/Dev/foldlab/corpus/effect-ts_language-service/packages/harness-effect-v3/examples/diagnostics/effectSucceedWithVoid.ts
v3-app	effect-ts-language-service	/Users/pooks/Dev/foldlab/corpus/effect-ts_language-service/packages/harness-effect-v3/examples/diagnostics/flatMapToMap.ts
v3-app	effect-ts-language-service	/Users/pooks/Dev/foldlab/corpus/effect-ts_language-service/packages/harness-effect-v3/examples/diagnostics/floatingEffect.ts
v3-app	effect-ts-language-service	/Users/pooks/Dev/foldlab/corpus/effect-ts_language-service/packages/harness-effect-v3/examples/diagnostics/floatingEffect_disableNextLineFix.ts
v3-app	effect-ts-language-service	/Users/pooks/Dev/foldlab/corpus/effect-ts_language-service/packages/harness-effect-v3/examples/diagnostics/floatingEffect_poolSubtype.ts
v3-app	effect-ts-language-service	/Users/pooks/Dev/foldlab/corpus/effect-ts_language-service/packages/harness-effect-v3/examples/diagnostics/floatingEffect_stream.ts
v3-app	effect-ts-language-service	/Users/pooks/Dev/foldlab/corpus/effect-ts_language-service/packages/harness-effect-v3/examples/diagnostics/genericEffectServices.ts
v3-app	effect-ts-language-service	/Users/pooks/Dev/foldlab/corpus/effect-ts_language-service/packages/harness-effect-v3/examples/diagnostics/genericEffectServices_preview.ts
v3-app	effect-ts-language-service	/Users/pooks/Dev/foldlab/corpus/effect-ts_language-service/packages/harness-effect-v3/examples/diagnostics/globalConsole.ts
v3-app	effect-ts-language-service	/Users/pooks/Dev/foldlab/corpus/effect-ts_language-service/packages/harness-effect-v3/examples/diagnostics/globalConsoleInEffect.ts
v3-app	effect-ts-language-service	/Users/pooks/Dev/foldlab/corpus/effect-ts_language-service/packages/harness-effect-v3/examples/diagnostics/globalConsoleInEffect_preview.ts
v3-app	effect-ts-language-service	/Users/pooks/Dev/foldlab/corpus/effect-ts_language-service/packages/harness-effect-v3/examples/diagnostics/globalConsoleInEffect_thunks.ts
v3-app	effect-ts-language-service	/Users/pooks/Dev/foldlab/corpus/effect-ts_language-service/packages/harness-effect-v3/examples/diagnostics/globalDate.ts
v3-app	effect-ts-language-service	/Users/pooks/Dev/foldlab/corpus/effect-ts_language-service/packages/harness-effect-v3/examples/diagnostics/globalDateInEffect.ts
v3-app	effect-ts-language-service	/Users/pooks/Dev/foldlab/corpus/effect-ts_language-service/packages/harness-effect-v3/examples/diagnostics/globalDateInEffect_preview.ts
v3-app	effect-ts-language-service	/Users/pooks/Dev/foldlab/corpus/effect-ts_language-service/packages/harness-effect-v3/examples/diagnostics/globalDateInEffect_thunks.ts
v3-app	effect-ts-language-service	/Users/pooks/Dev/foldlab/corpus/effect-ts_language-service/packages/harness-effect-v3/examples/diagnostics/globalErrorInEffectCatch.ts
v3-app	effect-ts-language-service	/Users/pooks/Dev/foldlab/corpus/effect-ts_language-service/packages/harness-effect-v3/examples/diagnostics/globalErrorInEffectFailure.ts
v3-app	effect-ts-language-service	/Users/pooks/Dev/foldlab/corpus/effect-ts_language-service/packages/harness-effect-v3/examples/diagnostics/globalFetch.ts
v3-app	effect-ts-language-service	/Users/pooks/Dev/foldlab/corpus/effect-ts_language-service/packages/harness-effect-v3/examples/diagnostics/globalFetchInEffect.ts
v3-app	effect-ts-language-service	/Users/pooks/Dev/foldlab/corpus/effect-ts_language-service/packages/harness-effect-v3/examples/diagnostics/globalFetchInEffect_preview.ts
v3-app	effect-ts-language-service	/Users/pooks/Dev/foldlab/corpus/effect-ts_language-service/packages/harness-effect-v3/examples/diagnostics/globalFetchInEffect_thunks.ts
v3-app	effect-ts-language-service	/Users/pooks/Dev/foldlab/corpus/effect-ts_language-service/packages/harness-effect-v3/examples/diagnostics/globalRandom.ts
v3-app	effect-ts-language-service	/Users/pooks/Dev/foldlab/corpus/effect-ts_language-service/packages/harness-effect-v3/examples/diagnostics/globalRandomInEffect.ts
v3-app	effect-ts-language-service	/Users/pooks/Dev/foldlab/corpus/effect-ts_language-service/packages/harness-effect-v3/examples/diagnostics/globalRandomInEffect_preview.ts
v3-app	effect-ts-language-service	/Users/pooks/Dev/foldlab/corpus/effect-ts_language-service/packages/harness-effect-v3/examples/diagnostics/globalRandomInEffect_thunks.ts
v3-app	effect-ts-language-service	/Users/pooks/Dev/foldlab/corpus/effect-ts_language-service/packages/harness-effect-v3/examples/diagnostics/globalTimers.ts
v3-app	effect-ts-language-service	/Users/pooks/Dev/foldlab/corpus/effect-ts_language-service/packages/harness-effect-v3/examples/diagnostics/globalTimersInEffect.ts
v3-app	effect-ts-language-service	/Users/pooks/Dev/foldlab/corpus/effect-ts_language-service/packages/harness-effect-v3/examples/diagnostics/globalTimersInEffect_preview.ts
v3-app	effect-ts-language-service	/Users/pooks/Dev/foldlab/corpus/effect-ts_language-service/packages/harness-effect-v3/examples/diagnostics/globalTimersInEffect_thunks.ts
v3-app	effect-ts-language-service	/Users/pooks/Dev/foldlab/corpus/effect-ts_language-service/packages/harness-effect-v3/examples/diagnostics/importFromBarrel.ts
v3-app	effect-ts-language-service	/Users/pooks/Dev/foldlab/corpus/effect-ts_language-service/packages/harness-effect-v3/examples/diagnostics/instanceOfSchema.ts
v3-app	effect-ts-language-service	/Users/pooks/Dev/foldlab/corpus/effect-ts_language-service/packages/harness-effect-v3/examples/diagnostics/layerMergeAllWithDependencies.ts
v3-app	effect-ts-language-service	/Users/pooks/Dev/foldlab/corpus/effect-ts_language-service/packages/harness-effect-v3/examples/diagnostics/lazyPromiseInEffectSync.ts
v3-app	effect-ts-language-service	/Users/pooks/Dev/foldlab/corpus/effect-ts_language-service/packages/harness-effect-v3/examples/diagnostics/lazyPromiseInEffectSync_preview.ts
v3-app	effect-ts-language-service	/Users/pooks/Dev/foldlab/corpus/effect-ts_language-service/packages/harness-effect-v3/examples/diagnostics/leakingRequirements.ts
v3-app	effect-ts-language-service	/Users/pooks/Dev/foldlab/corpus/effect-ts_language-service/packages/harness-effect-v3/examples/diagnostics/leakingRequirements_genericTag.ts
v3-app	effect-ts-language-service	/Users/pooks/Dev/foldlab/corpus/effect-ts_language-service/packages/harness-effect-v3/examples/diagnostics/leakingRequirements_heuristic.ts
v3-app	effect-ts-language-service	/Users/pooks/Dev/foldlab/corpus/effect-ts_language-service/packages/harness-effect-v3/examples/diagnostics/leakingRequirements_leakableJsDoc.ts
v3-app	effect-ts-language-service	/Users/pooks/Dev/foldlab/corpus/effect-ts_language-service/packages/harness-effect-v3/examples/diagnostics/leakingRequirements_noScope.ts
v3-app	effect-ts-language-service	/Users/pooks/Dev/foldlab/corpus/effect-ts_language-service/packages/harness-effect-v3/examples/diagnostics/missedPipeableOpportunity.ts
v3-app	effect-ts-language-service	/Users/pooks/Dev/foldlab/corpus/effect-ts_language-service/packages/harness-effect-v3/examples/diagnostics/missedPipeableOpportunity_error.ts
v3-app	effect-ts-language-service	/Users/pooks/Dev/foldlab/corpus/effect-ts_language-service/packages/harness-effect-v3/examples/diagnostics/missingEffectContext_arrowReturnType.ts
v3-app	effect-ts-language-service	/Users/pooks/Dev/foldlab/corpus/effect-ts_language-service/packages/harness-effect-v3/examples/diagnostics/missingEffectContext_callExpression.ts
v3-app	effect-ts-language-service	/Users/pooks/Dev/foldlab/corpus/effect-ts_language-service/packages/harness-effect-v3/examples/diagnostics/missingEffectContext_conciseBody.ts
v3-app	effect-ts-language-service	/Users/pooks/Dev/foldlab/corpus/effect-ts_language-service/packages/harness-effect-v3/examples/diagnostics/missingEffectContext_lazy.ts
v3-app	effect-ts-language-service	/Users/pooks/Dev/foldlab/corpus/effect-ts_language-service/packages/harness-effect-v3/examples/diagnostics/missingEffectContext_pipe.ts
v3-app	effect-ts-language-service	/Users/pooks/Dev/foldlab/corpus/effect-ts_language-service/packages/harness-effect-v3/examples/diagnostics/missingEffectContext_plainAssignment.ts
v3-app	effect-ts-language-service	/Users/pooks/Dev/foldlab/corpus/effect-ts_language-service/packages/harness-effect-v3/examples/diagnostics/missingEffectContext_returnSignature.ts
v3-app	effect-ts-language-service	/Users/pooks/Dev/foldlab/corpus/effect-ts_language-service/packages/harness-effect-v3/examples/diagnostics/missingEffectContext_skipArrowDefaults.ts
v3-app	effect-ts-language-service	/Users/pooks/Dev/foldlab/corpus/effect-ts_language-service/packages/harness-effect-v3/examples/diagnostics/missingEffectError_callExpression.ts
v3-app	effect-ts-language-service	/Users/pooks/Dev/foldlab/corpus/effect-ts_language-service/packages/harness-effect-v3/examples/diagnostics/missingEffectError_plainAssignment.ts
v3-app	effect-ts-language-service	/Users/pooks/Dev/foldlab/corpus/effect-ts_language-service/packages/harness-effect-v3/examples/diagnostics/missingEffectError_returnSignature.ts
v3-app	effect-ts-language-service	/Users/pooks/Dev/foldlab/corpus/effect-ts_language-service/packages/harness-effect-v3/examples/diagnostics/missingEffectError_tagged.ts
v3-app	effect-ts-language-service	/Users/pooks/Dev/foldlab/corpus/effect-ts_language-service/packages/harness-effect-v3/examples/diagnostics/missingEffectServiceDependency.ts
v3-app	effect-ts-language-service	/Users/pooks/Dev/foldlab/corpus/effect-ts_language-service/packages/harness-effect-v3/examples/diagnostics/missingEffectServiceDependency_preview.ts
v3-app	effect-ts-language-service	/Users/pooks/Dev/foldlab/corpus/effect-ts_language-service/packages/harness-effect-v3/examples/diagnostics/missingLayerContext.ts
v3-app	effect-ts-language-service	/Users/pooks/Dev/foldlab/corpus/effect-ts_language-service/packages/harness-effect-v3/examples/diagnostics/missingReturnYieldStar.ts
v3-app	effect-ts-language-service	/Users/pooks/Dev/foldlab/corpus/effect-ts_language-service/packages/harness-effect-v3/examples/diagnostics/missingReturnYieldStar_yieldable.ts
v3-app	effect-ts-language-service	/Users/pooks/Dev/foldlab/corpus/effect-ts_language-service/packages/harness-effect-v3/examples/diagnostics/missingStarInYieldEffectGen.ts
v3-app	effect-ts-language-service	/Users/pooks/Dev/foldlab/corpus/effect-ts_language-service/packages/harness-effect-v3/examples/diagnostics/missingStarInYieldEffectGen_nested.ts
v3-app	effect-ts-language-service	/Users/pooks/Dev/foldlab/corpus/effect-ts_language-service/packages/harness-effect-v3/examples/diagnostics/multipleEffectProvide.ts
v3-app	effect-ts-language-service	/Users/pooks/Dev/foldlab/corpus/effect-ts_language-service/packages/harness-effect-v3/examples/diagnostics/multipleEffectProvide_effectFn.ts
v3-app	effect-ts-language-service	/Users/pooks/Dev/foldlab/corpus/effect-ts_language-service/packages/harness-effect-v3/examples/diagnostics/multipleEffectProvide_effectFnRegular.ts
v3-app	effect-ts-language-service	/Users/pooks/Dev/foldlab/corpus/effect-ts_language-service/packages/harness-effect-v3/examples/diagnostics/nestedEffectGenYield.ts
v3-app	effect-ts-language-service	/Users/pooks/Dev/foldlab/corpus/effect-ts_language-service/packages/harness-effect-v3/examples/diagnostics/nestedEffectGenYield_preview.ts
v3-app	effect-ts-language-service	/Users/pooks/Dev/foldlab/corpus/effect-ts_language-service/packages/harness-effect-v3/examples/diagnostics/newPromise.ts
v3-app	effect-ts-language-service	/Users/pooks/Dev/foldlab/corpus/effect-ts_language-service/packages/harness-effect-v3/examples/diagnostics/nonObjectEffectServiceType.ts
v3-app	effect-ts-language-service	/Users/pooks/Dev/foldlab/corpus/effect-ts_language-service/packages/harness-effect-v3/examples/diagnostics/nonObjectEffectServiceType_preview.ts
v3-app	effect-ts-language-service	/Users/pooks/Dev/foldlab/corpus/effect-ts_language-service/packages/harness-effect-v3/examples/diagnostics/outdatedApi.ts
v3-app	effect-ts-language-service	/Users/pooks/Dev/foldlab/corpus/effect-ts_language-service/packages/harness-effect-v3/examples/diagnostics/outdatedEffectCodegen.ts
v3-app	effect-ts-language-service	/Users/pooks/Dev/foldlab/corpus/effect-ts_language-service/packages/harness-effect-v3/examples/diagnostics/outdatedEffectCodegen_annotate.ts
v3-app	effect-ts-language-service	/Users/pooks/Dev/foldlab/corpus/effect-ts_language-service/packages/harness-effect-v3/examples/diagnostics/outdatedEffectCodegen_preview.ts
v3-app	effect-ts-language-service	/Users/pooks/Dev/foldlab/corpus/effect-ts_language-service/packages/harness-effect-v3/examples/diagnostics/outdatedEffectCodegen_typeToSchema.ts
v3-app	effect-ts-language-service	/Users/pooks/Dev/foldlab/corpus/effect-ts_language-service/packages/harness-effect-v3/examples/diagnostics/overriddenSchemaConstructor.ts
v3-app	effect-ts-language-service	/Users/pooks/Dev/foldlab/corpus/effect-ts_language-service/packages/harness-effect-v3/examples/diagnostics/overriddenSchemaConstructor_static.ts
v3-app	effect-ts-language-service	/Users/pooks/Dev/foldlab/corpus/effect-ts_language-service/packages/harness-effect-v3/examples/diagnostics/overriddenSchemaConstructor_valid.ts
v3-app	effect-ts-language-service	/Users/pooks/Dev/foldlab/corpus/effect-ts_language-service/packages/harness-effect-v3/examples/diagnostics/preferSchemaOverJson.ts
v3-app	effect-ts-language-service	/Users/pooks/Dev/foldlab/corpus/effect-ts_language-service/packages/harness-effect-v3/examples/diagnostics/processEnv.ts
v3-app	effect-ts-language-service	/Users/pooks/Dev/foldlab/corpus/effect-ts_language-service/packages/harness-effect-v3/examples/diagnostics/processEnvInEffect.ts
v3-app	effect-ts-language-service	/Users/pooks/Dev/foldlab/corpus/effect-ts_language-service/packages/harness-effect-v3/examples/diagnostics/processEnvInEffect_preview.ts
v3-app	effect-ts-language-service	/Users/pooks/Dev/foldlab/corpus/effect-ts_language-service/packages/harness-effect-v3/examples/diagnostics/processEnvInEffect_thunks.ts
v3-app	effect-ts-language-service	/Users/pooks/Dev/foldlab/corpus/effect-ts_language-service/packages/harness-effect-v3/examples/diagnostics/redundantSchemaTagIdentifier.ts
v3-app	effect-ts-language-service	/Users/pooks/Dev/foldlab/corpus/effect-ts_language-service/packages/harness-effect-v3/examples/diagnostics/redundantSchemaTagIdentifier_preview.ts
v3-app	effect-ts-language-service	/Users/pooks/Dev/foldlab/corpus/effect-ts_language-service/packages/harness-effect-v3/examples/diagnostics/returnEffectInGen_noDiagnostics.ts
v3-app	effect-ts-language-service	/Users/pooks/Dev/foldlab/corpus/effect-ts_language-service/packages/harness-effect-v3/examples/diagnostics/returnEffectInGen_warn.ts
v3-app	effect-ts-language-service	/Users/pooks/Dev/foldlab/corpus/effect-ts_language-service/packages/harness-effect-v3/examples/diagnostics/runEffectInsideEffect.ts
v3-app	effect-ts-language-service	/Users/pooks/Dev/foldlab/corpus/effect-ts_language-service/packages/harness-effect-v3/examples/diagnostics/runEffectInsideEffect_preview.ts
v3-app	effect-ts-language-service	/Users/pooks/Dev/foldlab/corpus/effect-ts_language-service/packages/harness-effect-v3/examples/diagnostics/schemaStructWithTag.ts
v3-app	effect-ts-language-service	/Users/pooks/Dev/foldlab/corpus/effect-ts_language-service/packages/harness-effect-v3/examples/diagnostics/schemaSyncInEffect.ts
v3-app	effect-ts-language-service	/Users/pooks/Dev/foldlab/corpus/effect-ts_language-service/packages/harness-effect-v3/examples/diagnostics/schemaSyncInEffect_preview.ts
v3-app	effect-ts-language-service	/Users/pooks/Dev/foldlab/corpus/effect-ts_language-service/packages/harness-effect-v3/examples/diagnostics/schemaSyncInEffect_thunks.ts
v3-app	effect-ts-language-service	/Users/pooks/Dev/foldlab/corpus/effect-ts_language-service/packages/harness-effect-v3/examples/diagnostics/schemaUnionOfLiterals.ts
v3-app	effect-ts-language-service	/Users/pooks/Dev/foldlab/corpus/effect-ts_language-service/packages/harness-effect-v3/examples/diagnostics/schemaUnionOfLiterals_preview.ts
v3-app	effect-ts-language-service	/Users/pooks/Dev/foldlab/corpus/effect-ts_language-service/packages/harness-effect-v3/examples/diagnostics/scopeInLayerEffect.ts
v3-app	effect-ts-language-service	/Users/pooks/Dev/foldlab/corpus/effect-ts_language-service/packages/harness-effect-v3/examples/diagnostics/scopeInLayerEffect_preview.ts
v3-app	effect-ts-language-service	/Users/pooks/Dev/foldlab/corpus/effect-ts_language-service/packages/harness-effect-v3/examples/diagnostics/strictEffectProvide.ts
v3-app	effect-ts-language-service	/Users/pooks/Dev/foldlab/corpus/effect-ts_language-service/packages/harness-effect-v3/examples/diagnostics/tryCatchInEffectGen.ts
v3-app	effect-ts-language-service	/Users/pooks/Dev/foldlab/corpus/effect-ts_language-service/packages/harness-effect-v3/examples/diagnostics/tryCatchInEffectGen_finally.ts
v3-app	effect-ts-language-service	/Users/pooks/Dev/foldlab/corpus/effect-ts_language-service/packages/harness-effect-v3/examples/diagnostics/unknownInEffectCatch.ts
v3-app	effect-ts-language-service	/Users/pooks/Dev/foldlab/corpus/effect-ts_language-service/packages/harness-effect-v3/examples/diagnostics/unnecessaryEffectGen.ts
v3-app	effect-ts-language-service	/Users/pooks/Dev/foldlab/corpus/effect-ts_language-service/packages/harness-effect-v3/examples/diagnostics/unnecessaryEffectGen_ifBlock.ts
v3-app	effect-ts-language-service	/Users/pooks/Dev/foldlab/corpus/effect-ts_language-service/packages/harness-effect-v3/examples/diagnostics/unnecessaryEffectGen_nestedYield.ts
v3-app	effect-ts-language-service	/Users/pooks/Dev/foldlab/corpus/effect-ts_language-service/packages/harness-effect-v3/examples/diagnostics/unnecessaryEffectGen_noReturn.ts
v3-app	effect-ts-language-service	/Users/pooks/Dev/foldlab/corpus/effect-ts_language-service/packages/harness-effect-v3/examples/diagnostics/unnecessaryFailYieldableError.ts
v3-app	effect-ts-language-service	/Users/pooks/Dev/foldlab/corpus/effect-ts_language-service/packages/harness-effect-v3/examples/diagnostics/unnecessaryPipe.ts
v3-app	effect-ts-language-service	/Users/pooks/Dev/foldlab/corpus/effect-ts_language-service/packages/harness-effect-v3/examples/diagnostics/unnecessaryPipeChain.ts
v3-app	effect-ts-language-service	/Users/pooks/Dev/foldlab/corpus/effect-ts_language-service/packages/harness-effect-v3/examples/diagnostics/unnecessaryPipe_disableMidObject.ts
v3-app	effect-ts-language-service	/Users/pooks/Dev/foldlab/corpus/effect-ts_language-service/packages/harness-effect-v3/examples/diagnostics/unnecessaryPipe_namespace.ts
v3-app	effect-ts-language-service	/Users/pooks/Dev/foldlab/corpus/effect-ts_language-service/packages/harness-effect-v3/examples/diagnostics/unsafeEffectTypeAssertion.ts
v3-app	effect-ts-language-service	/Users/pooks/Dev/foldlab/corpus/effect-ts_language-service/packages/harness-effect-v3/examples/diagnostics/unsupportedServiceAccessors.ts
v3-app	effect-ts-language-service	/Users/pooks/Dev/foldlab/corpus/effect-ts_language-service/packages/harness-effect-v3/examples/diagnostics/unsupportedServiceAccessors_effectTag.ts
v3-app	effect-ts-language-service	/Users/pooks/Dev/foldlab/corpus/effect-ts_language-service/packages/harness-effect-v3/examples/diagnostics/unsupportedServiceAccessors_preview.ts
v3-app	effect-ts-language-service	/Users/pooks/Dev/foldlab/corpus/effect-ts_language-service/packages/harness-effect-v3/examples/diagnostics/unsupportedServiceAccessors_primitive.ts
v3-app	effect-ts-language-service	/Users/pooks/Dev/foldlab/corpus/effect-ts_language-service/packages/harness-effect-v3/examples/diagnostics/utils.ts
v3-app	effect-ts-language-service	/Users/pooks/Dev/foldlab/corpus/effect-ts_language-service/packages/harness-effect-v3/examples/goto/rpc.ts
v3-app	effect-ts-language-service	/Users/pooks/Dev/foldlab/corpus/effect-ts_language-service/packages/harness-effect-v3/examples/goto/rpc_defs.ts
v3-app	effect-ts-language-service	/Users/pooks/Dev/foldlab/corpus/effect-ts_language-service/packages/harness-effect-v3/examples/inlays/effectGenLike.ts
v3-app	effect-ts-language-service	/Users/pooks/Dev/foldlab/corpus/effect-ts_language-service/packages/harness-effect-v3/examples/layer-graph/documented.ts
v3-app	effect-ts-language-service	/Users/pooks/Dev/foldlab/corpus/effect-ts_language-service/packages/harness-effect-v3/examples/layer-graph/duplicated.ts
v3-app	effect-ts-language-service	/Users/pooks/Dev/foldlab/corpus/effect-ts_language-service/packages/harness-effect-v3/examples/layer-graph/effect.ts
v3-app	effect-ts-language-service	/Users/pooks/Dev/foldlab/corpus/effect-ts_language-service/packages/harness-effect-v3/examples/layer-graph/followSymbols.ts
v3-app	effect-ts-language-service	/Users/pooks/Dev/foldlab/corpus/effect-ts_language-service/packages/harness-effect-v3/examples/layer-graph/generics.ts
v3-app	effect-ts-language-service	/Users/pooks/Dev/foldlab/corpus/effect-ts_language-service/packages/harness-effect-v3/examples/layer-graph/incorrectInference.ts
v3-app	effect-ts-language-service	/Users/pooks/Dev/foldlab/corpus/effect-ts_language-service/packages/harness-effect-v3/examples/layer-graph/multiple.ts
v3-app	effect-ts-language-service	/Users/pooks/Dev/foldlab/corpus/effect-ts_language-service/packages/harness-effect-v3/examples/layer-graph/simple.ts
v3-app	effect-ts-language-service	/Users/pooks/Dev/foldlab/corpus/effect-ts_language-service/packages/harness-effect-v3/examples/layer-graph/specialChars.ts
v3-app	effect-ts-language-service	/Users/pooks/Dev/foldlab/corpus/effect-ts_language-service/packages/harness-effect-v3/examples/piping/callExpPipeable.ts
v3-app	effect-ts-language-service	/Users/pooks/Dev/foldlab/corpus/effect-ts_language-service/packages/harness-effect-v3/examples/piping/effectFn.ts
v3-app	effect-ts-language-service	/Users/pooks/Dev/foldlab/corpus/effect-ts_language-service/packages/harness-effect-v3/examples/piping/effectFnRegular.ts
v3-app	effect-ts-language-service	/Users/pooks/Dev/foldlab/corpus/effect-ts_language-service/packages/harness-effect-v3/examples/piping/emptyArgs.ts
v3-app	effect-ts-language-service	/Users/pooks/Dev/foldlab/corpus/effect-ts_language-service/packages/harness-effect-v3/examples/piping/functionCalls.ts
v3-app	effect-ts-language-service	/Users/pooks/Dev/foldlab/corpus/effect-ts_language-service/packages/harness-effect-v3/examples/piping/multipleFlows.ts
v3-app	effect-ts-language-service	/Users/pooks/Dev/foldlab/corpus/effect-ts_language-service/packages/harness-effect-v3/examples/piping/nestedPipe.ts
v3-app	effect-ts-language-service	/Users/pooks/Dev/foldlab/corpus/effect-ts_language-service/packages/harness-effect-v3/examples/piping/schedule.ts
v3-app	effect-ts-language-service	/Users/pooks/Dev/foldlab/corpus/effect-ts_language-service/packages/harness-effect-v3/examples/piping/simpleEffect.ts
v3-app	effect-ts-language-service	/Users/pooks/Dev/foldlab/corpus/effect-ts_language-service/packages/harness-effect-v3/examples/piping/simplePipe.ts
v3-app	effect-ts-language-service	/Users/pooks/Dev/foldlab/corpus/effect-ts_language-service/packages/harness-effect-v3/examples/quickinfo/effectDisplayParts.ts
v3-app	effect-ts-language-service	/Users/pooks/Dev/foldlab/corpus/effect-ts_language-service/packages/harness-effect-v3/examples/quickinfo/effectGen.ts
v3-app	effect-ts-language-service	/Users/pooks/Dev/foldlab/corpus/effect-ts_language-service/packages/harness-effect-v3/examples/quickinfo/layerInfo.ts
v3-app	effect-ts-language-service	/Users/pooks/Dev/foldlab/corpus/effect-ts_language-service/packages/harness-effect-v3/examples/quickinfo/layerInfo_generics.ts
v3-app	effect-ts-language-service	/Users/pooks/Dev/foldlab/corpus/effect-ts_language-service/packages/harness-effect-v3/examples/refactors/asyncAwaitToFn.ts
v3-app	effect-ts-language-service	/Users/pooks/Dev/foldlab/corpus/effect-ts_language-service/packages/harness-effect-v3/examples/refactors/asyncAwaitToFnTryPromise.ts
v3-app	effect-ts-language-service	/Users/pooks/Dev/foldlab/corpus/effect-ts_language-service/packages/harness-effect-v3/examples/refactors/asyncAwaitToFn_generics.ts
v3-app	effect-ts-language-service	/Users/pooks/Dev/foldlab/corpus/effect-ts_language-service/packages/harness-effect-v3/examples/refactors/asyncAwaitToGen.ts
v3-app	effect-ts-language-service	/Users/pooks/Dev/foldlab/corpus/effect-ts_language-service/packages/harness-effect-v3/examples/refactors/asyncAwaitToGenTryPromise.ts
v3-app	effect-ts-language-service	/Users/pooks/Dev/foldlab/corpus/effect-ts_language-service/packages/harness-effect-v3/examples/refactors/asyncAwaitToGenTryPromise_anonymous.ts
v3-app	effect-ts-language-service	/Users/pooks/Dev/foldlab/corpus/effect-ts_language-service/packages/harness-effect-v3/examples/refactors/asyncAwaitToGen_anonymous.ts
v3-app	effect-ts-language-service	/Users/pooks/Dev/foldlab/corpus/effect-ts_language-service/packages/harness-effect-v3/examples/refactors/asyncAwaitToGen_namedImport.ts
v3-app	effect-ts-language-service	/Users/pooks/Dev/foldlab/corpus/effect-ts_language-service/packages/harness-effect-v3/examples/refactors/effectGenToFn.ts
v3-app	effect-ts-language-service	/Users/pooks/Dev/foldlab/corpus/effect-ts_language-service/packages/harness-effect-v3/examples/refactors/effectGenToFn_classMethod.ts
v3-app	effect-ts-language-service	/Users/pooks/Dev/foldlab/corpus/effect-ts_language-service/packages/harness-effect-v3/examples/refactors/effectGenToFn_mixedPipes.ts
v3-app	effect-ts-language-service	/Users/pooks/Dev/foldlab/corpus/effect-ts_language-service/packages/harness-effect-v3/examples/refactors/effectGenToFn_returns.ts
v3-app	effect-ts-language-service	/Users/pooks/Dev/foldlab/corpus/effect-ts_language-service/packages/harness-effect-v3/examples/refactors/effectGenToFn_withPipes.ts
v3-app	effect-ts-language-service	/Users/pooks/Dev/foldlab/corpus/effect-ts_language-service/packages/harness-effect-v3/examples/refactors/effectServiceToClassWithLayer.ts
v3-app	effect-ts-language-service	/Users/pooks/Dev/foldlab/corpus/effect-ts_language-service/packages/harness-effect-v3/examples/refactors/layerMagic_build.ts
v3-app	effect-ts-language-service	/Users/pooks/Dev/foldlab/corpus/effect-ts_language-service/packages/harness-effect-v3/examples/refactors/layerMagic_prepare.ts
v3-app	effect-ts-language-service	/Users/pooks/Dev/foldlab/corpus/effect-ts_language-service/packages/harness-effect-v3/examples/refactors/layerMagic_prepareReuse.ts
v3-app	effect-ts-language-service	/Users/pooks/Dev/foldlab/corpus/effect-ts_language-service/packages/harness-effect-v3/examples/refactors/layerMagic_telemetry.ts
v3-app	effect-ts-language-service	/Users/pooks/Dev/foldlab/corpus/effect-ts_language-service/packages/harness-effect-v3/examples/refactors/makeSchemaOpaque.ts
v3-app	effect-ts-language-service	/Users/pooks/Dev/foldlab/corpus/effect-ts_language-service/packages/harness-effect-v3/examples/refactors/makeSchemaOpaqueWithNs_shortImport.ts
v3-app	effect-ts-language-service	/Users/pooks/Dev/foldlab/corpus/effect-ts_language-service/packages/harness-effect-v3/examples/refactors/makeSchemaOpaque_brand.ts
v3-app	effect-ts-language-service	/Users/pooks/Dev/foldlab/corpus/effect-ts_language-service/packages/harness-effect-v3/examples/refactors/makeSchemaOpaque_shortImport.ts
v3-app	effect-ts-language-service	/Users/pooks/Dev/foldlab/corpus/effect-ts_language-service/packages/harness-effect-v3/examples/refactors/makeSchemaOpaque_shortImportAlias.ts
v3-app	effect-ts-language-service	/Users/pooks/Dev/foldlab/corpus/effect-ts_language-service/packages/harness-effect-v3/examples/refactors/makeSchemaOpaque_union.ts
v3-app	effect-ts-language-service	/Users/pooks/Dev/foldlab/corpus/effect-ts_language-service/packages/harness-effect-v3/examples/refactors/pipeableToDatafirst.ts
v3-app	effect-ts-language-service	/Users/pooks/Dev/foldlab/corpus/effect-ts_language-service/packages/harness-effect-v3/examples/refactors/removeCurryArrow.ts
v3-app	effect-ts-language-service	/Users/pooks/Dev/foldlab/corpus/effect-ts_language-service/packages/harness-effect-v3/examples/refactors/removeUnnecessaryEffectGen.ts
v3-app	effect-ts-language-service	/Users/pooks/Dev/foldlab/corpus/effect-ts_language-service/packages/harness-effect-v3/examples/refactors/structuralTypeToSchema_avoidConflict.ts
v3-app	effect-ts-language-service	/Users/pooks/Dev/foldlab/corpus/effect-ts_language-service/packages/harness-effect-v3/examples/refactors/structuralTypeToSchema_reuse.ts
v3-app	effect-ts-language-service	/Users/pooks/Dev/foldlab/corpus/effect-ts_language-service/packages/harness-effect-v3/examples/refactors/togglePipeStyle.ts
v3-app	effect-ts-language-service	/Users/pooks/Dev/foldlab/corpus/effect-ts_language-service/packages/harness-effect-v3/examples/refactors/toggleReturnTypeAnnotation.ts
v3-app	effect-ts-language-service	/Users/pooks/Dev/foldlab/corpus/effect-ts_language-service/packages/harness-effect-v3/examples/refactors/toggleTypeAnnotation.ts
v3-app	effect-ts-language-service	/Users/pooks/Dev/foldlab/corpus/effect-ts_language-service/packages/harness-effect-v3/examples/refactors/toggleTypeAnnotation_schema.ts
v3-app	effect-ts-language-service	/Users/pooks/Dev/foldlab/corpus/effect-ts_language-service/packages/harness-effect-v3/examples/refactors/toggleTypeAnnotation_simplify.ts
v3-app	effect-ts-language-service	/Users/pooks/Dev/foldlab/corpus/effect-ts_language-service/packages/harness-effect-v3/examples/refactors/toggleTypeAnnotation_unnamed.ts
v3-app	effect-ts-language-service	/Users/pooks/Dev/foldlab/corpus/effect-ts_language-service/packages/harness-effect-v3/examples/refactors/typeToEffectSchema_typeOf.ts
v3-app	effect-ts-language-service	/Users/pooks/Dev/foldlab/corpus/effect-ts_language-service/packages/harness-effect-v3/examples/refactors/typeToEffectSchema_typeofKeyof.ts
v3-app	effect-ts-language-service	/Users/pooks/Dev/foldlab/corpus/effect-ts_language-service/packages/harness-effect-v3/examples/refactors/wrapWithEffectGen.ts
v3-app	effect-ts-language-service	/Users/pooks/Dev/foldlab/corpus/effect-ts_language-service/packages/harness-effect-v3/examples/refactors/wrapWithEffectGen_noclass.ts
v3-app	effect-ts-language-service	/Users/pooks/Dev/foldlab/corpus/effect-ts_language-service/packages/harness-effect-v3/examples/refactors/writeTagClassAccessors.ts
v3-app	effect-ts-language-service	/Users/pooks/Dev/foldlab/corpus/effect-ts_language-service/packages/harness-effect-v3/examples/renames/keyStrings.ts
v3-app	effect-ts-language-service	/Users/pooks/Dev/foldlab/corpus/effect-ts_language-service/packages/harness-effect-v3/examples/renames/keyStrings_contextTag.ts
v3-app	effect-ts-language-service	/Users/pooks/Dev/foldlab/corpus/effect-ts_language-service/packages/harness-effect-v3/examples/renames/keyStrings_dataTaggedClass.ts
v3-app	effect-ts-language-service	/Users/pooks/Dev/foldlab/corpus/effect-ts_language-service/packages/harness-effect-v3/examples/renames/keyStrings_dataTaggedError.ts
v3-app	effect-ts-language-service	/Users/pooks/Dev/foldlab/corpus/effect-ts_language-service/packages/harness-effect-v3/examples/renames/keyStrings_effectService.ts
v3-app	effect-ts-language-service	/Users/pooks/Dev/foldlab/corpus/effect-ts_language-service/packages/harness-effect-v3/examples/renames/keyStrings_effectTag.ts
v3-app	effect-ts-language-service	/Users/pooks/Dev/foldlab/corpus/effect-ts_language-service/packages/harness-effect-v3/examples/renames/keyStrings_taggedClass.ts
v3-app	effect-ts-language-service	/Users/pooks/Dev/foldlab/corpus/effect-ts_language-service/packages/harness-effect-v3/examples/renames/keyStrings_taggedError.ts
v3-app	effect-ts-language-service	/Users/pooks/Dev/foldlab/corpus/effect-ts_language-service/packages/harness-effect-v3/examples/renames/keyStrings_taggedRequest.ts
v3-app	effect-ts-language-service	/Users/pooks/Dev/foldlab/corpus/effect-ts_language-service/packages/harness-effect-v3/examples/utils/types.ts
v3-app	effect-ts-vscode-extension	/Users/pooks/Dev/foldlab/corpus/effect-ts_vscode-extension/src/Clients.ts
v3-app	effect-ts-vscode-extension	/Users/pooks/Dev/foldlab/corpus/effect-ts_vscode-extension/src/ClientsProvider.ts
v3-app	effect-ts-vscode-extension	/Users/pooks/Dev/foldlab/corpus/effect-ts_vscode-extension/src/ContextProvider.ts
v3-app	effect-ts-vscode-extension	/Users/pooks/Dev/foldlab/corpus/effect-ts_vscode-extension/src/DebugBreakpointsProvider.ts
v3-app	effect-ts-vscode-extension	/Users/pooks/Dev/foldlab/corpus/effect-ts_vscode-extension/src/DebugChannel.ts
v3-app	effect-ts-vscode-extension	/Users/pooks/Dev/foldlab/corpus/effect-ts_vscode-extension/src/DebugEnv.ts
v3-app	effect-ts-vscode-extension	/Users/pooks/Dev/foldlab/corpus/effect-ts_vscode-extension/src/DebugFibersProvider.ts
v3-app	effect-ts-vscode-extension	/Users/pooks/Dev/foldlab/corpus/effect-ts_vscode-extension/src/DebugSpanStackProvider.ts
v3-app	effect-ts-vscode-extension	/Users/pooks/Dev/foldlab/corpus/effect-ts_vscode-extension/src/InjectNodeOptionsInstrumentationProvider.ts
v3-app	effect-ts-vscode-extension	/Users/pooks/Dev/foldlab/corpus/effect-ts_vscode-extension/src/LayerHoverProvider.ts
v3-app	effect-ts-vscode-extension	/Users/pooks/Dev/foldlab/corpus/effect-ts_vscode-extension/src/MetricsProvider.ts
v3-app	effect-ts-vscode-extension	/Users/pooks/Dev/foldlab/corpus/effect-ts_vscode-extension/src/SpanProvider.ts
v3-app	effect-ts-vscode-extension	/Users/pooks/Dev/foldlab/corpus/effect-ts_vscode-extension/src/TracerProvider.ts
v3-app	effect-ts-vscode-extension	/Users/pooks/Dev/foldlab/corpus/effect-ts_vscode-extension/src/TreeCommands.ts
v3-app	effect-ts-vscode-extension	/Users/pooks/Dev/foldlab/corpus/effect-ts_vscode-extension/src/VsCode.ts
v3-app	effect-ts-vscode-extension	/Users/pooks/Dev/foldlab/corpus/effect-ts_vscode-extension/src/extension.ts
v3-app	effect-ts-vscode-extension	/Users/pooks/Dev/foldlab/corpus/effect-ts_vscode-extension/src/instrumentation/encoders.ts
v3-app	effect-ts-vscode-extension	/Users/pooks/Dev/foldlab/corpus/effect-ts_vscode-extension/src/instrumentation/instrumentation.ts
v3-app	effect-ts-vscode-extension	/Users/pooks/Dev/foldlab/corpus/effect-ts_vscode-extension/src/instrumentation/shims-v3.ts
v3-app	effect-ts-vscode-extension	/Users/pooks/Dev/foldlab/corpus/effect-ts_vscode-extension/src/instrumentation/shims-v4.ts
v3-app	effect-ts-vscode-extension	/Users/pooks/Dev/foldlab/corpus/effect-ts_vscode-extension/src/utils/Duration.ts
v3-app	effect-ts-vscode-extension	/Users/pooks/Dev/foldlab/corpus/effect-ts_vscode-extension/tracer/src/RxStore.ts
v3-app	effect-ts-vscode-extension	/Users/pooks/Dev/foldlab/corpus/effect-ts_vscode-extension/tracer/src/VscodeWebview.ts
v3-app	effect-ts-vscode-extension	/Users/pooks/Dev/foldlab/corpus/effect-ts_vscode-extension/tsup.instrumentation.config.ts
v3-app	embedded-insurance-effect-use	/Users/pooks/Dev/foldlab/corpus/embedded-insurance_effect-use/packages/aws-s3/src/index.ts
v3-app	embedded-insurance-effect-use	/Users/pooks/Dev/foldlab/corpus/embedded-insurance_effect-use/packages/brex/src/index.ts
v3-app	embedded-insurance-effect-use	/Users/pooks/Dev/foldlab/corpus/embedded-insurance_effect-use/packages/brex/src/types/common.ts
v3-app	embedded-insurance-effect-use	/Users/pooks/Dev/foldlab/corpus/embedded-insurance_effect-use/packages/brex/src/types/transfer.ts
v3-app	embedded-insurance-effect-use	/Users/pooks/Dev/foldlab/corpus/embedded-insurance_effect-use/packages/brex/src/types/vendor.ts
v3-app	embedded-insurance-effect-use	/Users/pooks/Dev/foldlab/corpus/embedded-insurance_effect-use/packages/gcp-gcs/src/index.ts
v3-app	embedded-insurance-effect-use	/Users/pooks/Dev/foldlab/corpus/embedded-insurance_effect-use/packages/gcp-gcs/src/layers.ts
v3-app	embedded-insurance-effect-use	/Users/pooks/Dev/foldlab/corpus/embedded-insurance_effect-use/packages/gcp-logging/src/index.ts
v3-app	embedded-insurance-effect-use	/Users/pooks/Dev/foldlab/corpus/embedded-insurance_effect-use/packages/github/src/index.ts
v3-app	embedded-insurance-effect-use	/Users/pooks/Dev/foldlab/corpus/embedded-insurance_effect-use/packages/http-client/src/index.ts
v3-app	embedded-insurance-effect-use	/Users/pooks/Dev/foldlab/corpus/embedded-insurance_effect-use/packages/stripe/src/index.ts
v3-app	embedded-insurance-effect-use	/Users/pooks/Dev/foldlab/corpus/embedded-insurance_effect-use/packages/temporal-client/src/batch.ts
v3-app	embedded-insurance-effect-use	/Users/pooks/Dev/foldlab/corpus/embedded-insurance_effect-use/packages/temporal-client/src/client.ts
v3-app	embedded-insurance-effect-use	/Users/pooks/Dev/foldlab/corpus/embedded-insurance_effect-use/packages/temporal-client/src/connection.ts
v3-app	embedded-insurance-effect-use	/Users/pooks/Dev/foldlab/corpus/embedded-insurance_effect-use/packages/temporal-client/src/errors.ts
v3-app	embedded-insurance-effect-use	/Users/pooks/Dev/foldlab/corpus/embedded-insurance_effect-use/packages/temporal-client/src/types.ts
v3-app	embedded-insurance-effect-use	/Users/pooks/Dev/foldlab/corpus/embedded-insurance_effect-use/packages/temporal-config/src/index.ts
v3-app	ethanniser-effectis	/Users/pooks/Dev/foldlab/corpus/ethanniser_effectis/scripts/copy-package-json.ts
v3-app	ethanniser-effectis	/Users/pooks/Dev/foldlab/corpus/ethanniser_effectis/snippets/index.ts
v3-app	ethanniser-effectis	/Users/pooks/Dev/foldlab/corpus/ethanniser_effectis/snippets/index2.ts
v3-app	ethanniser-effectis	/Users/pooks/Dev/foldlab/corpus/ethanniser_effectis/src/Cli.ts
v3-app	ethanniser-effectis	/Users/pooks/Dev/foldlab/corpus/ethanniser_effectis/src/Command.ts
v3-app	ethanniser-effectis	/Users/pooks/Dev/foldlab/corpus/ethanniser_effectis/src/Parser/index.ts
v3-app	ethanniser-effectis	/Users/pooks/Dev/foldlab/corpus/ethanniser_effectis/src/PubSub.ts
v3-app	ethanniser-effectis	/Users/pooks/Dev/foldlab/corpus/ethanniser_effectis/src/Storage.ts
v3-app	ethanniser-effectis	/Users/pooks/Dev/foldlab/corpus/ethanniser_effectis/src/Storage/STMBackedInMemory.ts
v3-app	ethanniser-effectis	/Users/pooks/Dev/foldlab/corpus/ethanniser_effectis/src/Transaction.ts
v3-app	ethanniser-effectis	/Users/pooks/Dev/foldlab/corpus/ethanniser_effectis/src/client/index.ts
v3-app	ethanniser-effectis	/Users/pooks/Dev/foldlab/corpus/ethanniser_effectis/src/main.ts
v3-app	floydspace-effect-aws	/Users/pooks/Dev/foldlab/corpus/floydspace_effect-aws/packages/client-account/src/AccountClientInstance.ts
v3-app	floydspace-effect-aws	/Users/pooks/Dev/foldlab/corpus/floydspace_effect-aws/packages/client-account/src/AccountService.ts
v3-app	floydspace-effect-aws	/Users/pooks/Dev/foldlab/corpus/floydspace_effect-aws/packages/client-account/src/AccountServiceConfig.ts
v3-app	floydspace-effect-aws	/Users/pooks/Dev/foldlab/corpus/floydspace_effect-aws/packages/client-api-gateway-management-api/src/ApiGatewayManagementApiClientInstance.ts
v3-app	floydspace-effect-aws	/Users/pooks/Dev/foldlab/corpus/floydspace_effect-aws/packages/client-api-gateway-management-api/src/ApiGatewayManagementApiService.ts
v3-app	floydspace-effect-aws	/Users/pooks/Dev/foldlab/corpus/floydspace_effect-aws/packages/client-api-gateway-management-api/src/ApiGatewayManagementApiServiceConfig.ts
v3-app	floydspace-effect-aws	/Users/pooks/Dev/foldlab/corpus/floydspace_effect-aws/packages/client-api-gateway-v2/src/ApiGatewayV2ClientInstance.ts
v3-app	floydspace-effect-aws	/Users/pooks/Dev/foldlab/corpus/floydspace_effect-aws/packages/client-api-gateway-v2/src/ApiGatewayV2Service.ts
v3-app	floydspace-effect-aws	/Users/pooks/Dev/foldlab/corpus/floydspace_effect-aws/packages/client-api-gateway-v2/src/ApiGatewayV2ServiceConfig.ts
v3-app	floydspace-effect-aws	/Users/pooks/Dev/foldlab/corpus/floydspace_effect-aws/packages/client-api-gateway/src/APIGatewayClientInstance.ts
v3-app	floydspace-effect-aws	/Users/pooks/Dev/foldlab/corpus/floydspace_effect-aws/packages/client-api-gateway/src/APIGatewayService.ts
v3-app	floydspace-effect-aws	/Users/pooks/Dev/foldlab/corpus/floydspace_effect-aws/packages/client-api-gateway/src/APIGatewayServiceConfig.ts
v3-app	floydspace-effect-aws	/Users/pooks/Dev/foldlab/corpus/floydspace_effect-aws/packages/client-athena/src/AthenaClientInstance.ts
v3-app	floydspace-effect-aws	/Users/pooks/Dev/foldlab/corpus/floydspace_effect-aws/packages/client-athena/src/AthenaService.ts
v3-app	floydspace-effect-aws	/Users/pooks/Dev/foldlab/corpus/floydspace_effect-aws/packages/client-athena/src/AthenaServiceConfig.ts
v3-app	floydspace-effect-aws	/Users/pooks/Dev/foldlab/corpus/floydspace_effect-aws/packages/client-auto-scaling/src/AutoScalingClientInstance.ts
v3-app	floydspace-effect-aws	/Users/pooks/Dev/foldlab/corpus/floydspace_effect-aws/packages/client-auto-scaling/src/AutoScalingService.ts
v3-app	floydspace-effect-aws	/Users/pooks/Dev/foldlab/corpus/floydspace_effect-aws/packages/client-auto-scaling/src/AutoScalingServiceConfig.ts
v3-app	floydspace-effect-aws	/Users/pooks/Dev/foldlab/corpus/floydspace_effect-aws/packages/client-bedrock-agent/src/BedrockAgentClientInstance.ts
v3-app	floydspace-effect-aws	/Users/pooks/Dev/foldlab/corpus/floydspace_effect-aws/packages/client-bedrock-agent/src/BedrockAgentService.ts
v3-app	floydspace-effect-aws	/Users/pooks/Dev/foldlab/corpus/floydspace_effect-aws/packages/client-bedrock-agent/src/BedrockAgentServiceConfig.ts
v3-app	floydspace-effect-aws	/Users/pooks/Dev/foldlab/corpus/floydspace_effect-aws/packages/client-bedrock-agentcore-control/src/BedrockAgentCoreControlClientInstance.ts
v3-app	floydspace-effect-aws	/Users/pooks/Dev/foldlab/corpus/floydspace_effect-aws/packages/client-bedrock-agentcore-control/src/BedrockAgentCoreControlService.ts
v3-app	floydspace-effect-aws	/Users/pooks/Dev/foldlab/corpus/floydspace_effect-aws/packages/client-bedrock-agentcore-control/src/BedrockAgentCoreControlServiceConfig.ts
v3-app	floydspace-effect-aws	/Users/pooks/Dev/foldlab/corpus/floydspace_effect-aws/packages/client-bedrock-agentcore/src/BedrockAgentCoreClientInstance.ts
v3-app	floydspace-effect-aws	/Users/pooks/Dev/foldlab/corpus/floydspace_effect-aws/packages/client-bedrock-agentcore/src/BedrockAgentCoreService.ts
v3-app	floydspace-effect-aws	/Users/pooks/Dev/foldlab/corpus/floydspace_effect-aws/packages/client-bedrock-agentcore/src/BedrockAgentCoreServiceConfig.ts
v3-app	floydspace-effect-aws	/Users/pooks/Dev/foldlab/corpus/floydspace_effect-aws/packages/client-bedrock-runtime/src/BedrockRuntimeClientInstance.ts
v3-app	floydspace-effect-aws	/Users/pooks/Dev/foldlab/corpus/floydspace_effect-aws/packages/client-bedrock-runtime/src/BedrockRuntimeService.ts
v3-app	floydspace-effect-aws	/Users/pooks/Dev/foldlab/corpus/floydspace_effect-aws/packages/client-bedrock-runtime/src/BedrockRuntimeServiceConfig.ts
v3-app	floydspace-effect-aws	/Users/pooks/Dev/foldlab/corpus/floydspace_effect-aws/packages/client-bedrock/src/BedrockClientInstance.ts
v3-app	floydspace-effect-aws	/Users/pooks/Dev/foldlab/corpus/floydspace_effect-aws/packages/client-bedrock/src/BedrockService.ts
v3-app	floydspace-effect-aws	/Users/pooks/Dev/foldlab/corpus/floydspace_effect-aws/packages/client-bedrock/src/BedrockServiceConfig.ts
v3-app	floydspace-effect-aws	/Users/pooks/Dev/foldlab/corpus/floydspace_effect-aws/packages/client-cloudformation/src/CloudFormationClientInstance.ts
v3-app	floydspace-effect-aws	/Users/pooks/Dev/foldlab/corpus/floydspace_effect-aws/packages/client-cloudformation/src/CloudFormationService.ts
v3-app	floydspace-effect-aws	/Users/pooks/Dev/foldlab/corpus/floydspace_effect-aws/packages/client-cloudformation/src/CloudFormationServiceConfig.ts
v3-app	floydspace-effect-aws	/Users/pooks/Dev/foldlab/corpus/floydspace_effect-aws/packages/client-cloudfront/src/CloudFrontClientInstance.ts
v3-app	floydspace-effect-aws	/Users/pooks/Dev/foldlab/corpus/floydspace_effect-aws/packages/client-cloudfront/src/CloudFrontService.ts
v3-app	floydspace-effect-aws	/Users/pooks/Dev/foldlab/corpus/floydspace_effect-aws/packages/client-cloudfront/src/CloudFrontServiceConfig.ts
v3-app	floydspace-effect-aws	/Users/pooks/Dev/foldlab/corpus/floydspace_effect-aws/packages/client-cloudsearch/src/CloudSearchClientInstance.ts
v3-app	floydspace-effect-aws	/Users/pooks/Dev/foldlab/corpus/floydspace_effect-aws/packages/client-cloudsearch/src/CloudSearchService.ts
v3-app	floydspace-effect-aws	/Users/pooks/Dev/foldlab/corpus/floydspace_effect-aws/packages/client-cloudsearch/src/CloudSearchServiceConfig.ts
v3-app	floydspace-effect-aws	/Users/pooks/Dev/foldlab/corpus/floydspace_effect-aws/packages/client-cloudtrail/src/CloudTrailClientInstance.ts
v3-app	floydspace-effect-aws	/Users/pooks/Dev/foldlab/corpus/floydspace_effect-aws/packages/client-cloudtrail/src/CloudTrailService.ts
v3-app	floydspace-effect-aws	/Users/pooks/Dev/foldlab/corpus/floydspace_effect-aws/packages/client-cloudtrail/src/CloudTrailServiceConfig.ts
v3-app	floydspace-effect-aws	/Users/pooks/Dev/foldlab/corpus/floydspace_effect-aws/packages/client-cloudwatch-events/src/CloudWatchEventsClientInstance.ts
v3-app	floydspace-effect-aws	/Users/pooks/Dev/foldlab/corpus/floydspace_effect-aws/packages/client-cloudwatch-events/src/CloudWatchEventsService.ts
v3-app	floydspace-effect-aws	/Users/pooks/Dev/foldlab/corpus/floydspace_effect-aws/packages/client-cloudwatch-events/src/CloudWatchEventsServiceConfig.ts
v3-app	floydspace-effect-aws	/Users/pooks/Dev/foldlab/corpus/floydspace_effect-aws/packages/client-cloudwatch-logs/src/CloudWatchLogsClientInstance.ts
v3-app	floydspace-effect-aws	/Users/pooks/Dev/foldlab/corpus/floydspace_effect-aws/packages/client-cloudwatch-logs/src/CloudWatchLogsService.ts
v3-app	floydspace-effect-aws	/Users/pooks/Dev/foldlab/corpus/floydspace_effect-aws/packages/client-cloudwatch-logs/src/CloudWatchLogsServiceConfig.ts
v3-app	floydspace-effect-aws	/Users/pooks/Dev/foldlab/corpus/floydspace_effect-aws/packages/client-cloudwatch/src/CloudWatchClientInstance.ts
v3-app	floydspace-effect-aws	/Users/pooks/Dev/foldlab/corpus/floydspace_effect-aws/packages/client-cloudwatch/src/CloudWatchService.ts
v3-app	floydspace-effect-aws	/Users/pooks/Dev/foldlab/corpus/floydspace_effect-aws/packages/client-cloudwatch/src/CloudWatchServiceConfig.ts
v3-app	floydspace-effect-aws	/Users/pooks/Dev/foldlab/corpus/floydspace_effect-aws/packages/client-codedeploy/src/CodeDeployClientInstance.ts
v3-app	floydspace-effect-aws	/Users/pooks/Dev/foldlab/corpus/floydspace_effect-aws/packages/client-codedeploy/src/CodeDeployService.ts
v3-app	floydspace-effect-aws	/Users/pooks/Dev/foldlab/corpus/floydspace_effect-aws/packages/client-codedeploy/src/CodeDeployServiceConfig.ts
v3-app	floydspace-effect-aws	/Users/pooks/Dev/foldlab/corpus/floydspace_effect-aws/packages/client-cognito-identity-provider/src/CognitoIdentityProviderClientInstance.ts
v3-app	floydspace-effect-aws	/Users/pooks/Dev/foldlab/corpus/floydspace_effect-aws/packages/client-cognito-identity-provider/src/CognitoIdentityProviderService.ts
v3-app	floydspace-effect-aws	/Users/pooks/Dev/foldlab/corpus/floydspace_effect-aws/packages/client-cognito-identity-provider/src/CognitoIdentityProviderServiceConfig.ts
v3-app	floydspace-effect-aws	/Users/pooks/Dev/foldlab/corpus/floydspace_effect-aws/packages/client-data-pipeline/src/DataPipelineClientInstance.ts
v3-app	floydspace-effect-aws	/Users/pooks/Dev/foldlab/corpus/floydspace_effect-aws/packages/client-data-pipeline/src/DataPipelineService.ts
v3-app	floydspace-effect-aws	/Users/pooks/Dev/foldlab/corpus/floydspace_effect-aws/packages/client-data-pipeline/src/DataPipelineServiceConfig.ts
v3-app	floydspace-effect-aws	/Users/pooks/Dev/foldlab/corpus/floydspace_effect-aws/packages/client-dsql/src/DSQLClientInstance.ts
v3-app	floydspace-effect-aws	/Users/pooks/Dev/foldlab/corpus/floydspace_effect-aws/packages/client-dsql/src/DSQLService.ts
v3-app	floydspace-effect-aws	/Users/pooks/Dev/foldlab/corpus/floydspace_effect-aws/packages/client-dsql/src/DSQLServiceConfig.ts
v3-app	floydspace-effect-aws	/Users/pooks/Dev/foldlab/corpus/floydspace_effect-aws/packages/client-dynamodb/src/DynamoDBClientInstance.ts
v3-app	floydspace-effect-aws	/Users/pooks/Dev/foldlab/corpus/floydspace_effect-aws/packages/client-dynamodb/src/DynamoDBService.ts
v3-app	floydspace-effect-aws	/Users/pooks/Dev/foldlab/corpus/floydspace_effect-aws/packages/client-dynamodb/src/DynamoDBServiceConfig.ts
v3-app	floydspace-effect-aws	/Users/pooks/Dev/foldlab/corpus/floydspace_effect-aws/packages/client-ec2/src/EC2ClientInstance.ts
v3-app	floydspace-effect-aws	/Users/pooks/Dev/foldlab/corpus/floydspace_effect-aws/packages/client-ec2/src/EC2Service.ts
v3-app	floydspace-effect-aws	/Users/pooks/Dev/foldlab/corpus/floydspace_effect-aws/packages/client-ec2/src/EC2ServiceConfig.ts
v3-app	floydspace-effect-aws	/Users/pooks/Dev/foldlab/corpus/floydspace_effect-aws/packages/client-ec2/src/Errors.ts
v3-app	floydspace-effect-aws	/Users/pooks/Dev/foldlab/corpus/floydspace_effect-aws/packages/client-ecr/src/ECRClientInstance.ts
v3-app	floydspace-effect-aws	/Users/pooks/Dev/foldlab/corpus/floydspace_effect-aws/packages/client-ecr/src/ECRService.ts
v3-app	floydspace-effect-aws	/Users/pooks/Dev/foldlab/corpus/floydspace_effect-aws/packages/client-ecr/src/ECRServiceConfig.ts
v3-app	floydspace-effect-aws	/Users/pooks/Dev/foldlab/corpus/floydspace_effect-aws/packages/client-ecs/src/ECSClientInstance.ts
v3-app	floydspace-effect-aws	/Users/pooks/Dev/foldlab/corpus/floydspace_effect-aws/packages/client-ecs/src/ECSService.ts
v3-app	floydspace-effect-aws	/Users/pooks/Dev/foldlab/corpus/floydspace_effect-aws/packages/client-ecs/src/ECSServiceConfig.ts
v3-app	floydspace-effect-aws	/Users/pooks/Dev/foldlab/corpus/floydspace_effect-aws/packages/client-eks/src/EKSClientInstance.ts
v3-app	floydspace-effect-aws	/Users/pooks/Dev/foldlab/corpus/floydspace_effect-aws/packages/client-eks/src/EKSService.ts
v3-app	floydspace-effect-aws	/Users/pooks/Dev/foldlab/corpus/floydspace_effect-aws/packages/client-eks/src/EKSServiceConfig.ts
v3-app	floydspace-effect-aws	/Users/pooks/Dev/foldlab/corpus/floydspace_effect-aws/packages/client-elasticache/src/ElastiCacheClientInstance.ts
v3-app	floydspace-effect-aws	/Users/pooks/Dev/foldlab/corpus/floydspace_effect-aws/packages/client-elasticache/src/ElastiCacheService.ts
v3-app	floydspace-effect-aws	/Users/pooks/Dev/foldlab/corpus/floydspace_effect-aws/packages/client-elasticache/src/ElastiCacheServiceConfig.ts
v3-app	floydspace-effect-aws	/Users/pooks/Dev/foldlab/corpus/floydspace_effect-aws/packages/client-eventbridge/src/EventBridgeClientInstance.ts
v3-app	floydspace-effect-aws	/Users/pooks/Dev/foldlab/corpus/floydspace_effect-aws/packages/client-eventbridge/src/EventBridgeService.ts
v3-app	floydspace-effect-aws	/Users/pooks/Dev/foldlab/corpus/floydspace_effect-aws/packages/client-eventbridge/src/EventBridgeServiceConfig.ts
v3-app	floydspace-effect-aws	/Users/pooks/Dev/foldlab/corpus/floydspace_effect-aws/packages/client-firehose/src/FirehoseClientInstance.ts
v3-app	floydspace-effect-aws	/Users/pooks/Dev/foldlab/corpus/floydspace_effect-aws/packages/client-firehose/src/FirehoseService.ts
v3-app	floydspace-effect-aws	/Users/pooks/Dev/foldlab/corpus/floydspace_effect-aws/packages/client-firehose/src/FirehoseServiceConfig.ts
v3-app	floydspace-effect-aws	/Users/pooks/Dev/foldlab/corpus/floydspace_effect-aws/packages/client-glue/src/GlueClientInstance.ts
v3-app	floydspace-effect-aws	/Users/pooks/Dev/foldlab/corpus/floydspace_effect-aws/packages/client-glue/src/GlueService.ts
v3-app	floydspace-effect-aws	/Users/pooks/Dev/foldlab/corpus/floydspace_effect-aws/packages/client-glue/src/GlueServiceConfig.ts
v3-app	floydspace-effect-aws	/Users/pooks/Dev/foldlab/corpus/floydspace_effect-aws/packages/client-iam/src/IAMClientInstance.ts
v3-app	floydspace-effect-aws	/Users/pooks/Dev/foldlab/corpus/floydspace_effect-aws/packages/client-iam/src/IAMService.ts
v3-app	floydspace-effect-aws	/Users/pooks/Dev/foldlab/corpus/floydspace_effect-aws/packages/client-iam/src/IAMServiceConfig.ts
v3-app	floydspace-effect-aws	/Users/pooks/Dev/foldlab/corpus/floydspace_effect-aws/packages/client-iot-data-plane/src/IoTDataPlaneClientInstance.ts
v3-app	floydspace-effect-aws	/Users/pooks/Dev/foldlab/corpus/floydspace_effect-aws/packages/client-iot-data-plane/src/IoTDataPlaneService.ts
v3-app	floydspace-effect-aws	/Users/pooks/Dev/foldlab/corpus/floydspace_effect-aws/packages/client-iot-data-plane/src/IoTDataPlaneServiceConfig.ts
v3-app	floydspace-effect-aws	/Users/pooks/Dev/foldlab/corpus/floydspace_effect-aws/packages/client-iot-jobs-data-plane/src/IoTJobsDataPlaneClientInstance.ts
v3-app	floydspace-effect-aws	/Users/pooks/Dev/foldlab/corpus/floydspace_effect-aws/packages/client-iot-jobs-data-plane/src/IoTJobsDataPlaneService.ts
v3-app	floydspace-effect-aws	/Users/pooks/Dev/foldlab/corpus/floydspace_effect-aws/packages/client-iot-jobs-data-plane/src/IoTJobsDataPlaneServiceConfig.ts
v3-app	floydspace-effect-aws	/Users/pooks/Dev/foldlab/corpus/floydspace_effect-aws/packages/client-iot-wireless/src/IoTWirelessClientInstance.ts
v3-app	floydspace-effect-aws	/Users/pooks/Dev/foldlab/corpus/floydspace_effect-aws/packages/client-iot-wireless/src/IoTWirelessService.ts
v3-app	floydspace-effect-aws	/Users/pooks/Dev/foldlab/corpus/floydspace_effect-aws/packages/client-iot-wireless/src/IoTWirelessServiceConfig.ts
v3-app	floydspace-effect-aws	/Users/pooks/Dev/foldlab/corpus/floydspace_effect-aws/packages/client-iot/src/IoTClientInstance.ts
v3-app	floydspace-effect-aws	/Users/pooks/Dev/foldlab/corpus/floydspace_effect-aws/packages/client-iot/src/IoTService.ts
v3-app	floydspace-effect-aws	/Users/pooks/Dev/foldlab/corpus/floydspace_effect-aws/packages/client-iot/src/IoTServiceConfig.ts
v3-app	floydspace-effect-aws	/Users/pooks/Dev/foldlab/corpus/floydspace_effect-aws/packages/client-ivs/src/IvsClientInstance.ts
v3-app	floydspace-effect-aws	/Users/pooks/Dev/foldlab/corpus/floydspace_effect-aws/packages/client-ivs/src/IvsService.ts
v3-app	floydspace-effect-aws	/Users/pooks/Dev/foldlab/corpus/floydspace_effect-aws/packages/client-ivs/src/IvsServiceConfig.ts
v3-app	floydspace-effect-aws	/Users/pooks/Dev/foldlab/corpus/floydspace_effect-aws/packages/client-kafka/src/KafkaClientInstance.ts
v3-app	floydspace-effect-aws	/Users/pooks/Dev/foldlab/corpus/floydspace_effect-aws/packages/client-kafka/src/KafkaService.ts
v3-app	floydspace-effect-aws	/Users/pooks/Dev/foldlab/corpus/floydspace_effect-aws/packages/client-kafka/src/KafkaServiceConfig.ts
v3-app	floydspace-effect-aws	/Users/pooks/Dev/foldlab/corpus/floydspace_effect-aws/packages/client-kafkaconnect/src/KafkaConnectClientInstance.ts
v3-app	floydspace-effect-aws	/Users/pooks/Dev/foldlab/corpus/floydspace_effect-aws/packages/client-kafkaconnect/src/KafkaConnectService.ts
v3-app	floydspace-effect-aws	/Users/pooks/Dev/foldlab/corpus/floydspace_effect-aws/packages/client-kafkaconnect/src/KafkaConnectServiceConfig.ts
v3-app	floydspace-effect-aws	/Users/pooks/Dev/foldlab/corpus/floydspace_effect-aws/packages/client-kinesis/src/KinesisClientInstance.ts
v3-app	floydspace-effect-aws	/Users/pooks/Dev/foldlab/corpus/floydspace_effect-aws/packages/client-kinesis/src/KinesisService.ts
v3-app	floydspace-effect-aws	/Users/pooks/Dev/foldlab/corpus/floydspace_effect-aws/packages/client-kinesis/src/KinesisServiceConfig.ts
v3-app	floydspace-effect-aws	/Users/pooks/Dev/foldlab/corpus/floydspace_effect-aws/packages/client-kms/src/KMSClientInstance.ts
v3-app	floydspace-effect-aws	/Users/pooks/Dev/foldlab/corpus/floydspace_effect-aws/packages/client-kms/src/KMSService.ts
v3-app	floydspace-effect-aws	/Users/pooks/Dev/foldlab/corpus/floydspace_effect-aws/packages/client-kms/src/KMSServiceConfig.ts
v3-app	floydspace-effect-aws	/Users/pooks/Dev/foldlab/corpus/floydspace_effect-aws/packages/client-lambda/src/LambdaClientInstance.ts
v3-app	floydspace-effect-aws	/Users/pooks/Dev/foldlab/corpus/floydspace_effect-aws/packages/client-lambda/src/LambdaService.ts
v3-app	floydspace-effect-aws	/Users/pooks/Dev/foldlab/corpus/floydspace_effect-aws/packages/client-lambda/src/LambdaServiceConfig.ts
v3-app	floydspace-effect-aws	/Users/pooks/Dev/foldlab/corpus/floydspace_effect-aws/packages/client-mq/src/MqClientInstance.ts
v3-app	floydspace-effect-aws	/Users/pooks/Dev/foldlab/corpus/floydspace_effect-aws/packages/client-mq/src/MqService.ts
v3-app	floydspace-effect-aws	/Users/pooks/Dev/foldlab/corpus/floydspace_effect-aws/packages/client-mq/src/MqServiceConfig.ts
v3-app	floydspace-effect-aws	/Users/pooks/Dev/foldlab/corpus/floydspace_effect-aws/packages/client-opensearch-serverless/src/OpenSearchServerlessClientInstance.ts
v3-app	floydspace-effect-aws	/Users/pooks/Dev/foldlab/corpus/floydspace_effect-aws/packages/client-opensearch-serverless/src/OpenSearchServerlessService.ts
v3-app	floydspace-effect-aws	/Users/pooks/Dev/foldlab/corpus/floydspace_effect-aws/packages/client-opensearch-serverless/src/OpenSearchServerlessServiceConfig.ts
v3-app	floydspace-effect-aws	/Users/pooks/Dev/foldlab/corpus/floydspace_effect-aws/packages/client-opensearch/src/OpenSearchClientInstance.ts
v3-app	floydspace-effect-aws	/Users/pooks/Dev/foldlab/corpus/floydspace_effect-aws/packages/client-opensearch/src/OpenSearchService.ts
v3-app	floydspace-effect-aws	/Users/pooks/Dev/foldlab/corpus/floydspace_effect-aws/packages/client-opensearch/src/OpenSearchServiceConfig.ts
v3-app	floydspace-effect-aws	/Users/pooks/Dev/foldlab/corpus/floydspace_effect-aws/packages/client-organizations/src/OrganizationsClientInstance.ts
v3-app	floydspace-effect-aws	/Users/pooks/Dev/foldlab/corpus/floydspace_effect-aws/packages/client-organizations/src/OrganizationsService.ts
v3-app	floydspace-effect-aws	/Users/pooks/Dev/foldlab/corpus/floydspace_effect-aws/packages/client-organizations/src/OrganizationsServiceConfig.ts
v3-app	floydspace-effect-aws	/Users/pooks/Dev/foldlab/corpus/floydspace_effect-aws/packages/client-rds/src/RDSClientInstance.ts
v3-app	floydspace-effect-aws	/Users/pooks/Dev/foldlab/corpus/floydspace_effect-aws/packages/client-rds/src/RDSService.ts
v3-app	floydspace-effect-aws	/Users/pooks/Dev/foldlab/corpus/floydspace_effect-aws/packages/client-rds/src/RDSServiceConfig.ts
v3-app	floydspace-effect-aws	/Users/pooks/Dev/foldlab/corpus/floydspace_effect-aws/packages/client-s3/src/Errors.ts
v3-app	floydspace-effect-aws	/Users/pooks/Dev/foldlab/corpus/floydspace_effect-aws/packages/client-s3/src/S3ClientInstance.ts
v3-app	floydspace-effect-aws	/Users/pooks/Dev/foldlab/corpus/floydspace_effect-aws/packages/client-s3/src/S3Service.ts
v3-app	floydspace-effect-aws	/Users/pooks/Dev/foldlab/corpus/floydspace_effect-aws/packages/client-s3/src/S3ServiceConfig.ts
v3-app	floydspace-effect-aws	/Users/pooks/Dev/foldlab/corpus/floydspace_effect-aws/packages/client-scheduler/src/SchedulerClientInstance.ts
v3-app	floydspace-effect-aws	/Users/pooks/Dev/foldlab/corpus/floydspace_effect-aws/packages/client-scheduler/src/SchedulerService.ts
v3-app	floydspace-effect-aws	/Users/pooks/Dev/foldlab/corpus/floydspace_effect-aws/packages/client-scheduler/src/SchedulerServiceConfig.ts
v3-app	floydspace-effect-aws	/Users/pooks/Dev/foldlab/corpus/floydspace_effect-aws/packages/client-secrets-manager/src/SecretsManagerClientInstance.ts
v3-app	floydspace-effect-aws	/Users/pooks/Dev/foldlab/corpus/floydspace_effect-aws/packages/client-secrets-manager/src/SecretsManagerService.ts
v3-app	floydspace-effect-aws	/Users/pooks/Dev/foldlab/corpus/floydspace_effect-aws/packages/client-secrets-manager/src/SecretsManagerServiceConfig.ts
v3-app	floydspace-effect-aws	/Users/pooks/Dev/foldlab/corpus/floydspace_effect-aws/packages/client-ses/src/SESClientInstance.ts
v3-app	floydspace-effect-aws	/Users/pooks/Dev/foldlab/corpus/floydspace_effect-aws/packages/client-ses/src/SESService.ts
v3-app	floydspace-effect-aws	/Users/pooks/Dev/foldlab/corpus/floydspace_effect-aws/packages/client-ses/src/SESServiceConfig.ts
v3-app	floydspace-effect-aws	/Users/pooks/Dev/foldlab/corpus/floydspace_effect-aws/packages/client-sesv2/src/SESv2ClientInstance.ts
v3-app	floydspace-effect-aws	/Users/pooks/Dev/foldlab/corpus/floydspace_effect-aws/packages/client-sesv2/src/SESv2Service.ts
v3-app	floydspace-effect-aws	/Users/pooks/Dev/foldlab/corpus/floydspace_effect-aws/packages/client-sesv2/src/SESv2ServiceConfig.ts
v3-app	floydspace-effect-aws	/Users/pooks/Dev/foldlab/corpus/floydspace_effect-aws/packages/client-sfn/src/SFNClientInstance.ts
v3-app	floydspace-effect-aws	/Users/pooks/Dev/foldlab/corpus/floydspace_effect-aws/packages/client-sfn/src/SFNService.ts
v3-app	floydspace-effect-aws	/Users/pooks/Dev/foldlab/corpus/floydspace_effect-aws/packages/client-sfn/src/SFNServiceConfig.ts
v3-app	floydspace-effect-aws	/Users/pooks/Dev/foldlab/corpus/floydspace_effect-aws/packages/client-sns/src/SNSClientInstance.ts
v3-app	floydspace-effect-aws	/Users/pooks/Dev/foldlab/corpus/floydspace_effect-aws/packages/client-sns/src/SNSService.ts
v3-app	floydspace-effect-aws	/Users/pooks/Dev/foldlab/corpus/floydspace_effect-aws/packages/client-sns/src/SNSServiceConfig.ts
v3-app	floydspace-effect-aws	/Users/pooks/Dev/foldlab/corpus/floydspace_effect-aws/packages/client-sqs/src/SQSClientInstance.ts
v3-app	floydspace-effect-aws	/Users/pooks/Dev/foldlab/corpus/floydspace_effect-aws/packages/client-sqs/src/SQSService.ts
v3-app	floydspace-effect-aws	/Users/pooks/Dev/foldlab/corpus/floydspace_effect-aws/packages/client-sqs/src/SQSServiceConfig.ts
v3-app	floydspace-effect-aws	/Users/pooks/Dev/foldlab/corpus/floydspace_effect-aws/packages/client-ssm/src/SSMClientInstance.ts
v3-app	floydspace-effect-aws	/Users/pooks/Dev/foldlab/corpus/floydspace_effect-aws/packages/client-ssm/src/SSMService.ts
v3-app	floydspace-effect-aws	/Users/pooks/Dev/foldlab/corpus/floydspace_effect-aws/packages/client-ssm/src/SSMServiceConfig.ts
v3-app	floydspace-effect-aws	/Users/pooks/Dev/foldlab/corpus/floydspace_effect-aws/packages/client-sts/src/STSClientInstance.ts
v3-app	floydspace-effect-aws	/Users/pooks/Dev/foldlab/corpus/floydspace_effect-aws/packages/client-sts/src/STSService.ts
v3-app	floydspace-effect-aws	/Users/pooks/Dev/foldlab/corpus/floydspace_effect-aws/packages/client-sts/src/STSServiceConfig.ts
v3-app	floydspace-effect-aws	/Users/pooks/Dev/foldlab/corpus/floydspace_effect-aws/packages/client-textract/src/TextractClientInstance.ts
v3-app	floydspace-effect-aws	/Users/pooks/Dev/foldlab/corpus/floydspace_effect-aws/packages/client-textract/src/TextractService.ts
v3-app	floydspace-effect-aws	/Users/pooks/Dev/foldlab/corpus/floydspace_effect-aws/packages/client-textract/src/TextractServiceConfig.ts
v3-app	floydspace-effect-aws	/Users/pooks/Dev/foldlab/corpus/floydspace_effect-aws/packages/client-timestream-influxdb/src/TimestreamInfluxDBClientInstance.ts
v3-app	floydspace-effect-aws	/Users/pooks/Dev/foldlab/corpus/floydspace_effect-aws/packages/client-timestream-influxdb/src/TimestreamInfluxDBService.ts
v3-app	floydspace-effect-aws	/Users/pooks/Dev/foldlab/corpus/floydspace_effect-aws/packages/client-timestream-influxdb/src/TimestreamInfluxDBServiceConfig.ts
v3-app	floydspace-effect-aws	/Users/pooks/Dev/foldlab/corpus/floydspace_effect-aws/packages/client-timestream-query/src/TimestreamQueryClientInstance.ts
v3-app	floydspace-effect-aws	/Users/pooks/Dev/foldlab/corpus/floydspace_effect-aws/packages/client-timestream-query/src/TimestreamQueryService.ts
v3-app	floydspace-effect-aws	/Users/pooks/Dev/foldlab/corpus/floydspace_effect-aws/packages/client-timestream-query/src/TimestreamQueryServiceConfig.ts
v3-app	floydspace-effect-aws	/Users/pooks/Dev/foldlab/corpus/floydspace_effect-aws/packages/client-timestream-write/src/TimestreamWriteClientInstance.ts
v3-app	floydspace-effect-aws	/Users/pooks/Dev/foldlab/corpus/floydspace_effect-aws/packages/client-timestream-write/src/TimestreamWriteService.ts
v3-app	floydspace-effect-aws	/Users/pooks/Dev/foldlab/corpus/floydspace_effect-aws/packages/client-timestream-write/src/TimestreamWriteServiceConfig.ts
v3-app	floydspace-effect-aws	/Users/pooks/Dev/foldlab/corpus/floydspace_effect-aws/packages/cloudfront/src/CloudFrontSigner.ts
v3-app	floydspace-effect-aws	/Users/pooks/Dev/foldlab/corpus/floydspace_effect-aws/packages/commons/src/Errors.ts
v3-app	floydspace-effect-aws	/Users/pooks/Dev/foldlab/corpus/floydspace_effect-aws/packages/commons/src/HttpHandler.ts
v3-app	floydspace-effect-aws	/Users/pooks/Dev/foldlab/corpus/floydspace_effect-aws/packages/commons/src/Service.ts
v3-app	floydspace-effect-aws	/Users/pooks/Dev/foldlab/corpus/floydspace_effect-aws/packages/commons/src/ServiceLogger.ts
v3-app	floydspace-effect-aws	/Users/pooks/Dev/foldlab/corpus/floydspace_effect-aws/packages/dsql/src/DsqlSigner.ts
v3-app	floydspace-effect-aws	/Users/pooks/Dev/foldlab/corpus/floydspace_effect-aws/packages/dsql/src/DsqlSignerInstance.ts
v3-app	floydspace-effect-aws	/Users/pooks/Dev/foldlab/corpus/floydspace_effect-aws/packages/dynamodb/src/DynamoDBDocumentClientInstance.ts
v3-app	floydspace-effect-aws	/Users/pooks/Dev/foldlab/corpus/floydspace_effect-aws/packages/dynamodb/src/DynamoDBDocumentService.ts
v3-app	floydspace-effect-aws	/Users/pooks/Dev/foldlab/corpus/floydspace_effect-aws/packages/dynamodb/src/DynamoDBDocumentServiceConfig.ts
v3-app	floydspace-effect-aws	/Users/pooks/Dev/foldlab/corpus/floydspace_effect-aws/packages/dynamodb/src/DynamoDBStore.ts
v3-app	floydspace-effect-aws	/Users/pooks/Dev/foldlab/corpus/floydspace_effect-aws/packages/http-handler/src/HttpHandler.ts
v3-app	floydspace-effect-aws	/Users/pooks/Dev/foldlab/corpus/floydspace_effect-aws/packages/http-handler/src/internal/httpHandler.ts
v3-app	floydspace-effect-aws	/Users/pooks/Dev/foldlab/corpus/floydspace_effect-aws/packages/lambda/examples/fromHttpApi.ts
v3-app	floydspace-effect-aws	/Users/pooks/Dev/foldlab/corpus/floydspace_effect-aws/packages/lambda/examples/stream.ts
v3-app	floydspace-effect-aws	/Users/pooks/Dev/foldlab/corpus/floydspace_effect-aws/packages/lambda/src/Compatibility.ts
v3-app	floydspace-effect-aws	/Users/pooks/Dev/foldlab/corpus/floydspace_effect-aws/packages/lambda/src/LambdaHandler.ts
v3-app	floydspace-effect-aws	/Users/pooks/Dev/foldlab/corpus/floydspace_effect-aws/packages/lambda/src/LambdaRuntime.ts
v3-app	floydspace-effect-aws	/Users/pooks/Dev/foldlab/corpus/floydspace_effect-aws/packages/lambda/src/internal/aws/api-gateway-v1.ts
v3-app	floydspace-effect-aws	/Users/pooks/Dev/foldlab/corpus/floydspace_effect-aws/packages/lambda/src/internal/lambdaHandler.ts
v3-app	floydspace-effect-aws	/Users/pooks/Dev/foldlab/corpus/floydspace_effect-aws/packages/lambda/src/internal/stream.ts
v3-app	floydspace-effect-aws	/Users/pooks/Dev/foldlab/corpus/floydspace_effect-aws/packages/powertools-logger/src/Logger.ts
v3-app	floydspace-effect-aws	/Users/pooks/Dev/foldlab/corpus/floydspace_effect-aws/packages/powertools-logger/src/LoggerInstance.ts
v3-app	floydspace-effect-aws	/Users/pooks/Dev/foldlab/corpus/floydspace_effect-aws/packages/powertools-logger/src/LoggerOptions.ts
v3-app	floydspace-effect-aws	/Users/pooks/Dev/foldlab/corpus/floydspace_effect-aws/packages/powertools-tracer/examples/example.ts
v3-app	floydspace-effect-aws	/Users/pooks/Dev/foldlab/corpus/floydspace_effect-aws/packages/powertools-tracer/src/Tracer.ts
v3-app	floydspace-effect-aws	/Users/pooks/Dev/foldlab/corpus/floydspace_effect-aws/packages/powertools-tracer/src/internal/tracer.ts
v3-app	floydspace-effect-aws	/Users/pooks/Dev/foldlab/corpus/floydspace_effect-aws/packages/powertools-tracer/src/internal/utils.ts
v3-app	floydspace-effect-aws	/Users/pooks/Dev/foldlab/corpus/floydspace_effect-aws/packages/s3/examples/file-upload.ts
v3-app	floydspace-effect-aws	/Users/pooks/Dev/foldlab/corpus/floydspace_effect-aws/packages/s3/examples/upload-string.ts
v3-app	floydspace-effect-aws	/Users/pooks/Dev/foldlab/corpus/floydspace_effect-aws/packages/s3/examples/upload-unknown-length.ts
v3-app	floydspace-effect-aws	/Users/pooks/Dev/foldlab/corpus/floydspace_effect-aws/packages/s3/src/MultipartUpload.ts
v3-app	floydspace-effect-aws	/Users/pooks/Dev/foldlab/corpus/floydspace_effect-aws/packages/s3/src/S3FileSystem.ts
v3-app	floydspace-effect-aws	/Users/pooks/Dev/foldlab/corpus/floydspace_effect-aws/packages/s3/src/internal/multipartUpload.ts
v3-app	floydspace-effect-aws	/Users/pooks/Dev/foldlab/corpus/floydspace_effect-aws/packages/s3/src/internal/s3FileSystem.ts
v3-app	floydspace-effect-aws	/Users/pooks/Dev/foldlab/corpus/floydspace_effect-aws/packages/secrets-manager/src/ConfigProvider.ts
v3-app	floydspace-effect-aws	/Users/pooks/Dev/foldlab/corpus/floydspace_effect-aws/packages/ssm/src/ConfigProvider.ts
v3-app	floydspace-effect-aws	/Users/pooks/Dev/foldlab/corpus/floydspace_effect-aws/scripts/codegen-cli.ts
v3-app	floydspace-effect-aws	/Users/pooks/Dev/foldlab/corpus/floydspace_effect-aws/scripts/generate-client.ts
v3-app	floydspace-effect-aws	/Users/pooks/Dev/foldlab/corpus/floydspace_effect-aws/scripts/manifest.ts
v3-app	gvasilei-autoreviewer	/Users/pooks/Dev/foldlab/corpus/gvasilei_autoreviewer/src/actionConfig.ts
v3-app	gvasilei-autoreviewer	/Users/pooks/Dev/foldlab/corpus/gvasilei_autoreviewer/src/failureFormatting.ts
v3-app	gvasilei-autoreviewer	/Users/pooks/Dev/foldlab/corpus/gvasilei_autoreviewer/src/httpUtils.ts
v3-app	gvasilei-autoreviewer	/Users/pooks/Dev/foldlab/corpus/gvasilei_autoreviewer/src/main.ts
v3-app	gvasilei-autoreviewer	/Users/pooks/Dev/foldlab/corpus/gvasilei_autoreviewer/src/services/codeReviewService.ts
v3-app	gvasilei-autoreviewer	/Users/pooks/Dev/foldlab/corpus/gvasilei_autoreviewer/src/services/languageDetectionService.ts
v3-app	gvasilei-autoreviewer	/Users/pooks/Dev/foldlab/corpus/gvasilei_autoreviewer/src/services/pullRequestService.ts
v3-app	joelhooks-pdf-brain	/Users/pooks/Dev/foldlab/corpus/joelhooks_pdf-brain/scripts/benchmark-vector-search.ts
v3-app	joelhooks-pdf-brain	/Users/pooks/Dev/foldlab/corpus/joelhooks_pdf-brain/scripts/bulk-ingest.ts
v3-app	joelhooks-pdf-brain	/Users/pooks/Dev/foldlab/corpus/joelhooks_pdf-brain/scripts/seed-taxonomy.ts
v3-app	joelhooks-pdf-brain	/Users/pooks/Dev/foldlab/corpus/joelhooks_pdf-brain/src/cli.ts
v3-app	joelhooks-pdf-brain	/Users/pooks/Dev/foldlab/corpus/joelhooks_pdf-brain/src/index.ts
v3-app	joelhooks-pdf-brain	/Users/pooks/Dev/foldlab/corpus/joelhooks_pdf-brain/src/services/AutoTagger.ts
v3-app	joelhooks-pdf-brain	/Users/pooks/Dev/foldlab/corpus/joelhooks_pdf-brain/src/services/ClusterConceptMapper.ts
v3-app	joelhooks-pdf-brain	/Users/pooks/Dev/foldlab/corpus/joelhooks_pdf-brain/src/services/ClusterSummarizer.ts
v3-app	joelhooks-pdf-brain	/Users/pooks/Dev/foldlab/corpus/joelhooks_pdf-brain/src/services/Clustering.ts
v3-app	joelhooks-pdf-brain	/Users/pooks/Dev/foldlab/corpus/joelhooks_pdf-brain/src/services/Database.ts
v3-app	joelhooks-pdf-brain	/Users/pooks/Dev/foldlab/corpus/joelhooks_pdf-brain/src/services/EmbeddingProvider.ts
v3-app	joelhooks-pdf-brain	/Users/pooks/Dev/foldlab/corpus/joelhooks_pdf-brain/src/services/EmbeddingQueue.ts
v3-app	joelhooks-pdf-brain	/Users/pooks/Dev/foldlab/corpus/joelhooks_pdf-brain/src/services/Gateway.ts
v3-app	joelhooks-pdf-brain	/Users/pooks/Dev/foldlab/corpus/joelhooks_pdf-brain/src/services/LibSQLDatabase.ts
v3-app	joelhooks-pdf-brain	/Users/pooks/Dev/foldlab/corpus/joelhooks_pdf-brain/src/services/MarkdownExtractor.ts
v3-app	joelhooks-pdf-brain	/Users/pooks/Dev/foldlab/corpus/joelhooks_pdf-brain/src/services/Migration.ts
v3-app	joelhooks-pdf-brain	/Users/pooks/Dev/foldlab/corpus/joelhooks_pdf-brain/src/services/Ollama.ts
v3-app	joelhooks-pdf-brain	/Users/pooks/Dev/foldlab/corpus/joelhooks_pdf-brain/src/services/OpenAIEmbedding.ts
v3-app	joelhooks-pdf-brain	/Users/pooks/Dev/foldlab/corpus/joelhooks_pdf-brain/src/services/PDFExtractor.ts
v3-app	joelhooks-pdf-brain	/Users/pooks/Dev/foldlab/corpus/joelhooks_pdf-brain/src/services/QdrantDatabase.ts
v3-app	joelhooks-pdf-brain	/Users/pooks/Dev/foldlab/corpus/joelhooks_pdf-brain/src/services/TaxonomyService.ts
v3-app	joelhooks-pdf-brain	/Users/pooks/Dev/foldlab/corpus/joelhooks_pdf-brain/src/types.ts
v3-app	keanemind-jjk	/Users/pooks/Dev/foldlab/corpus/keanemind_jjk/src/annotations.ts
v3-app	keanemind-jjk	/Users/pooks/Dev/foldlab/corpus/keanemind_jjk/src/changeActionCommandHandlers.ts
v3-app	keanemind-jjk	/Users/pooks/Dev/foldlab/corpus/keanemind_jjk/src/colocatedWarnings.ts
v3-app	keanemind-jjk	/Users/pooks/Dev/foldlab/corpus/keanemind_jjk/src/commandHandlerShared.ts
v3-app	keanemind-jjk	/Users/pooks/Dev/foldlab/corpus/keanemind_jjk/src/effectRunners.ts
v3-app	keanemind-jjk	/Users/pooks/Dev/foldlab/corpus/keanemind_jjk/src/effectUtils.ts
v3-app	keanemind-jjk	/Users/pooks/Dev/foldlab/corpus/keanemind_jjk/src/eventLoop.ts
v3-app	keanemind-jjk	/Users/pooks/Dev/foldlab/corpus/keanemind_jjk/src/extensionViews.ts
v3-app	keanemind-jjk	/Users/pooks/Dev/foldlab/corpus/keanemind_jjk/src/fileSystemProviderNew.ts
v3-app	keanemind-jjk	/Users/pooks/Dev/foldlab/corpus/keanemind_jjk/src/jjUtils.ts
v3-app	keanemind-jjk	/Users/pooks/Dev/foldlab/corpus/keanemind_jjk/src/main.ts
v3-app	keanemind-jjk	/Users/pooks/Dev/foldlab/corpus/keanemind_jjk/src/navigationCommandHandlers.ts
v3-app	keanemind-jjk	/Users/pooks/Dev/foldlab/corpus/keanemind_jjk/src/repoLifecycle.ts
v3-app	keanemind-jjk	/Users/pooks/Dev/foldlab/corpus/keanemind_jjk/src/selectedRepository.ts
v3-app	keanemind-jjk	/Users/pooks/Dev/foldlab/corpus/keanemind_jjk/src/selectionSquashCommandHandlers.ts
v3-app	keanemind-jjk	/Users/pooks/Dev/foldlab/corpus/keanemind_jjk/src/services/ExtensionResources.ts
v3-app	keanemind-jjk	/Users/pooks/Dev/foldlab/corpus/keanemind_jjk/src/services/JJCli.ts
v3-app	keanemind-jjk	/Users/pooks/Dev/foldlab/corpus/keanemind_jjk/src/services/JjWatchmanSnapshotTriggerRef.ts
v3-app	keanemind-jjk	/Users/pooks/Dev/foldlab/corpus/keanemind_jjk/src/services/RepoState.ts
v3-app	keanemind-jjk	/Users/pooks/Dev/foldlab/corpus/keanemind_jjk/src/services/Repository.ts
v3-app	keanemind-jjk	/Users/pooks/Dev/foldlab/corpus/keanemind_jjk/src/services/Vscode.ts
v3-app	keanemind-jjk	/Users/pooks/Dev/foldlab/corpus/keanemind_jjk/src/types.ts
v3-app	mateokruk-effect-slack	/Users/pooks/Dev/foldlab/corpus/mateokruk_effect-slack/examples/with-effect-platform/src/Config.ts
v3-app	mateokruk-effect-slack	/Users/pooks/Dev/foldlab/corpus/mateokruk_effect-slack/examples/with-effect-platform/src/Main.ts
v3-app	mateokruk-effect-slack	/Users/pooks/Dev/foldlab/corpus/mateokruk_effect-slack/examples/with-effect-platform/src/Schemas.ts
v3-app	mateokruk-effect-slack	/Users/pooks/Dev/foldlab/corpus/mateokruk_effect-slack/examples/with-effect-platform/src/SignatureVerification.ts
v3-app	mateokruk-effect-slack	/Users/pooks/Dev/foldlab/corpus/mateokruk_effect-slack/examples/with-effect-platform/src/SlackEvents.ts
v3-app	mateokruk-effect-slack	/Users/pooks/Dev/foldlab/corpus/mateokruk_effect-slack/examples/with-effect-platform/src/SlashCommands.ts
v3-app	mateokruk-effect-slack	/Users/pooks/Dev/foldlab/corpus/mateokruk_effect-slack/examples/with-express/src/handlers/commands.ts
v3-app	mateokruk-effect-slack	/Users/pooks/Dev/foldlab/corpus/mateokruk_effect-slack/examples/with-express/src/handlers/events.ts
v3-app	mateokruk-effect-slack	/Users/pooks/Dev/foldlab/corpus/mateokruk_effect-slack/examples/with-express/src/slack.ts
v3-app	mateokruk-effect-slack	/Users/pooks/Dev/foldlab/corpus/mateokruk_effect-slack/scripts/lib/errors.ts
v3-app	mateokruk-effect-slack	/Users/pooks/Dev/foldlab/corpus/mateokruk_effect-slack/scripts/lib/parser.ts
v3-app	mateokruk-effect-slack	/Users/pooks/Dev/foldlab/corpus/mateokruk_effect-slack/src/Errors.ts
v3-app	mateokruk-effect-slack	/Users/pooks/Dev/foldlab/corpus/mateokruk_effect-slack/src/Retry.ts
v3-app	mateokruk-effect-slack	/Users/pooks/Dev/foldlab/corpus/mateokruk_effect-slack/src/SlackClient.ts
v3-app	mateokruk-effect-slack	/Users/pooks/Dev/foldlab/corpus/mateokruk_effect-slack/src/SlackConfig.ts
v3-app	mateokruk-effect-slack	/Users/pooks/Dev/foldlab/corpus/mateokruk_effect-slack/src/SlackService.ts
v3-app	mateokruk-effect-slack	/Users/pooks/Dev/foldlab/corpus/mateokruk_effect-slack/src/internal/errors.ts
v3-app	mcrovero-effect-nextjs	/Users/pooks/Dev/foldlab/corpus/mcrovero_effect-nextjs/example/Action.ts
v3-app	mcrovero-effect-nextjs	/Users/pooks/Dev/foldlab/corpus/mcrovero_effect-nextjs/example/Layout.ts
v3-app	mcrovero-effect-nextjs	/Users/pooks/Dev/foldlab/corpus/mcrovero_effect-nextjs/example/Middleware.ts
v3-app	mcrovero-effect-nextjs	/Users/pooks/Dev/foldlab/corpus/mcrovero_effect-nextjs/example/MiddlewareWithDep.ts
v3-app	mcrovero-effect-nextjs	/Users/pooks/Dev/foldlab/corpus/mcrovero_effect-nextjs/example/Page.ts
v3-app	mcrovero-effect-nextjs	/Users/pooks/Dev/foldlab/corpus/mcrovero_effect-nextjs/example/Params.ts
v3-app	mcrovero-effect-nextjs	/Users/pooks/Dev/foldlab/corpus/mcrovero_effect-nextjs/example/Route.ts
v3-app	mcrovero-effect-nextjs	/Users/pooks/Dev/foldlab/corpus/mcrovero_effect-nextjs/example/ServerComponent.ts
v3-app	mcrovero-effect-nextjs	/Users/pooks/Dev/foldlab/corpus/mcrovero_effect-nextjs/fixtures/next-app/app/api/request-data/route.ts
v3-app	mcrovero-effect-nextjs	/Users/pooks/Dev/foldlab/corpus/mcrovero_effect-nextjs/fixtures/next-app/app/api/set-cookie/route.ts
v3-app	mcrovero-effect-nextjs	/Users/pooks/Dev/foldlab/corpus/mcrovero_effect-nextjs/fixtures/next-app/app/headers/page.tsx
v3-app	mcrovero-effect-nextjs	/Users/pooks/Dev/foldlab/corpus/mcrovero_effect-nextjs/fixtures/next-app/app/middleware/page.tsx
v3-app	mcrovero-effect-nextjs	/Users/pooks/Dev/foldlab/corpus/mcrovero_effect-nextjs/fixtures/next-app/lib/runtime.ts
v3-app	mcrovero-effect-nextjs	/Users/pooks/Dev/foldlab/corpus/mcrovero_effect-nextjs/src/Cache.ts
v3-app	mcrovero-effect-nextjs	/Users/pooks/Dev/foldlab/corpus/mcrovero_effect-nextjs/src/Headers.ts
v3-app	mcrovero-effect-nextjs	/Users/pooks/Dev/foldlab/corpus/mcrovero_effect-nextjs/src/Navigation.ts
v3-app	mcrovero-effect-nextjs	/Users/pooks/Dev/foldlab/corpus/mcrovero_effect-nextjs/src/Next.ts
v3-app	mcrovero-effect-nextjs	/Users/pooks/Dev/foldlab/corpus/mcrovero_effect-nextjs/src/NextMiddleware.ts
v3-app	mcrovero-effect-nextjs	/Users/pooks/Dev/foldlab/corpus/mcrovero_effect-nextjs/src/Params.ts
v3-app	mcrovero-effect-nextjs	/Users/pooks/Dev/foldlab/corpus/mcrovero_effect-nextjs/src/internal/executor.ts
v3-app	mcrovero-effect-nextjs	/Users/pooks/Dev/foldlab/corpus/mcrovero_effect-nextjs/src/internal/middleware-chain.ts
v3-app	pauljphilp-effectpatterns	/Users/pooks/Dev/foldlab/corpus/pauljphilp_effectpatterns/packages/analysis-core/src/config/errors.ts
v3-app	pauljphilp-effectpatterns	/Users/pooks/Dev/foldlab/corpus/pauljphilp_effectpatterns/packages/analysis-core/src/config/loader.ts
v3-app	pauljphilp-effectpatterns	/Users/pooks/Dev/foldlab/corpus/pauljphilp_effectpatterns/packages/analysis-core/src/config/service.ts
v3-app	pauljphilp-effectpatterns	/Users/pooks/Dev/foldlab/corpus/pauljphilp_effectpatterns/packages/analysis-core/src/services/analysis-service.ts
v3-app	pauljphilp-effectpatterns	/Users/pooks/Dev/foldlab/corpus/pauljphilp_effectpatterns/packages/analysis-core/src/services/code-analyzer.ts
v3-app	pauljphilp-effectpatterns	/Users/pooks/Dev/foldlab/corpus/pauljphilp_effectpatterns/packages/analysis-core/src/services/consistency-analyzer.ts
v3-app	pauljphilp-effectpatterns	/Users/pooks/Dev/foldlab/corpus/pauljphilp_effectpatterns/packages/analysis-core/src/services/refactoring-engine.ts
v3-app	pauljphilp-effectpatterns	/Users/pooks/Dev/foldlab/corpus/pauljphilp_effectpatterns/packages/analysis-core/src/services/rule-registry.ts
v3-app	pauljphilp-effectpatterns	/Users/pooks/Dev/foldlab/corpus/pauljphilp_effectpatterns/packages/analysis-core/src/tools/ast-utils.ts
v3-app	pauljphilp-effectpatterns	/Users/pooks/Dev/foldlab/corpus/pauljphilp_effectpatterns/packages/api-server/app/api/admin/circuit-breaker/route.ts
v3-app	pauljphilp-effectpatterns	/Users/pooks/Dev/foldlab/corpus/pauljphilp_effectpatterns/packages/api-server/app/api/analyze-code/route.ts
v3-app	pauljphilp-effectpatterns	/Users/pooks/Dev/foldlab/corpus/pauljphilp_effectpatterns/packages/api-server/app/api/analyze-consistency/route.ts
v3-app	pauljphilp-effectpatterns	/Users/pooks/Dev/foldlab/corpus/pauljphilp_effectpatterns/packages/api-server/app/api/apply-refactoring/route.ts
v3-app	pauljphilp-effectpatterns	/Users/pooks/Dev/foldlab/corpus/pauljphilp_effectpatterns/packages/api-server/app/api/generate-pattern/route.ts
v3-app	pauljphilp-effectpatterns	/Users/pooks/Dev/foldlab/corpus/pauljphilp_effectpatterns/packages/api-server/app/api/generate/route.ts
v3-app	pauljphilp-effectpatterns	/Users/pooks/Dev/foldlab/corpus/pauljphilp_effectpatterns/packages/api-server/app/api/list-fixes/route.ts
v3-app	pauljphilp-effectpatterns	/Users/pooks/Dev/foldlab/corpus/pauljphilp_effectpatterns/packages/api-server/app/api/list-rules/route.ts
v3-app	pauljphilp-effectpatterns	/Users/pooks/Dev/foldlab/corpus/pauljphilp_effectpatterns/packages/api-server/app/api/patterns/[id]/route.ts
v3-app	pauljphilp-effectpatterns	/Users/pooks/Dev/foldlab/corpus/pauljphilp_effectpatterns/packages/api-server/app/api/patterns/route.ts
v3-app	pauljphilp-effectpatterns	/Users/pooks/Dev/foldlab/corpus/pauljphilp_effectpatterns/packages/api-server/app/api/review-code/route.ts
v3-app	pauljphilp-effectpatterns	/Users/pooks/Dev/foldlab/corpus/pauljphilp_effectpatterns/packages/api-server/app/api/skills/[slug]/route.ts
v3-app	pauljphilp-effectpatterns	/Users/pooks/Dev/foldlab/corpus/pauljphilp_effectpatterns/packages/api-server/app/api/skills/route.ts
v3-app	pauljphilp-effectpatterns	/Users/pooks/Dev/foldlab/corpus/pauljphilp_effectpatterns/packages/api-server/app/api/trace-wiring/route.ts
v3-app	pauljphilp-effectpatterns	/Users/pooks/Dev/foldlab/corpus/pauljphilp_effectpatterns/packages/api-server/src/auth/adminAuth.ts
v3-app	pauljphilp-effectpatterns	/Users/pooks/Dev/foldlab/corpus/pauljphilp_effectpatterns/packages/api-server/src/auth/apiKey.ts
v3-app	pauljphilp-effectpatterns	/Users/pooks/Dev/foldlab/corpus/pauljphilp_effectpatterns/packages/api-server/src/errors.ts
v3-app	pauljphilp-effectpatterns	/Users/pooks/Dev/foldlab/corpus/pauljphilp_effectpatterns/packages/api-server/src/server/errorHandler.ts
v3-app	pauljphilp-effectpatterns	/Users/pooks/Dev/foldlab/corpus/pauljphilp_effectpatterns/packages/api-server/src/server/init.ts
v3-app	pauljphilp-effectpatterns	/Users/pooks/Dev/foldlab/corpus/pauljphilp_effectpatterns/packages/api-server/src/server/routeHandler.ts
v3-app	pauljphilp-effectpatterns	/Users/pooks/Dev/foldlab/corpus/pauljphilp_effectpatterns/packages/api-server/src/services/cache/api.ts
v3-app	pauljphilp-effectpatterns	/Users/pooks/Dev/foldlab/corpus/pauljphilp_effectpatterns/packages/api-server/src/services/circuit-breaker/api.ts
v3-app	pauljphilp-effectpatterns	/Users/pooks/Dev/foldlab/corpus/pauljphilp_effectpatterns/packages/api-server/src/services/confidence-calculator/api.ts
v3-app	pauljphilp-effectpatterns	/Users/pooks/Dev/foldlab/corpus/pauljphilp_effectpatterns/packages/api-server/src/services/config/api.ts
v3-app	pauljphilp-effectpatterns	/Users/pooks/Dev/foldlab/corpus/pauljphilp_effectpatterns/packages/api-server/src/services/config/helpers.ts
v3-app	pauljphilp-effectpatterns	/Users/pooks/Dev/foldlab/corpus/pauljphilp_effectpatterns/packages/api-server/src/services/config/index.ts
v3-app	pauljphilp-effectpatterns	/Users/pooks/Dev/foldlab/corpus/pauljphilp_effectpatterns/packages/api-server/src/services/fix-plan-generator/api.ts
v3-app	pauljphilp-effectpatterns	/Users/pooks/Dev/foldlab/corpus/pauljphilp_effectpatterns/packages/api-server/src/services/fix-plan-generator/helpers.ts
v3-app	pauljphilp-effectpatterns	/Users/pooks/Dev/foldlab/corpus/pauljphilp_effectpatterns/packages/api-server/src/services/guidance-loader/api.ts
v3-app	pauljphilp-effectpatterns	/Users/pooks/Dev/foldlab/corpus/pauljphilp_effectpatterns/packages/api-server/src/services/logger/api.ts
v3-app	pauljphilp-effectpatterns	/Users/pooks/Dev/foldlab/corpus/pauljphilp_effectpatterns/packages/api-server/src/services/metrics/api.ts
v3-app	pauljphilp-effectpatterns	/Users/pooks/Dev/foldlab/corpus/pauljphilp_effectpatterns/packages/api-server/src/services/pattern-generator/api.ts
v3-app	pauljphilp-effectpatterns	/Users/pooks/Dev/foldlab/corpus/pauljphilp_effectpatterns/packages/api-server/src/services/pattern-generator/helpers.ts
v3-app	pauljphilp-effectpatterns	/Users/pooks/Dev/foldlab/corpus/pauljphilp_effectpatterns/packages/api-server/src/services/rate-limit/api.ts
v3-app	pauljphilp-effectpatterns	/Users/pooks/Dev/foldlab/corpus/pauljphilp_effectpatterns/packages/api-server/src/services/review-code/api.ts
v3-app	pauljphilp-effectpatterns	/Users/pooks/Dev/foldlab/corpus/pauljphilp_effectpatterns/packages/api-server/src/services/review-code/errors.ts
v3-app	pauljphilp-effectpatterns	/Users/pooks/Dev/foldlab/corpus/pauljphilp_effectpatterns/packages/api-server/src/services/review-code/helpers.ts
v3-app	pauljphilp-effectpatterns	/Users/pooks/Dev/foldlab/corpus/pauljphilp_effectpatterns/packages/api-server/src/services/snippet-extractor/api.ts
v3-app	pauljphilp-effectpatterns	/Users/pooks/Dev/foldlab/corpus/pauljphilp_effectpatterns/packages/api-server/src/services/validation/api.ts
v3-app	pauljphilp-effectpatterns	/Users/pooks/Dev/foldlab/corpus/pauljphilp_effectpatterns/packages/api-server/src/tools/patterns.ts
v3-app	pauljphilp-effectpatterns	/Users/pooks/Dev/foldlab/corpus/pauljphilp_effectpatterns/packages/api-server/src/tools/schemas.ts
v3-app	pauljphilp-effectpatterns	/Users/pooks/Dev/foldlab/corpus/pauljphilp_effectpatterns/packages/api-server/src/tracing/otlpLayer.ts
v3-app	pauljphilp-effectpatterns	/Users/pooks/Dev/foldlab/corpus/pauljphilp_effectpatterns/packages/api-server/test-db.ts
v3-app	pauljphilp-effectpatterns	/Users/pooks/Dev/foldlab/corpus/pauljphilp_effectpatterns/packages/ep-admin/src/auth-commands.ts
v3-app	pauljphilp-effectpatterns	/Users/pooks/Dev/foldlab/corpus/pauljphilp_effectpatterns/packages/ep-admin/src/autofix-commands.ts
v3-app	pauljphilp-effectpatterns	/Users/pooks/Dev/foldlab/corpus/pauljphilp_effectpatterns/packages/ep-admin/src/cli/output.ts
v3-app	pauljphilp-effectpatterns	/Users/pooks/Dev/foldlab/corpus/pauljphilp_effectpatterns/packages/ep-admin/src/completions.ts
v3-app	pauljphilp-effectpatterns	/Users/pooks/Dev/foldlab/corpus/pauljphilp_effectpatterns/packages/ep-admin/src/config/env.ts
v3-app	pauljphilp-effectpatterns	/Users/pooks/Dev/foldlab/corpus/pauljphilp_effectpatterns/packages/ep-admin/src/config/validate-env.ts
v3-app	pauljphilp-effectpatterns	/Users/pooks/Dev/foldlab/corpus/pauljphilp_effectpatterns/packages/ep-admin/src/constants.ts
v3-app	pauljphilp-effectpatterns	/Users/pooks/Dev/foldlab/corpus/pauljphilp_effectpatterns/packages/ep-admin/src/db-commands.ts
v3-app	pauljphilp-effectpatterns	/Users/pooks/Dev/foldlab/corpus/pauljphilp_effectpatterns/packages/ep-admin/src/discord-commands.ts
v3-app	pauljphilp-effectpatterns	/Users/pooks/Dev/foldlab/corpus/pauljphilp_effectpatterns/packages/ep-admin/src/errors.ts
v3-app	pauljphilp-effectpatterns	/Users/pooks/Dev/foldlab/corpus/pauljphilp_effectpatterns/packages/ep-admin/src/global-options.ts
v3-app	pauljphilp-effectpatterns	/Users/pooks/Dev/foldlab/corpus/pauljphilp_effectpatterns/packages/ep-admin/src/index.ts
v3-app	pauljphilp-effectpatterns	/Users/pooks/Dev/foldlab/corpus/pauljphilp_effectpatterns/packages/ep-admin/src/ingest-commands.ts
v3-app	pauljphilp-effectpatterns	/Users/pooks/Dev/foldlab/corpus/pauljphilp_effectpatterns/packages/ep-admin/src/install-commands.ts
v3-app	pauljphilp-effectpatterns	/Users/pooks/Dev/foldlab/corpus/pauljphilp_effectpatterns/packages/ep-admin/src/lock-commands.ts
v3-app	pauljphilp-effectpatterns	/Users/pooks/Dev/foldlab/corpus/pauljphilp_effectpatterns/packages/ep-admin/src/mcp-commands.ts
v3-app	pauljphilp-effectpatterns	/Users/pooks/Dev/foldlab/corpus/pauljphilp_effectpatterns/packages/ep-admin/src/migrate-commands.ts
v3-app	pauljphilp-effectpatterns	/Users/pooks/Dev/foldlab/corpus/pauljphilp_effectpatterns/packages/ep-admin/src/ops-commands.ts
v3-app	pauljphilp-effectpatterns	/Users/pooks/Dev/foldlab/corpus/pauljphilp_effectpatterns/packages/ep-admin/src/publish-commands.ts
v3-app	pauljphilp-effectpatterns	/Users/pooks/Dev/foldlab/corpus/pauljphilp_effectpatterns/packages/ep-admin/src/qa-commands.ts
v3-app	pauljphilp-effectpatterns	/Users/pooks/Dev/foldlab/corpus/pauljphilp_effectpatterns/packages/ep-admin/src/release-commands.ts
v3-app	pauljphilp-effectpatterns	/Users/pooks/Dev/foldlab/corpus/pauljphilp_effectpatterns/packages/ep-admin/src/runtime/production.ts
v3-app	pauljphilp-effectpatterns	/Users/pooks/Dev/foldlab/corpus/pauljphilp_effectpatterns/packages/ep-admin/src/runtime/test.ts
v3-app	pauljphilp-effectpatterns	/Users/pooks/Dev/foldlab/corpus/pauljphilp_effectpatterns/packages/ep-admin/src/search-commands.ts
v3-app	pauljphilp-effectpatterns	/Users/pooks/Dev/foldlab/corpus/pauljphilp_effectpatterns/packages/ep-admin/src/services/auth/errors.ts
v3-app	pauljphilp-effectpatterns	/Users/pooks/Dev/foldlab/corpus/pauljphilp_effectpatterns/packages/ep-admin/src/services/auth/schema.ts
v3-app	pauljphilp-effectpatterns	/Users/pooks/Dev/foldlab/corpus/pauljphilp_effectpatterns/packages/ep-admin/src/services/auth/service.ts
v3-app	pauljphilp-effectpatterns	/Users/pooks/Dev/foldlab/corpus/pauljphilp_effectpatterns/packages/ep-admin/src/services/autofix/service.ts
v3-app	pauljphilp-effectpatterns	/Users/pooks/Dev/foldlab/corpus/pauljphilp_effectpatterns/packages/ep-admin/src/services/db/errors.ts
v3-app	pauljphilp-effectpatterns	/Users/pooks/Dev/foldlab/corpus/pauljphilp_effectpatterns/packages/ep-admin/src/services/db/helpers.ts
v3-app	pauljphilp-effectpatterns	/Users/pooks/Dev/foldlab/corpus/pauljphilp_effectpatterns/packages/ep-admin/src/services/db/service.ts
v3-app	pauljphilp-effectpatterns	/Users/pooks/Dev/foldlab/corpus/pauljphilp_effectpatterns/packages/ep-admin/src/services/display/errors.ts
v3-app	pauljphilp-effectpatterns	/Users/pooks/Dev/foldlab/corpus/pauljphilp_effectpatterns/packages/ep-admin/src/services/display/helpers.ts
v3-app	pauljphilp-effectpatterns	/Users/pooks/Dev/foldlab/corpus/pauljphilp_effectpatterns/packages/ep-admin/src/services/display/service.ts
v3-app	pauljphilp-effectpatterns	/Users/pooks/Dev/foldlab/corpus/pauljphilp_effectpatterns/packages/ep-admin/src/services/execution/errors.ts
v3-app	pauljphilp-effectpatterns	/Users/pooks/Dev/foldlab/corpus/pauljphilp_effectpatterns/packages/ep-admin/src/services/execution/helpers.ts
v3-app	pauljphilp-effectpatterns	/Users/pooks/Dev/foldlab/corpus/pauljphilp_effectpatterns/packages/ep-admin/src/services/execution/service.ts
v3-app	pauljphilp-effectpatterns	/Users/pooks/Dev/foldlab/corpus/pauljphilp_effectpatterns/packages/ep-admin/src/services/filesystem/index.ts
v3-app	pauljphilp-effectpatterns	/Users/pooks/Dev/foldlab/corpus/pauljphilp_effectpatterns/packages/ep-admin/src/services/git/errors.ts
v3-app	pauljphilp-effectpatterns	/Users/pooks/Dev/foldlab/corpus/pauljphilp_effectpatterns/packages/ep-admin/src/services/git/helpers.ts
v3-app	pauljphilp-effectpatterns	/Users/pooks/Dev/foldlab/corpus/pauljphilp_effectpatterns/packages/ep-admin/src/services/git/service.ts
v3-app	pauljphilp-effectpatterns	/Users/pooks/Dev/foldlab/corpus/pauljphilp_effectpatterns/packages/ep-admin/src/services/ingest/errors.ts
v3-app	pauljphilp-effectpatterns	/Users/pooks/Dev/foldlab/corpus/pauljphilp_effectpatterns/packages/ep-admin/src/services/ingest/helpers.ts
v3-app	pauljphilp-effectpatterns	/Users/pooks/Dev/foldlab/corpus/pauljphilp_effectpatterns/packages/ep-admin/src/services/ingest/pipeline.ts
v3-app	pauljphilp-effectpatterns	/Users/pooks/Dev/foldlab/corpus/pauljphilp_effectpatterns/packages/ep-admin/src/services/ingest/processor.ts
v3-app	pauljphilp-effectpatterns	/Users/pooks/Dev/foldlab/corpus/pauljphilp_effectpatterns/packages/ep-admin/src/services/logger/errors.ts
v3-app	pauljphilp-effectpatterns	/Users/pooks/Dev/foldlab/corpus/pauljphilp_effectpatterns/packages/ep-admin/src/services/logger/helpers.ts
v3-app	pauljphilp-effectpatterns	/Users/pooks/Dev/foldlab/corpus/pauljphilp_effectpatterns/packages/ep-admin/src/services/logger/service.ts
v3-app	pauljphilp-effectpatterns	/Users/pooks/Dev/foldlab/corpus/pauljphilp_effectpatterns/packages/ep-admin/src/services/mcp/service.ts
v3-app	pauljphilp-effectpatterns	/Users/pooks/Dev/foldlab/corpus/pauljphilp_effectpatterns/packages/ep-admin/src/services/publish/errors.ts
v3-app	pauljphilp-effectpatterns	/Users/pooks/Dev/foldlab/corpus/pauljphilp_effectpatterns/packages/ep-admin/src/services/publish/fs-simple.ts
v3-app	pauljphilp-effectpatterns	/Users/pooks/Dev/foldlab/corpus/pauljphilp_effectpatterns/packages/ep-admin/src/services/publish/generator.ts
v3-app	pauljphilp-effectpatterns	/Users/pooks/Dev/foldlab/corpus/pauljphilp_effectpatterns/packages/ep-admin/src/services/publish/helpers.ts
v3-app	pauljphilp-effectpatterns	/Users/pooks/Dev/foldlab/corpus/pauljphilp_effectpatterns/packages/ep-admin/src/services/publish/linter.ts
v3-app	pauljphilp-effectpatterns	/Users/pooks/Dev/foldlab/corpus/pauljphilp_effectpatterns/packages/ep-admin/src/services/publish/pipeline.ts
v3-app	pauljphilp-effectpatterns	/Users/pooks/Dev/foldlab/corpus/pauljphilp_effectpatterns/packages/ep-admin/src/services/publish/publisher.ts
v3-app	pauljphilp-effectpatterns	/Users/pooks/Dev/foldlab/corpus/pauljphilp_effectpatterns/packages/ep-admin/src/services/publish/service.ts
v3-app	pauljphilp-effectpatterns	/Users/pooks/Dev/foldlab/corpus/pauljphilp_effectpatterns/packages/ep-admin/src/services/publish/tester.ts
v3-app	pauljphilp-effectpatterns	/Users/pooks/Dev/foldlab/corpus/pauljphilp_effectpatterns/packages/ep-admin/src/services/publish/validator.ts
v3-app	pauljphilp-effectpatterns	/Users/pooks/Dev/foldlab/corpus/pauljphilp_effectpatterns/packages/ep-admin/src/services/qa/errors.ts
v3-app	pauljphilp-effectpatterns	/Users/pooks/Dev/foldlab/corpus/pauljphilp_effectpatterns/packages/ep-admin/src/services/qa/helpers.ts
v3-app	pauljphilp-effectpatterns	/Users/pooks/Dev/foldlab/corpus/pauljphilp_effectpatterns/packages/ep-admin/src/services/qa/service.ts
v3-app	pauljphilp-effectpatterns	/Users/pooks/Dev/foldlab/corpus/pauljphilp_effectpatterns/packages/ep-admin/src/services/qa/validator.ts
v3-app	pauljphilp-effectpatterns	/Users/pooks/Dev/foldlab/corpus/pauljphilp_effectpatterns/packages/ep-admin/src/services/retry/index.ts
v3-app	pauljphilp-effectpatterns	/Users/pooks/Dev/foldlab/corpus/pauljphilp_effectpatterns/packages/ep-admin/src/services/tui/errors.ts
v3-app	pauljphilp-effectpatterns	/Users/pooks/Dev/foldlab/corpus/pauljphilp_effectpatterns/packages/ep-admin/src/services/tui/service.ts
v3-app	pauljphilp-effectpatterns	/Users/pooks/Dev/foldlab/corpus/pauljphilp_effectpatterns/packages/ep-admin/src/services/validation/index.ts
v3-app	pauljphilp-effectpatterns	/Users/pooks/Dev/foldlab/corpus/pauljphilp_effectpatterns/packages/ep-admin/src/show-commands.ts
v3-app	pauljphilp-effectpatterns	/Users/pooks/Dev/foldlab/corpus/pauljphilp_effectpatterns/packages/ep-admin/src/test-utils-commands.ts
v3-app	pauljphilp-effectpatterns	/Users/pooks/Dev/foldlab/corpus/pauljphilp_effectpatterns/packages/ep-admin/src/utils-commands.ts
v3-app	pauljphilp-effectpatterns	/Users/pooks/Dev/foldlab/corpus/pauljphilp_effectpatterns/packages/ep-admin/test-execution.ts
v3-app	pauljphilp-effectpatterns	/Users/pooks/Dev/foldlab/corpus/pauljphilp_effectpatterns/packages/ep-cli/src/commands/install-commands.ts
v3-app	pauljphilp-effectpatterns	/Users/pooks/Dev/foldlab/corpus/pauljphilp_effectpatterns/packages/ep-cli/src/commands/login-command.ts
v3-app	pauljphilp-effectpatterns	/Users/pooks/Dev/foldlab/corpus/pauljphilp_effectpatterns/packages/ep-cli/src/commands/pattern-repo-commands.ts
v3-app	pauljphilp-effectpatterns	/Users/pooks/Dev/foldlab/corpus/pauljphilp_effectpatterns/packages/ep-cli/src/commands/skills-commands.ts
v3-app	pauljphilp-effectpatterns	/Users/pooks/Dev/foldlab/corpus/pauljphilp_effectpatterns/packages/ep-cli/src/errors.ts
v3-app	pauljphilp-effectpatterns	/Users/pooks/Dev/foldlab/corpus/pauljphilp_effectpatterns/packages/ep-cli/src/index.ts
v3-app	pauljphilp-effectpatterns	/Users/pooks/Dev/foldlab/corpus/pauljphilp_effectpatterns/packages/ep-cli/src/services/config/writer.ts
v3-app	pauljphilp-effectpatterns	/Users/pooks/Dev/foldlab/corpus/pauljphilp_effectpatterns/packages/ep-cli/src/services/display/tui-loader.ts
v3-app	pauljphilp-effectpatterns	/Users/pooks/Dev/foldlab/corpus/pauljphilp_effectpatterns/packages/ep-cli/src/services/execution/index.ts
v3-app	pauljphilp-effectpatterns	/Users/pooks/Dev/foldlab/corpus/pauljphilp_effectpatterns/packages/ep-cli/src/services/install/api.ts
v3-app	pauljphilp-effectpatterns	/Users/pooks/Dev/foldlab/corpus/pauljphilp_effectpatterns/packages/ep-cli/src/services/install/service.ts
v3-app	pauljphilp-effectpatterns	/Users/pooks/Dev/foldlab/corpus/pauljphilp_effectpatterns/packages/ep-cli/src/services/linter/service.ts
v3-app	pauljphilp-effectpatterns	/Users/pooks/Dev/foldlab/corpus/pauljphilp_effectpatterns/packages/ep-cli/src/services/pattern-api/service.ts
v3-app	pauljphilp-effectpatterns	/Users/pooks/Dev/foldlab/corpus/pauljphilp_effectpatterns/packages/ep-cli/src/services/skills/api.ts
v3-app	pauljphilp-effectpatterns	/Users/pooks/Dev/foldlab/corpus/pauljphilp_effectpatterns/packages/ep-cli/src/services/skills/errors.ts
v3-app	pauljphilp-effectpatterns	/Users/pooks/Dev/foldlab/corpus/pauljphilp_effectpatterns/packages/ep-cli/src/services/skills/service.ts
v3-app	pauljphilp-effectpatterns	/Users/pooks/Dev/foldlab/corpus/pauljphilp_effectpatterns/packages/ep-cli/test-execution.ts
v3-app	pauljphilp-effectpatterns	/Users/pooks/Dev/foldlab/corpus/pauljphilp_effectpatterns/packages/ep-shared-services/src/display/errors.ts
v3-app	pauljphilp-effectpatterns	/Users/pooks/Dev/foldlab/corpus/pauljphilp_effectpatterns/packages/ep-shared-services/src/display/helpers.ts
v3-app	pauljphilp-effectpatterns	/Users/pooks/Dev/foldlab/corpus/pauljphilp_effectpatterns/packages/ep-shared-services/src/display/service.ts
v3-app	pauljphilp-effectpatterns	/Users/pooks/Dev/foldlab/corpus/pauljphilp_effectpatterns/packages/ep-shared-services/src/display/tui-adapter.ts
v3-app	pauljphilp-effectpatterns	/Users/pooks/Dev/foldlab/corpus/pauljphilp_effectpatterns/packages/ep-shared-services/src/execution/errors.ts
v3-app	pauljphilp-effectpatterns	/Users/pooks/Dev/foldlab/corpus/pauljphilp_effectpatterns/packages/ep-shared-services/src/execution/helpers.ts
v3-app	pauljphilp-effectpatterns	/Users/pooks/Dev/foldlab/corpus/pauljphilp_effectpatterns/packages/ep-shared-services/src/execution/service.ts
v3-app	pauljphilp-effectpatterns	/Users/pooks/Dev/foldlab/corpus/pauljphilp_effectpatterns/packages/ep-shared-services/src/execution/tui-adapter.ts
v3-app	pauljphilp-effectpatterns	/Users/pooks/Dev/foldlab/corpus/pauljphilp_effectpatterns/packages/ep-shared-services/src/logger/errors.ts
v3-app	pauljphilp-effectpatterns	/Users/pooks/Dev/foldlab/corpus/pauljphilp_effectpatterns/packages/ep-shared-services/src/logger/helpers.ts
v3-app	pauljphilp-effectpatterns	/Users/pooks/Dev/foldlab/corpus/pauljphilp_effectpatterns/packages/ep-shared-services/src/logger/service.ts
v3-app	pauljphilp-effectpatterns	/Users/pooks/Dev/foldlab/corpus/pauljphilp_effectpatterns/packages/ep-shared-services/src/tui/errors.ts
v3-app	pauljphilp-effectpatterns	/Users/pooks/Dev/foldlab/corpus/pauljphilp_effectpatterns/packages/ep-shared-services/src/tui/service.ts
v3-app	pauljphilp-effectpatterns	/Users/pooks/Dev/foldlab/corpus/pauljphilp_effectpatterns/packages/mcp-transport/src/services/MCPApiService.ts
v3-app	pauljphilp-effectpatterns	/Users/pooks/Dev/foldlab/corpus/pauljphilp_effectpatterns/packages/mcp-transport/src/services/MCPCacheService.ts
v3-app	pauljphilp-effectpatterns	/Users/pooks/Dev/foldlab/corpus/pauljphilp_effectpatterns/packages/mcp-transport/src/services/MCPLoggerService.ts
v3-app	pauljphilp-effectpatterns	/Users/pooks/Dev/foldlab/corpus/pauljphilp_effectpatterns/packages/mcp-transport/src/services/MCPTracingService.ts
v3-app	pauljphilp-effectpatterns	/Users/pooks/Dev/foldlab/corpus/pauljphilp_effectpatterns/packages/mcp-transport/src/services/layers.ts
v3-app	pauljphilp-effectpatterns	/Users/pooks/Dev/foldlab/corpus/pauljphilp_effectpatterns/packages/mcp-transport/src/tools/handlers/get-pattern.ts
v3-app	pauljphilp-effectpatterns	/Users/pooks/Dev/foldlab/corpus/pauljphilp_effectpatterns/packages/mcp-transport/src/tools/handlers/search-patterns.ts
v3-app	pauljphilp-effectpatterns	/Users/pooks/Dev/foldlab/corpus/pauljphilp_effectpatterns/packages/mcp-transport/src/tools/handlers/simple-handlers.ts
v3-app	pauljphilp-effectpatterns	/Users/pooks/Dev/foldlab/corpus/pauljphilp_effectpatterns/packages/mcp-transport/src/tools/tool-implementations.ts
v3-app	pauljphilp-effectpatterns	/Users/pooks/Dev/foldlab/corpus/pauljphilp_effectpatterns/packages/mcp-transport/src/tools/tool-result-builder.ts
v3-app	pauljphilp-effectpatterns	/Users/pooks/Dev/foldlab/corpus/pauljphilp_effectpatterns/packages/pipeline-state/src/errors.ts
v3-app	pauljphilp-effectpatterns	/Users/pooks/Dev/foldlab/corpus/pauljphilp_effectpatterns/packages/pipeline-state/src/state-machine.ts
v3-app	pauljphilp-effectpatterns	/Users/pooks/Dev/foldlab/corpus/pauljphilp_effectpatterns/packages/pipeline-state/src/state-store.ts
v3-app	pauljphilp-effectpatterns	/Users/pooks/Dev/foldlab/corpus/pauljphilp_effectpatterns/packages/pipeline-state/src/validators.ts
v3-app	pauljphilp-effectpatterns	/Users/pooks/Dev/foldlab/corpus/pauljphilp_effectpatterns/packages/toolkit/src/emit-schemas.ts
v3-app	pauljphilp-effectpatterns	/Users/pooks/Dev/foldlab/corpus/pauljphilp_effectpatterns/packages/toolkit/src/errors.ts
v3-app	pauljphilp-effectpatterns	/Users/pooks/Dev/foldlab/corpus/pauljphilp_effectpatterns/packages/toolkit/src/services/config.ts
v3-app	pauljphilp-effectpatterns	/Users/pooks/Dev/foldlab/corpus/pauljphilp_effectpatterns/packages/toolkit/src/services/database.ts
v3-app	pauljphilp-effectpatterns	/Users/pooks/Dev/foldlab/corpus/pauljphilp_effectpatterns/packages/toolkit/src/services/logger.ts
v3-app	pauljphilp-effectpatterns	/Users/pooks/Dev/foldlab/corpus/pauljphilp_effectpatterns/packages/toolkit/src/services/metrics.ts
v3-app	pauljphilp-effectpatterns	/Users/pooks/Dev/foldlab/corpus/pauljphilp_effectpatterns/packages/toolkit/src/template.ts
v3-app	pauljphilp-effectpatterns	/Users/pooks/Dev/foldlab/corpus/pauljphilp_effectpatterns/scripts/extract-readme-patterns.ts
v3-app	pauljphilp-effectpatterns	/Users/pooks/Dev/foldlab/corpus/pauljphilp_effectpatterns/scripts/lifecycle-harness/src/mutations.ts
v3-app	pauljphilp-effectpatterns	/Users/pooks/Dev/foldlab/corpus/pauljphilp_effectpatterns/scripts/lifecycle-harness/src/skills.ts
v3-app	pauljphilp-effectpatterns	/Users/pooks/Dev/foldlab/corpus/pauljphilp_effectpatterns/scripts/load-patterns.ts
v3-app	pauljphilp-effectpatterns	/Users/pooks/Dev/foldlab/corpus/pauljphilp_effectpatterns/scripts/load-skills.ts
v3-app	pauljphilp-effectpatterns	/Users/pooks/Dev/foldlab/corpus/pauljphilp_effectpatterns/scripts/scaffold-test-project.ts
v3-app	pauljphilp-effectpatterns	/Users/pooks/Dev/foldlab/corpus/pauljphilp_effectpatterns/scripts/seed-application-patterns.ts
v3-app	pauljphilp-effectpatterns	/Users/pooks/Dev/foldlab/corpus/pauljphilp_effectpatterns/scripts/sync-patterns-from-mdx.ts
v3-app	pauljphilp-effectpatterns	/Users/pooks/Dev/foldlab/corpus/pauljphilp_effectpatterns/scripts/validate-schema.ts
v3-app	pauljphilp-effectpatterns	/Users/pooks/Dev/foldlab/corpus/pauljphilp_effectpatterns/test-db-simple.ts
v3-app	pauljphilp-effectpatterns	/Users/pooks/Dev/foldlab/corpus/pauljphilp_effectpatterns/test-otlp-fix.ts
v3-app	pauljphilp-effectpatterns	/Users/pooks/Dev/foldlab/corpus/pauljphilp_effectpatterns/test-simple-db.ts
v3-app	sukovanej-effect-http	/Users/pooks/Dev/foldlab/corpus/sukovanej_effect-http/packages/effect-http-node/examples/100-299_success-channel.ts
v3-app	sukovanej-effect-http	/Users/pooks/Dev/foldlab/corpus/sukovanej_effect-http/packages/effect-http-node/examples/bun-server.ts
v3-app	sukovanej-effect-http	/Users/pooks/Dev/foldlab/corpus/sukovanej_effect-http/packages/effect-http-node/examples/conflict-error-example.ts
v3-app	sukovanej-effect-http	/Users/pooks/Dev/foldlab/corpus/sukovanej_effect-http/packages/effect-http-node/examples/custom-response.ts
v3-app	sukovanej-effect-http	/Users/pooks/Dev/foldlab/corpus/sukovanej_effect-http/packages/effect-http-node/examples/description.ts
v3-app	sukovanej-effect-http	/Users/pooks/Dev/foldlab/corpus/sukovanej_effect-http/packages/effect-http-node/examples/example-server.ts
v3-app	sukovanej-effect-http	/Users/pooks/Dev/foldlab/corpus/sukovanej_effect-http/packages/effect-http-node/examples/example.ts
v3-app	sukovanej-effect-http	/Users/pooks/Dev/foldlab/corpus/sukovanej_effect-http/packages/effect-http-node/examples/form-data.ts
v3-app	sukovanej-effect-http	/Users/pooks/Dev/foldlab/corpus/sukovanej_effect-http/packages/effect-http-node/examples/groups.ts
v3-app	sukovanej-effect-http	/Users/pooks/Dev/foldlab/corpus/sukovanej_effect-http/packages/effect-http-node/examples/handle-raw.ts
v3-app	sukovanej-effect-http	/Users/pooks/Dev/foldlab/corpus/sukovanej_effect-http/packages/effect-http-node/examples/headers-client.ts
v3-app	sukovanej-effect-http	/Users/pooks/Dev/foldlab/corpus/sukovanej_effect-http/packages/effect-http-node/examples/headers.ts
v3-app	sukovanej-effect-http	/Users/pooks/Dev/foldlab/corpus/sukovanej_effect-http/packages/effect-http-node/examples/input-example.ts
v3-app	sukovanej-effect-http	/Users/pooks/Dev/foldlab/corpus/sukovanej_effect-http/packages/effect-http-node/examples/mock-client.ts
v3-app	sukovanej-effect-http	/Users/pooks/Dev/foldlab/corpus/sukovanej_effect-http/packages/effect-http-node/examples/multiple-responses.ts
v3-app	sukovanej-effect-http	/Users/pooks/Dev/foldlab/corpus/sukovanej_effect-http/packages/effect-http-node/examples/new-api.ts
v3-app	sukovanej-effect-http	/Users/pooks/Dev/foldlab/corpus/sukovanej_effect-http/packages/effect-http-node/examples/no-content.ts
v3-app	sukovanej-effect-http	/Users/pooks/Dev/foldlab/corpus/sukovanej_effect-http/packages/effect-http-node/examples/optional-query-parameter.ts
v3-app	sukovanej-effect-http	/Users/pooks/Dev/foldlab/corpus/sukovanej_effect-http/packages/effect-http-node/examples/pattern-example.ts
v3-app	sukovanej-effect-http	/Users/pooks/Dev/foldlab/corpus/sukovanej_effect-http/packages/effect-http-node/examples/plain-text.ts
v3-app	sukovanej-effect-http	/Users/pooks/Dev/foldlab/corpus/sukovanej_effect-http/packages/effect-http-node/examples/readme-headers.ts
v3-app	sukovanej-effect-http	/Users/pooks/Dev/foldlab/corpus/sukovanej_effect-http/packages/effect-http-node/examples/readme-quickstart.ts
v3-app	sukovanej-effect-http	/Users/pooks/Dev/foldlab/corpus/sukovanej_effect-http/packages/effect-http-node/examples/readme-security-basic.ts
v3-app	sukovanej-effect-http	/Users/pooks/Dev/foldlab/corpus/sukovanej_effect-http/packages/effect-http-node/examples/readme-security-complex.ts
v3-app	sukovanej-effect-http	/Users/pooks/Dev/foldlab/corpus/sukovanej_effect-http/packages/effect-http-node/examples/readme-security-custom.ts
v3-app	sukovanej-effect-http	/Users/pooks/Dev/foldlab/corpus/sukovanej_effect-http/packages/effect-http-node/examples/readme-security.ts
v3-app	sukovanej-effect-http	/Users/pooks/Dev/foldlab/corpus/sukovanej_effect-http/packages/effect-http-node/examples/request-example.ts
v3-app	sukovanej-effect-http	/Users/pooks/Dev/foldlab/corpus/sukovanej_effect-http/packages/effect-http-node/examples/request-validation-optional-parameter.ts
v3-app	sukovanej-effect-http	/Users/pooks/Dev/foldlab/corpus/sukovanej_effect-http/packages/effect-http-node/examples/request-validation.ts
v3-app	sukovanej-effect-http	/Users/pooks/Dev/foldlab/corpus/sukovanej_effect-http/packages/effect-http-node/examples/resource-example.ts
v3-app	sukovanej-effect-http	/Users/pooks/Dev/foldlab/corpus/sukovanej_effect-http/packages/effect-http-node/examples/schema-with-optional-field.ts
v3-app	sukovanej-effect-http	/Users/pooks/Dev/foldlab/corpus/sukovanej_effect-http/packages/effect-http-node/examples/scoped-resources.ts
v3-app	sukovanej-effect-http	/Users/pooks/Dev/foldlab/corpus/sukovanej_effect-http/packages/effect-http-node/examples/static-files-from-root.ts
v3-app	sukovanej-effect-http	/Users/pooks/Dev/foldlab/corpus/sukovanej_effect-http/packages/effect-http-node/examples/unexpected-error.ts
v3-app	sukovanej-effect-http	/Users/pooks/Dev/foldlab/corpus/sukovanej_effect-http/packages/effect-http-node/src/NodeServer.ts
v3-app	sukovanej-effect-http	/Users/pooks/Dev/foldlab/corpus/sukovanej_effect-http/packages/effect-http-node/src/NodeSwaggerFiles.ts
v3-app	sukovanej-effect-http	/Users/pooks/Dev/foldlab/corpus/sukovanej_effect-http/packages/effect-http-node/src/NodeTesting.ts
v3-app	sukovanej-effect-http	/Users/pooks/Dev/foldlab/corpus/sukovanej_effect-http/packages/effect-http-node/src/internal/node-server.ts
v3-app	sukovanej-effect-http	/Users/pooks/Dev/foldlab/corpus/sukovanej_effect-http/packages/effect-http-node/src/internal/node-swagger-files.ts
v3-app	sukovanej-effect-http	/Users/pooks/Dev/foldlab/corpus/sukovanej_effect-http/packages/effect-http-node/src/internal/node-testing.ts
v3-app	sukovanej-effect-http	/Users/pooks/Dev/foldlab/corpus/sukovanej_effect-http/packages/effect-http/src/Api.ts
v3-app	sukovanej-effect-http	/Users/pooks/Dev/foldlab/corpus/sukovanej_effect-http/packages/effect-http/src/ApiEndpoint.ts
v3-app	sukovanej-effect-http	/Users/pooks/Dev/foldlab/corpus/sukovanej_effect-http/packages/effect-http/src/ApiGroup.ts
v3-app	sukovanej-effect-http	/Users/pooks/Dev/foldlab/corpus/sukovanej_effect-http/packages/effect-http/src/ApiRequest.ts
v3-app	sukovanej-effect-http	/Users/pooks/Dev/foldlab/corpus/sukovanej_effect-http/packages/effect-http/src/ApiResponse.ts
v3-app	sukovanej-effect-http	/Users/pooks/Dev/foldlab/corpus/sukovanej_effect-http/packages/effect-http/src/ApiSchema.ts
v3-app	sukovanej-effect-http	/Users/pooks/Dev/foldlab/corpus/sukovanej_effect-http/packages/effect-http/src/ClientError.ts
v3-app	sukovanej-effect-http	/Users/pooks/Dev/foldlab/corpus/sukovanej_effect-http/packages/effect-http/src/Handler.ts
v3-app	sukovanej-effect-http	/Users/pooks/Dev/foldlab/corpus/sukovanej_effect-http/packages/effect-http/src/HttpError.ts
v3-app	sukovanej-effect-http	/Users/pooks/Dev/foldlab/corpus/sukovanej_effect-http/packages/effect-http/src/Middlewares.ts
v3-app	sukovanej-effect-http	/Users/pooks/Dev/foldlab/corpus/sukovanej_effect-http/packages/effect-http/src/OpenApi.ts
v3-app	sukovanej-effect-http	/Users/pooks/Dev/foldlab/corpus/sukovanej_effect-http/packages/effect-http/src/QuerySchema.ts
v3-app	sukovanej-effect-http	/Users/pooks/Dev/foldlab/corpus/sukovanej_effect-http/packages/effect-http/src/Representation.ts
v3-app	sukovanej-effect-http	/Users/pooks/Dev/foldlab/corpus/sukovanej_effect-http/packages/effect-http/src/RouterBuilder.ts
v3-app	sukovanej-effect-http	/Users/pooks/Dev/foldlab/corpus/sukovanej_effect-http/packages/effect-http/src/Security.ts
v3-app	sukovanej-effect-http	/Users/pooks/Dev/foldlab/corpus/sukovanej_effect-http/packages/effect-http/src/SwaggerRouter.ts
v3-app	sukovanej-effect-http	/Users/pooks/Dev/foldlab/corpus/sukovanej_effect-http/packages/effect-http/src/internal/api-endpoint.ts
v3-app	sukovanej-effect-http	/Users/pooks/Dev/foldlab/corpus/sukovanej_effect-http/packages/effect-http/src/internal/api-group.ts
v3-app	sukovanej-effect-http	/Users/pooks/Dev/foldlab/corpus/sukovanej_effect-http/packages/effect-http/src/internal/api-request.ts
v3-app	sukovanej-effect-http	/Users/pooks/Dev/foldlab/corpus/sukovanej_effect-http/packages/effect-http/src/internal/api-response.ts
v3-app	sukovanej-effect-http	/Users/pooks/Dev/foldlab/corpus/sukovanej_effect-http/packages/effect-http/src/internal/api-schema.ts
v3-app	sukovanej-effect-http	/Users/pooks/Dev/foldlab/corpus/sukovanej_effect-http/packages/effect-http/src/internal/api.ts
v3-app	sukovanej-effect-http	/Users/pooks/Dev/foldlab/corpus/sukovanej_effect-http/packages/effect-http/src/internal/circular.ts
v3-app	sukovanej-effect-http	/Users/pooks/Dev/foldlab/corpus/sukovanej_effect-http/packages/effect-http/src/internal/client-error.ts
v3-app	sukovanej-effect-http	/Users/pooks/Dev/foldlab/corpus/sukovanej_effect-http/packages/effect-http/src/internal/client.ts
v3-app	sukovanej-effect-http	/Users/pooks/Dev/foldlab/corpus/sukovanej_effect-http/packages/effect-http/src/internal/clientRequestEncoder.ts
v3-app	sukovanej-effect-http	/Users/pooks/Dev/foldlab/corpus/sukovanej_effect-http/packages/effect-http/src/internal/clientResponseParser.ts
v3-app	sukovanej-effect-http	/Users/pooks/Dev/foldlab/corpus/sukovanej_effect-http/packages/effect-http/src/internal/example-compiler.ts
v3-app	sukovanej-effect-http	/Users/pooks/Dev/foldlab/corpus/sukovanej_effect-http/packages/effect-http/src/internal/example-server.ts
v3-app	sukovanej-effect-http	/Users/pooks/Dev/foldlab/corpus/sukovanej_effect-http/packages/effect-http/src/internal/handler.ts
v3-app	sukovanej-effect-http	/Users/pooks/Dev/foldlab/corpus/sukovanej_effect-http/packages/effect-http/src/internal/http-error.ts
v3-app	sukovanej-effect-http	/Users/pooks/Dev/foldlab/corpus/sukovanej_effect-http/packages/effect-http/src/internal/middlewares.ts
v3-app	sukovanej-effect-http	/Users/pooks/Dev/foldlab/corpus/sukovanej_effect-http/packages/effect-http/src/internal/mock-client.ts
v3-app	sukovanej-effect-http	/Users/pooks/Dev/foldlab/corpus/sukovanej_effect-http/packages/effect-http/src/internal/open-api.ts
v3-app	sukovanej-effect-http	/Users/pooks/Dev/foldlab/corpus/sukovanej_effect-http/packages/effect-http/src/internal/query-schema.ts
v3-app	sukovanej-effect-http	/Users/pooks/Dev/foldlab/corpus/sukovanej_effect-http/packages/effect-http/src/internal/representation.ts
v3-app	sukovanej-effect-http	/Users/pooks/Dev/foldlab/corpus/sukovanej_effect-http/packages/effect-http/src/internal/router-builder.ts
v3-app	sukovanej-effect-http	/Users/pooks/Dev/foldlab/corpus/sukovanej_effect-http/packages/effect-http/src/internal/security.ts
v3-app	sukovanej-effect-http	/Users/pooks/Dev/foldlab/corpus/sukovanej_effect-http/packages/effect-http/src/internal/serverRequestParser.ts
v3-app	sukovanej-effect-http	/Users/pooks/Dev/foldlab/corpus/sukovanej_effect-http/packages/effect-http/src/internal/serverResponseEncoder.ts
v3-app	sukovanej-effect-http	/Users/pooks/Dev/foldlab/corpus/sukovanej_effect-http/packages/effect-http/src/internal/swagger-router.ts
v3-app	sukovanej-effect-http	/Users/pooks/Dev/foldlab/corpus/sukovanej_effect-http/packages/effect-http/src/internal/utils.ts
