# lake build --no-build Test.Audit.RuntimeCoverage (worktree probe-T at bff50631, LEAN_NUM_THREADS=1): the module's emitted rows (E4RTCOV), every row's disposition, coverage state and witnesses; read before the gate ran
ℹ [192/240] Replayed Effect4.Laws.Machine.Clauses
info: src/Effect4/Laws/Machine/Clauses.lean:2123:0: Effect4.Machine.M1OriginClauses: 0 open, 10 proved, 10 total; ceiling 0
ℹ [198/240] Replayed Effect4.Laws.Machine.Witnesses
info: src/Effect4/Laws/Machine/Witnesses.lean:1488:0: Effect4.Machine.Witnesses.M1Witnesses: 0 open, 1 proved, 1 total; ceiling 0
ℹ [203/240] Replayed Effect4.Program.AtomInventory
info: src/Effect4/Program/AtomInventory.lean:61:0: 'Effect4.Program.NativeAtom.all_complete' depends on axioms: [propext]
info: src/Effect4/Program/AtomInventory.lean:62:0: 'Effect4.Program.NativeAtom.covers_iff' depends on axioms: [propext, Quot.sound]
ℹ [209/240] Replayed Effect4.Program.NodeLenses
info: src/Effect4/Program/NodeLenses.lean:135:0: 'Effect4.Program.Node.child' depends on axioms: [propext]
info: src/Effect4/Program/NodeLenses.lean:136:0: 'Effect4.Program.Node.setChild' depends on axioms: [propext]
ℹ [210/240] Replayed Effect4.Program.Fold
info: src/Effect4/Program/Fold.lean:3350:0: 'Effect4.Program.hom_eq_cata_ty' depends on axioms: [propext]
info: src/Effect4/Program/Fold.lean:3351:0: 'Effect4.Program.cata_id_ty' does not depend on any axioms
info: src/Effect4/Program/Fold.lean:3352:0: 'Effect4.Program.foldM_eq_cata_ty' depends on axioms: [propext, Quot.sound]
info: src/Effect4/Program/Fold.lean:3353:0: 'Effect4.Program.foldM_id_ty' depends on axioms: [propext, Quot.sound]
info: src/Effect4/Program/Fold.lean:3354:0: 'Effect4.Program.foldM_natural_ty' depends on axioms: [propext, Quot.sound]
info: src/Effect4/Program/Fold.lean:3355:0: 'Effect4.Program.hom_eq_cata_term' depends on axioms: [propext]
info: src/Effect4/Program/Fold.lean:3356:0: 'Effect4.Program.hom_eq_cata_terms' depends on axioms: [propext]
info: src/Effect4/Program/Fold.lean:3357:0: 'Effect4.Program.cata_id_term' does not depend on any axioms
info: src/Effect4/Program/Fold.lean:3358:0: 'Effect4.Program.cata_id_terms' does not depend on any axioms
info: src/Effect4/Program/Fold.lean:3359:0: 'Effect4.Program.foldM_eq_cata_term' depends on axioms: [propext, Quot.sound]
info: src/Effect4/Program/Fold.lean:3360:0: 'Effect4.Program.foldM_eq_cata_terms' depends on axioms: [propext, Quot.sound]
info: src/Effect4/Program/Fold.lean:3361:0: 'Effect4.Program.foldM_id_term' depends on axioms: [propext, Quot.sound]
info: src/Effect4/Program/Fold.lean:3362:0: 'Effect4.Program.foldM_id_terms' depends on axioms: [propext, Quot.sound]
info: src/Effect4/Program/Fold.lean:3363:0: 'Effect4.Program.foldM_natural_term' depends on axioms: [propext, Quot.sound]
info: src/Effect4/Program/Fold.lean:3364:0: 'Effect4.Program.foldM_natural_terms' depends on axioms: [propext, Quot.sound]
info: src/Effect4/Program/Fold.lean:3365:0: 'Effect4.Program.hom_eq_cata_cause' depends on axioms: [propext]
info: src/Effect4/Program/Fold.lean:3366:0: 'Effect4.Program.cata_id_cause' does not depend on any axioms
info: src/Effect4/Program/Fold.lean:3367:0: 'Effect4.Program.foldM_eq_cata_cause' depends on axioms: [propext, Quot.sound]
info: src/Effect4/Program/Fold.lean:3368:0: 'Effect4.Program.foldM_id_cause' depends on axioms: [propext, Quot.sound]
info: src/Effect4/Program/Fold.lean:3369:0: 'Effect4.Program.foldM_natural_cause' depends on axioms: [propext, Quot.sound]
info: src/Effect4/Program/Fold.lean:3370:0: 'Effect4.Program.hom_eq_cata_eff' depends on axioms: [propext]
info: src/Effect4/Program/Fold.lean:3371:0: 'Effect4.Program.hom_eq_cata_stmt' depends on axioms: [propext]
info: src/Effect4/Program/Fold.lean:3372:0: 'Effect4.Program.hom_eq_cata_stmts' depends on axioms: [propext]
info: src/Effect4/Program/Fold.lean:3373:0: 'Effect4.Program.hom_eq_cata_effs' depends on axioms: [propext]
info: src/Effect4/Program/Fold.lean:3374:0: 'Effect4.Program.hom_eq_cata_action' depends on axioms: [propext]
info: src/Effect4/Program/Fold.lean:3375:0: 'Effect4.Program.hom_eq_cata_layer' depends on axioms: [propext]
info: src/Effect4/Program/Fold.lean:3376:0: 'Effect4.Program.hom_eq_cata_layers' depends on axioms: [propext]
info: src/Effect4/Program/Fold.lean:3377:0: 'Effect4.Program.cata_id_eff' does not depend on any axioms
info: src/Effect4/Program/Fold.lean:3378:0: 'Effect4.Program.cata_id_stmt' does not depend on any axioms
info: src/Effect4/Program/Fold.lean:3379:0: 'Effect4.Program.cata_id_stmts' does not depend on any axioms
info: src/Effect4/Program/Fold.lean:3380:0: 'Effect4.Program.cata_id_effs' does not depend on any axioms
info: src/Effect4/Program/Fold.lean:3381:0: 'Effect4.Program.cata_id_action' does not depend on any axioms
info: src/Effect4/Program/Fold.lean:3382:0: 'Effect4.Program.cata_id_layer' does not depend on any axioms
info: src/Effect4/Program/Fold.lean:3383:0: 'Effect4.Program.cata_id_layers' does not depend on any axioms
info: src/Effect4/Program/Fold.lean:3384:0: 'Effect4.Program.foldM_eq_cata_eff' depends on axioms: [propext, Quot.sound]
info: src/Effect4/Program/Fold.lean:3385:0: 'Effect4.Program.foldM_eq_cata_stmt' depends on axioms: [propext, Quot.sound]
info: src/Effect4/Program/Fold.lean:3386:0: 'Effect4.Program.foldM_eq_cata_stmts' depends on axioms: [propext, Quot.sound]
info: src/Effect4/Program/Fold.lean:3387:0: 'Effect4.Program.foldM_eq_cata_effs' depends on axioms: [propext, Quot.sound]
info: src/Effect4/Program/Fold.lean:3388:0: 'Effect4.Program.foldM_eq_cata_action' depends on axioms: [propext, Quot.sound]
info: src/Effect4/Program/Fold.lean:3389:0: 'Effect4.Program.foldM_eq_cata_layer' depends on axioms: [propext, Quot.sound]
info: src/Effect4/Program/Fold.lean:3390:0: 'Effect4.Program.foldM_eq_cata_layers' depends on axioms: [propext, Quot.sound]
info: src/Effect4/Program/Fold.lean:3391:0: 'Effect4.Program.foldM_id_eff' depends on axioms: [propext, Quot.sound]
info: src/Effect4/Program/Fold.lean:3392:0: 'Effect4.Program.foldM_id_stmt' depends on axioms: [propext, Quot.sound]
info: src/Effect4/Program/Fold.lean:3393:0: 'Effect4.Program.foldM_id_stmts' depends on axioms: [propext, Quot.sound]
info: src/Effect4/Program/Fold.lean:3394:0: 'Effect4.Program.foldM_id_effs' depends on axioms: [propext, Quot.sound]
info: src/Effect4/Program/Fold.lean:3395:0: 'Effect4.Program.foldM_id_action' depends on axioms: [propext, Quot.sound]
info: src/Effect4/Program/Fold.lean:3396:0: 'Effect4.Program.foldM_id_layer' depends on axioms: [propext, Quot.sound]
info: src/Effect4/Program/Fold.lean:3397:0: 'Effect4.Program.foldM_id_layers' depends on axioms: [propext, Quot.sound]
info: src/Effect4/Program/Fold.lean:3398:0: 'Effect4.Program.foldM_natural_eff' depends on axioms: [propext, Quot.sound]
info: src/Effect4/Program/Fold.lean:3399:0: 'Effect4.Program.foldM_natural_stmt' depends on axioms: [propext, Quot.sound]
info: src/Effect4/Program/Fold.lean:3400:0: 'Effect4.Program.foldM_natural_stmts' depends on axioms: [propext, Quot.sound]
info: src/Effect4/Program/Fold.lean:3401:0: 'Effect4.Program.foldM_natural_effs' depends on axioms: [propext, Quot.sound]
info: src/Effect4/Program/Fold.lean:3402:0: 'Effect4.Program.foldM_natural_action' depends on axioms: [propext, Quot.sound]
info: src/Effect4/Program/Fold.lean:3403:0: 'Effect4.Program.foldM_natural_layer' depends on axioms: [propext, Quot.sound]
info: src/Effect4/Program/Fold.lean:3404:0: 'Effect4.Program.foldM_natural_layers' depends on axioms: [propext, Quot.sound]
info: src/Effect4/Program/Fold.lean:3405:0: 'Effect4.Program.weaken_eq_cata_eff' depends on axioms: [propext]
info: src/Effect4/Program/Fold.lean:3406:0: 'Effect4.Program.weaken_eq_cata_stmt' depends on axioms: [propext]
info: src/Effect4/Program/Fold.lean:3407:0: 'Effect4.Program.weaken_eq_cata_stmts' depends on axioms: [propext]
info: src/Effect4/Program/Fold.lean:3408:0: 'Effect4.Program.weaken_eq_cata_effs' depends on axioms: [propext]
info: src/Effect4/Program/Fold.lean:3409:0: 'Effect4.Program.weaken_eq_cata_action' depends on axioms: [propext]
ℹ [230/240] Replayed Effect4.Laws.Program.Agreement
info: src/Effect4/Laws/Program/Agreement.lean:1941:0: Effect4.Program.Agreement.M1Origin: 0 open, 1 proved, 1 total; ceiling 0
ℹ [231/240] Replayed Effect4.Laws.Machine.Approximation
info: src/Effect4/Laws/Machine/Approximation.lean:1778:0: Effect4.Machine.M1OriginApproximation: 0 open, 2 proved, 2 total; ceiling 0
ℹ [232/240] Replayed Effect4.Laws.Machine.Arena
info: src/Effect4/Laws/Machine/Arena.lean:249:0: Effect4.Machine.ArenaObligations: 0 open, 10 proved, 10 total; ceiling 0
info: src/Effect4/Laws/Machine/Arena.lean:252:0: Effect4.Machine.ArenaSupportWanted: 0 open, 3 proved, 3 total; ceiling 0
ℹ [234/340] Replayed Effect4.Laws.Machine.RefKernel
info: src/Effect4/Laws/Machine/RefKernel.lean:268:0: Effect4.Machine.RefKernelObligations: 0 open, 2 proved, 2 total; ceiling 0
info: src/Effect4/Laws/Machine/RefKernel.lean:381:0: Effect4.Machine.ArenaObligations: 0 open, 14 proved, 14 total; ceiling 0
info: src/Effect4/Laws/Machine/RefKernel.lean:384:0: Effect4.Machine.M1.RefKernelSupport: 0 open, 1 proved, 1 total; ceiling 0
ℹ [235/340] Replayed Effect4.Laws.Machine.CompletionData
info: src/Effect4/Laws/Machine/CompletionData.lean:61:0: Effect4.Machine.M1.OwedMapWanted: 0 open, 4 proved, 4 total; ceiling 0
info: src/Effect4/Laws/Machine/CompletionData.lean:98:0: Effect4.Machine.M1.Core: 0 open, 5 proved, 5 total; ceiling 0
info: src/Effect4/Laws/Machine/CompletionData.lean:113:0: Effect4.Machine.M1.CompletionSupport: 0 open, 2 proved, 2 total; ceiling 0
ℹ [236/340] Replayed Effect4.Laws.Machine.StoresLaws
info: src/Effect4/Laws/Machine/StoresLaws.lean:2238:0: Effect4.Machine.M1.StoresLaws: 0 open, 5 proved, 5 total; ceiling 0
ℹ [237/340] Replayed Effect4.Laws.Machine.Behaviour
info: src/Effect4/Laws/Machine/Behaviour.lean:119:0: Effect4.Machine.M1Trace: 0 open, 1 proved, 1 total; ceiling 0
ℹ [240/340] Replayed Effect4.Laws.Machine.Book
info: src/Effect4/Laws/Machine/Book.lean:1312:0: Effect4.Machine.M1OriginBook: 0 open, 2 proved, 2 total; ceiling 0
ℹ [272/340] Replayed Effect4.Api.Derived
info: src/Effect4/Api/Derived.lean:312:0: 'Effect4.Store.ApiGen.FiberIdC.toVal' depends on axioms: [propext]
info: src/Effect4/Api/Derived.lean:313:0: 'Effect4.Store.ApiGen.FiberIdC.ofVal_toVal' depends on axioms: [propext]
info: src/Effect4/Api/Derived.lean:314:0: 'Effect4.Store.ApiGen.FiberIdC.ofVal_exact' depends on axioms: [propext]
info: src/Effect4/Api/Derived.lean:315:0: 'Effect4.Store.ApiGen.FiberIdC.fits' depends on axioms: [propext, Quot.sound]
info: src/Effect4/Api/Derived.lean:316:0: 'Effect4.Store.ApiGen.FiberIdC.instCanonical' depends on axioms: [propext, Quot.sound]
info: src/Effect4/Api/Derived.lean:317:0: 'Effect4.Store.ApiGen.KeyC.toVal' depends on axioms: [propext, Quot.sound]
info: src/Effect4/Api/Derived.lean:318:0: 'Effect4.Store.ApiGen.KeyC.ofVal_toVal' depends on axioms: [propext, Quot.sound]
info: src/Effect4/Api/Derived.lean:319:0: 'Effect4.Store.ApiGen.KeyC.ofVal_exact' depends on axioms: [propext, Quot.sound]
info: src/Effect4/Api/Derived.lean:320:0: 'Effect4.Store.ApiGen.KeyC.fits' depends on axioms: [propext, Quot.sound]
info: src/Effect4/Api/Derived.lean:321:0: 'Effect4.Store.ApiGen.KeyC.instCanonical' depends on axioms: [propext, Quot.sound]
info: src/Effect4/Api/Derived.lean:322:0: 'Effect4.Store.ApiGen.ExhaustionC.toVal' does not depend on any axioms
info: src/Effect4/Api/Derived.lean:323:0: 'Effect4.Store.ApiGen.ExhaustionC.ofVal_toVal' depends on axioms: [propext]
info: src/Effect4/Api/Derived.lean:324:0: 'Effect4.Store.ApiGen.ExhaustionC.ofVal_exact' depends on axioms: [propext]
info: src/Effect4/Api/Derived.lean:325:0: 'Effect4.Store.ApiGen.ExhaustionC.fits' depends on axioms: [propext]
info: src/Effect4/Api/Derived.lean:326:0: 'Effect4.Store.ApiGen.ExhaustionC.instCanonical' depends on axioms: [propext]
info: src/Effect4/Api/Derived.lean:327:0: 'Effect4.Store.ApiGen.FrontierReasonC.toVal' depends on axioms: [propext, Quot.sound]
info: src/Effect4/Api/Derived.lean:328:0: 'Effect4.Store.ApiGen.FrontierReasonC.ofVal_toVal' depends on axioms: [propext, Quot.sound]
info: src/Effect4/Api/Derived.lean:329:0: 'Effect4.Store.ApiGen.FrontierReasonC.ofVal_exact' depends on axioms: [propext, Quot.sound]
info: src/Effect4/Api/Derived.lean:330:0: 'Effect4.Store.ApiGen.FrontierReasonC.fits' depends on axioms: [propext, Quot.sound]
info: src/Effect4/Api/Derived.lean:331:0: 'Effect4.Store.ApiGen.FrontierReasonC.instCanonical' depends on axioms: [propext, Quot.sound]
ℹ [277/340] Replayed Effect4.Store.Domain.Derived.Program
info: src/Effect4/Store/Domain/Derived/Program.lean:2873:0: 'Effect4.Store.ProgramGen.LitC.toVal' depends on axioms: [propext]
info: src/Effect4/Store/Domain/Derived/Program.lean:2874:0: 'Effect4.Store.ProgramGen.LitC.ofVal_toVal' depends on axioms: [propext]
info: src/Effect4/Store/Domain/Derived/Program.lean:2875:0: 'Effect4.Store.ProgramGen.LitC.ofVal_exact' depends on axioms: [propext, Quot.sound]
info: src/Effect4/Store/Domain/Derived/Program.lean:2876:0: 'Effect4.Store.ProgramGen.LitC.fits' depends on axioms: [propext, Quot.sound]
info: src/Effect4/Store/Domain/Derived/Program.lean:2877:0: 'Effect4.Store.ProgramGen.LitC.instCanonical' depends on axioms: [propext, Quot.sound]
info: src/Effect4/Store/Domain/Derived/Program.lean:2878:0: 'Effect4.Store.ProgramGen.FnNameC.toVal' does not depend on any axioms
info: src/Effect4/Store/Domain/Derived/Program.lean:2879:0: 'Effect4.Store.ProgramGen.FnNameC.ofVal_toVal' depends on axioms: [propext]
info: src/Effect4/Store/Domain/Derived/Program.lean:2880:0: 'Effect4.Store.ProgramGen.FnNameC.ofVal_exact' depends on axioms: [propext]
info: src/Effect4/Store/Domain/Derived/Program.lean:2881:0: 'Effect4.Store.ProgramGen.FnNameC.fits' depends on axioms: [propext]
info: src/Effect4/Store/Domain/Derived/Program.lean:2882:0: 'Effect4.Store.ProgramGen.FnNameC.instCanonical' depends on axioms: [propext]
info: src/Effect4/Store/Domain/Derived/Program.lean:2883:0: 'Effect4.Store.ProgramGen.FinalizerStrategyC.toVal' does not depend on any axioms
info: src/Effect4/Store/Domain/Derived/Program.lean:2884:0: 'Effect4.Store.ProgramGen.FinalizerStrategyC.ofVal_toVal' depends on axioms: [propext]
info: src/Effect4/Store/Domain/Derived/Program.lean:2885:0: 'Effect4.Store.ProgramGen.FinalizerStrategyC.ofVal_exact' depends on axioms: [propext]
info: src/Effect4/Store/Domain/Derived/Program.lean:2886:0: 'Effect4.Store.ProgramGen.FinalizerStrategyC.fits' depends on axioms: [propext]
info: src/Effect4/Store/Domain/Derived/Program.lean:2887:0: 'Effect4.Store.ProgramGen.FinalizerStrategyC.instCanonical' depends on axioms: [propext]
info: src/Effect4/Store/Domain/Derived/Program.lean:2888:0: 'Effect4.Store.ProgramGen.MaskModeC.toVal' does not depend on any axioms
info: src/Effect4/Store/Domain/Derived/Program.lean:2889:0: 'Effect4.Store.ProgramGen.MaskModeC.ofVal_toVal' depends on axioms: [propext]
info: src/Effect4/Store/Domain/Derived/Program.lean:2890:0: 'Effect4.Store.ProgramGen.MaskModeC.ofVal_exact' depends on axioms: [propext]
info: src/Effect4/Store/Domain/Derived/Program.lean:2891:0: 'Effect4.Store.ProgramGen.MaskModeC.fits' depends on axioms: [propext]
info: src/Effect4/Store/Domain/Derived/Program.lean:2892:0: 'Effect4.Store.ProgramGen.MaskModeC.instCanonical' depends on axioms: [propext]
info: src/Effect4/Store/Domain/Derived/Program.lean:2893:0: 'Effect4.Store.ProgramGen.ObserverModeC.toVal' does not depend on any axioms
info: src/Effect4/Store/Domain/Derived/Program.lean:2894:0: 'Effect4.Store.ProgramGen.ObserverModeC.ofVal_toVal' depends on axioms: [propext]
info: src/Effect4/Store/Domain/Derived/Program.lean:2895:0: 'Effect4.Store.ProgramGen.ObserverModeC.ofVal_exact' depends on axioms: [propext]
info: src/Effect4/Store/Domain/Derived/Program.lean:2896:0: 'Effect4.Store.ProgramGen.ObserverModeC.fits' depends on axioms: [propext]
info: src/Effect4/Store/Domain/Derived/Program.lean:2897:0: 'Effect4.Store.ProgramGen.ObserverModeC.instCanonical' depends on axioms: [propext]
info: src/Effect4/Store/Domain/Derived/Program.lean:2898:0: 'Effect4.Store.ProgramGen.DecisionC.toVal' depends on axioms: [propext]
info: src/Effect4/Store/Domain/Derived/Program.lean:2899:0: 'Effect4.Store.ProgramGen.DecisionC.ofVal_toVal' depends on axioms: [propext]
info: src/Effect4/Store/Domain/Derived/Program.lean:2900:0: 'Effect4.Store.ProgramGen.DecisionC.ofVal_exact' depends on axioms: [propext, Quot.sound]
info: src/Effect4/Store/Domain/Derived/Program.lean:2901:0: 'Effect4.Store.ProgramGen.DecisionC.fits' depends on axioms: [propext, Quot.sound]
info: src/Effect4/Store/Domain/Derived/Program.lean:2902:0: 'Effect4.Store.ProgramGen.DecisionC.instCanonical' depends on axioms: [propext, Quot.sound]
info: src/Effect4/Store/Domain/Derived/Program.lean:2903:0: 'Effect4.Store.ProgramGen.NativeOpC.toVal' depends on axioms: [propext]
info: src/Effect4/Store/Domain/Derived/Program.lean:2904:0: 'Effect4.Store.ProgramGen.NativeOpC.ofVal_toVal' depends on axioms: [propext]
info: src/Effect4/Store/Domain/Derived/Program.lean:2905:0: 'Effect4.Store.ProgramGen.NativeOpC.ofVal_exact' depends on axioms: [propext, Quot.sound]
info: src/Effect4/Store/Domain/Derived/Program.lean:2906:0: 'Effect4.Store.ProgramGen.NativeOpC.fits' depends on axioms: [propext, Quot.sound]
info: src/Effect4/Store/Domain/Derived/Program.lean:2907:0: 'Effect4.Store.ProgramGen.NativeOpC.instCanonical' depends on axioms: [propext, Quot.sound]
info: src/Effect4/Store/Domain/Derived/Program.lean:2908:0: 'Effect4.Store.ProgramGen.ForkOptionsC.toVal' depends on axioms: [propext]
info: src/Effect4/Store/Domain/Derived/Program.lean:2909:0: 'Effect4.Store.ProgramGen.ForkOptionsC.ofVal_toVal' depends on axioms: [propext]
info: src/Effect4/Store/Domain/Derived/Program.lean:2910:0: 'Effect4.Store.ProgramGen.ForkOptionsC.ofVal_exact' depends on axioms: [propext]
info: src/Effect4/Store/Domain/Derived/Program.lean:2911:0: 'Effect4.Store.ProgramGen.ForkOptionsC.fits' depends on axioms: [propext, Quot.sound]
info: src/Effect4/Store/Domain/Derived/Program.lean:2912:0: 'Effect4.Store.ProgramGen.ForkOptionsC.instCanonical' depends on axioms: [propext, Quot.sound]
info: src/Effect4/Store/Domain/Derived/Program.lean:2913:0: 'Effect4.Store.ProgramGen.TermC.toValTerm' depends on axioms: [propext, Quot.sound]
info: src/Effect4/Store/Domain/Derived/Program.lean:2914:0: 'Effect4.Store.ProgramGen.TermC.rawTerm_toValTerm' depends on axioms: [propext, Quot.sound]
info: src/Effect4/Store/Domain/Derived/Program.lean:2915:0: 'Effect4.Store.ProgramGen.TermC.fitsTerm' depends on axioms: [propext, Quot.sound]
info: src/Effect4/Store/Domain/Derived/Program.lean:2916:0: 'Effect4.Store.ProgramGen.TermC.instCanonicalTerm' depends on axioms: [propext, Quot.sound]
info: src/Effect4/Store/Domain/Derived/Program.lean:2917:0: 'Effect4.Store.ProgramGen.TermC.toValTerms' depends on axioms: [propext, Quot.sound]
info: src/Effect4/Store/Domain/Derived/Program.lean:2918:0: 'Effect4.Store.ProgramGen.TermC.rawTerms_toValTerms' depends on axioms: [propext, Quot.sound]
info: src/Effect4/Store/Domain/Derived/Program.lean:2919:0: 'Effect4.Store.ProgramGen.TermC.fitsTerms' depends on axioms: [propext, Quot.sound]
info: src/Effect4/Store/Domain/Derived/Program.lean:2920:0: 'Effect4.Store.ProgramGen.TermC.instCanonicalTerms' depends on axioms: [propext, Quot.sound]
info: src/Effect4/Store/Domain/Derived/Program.lean:2921:0: 'Effect4.Store.ProgramGen.CauseTermC.toValCauseTerm' depends on axioms: [propext, Quot.sound]
info: src/Effect4/Store/Domain/Derived/Program.lean:2922:0: 'Effect4.Store.ProgramGen.CauseTermC.rawCauseTerm_toValCauseTerm' depends on axioms: [propext, Quot.sound]
info: src/Effect4/Store/Domain/Derived/Program.lean:2923:0: 'Effect4.Store.ProgramGen.CauseTermC.fitsCauseTerm' depends on axioms: [propext, Quot.sound]
info: src/Effect4/Store/Domain/Derived/Program.lean:2924:0: 'Effect4.Store.ProgramGen.CauseTermC.instCanonicalCauseTerm' depends on axioms: [propext, Quot.sound]
info: src/Effect4/Store/Domain/Derived/Program.lean:2925:0: 'Effect4.Store.ProgramGen.ServiceNameC.toVal' depends on axioms: [propext]
info: src/Effect4/Store/Domain/Derived/Program.lean:2926:0: 'Effect4.Store.ProgramGen.ServiceNameC.ofVal_toVal' depends on axioms: [propext]
info: src/Effect4/Store/Domain/Derived/Program.lean:2927:0: 'Effect4.Store.ProgramGen.ServiceNameC.ofVal_exact' depends on axioms: [propext]
info: src/Effect4/Store/Domain/Derived/Program.lean:2928:0: 'Effect4.Store.ProgramGen.ServiceNameC.fits' depends on axioms: [propext, Quot.sound]
info: src/Effect4/Store/Domain/Derived/Program.lean:2929:0: 'Effect4.Store.ProgramGen.ServiceNameC.instCanonical' depends on axioms: [propext, Quot.sound]
info: src/Effect4/Store/Domain/Derived/Program.lean:2930:0: 'Effect4.Store.ProgramGen.ServiceTypeCodeC.toVal' depends on axioms: [propext]
info: src/Effect4/Store/Domain/Derived/Program.lean:2931:0: 'Effect4.Store.ProgramGen.ServiceTypeCodeC.ofVal_toVal' depends on axioms: [propext]
info: src/Effect4/Store/Domain/Derived/Program.lean:2932:0: 'Effect4.Store.ProgramGen.ServiceTypeCodeC.ofVal_exact' depends on axioms: [propext]
info: src/Effect4/Store/Domain/Derived/Program.lean:2933:0: 'Effect4.Store.ProgramGen.ServiceTypeCodeC.fits' depends on axioms: [propext, Quot.sound]
info: src/Effect4/Store/Domain/Derived/Program.lean:2934:0: 'Effect4.Store.ProgramGen.ServiceTypeCodeC.instCanonical' depends on axioms: [propext, Quot.sound]
info: src/Effect4/Store/Domain/Derived/Program.lean:2935:0: 'Effect4.Store.ProgramGen.ServiceKeyC.toVal' depends on axioms: [propext, Quot.sound]
info: src/Effect4/Store/Domain/Derived/Program.lean:2936:0: 'Effect4.Store.ProgramGen.ServiceKeyC.ofVal_toVal' depends on axioms: [propext, Quot.sound]
info: src/Effect4/Store/Domain/Derived/Program.lean:2937:0: 'Effect4.Store.ProgramGen.ServiceKeyC.ofVal_exact' depends on axioms: [propext, Quot.sound]
info: src/Effect4/Store/Domain/Derived/Program.lean:2938:0: 'Effect4.Store.ProgramGen.ServiceKeyC.fits' depends on axioms: [propext, Quot.sound]
info: src/Effect4/Store/Domain/Derived/Program.lean:2939:0: 'Effect4.Store.ProgramGen.ServiceKeyC.instCanonical' depends on axioms: [propext, Quot.sound]
info: src/Effect4/Store/Domain/Derived/Program.lean:2940:0: 'Effect4.Store.ProgramGen.TyC.toValTy' depends on axioms: [propext]
info: src/Effect4/Store/Domain/Derived/Program.lean:2941:0: 'Effect4.Store.ProgramGen.TyC.rawTy_toValTy' depends on axioms: [propext]
info: src/Effect4/Store/Domain/Derived/Program.lean:2942:0: 'Effect4.Store.ProgramGen.TyC.fitsTy' depends on axioms: [propext, Quot.sound]
info: src/Effect4/Store/Domain/Derived/Program.lean:2943:0: 'Effect4.Store.ProgramGen.TyC.instCanonicalTy' depends on axioms: [propext, Quot.sound]
info: src/Effect4/Store/Domain/Derived/Program.lean:2944:0: 'Effect4.Store.ProgramGen.EffC.toValEff' depends on axioms: [propext, Quot.sound]
info: src/Effect4/Store/Domain/Derived/Program.lean:2945:0: 'Effect4.Store.ProgramGen.EffC.rawEff_toValEff' depends on axioms: [propext, Quot.sound]
info: src/Effect4/Store/Domain/Derived/Program.lean:2946:0: 'Effect4.Store.ProgramGen.EffC.fitsEff' depends on axioms: [propext, Quot.sound]
info: src/Effect4/Store/Domain/Derived/Program.lean:2947:0: 'Effect4.Store.ProgramGen.EffC.instCanonicalEff' depends on axioms: [propext, Quot.sound]
info: src/Effect4/Store/Domain/Derived/Program.lean:2948:0: 'Effect4.Store.ProgramGen.EffC.toValStmt' depends on axioms: [propext, Quot.sound]
info: src/Effect4/Store/Domain/Derived/Program.lean:2949:0: 'Effect4.Store.ProgramGen.EffC.rawStmt_toValStmt' depends on axioms: [propext, Quot.sound]
info: src/Effect4/Store/Domain/Derived/Program.lean:2950:0: 'Effect4.Store.ProgramGen.EffC.fitsStmt' depends on axioms: [propext, Quot.sound]
info: src/Effect4/Store/Domain/Derived/Program.lean:2951:0: 'Effect4.Store.ProgramGen.EffC.instCanonicalStmt' depends on axioms: [propext, Quot.sound]
info: src/Effect4/Store/Domain/Derived/Program.lean:2952:0: 'Effect4.Store.ProgramGen.EffC.toValStmts' depends on axioms: [propext, Quot.sound]
info: src/Effect4/Store/Domain/Derived/Program.lean:2953:0: 'Effect4.Store.ProgramGen.EffC.rawStmts_toValStmts' depends on axioms: [propext, Quot.sound]
info: src/Effect4/Store/Domain/Derived/Program.lean:2954:0: 'Effect4.Store.ProgramGen.EffC.fitsStmts' depends on axioms: [propext, Quot.sound]
info: src/Effect4/Store/Domain/Derived/Program.lean:2955:0: 'Effect4.Store.ProgramGen.EffC.instCanonicalStmts' depends on axioms: [propext, Quot.sound]
info: src/Effect4/Store/Domain/Derived/Program.lean:2956:0: 'Effect4.Store.ProgramGen.EffC.toValEffs' depends on axioms: [propext, Quot.sound]
info: src/Effect4/Store/Domain/Derived/Program.lean:2957:0: 'Effect4.Store.ProgramGen.EffC.rawEffs_toValEffs' depends on axioms: [propext, Quot.sound]
info: src/Effect4/Store/Domain/Derived/Program.lean:2958:0: 'Effect4.Store.ProgramGen.EffC.fitsEffs' depends on axioms: [propext, Quot.sound]
info: src/Effect4/Store/Domain/Derived/Program.lean:2959:0: 'Effect4.Store.ProgramGen.EffC.instCanonicalEffs' depends on axioms: [propext, Quot.sound]
info: src/Effect4/Store/Domain/Derived/Program.lean:2960:0: 'Effect4.Store.ProgramGen.EffC.toValActionTerm' depends on axioms: [propext, Quot.sound]
info: src/Effect4/Store/Domain/Derived/Program.lean:2961:0: 'Effect4.Store.ProgramGen.EffC.rawActionTerm_toValActionTerm' depends on axioms: [propext, Quot.sound]
info: src/Effect4/Store/Domain/Derived/Program.lean:2962:0: 'Effect4.Store.ProgramGen.EffC.fitsActionTerm' depends on axioms: [propext, Quot.sound]
info: src/Effect4/Store/Domain/Derived/Program.lean:2963:0: 'Effect4.Store.ProgramGen.EffC.instCanonicalActionTerm' depends on axioms: [propext, Quot.sound]
info: src/Effect4/Store/Domain/Derived/Program.lean:2964:0: 'Effect4.Store.ProgramGen.EffC.toValLayerTerm' depends on axioms: [propext, Quot.sound]
info: src/Effect4/Store/Domain/Derived/Program.lean:2965:0: 'Effect4.Store.ProgramGen.EffC.rawLayerTerm_toValLayerTerm' depends on axioms: [propext, Quot.sound]
info: src/Effect4/Store/Domain/Derived/Program.lean:2966:0: 'Effect4.Store.ProgramGen.EffC.fitsLayerTerm' depends on axioms: [propext, Quot.sound]
info: src/Effect4/Store/Domain/Derived/Program.lean:2967:0: 'Effect4.Store.ProgramGen.EffC.instCanonicalLayerTerm' depends on axioms: [propext, Quot.sound]
info: src/Effect4/Store/Domain/Derived/Program.lean:2968:0: 'Effect4.Store.ProgramGen.EffC.toValLayerTerms' depends on axioms: [propext, Quot.sound]
info: src/Effect4/Store/Domain/Derived/Program.lean:2969:0: 'Effect4.Store.ProgramGen.EffC.rawLayerTerms_toValLayerTerms' depends on axioms: [propext, Quot.sound]
info: src/Effect4/Store/Domain/Derived/Program.lean:2970:0: 'Effect4.Store.ProgramGen.EffC.fitsLayerTerms' depends on axioms: [propext, Quot.sound]
info: src/Effect4/Store/Domain/Derived/Program.lean:2971:0: 'Effect4.Store.ProgramGen.EffC.instCanonicalLayerTerms' depends on axioms: [propext, Quot.sound]
info: src/Effect4/Store/Domain/Derived/Program.lean:2972:0: 'Effect4.Store.ProgramGen.RowKindC.toVal' does not depend on any axioms
info: src/Effect4/Store/Domain/Derived/Program.lean:2973:0: 'Effect4.Store.ProgramGen.RowKindC.ofVal_toVal' depends on axioms: [propext]
info: src/Effect4/Store/Domain/Derived/Program.lean:2974:0: 'Effect4.Store.ProgramGen.RowKindC.ofVal_exact' depends on axioms: [propext]
info: src/Effect4/Store/Domain/Derived/Program.lean:2975:0: 'Effect4.Store.ProgramGen.RowKindC.fits' depends on axioms: [propext]
info: src/Effect4/Store/Domain/Derived/Program.lean:2976:0: 'Effect4.Store.ProgramGen.RowKindC.instCanonical' depends on axioms: [propext]
info: src/Effect4/Store/Domain/Derived/Program.lean:2977:0: 'Effect4.Store.ProgramGen.RowShapeC.toVal' does not depend on any axioms
info: src/Effect4/Store/Domain/Derived/Program.lean:2978:0: 'Effect4.Store.ProgramGen.RowShapeC.ofVal_toVal' depends on axioms: [propext]
info: src/Effect4/Store/Domain/Derived/Program.lean:2979:0: 'Effect4.Store.ProgramGen.RowShapeC.ofVal_exact' depends on axioms: [propext]
info: src/Effect4/Store/Domain/Derived/Program.lean:2980:0: 'Effect4.Store.ProgramGen.RowShapeC.fits' depends on axioms: [propext]
info: src/Effect4/Store/Domain/Derived/Program.lean:2981:0: 'Effect4.Store.ProgramGen.RowShapeC.instCanonical' depends on axioms: [propext]
info: src/Effect4/Store/Domain/Derived/Program.lean:2982:0: 'Effect4.Store.ProgramGen.RegistrationC.toVal' does not depend on any axioms
info: src/Effect4/Store/Domain/Derived/Program.lean:2983:0: 'Effect4.Store.ProgramGen.RegistrationC.ofVal_toVal' depends on axioms: [propext]
info: src/Effect4/Store/Domain/Derived/Program.lean:2984:0: 'Effect4.Store.ProgramGen.RegistrationC.ofVal_exact' depends on axioms: [propext]
info: src/Effect4/Store/Domain/Derived/Program.lean:2985:0: 'Effect4.Store.ProgramGen.RegistrationC.fits' depends on axioms: [propext]
info: src/Effect4/Store/Domain/Derived/Program.lean:2986:0: 'Effect4.Store.ProgramGen.RegistrationC.instCanonical' depends on axioms: [propext]
info: src/Effect4/Store/Domain/Derived/Program.lean:2987:0: 'Effect4.Store.ProgramGen.RowC.toVal' depends on axioms: [propext, Quot.sound]
info: src/Effect4/Store/Domain/Derived/Program.lean:2988:0: 'Effect4.Store.ProgramGen.RowC.ofVal_toVal' depends on axioms: [propext, Quot.sound]
info: src/Effect4/Store/Domain/Derived/Program.lean:2989:0: 'Effect4.Store.ProgramGen.RowC.ofVal_exact' depends on axioms: [propext, Quot.sound]
info: src/Effect4/Store/Domain/Derived/Program.lean:2990:0: 'Effect4.Store.ProgramGen.RowC.fits' depends on axioms: [propext, Quot.sound]
info: src/Effect4/Store/Domain/Derived/Program.lean:2991:0: 'Effect4.Store.ProgramGen.RowC.instCanonical' depends on axioms: [propext, Quot.sound]
info: src/Effect4/Store/Domain/Derived/Program.lean:2992:0: 'Effect4.Store.ProgramGen.EffTyC.toVal' depends on axioms: [propext, Quot.sound]
info: src/Effect4/Store/Domain/Derived/Program.lean:2993:0: 'Effect4.Store.ProgramGen.EffTyC.ofVal_toVal' depends on axioms: [propext, Quot.sound]
info: src/Effect4/Store/Domain/Derived/Program.lean:2994:0: 'Effect4.Store.ProgramGen.EffTyC.ofVal_exact' depends on axioms: [propext, Quot.sound]
info: src/Effect4/Store/Domain/Derived/Program.lean:2995:0: 'Effect4.Store.ProgramGen.EffTyC.fits' depends on axioms: [propext, Quot.sound]
info: src/Effect4/Store/Domain/Derived/Program.lean:2996:0: 'Effect4.Store.ProgramGen.EffTyC.instCanonical' depends on axioms: [propext, Quot.sound]
ℹ [299/340] Replayed Effect4.Schema.Fold
info: src/Effect4/Schema/Fold.lean:925:0: 'Effect4.ElementOf.map_map' depends on axioms: [propext]
info: src/Effect4/Schema/Fold.lean:926:0: 'Effect4.ElementOf.map_id' depends on axioms: [propext]
info: src/Effect4/Schema/Fold.lean:927:0: 'Effect4.PropertySignatureOf.map_map' depends on axioms: [propext]
info: src/Effect4/Schema/Fold.lean:928:0: 'Effect4.PropertySignatureOf.map_id' depends on axioms: [propext]
info: src/Effect4/Schema/Fold.lean:929:0: 'Effect4.IndexSignatureOf.map_map' depends on axioms: [propext]
info: src/Effect4/Schema/Fold.lean:930:0: 'Effect4.IndexSignatureOf.map_id' depends on axioms: [propext]
info: src/Effect4/Schema/Fold.lean:931:0: 'Effect4.CheckRepresentationAnnotationOf.map_map' depends on axioms: [propext, Quot.sound]
info: src/Effect4/Schema/Fold.lean:932:0: 'Effect4.CheckRepresentationAnnotationOf.map_id' depends on axioms: [propext, Quot.sound]
info: src/Effect4/Schema/Fold.lean:933:0: 'Effect4.cata_pos_list_representation_eq' depends on axioms: [propext]
info: src/Effect4/Schema/Fold.lean:934:0: 'Effect4.cata_pos_list_check_eq' depends on axioms: [propext]
info: src/Effect4/Schema/Fold.lean:935:0: 'Effect4.cata_pos_elementOf_representation_eq' depends on axioms: [propext]
info: src/Effect4/Schema/Fold.lean:936:0: 'Effect4.cata_pos_list_elementOf_representation_eq' depends on axioms: [propext]
info: src/Effect4/Schema/Fold.lean:937:0: 'Effect4.cata_pos_propertySignatureOf_representation_eq' depends on axioms: [propext]
info: src/Effect4/Schema/Fold.lean:938:0: 'Effect4.cata_pos_list_propertySignatureOf_representation_eq' depends on axioms: [propext]
info: src/Effect4/Schema/Fold.lean:939:0: 'Effect4.cata_pos_indexSignatureOf_representation_eq' depends on axioms: [propext]
info: src/Effect4/Schema/Fold.lean:940:0: 'Effect4.cata_pos_list_indexSignatureOf_representation_eq' depends on axioms: [propext]
info: src/Effect4/Schema/Fold.lean:941:0: 'Effect4.cata_pos_option_list_representation_eq' depends on axioms: [propext]
info: src/Effect4/Schema/Fold.lean:942:0: 'Effect4.cata_pos_checkRepresentationAnnotationOf_representation_eq' depends on axioms: [propext]
info: src/Effect4/Schema/Fold.lean:943:0: 'Effect4.cata_pos_option_checkRepresentationAnnotationOf_representation_eq' depends on axioms: [propext]
info: src/Effect4/Schema/Fold.lean:944:0: 'Effect4.cata_representation_declaration' depends on axioms: [propext]
info: src/Effect4/Schema/Fold.lean:945:0: 'Effect4.cata_representation_reference' does not depend on any axioms
info: src/Effect4/Schema/Fold.lean:946:0: 'Effect4.cata_representation_suspend' depends on axioms: [propext]
info: src/Effect4/Schema/Fold.lean:947:0: 'Effect4.cata_representation_null' depends on axioms: [propext]
info: src/Effect4/Schema/Fold.lean:948:0: 'Effect4.cata_representation_undefined' depends on axioms: [propext]
info: src/Effect4/Schema/Fold.lean:949:0: 'Effect4.cata_representation_void' depends on axioms: [propext]
info: src/Effect4/Schema/Fold.lean:950:0: 'Effect4.cata_representation_never' depends on axioms: [propext]
info: src/Effect4/Schema/Fold.lean:951:0: 'Effect4.cata_representation_unknown' depends on axioms: [propext]
info: src/Effect4/Schema/Fold.lean:952:0: 'Effect4.cata_representation_any' depends on axioms: [propext]
info: src/Effect4/Schema/Fold.lean:953:0: 'Effect4.cata_representation_string' depends on axioms: [propext]
info: src/Effect4/Schema/Fold.lean:954:0: 'Effect4.cata_representation_number' depends on axioms: [propext]
info: src/Effect4/Schema/Fold.lean:955:0: 'Effect4.cata_representation_boolean' depends on axioms: [propext]
info: src/Effect4/Schema/Fold.lean:956:0: 'Effect4.cata_representation_bigint' depends on axioms: [propext]
info: src/Effect4/Schema/Fold.lean:957:0: 'Effect4.cata_representation_symbol' depends on axioms: [propext]
info: src/Effect4/Schema/Fold.lean:958:0: 'Effect4.cata_representation_literal' depends on axioms: [propext]
info: src/Effect4/Schema/Fold.lean:959:0: 'Effect4.cata_representation_uniqueSymbol' depends on axioms: [propext]
info: src/Effect4/Schema/Fold.lean:960:0: 'Effect4.cata_representation_objectKeyword' depends on axioms: [propext]
info: src/Effect4/Schema/Fold.lean:961:0: 'Effect4.cata_representation_enum' depends on axioms: [propext]
info: src/Effect4/Schema/Fold.lean:962:0: 'Effect4.cata_representation_templateLiteral' depends on axioms: [propext]
info: src/Effect4/Schema/Fold.lean:963:0: 'Effect4.cata_representation_arrays' depends on axioms: [propext]
info: src/Effect4/Schema/Fold.lean:964:0: 'Effect4.cata_representation_objects' depends on axioms: [propext]
info: src/Effect4/Schema/Fold.lean:965:0: 'Effect4.cata_representation_union' depends on axioms: [propext]
info: src/Effect4/Schema/Fold.lean:966:0: 'Effect4.cata_check_filter' depends on axioms: [propext]
info: src/Effect4/Schema/Fold.lean:967:0: 'Effect4.cata_check_filterGroup' depends on axioms: [propext]
info: src/Effect4/Schema/Fold.lean:968:0: 'Effect4.hom_eq_cata_representation' depends on axioms: [propext]
info: src/Effect4/Schema/Fold.lean:969:0: 'Effect4.hom_eq_cata_check' depends on axioms: [propext]
info: src/Effect4/Schema/Fold.lean:970:0: 'Effect4.hom_pos_list_representation' depends on axioms: [propext]
info: src/Effect4/Schema/Fold.lean:971:0: 'Effect4.hom_pos_list_check' depends on axioms: [propext]
info: src/Effect4/Schema/Fold.lean:972:0: 'Effect4.hom_pos_elementOf_representation' depends on axioms: [propext]
info: src/Effect4/Schema/Fold.lean:973:0: 'Effect4.hom_pos_list_elementOf_representation' depends on axioms: [propext]
info: src/Effect4/Schema/Fold.lean:974:0: 'Effect4.hom_pos_propertySignatureOf_representation' depends on axioms: [propext]
info: src/Effect4/Schema/Fold.lean:975:0: 'Effect4.hom_pos_list_propertySignatureOf_representation' depends on axioms: [propext]
info: src/Effect4/Schema/Fold.lean:976:0: 'Effect4.hom_pos_indexSignatureOf_representation' depends on axioms: [propext]
info: src/Effect4/Schema/Fold.lean:977:0: 'Effect4.hom_pos_list_indexSignatureOf_representation' depends on axioms: [propext]
info: src/Effect4/Schema/Fold.lean:978:0: 'Effect4.hom_pos_option_list_representation' depends on axioms: [propext]
info: src/Effect4/Schema/Fold.lean:979:0: 'Effect4.hom_pos_checkRepresentationAnnotationOf_representation' depends on axioms: [propext]
info: src/Effect4/Schema/Fold.lean:980:0: 'Effect4.hom_pos_option_checkRepresentationAnnotationOf_representation' depends on axioms: [propext]
info: src/Effect4/Schema/Fold.lean:981:0: 'Effect4.cata_id_representation' depends on axioms: [propext]
info: src/Effect4/Schema/Fold.lean:982:0: 'Effect4.cata_id_check' depends on axioms: [propext]
info: src/Effect4/Schema/Fold.lean:983:0: 'Effect4.cata_id_pos_list_representation' depends on axioms: [propext]
info: src/Effect4/Schema/Fold.lean:984:0: 'Effect4.cata_id_pos_list_check' depends on axioms: [propext]
info: src/Effect4/Schema/Fold.lean:985:0: 'Effect4.cata_id_pos_elementOf_representation' depends on axioms: [propext]
info: src/Effect4/Schema/Fold.lean:986:0: 'Effect4.cata_id_pos_list_elementOf_representation' depends on axioms: [propext]
info: src/Effect4/Schema/Fold.lean:987:0: 'Effect4.cata_id_pos_propertySignatureOf_representation' depends on axioms: [propext]
info: src/Effect4/Schema/Fold.lean:988:0: 'Effect4.cata_id_pos_list_propertySignatureOf_representation' depends on axioms: [propext]
info: src/Effect4/Schema/Fold.lean:989:0: 'Effect4.cata_id_pos_indexSignatureOf_representation' depends on axioms: [propext]
info: src/Effect4/Schema/Fold.lean:990:0: 'Effect4.cata_id_pos_list_indexSignatureOf_representation' depends on axioms: [propext]
info: src/Effect4/Schema/Fold.lean:991:0: 'Effect4.cata_id_pos_option_list_representation' depends on axioms: [propext]
info: src/Effect4/Schema/Fold.lean:992:0: 'Effect4.cata_id_pos_checkRepresentationAnnotationOf_representation' depends on axioms: [propext]
info: src/Effect4/Schema/Fold.lean:993:0: 'Effect4.cata_id_pos_option_checkRepresentationAnnotationOf_representation' depends on axioms: [propext]
ℹ [330/359] Replayed Effect4.Laws.Program.Simulation.Hooks
info: src/Effect4/Laws/Program/Simulation/Hooks.lean:729:0: Effect4.Program.Sched.M1Hooks: 0 open, 4 proved, 4 total; ceiling 0
ℹ [332/359] Replayed Effect4.Laws.Program.Simulation.Fibers
info: src/Effect4/Laws/Program/Simulation/Fibers.lean:538:0: Effect4.Program.Sched.M1OriginFibers: 0 open, 6 proved, 6 total; ceiling 0
ℹ [333/359] Replayed Effect4.Laws.Program.Simulation.Deliver
info: src/Effect4/Laws/Program/Simulation/Deliver.lean:653:0: Effect4.Program.Sched.M1Deliver: 0 open, 1 proved, 1 total; ceiling 0
ℹ [334/359] Replayed Effect4.Laws.Program.Simulation.Actions
info: src/Effect4/Laws/Program/Simulation/Actions.lean:833:0: Effect4.Program.Sched.M1Actions: 0 open, 1 proved, 1 total; ceiling 0
info: src/Effect4/Laws/Program/Simulation/Actions.lean:834:0: Effect4.Program.Sched.M1Origin: 0 open, 10 proved, 10 total; ceiling 0
ℹ [335/359] Replayed Effect4.Laws.Program.Simulation.Evaluate
info: src/Effect4/Laws/Program/Simulation/Evaluate.lean:1037:0: Effect4.Program.Sched.M1Evaluate: 0 open, 2 proved, 2 total; ceiling 0
ℹ [336/359] Replayed Effect4.Laws.Program.Simulation.Pending
info: src/Effect4/Laws/Program/Simulation/Pending.lean:295:0: Effect4.Program.Sched.M1PendingOrigin: 0 open, 4 proved, 4 total; ceiling 0
ℹ [337/359] Replayed Effect4.Laws.Program.Simulation.Drive
info: src/Effect4/Laws/Program/Simulation/Drive.lean:1146:0: Effect4.Program.Sched.M1Clock: 0 open, 5 proved, 5 total; ceiling 0
info: src/Effect4/Laws/Program/Simulation/Drive.lean:1147:0: Effect4.Program.Sched.M1Drive: 0 open, 7 proved, 7 total; ceiling 0
ℹ [338/359] Replayed Effect4.Laws.Program.Agreement.Machine
info: src/Effect4/Laws/Program/Agreement/Machine.lean:1943:0: Effect4.Program.Agreement.M1Quiet: 0 open, 1 proved, 1 total; ceiling 0
ℹ [340/359] Replayed Effect4.Laws.Machine.Handles
info: src/Effect4/Laws/Machine/Handles.lean:6750:0: Effect4.Machine.M1.Handles: 0 open, 9 proved, 9 total; ceiling 0
info: src/Effect4/Laws/Machine/Handles.lean:6751:0: Effect4.Machine.M1.DeferredWanted: 0 open, 1 proved, 1 total; ceiling 0
info: src/Effect4/Laws/Machine/Handles.lean:6752:0: Effect4.Machine.M1Origin: 0 open, 9 proved, 9 total; ceiling 0
ℹ [343/359] Replayed Effect4.Laws.Program.Folds.Ty
info: src/Effect4/Laws/Program/Folds/Ty.lean:23:0: fold_of: Effect4.Program.Ty.renderRaw.eq_cata : ∀ (a : Ty), a.renderRaw = cata_ty Ty.renderRaw.alg a
info: src/Effect4/Laws/Program/Folds/Ty.lean:23:0: fold_of: Effect4.Program.Ty.renderRaw.alg : TyAlgebra fun fam => TyFam.rec String fam
info: src/Effect4/Laws/Program/Folds/Ty.lean:24:0: fold_of: Effect4.Program.Ty.members.eq_cata : ∀ (a : Ty), a.members = (cata_ty Ty.members.alg a).snd
info: src/Effect4/Laws/Program/Folds/Ty.lean:24:0: fold_of (paramorphism: the carrier pairs the value): Effect4.Program.Ty.members.alg : TyAlgebra fun fam =>
  TyFam.rec (Ty × List Ty) fam
info: src/Effect4/Laws/Program/Folds/Ty.lean:25:0: fold_of: Effect4.Program.Ty.key.eq_cata : ∀ (a : Ty), a.key = cata_ty Ty.key.alg a
info: src/Effect4/Laws/Program/Folds/Ty.lean:25:0: fold_of: Effect4.Program.Ty.key.alg : TyAlgebra fun fam => TyFam.rec (List Nat) fam
info: src/Effect4/Laws/Program/Folds/Ty.lean:26:0: fold_of: Effect4.Program.Ty.isNever.eq_cata : ∀ (a : Ty), a.isNever = cata_ty Ty.isNever.alg a
info: src/Effect4/Laws/Program/Folds/Ty.lean:26:0: fold_of: Effect4.Program.Ty.isNever.alg : TyAlgebra fun fam => TyFam.rec Bool fam
info: src/Effect4/Laws/Program/Folds/Ty.lean:27:0: fold_of: Effect4.Program.Ty.isMember.eq_cata : ∀ (a : Ty), a.isMember = cata_ty Ty.isMember.alg a
info: src/Effect4/Laws/Program/Folds/Ty.lean:27:0: fold_of: Effect4.Program.Ty.isMember.alg : TyAlgebra fun fam => TyFam.rec Bool fam
info: src/Effect4/Laws/Program/Folds/Ty.lean:28:0: fold_of: Effect4.Program.Ty.normalize.eq_cata : ∀ (a : Ty), a.normalize = cata_ty Ty.normalize.alg a
info: src/Effect4/Laws/Program/Folds/Ty.lean:28:0: fold_of: Effect4.Program.Ty.normalize.alg : TyAlgebra fun fam => TyFam.rec Ty fam
info: src/Effect4/Laws/Program/Folds/Ty.lean:29:0: fold_of: Effect4.Program.isTagTy.eq_cata : ∀ (a : Ty), isTagTy a = cata_ty isTagTy.alg a
info: src/Effect4/Laws/Program/Folds/Ty.lean:29:0: fold_of: Effect4.Program.isTagTy.alg : TyAlgebra fun fam => TyFam.rec Bool fam
info: src/Effect4/Laws/Program/Folds/Ty.lean:30:0: fold_of: Effect4.Program.rawSupportedErrTy.eq_cata : ∀ (a : Ty),
  rawSupportedErrTy a = (cata_ty rawSupportedErrTy.alg a).snd
info: src/Effect4/Laws/Program/Folds/Ty.lean:30:0: fold_of (paramorphism: the carrier pairs the value): Effect4.Program.rawSupportedErrTy.alg : TyAlgebra fun fam =>
  TyFam.rec (Ty × Bool) fam
info: src/Effect4/Laws/Program/Folds/Ty.lean:31:0: fold_of: Effect4.Program.NativeAtom.projectProduct.eq_cata : ∀ (second : Bool) (a : Ty),
  NativeAtom.projectProduct second a = (cata_ty (NativeAtom.projectProduct.alg second) a).snd
info: src/Effect4/Laws/Program/Folds/Ty.lean:31:0: fold_of (paramorphism: the carrier pairs the value): Effect4.Program.NativeAtom.projectProduct.alg : Bool →
  TyAlgebra fun fam => TyFam.rec (Ty × Option Ty) fam
info: src/Effect4/Laws/Program/Folds/Ty.lean:32:0: fold_of: Effect4.Program.findInt.eq_cata : ∀ (pos : Path) (a : Ty), findInt pos a = cata_ty findInt.alg a pos
info: src/Effect4/Laws/Program/Folds/Ty.lean:32:0: fold_of: Effect4.Program.findInt.alg : TyAlgebra fun fam => TyFam.rec (Path → Option Path) fam
info: src/Effect4/Laws/Program/Folds/Ty.lean:33:0: fold_of: Effect4.Program.Val.hasTy.eq_cata : ∀ (v : Machine.Val) (ty : Ty) (allocated : optParam (List String) []),
  Val.hasTy v ty allocated = (cata_ty Val.hasTy.alg ty).snd v allocated
info: src/Effect4/Laws/Program/Folds/Ty.lean:33:0: fold_of (paramorphism: the carrier pairs the value): Effect4.Program.Val.hasTy.alg : TyAlgebra fun fam =>
  TyFam.rec (Ty × (Machine.Val → List String → Bool)) fam
info: src/Effect4/Laws/Program/Folds/Ty.lean:34:0: fold_of: Effect4.Schema.Bridge.schema.eq_cata : ∀ (a : Ty), Schema.Bridge.schema a = cata_ty Schema.Bridge.schema.alg a
info: src/Effect4/Laws/Program/Folds/Ty.lean:34:0: fold_of: Effect4.Schema.Bridge.schema.alg : TyAlgebra fun fam => TyFam.rec Representation fam
info: src/Effect4/Laws/Program/Folds/Ty.lean:35:0: fold_of: Effect4.Schema.Codec.layout.eq_cata : ∀ (a : Ty),
  Schema.Codec.layout a = (cata_ty Schema.Codec.layout.alg a).snd
info: src/Effect4/Laws/Program/Folds/Ty.lean:35:0: fold_of (paramorphism: the carrier pairs the value): Effect4.Schema.Codec.layout.alg : TyAlgebra fun fam =>
  TyFam.rec (Ty × Ty) fam
info: src/Effect4/Laws/Program/Folds/Ty.lean:36:0: fold_of: Effect4.Schema.Codec.isSupported.eq_cata : ∀ (a : Ty),
  Schema.Codec.isSupported a = cata_ty Schema.Codec.isSupported.alg a
info: src/Effect4/Laws/Program/Folds/Ty.lean:36:0: fold_of: Effect4.Schema.Codec.isSupported.alg : TyAlgebra fun fam => TyFam.rec Bool fam
info: src/Effect4/Laws/Program/Folds/Ty.lean:37:0: fold_of: Effect4.Schema.Codec.encodeRaw.eq_cata : ∀ (a : Ty) (a_1 : Machine.Val),
  Schema.Codec.encodeRaw a a_1 = (cata_ty Schema.Codec.encodeRaw.alg a).snd a_1
info: src/Effect4/Laws/Program/Folds/Ty.lean:37:0: fold_of (paramorphism: the carrier pairs the value): Effect4.Schema.Codec.encodeRaw.alg : TyAlgebra fun fam =>
  TyFam.rec (Ty × (Machine.Val → Option Json)) fam
info: src/Effect4/Laws/Program/Folds/Ty.lean:38:0: fold_of: Effect4.Schema.Codec.decodeRaw.eq_cata : ∀ (a : Ty) (a_1 : Json),
  Schema.Codec.decodeRaw a a_1 = (cata_ty Schema.Codec.decodeRaw.alg a).snd a_1
info: src/Effect4/Laws/Program/Folds/Ty.lean:38:0: fold_of (paramorphism: the carrier pairs the value): Effect4.Schema.Codec.decodeRaw.alg : TyAlgebra fun fam =>
  TyFam.rec (Ty × (Json → Option Machine.Val)) fam
ℹ [355/359] Replayed Effect4.Laws.Program.Typed.State
info: src/Effect4/Laws/Program/Typed/State.lean:21:0: 85 positions from 4 roots, 86 source rows
  11	owner
  9	custom
  5	exit
  3	column
  6	journal
  51	hook
  refused	Effect4.Machine.Stores.externals	external rows are the table-aware slice (DI-57); the reference parks them forever
ℹ [357/359] Replayed Effect4.Laws.Program.Typed.World
info: src/Effect4/Laws/Program/Typed/World.lean:782:0: Effect4.Program.Typed.WorldControlWanted: 0 open, 5 proved, 5 total; ceiling 0
info: src/Effect4/Laws/Program/Typed/World.lean:783:0: Effect4.Program.Typed.WorldWanted: 0 open, 20 proved, 20 total; ceiling 0
ℹ [358/359] Replayed Test.Counterexamples.Machine.Semantics.InterruptEscape
info: Test/Counterexamples/Machine/Semantics/InterruptEscape.lean:99:0: 'Test.Counterexamples.InterruptEscape.escaped_exit_does_not_fit' depends on axioms: [propext, Quot.sound]
info: Test/Counterexamples/Machine/Semantics/InterruptEscape.lean:100:0: 'Test.Counterexamples.InterruptEscape.escaped_exit_fits_region' depends on axioms: [propext, Quot.sound]
ℹ [359/359] Replayed Test.Audit.RuntimeCoverage
info: Test/Audit/RuntimeCoverage.lean:1226:0: Effect v4 runtime coverage: 137 census rows; 2 excluded by disposition; denominator 135; owned-with-green 8/135; green 132, partial 2, absent 0, diverged 1
info: Test/Audit/RuntimeCoverage.lean:1226:0: partial rows: [op.Failure, layer.launch-holds-scope]
info: Test/Audit/RuntimeCoverage.lean:1226:0: absent rows: []
info: Test/Audit/RuntimeCoverage.lean:1227:0: Effect v4 runtime coverage: 137 census rows; 2 excluded by disposition; denominator 135; owned-with-green 8/135; green 132, partial 2, absent 0, diverged 1
info: Test/Audit/RuntimeCoverage.lean:1227:0: partial rows: [op.Failure, layer.launch-holds-scope]
info: Test/Audit/RuntimeCoverage.lean:1227:0: absent rows: []
info: Test/Audit/RuntimeCoverage.lean:1227:0: E4RTCOV	row	op.Success	op	separateCalculus	green	5
E4RTCOV	row	op.Failure	op	separateCalculus	partial	4
E4RTCOV	row	op.WithFiber	op	foreignBoundary	green	2
E4RTCOV	row	op.YieldableError	op	foreignBoundary	green	2
E4RTCOV	row	op.Sync	op	separateCalculus	green	8
E4RTCOV	row	op.Suspend	op	separateCalculus	green	1
E4RTCOV	row	op.Yield	op	separateCalculus	green	1
E4RTCOV	row	op.Async	op	separateCalculus	green	3
E4RTCOV	row	op.AsyncFinalizer	op	separateCalculus	green	6
E4RTCOV	row	op.Iterator	op	separateCalculus	green	6
E4RTCOV	row	op.OnSuccess	op	separateCalculus	green	7
E4RTCOV	row	op.OnFailure	op	separateCalculus	green	3
E4RTCOV	row	op.OnSuccessAndFailure	op	separateCalculus	green	4
E4RTCOV	row	op.Exit	op	separateCalculus	green	5
E4RTCOV	row	op.OnExit	op	separateCalculus	green	12
E4RTCOV	row	op.SetInterruptible	op	separateCalculus	green	9
E4RTCOV	row	op.While	op	separateCalculus	green	4
E4RTCOV	row	frame-arm.OnSuccess	frame-arm	separateCalculus	green	8
E4RTCOV	row	frame-arm.OnFailure	frame-arm	separateCalculus	green	3
E4RTCOV	row	frame-arm.OnSuccessAndFailure	frame-arm	separateCalculus	green	2
E4RTCOV	row	frame-arm.Exit	frame-arm	separateCalculus	green	2
E4RTCOV	row	frame-arm.OnExit	frame-arm	owned	green	7
E4RTCOV	row	frame-arm.SetInterruptible	frame-arm	owned	green	7
E4RTCOV	row	frame-arm.AsyncFinalizer	frame-arm	separateCalculus	green	2
E4RTCOV	row	frame-arm.While	frame-arm	separateCalculus	green	3
E4RTCOV	row	frame-arm.Iterator	frame-arm	separateCalculus	green	3
E4RTCOV	row	checkpoint.runloop-top	checkpoint	separateCalculus	green	4
E4RTCOV	row	checkpoint.getcont-deferred	checkpoint	separateCalculus	green	8
E4RTCOV	row	checkpoint.post-yield-cancel	checkpoint	separateCalculus	green	5
E4RTCOV	row	checkpoint.exit-failcause-skip	checkpoint	divergence	diverged	5
E4RTCOV	row	checkpoint.set-fiber-interruptible	checkpoint	owned	green	6
E4RTCOV	row	checkpoint.set-interruptible-contall	checkpoint	separateCalculus	green	4
E4RTCOV	row	interrupt.unsafe-entry	interrupt	owned	green	5
E4RTCOV	row	interrupt.accumulate	interrupt	separateCalculus	green	6
E4RTCOV	row	fork.unsafe	fork	separateCalculus	green	6
E4RTCOV	row	fork.child	fork	separateCalculus	green	15
E4RTCOV	row	fork.detach	fork	separateCalculus	green	8
E4RTCOV	row	fork.in	fork	separateCalculus	green	11
E4RTCOV	row	fork.scoped	fork	separateCalculus	green	4
E4RTCOV	row	fork.race-all	fork	separateCalculus	green	33
E4RTCOV	row	fork.await-all-children	fork	separateCalculus	green	13
E4RTCOV	row	fork.fiber-run-in	fork	separateCalculus	green	7
E4RTCOV	row	fork.join	fork	owned	green	5
E4RTCOV	row	fork.await	fork	separateCalculus	green	5
E4RTCOV	row	fork.interrupt	fork	separateCalculus	green	14
E4RTCOV	row	fork.interrupt-all	fork	separateCalculus	green	11
E4RTCOV	row	scope.states	scope	separateCalculus	green	19
E4RTCOV	row	scope.make	scope	separateCalculus	green	7
E4RTCOV	row	scope.add-finalizer	scope	separateCalculus	green	13
E4RTCOV	row	scope.add-after-closed	scope	owned	green	6
E4RTCOV	row	scope.remove-finalizer	scope	separateCalculus	green	10
E4RTCOV	row	scope.close-state-first	scope	separateCalculus	green	12
E4RTCOV	row	scope.close-lifo	scope	separateCalculus	green	7
E4RTCOV	row	scope.close-sequential	scope	separateCalculus	green	9
E4RTCOV	row	scope.close-parallel	scope	separateCalculus	green	9
E4RTCOV	row	scope.close-merge	scope	separateCalculus	green	11
E4RTCOV	row	scope.exit-as-void-all	scope	separateCalculus	green	4
E4RTCOV	row	scope.fork-linkage	scope	separateCalculus	green	10
E4RTCOV	row	scope.scoped	scope	separateCalculus	green	15
E4RTCOV	row	scope.acquire-release	scope	owned	green	14
E4RTCOV	row	scheduler.should-yield	scheduler	separateCalculus	green	3
E4RTCOV	row	scheduler.priority-buckets	scheduler	separateCalculus	green	3
E4RTCOV	row	scheduler.dispatcher-arming	scheduler	separateCalculus	green	6
E4RTCOV	row	scheduler.run-tasks-drain-once	scheduler	separateCalculus	green	4
E4RTCOV	row	scheduler.flush	scheduler	separateCalculus	green	3
E4RTCOV	row	scheduler.yield-now-resume-guard	scheduler	separateCalculus	green	4
E4RTCOV	row	scheduler.max-ops-default	scheduler	separateCalculus	green	1
E4RTCOV	row	scheduler.prevent-yield-default	scheduler	separateCalculus	green	2
E4RTCOV	row	scheduler.host-loop	scheduler	targetOnly	absent	0
E4RTCOV	row	exit.success-failure	exit	separateCalculus	green	14
E4RTCOV	row	exit.reason-alphabet	exit	separateCalculus	green	5
E4RTCOV	row	cause.flat-reasons	cause	separateCalculus	green	4
E4RTCOV	row	cause.reason-fail	cause	separateCalculus	green	3
E4RTCOV	row	cause.reason-die	cause	separateCalculus	green	3
E4RTCOV	row	cause.reason-interrupt	cause	separateCalculus	green	3
E4RTCOV	row	cause.combine-union	cause	separateCalculus	green	5
E4RTCOV	row	cause.finalizer-merge	cause	separateCalculus	green	4
E4RTCOV	row	cause.squash	cause	separateCalculus	green	5
E4RTCOV	row	cause.union-first-occurrence	cause	separateCalculus	green	4
E4RTCOV	row	cause.dedupe-first-occurrence	cause	separateCalculus	green	4
E4RTCOV	row	cause.annotations	cause	foreignBoundary	green	6
E4RTCOV	row	entry.run-fork-with	entry	separateCalculus	green	1
E4RTCOV	row	entry.abort-signal	entry	separateCalculus	green	1
E4RTCOV	row	entry.run-callback-with	entry	separateCalculus	green	2
E4RTCOV	row	entry.run-promise-exit-with	entry	separateCalculus	green	1
E4RTCOV	row	entry.run-promise-with	entry	separateCalculus	green	1
E4RTCOV	row	entry.run-sync-exit-with	entry	separateCalculus	green	5
E4RTCOV	row	entry.async-fiber-error	entry	separateCalculus	green	2
E4RTCOV	row	entry.with-error-reporting	entry	targetOnly	absent	0
E4RTCOV	row	rule.frames-are-primitives	rule	separateCalculus	green	42
E4RTCOV	row	rule.interrupt-bypasses-handlers	rule	separateCalculus	green	4
E4RTCOV	row	rule.yield-is-overloaded	rule	separateCalculus	green	3
E4RTCOV	row	rule.only-fork-child-tracks	rule	separateCalculus	green	9
E4RTCOV	row	rule.children-interrupted-after-exit	rule	separateCalculus	green	9
E4RTCOV	row	rule.scope-close-lifo-state-first	rule	separateCalculus	green	5
E4RTCOV	row	rule.cause-has-no-structure	rule	separateCalculus	green	4
E4RTCOV	row	rule.start-is-asymmetric	rule	separateCalculus	green	2
E4RTCOV	row	rule.record-and-apply-separate	rule	owned	green	4
E4RTCOV	row	rule.budget-per-runloop-entry	rule	separateCalculus	green	7
E4RTCOV	row	ref.make	ref	separateCalculus	green	2
E4RTCOV	row	ref.get	ref	separateCalculus	green	2
E4RTCOV	row	ref.set-void-returns-cell	ref	separateCalculus	green	2
E4RTCOV	row	ref.cell-set-returns-self	ref	separateCalculus	green	1
E4RTCOV	row	ref.get-and-set	ref	separateCalculus	green	1
E4RTCOV	row	ref.set-and-get-assignment	ref	separateCalculus	green	1
E4RTCOV	row	ref.update	ref	separateCalculus	green	2
E4RTCOV	row	ref.modify	ref	separateCalculus	green	1
E4RTCOV	row	ref.modify-some-no-reread	ref	derivedExpansion	green	2
E4RTCOV	row	ref.update-some-and-get-reread	ref	separateCalculus	green	1
E4RTCOV	row	deferred.make	deferred	separateCalculus	green	1
E4RTCOV	row	deferred.is-done	deferred	separateCalculus	green	1
E4RTCOV	row	deferred.await	deferred	separateCalculus	green	3
E4RTCOV	row	deferred.single-completion	deferred	separateCalculus	green	1
E4RTCOV	row	deferred.completion-order	deferred	separateCalculus	green	2
E4RTCOV	row	deferred.complete-with-stores-effect	deferred	separateCalculus	green	2
E4RTCOV	row	deferred.done-is-complete-with	deferred	derivedExpansion	green	2
E4RTCOV	row	deferred.complete-runs-once	deferred	derivedExpansion	green	1
E4RTCOV	row	deferred.into-uninterruptible	deferred	separateCalculus	green	1
E4RTCOV	row	deferred.interrupt	deferred	derivedExpansion	green	1
E4RTCOV	row	deferred.interrupt-with	deferred	derivedExpansion	green	1
E4RTCOV	row	deferred.poll	deferred	separateCalculus	green	1
E4RTCOV	row	layer.from-build-unsafe	layer	separateCalculus	green	1
E4RTCOV	row	layer.from-build-child-scope	layer	separateCalculus	green	4
E4RTCOV	row	layer.build-with-memo-map-service	layer	separateCalculus	green	5
E4RTCOV	row	layer.memo-build-once	layer	separateCalculus	green	7
E4RTCOV	row	layer.memo-finalizer-last-observer	layer	separateCalculus	green	6
E4RTCOV	row	layer.memo-reuse-observer-count	layer	separateCalculus	green	3
E4RTCOV	row	layer.memo-map-parent-lookup	layer	separateCalculus	green	2
E4RTCOV	row	layer.memo-get-or-else	layer	separateCalculus	green	5
E4RTCOV	row	layer.current-memo-map-fork-or-create	layer	separateCalculus	green	4
E4RTCOV	row	layer.build-uses-ambient-scope	layer	separateCalculus	green	5
E4RTCOV	row	layer.build-with-scope-still-forks-memo	layer	separateCalculus	green	3
E4RTCOV	row	layer.merge-parallel-scopes	layer	separateCalculus	green	14
E4RTCOV	row	layer.provide-dependency-first	layer	separateCalculus	green	9
E4RTCOV	row	layer.fresh-drops-memoization	layer	separateCalculus	green	2
E4RTCOV	row	layer.launch-holds-scope	layer	separateCalculus	partial	2
E4RTCOV	row	layer.provide-effect-scope	layer	separateCalculus	green	10
E4RTCOV	witness	op.Success	Effect4.FrameFiber.getCont_empty_stack
E4RTCOV	witness	op.Success	Effect4.FrameFiber.resumeValue_empty
E4RTCOV	witness	op.Success	Effect4.FrameFiber.resumeValue_frame
E4RTCOV	witness	op.Success	Effect4.FrameFiber.step_success
E4RTCOV	witness	op.Success	Effect4.FrameFiber.step_ofExit_finishes
E4RTCOV	witness	op.Failure	Effect4.FrameFiber.interrupt_skips_every_handler
E4RTCOV	witness	op.Failure	Effect4.FrameFiber.resumeCause_empty
E4RTCOV	witness	op.Failure	Effect4.FrameFiber.resumeCause_frame
E4RTCOV	witness	op.Failure	Effect4.FrameFiber.step_failure
E4RTCOV	witness	op.WithFiber	Effect4.FrameFiber.step_withFiber
E4RTCOV	witness	op.WithFiber	Effect4.Prim.withFiber_refused
E4RTCOV	witness	op.YieldableError	Effect4.FrameFiber.step_yieldableError
E4RTCOV	witness	op.YieldableError	Effect4.Prim.yieldableError_host_class_refused
E4RTCOV	witness	op.Sync	Effect4.FrameFiber.step_sync
E4RTCOV	witness	op.Sync	Effect4.Machine.evaluatePrim_sync_answers
E4RTCOV	witness	op.Sync	Effect4.Machine.evaluatePrim_sync_pure
E4RTCOV	witness	op.Sync	Effect4.Machine.settle_answered
E4RTCOV	witness	op.Sync	Effect4.Machine.drive_loop_answered
E4RTCOV	witness	op.Sync	Effect4.Machine.drive_deliver
E4RTCOV	witness	op.Sync	Effect4.Machine.Witnesses.w13_completion_pop_sees_the_waiter_interrupt
E4RTCOV	witness	op.Sync	Effect4.Machine.Witnesses.w13_sync_meets_the_finalizer_program
E4RTCOV	witness	op.Suspend	Effect4.FrameFiber.step_suspend
E4RTCOV	witness	op.Yield	Effect4.Machine.evaluatePrim_yieldNowWith
E4RTCOV	witness	op.Async	Effect4.FrameFiber.step_async_frontier
E4RTCOV	witness	op.Async	Effect4.Machine.evaluatePrim_async_immediate
E4RTCOV	witness	op.Async	Effect4.Machine.evaluatePrim_async_parks
E4RTCOV	witness	op.AsyncFinalizer	Effect4.Prim.armE_asyncFinalizer_interrupt
E4RTCOV	witness	op.AsyncFinalizer	Effect4.Prim.armE_asyncFinalizer_no_interrupt
E4RTCOV	witness	op.AsyncFinalizer	Effect4.FrameFiber.popFrom_asyncFinalizer_pops_its_push
E4RTCOV	witness	op.AsyncFinalizer	Effect4.Prim.ensure_asyncFinalizer_masks
E4RTCOV	witness	op.AsyncFinalizer	Effect4.Machine.withFiber_dropObservers
E4RTCOV	witness	op.AsyncFinalizer	Effect4.Machine.Witnesses.w14_join_cleanup_drops_the_observer
E4RTCOV	witness	op.Iterator	Effect4.Prim.armA_iterator_done
E4RTCOV	witness	op.Iterator	Effect4.Prim.armA_iterator_halt
E4RTCOV	witness	op.Iterator	Effect4.Prim.armA_iterator_resume
E4RTCOV	witness	op.Iterator	Effect4.Prim.iteratorFolded_eq
E4RTCOV	witness	op.Iterator	Effect4.Prim.iterator_folds_inline
E4RTCOV	witness	op.Iterator	Effect4.FrameFiber.step_iterator
E4RTCOV	witness	op.OnSuccess	Effect4.Prim.armA_onSuccess
E4RTCOV	witness	op.OnSuccess	Effect4.Prim.armA_onSuccessConst
E4RTCOV	witness	op.OnSuccess	Effect4.FrameFiber.step_onSuccessConst
E4RTCOV	witness	op.OnSuccess	Effect4.FrameFiber.resumeValue_onSuccessConst
E4RTCOV	witness	op.OnSuccess	Effect4.FrameFiber.step_success_onSuccessConst
E4RTCOV	witness	op.OnSuccess	Effect4.Prim.onSuccess_arm_is_per_instance
E4RTCOV	witness	op.OnSuccess	Effect4.FrameFiber.step_onSuccess
E4RTCOV	witness	op.OnFailure	Effect4.Prim.armE_onFailure
E4RTCOV	witness	op.OnFailure	Effect4.Prim.onFailure_arm_is_per_instance
E4RTCOV	witness	op.OnFailure	Effect4.FrameFiber.step_onFailure
E4RTCOV	witness	op.OnSuccessAndFailure	Effect4.Prim.armA_onSuccessAndFailure
E4RTCOV	witness	op.OnSuccessAndFailure	Effect4.Prim.armE_onSuccessAndFailure
E4RTCOV	witness	op.OnSuccessAndFailure	Effect4.Prim.onSuccessAndFailure_arms_are_per_instance
E4RTCOV	witness	op.OnSuccessAndFailure	Effect4.FrameFiber.step_onSuccessAndFailure
E4RTCOV	witness	op.Exit	Effect4.Prim.armA_exitFrame_provided
E4RTCOV	witness	op.Exit	Effect4.Prim.armA_exitFrame_none
E4RTCOV	witness	op.Exit	Effect4.Prim.armE_exitFrame_provided
E4RTCOV	witness	op.Exit	Effect4.Prim.armE_exitFrame_none
E4RTCOV	witness	op.Exit	Effect4.FrameFiber.step_exitFrame
E4RTCOV	witness	op.OnExit	Effect4.Prim.ensure_onExit_masks
E4RTCOV	witness	op.OnExit	Effect4.Prim.ensure_onExit_told_not_to
E4RTCOV	witness	op.OnExit	Effect4.Prim.ensure_onExit_already_masked
E4RTCOV	witness	op.OnExit	Effect4.Prim.armA_onExit
E4RTCOV	witness	op.OnExit	Effect4.Prim.armE_onExit
E4RTCOV	witness	op.OnExit	Effect4.Prim.onExit_finalizer_success_restores
E4RTCOV	witness	op.OnExit	Effect4.Prim.onExit_finalizer_failure_merges
E4RTCOV	witness	op.OnExit	Effect4.Prim.onExit_success_finalizer_failure
E4RTCOV	witness	op.OnExit	Effect4.Prim.finalizerEvents_onExit
E4RTCOV	witness	op.OnExit	Effect4.Prim.finalizerEvents_onSuccess
E4RTCOV	witness	op.OnExit	Effect4.Prim.finalizerEvents_onFailure
E4RTCOV	witness	op.OnExit	Effect4.FrameFiber.step_onExit
E4RTCOV	witness	op.SetInterruptible	Effect4.Prim.arms_setInterruptible
E4RTCOV	witness	op.SetInterruptible	Effect4.Prim.ensure_setInterruptible_flag
E4RTCOV	witness	op.SetInterruptible	Effect4.Prim.ensure_setInterruptible_stack
E4RTCOV	witness	op.SetInterruptible	Effect4.Prim.ensure_setInterruptible_substitutes
E4RTCOV	witness	op.SetInterruptible	Effect4.Prim.ensure_setInterruptible_false_no_replacement
E4RTCOV	witness	op.SetInterruptible	Effect4.Prim.ensure_setInterruptible_no_pending
E4RTCOV	witness	op.SetInterruptible	Effect4.Prim.armA_setInterruptible_none
E4RTCOV	witness	op.SetInterruptible	Effect4.Prim.armE_setInterruptible_none
E4RTCOV	witness	op.SetInterruptible	Effect4.FrameFiber.step_setInterruptible_not_evaluable
E4RTCOV	witness	op.While	Effect4.Prim.armA_whileLoop_continue
E4RTCOV	witness	op.While	Effect4.Prim.armA_whileLoop_stop
E4RTCOV	witness	op.While	Effect4.FrameFiber.step_whileLoop_true
E4RTCOV	witness	op.While	Effect4.FrameFiber.step_whileLoop_false
E4RTCOV	witness	frame-arm.OnSuccess	Effect4.Prim.arms_onSuccess
E4RTCOV	witness	frame-arm.OnSuccess	Effect4.Prim.arms_onSuccessConst
E4RTCOV	witness	frame-arm.OnSuccess	Effect4.Prim.ensure_onSuccessConst
E4RTCOV	witness	frame-arm.OnSuccess	Effect4.Prim.armE_onSuccessConst_none
E4RTCOV	witness	frame-arm.OnSuccess	Effect4.Prim.armA_isSome
E4RTCOV	witness	frame-arm.OnSuccess	Effect4.Prim.armE_isSome
E4RTCOV	witness	frame-arm.OnSuccess	Effect4.Prim.armE_onSuccess_none
E4RTCOV	witness	frame-arm.OnSuccess	Effect4.Prim.onSuccess_arm_is_per_instance
E4RTCOV	witness	frame-arm.OnFailure	Effect4.Prim.arms_onFailure
E4RTCOV	witness	frame-arm.OnFailure	Effect4.Prim.armA_onFailure_none
E4RTCOV	witness	frame-arm.OnFailure	Effect4.Prim.onFailure_arm_is_per_instance
E4RTCOV	witness	frame-arm.OnSuccessAndFailure	Effect4.Prim.arms_onSuccessAndFailure
E4RTCOV	witness	frame-arm.OnSuccessAndFailure	Effect4.Prim.onSuccessAndFailure_arms_are_per_instance
E4RTCOV	witness	frame-arm.Exit	Effect4.Prim.arms_exitFrame
E4RTCOV	witness	frame-arm.Exit	Effect4.Prim.ensure_of_no_contAll
E4RTCOV	witness	frame-arm.OnExit	Effect4.Prim.arms_onExit
E4RTCOV	witness	frame-arm.OnExit	Effect4.Prim.ensure_onExit_masks
E4RTCOV	witness	frame-arm.OnExit	Effect4.Prim.ensure_onExit_told_not_to
E4RTCOV	witness	frame-arm.OnExit	Effect4.Prim.ensure_onExit_already_masked
E4RTCOV	witness	frame-arm.OnExit	Effect4.Prim.ensure_onExit_no_replacement
E4RTCOV	witness	frame-arm.OnExit	Effect4.Prim.onExit_arm_is_per_frame
E4RTCOV	witness	frame-arm.OnExit	Effect4.Machine.Witnesses.w13_sync_meets_the_finalizer_program
E4RTCOV	witness	frame-arm.SetInterruptible	Effect4.Prim.arms_setInterruptible
E4RTCOV	witness	frame-arm.SetInterruptible	Effect4.Prim.ensure_setInterruptible_substitutes
E4RTCOV	witness	frame-arm.SetInterruptible	Effect4.Prim.answerOf_replacement
E4RTCOV	witness	frame-arm.SetInterruptible	Effect4.Prim.armA_setInterruptible_none
E4RTCOV	witness	frame-arm.SetInterruptible	Effect4.Prim.armE_setInterruptible_none
E4RTCOV	witness	frame-arm.SetInterruptible	Effect4.FrameFiber.resumeValue_replacement
E4RTCOV	witness	frame-arm.SetInterruptible	Effect4.FrameFiber.resumeCause_replacement
E4RTCOV	witness	frame-arm.AsyncFinalizer	Effect4.Prim.arms_asyncFinalizer
E4RTCOV	witness	frame-arm.AsyncFinalizer	Effect4.Prim.hasArm_asyncFinalizer_contA_false
E4RTCOV	witness	frame-arm.While	Effect4.Prim.arms_whileLoop
E4RTCOV	witness	frame-arm.While	Effect4.Prim.armE_whileLoop_none
E4RTCOV	witness	frame-arm.While	Effect4.FrameFiber.step_whileLoop_true
E4RTCOV	witness	frame-arm.Iterator	Effect4.Prim.arms_iterator
E4RTCOV	witness	frame-arm.Iterator	Effect4.Prim.armE_iterator_none
E4RTCOV	witness	frame-arm.Iterator	Effect4.FrameFiber.step_iterator
E4RTCOV	witness	checkpoint.runloop-top	Effect4.Machine.runloopTop_deferred
E4RTCOV	witness	checkpoint.runloop-top	Effect4.Machine.runloopTop_idle
E4RTCOV	witness	checkpoint.runloop-top	Effect4.Machine.runloopTop_clears
E4RTCOV	witness	checkpoint.runloop-top	Effect4.Machine.iteration_evaluates
E4RTCOV	witness	checkpoint.getcont-deferred	Effect4.FrameFiber.pendingCause_some
E4RTCOV	witness	checkpoint.getcont-deferred	Effect4.FrameFiber.pendingCause_none
E4RTCOV	witness	checkpoint.getcont-deferred	Effect4.FrameFiber.getCont_deferred
E4RTCOV	witness	checkpoint.getcont-deferred	Effect4.FrameFiber.getCont_deferred_pops_nothing
E4RTCOV	witness	checkpoint.getcont-deferred	Effect4.FrameFiber.getCont_skip_clears_deferred
E4RTCOV	witness	checkpoint.getcont-deferred	Effect4.FrameFiber.resumeValue_deferred
E4RTCOV	witness	checkpoint.getcont-deferred	Effect4.FrameFiber.resumeCause_deferred
E4RTCOV	witness	checkpoint.getcont-deferred	Effect4.Machine.Witnesses.w13_completion_pop_sees_the_waiter_interrupt
E4RTCOV	witness	checkpoint.post-yield-cancel	Effect4.Machine.interruptRecord_parked_applies
E4RTCOV	witness	checkpoint.post-yield-cancel	Effect4.Prim.armE_asyncFinalizer_interrupt
E4RTCOV	witness	checkpoint.post-yield-cancel	Effect4.FrameFiber.popFrom_asyncFinalizer_pops_its_push
E4RTCOV	witness	checkpoint.post-yield-cancel	Effect4.Machine.Witnesses.w14_join_cleanup_drops_the_observer
E4RTCOV	witness	checkpoint.post-yield-cancel	Effect4.Machine.Witnesses.w3_host_interrupt_cancels_entrants
E4RTCOV	divergence	checkpoint.exit-failcause-skip	U-01	Test/Counterexamples/Machine/Semantics/InterruptEscape.lean
E4RTCOV	witness	checkpoint.exit-failcause-skip	Effect4.Cause.sanitize_clean
E4RTCOV	witness	checkpoint.exit-failcause-skip	Effect4.Program.Sched.walkExit_preempted
E4RTCOV	witness	checkpoint.exit-failcause-skip	Effect4.FrameFiber.popFrom_continue_answer
E4RTCOV	witness	checkpoint.exit-failcause-skip	Effect4.FrameFiber.getCont_skip_of_no_pending_cause
E4RTCOV	witness	checkpoint.exit-failcause-skip	Effect4.FrameFiber.interrupt_skips_every_handler
E4RTCOV	witness	checkpoint.set-fiber-interruptible	Effect4.FrameFiber.setFiberInterruptible_flag
E4RTCOV	witness	checkpoint.set-fiber-interruptible	Effect4.FrameFiber.setFiberInterruptible_pushes
E4RTCOV	witness	checkpoint.set-fiber-interruptible	Effect4.FrameFiber.setFiberInterruptible_immediate_failure
E4RTCOV	witness	checkpoint.set-fiber-interruptible	Effect4.FrameFiber.setFiberInterruptible_no_pending
E4RTCOV	witness	checkpoint.set-fiber-interruptible	Effect4.FrameFiber.interruptibleRegion_already
E4RTCOV	witness	checkpoint.set-fiber-interruptible	Effect4.FrameFiber.interruptibleRegion_masked
E4RTCOV	witness	checkpoint.set-interruptible-contall	Effect4.Prim.ensure_setInterruptible_substitutes
E4RTCOV	witness	checkpoint.set-interruptible-contall	Effect4.Prim.answerOf_replacement
E4RTCOV	witness	checkpoint.set-interruptible-contall	Effect4.FrameFiber.resumeValue_replacement
E4RTCOV	witness	checkpoint.set-interruptible-contall	Effect4.FrameFiber.resumeCause_replacement
E4RTCOV	witness	interrupt.unsafe-entry	Effect4.Machine.interruptRecord_exited
E4RTCOV	witness	interrupt.unsafe-entry	Effect4.Machine.interruptRecord_records
E4RTCOV	witness	interrupt.unsafe-entry	Effect4.Machine.interruptRecord_running_defers
E4RTCOV	witness	interrupt.unsafe-entry	Effect4.Machine.interruptRecord_idle_applies
E4RTCOV	witness	interrupt.unsafe-entry	Effect4.Machine.interruptRecord_masked
E4RTCOV	witness	interrupt.accumulate	Effect4.Supervision.interruptCause_eq
E4RTCOV	witness	interrupt.accumulate	Effect4.Machine.interruptRecord_accumulates
E4RTCOV	witness	interrupt.accumulate	Effect4.Machine.interruptRecord_idle_applies
E4RTCOV	witness	interrupt.accumulate	Effect4.Machine.interruptRecord_running_defers
E4RTCOV	witness	interrupt.accumulate	Effect4.Machine.runloopTop_deferred
E4RTCOV	witness	interrupt.accumulate	Effect4.FrameFiber.pendingCause_some
E4RTCOV	witness	fork.unsafe	Effect4.Supervision.MaskMode.cases_receipt
E4RTCOV	witness	fork.unsafe	Effect4.Machine.spawn_eq
E4RTCOV	witness	fork.unsafe	Effect4.Machine.spawnChild_fields
E4RTCOV	witness	fork.unsafe	Effect4.Machine.spawn_untracked
E4RTCOV	witness	fork.unsafe	Effect4.Machine.drive_trackChild_live
E4RTCOV	witness	fork.unsafe	Effect4.Machine.drive_trackChild_exited
E4RTCOV	witness	fork.child	Effect4.Machine.exitFiber_eq
E4RTCOV	witness	fork.child	Effect4.Machine.exitFiber_no_middleware
E4RTCOV	witness	fork.child	Effect4.Machine.publish_fields
E4RTCOV	witness	fork.child	Effect4.Machine.cleared_fields
E4RTCOV	witness	fork.child	Effect4.Machine.exitStore_no_observers
E4RTCOV	witness	fork.child	Effect4.Machine.exitStore_observers
E4RTCOV	witness	fork.child	Effect4.Machine.drive_observe
E4RTCOV	witness	fork.child	Effect4.Machine.drive_exitDone
E4RTCOV	witness	fork.child	Effect4.Machine.fireObserver_resumeAwait
E4RTCOV	witness	fork.child	Effect4.Machine.stepDecision_installMiddleware
E4RTCOV	witness	fork.child	Effect4.Machine.withFiber_fork
E4RTCOV	witness	fork.child	Effect4.Machine.Witnesses.w1_deferred_join_child
E4RTCOV	witness	fork.child	Effect4.Machine.Witnesses.w1_deferred_start_is_a_task
E4RTCOV	witness	fork.child	Effect4.Machine.Witnesses.w5_middleware_interrupts_children
E4RTCOV	witness	fork.child	Effect4.Machine.drive_finish
E4RTCOV	witness	fork.detach	Effect4.Machine.spawn_untracked
E4RTCOV	witness	fork.detach	Effect4.Machine.spawnChild_fields
E4RTCOV	witness	fork.detach	Effect4.Machine.start_eq
E4RTCOV	witness	fork.detach	Effect4.Machine.exitFiber_no_children
E4RTCOV	witness	fork.detach	Effect4.Machine.exitInterruptChildren_eq
E4RTCOV	witness	fork.detach	Effect4.Machine.exitInterruptChildren_reenters
E4RTCOV	witness	fork.detach	Effect4.Machine.Witnesses.w5_fork_latches_the_middleware
E4RTCOV	witness	fork.detach	Effect4.Machine.Witnesses.w5_daemon_child_survives_parent_exit
E4RTCOV	witness	fork.in	Effect4.Supervision.ScopeMode.cases_receipt
E4RTCOV	witness	fork.in	Effect4.Machine.withFiber_forkIn
E4RTCOV	witness	fork.in	Effect4.Machine.linkScope_open
E4RTCOV	witness	fork.in	Effect4.Machine.linkScope_closed
E4RTCOV	witness	fork.in	Effect4.Machine.fireObserver_dropScopeFinalizer
E4RTCOV	witness	fork.in	Effect4.Machine.withFiber_closeScope
E4RTCOV	witness	fork.in	Effect4.Machine.Witnesses.w6_link_then_close
E4RTCOV	witness	fork.in	Effect4.Machine.Witnesses.w6_closed_scope_interrupts_now
E4RTCOV	witness	fork.in	Effect4.Machine.Witnesses.w6_child_exit_drops_key
E4RTCOV	witness	fork.in	Effect4.Machine.drive_link
E4RTCOV	witness	fork.in	Effect4.Machine.Witnesses.w6_deferred_child_is_linked
E4RTCOV	witness	fork.scoped	Effect4.Machine.withFiber_forkScoped_ambient
E4RTCOV	witness	fork.scoped	Effect4.Machine.withFiber_forkScoped_none
E4RTCOV	witness	fork.scoped	Effect4.Machine.withFiber_ambientScope
E4RTCOV	witness	fork.scoped	Effect4.Machine.withFiber_ambientScope_none
E4RTCOV	witness	fork.race-all	Effect4.Supervision.RaceAllState.initial_eq
E4RTCOV	witness	fork.race-all	Effect4.Supervision.raceComplete_unknown
E4RTCOV	witness	fork.race-all	Effect4.Supervision.raceComplete_after_accepted
E4RTCOV	witness	fork.race-all	Effect4.Supervision.raceComplete_success
E4RTCOV	witness	fork.race-all	Effect4.Supervision.raceComplete_failure_last
E4RTCOV	witness	fork.race-all	Effect4.Supervision.raceComplete_failure_pending
E4RTCOV	witness	fork.race-all	Effect4.Machine.withFiber_raceAll
E4RTCOV	witness	fork.race-all	Effect4.Machine.evaluatePrim_raceRegister
E4RTCOV	witness	fork.race-all	Effect4.Machine.launchEntrant_eq
E4RTCOV	witness	fork.race-all	Effect4.Machine.drive_launch_runs
E4RTCOV	witness	fork.race-all	Effect4.Machine.drive_enrollRace_live
E4RTCOV	witness	fork.race-all	Effect4.Machine.drive_enrollRace_exited
E4RTCOV	witness	fork.race-all	Effect4.Machine.drive_registrationDone_answered
E4RTCOV	witness	fork.race-all	Effect4.Machine.drive_registrationDone_parks
E4RTCOV	witness	fork.race-all	Effect4.Machine.drive_launch_done
E4RTCOV	witness	fork.race-all	Effect4.Machine.fireObserver_raceCallback_pending
E4RTCOV	witness	fork.race-all	Effect4.Machine.fireObserver_raceCallback_settles
E4RTCOV	witness	fork.race-all	Effect4.Machine.fireObserver_raceCallback_late
E4RTCOV	witness	fork.race-all	Effect4.Machine.resumePrim_continueWith
E4RTCOV	witness	fork.race-all	Effect4.Machine.Witnesses.w3_empty_is_a_frontier
E4RTCOV	witness	fork.race-all	Effect4.Machine.Witnesses.w3_empty_until_interrupted
E4RTCOV	witness	fork.race-all	Effect4.Machine.Witnesses.w3_immediate_success_stops_launch
E4RTCOV	witness	fork.race-all	Effect4.Machine.Witnesses.w3_failure_allows_next_launch
E4RTCOV	witness	fork.race-all	Effect4.Machine.Witnesses.w3_all_failures_retain_order
E4RTCOV	witness	fork.race-all	Effect4.Machine.settleRace_eq
E4RTCOV	witness	fork.race-all	Effect4.Machine.withFiber_cancelRace
E4RTCOV	witness	fork.race-all	Effect4.Machine.drive_raceCancel_nil
E4RTCOV	witness	fork.race-all	Effect4.Machine.drive_raceCancel_live
E4RTCOV	witness	fork.race-all	Effect4.Machine.drive_raceCancel_gone
E4RTCOV	witness	fork.race-all	Effect4.Machine.withFiber_cancelRace_unknown
E4RTCOV	witness	fork.race-all	Effect4.Machine.Witnesses.w3_host_interrupt_cancels_entrants
E4RTCOV	witness	fork.race-all	Effect4.Machine.Witnesses.w3_settle_interrupts_the_parked_loser
E4RTCOV	witness	fork.race-all	Effect4.Machine.drive_launch_exhausted
E4RTCOV	witness	fork.await-all-children	Effect4.Machine.withFiber_snapshotChildren
E4RTCOV	witness	fork.await-all-children	Effect4.Machine.withFiber_awaitNewChildren
E4RTCOV	witness	fork.await-all-children	Effect4.Machine.fireObserver_countdown_done
E4RTCOV	witness	fork.await-all-children	Effect4.Machine.fireObserver_countdown_next
E4RTCOV	witness	fork.await-all-children	Effect4.Machine.Witnesses.w5_await_all_children_awaits_only_new
E4RTCOV	witness	fork.await-all-children	Effect4.Machine.Witnesses.w12_awaitAll_answers_the_exits
E4RTCOV	witness	fork.await-all-children	Effect4.Machine.countdownWalk_nil
E4RTCOV	witness	fork.await-all-children	Effect4.Machine.countdownWalk_exited
E4RTCOV	witness	fork.await-all-children	Effect4.Machine.countdownWalk_live
E4RTCOV	witness	fork.await-all-children	Effect4.Machine.countdownPark_none_live
E4RTCOV	witness	fork.await-all-children	Effect4.Machine.countdownPark_parks
E4RTCOV	witness	fork.await-all-children	Effect4.Machine.Witnesses.w12_awaitAll_input_order
E4RTCOV	witness	fork.await-all-children	Effect4.Machine.Witnesses.w5_await_all_children_on_failure
E4RTCOV	witness	fork.fiber-run-in	Effect4.Supervision.ScopeMode.cases_receipt
E4RTCOV	witness	fork.fiber-run-in	Effect4.Machine.withFiber_runIn
E4RTCOV	witness	fork.fiber-run-in	Effect4.Machine.linkScope_closed
E4RTCOV	witness	fork.fiber-run-in	Effect4.Machine.linkScope_unknown
E4RTCOV	witness	fork.fiber-run-in	Effect4.Machine.linkScope_open
E4RTCOV	witness	fork.fiber-run-in	Effect4.Machine.linkScope_open_exited
E4RTCOV	witness	fork.fiber-run-in	Effect4.Machine.Witnesses.w6_runIn_closed_scope_uses_no_caller_annotations
E4RTCOV	witness	fork.join	Effect4.Supervision.ObserverMode.cases_receipt
E4RTCOV	witness	fork.join	Effect4.Machine.evaluatePrim_join_done
E4RTCOV	witness	fork.join	Effect4.Machine.evaluatePrim_join_live
E4RTCOV	witness	fork.join	Effect4.Machine.evaluatePrim_join_unknown
E4RTCOV	witness	fork.join	Effect4.Machine.Witnesses.w14_join_cleanup_drops_the_observer
E4RTCOV	witness	fork.await	Effect4.Supervision.ObserverMode.cases_receipt
E4RTCOV	witness	fork.await	Effect4.Machine.evaluatePrim_join_done
E4RTCOV	witness	fork.await	Effect4.Machine.evaluatePrim_join_live
E4RTCOV	witness	fork.await	Effect4.Machine.withFiber_dropObservers
E4RTCOV	witness	fork.await	Effect4.Machine.Witnesses.w14_join_cleanup_drops_the_observer
E4RTCOV	witness	fork.interrupt	Effect4.Supervision.interruptCause_eq
E4RTCOV	witness	fork.interrupt	Effect4.Machine.withFiber_interrupt
E4RTCOV	witness	fork.interrupt	Effect4.Machine.withFiber_interruptAs
E4RTCOV	witness	fork.interrupt	Effect4.Machine.withFiber_interruptAs_unknown
E4RTCOV	witness	fork.interrupt	Effect4.Machine.drive_afterInterrupt
E4RTCOV	witness	fork.interrupt	Effect4.Machine.asVoidCode_eq
E4RTCOV	witness	fork.interrupt	Effect4.Machine.awaitCode_join_exited
E4RTCOV	witness	fork.interrupt	Effect4.Machine.awaitCode_join_live
E4RTCOV	witness	fork.interrupt	Effect4.Machine.withFiber_interruptScoped_self
E4RTCOV	witness	fork.interrupt	Effect4.Machine.withFiber_interruptScoped_other
E4RTCOV	witness	fork.interrupt	Effect4.Machine.Witnesses.w2_delivered_at_unmask
E4RTCOV	witness	fork.interrupt	Effect4.Machine.Witnesses.w2_recorded_once
E4RTCOV	witness	fork.interrupt	Effect4.Machine.Witnesses.w2_masked_interrupt_does_not_apply
E4RTCOV	witness	fork.interrupt	Effect4.Machine.Witnesses.w6_self_interruptor_skipped
E4RTCOV	witness	fork.interrupt-all	Effect4.Machine.withFiber_interruptAll
E4RTCOV	witness	fork.interrupt-all	Effect4.Machine.drive_interruptTarget
E4RTCOV	witness	fork.interrupt-all	Effect4.Machine.drive_interruptTarget_unknown
E4RTCOV	witness	fork.interrupt-all	Effect4.Machine.awaitCode_awaitAll
E4RTCOV	witness	fork.interrupt-all	Effect4.Machine.evaluatePrim_awaitAllPark
E4RTCOV	witness	fork.interrupt-all	Effect4.Machine.interruptEach_nil
E4RTCOV	witness	fork.interrupt-all	Effect4.Machine.interruptEach_cons
E4RTCOV	witness	fork.interrupt-all	Effect4.Machine.interruptEach_known
E4RTCOV	witness	fork.interrupt-all	Effect4.Machine.fireObserver_countdown_done
E4RTCOV	witness	fork.interrupt-all	Effect4.Machine.fireObserver_countdown_next
E4RTCOV	witness	fork.interrupt-all	Effect4.Machine.countdownPark_parks
E4RTCOV	witness	scope.states	Effect4.ScopeState.cases_receipt
E4RTCOV	witness	scope.states	Effect4.ScopeState.entries_empty
E4RTCOV	witness	scope.states	Effect4.ScopeState.entries_openEmpty
E4RTCOV	witness	scope.states	Effect4.ScopeState.entries_openInline
E4RTCOV	witness	scope.states	Effect4.ScopeState.entries_openMap
E4RTCOV	witness	scope.states	Effect4.ScopeState.entries_closed
E4RTCOV	witness	scope.states	Effect4.ScopeState.isOpen_empty
E4RTCOV	witness	scope.states	Effect4.ScopeState.isOpen_openEmpty
E4RTCOV	witness	scope.states	Effect4.ScopeState.isOpen_openInline
E4RTCOV	witness	scope.states	Effect4.ScopeState.isOpen_openMap
E4RTCOV	witness	scope.states	Effect4.ScopeState.isOpen_closed
E4RTCOV	witness	scope.states	Effect4.ScopeState.isClosed_eq
E4RTCOV	witness	scope.states	Effect4.ScopeState.closingExit_closed
E4RTCOV	witness	scope.states	Effect4.ScopeState.closingExit_of_not_closed
E4RTCOV	witness	scope.states	Effect4.ScopeState.openEmpty_ne_openMap_nil
E4RTCOV	witness	scope.states	Effect4.Scope.finalizers_eq
E4RTCOV	witness	scope.states	Effect4.Scope.finalizerKeys_eq
E4RTCOV	witness	scope.states	Effect4.Scope.finalizerCount_eq
E4RTCOV	witness	scope.states	Effect4.Scope.finalizerCount_not_open
E4RTCOV	witness	scope.make	Effect4.FinalizerStrategy.all_nodup
E4RTCOV	witness	scope.make	Effect4.FinalizerStrategy.mem_all
E4RTCOV	witness	scope.make	Effect4.Scope.make_strategy
E4RTCOV	witness	scope.make	Effect4.Scope.make_state
E4RTCOV	witness	scope.make	Effect4.Scope.make_finalizers
E4RTCOV	witness	scope.make	Effect4.Scope.makeDefault_eq
E4RTCOV	witness	scope.make	Effect4.Scope.makeDefault_strategy
E4RTCOV	witness	scope.add-finalizer	Effect4.Scope.key_freshness_refused
E4RTCOV	witness	scope.add-finalizer	Effect4.Scope.tableInsert_new
E4RTCOV	witness	scope.add-finalizer	Effect4.Scope.tableInsert_existing
E4RTCOV	witness	scope.add-finalizer	Effect4.Scope.tableInsert_keys_of_mem
E4RTCOV	witness	scope.add-finalizer	Effect4.Scope.tableInsert_nodup
E4RTCOV	witness	scope.add-finalizer	Effect4.Scope.addUnsafe_strategy
E4RTCOV	witness	scope.add-finalizer	Effect4.Scope.addUnsafe_empty
E4RTCOV	witness	scope.add-finalizer	Effect4.Scope.addUnsafe_openEmpty
E4RTCOV	witness	scope.add-finalizer	Effect4.Scope.addUnsafe_openInline
E4RTCOV	witness	scope.add-finalizer	Effect4.Scope.addUnsafe_openMap
E4RTCOV	witness	scope.add-finalizer	Effect4.Scope.addUnsafe_promotes
E4RTCOV	witness	scope.add-finalizer	Effect4.Scope.addUnsafe_finalizers
E4RTCOV	witness	scope.add-finalizer	Effect4.Scope.addUnsafe_keys_nodup
E4RTCOV	witness	scope.add-after-closed	Effect4.Scope.addUnsafe_closed
E4RTCOV	witness	scope.add-after-closed	Effect4.Scope.addExit_open
E4RTCOV	witness	scope.add-after-closed	Effect4.Scope.addExit_closed
E4RTCOV	witness	scope.add-after-closed	Effect4.Scope.addExit_closed_registers_nothing
E4RTCOV	witness	scope.add-after-closed	Effect4.Scope.closingExit_addUnsafe
E4RTCOV	witness	scope.add-after-closed	Effect4.Machine.syncOpStep_scopeAdd_closed
E4RTCOV	witness	scope.remove-finalizer	Effect4.Scope.tableRemove_eq
E4RTCOV	witness	scope.remove-finalizer	Effect4.Scope.tableRemove_keys
E4RTCOV	witness	scope.remove-finalizer	Effect4.Scope.tableRemove_nodup
E4RTCOV	witness	scope.remove-finalizer	Effect4.Scope.removeUnsafe_strategy
E4RTCOV	witness	scope.remove-finalizer	Effect4.Scope.removeUnsafe_inline_hit
E4RTCOV	witness	scope.remove-finalizer	Effect4.Scope.removeUnsafe_inline_miss
E4RTCOV	witness	scope.remove-finalizer	Effect4.Scope.removeUnsafe_openMap
E4RTCOV	witness	scope.remove-finalizer	Effect4.Scope.removeUnsafe_not_open
E4RTCOV	witness	scope.remove-finalizer	Effect4.Scope.removeUnsafe_keys
E4RTCOV	witness	scope.remove-finalizer	Effect4.Scope.removeUnsafe_keys_nodup
E4RTCOV	witness	scope.close-state-first	Effect4.Scope.close_eq
E4RTCOV	witness	scope.close-state-first	Effect4.Scope.close_state_independent_of_run
E4RTCOV	witness	scope.close-state-first	Effect4.Scope.closeState_state
E4RTCOV	witness	scope.close-state-first	Effect4.Scope.closeState_strategy
E4RTCOV	witness	scope.close-state-first	Effect4.Scope.closeState_finalizers
E4RTCOV	witness	scope.close-state-first	Effect4.Scope.closeState_isClosed
E4RTCOV	witness	scope.close-state-first	Effect4.Scope.closeState_idempotent
E4RTCOV	witness	scope.close-state-first	Effect4.Scope.close_closingExit
E4RTCOV	witness	scope.close-state-first	Effect4.Scope.close_idempotent
E4RTCOV	witness	scope.close-state-first	Effect4.Scope.close_twice
E4RTCOV	witness	scope.close-state-first	Effect4.Scope.close_reentrant_add
E4RTCOV	witness	scope.close-state-first	Effect4.Scope.closeResult_closed
E4RTCOV	witness	scope.close-lifo	Effect4.Scope.closeOrder_eq
E4RTCOV	witness	scope.close-lifo	Effect4.Scope.closeOrder_last_first
E4RTCOV	witness	scope.close-lifo	Effect4.Scope.closeExits_eq
E4RTCOV	witness	scope.close-lifo	Effect4.Scope.closeExits_reverse
E4RTCOV	witness	scope.close-lifo	Effect4.Scope.runScoped_lifo
E4RTCOV	witness	scope.close-lifo	Effect4.Machine.closeWalk_sequential
E4RTCOV	witness	scope.close-lifo	Effect4.Machine.closeSeq_step
E4RTCOV	witness	scope.close-sequential	Effect4.Scope.closeExits_eq
E4RTCOV	witness	scope.close-sequential	Effect4.Scope.closeExits_length
E4RTCOV	witness	scope.close-sequential	Effect4.Scope.closeResult_reasons
E4RTCOV	witness	scope.close-sequential	Effect4.Machine.closeWalk_sequential
E4RTCOV	witness	scope.close-sequential	Effect4.Machine.closeSeq_step
E4RTCOV	witness	scope.close-sequential	Effect4.Machine.closeSeq_captures
E4RTCOV	witness	scope.close-sequential	Effect4.Machine.withFiber_closeScope
E4RTCOV	witness	scope.close-sequential	Effect4.Machine.withFiber_closeScope_unknown
E4RTCOV	witness	scope.close-sequential	Effect4.Machine.Witnesses.w6_sequential_captures_and_merges
E4RTCOV	witness	scope.close-parallel	Effect4.FinalizerStrategy.cases_receipt
E4RTCOV	witness	scope.close-parallel	Effect4.Scope.close_strategy_irrelevant
E4RTCOV	witness	scope.close-parallel	Effect4.Machine.closeWalk_parallel
E4RTCOV	witness	scope.close-parallel	Effect4.Machine.actionOf_closePar
E4RTCOV	witness	scope.close-parallel	Effect4.Machine.withFiber_closePar
E4RTCOV	witness	scope.close-parallel	Effect4.Machine.forkFinalizers_cons
E4RTCOV	witness	scope.close-parallel	Effect4.Machine.withFiber_fork
E4RTCOV	witness	scope.close-parallel	Effect4.Machine.spawnChild_fields
E4RTCOV	witness	scope.close-parallel	Effect4.Machine.Witnesses.w6_parallel_forks_and_merges
E4RTCOV	witness	scope.close-merge	Effect4.Scope.closeResult_nil
E4RTCOV	witness	scope.close-merge	Effect4.Scope.closeResult_single
E4RTCOV	witness	scope.close-merge	Effect4.Scope.closeResult_many
E4RTCOV	witness	scope.close-merge	Effect4.Scope.closeResult_reasons
E4RTCOV	witness	scope.close-merge	Effect4.Machine.closeSeq_merges
E4RTCOV	witness	scope.close-merge	Effect4.Machine.closeParDone_is_asVoidAll
E4RTCOV	witness	scope.close-merge	Effect4.Machine.drive_closeParAwait
E4RTCOV	witness	scope.close-merge	Effect4.Machine.fireObserver_countdown_done
E4RTCOV	witness	scope.close-merge	Effect4.Machine.fireObserver_countdown_next
E4RTCOV	witness	scope.close-merge	Effect4.Machine.Witnesses.w6_parallel_forks_and_merges
E4RTCOV	witness	scope.close-merge	Effect4.Machine.Witnesses.w12_awaitAll_answers_the_exits
E4RTCOV	witness	scope.exit-as-void-all	Effect4.Exit.asVoidAll_reasons
E4RTCOV	witness	scope.exit-as-void-all	Effect4.Exit.asVoidAll_failure
E4RTCOV	witness	scope.exit-as-void-all	Effect4.Exit.asVoidAll_all_success
E4RTCOV	witness	scope.exit-as-void-all	Effect4.Exit.void_eq
E4RTCOV	witness	scope.fork-linkage	Effect4.Scope.fork_closed_parent
E4RTCOV	witness	scope.fork-linkage	Effect4.Scope.fork_closed_parent_child_exit
E4RTCOV	witness	scope.fork-linkage	Effect4.Scope.fork_open_parent
E4RTCOV	witness	scope.fork-linkage	Effect4.Scope.fork_child_finalizers
E4RTCOV	witness	scope.fork-linkage	Effect4.Scope.fork_parent_finalizers
E4RTCOV	witness	scope.fork-linkage	Effect4.Scope.fork_child_strategy
E4RTCOV	witness	scope.fork-linkage	Effect4.Scope.fork_shared_key
E4RTCOV	witness	scope.fork-linkage	Effect4.Scope.fork_detach
E4RTCOV	witness	scope.fork-linkage	Effect4.Machine.scopeLinkFiber_name
E4RTCOV	witness	scope.fork-linkage	Effect4.Machine.scopeStore_forkChild_names
E4RTCOV	witness	scope.scoped	Effect4.Scope.addAll_nil
E4RTCOV	witness	scope.scoped	Effect4.Scope.addAll_cons
E4RTCOV	witness	scope.scoped	Effect4.Scope.addAll_finalizers
E4RTCOV	witness	scope.scoped	Effect4.Scope.make_addAll_finalizers
E4RTCOV	witness	scope.scoped	Effect4.Scope.runScoped_eq
E4RTCOV	witness	scope.scoped	Effect4.Scope.runScoped_fresh_scope
E4RTCOV	witness	scope.scoped	Effect4.Scope.runScoped_state
E4RTCOV	witness	scope.scoped	Effect4.Scope.runScoped_strategy
E4RTCOV	witness	scope.scoped	Effect4.Scope.runScoped_empty
E4RTCOV	witness	scope.scoped	Effect4.Scope.runScoped_lifo
E4RTCOV	witness	scope.scoped	Effect4.Prim.scopedFrame_eq
E4RTCOV	witness	scope.scoped	Effect4.Prim.scopedFrame_finalizer_masked
E4RTCOV	witness	scope.scoped	Effect4.FrameFiber.step_scopedFrame
E4RTCOV	witness	scope.scoped	Effect4.Program.Agreement.enterScoped_eq
E4RTCOV	witness	scope.scoped	Effect4.Program.Agreement.exitScoped_restores
E4RTCOV	witness	scope.acquire-release	Effect4.Scope.acquireRelease_failure
E4RTCOV	witness	scope.acquire-release	Effect4.Scope.acquireRelease_success
E4RTCOV	witness	scope.acquire-release	Effect4.Scope.acquireRelease_registers
E4RTCOV	witness	scope.acquire-release	Effect4.Scope.acquireRelease_closed_ambient
E4RTCOV	witness	scope.acquire-release	Effect4.FrameFiber.uninterruptible_already_masked
E4RTCOV	witness	scope.acquire-release	Effect4.FrameFiber.uninterruptible_masks
E4RTCOV	witness	scope.acquire-release	Effect4.FrameFiber.uninterruptibleMask_eq
E4RTCOV	witness	scope.acquire-release	Effect4.FrameFiber.interruptibleRegion_already
E4RTCOV	witness	scope.acquire-release	Effect4.FrameFiber.interruptibleRegion_masked
E4RTCOV	witness	scope.acquire-release	Effect4.FrameFiber.restoreAcquire_asked
E4RTCOV	witness	scope.acquire-release	Effect4.FrameFiber.restoreAcquire_not_asked
E4RTCOV	witness	scope.acquire-release	Effect4.Program.Sched.release_intro
E4RTCOV	witness	scope.acquire-release	Effect4.Program.Sched.foreignRelease_intro
E4RTCOV	witness	scope.acquire-release	Effect4.Program.Sched.acquireIn_intro
E4RTCOV	witness	scheduler.should-yield	Effect4.Machine.yieldVerdict_default
E4RTCOV	witness	scheduler.should-yield	Effect4.Machine.yieldVerdict_override
E4RTCOV	witness	scheduler.should-yield	Effect4.Machine.injectYield_no_verdict
E4RTCOV	witness	scheduler.priority-buckets	Effect4.Machine.Dispatcher.enqueue_same_bucket
E4RTCOV	witness	scheduler.priority-buckets	Effect4.Machine.Dispatcher.enqueue_lower_priority
E4RTCOV	witness	scheduler.priority-buckets	Effect4.Machine.Dispatcher.enqueue_empty
E4RTCOV	witness	scheduler.dispatcher-arming	Effect4.Machine.Dispatcher.enqueue_arms
E4RTCOV	witness	scheduler.dispatcher-arming	Effect4.Machine.Dispatcher.drain_disarms
E4RTCOV	witness	scheduler.dispatcher-arming	Effect4.Machine.RunMachine.arm_new
E4RTCOV	witness	scheduler.dispatcher-arming	Effect4.Machine.RunMachine.arm_known
E4RTCOV	witness	scheduler.dispatcher-arming	Effect4.Machine.RunMachine.arm_fields
E4RTCOV	witness	scheduler.dispatcher-arming	Effect4.Machine.Witnesses.w15_flush_runs_callbacks_in_arming_order
E4RTCOV	witness	scheduler.run-tasks-drain-once	Effect4.Machine.Dispatcher.drain_eq
E4RTCOV	witness	scheduler.run-tasks-drain-once	Effect4.Machine.Dispatcher.drain_disarms
E4RTCOV	witness	scheduler.run-tasks-drain-once	Effect4.Machine.fire_eq
E4RTCOV	witness	scheduler.run-tasks-drain-once	Effect4.Machine.RunMachine.disarm_eq
E4RTCOV	witness	scheduler.flush	Effect4.Machine.flushAll_idle
E4RTCOV	witness	scheduler.flush	Effect4.Machine.flushAll_round
E4RTCOV	witness	scheduler.flush	Effect4.Machine.Witnesses.w15_flush_runs_callbacks_in_arming_order
E4RTCOV	witness	scheduler.yield-now-resume-guard	Effect4.Machine.evaluatePrim_yieldNowWith
E4RTCOV	witness	scheduler.yield-now-resume-guard	Effect4.Machine.drive_resume_wrong_token
E4RTCOV	witness	scheduler.yield-now-resume-guard	Effect4.Machine.drive_resume_guard
E4RTCOV	witness	scheduler.yield-now-resume-guard	Effect4.Machine.drive_resume_not_parked
E4RTCOV	witness	scheduler.max-ops-default	Effect4.Machine.Env.hooks_empty
E4RTCOV	witness	scheduler.prevent-yield-default	Effect4.Machine.injectYield_prevented
E4RTCOV	witness	scheduler.prevent-yield-default	Effect4.Machine.Env.hooks_empty
E4RTCOV	witness	exit.success-failure	Effect4.Exit.cases_receipt
E4RTCOV	witness	exit.success-failure	Effect4.Exit.success_ne_failure
E4RTCOV	witness	exit.success-failure	Effect4.Exit.success_inj
E4RTCOV	witness	exit.success-failure	Effect4.Exit.failure_inj
E4RTCOV	witness	exit.success-failure	Effect4.Exit.cause_failure
E4RTCOV	witness	exit.success-failure	Effect4.Prim.ofExit_asExit?
E4RTCOV	witness	exit.success-failure	Effect4.Prim.asExit?_success
E4RTCOV	witness	exit.success-failure	Effect4.Prim.asExit?_failure
E4RTCOV	witness	exit.success-failure	Effect4.Prim.asExit?_eq_some
E4RTCOV	witness	exit.success-failure	Effect4.Prim.ofExit_isFrame
E4RTCOV	witness	exit.success-failure	Effect4.FrameFiber.step_ofExit_finishes
E4RTCOV	witness	exit.success-failure	Effect4.FrameFiber.run_zero
E4RTCOV	witness	exit.success-failure	Effect4.FrameFiber.run_succ_finished
E4RTCOV	witness	exit.success-failure	Effect4.FrameFiber.run_succ_running
E4RTCOV	witness	exit.reason-alphabet	Effect4.ReasonTag.all_nodup
E4RTCOV	witness	exit.reason-alphabet	Effect4.ReasonTag.mem_all
E4RTCOV	witness	exit.reason-alphabet	Effect4.ReasonTag.cases_receipt
E4RTCOV	witness	exit.reason-alphabet	Effect4.Reason.cases_receipt
E4RTCOV	witness	exit.reason-alphabet	Effect4.Reason.tag_mem_all
E4RTCOV	witness	cause.flat-reasons	Effect4.Cause.eq_iff
E4RTCOV	witness	cause.flat-reasons	Effect4.Cause.ext
E4RTCOV	witness	cause.flat-reasons	Effect4.Cause.eq_iff_pointwise
E4RTCOV	witness	cause.flat-reasons	Effect4.Cause.combine_no_new_reason
E4RTCOV	witness	cause.reason-fail	Effect4.Reason.error_fail
E4RTCOV	witness	cause.reason-fail	Effect4.Reason.annotations_fail
E4RTCOV	witness	cause.reason-fail	Effect4.Reason.fail_inj
E4RTCOV	witness	cause.reason-die	Effect4.Reason.defect_die
E4RTCOV	witness	cause.reason-die	Effect4.Reason.annotations_die
E4RTCOV	witness	cause.reason-die	Effect4.Reason.die_inj
E4RTCOV	witness	cause.reason-interrupt	Effect4.Cause.interrupt_reasons
E4RTCOV	witness	cause.reason-interrupt	Effect4.Reason.annotations_interrupt
E4RTCOV	witness	cause.reason-interrupt	Effect4.Reason.interrupt_inj
E4RTCOV	witness	cause.combine-union	Effect4.Cause.combine_empty_left
E4RTCOV	witness	cause.combine-union	Effect4.Cause.combine_empty_right
E4RTCOV	witness	cause.combine-union	Effect4.Cause.combine_reasons
E4RTCOV	witness	cause.combine-union	Effect4.Cause.mem_combine
E4RTCOV	witness	cause.combine-union	Effect4.Cause.combine_self
E4RTCOV	witness	cause.finalizer-merge	Effect4.Exit.mergeFinalizer_failure_failure
E4RTCOV	witness	cause.finalizer-merge	Effect4.Exit.restoreAfterFinalizer_failure_failure
E4RTCOV	witness	cause.finalizer-merge	Effect4.Exit.mergeFinalizer_success_failure
E4RTCOV	witness	cause.finalizer-merge	Effect4.Exit.restoreAfterFinalizer_success_failure
E4RTCOV	witness	cause.squash	Effect4.Cause.squash_error
E4RTCOV	witness	cause.squash	Effect4.Cause.squash_defect
E4RTCOV	witness	cause.squash	Effect4.Cause.squash_interrupted
E4RTCOV	witness	cause.squash	Effect4.Cause.squash_emptyCause_iff
E4RTCOV	witness	cause.squash	Effect4.Cause.squash_fail_over_die
E4RTCOV	witness	cause.union-first-occurrence	Effect4.Cause.combine_empty_left
E4RTCOV	witness	cause.union-first-occurrence	Effect4.Cause.combine_empty_right
E4RTCOV	witness	cause.union-first-occurrence	Effect4.Cause.combine_reasons
E4RTCOV	witness	cause.union-first-occurrence	Effect4.Cause.combine_order
E4RTCOV	witness	cause.dedupe-first-occurrence	Effect4.Cause.dedup_cons
E4RTCOV	witness	cause.dedupe-first-occurrence	Effect4.Cause.mem_dedup
E4RTCOV	witness	cause.dedupe-first-occurrence	Effect4.Cause.dedup_nodup
E4RTCOV	witness	cause.dedupe-first-occurrence	Effect4.Cause.dedup_of_nodup
E4RTCOV	witness	cause.annotations	Effect4.ReasonAnnotations.keys_nodup
E4RTCOV	witness	cause.annotations	Effect4.Reason.annotate_annotations
E4RTCOV	witness	cause.annotations	Effect4.Reason.host_memory_refused
E4RTCOV	witness	cause.annotations	Effect4.ReasonAnnotations.annotate_entries
E4RTCOV	witness	cause.annotations	Effect4.ReasonAnnotations.lookup_annotate_kept
E4RTCOV	witness	cause.annotations	Effect4.ReasonAnnotations.lookup_annotate_overwrite
E4RTCOV	witness	entry.run-fork-with	Effect4.Machine.runFork_eq
E4RTCOV	witness	entry.abort-signal	Effect4.Machine.stepDecision_abort
E4RTCOV	witness	entry.run-callback-with	Effect4.Machine.runCallback_eq
E4RTCOV	witness	entry.run-callback-with	Effect4.Machine.fireObserver_callback
E4RTCOV	witness	entry.run-promise-exit-with	Effect4.Machine.promiseOutcome_eq
E4RTCOV	witness	entry.run-promise-with	Effect4.Machine.promiseOutcome_failure
E4RTCOV	witness	entry.run-sync-exit-with	Effect4.Machine.runSyncExit_exited
E4RTCOV	witness	entry.run-sync-exit-with	Effect4.Machine.runSyncExit_survives
E4RTCOV	witness	entry.run-sync-exit-with	Effect4.Machine.flushRoot_idle
E4RTCOV	witness	entry.run-sync-exit-with	Effect4.Machine.flushRoot_round
E4RTCOV	witness	entry.run-sync-exit-with	Effect4.Machine.Witnesses.w8_sync_child_yield_is_async
E4RTCOV	witness	entry.async-fiber-error	Effect4.Machine.runSyncExit_survives
E4RTCOV	witness	entry.async-fiber-error	Effect4.Machine.Witnesses.w8_sync_child_yield_is_async
E4RTCOV	witness	rule.frames-are-primitives	Effect4.Arm.all_nodup
E4RTCOV	witness	rule.frames-are-primitives	Effect4.Arm.mem_all
E4RTCOV	witness	rule.frames-are-primitives	Effect4.Arm.cases_receipt
E4RTCOV	witness	rule.frames-are-primitives	Effect4.Arm.demandable_eq
E4RTCOV	witness	rule.frames-are-primitives	Effect4.Arm.contAll_not_demandable
E4RTCOV	witness	rule.frames-are-primitives	Effect4.Prim.cases_receipt
E4RTCOV	witness	rule.frames-are-primitives	Effect4.FrameFiber.start_eq
E4RTCOV	witness	rule.frames-are-primitives	Effect4.FrameFiber.masked_eq
E4RTCOV	witness	rule.frames-are-primitives	Effect4.FrameFiber.interrupted_eq
E4RTCOV	witness	rule.frames-are-primitives	Effect4.FrameEvent.poppedFrames_nil
E4RTCOV	witness	rule.frames-are-primitives	Effect4.FrameEvent.poppedFrames_cons_popped
E4RTCOV	witness	rule.frames-are-primitives	Effect4.FrameEvent.finalizersRun_nil
E4RTCOV	witness	rule.frames-are-primitives	Effect4.FrameEvent.finalizersRun_cons_ran
E4RTCOV	witness	rule.frames-are-primitives	Effect4.FrameEvent.finalizersRun_cons_popped
E4RTCOV	witness	rule.frames-are-primitives	Effect4.Prim.hasArm_eq
E4RTCOV	witness	rule.frames-are-primitives	Effect4.Prim.isFrame_eq
E4RTCOV	witness	rule.frames-are-primitives	Effect4.Prim.isFrame_iff
E4RTCOV	witness	rule.frames-are-primitives	Effect4.Prim.non_frames_have_no_arms
E4RTCOV	witness	rule.frames-are-primitives	Effect4.Prim.answerOf_replacement
E4RTCOV	witness	rule.frames-are-primitives	Effect4.Prim.answerOf_arm
E4RTCOV	witness	rule.frames-are-primitives	Effect4.Prim.answerOf_missing
E4RTCOV	witness	rule.frames-are-primitives	Effect4.Prim.answerOf_frame_eq
E4RTCOV	witness	rule.frames-are-primitives	Effect4.Prim.armA_isSome
E4RTCOV	witness	rule.frames-are-primitives	Effect4.Prim.armE_isSome
E4RTCOV	witness	rule.frames-are-primitives	Effect4.FrameFiber.getCont_eq_popFrom
E4RTCOV	witness	rule.frames-are-primitives	Effect4.FrameFiber.getCont_empty_stack
E4RTCOV	witness	rule.frames-are-primitives	Effect4.FrameFiber.popFrom_nil
E4RTCOV	witness	rule.frames-are-primitives	Effect4.FrameFiber.popFrom_answer_answer
E4RTCOV	witness	rule.frames-are-primitives	Effect4.FrameFiber.popFrom_answer_popped
E4RTCOV	witness	rule.frames-are-primitives	Effect4.FrameFiber.popFrom_answer_events
E4RTCOV	witness	rule.frames-are-primitives	Effect4.FrameFiber.popFrom_answer_fiber
E4RTCOV	witness	rule.frames-are-primitives	Effect4.FrameFiber.popFrom_continue_answer
E4RTCOV	witness	rule.frames-are-primitives	Effect4.FrameFiber.popFrom_continue_popped
E4RTCOV	witness	rule.frames-are-primitives	Effect4.FrameFiber.popFrom_continue_events
E4RTCOV	witness	rule.frames-are-primitives	Effect4.FrameFiber.popFrom_continue_fiber
E4RTCOV	witness	rule.frames-are-primitives	Effect4.FrameFiber.popFrom_answer_hasArm
E4RTCOV	witness	rule.frames-are-primitives	Effect4.FrameFiber.getCont_answer_hasArm
E4RTCOV	witness	rule.frames-are-primitives	Effect4.FrameFiber.passEvents_ranContAll
E4RTCOV	witness	rule.frames-are-primitives	Effect4.FrameFiber.passEvents_poppedFrames
E4RTCOV	witness	rule.frames-are-primitives	Effect4.FrameFiber.popFrom_popped_eq_events
E4RTCOV	witness	rule.frames-are-primitives	Effect4.FrameFiber.popFrom_ranContAll
E4RTCOV	witness	rule.frames-are-primitives	Effect4.FrameFiber.getCont_ranContAll
E4RTCOV	witness	rule.interrupt-bypasses-handlers	Effect4.Prim.ensure_setInterruptible_flag
E4RTCOV	witness	rule.interrupt-bypasses-handlers	Effect4.FrameFiber.interrupt_skips_every_handler
E4RTCOV	witness	rule.interrupt-bypasses-handlers	Effect4.FrameFiber.getCont_mask_stops_skip
E4RTCOV	witness	rule.interrupt-bypasses-handlers	Effect4.FrameFiber.step_failure
E4RTCOV	witness	rule.yield-is-overloaded	Effect4.Machine.drive_loop_parked
E4RTCOV	witness	rule.yield-is-overloaded	Effect4.Machine.drive_loop_parked_deferred
E4RTCOV	witness	rule.yield-is-overloaded	Effect4.Machine.drive_loop_continues
E4RTCOV	witness	rule.only-fork-child-tracks	Effect4.Machine.spawn_untracked
E4RTCOV	witness	rule.only-fork-child-tracks	Effect4.Machine.drive_trackChild_live
E4RTCOV	witness	rule.only-fork-child-tracks	Effect4.Machine.drive_trackChild_exited
E4RTCOV	witness	rule.only-fork-child-tracks	Effect4.Machine.spawnChild_fields
E4RTCOV	witness	rule.only-fork-child-tracks	Effect4.Machine.withFiber_fork
E4RTCOV	witness	rule.only-fork-child-tracks	Effect4.Machine.withFiber_forkIn
E4RTCOV	witness	rule.only-fork-child-tracks	Effect4.Machine.withFiber_forkScoped_ambient
E4RTCOV	witness	rule.only-fork-child-tracks	Effect4.Machine.launchEntrant_eq
E4RTCOV	witness	rule.only-fork-child-tracks	Effect4.Machine.fireObserver_untrackChild
E4RTCOV	witness	rule.children-interrupted-after-exit	Effect4.Machine.exitFiber_eq
E4RTCOV	witness	rule.children-interrupted-after-exit	Effect4.Machine.exitFiber_children
E4RTCOV	witness	rule.children-interrupted-after-exit	Effect4.Machine.exitInterruptChildren_eq
E4RTCOV	witness	rule.children-interrupted-after-exit	Effect4.Machine.exitInterruptChildren_reenters
E4RTCOV	witness	rule.children-interrupted-after-exit	Effect4.Machine.resumePrim_continueWith
E4RTCOV	witness	rule.children-interrupted-after-exit	Effect4.Machine.exitFiber_finalizing
E4RTCOV	witness	rule.children-interrupted-after-exit	Effect4.Machine.Witnesses.w5_middleware_interrupts_children
E4RTCOV	witness	rule.children-interrupted-after-exit	Effect4.Machine.settle_finished
E4RTCOV	witness	rule.children-interrupted-after-exit	Effect4.Machine.drive_finish
E4RTCOV	witness	rule.scope-close-lifo-state-first	Effect4.Scope.close_state_independent_of_run
E4RTCOV	witness	rule.scope-close-lifo-state-first	Effect4.Scope.closeState_finalizers
E4RTCOV	witness	rule.scope-close-lifo-state-first	Effect4.Scope.close_reentrant_add
E4RTCOV	witness	rule.scope-close-lifo-state-first	Effect4.Scope.closeOrder_last_first
E4RTCOV	witness	rule.scope-close-lifo-state-first	Effect4.Scope.closeExits_reverse
E4RTCOV	witness	rule.cause-has-no-structure	Effect4.Cause.mem_combine
E4RTCOV	witness	rule.cause-has-no-structure	Effect4.Cause.combine_order
E4RTCOV	witness	rule.cause-has-no-structure	Effect4.Cause.combine_no_new_reason
E4RTCOV	witness	rule.cause-has-no-structure	Effect4.Cause.ext
E4RTCOV	witness	rule.start-is-asymmetric	Effect4.Machine.start_eq
E4RTCOV	witness	rule.start-is-asymmetric	Effect4.Machine.runFork_eq
E4RTCOV	witness	rule.record-and-apply-separate	Effect4.Machine.interruptRecord_records
E4RTCOV	witness	rule.record-and-apply-separate	Effect4.Machine.interruptRecord_running_defers
E4RTCOV	witness	rule.record-and-apply-separate	Effect4.Machine.interruptRecord_idle_applies
E4RTCOV	witness	rule.record-and-apply-separate	Effect4.Machine.interruptRecord_masked
E4RTCOV	witness	rule.budget-per-runloop-entry	Effect4.Machine.countOp_count
E4RTCOV	witness	rule.budget-per-runloop-entry	Effect4.Machine.drive_evaluate_enters
E4RTCOV	witness	rule.budget-per-runloop-entry	Effect4.Machine.drive_evaluate_exited
E4RTCOV	witness	rule.budget-per-runloop-entry	Effect4.Machine.drive_evaluate_running
E4RTCOV	witness	rule.budget-per-runloop-entry	Effect4.Machine.injectYield_latched
E4RTCOV	witness	rule.budget-per-runloop-entry	Effect4.Machine.injectYield_fires
E4RTCOV	witness	rule.budget-per-runloop-entry	Effect4.Machine.iteration_injected
E4RTCOV	witness	ref.make	Effect4.Machine.refStep_make
E4RTCOV	witness	ref.make	Effect4.Machine.refMake_twice_distinct
E4RTCOV	witness	ref.get	Effect4.Machine.refStep_get
E4RTCOV	witness	ref.get	Effect4.Machine.refStep_get_after_set
E4RTCOV	witness	ref.set-void-returns-cell	Effect4.Machine.refStep_set
E4RTCOV	witness	ref.set-void-returns-cell	Effect4.Machine.set_answer_ne_update_answer
E4RTCOV	witness	ref.cell-set-returns-self	Effect4.Machine.refStep_set_answers_self
E4RTCOV	witness	ref.get-and-set	Effect4.Machine.refStep_getAndSet
E4RTCOV	witness	ref.set-and-get-assignment	Effect4.Machine.refStep_setAndGet
E4RTCOV	witness	ref.update	Effect4.Machine.refStep_update
E4RTCOV	witness	ref.update	Effect4.Machine.refStep_update_applies_once
E4RTCOV	witness	ref.modify	Effect4.Machine.refStep_modify
E4RTCOV	witness	ref.modify-some-no-reread	Effect4.Machine.refStep_modifySome_eq_modify
E4RTCOV	witness	ref.modify-some-no-reread	Effect4.Machine.refStep_modifySome_none
E4RTCOV	witness	ref.update-some-and-get-reread	Effect4.Machine.refStep_updateSomeAndGet_some
E4RTCOV	witness	deferred.make	Effect4.Machine.deferredStore_make
E4RTCOV	witness	deferred.is-done	Effect4.Machine.deferredStore_isDone
E4RTCOV	witness	deferred.await	Effect4.Machine.awaitDeferred_is_a_park
E4RTCOV	witness	deferred.await	Effect4.Machine.deferredStore_register_pending
E4RTCOV	witness	deferred.await	Effect4.Machine.deferredStore_register_done
E4RTCOV	witness	deferred.single-completion	Effect4.Machine.deferredStore_complete_done
E4RTCOV	witness	deferred.completion-order	Effect4.Machine.deferredStore_complete_pending
E4RTCOV	witness	deferred.completion-order	Effect4.Machine.Witnesses.w13_completion_pop_sees_the_waiter_interrupt
E4RTCOV	witness	deferred.complete-with-stores-effect	Effect4.Machine.deferredStore_complete_stores_argument
E4RTCOV	witness	deferred.complete-with-stores-effect	Effect4.Machine.deferredStore_waiter_receives_stored
E4RTCOV	witness	deferred.done-is-complete-with	Effect4.Machine.doneWith_shared
E4RTCOV	witness	deferred.done-is-complete-with	Effect4.Machine.completionPrim_ofExit
E4RTCOV	witness	deferred.complete-runs-once	Effect4.Machine.deferredStore_complete_done
E4RTCOV	witness	deferred.into-uninterruptible	Effect4.Machine.intoDeferred_spelling
E4RTCOV	witness	deferred.interrupt	Effect4.Machine.interruptDeferred_delegates
E4RTCOV	witness	deferred.interrupt-with	Effect4.Machine.interruptWith_is_completion
E4RTCOV	witness	deferred.poll	Effect4.Machine.deferredPoll_no_write
E4RTCOV	witness	layer.from-build-unsafe	Effect4.Program.Agreement.compileLayer_succeed
E4RTCOV	witness	layer.from-build-child-scope	Effect4.Program.Agreement.compileLayer_effect
E4RTCOV	witness	layer.from-build-child-scope	Effect4.Program.Agreement.contAOf_fromBuildThen_scope
E4RTCOV	witness	layer.from-build-child-scope	Effect4.Machine.finProgram_closeChildOnFailure_failure
E4RTCOV	witness	layer.from-build-child-scope	Effect4.Machine.finProgram_closeChildOnFailure_success
E4RTCOV	witness	layer.build-with-memo-map-service	Effect4.Program.Agreement.contAOf_withMemoMapThen_memoMap
E4RTCOV	witness	layer.build-with-memo-map-service	Effect4.Program.Agreement.currentMemoMapOf_provideService
E4RTCOV	witness	layer.build-with-memo-map-service	Effect4.Program.Agreement.regionCode_buildAdding
E4RTCOV	witness	layer.build-with-memo-map-service	Effect4.Program.Agreement.contAOf_addCurrentMemoMap
E4RTCOV	witness	layer.build-with-memo-map-service	Effect4.Program.Agreement.addCurrentMemoMapK_context
E4RTCOV	witness	layer.memo-build-once	Effect4.Machine.syncOpStep_memoBuild
E4RTCOV	witness	layer.memo-build-once	Effect4.Program.Agreement.contAOf_memoize_unit
E4RTCOV	witness	layer.memo-build-once	Effect4.Program.Agreement.contAOf_buildIntoLayerScope_scope
E4RTCOV	witness	layer.memo-build-once	Effect4.Program.Agreement.contAOf_thenBuildInto
E4RTCOV	witness	layer.memo-build-once	Effect4.Machine.finProgram_memoDone
E4RTCOV	witness	layer.memo-build-once	Effect4.Machine.syncOpStep_memoComplete_some
E4RTCOV	witness	layer.memo-build-once	Effect4.Program.Agreement.resolveLayerTerm_ref
E4RTCOV	witness	layer.memo-finalizer-last-observer	Effect4.Machine.finProgram_memoEntry
E4RTCOV	witness	layer.memo-finalizer-last-observer	Effect4.Machine.syncOpStep_memoRelease_last
E4RTCOV	witness	layer.memo-finalizer-last-observer	Effect4.Machine.syncOpStep_memoRelease_dec
E4RTCOV	witness	layer.memo-finalizer-last-observer	Effect4.Machine.contAOf_closeIfLast_scope
E4RTCOV	witness	layer.memo-finalizer-last-observer	Effect4.Program.Sched.contAOf_closeIfLast_other
E4RTCOV	witness	layer.memo-finalizer-last-observer	Effect4.Program.Agreement.resolveLayerTerm_ref
E4RTCOV	witness	layer.memo-reuse-observer-count	Effect4.Machine.syncOpStep_memoGet_some
E4RTCOV	witness	layer.memo-reuse-observer-count	Effect4.Program.Agreement.contAOf_memoize_hit
E4RTCOV	witness	layer.memo-reuse-observer-count	Effect4.Program.Agreement.resolveLayerTerm_ref
E4RTCOV	witness	layer.memo-map-parent-lookup	Effect4.Machine.MemoWorld.get_own
E4RTCOV	witness	layer.memo-map-parent-lookup	Effect4.Machine.MemoWorld.get_parent
E4RTCOV	witness	layer.memo-get-or-else	Effect4.Program.Agreement.innerLayerAt_effect
E4RTCOV	witness	layer.memo-get-or-else	Effect4.Program.Agreement.suspendBodyAt_memoLookup
E4RTCOV	witness	layer.memo-get-or-else	Effect4.Program.Agreement.contAOf_awaitPromise
E4RTCOV	witness	layer.memo-get-or-else	Effect4.Program.Agreement.contAOf_memoize_hit
E4RTCOV	witness	layer.memo-get-or-else	Effect4.Program.Agreement.contAOf_memoize_unit
E4RTCOV	witness	layer.current-memo-map-fork-or-create	Effect4.Program.Agreement.currentMemoMapOf_addV
E4RTCOV	witness	layer.current-memo-map-fork-or-create	Effect4.Program.Agreement.currentMemoMapOf_empty
E4RTCOV	witness	layer.current-memo-map-fork-or-create	Effect4.Machine.syncOpStep_memoFork
E4RTCOV	witness	layer.current-memo-map-fork-or-create	Effect4.Program.Agreement.buildWithScopeK_context
E4RTCOV	witness	layer.build-uses-ambient-scope	Effect4.Program.Agreement.contAOf_buildWithScopeFromContext
E4RTCOV	witness	layer.build-uses-ambient-scope	Effect4.Program.Agreement.buildWithScopeK_context
E4RTCOV	witness	layer.build-uses-ambient-scope	Effect4.Program.Agreement.contAOf_serviceLookup
E4RTCOV	witness	layer.build-uses-ambient-scope	Effect4.Program.Agreement.serviceLookupK_found
E4RTCOV	witness	layer.build-uses-ambient-scope	Effect4.Program.Agreement.serviceLookupK_missing
E4RTCOV	witness	layer.build-with-scope-still-forks-memo	Effect4.Program.Agreement.provideLayerWithK_at
E4RTCOV	witness	layer.build-with-scope-still-forks-memo	Effect4.Program.Agreement.contAOf_buildWithScopeFromContext
E4RTCOV	witness	layer.build-with-scope-still-forks-memo	Effect4.Program.Agreement.buildWithScopeK_context
E4RTCOV	witness	layer.merge-parallel-scopes	Effect4.Program.Agreement.compileLayer_merge
E4RTCOV	witness	layer.merge-parallel-scopes	Effect4.Program.Agreement.innerLayerAt_merge
E4RTCOV	witness	layer.merge-parallel-scopes	Effect4.Program.Agreement.contAOf_mergeChildren_scope
E4RTCOV	witness	layer.merge-parallel-scopes	Effect4.Program.Agreement.contAOf_mergeForkOne_scope
E4RTCOV	witness	layer.merge-parallel-scopes	Effect4.Program.Agreement.withFiberOf_forkLayer
E4RTCOV	witness	layer.merge-parallel-scopes	Effect4.Program.Agreement.contAOf_mergeForkNext_fiber
E4RTCOV	witness	layer.merge-parallel-scopes	Effect4.Program.Agreement.innerLayerAt_mergeAll
E4RTCOV	witness	layer.merge-parallel-scopes	Effect4.Program.Agreement.mergeAllCount_of_at
E4RTCOV	witness	layer.merge-parallel-scopes	Effect4.Program.Agreement.contAOf_mergeAllChildren_scope
E4RTCOV	witness	layer.merge-parallel-scopes	Effect4.Program.Agreement.contAOf_mergeAllForkOne_scope
E4RTCOV	witness	layer.merge-parallel-scopes	Effect4.Program.Agreement.contAOf_mergeAllForkNext_fiber
E4RTCOV	witness	layer.merge-parallel-scopes	Effect4.Program.Agreement.withFiberOf_awaitAllFailFast
E4RTCOV	witness	layer.merge-parallel-scopes	Effect4.Program.Agreement.contAOf_mergeContexts
E4RTCOV	witness	layer.merge-parallel-scopes	Effect4.Program.Agreement.mergeContextsK_contexts
E4RTCOV	witness	layer.provide-dependency-first	Effect4.Program.Agreement.compileLayer_provide
E4RTCOV	witness	layer.provide-dependency-first	Effect4.Program.Agreement.compileLayer_provideMerge
E4RTCOV	witness	layer.provide-dependency-first	Effect4.Program.Agreement.innerLayerAt_provide
E4RTCOV	witness	layer.provide-dependency-first	Effect4.Program.Agreement.contAOf_provideThen
E4RTCOV	witness	layer.provide-dependency-first	Effect4.Program.Agreement.provideThenK_context
E4RTCOV	witness	layer.provide-dependency-first	Effect4.Program.Agreement.regionCode_build
E4RTCOV	witness	layer.provide-dependency-first	Effect4.Program.Agreement.contAOf_combineWith
E4RTCOV	witness	layer.provide-dependency-first	Effect4.Program.Agreement.combineWithK_provide
E4RTCOV	witness	layer.provide-dependency-first	Effect4.Program.Agreement.combineWithK_provideMerge
E4RTCOV	witness	layer.fresh-drops-memoization	Effect4.Program.Agreement.compileLayer_fresh
E4RTCOV	witness	layer.fresh-drops-memoization	Effect4.Program.Agreement.contAOf_freshThen_memoMap
E4RTCOV	witness	layer.launch-holds-scope	Effect4.Program.Agreement.provideLayerWithK_at
E4RTCOV	witness	layer.launch-holds-scope	Effect4.Program.Agreement.finalizerProgram_scopeClose
E4RTCOV	witness	layer.provide-effect-scope	Effect4.Program.Agreement.compileEff_provideLayer
E4RTCOV	witness	layer.provide-effect-scope	Effect4.Program.Agreement.suspendBodyAt_provideLayer
E4RTCOV	witness	layer.provide-effect-scope	Effect4.Program.Agreement.contAOf_provideLayerWith_scope
E4RTCOV	witness	layer.provide-effect-scope	Effect4.Program.Agreement.provideLayerWithK_at
E4RTCOV	witness	layer.provide-effect-scope	Effect4.Program.Agreement.contAOf_provideLayerBody
E4RTCOV	witness	layer.provide-effect-scope	Effect4.Program.Agreement.provideLayerBodyK_context
E4RTCOV	witness	layer.provide-effect-scope	Effect4.Program.Agreement.contAOf_updateThen
E4RTCOV	witness	layer.provide-effect-scope	Effect4.Program.Agreement.updateThenK_context
E4RTCOV	witness	layer.provide-effect-scope	Effect4.Program.Agreement.contAOf_bodyThen
E4RTCOV	witness	layer.provide-effect-scope	Effect4.Program.Agreement.finalizerProgram_scopeClose
E4RTCOV	coverage	137	135	8	132	2	0	1
All targets up-to-date (359 jobs).
exit=0
