lean	ocaml	recursive	Code.let	Code.fun	Code.jp	Code.jmp	Code.cases	Code.return	Code.unreach	LetValue.lit	LetValue.erased	LetValue.proj	LetValue.const	LetValue.fvar	LitValue.nat	LitValue.str	LitValue.uint8	LitValue.uint16	LitValue.uint32	LitValue.uint64	LitValue.usize	Arg.erased	Arg.fvar	Arg.type	Alt.alt	Alt.default	DeclValue.code	DeclValue.extern	declHash
Effect4.Api.run	api_run	false	6	0	0	0	0	1	0	0	0	0	6	0	0	0	0	0	0	0	0	10	10	0	0	0	1	0	1435485393349871130
Effect4.Api.replay	api_replay	false	12	0	0	0	1	3	0	0	0	0	12	0	0	0	0	0	0	0	0	2	23	0	3	0	1	0	3320531226156621470
Effect4.Api.evaluate	api_evaluate	false	2	0	0	0	0	1	0	1	0	0	1	0	1	0	0	0	0	0	0	7	1	0	0	0	1	0	6503242508184499272
Effect4.Program.interpOf	program_interp_of	false	56	0	0	0	0	1	0	0	0	0	56	0	0	0	0	0	0	0	0	18	66	0	0	0	1	0	12937181589288116239
Effect4.Api.load	api_load	false	27	0	0	0	3	1	0	2	0	0	24	1	2	0	0	0	0	0	0	16	40	0	3	0	1	0	15460075171508989732
Effect4.Machine.replayEval._at_.Effect4.Program.replayCheckedFrom.spec_0	replay_eval_at_program_replay_checked_from_spec_0	true	10	0	0	0	8	6	0	0	0	0	10	0	0	0	0	0	0	0	0	60	22	0	13	0	1	0	13677888701515080893
Effect4.Api.frontierReasons	api_frontier_reasons	false	19	0	1	2	3	3	0	0	0	0	19	0	0	0	0	0	0	0	0	7	22	0	6	0	1	0	4455449711076460887
Effect4.Program.interpOf._lam_0	program_interp_of__lam_0	false	3	0	0	0	2	3	0	0	0	0	3	0	0	0	0	0	0	0	0	8	1	0	2	2	1	0	4670197982487956493
Effect4.Program.interpOf._lam_1	program_interp_of__lam_1	false	19	0	1	2	6	3	0	0	0	0	18	1	0	0	0	0	0	0	0	16	20	0	8	1	1	0	15077034026417401127
Effect4.Program.interpOf._lam_2	program_interp_of__lam_2	false	4	0	0	0	1	2	0	0	0	0	4	0	0	0	0	0	0	0	0	9	5	0	1	1	1	0	10865180526345428689
Effect4.Program.interpOf._lam_3	program_interp_of__lam_3	false	4	0	0	0	1	2	0	0	0	0	4	0	0	0	0	0	0	0	0	9	6	0	1	1	1	0	16039940888010825729
Effect4.Program.interpOf._lam_4	program_interp_of__lam_4	false	3	0	0	0	0	1	0	0	0	0	3	0	0	0	0	0	0	0	0	7	4	0	0	0	1	0	16356600863671645090
Effect4.Program.interpOf._lam_5	program_interp_of__lam_5	false	5	0	1	2	3	4	0	0	0	0	5	0	0	0	0	0	0	0	0	6	4	0	4	3	1	0	16669768605762756765
Effect4.Program.interpOf._lam_6	program_interp_of__lam_6	false	2	0	0	0	0	1	0	0	0	0	2	0	0	0	0	0	0	0	0	7	2	0	0	0	1	0	5826483460818679871
Effect4.Program.interpOf._lam_7	program_interp_of__lam_7	false	4	0	0	0	0	1	0	0	0	0	4	0	0	0	0	0	0	0	0	7	4	0	0	0	1	0	10057633389019465870
Effect4.Program.interpOf._lam_8	program_interp_of__lam_8	false	4	0	0	0	0	1	0	0	0	0	4	0	0	0	0	0	0	0	0	7	5	0	0	0	1	0	16471994044036777695
Effect4.Program.interpOf._lam_9	program_interp_of__lam_9	false	5	0	0	0	0	1	0	0	0	0	5	0	0	0	0	0	0	0	0	8	5	0	0	0	1	0	6626552031203500527
Effect4.Program.interpOf._lam_10	program_interp_of__lam_10	false	36	0	0	0	2	12	0	0	0	0	36	0	0	0	0	0	0	0	0	94	45	0	11	2	1	0	14561791816602826666
Effect4.Program.interpOf._lam_11	program_interp_of__lam_11	false	4	0	0	0	2	4	0	0	0	0	4	0	0	0	0	0	0	0	0	2	4	0	3	2	1	0	4233600541856009990
Effect4.Program.interpOf._lam_12	program_interp_of__lam_12	false	36	0	3	7	16	8	0	0	0	0	36	0	0	0	0	0	0	0	0	38	85	0	24	3	1	0	11959018828580185991
Effect4.Program.interpOf._lam_13	program_interp_of__lam_13	false	2	0	0	0	0	1	0	0	0	0	2	0	0	0	0	0	0	0	0	0	2	0	0	0	1	0	9593859512524275044
Effect4.Program.interpOf._lam_14	program_interp_of__lam_14	false	5	0	0	0	2	1	0	0	0	0	5	0	0	0	0	0	0	0	0	3	12	0	2	0	1	0	3966369360971798901
Effect4.Program.interpOf._lam_15	program_interp_of__lam_15	false	9	0	1	2	3	1	0	0	0	0	9	0	0	0	0	0	0	0	0	11	18	0	4	0	1	0	225029691121935267
Effect4.Program.interpOf._lam_16	program_interp_of__lam_16	false	1	0	0	0	0	1	0	0	0	0	1	0	0	0	0	0	0	0	0	0	3	0	0	0	1	0	7047700443040159331
Effect4.Program.interpOf._lam_17	program_interp_of__lam_17	false	2	0	0	0	0	1	0	0	0	0	2	0	0	0	0	0	0	0	0	0	2	0	0	0	1	0	6438265525881461786
Effect4.Program.interpOf._lam_18	program_interp_of__lam_18	false	2	0	0	0	0	1	0	0	0	0	2	0	0	0	0	0	0	0	0	0	4	0	0	0	1	0	18295036129395096698
Effect4.Program.interpOf._lam_19	program_interp_of__lam_19	false	16	0	0	0	2	6	0	1	0	0	15	0	1	0	0	0	0	0	0	20	18	0	5	2	1	0	470767989323090418
Effect4.Program.interpOf._lam_20	program_interp_of__lam_20	false	1	0	0	0	0	1	0	0	0	0	1	0	0	0	0	0	0	0	0	0	1	0	0	0	1	0	7638573018283617322
Effect4.Program.interpOf._lam_21	program_interp_of__lam_21	false	1	0	0	0	0	1	0	0	0	0	1	0	0	0	0	0	0	0	0	0	1	0	0	0	1	0	12117614052153152608
Effect4.Program.interpOf._lam_22	program_interp_of__lam_22	false	1	0	0	0	1	1	0	0	0	0	1	0	0	0	0	0	0	0	0	0	2	0	1	0	1	0	16511211475288709193
Effect4.Program.interpOf._lam_23	program_interp_of__lam_23	false	11	0	1	2	4	2	0	1	0	0	10	0	1	0	0	0	0	0	0	4	22	0	6	0	1	0	5833290420205490310
Effect4.Program.interpOf._lam_24	program_interp_of__lam_24	false	5	0	0	0	2	2	0	0	0	0	5	0	0	0	0	0	0	0	0	2	13	0	3	0	1	0	2313295661885467712
Effect4.Program.interpOf._lam_25	program_interp_of__lam_25	false	5	0	0	0	2	2	0	0	0	0	5	0	0	0	0	0	0	0	0	4	7	0	3	0	1	0	3810350034717901534
Effect4.Program.interpOf._lam_26	program_interp_of__lam_26	false	1	0	0	0	1	1	0	0	0	0	1	0	0	0	0	0	0	0	0	2	2	0	1	0	1	0	9174030035742919121
Effect4.Program.interpOf._lam_27	program_interp_of__lam_27	false	3	0	0	0	1	2	0	0	0	0	3	0	0	0	0	0	0	0	0	7	3	0	2	0	1	0	14233458193189420547
Effect4.Program.interpOf._lam_28	program_interp_of__lam_28	false	1	0	0	0	0	1	0	0	0	0	1	0	0	0	0	0	0	0	0	0	1	0	0	0	1	0	5986142267357718236
Effect4.Program.interpOf._lam_29	program_interp_of__lam_29	false	2	0	0	0	1	1	0	0	0	0	1	1	0	0	0	0	0	0	0	0	1	0	1	0	1	0	2459560835389969995
Effect4.Program.interpOf._lam_30	program_interp_of__lam_30	false	2	0	0	0	0	1	0	1	0	0	1	0	0	0	1	0	0	0	0	0	2	0	0	0	1	0	10932406809314722586
Effect4.Program.interpOf._lam_31	program_interp_of__lam_31	false	7	0	0	0	1	1	0	1	0	0	5	1	1	0	0	0	0	0	0	2	6	0	1	0	1	0	469240957617380584
Effect4.Program.interpOf._lam_32	program_interp_of__lam_32	false	2	0	0	0	0	1	0	1	0	0	1	0	0	0	1	0	0	0	0	0	2	0	0	0	1	0	858169932764963165
Effect4.Program.interpOf._lam_33	program_interp_of__lam_33	false	0	0	0	0	0	1	0	0	0	0	0	0	0	0	0	0	0	0	0	0	0	0	0	0	1	0	3199482491208136960
Effect4.Program.contAOf	program_cont_aof	false	257	0	1	2	46	84	0	25	0	0	232	0	9	0	16	0	0	0	0	334	337	0	112	18	1	0	12357345256753629307
Effect4.Program.contEOf	program_cont_eof	false	36	0	1	2	8	12	0	4	0	0	30	2	4	0	0	0	0	0	0	59	50	0	16	4	1	0	910052846462410167
Effect4.Program.syncValueAt	program_sync_value_at	false	8	0	0	0	6	6	0	0	0	0	8	0	0	0	0	0	0	0	0	1	5	0	7	4	1	0	1628709010727583264
Effect4.Program.suspendBodyAt	program_suspend_body_at	false	47	0	2	4	14	16	0	2	0	0	45	0	2	0	0	0	0	0	0	66	60	0	26	5	1	0	3529527183200357002
Effect4.Machine.reifyExitVal	reify_exit_val	false	10	0	0	0	2	2	0	2	0	0	7	1	2	0	0	0	0	0	0	4	9	0	3	0	1	0	11119130528610623483
Effect4.Machine.Stores.wakeList._redArg	stores_wake_list	false	2	0	0	0	3	2	0	0	0	0	2	0	0	0	0	0	0	0	0	0	9	0	3	1	1	0	7810631867856643987
Effect4.Machine.Ctx.ambientScope	ctx_ambient_scope	false	1	0	0	0	1	1	0	0	0	0	1	0	0	0	0	0	0	0	0	0	1	0	1	0	1	0	8376707105691920285
Effect4.Machine.emptyCtx	empty_ctx	false	4	0	0	0	0	1	0	1	0	0	3	0	1	0	0	0	0	0	0	1	3	0	0	0	1	0	13879202924284214584
Effect4.Machine.exitsVal	exits_val	false	3	0	0	0	0	1	0	0	0	0	3	0	0	0	0	0	0	0	0	1	3	0	0	0	1	0	5526302654737344494
Effect4.Machine.stackAnnotationsOf	stack_annotations_of	false	5	0	0	0	0	1	0	0	0	0	5	0	0	0	0	0	0	0	0	4	5	0	0	0	1	0	5648561862730385233
Effect4.Program.prepareExternalAnswer	program_prepare_external_answer	false	10	0	0	0	13	10	0	0	0	0	10	0	0	0	0	0	0	0	0	11	23	0	16	6	1	0	17957789225283695086
Effect4.Machine.Stores.empty	stores_empty	false	6	0	0	0	0	1	0	1	0	0	5	0	1	0	0	0	0	0	0	1	9	0	0	0	1	0	9484693767581743703
Effect4.Machine.stores	stores	false	54	0	0	0	0	1	0	0	0	0	54	0	0	0	0	0	0	0	0	18	53	0	0	0	1	0	13264638223268267245
Effect4.Machine.ExternalStore.ofAnswers	external_store_of_answers	false	3	0	0	0	0	1	0	0	0	0	3	0	0	0	0	0	0	0	0	2	3	0	0	0	1	0	8825564026570652984
Effect4.Machine.RunMachine.empty._redArg	run_machine_empty	false	5	0	0	0	0	1	0	1	0	0	4	0	1	0	0	0	0	0	0	14	10	0	0	0	1	0	373907929816127842
Effect4.Api.compile	api_compile	false	2	0	0	0	0	1	0	0	0	0	2	0	0	0	0	0	0	0	0	1	3	0	0	0	1	0	2123751469867190710
Effect4.Machine.RunFiber.make._at_.Effect4.Machine.spawn._at_.Effect4.Machine.launchEntrant._at_.Effect4.Machine.driveStep._at_.Effect4.Machine.driveState._at_.Effect4.Machine.stepDecisionState._at_.Effect4.Program.replayCheckedFrom.spec_1.spec_3.spec_6.spec_12.spec_19.spec_24._redArg	run_fiber_make_at_spawn_at_launch_entrant_at_drive_step_at_drive_state_at_step_decision_state_at_program_replay_checked_from_spec_1_spec_3_spec_6_spec_12_spec_19_spec_24	false	10	0	0	0	2	1	0	1	0	0	9	0	1	0	0	0	0	0	0	27	21	0	2	0	1	0	14345392447933479136
Effect4.Machine.RunMachine.finished._redArg	run_machine_finished	false	1	0	0	0	1	1	0	0	0	0	1	0	0	0	0	0	0	0	0	0	1	0	1	0	1	0	17748749744915858527
Effect4.Machine.stepDecisionState._at_.Effect4.Program.replayCheckedFrom.spec_1	step_decision_state_at_program_replay_checked_from_spec_1	false	55	0	2	4	14	12	0	2	0	0	53	0	2	0	0	0	0	0	0	116	127	0	27	0	1	0	14860131882404440357
Effect4.Api.compileReasons	api_compile_reasons	false	3	0	0	0	1	1	0	1	0	0	2	0	1	0	0	0	0	0	0	1	3	0	1	0	1	0	15794779130667177542
Effect4.Api.hostReasons	api_host_reasons	false	3	0	0	0	0	1	0	0	0	0	3	0	0	0	0	0	0	0	0	1	3	0	0	0	1	0	7710475183915582262
Effect4.Api.timerReasons	api_timer_reasons	false	2	0	0	0	4	1	0	0	0	0	2	0	0	0	0	0	0	0	0	1	2	0	4	0	1	0	5331254207316368422
Effect4.Api.hasRunnable	api_has_runnable	false	1	0	0	0	1	1	0	0	0	0	1	0	0	0	0	0	0	0	0	0	1	0	1	0	1	0	16725060698137984415
Effect4.Machine.finExit._redArg	fin_exit	false	5	0	0	0	2	3	0	0	0	0	5	0	0	0	0	0	0	0	0	13	3	0	2	2	1	0	13647692196439575444
Effect4.Exit.void	exit__void	false	2	0	0	0	0	1	0	0	0	0	2	0	0	0	0	0	0	0	0	5	1	0	0	0	1	0	5871985019515252759
Effect4.Program.runStmts	program_run_stmts	true	63	0	1	2	13	14	0	2	0	0	61	0	2	0	0	0	0	0	0	81	135	0	25	2	1	0	12438272182861262719
Effect4.Program.embedStep	program_embed_step	false	5	0	0	0	1	3	0	0	0	0	5	0	0	0	0	0	0	0	0	24	6	0	3	0	1	0	8428449689446539325
Effect4.Program.loopNextAt	program_loop_next_at	false	15	0	1	2	6	4	0	1	0	0	14	0	1	0	0	0	0	0	0	10	21	0	8	2	1	0	6445432497647134531
Effect4.Program.loopResumeAt	program_loop_resume_at	false	11	0	0	0	5	3	0	0	0	0	11	0	0	0	0	0	0	0	0	7	15	0	7	0	1	0	5325654463557320377
Effect4.Program.cancelProgramOf	program_cancel_program_of	false	10	0	1	2	2	4	0	0	0	0	10	0	0	0	0	0	0	0	0	14	13	0	4	2	1	0	12298872831998226143
Effect4.Program.embed	program_embed	true	41	0	0	0	2	19	0	0	0	0	41	0	0	0	0	0	0	0	0	135	53	0	20	0	1	0	9135394307271402944
Effect4.Program.actionAt	program_action_at	false	127	0	0	0	38	54	0	9	0	0	118	0	3	0	6	0	0	0	0	237	147	0	73	18	1	0	1572125877043702857
Effect4.Program.forkScopedAt	program_fork_scoped_at	false	12	0	0	0	5	5	0	1	0	0	11	0	1	0	0	0	0	0	0	15	13	0	5	4	1	0	5005534021156189596
Effect4.Machine.actionOf	action_of	false	31	0	0	0	1	22	0	0	0	0	31	0	0	0	0	0	0	0	0	200	37	0	22	0	1	0	9072783986700437728
Effect4.Program.embedAction	program_embed_action	false	31	0	0	0	1	23	0	0	0	0	31	0	0	0	0	0	0	0	0	209	36	0	23	0	1	0	14860968297398587519
Effect4.Program.resolve	program_resolve	false	5	0	0	0	3	3	0	0	0	0	5	0	0	0	0	0	0	0	0	1	5	0	3	2	1	0	7261341979395606169
Effect4.Program.resolveLayer	program_resolve_layer	false	5	0	0	0	3	3	0	0	0	0	5	0	0	0	0	0	0	0	0	1	8	0	3	2	1	0	11607604038877138060
Effect4.Machine.syncOpStep	sync_op_step	false	170	0	1	2	45	30	0	15	0	0	155	0	7	0	8	0	0	0	0	94	334	0	74	1	1	0	6435417615396454360
Effect4.Machine.DeferredStore.register	deferred_store_register	false	9	0	0	0	3	3	0	0	0	0	9	0	0	0	0	0	0	0	0	7	17	0	5	0	1	0	18156710443749917182
Effect4.Machine.TimerStore.sleep	timer_store_sleep	false	3	0	0	0	1	1	0	0	0	0	3	0	0	0	0	0	0	0	0	0	9	0	1	0	1	0	9469245757733672513
Effect4.Program.externalRow	program_external_row	false	9	0	0	0	4	4	0	0	0	0	9	0	0	0	0	0	0	0	0	3	8	0	7	0	1	0	15083291120018095328
Effect4.Program.externalAdmits	program_external_admits	false	8	0	0	0	6	5	0	0	0	0	8	0	0	0	0	0	0	0	0	0	9	0	8	2	1	0	13034168598937493547
Effect4.Machine.completionPrim	completion_prim	false	4	0	0	0	1	2	0	0	0	0	4	0	0	0	0	0	0	0	0	7	4	0	2	0	1	0	11941419879888509188
Effect4.Machine.DeferredStore.drainDue	deferred_store_drain_due	false	3	0	0	0	1	1	0	0	0	0	3	0	0	0	0	0	0	0	0	3	4	0	1	0	1	0	10742300352817016169
List.mapTR.loop._at_.Effect4.Program.interpOf.spec_0	list_map_tr_loop_at_program_interp_of_spec_0	true	5	0	0	0	1	2	0	0	0	0	5	0	0	0	0	0	0	0	0	1	7	0	2	0	1	0	4179964441280169228
Effect4.Machine.TimerStore.clockStep._redArg	timer_store_clock_step	false	8	0	1	2	6	2	0	0	0	0	8	0	0	0	0	0	0	0	0	6	18	0	8	0	1	0	12933771699996508445
Effect4.Machine.Owed.mapCode._redArg	owed_map_code	false	2	0	0	0	1	1	0	0	0	0	1	1	0	0	0	0	0	0	0	1	5	0	1	0	1	0	6690662126676402873
Effect4.Machine.raceSettleProgram	race_settle_program	false	8	0	0	0	1	2	0	0	0	0	8	0	0	0	0	0	0	0	0	14	9	0	2	0	1	0	4751250427598913116
Effect4.Program.Point.childWith	program_point_child_with	false	8	0	0	0	1	1	0	1	0	0	7	0	1	0	0	0	0	0	0	3	16	0	1	0	1	0	4724537948514711340
Effect4.Machine.finProgram	fin_program	false	39	0	0	0	4	13	0	0	0	0	39	0	0	0	0	0	0	0	0	99	45	0	16	0	1	0	5186975237059240151
Effect4.Machine.ScopeStore.status	scope_store_status	false	4	0	0	0	2	2	0	0	0	0	4	0	0	0	0	0	0	0	0	2	4	0	3	0	1	0	13587973608528675412
Effect4.Machine.ScopeStore.addFinalizer	scope_store_add_finalizer	false	8	0	0	0	3	2	0	0	0	0	8	0	0	0	0	0	0	0	0	8	14	0	4	0	1	0	1355476604413656845
List.find?._at_.Effect4.Machine.ScopeStore.entryAt.spec_0	list_find_opt_at_scope_store_entry_at_spec_0	true	4	0	0	0	3	3	0	0	0	0	4	0	0	0	0	0	0	0	0	2	5	0	5	0	1	0	11128814444115979047
Effect4.Machine.ScopeStore.removeFinalizer	scope_store_remove_finalizer	false	4	0	0	0	2	2	0	0	0	0	4	0	0	0	0	0	0	0	0	0	8	0	3	0	1	0	10133633725205480817
Effect4.Machine.storesCloseScope._redArg	stores_close_scope	false	8	0	0	0	3	3	0	0	0	0	8	0	0	0	0	0	0	0	0	14	10	0	5	0	1	0	7069527067913427647
Effect4.Prim.ofExit._redArg	prim_of_exit	false	2	0	0	0	1	2	0	0	0	0	2	0	0	0	0	0	0	0	0	14	2	0	2	0	1	0	16389009817197033351
Effect4.Machine.ctxImage	ctx_image	false	3	0	0	0	0	1	0	0	0	0	3	0	0	0	0	0	0	0	0	3	2	0	0	0	1	0	1220202135958188048
Effect4.Machine.Value.fiberHandle	value_fiber_handle	false	5	0	0	0	0	1	0	0	0	0	5	0	0	0	0	0	0	0	0	0	4	0	0	0	1	0	18370276275938341816
Effect4.Store.Image.list._redArg	store_image_list	false	3	0	0	0	0	1	0	0	0	0	3	0	0	0	0	0	0	0	0	5	4	0	0	0	1	0	6958140521904254051
Effect4.Program.badShape	program_bad_shape	false	3	0	0	0	0	1	0	0	0	0	3	0	0	0	0	0	0	0	0	7	2	0	0	0	1	0	3715930240904741526
Effect4.Machine.Val.context?	val__context_opt	false	2	0	0	0	1	1	0	0	0	0	1	1	0	0	0	0	0	0	0	0	1	0	1	0	1	0	8662259493342062632
Effect4.Machine.Ctx.withScope	ctx_with_scope	false	4	0	0	0	0	1	0	1	0	0	3	0	0	0	1	0	0	0	0	0	5	0	0	0	1	0	15000608429674761895
Effect4.Program.Point.child	program_point_child	false	6	0	0	0	1	1	0	1	0	0	5	0	1	0	0	0	0	0	0	2	12	0	1	0	1	0	16094098447165066956
Effect4.Machine.contAOf	cont_aof	false	77	0	6	23	30	21	0	7	0	0	67	3	5	0	2	0	0	0	0	148	75	0	50	17	1	0	9468266646921133931
Effect4.Program.Point.capture	program_point_capture	false	4	0	0	0	1	1	0	0	0	0	4	0	0	0	0	0	0	0	0	2	10	0	1	0	1	0	13641579144812640077
Effect4.Store.Val.beq	store_val__beq	true	30	0	0	0	19	30	0	0	0	0	30	0	0	0	0	0	0	0	0	0	28	0	36	12	1	0	3487890316456826916
Effect4.Program.exitOfVal	program_exit_of_val	false	2	0	0	0	1	1	0	0	0	0	1	1	0	0	0	0	0	0	0	0	1	0	1	0	1	0	15745066817858928315
Effect4.Program.provideLayerWithK	program_provide_layer_with_k	false	24	0	1	2	5	4	0	2	0	0	22	0	2	0	0	0	0	0	0	44	28	0	6	3	1	0	6401171261153135997
Effect4.Program.provideLayerBodyK	program_provide_layer_body_k	false	10	0	0	0	2	3	0	1	0	0	9	0	1	0	0	0	0	0	0	0	11	0	4	0	1	0	6911150412877684965
Effect4.Program.updateThenK	program_update_then_k	false	10	0	0	0	3	3	0	0	0	0	10	0	0	0	0	0	0	0	0	14	14	0	5	0	1	0	17221382547325186453
Effect4.Program.regionCode	program_region_code	false	8	0	0	0	1	4	0	0	0	0	8	0	0	0	0	0	0	0	0	14	18	0	4	0	1	0	7237876461778818255
Effect4.Program.buildWithScopeK	program_build_with_scope_k	false	8	0	0	0	2	2	0	0	0	0	8	0	0	0	0	0	0	0	0	14	9	0	3	0	1	0	4331052505822133579
Effect4.Machine.Env.currentMemoMapKey	env_current_memo_map_key	false	2	0	0	0	0	1	0	1	0	0	1	0	1	0	0	0	0	0	0	0	2	0	0	0	1	0	2580947289173894149
Effect4.Program.updateContextAt	program_update_context_at	false	4	0	0	0	0	1	0	0	0	0	4	0	0	0	0	0	0	0	0	14	5	0	0	0	1	0	9014412789583495083
Effect4.Program.addCurrentMemoMapK	program_add_current_memo_map_k	false	8	0	0	0	1	2	0	1	0	0	7	0	0	0	1	0	0	0	0	7	8	0	2	0	1	0	13853512304930195951
Effect4.Program.innerLayerAt	program_inner_layer_at	false	33	0	0	0	4	9	0	2	0	0	31	0	2	0	0	0	0	0	0	57	55	0	9	3	1	0	12580566755786275943
Effect4.Program.scopeAddAt	program_scope_add_at	false	6	0	0	0	0	1	0	0	0	0	6	0	0	0	0	0	0	0	0	14	8	0	0	0	1	0	16966197971070466389
Effect4.Program.constructionAt	program_construction_at	false	23	0	0	0	4	5	0	4	0	0	19	0	2	0	2	0	0	0	0	3	24	0	5	3	1	0	10881381431913821587
Effect4.Program.provideThenK	program_provide_then_k	false	9	0	0	0	1	2	0	1	0	0	8	0	1	0	0	0	0	0	0	7	13	0	2	0	1	0	5564806315031448532
Effect4.Program.combineWithK	program_combine_with_k	false	7	0	0	0	2	3	0	0	0	0	7	0	0	0	0	0	0	0	0	14	7	0	4	0	1	0	13352638139752852577
Effect4.Program.mergeAllCount	program_merge_all_count	false	6	0	0	0	4	4	0	3	0	0	3	0	3	0	0	0	0	0	0	1	4	0	4	3	1	0	16697381671322121648
Effect4.Program.Point.spineChild	program_point_spine_child	false	5	0	0	0	0	1	0	1	0	0	4	0	1	0	0	0	0	0	0	0	7	0	0	0	1	0	6468618018210663266
Effect4.Program.mergeContextsK	program_merge_contexts_k	false	8	0	0	0	2	3	0	0	0	0	8	0	0	0	0	0	0	0	0	15	7	0	4	0	1	0	5846840853769631002
Effect4.Program.serviceLookupK	program_service_lookup_k	false	7	0	0	0	3	3	0	0	0	0	7	0	0	0	0	0	0	0	0	14	6	0	5	0	1	0	16244031025342925135
Effect4.Program.bindServiceK	program_bind_service_k	false	7	0	0	0	1	2	0	0	0	0	7	0	0	0	0	0	0	0	0	16	7	0	2	0	1	0	378849059273872064
Effect4.Exit.restoreAfterFinalizer._at_.Effect4.Machine.contEOf.spec_0._redArg	exit__restore_after_finalizer_at_cont_eof_spec_0	false	2	0	0	0	1	2	0	0	0	0	2	0	0	0	0	0	0	0	0	5	3	0	2	0	1	0	8461391928508696264
Effect4.Machine.causeImage	cause_image	false	5	0	0	0	0	1	0	0	0	0	5	0	0	0	0	0	0	0	0	0	4	0	0	0	1	0	8011377342251308461
Effect4.Program.Node.at_._redArg	program_node_at_	true	3	0	0	0	2	3	0	0	0	0	3	0	0	0	0	0	0	0	0	1	5	0	4	0	1	0	10179167379475884930
Effect4.Program.caughtErrorValue?	program_caught_error_value_opt	false	11	0	0	0	2	3	0	0	0	0	11	0	0	0	0	0	0	0	0	4	12	0	4	0	1	0	13535546277367969706
Effect4.Machine.contEOf	cont_eof	false	5	0	1	2	1	3	0	0	0	0	5	0	0	0	0	0	0	0	0	19	10	0	3	1	1	0	10041854189982328950
Effect4.Program.orDieCause	program_or_die_cause	false	3	0	0	0	1	2	0	0	0	0	3	0	0	0	0	0	0	0	0	0	3	0	2	0	1	0	14494635787514872818
Effect4.Program.evalTerm	program_eval_term	true	5	0	0	0	2	4	0	0	0	0	5	0	0	0	0	0	0	0	0	1	7	0	5	0	1	0	16779532145856841930
Effect4.Cause.die._redArg	cause_die	false	3	0	0	0	0	1	0	0	0	0	3	0	0	0	0	0	0	0	0	6	4	0	0	0	1	0	10096065514257342593
Effect4.Program.frontier	program_frontier	false	2	0	0	0	0	1	0	0	0	0	2	0	0	0	0	0	0	0	0	7	2	0	0	0	1	0	10259387794993651991
Effect4.Program.Decision.decide	program_decision_decide	false	21	0	0	0	4	7	0	0	0	0	21	0	0	0	0	0	0	0	0	21	19	0	8	2	1	0	8205567252598851351
Effect4.Program.Point.childBind	program_point_child_bind	false	2	0	0	0	1	2	0	0	0	0	2	0	0	0	0	0	0	0	0	0	5	0	2	0	1	0	5900893559955576992
Effect4.Program.compileEff	program_compile_eff	true	89	0	1	3	17	35	0	2	0	0	87	0	1	0	1	0	0	0	0	161	117	0	48	5	1	0	13274814522809716433
Effect4.Machine.progOf	prog_of	true	91	0	0	0	2	27	0	0	0	0	91	0	0	0	0	0	0	0	0	221	109	0	28	0	1	0	9809952371676580223
Effect4.Program.Point.ofCapture	program_point_of_capture	false	1	0	0	0	1	1	0	0	0	0	1	0	0	0	0	0	0	0	0	0	6	0	1	0	1	0	6782708975492097927
Effect4.Machine.DeferredStore.wakeBatch	deferred_store_wake_batch	false	14	0	0	0	8	3	0	0	0	0	14	0	0	0	0	0	0	0	0	3	26	0	10	0	1	0	5081476932235615377
Effect4.Machine.Env.ambientScope	env_ambient_scope	false	3	0	0	0	0	1	0	0	0	0	3	0	0	0	0	0	0	0	0	0	3	0	0	0	1	0	11381641479029783834
List.mapTR.loop._at_.Effect4.Machine.exitsVal.spec_0	list_map_tr_loop_at_exits_val_spec_0	true	4	0	0	0	1	2	0	0	0	0	4	0	0	0	0	0	0	0	0	1	6	0	2	0	1	0	9357698972288772276
Effect4.Machine.stackKey	stack_key	false	10	0	0	0	3	4	0	7	0	0	3	0	3	4	0	0	0	0	0	0	6	0	6	0	1	0	1973622085188268693
Effect4.Program.externalValue	program_external_value	false	18	0	3	6	7	5	0	1	0	0	17	0	0	0	1	0	0	0	0	11	25	0	12	2	1	0	15565347994149897455
Effect4.Machine.TimerStore.empty	timer_store_empty	false	4	0	0	0	0	1	0	1	0	0	3	0	1	0	0	0	0	0	0	2	3	0	0	0	1	0	9463689910263713594
Effect4.Machine.ExternalStore.empty	external_store_empty	false	3	0	0	0	0	1	0	0	0	0	3	0	0	0	0	0	0	0	0	2	3	0	0	0	1	0	8608854234781112037
Effect4.Machine.stores._lam_0	stores__lam_0	false	1	0	0	0	0	1	0	0	0	0	1	0	0	0	0	0	0	0	0	0	0	0	0	0	1	0	7789425584304812746
Effect4.Machine.stores._lam_1	stores__lam_1	false	4	0	0	0	1	2	0	0	0	0	4	0	0	0	0	0	0	0	0	7	3	0	1	1	1	0	14498014103019415435
Effect4.Machine.stores._lam_2	stores__lam_2	false	2	0	0	0	1	2	0	0	0	0	2	0	0	0	0	0	0	0	0	4	1	0	1	1	1	0	12053941276690748165
Effect4.Machine.stores._lam_3	stores__lam_3	false	10	0	0	0	1	3	0	0	0	0	10	0	0	0	0	0	0	0	0	17	13	0	2	1	1	0	4332604437382023818
Effect4.Machine.stores._lam_4	stores__lam_4	false	3	0	0	0	0	1	0	0	0	0	3	0	0	0	0	0	0	0	0	9	2	0	0	0	1	0	11240145214582283210
Effect4.Machine.stores._lam_5	stores__lam_5	false	3	0	0	0	0	1	0	0	0	0	3	0	0	0	0	0	0	0	0	9	2	0	0	0	1	0	3757516908157029439
Effect4.Machine.stores._lam_6	stores__lam_6	false	3	0	0	0	0	1	0	0	0	0	3	0	0	0	0	0	0	0	0	7	4	0	0	0	1	0	1715520550431554819
Effect4.Machine.stores._lam_7	stores__lam_7	false	4	0	0	0	2	3	0	0	0	0	4	0	0	0	0	0	0	0	0	5	2	0	2	2	1	0	9938353437355093439
Effect4.Machine.stores._lam_8	stores__lam_8	false	2	0	0	0	0	1	0	0	0	0	2	0	0	0	0	0	0	0	0	7	2	0	0	0	1	0	15080362259896569096
Effect4.Machine.stores._lam_9	stores__lam_9	false	3	0	0	0	0	1	0	0	0	0	3	0	0	0	0	0	0	0	0	7	3	0	0	0	1	0	2174223043049196522
Effect4.Machine.stores._lam_10	stores__lam_10	false	3	0	0	0	0	1	0	0	0	0	3	0	0	0	0	0	0	0	0	7	4	0	0	0	1	0	6466598101083169771
Effect4.Machine.stores._lam_11	stores__lam_11	false	4	0	0	0	0	1	0	0	0	0	4	0	0	0	0	0	0	0	0	8	4	0	0	0	1	0	6499508712925118390
Effect4.Machine.stores._lam_12	stores__lam_12	false	3	0	0	0	1	2	0	0	0	0	3	0	0	0	0	0	0	0	0	2	2	0	1	1	1	0	18100125582710394020
Effect4.Machine.stores._lam_13	stores__lam_13	false	2	0	0	0	1	2	0	0	0	0	2	0	0	0	0	0	0	0	0	1	2	0	1	1	1	0	1830781834289264160
Effect4.Machine.stores._lam_14	stores__lam_14	false	9	0	0	0	4	3	0	0	0	0	9	0	0	0	0	0	0	0	0	8	28	0	5	1	1	0	14234720083400349091
Effect4.Machine.stores._lam_15	stores__lam_15	false	3	0	0	0	2	1	0	0	0	0	3	0	0	0	0	0	0	0	0	2	10	0	2	0	1	0	2116993309427679930
Effect4.Machine.stores._lam_16	stores__lam_16	false	5	0	0	0	2	1	0	0	0	0	5	0	0	0	0	0	0	0	0	9	13	0	2	0	1	0	15949863573261318267
Effect4.Machine.stores._lam_17	stores__lam_17	false	1	0	0	0	0	1	0	0	0	0	1	0	0	0	0	0	0	0	0	0	3	0	0	0	1	0	3523558358379696408
Effect4.Machine.stores._lam_18	stores__lam_18	false	1	0	0	0	0	1	0	0	0	0	1	0	0	0	0	0	0	0	0	0	1	0	0	0	1	0	10746380334777759781
Effect4.Machine.stores._lam_19	stores__lam_19	false	3	0	0	0	1	2	0	0	0	0	3	0	0	0	0	0	0	0	0	2	3	0	1	1	1	0	4602450771254212934
Effect4.Machine.stores._lam_20	stores__lam_20	false	1	0	0	0	0	1	0	0	0	0	1	0	0	0	0	0	0	0	0	0	1	0	0	0	1	0	3837779095867019441
Effect4.Machine.stores._lam_21	stores__lam_21	false	1	0	0	0	0	1	0	0	0	0	1	0	0	0	0	0	0	0	0	0	1	0	0	0	1	0	11372967696146246536
Effect4.Machine.stores._lam_22	stores__lam_22	false	1	0	0	0	1	1	0	0	0	0	1	0	0	0	0	0	0	0	0	0	2	0	1	0	1	0	12493402714799939311
Effect4.Machine.stores._lam_23	stores__lam_23	false	11	0	1	2	4	2	0	1	0	0	10	0	1	0	0	0	0	0	0	4	22	0	6	0	1	0	17625896015908567171
Effect4.Machine.stores._lam_24	stores__lam_24	false	5	0	0	0	2	2	0	0	0	0	5	0	0	0	0	0	0	0	0	2	13	0	3	0	1	0	7766425152291697467
Effect4.Machine.stores._lam_25	stores__lam_25	false	1	0	0	0	0	1	0	0	0	0	1	0	0	0	0	0	0	0	0	0	3	0	0	0	1	0	16121125822629802223
Effect4.Machine.stores._lam_26	stores__lam_26	false	1	0	0	0	1	1	0	0	0	0	1	0	0	0	0	0	0	0	0	2	2	0	1	0	1	0	698053316694139818
Effect4.Machine.stores._lam_27	stores__lam_27	false	3	0	0	0	1	2	0	0	0	0	3	0	0	0	0	0	0	0	0	7	3	0	2	0	1	0	5537433887149447690
Effect4.Machine.stores._lam_28	stores__lam_28	false	1	0	0	0	0	1	0	0	0	0	1	0	0	0	0	0	0	0	0	0	1	0	0	0	1	0	18008026986673568593
Effect4.Machine.stores._lam_29	stores__lam_29	false	2	0	0	0	0	1	0	0	0	0	2	0	0	0	0	0	0	0	0	2	3	0	0	0	1	0	11308849565572027086
Effect4.Machine.stores._lam_30	stores__lam_30	false	2	0	0	0	1	1	0	0	0	0	1	1	0	0	0	0	0	0	0	0	1	0	1	0	1	0	2206090895476143728
Effect4.Machine.stores._lam_31	stores__lam_31	false	2	0	0	0	0	1	0	1	0	0	1	0	0	0	1	0	0	0	0	0	2	0	0	0	1	0	15215801763169742465
Effect4.Machine.stores._lam_32	stores__lam_32	false	7	0	0	0	1	1	0	1	0	0	5	1	1	0	0	0	0	0	0	2	6	0	1	0	1	0	9653398562480672272
Effect4.Machine.stores._lam_33	stores__lam_33	false	2	0	0	0	0	1	0	1	0	0	1	0	0	0	1	0	0	0	0	0	2	0	0	0	1	0	18207028595925987651
Effect4.Machine.stores._lam_34	stores__lam_34	false	0	0	0	0	0	1	0	0	0	0	0	0	0	0	0	0	0	0	0	0	0	0	0	0	1	0	5875090116778185590
Effect4.Program.compile	program_compile	false	2	0	0	0	0	1	0	0	0	0	2	0	0	0	0	0	0	0	0	0	4	0	0	0	1	0	5239775195872838985
Effect4.FrameFiber.start._redArg	frame_fiber_start	false	5	0	0	0	0	1	0	0	0	0	5	0	0	0	0	0	0	0	0	9	5	0	0	0	1	0	3291132376420014903
Effect4.Machine.Dispatcher.empty	dispatcher_empty	false	3	0	0	0	0	1	0	0	0	0	3	0	0	0	0	0	0	0	0	9	2	0	0	0	1	0	7000260313920518814
List.all._at_.Effect4.Machine.RunMachine.finished.spec_0._redArg	list_all_at_run_machine_finished_spec_0	true	3	0	0	0	3	3	0	0	0	0	3	0	0	0	0	0	0	0	0	0	1	0	5	0	1	0	6094533398519561807
Effect4.Machine.fireState._at_.Effect4.Machine.stepDecisionState._at_.Effect4.Program.replayCheckedFrom.spec_1.spec_1	fire_state_at_step_decision_state_at_program_replay_checked_from_spec_1_spec_1	false	13	0	0	0	3	2	0	0	0	0	13	0	0	0	0	0	0	0	0	23	35	0	4	0	1	0	2085205725558129875
Effect4.Machine.flushAllState._at_.Effect4.Machine.stepDecisionState._at_.Effect4.Program.replayCheckedFrom.spec_1.spec_2	flush_all_state_at_step_decision_state_at_program_replay_checked_from_spec_1_spec_2	true	14	0	0	0	9	7	0	2	0	0	12	0	2	0	0	0	0	0	0	10	27	0	15	0	1	0	11840682026327784468
Effect4.Machine.driveState._at_.Effect4.Machine.stepDecisionState._at_.Effect4.Program.replayCheckedFrom.spec_1.spec_3	drive_state_at_step_decision_state_at_program_replay_checked_from_spec_1_spec_3	true	9	0	0	0	5	4	0	2	0	0	7	0	2	0	0	0	0	0	0	6	22	0	8	0	1	0	3470028514101087873
Effect4.Machine.stepDecisionState.loop._redArg	step_decision_state_loop	false	2	0	0	0	1	1	0	0	0	0	2	0	0	0	0	0	0	0	0	2	3	0	1	0	1	0	1050575363077463747
Effect4.Machine.stepDecisionState._at_.Effect4.Program.replayCheckedFrom.spec_1._lam_0	step_decision_state_at_program_replay_checked_from_spec_1__lam_0	false	2	0	0	0	1	1	0	0	0	0	2	0	0	0	0	0	0	0	0	11	16	0	1	0	1	0	9467338785133088186
Effect4.Machine.RunMachine.modify._redArg	run_machine_modify	false	3	0	0	0	1	2	0	0	0	0	2	1	0	0	0	0	0	0	0	0	5	0	2	0	1	0	2050510441136222151
Effect4.Machine.prepareAsyncAnswer._at_.Effect4.Machine.stepDecisionState._at_.Effect4.Program.replayCheckedFrom.spec_1.spec_4._redArg	prepare_async_answer_at_step_decision_state_at_program_replay_checked_from_spec_1_spec_4	false	9	0	1	3	8	2	0	0	0	0	7	2	0	0	0	0	0	0	0	5	15	0	11	0	1	0	15960464476625978444
Effect4.Machine.RunMachine.fiber?._redArg	run_machine_fiber_opt	false	1	0	0	0	1	1	0	0	0	0	1	0	0	0	0	0	0	0	0	0	2	0	1	0	1	0	16875794996647587081
Effect4.Machine.interruptRecord._at_.Effect4.Machine.stepDecisionState._at_.Effect4.Program.replayCheckedFrom.spec_1.spec_5._redArg	interrupt_record_at_step_decision_state_at_program_replay_checked_from_spec_1_spec_5	false	21	0	1	2	7	4	0	0	0	0	20	1	0	0	0	0	0	0	0	68	81	0	11	0	1	0	13877441906859917854
Effect4.Machine.RunMachine.update._redArg	run_machine_update	false	3	0	0	0	1	1	0	0	0	0	3	0	0	0	0	0	0	0	0	13	13	0	1	0	1	0	1357398055288855138
Effect4.Machine.RunMachine.emit._redArg	run_machine_emit	false	4	0	0	0	2	2	0	0	0	0	4	0	0	0	0	0	0	0	0	24	23	0	3	0	1	0	14150212693949482746
Effect4.Machine.advanceState._at_.Effect4.Machine.stepDecisionState._at_.Effect4.Program.replayCheckedFrom.spec_1.spec_6	advance_state_at_step_decision_state_at_program_replay_checked_from_spec_1_spec_6	true	24	0	0	0	12	6	0	2	0	0	21	1	2	0	0	0	0	0	0	43	62	0	17	0	1	0	2632364629135739836
List.filterMapTR.go._at_.Effect4.Api.compileReasons.spec_0	list_filter_map_tr_go_at_api_compile_reasons_spec_0	true	6	0	0	0	4	3	0	0	0	0	6	0	0	0	0	0	0	0	0	2	9	0	6	0	1	0	17921611148020990307
Effect4.Program.awaits	program_awaits	false	3	0	0	0	1	1	0	1	0	0	2	0	1	0	0	0	0	0	0	1	4	0	1	0	1	0	3832069832929886297
List.mapTR.loop._at_.Effect4.Api.hostReasons.spec_0	list_map_tr_loop_at_api_host_reasons_spec_0	true	5	0	0	0	3	2	0	0	0	0	5	0	0	0	0	0	0	0	0	1	8	0	4	0	1	0	6788661333917348269
List.mapTR.loop._at_.Effect4.Api.timerReasons.spec_0	list_map_tr_loop_at_api_timer_reasons_spec_0	true	4	0	0	0	2	2	0	0	0	0	4	0	0	0	0	0	0	0	0	1	7	0	3	0	1	0	2803667897596987562
List.any._at_.Effect4.Api.hasRunnable.spec_0	list_any_at_api_has_runnable_spec_0	true	5	0	0	0	4	4	0	0	0	0	5	0	0	0	0	0	0	0	0	0	4	0	7	0	1	0	12570895381382974816
Effect4.Cause.fail._redArg	cause_fail	false	3	0	0	0	0	1	0	0	0	0	3	0	0	0	0	0	0	0	0	6	4	0	0	0	1	0	10725284236957434704
Effect4.Program.blockAt	program_block_at	false	10	0	0	0	3	3	0	1	0	0	9	0	1	0	0	0	0	0	0	6	10	0	3	2	1	0	184904981709992527
Effect4.Program.blockExit	program_block_exit	false	25	0	1	4	9	5	0	2	0	0	23	0	2	0	0	0	0	0	0	15	33	0	10	6	1	0	2250406294561686964
Effect4.Program.runStmts.yieldOf	program_run_stmts_yield_of	true	26	0	1	2	3	3	0	2	0	0	24	0	2	0	0	0	0	0	0	27	60	0	5	1	1	0	9982591147031220663
Effect4.Program.loopExit	program_loop_exit	true	27	0	0	0	10	9	0	2	0	0	25	0	2	0	0	0	0	0	0	11	50	0	12	6	1	0	17591923293251353940
Effect4.Program.loopAt	program_loop_at	false	8	0	0	0	4	4	0	0	0	0	8	0	0	0	0	0	0	0	0	9	8	0	4	3	1	0	15429180723795619312
Effect4.Program.loopFinishAt	program_loop_finish_at	false	8	0	0	0	3	3	0	0	0	0	8	0	0	0	0	0	0	0	0	9	9	0	5	0	1	0	1796425931422210212
Effect4.Machine.cancelProgram	cancel_program	false	14	0	1	2	2	5	0	0	0	0	14	0	0	0	0	0	0	0	0	35	16	0	5	2	1	0	2276323517876579053
Effect4.Program.actionAt._lam_0	program_action_at__lam_0	false	11	0	1	4	6	3	0	1	0	0	9	1	1	0	0	0	0	0	0	2	15	0	8	3	1	0	2280287150273886411
Effect4.Program.actionAt.entrants	program_action_at_entrants	true	8	0	0	0	1	2	0	2	0	0	6	0	2	0	0	0	0	0	0	2	10	0	2	0	1	0	7610149358588233598
Effect4.Machine.raceEntrants	race_entrants	false	43	0	0	0	1	6	0	9	0	0	34	0	9	0	0	0	0	0	0	15	37	0	6	0	1	0	10353363836203981049
List.mapTR.loop._at_.Effect4.Machine.actionOf.spec_0	list_map_tr_loop_at_action_of_spec_0	true	4	0	0	0	1	2	0	0	0	0	4	0	0	0	0	0	0	0	0	1	6	0	2	0	1	0	5836278942687405935
List.mapTR.loop._at_.Effect4.Machine.actionOf.spec_1	list_map_tr_loop_at_action_of_spec_1	true	4	0	0	0	1	2	0	0	0	0	4	0	0	0	0	0	0	0	0	1	8	0	2	0	1	0	10587064495400455882
List.mapTR.loop._at_.Effect4.Program.embedAction.spec_0	list_map_tr_loop_at_program_embed_action_spec_0	true	4	0	0	0	1	2	0	0	0	0	4	0	0	0	0	0	0	0	0	1	6	0	2	0	1	0	12368721597047047535
Effect4.Program.resolveLayer.resolveLayerTerm	program_resolve_layer_resolve_layer_term	false	11	0	0	0	7	6	0	1	0	0	10	0	1	0	0	0	0	0	0	1	16	0	8	4	1	0	6028833558550435551
Effect4.Machine.DeferredStore.make	deferred_store_make	false	9	0	0	0	1	1	0	0	0	0	9	0	0	0	0	0	0	0	0	6	11	0	1	0	1	0	5715737910072980092
Effect4.Machine.DeferredStore.isDone	deferred_store_is_done	false	6	0	0	0	3	3	0	0	0	0	6	0	0	0	0	0	0	0	0	3	4	0	5	0	1	0	18076230505796002785
Effect4.Machine.DeferredStore.poll	deferred_store_poll	false	3	0	0	0	2	2	0	0	0	0	3	0	0	0	0	0	0	0	0	2	3	0	3	0	1	0	8614585544198006657
Effect4.Machine.DeferredStore.complete	deferred_store_complete	false	15	0	0	0	6	3	0	0	0	0	15	0	0	0	0	0	0	0	0	8	22	0	8	0	1	0	12432857754693684456
Effect4.Cause.interrupt._redArg	cause_interrupt	false	3	0	0	0	0	1	0	0	0	0	3	0	0	0	0	0	0	0	0	6	4	0	0	0	1	0	9207850800561856016
Effect4.Machine.DeferredStore.cancel	deferred_store_cancel	false	4	0	0	0	3	2	0	0	0	0	4	0	0	0	0	0	0	0	0	0	10	0	4	0	1	0	7560642485418508620
Effect4.Machine.TimerStore.cancel	timer_store_cancel	false	2	0	0	0	2	1	0	0	0	0	2	0	0	0	0	0	0	0	0	0	6	0	2	0	1	0	9764682363141970289
Effect4.Machine.ScopeStore.make	scope_store_make	false	5	0	0	0	0	1	0	0	0	0	5	0	0	0	0	0	0	0	0	2	7	0	0	0	1	0	15168846018083593035
Effect4.Scope.closingExit?._redArg	scope_closing_exit_opt	false	1	0	0	0	1	1	0	0	0	0	1	0	0	0	0	0	0	0	0	0	1	0	1	0	1	0	15970080174521194172
Effect4.Scope.addUnsafe._at_.Effect4.Scope.addExit._at_.Effect4.Machine.ScopeStore.addFinalizer.spec_0.spec_0._redArg	scope_add_unsafe_at_scope_add_exit_at_scope_store_add_finalizer_spec_0_spec_0	false	2	0	0	0	1	1	0	0	0	0	2	0	0	0	0	0	0	0	0	7	5	0	1	0	1	0	9934168748682949452
Effect4.Machine.ScopeStore.setEntry	scope_store_set_entry	false	2	0	0	0	0	1	0	0	0	0	2	0	0	0	0	0	0	0	0	1	3	0	0	0	1	0	12761057152733136797
Effect4.Scope.isClosed._redArg	scope_is_closed	false	1	0	0	0	1	1	0	0	0	0	1	0	0	0	0	0	0	0	0	0	1	0	1	0	1	0	5178395835239141857
Effect4.Machine.ScopeStore.forkChild	scope_store_fork_child	false	10	0	0	0	3	2	0	0	0	0	10	0	0	0	0	0	0	0	0	2	20	0	4	0	1	0	8814404693957012863
Effect4.Machine.MemoWorld.get	memo_world_get	false	4	0	0	0	0	1	0	1	0	0	3	0	1	0	0	0	0	0	0	0	7	0	0	0	1	0	14540793992013320567
Effect4.Machine.syncOpStep._lam_0	sync_op_step__lam_0	false	3	0	0	0	1	1	0	1	0	0	2	0	1	0	0	0	0	0	0	0	7	0	1	0	1	0	8011996962090277963
Effect4.Machine.MemoWorld.updateEntry	memo_world_update_entry	false	5	0	0	0	2	2	0	0	0	0	5	0	0	0	0	0	0	0	0	1	11	0	3	0	1	0	17023196141301387690
Effect4.Machine.MemoWorld.insertEntry	memo_world_insert_entry	false	7	0	0	0	2	2	0	0	0	0	7	0	0	0	0	0	0	0	0	4	13	0	3	0	1	0	2201801107694509760
Effect4.Machine.MemoWorld.entryAt	memo_world_entry_at	false	5	0	0	0	4	3	0	0	0	0	5	0	0	0	0	0	0	0	0	3	5	0	6	0	1	0	15868151588380298666
Effect4.Machine.syncOpStep._lam_1	sync_op_step__lam_1	false	2	0	0	0	1	1	0	0	0	0	2	0	0	0	0	0	0	0	0	0	6	0	1	0	1	0	12843200179160473575
Effect4.Machine.syncOpStep._lam_2	sync_op_step__lam_2	false	2	0	0	0	1	1	0	0	0	0	2	0	0	0	0	0	0	0	0	0	7	0	1	0	1	0	16298435700475626929
Effect4.Machine.MemoWorld.deleteEntry	memo_world_delete_entry	false	5	0	0	0	2	2	0	0	0	0	5	0	0	0	0	0	0	0	0	1	10	0	3	0	1	0	6374010683480676408
Effect4.Machine.refStep	ref_step	false	88	0	1	2	20	30	0	2	0	0	86	0	0	0	2	0	0	0	0	64	134	0	49	1	1	0	16479998470594638855
Effect4.Machine.DeferredStore.cellAt	deferred_store_cell_at	false	1	0	0	0	1	1	0	0	0	0	1	0	0	0	0	0	0	0	0	0	2	0	1	0	1	0	16803632890416454955
Effect4.Machine.WakeList.register._redArg	wake_list_register	false	5	0	0	0	1	1	0	0	0	0	5	0	0	0	0	0	0	0	0	4	11	0	1	0	1	0	15423574983730355961
Effect4.Machine.DeferredStore.setCell	deferred_store_set_cell	false	4	0	0	0	1	1	0	1	0	0	3	0	1	0	0	0	0	0	0	1	8	0	1	0	1	0	11908949997267667177
List.get?Internal._redArg	list_get_opt_internal	true	7	0	0	0	2	3	0	2	0	0	5	0	2	0	0	0	0	0	0	2	7	0	3	1	1	0	7917179579382169689
Effect4.Program.instDecidableEqRegistration	program_inst_decidable_eq_registration	false	3	0	0	0	0	1	0	0	0	0	3	0	0	0	0	0	0	0	0	0	4	0	0	0	1	0	11997596113152781046
Effect4.Program.instDecidableEqRowKind	program_inst_decidable_eq_row_kind	false	3	0	0	0	0	1	0	0	0	0	3	0	0	0	0	0	0	0	0	0	4	0	0	0	1	0	17139293446232041623
Effect4.Program.Row.normalizeTypes	program_row_normalize_types	false	4	0	0	0	1	1	0	0	0	0	4	0	0	0	0	0	0	0	0	0	15	0	1	0	1	0	3330201657053211938
Effect4.Store.Val.handles	store_val__handles	true	10	0	0	0	1	6	0	0	0	0	10	0	0	0	0	0	0	0	0	5	11	0	5	1	1	0	6870892908959676800
List.all._at_.Effect4.Program.externalAdmits.spec_0	list_all_at_program_external_admits_spec_0	true	3	0	0	0	2	3	0	0	0	0	3	0	0	0	0	0	0	0	0	0	4	0	4	0	1	0	11043535880817262372
Effect4.Machine.TimerStore.fireNext._redArg	timer_store_fire_next	false	9	0	0	0	4	2	0	0	0	0	9	0	0	0	0	0	0	0	0	7	15	0	5	0	1	0	539739196063542831
Effect4.Scope.addExit._at_.Effect4.Machine.ScopeStore.addFinalizer.spec_0._redArg	scope_add_exit_at_scope_store_add_finalizer_spec_0	false	6	0	0	0	1	2	0	0	0	0	5	1	0	0	0	0	0	0	0	8	10	0	2	0	1	0	17590838872075173101
Effect4.Scope.removeUnsafe._at_.Effect4.Machine.ScopeStore.removeFinalizer.spec_0._redArg	scope_remove_unsafe_at_scope_store_remove_finalizer_spec_0	false	2	0	0	0	1	1	0	0	0	0	2	0	0	0	0	0	0	0	0	7	4	0	1	0	1	0	17467623458711433245
Effect4.Machine.storesCloseScopeUnsafe._redArg	stores_close_scope_unsafe	false	11	0	1	3	5	2	0	0	0	0	11	0	0	0	0	0	0	0	0	14	18	0	7	1	1	0	312252404442827136
Effect4.Machine.ctxImage._lam_0	ctx_image__lam_0	false	9	0	0	0	1	1	0	1	0	0	8	0	1	0	0	0	0	0	0	4	11	0	1	0	1	0	165224061132093708
Effect4.Machine.ofCtx	of_ctx	false	14	0	0	0	9	10	0	1	0	0	13	0	1	0	0	0	0	0	0	10	7	0	11	7	1	0	17265132148682438317
Effect4.Machine.Value.fiberHandle._lam_0	value_fiber_handle__lam_0	false	0	0	0	0	0	1	0	0	0	0	0	0	0	0	0	0	0	0	0	0	0	0	0	0	1	0	3939184168087382770
Effect4.Machine.Value.fiberHandle._lam_1	value_fiber_handle__lam_1	false	0	0	0	0	0	1	0	0	0	0	0	0	0	0	0	0	0	0	0	0	0	0	0	0	1	0	12956792775292173065
Effect4.Machine.HandleKind.handleOf	handle_kind_handle_of	false	3	0	0	0	0	1	0	0	0	0	3	0	0	0	0	0	0	0	0	3	4	0	0	0	1	0	421423371329857516
Effect4.Store.Image.equiv._redArg	store_image_equiv	false	3	0	0	0	0	1	0	0	0	0	3	0	0	0	0	0	0	0	0	3	6	0	0	0	1	0	17669742307221145648
Effect4.Store.Image.toList._redArg	store_image_to_list	false	3	0	0	0	1	1	0	0	0	0	3	0	0	0	0	0	0	0	0	1	4	0	1	0	1	0	16333432511298095427
Effect4.Store.Image.ofList._redArg	store_image_of_list	false	2	0	0	0	1	2	0	0	0	0	2	0	0	0	0	0	0	0	0	1	2	0	1	1	1	0	6080357040837643665
Effect4.Machine.Env.scopeKey	env_scope_key	false	2	0	0	0	0	1	0	1	0	0	1	0	1	0	0	0	0	0	0	0	2	0	0	0	1	0	2514712601935219676
Effect4.Machine.Ctx.provide	ctx_provide	false	2	0	0	0	1	1	0	0	0	0	2	0	0	0	0	0	0	0	0	0	4	0	1	0	1	0	14473995465243385734
instDecidableEqList._redArg	inst_decidable_eq_list	false	5	0	0	0	4	5	0	0	0	0	4	1	0	0	0	0	0	0	0	0	5	0	8	0	1	0	4262292771593005773
Effect4.Store.Val.beqList	store_val__beq_list	true	5	0	0	0	4	5	0	0	0	0	5	0	0	0	0	0	0	0	0	0	4	0	6	2	1	0	16609204579241436909
Effect4.Machine.exitImage	exit_image	false	3	0	0	0	0	1	0	0	0	0	3	0	0	0	0	0	0	0	0	0	2	0	0	0	1	0	16503054763608751505
Effect4.Machine.Env.decode	env_decode	false	8	0	0	0	2	3	0	0	0	0	8	0	0	0	0	0	0	0	0	4	6	0	4	0	1	0	8364133417630057431
Effect4.Prim.asExit?._redArg	prim_as_exit_opt	false	5	0	0	0	1	3	0	0	0	0	5	0	0	0	0	0	0	0	0	13	4	0	2	1	1	0	740540591130112162
Effect4.Program.updateKeepsIdentity	program_update_keeps_identity	false	4	0	0	0	2	3	0	0	0	0	4	0	0	0	0	0	0	0	0	0	2	0	3	1	1	0	6856281565232434716
Effect4.Machine.Env.ContextUpdate.apply	env_context_update_apply	false	2	0	0	0	1	3	0	0	0	0	2	0	0	0	0	0	0	0	0	0	5	0	3	0	1	0	16189956942498114601
Effect4.Machine.Ctx.withServices	ctx_with_services	false	2	0	0	0	1	1	0	0	0	0	2	0	0	0	0	0	0	0	0	0	4	0	1	0	1	0	4782625040020299416
Effect4.Program.currentMemoMapOf	program_current_memo_map_of	false	8	0	0	0	3	4	0	1	0	0	7	0	0	0	1	0	0	0	0	4	5	0	4	2	1	0	7848111004135906537
Effect4.Machine.Env.Context.setEntries._redArg	env_context_set_entries	true	7	0	0	0	3	3	0	0	0	0	7	0	0	0	0	0	0	0	0	5	15	0	5	0	1	0	12652144002154923580
Effect4.Machine.Env.encodeEntries	env_encode_entries	false	4	0	0	0	0	1	0	1	0	0	3	0	1	0	0	0	0	0	0	1	4	0	0	0	1	0	16516783049367205612
Effect4.Program.compileLayer	program_compile_layer	true	25	0	0	0	2	5	1	2	0	0	23	0	2	0	0	0	0	0	0	44	31	0	6	1	1	0	18286668971773220173
Effect4.Machine.Env.Context.mergeEntries._redArg	env_context_merge_entries	true	2	0	0	0	2	2	0	0	0	0	2	0	0	0	0	0	0	0	0	0	5	0	3	0	1	0	8132477514492961360
Effect4.Program.LayerTerms.length._redArg	program_layer_terms_length	true	4	0	0	0	1	2	0	2	0	0	2	0	2	0	0	0	0	0	0	0	3	0	2	0	1	0	4259009426241254160
List.range	list_range	false	2	0	0	0	0	1	0	0	0	0	2	0	0	0	0	0	0	0	0	1	2	0	0	0	1	0	13905376915732650954
List.foldl._at_.Effect4.Program.Point.spineChild.spec_0	list_foldl_at_program_point_spine_child_spec_0	true	3	0	0	0	1	2	0	1	0	0	2	0	1	0	0	0	0	0	0	0	4	0	2	0	1	0	15898645118470530820
Effect4.Program.contextsOf	program_contexts_of	false	2	0	0	0	1	2	0	0	0	0	2	0	0	0	0	0	0	0	0	1	1	0	1	1	1	0	18442471657073969470
Effect4.Machine.reasonsOfVal	reasons_of_val	true	10	0	0	0	6	7	0	1	0	0	8	1	1	0	0	0	0	0	0	5	4	0	9	3	1	0	17384479434002292755
Effect4.Machine.Env.Context.mergeAll	env_context_merge_all	false	2	0	0	0	1	2	0	0	0	0	2	0	0	0	0	0	0	0	0	1	2	0	2	0	1	0	17758408087546788712
Effect4.Machine.Env.Context.lookup._redArg	env_context_lookup	true	4	0	0	0	3	3	0	0	0	0	4	0	0	0	0	0	0	0	0	2	5	0	5	0	1	0	14255253741659475757
Effect4.Exit.mergeFinalizer._at_.Effect4.Exit.restoreAfterFinalizer._at_.Effect4.Machine.contEOf.spec_0.spec_0._redArg	exit__merge_finalizer_at_exit__restore_after_finalizer_at_cont_eof_spec_0_spec_0	false	2	0	0	0	2	3	0	0	0	0	2	0	0	0	0	0	0	0	0	5	3	0	4	0	1	0	18424304704300042251
Effect4.Machine.Err.image	err_image	false	3	0	0	0	0	1	0	0	0	0	3	0	0	0	0	0	0	0	0	3	2	0	0	0	1	0	9601324832038609831
Effect4.Machine.Defect.image	defect_image	false	3	0	0	0	0	1	0	0	0	0	3	0	0	0	0	0	0	0	0	3	2	0	0	0	1	0	17773277850345736829
Effect4.Machine.Value.fiberIdentity	value_fiber_identity	false	6	0	0	0	0	1	0	1	0	0	5	0	1	0	0	0	0	0	0	0	5	0	0	0	1	0	2586554797438833217
Effect4.Store.Image.unit	store_image_unit	false	3	0	0	0	0	1	0	0	0	0	3	0	0	0	0	0	0	0	0	3	2	0	0	0	1	0	548664061003021320
Effect4.Machine.Value.cause._redArg	value_cause	false	7	0	0	0	0	1	0	1	0	0	6	0	1	0	0	0	0	0	0	0	10	0	0	0	1	0	516914869582110169
Effect4.Program.Node.child._redArg	program_node_child	false	211	0	8	28	60	75	0	52	0	0	159	0	52	0	0	0	0	0	0	107	196	0	147	7	1	0	1789144901986743092
Effect4.Program.firstErrorValue?	program_first_error_value_opt	false	3	0	0	0	1	2	0	0	0	0	3	0	0	0	0	0	0	0	0	1	2	0	2	0	1	0	12386928014702919218
Effect4.Store.Val.instDecidableEq	store_val__inst_decidable_eq	false	1	0	0	0	0	1	0	0	0	0	1	0	0	0	0	0	0	0	0	0	2	0	0	0	1	0	422839882831693628
Option.instDecidableEq._redArg	option_inst_decidable_eq	false	4	0	0	0	3	4	0	0	0	0	3	1	0	0	0	0	0	0	0	0	2	0	6	0	1	0	2622474760605170674
List.findSome?._at_.Effect4.Program.orDieCause.spec_0	list_find_some_opt_at_program_or_die_cause_spec_0	true	3	0	0	0	2	3	0	0	0	0	3	0	0	0	0	0	0	0	0	2	2	0	3	1	1	0	11782283305375541124
Effect4.Machine.Defect.ofError	defect_of_error	false	3	0	0	0	1	3	0	0	0	0	3	0	0	0	0	0	0	0	0	0	2	0	2	1	1	0	1054231179393915831
Effect4.Program.Lit.toVal	program_lit_to_val	false	8	0	0	0	1	4	0	0	0	0	8	0	0	0	0	0	0	0	0	4	7	0	4	0	1	0	3130000584017964643
Effect4.Program.evalTerms	program_eval_terms	true	7	0	0	0	3	4	0	0	0	0	7	0	0	0	0	0	0	0	0	5	8	0	6	0	1	0	5685263154121726471
Effect4.Program.nativeAtom	program_native_atom	false	3	0	0	0	1	2	0	0	0	0	3	0	0	0	0	0	0	0	0	1	3	0	2	0	1	0	4368395985715147483
Effect4.Program.Val.tagPayload?	program_val__tag_payload_opt	false	8	0	0	0	6	7	0	0	0	0	8	0	0	0	0	0	0	0	0	7	3	0	7	5	1	0	15168484036134081968
Effect4.Program.errOf	program_err_of	false	9	0	0	0	6	9	0	0	0	0	9	0	0	0	0	0	0	0	0	0	4	0	8	6	1	0	6900296233628486574
Effect4.Program.causeOf	program_cause_of	true	24	0	0	0	8	11	0	0	0	0	24	0	0	0	0	0	0	0	0	11	25	0	16	2	1	0	9457042485382529284
Effect4.Program.asyncRoute	program_async_route	false	34	0	0	0	11	10	0	2	0	0	32	0	2	0	0	0	0	0	0	31	34	0	18	2	1	0	14116131003964833360
Effect4.Program.NativeOp.kind	program_native_op_kind	false	13	0	0	0	1	13	0	0	0	0	13	0	0	0	0	0	0	0	0	0	0	0	12	1	1	0	3316187330418484696
Effect4.Program.NativeOp.syncOpOf	program_native_op_sync_op_of	false	137	0	0	0	59	79	0	16	0	0	121	0	0	0	16	0	0	0	0	99	89	0	94	43	1	0	8717326583008451551
Effect4.Program.Point.awaitExit	program_point_await_exit	false	6	0	0	0	5	3	0	0	0	0	6	0	0	0	0	0	0	0	0	8	6	0	7	0	1	0	14222100522500772345
Effect4.Machine.WakeList.runBatch._redArg	wake_list_run_batch	false	4	0	1	2	2	1	0	0	0	0	4	0	0	0	0	0	0	0	0	5	7	0	3	0	1	0	7329157058882427048
List.mapTR.loop._at_.Effect4.Machine.DeferredStore.complete.spec_0	list_map_tr_loop_at_deferred_store_complete_spec_0	true	5	0	0	0	2	2	0	0	0	0	5	0	0	0	0	0	0	0	0	2	10	0	3	0	1	0	269150839431409931
Effect4.Machine.Env.scopeOfVal	env_scope_of_val	false	6	0	0	0	3	4	0	1	0	0	5	0	0	0	1	0	0	0	0	4	3	0	4	2	1	0	4903150063409602359
Effect4.Program.Val.hasTy	program_val__has_ty	true	88	0	0	0	44	66	0	10	0	0	77	1	5	4	1	0	0	0	0	3	81	0	79	30	1	0	13301085668661218995
List.any._at_.Effect4.Program.externalValue.spec_0	list_any_at_program_external_value_spec_0	true	5	0	0	0	3	3	0	0	0	0	5	0	0	0	0	0	0	0	0	0	4	0	5	0	1	0	15325454457891255391
Effect4.Program.externalHandleTarget	program_external_handle_target	false	4	0	0	0	1	2	0	0	0	0	4	0	0	0	0	0	0	0	0	0	2	0	2	0	1	0	12312087727131094187
Effect4.Machine.WakeList.empty	wake_list_empty	false	4	0	0	0	0	1	0	1	0	0	3	0	1	0	0	0	0	0	0	3	3	0	0	0	1	0	4320023779041626383
Effect4.Machine.closeSeqStep	close_seq_step	false	7	0	0	0	1	2	0	0	0	0	7	0	0	0	0	0	0	0	0	15	12	0	2	0	1	0	1184124177082233894
Effect4.Machine.closeDone._redArg	close_done	false	3	0	0	0	1	2	0	0	0	0	3	0	0	0	0	0	0	0	0	16	2	0	2	0	1	0	5292085095127107823
Effect4.Program.rootPoint	program_root_point	false	3	0	0	0	0	1	0	1	0	0	2	0	1	0	0	0	0	0	0	1	6	0	0	0	1	0	15469819770862145322
Effect4.Machine.Dispatcher.drain._redArg	dispatcher_drain	false	8	0	0	0	1	1	0	1	0	0	7	0	1	0	0	0	0	0	0	12	9	0	1	0	1	0	5932509194067731258
Effect4.Machine.RunMachine.disarm._redArg	run_machine_disarm	false	3	0	0	0	1	1	0	0	0	0	3	0	0	0	0	0	0	0	0	13	13	0	1	0	1	0	12083150575203077176
List.foldl._at_.Effect4.Machine.fireState._at_.Effect4.Machine.stepDecisionState._at_.Effect4.Program.replayCheckedFrom.spec_1.spec_1.spec_3	list_foldl_at_fire_state_at_step_decision_state_at_program_replay_checked_from_spec_1_spec_1_spec_3	true	2	0	0	0	1	2	0	0	0	0	2	0	0	0	0	0	0	0	0	0	14	0	2	0	1	0	780093433882649175
Effect4.Machine.driveStep._at_.Effect4.Machine.driveState._at_.Effect4.Machine.stepDecisionState._at_.Effect4.Program.replayCheckedFrom.spec_1.spec_3.spec_6	drive_step_at_drive_state_at_step_decision_state_at_program_replay_checked_from_spec_1_spec_3_spec_6	false	201	0	2	4	70	46	0	1	0	0	193	7	1	0	0	0	0	0	0	493	550	0	115	2	1	0	15115230042216801949
Effect4.Machine.settled._redArg	settled	false	2	0	0	0	4	3	0	0	0	0	2	0	0	0	0	0	0	0	0	0	1	0	6	0	1	0	13595155793738186080
Effect4.Machine.instDecidableEqParked.decEq	inst_decidable_eq_parked_dec_eq	false	4	0	0	0	4	5	0	0	0	0	4	0	0	0	0	0	0	0	0	0	2	0	8	0	1	0	9579182051029372855
List.find?._at_.Effect4.Machine.RunMachine.fiber?.spec_0._redArg	list_find_opt_at_run_machine_fiber_opt_spec_0	true	4	0	0	0	3	3	0	0	0	0	4	0	0	0	0	0	0	0	0	2	5	0	5	0	1	0	7174546252450332971
Effect4.Supervision.interruptCause._redArg	supervision_interrupt_cause	false	6	0	1	2	1	1	0	0	0	0	5	1	0	0	0	0	0	0	0	2	8	0	2	0	1	0	5425002489273125764
Effect4.Cause.annotate._redArg	cause_annotate	false	2	0	0	0	0	1	0	0	0	0	2	0	0	0	0	0	0	0	0	1	4	0	0	0	1	0	18085000996516496406
Effect4.Cause.combine._at_.Effect4.Exit.mergeFinalizer._at_.Effect4.Exit.restoreAfterFinalizer._at_.Effect4.Machine.contEOf.spec_0.spec_0.spec_1	cause_combine_at_exit__merge_finalizer_at_exit__restore_after_finalizer_at_cont_eof_spec_0_spec_0_spec_1	false	4	0	0	0	2	3	0	0	0	0	4	0	0	0	0	0	0	0	0	0	5	0	4	0	1	0	2526259400692440015
List.mapTR.loop._at_.Effect4.Machine.RunMachine.update.spec_0._redArg	list_map_tr_loop_at_run_machine_update_spec_0	true	4	0	1	2	4	2	0	0	0	0	4	0	0	0	0	0	0	0	0	1	10	0	6	0	1	0	4801362917960534685
Effect4.Machine.drainOwed._redArg	drain_owed	true	9	0	0	0	4	3	0	0	0	0	9	0	0	0	0	0	0	0	0	22	20	0	6	0	1	0	10088898272096417826
Effect4.Api.isCompileFrontier	api_is_compile_frontier	false	4	0	0	0	3	3	0	1	0	0	3	0	1	0	0	0	0	0	0	0	2	0	3	2	1	0	17745571283466672900
List.filterMapTR.go._at_.Effect4.Program.awaits.spec_0	list_filter_map_tr_go_at_program_awaits_spec_0	true	8	0	0	0	4	4	0	0	0	0	8	0	0	0	0	0	0	0	0	6	19	0	7	0	1	0	5757048735472832564
Effect4.Program.splitPc	program_split_pc	false	3	0	0	0	0	1	0	1	0	0	2	0	1	0	0	0	0	0	0	1	3	0	0	0	1	0	9896745266507947221
Effect4.Program.blockEnv	program_block_env	false	7	0	0	0	1	2	0	1	0	0	6	0	1	0	0	0	0	0	0	1	13	0	2	0	1	0	1474105208342920647
Effect4.Program.loopResultAt	program_loop_result_at	false	6	0	0	0	4	4	0	0	0	0	6	0	0	0	0	0	0	0	0	5	4	0	4	3	1	0	10413814013461456743
Effect4.Program.Val.tuple?	program_val__tuple_opt	false	2	0	0	0	1	2	0	0	0	0	2	0	0	0	0	0	0	0	0	2	1	0	1	1	1	0	5408362577801819239
List.mapM.loop._at_.Effect4.Program.actionAt.spec_0	list_map_m_loop_at_program_action_at_spec_0	true	8	0	0	0	3	4	0	1	0	0	7	0	0	0	1	0	0	0	0	4	8	0	5	1	1	0	4603789535662156399
Effect4.Program.Point.redirect	program_point_redirect	false	3	0	0	0	1	1	0	1	0	0	2	0	1	0	0	0	0	0	0	0	8	0	1	0	1	0	11475160953021243450
Effect4.Machine.WakeList.wakeAll._redArg	wake_list_wake_all	false	5	0	0	0	1	1	0	1	0	0	4	0	1	0	0	0	0	0	0	4	7	0	1	0	1	0	3330130872732771128
Effect4.Machine.WakeList.cancel._redArg	wake_list_cancel	false	8	0	0	0	2	2	0	0	0	0	8	0	0	0	0	0	0	0	0	6	15	0	3	0	1	0	16167914987534364214
Effect4.Scope.make._redArg	scope_make	false	2	0	0	0	0	1	0	0	0	0	2	0	0	0	0	0	0	0	0	14	2	0	0	0	1	0	13996168977159194168
Effect4.ScopeState.closingExit?._redArg	scope_state_closing_exit_opt	false	4	0	0	0	1	4	0	0	0	0	4	0	0	0	0	0	0	0	0	4	1	0	3	1	1	0	1210698621826528046
_private.Effect4.Machine.Scope.0.Effect4.Scope.addState._at_.Effect4.Scope.addUnsafe._at_.Effect4.Scope.addExit._at_.Effect4.Machine.ScopeStore.addFinalizer.spec_0.spec_0.spec_1._redArg	scope_add_state_at_scope_add_unsafe_at_scope_add_exit_at_scope_store_add_finalizer_spec_0_spec_0_spec_1	false	8	0	0	0	1	4	0	0	0	0	8	0	0	0	0	0	0	0	0	25	14	0	3	1	1	0	5233109966530111385
List.mapTR.loop._at_.Effect4.Machine.ScopeStore.setEntry.spec_0	list_map_tr_loop_at_scope_store_set_entry_spec_0	true	4	0	1	2	4	2	0	0	0	0	4	0	0	0	0	0	0	0	0	1	10	0	6	0	1	0	10941798421551762342
Effect4.ScopeState.isClosed._redArg	scope_state_is_closed	false	4	0	0	0	1	4	0	0	0	0	4	0	0	0	0	0	0	0	0	0	0	0	3	1	1	0	3664959745732171792
Effect4.Scope.fork._at_.Effect4.Machine.ScopeStore.forkChild.spec_0._redArg	scope_fork_at_scope_store_fork_child_spec_0	false	8	0	0	0	1	2	0	0	0	0	8	0	0	0	0	0	0	0	0	18	15	0	2	0	1	0	10171351965722495254
Effect4.Machine.MemoWorld.lookup	memo_world_lookup	true	12	0	0	0	5	5	0	2	0	0	10	0	2	0	0	0	0	0	0	6	16	0	9	0	1	0	14333005150852015977
List.find?._at_.Effect4.Machine.MemoWorld.mapAt.spec_0	list_find_opt_at_memo_world_map_at_spec_0	true	4	0	0	0	3	3	0	0	0	0	4	0	0	0	0	0	0	0	0	2	5	0	5	0	1	0	1917057242559643728
List.mapTR.loop._at_.Effect4.Machine.MemoWorld.updateEntry.spec_0	list_map_tr_loop_at_memo_world_update_entry_spec_0	true	7	0	1	2	3	2	0	0	0	0	6	1	0	0	0	0	0	0	0	3	15	0	5	0	1	0	8992272127787476687
Effect4.Machine.MemoWorld.setMap	memo_world_set_map	false	2	0	0	0	0	1	0	0	0	0	2	0	0	0	0	0	0	0	0	1	3	0	0	0	1	0	5176313146246189584
List.find?._at_.Effect4.Machine.MemoWorld.entryAt.spec_0	list_find_opt_at_memo_world_entry_at_spec_0	true	5	0	0	0	3	3	0	0	0	0	5	0	0	0	0	0	0	0	0	2	6	0	5	0	1	0	5468994318988498905
List.filterTR.loop._at_.Effect4.Machine.MemoWorld.deleteEntry.spec_0	list_filter_tr_loop_at_memo_world_delete_entry_spec_0	true	6	0	0	0	3	3	0	0	0	0	6	0	0	0	0	0	0	0	0	1	12	0	5	0	1	0	15839575944230453547
Effect4.Machine.refPoke	ref_poke	false	3	0	0	0	0	1	0	1	0	0	2	0	1	0	0	0	0	0	0	1	6	0	0	0	1	0	2290970934819190974
Effect4.Machine.FnName.total	fn_name_total	false	6	0	1	2	4	6	0	2	0	0	4	0	2	0	0	0	0	0	0	0	8	0	6	4	1	0	12741899710592536063
Effect4.Machine.FnName.partialUpdate	fn_name_partial_update	false	9	0	0	0	3	5	0	1	0	0	8	0	1	0	0	0	0	0	0	5	7	0	4	3	1	0	17583358025737998475
Effect4.Machine.FnName.modify	fn_name_modify	false	6	0	1	2	2	2	0	1	0	0	5	0	1	0	0	0	0	0	0	4	13	0	2	2	1	0	17436298346736581601
Effect4.Machine.FnName.modifySome	fn_name_modify_some	false	5	0	0	0	2	2	0	0	0	0	5	0	0	0	0	0	0	0	0	6	7	0	2	1	1	0	15199763769077543110
_private.Init.Data.List.Impl.0.List.setTR.go._redArg	list_set_tr_go	true	12	0	0	0	3	4	0	3	0	0	9	0	2	0	0	0	0	0	1	3	21	0	6	0	1	0	11118919780352739084
Effect4.Program.Registration.ctorIdx	program_registration_ctor_idx	false	2	0	0	0	1	2	0	2	0	0	0	0	2	0	0	0	0	0	0	0	0	0	2	0	1	0	10727365113068853929
Effect4.Program.RowKind.ctorIdx	program_row_kind_ctor_idx	false	3	0	0	0	1	3	0	3	0	0	0	0	3	0	0	0	0	0	0	0	0	0	3	0	1	0	14034235607024829668
Effect4.Program.Ty.normalize	program_ty_normalize	true	32	0	0	0	1	14	0	0	0	0	32	0	0	0	0	0	0	0	0	0	38	0	13	1	1	0	9537345342931209166
Effect4.Store.Val.handlesList	store_val__handles_list	true	4	0	0	0	1	2	0	0	0	0	4	0	0	0	0	0	0	0	0	1	4	0	2	0	1	0	17642722262835923874
Effect4.Program.errAdmits	program_err_admits	false	2	0	0	0	0	1	0	0	0	0	2	0	0	0	0	0	0	0	0	0	3	0	0	0	1	0	7219601170699133839
Effect4.Machine.TimerStore.dueMin	timer_store_due_min	true	7	0	1	2	8	5	0	0	0	0	7	0	0	0	0	0	0	0	0	3	12	0	13	0	1	0	4946211709732267433
Effect4.Machine.WakeList.wakeBy._at_.Effect4.Machine.TimerStore.fireNext.spec_0	wake_list_wake_by_at_timer_store_fire_next_spec_0	false	9	0	0	0	2	2	0	2	0	0	6	1	2	0	0	0	0	0	0	6	15	0	3	0	1	0	6351936941086162554
_private.Effect4.Machine.Scope.0.Effect4.Scope.removeState._at_.Effect4.Scope.removeUnsafe._at_.Effect4.Machine.ScopeStore.removeFinalizer.spec_0.spec_0._redArg	scope_remove_state_at_scope_remove_unsafe_at_scope_store_remove_finalizer_spec_0_spec_0	false	4	0	0	0	2	5	0	0	0	0	4	0	0	0	0	0	0	0	0	14	5	0	5	1	1	0	9193989045507992231
Effect4.Machine.scopeCloseSnapshot	scope_close_snapshot	false	8	0	0	0	4	2	0	0	0	0	8	0	0	0	0	0	0	0	0	6	18	0	5	0	1	0	6897910023652921017
Effect4.Machine.HandleKind.handleOf._lam_0	handle_kind_handle_of__lam_0	false	2	0	0	0	0	1	0	0	0	0	2	0	0	0	0	0	0	0	0	0	3	0	0	0	1	0	16160501907442217278
Effect4.Machine.HandleKind.ofHandle	handle_kind_of_handle	false	5	0	0	0	2	3	0	0	0	0	5	0	0	0	0	0	0	0	0	3	4	0	3	1	1	0	11431192170939455462
Effect4.Store.Image.equiv._redArg._lam_0	store_image_equiv__red_arg__lam_0	false	2	0	0	0	1	1	0	0	0	0	0	2	0	0	0	0	0	0	0	0	2	0	1	0	1	0	8702939966004870009
Effect4.Store.Image.equiv._redArg._lam_1	store_image_equiv__red_arg__lam_1	false	4	0	0	0	2	2	0	0	0	0	2	2	0	0	0	0	0	0	0	2	3	0	3	0	1	0	3831020755628513561
List.mapTR.loop._at_.Effect4.Store.Image.toList.spec_0._redArg	list_map_tr_loop_at_store_image_to_list_spec_0	true	4	0	0	0	1	2	0	0	0	0	3	1	0	0	0	0	0	0	0	1	7	0	2	0	1	0	11238768579864127048
Effect4.Store.Image.ofListAux._redArg	store_image_of_list_aux	true	8	0	0	0	4	4	0	0	0	0	7	1	0	0	0	0	0	0	0	6	7	0	5	2	1	0	13396575942200608117
List.hasDecEq._redArg	list_has_dec_eq	true	5	0	0	0	5	6	0	0	0	0	4	1	0	0	0	0	0	0	0	0	5	0	10	0	1	0	13825789189740611004
Effect4.Machine.Val.image	val__image	false	3	0	0	0	0	1	0	0	0	0	3	0	0	0	0	0	0	0	0	3	2	0	0	0	1	0	11347244927443505358
Effect4.Machine.Value.exit._redArg	value_exit_	false	3	0	0	0	0	1	0	0	0	0	3	0	0	0	0	0	0	0	0	13	6	0	0	0	1	0	9432948382649543817
Effect4.Machine.Env.spine	env_spine	false	5	0	0	0	2	3	0	1	0	0	4	0	1	0	0	0	0	0	0	2	3	0	3	1	1	0	17131039043554466975
Effect4.instDecidableEqServiceKey	inst_decidable_eq_service_key	false	1	0	0	0	0	1	0	0	0	0	1	0	0	0	0	0	0	0	0	0	2	0	0	0	1	0	1646365181630179133
List.mapTR.loop._at_.Effect4.Machine.Env.decode.spec_0	list_map_tr_loop_at_env_decode_spec_0	true	3	0	0	0	2	2	0	0	0	0	3	0	0	0	0	0	0	0	0	1	5	0	3	0	1	0	9103543189574140161
List.nodupDecidable._redArg	list_nodup_decidable	false	2	0	0	0	0	1	0	0	0	0	2	0	0	0	0	0	0	0	0	0	3	0	0	0	1	0	13288127553799946404
Effect4.Machine.Env.budgetOf	env_budget_of	false	8	0	1	2	2	2	0	1	0	0	7	0	1	0	0	0	0	0	0	4	10	0	2	2	1	0	16348502553951233815
Effect4.instDecidableEqServiceKey.decEq	inst_decidable_eq_service_key_dec_eq	false	2	0	0	0	3	2	0	0	0	0	2	0	0	0	0	0	0	0	0	0	4	0	4	0	1	0	4728903327768537844
List.mapTR.loop._at_.Effect4.Machine.Env.encodeEntries.spec_0	list_map_tr_loop_at_env_encode_entries_spec_0	true	4	0	0	0	2	2	0	0	0	0	4	0	0	0	0	0	0	0	0	1	7	0	3	0	1	0	12949467999442648586
List.range.loop	list_range_loop	true	6	0	0	0	1	2	0	2	0	0	4	0	2	0	0	0	0	0	0	1	8	0	2	0	1	0	17898932363202195071
Effect4.Program.contextsOfList	program_contexts_of_list	true	11	0	0	0	5	6	0	0	0	0	11	0	0	0	0	0	0	0	0	8	7	0	6	4	1	0	3694258482666132445
Effect4.Machine.reasonsOfList	reasons_of_list	true	4	0	0	0	1	2	0	0	0	0	4	0	0	0	0	0	0	0	0	1	4	0	2	0	1	0	17660628293328768935
List.foldl._at_.Effect4.Machine.Env.Context.mergeAll.spec_0._redArg	list_foldl_at_env_context_merge_all_spec_0	true	2	0	0	0	1	2	0	0	0	0	2	0	0	0	0	0	0	0	0	0	4	0	2	0	1	0	9821390800112703752
Effect4.Machine.Err.image._lam_0	err_image__lam_0	false	20	0	0	0	1	4	0	4	0	0	16	0	4	0	0	0	0	0	0	8	20	0	4	0	1	0	17772231803195327672
Effect4.Machine.ofErr	of_err	false	30	0	0	0	17	18	0	4	0	0	26	0	4	0	0	0	0	0	0	18	16	0	21	13	1	0	13917041935574356409
Effect4.Machine.Defect.image._lam_0	defect_image__lam_0	false	23	0	0	0	2	6	0	6	0	0	16	1	6	0	0	0	0	0	0	8	18	0	7	0	1	0	18135890211472818280
Effect4.Machine.ofDefect	of_defect	false	37	0	0	0	17	18	0	6	0	0	31	0	6	0	0	0	0	0	0	18	21	0	24	10	1	0	3416397081896387047
Effect4.Store.Image.nat	store_image_nat	false	3	0	0	0	0	1	0	0	0	0	3	0	0	0	0	0	0	0	0	3	2	0	0	0	1	0	5427102510182057716
Effect4.Store.Image.ctor1._redArg	store_image_ctor1	false	3	0	0	0	0	1	0	0	0	0	3	0	0	0	0	0	0	0	0	4	6	0	0	0	1	0	16172104478705498411
Effect4.Store.Image.unit._lam_0	store_image_unit__lam_0	false	1	0	0	0	0	1	0	0	0	0	1	0	0	0	0	0	0	0	0	0	0	0	0	0	1	0	15317262399723868982
Effect4.Store.Image.ofUnit	store_image_of_unit	false	3	0	0	0	1	2	0	0	0	0	3	0	0	0	0	0	0	0	0	2	1	0	1	1	1	0	16298933404634609459
Effect4.Machine.Value.cause._redArg._lam_0	value_cause__red_arg__lam_0	false	0	0	0	0	0	1	0	0	0	0	0	0	0	0	0	0	0	0	0	0	0	0	0	0	1	0	1004086613291374407
Effect4.Machine.Value.cause._redArg._lam_1	value_cause__red_arg__lam_1	false	0	0	0	0	0	1	0	0	0	0	0	0	0	0	0	0	0	0	0	0	0	0	0	0	1	0	1729534753364216096
Effect4.Machine.Value.reason._redArg	value_reason	false	3	0	0	0	0	1	0	0	0	0	3	0	0	0	0	0	0	0	0	11	10	0	0	0	1	0	18087945671237178160
List.findSome?._at_.Effect4.Program.firstFailure?.spec_0	list_find_some_opt_at_program_first_failure_opt_spec_0	true	3	0	0	0	2	3	0	0	0	0	3	0	0	0	0	0	0	0	0	1	2	0	4	0	1	0	16548508499723176854
Effect4.Program.valOfErr	program_val_of_err	false	12	0	0	0	1	4	0	0	0	0	12	0	0	0	0	0	0	0	0	7	12	0	4	0	1	0	16368007085661881792
Effect4.Program.NativeAtom.ofName?	program_native_atom_of_name_opt	false	133	0	0	0	33	34	0	33	0	0	100	0	0	33	0	0	0	0	0	34	99	0	66	0	1	0	4209474395435231270
Effect4.Program.NativeAtom.eval	program_native_atom_eval	false	222	0	3	6	131	163	0	3	0	0	219	0	3	0	0	0	0	0	0	159	110	0	176	120	1	0	1476097569742028646
Effect4.Program.NativeOp.sleepMillisOf	program_native_op_sleep_millis_of	false	2	0	0	0	1	2	0	0	0	0	2	0	0	0	0	0	0	0	0	2	1	0	1	1	1	0	11326569151157239370
Effect4.Program.NativeOp.awaitCellOf	program_native_op_await_cell_of	false	5	0	0	0	2	3	0	1	0	0	4	0	0	0	1	0	0	0	0	3	3	0	3	1	1	0	3357839316270022950
List.find?._at_.Effect4.Program.Point.awaitExit.spec_0	list_find_opt_at_program_point_await_exit_spec_0	true	4	0	0	0	3	3	0	0	0	0	4	0	0	0	0	0	0	0	0	2	5	0	5	0	1	0	1062798198059721375
Effect4.Machine.HandleKind.ofByte?	handle_kind_of_byte_opt	false	25	0	0	0	6	7	0	6	0	0	19	0	0	0	6	0	0	0	0	7	18	0	12	0	1	0	16898434589793192307
Option.instBEq.beq._at_.Std.Http.Header.TransferEncoding.Validate.spec_0	option_inst_beq_beq_at_std_http_header_transfer_encoding_validate_spec_0	false	4	0	0	0	3	4	0	0	0	0	4	0	0	0	0	0	0	0	0	0	2	0	6	0	1	0	2300464826188573722
Effect4.Machine.Val.snapshot?	val__snapshot_opt	false	9	0	0	0	5	5	0	1	0	0	7	1	1	0	0	0	0	0	0	4	4	0	6	3	1	0	10756995249695490589
List.all._at_.Effect4.Program.Val.hasTy.spec_0	list_all_at_program_val__has_ty_spec_0	true	5	0	0	0	2	3	0	1	0	0	4	0	0	0	1	0	0	0	0	0	8	0	4	0	1	0	16706726013810759011
List.all._at_.Effect4.Program.Val.hasTy.spec_1	list_all_at_program_val__has_ty_spec_1	true	3	0	0	0	2	3	0	0	0	0	3	0	0	0	0	0	0	0	0	0	6	0	4	0	1	0	5711547054362110757
Effect4.Program.Val.hasTy._lam_0	program_val__has_ty__lam_0	false	1	0	0	0	0	1	0	0	0	0	1	0	0	0	0	0	0	0	0	0	3	0	0	0	1	0	2680205971692940441
List.all._at_.Effect4.Program.causeAdmits.spec_0	list_all_at_program_cause_admits_spec_0	true	3	0	0	0	2	3	0	0	0	0	3	0	0	0	0	0	0	0	0	0	6	0	4	0	1	0	17744216520041602924
Effect4.Machine.Val.cause?	val__cause_opt	false	8	0	0	0	5	5	0	1	0	0	6	1	1	0	0	0	0	0	0	4	3	0	6	3	1	0	10365691778075839828
Option.instBEq.beq._at_.Effect4.Program.Val.hasTy.spec_2	option_inst_beq_beq_at_program_val__has_ty_spec_2	false	4	0	0	0	3	4	0	0	0	0	4	0	0	0	0	0	0	0	0	0	2	0	6	0	1	0	11094842480015903231
Effect4.Machine.HandleKind.byte	handle_kind_byte	false	6	0	0	0	1	6	0	6	0	0	0	0	0	0	6	0	0	0	0	0	0	0	6	0	1	0	10840657379008926012
Effect4.Program.internalHandleTargets	program_internal_handle_targets	false	9	0	0	0	0	1	0	4	0	0	5	0	0	4	0	0	0	0	0	5	8	0	0	0	1	0	15912104519071088953
List.elem._at_.Effect4.Program.NativeAtom.covers.spec_0	list_elem_at_program_native_atom_covers_spec_0	true	3	0	0	0	2	3	0	0	0	0	3	0	0	0	0	0	0	0	0	0	4	0	4	0	1	0	2630399432333297539
List.mapTR.loop._at_.Effect4.Machine.Dispatcher.drain.spec_0._redArg	list_map_tr_loop_at_dispatcher_drain_spec_0	true	3	0	0	0	2	2	0	0	0	0	3	0	0	0	0	0	0	0	0	1	5	0	3	0	1	0	16431373586312183879
_private.Init.Data.List.Impl.0.List.flatMapTR.go._at_.Effect4.Machine.Dispatcher.drain.spec_1._redArg	list_flat_map_tr_go_at_dispatcher_drain_spec_1	true	3	0	0	0	1	2	0	0	0	0	3	0	0	0	0	0	0	0	0	1	5	0	2	0	1	0	15780816635787139227
List.filterTR.loop._at_.Effect4.Supervision.raceComplete.spec_0	list_filter_tr_loop_at_supervision_race_complete_spec_0	true	5	0	0	0	2	3	0	0	0	0	5	0	0	0	0	0	0	0	0	1	11	0	4	0	1	0	700761300740038917
Effect4.Machine.fireStep._at_.Effect4.Machine.fireState._at_.Effect4.Machine.stepDecisionState._at_.Effect4.Program.replayCheckedFrom.spec_1.spec_1.spec_2	fire_step_at_fire_state_at_step_decision_state_at_program_replay_checked_from_spec_1_spec_1_spec_2	false	8	0	0	0	3	2	0	0	0	0	8	0	0	0	0	0	0	0	0	14	16	0	4	0	1	0	14257059884650450135
Effect4.Machine.iteration._at_.Effect4.Machine.driveStep._at_.Effect4.Machine.driveState._at_.Effect4.Machine.stepDecisionState._at_.Effect4.Program.replayCheckedFrom.spec_1.spec_3.spec_6.spec_8._redArg	iteration_at_drive_step_at_drive_state_at_step_decision_state_at_program_replay_checked_from_spec_1_spec_3_spec_6_spec_8	false	7	0	0	0	2	2	0	0	0	0	7	0	0	0	0	0	0	0	0	8	15	0	3	0	1	0	16087990123979551789
Effect4.Machine.settle._at_.Effect4.Machine.driveStep._at_.Effect4.Machine.driveState._at_.Effect4.Machine.stepDecisionState._at_.Effect4.Program.replayCheckedFrom.spec_1.spec_3.spec_6.spec_9._redArg	settle_at_drive_step_at_drive_state_at_step_decision_state_at_program_replay_checked_from_spec_1_spec_3_spec_6_spec_9	false	43	0	0	0	6	7	0	0	0	0	43	0	0	0	0	0	0	0	0	85	111	0	12	0	1	0	14154604431739574090
Effect4.Program.evaluateNative	program_evaluate_native	false	13	0	2	5	8	5	0	0	0	0	13	0	0	0	0	0	0	0	0	11	36	0	10	5	1	0	675153952414241145
Effect4.Machine.exitFiber._at_.Effect4.Machine.driveStep._at_.Effect4.Machine.driveState._at_.Effect4.Machine.stepDecisionState._at_.Effect4.Program.replayCheckedFrom.spec_1.spec_3.spec_6.spec_10._redArg	exit_fiber_at_drive_step_at_drive_state_at_step_decision_state_at_program_replay_checked_from_spec_1_spec_3_spec_6_spec_10	false	5	0	0	0	5	4	0	0	0	0	5	0	0	0	0	0	0	0	0	0	17	0	8	0	1	0	12812518361211297565
List.filterTR.loop._at_.Effect4.Machine.driveStep._at_.Effect4.Machine.driveState._at_.Effect4.Machine.stepDecisionState._at_.Effect4.Program.replayCheckedFrom.spec_1.spec_3.spec_6.spec_11	list_filter_tr_loop_at_drive_step_at_drive_state_at_step_decision_state_at_program_replay_checked_from_spec_1_spec_3_spec_6_spec_11	true	5	0	0	0	3	3	0	0	0	0	5	0	0	0	0	0	0	0	0	1	11	0	5	0	1	0	15068096749925595887
Effect4.Machine.RunMachine.race?._redArg	run_machine_race_opt	false	1	0	0	0	1	1	0	0	0	0	1	0	0	0	0	0	0	0	0	0	2	0	1	0	1	0	9278012745488089775
Effect4.Machine.launchEntrant._at_.Effect4.Machine.driveStep._at_.Effect4.Machine.driveState._at_.Effect4.Machine.stepDecisionState._at_.Effect4.Program.replayCheckedFrom.spec_1.spec_3.spec_6.spec_12._redArg	launch_entrant_at_drive_step_at_drive_state_at_step_decision_state_at_program_replay_checked_from_spec_1_spec_3_spec_6_spec_12	false	5	0	0	0	2	1	0	0	0	0	5	0	0	0	0	0	0	0	0	2	10	0	2	0	1	0	12205622403544134938
Effect4.Machine.RunMachine.updateRace._redArg	run_machine_update_race	false	3	0	0	0	1	1	0	0	0	0	3	0	0	0	0	0	0	0	0	13	13	0	1	0	1	0	17256736422614346285
Effect4.Machine.driveStep._at_.Effect4.Machine.driveState._at_.Effect4.Machine.stepDecisionState._at_.Effect4.Program.replayCheckedFrom.spec_1.spec_3.spec_6._lam_0	drive_step_at_drive_state_at_step_decision_state_at_program_replay_checked_from_spec_1_spec_3_spec_6__lam_0	false	5	0	0	0	1	1	0	0	0	0	5	0	0	0	0	0	0	0	0	12	20	0	1	0	1	0	1826411265164172238
Effect4.Machine.fireObserver._at_.Effect4.Machine.driveStep._at_.Effect4.Machine.driveState._at_.Effect4.Machine.stepDecisionState._at_.Effect4.Program.replayCheckedFrom.spec_1.spec_3.spec_6.spec_13._redArg	fire_observer_at_drive_step_at_drive_state_at_step_decision_state_at_program_replay_checked_from_spec_1_spec_3_spec_6_spec_13	false	68	0	3	7	25	13	0	0	0	0	64	4	0	0	0	0	0	0	0	138	195	0	39	2	1	0	2468213473153807494
Effect4.Machine.RunFiber.park._redArg	run_fiber_park	false	5	0	0	0	2	1	0	0	0	0	5	0	0	0	0	0	0	0	0	12	20	0	2	0	1	0	18330838094744363479
Effect4.Machine.awaitCode._redArg	await_code	false	4	0	1	2	7	3	0	0	0	0	1	3	0	0	0	0	0	0	0	0	6	0	9	1	1	0	987007544401671860
Effect4.Machine.asVoidCode._at_.Effect4.Machine.driveStep._at_.Effect4.Machine.driveState._at_.Effect4.Machine.stepDecisionState._at_.Effect4.Program.replayCheckedFrom.spec_1.spec_3.spec_6.spec_14._redArg	as_void_code_at_drive_step_at_drive_state_at_step_decision_state_at_program_replay_checked_from_spec_1_spec_3_spec_6_spec_14	false	3	0	0	0	1	1	0	0	0	0	2	1	0	0	0	0	0	0	0	12	4	0	1	0	1	0	11721027087739258931
Effect4.instDecidableEqFiberId	inst_decidable_eq_fiber_id	false	1	0	0	0	0	1	0	0	0	0	1	0	0	0	0	0	0	0	0	0	2	0	0	0	1	0	377792397708265682
instBEqOfDecidableEq._redArg._lam_0	inst_beq_of_decidable_eq__red_arg__lam_0	false	1	0	0	0	0	1	0	0	0	0	0	1	0	0	0	0	0	0	0	0	2	0	0	0	1	0	10543391562426211540
Effect4.Machine.driveStep._at_.Effect4.Machine.driveState._at_.Effect4.Machine.stepDecisionState._at_.Effect4.Program.replayCheckedFrom.spec_1.spec_3.spec_6._lam_1	drive_step_at_drive_state_at_step_decision_state_at_program_replay_checked_from_spec_1_spec_3_spec_6__lam_1	false	4	0	0	0	1	1	0	0	0	0	4	0	0	0	0	0	0	0	0	12	19	0	1	0	1	0	9703896904080300912
Effect4.Machine.driveStep._at_.Effect4.Machine.driveState._at_.Effect4.Machine.stepDecisionState._at_.Effect4.Program.replayCheckedFrom.spec_1.spec_3.spec_6._lam_2	drive_step_at_drive_state_at_step_decision_state_at_program_replay_checked_from_spec_1_spec_3_spec_6__lam_2	false	5	0	0	0	1	1	0	0	0	0	5	0	0	0	0	0	0	0	0	12	20	0	1	0	1	0	15774285343327889636
Effect4.Machine.RunFiber.cleared._at_.Effect4.Machine.driveStep._at_.Effect4.Machine.driveState._at_.Effect4.Machine.stepDecisionState._at_.Effect4.Program.replayCheckedFrom.spec_1.spec_3.spec_6.spec_15._redArg	run_fiber_cleared_at_drive_step_at_drive_state_at_step_decision_state_at_program_replay_checked_from_spec_1_spec_3_spec_6_spec_15	false	3	0	0	0	3	1	0	0	0	0	3	0	0	0	0	0	0	0	0	18	20	0	3	0	1	0	16189609721599348458
Effect4.Machine.linkScope._at_.Effect4.Machine.driveStep._at_.Effect4.Machine.driveState._at_.Effect4.Machine.stepDecisionState._at_.Effect4.Program.replayCheckedFrom.spec_1.spec_3.spec_6.spec_16._redArg	link_scope_at_drive_step_at_drive_state_at_step_decision_state_at_program_replay_checked_from_spec_1_spec_3_spec_6_spec_16	false	38	0	1	2	12	7	0	0	0	0	36	2	0	0	0	0	0	0	0	74	75	0	19	0	1	0	8809953819530364068
List.mapTR.loop._at_.Effect4.Cause.annotate.spec_0._redArg	list_map_tr_loop_at_cause_annotate_spec_0	true	4	0	0	0	1	2	0	0	0	0	4	0	0	0	0	0	0	0	0	1	10	0	2	0	1	0	7182849168057335337
Effect4.Cause.dedup._at_.Effect4.Cause.combine._at_.Effect4.Exit.mergeFinalizer._at_.Effect4.Exit.restoreAfterFinalizer._at_.Effect4.Machine.contEOf.spec_0.spec_0.spec_1.spec_2	cause_dedup_at_cause_combine_at_exit__merge_finalizer_at_exit__restore_after_finalizer_at_cont_eof_spec_0_spec_0_spec_1_spec_2	true	4	0	0	0	1	2	0	0	0	0	4	0	0	0	0	0	0	0	0	2	6	0	2	0	1	0	8315501315858454768
Effect4.Machine.RunMachine.postTask._redArg	run_machine_post_task	false	11	0	0	0	2	2	0	0	0	0	11	0	0	0	0	0	0	0	0	22	34	0	3	0	1	0	6449095426204001561
Effect4.Program.requestOf	program_request_of	false	9	0	0	0	6	5	0	0	0	0	9	0	0	0	0	0	0	0	0	7	8	0	8	2	1	0	15001821206331333589
Effect4.Program.walkPc	program_walk_pc	true	16	0	0	0	4	5	0	2	0	0	14	0	2	0	0	0	0	0	0	5	30	0	7	1	1	0	7084822069950922988
Effect4.Program.localBinds	program_local_binds	true	12	0	0	0	4	5	0	5	0	0	7	0	5	0	0	0	0	0	0	0	14	0	4	4	1	0	13892101641309434241
_private.Init.Data.List.Impl.0.List.takeTR.go._redArg	list_take_tr_go	true	7	0	0	0	2	3	0	2	0	0	5	0	2	0	0	0	0	0	0	2	11	0	4	0	1	0	95947191579385798
Effect4.Machine.WakeList.pending._redArg	wake_list_pending	false	1	0	0	0	1	1	0	0	0	0	1	0	0	0	0	0	0	0	0	0	3	0	1	0	1	0	17719248334210764746
List.filterTR.loop._at_.Effect4.Machine.WakeList.cancel.spec_0._redArg	list_filter_tr_loop_at_wake_list_cancel_spec_0	true	7	0	1	2	5	4	0	0	0	0	7	0	0	0	0	0	0	0	0	1	24	0	9	0	1	0	9165562772435415110
Effect4.Scope.tableInsert._at_._private.Effect4.Machine.Scope.0.Effect4.Scope.addState._at_.Effect4.Scope.addUnsafe._at_.Effect4.Scope.addExit._at_.Effect4.Machine.ScopeStore.addFinalizer.spec_0.spec_0.spec_1.spec_2._redArg	scope_table_insert_at__private_effect4_machine_scope_0_effect4_scope_add_state_at_scope_add_unsafe_at_scope_add_exit_at_scope_store_add_finalizer_spec_0_spec_0_spec_1_spec_2	false	7	0	0	0	1	2	0	0	0	0	7	0	0	0	0	0	0	0	0	5	12	0	2	0	1	0	6068756688321179068
List.mapTR.loop._at_.Effect4.Machine.MemoWorld.setMap.spec_0	list_map_tr_loop_at_memo_world_set_map_spec_0	true	4	0	1	2	4	2	0	0	0	0	4	0	0	0	0	0	0	0	0	1	10	0	6	0	1	0	53626417807330206
_private.Init.Data.Array.Basic.0.Array.foldrMUnsafe.fold._at_._private.Init.Data.List.Impl.0.List.setTR.go.spec_0._redArg	array_foldr_munsafe_fold_at__private_init_data_list_impl_0_list_set_tr_go_spec_0	true	6	0	0	0	1	2	0	1	0	0	5	0	0	0	0	0	0	0	1	3	12	0	2	0	1	0	8110460290529840772
Effect4.Program.Ty.productMembers	program_ty_product_members	false	4	0	0	0	0	1	0	1	0	0	3	0	1	0	0	0	0	0	0	1	5	0	0	0	1	0	13137715901732889463
Effect4.Program.Ty.normalizeRow	program_ty_normalize_row	false	3	0	0	0	0	1	0	0	0	0	3	0	0	0	0	0	0	0	0	0	3	0	0	0	1	0	15478094685946660281
Effect4.Program.Ty.ofMembers	program_ty_of_members	true	3	0	0	0	2	3	0	0	0	0	3	0	0	0	0	0	0	0	0	0	3	0	3	1	1	0	9770535954034479365
Effect4.Program.Ty.members	program_ty_members	true	6	0	0	0	1	3	0	0	0	0	6	0	0	0	0	0	0	0	0	3	6	0	2	1	1	0	11893630321263325716
Effect4.Program.errAdmits._lam_0	program_err_admits__lam_0	false	2	0	0	0	0	1	0	0	0	0	2	0	0	0	0	0	0	0	0	1	3	0	0	0	1	0	17281150813094656059
Effect4.Program.reasonAdmits	program_reason_admits	false	4	0	0	0	2	3	0	0	0	0	3	1	0	0	0	0	0	0	0	0	3	0	3	1	1	0	139351119546935563
_private.Init.Data.List.Impl.0.List.eraseTR.go._at_.Effect4.Machine.WakeList.wakeBy._at_.Effect4.Machine.TimerStore.fireNext.spec_0.spec_0	list_erase_tr_go_at_wake_list_wake_by_at_timer_store_fire_next_spec_0_spec_0	true	10	0	0	0	3	4	0	2	0	0	8	0	1	0	0	0	0	0	1	2	17	0	6	0	1	0	17797490543952621158
Effect4.Scope.tableRemove._at_._private.Effect4.Machine.Scope.0.Effect4.Scope.removeState._at_.Effect4.Scope.removeUnsafe._at_.Effect4.Machine.ScopeStore.removeFinalizer.spec_0.spec_0.spec_1._redArg	scope_table_remove_at__private_effect4_machine_scope_0_effect4_scope_remove_state_at_scope_remove_unsafe_at_scope_store_remove_finalizer_spec_0_spec_0_spec_1	false	2	0	0	0	0	1	0	0	0	0	2	0	0	0	0	0	0	0	0	1	3	0	0	0	1	0	7154553009239751373
Effect4.Machine.ScopeStore.closeState	scope_store_close_state	false	4	0	0	0	2	2	0	0	0	0	4	0	0	0	0	0	0	0	0	0	8	0	3	0	1	0	18127294822257314243
Effect4.Scope.closeOrder._redArg	scope_close_order	false	4	0	0	0	0	1	0	0	0	0	4	0	0	0	0	0	0	0	0	1	4	0	0	0	1	0	3886211676469319235
Effect4.Machine.Val.image._lam_0	val__image__lam_0	false	1	0	0	0	0	1	0	0	0	0	1	0	0	0	0	0	0	0	0	1	1	0	0	0	1	0	12754152827215713636
Effect4.Machine.Val.image._lam_1	val__image__lam_1	false	0	0	0	0	0	1	0	0	0	0	0	0	0	0	0	0	0	0	0	0	0	0	0	0	1	0	17008550569647788994
Effect4.Machine.Value.toExit._redArg	value_to_exit	false	10	0	0	0	3	2	0	2	0	0	6	2	2	0	0	0	0	0	0	4	10	0	4	0	1	0	7631666306562959531
Effect4.Machine.Value.ofExit._redArg	value_of_exit	false	18	0	0	0	11	10	0	2	0	0	14	2	2	0	0	0	0	0	0	20	10	0	15	5	1	0	10835814892244805104
Effect4.Machine.Env.entriesOf	env_entries_of	true	9	0	0	0	4	4	0	0	0	0	9	0	0	0	0	0	0	0	0	7	8	0	5	2	1	0	3595468153400345807
List.nodupDecidable._redArg._lam_0	list_nodup_decidable__red_arg__lam_0	false	3	0	0	0	1	2	0	0	0	0	2	1	0	0	0	0	0	0	0	0	2	0	2	0	1	0	15818088907460616621
List.instDecidablePairwise._redArg	list_inst_decidable_pairwise	true	4	0	0	0	2	3	0	0	0	0	3	1	0	0	0	0	0	0	0	0	5	0	4	0	1	0	17090545727311027336
Effect4.Machine.Env.preventYieldRef	env_prevent_yield_ref	false	4	0	0	0	0	1	0	0	0	0	4	0	0	0	0	0	0	0	0	1	3	0	0	0	1	0	10154023185087433670
Effect4.Machine.Env.Context.getRef._redArg	env_context_get_ref	false	1	0	0	0	2	2	0	0	0	0	1	0	0	0	0	0	0	0	0	0	2	0	3	0	1	0	12113301755800119420
Effect4.Machine.Env.maxOpsRef	env_max_ops_ref	false	4	0	0	0	0	1	0	1	0	0	3	0	1	0	0	0	0	0	0	1	3	0	0	0	1	0	16422690443146374799
Effect4.Machine.Env.entryStore	env_entry_store	false	3	0	0	0	1	1	0	0	0	0	2	1	0	0	0	0	0	0	0	0	3	0	1	0	1	0	12890661360595118439
Effect4.Store.Image.nat._lam_0	store_image_nat__lam_0	false	1	0	0	0	0	1	0	0	0	0	1	0	0	0	0	0	0	0	0	0	1	0	0	0	1	0	12175892713762954
Effect4.Store.Image.ofNat	store_image_of_nat	false	2	0	0	0	1	2	0	0	0	0	2	0	0	0	0	0	0	0	0	2	1	0	1	1	1	0	10559044151171139227
Effect4.Store.Image.ctor1._redArg._lam_0	store_image_ctor1__red_arg__lam_0	false	4	0	0	0	1	1	0	0	0	0	3	1	0	0	0	0	0	0	0	2	5	0	1	0	1	0	3757210842780120201
Effect4.Store.Image.ofCtor1._redArg	store_image_of_ctor1	false	6	0	0	0	5	5	0	0	0	0	5	1	0	0	0	0	0	0	0	4	3	0	6	3	1	0	8854919748890445352
Effect4.Machine.Value.toReason._redArg	value_to_reason	false	25	0	0	0	7	3	0	3	0	0	16	6	3	0	0	0	0	0	0	9	28	0	9	0	1	0	5777669366591673215
Effect4.Machine.Value.ofReason._redArg	value_of_reason	false	39	0	0	0	25	20	0	3	0	0	30	6	3	0	0	0	0	0	0	32	25	0	28	16	1	0	2197944056374483673
Effect4.Reason.error?._redArg	reason_error_opt	false	2	0	0	0	1	2	0	0	0	0	2	0	0	0	0	0	0	0	0	2	1	0	1	1	1	0	9740046973157842075
Effect4.Program.stringsAtom	program_strings_atom	false	4	0	0	0	1	2	0	0	0	0	4	0	0	0	0	0	0	0	0	2	3	0	2	0	1	0	10036156746018718570
Effect4.Program.queryTag	program_query_tag	false	5	0	0	0	1	2	0	0	0	0	5	0	0	0	0	0	0	0	0	2	5	0	2	0	1	0	16260458119732398648
Effect4.Program.queryError	program_query_error	false	8	0	1	2	3	3	0	0	0	0	8	0	0	0	0	0	0	0	0	3	6	0	6	0	1	0	968683317540736846
Effect4.Program.NativeAtom.tagHit	program_native_atom_tag_hit	false	6	0	0	0	5	6	0	0	0	0	6	0	0	0	0	0	0	0	0	0	2	0	5	5	1	0	15479924598481329893
Effect4.Machine.Val.asList?	val__as_list_opt	false	6	0	0	0	2	3	0	0	0	0	6	0	0	0	0	0	0	0	0	4	5	0	3	1	1	0	267384237107163278
Effect4.Machine.instDecidableEqHandleKind	inst_decidable_eq_handle_kind	false	3	0	0	0	0	1	0	0	0	0	3	0	0	0	0	0	0	0	0	0	4	0	0	0	1	0	1313571599419326889
Effect4.Machine.taskCmds._redArg	task_cmds	false	15	0	0	0	1	3	0	0	0	0	15	0	0	0	0	0	0	0	0	57	18	0	3	0	1	0	10487617852642846894
Effect4.Machine.runloopTop._at_.Effect4.Machine.iteration._at_.Effect4.Machine.driveStep._at_.Effect4.Machine.driveState._at_.Effect4.Machine.stepDecisionState._at_.Effect4.Program.replayCheckedFrom.spec_1.spec_3.spec_6.spec_8.spec_11._redArg	runloop_top_at_iteration_at_drive_step_at_drive_state_at_step_decision_state_at_program_replay_checked_from_spec_1_spec_3_spec_6_spec_8_spec_11	false	5	0	0	0	3	2	0	0	0	0	5	0	0	0	0	0	0	0	0	24	22	0	4	0	1	0	664468259675564355
Effect4.Machine.countOp._redArg	count_op	false	3	0	0	0	1	1	0	1	0	0	2	0	1	0	0	0	0	0	0	10	17	0	1	0	1	0	12347298942490539591
Effect4.Machine.injectYield._at_.Effect4.Machine.iteration._at_.Effect4.Machine.driveStep._at_.Effect4.Machine.driveState._at_.Effect4.Machine.stepDecisionState._at_.Effect4.Program.replayCheckedFrom.spec_1.spec_3.spec_6.spec_8.spec_12._redArg	inject_yield_at_iteration_at_drive_step_at_drive_state_at_step_decision_state_at_program_replay_checked_from_spec_1_spec_3_spec_6_spec_8_spec_12	false	17	0	0	0	5	4	0	1	0	0	16	0	1	0	0	0	0	0	0	67	36	0	8	0	1	0	2648498301884398084
Effect4.Machine.RunMachine.halt._redArg	run_machine_halt	false	2	0	0	0	1	1	0	0	0	0	2	0	0	0	0	0	0	0	0	13	11	0	1	0	1	0	11638282387332510252
Effect4.Machine.RunMachine.completedExits._redArg	run_machine_completed_exits	false	3	0	0	0	1	1	0	1	0	0	2	0	1	0	0	0	0	0	0	1	3	0	1	0	1	0	5040975946331081690
Effect4.Program.interpAt	program_interp_at	false	19	0	0	0	2	1	0	0	0	0	19	0	0	0	0	0	0	0	0	18	71	0	2	0	1	0	4285600271421454482
Effect4.Machine.evaluatePrim._at_.Effect4.Program.exitScoped.spec_0._redArg	evaluate_prim_at_program_exit_scoped_spec_0	false	122	0	4	8	32	16	0	3	0	0	111	8	3	0	0	0	0	0	0	540	407	0	49	2	1	0	17290952467293674769
Effect4.Program.enterScoped	program_enter_scoped	false	18	0	0	0	5	1	0	2	0	0	16	0	2	0	0	0	0	0	0	56	58	0	5	0	1	0	12405166767685134988
Effect4.Program.exitScoped	program_exit_scoped	false	30	0	3	6	13	5	0	0	0	0	30	0	0	0	0	0	0	0	0	90	120	0	17	3	1	0	17674683048632794656
Effect4.Machine.exitFiber.exitStore._at_.Effect4.Machine.exitFiber._at_.Effect4.Machine.driveStep._at_.Effect4.Machine.driveState._at_.Effect4.Machine.stepDecisionState._at_.Effect4.Program.replayCheckedFrom.spec_1.spec_3.spec_6.spec_10.spec_15._redArg	exit_fiber_exit_store_at_exit_fiber_at_drive_step_at_drive_state_at_step_decision_state_at_program_replay_checked_from_spec_1_spec_3_spec_6_spec_10_spec_15	false	21	0	0	0	2	2	0	0	0	0	21	0	0	0	0	0	0	0	0	44	31	0	2	1	1	0	15595474647082969041
Effect4.Machine.exitFiber.exitInterruptChildren._at_.Effect4.Machine.exitFiber._at_.Effect4.Machine.driveStep._at_.Effect4.Machine.driveState._at_.Effect4.Machine.stepDecisionState._at_.Effect4.Program.replayCheckedFrom.spec_1.spec_3.spec_6.spec_10.spec_16._redArg	exit_fiber_exit_interrupt_children_at_exit_fiber_at_drive_step_at_drive_state_at_step_decision_state_at_program_replay_checked_from_spec_1_spec_3_spec_6_spec_10_spec_16	false	15	0	0	0	3	1	0	0	0	0	13	2	0	0	0	0	0	0	0	48	38	0	3	0	1	0	13718657461278687720
List.find?._at_.Effect4.Machine.RunMachine.race?.spec_0._redArg	list_find_opt_at_run_machine_race_opt_spec_0	true	4	0	0	0	3	3	0	0	0	0	4	0	0	0	0	0	0	0	0	2	5	0	5	0	1	0	1745995597117623616
Effect4.Machine.spawn._at_.Effect4.Machine.launchEntrant._at_.Effect4.Machine.driveStep._at_.Effect4.Machine.driveState._at_.Effect4.Machine.stepDecisionState._at_.Effect4.Program.replayCheckedFrom.spec_1.spec_3.spec_6.spec_12.spec_19._redArg	spawn_at_launch_entrant_at_drive_step_at_drive_state_at_step_decision_state_at_program_replay_checked_from_spec_1_spec_3_spec_6_spec_12_spec_19	false	15	0	1	3	7	1	0	1	0	0	13	1	1	0	0	0	0	0	0	29	36	0	9	0	1	0	2779086068190146461
List.mapTR.loop._at_.Effect4.Machine.RunMachine.updateRace.spec_0._redArg	list_map_tr_loop_at_run_machine_update_race_spec_0	true	4	0	1	2	4	2	0	0	0	0	4	0	0	0	0	0	0	0	0	1	10	0	6	0	1	0	8263421330017221506
Effect4.Machine.fireObserver._at_.Effect4.Machine.driveStep._at_.Effect4.Machine.driveState._at_.Effect4.Machine.stepDecisionState._at_.Effect4.Program.replayCheckedFrom.spec_1.spec_3.spec_6.spec_13._redArg._lam_0	fire_observer_at_drive_step_at_drive_state_at_step_decision_state_at_program_replay_checked_from_spec_1_spec_3_spec_6_spec_13__red_arg__lam_0	false	3	0	0	0	1	1	0	0	0	0	3	0	0	0	0	0	0	0	0	11	18	0	1	0	1	0	11495595993585524493
List.find?._at_.Effect4.Machine.fireObserver._at_.Effect4.Machine.driveStep._at_.Effect4.Machine.driveState._at_.Effect4.Machine.stepDecisionState._at_.Effect4.Program.replayCheckedFrom.spec_1.spec_3.spec_6.spec_13.spec_21	list_find_opt_at_fire_observer_at_drive_step_at_drive_state_at_step_decision_state_at_program_replay_checked_from_spec_1_spec_3_spec_6_spec_13_spec_21	true	4	0	0	0	3	3	0	0	0	0	4	0	0	0	0	0	0	0	0	2	5	0	5	0	1	0	363894453220804280
Effect4.Machine.fireObserver._at_.Effect4.Machine.driveStep._at_.Effect4.Machine.driveState._at_.Effect4.Machine.stepDecisionState._at_.Effect4.Program.replayCheckedFrom.spec_1.spec_3.spec_6.spec_13._redArg._lam_1	fire_observer_at_drive_step_at_drive_state_at_step_decision_state_at_program_replay_checked_from_spec_1_spec_3_spec_6_spec_13__red_arg__lam_1	false	4	0	0	0	1	1	0	0	0	0	4	0	0	0	0	0	0	0	0	12	19	0	1	0	1	0	2789846411146590301
Effect4.Machine.countdownWalk._redArg	countdown_walk	true	11	0	0	0	4	4	0	0	0	0	11	0	0	0	0	0	0	0	0	10	19	0	7	0	1	0	6707174492295168613
List.mapTR.loop._at_.Effect4.Machine.fireObserver._at_.Effect4.Machine.driveStep._at_.Effect4.Machine.driveState._at_.Effect4.Machine.stepDecisionState._at_.Effect4.Program.replayCheckedFrom.spec_1.spec_3.spec_6.spec_13.spec_22	list_map_tr_loop_at_fire_observer_at_drive_step_at_drive_state_at_step_decision_state_at_program_replay_checked_from_spec_1_spec_3_spec_6_spec_13_spec_22	true	7	0	1	2	3	2	0	0	0	0	7	0	0	0	0	0	0	0	0	9	17	0	5	0	1	0	2425381815452224835
Effect4.Machine.countdownPark.resumePrim._at_.Effect4.Machine.fireObserver._at_.Effect4.Machine.driveStep._at_.Effect4.Machine.driveState._at_.Effect4.Machine.stepDecisionState._at_.Effect4.Program.replayCheckedFrom.spec_1.spec_3.spec_6.spec_13.spec_23._redArg	countdown_park_resume_prim_at_fire_observer_at_drive_step_at_drive_state_at_step_decision_state_at_program_replay_checked_from_spec_1_spec_3_spec_6_spec_13_spec_23	false	6	0	0	0	4	3	0	0	0	0	4	2	0	0	0	0	0	0	0	28	7	0	6	0	1	0	8318164409549340850
List.mapTR.loop._at_.Effect4.Machine.fireObserver._at_.Effect4.Machine.driveStep._at_.Effect4.Machine.driveState._at_.Effect4.Machine.stepDecisionState._at_.Effect4.Program.replayCheckedFrom.spec_1.spec_3.spec_6.spec_13.spec_24	list_map_tr_loop_at_fire_observer_at_drive_step_at_drive_state_at_step_decision_state_at_program_replay_checked_from_spec_1_spec_3_spec_6_spec_13_spec_24	true	6	0	1	2	3	2	0	0	0	0	6	0	0	0	0	0	0	0	0	8	20	0	5	0	1	0	5209725560739482991
Effect4.Exit.isSuccess._redArg	exit__is_success	false	2	0	0	0	1	2	0	0	0	0	2	0	0	0	0	0	0	0	0	0	0	0	2	0	1	0	8604033932537796157
List.all._at_.Effect4.Machine.fireObserver._at_.Effect4.Machine.driveStep._at_.Effect4.Machine.driveState._at_.Effect4.Machine.stepDecisionState._at_.Effect4.Program.replayCheckedFrom.spec_1.spec_3.spec_6.spec_13.spec_25	list_all_at_fire_observer_at_drive_step_at_drive_state_at_step_decision_state_at_program_replay_checked_from_spec_1_spec_3_spec_6_spec_13_spec_25	true	3	0	0	0	2	3	0	0	0	0	3	0	0	0	0	0	0	0	0	0	2	0	4	0	1	0	5316259277775050464
List.foldl._at_.Effect4.Machine.interruptEach._at_.Effect4.Machine.fireObserver._at_.Effect4.Machine.driveStep._at_.Effect4.Machine.driveState._at_.Effect4.Machine.stepDecisionState._at_.Effect4.Program.replayCheckedFrom.spec_1.spec_3.spec_6.spec_13.spec_26.spec_32._redArg	list_foldl_at_interrupt_each_at_fire_observer_at_drive_step_at_drive_state_at_step_decision_state_at_program_replay_checked_from_spec_1_spec_3_spec_6_spec_13_spec_26_spec_32	true	14	0	1	2	5	3	0	0	0	0	14	0	0	0	0	0	0	0	0	24	34	0	8	0	1	0	16333535897835568228
Effect4.Supervision.raceComplete._redArg	supervision_race_complete	false	40	0	2	4	9	6	0	3	0	0	37	0	3	0	0	0	0	0	0	42	102	0	16	0	1	0	9268260052666755279
Effect4.Machine.linkScope._at_.Effect4.Machine.driveStep._at_.Effect4.Machine.driveState._at_.Effect4.Machine.stepDecisionState._at_.Effect4.Program.replayCheckedFrom.spec_1.spec_3.spec_6.spec_16._redArg._lam_0	link_scope_at_drive_step_at_drive_state_at_step_decision_state_at_program_replay_checked_from_spec_1_spec_3_spec_6_spec_16__red_arg__lam_0	false	5	0	0	0	1	1	0	0	0	0	5	0	0	0	0	0	0	0	0	12	21	0	1	0	1	0	236983389694267226
Effect4.Reason.annotate._redArg	reason_annotate	false	6	0	0	0	1	3	0	0	0	0	6	0	0	0	0	0	0	0	0	12	15	0	3	0	1	0	5088107103815554821
List.filterTR.loop._at_.Effect4.Cause.dedup._at_.Effect4.Cause.combine._at_.Effect4.Exit.mergeFinalizer._at_.Effect4.Exit.restoreAfterFinalizer._at_.Effect4.Machine.contEOf.spec_0.spec_0.spec_1.spec_2.spec_3	list_filter_tr_loop_at_cause_dedup_at_cause_combine_at_exit__merge_finalizer_at_exit__restore_after_finalizer_at_cont_eof_spec_0_spec_0_spec_1_spec_2_spec_3	true	9	0	0	0	2	3	0	0	0	0	9	0	0	0	0	0	0	0	0	1	15	0	4	0	1	0	15389174925902769709
Effect4.Machine.Dispatcher.enqueue._redArg	dispatcher_enqueue	false	3	0	0	0	1	1	0	0	0	0	3	0	0	0	0	0	0	0	0	8	5	0	1	0	1	0	12478501020718194042
Effect4.Machine.RunMachine.arm._redArg	run_machine_arm	false	6	0	0	0	2	2	0	0	0	0	6	0	0	0	0	0	0	0	0	26	26	0	3	0	1	0	16138671965455461924
List.replicateTR._redArg	list_replicate_tr	false	2	0	0	0	0	1	0	0	0	0	2	0	0	0	0	0	0	0	0	1	3	0	0	0	1	0	8713705853396372250
List.any._at_.Effect4.Machine.WakeList.pending.spec_0._redArg	list_any_at_wake_list_pending_spec_0	true	4	0	1	2	4	3	0	0	0	0	4	0	0	0	0	0	0	0	0	0	9	0	7	0	1	0	12011497873673355661
List.any._at_.Effect4.Scope.tableInsert._at_._private.Effect4.Machine.Scope.0.Effect4.Scope.addState._at_.Effect4.Scope.addUnsafe._at_.Effect4.Scope.addExit._at_.Effect4.Machine.ScopeStore.addFinalizer.spec_0.spec_0.spec_1.spec_2.spec_3._redArg	list_any_at_scope_table_insert_at__private_effect4_machine_scope_0_effect4_scope_add_state_at_scope_add_unsafe_at_scope_add_exit_at_scope_store_add_finalizer_spec_0_spec_0_spec_1_spec_2_spec_3	true	3	0	0	0	3	3	0	0	0	0	3	0	0	0	0	0	0	0	0	0	4	0	5	0	1	0	17056475779697346580
List.mapTR.loop._at_.Effect4.Scope.tableInsert._at_._private.Effect4.Machine.Scope.0.Effect4.Scope.addState._at_.Effect4.Scope.addUnsafe._at_.Effect4.Scope.addExit._at_.Effect4.Machine.ScopeStore.addFinalizer.spec_0.spec_0.spec_1.spec_2.spec_4._redArg	list_map_tr_loop_at_scope_table_insert_at__private_effect4_machine_scope_0_effect4_scope_add_state_at_scope_add_unsafe_at_scope_add_exit_at_scope_store_add_finalizer_spec_0_spec_0_spec_1_spec_2_spec_4	true	5	0	1	2	3	2	0	0	0	0	5	0	0	0	0	0	0	0	0	3	13	0	5	0	1	0	18187560047596751945
Effect4.Program.Ty.factors	program_ty_factors	false	3	0	0	0	1	2	0	0	0	0	3	0	0	0	0	0	0	0	0	2	3	0	1	1	1	0	3888785641913320115
_private.Init.Data.List.Impl.0.List.flatMapTR.go._at_.Effect4.Program.Ty.productMembers.spec_1	list_flat_map_tr_go_at_program_ty_product_members_spec_1	true	6	0	0	0	1	2	0	0	0	0	6	0	0	0	0	0	0	0	0	2	10	0	2	0	1	0	1974802707838251998
Effect4.Program.Ty.sub	program_ty_sub	true	29	0	3	17	20	39	0	0	0	0	29	0	0	0	0	0	0	0	0	0	83	0	60	12	1	0	14278834426080110723
Effect4.Row.normalize._at_.Effect4.Program.Ty.normalizeRow.spec_0._redArg	row_normalize_at_program_ty_normalize_row_spec_0	true	3	0	0	0	1	2	0	0	0	0	3	0	0	0	0	0	0	0	0	1	3	0	2	0	1	0	7186301741748875690
Effect4.Row.antichain._redArg	row_antichain	false	2	0	0	0	0	1	0	0	0	0	2	0	0	0	0	0	0	0	0	1	4	0	0	0	1	0	11625246774281937002
Effect4.Machine.instDecidableEqWaiter.decEq._redArg	inst_decidable_eq_waiter_dec_eq	false	4	0	0	0	5	4	0	0	0	0	3	1	0	0	0	0	0	0	0	0	8	0	8	0	1	0	15156846769008962392
_private.Init.Data.Array.Basic.0.Array.foldrMUnsafe.fold._at_._private.Init.Data.List.Impl.0.List.eraseTR.go._at_.Effect4.Machine.WakeList.wakeBy._at_.Effect4.Machine.TimerStore.fireNext.spec_0.spec_0.spec_1	array_foldr_munsafe_fold_at__private_init_data_list_impl_0_list_erase_tr_go_at_wake_list_wake_by_at_timer_store_fire_next_spec_0_spec_0_spec_1	true	6	0	0	0	1	2	0	1	0	0	5	0	0	0	0	0	0	0	1	3	12	0	2	0	1	0	14024230350219051922
List.filterTR.loop._at_.Effect4.Scope.tableRemove._at_._private.Effect4.Machine.Scope.0.Effect4.Scope.removeState._at_.Effect4.Scope.removeUnsafe._at_.Effect4.Machine.ScopeStore.removeFinalizer.spec_0.spec_0.spec_1.spec_2._redArg	list_filter_tr_loop_at_scope_table_remove_at__private_effect4_machine_scope_0_effect4_scope_remove_state_at_scope_remove_unsafe_at_scope_store_remove_finalizer_spec_0_spec_0_spec_1_spec_2	true	5	0	0	0	3	3	0	0	0	0	5	0	0	0	0	0	0	0	0	1	11	0	5	0	1	0	14651439081562184825
Effect4.Scope.closeState._redArg	scope_close_state	false	3	0	0	0	2	2	0	0	0	0	3	0	0	0	0	0	0	0	0	14	4	0	3	0	1	0	16473096227366124619
Effect4.Scope.finalizers._redArg	scope_finalizers	false	1	0	0	0	1	1	0	0	0	0	1	0	0	0	0	0	0	0	0	0	1	0	1	0	1	0	10535491996878046716
List.mapTR.loop._at_.Effect4.Scope.closeOrder.spec_0._redArg	list_map_tr_loop_at_scope_close_order_spec_0	true	3	0	0	0	2	2	0	0	0	0	3	0	0	0	0	0	0	0	0	1	5	0	3	0	1	0	6944759494043640446
Effect4.Machine.Env.ofEntry	env_of_entry	false	6	0	0	0	3	3	0	0	0	0	5	1	0	0	0	0	0	0	0	5	4	0	4	1	1	0	17726710377291006329
List.decidableBAll._redArg	list_decidable_ball	true	3	0	0	0	2	3	0	0	0	0	2	1	0	0	0	0	0	0	0	0	3	0	4	0	1	0	1711085570325243429
Effect4.Machine.Env.preventYieldKey	env_prevent_yield_key	false	2	0	0	0	0	1	0	1	0	0	1	0	1	0	0	0	0	0	0	0	2	0	0	0	1	0	13171744531954890830
Effect4.Machine.Env.maxOpsKey	env_max_ops_key	false	2	0	0	0	0	1	0	1	0	0	1	0	1	0	0	0	0	0	0	0	2	0	0	0	1	0	14103280107417374031
Effect4.Machine.Env.serviceKeyImage	env_service_key_image	false	7	0	0	0	0	1	0	1	0	0	6	0	1	0	0	0	0	0	0	0	8	0	0	0	1	0	4456169859714722667
Effect4.Machine.Value.annotations._redArg	value_annotations	false	9	0	0	0	0	1	0	1	0	0	8	0	1	0	0	0	0	0	0	0	9	0	0	0	1	0	9542743580282034123
Effect4.Store.Image.option._redArg	store_image_option	false	3	0	0	0	0	1	0	0	0	0	3	0	0	0	0	0	0	0	0	5	4	0	0	0	1	0	11814931051240193455
List.all._at_.Effect4.Program.stringsAtom.spec_0	list_all_at_program_strings_atom_spec_0	true	3	0	0	0	2	3	0	0	0	0	3	0	0	0	0	0	0	0	0	0	1	0	3	1	1	0	13517934322442177125
Effect4.Program.queryReasons?	program_query_reasons_opt	false	9	0	1	4	5	3	0	1	0	0	8	0	1	0	0	0	0	0	0	4	13	0	7	3	1	0	15128540791951619176
List.any._at_.Effect4.Program.queryTag.spec_0	list_any_at_program_query_tag_spec_0	true	4	0	0	0	2	3	0	0	0	0	4	0	0	0	0	0	0	0	0	0	5	0	4	0	1	0	11071611085291567909
List.mapTR.loop._at_.Effect4.Machine.Val.asList?.spec_0	list_map_tr_loop_at_val__as_list_opt_spec_0	true	5	0	0	0	1	2	0	1	0	0	4	0	0	0	1	0	0	0	0	1	7	0	2	0	1	0	9370517203020323234
Effect4.Machine.HandleKind.ctorIdx	handle_kind_ctor_idx	false	6	0	0	0	1	6	0	6	0	0	0	0	6	0	0	0	0	0	0	0	0	0	6	0	1	0	3691366030123538746
Effect4.FrameFiber.pendingCause._redArg	frame_fiber_pending_cause	false	1	0	0	0	2	2	0	0	0	0	1	0	0	0	0	0	0	0	0	1	0	0	3	0	1	0	7854426940220053168
Effect4.Machine.yieldVerdict._redArg	yield_verdict	false	1	0	0	0	2	2	0	0	0	0	1	0	0	0	0	0	0	0	0	0	2	0	3	0	1	0	15353765940593789315
List.filterMapTR.go._at_.Effect4.Machine.RunMachine.completedExits.spec_0._redArg	list_filter_map_tr_go_at_run_machine_completed_exits_spec_0	true	5	0	0	0	3	3	0	0	0	0	5	0	0	0	0	0	0	0	0	4	9	0	5	0	1	0	16300995416940391353
Effect4.Program.interpAt._lam_0	program_interp_at__lam_0	false	10	0	0	0	4	4	0	0	0	0	10	0	0	0	0	0	0	0	0	0	35	0	6	1	1	0	6187502297818584680
Effect4.Program.interpAt._lam_1	program_interp_at__lam_1	false	10	0	0	0	4	4	0	0	0	0	10	0	0	0	0	0	0	0	0	0	33	0	6	1	1	0	11934559447315246219
Effect4.Program.interpAt._lam_2	program_interp_at__lam_2	false	4	0	0	0	2	2	0	0	0	0	4	0	0	0	0	0	0	0	0	0	11	0	2	1	1	0	9479535414217059
Effect4.Program.interpAt._lam_3	program_interp_at__lam_3	false	20	0	1	2	6	3	0	0	0	0	19	1	0	0	0	0	0	0	0	16	26	0	8	1	1	0	15514773872608643771
Effect4.Program.interpAt._lam_4	program_interp_at__lam_4	false	5	0	0	0	2	2	0	0	0	0	5	0	0	0	0	0	0	0	0	9	11	0	2	1	1	0	16630765733343611787
Effect4.Program.interpAt._lam_5	program_interp_at__lam_5	false	5	0	0	0	2	2	0	0	0	0	5	0	0	0	0	0	0	0	0	9	12	0	2	1	1	0	17035031518009505096
Effect4.Program.interpAt._lam_6	program_interp_at__lam_6	false	17	0	0	0	3	2	0	1	0	0	15	1	1	0	0	0	0	0	0	2	19	0	3	1	1	0	9363734445277558733
Effect4.Machine.evaluatePrim.stepFrame._at_.Effect4.Machine.evaluatePrim._at_.Effect4.Program.exitScoped.spec_0.spec_0._redArg	evaluate_prim_step_frame_at_evaluate_prim_at_program_exit_scoped_spec_0_spec_0	false	3	0	0	0	3	1	0	0	0	0	3	0	0	0	0	0	0	0	0	1	8	0	3	0	1	0	13812729659429876283
Effect4.Machine.evaluatePrim.withFiber._at_.Effect4.Machine.evaluatePrim._at_.Effect4.Program.exitScoped.spec_0.spec_1._redArg	evaluate_prim_with_fiber_at_evaluate_prim_at_program_exit_scoped_spec_0_spec_1	false	195	0	3	6	83	29	0	0	0	0	180	15	0	0	0	0	0	0	0	787	560	0	114	0	1	0	4268827653327483592
Effect4.Machine.evaluatePrim.finalizerOr._at_.Effect4.Machine.evaluatePrim._at_.Effect4.Program.exitScoped.spec_0.spec_2._redArg	evaluate_prim_finalizer_or_at_evaluate_prim_at_program_exit_scoped_spec_0_spec_2	false	20	0	2	4	9	4	0	0	0	0	19	1	0	0	0	0	0	0	0	48	63	0	12	2	1	0	13346747294008263807
Effect4.Machine.registerRace._redArg	register_race	false	15	0	0	0	2	2	0	0	0	0	15	0	0	0	0	0	0	0	0	66	30	0	3	0	1	0	8004392599849940633
Effect4.Machine.countdownPark._at_.Effect4.Machine.evaluatePrim._at_.Effect4.Program.exitScoped.spec_0.spec_3._redArg	countdown_park_at_evaluate_prim_at_program_exit_scoped_spec_0_spec_3	false	27	0	0	0	10	2	0	1	0	0	25	1	1	0	0	0	0	0	0	81	92	0	11	0	1	0	5457455143680783879
Effect4.FrameFiber.getCont._redArg	frame_fiber_get_cont	false	11	0	1	2	3	2	0	0	0	0	11	0	0	0	0	0	0	0	0	38	25	0	5	0	1	0	4618933670670144764
List.mapTR.loop._at_.Effect4.Program.exitScoped.spec_1	list_map_tr_loop_at_program_exit_scoped_spec_1	true	4	0	0	0	1	2	0	0	0	0	4	0	0	0	0	0	0	0	0	11	8	0	2	0	1	0	11624316689068403097
Effect4.Machine.finalizerCode._redArg	finalizer_code	false	4	0	1	2	3	1	0	0	0	0	2	2	0	0	0	0	0	0	0	14	8	0	4	0	1	0	10198905966131072886
Effect4.Machine.RunFiber.publish._at_.Effect4.Machine.exitFiber.exitStore._at_.Effect4.Machine.exitFiber._at_.Effect4.Machine.driveStep._at_.Effect4.Machine.driveState._at_.Effect4.Machine.stepDecisionState._at_.Effect4.Program.replayCheckedFrom.spec_1.spec_3.spec_6.spec_10.spec_15.spec_18._redArg	run_fiber_publish_at_exit_fiber_exit_store_at_exit_fiber_at_drive_step_at_drive_state_at_step_decision_state_at_program_replay_checked_from_spec_1_spec_3_spec_6_spec_10_spec_15_spec_18	false	7	0	0	0	2	1	0	0	0	0	7	0	0	0	0	0	0	0	0	20	21	0	2	0	1	0	3943048828012119493
List.mapTR.loop._at_.Effect4.Machine.exitFiber.exitStore._at_.Effect4.Machine.exitFiber._at_.Effect4.Machine.driveStep._at_.Effect4.Machine.driveState._at_.Effect4.Machine.stepDecisionState._at_.Effect4.Program.replayCheckedFrom.spec_1.spec_3.spec_6.spec_10.spec_15.spec_19._redArg	list_map_tr_loop_at_exit_fiber_exit_store_at_exit_fiber_at_drive_step_at_drive_state_at_step_decision_state_at_program_replay_checked_from_spec_1_spec_3_spec_6_spec_10_spec_15_spec_19	true	4	0	0	0	1	2	0	0	0	0	4	0	0	0	0	0	0	0	0	9	10	0	2	0	1	0	10186810198002441875
Effect4.Exit.causeReasons._redArg	exit__cause_reasons	false	1	0	0	0	1	2	0	0	0	0	1	0	0	0	0	0	0	0	0	1	0	0	2	0	1	0	10354834121175226058
Effect4.Supervision.WaitState.pending._redArg	supervision_wait_state_pending	false	2	0	0	0	1	1	0	0	0	0	2	0	0	0	0	0	0	0	0	1	3	0	1	0	1	0	14953679686653513911
_private.Effect4.Machine.Cause.0.Effect4.ReasonAnnotations.annotateEntries._redArg	reason_annotations_annotate_entries	false	4	0	0	0	0	1	0	0	0	0	4	0	0	0	0	0	0	0	0	1	9	0	0	0	1	0	3304448200719879409
Effect4.Machine.instDecidableEqErr	inst_decidable_eq_err	false	1	0	0	0	0	1	0	0	0	0	1	0	0	0	0	0	0	0	0	0	2	0	0	0	1	0	8391292303510567098
Effect4.Machine.instDecidableEqDefect	inst_decidable_eq_defect	false	1	0	0	0	0	1	0	0	0	0	1	0	0	0	0	0	0	0	0	0	2	0	0	0	1	0	13511566898626364898
instDecidableEqPUnit	inst_decidable_eq_punit	false	1	0	0	0	0	1	0	0	0	0	1	0	0	0	0	0	0	0	0	0	0	0	0	0	1	0	3762732199786747172
Effect4.instDecidableEqReason.decEq._redArg	inst_decidable_eq_reason_dec_eq	false	9	0	0	0	7	9	0	0	0	0	7	2	0	0	0	0	0	0	0	0	16	0	12	3	1	0	16710702113939345489
Effect4.Machine.Dispatcher.insert._redArg	dispatcher_insert	true	18	0	0	0	4	4	0	0	0	0	18	0	0	0	0	0	0	0	0	35	31	0	7	0	1	0	13496410516090440961
List.elem._at_.Effect4.Machine.RunMachine.arm.spec_0	list_elem_at_run_machine_arm_spec_0	true	3	0	0	0	2	3	0	0	0	0	3	0	0	0	0	0	0	0	0	0	4	0	4	0	1	0	8368514761791495183
List.replicateTR.loop._redArg	list_replicate_tr_loop	true	6	0	0	0	1	2	0	2	0	0	4	0	2	0	0	0	0	0	0	1	9	0	2	0	1	0	2740294555953109827
List.mapTR.loop._at_.Effect4.Program.Ty.productMembers.spec_0	list_map_tr_loop_at_program_ty_product_members_spec_0	true	4	0	0	0	1	2	0	0	0	0	4	0	0	0	0	0	0	0	0	1	8	0	2	0	1	0	12721932408753744891
Effect4.Program.instDecidableEqTy.decEq	program_inst_decidable_eq_ty_dec_eq	true	22	0	0	0	21	21	0	0	0	0	22	0	0	0	0	0	0	0	0	0	42	0	40	1	1	0	9282729494827671564
_private.Effect4.Data.Row.0.Effect4.Row.insertElems._at_.Effect4.Row.insert._at_.Effect4.Row.normalize._at_.Effect4.Program.Ty.normalizeRow.spec_0.spec_1.spec_2	row_insert_elems_at_row_insert_at_row_normalize_at_program_ty_normalize_row_spec_0_spec_1_spec_2	true	6	0	0	0	3	4	0	0	0	0	6	0	0	0	0	0	0	0	0	3	12	0	6	0	1	0	5248741513504077451
List.filterTR.loop._at_.Effect4.Row.antichain.spec_1._redArg	list_filter_tr_loop_at_row_antichain_spec_1	true	5	0	0	0	2	3	0	0	0	0	5	0	0	0	0	0	0	0	0	1	14	0	4	0	1	0	10620026167974801765
Effect4.ScopeState.entries._redArg	scope_state_entries	false	5	0	0	0	1	4	0	0	0	0	5	0	0	0	0	0	0	0	0	6	4	0	3	1	1	0	14214040616183070383
Effect4.Machine.Env.serviceKeyImage._lam_0	env_service_key_image__lam_0	false	1	0	0	0	1	1	0	0	0	0	1	0	0	0	0	0	0	0	0	0	2	0	1	0	1	0	16974307575086848954
Effect4.Machine.Env.serviceKeyImage._lam_1	env_service_key_image__lam_1	false	1	0	0	0	1	1	0	0	0	0	1	0	0	0	0	0	0	0	0	2	2	0	1	0	1	0	5020565757466910030
Effect4.Store.Image.ctor2._redArg	store_image_ctor2	false	3	0	0	0	0	1	0	0	0	0	3	0	0	0	0	0	0	0	0	5	8	0	0	0	1	0	1386493635216837723
Effect4.Machine.Value.annotations._redArg._lam_0	value_annotations__red_arg__lam_0	false	0	0	0	0	0	1	0	0	0	0	0	0	0	0	0	0	0	0	0	0	0	0	0	0	1	0	18241801881844248474
Effect4.Machine.Value.annotations._redArg._lam_1	value_annotations__red_arg__lam_1	false	0	0	0	0	0	1	0	0	0	0	0	0	0	0	0	0	0	0	0	0	0	0	0	0	1	0	10388562444617680250
Effect4.Store.Image.string	store_image_string	false	3	0	0	0	0	1	0	0	0	0	3	0	0	0	0	0	0	0	0	3	2	0	0	0	1	0	7633446746595136565
Effect4.Store.Image.pair._redArg	store_image_pair	false	3	0	0	0	0	1	0	0	0	0	3	0	0	0	0	0	0	0	0	7	6	0	0	0	1	0	387744060397565697
Effect4.Store.Image.subtype._at_.Effect4.Machine.Value.annotations.spec_1._redArg	store_image_subtype_at_value_annotations_spec_1	false	3	0	0	0	0	1	0	0	0	0	3	0	0	0	0	0	0	0	0	3	4	0	0	0	1	0	6624017823046534723
Effect4.Store.Image.toOption._redArg	store_image_to_option	false	3	0	0	0	2	2	0	0	0	0	2	1	0	0	0	0	0	0	0	0	2	0	3	0	1	0	5601203391203989687
Effect4.Store.Image.ofOption._redArg	store_image_of_option	false	6	0	0	0	3	4	0	0	0	0	5	1	0	0	0	0	0	0	0	5	3	0	5	1	1	0	8235355711092466144
Effect4.Reason.tag._redArg	reason_tag	false	3	0	0	0	1	3	0	0	0	0	3	0	0	0	0	0	0	0	0	0	0	0	3	0	1	0	14832341672318620149
Effect4.instDecidableEqReasonTag	inst_decidable_eq_reason_tag	false	3	0	0	0	0	1	0	0	0	0	3	0	0	0	0	0	0	0	0	0	4	0	0	0	1	0	2715974501176864896
Effect4.FrameFiber.step._at_.Effect4.Machine.evaluatePrim.stepFrame._at_.Effect4.Machine.evaluatePrim._at_.Effect4.Program.exitScoped.spec_0.spec_0.spec_1._redArg	frame_fiber_step_at_evaluate_prim_step_frame_at_evaluate_prim_at_program_exit_scoped_spec_0_spec_0_spec_1	false	98	0	1	2	9	18	0	0	0	0	95	3	0	0	0	0	0	0	0	332	176	0	26	1	1	0	1686948811570594729
Effect4.Machine.evaluatePrim.finishFrame._redArg	evaluate_prim_finish_frame	false	10	0	0	0	3	2	0	0	0	0	10	0	0	0	0	0	0	0	0	59	47	0	4	0	1	0	355206441639223158
Effect4.Machine.spawn._at_.Effect4.Machine.evaluatePrim.withFiber._at_.Effect4.Machine.evaluatePrim._at_.Effect4.Program.exitScoped.spec_0.spec_1.spec_3._redArg	spawn_at_evaluate_prim_with_fiber_at_evaluate_prim_at_program_exit_scoped_spec_0_spec_1_spec_3	false	15	0	1	3	7	1	0	1	0	0	13	1	1	0	0	0	0	0	0	29	36	0	9	0	1	0	1964748056184683428
Effect4.Machine.start._redArg	start	false	16	0	0	0	2	2	0	1	0	0	15	0	1	0	0	0	0	0	0	48	39	0	3	0	1	0	17813106686170390787
Effect4.Machine.evaluatePrim.withFiber._at_.Effect4.Machine.evaluatePrim._at_.Effect4.Program.exitScoped.spec_0.spec_1._redArg._lam_0	evaluate_prim_with_fiber_at_evaluate_prim_at_program_exit_scoped_spec_0_spec_1__red_arg__lam_0	false	3	0	0	0	2	1	0	0	0	0	3	0	0	0	0	0	0	0	0	24	21	0	2	0	1	0	1429674511961882070
Effect4.Machine.linkScope._at_.Effect4.Machine.evaluatePrim.withFiber._at_.Effect4.Machine.evaluatePrim._at_.Effect4.Program.exitScoped.spec_0.spec_1.spec_4._redArg	link_scope_at_evaluate_prim_with_fiber_at_evaluate_prim_at_program_exit_scoped_spec_0_spec_1_spec_4	false	38	0	1	2	12	7	0	0	0	0	36	2	0	0	0	0	0	0	0	74	75	0	19	0	1	0	15781944104296916986
Effect4.Machine.evaluatePrim.withFiber._at_.Effect4.Machine.evaluatePrim._at_.Effect4.Program.exitScoped.spec_0.spec_1._redArg._lam_1	evaluate_prim_with_fiber_at_evaluate_prim_at_program_exit_scoped_spec_0_spec_1__red_arg__lam_1	false	3	0	0	0	3	3	0	0	0	0	3	0	0	0	0	0	0	0	0	21	1	0	5	0	1	0	10512163421580019926
Effect4.Machine.evaluatePrim.interruptAs._at_.Effect4.Machine.evaluatePrim.withFiber._at_.Effect4.Machine.evaluatePrim._at_.Effect4.Program.exitScoped.spec_0.spec_1.spec_5._redArg	evaluate_prim_interrupt_as_at_evaluate_prim_with_fiber_at_evaluate_prim_at_program_exit_scoped_spec_0_spec_1_spec_5	false	22	0	1	2	5	2	0	0	0	0	21	1	0	0	0	0	0	0	0	70	42	0	7	0	1	0	15451099074828897065
List.mapTR.loop._at_.Effect4.Machine.evaluatePrim.withFiber._at_.Effect4.Machine.evaluatePrim._at_.Effect4.Program.exitScoped.spec_0.spec_1.spec_6._redArg	list_map_tr_loop_at_evaluate_prim_with_fiber_at_evaluate_prim_at_program_exit_scoped_spec_0_spec_1_spec_6	true	6	0	1	2	5	2	0	0	0	0	5	1	0	0	0	0	0	0	0	10	15	0	7	0	1	0	7186683635503090740
List.filterTR.loop._at_.Effect4.Machine.evaluatePrim.withFiber._at_.Effect4.Machine.evaluatePrim._at_.Effect4.Program.exitScoped.spec_0.spec_1.spec_7	list_filter_tr_loop_at_evaluate_prim_with_fiber_at_evaluate_prim_at_program_exit_scoped_spec_0_spec_1_spec_7	true	5	0	0	0	2	3	0	0	0	0	5	0	0	0	0	0	0	0	0	1	11	0	4	0	1	0	6547920351058617706
Effect4.Machine.beginRace._at_.Effect4.Machine.evaluatePrim.withFiber._at_.Effect4.Machine.evaluatePrim._at_.Effect4.Program.exitScoped.spec_0.spec_1.spec_8._redArg	begin_race_at_evaluate_prim_with_fiber_at_evaluate_prim_at_program_exit_scoped_spec_0_spec_1_spec_8	false	22	0	0	0	5	1	0	1	0	0	20	1	1	0	0	0	0	0	0	75	72	0	5	0	1	0	6778378204393689426
Effect4.FrameFiber.uninterruptible._redArg	frame_fiber_uninterruptible	false	4	0	0	0	2	2	0	0	0	0	4	0	0	0	0	0	0	0	0	15	8	0	3	0	1	0	16133353557171513674
Effect4.FrameFiber.interruptibleRegion._redArg	frame_fiber_interruptible_region	false	3	0	0	0	2	2	0	0	0	0	3	0	0	0	0	0	0	0	0	3	3	0	3	0	1	0	3892617544334369281
Effect4.Machine.forkFinalizers._at_.Effect4.Machine.evaluatePrim.withFiber._at_.Effect4.Machine.evaluatePrim._at_.Effect4.Program.exitScoped.spec_0.spec_1.spec_9._redArg	fork_finalizers_at_evaluate_prim_with_fiber_at_evaluate_prim_at_program_exit_scoped_spec_0_spec_1_spec_9	true	9	0	0	0	4	2	0	0	0	0	9	0	0	0	0	0	0	0	0	6	18	0	5	0	1	0	1729980779300872665
List.mapTR.loop._at_.Effect4.Machine.evaluatePrim.withFiber._at_.Effect4.Machine.evaluatePrim._at_.Effect4.Program.exitScoped.spec_0.spec_1.spec_10._redArg	list_map_tr_loop_at_evaluate_prim_with_fiber_at_evaluate_prim_at_program_exit_scoped_spec_0_spec_1_spec_10	true	4	0	0	0	1	2	0	0	0	0	4	0	0	0	0	0	0	0	0	9	6	0	2	0	1	0	7133940463516095073
List.mapTR.loop._at_.Effect4.Machine.evaluatePrim.withFiber._at_.Effect4.Machine.evaluatePrim._at_.Effect4.Program.exitScoped.spec_0.spec_1.spec_12._redArg	list_map_tr_loop_at_evaluate_prim_with_fiber_at_evaluate_prim_at_program_exit_scoped_spec_0_spec_1_spec_12	true	6	0	0	0	2	2	0	0	0	0	6	0	0	0	0	0	0	0	0	12	24	0	3	0	1	0	13195619895209613079
List.mapTR.loop._at_.Effect4.Machine.evaluatePrim.finalizerOr._at_.Effect4.Machine.evaluatePrim._at_.Effect4.Program.exitScoped.spec_0.spec_2.spec_14._redArg	list_map_tr_loop_at_evaluate_prim_finalizer_or_at_evaluate_prim_at_program_exit_scoped_spec_0_spec_2_spec_14	true	4	0	0	0	2	2	0	0	0	0	4	0	0	0	0	0	0	0	0	11	8	0	3	0	1	0	7681352327699642025
Effect4.Machine.countdownPark.resumePrim._at_.Effect4.Machine.countdownPark._at_.Effect4.Machine.evaluatePrim._at_.Effect4.Program.exitScoped.spec_0.spec_3.spec_16._redArg	countdown_park_resume_prim_at_countdown_park_at_evaluate_prim_at_program_exit_scoped_spec_0_spec_3_spec_16	false	6	0	0	0	4	3	0	0	0	0	4	2	0	0	0	0	0	0	0	28	7	0	6	0	1	0	8210543111447746999
Effect4.Machine.countdownPark._at_.Effect4.Machine.evaluatePrim._at_.Effect4.Program.exitScoped.spec_0.spec_3._redArg._lam_0	countdown_park_at_evaluate_prim_at_program_exit_scoped_spec_0_spec_3__red_arg__lam_0	false	5	0	0	0	1	1	0	0	0	0	5	0	0	0	0	0	0	0	0	12	21	0	1	0	1	0	14625513443492758805
Effect4.FrameFiber.popFrom._redArg	frame_fiber_pop_from	true	20	0	1	2	8	4	0	0	0	0	20	0	0	0	0	0	0	0	0	31	55	0	12	0	1	0	13574914668114448570
List.filterTR.loop._at_.Effect4.Supervision.WaitState.pending.spec_0._redArg	list_filter_tr_loop_at_supervision_wait_state_pending_spec_0	true	7	0	0	0	3	3	0	0	0	0	7	0	0	0	0	0	0	0	0	1	13	0	5	0	1	0	3719921678165437281
List.mapTR.loop._at_._private.Effect4.Machine.Cause.0.Effect4.ReasonAnnotations.annotateEntries.spec_0._redArg	list_map_tr_loop_at__private_effect4_machine_cause_0_effect4_reason_annotations_annotate_entries_spec_0	true	5	0	1	3	4	2	0	0	0	0	5	0	0	0	0	0	0	0	0	3	14	0	7	0	1	0	5635981845798543759
List.filterTR.loop._at_._private.Effect4.Machine.Cause.0.Effect4.ReasonAnnotations.annotateEntries.spec_1._redArg	list_filter_tr_loop_at__private_effect4_machine_cause_0_effect4_reason_annotations_annotate_entries_spec_1	true	8	0	0	0	3	3	0	0	0	0	8	0	0	0	0	0	0	0	0	1	14	0	5	0	1	0	12422886137411596854
Effect4.Machine.instDecidableEqErr.decEq	inst_decidable_eq_err_dec_eq	false	9	0	0	0	9	15	0	0	0	0	9	0	0	0	0	0	0	0	0	0	8	0	19	4	1	0	17898446099841267611
Effect4.Machine.instDecidableEqDefect.decEq	inst_decidable_eq_defect_dec_eq	false	20	0	0	0	9	22	0	0	0	0	20	0	0	0	0	0	0	0	0	0	4	0	24	6	1	0	14394598196627816407
Effect4.instDecidableEqReasonAnnotations.decEq._redArg	inst_decidable_eq_reason_annotations_dec_eq	false	2	0	0	0	0	1	0	0	0	0	2	0	0	0	0	0	0	0	0	0	4	0	0	0	1	0	8190202502108969402
Effect4.Program.Ty.ctorIdx	program_ty_ctor_idx	false	20	0	0	0	1	20	0	20	0	0	0	0	20	0	0	0	0	0	0	0	0	0	20	0	1	0	1357445657811146332
Effect4.Program.Ty.instDecidableLT	program_ty_inst_decidable_lt	false	3	0	0	0	0	1	0	0	0	0	3	0	0	0	0	0	0	0	0	0	4	0	0	0	1	0	11206067005682712402
List.all._at_.Effect4.Row.antichain.spec_0._redArg	list_all_at_row_antichain_spec_0	true	5	0	0	0	3	4	0	0	0	0	3	2	0	0	0	0	0	0	0	0	10	0	6	0	1	0	10814374054164044233
Effect4.Store.Image.ctor2._redArg._lam_0	store_image_ctor2__red_arg__lam_0	false	6	0	0	0	3	1	0	0	0	0	4	2	0	0	0	0	0	0	0	3	8	0	3	0	1	0	16004785645417075910
Effect4.Store.Image.ofCtor2._redArg	store_image_of_ctor2	false	12	0	0	0	9	8	0	0	0	0	10	2	0	0	0	0	0	0	0	10	7	0	10	6	1	0	11766352941096111638
Effect4.Store.Image.string._lam_0	store_image_string__lam_0	false	1	0	0	0	0	1	0	0	0	0	1	0	0	0	0	0	0	0	0	0	1	0	0	0	1	0	2632047083047633264
Effect4.Store.Image.ofString	store_image_of_string	false	2	0	0	0	1	2	0	0	0	0	2	0	0	0	0	0	0	0	0	2	1	0	1	1	1	0	2467771162744783041
Effect4.Store.Image.toPair._redArg	store_image_to_pair	false	3	0	0	0	3	1	0	0	0	0	1	2	0	0	0	0	0	0	0	0	4	0	3	0	1	0	14932640177846253807
Effect4.Store.Image.ofPair._redArg	store_image_of_pair	false	7	0	0	0	5	4	0	0	0	0	5	2	0	0	0	0	0	0	0	6	5	0	5	3	1	0	748016020852638787
Effect4.Store.Image.subtype._at_.Effect4.Machine.Value.annotations.spec_1._redArg._lam_0	store_image_subtype_at_value_annotations_spec_1__red_arg__lam_0	false	1	0	0	0	1	1	0	0	0	0	0	1	0	0	0	0	0	0	0	0	1	0	1	0	1	0	1348069340552050381
Effect4.Store.Image.subtype._at_.Effect4.Machine.Value.annotations.spec_1._redArg._lam_1	store_image_subtype_at_value_annotations_spec_1__red_arg__lam_1	false	8	0	0	0	3	3	0	0	0	0	7	1	0	0	0	0	0	0	0	4	6	0	5	0	1	0	13487094074165553186
Effect4.ReasonTag.ctorIdx	reason_tag_ctor_idx	false	3	0	0	0	1	3	0	3	0	0	0	0	3	0	0	0	0	0	0	0	0	0	3	0	1	0	8708194561138236498
Effect4.FrameFiber.resumeValue._at_.Effect4.FrameFiber.step._at_.Effect4.Machine.evaluatePrim.stepFrame._at_.Effect4.Machine.evaluatePrim._at_.Effect4.Program.exitScoped.spec_0.spec_0.spec_1.spec_3._redArg	frame_fiber_resume_value_at_frame_fiber_step_at_evaluate_prim_step_frame_at_evaluate_prim_at_program_exit_scoped_spec_0_spec_0_spec_1_spec_3	false	31	0	3	6	10	4	0	0	0	0	31	0	0	0	0	0	0	0	0	84	59	0	16	0	1	0	16493931195860254891
Effect4.FrameFiber.resumeCause._at_.Effect4.FrameFiber.step._at_.Effect4.Machine.evaluatePrim.stepFrame._at_.Effect4.Machine.evaluatePrim._at_.Effect4.Program.exitScoped.spec_0.spec_0.spec_1.spec_4._redArg	frame_fiber_resume_cause_at_frame_fiber_step_at_evaluate_prim_step_frame_at_evaluate_prim_at_program_exit_scoped_spec_0_spec_0_spec_1_spec_4	false	31	0	3	6	10	4	0	0	0	0	31	0	0	0	0	0	0	0	0	84	59	0	16	0	1	0	8436721199386383562
Effect4.Prim.armA._at_.Effect4.FrameFiber.step._at_.Effect4.Machine.evaluatePrim.stepFrame._at_.Effect4.Machine.evaluatePrim._at_.Effect4.Program.exitScoped.spec_0.spec_0.spec_1.spec_5._redArg	prim_arm_a_at_frame_fiber_step_at_evaluate_prim_step_frame_at_evaluate_prim_at_program_exit_scoped_spec_0_spec_0_spec_1_spec_5	false	48	0	2	4	12	11	0	0	0	0	42	6	0	0	0	0	0	0	0	88	62	0	23	1	1	0	12107278677365139001
List.mapTR.loop._at_.Effect4.FrameFiber.step._at_.Effect4.Machine.evaluatePrim.stepFrame._at_.Effect4.Machine.evaluatePrim._at_.Effect4.Program.exitScoped.spec_0.spec_0.spec_1.spec_6._redArg	list_map_tr_loop_at_frame_fiber_step_at_evaluate_prim_step_frame_at_evaluate_prim_at_program_exit_scoped_spec_0_spec_0_spec_1_spec_6	true	4	0	0	0	1	2	0	0	0	0	4	0	0	0	0	0	0	0	0	8	6	0	2	0	1	0	14767434082327025478
List.mapTR.loop._at_.Effect4.Machine.evaluatePrim.finishFrame.spec_0._redArg	list_map_tr_loop_at_evaluate_prim_finish_frame_spec_0	true	4	0	0	0	2	2	0	0	0	0	4	0	0	0	0	0	0	0	0	11	8	0	3	0	1	0	17287571251630687663
Effect4.Machine.frameExitState._redArg	frame_exit_state	false	6	0	0	0	4	2	0	0	0	0	6	0	0	0	0	0	0	0	0	0	6	0	4	1	1	0	3323150080792739035
Effect4.Machine.RunFiber.make._at_.Effect4.Machine.spawn._at_.Effect4.Machine.evaluatePrim.withFiber._at_.Effect4.Machine.evaluatePrim._at_.Effect4.Program.exitScoped.spec_0.spec_1.spec_3.spec_9._redArg	run_fiber_make_at_spawn_at_evaluate_prim_with_fiber_at_evaluate_prim_at_program_exit_scoped_spec_0_spec_1_spec_3_spec_9	false	10	0	0	0	2	1	0	1	0	0	9	0	1	0	0	0	0	0	0	27	21	0	2	0	1	0	10080067923748182344
Effect4.Machine.linkScope._at_.Effect4.Machine.evaluatePrim.withFiber._at_.Effect4.Machine.evaluatePrim._at_.Effect4.Program.exitScoped.spec_0.spec_1.spec_4._redArg._lam_0	link_scope_at_evaluate_prim_with_fiber_at_evaluate_prim_at_program_exit_scoped_spec_0_spec_1_spec_4__red_arg__lam_0	false	5	0	0	0	1	1	0	0	0	0	5	0	0	0	0	0	0	0	0	12	21	0	1	0	1	0	18440482423237959405
Effect4.Machine.interruptRecord._at_.Effect4.Machine.linkScope._at_.Effect4.Machine.evaluatePrim.withFiber._at_.Effect4.Machine.evaluatePrim._at_.Effect4.Program.exitScoped.spec_0.spec_1.spec_4.spec_11._redArg	interrupt_record_at_link_scope_at_evaluate_prim_with_fiber_at_evaluate_prim_at_program_exit_scoped_spec_0_spec_1_spec_4_spec_11	false	21	0	1	2	7	4	0	0	0	0	20	1	0	0	0	0	0	0	0	68	81	0	11	0	1	0	8984174834494846778
Effect4.Supervision.RaceAllState.initial._redArg	supervision_race_all_state_initial	false	5	0	0	0	0	1	0	0	0	0	5	0	0	0	0	0	0	0	0	7	12	0	0	0	1	0	11521095561100089888
Effect4.FrameFiber.setFiberInterruptible._redArg	frame_fiber_set_fiber_interruptible	false	10	0	0	0	2	2	0	0	0	0	10	0	0	0	0	0	0	0	0	28	14	0	3	0	1	0	1301864779437589495
List.filterTR.loop._at_.Effect4.Machine.evaluatePrim.withFiber._at_.Effect4.Machine.evaluatePrim._at_.Effect4.Program.exitScoped.spec_0.spec_1.spec_11	list_filter_tr_loop_at_evaluate_prim_with_fiber_at_evaluate_prim_at_program_exit_scoped_spec_0_spec_1_spec_11	true	7	0	1	3	4	4	0	0	0	0	7	0	0	0	0	0	0	0	0	1	16	0	8	1	1	0	2261262376807130182
Effect4.Prim.ensure._redArg	prim_ensure	false	33	0	4	9	9	11	0	0	0	0	33	0	0	0	0	0	0	0	0	91	62	0	23	1	1	0	16000671565973424146
Effect4.Prim.answerOf._redArg	prim_answer_of	false	6	0	0	0	2	3	0	0	0	0	6	0	0	0	0	0	0	0	0	17	6	0	4	0	1	0	7654877575435282132
Effect4.FrameFiber.passPushed._redArg	frame_fiber_pass_pushed	false	13	0	1	4	6	2	0	0	0	0	13	0	0	0	0	0	0	0	0	45	27	0	10	0	1	0	14504598189906269554
Effect4.FrameFiber.joinPushed._redArg	frame_fiber_join_pushed	false	7	0	0	0	4	2	0	0	0	0	7	0	0	0	0	0	0	0	0	21	22	0	4	1	1	0	16539332739184919929
Effect4.FrameFiber.passOn._redArg	frame_fiber_pass_on	false	4	0	0	0	1	1	0	0	0	0	4	0	0	0	0	0	0	0	0	8	10	0	1	0	1	0	9227239258888689346
Effect4.Prim.passEvents._redArg	prim_pass_events	false	17	0	1	2	3	3	0	0	0	0	17	0	0	0	0	0	0	0	0	51	20	0	4	2	1	0	7449872229368965051
Effect4.FrameFiber.interrupted._redArg	frame_fiber_interrupted	false	1	0	0	0	3	3	0	0	0	0	1	0	0	0	0	0	0	0	0	0	0	0	5	0	1	0	11682925017443877673
Effect4.ReasonAnnotations.lookup._redArg	reason_annotations_lookup	false	3	0	0	0	2	2	0	0	0	0	3	0	0	0	0	0	0	0	0	2	3	0	3	0	1	0	8477350987100895848
Effect4.ReasonAnnotations.keys._redArg	reason_annotations_keys	false	2	0	0	0	0	1	0	0	0	0	2	0	0	0	0	0	0	0	0	1	2	0	0	0	1	0	5335203674161198633
Effect4.instDecidableEqReasonAnnotations.decEq._redArg._lam_0	inst_decidable_eq_reason_annotations_dec_eq__red_arg__lam_0	false	2	0	0	0	0	1	0	0	0	0	2	0	0	0	0	0	0	0	0	0	4	0	0	0	1	0	1139971197490777625
Effect4.Program.Ty.key	program_ty_key	true	93	0	0	0	1	20	0	20	0	0	73	0	20	0	0	0	0	0	0	39	98	0	20	0	1	0	14504628394737761370
Effect4.Program.Ty.ltKey	program_ty_lt_key	true	6	0	0	0	5	6	0	0	0	0	6	0	0	0	0	0	0	0	0	0	6	0	10	0	1	0	5939499125143889391
List.mapTR.loop._at_.Effect4.Machine.Value.annotations.spec_0._redArg	list_map_tr_loop_at_value_annotations_spec_0	true	3	0	0	0	2	2	0	0	0	0	3	0	0	0	0	0	0	0	0	1	5	0	3	0	1	0	9768816055587760970
Effect4.Prim.finalizerEvents._redArg	prim_finalizer_events	false	4	0	0	0	1	2	0	0	0	0	4	0	0	0	0	0	0	0	0	10	4	0	1	1	1	0	2258520336991324878
Effect4.Prim.armE._at_.Effect4.FrameFiber.resumeCause._at_.Effect4.FrameFiber.step._at_.Effect4.Machine.evaluatePrim.stepFrame._at_.Effect4.Machine.evaluatePrim._at_.Effect4.Program.exitScoped.spec_0.spec_0.spec_1.spec_4.spec_10._redArg	prim_arm_e_at_frame_fiber_resume_cause_at_frame_fiber_step_at_evaluate_prim_step_frame_at_evaluate_prim_at_program_exit_scoped_spec_0_spec_0_spec_1_spec_4_spec_10	false	28	0	3	6	9	6	0	0	0	0	23	5	0	0	0	0	0	0	0	45	38	0	16	1	1	0	4598957910528528705
Effect4.Prim.hasArm._redArg	prim_has_arm	false	2	0	0	0	0	1	0	0	0	0	2	0	0	0	0	0	0	0	0	0	3	0	0	0	1	0	2877329334732146502
List.find?._at_.Effect4.ReasonAnnotations.lookup.spec_0._redArg	list_find_opt_at_reason_annotations_lookup_spec_0	true	4	0	0	0	3	3	0	0	0	0	4	0	0	0	0	0	0	0	0	2	5	0	5	0	1	0	5593482754261740433
List.mapTR.loop._at_.Effect4.ReasonAnnotations.keys.spec_0._redArg	list_map_tr_loop_at_reason_annotations_keys_spec_0	true	3	0	0	0	2	2	0	0	0	0	3	0	0	0	0	0	0	0	0	1	5	0	3	0	1	0	17855782974977117407
instDecidableEqProd._redArg	inst_decidable_eq_prod	false	2	0	0	0	3	2	0	0	0	0	0	2	0	0	0	0	0	0	0	0	4	0	4	0	1	0	263499270122420040
List.mapTR.loop._at_.Effect4.Program.Ty.key.spec_0	list_map_tr_loop_at_program_ty_key_spec_0	true	4	0	0	0	1	2	0	0	0	0	4	0	0	0	0	0	0	0	0	1	6	0	2	0	1	0	18164206875154650553
List.any._at_.Effect4.Cause.hasInterrupts.spec_0._redArg	list_any_at_cause_has_interrupts_spec_0	true	5	0	0	0	2	3	0	0	0	0	5	0	0	0	0	0	0	0	0	0	4	0	4	0	1	0	5972075817618985527
Effect4.Prim.arms._redArg	prim_arms	false	38	0	1	2	1	10	0	0	0	0	38	0	0	0	0	0	0	0	0	24	28	0	10	1	1	0	3053267191870223295
List.elem._at_.Effect4.Prim.hasArm.spec_0	list_elem_at_prim_has_arm_spec_0	true	3	0	0	0	2	3	0	0	0	0	3	0	0	0	0	0	0	0	0	0	4	0	4	0	1	0	4437249594568005897
Effect4.instDecidableEqArm	inst_decidable_eq_arm	false	3	0	0	0	0	1	0	0	0	0	3	0	0	0	0	0	0	0	0	0	4	0	0	0	1	0	5179716888772940440
Effect4.Arm.ctorIdx	arm_ctor_idx	false	3	0	0	0	1	3	0	3	0	0	0	0	3	0	0	0	0	0	0	0	0	0	3	0	1	0	17802049634893114811
