_private.Effect4.Laws.Codegen.PrintTyped.0.Effect4.Program.Node.childEnv.match_1.eq_34	[propext]
_private.Effect4.Laws.Codegen.PrintTyped.0.Effect4.Codegen.PrintEliminators.termAlg.match_12.splitter	[]
Effect4.Codegen.PrintEliminators.typedArgs_recordTag_capture	[propext, Quot.sound]
Effect4.Codegen.PrintEliminators.decorate_interruptAllAs_erases	[propext, Quot.sound]
Effect4.Pool.giveBack_answers	[propext, Quot.sound]
_private.Effect4.Laws.Codegen.PrintTyped.0.Effect4.Codegen.Templates.atAddress.match_1.eq_14	[]
Effect4.Pool.requiresOf._f	[propext, Quot.sound]
Test.Program.RegistrationYield.yieldNext	[propext]
_private.Effect4.Laws.Codegen.PrintTyped.0.Effect4.Codegen.EraseTermTypes.eraseNode.match_1.splitter._sparseCasesOn_16	[propext]
_private.Effect4.Laws.Codegen.PrintTyped.0.Effect4.Program.Node.childEnv.match_1.eq_51	[propext]
Effect4.Codegen.PrintEliminators.find_site_awaitFiber.match_1	[]
Effect4.Codegen.erase_earlier_none_path	[propext, Quot.sound]
_private.Effect4.Laws.Codegen.PrintTyped.0.Effect4.Program.Node.binders.match_1.eq_8	[propext]
Effect4.Program.Node.childEnv.match_1.congr_eq_42	[propext]
Effect4.Codegen.site_child_at_hole	[propext, Quot.sound]
_private.Effect4.Laws.Codegen.PrintTyped.0.Effect4.Program.Node.extSlotEnv.match_4.eq_1	[propext]
Effect4.Codegen.printPerformAt_head._proof_1_11	[propext, Quot.sound]
Effect4.Pool.initial_scoped._simp_1_1	[propext]
Effect4.Codegen.EraseTermTypes.term_record_certificate._simp_1_7	[propext]
Effect4.Codegen.readTyped_of_print_erasure	[propext, Quot.sound]
Effect4.Codegen.eraseExprRow._sparseCasesOn_5.else_eq	[propext]
_private.Effect4.Laws.Codegen.PrintTyped.0.Effect4.Codegen.PrintEliminators.printArg.match_1.eq_4	[propext]
_private.Effect4.Laws.Codegen.PrintTyped.0.Effect4.Codegen.eraseRowJoin.match_1.splitter._sparseCasesOn_2	[propext]
_private.Effect4.Laws.Codegen.PrintTyped.0.Effect4.Program.Node.child.match_1.eq_13	[propext]
Effect4.Codegen.EraseTermTypes.term_fold_certificate._simp_1_7	[propext]
_private.Effect4.Laws.Codegen.PrintTyped.0.Effect4.Codegen.Templates.argSortOf.match_1.eq_4	[]
Effect4.Codegen.EraseTermTypes.eraseTerm_typedTuple	[propext]
Effect4.Codegen.EraseTermTypes.rawPrintHom._proof_4	[propext, Quot.sound]
Effect4.Codegen.EraseTermTypes.eraseFoldJoin.match_8.congr_eq_1._sparseCasesOn_4	[propext]
Effect4.Codegen.EraseTermTypes.eraseProductJoin.eq_4	[propext]
Effect4.Codegen.EraseTermTypes.eraseTerm_writeClass	[propext]
_private.Effect4.Laws.Codegen.PrintTyped.0.Effect4.Program.withHeadTypes.match_1.splitter._sparseCasesOn_4	[propext]
Effect4.Codegen.TargetFold.expr.eq_19	[]
_private.Effect4.Laws.Codegen.PrintTyped.0.Effect4.Program.Node.extSlotEnv.match_9.splitter	[]
Effect4.Program.Node.extSlotEnv.eq_3	[propext, Quot.sound]
_private.Effect4.Laws.Codegen.PrintTyped.0.Effect4.Codegen.PrintEliminators.layer.match_7.splitter	[]
Test.Program.RegistrationYield.Double.output_typed	[propext, Quot.sound]
Effect4.Program.Node.extSlotEnv.eq_7	[propext, Quot.sound]
_private.Effect4.Laws.Codegen.PrintTyped.0.Effect4.Codegen.TargetFold.expr.match_1.eq_24	[]
Effect4.Codegen.EraseTermTypes.eraseCause_typedCause	[propext, Quot.sound]
Effect4.Codegen.isRawRunInTpl._sparseCasesOn_1	[propext]
_private.Effect4.Laws.Codegen.PrintTyped.0.Effect4.Program.Node.closedChild.match_1.eq_3	[propext]
_private.Effect4.Laws.Codegen.PrintTyped.0.Effect4.Codegen.Template.inst.match_1.splitter._sparseCasesOn_3	[propext]
_private.Effect4.Laws.Codegen.PrintTyped.0.Effect4.Codegen.Templates.printPerformAt.match_3.splitter	[]
Effect4.Codegen.P2bRowSupport.methodArgs_erases	[propext, Quot.sound]
Effect4.Codegen.metadataHom._proof_8	[propext]
Effect4.Codegen.PrintEliminators.childEnv_block_none	[propext, Quot.sound]
Test.Program.RegistrationYield.internalKeys_of	[propext, Quot.sound]
Effect4.Codegen.Templates.tpls.eq_2	[]
Effect4.Program.Node.childEnv.match_1.congr_eq_8	[propext]
Effect4.Codegen.eraseRowJoin_readPerform	[propext, Quot.sound]
_private.Effect4.Laws.Codegen.PrintTyped.0.Except.map.match_1.eq_2	[]
Effect4.Codegen.PrintEliminators.printArgs_lookup._proof_1_11	[propext, Quot.sound]
_private.Effect4.Laws.Codegen.PrintTyped.0.Effect4.Program.Node.child.match_1.eq_44	[propext]
Effect4.Codegen.Templates.noneHom	[propext, Quot.sound]
_private.Effect4.Laws.Codegen.PrintTyped.0.Effect4.Program.Node.binders.match_1.eq_13	[propext]
Effect4.Codegen.EraseTermTypes.erasedPrintHom._proof_5	[propext, Quot.sound]
Effect4.Codegen.PrintEliminators.view_eff_child_binders._proof_1_2	[propext, Quot.sound]
Effect4.Codegen.EraseTermTypes.pure_eq_ok	[]
Effect4.Codegen.findSome?_of_index.match_1_1	[propext]
Effect4.Codegen.inst_rawRunIn_shape._simp_1_3	[propext, Quot.sound]
Effect4.Codegen.PrintEliminators.printArgs_lookup_some._f	[propext, Quot.sound]
Effect4.Program.Node.childEnv.match_1.congr_eq_46	[propext]
Effect4.Program.view_eff.eq_def	[]
Effect4.Codegen.mapCalls_call	[propext]
Effect4.Codegen.EraseTermTypes.eraseFoldJoin.eq_8	[propext]
Effect4.Codegen.Templates.atAddress.eq_13	[]
Effect4.Codegen.Templates.noneHom._proof_56	[propext, Quot.sound]
_private.Effect4.Laws.Codegen.PrintTyped.0.Effect4.Program.view_action.match_1.eq_2	[]
_private.Effect4.Laws.Codegen.PrintTyped.0.Effect4.Program.printRowHead.match_1.eq_1	[propext]
_private.Effect4.Laws.Codegen.PrintTyped.0.Effect4.Codegen.EraseTermTypes.eraseNode.match_1.eq_8	[propext]
Effect4.Codegen.Templates.noneHom._proof_20	[propext, Quot.sound]
Effect4.Program.view_eff.match_1.congr_eq_6	[]
Effect4.Codegen.typedErasesUpTo._proof_1_4	[propext, Quot.sound]
Effect4.Program.Node.childEnv.match_1.congr_eq_19	[propext]
_private.Effect4.Laws.Codegen.PrintTyped.0.Effect4.Codegen.EraseTermTypes.eraseNode.match_1.eq_10	[propext]
_private.Effect4.Laws.Codegen.PrintTyped.0.Effect4.Program.view_eff.match_1.eq_22	[]
Effect4.Program.Node.childEnv.match_1.congr_eq_1._sparseCasesOn_58	[propext]
Effect4.Codegen.EraseTermTypes.eraseNode.eq_2	[propext]
_private.Effect4.Laws.Codegen.PrintTyped.0.Effect4.Codegen.Templates.printArg.match_3.eq_13	[propext]
_private.Effect4.Laws.Codegen.PrintTyped.0.Effect4.Codegen.nodeOfFamily.match_1.eq_5	[]
Effect4.Codegen.eraseSpine_print_step._proof_1_16	[propext, Quot.sound]
_private.Effect4.Laws.Codegen.PrintTyped.0.Effect4.Codegen.PrintEliminators.layer.match_1.splitter._sparseCasesOn_4	[propext]
_private.Effect4.Laws.Codegen.PrintTyped.0.Effect4.Codegen.EraseTermTypes.eraseFoldJoin.match_8.splitter._sparseCasesOn_2	[propext]
_private.Effect4.Laws.Codegen.PrintTyped.0.Effect4.Program.Node.childEnv.match_1.splitter._sparseCasesOn_45	[propext]
_private.Effect4.Laws.Codegen.PrintTyped.0.Effect4.Codegen.eraseStmts.match_3.eq_1	[]
_private.Effect4.Laws.Codegen.PrintTyped.0.Effect4.Program.Node.binders.match_1.eq_9	[propext]
Effect4.Program.view_eff.match_1.congr_eq_4	[]
Effect4.Codegen.Templates.printArgs_lookup_some._simp_1_3	[propext, Quot.sound]
Effect4.Codegen.PrintEliminators.decorate_option_erases	[propext, Quot.sound]
Effect4.Program.exprHead?.match_1.congr_eq_3	[propext]
_private.Effect4.Laws.Codegen.PrintTyped.0.Effect4.Program.exprHead?.match_1.eq_1	[propext]
_private.Effect4.Laws.Codegen.PrintTyped.0.Effect4.Codegen.Templates.tpls.match_1.splitter	[]
Effect4.Pool.requiresOf_succ	[propext, Quot.sound]
Effect4.Codegen.eraseCaptures_lookup	[propext, Quot.sound]
Effect4.Codegen.typedSites_cata_build	[propext, Quot.sound]
Effect4.Program.Node.childEnv.match_1.congr_eq_1._sparseCasesOn_61	[propext]
Effect4.Codegen.PrintEliminators.constructorChildOffset	[]
_private.Effect4.Laws.Codegen.PrintTyped.0.Effect4.Codegen.typedSites_cata_build.match_1.eq_2	[]
_private.Effect4.Laws.Codegen.PrintTyped.0.Effect4.Codegen.Templates.argSortOf.match_1.eq_6	[]
_private.Effect4.Laws.Codegen.PrintTyped.0.Effect4.Codegen.EraseTermTypes.eraseFoldJoin.match_8.eq_1	[propext]
_private.Effect4.Laws.Codegen.PrintTyped.0.Effect4.Codegen.Template.Tpl.rigid.match_1.splitter._sparseCasesOn_2	[propext]
Effect4.Codegen.EraseTermTypes.term_app_certificate._proof_1_9	[propext, Quot.sound]
Effect4.Codegen.P2bRowSupport.rawPerformAt_head	[propext, Quot.sound]
Effect4.Codegen.isRawRunInTpl._sparseCasesOn_2	[propext]
Effect4.Codegen.site_stmt_context	[propext, Quot.sound]
Effect4.Codegen.eraseExprRow_source_rigid	[propext, Quot.sound]
Effect4.Codegen.TargetFold.expr.eq_20	[]
Effect4.Codegen.mapCalls_arr	[propext]
_private.Effect4.Laws.Codegen.PrintTyped.0.Effect4.Program.Node.childEnv.match_1.splitter._sparseCasesOn_62	[propext]
Effect4.Pool.returnReply_at	[propext, Quot.sound]
Effect4.Codegen.splitFunction_head_relation	[propext]
Effect4.Codegen.P2bRowSupport.perform_as_call.match_1	[]
Effect4.Codegen.EraseTermTypes.eraseCause_printCause_identity	[propext, Quot.sound]
Effect4.Codegen.siteFocused_stmts_head	[propext, Quot.sound]
_private.Effect4.Laws.Codegen.PrintTyped.0.Effect4.Codegen.EraseTermTypes.eraseRecordJoin.match_1.splitter	[propext]
Effect4.Pool.errorsOf	[propext, Quot.sound]
Effect4.Codegen.sourceChild_at_count	[propext]
Effect4.Pool.item_nodes._simp_1_2	[propext]
Effect4.Codegen.P2bRowSupport.withFunction_erases	[propext]
Effect4.Codegen.EraseTermTypes.eraseRecordJoin.match_1.congr_eq_1._sparseCasesOn_5	[propext]
Effect4.Codegen.site_action_normalized_head	[propext, Quot.sound]
Effect4.Codegen.typedPerform_no_reserved	[propext, Quot.sound]
Effect4.Pool.cell_nodes._simp_1_3	[propext]
Effect4.Codegen.EraseTermTypes.rawPrintAlg	[propext, Quot.sound]
Effect4.Codegen.TypedPrintsTo.eq_6	[propext, Quot.sound]
_private.Effect4.Laws.Codegen.PrintTyped.0.Effect4.Codegen.TypedPrintsTo.match_1.eq_6	[propext]
Effect4.Codegen.PrintedCaptureAt.eq_4	[propext]
Effect4.Codegen.eraseSpine_print_step._simp_1_14	[propext, Quot.sound]
Effect4.Program.table._sparseCasesOn_1.else_eq	[propext]
_private.Effect4.Laws.Codegen.PrintTyped.0.Effect4.Program.actionRowHeaded.match_1.splitter	[propext]
_private.Effect4.Laws.Codegen.PrintTyped.0.Effect4.Program.printRowHead.match_1.eq_3	[propext]
Effect4.Codegen.eraseSpine_print_step._proof_1_15	[propext, Quot.sound]
Effect4.Codegen.EraseTermTypes.eraseCauseTermJoin.match_1.congr_eq_1._sparseCasesOn_2	[propext]
Effect4.Program.Node.childEnv.match_1.congr_eq_1._sparseCasesOn_62	[propext]
_private.Effect4.Laws.Codegen.PrintTyped.0.Effect4.Codegen.Record.writeRecord.match_1.splitter	[]
_private.Effect4.Laws.Codegen.PrintTyped.0.Effect4.Program.splitHeadTypes.match_1.splitter	[propext]
Effect4.Codegen.plainTemplateRoot._sparseCasesOn_1	[propext]
Effect4.Codegen.printPerformAt_head.match_1_7	[propext, Quot.sound]
_private.Effect4.Laws.Codegen.PrintTyped.0.Except.map.match_1.eq_1	[]
_private.Effect4.Laws.Codegen.PrintTyped.0.Effect4.Program.table.match_1.eq_1	[propext]
Effect4.Codegen.eraseStmts_print_step	[propext, Quot.sound]
Effect4.Codegen.metadataHom._proof_3	[propext]
Effect4.Codegen.EraseTermTypes.eraseProductJoin._sparseCasesOn_1.else_eq	[propext]
Test.Program.RegistrationYield.natTy	[]
Effect4.Program.Node.extSlotEnv.eq_1	[propext, Quot.sound]
_private.Effect4.Laws.Codegen.PrintTyped.0.Effect4.Codegen.Templates.printArg.match_3.eq_2	[propext]
Effect4.Codegen.eraseSiteSpine_print_step._proof_1_18	[propext, Quot.sound]
Effect4.Program.table.eq_1	[propext, Quot.sound]
Effect4.Pool.atClose_has	[propext, Quot.sound]
Effect4.Codegen.EraseTermTypes.eraseFoldJoin_call	[propext, Quot.sound]
Effect4.Pool.resolveAll_answers	[propext, Quot.sound]
Effect4.Pool.itemsFrom_scoped._f	[propext, Quot.sound]
_private.Effect4.Laws.Codegen.PrintTyped.0.Effect4.Program.Node.child.match_1.eq_24	[propext]
Effect4.Codegen.Record.targetType.eq_1	[propext, Quot.sound]
Effect4.Codegen.eraseRowChildren.eq_3	[propext]
Effect4.Codegen.mapCalls_writeNat	[propext]
Effect4.Program.Node.childEnv.match_1.congr_eq_33	[propext]
Effect4.Codegen.eraseStmts_print_step._simp_1_14	[propext, Quot.sound]
Effect4.Codegen.isRawRunInTpl._sparseCasesOn_6	[propext]
_private.Effect4.Laws.Codegen.PrintTyped.0.Effect4.Codegen.Templates.atAddress.match_1.splitter	[]
_private.Effect4.Laws.Codegen.PrintTyped.0.Effect4.Program.domLayer.match_1.eq_2	[propext]
Effect4.Codegen.PrintEliminators.find_site_interruptAllAs	[propext]
_private.Effect4.Laws.Codegen.PrintTyped.0.Effect4.Codegen.TypedPrintsTo.match_1.splitter	[propext]
Test.Program.RegistrationYield.Interrupt.iaCode_typed.match_1_3	[propext]
_private.Effect4.Laws.Codegen.PrintTyped.0.Effect4.Codegen.PrintEliminators.perform.match_4.eq_2	[]
_private.Effect4.Laws.Codegen.PrintTyped.0.Effect4.Codegen.Template.inst.match_1.eq_2	[propext]
Test.Program.RegistrationYield.yieldCurrent_unit.match_1_3	[propext]
_private.Effect4.Laws.Codegen.PrintTyped.0.Effect4.Codegen.PrintEliminators.rowChildDepthOK.match_1.eq_7	[]
Effect4.Codegen.EraseTermTypes.eraseRecordJoin.match_1.congr_eq_1._sparseCasesOn_3	[propext]
Effect4.Semaphore.Model.requestValue	[propext]
Effect4.Codegen.PrintEliminators.inst_call3_shape	[propext, Quot.sound]
Effect4.Codegen.PrintEliminators.find_site_interrupt	[propext]
Effect4.Codegen.EraseTermTypes.eraseNode.eq_5	[propext]
_private.Effect4.Laws.Codegen.PrintTyped.0.Effect4.Codegen.eraseExprRow.match_1.eq_3	[propext]
_private.Effect4.Laws.Codegen.PrintTyped.0.Effect4.Program.Node.childEnv.match_1.eq_16	[propext]
Effect4.Program.Node.childEnv.match_1.congr_eq_50	[propext]
Effect4.Codegen.isRawRunInTpl._sparseCasesOn_8	[propext]
Effect4.Codegen.isRawRunInTpl._sparseCasesOn_5.else_eq	[propext]
_private.Effect4.Laws.Codegen.PrintTyped.0.Effect4.Codegen.TargetFold.expr.match_1.eq_9	[]
_private.Effect4.Laws.Codegen.PrintTyped.0.Effect4.Codegen.Templates.ArgPat.holds.match_1.eq_2	[propext]
Effect4.Codegen.eraseSpine_print_step._proof_1_17	[propext, Quot.sound]
Effect4.Codegen.PrintEliminators.inst_tag_shape	[propext, Quot.sound]
Effect4.Codegen.EraseTermTypes.eraseRecordJoin_hasCall	[propext, Quot.sound]
_private.Effect4.Laws.Codegen.PrintTyped.0.Effect4.Program.domLayer.rowDom.match_7.splitter	[]
Effect4.Program.view_eff.match_1.congr_eq_2	[]
Effect4.Codegen.EraseTermTypes.eraseNode.eq_4	[propext]
Effect4.Codegen.findSome?_of_index	[propext, Quot.sound]
Effect4.Codegen.erase_earlier_none_rowCall._simp_1_3	[propext]
_private.Effect4.Laws.Codegen.PrintTyped.0.Effect4.Program.Node.childEnv.match_1.eq_33	[propext]
Effect4.Codegen.sourceChild	[propext]
Effect4.Codegen.EraseTermTypes.typedCauseCertificateHom._proof_2	[propext, Quot.sound]
Effect4.Codegen.sitesErasesUpTo._proof_1_5	[propext, Quot.sound]
_private.Effect4.Laws.Codegen.PrintTyped.0.Effect4.Program.Node.childEnv.match_1.eq_19	[propext]
Effect4.Codegen.nodeOfFamily.eq_4	[]
Effect4.Codegen.Templates.atAddress_getElem._proof_1_19	[propext, Quot.sound]
_private.Effect4.Laws.Codegen.PrintTyped.0.Effect4.Codegen.PrintEliminators.rowChildDepthOK.match_1.splitter	[]
_private.Effect4.Laws.Codegen.PrintTyped.0.Effect4.Program.Node.child.match_1.eq_33	[propext]
Effect4.Codegen.EraseTermTypes.eraseCauseTermJoin.eq_2	[propext]
Effect4.Program.view_eff.match_1.congr_eq_9	[]
Effect4.Program.Node.extSlotEnv.eq_5	[propext, Quot.sound]
Test.Program.RegistrationYield.typedState_of.match_1_13	[propext, Quot.sound]
Effect4.Program.Node.childEnv.match_1.congr_eq_35	[propext]
Effect4.Codegen.P2bRowSupport.method_as_bind	[propext, Quot.sound]
_private.Effect4.Laws.Codegen.PrintTyped.0.Effect4.Codegen.EraseTermTypes.eraseRecordJoin.match_1.eq_1	[propext]
Effect4.Program.readPerform.eq_1	[propext, Quot.sound]
_private.Effect4.Laws.Codegen.PrintTyped.0.Effect4.Program.Node.extSlotEnv.match_7.splitter	[]
Effect4.Codegen.EraseTermTypes.term_fold_certificate	[propext, Quot.sound]
Effect4.Codegen.EraseTermTypes.eraseFoldJoin.match_12.congr_eq_1._sparseCasesOn_5	[propext]
Effect4.Codegen.EraseTermTypes.eraseTerm_call_not_lambda.match_1_1	[]
Effect4.Codegen.Templates.isChildArg	[propext]
Effect4.Pool.make_types._proof_1_2	[propext, Quot.sound]
Effect4.Codegen.supplied_child_isSome_false	[propext, Quot.sound]
Effect4.Codegen.isRawRunInTpl	[propext]
Effect4.Codegen.nodeOfFamily.match_1	[]
_private.Effect4.Laws.Codegen.PrintTyped.0.Effect4.Program.withHeadTypes.match_1.eq_1	[propext]
_private.Effect4.Laws.Codegen.PrintTyped.0.Effect4.Codegen.EraseTermTypes.eraseNode.match_1.eq_3	[propext]
Effect4.Codegen.eraseSiteStmts_print_step.match_1_1	[propext, Quot.sound]
Effect4.Codegen.PrintEliminators.find_site_awaitAll	[propext]
_private.Effect4.Laws.Codegen.PrintTyped.0.Effect4.Codegen.Templates.printPerformAt.match_1.splitter	[]
Effect4.Pool.returnReply_at._proof_1_1	[propext, Quot.sound]
_private.Effect4.Laws.Codegen.PrintTyped.0.Effect4.Program.Node.child.match_1.eq_42	[propext]
Effect4.Codegen.Templates.typedAlg_ofLayer	[propext, Quot.sound]
_private.Effect4.Laws.Codegen.PrintTyped.0.Effect4.Program.view_action.match_1.eq_12	[]
_private.Effect4.Laws.Codegen.PrintTyped.0.Effect4.Codegen.nodeOfFamily.match_1.splitter	[]
_private.Effect4.Laws.Codegen.PrintTyped.0.Effect4.Codegen.nodeOfFamily.match_1.eq_7	[]
Effect4.Program.Node.childEnv.match_1.congr_eq_54	[propext]
_private.Effect4.Laws.Codegen.PrintTyped.0.Effect4.Codegen.TargetFold.expr.match_1.eq_15	[]
Effect4.Codegen.nodeOfFamily.eq_6	[]
Effect4.Codegen.EraseTermTypes.eraseFoldJoin.eq_3	[propext]
Effect4.Codegen.TargetFold.exprs.eq_def	[]
_private.Effect4.Laws.Codegen.PrintTyped.0.Effect4.Codegen.Templates.Fixed.holds.match_1.splitter._sparseCasesOn_11	[propext]
Effect4.Program.view_eff.match_1.congr_eq_3	[]
_private.Effect4.Laws.Codegen.PrintTyped.0.Effect4.Codegen.Templates.printArg.match_3.eq_16	[propext]
_private.Effect4.Laws.Codegen.PrintTyped.0.Effect4.Codegen.Template.Tpl.rigid.match_1.splitter	[propext]
Effect4.Codegen.EraseTermTypes.eraseFoldJoin.match_12.congr_eq_1	[propext]
_private.Effect4.Laws.Codegen.PrintTyped.0.Effect4.Program.Node.child.match_1.eq_20	[propext]
Effect4.Codegen.readPerform_zero_excludes_head.match_1_5	[propext, Quot.sound]
Effect4.Codegen.EraseTermTypes.eraseCauseTermJoin.eq_def	[propext]
Effect4.Codegen.TypedPrintsTo._sparseCasesOn_2	[propext]
Effect4.Codegen.PrintEliminators.printArg.eq_4	[propext, Quot.sound]
Effect4.Codegen.EraseTermTypes.eraseTerm_typedPair	[propext]
_private.Effect4.Laws.Codegen.PrintTyped.0.Effect4.Program.Node.binders.match_1.eq_12	[propext]
Effect4.Codegen.EraseTermTypes.eraseProductJoin.match_5.congr_eq_1	[propext]
Test.Program.RegistrationYield.baseOf	[propext]
Effect4.Pool.acquireAll_has	[propext, Quot.sound]
Effect4.Codegen.sitesErasesUpTo._proof_1_1	[propext, Quot.sound]
Effect4.Codegen.EraseTermTypes.eraseProductJoin.match_1.congr_eq_1._sparseCasesOn_6	[propext]
Effect4.Codegen.EraseTermTypes.rawPrintHom._proof_8	[propext, Quot.sound]
Effect4.Codegen.EraseTermTypes.terms_nil_certificate	[propext, Quot.sound]
Effect4.Codegen.EraseTermTypes.rawPrintHom._proof_7	[propext, Quot.sound]
Effect4.Codegen.EraseTermTypes.eraseCauseTermJoin.match_1.congr_eq_1._sparseCasesOn_6	[propext]
Effect4.Codegen.TargetFold.expr.eq_4	[]
_private.Effect4.Laws.Codegen.PrintTyped.0.Effect4.Codegen.Templates.printArg.match_3.eq_25	[propext]
_private.Effect4.Laws.Codegen.PrintTyped.0.Effect4.Codegen.EraseTermTypes.eraseFoldJoin.match_6.splitter._sparseCasesOn_3	[propext]
Effect4.Codegen.Templates.argDepth.eq_2	[propext]
Effect4.Codegen.TypedPrintsTo.eq_7	[propext, Quot.sound]
Effect4.Codegen.Templates.noneHom._proof_18	[propext, Quot.sound]
_private.Effect4.Laws.Codegen.PrintTyped.0.Effect4.Codegen.Templates.printArg.match_3.eq_14	[propext]
Effect4.Codegen.EraseTermTypes.eraseProductJoin_call	[propext, Quot.sound]
Effect4.Codegen.PrintEliminators.contextAtTable_annotate_facts	[propext, Quot.sound]
Effect4.Pool.acquireAll_scoped.match_1_1	[propext]
Effect4.Codegen.eraseSiteSpine_print_step._proof_1_16	[propext, Quot.sound]
Effect4.Program.view_action.eq_3	[]
Effect4.Pool.requiresOf._unsafe_rec	[propext, Quot.sound]
_private.Effect4.Laws.Codegen.PrintTyped.0.Effect4.Codegen.PrintEliminators.layer.match_9.eq_2	[propext]
_private.Effect4.Laws.Codegen.PrintTyped.0.Effect4.Program.Node.binders.match_1.eq_3	[propext]
_private.Effect4.Laws.Codegen.PrintTyped.0.Effect4.Program.Node.childEnv.match_1.eq_44	[propext]
Effect4.Codegen.PrintEliminators.view_eff_child_binders._proof_1_6	[propext, Quot.sound]
Effect4.Program.withFunction.fun_cases_unfolding	[propext]
Effect4.Codegen.PrintEliminators.inst_call1_shape	[propext, Quot.sound]
Effect4.Program.Node.childEnv.match_1.congr_eq_26	[propext]
_private.Effect4.Laws.Codegen.PrintTyped.0.Effect4.Codegen.Templates.argDepth.match_1.splitter	[propext]
Effect4.Codegen.PrintEliminators.decisionPatternBinds.eq_1	[propext]
Effect4.Codegen.Templates.noneHom._proof_12	[propext, Quot.sound]
Effect4.Codegen.typed_action_image_head	[propext, Quot.sound]
Effect4.Program.withFunction.match_1.congr_eq_3	[propext]
Effect4.Codegen.TargetFold.expr.eq_3	[]
Effect4.Codegen.eraseRowChildren_withHeadTypes	[propext]
Effect4.Program.withHeadTypes.match_1.congr_eq_2	[propext]
Effect4.Semaphore.Model.WaiterCarrier	[]
Effect4.Codegen.PrintEliminators.decorate.eq_1	[propext, Quot.sound]
Effect4.Codegen.TypedRowShapeSupport.printCall_rowHeadOwned	[propext, Quot.sound]
Effect4.Codegen.P2bRowSupport.call	[propext, Quot.sound]
_private.Effect4.Laws.Codegen.PrintTyped.0.Effect4.Program.Node.extSlotEnv.match_16.splitter	[]
Effect4.Pool.refused_answers	[propext, Quot.sound]
Effect4.Program.Node.childEnv.match_1.congr_eq_20	[propext]
Effect4.Pool.selectReply_normal	[propext, Quot.sound]
Effect4.Codegen.printPerformAt_owned_empty.match_1_7	[]
Effect4.Codegen.PrintEliminators.sourceChildOffset._sparseCasesOn_1	[propext]
Effect4.Codegen.PrintEliminators.env_append_one_map_length	[propext, Quot.sound]
Effect4.Codegen.Templates.atAddress.eq_def	[]
Effect4.Codegen.metadataHom._proof_14	[propext]
Effect4.Codegen.PrintEliminators.decisionPatternBinds.match_1.congr_eq_4	[propext]
_private.Effect4.Laws.Codegen.PrintTyped.0.Effect4.Codegen.PrintEliminators.termAlg.match_12.eq_2	[]
_private.Effect4.Laws.Codegen.PrintTyped.0.Effect4.Codegen.EraseTermTypes.eraseFoldJoin.match_12.splitter._sparseCasesOn_5	[propext]
_private.Effect4.Laws.Codegen.PrintTyped.0.Effect4.Program.Node.child.match_1.splitter._sparseCasesOn_62	[propext]
Effect4.Codegen.PrintEliminators.table_clauseFamilies	[]
Effect4.Codegen.PrintEliminators.printArg.eq_2	[propext, Quot.sound]
Effect4.Codegen.installTerm_keeps_types	[propext, Quot.sound]
Effect4.Pool.close_scoped	[propext, Quot.sound]
Test.Program.RegistrationYield.typedState.match_1_13	[propext, Quot.sound]
Effect4.Program.view_action.eq_4	[]
Effect4.Codegen.TypedRowShapeSupport.printRow_rowHeadOwned	[propext, Quot.sound]
_private.Effect4.Laws.Codegen.PrintTyped.0.Effect4.Codegen.ListFold.write.match_1.eq_1	[]
Test.Program.RegistrationYield.typedState_of.match_1_1	[propext]
Effect4.Codegen.PrintEliminators.constructorChildOffset.eq_1	[]
_private.Effect4.Laws.Codegen.PrintTyped.0.Effect4.Codegen.sourceChild.match_1.splitter	[propext]
Effect4.Codegen.PrintEliminators.decorate_fork_erases	[propext, Quot.sound]
_private.Effect4.Laws.Codegen.PrintTyped.0.Effect4.Codegen.Templates.Fixed.holds.match_1.splitter._sparseCasesOn_10	[propext]
Effect4.Codegen.EraseTermTypes.term_tuple_certificate._simp_1_7	[propext]
_private.Effect4.Laws.Codegen.PrintTyped.0.Effect4.Codegen.Templates.printArg.match_3.eq_23	[propext]
Effect4.Codegen.EraseTermTypes.eraseFoldJoin.eq_def	[propext]
_private.Effect4.Laws.Codegen.PrintTyped.0.Effect4.Codegen.Templates.typedLayer.match_1.splitter	[propext]
_private.Effect4.Laws.Codegen.PrintTyped.0.Effect4.Codegen.PrintEliminators.printArg.match_1.eq_1	[propext]
_private.Effect4.Laws.Codegen.PrintTyped.0.Effect4.Program.view_action.match_1.eq_9	[]
Effect4.Codegen.sourceChild.match_1	[propext]
_private.Effect4.Laws.Codegen.PrintTyped.0.Effect4.Program.Node.childEnv.match_1.eq_35	[propext]
Effect4.Codegen.Templates.printTypedAt_none	[propext, Quot.sound]
_private.Effect4.Laws.Codegen.PrintTyped.0.Effect4.Program.view_action.match_1.eq_13	[]
Effect4.Codegen.PrintEliminators.childScope.eq_1	[propext]
_private.Effect4.Laws.Codegen.PrintTyped.0.Effect4.Codegen.Templates.ArgPat.holds.match_1.splitter._sparseCasesOn_11	[propext]
_private.Effect4.Laws.Codegen.PrintTyped.0.Effect4.Codegen.Templates.argDepth.match_1.eq_4	[propext]
Effect4.Codegen.eraseT_print_step._proof_1_12	[propext, Quot.sound]
_private.Effect4.Laws.Codegen.PrintTyped.0.Effect4.Codegen.Template.inst.match_1.splitter	[propext]
Effect4.Codegen.EraseTermTypes.rawCauseHom._proof_2	[propext, Quot.sound]
Effect4.Codegen.eraseCaptureValue.match_1	[]
_private.Effect4.Laws.Codegen.PrintTyped.0.Effect4.Program.view_eff.match_1.eq_13	[]
Test.Program.RegistrationYield.iaNext	[propext]
Effect4.Pool.mkItem_scoped	[propext, Quot.sound]
_private.Effect4.Laws.Codegen.PrintTyped.0.Effect4.Program.withFunction.match_1.splitter._sparseCasesOn_3	[propext]
Effect4.Codegen.PrintEliminators.childScope._sparseCasesOn_1.else_eq	[propext]
Effect4.Pool.closeReply_normal._proof_1_1	[propext, Quot.sound]
_private.Effect4.Laws.Codegen.PrintTyped.0.Effect4.Codegen.PrintEliminators.termAlg.match_5.eq_1	[propext]
_private.Effect4.Laws.Codegen.PrintTyped.0.Effect4.Codegen.TypedPrintsTo.match_1.eq_3	[propext]
Effect4.Codegen.EraseTermTypes.eraseTerm_printTerm_not_lambda.match_1_9	[]
Test.Program.RegistrationYield.yieldCurrent_unit	[propext, Quot.sound]
Effect4.Codegen.typedPerform_nodeLike	[propext, Quot.sound]
Effect4.Pool.refused_scoped	[propext, Quot.sound]
Effect4.Codegen.isRawRunInTpl._sparseCasesOn_5	[propext]
_private.Effect4.Laws.Codegen.PrintTyped.0.Effect4.Program.view_eff.match_1.eq_12	[]
Effect4.Codegen.mapCalls.eq_1	[]
Effect4.Codegen.splitHeadTypes_bare_none	[propext]
_private.Effect4.Laws.Codegen.PrintTyped.0.Effect4.Codegen.Templates.printArg.match_1.eq_1	[]
Effect4.Codegen.PrintEliminators.decorate_tag_erases	[propext, Quot.sound]
Effect4.Codegen.Templates.noneHom._proof_7	[propext, Quot.sound]
Effect4.Codegen.eraseT_site_print_step	[propext, Quot.sound]
Effect4.Codegen.isRawRunInTpl._sparseCasesOn_4	[propext]
_private.Effect4.Laws.Codegen.PrintTyped.0.Effect4.Codegen.eraseRowJoin.match_1.eq_1	[propext]
Effect4.Program.Node.childEnv.match_1.congr_eq_10	[propext]
Effect4.Codegen.PrintEliminators.decisionPatternBinds.match_1.congr_eq_1	[propext]
Effect4.Codegen.eraseCapture.eq_4	[propext]
Effect4.Codegen.EraseTermTypes.eraseNode_acquireRelease	[propext]
Effect4.Program.withFunction.match_1.congr_eq_2	[propext]
Effect4.Pool.use_types	[propext, Quot.sound]
_private.Effect4.Laws.Codegen.PrintTyped.0.Effect4.Codegen.EraseTermTypes.eraseNode.match_1.eq_11	[propext]
Effect4.Pool.errorsOf._sunfold	[propext, Quot.sound]
Effect4.Codegen.EraseTermTypes.eraseCauseTermJoin_call	[propext, Quot.sound]
Effect4.Codegen.EraseTermTypes.rawCauseHom._proof_4	[propext, Quot.sound]
Effect4.Codegen.TypedRowShapeSupport.printPerformAt_no_reserved	[propext, Quot.sound]
Effect4.Codegen.PrintEliminators.printArg_cause_erases._simp_1_6	[propext]
_private.Effect4.Laws.Codegen.PrintTyped.0.Effect4.Program.view_eff.match_1.eq_26	[]
Effect4.Codegen.isRawRunInTpl._sparseCasesOn_3.else_eq	[propext]
_private.Effect4.Laws.Codegen.PrintTyped.0.Effect4.Codegen.PrintEliminators.rowChildDepthOK.match_1.eq_2	[]
Effect4.Codegen.Templates.noneHom._proof_11	[propext, Quot.sound]
Effect4.Codegen.EraseTermTypes.typeArg_of_target	[propext, Quot.sound]
_private.Effect4.Laws.Codegen.PrintTyped.0.Effect4.Codegen.PrintEliminators.layer.match_5.splitter	[]
Effect4.Codegen.ClosedSiteLevel	[propext]
_private.Effect4.Laws.Codegen.PrintTyped.0.Effect4.Codegen.EraseTermTypes.eraseProductJoin.match_1.splitter._sparseCasesOn_6	[propext]
_private.Effect4.Laws.Codegen.PrintTyped.0.Effect4.Program.Node.extSlotEnv.match_9.eq_1	[]
_private.Effect4.Laws.Codegen.PrintTyped.0.Effect4.Codegen.Templates.Fixed.holds.match_1.eq_2	[propext]
Effect4.Pool.stampsFrom_scoped	[propext]
Test.Program.RegistrationYield.yieldCurrent_typed.match_1_7	[propext]
Effect4.Codegen.TargetFold.exprs.eq_1	[]
Effect4.Codegen.EraseTermTypes.typedOriginalHom._proof_9	[propext, Quot.sound]
Effect4.Program.Node.childEnv.match_1.congr_eq_43	[propext]
Test.Program.RegistrationYield.neverSkip	[propext, Quot.sound]
_private.Effect4.Laws.Codegen.PrintTyped.0.Effect4.Codegen.EraseTermTypes.eraseNode.match_1.splitter._sparseCasesOn_24	[propext]
_private.Effect4.Laws.Codegen.PrintTyped.0.Effect4.Codegen.EraseTermTypes.eraseFoldJoin.match_12.eq_1	[propext]
Effect4.Codegen.sourceChild.eq_2	[propext]
Effect4.Codegen.isRawRunInTpl._sparseCasesOn_7	[propext]
Effect4.Program.withHeadTypes.match_1.congr_eq_1	[propext]
_private.Effect4.Laws.Codegen.PrintTyped.0.Effect4.Codegen.isRawRunInTpl.match_1.eq_2	[propext]
Effect4.Program.Node.extSlotEnv._sparseCasesOn_13.else_eq	[propext]
Effect4.Codegen.Templates.noneHom._proof_15	[propext, Quot.sound]
Effect4.Codegen.PrintEliminators.childEnv_template_depth	[propext, Quot.sound]
Effect4.Program.Node.childEnv.match_1.congr_eq_18	[propext]
_private.Effect4.Laws.Codegen.PrintTyped.0.Effect4.Codegen.printedCaptureAt_context.match_1_1.eq_1	[]
_private.Effect4.Laws.Codegen.PrintTyped.0.Effect4.Codegen.Templates.printPerformAt.match_1.eq_2	[]
Effect4.Codegen.TargetFold.expr.eq_11	[]
Effect4.Codegen.EraseTermTypes.typedCauseOriginalHom._proof_4	[propext, Quot.sound]
_private.Effect4.Laws.Codegen.PrintTyped.0.Effect4.Codegen.Templates.ArgPat.holds.match_1.eq_1	[propext]
Effect4.Pool.atClose_scoped	[propext, Quot.sound]
Effect4.Pool.acquireAll_scoped	[propext, Quot.sound]
Effect4.Program.Node.childEnv.match_1.congr_eq_45	[propext]
Effect4.Pool.reads_itemsFrom.match_1_8	[propext]
Effect4.Codegen.EraseTermTypes.typedOriginalHom._proof_4	[propext, Quot.sound]
Effect4.Codegen.P2bRowSupport.perform_erases_children	[propext, Quot.sound]
_private.Effect4.Laws.Codegen.PrintTyped.0.Effect4.Codegen.TargetFold.exprs.match_1.eq_1	[]
Effect4.Codegen.EraseTermTypes.cause_fail_certificate	[propext, Quot.sound]
Effect4.Program.view_eff.match_1.congr_eq_18	[]
Effect4.Codegen.PrintEliminators.decorate_awaitFiber_erases.match_1	[]
Test.Program.RegistrationYield.Interrupt.output_typed.match_1_1	[]
_private.Effect4.Laws.Codegen.PrintTyped.0.Effect4.Program.view_eff.match_1.eq_5	[]
Effect4.Codegen.P2bRowSupport.nodeLike_erased	[propext]
Effect4.Program.Node.extSlotEnv.eq_6	[propext, Quot.sound]
Effect4.Codegen.PrintEliminators.layer.eq_7	[propext, Quot.sound]
Effect4.Codegen.EraseTermTypes.eraseNode.eq_6	[propext]
Effect4.Codegen.readPerform_zero_excludes_head.match_1_3	[propext, Quot.sound]
_private.Effect4.Laws.Codegen.PrintTyped.0.Effect4.Codegen.Templates.printArg.match_3.eq_6	[propext]
_private.Effect4.Laws.Codegen.PrintTyped.0.Effect4.Program.Node.extSlotEnv.match_13.splitter._sparseCasesOn_4	[propext]
Effect4.Program.Node.childEnv.match_1.congr_eq_39	[propext]
Effect4.Codegen.sitesErasesUpTo._proof_1_2	[propext, Quot.sound]
_private.Effect4.Laws.Codegen.PrintTyped.0.Effect4.Codegen.EraseTermTypes.eraseProductJoin.match_5.splitter._sparseCasesOn_6	[propext]
_private.Effect4.Laws.Codegen.PrintTyped.0.Effect4.Program.view_action.match_1.eq_15	[]
_private.Effect4.Laws.Codegen.PrintTyped.0.Effect4.Program.Node.child.match_1.eq_48	[propext]
Effect4.Pool.return_attempt_minted	[propext, Quot.sound]
Effect4.Codegen.EraseTermTypes.CauseErases	[propext, Quot.sound]
_private.Effect4.Laws.Codegen.PrintTyped.0.Effect4.Codegen.PrintEliminators.layer.match_12.eq_5	[]
_private.Effect4.Laws.Codegen.PrintTyped.0.Effect4.Codegen.PrintEliminators.termAlg.match_5.splitter._sparseCasesOn_2	[propext]
_private.Effect4.Laws.Codegen.PrintTyped.0.Effect4.Program.actionRowHeaded.match_1.eq_2	[propext]
Effect4.Semaphore.Model.waiterVal_image	[propext]
_private.Effect4.Laws.Codegen.PrintTyped.0.Effect4.Codegen.eraseExprRow.match_8.eq_1	[]
Effect4.Codegen.TypedRowShapeSupport.rowHeadOwned	[]
Effect4.Codegen.PrintEliminators.storedFoldStep.eq_1	[propext]
Effect4.Codegen.EraseTermTypes.typedOriginalHom._proof_2	[propext, Quot.sound]
Test.Program.RegistrationYield.Double.config_typed	[propext, Quot.sound]
_private.Effect4.Laws.Codegen.PrintTyped.0.Effect4.Codegen.Templates.printArg.match_3.eq_19	[propext]
Effect4.Codegen.Templates.printPerformAt.eq_3	[propext, Quot.sound]
Effect4.Codegen.eraseSiteSpine_print_step.match_1_1	[propext, Quot.sound]
_private.Effect4.Laws.Codegen.PrintTyped.0.Effect4.Codegen.PrintEliminators.printArg.match_1.splitter._sparseCasesOn_6	[propext]
_private.Effect4.Laws.Codegen.PrintTyped.0.Effect4.Codegen.TargetFold.expr.match_1.eq_12	[]
Effect4.Pool.borrower_typed._proof_1_1	[propext, Quot.sound]
_private.Effect4.Laws.Codegen.PrintTyped.0.Effect4.Codegen.eraseRowJoin.match_1.splitter	[propext]
_private.Effect4.Laws.Codegen.PrintTyped.0.Effect4.Program.Node.childEnv.match_1.eq_6	[propext]
_private.Effect4.Laws.Codegen.PrintTyped.0.Effect4.Codegen.Templates.argDepth.match_1.eq_2	[propext]
Effect4.Codegen.Templates.noneHom._proof_41	[propext, Quot.sound]
Effect4.Pool.giveBack_answers._proof_1_1	[propext, Quot.sound]
Effect4.Codegen.site_optTerm_capture_shape	[propext, Quot.sound]
_private.Effect4.Laws.Codegen.PrintTyped.0.Effect4.Codegen.PrintEliminators.layer.match_5.eq_1	[]
Effect4.Pool.waiter_hintTy	[propext, Quot.sound]
_private.Effect4.Laws.Codegen.PrintTyped.0.Effect4.Program.Node.childEnv.match_1.eq_15	[propext]
Effect4.Codegen.PrintEliminators.select_left_map_length	[propext, Quot.sound]
_private.Effect4.Laws.Codegen.PrintTyped.0.Effect4.Codegen.Templates.argSortOf.match_1.eq_5	[]
_private.Effect4.Laws.Codegen.PrintTyped.0.Effect4.Codegen.PrintEliminators.termAlg.match_1.splitter	[propext]
_private.Effect4.Laws.Codegen.PrintTyped.0.Effect4.Codegen.Templates.tpls.match_1.eq_1	[]
Effect4.Codegen.PrintEliminators.printArgs_lookup_some._proof_1_7	[propext, Quot.sound]
_private.Effect4.Laws.Codegen.PrintTyped.0.Effect4.Codegen.eraseExprRow.match_17.eq_2	[propext]
Effect4.Codegen.EraseTermTypes.rawPrintAlg.eq_1	[propext, Quot.sound]
_private.Effect4.Laws.Codegen.PrintTyped.0.Effect4.Program.Node.child.match_1.eq_39	[propext]
Effect4.Codegen.Templates.atAddress.eq_14	[]
Effect4.Pool.errorsOf._f	[propext, Quot.sound]
Effect4.Codegen.Templates.noneHom._proof_40	[propext, Quot.sound]
Effect4.Codegen.PrintEliminators.find_site_acquireRelease	[propext]
_private.Effect4.Laws.Codegen.PrintTyped.0.Effect4.Program.printTerm.match_1.splitter	[]
_private.Effect4.Laws.Codegen.PrintTyped.0.Effect4.Codegen.Templates.argSortOf.match_1.eq_8	[]
Effect4.Codegen.EraseTermTypes.term_record_certificate	[propext, Quot.sound]
Effect4.Codegen.EraseTermTypes.typedCauseOriginalHom._proof_3	[propext, Quot.sound]
_private.Effect4.Laws.Codegen.PrintTyped.0.Effect4.Codegen.EraseTermTypes.eraseProductJoin.match_5.eq_2	[propext]
_private.Effect4.Laws.Codegen.PrintTyped.0.Effect4.Codegen.eraseExprRow.match_8.splitter	[]
Effect4.Codegen.splitFunction_head_relation.match_1_2	[]
Effect4.Codegen.PrintEliminators.termAlg._sparseCasesOn_9.else_eq	[propext]
Effect4.Program.view_action.eq_5	[]
Effect4.Codegen.EraseTermTypes.typedCertificateAlg	[propext, Quot.sound]
Effect4.Codegen.P2bRowSupport.methodArgs_erases._simp_1_1	[propext]
Effect4.Codegen.PrintEliminators.decisionPatternBinds.match_1	[propext]
Test.Program.RegistrationYield.Interrupt.iaCode_typed.match_1_1	[propext]
Effect4.Program.Node.extSlotEnv._sparseCasesOn_4.else_eq	[propext]
_private.Effect4.Laws.Codegen.PrintTyped.0.Effect4.Codegen.EraseTermTypes.eraseRecordJoin.match_1.splitter._sparseCasesOn_11	[propext]
Effect4.Codegen.TypedErasesUpTo	[propext, Quot.sound]
Effect4.Codegen.eraseCapture_printLeaf._simp_1_7	[propext, Quot.sound]
_private.Effect4.Laws.Codegen.PrintTyped.0.Effect4.Program.Node.childEnv.match_1.eq_23	[propext]
_private.Effect4.Laws.Codegen.PrintTyped.0.Effect4.Program.Node.childEnv.match_1.eq_32	[propext]
Effect4.Codegen.EraseTermTypes.eraseProductJoin.match_1.congr_eq_1	[propext]
Effect4.Codegen.Templates.printArgs_transport._simp_1_4	[propext, Quot.sound]
Effect4.Codegen.typed_effs_cons	[propext, Quot.sound]
_private.Effect4.Laws.Codegen.PrintTyped.0.Effect4.Program.view_eff.match_1.splitter	[]
Effect4.Codegen.PrintEliminators.decorate_forkIn_erases	[propext, Quot.sound]
_private.Effect4.Laws.Codegen.PrintTyped.0.Effect4.Program.Node.binders.match_1.splitter._sparseCasesOn_22	[propext]
_private.Effect4.Laws.Codegen.PrintTyped.0.Effect4.Program.Decision.binds.match_1.splitter	[]
_private.Effect4.Laws.Codegen.PrintTyped.0.Effect4.Codegen.PrintEliminators.decisionPatternBinds.match_1.eq_2	[propext]
_private.Effect4.Laws.Codegen.PrintTyped.0.Effect4.Codegen.Templates.argSortOf.match_1.eq_2	[]
Effect4.Codegen.source_site_slot_transport	[propext, Quot.sound]
Effect4.Codegen.isRawRunInTpl._sparseCasesOn_10.else_eq	[propext]
Test.Program.RegistrationYield.machineTyped_of'.match_1_1	[propext, Quot.sound]
_private.Effect4.Laws.Codegen.PrintTyped.0.Effect4.Codegen.EraseTermTypes.eraseRecordJoin.match_1.splitter._sparseCasesOn_7	[propext]
Effect4.Pool.borrower_scoped	[propext, Quot.sound]
_private.Effect4.Laws.Codegen.PrintTyped.0.Effect4.Codegen.EraseTermTypes.eraseProductJoin.match_1.splitter._sparseCasesOn_3	[propext]
Effect4.Codegen.eraseCaptureValue.eq_1	[propext]
Effect4.Codegen.EraseTermTypes.eraseFoldJoin.match_8.congr_eq_1._sparseCasesOn_7	[propext]
_private.Effect4.Laws.Codegen.PrintTyped.0.Effect4.Codegen.EraseTermTypes.eraseNode.match_1.eq_7	[propext]
_private.Effect4.Laws.Codegen.PrintTyped.0.Effect4.Program.Node.extSlotEnv.match_4.splitter	[propext]
Effect4.Codegen.PrintEliminators.layer.eq_1	[propext, Quot.sound]
_private.Effect4.Laws.Codegen.PrintTyped.0.Effect4.Codegen.Templates.ArgPat.holds.match_1.splitter._sparseCasesOn_8	[propext]
Effect4.Codegen.Templates.noneHom._proof_49	[propext, Quot.sound]
_private.Effect4.Laws.Codegen.PrintTyped.0.Effect4.Program.Node.childEnv.match_1.eq_28	[propext]
Effect4.Codegen.EraseTermTypes.eraseProductJoin.eq_3	[propext]
Effect4.Codegen.EraseTermTypes.erasedPrintHom._proof_4	[propext, Quot.sound]
Effect4.Codegen.Templates.noneHom._proof_13	[propext, Quot.sound]
Effect4.Codegen.EraseTermTypes.rawPrintAlg.match_1	[]
Effect4.Codegen.EraseTermTypes.typedCauseCertificateHom._proof_4	[propext, Quot.sound]
Effect4.Semaphore.Model.visitReply_image	[propext]
Effect4.Codegen.EraseTermTypes.eraseTerm_causeApp.match_1_1	[]
_private.Effect4.Laws.Codegen.PrintTyped.0.Effect4.Codegen.PrintEliminators.printArgs.match_1.eq_2	[]
Effect4.Codegen.EraseTermTypes.typedCertificateAlg._proof_2	[propext, Quot.sound]
Effect4.Codegen.EraseTermTypes.erasedCauseHom._proof_4	[propext, Quot.sound]
Effect4.Codegen.PrintEliminators.inst_acquireRelease_shape	[propext, Quot.sound]
_private.Effect4.Laws.Codegen.PrintTyped.0.Effect4.Codegen.TypedPrintsTo.match_1.eq_2	[propext]
_private.Effect4.Laws.Codegen.PrintTyped.0.Effect4.Codegen.eraseCapture.match_11.eq_4	[propext]
Effect4.Semaphore.Model.withoutC_renew	[propext, Quot.sound]
_private.Effect4.Laws.Codegen.PrintTyped.0.Effect4.Codegen.EraseTermTypes.eraseFoldJoin.match_6.eq_1	[propext]
Effect4.Codegen.printedCaptureAt_of_printArg	[propext, Quot.sound]
Effect4.Codegen.PrintEliminators.inst_recordTag_shape._simp_1_7	[propext, Quot.sound]
_private.Effect4.Laws.Codegen.PrintTyped.0.Effect4.Program.printTupleArgs.match_1.eq_1	[]
Effect4.Codegen.EraseTermTypes.eraseCauseTermJoin.eq_1	[propext]
Effect4.Codegen.eraseCapture._sparseCasesOn_5.else_eq	[propext]
_private.Effect4.Laws.Codegen.PrintTyped.0.Effect4.Codegen.Templates.argSortOf.match_1.eq_10	[]
Effect4.Codegen.P2bRowSupport.rawCall	[propext, Quot.sound]
_private.Effect4.Laws.Codegen.PrintTyped.0.Effect4.Program.printTerm.match_1.eq_2	[]
Effect4.Program.exprHead?.fun_cases_unfolding	[propext]
Effect4.Codegen.Templates.noneHom._proof_53	[propext, Quot.sound]
Effect4.Semaphore.Model.waitersValue.eq_1	[propext]
_private.Effect4.Laws.Codegen.PrintTyped.0.Effect4.Codegen.nodeOfFamily.match_1.eq_6	[]
Test.Program.RegistrationYield.outputFiber	[propext]
Effect4.Codegen.sitesErasesUpTo._proof_1_3	[propext, Quot.sound]
Effect4.Codegen.printPerformAt_head	[propext, Quot.sound]
Effect4.Codegen.P2bRowSupport.tupleArgs	[propext, Quot.sound]
_private.Effect4.Laws.Codegen.PrintTyped.0.Effect4.Codegen.Templates.atAddress.match_1.eq_10	[]
Effect4.Codegen.EraseTermTypes.eraseTerm_printTerm_not_lambda.match_1_7	[]
Effect4.Codegen.eraseT_of_row	[propext, Quot.sound]
Effect4.Codegen.Templates.tpls.eq_1	[]
Test.Program.RegistrationYield.Single.result_typed	[propext, Quot.sound]
Effect4.Codegen.EraseTermTypes.eraseRecordJoin.match_1.congr_eq_1._sparseCasesOn_7	[propext]
Effect4.Codegen.EraseTermTypes.RawPrintCarrier	[]
_private.Effect4.Laws.Codegen.PrintTyped.0.Effect4.Codegen.EraseTermTypes.eraseFoldJoin.match_12.eq_2	[propext]
_private.Effect4.Laws.Codegen.PrintTyped.0.Effect4.Codegen.EraseTermTypes.eraseFoldJoin.match_1.splitter._sparseCasesOn_3	[propext]
Effect4.Codegen.EraseTermTypes.eraseTerm_lambda	[propext]
_private.Effect4.Laws.Codegen.PrintTyped.0.Effect4.Codegen.eraseExprRow.match_14.splitter._sparseCasesOn_2	[propext]
_private.Effect4.Laws.Codegen.PrintTyped.0.Effect4.Codegen.eraseStmts.match_3.splitter	[]
Effect4.Codegen.PrintEliminators.decorate_awaitAll_erases	[propext, Quot.sound]
Test.Program.RegistrationYield.Interrupt.output_typed	[propext, Quot.sound]
_private.Effect4.Laws.Codegen.PrintTyped.0.Effect4.Codegen.Record.writeRecord.match_1.eq_1	[]
_private.Effect4.Laws.Codegen.PrintTyped.0.Effect4.Codegen.plainTemplateRoot.match_1.splitter	[propext]
_private.Effect4.Laws.Codegen.PrintTyped.0.Effect4.Codegen.PrintEliminators.layer.match_12.eq_1	[]
_private.Effect4.Laws.Codegen.PrintTyped.0.Effect4.Codegen.printedCaptureAt_context.match_1_1.splitter	[]
Effect4.Pool.errorsOf_never._f	[propext, Quot.sound]
Effect4.Program.exprHead?.eq_def	[propext]
Effect4.Pool.returnReply_nodes	[propext, Quot.sound]
Effect4.Codegen.eraseExprRow_none_of_refuse	[propext, Quot.sound]
_private.Effect4.Laws.Codegen.PrintTyped.0.Effect4.Codegen.PrintEliminators.decisionPatternBinds.match_1.eq_4	[propext]
Effect4.Codegen.PrintEliminators.decorate_closeScope_erases	[propext, Quot.sound]
Effect4.Codegen.EraseTermTypes.eraseCauseTermJoin.match_1.congr_eq_1._sparseCasesOn_5	[propext]
Effect4.Codegen.PrintEliminators.view_eff_child_binders._proof_1_7	[propext, Quot.sound]
_private.Effect4.Laws.Codegen.PrintTyped.0.Effect4.Program.Node.binders.match_1.eq_14	[propext]
_private.Effect4.Laws.Codegen.PrintTyped.0.Effect4.Codegen.P2bRowSupport.rawCall.match_1.eq_2	[]
Effect4.Codegen.Templates.printPerformAt.eq_2	[propext, Quot.sound]
_private.Effect4.Laws.Codegen.PrintTyped.0.Effect4.Codegen.Templates.isChildArg.match_1.splitter	[propext]
Effect4.Codegen.eraseT_print._simp_1_9	[propext]
Effect4.Program.view_eff.match_1.congr_eq_15	[]
Effect4.Codegen.EraseTermTypes.eraseCauseTermJoin.match_1.congr_eq_1._sparseCasesOn_8	[propext]
Effect4.Codegen.siteFocused_layers_head	[propext, Quot.sound]
Effect4.Codegen.EraseTermTypes.eraseProductJoin.eq_1	[propext]
Effect4.Codegen.PrintEliminators.decisionPatternBinds._sparseCasesOn_1	[propext]
_private.Effect4.Laws.Codegen.PrintTyped.0.Effect4.Codegen.EraseTermTypes.eraseNode.match_1.splitter._sparseCasesOn_4	[propext]
Effect4.Program.Node.childEnv.match_1.congr_eq_44	[propext]
Effect4.Codegen.Templates.noneHom._proof_45	[propext, Quot.sound]
_private.Effect4.Laws.Codegen.PrintTyped.0.Effect4.Codegen.Templates.printArg.match_3.eq_17	[propext]
Effect4.Codegen.eraseRowChildren_printCall	[propext, Quot.sound]
Effect4.Pool.reads_stampsFrom	[propext]
Effect4.Codegen.EraseTermTypes.typedCauseOriginalHom._proof_1	[propext, Quot.sound]
Effect4.Codegen.EraseTermTypes.eraseCauseTermJoin.match_1.congr_eq_1	[propext]
Effect4.Codegen.Templates.noneHom._proof_42	[propext, Quot.sound]
_private.Effect4.Laws.Codegen.PrintTyped.0.Effect4.Codegen.PrintEliminators.layer.match_1.splitter._sparseCasesOn_8	[propext]
_private.Effect4.Laws.Codegen.PrintTyped.0.Effect4.Program.printCall.match_3.eq_2	[]
Effect4.Codegen.P2bRowSupport.rawCall.eq_2	[propext, Quot.sound]
_private.Effect4.Laws.Codegen.PrintTyped.0.Effect4.Codegen.eraseExprRow.match_1.eq_1	[propext]
Effect4.Codegen.EraseTermTypes.eraseRecordJoin.match_1.congr_eq_2	[propext]
Effect4.Codegen.EraseTermTypes.eraseFoldJoin.match_6.congr_eq_1._sparseCasesOn_2	[propext]
_private.Effect4.Laws.Codegen.PrintTyped.0.Effect4.Codegen.Templates.printArg.match_3.eq_22	[propext]
Effect4.Codegen.metadataHom._proof_1	[propext]
_private.Effect4.Laws.Codegen.PrintTyped.0.Effect4.Codegen.EraseTermTypes.eraseCauseTermJoin.match_1.eq_2	[propext]
Effect4.Codegen.PrintEliminators.printArgs.eq_2	[propext, Quot.sound]
Effect4.Codegen.PrintedCaptureAt.eq_7	[propext]
Effect4.Codegen.eraseSpine.eq_2	[propext, Quot.sound]
Effect4.Codegen.Templates.noneHom._proof_36	[propext, Quot.sound]
Effect4.Codegen.EraseTermTypes.erasedPrintHom._proof_3	[propext, Quot.sound]
Effect4.Codegen.EraseTermTypes.erasedCauseHom._proof_3	[propext, Quot.sound]
Effect4.Pool.use_scoped	[propext, Quot.sound]
_private.Effect4.Laws.Codegen.PrintTyped.0.Effect4.Codegen.eraseRowJoin.match_5.eq_2	[]
Effect4.Codegen.PrintEliminators.decisionPatternBinds.match_1.congr_eq_5	[propext]
Effect4.Codegen.EraseTermTypes.eraseNode_closeScope	[propext]
_private.Effect4.Laws.Codegen.PrintTyped.0.Effect4.Codegen.Templates.atAddress.match_1.eq_12	[]
Effect4.Codegen.atAddress_fold_leaf_for	[propext, Quot.sound]
Effect4.Codegen.eraseCapture.eq_1	[propext]
_private.Effect4.Laws.Codegen.PrintTyped.0.Effect4.Codegen.EraseTermTypes.eraseFoldJoin.match_1.splitter._sparseCasesOn_4	[propext]
_private.Effect4.Laws.Codegen.PrintTyped.0.Effect4.Program.Node.childEnv.match_1.eq_46	[propext]
_private.Effect4.Laws.Codegen.PrintTyped.0.Effect4.Program.Node.extSlotEnv.match_16.eq_5	[]
Effect4.Semaphore.Model.withdrawInputs	[propext]
Effect4.Codegen.EraseTermTypes.RawPrintCarrier.match_1	[]
Effect4.Codegen.EraseTermTypes.callInverse_erasedApp	[propext, Quot.sound]
Effect4.Codegen.PrintEliminators.sourceChildOffset.eq_1	[propext]
Effect4.Pool.requiresOf._sunfold	[propext, Quot.sound]
_private.Effect4.Laws.Codegen.PrintTyped.0.Effect4.Codegen.eraseRowJoin.match_5.splitter	[]
Effect4.Codegen.rawRunInTpl_of_head	[propext, Quot.sound]
Effect4.Codegen.Templates.noneHom._proof_3	[propext, Quot.sound]
_private.Effect4.Laws.Codegen.PrintTyped.0.Effect4.Codegen.Templates.printArg.match_3.eq_7	[propext]
Effect4.Pool.lease_attempt_minted	[propext, Quot.sound]
Test.Program.RegistrationYield.Interrupt.result_typed	[propext, Quot.sound]
Effect4.Codegen.PrintEliminators.layer._sparseCasesOn_9.else_eq	[propext]
Effect4.Codegen.metadataHom._proof_12	[propext]
Effect4.Codegen.PrintEliminators.find_site_option	[propext]
Effect4.Program.exprHead?.match_1.congr_eq_1._sparseCasesOn_3	[propext]
_private.Effect4.Laws.Codegen.PrintTyped.0.Effect4.Codegen.Templates.argDepth.match_1.eq_1	[propext]
Effect4.Codegen.Templates.atAddress.eq_16	[]
_private.Effect4.Laws.Codegen.PrintTyped.0.Effect4.Codegen.EraseTermTypes.eraseCauseTermJoin.match_1.splitter	[propext]
Effect4.Codegen.eraseT_action_none_of_typedPerform._simp_1_4	[propext, Quot.sound]
Effect4.Codegen.ListFold.typeArg.eq_1	[propext, Quot.sound]
_private.Effect4.Laws.Codegen.PrintTyped.0.Effect4.Program.view_action.match_1.eq_11	[]
_private.Effect4.Laws.Codegen.PrintTyped.0.Effect4.Codegen.eraseExprRow.match_4.splitter._sparseCasesOn_7	[propext]
_private.Effect4.Laws.Codegen.PrintTyped.0.Effect4.Program.Node.child.match_1.eq_43	[propext]
_private.Effect4.Laws.Codegen.PrintTyped.0.Effect4.Program.Node.childEnv.match_1.eq_2	[propext]
_private.Effect4.Laws.Codegen.PrintTyped.0.Effect4.Program.readCall.match_1.splitter	[]
_private.Effect4.Laws.Codegen.PrintTyped.0.Effect4.Program.domLayer.match_1.splitter._sparseCasesOn_2	[propext]
Effect4.Codegen.Templates.typedLayer._sparseCasesOn_4	[propext]
Effect4.Codegen.EraseTermTypes.TypedCertificateCarrier	[propext, Quot.sound]
Effect4.Pool.make_scoped	[propext, Quot.sound]
_private.Effect4.Laws.Codegen.PrintTyped.0.Effect4.Program.withHeadTypes.match_1.splitter	[propext]
Effect4.Codegen.Templates.typedLayer._sparseCasesOn_2.else_eq	[propext]
_private.Effect4.Laws.Codegen.PrintTyped.0.Effect4.Program.Node.child.match_1.eq_55	[propext]
Effect4.Pool.returnReply_at._proof_1_2	[propext, Quot.sound]
_private.Effect4.Laws.Codegen.PrintTyped.0.Effect4.Codegen.eraseRowChildren.match_1.eq_1	[propext]
Effect4.Program.Node.childEnv.match_1.congr_eq_27	[propext]
_private.Effect4.Laws.Codegen.PrintTyped.0.Effect4.Program.installTypeArgs.match_1.eq_2	[]
_private.Effect4.Laws.Codegen.PrintTyped.0.Effect4.Program.domLayer.match_1.splitter	[propext]
_private.Effect4.Laws.Codegen.PrintTyped.0.Effect4.Program.Node.childEnv.match_1.eq_20	[propext]
Effect4.Codegen.EraseTermTypes.eraseRecordJoin.match_1.congr_eq_1._sparseCasesOn_8	[propext]
_private.Effect4.Laws.Codegen.PrintTyped.0.Effect4.Codegen.EraseTermTypes.eraseFoldJoin.match_10.splitter	[propext]
Effect4.Codegen.EraseTermTypes.eraseFoldJoin.eq_7	[propext]
Effect4.Program.withFunction.eq_def	[propext]
Effect4.Codegen.EraseTermTypes.eraseNode_one_two	[propext]
Effect4.Codegen.EraseTermTypes.TermErases	[propext, Quot.sound]
Effect4.Codegen.EraseTermTypes.eraseTerm_field	[propext]
Effect4.Codegen.eraseCaptureValue_printLeaf	[propext, Quot.sound]
Effect4.Codegen.eraseT_site_print_step._proof_1_12	[propext, Quot.sound]
Effect4.Semaphore.Model.remove_eval	[propext, Quot.sound]
Effect4.Codegen.TypedRowShapeSupport.eraseNode_of_genericHead_not_reserved	[propext, Quot.sound]
Effect4.Codegen.siteFocused_child	[propext, Quot.sound]
Effect4.Codegen.PrintEliminators.childScope_select_right	[propext]
Effect4.Codegen.site_context_matches	[propext, Quot.sound]
Effect4.Codegen.Templates.noneHom._proof_55	[propext, Quot.sound]
Effect4.Codegen.Templates.noneHom._proof_32	[propext, Quot.sound]
Effect4.Codegen.PrintEliminators.rowChildDepthOK.match_1	[]
_private.Effect4.Laws.Codegen.PrintTyped.0.Effect4.Codegen.TargetFold.expr.match_1.eq_22	[]
Effect4.Codegen.EraseTermTypes.rawCauseHom._proof_3	[propext, Quot.sound]
Effect4.Codegen.eraseRowChildren_printPerformAt	[propext, Quot.sound]
Effect4.Program.Node.childEnv.match_1.congr_eq_7	[propext]
Effect4.Codegen.PrintEliminators.childEnv_layer_zero	[propext, Quot.sound]
Effect4.Codegen.TypedRowShapeSupport.eraseT_action_none_of_printPerformAt	[propext, Quot.sound]
Effect4.Codegen.Templates.noneHom._proof_34	[propext, Quot.sound]
Effect4.Codegen.EraseTermTypes.eraseTerm_printTerm_identity	[propext, Quot.sound]
Effect4.Codegen.EraseTermTypes.eraseCauseTermJoin._sparseCasesOn_5.else_eq	[propext]
Effect4.Codegen.EraseTermTypes.eraseFoldJoin.match_12.congr_eq_1._sparseCasesOn_4	[propext]
_private.Effect4.Laws.Codegen.PrintTyped.0.Effect4.Program.Node.child.match_1.eq_25	[propext]
_private.Effect4.Laws.Codegen.PrintTyped.0.Effect4.Codegen.PrintEliminators.termAlg.match_1.eq_2	[propext]
Test.Program.RegistrationYield.machine	[propext, Quot.sound]
_private.Effect4.Laws.Codegen.PrintTyped.0.Effect4.Codegen.PrintEliminators.layer.match_12.eq_6	[]
Effect4.Codegen.Templates.noneHom._proof_9	[propext, Quot.sound]
Effect4.Codegen.Templates.noneHom._proof_30	[propext, Quot.sound]
_private.Effect4.Laws.Codegen.PrintTyped.0.Effect4.Program.Node.binders.match_1.splitter	[propext]
_private.Effect4.Laws.Codegen.PrintTyped.0.Effect4.Program.splitHeadTypes.match_1.splitter._sparseCasesOn_6	[propext]
Effect4.Codegen.PrintEliminators.printArgs_lookup_some	[propext, Quot.sound]
_private.Effect4.Laws.Codegen.PrintTyped.0.Effect4.Codegen.eraseExprRow.match_17.eq_3	[propext]
_private.Effect4.Laws.Codegen.PrintTyped.0.Effect4.Program.Node.child.match_1.splitter._sparseCasesOn_60	[propext]
Effect4.Codegen.TypedRowShapeSupport.eraseNode_printPerformAt	[propext, Quot.sound]
_private.Effect4.Laws.Codegen.PrintTyped.0.Effect4.Codegen.eraseExprRow.match_17.splitter._sparseCasesOn_3	[propext]
Effect4.Program.view_eff.match_1.congr_eq_22	[]
_private.Effect4.Laws.Codegen.PrintTyped.0.Effect4.Codegen.EraseTermTypes.eraseNode.match_1.splitter._sparseCasesOn_18	[propext]
Effect4.Codegen.TargetFold.expr.eq_2	[]
Effect4.Pool.withdrawStep_scoped	[propext, Quot.sound]
_private.Effect4.Laws.Codegen.PrintTyped.0.Effect4.Codegen.PrintEliminators.perform.match_4.splitter	[]
Effect4.Codegen.eraseCapture.eq_2	[propext]
_private.Effect4.Laws.Codegen.PrintTyped.0.Effect4.Codegen.Templates.atAddress.match_1.eq_11	[]
_private.Effect4.Laws.Codegen.PrintTyped.0.Effect4.Codegen.Templates.printArg.match_3.eq_21	[propext]
Effect4.Semaphore.Model.fits_eval	[propext]
Effect4.Codegen.TypedRowShapeSupport.eraseNode_of_genericHead_not_reserved._simp_1_1	[propext]
Effect4.Codegen.nodeOfFamily.eq_7	[]
_private.Effect4.Laws.Codegen.PrintTyped.0.Effect4.Program.Node.childEnv.match_1.eq_26	[propext]
Effect4.Codegen.EraseTermTypes.eraseProductJoin.fun_cases_unfolding	[propext]
Effect4.Codegen.EraseTermTypes.eraseFoldJoin.match_8.congr_eq_1._sparseCasesOn_6	[propext]
_private.Effect4.Laws.Codegen.PrintTyped.0.Effect4.Program.withHeadTypes.match_1.splitter._sparseCasesOn_3	[propext]
Test.Program.RegistrationYield.Interrupt.iaCode_typed.match_1_7	[propext]
_private.Effect4.Laws.Codegen.PrintTyped.0.Effect4.Codegen.Templates.isChildArg.match_1.eq_2	[propext]
Effect4.Codegen.P2bRowSupport.rawCall.match_1	[]
Effect4.Codegen.TargetFold.expr.eq_14	[]
Effect4.Codegen.printedCaptureAt_context	[propext, Quot.sound]
Effect4.Codegen.siteScalar_printArg	[propext, Quot.sound]
Effect4.Codegen.PrintEliminators.rowSelectClassifierOK.eq_1	[propext]
Effect4.Codegen.EraseTermTypes.eraseTerm_writeTy	[propext, Quot.sound]
Effect4.Codegen.PrintEliminators.printArgs_lookup.match_1_1	[propext, Quot.sound]
Effect4.Codegen.Templates.argDepth.eq_5	[propext]
Effect4.Codegen.TargetFold.expr.eq_1	[]
Effect4.Codegen.table_plainTemplateRoot	[propext]
_private.Effect4.Laws.Codegen.PrintTyped.0.Effect4.Program.table.match_1.splitter._sparseCasesOn_2	[propext]
_private.Effect4.Laws.Codegen.PrintTyped.0.Effect4.Program.Node.child.match_1.eq_52	[propext]
_private.Effect4.Laws.Codegen.PrintTyped.0.Effect4.Program.view_eff.match_1.eq_9	[]
Effect4.Codegen.PrintedCaptureAt.eq_3	[propext]
Effect4.Codegen.atDepth.eq_1	[]
Effect4.Codegen.Templates.noneHom._proof_17	[propext, Quot.sound]
_private.Effect4.Laws.Codegen.PrintTyped.0.Effect4.Codegen.EraseTermTypes.eraseFoldJoin.match_8.splitter._sparseCasesOn_6	[propext]
_private.Effect4.Laws.Codegen.PrintTyped.0.Effect4.Codegen.TargetFold.exprs.match_1.eq_2	[]
Effect4.Codegen.PrintEliminators.rowDecisionBinds_selected	[propext, Quot.sound]
Effect4.Codegen.Templates.lam.eq_1	[]
Effect4.Codegen.PrintEliminators.body_append_one_map_length	[propext, Quot.sound]
Effect4.Codegen.P2bRowSupport.method_erases	[propext, Quot.sound]
Effect4.Codegen.EraseTermTypes.eraseNode_tag	[propext]
_private.Effect4.Laws.Codegen.PrintTyped.0.Effect4.Program.view_action.match_1.eq_6	[]
_private.Effect4.Laws.Codegen.PrintTyped.0.Effect4.Codegen.Templates.printArgs.match_1.eq_1	[]
Effect4.Codegen.sitesErasesUpTo._proof_1_4	[propext, Quot.sound]
_private.Effect4.Laws.Codegen.PrintTyped.0.Effect4.Program.Node.child.match_1.eq_5	[propext]
_private.Effect4.Laws.Codegen.PrintTyped.0.Effect4.Codegen.nodeOfFamily.match_1.eq_1	[]
Effect4.Program.withFunction.match_1.congr_eq_1._sparseCasesOn_3	[propext]
Effect4.Program.Node.extSlotEnv.eq_9	[propext, Quot.sound]
Effect4.Codegen.PrintEliminators.printArgs_lookup._f	[propext, Quot.sound]
Effect4.Codegen.PrintEliminators.perform._sparseCasesOn_1.else_eq	[propext]
Effect4.Codegen.EraseTermTypes.eraseTerm_causeApp	[propext, Quot.sound]
Effect4.Codegen.table_stmt_declarations._sparseCasesOn_2	[propext]
Effect4.Codegen.Templates.noneHom._proof_1	[propext, Quot.sound]
Effect4.Codegen.PrintEliminators.decisionPatternBinds.match_1.congr_eq_3	[propext]
_private.Effect4.Laws.Codegen.PrintTyped.0.Effect4.Program.splitHeadTypes.match_1.splitter._sparseCasesOn_4	[propext]
Effect4.Codegen.Templates.atAddress_getElem	[propext, Quot.sound]
Effect4.Codegen.withFunction_headTypes	[propext]
_private.Effect4.Laws.Codegen.PrintTyped.0.Effect4.Program.Node.childEnv.match_1.eq_18	[propext]
_private.Effect4.Laws.Codegen.PrintTyped.0.Effect4.Codegen.Templates.Fixed.holds.match_1.splitter._sparseCasesOn_8	[propext]
Effect4.Codegen.eraseCapture_printLeaf	[propext, Quot.sound]
Effect4.Codegen.Templates.call.eq_1	[]
_private.Effect4.Laws.Codegen.PrintTyped.0.Effect4.Codegen.EraseTermTypes.eraseFoldJoin.match_10.splitter._sparseCasesOn_2	[propext]
Effect4.Codegen.Templates.noneHom._proof_31	[propext, Quot.sound]
Test.Program.RegistrationYield.provenance	[propext]
Effect4.Codegen.PrintedCaptureAt.eq_5	[propext]
Effect4.Codegen.TypedRowShapeSupport.printPerform_rowHeadOwned	[propext, Quot.sound]
Effect4.Codegen.Templates.argDepth.eq_1	[propext]
Effect4.Codegen.eraseTerm_printRowHead	[propext, Quot.sound]
Effect4.Codegen.TypedPrintsTo.eq_1	[propext, Quot.sound]
Effect4.Pool.leaseReply_nodes	[propext, Quot.sound]
_private.Effect4.Laws.Codegen.PrintTyped.0.Effect4.Codegen.EraseTermTypes.eraseProductJoin.match_5.splitter._sparseCasesOn_5	[propext]
Effect4.Program.view_eff.match_1.congr_eq_26	[]
Effect4.Codegen.EraseTermTypes.eraseProductJoin.match_1.congr_eq_1._sparseCasesOn_5	[propext]
Effect4.Codegen.EraseTermTypes.eraseTerm_call_not_lambda	[propext, Quot.sound]
Effect4.Codegen.TargetFold.expr.eq_10	[]
_private.Effect4.Laws.Codegen.PrintTyped.0.Effect4.Program.exprHead?.match_1.splitter._sparseCasesOn_3	[propext]
Effect4.Program.view_action.eq_10	[]
Effect4.Pool.stampsFrom_scoped.match_1_1	[]
_private.Effect4.Laws.Codegen.PrintTyped.0.Effect4.Program.view_eff.match_1.eq_25	[]
Effect4.Codegen.EraseTermTypes.eraseFoldJoin.match_1.congr_eq_1._sparseCasesOn_6	[propext]
Effect4.Codegen.eraseTerm_binder	[propext, Quot.sound]
_private.Effect4.Laws.Codegen.PrintTyped.0.Effect4.Program.Node.child.match_1.eq_12	[propext]
Effect4.Codegen.EraseTermTypes.rawCauseAlg.eq_1	[propext, Quot.sound]
Effect4.Semaphore.Model.release_eval	[propext]
_private.Effect4.Laws.Codegen.PrintTyped.0.Effect4.Codegen.Templates.ArgPat.holds.match_1.splitter._sparseCasesOn_10	[propext]
Effect4.Codegen.isRawRunInTpl._sparseCasesOn_6.else_eq	[propext]
Effect4.Codegen.EraseTermTypes.typedOriginalHom._proof_1	[propext, Quot.sound]
Effect4.Codegen.EraseTermTypes.typedCauseOriginalHom._proof_2	[propext, Quot.sound]
Effect4.Codegen.site_template_inv	[propext, Quot.sound]
Effect4.Codegen.eraseRowChildren_printRow	[propext, Quot.sound]
_private.Effect4.Laws.Codegen.PrintTyped.0.Effect4.Program.Node.child.match_1.eq_47	[propext]
_private.Effect4.Laws.Codegen.PrintTyped.0.Effect4.Codegen.EraseTermTypes.eraseFoldJoin.match_12.splitter._sparseCasesOn_3	[propext]
Effect4.Pool.itemsFrom_scoped	[propext, Quot.sound]
Test.Program.RegistrationYield.emptyPayload.match_1_1	[propext]
_private.Effect4.Laws.Codegen.PrintTyped.0.Effect4.Codegen.TargetFold.expr.match_1.eq_11	[]
_private.Effect4.Laws.Codegen.PrintTyped.0.Effect4.Codegen.nodeOfFamily.match_1.eq_4	[]
Effect4.Codegen.inst_rawRunIn_shape	[propext, Quot.sound]
_private.Effect4.Laws.Codegen.PrintTyped.0.Effect4.Program.Node.closedChild.match_1.splitter._sparseCasesOn_5	[propext]
_private.Effect4.Laws.Codegen.PrintTyped.0.Effect4.Program.installTypeArgs.match_1.eq_1	[]
Effect4.Program.Node.childEnv.match_1.congr_eq_3	[propext]
Effect4.Codegen.eraseT_normalize_root	[propext, Quot.sound]
Effect4.Codegen.TargetFold.expr.eq_6	[]
Effect4.Pool.requiresOf_succ._f	[propext, Quot.sound]
Effect4.Codegen.Templates.noneHom._proof_54	[propext, Quot.sound]
_private.Effect4.Laws.Codegen.PrintTyped.0.Effect4.Codegen.eraseExprRow.match_14.eq_1	[propext]
Test.Program.RegistrationYield.typedState_of.match_1_3	[propext]
_private.Effect4.Laws.Codegen.PrintTyped.0.Effect4.Program.view_action.match_1.eq_7	[]
Effect4.Codegen.Templates.noneHom._proof_5	[propext, Quot.sound]
Effect4.Codegen.PrintEliminators.find_site_runIn	[propext]
_private.Effect4.Laws.Codegen.PrintTyped.0.Effect4.Program.printPerform.match_1.eq_1	[]
Effect4.Pool.drain_attempt	[propext, Quot.sound]
Effect4.Codegen.PrintEliminators.rowChildOffset.eq_1	[propext]
Effect4.Pool.unit_nodes	[propext, Quot.sound]
_private.Effect4.Laws.Codegen.PrintTyped.0.Effect4.Codegen.TargetFold.expr.match_1.eq_23	[]
Effect4.Codegen.TypedPrintsTo._sparseCasesOn_4	[propext]
Effect4.Codegen.PrintEliminators.decorate_table_inst_erases	[propext, Quot.sound]
_private.Effect4.Laws.Codegen.PrintTyped.0.Effect4.Codegen.EraseTermTypes.eraseFoldJoin.match_1.splitter._sparseCasesOn_6	[propext]
Effect4.Codegen.Templates.typedLayer._sparseCasesOn_4.else_eq	[propext]
_private.Effect4.Laws.Codegen.PrintTyped.0.Effect4.Codegen.eraseCapture.match_11.eq_2	[propext]
_private.Effect4.Laws.Codegen.PrintTyped.0.Effect4.Codegen.Templates.atAddress.match_1.eq_1	[]
Effect4.Codegen.EraseTermTypes.eraseFoldJoin.match_8.congr_eq_1._sparseCasesOn_3	[propext]
Effect4.Codegen.EraseTermTypes.eraseFoldJoin.match_6.congr_eq_2	[propext]
_private.Effect4.Laws.Codegen.PrintTyped.0.Effect4.Program.Node.childEnv.match_1.eq_49	[propext]
_private.Effect4.Laws.Codegen.PrintTyped.0.Effect4.Codegen.PrintEliminators.decisionPatternBinds.match_1.eq_5	[propext]
Test.Program.RegistrationYield.Interrupt.iaCode_typed.match_1_9	[]
_private.Effect4.Laws.Codegen.PrintTyped.0.Effect4.Codegen.Templates.printArg.match_3.eq_18	[propext]
Effect4.Codegen.EraseTermTypes.eraseFoldJoin.match_1.congr_eq_1	[propext]
Effect4.Codegen.EraseTermTypes.eraseFoldJoin.match_6.congr_eq_1	[propext]
_private.Effect4.Laws.Codegen.PrintTyped.0.Effect4.Codegen.PrintEliminators.sourceChildOffset.match_1.splitter	[propext]
Effect4.Codegen.Templates.argDepth.eq_3	[propext]
Effect4.Codegen.nodeOfFamily.eq_2	[]
Test.Program.RegistrationYield.Interrupt.config_typed	[propext, Quot.sound]
Effect4.Codegen.eraseT_site_rigid_step	[propext, Quot.sound]
_private.Effect4.Laws.Codegen.PrintTyped.0.Effect4.Program.Node.child.match_1.eq_45	[propext]
_private.Effect4.Laws.Codegen.PrintTyped.0.Effect4.Codegen.EraseTermTypes.eraseFoldJoin.match_10.splitter._sparseCasesOn_3	[propext]
_private.Effect4.Laws.Codegen.PrintTyped.0.Effect4.Program.Node.child.match_1.eq_29	[propext]
_private.Effect4.Laws.Codegen.PrintTyped.0.Effect4.Codegen.EraseTermTypes.eraseFoldJoin.match_12.splitter	[propext]
_private.Effect4.Laws.Codegen.PrintTyped.0.Effect4.Program.domLayer.rowDom.match_7.eq_2	[]
_private.Effect4.Laws.Codegen.PrintTyped.0.Effect4.Codegen.Templates.printPerformAt.match_5.eq_3	[]
Effect4.Codegen.Templates.argDepth._sparseCasesOn_2.else_eq	[propext]
Effect4.Codegen.print_stmt_binder_count	[propext, Quot.sound]
Effect4.Codegen.Templates.tpls.eq_def	[]
Effect4.Codegen.EraseTermTypes.rawCauseHom	[propext, Quot.sound]
Effect4.Codegen.eraseRowChildren._sparseCasesOn_1.else_eq	[propext]
Effect4.Program.Node.extSlotEnv.eq_2	[propext, Quot.sound]
Test.Program.RegistrationYield.no_requests_of	[propext, Quot.sound]
_private.Effect4.Laws.Codegen.PrintTyped.0.Effect4.Codegen.P2bRowSupport.rawCall.match_1.eq_1	[]
_private.Effect4.Laws.Codegen.PrintTyped.0.Effect4.Program.Node.child.match_1.eq_19	[propext]
Effect4.Codegen.EraseTermTypes.rawPrintHom._proof_6	[propext, Quot.sound]
_private.Effect4.Laws.Codegen.PrintTyped.0.Effect4.Program.Node.childEnv.match_1.eq_50	[propext]
_private.Effect4.Laws.Codegen.PrintTyped.0.Effect4.Codegen.Templates.atAddress.match_1.eq_2	[]
_private.Effect4.Laws.Codegen.PrintTyped.0.Effect4.Codegen.eraseCapture.match_11.splitter	[propext]
Effect4.Codegen.PrintEliminators.env_append_two_map_length	[propext, Quot.sound]
_private.Effect4.Laws.Codegen.PrintTyped.0.Effect4.Codegen.Templates.printArg.match_3.eq_11	[propext]
Effect4.Codegen.eraseStmts_print_step.match_1_1	[propext, Quot.sound]
Effect4.Codegen.Templates.printArgs_transport	[propext, Quot.sound]
Effect4.Codegen.eraseExprRow_rigid_inst	[propext, Quot.sound]
_private.Effect4.Laws.Codegen.PrintTyped.0.Effect4.Codegen.Templates.atAddress.match_1.eq_8	[]
Effect4.Program.view_eff.match_1.congr_eq_20	[]
Effect4.Codegen.Templates.noneHom._proof_33	[propext, Quot.sound]
Effect4.Program.Node.childEnv.match_1.congr_eq_49	[propext]
Effect4.Program.Node.childEnv.match_1.congr_eq_24	[propext]
Test.Program.RegistrationYield.valid	[propext, Quot.sound]
Effect4.Codegen.PrintEliminators.printArgs.eq_1	[propext, Quot.sound]
_private.Effect4.Laws.Codegen.PrintTyped.0.Effect4.Program.view_eff.match_1.eq_20	[]
Effect4.Codegen.PrintEliminators.printArg_term_erases._simp_1_10	[propext]
Effect4.Codegen.Templates.atAddress_fold_leaf	[propext, Quot.sound]
Effect4.Codegen.Templates.noneHom._proof_50	[propext, Quot.sound]
Effect4.Codegen.PrintEliminators.inst_option_shape	[propext, Quot.sound]
Test.Program.RegistrationYield.yieldCurrent_unit.match_1_5	[propext]
Effect4.Codegen.EraseTermTypes.eraseFoldJoin.match_8.congr_eq_1	[propext]
Effect4.Codegen.Templates.noneHom._proof_16	[propext, Quot.sound]
Effect4.Codegen.EraseTermTypes.erasedPrintHom._proof_6	[propext, Quot.sound]
Effect4.Codegen.EraseTermTypes.eraseRecordJoin.eq_def	[propext]
Effect4.Codegen.eraseSiteSpine_print_step._proof_1_17	[propext, Quot.sound]
_private.Effect4.Laws.Codegen.PrintTyped.0.Effect4.Program.Node.extSlotEnv.match_4.splitter._sparseCasesOn_2	[propext]
Effect4.Codegen.EraseTermTypes.eraseTerm_tupleAt	[propext]
_private.Effect4.Laws.Codegen.PrintTyped.0.Effect4.Codegen.PrintEliminators.layer.match_5.eq_2	[]
Effect4.Pool.resolveAll_scoped	[propext, Quot.sound]
Effect4.Codegen.isRawRunInTpl._sparseCasesOn_9.else_eq	[propext]
Effect4.Codegen.PrintEliminators.printArgs_lookup._proof_1_10	[propext, Quot.sound]
Effect4.Program.view_action.eq_11	[]
Effect4.Codegen.Templates.noneHom._proof_64	[propext, Quot.sound]
_private.Effect4.Laws.Codegen.PrintTyped.0.Effect4.Codegen.EraseTermTypes.eraseProductJoin.match_1.splitter._sparseCasesOn_2	[propext]
_private.Effect4.Laws.Codegen.PrintTyped.0.Effect4.Codegen.Templates.ArgPat.holds.match_1.splitter._sparseCasesOn_7	[propext]
Effect4.Codegen.EraseTermTypes.eraseFoldJoin_hasCall	[propext, Quot.sound]
_private.Effect4.Laws.Codegen.PrintTyped.0.Effect4.Program.Node.childEnv.match_1.eq_30	[propext]
_private.Effect4.Laws.Codegen.PrintTyped.0.Effect4.Program.Node.child.match_1.eq_36	[propext]
Effect4.Codegen.eraseNode_of_exprHead_except_runIn	[propext]
Effect4.Pool.initial_scoped	[propext, Quot.sound]
_private.Effect4.Laws.Codegen.PrintTyped.0.Effect4.Program.Node.childEnv.match_1.splitter._sparseCasesOn_59	[propext]
Test.Program.RegistrationYield.rootProgram	[]
_private.Effect4.Laws.Codegen.PrintTyped.0.Effect4.Codegen.Templates.ArgPat.holds.match_1.splitter	[propext]
Test.Program.RegistrationYield.machineTyped_of'	[propext, Quot.sound]
_private.Effect4.Laws.Codegen.PrintTyped.0.Effect4.Codegen.EraseTermTypes.eraseNode.match_1.splitter._sparseCasesOn_14	[propext]
Effect4.Codegen.EraseTermTypes.typedCauseCertificateHom._proof_1	[propext, Quot.sound]
Effect4.Program.Node.childEnv.match_1.congr_eq_41	[propext]
Effect4.Codegen.P2bRowSupport.opTerm_env_length	[propext, Quot.sound]
_private.Effect4.Laws.Codegen.PrintTyped.0.Effect4.Codegen.PrintEliminators.decisionPatternBinds.match_1.eq_1	[propext]
_private.Effect4.Laws.Codegen.PrintTyped.0.Effect4.Program.domLayer.rowDom.match_7.eq_1	[]
Effect4.Pool.lease_scoped	[propext, Quot.sound]
Effect4.Codegen.TargetFold.expr.eq_13	[]
_private.Effect4.Laws.Codegen.PrintTyped.0.Effect4.Program.withHeadTypes.match_1.eq_2	[propext]
Effect4.Semaphore.Model.visit_eval	[propext, Quot.sound]
Effect4.Codegen.Templates.noneHom._proof_24	[propext, Quot.sound]
_private.Effect4.Laws.Codegen.PrintTyped.0.Effect4.Program.printRowHead.match_1.eq_2	[propext]
Effect4.Codegen.typedPerform_rowHeadOwned	[propext, Quot.sound]
Effect4.Codegen.EraseTermTypes.TermsErase	[propext, Quot.sound]
_private.Effect4.Laws.Codegen.PrintTyped.0.Effect4.Program.addReceiver.match_1.eq_1	[propext]
Effect4.Codegen.eraseExprRow.eq_1	[propext, Quot.sound]
Effect4.Codegen.EraseTermTypes.rawPrintHom._proof_10	[propext, Quot.sound]
Effect4.Codegen.sourceChild_at_count._f	[propext]
Effect4.Codegen.EraseTermTypes.eraseProductJoin.match_5.congr_eq_2	[propext]
Effect4.Pool.closer_typed	[propext, Quot.sound]
Effect4.Codegen.PrintedCaptureAt.eq_6	[propext]
Effect4.Program.Node.childEnv.match_1.congr_eq_40	[propext]
Effect4.Codegen.EraseTermTypes.rawPrintHom	[propext, Quot.sound]
Effect4.Codegen.PrintEliminators.layer.eq_4	[propext, Quot.sound]
_private.Effect4.Laws.Codegen.PrintTyped.0.Effect4.Program.printRowHead.match_1.splitter	[propext]
Effect4.Codegen.eraseRowChildren.eq_2	[propext]
Effect4.Codegen.sourceChild_at_count.match_1_1	[propext]
_private.Effect4.Laws.Codegen.PrintTyped.0.Effect4.Program.Node.child.match_1.eq_9	[propext]
Effect4.Codegen.eraseCaptureValue_at	[propext, Quot.sound]
Test.Program.RegistrationYield.fiberOf	[propext]
_private.Effect4.Laws.Codegen.PrintTyped.0.Effect4.Codegen.PrintEliminators.termAlg.match_12.eq_1	[]
Effect4.Program.exprHead?.match_1.congr_eq_2	[propext]
Effect4.Program.Node.childEnv.match_1.congr_eq_4	[propext]
Effect4.Codegen.site_stmtPrint_inv	[propext, Quot.sound]
Effect4.Codegen.eraseExprRow_typedPerform	[propext, Quot.sound]
Effect4.Codegen.EraseTermTypes.eraseFoldJoin.match_10.congr_eq_1._sparseCasesOn_2	[propext]
Effect4.Pool.item_nodes._simp_1_1	[propext]
_private.Effect4.Laws.Codegen.PrintTyped.0.Effect4.Program.Node.child.match_1.splitter._sparseCasesOn_59	[propext]
_private.Effect4.Laws.Codegen.PrintTyped.0.Effect4.Program.view_action.match_1.eq_5	[]
Effect4.Codegen.PrintEliminators.decorate_interrupt_erases	[propext, Quot.sound]
_private.Effect4.Laws.Codegen.PrintTyped.0.Effect4.Codegen.eraseExprRow.match_10.eq_2	[]
_private.Effect4.Laws.Codegen.PrintTyped.0.Effect4.Codegen.PrintEliminators.termAlg.match_1.splitter._sparseCasesOn_4	[propext]
Effect4.Codegen.eraseSiteStmts_print_step._simp_1_15	[propext, Quot.sound]
Effect4.Program.Node.childEnv.match_1.congr_eq_1._sparseCasesOn_57	[propext]
_private.Effect4.Laws.Codegen.PrintTyped.0.Effect4.Program.Node.extSlotEnv.match_16.eq_4	[]
Test.Program.RegistrationYield.marker	[propext]
_private.Effect4.Laws.Codegen.PrintTyped.0.Effect4.Codegen.EraseTermTypes.eraseFoldJoin.match_12.splitter._sparseCasesOn_4	[propext]
_private.Effect4.Laws.Codegen.PrintTyped.0.Effect4.Codegen.Templates.printArg.match_3.eq_9	[propext]
Effect4.Codegen.TypedRowShapeSupport.eraseT_action_none_of_printPerformAt._simp_1_4	[propext, Quot.sound]
_private.Effect4.Laws.Codegen.PrintTyped.0.Effect4.Program.printTerm.match_1.eq_1	[]
Test.Program.RegistrationYield.yieldCurrent_typed.match_1_5	[propext]
Effect4.Codegen.Templates.printPerformAt.eq_1	[propext, Quot.sound]
_private.Effect4.Laws.Codegen.PrintTyped.0.Effect4.Codegen.EraseTermTypes.eraseFoldJoin.match_12.eq_3	[propext]
_private.Effect4.Laws.Codegen.PrintTyped.0.Effect4.Codegen.Templates.atAddress.match_1.eq_3	[]
Effect4.Codegen.Templates.typedLayer._sparseCasesOn_3	[propext]
Effect4.Codegen.mapCalls_writeTy	[propext, Quot.sound]
Effect4.Codegen.Templates.noneHom._proof_27	[propext, Quot.sound]
Effect4.Codegen.P2bRowSupport.row_erases	[propext, Quot.sound]
Effect4.Codegen.EraseTermTypes.cause_interrupt_certificate._simp_1_2	[propext]
_private.Effect4.Laws.Codegen.PrintTyped.0.Effect4.Codegen.PrintEliminators.printArgs.match_3.eq_1	[]
_private.Effect4.Laws.Codegen.PrintTyped.0.Effect4.Program.Node.child.match_1.splitter._sparseCasesOn_56	[propext]
Effect4.Pool.closeStep_scoped	[propext, Quot.sound]
Effect4.Codegen.typedLayer_template	[propext, Quot.sound]
_private.Effect4.Laws.Codegen.PrintTyped.0.Effect4.Codegen.EraseTermTypes.eraseCauseTermJoin.match_1.splitter._sparseCasesOn_8	[propext]
Effect4.Codegen.EraseTermTypes.eraseNode_option	[propext]
Effect4.Codegen.eraseT_site_print_step._proof_1_14	[propext, Quot.sound]
Effect4.Pool.return_attempt	[propext, Quot.sound]
Effect4.Codegen.PrintEliminators.constructorChildOffset_nonselect	[propext]
Effect4.Codegen.Templates.atAddress.eq_10	[]
_private.Effect4.Laws.Codegen.PrintTyped.0.Effect4.Codegen.Template.inst.match_1.splitter._sparseCasesOn_2	[propext]
_private.Effect4.Laws.Codegen.PrintTyped.0.Effect4.Codegen.Templates.argSortOf.match_1.eq_1	[]
_private.Effect4.Laws.Codegen.PrintTyped.0.Effect4.Codegen.Templates.printArgs.match_1.eq_2	[]
_private.Effect4.Laws.Codegen.PrintTyped.0.Effect4.Program.Node.childEnv.match_1.splitter._sparseCasesOn_58	[propext]
_private.Effect4.Laws.Codegen.PrintTyped.0.Effect4.Program.view_action.match_1.eq_10	[]
Effect4.Codegen.EraseTermTypes.term_app_certificate._simp_1_10	[propext]
Effect4.Codegen.P2bRowSupport.targets_writeTys.match_1_2	[propext, Quot.sound]
_private.Effect4.Laws.Codegen.PrintTyped.0.Effect4.Codegen.Templates.Fixed.holds.match_1.splitter._sparseCasesOn_9	[propext]
Effect4.Codegen.metadataHom._proof_13	[propext]
Effect4.Codegen.SitesEraseUpTo	[propext, Quot.sound]
Test.Program.RegistrationYield.Double.result_eq	[propext, Quot.sound]
Effect4.Codegen.EraseTermTypes.typedCauseCertificateAlg	[propext, Quot.sound]
_private.Effect4.Laws.Codegen.PrintTyped.0.Effect4.Program.exprHead?.match_1.eq_3	[propext]
Test.Program.RegistrationYield.Interrupt.iaCode._proof_1	[propext]
Effect4.Codegen.erase_earlier_none_rowCall._simp_1_2	[propext, Quot.sound]
_private.Effect4.Laws.Codegen.PrintTyped.0.Effect4.Codegen.EraseTermTypes.eraseNode.match_1.splitter	[propext]
Effect4.Program.view_action.eq_2	[]
Effect4.Codegen.PrintedCaptureAt.eq_1	[propext]
Effect4.Codegen.PrintEliminators.printArgs_lookup._proof_1_9	[propext, Quot.sound]
Effect4.Codegen.EraseTermTypes.eraseNode_fiber	[propext]
_private.Effect4.Laws.Codegen.PrintTyped.0.Effect4.Codegen.EraseTermTypes.eraseProductJoin.match_1.splitter	[propext]
Effect4.Codegen.EraseTermTypes.cause_die_certificate._simp_1_2	[propext]
_private.Effect4.Laws.Codegen.PrintTyped.0.Effect4.Program.view_eff.match_1.eq_16	[]
_private.Effect4.Laws.Codegen.PrintTyped.0.Effect4.Program.printRow.match_1.splitter	[]
Effect4.Codegen.P2bRowSupport.except_bind_identity	[]
Test.Program.RegistrationYield.Interrupt.out	[propext]
Effect4.Codegen.EraseTermTypes.rawPrintHom._proof_3	[propext, Quot.sound]
Effect4.Program.view_eff.match_1.congr_eq_8	[]
_private.Effect4.Laws.Codegen.PrintTyped.0.Effect4.Codegen.eraseExprRow.match_17.splitter	[propext]
Effect4.Pool.selectStep_scoped	[propext, Quot.sound]
Effect4.Codegen.EraseTermTypes.rawPrintHom._proof_5	[propext, Quot.sound]
_private.Effect4.Laws.Codegen.PrintTyped.0.Effect4.Codegen.PrintEliminators.layer.match_12.splitter	[]
Test.Program.RegistrationYield.result_eq	[propext, Quot.sound]
Effect4.Program.view_eff.match_1.congr_eq_1	[]
_private.Effect4.Laws.Codegen.PrintTyped.0.Effect4.Codegen.Templates.ArgPat.holds.match_1.eq_7	[propext]
Effect4.Codegen.eraseSiteSpine_print_step._simp_1_15	[propext, Quot.sound]
Effect4.Codegen.EraseTermTypes.erasedPrintHom._proof_10	[propext, Quot.sound]
_private.Effect4.Laws.Codegen.PrintTyped.0.Effect4.Program.Node.child.match_1.eq_2	[propext]
Effect4.Codegen.PrintEliminators.layer.eq_5	[propext, Quot.sound]
Effect4.Codegen.PrintEliminators.childEnv_length	[propext, Quot.sound]
Effect4.Codegen.eraseJoinArgs_printTyped	[propext, Quot.sound]
_private.Effect4.Laws.Codegen.PrintTyped.0.Effect4.Codegen.Templates.printArg.match_3.splitter	[propext]
Effect4.Codegen.PrintEliminators.row.eq_1	[propext, Quot.sound]
Effect4.Codegen.EraseTermTypes.eraseRecordJoin.eq_2	[propext]
_private.Effect4.Laws.Codegen.PrintTyped.0.Effect4.Program.printPerform.match_1.eq_2	[]
Test.Program.RegistrationYield.Double.result	[propext, Quot.sound]
Effect4.Codegen.Templates.atAddress.eq_11	[]
_private.Effect4.Laws.Codegen.PrintTyped.0.Effect4.Codegen.Templates.printArg.match_3.eq_20	[propext]
Effect4.Codegen.siteFocused_effs_head	[propext, Quot.sound]
Effect4.Codegen.erase_earlier_none_action	[propext, Quot.sound]
Effect4.Codegen.TypedRowShapeSupport.rowHeadOwned.eq_1	[]
_private.Effect4.Laws.Codegen.PrintTyped.0.Effect4.Codegen.Templates.ArgPat.holds.match_1.eq_4	[propext]
Effect4.Program.printCall.eq_1	[propext, Quot.sound]
_private.Effect4.Laws.Codegen.PrintTyped.0.Effect4.Program.withFunction.match_1.splitter	[propext]
_private.Effect4.Laws.Codegen.PrintTyped.0.Effect4.Codegen.isRawRunInTpl.match_1.eq_1	[propext]
Effect4.Codegen.eraseJoinArgs_printTypedSitesAt._simp_1_1	[propext, Quot.sound]
Effect4.Program.view_eff.match_1.congr_eq_16	[]
_private.Effect4.Laws.Codegen.PrintTyped.0.Effect4.Codegen.EraseTermTypes.rawPrintAlg.match_1.splitter	[]
Effect4.Codegen.Templates.noneHom._proof_10	[propext, Quot.sound]
Effect4.Codegen.PrintEliminators.inst_recordTag_shape	[propext, Quot.sound]
_private.Effect4.Laws.Codegen.PrintTyped.0.Effect4.Program.view_eff.match_1.eq_23	[]
Effect4.Codegen.EraseTermTypes.cause_die_certificate	[propext, Quot.sound]
Effect4.Pool.cell_nodes	[propext, Quot.sound]
_private.Effect4.Laws.Codegen.PrintTyped.0.Effect4.Program.Node.extSlotEnv.match_13.eq_1	[propext]
Effect4.Codegen.eraseT_print_step	[propext, Quot.sound]
Effect4.Program.Node.childEnv.match_1.congr_eq_1._sparseCasesOn_56	[propext]
Effect4.Codegen.EraseTermTypes.erasedCauseHom._proof_1	[propext, Quot.sound]
Effect4.Program.Node.childEnv.match_1.congr_eq_11	[propext]
Effect4.Pool.make_types	[propext, Quot.sound]
Effect4.Codegen.PrintEliminators.need.eq_1	[propext]
Effect4.Codegen.P2bRowSupport.rawPerform_as_call	[propext, Quot.sound]
Effect4.Program.view_action.eq_17	[]
Effect4.Codegen.EraseTermTypes.eraseFoldJoin.match_8.congr_eq_2	[propext]
Test.Program.RegistrationYield.Double.result_typed	[propext, Quot.sound]
Effect4.Pool.make_makes	[propext, Quot.sound]
Effect4.Codegen.Templates.noneHom._proof_22	[propext, Quot.sound]
Effect4.Codegen.PrintEliminators.printArgs_lookup._proof_1_8	[propext, Quot.sound]
Effect4.Program.Node.childEnv.match_1.congr_eq_52	[propext]
Effect4.Codegen.eraseSiteSpine_print_step	[propext, Quot.sound]
Effect4.Codegen.TargetFold.expr.eq_15	[]
Effect4.Codegen.eraseStmts_print_step._proof_1_15	[propext, Quot.sound]
Effect4.Program.view_action.eq_7	[]
_private.Effect4.Laws.Codegen.PrintTyped.0.Effect4.Program.Node.child.match_1.eq_30	[propext]
Effect4.Pool.initial_scoped._simp_1_2	[propext]
_private.Effect4.Laws.Codegen.PrintTyped.0.Effect4.Codegen.TargetFold.expr.match_1.eq_18	[]
_private.Effect4.Laws.Codegen.PrintTyped.0.Effect4.Program.withHeadTypes.match_1.eq_3	[propext]
_private.Effect4.Laws.Codegen.PrintTyped.0.Effect4.Program.Node.child.match_1.eq_17	[propext]
Effect4.Codegen.eraseStmts_print_step._proof_1_16	[propext, Quot.sound]
Effect4.Codegen.table_stmt_declarations	[propext]
Effect4.Codegen.PrintEliminators.inst_tag_shape._simp_1_7	[propext, Quot.sound]
_private.Effect4.Laws.Codegen.PrintTyped.0.Effect4.Program.view_action.match_1.eq_8	[]
_private.Effect4.Laws.Codegen.PrintTyped.0.Effect4.Program.Node.childEnv.match_1.eq_45	[propext]
_private.Effect4.Laws.Codegen.PrintTyped.0.Effect4.Codegen.Templates.argSortOf.match_1.eq_12	[]
Effect4.Program.Node.childEnv.match_1.congr_eq_1._sparseCasesOn_60	[propext]
_private.Effect4.Laws.Codegen.PrintTyped.0.Effect4.Program.Node.childEnv.match_1.eq_4	[propext]
Test.Program.RegistrationYield.theta	[propext]
_private.Effect4.Laws.Codegen.PrintTyped.0.Effect4.Codegen.EraseTermTypes.eraseNode.match_1.splitter._sparseCasesOn_22	[propext]
_private.Effect4.Laws.Codegen.PrintTyped.0.Effect4.Codegen.TargetFold.expr.match_1.eq_4	[]
_private.Effect4.Laws.Codegen.PrintTyped.0.Effect4.Codegen.eraseRowChildren.match_1.splitter	[propext]
Effect4.Pool.close_attempt	[propext, Quot.sound]
Effect4.Codegen.eraseTerm_trailing	[propext]
Test.Program.RegistrationYield.internalKeys_machine	[propext, Quot.sound]
Effect4.Codegen.plainTemplateRoot.match_1	[propext]
_private.Effect4.Laws.Codegen.PrintTyped.0.Effect4.Program.addReceiver.match_1.splitter	[propext]
Effect4.Codegen.Templates.argDepth._sparseCasesOn_1.else_eq	[propext]
Effect4.Program.view_action.eq_15	[]
_private.Effect4.Laws.Codegen.PrintTyped.0.Effect4.Codegen.Templates.printArg.match_3.eq_15	[propext]
Effect4.Codegen.EraseTermTypes.eraseProductJoin.match_5.congr_eq_1._sparseCasesOn_6	[propext]
Effect4.Codegen.eraseExprRow._sparseCasesOn_14.else_eq	[propext]
Effect4.Program.printTyped.eq_1	[propext, Quot.sound]
_private.Effect4.Laws.Codegen.PrintTyped.0.Effect4.Program.domLayer.rowDom.match_7.eq_3	[]
Effect4.Codegen.atAddress_fold_child_for	[propext, Quot.sound]
_private.Effect4.Laws.Codegen.PrintTyped.0.Effect4.Codegen.EraseTermTypes.rawPrintAlg.match_1.eq_1	[]
_private.Effect4.Laws.Codegen.PrintTyped.0.Effect4.Program.Node.extSlotEnv.match_16.eq_2	[]
_private.Effect4.Laws.Codegen.PrintTyped.0.Effect4.Program.Node.childEnv.match_1.eq_55	[propext]
Effect4.Codegen.Templates.noneHom._proof_35	[propext, Quot.sound]
Effect4.Codegen.TypedRowShapeSupport.withHeadTypes_rowHeadOwned	[propext, Quot.sound]
_private.Effect4.Laws.Codegen.PrintTyped.0.Effect4.Codegen.Templates.tpls.match_1.eq_2	[]
Test.Program.RegistrationYield.Interrupt.iaCode_typed	[propext, Quot.sound]
Effect4.Pool.withdraw_attempt_minted	[propext, Quot.sound]
_private.Effect4.Laws.Codegen.PrintTyped.0.Effect4.Codegen.Templates.argDepth.match_1.eq_5	[propext]
_private.Effect4.Laws.Codegen.PrintTyped.0.Effect4.Codegen.EraseTermTypes.eraseFoldJoin.match_1.splitter._sparseCasesOn_2	[propext]
Test.Program.RegistrationYield.output_saved_false	[propext, Quot.sound]
Effect4.Codegen.nodeOfFamily.eq_5	[]
_private.Effect4.Laws.Codegen.PrintTyped.0.Effect4.Codegen.eraseExprRow.match_14.eq_2	[propext]
_private.Effect4.Laws.Codegen.PrintTyped.0.Effect4.Program.Node.child.match_1.eq_10	[propext]
_private.Effect4.Laws.Codegen.PrintTyped.0.Effect4.Program.Node.binders.match_1.eq_15	[propext]
_private.Effect4.Laws.Codegen.PrintTyped.0.Effect4.Codegen.TypedPrintsTo.match_1.eq_1	[propext]
_private.Effect4.Laws.Codegen.PrintTyped.0.Effect4.Codegen.PrintEliminators.decisionPatternBinds.match_1.eq_3	[propext]
Effect4.Codegen.EraseTermTypes.eraseProductJoin.match_5.congr_eq_1._sparseCasesOn_3	[propext]
_private.Effect4.Laws.Codegen.PrintTyped.0.Effect4.Program.domLayer.rowDom.match_7.eq_4	[]
_private.Effect4.Laws.Codegen.PrintTyped.0.Effect4.Codegen.EraseTermTypes.eraseProductJoin.match_5.splitter._sparseCasesOn_2	[propext]
Effect4.Codegen.PrintEliminators.printArg_term_erases	[propext, Quot.sound]
Effect4.Program.view_eff.match_1.congr_eq_24	[]
_private.Effect4.Laws.Codegen.PrintTyped.0.Effect4.Codegen.PrintEliminators.row.match_1.eq_1	[]
Effect4.Codegen.EraseTermTypes.eraseTerm.eq_1	[propext]
Effect4.Program.Node.childEnv.match_1.congr_eq_30	[propext]
Effect4.Pool.closer_scoped	[propext, Quot.sound]
Effect4.Codegen.PrintedCaptureAt.eq_2	[propext]
Effect4.Codegen.EraseTermTypes.eraseTerm_set	[propext]
Effect4.Codegen.EraseTermTypes.eraseTerm_printTerm_not_lambda.match_1_1	[propext, Quot.sound]
Effect4.Codegen.PrintEliminators.decorate_recordTag_erases	[propext, Quot.sound]
_private.Effect4.Laws.Codegen.PrintTyped.0.Effect4.Codegen.EraseTermTypes.eraseCauseTermJoin.match_1.splitter._sparseCasesOn_5	[propext]
_private.Effect4.Laws.Codegen.PrintTyped.0.Effect4.Program.installTypeArgs.match_1.splitter	[]
Effect4.Semaphore.Model.inputsAt	[propext]
Effect4.Codegen.plainTemplateRoot._sparseCasesOn_1.else_eq	[propext]
Effect4.Program.withFunction.eq_1	[propext]
Effect4.Semaphore.Model.withdraw_eval	[propext, Quot.sound]
Effect4.Codegen.TypedPrintsTo._sparseCasesOn_3.else_eq	[propext]
Effect4.Codegen.Templates.noneHom._proof_2	[propext, Quot.sound]
Effect4.Codegen.TypedPrintsTo.eq_3	[propext, Quot.sound]
_private.Effect4.Laws.Codegen.PrintTyped.0.Effect4.Codegen.Template.Tpl.rigid.match_1.eq_1	[propext]
Effect4.Codegen.callAlgebra.eq_1	[]
Effect4.Codegen.eraseSpine.eq_1	[propext, Quot.sound]
Effect4.Codegen.P2bRowSupport.need_some.match_1_1	[propext]
Effect4.Codegen.eraseTerm_printTupleArgs	[propext, Quot.sound]
Effect4.Program.view_action.eq_8	[]
Effect4.Codegen.EraseTermTypes.eraseTerm_generic	[propext]
Effect4.Codegen.eraseStmt_print	[propext, Quot.sound]
_private.Effect4.Laws.Codegen.PrintTyped.0.Effect4.Codegen.EraseTermTypes.eraseProductJoin.match_5.splitter._sparseCasesOn_3	[propext]
_private.Effect4.Laws.Codegen.PrintTyped.0.Effect4.Codegen.EraseTermTypes.eraseRecordJoin.match_1.splitter._sparseCasesOn_3	[propext]
_private.Effect4.Laws.Codegen.PrintTyped.0.Effect4.Program.Decision.binds.match_1.eq_2	[]
_private.Effect4.Laws.Codegen.PrintTyped.0.Effect4.Program.Node.binders.match_1.eq_10	[propext]
Effect4.Codegen.typed_action_image_head._simp_1_2	[propext, Quot.sound]
_private.Effect4.Laws.Codegen.PrintTyped.0.Effect4.Codegen.Templates.isChildArg.match_1.eq_1	[propext]
Effect4.Codegen.typedErasesUpTo._proof_1_3	[propext, Quot.sound]
Test.Program.RegistrationYield.world	[propext]
Effect4.Codegen.Template.params.eq_1	[propext]
Effect4.Codegen.table_rawWithFiberRow	[propext]
Effect4.Codegen.eraseRowJoin_printPerformAt	[propext, Quot.sound]
Effect4.Codegen.EraseTermTypes.eraseProductJoin.match_5.congr_eq_1._sparseCasesOn_4	[propext]
Test.Program.RegistrationYield.typedState	[propext, Quot.sound]
Effect4.Codegen.Templates.noneHom._proof_25	[propext, Quot.sound]
_private.Effect4.Laws.Codegen.PrintTyped.0.Effect4.Codegen.Templates.ArgPat.holds.match_1.eq_6	[propext]
Effect4.Codegen.TypedPrintsTo.match_1	[propext]
Effect4.Codegen.Templates.typedLayer.match_1	[propext]
Effect4.Codegen.TypedRowShapeSupport.printCall_rowHeadOwned.match_1_3	[]
Effect4.Codegen.TypedPrintsTo._sparseCasesOn_1	[propext]
_private.Effect4.Laws.Codegen.PrintTyped.0.Effect4.Program.Node.child.match_1.eq_38	[propext]
Test.Program.RegistrationYield.typedState_of.match_1_11	[propext, Quot.sound]
Effect4.Codegen.eraseNode_typedPerform	[propext, Quot.sound]
Effect4.Program.view_eff.match_1.congr_eq_17	[]
Effect4.Codegen.eraseT_site_print._simp_1_1	[propext]
Effect4.Codegen.eraseExprRow_none_of_stmt	[propext, Quot.sound]
_private.Effect4.Laws.Codegen.PrintTyped.0.Effect4.Program.Node.extSlotEnv.match_1.splitter._sparseCasesOn_4	[propext]
Effect4.Codegen.EraseTermTypes.term_set_certificate	[propext, Quot.sound]
Effect4.Codegen.Templates.atAddress_fold_child	[propext, Quot.sound]
Effect4.Codegen.Templates.noneHom._proof_4	[propext, Quot.sound]
_private.Effect4.Laws.Codegen.PrintTyped.0.Effect4.Codegen.PrintEliminators.printArg.match_1.eq_2	[propext]
Effect4.Codegen.sourceChild.eq_1	[propext]
_private.Effect4.Laws.Codegen.PrintTyped.0.Effect4.Program.NodeEnv.tyEnv.match_1.eq_3	[]
_private.Effect4.Laws.Codegen.PrintTyped.0.Effect4.Program.printTupleArgs.match_1.splitter	[]
_private.Effect4.Laws.Codegen.PrintTyped.0.Effect4.Codegen.eraseRowChildren.match_1.splitter._sparseCasesOn_3	[propext]
_private.Effect4.Laws.Codegen.PrintTyped.0.Effect4.Codegen.EraseTermTypes.eraseFoldJoin.match_6.splitter	[propext]
Effect4.Codegen.Templates.noneHom._proof_65	[propext, Quot.sound]
Effect4.Codegen.EraseTermTypes.term_app_certificate._simp_1_7	[propext]
_private.Effect4.Laws.Codegen.PrintTyped.0.Effect4.Program.Node.child.match_1.splitter._sparseCasesOn_57	[propext]
Effect4.Codegen.EraseTermTypes.erasedPrintHom._proof_1	[propext, Quot.sound]
Effect4.Codegen.PrintEliminators.layer.eq_8	[propext, Quot.sound]
Effect4.Codegen.eraseCapture._sparseCasesOn_11.else_eq	[propext]
Effect4.Codegen.sourceChild._sparseCasesOn_1	[propext]
_private.Effect4.Laws.Codegen.PrintTyped.0.Effect4.Codegen.Templates.argSortOf.match_1.eq_9	[]
_private.Effect4.Laws.Codegen.PrintTyped.0.Effect4.Codegen.PrintEliminators.termAlg.match_5.eq_2	[propext]
_private.Effect4.Laws.Codegen.PrintTyped.0.Effect4.Codegen.PrintEliminators.decisionPatternBinds.match_1.splitter	[propext]
_private.Effect4.Laws.Codegen.PrintTyped.0.Effect4.Program.view_eff.match_1.eq_24	[]
_private.Effect4.Laws.Codegen.PrintTyped.0.Effect4.Program.table.match_1.eq_2	[propext]
Test.Program.RegistrationYield.emptyPayload	[propext, Quot.sound]
Effect4.Codegen.EraseTermTypes.eraseTerm_printTerm	[propext, Quot.sound]
Effect4.Pool.drainStep_scoped	[propext, Quot.sound]
_private.Effect4.Laws.Codegen.PrintTyped.0.Effect4.Codegen.EraseTermTypes.eraseFoldJoin.match_6.splitter._sparseCasesOn_2	[propext]
_private.Effect4.Laws.Codegen.PrintTyped.0.Effect4.Codegen.eraseExprRow.match_4.eq_1	[propext]
Effect4.Program.view_action.eq_12	[]
_private.Effect4.Laws.Codegen.PrintTyped.0.Effect4.Program.printRow.match_1.eq_3	[]
Effect4.Codegen.Templates.noneHom._proof_62	[propext, Quot.sound]
_private.Effect4.Laws.Codegen.PrintTyped.0.Effect4.Codegen.Templates.argSortOf.match_1.eq_7	[]
_private.Effect4.Laws.Codegen.PrintTyped.0.Effect4.Codegen.plainTemplateRoot.match_1.eq_1	[propext]
_private.Effect4.Laws.Codegen.PrintTyped.0.Effect4.Codegen.TargetFold.expr.match_1.eq_14	[]
_private.Effect4.Laws.Codegen.PrintTyped.0.Effect4.Codegen.eraseRowChildren.match_1.eq_3	[propext]
_private.Effect4.Laws.Codegen.PrintTyped.0.Effect4.Codegen.Templates.ArgPat.holds.match_1.splitter._sparseCasesOn_9	[propext]
Effect4.Codegen.TypedPrintsTo	[propext, Quot.sound]
_private.Effect4.Laws.Codegen.PrintTyped.0.Effect4.Codegen.PrintEliminators.layer.match_12.eq_2	[]
Effect4.Codegen.plainTemplateRoot.eq_1	[propext]
Effect4.Codegen.EraseTermTypes.typedCertificateHom	[propext, Quot.sound]
Effect4.Codegen.Templates.noneHom._proof_21	[propext, Quot.sound]
Effect4.Program.Node.childEnv.match_1.congr_eq_47	[propext]
_private.Effect4.Laws.Codegen.PrintTyped.0.Effect4.Codegen.eraseExprRow.match_4.splitter._sparseCasesOn_2	[propext]
Effect4.Pool.selectReply_normal._proof_1_1	[propext, Quot.sound]
Effect4.Program.exprHead?.match_1.congr_eq_1	[propext]
Effect4.Program.view_eff.match_1.congr_eq_12	[]
_private.Effect4.Laws.Codegen.PrintTyped.0.Effect4.Codegen.Templates.printArg.match_3.eq_3	[propext]
Effect4.Codegen.PrintEliminators.find_site_tag	[propext]
Effect4.Codegen.P2bRowSupport.opTerm_env_length.match_1_18	[]
Effect4.Codegen.EraseTermTypes.erasedPrintHom._proof_7	[propext, Quot.sound]
_private.Effect4.Laws.Codegen.PrintTyped.0.Effect4.Codegen.sourceChild.match_1.eq_2	[propext]
Effect4.Program.view_eff.match_1.congr_eq_27	[]
Effect4.Codegen.readPerform_zero_excludes_head.match_1_7	[propext, Quot.sound]
Effect4.Pool.item_nodes	[propext, Quot.sound]
Effect4.Codegen.PrintEliminators.ContextMatches	[]
_private.Effect4.Laws.Codegen.PrintTyped.0.Effect4.Codegen.Templates.argSortOf.match_1.eq_14	[]
Effect4.Codegen.Templates.atAddress.eq_7	[]
Effect4.Codegen.Templates.atAddress.eq_1	[]
Test.Program.RegistrationYield.yieldCurrent_typed.match_1_3	[propext]
_private.Effect4.Laws.Codegen.PrintTyped.0.Effect4.Program.view_eff.match_1.eq_21	[]
_private.Effect4.Laws.Codegen.PrintTyped.0.Effect4.Codegen.PrintEliminators.need.match_1.eq_2	[]
Effect4.Program.Node.childEnv.match_1.congr_eq_12	[propext]
_private.Effect4.Laws.Codegen.PrintTyped.0.Effect4.Program.printRow.match_1.eq_4	[]
Effect4.Pool.errorsOf_never.match_1_1	[]
Effect4.Pool.requiresOf	[propext, Quot.sound]
Effect4.Codegen.EraseTermTypes.eraseCauseTermJoin.match_1.congr_eq_1._sparseCasesOn_4	[propext]
Effect4.Codegen.Templates.noneHom._proof_37	[propext, Quot.sound]
Effect4.Codegen.eraseStmtRow_earlier_none	[propext, Quot.sound]
_private.Effect4.Laws.Codegen.PrintTyped.0.Effect4.Program.Node.child.match_1.eq_41	[propext]
_private.Effect4.Laws.Codegen.PrintTyped.0.Effect4.Codegen.Templates.Fixed.holds.match_1.eq_5	[propext]
_private.Effect4.Laws.Codegen.PrintTyped.0.Effect4.Program.view_action.match_1.eq_17	[]
Effect4.Codegen.EraseTermTypes.eraseTerm_inferredFold	[propext]
Effect4.Codegen.Templates.noneHom._proof_52	[propext, Quot.sound]
Effect4.Codegen.EraseTermTypes.eraseNode_forkIn	[propext]
Effect4.Codegen.printedCaptureAt_context.match_1_1	[]
_private.Effect4.Laws.Codegen.PrintTyped.0.Effect4.Codegen.Templates.printArg.match_1.splitter	[]
Effect4.Codegen.eraseRowJoin_withHeadTypes	[propext, Quot.sound]
Effect4.Codegen.EraseTermTypes.term_field_certificate	[propext, Quot.sound]
_private.Effect4.Laws.Codegen.PrintTyped.0.Effect4.Codegen.Templates.argDepth.match_1.splitter._sparseCasesOn_7	[propext]
Effect4.Pool.closeReply_at._proof_1_1	[propext, Quot.sound]
_private.Effect4.Laws.Codegen.PrintTyped.0.Effect4.Codegen.PrintEliminators.termAlg.match_7.eq_1	[]
Test.Program.RegistrationYield.typedState_of.match_1_5	[propext, Quot.sound]
Effect4.Codegen.PrintEliminators.childScope._sparseCasesOn_1	[propext]
_private.Effect4.Laws.Codegen.PrintTyped.0.Effect4.Program.Node.child.match_1.eq_16	[propext]
_private.Effect4.Laws.Codegen.PrintTyped.0.Effect4.Codegen.Templates.atAddress.match_1.eq_9	[]
Effect4.Codegen.PrintEliminators.printArgs.eq_def	[propext, Quot.sound]
Effect4.Codegen.eraseT_site_print_step._proof_1_13	[propext, Quot.sound]
Effect4.Codegen.PrintEliminators.printArg.eq_1	[propext, Quot.sound]
_private.Effect4.Laws.Codegen.PrintTyped.0.Effect4.Codegen.PrintEliminators.termAlg.match_5.splitter	[propext]
Effect4.Codegen.table_stmt_declarations._sparseCasesOn_1	[propext]
Effect4.Codegen.PrintEliminators.printArgs_lookup	[propext, Quot.sound]
Effect4.Codegen.EraseTermTypes.eraseFoldJoin.eq_2	[propext]
Effect4.Pool.closeReply_at._proof_1_2	[propext, Quot.sound]
_private.Effect4.Laws.Codegen.PrintTyped.0.Effect4.Codegen.PrintEliminators.termAlg.match_9.eq_1	[propext]
Effect4.Codegen.eraseT_site_rigid_step._proof_1_2	[propext, Quot.sound]
Effect4.Codegen.EraseTermTypes.eraseNode.eq_7	[propext]
Effect4.Codegen.Templates.printArgs_transport._proof_1_6	[propext, Quot.sound]
_private.Effect4.Laws.Codegen.PrintTyped.0.Effect4.Codegen.P2bRowSupport.call.match_1.eq_2	[propext]
Test.Program.RegistrationYield.machine_typed.match_1_1	[propext, Quot.sound]
Effect4.Codegen.TargetFold.exprs.eq_2	[]
_private.Effect4.Laws.Codegen.PrintTyped.0.Effect4.Codegen.TargetFold.expr.match_1.eq_5	[]
Effect4.Pool.acquireAll_has._f	[propext, Quot.sound]
_private.Effect4.Laws.Codegen.PrintTyped.0.Effect4.Program.Node.extSlotEnv.match_9.eq_2	[]
_private.Effect4.Laws.Codegen.PrintTyped.0.Effect4.Codegen.Templates.Fixed.holds.match_1.splitter._sparseCasesOn_12	[propext]
Test.Program.RegistrationYield.Interrupt.input	[propext]
_private.Effect4.Laws.Codegen.PrintTyped.0.Effect4.Codegen.TypedPrintsTo.match_1.eq_5	[propext]
_private.Effect4.Laws.Codegen.PrintTyped.0.Effect4.Codegen.Templates.argSortOf.match_1.eq_3	[]
Effect4.Codegen.TargetFold.expr.eq_17	[]
_private.Effect4.Laws.Codegen.PrintTyped.0.Effect4.Program.Node.child.match_1.eq_26	[propext]
Effect4.Codegen.Templates.noneHom._proof_28	[propext, Quot.sound]
Effect4.Codegen.eraseStmts.eq_2	[propext, Quot.sound]
Effect4.Codegen.EraseTermTypes.typedCertificateHom._proof_7	[propext, Quot.sound]
_private.Effect4.Laws.Codegen.PrintTyped.0.Effect4.Codegen.eraseExprRow.match_8.eq_2	[]
Test.Program.RegistrationYield.Single.output_typed	[propext, Quot.sound]
Effect4.Pool.make_types._proof_1_1	[propext, Quot.sound]
_private.Effect4.Laws.Codegen.PrintTyped.0.Effect4.Program.view_action.match_1.splitter	[]
_private.Effect4.Laws.Codegen.PrintTyped.0.Effect4.Codegen.EraseTermTypes.eraseCauseTermJoin.match_1.splitter._sparseCasesOn_3	[propext]
Effect4.Codegen.EraseTermTypes.term_set_certificate._simp_1_7	[propext]
_private.Effect4.Laws.Codegen.PrintTyped.0.Effect4.Program.Node.child.match_1.eq_3	[propext]
Effect4.Codegen.typedErasesUpTo._proof_1_5	[propext, Quot.sound]
Effect4.Codegen.eraseRowJoin._sparseCasesOn_1.else_eq	[propext]
Effect4.Program.table._sparseCasesOn_2.else_eq	[propext]
Effect4.Codegen.Templates.atAddress_getElem_child	[propext, Quot.sound]
_private.Effect4.Laws.Codegen.PrintTyped.0.Effect4.Program.Node.child.match_1.eq_18	[propext]
Effect4.Program.view_eff.match_1.congr_eq_13	[]
Effect4.Program.Node.extSlotEnv.eq_4	[propext, Quot.sound]
_private.Effect4.Laws.Codegen.PrintTyped.0.Effect4.Codegen.Templates.argSortOf.match_1.eq_11	[]
_private.Effect4.Laws.Codegen.PrintTyped.0.Effect4.Program.view_eff.match_1.eq_8	[]
Effect4.Codegen.PrintEliminators.termAlg.eq_1	[propext, Quot.sound]
_private.Effect4.Laws.Codegen.PrintTyped.0.Effect4.Codegen.PrintEliminators.termAlg.match_7.eq_2	[]
Effect4.Codegen.typed_stmts_cons	[propext, Quot.sound]
_private.Effect4.Laws.Codegen.PrintTyped.0.Effect4.Codegen.TargetFold.expr.match_1.eq_3	[]
Effect4.Pool.reads_stampsFrom.match_1_1	[propext]
_private.Effect4.Laws.Codegen.PrintTyped.0.Effect4.Program.Node.child.match_1.eq_32	[propext]
_private.Effect4.Laws.Codegen.PrintTyped.0.Effect4.Program.Node.extSlotEnv.match_13.splitter	[propext]
Effect4.Codegen.isRawRunInTpl._sparseCasesOn_2.else_eq	[propext]
Effect4.Codegen.readTyped_printTypedAt	[propext, Quot.sound]
Test.Program.RegistrationYield.typedState.match_1_5	[propext, Quot.sound]
Effect4.Codegen.EraseTermTypes.eraseRecordJoin.match_1.congr_eq_3	[propext]
_private.Effect4.Laws.Codegen.PrintTyped.0.Effect4.Codegen.EraseTermTypes.eraseNode.match_1.eq_9	[propext]
_private.Effect4.Laws.Codegen.PrintTyped.0.Effect4.Program.Node.child.match_1.eq_37	[propext]
Effect4.Program.Node.childEnv.match_1.congr_eq_48	[propext]
Effect4.Codegen.Templates.argDepth.eq_4	[propext]
Effect4.Program.Node.childEnv.match_1.congr_eq_1._sparseCasesOn_59	[propext]
Test.Program.RegistrationYield.arrow	[propext, Quot.sound]
Effect4.Program.view_action.eq_13	[]
_private.Effect4.Laws.Codegen.PrintTyped.0.Effect4.Codegen.EraseTermTypes.eraseProductJoin.match_5.splitter._sparseCasesOn_4	[propext]
Effect4.Program.Node.childEnv.match_1.congr_eq_25	[propext]
Effect4.Codegen.siteFocused_layers_tail	[propext, Quot.sound]
_private.Effect4.Laws.Codegen.PrintTyped.0.Effect4.Codegen.EraseTermTypes.eraseNode.match_1.eq_4	[propext]
Effect4.Codegen.EraseTermTypes.eraseFoldJoin.match_1.congr_eq_1._sparseCasesOn_2	[propext]
_private.Effect4.Laws.Codegen.PrintTyped.0.Effect4.Program.Node.childEnv.match_1.eq_22	[propext]
Effect4.Pool.giveBack_scoped	[propext, Quot.sound]
_private.Effect4.Laws.Codegen.PrintTyped.0.Effect4.Program.printRow.match_1.eq_1	[]
Effect4.Codegen.PrintEliminators.printArg._sparseCasesOn_2.else_eq	[propext]
_private.Effect4.Laws.Codegen.PrintTyped.0.Effect4.Program.Node.extSlotEnv.match_4.splitter._sparseCasesOn_4	[propext]
Effect4.Program.withHeadTypes.match_1.congr_eq_3	[propext]
_private.Effect4.Laws.Codegen.PrintTyped.0.Effect4.Codegen.eraseExprRow.match_14.splitter	[propext]
Effect4.Codegen.PrintEliminators.find_site_forkIn	[propext]
Effect4.Codegen.rawWithFiberRow	[propext]
_private.Effect4.Laws.Codegen.PrintTyped.0.Effect4.Program.view_eff.match_1.eq_18	[]
_private.Effect4.Laws.Codegen.PrintTyped.0.Effect4.Codegen.eraseRowJoin.match_5.eq_1	[]
Test.Program.RegistrationYield.yieldCurrent_unit.match_1_1	[propext]
Effect4.Codegen.PrintEliminators.childScope_select_left	[propext]
Effect4.Codegen.EraseTermTypes.eraseFoldJoin._sparseCasesOn_2.else_eq	[propext]
_private.Effect4.Laws.Codegen.PrintTyped.0.Effect4.Program.Node.child.match_1.splitter	[propext]
Effect4.Codegen.Templates.atAddress.eq_5	[]
Test.Program.RegistrationYield.output_not_saved	[propext, Quot.sound]
Effect4.Program.view_action.eq_9	[]
_private.Effect4.Laws.Codegen.PrintTyped.0.Effect4.Program.Node.childEnv.match_1.eq_14	[propext]
_private.Effect4.Laws.Codegen.PrintTyped.0.Effect4.Program.Node.closedChild.match_1.eq_1	[propext]
Effect4.Codegen.Templates.typed_cata_build	[propext, Quot.sound]
Effect4.Codegen.printPerformAt_head.match_1_9	[propext, Quot.sound]
Effect4.Program.Node.childEnv.match_1.congr_eq_6	[propext]
Effect4.Codegen.PrintEliminators.inst_call3_shape._simp_1_5	[propext, Quot.sound]
_private.Effect4.Laws.Codegen.PrintTyped.0.Effect4.Codegen.Templates.argSortOf.match_1.eq_15	[]
_private.Effect4.Laws.Codegen.PrintTyped.0.Effect4.Codegen.TargetFold.expr.match_1.eq_8	[]
Effect4.Codegen.EraseTermTypes.eraseFoldJoin.eq_1	[propext]
_private.Effect4.Laws.Codegen.PrintTyped.0.Effect4.Program.Node.childEnv.match_1.eq_47	[propext]
Test.Program.RegistrationYield.typedState_of.match_1_7	[propext, Quot.sound]
Effect4.Codegen.EraseTermTypes.eraseRecordJoin.match_1.congr_eq_1	[propext]
Effect4.Codegen.EraseTermTypes.erasedCauseHom._proof_2	[propext, Quot.sound]
Effect4.Codegen.Templates.noneHom._proof_66	[propext, Quot.sound]
Effect4.Semaphore.Model.take_eval	[propext, Quot.sound]
Effect4.Codegen.Templates.isChildArg.eq_1	[propext]
Effect4.Codegen.EraseTermTypes.eraseRecordJoin.fun_cases_unfolding	[propext]
Effect4.Codegen.Templates.noneHom._proof_60	[propext, Quot.sound]
Effect4.Codegen.Templates.noneHom._proof_58	[propext, Quot.sound]
_private.Effect4.Laws.Codegen.PrintTyped.0.Effect4.Program.view_eff.match_1.eq_19	[]
_private.Effect4.Laws.Codegen.PrintTyped.0.Effect4.Codegen.Templates.argDepth.match_1.eq_3	[propext]
_private.Effect4.Laws.Codegen.PrintTyped.0.Effect4.Codegen.eraseSpine.match_1.splitter	[]
_private.Effect4.Laws.Codegen.PrintTyped.0.Effect4.Codegen.Templates.argSortOf.match_1.eq_13	[]
_private.Effect4.Laws.Codegen.PrintTyped.0.Effect4.Codegen.PrintEliminators.row.match_1.eq_2	[]
Effect4.Codegen.PrintEliminators.find_site_scoped	[propext]
_private.Effect4.Laws.Codegen.PrintTyped.0.Effect4.Codegen.P2bRowSupport.rawCall.match_1.splitter	[]
Effect4.Codegen.eraseExprRow._sparseCasesOn_4.else_eq	[propext]
Effect4.Codegen.EraseTermTypes.eraseProductJoin.match_5.congr_eq_1._sparseCasesOn_5	[propext]
Effect4.Codegen.PrintedCaptureAt	[propext]
_private.Effect4.Laws.Codegen.PrintTyped.0.Effect4.Program.withFunction.match_1.eq_3	[propext]
Effect4.Codegen.eraseStmtRow_inst	[propext, Quot.sound]
Test.Program.RegistrationYield.yieldCurrent_typed.match_1_1	[propext]
_private.Effect4.Laws.Codegen.PrintTyped.0.Effect4.Program.Node.extSlotEnv.match_16.eq_1	[]
Effect4.Codegen.Templates.length_atAddress	[propext]
Effect4.Pool.closer_typed._proof_1_1	[propext, Quot.sound]
Effect4.Codegen.PrintEliminators.decorate._sparseCasesOn_10.else_eq	[propext]
_private.Effect4.Laws.Codegen.PrintTyped.0.Effect4.Program.Node.extSlotEnv.match_1.eq_2	[propext]
Test.Program.RegistrationYield.Interrupt.iaCode	[propext]
Effect4.Program.view_action.eq_16	[]
Effect4.Codegen.PrintEliminators.layer.eq_2	[propext, Quot.sound]
Effect4.Codegen.EraseTermTypes.eraseProductJoin_hasCall	[propext, Quot.sound]
_private.Effect4.Laws.Codegen.PrintTyped.0.Effect4.Codegen.PrintEliminators.termAlg.match_1.splitter._sparseCasesOn_2	[propext]
_private.Effect4.Laws.Codegen.PrintTyped.0.Effect4.Program.Node.child.match_1.eq_23	[propext]
_private.Effect4.Laws.Codegen.PrintTyped.0.Effect4.Program.Decision.binds.match_1.eq_1	[]
Test.Program.RegistrationYield.typedState.match_1_3	[propext]
Effect4.Codegen.PrintEliminators.view_eff_child_binders._proof_1_4	[propext, Quot.sound]
Effect4.Program.Node.childEnv.fun_cases_unfolding	[propext, Quot.sound]
_private.Effect4.Laws.Codegen.PrintTyped.0.Effect4.Program.Node.child.match_1.eq_1	[propext]
_private.Effect4.Laws.Codegen.PrintTyped.0.Effect4.Program.withFunction.match_1.eq_1	[propext]
Effect4.Codegen.plainTemplateRoot	[propext]
Effect4.Codegen.EraseTermTypes.eraseRecordJoin.eq_1	[propext]
Effect4.Codegen.EraseTermTypes.eraseNode_one_one	[propext]
_private.Effect4.Laws.Codegen.PrintTyped.0.Effect4.Program.Node.child.match_1.eq_15	[propext]
Effect4.Codegen.isRawRunInTpl._sparseCasesOn_9	[propext]
Effect4.Codegen.rawRunInTpl.eq_1	[]
Effect4.Codegen.EraseTermTypes.typedOriginalHom._proof_10	[propext, Quot.sound]
Effect4.Codegen.Templates.atAddress.eq_3	[]
_private.Effect4.Laws.Codegen.PrintTyped.0.Effect4.Program.printCall.match_3.splitter	[]
Effect4.Program.Node.extSlotEnv.eq_8	[propext, Quot.sound]
Effect4.Codegen.Templates.printArgs_transport._f	[propext, Quot.sound]
Effect4.Program.Node.childEnv.match_1.congr_eq_29	[propext]
Effect4.Pool.closeReply_nodes	[propext, Quot.sound]
Effect4.Codegen.siteFocused_effs_tail	[propext, Quot.sound]
Effect4.Program.exprHead?.match_1.congr_eq_1._sparseCasesOn_4	[propext]
Effect4.Codegen.isRawRunInTpl._sparseCasesOn_3	[propext]
_private.Effect4.Laws.Codegen.PrintTyped.0.Effect4.Program.view_action.match_1.eq_3	[]
_private.Effect4.Laws.Codegen.PrintTyped.0.Effect4.Program.exprHead?.match_1.splitter	[propext]
_private.Effect4.Laws.Codegen.PrintTyped.0.Effect4.Program.withFunction.match_1.eq_2	[propext]
_private.Effect4.Laws.Codegen.PrintTyped.0.Effect4.Program.Node.child.match_1.eq_8	[propext]
_private.Effect4.Laws.Codegen.PrintTyped.0.Effect4.Codegen.Templates.printArg.match_3.eq_8	[propext]
Test.Program.RegistrationYield.typedState_of.match_1_9	[propext, Quot.sound]
_private.Effect4.Laws.Codegen.PrintTyped.0.Effect4.Codegen.Templates.printPerformAt.match_5.eq_2	[]
Effect4.Codegen.Templates.noneHom._proof_46	[propext, Quot.sound]
Effect4.Codegen.Templates.typedLayer._sparseCasesOn_3.else_eq	[propext]
Effect4.Codegen.TargetFold.expr.eq_12	[]
Effect4.Codegen.EraseTermTypes.callInverse.eq_1	[propext]
Effect4.Codegen.typed_child_at_hole	[propext, Quot.sound]
Effect4.Codegen.nodeOfFamily.eq_1	[]
Effect4.Codegen.PrintEliminators.contextAtTable_annotate_facts._simp_1_2	[propext, Quot.sound]
Effect4.Pool.requiresOf_succ.match_1_1	[]
Effect4.Codegen.Templates.h.eq_1	[]
_private.Effect4.Laws.Codegen.PrintTyped.0.Effect4.Codegen.Templates.printPerformAt.match_5.splitter	[]
Effect4.Codegen.EraseTermTypes.rawPrintHom._proof_1	[propext, Quot.sound]
_private.Effect4.Laws.Codegen.PrintTyped.0.Effect4.Program.Node.child.match_1.eq_49	[propext]
Effect4.Codegen.TypedPrintsTo._sparseCasesOn_1.else_eq	[propext]
_private.Effect4.Laws.Codegen.PrintTyped.0.Effect4.Codegen.Templates.atAddress.match_1.eq_6	[]
Effect4.Codegen.PrintEliminators.inst_option_shape._simp_1_7	[propext, Quot.sound]
_private.Effect4.Laws.Codegen.PrintTyped.0.Effect4.Codegen.TargetFold.expr.match_1.eq_21	[]
Effect4.Program.Node.childEnv.match_1.congr_eq_37	[propext]
_private.Effect4.Laws.Codegen.PrintTyped.0.Effect4.Codegen.Templates.printArgs.match_1.splitter	[]
_private.Effect4.Laws.Codegen.PrintTyped.0.Effect4.Codegen.TargetFold.expr.match_1.splitter	[]
Effect4.Codegen.Templates.argSortOf_atAddress	[propext]
_private.Effect4.Laws.Codegen.PrintTyped.0.Effect4.Program.Decision.binds.match_1.eq_3	[]
_private.Effect4.Laws.Codegen.PrintTyped.0.Effect4.Program.Node.child.match_1.eq_34	[propext]
Effect4.Program.Node.childEnv.match_1.congr_eq_34	[propext]
_private.Effect4.Laws.Codegen.PrintTyped.0.Effect4.Codegen.typedSites_cata_build.match_1.eq_1	[]
Effect4.Codegen.eraseJoinArgs_printTypedAt	[propext, Quot.sound]
Test.Program.RegistrationYield.typedState_of	[propext, Quot.sound]
Effect4.Codegen.EraseTermTypes.typedCertificateAlg._proof_1	[propext, Quot.sound]
_private.Effect4.Laws.Codegen.PrintTyped.0.Effect4.Codegen.PrintEliminators.termAlg.match_1.eq_1	[propext]
Test.Program.RegistrationYield.typedState.match_1_7	[propext, Quot.sound]
Effect4.Codegen.EraseTermTypes.term_app_certificate	[propext, Quot.sound]
Test.Program.RegistrationYield.iaSlot	[propext, Quot.sound]
_private.Effect4.Laws.Codegen.PrintTyped.0.Effect4.Program.view_action.match_1.eq_4	[]
_private.Effect4.Laws.Codegen.PrintTyped.0.Effect4.Program.table.match_1.splitter._sparseCasesOn_6	[propext]
Effect4.Codegen.rawWithFiberRow.match_1	[propext]
_private.Effect4.Laws.Codegen.PrintTyped.0.Effect4.Codegen.eraseCapture.match_14.eq_1	[]
_private.Effect4.Laws.Codegen.PrintTyped.0.Effect4.Codegen.PrintEliminators.layer.match_5.eq_4	[]
Effect4.Pool.reads_itemsFrom	[propext]
_private.Effect4.Laws.Codegen.PrintTyped.0.Except.map.match_1.splitter	[]
Effect4.Codegen.eraseSiteStmts_print_step._proof_1_16	[propext, Quot.sound]
Effect4.Pool.reads_itemsFrom.match_1_1	[propext]
Effect4.Pool.acquireAll_has.match_1_1	[propext, Quot.sound]
_private.Effect4.Laws.Codegen.PrintTyped.0.Effect4.Codegen.eraseCapture.match_14.splitter	[]
_private.Effect4.Laws.Codegen.PrintTyped.0.Effect4.Codegen.Templates.Fixed.holds.match_1.splitter	[propext]
_private.Effect4.Laws.Codegen.PrintTyped.0.Effect4.Codegen.PrintEliminators.rowChildDepthOK.match_1.eq_5	[]
_private.Effect4.Laws.Codegen.PrintTyped.0.Effect4.Codegen.nodeOfFamily.match_1.eq_3	[]
Effect4.Codegen.SiteFocused	[propext, Quot.sound]
Effect4.Codegen.EraseTermTypes.eraseTerm_printTerm_not_lambda.match_1_12	[propext, Quot.sound]
_private.Effect4.Laws.Codegen.PrintTyped.0.Effect4.Program.Node.binders.match_1.splitter._sparseCasesOn_18	[propext]
Effect4.Codegen.PrintEliminators.find_site_recordTag	[propext]
Effect4.Codegen.PrintEliminators.find_site_fork	[propext]
Effect4.Pool.reads_stampsFrom.match_1_8	[propext]
_private.Effect4.Laws.Codegen.PrintTyped.0.Effect4.Program.Node.child.match_1.eq_14	[propext]
Effect4.Pool.select_attempt	[propext, Quot.sound]
_private.Effect4.Laws.Codegen.PrintTyped.0.Effect4.Codegen.EraseTermTypes.eraseCauseTermJoin.match_1.splitter._sparseCasesOn_2	[propext]
Effect4.Codegen.P2bRowSupport.tupleArgs_erases	[propext, Quot.sound]
Effect4.Codegen.PrintEliminators.sourceChildOffset.match_1	[propext]
Effect4.Codegen.EraseTermTypes.eraseNode.eq_3	[propext]
Effect4.Codegen.eraseStmtRow_earlier_none._simp_1_2	[propext]
Effect4.Codegen.EraseTermTypes.eraseRecordJoin.match_1.congr_eq_1._sparseCasesOn_9	[propext]
Effect4.Codegen.site_term_capture_shape	[propext, Quot.sound]
_private.Effect4.Laws.Codegen.PrintTyped.0.Effect4.Codegen.EraseTermTypes.eraseFoldJoin.match_10.eq_2	[propext]
_private.Effect4.Laws.Codegen.PrintTyped.0.Effect4.Program.view_action.match_1.eq_16	[]
_private.Effect4.Laws.Codegen.PrintTyped.0.Effect4.Codegen.eraseExprRow.match_1.splitter._sparseCasesOn_4	[propext]
Effect4.Codegen.termFree_identity.match_1_4	[]
Effect4.Codegen.PrintEliminators.printArgs_lookup_some._proof_1_8	[propext, Quot.sound]
Effect4.Pool.cell_nodes._simp_1_2	[propext]
Effect4.Codegen.source_child_hole	[propext, Quot.sound]
_private.Effect4.Laws.Codegen.PrintTyped.0.Effect4.Codegen.PrintEliminators.layer.match_12.eq_3	[]
_private.Effect4.Laws.Codegen.PrintTyped.0.Effect4.Codegen.PrintEliminators.layer.match_9.splitter._sparseCasesOn_2	[propext]
_private.Effect4.Laws.Codegen.PrintTyped.0.Effect4.Codegen.Templates.Fixed.holds.match_1.eq_1	[propext]
_private.Effect4.Laws.Codegen.PrintTyped.0.Effect4.Codegen.P2bRowSupport.perform_as_call.match_1.splitter	[]
Effect4.Codegen.EraseTermTypes.eraseFoldJoin.match_12.congr_eq_1._sparseCasesOn_3	[propext]
Effect4.Pool.close_answers._proof_1_1	[propext, Quot.sound]
_private.Effect4.Laws.Codegen.PrintTyped.0.Effect4.Codegen.EraseTermTypes.eraseFoldJoin.match_8.splitter._sparseCasesOn_7	[propext]
Effect4.Codegen.PrintEliminators.decisionPatternBinds.fun_cases_unfolding	[propext]
Effect4.Codegen.EraseTermTypes.eraseFoldJoin.eq_6	[propext]
_private.Effect4.Laws.Codegen.PrintTyped.0.Effect4.Program.Node.childEnv.match_1.eq_12	[propext]
Effect4.Codegen.PrintEliminators.childScope	[propext]
Effect4.Codegen.EraseTermTypes.TypedCauseCarrier	[propext, Quot.sound]
_private.Effect4.Laws.Codegen.PrintTyped.0.Effect4.Program.Node.childEnv.match_1.eq_17	[propext]
Effect4.Codegen.Metadata.writeBytes.eq_1	[]
Effect4.Codegen.nodeOfFamily	[]
Effect4.Program.view_action.eq_14	[]
Effect4.Codegen.typedSites_effs_cons	[propext, Quot.sound]
Effect4.Codegen.PrintEliminators.rowChildDepthOK	[propext]
_private.Effect4.Laws.Codegen.PrintTyped.0.Effect4.Codegen.Templates.printArg.match_3.eq_4	[propext]
_private.Effect4.Laws.Codegen.PrintTyped.0.Effect4.Program.view_eff.match_1.eq_1	[]
_private.Effect4.Laws.Codegen.PrintTyped.0.Effect4.Codegen.EraseTermTypes.eraseNode.match_1.splitter._sparseCasesOn_19	[propext]
_private.Effect4.Laws.Codegen.PrintTyped.0.Effect4.Codegen.Templates.printArg.match_3.eq_10	[propext]
Effect4.Codegen.EraseTermTypes.eraseFoldJoin.match_1.congr_eq_1._sparseCasesOn_3	[propext]
_private.Effect4.Laws.Codegen.PrintTyped.0.Effect4.Codegen.TargetFold.expr.match_1.eq_10	[]
Effect4.Codegen.PrintEliminators.termAlg._sparseCasesOn_1.else_eq	[propext]
Effect4.Codegen.PrintEliminators.layer.eq_9	[propext, Quot.sound]
Effect4.Codegen.EraseTermTypes.typedCertificateHom._proof_5	[propext, Quot.sound]
_private.Effect4.Laws.Codegen.PrintTyped.0.Effect4.Program.Node.child.match_1.eq_31	[propext]
_private.Effect4.Laws.Codegen.PrintTyped.0.Effect4.Codegen.TypedPrintsTo.match_1.eq_4	[propext]
Effect4.Codegen.Templates.printArgs_lookup_some._proof_1_6	[propext, Quot.sound]
_private.Effect4.Laws.Codegen.PrintTyped.0.Effect4.Program.splitHeadTypes.match_1.splitter._sparseCasesOn_3	[propext]
Effect4.Codegen.EraseTermTypes.eraseTerm_printLit	[propext]
Effect4.Codegen.TargetFold.expr.eq_18	[]
Effect4.Codegen.nodeOfFamily.eq_3	[]
_private.Effect4.Laws.Codegen.PrintTyped.0.Effect4.Codegen.sourceChild.match_1.eq_1	[propext]
_private.Effect4.Laws.Codegen.PrintTyped.0.Effect4.Program.Node.child.match_1.eq_51	[propext]
Effect4.Codegen.Templates.noneHom._proof_63	[propext, Quot.sound]
Effect4.Codegen.readPerform_zero_excludes_head	[propext, Quot.sound]
Effect4.Codegen.TargetFold.expr.eq_9	[]
Effect4.Codegen.EraseTermTypes.eraseFoldJoin.match_10.congr_eq_2	[propext]
Effect4.Codegen.termFree_identity.match_1_2	[]
_private.Effect4.Laws.Codegen.PrintTyped.0.Effect4.Codegen.Templates.ArgPat.holds.match_1.eq_3	[propext]
Effect4.Codegen.isRawRunInTpl._sparseCasesOn_1.else_eq	[propext]
_private.Effect4.Laws.Codegen.PrintTyped.0.Effect4.Codegen.PrintEliminators.layer.match_12.eq_4	[]
Effect4.Codegen.Templates.noneHom._proof_38	[propext, Quot.sound]
_private.Effect4.Laws.Codegen.PrintTyped.0.Effect4.Program.view_eff.match_1.eq_6	[]
Effect4.Codegen.PrintEliminators.rowChildDepthOK.eq_1	[propext]
Effect4.Pool.stampsFrom_scoped._f	[propext]
Effect4.Codegen.P2bRowSupport.call_erases	[propext, Quot.sound]
Effect4.Codegen.EraseTermTypes.eraseTerm_ident	[propext]
_private.Effect4.Laws.Codegen.PrintTyped.0.Effect4.Codegen.Templates.ArgPat.holds.match_1.splitter._sparseCasesOn_13	[propext]
_private.Effect4.Laws.Codegen.PrintTyped.0.Effect4.Program.Node.childEnv.match_1.eq_31	[propext]
_private.Effect4.Laws.Codegen.PrintTyped.0.Effect4.Codegen.eraseSpine.match_1.eq_1	[]
Effect4.Codegen.EraseTermTypes.eraseTerm_objectProperties	[propext]
Effect4.Codegen.EraseTermTypes.rawCauseAlg	[propext, Quot.sound]
_private.Effect4.Laws.Codegen.PrintTyped.0.Effect4.Codegen.EraseTermTypes.eraseRecordJoin.match_1.splitter._sparseCasesOn_4	[propext]
_private.Effect4.Laws.Codegen.PrintTyped.0.Effect4.Program.NodeEnv.tyEnv.match_1.splitter	[]
_private.Effect4.Laws.Codegen.PrintTyped.0.Effect4.Program.Node.extSlotEnv.match_1.splitter	[propext]
Effect4.Codegen.withFunction_headTypes.match_1_6	[]
_private.Effect4.Laws.Codegen.PrintTyped.0.Effect4.Codegen.eraseRowJoin.match_1.eq_2	[propext]
Effect4.Codegen.PrintEliminators.decisionPatternBinds.eq_2	[propext]
Effect4.Codegen.siteFocused_root	[propext, Quot.sound]
Effect4.Pool.errorsOf._unsafe_rec	[propext, Quot.sound]
Effect4.Codegen.metadataHom._proof_5	[propext]
_private.Effect4.Laws.Codegen.PrintTyped.0.Effect4.Program.Node.extSlotEnv.match_1.splitter._sparseCasesOn_2	[propext]
Effect4.Codegen.siteFocused_stmts_tail	[propext, Quot.sound]
Effect4.Pool.reads_initial	[propext]
Effect4.Codegen.EraseTermTypes.typeArg_of_target.match_1_1	[propext, Quot.sound]
Effect4.Codegen.EraseTermTypes.eraseFoldJoin.match_8.congr_eq_1._sparseCasesOn_2	[propext]
Effect4.Codegen.rawWithFiberRow._sparseCasesOn_1	[propext]
Effect4.Codegen.eraseStmts.eq_1	[propext, Quot.sound]
Effect4.Codegen.P2bRowSupport.head_erased	[propext]
Effect4.Codegen.TypedPrintsTo.eq_5	[propext, Quot.sound]
Effect4.Codegen.EraseTermTypes.typedTerm_original	[propext, Quot.sound]
Effect4.Codegen.eraseT_print_step._proof_1_14	[propext, Quot.sound]
_private.Effect4.Laws.Codegen.PrintTyped.0.Effect4.Codegen.Templates.printArg.match_3.eq_12	[propext]
_private.Effect4.Laws.Codegen.PrintTyped.0.Effect4.Program.Node.binders.match_1.splitter._sparseCasesOn_24	[propext]
_private.Effect4.Laws.Codegen.PrintTyped.0.Effect4.Codegen.eraseStmts.match_3.eq_2	[]
Effect4.Program.withHeadTypes.match_1.congr_eq_1._sparseCasesOn_3	[propext]
_private.Effect4.Laws.Codegen.PrintTyped.0.Effect4.Codegen.EraseTermTypes.eraseProductJoin.match_5.splitter	[propext]
Effect4.Codegen.TypedRowShapeSupport.eraseT_action_none_of_printPerformAt._simp_1_2	[propext]
Effect4.Program.Node.childEnv.match_1.congr_eq_17	[propext]
_private.Effect4.Laws.Codegen.PrintTyped.0.Effect4.Codegen.EraseTermTypes.eraseFoldJoin.match_8.splitter._sparseCasesOn_4	[propext]
Effect4.Program.Node.childEnv.match_1.congr_eq_55	[propext]
_private.Effect4.Laws.Codegen.PrintTyped.0.Effect4.Program.Node.extSlotEnv.match_11.splitter	[]
Test.Program.RegistrationYield.machineOf	[propext, Quot.sound]
Effect4.Pool.selectReply_nodes	[propext, Quot.sound]
Effect4.Codegen.Templates.typedLayer	[propext, Quot.sound]
Effect4.Codegen.EraseTermTypes.typedCertificateHom._proof_9	[propext, Quot.sound]
Effect4.Codegen.metadataHom._proof_7	[propext]
Effect4.Codegen.EraseTermTypes.eraseNode.eq_8	[propext]
Effect4.Codegen.Templates.selects_atAddress	[propext, Quot.sound]
Effect4.Codegen.eraseExprRow_site_rigid	[propext, Quot.sound]
Effect4.Program.Node.childEnv.match_1.congr_eq_53	[propext]
_private.Effect4.Laws.Codegen.PrintTyped.0.Effect4.Codegen.Template.inst.match_1.eq_1	[propext]
Effect4.Codegen.Templates.atAddress.eq_2	[]
Effect4.Codegen.Templates.isChildArg._sparseCasesOn_1.else_eq	[propext]
_private.Effect4.Laws.Codegen.PrintTyped.0.Effect4.Codegen.P2bRowSupport.perform_as_call.match_1.eq_1	[]
Effect4.Codegen.site_cause_capture_shape	[propext, Quot.sound]
Effect4.Codegen.findSome?_of_index._proof_1_4	[propext, Quot.sound]
_private.Effect4.Laws.Codegen.PrintTyped.0.Effect4.Program.view_eff.match_1.eq_11	[]
Effect4.Codegen.EraseTermTypes.term_tuple_certificate	[propext, Quot.sound]
Effect4.Codegen.P2bRowSupport.row_erases._simp_1_2	[propext]
_private.Effect4.Laws.Codegen.PrintTyped.0.Effect4.Program.Node.child.match_1.eq_46	[propext]
_private.Effect4.Laws.Codegen.PrintTyped.0.Effect4.Program.Node.closedChild.match_1.splitter._sparseCasesOn_3	[propext]
_private.Effect4.Laws.Codegen.PrintTyped.0.Effect4.Program.Node.closedChild.match_1.splitter	[propext]
_private.Effect4.Laws.Codegen.PrintTyped.0.Effect4.Codegen.EraseTermTypes.eraseNode.match_1.eq_2	[propext]
Effect4.Program.withHeadTypes.fun_cases_unfolding	[propext]
Effect4.Codegen.TargetFold.expr.eq_24	[]
Effect4.Codegen.eraseT_action_none_of_typedPerform	[propext, Quot.sound]
Effect4.Codegen.P2bRowSupport.rowHeadOwned_of_erased	[propext]
Effect4.Codegen.typedSites_stmts_cons	[propext, Quot.sound]
Effect4.Codegen.eraseSiteStmts_print_step._proof_1_17	[propext, Quot.sound]
Effect4.Program.Node.childEnv.match_1.congr_eq_31	[propext]
Effect4.Codegen.EraseTermTypes.eraseTerms_printTerms_identity	[propext, Quot.sound]
_private.Effect4.Laws.Codegen.PrintTyped.0.Effect4.Program.Node.childEnv.match_1.splitter._sparseCasesOn_56	[propext]
_private.Effect4.Laws.Codegen.PrintTyped.0.Effect4.Program.Node.extSlotEnv.match_7.eq_2	[]
Effect4.Codegen.P2bRowSupport.need_some	[propext]
Effect4.Codegen.PrintEliminators.decorate_interruptAll_erases	[propext, Quot.sound]
Effect4.Semaphore.Model.without_image	[propext, Quot.sound]
Effect4.Codegen.PrintEliminators.decisionPatternBinds._sparseCasesOn_2.else_eq	[propext]
Effect4.Codegen.PrintEliminators.decorate_awaitFiber_erases.match_3	[propext, Quot.sound]
Effect4.Codegen.PrintEliminators.decisionPatternBinds_holds	[propext, Quot.sound]
Effect4.Codegen.EraseTermTypes.typedOriginalHom._proof_5	[propext, Quot.sound]
_private.Effect4.Laws.Codegen.PrintTyped.0.Effect4.Codegen.EraseTermTypes.eraseFoldJoin.match_1.eq_1	[propext]
Effect4.Pool.mkItem_scoped._simp_1_1	[propext]
Effect4.Codegen.eraseJoinArgs_printTypedAt._simp_1_1	[propext, Quot.sound]
Effect4.Codegen.PrintEliminators.table_childDepth_at	[propext, Quot.sound]
Effect4.Codegen.PrintEliminators.view_eff_child_binders._proof_1_3	[propext, Quot.sound]
Effect4.Pool.mkItem_scoped._simp_1_2	[propext]
Test.Program.RegistrationYield.result	[propext, Quot.sound]
Effect4.Codegen.eraseT_print_step._proof_1_13	[propext, Quot.sound]
Effect4.Codegen.PrintEliminators.printArg_optTerm_erases	[propext, Quot.sound]
_private.Effect4.Laws.Codegen.PrintTyped.0.Effect4.Codegen.eraseExprRow.match_4.splitter._sparseCasesOn_5	[propext]
_private.Effect4.Laws.Codegen.PrintTyped.0.Effect4.Codegen.EraseTermTypes.eraseNode.match_1.eq_5	[propext]
Effect4.Codegen.PrintEliminators.typedArgs_tag_capture	[propext, Quot.sound]
Effect4.Program.Node.childEnv.match_1.congr_eq_21	[propext]
_private.Effect4.Laws.Codegen.PrintTyped.0.Effect4.Program.Node.extSlotEnv.match_13.splitter._sparseCasesOn_2	[propext]
Effect4.Codegen.readTyped_printTyped	[propext, Quot.sound]
_private.Effect4.Laws.Codegen.PrintTyped.0.Effect4.Codegen.eraseSpine.match_1.eq_2	[]
Effect4.Codegen.EraseTermTypes.eraseFoldJoin.eq_5	[propext]
Effect4.Codegen.eraseExprRow_none_of_nomatch	[propext, Quot.sound]
_private.Effect4.Laws.Codegen.PrintTyped.0.Effect4.Program.Node.childEnv.match_1.eq_54	[propext]
Effect4.Codegen.P2bRowSupport.withHeadTypes_erases	[propext]
Effect4.Program.Node.childEnv.match_1.congr_eq_32	[propext]
Effect4.Codegen.mapCalls_ident	[]
Effect4.Codegen.Templates.noneHom._proof_8	[propext, Quot.sound]
Effect4.Codegen.EraseTermTypes.eraseFoldJoin.match_10.congr_eq_1	[propext]
_private.Effect4.Laws.Codegen.PrintTyped.0.Effect4.Codegen.Templates.Fixed.holds.match_1.eq_6	[propext]
_private.Effect4.Laws.Codegen.PrintTyped.0.Effect4.Codegen.PrintEliminators.printArgs.match_3.eq_2	[]
Effect4.Codegen.EraseTermTypes.eraseTerm_arr	[propext]
_private.Effect4.Laws.Codegen.PrintTyped.0.Effect4.Program.Node.child.match_1.eq_7	[propext]
_private.Effect4.Laws.Codegen.PrintTyped.0.Effect4.Program.Node.child.match_1.eq_22	[propext]
Effect4.Codegen.EraseTermTypes.cause_both_certificate	[propext, Quot.sound]
Effect4.Codegen.PrintEliminators.decorate_runIn_erases	[propext, Quot.sound]
Effect4.Program.withFunction.match_1.congr_eq_1	[propext]
Effect4.Codegen.PrintEliminators.printArg_cause_erases	[propext, Quot.sound]
_private.Effect4.Laws.Codegen.PrintTyped.0.Effect4.Codegen.EraseTermTypes.eraseNode.match_1.eq_6	[propext]
Effect4.Codegen.PrintEliminators.need.eq_2	[propext]
Effect4.Codegen.Templates.noneHom._proof_39	[propext, Quot.sound]
_private.Effect4.Laws.Codegen.PrintTyped.0.Effect4.Codegen.PrintEliminators.termAlg.match_9.splitter	[propext]
Effect4.Codegen.Templates.atAddress.eq_6	[]
_private.Effect4.Laws.Codegen.PrintTyped.0.Effect4.Program.Node.child.match_1.eq_50	[propext]
_private.Effect4.Laws.Codegen.PrintTyped.0.Effect4.Codegen.PrintEliminators.termAlg.match_9.splitter._sparseCasesOn_2	[propext]
Effect4.Semaphore.Model.fromFirst_eval	[propext, Quot.sound]
Effect4.Pool.resource_nodes	[propext, Quot.sound]
Effect4.Codegen.PrintEliminators.decisionPatternBinds._sparseCasesOn_3.else_eq	[propext]
Effect4.Codegen.EraseTermTypes.rawCauseHom._proof_1	[propext, Quot.sound]
Effect4.Codegen.EraseTermTypes.eraseRecordJoin.match_1.congr_eq_1._sparseCasesOn_10	[propext]
_private.Effect4.Laws.Codegen.PrintTyped.0.Effect4.Codegen.P2bRowSupport.call.match_1.eq_1	[propext]
Test.Program.RegistrationYield.typedState.match_1_15	[propext, Quot.sound]
Effect4.Codegen.Templates.noneHom._proof_61	[propext, Quot.sound]
Effect4.Codegen.EraseTermTypes.eraseNode_idempotent	[propext]
Effect4.Codegen.installTerm_keeps_types.match_1_2	[]
Effect4.Codegen.Templates.noneHom._proof_19	[propext, Quot.sound]
Effect4.Codegen.erase_earlier_none_rowCall	[propext, Quot.sound]
Effect4.Program.table._sparseCasesOn_3.else_eq	[propext]
Effect4.Codegen.EraseTermTypes.eraseTerm_typedSet	[propext]
Effect4.Codegen.PrintEliminators.rowDecisionBinds	[propext]
Effect4.Codegen.metadataHom._proof_9	[propext]
Test.Program.RegistrationYield.Interrupt.result	[propext, Quot.sound]
Effect4.Codegen.EraseTermTypes.eraseNode.eq_11	[propext]
_private.Effect4.Laws.Codegen.PrintTyped.0.Effect4.Program.Node.child.match_1.splitter._sparseCasesOn_61	[propext]
_private.Effect4.Laws.Codegen.PrintTyped.0.Effect4.Program.Node.childEnv.match_1.eq_39	[propext]
Effect4.Codegen.typedPerform_no_reserved.match_1_1	[]
Effect4.Codegen.EraseTermTypes.eraseRecordJoin._sparseCasesOn_1.else_eq	[propext]
_private.Effect4.Laws.Codegen.PrintTyped.0.Effect4.Codegen.Templates.printArg.match_3.eq_5	[propext]
Effect4.Codegen.Templates.atAddress.eq_4	[]
Effect4.Codegen.PrintEliminators.columns.eq_1	[propext, Quot.sound]
Effect4.Program.Node.childEnv.match_1.congr_eq_15	[propext]
Effect4.Codegen.eraseCaptureValue	[propext]
_private.Effect4.Laws.Codegen.PrintTyped.0.Effect4.Codegen.EraseTermTypes.eraseNode.match_1.splitter._sparseCasesOn_20	[propext]
Effect4.Codegen.PrintEliminators.inst_call1_shape._simp_1_5	[propext, Quot.sound]
Effect4.Codegen.sourceChild._sparseCasesOn_1.else_eq	[propext]
Effect4.Codegen.mapCalls_objectProperties	[]
_private.Effect4.Laws.Codegen.PrintTyped.0.Effect4.Program.view_eff.match_1.eq_7	[]
_private.Effect4.Laws.Codegen.PrintTyped.0.Effect4.Codegen.PrintEliminators.layer.match_1.eq_2	[propext]
_private.Effect4.Laws.Codegen.PrintTyped.0.Effect4.Program.Node.child.match_1.eq_54	[propext]
Effect4.Codegen.mapCalls_writeValue	[propext]
Effect4.Codegen.PrintEliminators.decisionPatternBinds._sparseCasesOn_2	[propext]
_private.Effect4.Laws.Codegen.PrintTyped.0.Effect4.Codegen.isRawRunInTpl.match_1.splitter	[propext]
_private.Effect4.Laws.Codegen.PrintTyped.0.Effect4.Codegen.Templates.printArg.match_1.eq_2	[]
Effect4.Codegen.eraseCaptures_siteArgs	[propext, Quot.sound]
_private.Effect4.Laws.Codegen.PrintTyped.0.Effect4.Codegen.Templates.argSortOf.match_1.splitter	[]
Effect4.Program.Node.childEnv.match_1.congr_eq_13	[propext]
_private.Effect4.Laws.Codegen.PrintTyped.0.Effect4.Codegen.Template.Tpl.rigid.match_1.eq_2	[propext]
Effect4.Codegen.sitesErasesUpTo	[propext, Quot.sound]
_private.Effect4.Laws.Codegen.PrintTyped.0.Effect4.Codegen.EraseTermTypes.eraseNode.match_1.splitter._sparseCasesOn_12	[propext]
Test.Program.RegistrationYield.Double.out	[propext]
Test.Program.RegistrationYield.typedState.match_1_1	[propext]
Effect4.Codegen.PrintEliminators.decorate_acquireRelease_erases	[propext, Quot.sound]
Effect4.Codegen.P2bRowSupport.rawCall.eq_1	[propext, Quot.sound]
_private.Effect4.Laws.Codegen.PrintTyped.0.Effect4.Program.view_eff.match_1.eq_3	[]
Effect4.Codegen.EraseTermTypes.eraseFoldJoin.match_12.congr_eq_3	[propext]
Effect4.Codegen.eraseExprRow_none_of_same	[propext, Quot.sound]
Effect4.Codegen.Templates.printArgs_lookup_some._f	[propext, Quot.sound]
Effect4.Codegen.Templates.atAddress.eq_12	[]
Effect4.Pool.item_resourceTy	[propext, Quot.sound]
Effect4.Codegen.EraseTermTypes.eraseCauseTermJoin.match_1.congr_eq_2	[propext]
Effect4.Codegen.PrintEliminators.childScope.match_1	[propext]
_private.Effect4.Laws.Codegen.PrintTyped.0.Effect4.Program.Node.extSlotEnv.match_1.eq_1	[propext]
Effect4.Codegen.EraseTermTypes.term_field_certificate._simp_1_7	[propext]
_private.Effect4.Laws.Codegen.PrintTyped.0.Effect4.Codegen.eraseRowJoin.match_1.splitter._sparseCasesOn_4	[propext]
Effect4.Semaphore.Model.takeIfAvailable_eval	[propext]
Effect4.Program.Node.childEnv.match_1.congr_eq_1	[propext]
_private.Effect4.Laws.Codegen.PrintTyped.0.Effect4.Codegen.EraseTermTypes.eraseNode.match_1.splitter._sparseCasesOn_13	[propext]
Effect4.Codegen.EraseTermTypes.eraseCauseTermJoin_hasCall	[propext, Quot.sound]
Effect4.Codegen.eraseExprRow._sparseCasesOn_1.else_eq	[propext]
_private.Effect4.Laws.Codegen.PrintTyped.0.Effect4.Codegen.EraseTermTypes.eraseProductJoin.match_5.eq_1	[propext]
Effect4.Codegen.EraseTermTypes.eraseNode_recordTag	[propext]
Test.Program.RegistrationYield.marker_not_typed	[propext, Quot.sound]
_private.Effect4.Laws.Codegen.PrintTyped.0.Effect4.Codegen.EraseTermTypes.eraseRecordJoin.match_1.splitter._sparseCasesOn_10	[propext]
Effect4.Codegen.Templates.noneHom._proof_47	[propext, Quot.sound]
Test.Program.RegistrationYield.member	[propext, Quot.sound]
Effect4.Codegen.EraseTermTypes.erasedPrintHom	[propext, Quot.sound]
Effect4.Codegen.eraseExprRow.eq_2	[propext, Quot.sound]
_private.Effect4.Laws.Codegen.PrintTyped.0.Effect4.Codegen.Templates.atAddress.match_1.eq_13	[]
_private.Effect4.Laws.Codegen.PrintTyped.0.Effect4.Codegen.Templates.Fixed.holds.match_1.eq_7	[propext]
_private.Effect4.Laws.Codegen.PrintTyped.0.Effect4.Program.Node.childEnv.match_1.splitter._sparseCasesOn_57	[propext]
Effect4.Codegen.eraseT_action_none_of_typedPerform._simp_1_2	[propext]
Test.Program.RegistrationYield.typedState.match_1_11	[propext, Quot.sound]
Effect4.Codegen.Templates.typedLayer._sparseCasesOn_1.else_eq	[propext]
Effect4.Codegen.PrintEliminators.printArgs_lookup._simp_1_7	[propext, Quot.sound]
Effect4.Codegen.EraseTermTypes.cause_interrupt_certificate	[propext, Quot.sound]
_private.Effect4.Laws.Codegen.PrintTyped.0.Effect4.Codegen.eraseCapture.match_11.eq_1	[propext]
Effect4.Codegen.eraseRowChildren_withFunction	[propext]
_private.Effect4.Laws.Codegen.PrintTyped.0.Effect4.Codegen.Templates.Fixed.holds.match_1.eq_4	[propext]
Effect4.Codegen.Templates.typedLayer._sparseCasesOn_1	[propext]
_private.Effect4.Laws.Codegen.PrintTyped.0.Effect4.Codegen.PrintEliminators.termAlg.match_9.eq_2	[propext]
Effect4.Codegen.TypedRowShapeSupport.printPerformAt_rowHeadOwned	[propext, Quot.sound]
_private.Effect4.Laws.Codegen.PrintTyped.0.Effect4.Codegen.TargetFold.expr.match_1.eq_16	[]
_private.Effect4.Laws.Codegen.PrintTyped.0.Effect4.Program.printRowHead.match_1.splitter._sparseCasesOn_3	[propext]
Effect4.Codegen.PrintEliminators.childEnv_template_depth.match_1_1	[]
Effect4.Pool.lease_answers	[propext, Quot.sound]
_private.Effect4.Laws.Codegen.PrintTyped.0.Effect4.Codegen.nodeOfFamily.match_1.eq_2	[]
_private.Effect4.Laws.Codegen.PrintTyped.0.Effect4.Program.Node.childEnv.match_1.eq_27	[propext]
Effect4.Codegen.readCall_zero_excludes_head.match_1_6	[]
Test.Program.RegistrationYield.race	[propext]
Effect4.Codegen.Templates.noneHom._proof_43	[propext, Quot.sound]
Effect4.Codegen.TargetFold.expr.eq_def	[]
Effect4.Codegen.installTerm_keeps_types.match_1_4	[]
_private.Effect4.Laws.Codegen.PrintTyped.0.Effect4.Program.Node.binders.match_1.eq_16	[propext]
Effect4.Codegen.EraseTermTypes.terms_cons_certificate._simp_1_7	[propext]
Effect4.Codegen.PrintEliminators.printArg._sparseCasesOn_1.else_eq	[propext]
Effect4.Program.view_action.eq_1	[]
Effect4.Codegen.EraseTermTypes.eraseCause.eq_1	[propext]
_private.Effect4.Laws.Codegen.PrintTyped.0.Effect4.Codegen.EraseTermTypes.eraseRecordJoin.match_1.splitter._sparseCasesOn_9	[propext]
Effect4.Program.Node.childEnv.match_1.congr_eq_28	[propext]
Effect4.Program.Node.childEnv.match_1.congr_eq_1._sparseCasesOn_45	[propext]
_private.Effect4.Laws.Codegen.PrintTyped.0.Effect4.Codegen.Templates.printPerformAt.match_3.eq_1	[]
_private.Effect4.Laws.Codegen.PrintTyped.0.Effect4.Program.NodeEnv.tyEnv.match_1.eq_2	[]
Effect4.Codegen.EraseTermTypes.eraseTerm_printTerm_not_lambda.match_1_17	[propext, Quot.sound]
Effect4.Codegen.Templates.typedLayer._sparseCasesOn_5.else_eq	[propext]
_private.Effect4.Laws.Codegen.PrintTyped.0.Effect4.Codegen.EraseTermTypes.eraseFoldJoin.match_1.splitter._sparseCasesOn_7	[propext]
Effect4.Codegen.PrintEliminators.layer.eq_6	[propext, Quot.sound]
Effect4.Codegen.targetFold_properties	[]
Effect4.Codegen.PrintEliminators.layer.eq_10	[propext, Quot.sound]
Effect4.Codegen.eraseExprRow_printPerformAt	[propext, Quot.sound]
_private.Effect4.Laws.Codegen.PrintTyped.0.Effect4.Codegen.PrintEliminators.rowChildDepthOK.match_1.eq_3	[]
Effect4.Codegen.mapCalls_generic	[]
Effect4.Codegen.EraseTermTypes.typedCertificateAlg._proof_5	[propext, Quot.sound]
_private.Effect4.Laws.Codegen.PrintTyped.0.Effect4.Program.Node.child.match_1.eq_53	[propext]
Effect4.Codegen.EraseTermTypes.typedCertificateHom._proof_6	[propext, Quot.sound]
_private.Effect4.Laws.Codegen.PrintTyped.0.Effect4.Codegen.PrintEliminators.layer.match_7.eq_2	[]
Effect4.Codegen.PrintEliminators.sourceChildOffset	[propext]
Effect4.Codegen.EraseTermTypes.eraseProductJoin.match_1.congr_eq_1._sparseCasesOn_2	[propext]
Effect4.Codegen.Templates.printArgs_transport._simp_1_3	[propext]
Effect4.Codegen.EraseTermTypes.eraseFoldJoin.match_12.congr_eq_2	[propext]
Effect4.Codegen.EraseTermTypes.typedCertificateHom._proof_8	[propext, Quot.sound]
Effect4.Pool.withdraw_attempt	[propext, Quot.sound]
_private.Effect4.Laws.Codegen.PrintTyped.0.Effect4.Program.Node.childEnv.match_1.eq_25	[propext]
_private.Effect4.Laws.Codegen.PrintTyped.0.Effect4.Program.Node.child.match_1.eq_56	[propext]
Effect4.Codegen.EraseTermTypes.term_var_certificate	[propext, Quot.sound]
Effect4.Codegen.EraseTermTypes.typedOriginalHom._proof_8	[propext, Quot.sound]
Effect4.Codegen.PrintEliminators.decorate_scoped_erases	[propext, Quot.sound]
_private.Effect4.Laws.Codegen.PrintTyped.0.Effect4.Program.Node.extSlotEnv.match_7.eq_1	[]
_private.Effect4.Laws.Codegen.PrintTyped.0.Effect4.Codegen.EraseTermTypes.rawPrintAlg.match_1.eq_2	[]
Effect4.Codegen.eraseSiteStmt_print	[propext, Quot.sound]
Effect4.Codegen.metadataHom._proof_6	[propext]
Effect4.Codegen.EraseTermTypes.eraseFoldJoin.match_1.congr_eq_1._sparseCasesOn_7	[propext]
Effect4.Codegen.EraseTermTypes.target_unknown	[propext, Quot.sound]
Effect4.Program.Node.childEnv.match_1.congr_eq_14	[propext]
_private.Effect4.Laws.Codegen.PrintTyped.0.Effect4.Program.splitHeadTypes.match_1.eq_1	[propext]
_private.Effect4.Laws.Codegen.PrintTyped.0.Effect4.Program.Node.childEnv.match_1.splitter._sparseCasesOn_61	[propext]
Effect4.Semaphore.Model.takeInputs	[propext]
_private.Effect4.Laws.Codegen.PrintTyped.0.Effect4.Program.printRow.match_1.eq_2	[]
Effect4.Program.Node.childEnv.match_1.congr_eq_9	[propext]
Effect4.Codegen.EraseTermTypes.eraseTerm_record	[propext, Quot.sound]
Effect4.Codegen.PrintEliminators.decisionPatternBinds.eq_4	[propext]
_private.Effect4.Laws.Codegen.PrintTyped.0.Effect4.Codegen.EraseTermTypes.eraseCauseTermJoin.match_1.eq_1	[propext]
_private.Effect4.Laws.Codegen.PrintTyped.0.Effect4.Codegen.Templates.printArg.match_3.eq_24	[propext]
_private.Effect4.Laws.Codegen.PrintTyped.0.Effect4.Codegen.PrintEliminators.rowChildDepthOK.match_1.eq_6	[]
Effect4.Codegen.EraseTermTypes.typedCertificateAlg._proof_4	[propext, Quot.sound]
Effect4.Codegen.EraseTermTypes.eraseProductJoin._sparseCasesOn_2.else_eq	[propext]
Effect4.Pool.cell_nodes._simp_1_1	[propext]
_private.Effect4.Laws.Codegen.PrintTyped.0.Effect4.Program.printTupleArgs.match_1.eq_2	[]
_private.Effect4.Laws.Codegen.PrintTyped.0.Effect4.Program.Node.child.match_1.eq_4	[propext]
Effect4.Codegen.eraseRowChildren_printMethod	[propext, Quot.sound]
_private.Effect4.Laws.Codegen.PrintTyped.0.Effect4.Program.Node.childEnv.match_1.eq_21	[propext]
_private.Effect4.Laws.Codegen.PrintTyped.0.Effect4.Program.Node.child.match_1.eq_40	[propext]
_private.Effect4.Laws.Codegen.PrintTyped.0.Effect4.Codegen.TargetFold.expr.match_1.eq_2	[]
Effect4.Codegen.EraseTermTypes.eraseFoldJoin.eq_4	[propext]
Effect4.Codegen.EraseTermTypes.callInverse_call	[propext, Quot.sound]
Effect4.Codegen.PrintEliminators.layer._sparseCasesOn_2.else_eq	[propext]
Effect4.Codegen.TypedPrintsTo._sparseCasesOn_2.else_eq	[propext]
Effect4.Codegen.P2bRowSupport.binder_erases	[propext, Quot.sound]
Effect4.Codegen.EraseTermTypes.eraseTerm_rawFold	[propext]
_private.Effect4.Laws.Codegen.PrintTyped.0.Effect4.Codegen.EraseTermTypes.eraseFoldJoin.match_8.eq_2	[propext]
Effect4.Codegen.PrintEliminators.printArgs_lookup_some.match_1_1	[propext, Quot.sound]
_private.Effect4.Laws.Codegen.PrintTyped.0.Effect4.Codegen.EraseTermTypes.eraseRecordJoin.match_1.eq_3	[propext]
_private.Effect4.Laws.Codegen.PrintTyped.0.Effect4.Codegen.EraseTermTypes.bare_not_runIn	[propext]
Effect4.Codegen.Templates.noneHom._proof_51	[propext, Quot.sound]
Effect4.Codegen.printPerformAt_owned_empty	[propext, Quot.sound]
Effect4.Pool.closeReply_at	[propext, Quot.sound]
_private.Effect4.Laws.Codegen.PrintTyped.0.Effect4.Codegen.printedCaptureAt_context.match_1_1.eq_2	[]
_private.Effect4.Laws.Codegen.PrintTyped.0.Effect4.Program.splitHeadTypes.match_1.eq_2	[propext]
Effect4.Codegen.eraseNode_rawRunIn	[propext]
Effect4.Program.Node.childEnv.eq_def	[propext, Quot.sound]
Effect4.Codegen.Templates.noneHom._proof_44	[propext, Quot.sound]
Effect4.Codegen.isRawRunInTpl.match_1	[propext]
Effect4.Codegen.EraseTermTypes.eraseRecordJoin.eq_3	[propext]
Effect4.Codegen.PrintEliminators.rowChildOffset	[propext]
Effect4.Codegen.PrintEliminators.decisionPatternBinds.eq_def	[propext]
Effect4.Codegen.typedPrintsTo_of_printArg	[propext, Quot.sound]
Test.Program.RegistrationYield.Single.out_eq	[propext]
Effect4.Codegen.PrintEliminators.select_right_map_length	[propext, Quot.sound]
_private.Effect4.Laws.Codegen.PrintTyped.0.Effect4.Program.view_eff.match_1.eq_10	[]
_private.Effect4.Laws.Codegen.PrintTyped.0.Effect4.Program.Node.binders.match_1.eq_11	[propext]
Effect4.Codegen.EraseTermTypes.erasedCauseHom	[propext, Quot.sound]
_private.Effect4.Laws.Codegen.PrintTyped.0.Effect4.Program.Node.child.match_1.eq_35	[propext]
Effect4.Codegen.erase_earlier_none_action._simp_1_3	[propext, Quot.sound]
_private.Effect4.Laws.Codegen.PrintTyped.0.Effect4.Program.Node.child.match_1.eq_6	[propext]
Test.Program.RegistrationYield.yieldCurrent_typed	[propext, Quot.sound]
Effect4.Codegen.Templates.noneHom._proof_14	[propext, Quot.sound]
_private.Effect4.Laws.Codegen.PrintTyped.0.Effect4.Program.Node.binders.match_1.eq_1	[propext]
_private.Effect4.Laws.Codegen.PrintTyped.0.Effect4.Program.Node.childEnv.match_1.eq_40	[propext]
Effect4.Codegen.P2bRowSupport.tupleArgs.match_1	[]
_private.Effect4.Laws.Codegen.PrintTyped.0.Effect4.Program.Node.childEnv.match_1.eq_1	[propext]
_private.Effect4.Laws.Codegen.PrintTyped.0.Effect4.Program.addReceiver.match_1.eq_2	[propext]
Effect4.Codegen.PrintEliminators.rowChildOffset_source	[propext, Quot.sound]
_private.Effect4.Laws.Codegen.PrintTyped.0.Effect4.Program.Node.childEnv.match_1.eq_11	[propext]
_private.Effect4.Laws.Codegen.PrintTyped.0.Effect4.Program.Node.childEnv.match_1.eq_43	[propext]
Effect4.Codegen.TargetFold.expr.eq_8	[]
Effect4.Codegen.P2bRowSupport.method	[propext, Quot.sound]
Effect4.Codegen.eraseRowChildren.eq_1	[propext]
Effect4.Codegen.EraseTermTypes.typedCauseCertificateHom._proof_3	[propext, Quot.sound]
_private.Effect4.Laws.Codegen.PrintTyped.0.Effect4.Codegen.plainTemplateRoot.match_1.eq_2	[propext]
Effect4.Codegen.eraseSpine_print_step	[propext, Quot.sound]
_private.Effect4.Laws.Codegen.PrintTyped.0.Effect4.Codegen.Templates.atAddress.match_1.eq_5	[]
Effect4.Program.view_eff.match_1.congr_eq_19	[]
_private.Effect4.Laws.Codegen.PrintTyped.0.Effect4.Codegen.PrintEliminators.printArg.match_1.eq_3	[propext]
Effect4.Codegen.EraseTermTypes.eraseNode.eq_1	[propext]
Effect4.Codegen.P2bRowSupport.targets_writeTys	[propext, Quot.sound]
Effect4.Codegen.TargetFold.expr.eq_5	[]
Effect4.Codegen.EraseTermTypes.eraseNode.eq_9	[propext]
Effect4.Codegen.eraseRowJoin_printPerformAt_total	[propext, Quot.sound]
Test.Program.RegistrationYield.yieldCurrent_unit.match_1_7	[propext]
Effect4.Codegen.findSome?_of_index._proof_1_3	[propext, Quot.sound]
_private.Effect4.Laws.Codegen.PrintTyped.0.Effect4.Codegen.eraseCapture.match_11.splitter._sparseCasesOn_4	[propext]
_private.Effect4.Laws.Codegen.PrintTyped.0.Effect4.Codegen.Templates.ArgPat.holds.match_1.eq_5	[propext]
Effect4.Codegen.PrintEliminators.table_selectClassifier	[propext]
Effect4.Codegen.PrintEliminators.childScope._sparseCasesOn_2	[propext]
Effect4.Pool.mkWaiter_scoped	[propext, Quot.sound]
Effect4.Codegen.Templates.typedLayer._sparseCasesOn_5	[propext]
Effect4.Codegen.EraseTermTypes.typedCertificateHom._proof_2	[propext, Quot.sound]
Effect4.Codegen.PrintEliminators.termAlg._sparseCasesOn_2.else_eq	[propext]
_private.Effect4.Laws.Codegen.PrintTyped.0.Effect4.Program.view_eff.match_1.eq_14	[]
_private.Effect4.Laws.Codegen.PrintTyped.0.Effect4.Program.Node.childEnv.match_1.eq_9	[propext]
Effect4.Pool.resolveAll_answers._proof_1_1	[propext, Quot.sound]
_private.Effect4.Laws.Codegen.PrintTyped.0.Effect4.Program.Node.extSlotEnv.match_11.eq_1	[]
Effect4.Codegen.PrintEliminators.rowSelectClassifierOK	[propext]
_private.Effect4.Laws.Codegen.PrintTyped.0.Effect4.Codegen.eraseExprRow.match_4.splitter	[propext]
Effect4.Codegen.PrintEliminators.view_eff_child_binders._proof_1_5	[propext, Quot.sound]
_private.Effect4.Laws.Codegen.PrintTyped.0.Effect4.Codegen.Templates.argDepth.match_1.splitter._sparseCasesOn_3	[propext]
Effect4.Codegen.PrintEliminators.printArgs_lookup_some._simp_1_6	[propext, Quot.sound]
Effect4.Codegen.Templates.noneHom._proof_48	[propext, Quot.sound]
_private.Effect4.Laws.Codegen.PrintTyped.0.Effect4.Program.view_eff.match_1.eq_4	[]
_private.Effect4.Laws.Codegen.PrintTyped.0.Effect4.Codegen.EraseTermTypes.eraseNode.match_1.splitter._sparseCasesOn_23	[propext]
_private.Effect4.Laws.Codegen.PrintTyped.0.Effect4.Codegen.Templates.ArgPat.holds.match_1.splitter._sparseCasesOn_12	[propext]
Effect4.Codegen.ClosedSiteLevel.match_1	[propext]
_private.Effect4.Laws.Codegen.PrintTyped.0.Effect4.Codegen.Templates.Fixed.holds.match_1.eq_3	[propext]
_private.Effect4.Laws.Codegen.PrintTyped.0.Effect4.Codegen.EraseTermTypes.eraseFoldJoin.match_8.splitter	[propext]
_private.Effect4.Laws.Codegen.PrintTyped.0.Effect4.Codegen.EraseTermTypes.eraseNode.match_1.splitter._sparseCasesOn_17	[propext]
Effect4.Codegen.eraseSpine_print_step._proof_1_18	[propext, Quot.sound]
Effect4.Codegen.EraseTermTypes.terms_cons_certificate	[propext, Quot.sound]
_private.Effect4.Laws.Codegen.PrintTyped.0.Effect4.Codegen.PrintEliminators.rowChildDepthOK.match_1.eq_4	[]
Effect4.Codegen.PrintEliminators.eraseNode_bare_call	[propext]
Effect4.Codegen.P2bRowSupport.call.match_1	[propext]
Effect4.Program.view_eff.match_1.congr_eq_21	[]
Effect4.Codegen.PrintEliminators.decisionPatternBinds	[propext]
Effect4.Codegen.eraseCapture.eq_3	[propext]
_private.Effect4.Laws.Codegen.PrintTyped.0.Effect4.Codegen.Templates.atAddress.match_1.eq_4	[]
Effect4.Codegen.Templates.isChildArg.match_1	[propext]
Effect4.Codegen.PrintEliminators.decorate_awaitFiber_erases	[propext, Quot.sound]
Effect4.Codegen.eraseSpine_print_step.match_1_1	[propext, Quot.sound]
_private.Effect4.Laws.Codegen.PrintTyped.0.Effect4.Codegen.PrintEliminators.layer.match_1.splitter._sparseCasesOn_6	[propext]
Effect4.Codegen.EraseTermTypes.typedCertificateHom._proof_1	[propext, Quot.sound]
Effect4.Program.Node.childEnv.match_1.congr_eq_2	[propext]
_private.Effect4.Laws.Codegen.PrintTyped.0.Effect4.Codegen.EraseTermTypes.eraseFoldJoin.match_8.splitter._sparseCasesOn_3	[propext]
_private.Effect4.Laws.Codegen.PrintTyped.0.Effect4.Codegen.PrintEliminators.need.match_1.eq_1	[]
Effect4.Codegen.typed_action_image_normal	[propext, Quot.sound]
Effect4.Codegen.Templates.noneHom._proof_6	[propext, Quot.sound]
Effect4.Codegen.eraseJoinArgs_printTypedSitesAt	[propext, Quot.sound]
_private.Effect4.Laws.Codegen.PrintTyped.0.Effect4.Codegen.P2bRowSupport.perform_as_call.match_1.eq_2	[]
_private.Effect4.Laws.Codegen.PrintTyped.0.Effect4.Codegen.eraseExprRow.match_10.eq_1	[]
Effect4.Codegen.EraseTermTypes.eraseTerm_typedField	[propext, Quot.sound]
_private.Effect4.Laws.Codegen.PrintTyped.0.Effect4.Codegen.eraseExprRow.match_17.eq_1	[propext]
Effect4.Codegen.eraseNode_of_table_inst	[propext, Quot.sound]
_private.Effect4.Laws.Codegen.PrintTyped.0.Effect4.Program.view_eff.match_1.eq_2	[]
Effect4.Codegen.eraseT_site_rigid_step._proof_1_3	[propext, Quot.sound]
Effect4.Codegen.EraseTermTypes.cause_fail_certificate._simp_1_2	[propext]
Effect4.Codegen.findSome?_of_index._f	[propext, Quot.sound]
_private.Effect4.Laws.Codegen.PrintTyped.0.Effect4.Program.view_eff.match_1.eq_15	[]
_private.Effect4.Laws.Codegen.PrintTyped.0.Effect4.Codegen.PrintEliminators.layer.match_7.eq_1	[]
_private.Effect4.Laws.Codegen.PrintTyped.0.Effect4.Codegen.EraseTermTypes.selected_bare	[propext]
Effect4.Program.view_eff.match_1.congr_eq_7	[]
Effect4.Codegen.EraseTermTypes.typedOriginalHom._proof_3	[propext, Quot.sound]
_private.Effect4.Laws.Codegen.PrintTyped.0.Effect4.Program.domLayer.match_1.eq_1	[propext]
Effect4.Codegen.Templates.atAddress.eq_8	[]
_private.Effect4.Laws.Codegen.PrintTyped.0.Effect4.Program.Node.binders.match_1.splitter._sparseCasesOn_16	[propext]
Effect4.Pool.requiresOf_succ._simp_1_3	[propext, Quot.sound]
Effect4.Codegen.termFree_identity	[propext]
Effect4.Codegen.EraseTermTypes.eraseNode.eq_10	[propext]
Effect4.Program.Node.extSlotEnv.eq_10	[propext, Quot.sound]
_private.Effect4.Laws.Codegen.PrintTyped.0.Effect4.Program.Node.child.match_1.eq_11	[propext]
Effect4.Codegen.typedErasesUpTo._proof_1_1	[propext, Quot.sound]
Effect4.Codegen.EraseTermTypes.eraseTerm_str	[propext]
Effect4.Codegen.TypedRowShapeSupport.printPerformAt_no_reserved.match_1_1	[]
_private.Effect4.Laws.Codegen.PrintTyped.0.Effect4.Codegen.EraseTermTypes.eraseRecordJoin.match_1.eq_2	[propext]
Effect4.Codegen.EraseTermTypes.erasedPrintHom._proof_2	[propext, Quot.sound]
Effect4.Codegen.EraseTermTypes.eraseFoldJoin.match_6.congr_eq_1._sparseCasesOn_3	[propext]
Effect4.Codegen.EraseTermTypes.erasedPrintHom._proof_8	[propext, Quot.sound]
_private.Effect4.Laws.Codegen.PrintTyped.0.Effect4.Codegen.Templates.printPerformAt.match_3.eq_2	[]
Effect4.Codegen.Templates.noneHom._proof_26	[propext, Quot.sound]
_private.Effect4.Laws.Codegen.PrintTyped.0.Effect4.Program.Node.childEnv.match_1.eq_13	[propext]
_private.Effect4.Laws.Codegen.PrintTyped.0.Effect4.Program.Node.child.match_1.eq_21	[propext]
_private.Effect4.Laws.Codegen.PrintTyped.0.Effect4.Program.Node.child.match_1.splitter._sparseCasesOn_58	[propext]
Effect4.Codegen.P2bRowSupport.targets_writeTys._simp_1_1	[propext]
Effect4.Program.view_eff.match_1.congr_eq_11	[]
Test.Program.RegistrationYield.Double.input	[propext]
Effect4.Codegen.Templates.atAddress.eq_9	[]
_private.Effect4.Laws.Codegen.PrintTyped.0.Effect4.Codegen.ListFold.write.match_1.splitter	[]
_private.Effect4.Laws.Codegen.PrintTyped.0.Effect4.Program.Node.binders.match_1.eq_6	[propext]
Effect4.Codegen.EraseTermTypes.term_lit_certificate	[propext, Quot.sound]
_private.Effect4.Laws.Codegen.PrintTyped.0.Effect4.Program.Node.extSlotEnv.match_4.eq_2	[propext]
Effect4.Codegen.typedSites_layers_cons	[propext, Quot.sound]
Effect4.Codegen.child_of_view	[propext]
_private.Effect4.Laws.Codegen.PrintTyped.0.Effect4.Codegen.PrintEliminators.layer.match_5.eq_3	[]
Effect4.Program.view_eff.match_1.congr_eq_25	[]
_private.Effect4.Laws.Codegen.PrintTyped.0.Effect4.Codegen.PrintEliminators.layer.match_9.eq_1	[propext]
Effect4.Codegen.PrintEliminators.decisionPatternBinds.match_1.congr_eq_2	[propext]
Effect4.Codegen.typed_layers_cons	[propext, Quot.sound]
Test.Program.RegistrationYield.typedState.match_1_9	[propext, Quot.sound]
_private.Effect4.Laws.Codegen.PrintTyped.0.Effect4.Codegen.PrintEliminators.printArg.match_1.splitter	[propext]
Test.Program.RegistrationYield.Single.out	[propext]
Effect4.Program.withHeadTypes.eq_def	[propext]
Effect4.Pool.drain_attempt_minted	[propext, Quot.sound]
Effect4.Codegen.table_stmt_declarations.match_1	[propext]
Test.Program.RegistrationYield.Interrupt.result_eq	[propext, Quot.sound]
Effect4.Codegen.TargetFold.expr.eq_7	[]
_private.Effect4.Laws.Codegen.PrintTyped.0.Effect4.Program.Node.childEnv.match_1.splitter	[propext]
Effect4.Codegen.site_action_normalized_head._simp_1_2	[propext, Quot.sound]
Effect4.Codegen.EraseTermTypes.eraseFoldJoin.fun_cases_unfolding	[propext]
Test.Program.RegistrationYield.no_requests	[propext, Quot.sound]
_private.Effect4.Laws.Codegen.PrintTyped.0.Effect4.Program.Node.childEnv.match_1.eq_24	[propext]
_private.Effect4.Laws.Codegen.PrintTyped.0.Effect4.Program.Node.childEnv.match_1.eq_3	[propext]
Effect4.Codegen.readCall_zero_excludes_head.match_1_4	[]
Effect4.Codegen.EraseTermTypes.eraseNode_runIn	[propext]
Effect4.Codegen.Templates.typedLayer._sparseCasesOn_2	[propext]
Effect4.Program.printTyped_eq_print	[propext, Quot.sound]
_private.Effect4.Laws.Codegen.PrintTyped.0.Effect4.Codegen.EraseTermTypes.eraseRecordJoin.match_1.splitter._sparseCasesOn_8	[propext]
Effect4.Codegen.EraseTermTypes.typedCauseOriginalHom	[propext, Quot.sound]
Effect4.Codegen.Templates.noneHom._proof_29	[propext, Quot.sound]
Effect4.Codegen.PrintEliminators.printArg.eq_3	[propext, Quot.sound]
_private.Effect4.Laws.Codegen.PrintTyped.0.Effect4.Codegen.EraseTermTypes.eraseRecordJoin.match_1.splitter._sparseCasesOn_5	[propext]
Effect4.Codegen.PrintEliminators.decisionPatternBinds._sparseCasesOn_3	[propext]
Effect4.Codegen.TargetFold.expr.eq_16	[]
Effect4.Codegen.eraseSiteSpine_print_step._proof_1_19	[propext, Quot.sound]
Effect4.Codegen.eraseTerm_printMethodArgs	[propext, Quot.sound]
Effect4.Codegen.eraseExprRow._sparseCasesOn_17.else_eq	[propext]
Effect4.Codegen.TypedPrintsTo._sparseCasesOn_3	[propext]
Effect4.Codegen.metadataHom	[propext]
Effect4.Codegen.P2bRowSupport.call_erases.match_1_6	[]
Effect4.Codegen.EraseTermTypes.typedCertificateHom._proof_4	[propext, Quot.sound]
Test.Program.RegistrationYield.valid_of	[propext, Quot.sound]
Effect4.Codegen.eraseSiteStmts_print_step	[propext, Quot.sound]
Effect4.Codegen.erase_earlier_none_rigid	[propext, Quot.sound]
Test.Program.RegistrationYield.typedState_of.match_1_15	[propext, Quot.sound]
Effect4.Codegen.metadataHom._proof_10	[propext]
_private.Effect4.Laws.Codegen.PrintTyped.0.Effect4.Codegen.TargetFold.expr.match_1.eq_6	[]
_private.Effect4.Laws.Codegen.PrintTyped.0.Effect4.Codegen.Templates.printArg.match_3.eq_1	[propext]
Effect4.Semaphore.Model.cellVal_image	[propext]
Effect4.Codegen.source_child_hole_stmt	[propext, Quot.sound]
Effect4.Codegen.mapCalls_lambda	[]
Effect4.Codegen.PrintEliminators.rowClauseFamily	[]
Effect4.Codegen.Templates.printArgs_transport.match_1_1	[propext, Quot.sound]
Effect4.Pool.itemsFrom_scoped.match_1_1	[]
_private.Effect4.Laws.Codegen.PrintTyped.0.Effect4.Program.Node.childEnv.match_1.eq_29	[propext]
Effect4.Codegen.TypedPrintsTo.eq_2	[propext, Quot.sound]
Effect4.Pool.leaseStep_scoped	[propext, Quot.sound]
Effect4.Codegen.eraseExprRow_none_of_fam	[propext, Quot.sound]
_private.Effect4.Laws.Codegen.PrintTyped.0.Effect4.Codegen.Templates.printArg.match_3.splitter._sparseCasesOn_16	[propext]
_private.Effect4.Laws.Codegen.PrintTyped.0.Effect4.Program.Node.childEnv.match_1.eq_5	[propext]
Effect4.Codegen.PrintEliminators.inst_call2_shape._simp_1_5	[propext, Quot.sound]
_private.Effect4.Laws.Codegen.PrintTyped.0.Effect4.Codegen.Templates.printPerformAt.match_1.eq_1	[]
Effect4.Codegen.PrintEliminators.sourceChildOffset._sparseCasesOn_1.else_eq	[propext]
_private.Effect4.Laws.Codegen.PrintTyped.0.Effect4.Codegen.eraseExprRow.match_1.splitter	[propext]
Effect4.Codegen.isRawRunInTpl._sparseCasesOn_4.else_eq	[propext]
Effect4.Program.Node.childEnv.match_1.congr_eq_23	[propext]
Test.Program.RegistrationYield.fiber	[propext]
_private.Effect4.Laws.Codegen.PrintTyped.0.Effect4.Program.Node.extSlotEnv.match_11.eq_2	[]
Effect4.Codegen.TypedRowShapeSupport.eraseNode_of_genericHead_not_reserved._simp_1_2	[propext]
Effect4.Codegen.PrintEliminators.table_childDepth_at._simp_1_2	[propext, Quot.sound]
Effect4.Codegen.isRawRunInTpl._sparseCasesOn_10	[propext]
Effect4.Codegen.EraseTermTypes.eraseProductJoin.eq_def	[propext]
_private.Effect4.Laws.Codegen.PrintTyped.0.Effect4.Program.table.match_1.splitter	[propext]
Effect4.Program.view_eff.match_1.congr_eq_14	[]
_private.Effect4.Laws.Codegen.PrintTyped.0.Effect4.Codegen.PrintEliminators.printArgs.match_1.eq_1	[]
_private.Effect4.Laws.Codegen.PrintTyped.0.Effect4.Codegen.PrintEliminators.sourceChildOffset.match_1.eq_1	[propext]
_private.Effect4.Laws.Codegen.PrintTyped.0.Effect4.Codegen.PrintEliminators.printArgs.match_1.splitter	[]
_private.Effect4.Laws.Codegen.PrintTyped.0.Effect4.Program.splitHeadTypes.match_1.splitter._sparseCasesOn_5	[propext]
_private.Effect4.Laws.Codegen.PrintTyped.0.Effect4.Codegen.EraseTermTypes.eraseCauseTermJoin.match_1.splitter._sparseCasesOn_4	[propext]
Test.Program.RegistrationYield.Interrupt.iaCode_typed.match_1_5	[propext]
Effect4.Codegen.metadataHom._proof_11	[propext]
Effect4.Codegen.EraseTermTypes.eraseFoldJoin.match_10.congr_eq_1._sparseCasesOn_3	[propext]
Effect4.Codegen.Templates.isChildArg._sparseCasesOn_1	[propext]
Effect4.Program.Node.extSlotEnv._sparseCasesOn_1.else_eq	[propext]
Effect4.Codegen.EraseTermTypes.typedOriginalHom._proof_7	[propext, Quot.sound]
Test.Program.RegistrationYield.member_of	[propext, Quot.sound]
_private.Effect4.Laws.Codegen.PrintTyped.0.Effect4.Codegen.PrintEliminators.layer.match_1.splitter	[propext]
Effect4.Program.withFunction.eq_2	[propext]
Effect4.Pool.leaseReply_nodes._simp_1_2	[propext]
Effect4.Codegen.PrintEliminators.find_site_awaitFiber	[propext]
_private.Effect4.Laws.Codegen.PrintTyped.0.Effect4.Codegen.Templates.Fixed.holds.match_1.splitter._sparseCasesOn_7	[propext]
Effect4.Program.Node.childEnv.match_1.congr_eq_22	[propext]
Effect4.Codegen.eraseJoinArgs.eq_1	[propext, Quot.sound]
Effect4.Codegen.PrintEliminators.layer._sparseCasesOn_1.else_eq	[propext]
Effect4.Codegen.EraseTermTypes.eraseTerm_printTerm_not_lambda.match_1_15	[propext, Quot.sound]
_private.Effect4.Laws.Codegen.PrintTyped.0.Effect4.Program.actionRowHeaded.match_1.splitter._sparseCasesOn_3	[propext]
_private.Effect4.Laws.Codegen.PrintTyped.0.Effect4.Codegen.PrintEliminators.printArgs.match_3.splitter	[]
Effect4.Semaphore.Model.cellC	[propext]
Effect4.Codegen.typedSites_cata_build.match_1	[]
_private.Effect4.Laws.Codegen.PrintTyped.0.Effect4.Program.exprHead?.match_1.eq_2	[propext]
Effect4.Codegen.EraseTermTypes.eraseRecordJoin.match_1.congr_eq_1._sparseCasesOn_11	[propext]
_private.Effect4.Laws.Codegen.PrintTyped.0.Effect4.Codegen.EraseTermTypes.eraseProductJoin.match_1.eq_2	[propext]
Effect4.Codegen.mapCalls_writeClass	[propext]
_private.Effect4.Laws.Codegen.PrintTyped.0.Effect4.Program.printCall.match_1.eq_2	[]
Effect4.Codegen.EraseTermTypes.eraseTerm_printTerm_not_lambda.match_1_5	[]
Effect4.Codegen.PrintEliminators.find_site_forkScoped	[propext]
_private.Effect4.Laws.Codegen.PrintTyped.0.Effect4.Program.NodeEnv.tyEnv.match_1.eq_1	[]
Effect4.Codegen.PrintEliminators.printArg_optTerm_erases._simp_1_10	[propext]
_private.Effect4.Laws.Codegen.PrintTyped.0.Effect4.Codegen.P2bRowSupport.call.match_1.splitter	[propext]
Effect4.Pool.bool_nodes	[propext, Quot.sound]
Effect4.Codegen.TypedPrintsTo.eq_4	[propext, Quot.sound]
_private.Effect4.Laws.Codegen.PrintTyped.0.Effect4.Codegen.PrintEliminators.sourceChildOffset.match_1.eq_2	[propext]
_private.Effect4.Laws.Codegen.PrintTyped.0.Effect4.Program.Node.childEnv.match_1.eq_53	[propext]
_private.Effect4.Laws.Codegen.PrintTyped.0.Effect4.Codegen.Templates.typedLayer.match_1.eq_1	[propext]
Effect4.Codegen.PrintEliminators.printArgs_lookup._proof_1_12	[propext, Quot.sound]
_private.Effect4.Laws.Codegen.PrintTyped.0.Effect4.Codegen.eraseCapture.match_11.eq_3	[propext]
_private.Effect4.Laws.Codegen.PrintTyped.0.Effect4.Program.Node.childEnv.match_1.eq_10	[propext]
Effect4.Codegen.ClosedSiteLevel._sparseCasesOn_1	[propext]
Effect4.Codegen.readable_expr_prints	[propext, Quot.sound]
_private.Effect4.Laws.Codegen.PrintTyped.0.Effect4.Program.Node.childEnv.match_1.eq_42	[propext]
Effect4.Codegen.supplied_ne_child	[propext, Quot.sound]
_private.Effect4.Laws.Codegen.PrintTyped.0.Effect4.Program.Node.childEnv.match_1.eq_37	[propext]
_private.Effect4.Laws.Codegen.PrintTyped.0.Effect4.Codegen.PrintEliminators.layer.match_1.eq_1	[propext]
Effect4.Codegen.EraseTermTypes.typedCertificateHom._proof_3	[propext, Quot.sound]
_private.Effect4.Laws.Codegen.PrintTyped.0.Effect4.Codegen.PrintEliminators.rowChildDepthOK.match_1.eq_1	[]
Effect4.Codegen.EraseTermTypes.eraseProductJoin.match_5.congr_eq_1._sparseCasesOn_2	[propext]
_private.Effect4.Laws.Codegen.PrintTyped.0.Effect4.Program.actionRowHeaded.match_1.eq_3	[propext]
Effect4.Program.view_action.eq_6	[]
Effect4.Codegen.readCall_zero_excludes_head	[propext, Quot.sound]
Effect4.Pool.returnStep_scoped	[propext, Quot.sound]
Effect4.Codegen.EraseTermTypes.eraseProductJoin.match_1.congr_eq_1._sparseCasesOn_3	[propext]
Effect4.Codegen.TargetFold.expr.eq_22	[]
Effect4.Codegen.P2bRowSupport.perform_as_call	[propext, Quot.sound]
_private.Effect4.Laws.Codegen.PrintTyped.0.Effect4.Program.Node.childEnv.match_1.eq_8	[propext]
Effect4.Codegen.Templates.printArgs_lookup_some._proof_1_5	[propext, Quot.sound]
Effect4.Program.Node.childEnv.match_1.congr_eq_16	[propext]
_private.Effect4.Laws.Codegen.PrintTyped.0.Effect4.Codegen.EraseTermTypes.eraseFoldJoin.match_1.splitter	[propext]
Effect4.Codegen.Templates.countChildArgs_fold	[propext, Quot.sound]
Effect4.Codegen.eraseT.eq_1	[propext, Quot.sound]
_private.Effect4.Laws.Codegen.PrintTyped.0.Effect4.Program.printCall.match_3.eq_1	[]
Effect4.Codegen.typedErasesUpTo	[propext, Quot.sound]
Test.Program.RegistrationYield.W	[propext]
Effect4.Codegen.P2bRowSupport.tupleArgs_erases._simp_1_1	[propext]
_private.Effect4.Laws.Codegen.PrintTyped.0.Effect4.Codegen.eraseRowChildren.match_1.eq_2	[propext]
Test.Program.RegistrationYield.machine_typed	[propext, Quot.sound]
Effect4.Codegen.mapCalls_writeBytes	[propext]
_private.Effect4.Laws.Codegen.PrintTyped.0.Effect4.Codegen.EraseTermTypes.eraseNode.match_1.splitter._sparseCasesOn_21	[propext]
_private.Effect4.Laws.Codegen.PrintTyped.0.Effect4.Program.Node.childEnv.match_1.eq_41	[propext]
Effect4.Codegen.EraseTermTypes.eraseFoldJoin.match_1.congr_eq_1._sparseCasesOn_4	[propext]
Effect4.Codegen.Templates.printArgs_lookup_some.match_1_1	[propext, Quot.sound]
_private.Effect4.Laws.Codegen.PrintTyped.0.Effect4.Program.view_action.match_1.eq_1	[]
Effect4.Codegen.EraseTermTypes.typedCauseCertificateHom	[propext, Quot.sound]
_private.Effect4.Laws.Codegen.PrintTyped.0.Effect4.Program.Node.extSlotEnv.match_16.eq_3	[]
Effect4.Codegen.Templates.isChildArg_fold	[propext]
_private.Effect4.Laws.Codegen.PrintTyped.0.Effect4.Codegen.PrintEliminators.perform.match_4.eq_1	[]
Effect4.Program.readCall.eq_1	[propext, Quot.sound]
_private.Effect4.Laws.Codegen.PrintTyped.0.Effect4.Codegen.PrintEliminators.termAlg.match_7.splitter	[]
Effect4.Pool.wake_answers	[propext, Quot.sound]
Effect4.Codegen.TypedRowShapeSupport.printPerformAt_nodeLike	[propext, Quot.sound]
_private.Effect4.Laws.Codegen.PrintTyped.0.Effect4.Program.Node.childEnv.match_1.eq_48	[propext]
Effect4.Codegen.source_printArgs_transport	[propext, Quot.sound]
Effect4.Codegen.EraseTermTypes.eraseTerm_printTerm_not_lambda.match_1_3	[]
_private.Effect4.Laws.Codegen.PrintTyped.0.Effect4.Codegen.PrintEliminators.layer.match_12.eq_7	[]
Test.Program.RegistrationYield.yieldCurrent	[propext]
Effect4.Codegen.EraseTermTypes.eraseTerm_call	[propext]
_private.Effect4.Laws.Codegen.PrintTyped.0.Effect4.Program.Node.child.match_1.eq_27	[propext]
_private.Effect4.Laws.Codegen.PrintTyped.0.Effect4.Codegen.typedSites_cata_build.match_1.splitter	[]
Test.Program.RegistrationYield.config_typed	[propext, Quot.sound]
Effect4.Codegen.isRawRunInTpl._sparseCasesOn_8.else_eq	[propext]
_private.Effect4.Laws.Codegen.PrintTyped.0.Effect4.Codegen.Templates.typedLayer.match_1.eq_2	[propext]
Effect4.Codegen.EraseTermTypes.eraseRecordJoin.match_1.congr_eq_1._sparseCasesOn_4	[propext]
_private.Effect4.Laws.Codegen.PrintTyped.0.Effect4.Program.Node.binders.match_1.eq_2	[propext]
Effect4.Codegen.PrintEliminators.inst_acquireRelease_shape._simp_1_6	[propext, Quot.sound]
Effect4.Pool.errorsOf_never	[propext, Quot.sound]
_private.Effect4.Laws.Codegen.PrintTyped.0.Effect4.Program.Node.childEnv.match_1.eq_52	[propext]
Effect4.Program.Node.childEnv.match_1.congr_eq_51	[propext]
Effect4.Semaphore.Model.waiterC	[]
Effect4.Codegen.Templates.patternAt_atAddress	[propext, Quot.sound]
_private.Effect4.Laws.Codegen.PrintTyped.0.Effect4.Program.Node.childEnv.match_1.eq_38	[propext]
_private.Effect4.Laws.Codegen.PrintTyped.0.Effect4.Codegen.Templates.atAddress.match_1.eq_7	[]
Effect4.Codegen.EraseTermTypes.typedCertificateAlg._proof_7	[propext, Quot.sound]
_private.Effect4.Laws.Codegen.PrintTyped.0.Effect4.Codegen.TargetFold.expr.match_1.eq_19	[]
Effect4.Codegen.EraseTermTypes.typedOriginalHom	[propext, Quot.sound]
Effect4.Codegen.TypedRowShapeSupport.withFunction_rowHeadOwned	[propext, Quot.sound]
Effect4.Program.view_eff.match_1.congr_eq_5	[]
Effect4.Codegen.Templates.atAddress.eq_15	[]
Effect4.Codegen.Templates.ArgPat.holds_child	[propext]
Effect4.Codegen.EraseTermTypes.typedOriginalHom._proof_6	[propext, Quot.sound]
_private.Effect4.Laws.Codegen.PrintTyped.0.Effect4.Codegen.PrintEliminators.layer.match_9.splitter._sparseCasesOn_4	[propext]
_private.Effect4.Laws.Codegen.PrintTyped.0.Effect4.Program.Node.binders.match_1.splitter._sparseCasesOn_20	[propext]
Effect4.Codegen.rawRunInTpl	[]
_private.Effect4.Laws.Codegen.PrintTyped.0.Effect4.Program.view_action.match_1.eq_14	[]
Effect4.Codegen.PrintEliminators.decisionPatternBinds.eq_5	[propext]
_private.Effect4.Laws.Codegen.PrintTyped.0.Effect4.Codegen.EraseTermTypes.eraseProductJoin.match_1.splitter._sparseCasesOn_5	[propext]
_private.Effect4.Laws.Codegen.PrintTyped.0.Effect4.Codegen.EraseTermTypes.eraseFoldJoin.match_6.eq_2	[propext]
Effect4.Codegen.isRawRunInTpl._sparseCasesOn_7.else_eq	[propext]
_private.Effect4.Laws.Codegen.PrintTyped.0.Effect4.Codegen.PrintEliminators.layer.match_1.splitter._sparseCasesOn_2	[propext]
Effect4.Codegen.eraseRowChildren_printPerform	[propext, Quot.sound]
_private.Effect4.Laws.Codegen.PrintTyped.0.Effect4.Codegen.Templates.printPerformAt.match_5.eq_1	[]
Effect4.Codegen.PrintEliminators.inst_call2_shape	[propext, Quot.sound]
Effect4.Codegen.PrintEliminators.table_childDepths	[propext]
_private.Effect4.Laws.Codegen.PrintTyped.0.Effect4.Program.view_eff.match_1.eq_17	[]
Effect4.Codegen.EraseTermTypes.eraseProductJoin.match_1.congr_eq_2	[propext]
_private.Effect4.Laws.Codegen.PrintTyped.0.Effect4.Program.Node.childEnv.match_1.eq_7	[propext]
Effect4.Codegen.P2bRowSupport.call_erases._simp_1_1	[propext]
Effect4.Codegen.EraseTermTypes.rawPrintHom._proof_9	[propext, Quot.sound]
_private.Effect4.Laws.Codegen.PrintTyped.0.Effect4.Codegen.TargetFold.exprs.match_1.splitter	[]
Effect4.Pool.reads_mkItem	[propext]
Effect4.Program.withHeadTypes.match_1.congr_eq_1._sparseCasesOn_4	[propext]
Effect4.Codegen.readTyped_exact	[propext, Quot.sound]
Effect4.Pool.closeReply_normal	[propext, Quot.sound]
_private.Effect4.Laws.Codegen.PrintTyped.0.Effect4.Codegen.PrintEliminators.row.match_1.splitter	[]
Effect4.Codegen.EraseTermTypes.erasedPrintHom._proof_9	[propext, Quot.sound]
_private.Effect4.Laws.Codegen.PrintTyped.0.Effect4.Program.readCall.match_1.eq_2	[]
Effect4.Codegen.EraseTermTypes.eraseTerm_plainApp	[propext, Quot.sound]
Effect4.Codegen.PrintEliminators.find_site_interruptAll	[propext]
_private.Effect4.Laws.Codegen.PrintTyped.0.Effect4.Program.Decision.binds.match_1.eq_4	[]
_private.Effect4.Laws.Codegen.PrintTyped.0.Effect4.Codegen.TargetFold.expr.match_1.eq_7	[]
_private.Effect4.Laws.Codegen.PrintTyped.0.Effect4.Program.Node.child.match_1.eq_28	[propext]
_private.Effect4.Laws.Codegen.PrintTyped.0.Effect4.Program.Node.binders.match_1.eq_4	[propext]
Effect4.Codegen.EraseTermTypes.eraseTerm_strings	[propext]
Effect4.Codegen.EraseTermTypes.cause_both_certificate._simp_1_2	[propext]
Effect4.Codegen.eraseCaptures_printArgs	[propext, Quot.sound]
Effect4.Codegen.EraseTermTypes.eraseTerm_storedFold	[propext]
Effect4.Program.view_eff.match_1.congr_eq_10	[]
_private.Effect4.Laws.Codegen.PrintTyped.0.Effect4.Codegen.Record.writeRecord.match_1.eq_2	[]
Effect4.Codegen.EraseTermTypes.eraseProductJoin.eq_2	[propext]
_private.Effect4.Laws.Codegen.PrintTyped.0.Effect4.Program.printPerform.match_1.splitter	[]
Effect4.Codegen.PrintEliminators.causeAlg.eq_1	[propext, Quot.sound]
Effect4.Codegen.PrintEliminators.decisionPatternBinds.eq_3	[propext]
_private.Effect4.Laws.Codegen.PrintTyped.0.Effect4.Codegen.eraseExprRow.match_10.splitter	[]
Effect4.Codegen.typedErasesUpTo._proof_1_2	[propext, Quot.sound]
Effect4.Codegen.Templates.noneHom._proof_57	[propext, Quot.sound]
Effect4.Pool.borrower_typed	[propext, Quot.sound]
Effect4.Program.view_eff.match_1.congr_eq_23	[]
Effect4.Codegen.source_child_of_view	[propext]
Effect4.Codegen.metadataHom._proof_4	[propext]
Effect4.Program.view_eff.fun_cases_unfolding	[]
Effect4.Codegen.PrintEliminators.decorate_forkScoped_erases	[propext, Quot.sound]
Effect4.Semaphore.Model.visit_fromFirst	[propext, Quot.sound]
Effect4.Codegen.EraseTermTypes.typedCertificateHom._proof_10	[propext, Quot.sound]
_private.Effect4.Laws.Codegen.PrintTyped.0.Effect4.Codegen.eraseExprRow.match_1.eq_4	[propext]
Effect4.Codegen.PrintEliminators.layer.eq_3	[propext, Quot.sound]
Effect4.Codegen.EraseTermTypes.eraseNode_scoped	[propext]
Effect4.Program.withFunction.eq_3	[propext]
Effect4.Codegen.eraseRowJoin._sparseCasesOn_2.else_eq	[propext]
Effect4.Codegen.EraseTermTypes.eraseFoldJoin.match_1.congr_eq_2	[propext]
Test.Program.RegistrationYield.config_loop	[propext, Quot.sound]
Effect4.Codegen.PrintEliminators.decisionPatternBinds._sparseCasesOn_1.else_eq	[propext]
_private.Effect4.Laws.Codegen.PrintTyped.0.Effect4.Codegen.TypedPrintsTo.match_1.eq_7	[propext]
_private.Effect4.Laws.Codegen.PrintTyped.0.Effect4.Codegen.EraseTermTypes.eraseCauseTermJoin.match_1.splitter._sparseCasesOn_6	[propext]
_private.Effect4.Laws.Codegen.PrintTyped.0.Effect4.Codegen.TargetFold.expr.match_1.eq_13	[]
Effect4.Semaphore.Model.waitersValue	[propext]
Effect4.Codegen.targetFold_exprs_map	[propext]
Effect4.Codegen.EraseTermTypes.eraseTerm_printTerm_not_lambda	[propext, Quot.sound]
Effect4.Codegen.TypedPrintsTo._sparseCasesOn_4.else_eq	[propext]
_private.Effect4.Laws.Codegen.PrintTyped.0.Effect4.Codegen.eraseExprRow.match_1.eq_2	[propext]
_private.Effect4.Laws.Codegen.PrintTyped.0.Effect4.Program.Node.childEnv.match_1.splitter._sparseCasesOn_60	[propext]
_private.Effect4.Laws.Codegen.PrintTyped.0.Effect4.Program.addReceiver.match_1.splitter._sparseCasesOn_2	[propext]
_private.Effect4.Laws.Codegen.PrintTyped.0.Effect4.Program.exprHead?.match_1.splitter._sparseCasesOn_4	[propext]
Effect4.Pool.lease_attempt	[propext, Quot.sound]
_private.Effect4.Laws.Codegen.PrintTyped.0.Effect4.Program.Node.closedChild.match_1.eq_2	[propext]
_private.Effect4.Laws.Codegen.PrintTyped.0.Effect4.Codegen.eraseExprRow.match_4.eq_2	[propext]
_private.Effect4.Laws.Codegen.PrintTyped.0.Effect4.Codegen.TargetFold.expr.match_1.eq_17	[]
Effect4.Codegen.Templates.noneHom._proof_59	[propext, Quot.sound]
_private.Effect4.Laws.Codegen.PrintTyped.0.Effect4.Codegen.ListFold.write.match_1.eq_2	[]
_private.Effect4.Laws.Codegen.PrintTyped.0.Effect4.Codegen.TargetFold.expr.match_1.eq_20	[]
Effect4.Pool.leaseReply_at	[propext, Quot.sound]
_private.Effect4.Laws.Codegen.PrintTyped.0.Effect4.Program.printCall.match_1.eq_1	[]
_private.Effect4.Laws.Codegen.PrintTyped.0.Effect4.Program.Node.extSlotEnv.match_13.eq_2	[propext]
Effect4.Codegen.EraseTermTypes.eraseNode_nodeLike	[propext]
_private.Effect4.Laws.Codegen.PrintTyped.0.Effect4.Program.Node.binders.match_1.eq_5	[propext]
Effect4.Codegen.TargetFold.expr.eq_21	[]
Effect4.Codegen.eraseT_site_rigid_step._proof_1_1	[propext, Quot.sound]
Effect4.Codegen.PrintEliminators.view_eff_child_binders	[propext, Quot.sound]
Effect4.Codegen.Templates.printArgs_lookup_some	[propext, Quot.sound]
_private.Effect4.Laws.Codegen.PrintTyped.0.Effect4.Codegen.EraseTermTypes.eraseProductJoin.match_1.eq_1	[propext]
_private.Effect4.Laws.Codegen.PrintTyped.0.Effect4.Program.readCall.match_1.eq_1	[]
Effect4.Pool.acquireAll_scoped._f	[propext, Quot.sound]
Effect4.Pool.close_answers	[propext, Quot.sound]
_private.Effect4.Laws.Codegen.PrintTyped.0.Effect4.Program.view_eff.match_1.eq_27	[]
_private.Effect4.Laws.Codegen.PrintTyped.0.Effect4.Codegen.EraseTermTypes.eraseFoldJoin.match_1.eq_2	[propext]
Effect4.Codegen.EraseTermTypes.typedCertificateAlg._proof_6	[propext, Quot.sound]
_private.Effect4.Laws.Codegen.PrintTyped.0.Effect4.Codegen.PrintEliminators.printArg.match_1.splitter._sparseCasesOn_4	[propext]
Effect4.Pool.leaseReply_nodes._simp_1_1	[propext]
_private.Effect4.Laws.Codegen.PrintTyped.0.Effect4.Program.splitHeadTypes.match_1.eq_3	[propext]
_private.Effect4.Laws.Codegen.PrintTyped.0.Effect4.Program.table.match_1.splitter._sparseCasesOn_4	[propext]
Effect4.Codegen.eraseT_print	[propext, Quot.sound]
Effect4.Pool.item_nodes._simp_1_3	[propext]
_private.Effect4.Laws.Codegen.PrintTyped.0.Effect4.Codegen.EraseTermTypes.eraseNode.match_1.splitter._sparseCasesOn_15	[propext]
_private.Effect4.Laws.Codegen.PrintTyped.0.Effect4.Codegen.EraseTermTypes.eraseFoldJoin.match_10.eq_1	[propext]
Effect4.Codegen.EraseTermTypes.eraseCauseTermJoin.match_1.congr_eq_1._sparseCasesOn_3	[propext]
Effect4.Codegen.Templates.noneHom._proof_23	[propext, Quot.sound]
Effect4.Codegen.EraseTermTypes.eraseCauseTermJoin.fun_cases_unfolding	[propext]
Effect4.Codegen.eraseT_site_print	[propext, Quot.sound]
Effect4.Codegen.Template.lookup_attach_map	[propext, Quot.sound]
Effect4.Program.Node.childEnv.match_1.congr_eq_36	[propext]
_private.Effect4.Laws.Codegen.PrintTyped.0.Effect4.Codegen.PrintEliminators.need.match_1.splitter	[]
_private.Effect4.Laws.Codegen.PrintTyped.0.Effect4.Program.Node.childEnv.match_1.eq_36	[propext]
Effect4.Codegen.PrintEliminators.find_site_closeScope	[propext]
_private.Effect4.Laws.Codegen.PrintTyped.0.Effect4.Codegen.Templates.atAddress.match_1.eq_15	[]
_private.Effect4.Laws.Codegen.PrintTyped.0.Effect4.Codegen.EraseTermTypes.eraseNode.match_1.eq_1	[propext]
_private.Effect4.Laws.Codegen.PrintTyped.0.Effect4.Program.actionRowHeaded.match_1.eq_1	[propext]
Effect4.Pool.wake_scoped	[propext, Quot.sound]
_private.Effect4.Laws.Codegen.PrintTyped.0.Effect4.Codegen.PrintEliminators.termAlg.match_5.splitter._sparseCasesOn_4	[propext]
_private.Effect4.Laws.Codegen.PrintTyped.0.Effect4.Codegen.Templates.Fixed.holds.match_1.splitter._sparseCasesOn_13	[propext]
Effect4.Pool.errorsOf.match_1	[]
_private.Effect4.Laws.Codegen.PrintTyped.0.Effect4.Program.Node.binders.match_1.eq_7	[propext]
_private.Effect4.Laws.Codegen.PrintTyped.0.Effect4.Codegen.TargetFold.expr.match_1.eq_1	[]
_private.Effect4.Laws.Codegen.PrintTyped.0.Effect4.Program.printCall.match_1.splitter	[]
Effect4.Codegen.EraseTermTypes.eraseRecordJoin_call	[propext, Quot.sound]
_private.Effect4.Laws.Codegen.PrintTyped.0.Effect4.Codegen.Templates.atAddress.match_1.eq_16	[]
Effect4.Codegen.TargetFold.expr.eq_23	[]
_private.Effect4.Laws.Codegen.PrintTyped.0.Effect4.Codegen.eraseExprRow.match_4.eq_3	[propext]
Effect4.Codegen.EraseTermTypes.rawPrintHom._proof_2	[propext, Quot.sound]
Effect4.Codegen.EraseTermTypes.typedCertificateAlg._proof_3	[propext, Quot.sound]
Effect4.Codegen.metadataHom._proof_2	[propext]
Effect4.Program.Node.childEnv.match_1.congr_eq_38	[propext]
_private.Effect4.Laws.Codegen.PrintTyped.0.Effect4.Codegen.PrintEliminators.layer.match_9.splitter	[propext]
Effect4.Program.Node.childEnv.match_1.congr_eq_5	[propext]
Effect4.Codegen.find_perform_row	[propext]
