# summary of step5-check-ocaml.log (14155 lines): the make commands, then everything from the first dune command on
1:lake build
12197:cd ocaml && opam exec --switch=effect4 -- dune build && opam exec --switch=effect4 -- dune test eff gen clock
12288:cd ocaml && opam exec --switch=effect4 -- dune test engine
14146:opam exec --switch=effect4 -- bash ocaml/engine/tools/gen-check.sh
## from line 12197
cd ocaml && opam exec --switch=effect4 -- dune build && opam exec --switch=effect4 -- dune test eff gen clock
== G0. the generated engine runs a program (Api.run, fuel 1000) ==
  p42: outcome=finished fibers=1 exit=success 42
PASS p42 exits success 42
  pFork: outcome=finished fibers=2 exit=success ctor 0 [7]
PASS pFork exits success (ctor 0 [7]), two fibers
  pAwait: outcome=frontier fibers=1 exit=<no exit>
PASS pAwait parks on the deferred (no exit, frontier)
== generated option atoms (bounded smoke checks) ==
PASS isSome none is false
PASS isSome some unit is true
PASS getOrElse none selects the default
PASS getOrElse some selects its payload
PASS getOrElse retains a nested none payload
PASS isSome refuses a malformed outer shape
PASS getOrElse refuses a malformed outer shape
PASS getOrElse preserves the selected payload handle
PASS getOrElse preserves the selected default handle
== ALL PASS: 0 failure(s) ==
  program           bytes decode   re-encode  JSON   Lean  typeOf
  p42                  66 ok       identical  equal  typed {"answer":["nat"],"error":["never"],"requir…
  pBind               199 ok       identical  equal  typed {"answer":["nat"],"error":["never"],"requir…
  pFork               290 ok       identical  equal  typed {"answer":["exitOf",["nat"],["never"]],"err…
  pTwo                599 ok       identical  equal  typed {"answer":["exitOf",["nat"],["never"]],"err…
  pAwait              159 ok       identical  equal  typed {"answer":["nat"],"error":["nat"],"requires…
  pGen                274 ok       identical  equal  typed {"answer":["nat"],"error":["never"],"requir…
  pWhile              397 ok       identical  equal  typed {"answer":["unit"],"error":["never"],"requi…
  pCatch              151 ok       identical  equal  typed {"answer":["nat"],"error":["never"],"requir…
  pStr                 76 ok       identical  equal  typed {"answer":["string"],"error":["never"],"req…
  pFailCause          313 ok       identical  equal  typed {"answer":["never"],"error":["nat"],"requir…
  pYieldError          67 ok       identical  equal  ill   ill-typed
  pSync               202 ok       identical  equal  typed {"answer":["nat"],"error":["never"],"requir…
  pSuspend             74 ok       identical  equal  typed {"answer":["unit"],"error":["never"],"requi…
  pMatch              267 ok       identical  equal  typed {"answer":["bool"],"error":["never"],"requi…
  pOnExit             114 ok       identical  equal  typed {"answer":["nat"],"error":["never"],"requir…
  pExit                86 ok       identical  equal  typed {"answer":["exitOf",["never"],["nat"]],"err…
  pMasks              104 ok       identical  equal  typed {"answer":["nat"],"error":["never"],"requir…
  pBranch             218 ok       identical  equal  typed {"answer":["nat"],"error":["nat"],"requires…
  pSelectBool         217 ok       identical  equal  typed {"answer":["nat"],"error":["never"],"requir…
  pSelectOption       337 ok       identical  equal  typed {"answer":["nat"],"error":["never"],"requir…
  pSelectTag          342 ok       identical  equal  typed {"answer":["nat"],"error":["never"],"requir…
  pIterate            387 ok       identical  equal  typed {"answer":["nat"],"error":["never"],"requir…
  pIterateAnswer      294 ok       identical  equal  typed {"answer":["nat"],"error":["never"],"requir…
  pCallback           159 ok       identical  equal  typed {"answer":["nat"],"error":["nat"],"requires…
  pJoin               291 ok       identical  equal  typed {"answer":["nat"],"error":["never"],"requir…
  pScoped             320 ok       identical  equal  typed {"answer":["fiberOf",["nat"],["never"]],"er…
  pAcquire            168 ok       identical  equal  typed {"answer":["handle","Ref.Ref<number>"],"err…
  pPair               270 ok       identical  equal  typed {"answer":["nat"],"error":["never"],"requir…
  pStmts              599 ok       identical  equal  typed {"answer":["nat"],"error":["never"],"requir…
  pActions           1836 ok       identical  equal  typed {"answer":["nat"],"error":["never"],"requir…
  pOps               2667 ok       identical  equal  typed {"answer":["nat"],"error":["nat"],"requires…
  pIll                135 ok       identical  equal  ill   ill-typed
  pIllRet             209 ok       identical  equal  ill   ill-typed
  pIllReq              86 ok       identical  equal  ill   ill-typed
  pIllBreak            75 ok       identical  equal  ill   ill-typed
  pIllBranch          217 ok       identical  equal  ill   ill-typed
  pIllJoin            217 ok       identical  equal  typed {"answer":["union",["nat"],["bool"]],"error…
  pIllVar              45 ok       identical  equal  ill   ill-typed
  pIllCallback        168 ok       identical  equal  typed {"answer":["nat"],"error":["never"],"requir…
  pIllStep            349 ok       identical  equal  ill   ill-typed
  pIllInterruptor      95 ok       identical  equal  ill   ill-typed
  pProvide            945 ok       identical  equal  typed {"answer":["nat"],"error":["never"],"requir…
  pSleep              180 ok       identical  equal  typed {"answer":["nat"],"error":["never"],"requir…
  pDiamond            346 ok       identical  equal  ill   ill-typed
  pMergeAll           729 ok       identical  equal  typed {"answer":["bool"],"error":["never"],"requi…
  pExternal            84 ok       identical  equal  ill   ill-typed
  pIllExternalDomain    160 ok       identical  equal  ill   ill-typed
  pFailText            70 ok       identical  equal  typed {"answer":["never"],"error":["string"],"req…
  pIllFailBool         67 ok       identical  equal  ill   ill-typed
  pIllCauseBool        85 ok       identical  equal  ill   ill-typed
  pCatchError         179 ok       identical  equal  typed {"answer":["nat"],"error":["never"],"requir…
  pCatchIf            292 ok       identical  equal  typed {"answer":["nat"],"error":["nat"],"requires…
  pIllCatchIf         179 ok       identical  equal  ill   ill-typed
test_eff: 451 checks, 0 failures
PASS exact clock: decimal, arithmetic, order and checked observation
prop_wire: 6250 checks, 0 failures (seed 42)
test_val_frames: the ref (11) and handle (12) frames
  val_handle       59 bytes  emit=golden  decode=tree
  val_ref          75 bytes  emit=golden  decode=tree
test_val_frames: 26 checks, 0 failures
  program       bytes  decode    re-encode  vs goldens/<name>.bin
  p42              66  ok        identical  identical
  pAwait          159  ok        identical  identical
  pBind           199  ok        identical  identical
  pCatch          206  ok        identical  differs at 8 (8e vs c5) — different programs, same name
  pFork           290  ok        identical  identical
  pGen            484  ok        identical  differs at 8 (09 vs db) — different programs, same name
  pLoop           494  ok        identical  (no golden of that name)
  pScope          329  ok        identical  (no golden of that name)
test_lean_wire: 117 checks, 0 failures
metadata: 167 checks passed
cd ocaml && opam exec --switch=effect4 -- dune test engine
-- E4_due: ORD-FAM, declared once (design §2.2)
PASS  due-ordinals  eight families, ordinals 0..7, ascending, no hole, no duplicate
PASS  due-ordinals  Deferred is 0 (the byte-identity licence: dueResumes IS deferreds.drainDue)
PASS  due-ordinals  the declared order is Deferred Timer Memo Queue Semaphore Latch PubSub External
PASS  due-ordinals  the ordinal is injective (an ordinal is a position in a content table)
-- E4_due: the property statements of A3 §2.2
PASS  due-family-order  P-U1 (concatenation in ORD-FAM order)
PASS  due-family-order  P-U1 (to_list mentions every family, empty lists included)
PASS  due-registration-order  P-U2 (owe/owe_all append at the tail, others untouched)
PASS  due-drained-once  P-U3
PASS  due-exactly-once  P-U4 (every owed resume returned by exactly one drain)
PASS  due-persistent  U5
-- E4_due: the ORD-FAM mutation test
PASS  due-family-order-mutation  the declared order delivers Deferred first
PASS  due-family-order-mutation  swapping Deferred and Timer is OBSERVABLE
PASS  due-family-order-mutation  drain_under families IS drain, on every random state
PASS  due-family-order  with only Deferred owing, every order agrees (the §2.2 licence)
NOTE  the mutation is run as data (drain_under swapped), so the law is checked by this binary and not by editing e4_due.ml
== ALL PASS: 0 failure(s) ==
PASS mailbox-fifo
PASS mailbox-bounded-refuse
PASS mailbox-exactly-once
PASS mailbox-stamp-monotone
PASS mailbox-wake
PASS mailbox-wait-broadcast
     mailbox-refuse-never-drop: 4 producer domains x 5000, 288468 refusals at bound 8
PASS mailbox-refuse-never-drop
PASS inbox-fifo
PASS inbox-close
PASS reply-once
PASS ring-bounded-gap
PASS ring-single-writer
PASS quiescence-counter
PASS quiescence-timeout
PASS trigger-once
PASS trigger-signal-before-await
PASS trigger-double-signal
PASS admit-pure
PASS admit-monotone
     B-Q4a  8 producer domains x 100000 pushes into one mailbox (bound 4096, pop_batch 64)
            attempts 800000 = accepted 800000 + refused 0 ; contended 62863 = 7.858 %
            0.183 s, 4375864 accepted pushes/s
PASS bench-q4a-no-drop
== ALL PASS: 0 failure(s) ==
-- E4_wake: W1, registration order
PASS  wake-registration-order  W1 (register appends; the list is request order)
PASS  wake-registration-order  W1 (completion hands every waiter back IN REQUEST ORDER)
PASS  wake-registration-order  W1 (the token travels with the waiter)
PASS  wake-registration-order  W1 (and the cell is left with no waiter)
-- E4_wake: W2, register on a settled cell
PASS  wake-settled-register  W2 (a settled cell answers now)
PASS  wake-settled-register  W2 (and appends to NO reaction list)
PASS  wake-settled-register  W2 (a pending cell parks and retains the subscription)
PASS  wake-refuse  an unknown cell is Refuse, never a hang (gap G1)
-- E4_wake: W3, completion is once
PASS  wake-complete-once  W3 (the first completion settles and bumps the phase)
PASS  wake-complete-once  W3 (it clears the waiter list AND hands every waiter back -- F5c)
PASS  wake-complete-once  W3 (a second complete reports Already and changes NOTHING)
PASS  wake-complete-once  W3 (an unknown cell is Unknown)
-- E4_wake: W4, the cancelled waiter owes one wake
PASS  wake-cancel-owes  W4 (phase unchanged: Removed, and the waiter is spliced out)
PASS  wake-cancel-owes  W4 (phase advanced: Owes_wake, naming the next waiter)
PASS  wake-cancel-owes  W4a (phase advanced, no waiter left: the obligation is vacuous)
PASS  wake-cancel-owes  W4 (an unknown cell is Unknown)
PASS  wake-cancel-owes  W4 (a second cancel of the same waiter changes nothing)
-- E4_wake: W5, capture
PASS  wake-capture  W5 (at_phase is written once at registration, never rewritten)
PASS  wake-capture  W5 (a later cell cannot retarget an outstanding wake: ids are never reused)
PASS  wake-capture  W5 (a waiter registered after a phase bump captures the NEW phase)
-- E4_wake: W6, coalescing is the phase equality
PASS  wake-coalesce  W6 (at most one pending wake per (cell, waiter))
PASS  wake-coalesce  W6 (the phase counts every signal; the cell is not settled)
PASS  wake-coalesce  W6 (a signal on an unknown cell wakes nobody and settles nothing)
PASS  wake-coalesce  W6 (count <= 0 takes no waiter and still bumps the phase -- F5a's rule)
-- E4_wake: DL3, the Delay budget
PASS  wake-delay-budget  DL3 (the bound is a named constant, 1024, and is not max_int)
PASS  wake-delay-budget  DL3 (a row that never becomes ready is a FRONTIER naming the row)
PASS  wake-delay-budget  DL3 (a ready row answers and consumes no budget)
PASS  wake-delay-budget  DL3 (an unknown cell is refused, never spun on)
NOTE  DL1/DL2 are the driver's obligations (no frame consumed, no fuel, no trace row, no tape entry); this module supplies the bound and the store answer, and holds no counter
-- E4_wake: persistence (brief rule 3)
PASS  wake-persistent  an older value answers every question exactly as before
== ALL PASS: 0 failure(s) ==
-- the WHATWG fixtures (design §1.1.4)
PASS  whatwg-f1  W5 -- the wake carries the completion of the cell it registered at
PASS  whatwg-f1  W5 -- a later cell cannot be mistaken for the captured one
PASS  whatwg-f2  W2 -- register on a pending cell retains the subscription
PASS  whatwg-f2  W2 -- register on a settled cell is answered now, the list untouched
PASS  whatwg-f3  a pending read creates demand even at zero high-water-mark
PASS  whatwg-f3  the offer passes THROUGH: the cell is never settled and never refuses full
PASS  whatwg-f4  W1 -- close fulfils every pending waiter in REQUEST order
PASS  whatwg-f4  W1 -- error rejects them in the SAME order
PASS  whatwg-f5a  W3/W6 -- completing a cell with NO waiter still bumps the phase
PASS  whatwg-f5b  W2 -- a settled branch appends to NO reaction list, however often it is asked
PASS  whatwg-f5c  W3 -- complete CLEARS the waiters and APPENDS them to due, in one step
== ALL PASS: 0 failure(s) ==
-- E4_nat: the 63-bit host profile (ocaml/gen/NOTES.md §5)
PASS  N4 bits = Sys.int_size
PASS  N4 max_nat = max_int and is 2^(bits-1) - 1
PASS  N4 wire_limit = max_nat (D1: 2^62 is not an OCaml int)
PASS  N4 fits_wire: 0, max_nat yes; -1 no
PASS  N4 is_nat 0 / max_nat / -1
PASS  N1 pow 2 10 = 1024
PASS  N1 pow 2 61 = 2^61 exactly
PASS  N1 pow 2 62 = max_nat (2^62 saturates)
PASS  N1 pow 2 64 = max_nat (Val.wf's `< 2^64` reads as `< max_int`)
PASS  N1 pow 10 18 = 10^18 exactly
PASS  N1 pow 10 19 = max_nat
PASS  N1 pow 0 0 = 1, pow 0 5 = 0, pow 5 0 = 1
PASS  N1 pow 1 max_nat = 1 (terminates: the fixed-point exit)
PASS  N1 pow 2 1000000000 = max_nat (terminates)
PASS  N1 pow 2 b = 1 lsl b for every b <= 61
PASS  N7 pow = Translate.powClamped on 1491 (a,b) pairs
PASS  N1 of_lit_decimal "1947" = 1947
PASS  N1 of_lit_decimal "0" = 0
PASS  N1 of_lit_decimal (2^62 - 1) is exact
PASS  N1 of_lit_decimal (2^62) saturates to max_nat
PASS  N1 of_lit_decimal (2^64) saturates to max_nat
PASS  N1 of_lit_decimal refuses "" and "12a"
PASS  N1 of_lit is the identity in range, max_nat on a negative
PASS  N2 div 7 2 = 3, div 7 0 = 0, div 0 0 = 0
PASS  N2 rem 7 2 = 1, rem 7 0 = 7, rem 0 0 = 0
PASS  N2 div/rem never raise Division_by_zero
PASS  N3 sub 5 3 = 2, sub 3 5 = 0, sub 0 max_nat = 0
PASS  N3 pred 0 = 0, pred 1 = 0
PASS  N1 add max_nat 1 = max_nat, add max_nat max_nat = max_nat
PASS  N1 add is exact below the bound
PASS  N1 mul max_nat 2 = max_nat, mul is exact below the bound
PASS  N1 succ max_nat = max_nat
PASS  N1 saturates max_nat 2 / 2 3 / 0 anything
PASS  N5 shift_left 1 61 = 2^61, shift_left 1 62 = max_nat
PASS  N5 shift_left 3 62 = max_nat, shift_left 0 100 = 0
PASS  N5 shift_right 1024 3 = 128
PASS  N5 shift_right max_nat 62 = 0 and at bits/64/1000 = 0 (OCaml's lsr is undefined there)
PASS  N5 land_/lor_/lxor_
PASS  edge 2^62-1 = max_int is carried exactly
PASS  edge 2^62 is unreachable: every route to it answers max_nat
PASS  edge max_int is a fixed point of succ/add 1/mul 1
PASS  N6 total: 14 operations over 169 input pairs, no exception
-- E4_hex: Digest.lean:62-93 and its #guards (:306-314)
PASS  H1 of_bytes [255;10] = "ff0a"
PASS  H1 of_bytes "" = ""
PASS  H2 to_bytes "ff00" = Some [255;0]
PASS  H2 to_bytes "FF0a" = Some [255;10] (either case)
PASS  H5 to_bytes "g0" = None
PASS  H5 to_bytes "0" = None (odd length)
PASS  H5 to_bytes "" = Some ""
PASS  H5 to_bytes refuses a non-digit anywhere
PASS  H3 to_bytes (of_bytes b) = Some b, 400 random byte strings
PASS  H4 of_bytes (to_bytes h) = lowercase h, 400 mixed-case strings
PASS  H2 digest_of_hex of the uppercase e3b0… digest = digest ""
PASS  H5 digest_of_hex "e3b0" = None, "" = None
PASS  H1 of_bytes output is lowercase and 2n long
-- E4_be: the framing of Canonical.lean / Wire.lean as eff_frame.ml writes it
PASS  B2 be64 0 is eight zero bytes
PASS  B2 be64 1 / 0x39 / 0x0102030405060708
PASS  B2 framed 10 "" is nine bytes, tag then a zero length
PASS  B2 framed tag p = tag :: be64 (length p) ++ p
PASS  B2 frame_length n = 9 + n
PASS  B2 read_be64 (be64 n) = Some n, 2000 random n in 0..max_nat
PASS  B5 read_be64 refuses a top byte >= 0x40 (a length at or above 2^62)
PASS  B4 read_be64 refuses a truncated window and a negative position
PASS  B4 be64 raises Invalid_argument on a negative int
PASS  B4 read_frame refuses a header shorter than 9 bytes
PASS  B4 read_frame refuses a length that runs past the limit
PASS  B4 exact_frame refuses trailing bytes
PASS  B4 exact_frame (framed t p) = Some (t, p)
PASS  B2 exact_frame (framed tag p) = Some (tag, p), 1000 random frames
PASS  B3 nat_digits 0 = "", 1 = [1], 255 = [255], 256 = [1;0], 1947 = [0x07;0x9b]
PASS  B3 nat_of_digits (nat_digits n) = Some n and no leading zero, 2000 random n
PASS  B4 nat_of_digits refuses a leading zero digit
PASS  B5 nat_of_digits refuses nine digits and eight with a top byte >= 0x40
PASS  B6 the readers are total on 300 random strings, positions and limits
PASS  B1 golden p42.bin (66 bytes, embedded): outer frame reads and re-frames
PASS  B1 golden pAcquire.bin (168 bytes, embedded): outer frame reads and re-frames
PASS  B1 both goldens are ctor frames (tag 10, Canonical.lean's constructor tag)
PASS  B1 every golden in ../../../../eff/goldens (53 *.bin): outer frame reads and re-frames
-- E4_sha256: FIPS 180-4, and the #guards of src/Effect4/Store/Digest.lean
PASS  S1 sha256 "" = e3b0c442…b855
PASS  S1 sha256 "abc" = ba7816bf…f20015ad
PASS  S1 sha256 (56-byte NIST message) = 248d6a61…c7f89
PASS  S1 sha256 (112-byte NIST message) = cf5b16a7…ee9d1
PASS  S1 sha256 (one million 'a', streamed in 1000-byte chunks) = cdc76e5c…12cd0
PASS  S2 Digest.lean:303  sha256 [0xb4,0x19,0x0e] = dff2e730…975c2
PASS  S2 Val.lean:1153  (Val.encode sampleEntry).length = 74
PASS  S2 Val.lean:1154  take 10 = [0x0a,0,0,0,0,0,0,0,0x41,0x02]
PASS  S2 Val.lean:1155  drop 63 = [0x02,0,0,0,0,0,0,0,0x02,0x07,0x9b]
PASS  S2 Digest.lean:315  sha256 (Val.encode sampleEntry) = 8fab1618…0661fa
PASS  S3 every two-way split of a 249-byte message equals the one-shot digest
PASS  S3 200 random multi-chunk feeds equal the one-shot digest
PASS  S4 digest is 32 bytes, hex is 64 lowercase characters
PASS  S4 digest_sub is digest of the window
PASS  D1 a finished context refuses a second finish and any update
PASS  S4 update refuses a window out of range
-- E4_sha256: throughput
NOTE  sha256 of 64 MiB: 0.484 s CPU = 138.8 MB/s (digest 281e519df3077b55…)
PASS  S6 the 64 MiB digest is 32 bytes and the run completed
== ALL PASS: 0 failure(s) ==
== lane Q2: the timer store (OCaml 5.1.1) ==
-- P-T1 now moves only under advance / pop_due, and never backwards
PASS  timers-now-monotone empty starts at tick 0
PASS  timers-now-monotone registration does not move the clock
PASS  timers-now-monotone now (advance ~by:d) = now + d
PASS  timers-now-monotone advance ~by:0 is a no-op on the clock
PASS  timers-now-monotone advance_to sets the clock at the target
PASS  timers-now-monotone pop_due stages the clock at the fired deadline, monotonically
PASS  timers-now-monotone the staged drain leaves the clock at the last fired deadline
PASS  timers-now-monotone advance_to below now is Invalid_argument
PASS  timers-now-monotone advance ~by:(-1) is Invalid_argument
PASS  C2 E4_time.advance_to below now raises
PASS  C3 advance_by = advance_to (now + by)
PASS  C2 reaches agrees with what advance_to accepts
-- P-T2 a timer fires only when due, and every due timer fires
PASS  timers-due-exact fired ~upto = exactly the registered timers with deadline <= upto
PASS  timers-due-exact advance_to fires exactly `fired ~upto:target`
PASS  timers-due-exact the rest are exactly the not-due timers
PASS  timers-due-exact `fired` is free: it moves nothing
PASS  timers-due-exact fired ~upto below now is [] and does not raise
-- P-T3 fire order is deadline, then registration
PASS  timers-fire-order the fire list is strictly ascending under (deadline, seq)
PASS  timers-fire-order every timer of the table fires at upto = span - 1
PASS  timers-fire-order equal deadlines fire in registration order, earlier first
PASS  timers-fire-order the park token is the registration number, ascending
PASS  timers-fire-order `min` is the head of the fire list
PASS  timers-fire-order TIM-UNIQ: every (deadline, seq) is distinct
PASS  timers-fire-order to_list is priority-ascending, not key-ascending
-- P-T4 cancel removes the entry, and it never fires again
PASS  timers-cancel the cancelled keys are gone
PASS  timers-cancel cancel_keeps: everything else is untouched
PASS  timers-cancel the size drops by exactly the number cancelled
PASS  timers-cancel a cancelled timer never fires, at any upto
PASS  timers-cancel is idempotent, and a no-op on an unknown key
PASS  timers-cancel does not move the clock or the counter
PASS  timers-cancel remove_by_key is cancel
PASS  timers-cancel cancelling all of them empties the table
-- P-T5 sleep 0 registers nothing; sleep Inf never fires; the domain bounds
PASS  timers-edges sleep (Fin 0) registers nothing and answers None
PASS  timers-edges sleep Inf registers and takes a token
PASS  timers-edges an Inf timer never fires under a finite advance
PASS  timers-edges an Inf timer survives the advance that fires everything else
PASS  timers-edges Inf is the deadline that comes back out
PASS  timers-edges Inf is above every finite time
PASS  timers-edges max_deadline_ms is the named constant, not max_int
PASS  timers-edges a deadline exactly at max_deadline_ms is admissible
PASS  timers-edges a deadline above max_deadline_ms is Invalid_argument, not clamped
PASS  timers-edges now + d above the bound is Invalid_argument
PASS  timers-edges a negative duration is refused (R6: the fold to zero is the row's)
PASS  timers-edges time_add: now + d, and Inf absorbs
PASS  timers-edges an empty store fires nothing and has no min
PASS  timers-edges lookups on an unknown key answer None
PASS  timers-edges C1: the clock cannot be built outside the domain
-- P-T6 staged = batched (iterate_eq_advance)
PASS  timers-staged-eq-batched the staged loop and advance_to agree on fires, order, clock and table (40 random tables)
PASS  timers-staged-eq-batched between fires the staged clock is the fired deadline
PASS  timers-staged-eq-batched the batched clock is the target at the end
PASS  timers-staged-eq-batched advance ~by:d = advance_to ~target:(now + d)
-- P-T7 wf is preserved by every operation
PASS  timers-wf 3000 random sleep/cancel/pop_due/advance steps keep wf and the clock
PASS  timers-wf empty is wf
PASS  timers-wf to_list -> of_list is the identity on (now, next_seq, table)
PASS  timers-wf of_list refuses TIM-FRESH (a key at or above next_seq)
PASS  timers-wf of_list refuses TIM-PAST (a deadline before now)
PASS  timers-wf of_list refuses TIM-UNIQ (a repeated registration number)
PASS  timers-wf of_list refuses a deadline outside the domain
PASS  timers-wf of_list refuses a clock outside the domain
PASS  timers-wf of_list accepts an Inf deadline at any clock
-- the mutation test: advance_to must refuse a target below now (R1)
PASS  timers-mutation-advance-backwards advance_to ~target:(now - 1) raises
PASS  timers-mutation-advance-backwards advance_to ~target:0 on a moved clock raises
PASS  timers-mutation-advance-backwards advance ~by a negative duration raises
PASS  timers-mutation-advance-backwards advance_to ~target:now is accepted and fires nothing new
PASS  timers-mutation-advance-backwards the refusal leaves the store untouched
PASS  timers-mutation-advance-backwards E4_time carries the guard (the mutation point)
NOTE  were the guard dropped, `advance_to t ~target:0` on this store would answer now = 0 with 10 timers whose deadlines are below the clock: TIM-PAST breaks, `timers-wf` and `timers-now-monotone` go red with it.
PASS  timers-mutation-advance-backwards the clock's domain top is guarded too
-- the workshop witnesses (workshop/Timer/Timer.lean:606-624) replayed
PASS  workshop #guard (advance 10 w1).due = [1, 2]
PASS  workshop #guard (advance 10 w1).table.map waiter = [3]
PASS  workshop #guard (advance 10 w1).now = 10
PASS  workshop #guard (advance 25 w1).due = [1, 2, 3]
PASS  workshop #guard staged: (fireNext 25 w1) = some (waiter 1, now 10)
PASS  workshop #guard (advance 25 w2).due = [1, 2, 4, 3]
PASS  workshop #guard (advance 25 (cancel 1 w1)).due = [1, 3]
PASS  workshop #guard (advance 1000 (sleep inf 9 w1)).due = [1, 2, 3]
PASS  workshop #guard (sleep (fin 0) 7 w1) = (w1, none) and the table is still 3
PASS  workshop #guard the registration number is the park token: (sleep (fin 5) 8 w1).2 = some 3
-- T7 persistence and the canonical form
PASS  timers-persistent the original value still answers the original questions
PASS  timers-persistent every intermediate value is still itself
PASS  timers-persistent two stores with the same now, next_seq and to_list agree
PASS  timers-persistent of_list does not depend on the input order (to_list is canonical)
PASS  timers-persistent size / length / is_empty agree

all timer checks passed
PASS T1 set-absent-is-a-no-op (physically the same table)
PASS T2 set-present-replaces (find_opt and bindings)
PASS T3 add-fresh-appends on a dense table (cardinal + to_list)
PASS T4 bindings ascending, and mapi of to_list when dense
PASS T5 fold and filter_map visit in ascending key order; for_all's answer is the conjunction
PASS T6 agreement with the list twin over 12000 random ops
PASS T7 persistence: no operation mutates its argument
PASS T8 snapshot = the value [by construction: 'a t is a record of an int and an immutable list or Map; no mutable field anywhere]
PASS R6a canonical representation: is_small <-> cardinal <= 0 (4000 ops, across the threshold)
PASS R6b representation independence: same bindings, cardinal and is_small by any route
PASS TL2 the twin's insertion order = ascending bindings on monotone allocation
== ALL PASS: 0 failure(s) ==
PASS TR1 to_list (emit evs t) = to_list t @ evs (4000 emits)
PASS TR8 agreement with the list twin (4000 emits)
PASS TR2 emit [] t == t (physically equal, both carriers)
PASS TR4 length t = List.length (to_list t), maintained incrementally
PASS TR5 persistence: t is unchanged by any emit on it
PASS TR6 the reversal is stable: same events, any chunking, same to_list
PASS TR7 nth_opt i t = List.nth_opt (to_list t) i, None outside the range
PASS TR9 nth_opt is the reading axis: 6003 rows (23 frozen chunks + a tail), every index forward, backward and strided
PASS TR3 emit is O(length evs); to_list is O(length t), called once per run [by construction: emit is one E4_log.Vec.append per event onto the open chunk (a cons, plus one 256-element array and one Map insertion every 256 events) and never walks t; to_list is one Vec.fold and one List.rev; the numbers are in test/bench_carriers.ml]
== ALL PASS: 0 failure(s) ==
PASS MM1 find_opt is entryAt: the FIRST binding under the path
PASS MM2 insert KEEPS the existing binding; the twin appends and observes the same
PASS MM3 update is a no-op on an absent key (physically the same table)
PASS MM4 delete removes EVERY matching entry
PASS MM5 lookup is MemoWorld.get: own map first, parent chain, fuel = |world| + 1 (a forged cycle answers None)
PASS MM6a bindings is ascending by path (lexicographic, prefix first), NOT insertion order
PASS MM6b the twin's observable bindings is the same list
PASS MM7 agreement with the Lean list at every path over 12000 random ops
PASS MM6 the order difference is unobservable [by construction: entryAt, updateEntry and deleteEntry are all BY KEY; no run-path reader iterates entries (Stores.lean:866-886)]
== ALL PASS: 0 failure(s) ==
PASS ST1 peek is refPeek: peek k h = heap[k]? on a dense heap
PASS ST2 poke is refPoke and is a NO-OP out of range (no insertion, same heap)
PASS ST3 grow is refMake: fresh key = heap.length, to_list = heap ++ [v]
PASS ST4 cell_at / set_cell / make_cell are DeferredStore.cellAt / setCell / make
PASS ST5 entry_at is ScopeStore.entryAt (find? by key); set_entry is the replace-by-key map
PASS ST6b scope keys are supply-drawn: the fresh key is never the cardinal
PASS ST7 agreement with Lean's list operations over 20000 random heap ops
PASS ST6 the scope store is sparse: no allocate-by-cardinal is offered for scopes [by construction: e4_store.mli exposes add_entry (supplied key) for scopes and grow/make_cell only for the dense families]
PASS ST8 KeysBelow is preserved [by construction: the carrier neither mints nor drops keys; every key it holds was supplied by Stores.nextName]
PASS ST9 dense: Ref/Deferred reads exist iff i < cardinal; sparse scopes fail
PASS ST10 peek_alloc_old: grow/make_cell keep every old cell
PASS ST11 peek_poke_other: poke/set_cell leave every tested different key unchanged
== ALL PASS: 0 failure(s) ==
== lane Q3a: the persistent log (L1-L5), the codec, and the incremental indexes (X1-X3) ==

== the log: L1..L5 ==
PASS log-append-only: length is the number of appends
PASS log-append-only: a row already written never changes, in EVERY later prefix
PASS log-dense: Some inside [0,length), None outside
PASS log-order: to_list = slice 0 length = emission order
PASS log-order: slice is the half-open range, clamped
PASS log-order: fold visits every row once, ascending
PASS log-persistent: every prefix still answers its own length and rows
PASS log-frozen: sibling appends onto one prefix do not see each other
PASS log-frozen: a full chunk's rows survive 1 000 further appends onto a sibling
PASS log: of_list / to_list / append_all agree
PASS log: chunk_size is the named constant 256, and it is not max_int

== the codec: parse_run_event_row over the rendered rows ==
PASS codec: started(5) -> kind 1, fiber 5
PASS codec: parkedOn(2,9) -> fiber 2, token 9
PASS codec: scopeLinked(mode,scope,key,fiber) -> scope 7, fiber 1 (Fibers.lean:369)
PASS codec: scopeClosedOnLink(scope,fiber) -> scope 7, fiber 1
PASS codec: a NESTED argument does not fool the splitter
PASS codec: a quoted Val.str holding a comma, a paren and an escaped quote
PASS codec: interruptRecorded(-,target) -> the TARGET, and `-` is not an int
PASS codec: finalizerProgram carries NO scope key (owed to X2, A3 §1.3.4)
PASS codec: an unrecognised head is kind_unknown with no identity, never a guess
PASS codec: the 21 ordinals are the content table's own order, and kind_count = 21

== the indexes: X1..X3 ==
PASS index: of_log covers every row (count = length)
PASS index-incremental (X1): add (of_log l) e = of_log (append l e), every observable
PASS index-ascending (X2): every posting list is strictly ascending, duplicate-free
PASS index-ascending (X2): the key lists themselves are ascending
PASS index-ascending (X2): add refuses an index at or below the last one
PASS index: add refuses a decision below the last one (the segment law)
PASS index-total (X3): every row is in by_index and in by_fiber iff it names a fiber
PASS index-total (X3): by_index is None outside [0,count)
PASS index: the decision segments are contiguous and cover every row exactly once
PASS index: decision_of is the inverse of segment on its domain
PASS index: a decision that appended nothing has no segment, and that is not a gap

== ALL PASS: 0 failure(s) in 32 checks ==
PASS sched-four-machines
PASS sched-placement
PASS sched-memory-rule
PASS sched-rule-alone
PASS sched-refusals
PASS sched-admit
PASS sched-shutdown-report
PASS sched-stopped
PASS sched-cross-machine
PASS sched-send-many
PASS sched-trigger-once
PASS abandon-order
PASS abandon-budget
PASS abandon-accounts
PASS abandon-budget-mutation
PASS abandon-max-scopes
PASS sched-abandon-idempotent
PASS shutdown-order
PASS shutdown-double-signal
PASS shutdown-foreign-id
PASS shutdown-failed
PASS shutdown-seal
PASS shutdown-recurse
PASS shutdown-deadline
PASS shutdown-forced
PASS shutdown-process-registry
B-Q4b wake latency (push on the main domain -> worker on domain 1), spin_budget=0, n=1000: mean 9.80 us, p50 8.82 us, p99 39.10 us, max 160.93 us
B-Q4b wake latency (push on the main domain -> worker on domain 1), spin_budget=32, n=1000: mean 10.40 us, p50 8.11 us, p99 56.03 us, max 510.93 us
PASS bench-q4b-reported
== ALL PASS: 0 failure(s) ==
== lane W: replay_steps, replay_positions and replay_to (E4_engine EN4/EN4b) ==

PASS RS1 Fast/p42 spent: replay_steps is |tape|+1 = 3, position i is replay of the first i, last is replay
PASS RS2 Fast/p42 spent: replay_positions is replay_steps truncated at the stop (3 of 3 positions), last = replay, residue is the tape's own suffix
PASS RS3 Fast/p42 spent: the 0 padded tape positions are PHYSICALLY the machine at the stop; the run axis repeats none
PASS RS4 Fast/p42 spent: replay = fst replay_to = last replay_steps = last replay_positions
PASS RS1 Fast/pFork spent: replay_steps is |tape|+1 = 3, position i is replay of the first i, last is replay
PASS RS2 Fast/pFork spent: replay_positions is replay_steps truncated at the stop (3 of 3 positions), last = replay, residue is the tape's own suffix
PASS RS3 Fast/pFork spent: the 0 padded tape positions are PHYSICALLY the machine at the stop; the run axis repeats none
PASS RS4 Fast/pFork spent: replay = fst replay_to = last replay_steps = last replay_positions
PASS RS1 Fast/pFork long: replay_steps is |tape|+1 = 6, position i is replay of the first i, last is replay
PASS RS2 Fast/pFork long: replay_positions is replay_steps truncated at the stop (6 of 6 positions), last = replay, residue is the tape's own suffix
PASS RS3 Fast/pFork long: the 0 padded tape positions are PHYSICALLY the machine at the stop; the run axis repeats none
PASS RS4 Fast/pFork long: replay = fst replay_to = last replay_steps = last replay_positions
PASS RS1 Fast/chain40 low fuel: replay_steps is |tape|+1 = 9, position i is replay of the first i, last is replay
PASS RS2 Fast/chain40 low fuel: replay_positions is replay_steps truncated at the stop (2 of 9 positions), last = replay, residue is the tape's own suffix
PASS RS3 Fast/chain40 low fuel: the 7 padded tape positions are PHYSICALLY the machine at the stop; the run axis repeats none
PASS RS4 Fast/chain40 low fuel: replay = fst replay_to = last replay_steps = last replay_positions
PASS RS1 Fast/chain40 empty tape: replay_steps is |tape|+1 = 1, position i is replay of the first i, last is replay
PASS RS2 Fast/chain40 empty tape: replay_positions is replay_steps truncated at the stop (1 of 1 positions), last = replay, residue is the tape's own suffix
PASS RS3 Fast/chain40 empty tape: the 0 padded tape positions are PHYSICALLY the machine at the stop; the run axis repeats none
PASS RS4 Fast/chain40 empty tape: replay = fst replay_to = last replay_steps = last replay_positions

PASS RS1 Ref/p42 spent: replay_steps is |tape|+1 = 3, position i is replay of the first i, last is replay
PASS RS2 Ref/p42 spent: replay_positions is replay_steps truncated at the stop (3 of 3 positions), last = replay, residue is the tape's own suffix
PASS RS3 Ref/p42 spent: the 0 padded tape positions are PHYSICALLY the machine at the stop; the run axis repeats none
PASS RS4 Ref/p42 spent: replay = fst replay_to = last replay_steps = last replay_positions
PASS RS1 Ref/pFork long: replay_steps is |tape|+1 = 6, position i is replay of the first i, last is replay
PASS RS2 Ref/pFork long: replay_positions is replay_steps truncated at the stop (6 of 6 positions), last = replay, residue is the tape's own suffix
PASS RS3 Ref/pFork long: the 0 padded tape positions are PHYSICALLY the machine at the stop; the run axis repeats none
PASS RS4 Ref/pFork long: replay = fst replay_to = last replay_steps = last replay_positions
PASS RS1 Ref/chain40 low fuel: replay_steps is |tape|+1 = 9, position i is replay of the first i, last is replay
PASS RS2 Ref/chain40 low fuel: replay_positions is replay_steps truncated at the stop (2 of 9 positions), last = replay, residue is the tape's own suffix
PASS RS3 Ref/chain40 low fuel: the 7 padded tape positions are PHYSICALLY the machine at the stop; the run axis repeats none
PASS RS4 Ref/chain40 low fuel: replay = fst replay_to = last replay_steps = last replay_positions

== finding F1: the 64-decision tape ==
  chain 2000 at fuel 200, a tape of 64 `evaluate` decisions: tape positions 65, run positions 2, stop at 1, residue 63, answer frontier
PASS F1 the tape axis is still total: 65 machines for a 64-decision tape
PASS F1 the run axis says what P6 measured: the run has 2 positions, not 65
PASS F1 the 63 tape positions past the stop are ONE machine, physically
PASS F1 the machine ran out of fuel (Delay), which is why the replay stopped
PASS F1 the residue is the 63 decisions never read, and it is the tape's own suffix
PASS F1 (mutation) with fuel to spare the same shape of tape is spent: run positions = tape positions

== the refusal ==
  pFork + evaluate 97                -> stop at 4 of 4, answer finished
  pFork + fire 97                    -> stop at 4 of 4, answer finished
  pFork + yieldVerdict 97            -> stop at 4 of 4, answer finished
  pFork + answerAsync 97             -> stop at 4 of 4, answer finished
  pFork + interruptFrom 97           -> stop at 4 of 4, answer finished
  pFork + answerAsync 0/unknown token -> stop at 4 of 4, answer finished
PASS R0 no decision of the alphabet can refuse on its own: all six candidates answer `finished` (the refusal is a COMMAND's, not a decision's)
  awaitFiber (lit 99) + [evaluate; flush; flush; fire 0] -> stop at 4 of 4, answer finished, root failure [die(badName)]
PASS R1 nor can a PROGRAM refuse on its own here: `join` on a fiber the machine never minted is Fibers.lean:1508-1512's `unknownFiber`, but no term of this alphabet builds a fiber handle -- `Lit_nat 99` dies with `badName` and the run FINISHES
  NOTE the `Refused` arm has NO witness in this alphabet: every `Stuck` constructor (unknownFiber,
       unknownScope, unknownRace -- Fibers.lean:382-385) names an identity the MACHINE mints, and neither
       `Eff_types`' terms nor the decision alphabet can spell one it did not.  Lane X's 74 306-position
       differential found no stuck machine either.  So the stuck half of the stop is `halted`'s first
       disjunct, licensed by inspection against Fibers.lean:2036, and the half this file MEASURES
       is the fuel half -- which is the half lane P6 met.
PASS R2 at the stop, nothing in the residue has been applied: the machine there is exactly the replay of the decisions before it, and the residue is the tape's OWN suffix

== ALL PASS: 0 failure(s) in 41 checks ==
== prop_point: E4_ppath / E4_env against their list twins ==
PASS PP1 to_list (make n) = [] and to_list (snoc c p i) = to_list p @ [i]
  snoc words: E4_ppath depth 1 = 9, depth 2000 = 7;  twin depth 1 = 18, depth 2000 = 6006
PASS PP2 snoc is O(1) words at every depth (the spine is shared)
PASS PP2' the twin copies: its snoc grows with the depth
PASS PP3 node c p = walk c (root p) (to_list p) = Node.at_, on and off the tree
PASS PP4 node is a pure function of the value: no mutation, no memo, nothing outside the record [by construction: e4_ppath.ml has no ref, no Hashtbl and no mutable field (brief §2.3)]
PASS PP5 append c p l = fold snoc, and to_list (append c p l) = to_list p @ l
PASS PP6 persistence: p is unchanged by any snoc/append on it
PASS PP7 agreement with the list twin on 400 random spine operations (to_list and node)
PASS PE1 to_list empty = [] and to_list (snoc e v) = to_list e @ [v]
  snoc words: E4_env depth 1 = 6, depth 2000 = 6;  twin depth 1 = 9, depth 2000 = 6003
PASS PE2 snoc is O(1) words at every depth (the spine is shared)
PASS PE2' the twin copies: its snoc grows with the depth
PASS PE3 get e i = List.nth_opt (to_list e) i, and None outside the range
PASS PE4 length e = List.length (to_list e), maintained incrementally
PASS PE5 to_list (take e k) = List.take k (to_list e), clamped at both ends
PASS PE6 persistence: e is unchanged by any snoc/take on it
PASS PE7 agreement with the list twin on 600 random operations (to_list, length, get)
== ALL PASS: 0 failure(s) ==
== lane D: the drive loop, the conversion, the two instances of the generated engine ==
  Fast = E4_table / E4_trace / E4_memo / E4_buckets / E4_ppath / E4_env / E4_fibers_view
  Ref  = E4_table_list / E4_trace_list / E4_memo_list / E4_buckets_list / E4_ppath_list / E4_env_list / E4_fibers_view_list

== 1. G0 on both instances (fuel 1000) ==
  p42     Fast: outcome=finished fibers=1 exit=success 42 trace=3
PASS G0 p42 on Fast (finished, fibers=1, success 42)
PASS G0 p42 on Ref
PASS G0 p42: Fast = Ref, whole report
PASS G0 p42: the drive loop = the generated Api.run (Fast)
PASS G0 p42: the drive loop = the generated Api.run (Ref)
  pFork   Fast: outcome=finished fibers=2 exit=success ctor 0 [7] trace=26
PASS G0 pFork on Fast (finished, fibers=2, success ctor 0 [7])
PASS G0 pFork on Ref
PASS G0 pFork: Fast = Ref, whole report
PASS G0 pFork: the drive loop = the generated Api.run (Fast)
PASS G0 pFork: the drive loop = the generated Api.run (Ref)
  pAwait  Fast: outcome=frontier fibers=1 exit=<no exit> trace=4
PASS G0 pAwait on Fast (frontier, fibers=1, no exit)
PASS G0 pAwait on Ref
PASS G0 pAwait: Fast = Ref, whole report
PASS G0 pAwait: the drive loop = the generated Api.run (Fast)
PASS G0 pAwait: the drive loop = the generated Api.run (Ref)

== 2. the byte corpus: 37 programs, Fast vs Ref (fuel 1000) ==
  /Users/pooks/Dev/lean4-effect4-seat-J/ocaml/_build/default/eff/goldens: 53 programs
  p42              finished  fibers=1  trace=3    exits=1  EQ
  pAcquire         finished  fibers=1  trace=9    exits=1  EQ
  pActions         finished  fibers=1  trace=7    exits=1  EQ
  pAwait           frontier  fibers=1  trace=4    exits=0  EQ
  pBind            finished  fibers=1  trace=5    exits=1  EQ
  pBranch          finished  fibers=1  trace=3    exits=1  EQ
  pCallback        frontier  fibers=1  trace=4    exits=0  EQ
  pCatch           finished  fibers=1  trace=5    exits=1  EQ
  pCatchError      finished  fibers=1  trace=5    exits=1  EQ
  pCatchIf         finished  fibers=1  trace=5    exits=1  EQ
  pDiamond         finished  fibers=6  trace=196  exits=6  EQ
  pExit            finished  fibers=1  trace=3    exits=1  EQ
  pExternal        frontier  fibers=1  trace=2    exits=0  EQ
  pFailCause       finished  fibers=1  trace=3    exits=1  EQ
  pFailText        finished  fibers=1  trace=3    exits=1  EQ
  pFork            finished  fibers=2  trace=26   exits=2  EQ
  pGen             finished  fibers=1  trace=3    exits=1  EQ
  pIll             finished  fibers=1  trace=3    exits=1  EQ
  pIllBranch       finished  fibers=1  trace=3    exits=1  EQ
  pIllBreak        finished  fibers=1  trace=3    exits=1  EQ
  pIllCallback     finished  fibers=1  trace=5    exits=1  EQ
  pIllCatchIf      finished  fibers=1  trace=5    exits=1  EQ
  pIllCauseBool    finished  fibers=1  trace=3    exits=1  EQ
  pIllExternalDomain finished  fibers=1  trace=5    exits=1  EQ
  pIllFailBool     finished  fibers=1  trace=3    exits=1  EQ
  pIllInterruptor  finished  fibers=1  trace=3    exits=1  EQ
  pIllJoin         finished  fibers=1  trace=3    exits=1  EQ
  pIllReq          finished  fibers=1  trace=3    exits=1  EQ
  pIllRet          finished  fibers=1  trace=3    exits=1  EQ
  pIllStep         finished  fibers=1  trace=9    exits=1  EQ
  pIllVar          finished  fibers=1  trace=3    exits=1  EQ
  pIterate         finished  fibers=1  trace=21   exits=1  EQ
  pIterateAnswer   finished  fibers=1  trace=5    exits=1  EQ
  pJoin            finished  fibers=2  trace=25   exits=2  EQ
  pMasks           finished  fibers=1  trace=7    exits=1  EQ
  pMatch           finished  fibers=1  trace=5    exits=1  EQ
  pMergeAll        finished  fibers=8  trace=178  exits=8  EQ
  pOnExit          finished  fibers=1  trace=15   exits=1  EQ
  pOps             finished  fibers=1  trace=43   exits=1  EQ
  pPair            finished  fibers=1  trace=3    exits=1  EQ
  pProvide         finished  fibers=6  trace=316  exits=6  EQ
  pScoped          finished  fibers=2  trace=14   exits=2  EQ
  pSelectBool      finished  fibers=1  trace=3    exits=1  EQ
  pSelectOption    finished  fibers=1  trace=5    exits=1  EQ
  pSelectTag       finished  fibers=1  trace=3    exits=1  EQ
  pSleep           frontier  fibers=1  trace=3    exits=0  EQ
  pStmts           frontier  fibers=1  trace=6003 exits=0  EQ
  pStr             finished  fibers=1  trace=3    exits=1  EQ
  pSuspend         finished  fibers=1  trace=3    exits=1  EQ
  pSync            finished  fibers=1  trace=3    exits=1  EQ
  pTwo             finished  fibers=3  trace=41   exits=3  EQ
  pWhile           finished  fibers=1  trace=21   exits=1  EQ
  pYieldError      finished  fibers=1  trace=3    exits=1  EQ
PASS every golden decodes (53/53)
PASS Fast = Ref on every golden: outcome, exits, fibers, trace, store (53/53)

== 3. the ordinal pin (M17) ==
PASS the wire's alphabet is a PREFIX of the engine's, every family
  /Users/pooks/Dev/lean4-effect4-seat-J/ocaml/_build/default/eff/eff_manifest.txt: 21 inductive families
PASS eff_manifest.txt parses into inductive families
PASS eff_manifest.txt = Eff_types = the engine (the content table)
PASS mutation: a transposed `eff` arm in the manifest is REFUSED
  92 + 92 constructor ordinals compared
PASS ctor_index (of_x v) = Eff_types.ctor_index v, 92 arms on Fast
PASS ctor_index (of_x v) = Eff_types.ctor_index v, 92 arms on Ref

== 4. replay_steps (EN4) ==
PASS replay_steps p42: |tape|+1 = 6 machines
PASS replay_steps p42: the last is replay's
PASS replay_steps p42: position i is replay of the first i
PASS snapshot p42 is the value
PASS replay_steps pFork: |tape|+1 = 6 machines
PASS replay_steps pFork: the last is replay's
PASS replay_steps pFork: position i is replay of the first i
PASS snapshot pFork is the value
PASS replay_steps pAwait: |tape|+1 = 6 machines
PASS replay_steps pAwait: the last is replay's
PASS replay_steps pAwait: position i is replay of the first i
PASS snapshot pAwait is the value
  chain 200 at fuel 20: Delay parked=[] armed=[] due=0
PASS a starved run answers Delay (the residue is non-empty), not Suspended
PASS a starved run's outcome is still Api.Outcome.frontier
PASS Fast generated clock: load starts at zero
PASS Fast generated clock: advance beyond max_int settles
PASS Fast generated clock: large advance retains every digit
PASS Fast generated clock: add seven settles
PASS Fast generated clock: addition beyond max_int is exact
PASS Fast generated clock: register sleep settles
PASS Fast generated clock: sleep stores the exact now plus duration
PASS Fast generated clock: advance before deadline settles
PASS Fast generated clock: timer remains pending one millisecond before its deadline
PASS Fast generated clock: cross deadline settles
PASS Fast generated clock: timer fires and advance finishes at its exact target
PASS Fast generated clock: add another large advance settles
PASS Fast generated clock: successive large advances exceed signed 64-bit exactly
PASS Ref generated clock: load starts at zero
PASS Ref generated clock: advance beyond max_int settles
PASS Ref generated clock: large advance retains every digit
PASS Ref generated clock: add seven settles
PASS Ref generated clock: addition beyond max_int is exact
PASS Ref generated clock: register sleep settles
PASS Ref generated clock: sleep stores the exact now plus duration
PASS Ref generated clock: advance before deadline settles
PASS Ref generated clock: timer remains pending one millisecond before its deadline
PASS Ref generated clock: cross deadline settles
PASS Ref generated clock: timer fires and advance finishes at its exact target
PASS Ref generated clock: add another large advance settles
PASS Ref generated clock: successive large advances exceed signed 64-bit exactly
PASS Fast exact clock: large adjustment is accepted
PASS Fast exact clock: clockNow explicitly refuses the numeric profile
PASS Fast exact clock: mid-decision refusal retains the input machine
PASS Fast exact clock: refused decision stays unread
PASS Fast exact clock: refusal cannot become differential agreement
PASS Fast exact clock: halted refusal holds the input machine
PASS Ref exact clock: large adjustment is accepted
PASS Ref exact clock: clockNow explicitly refuses the numeric profile
PASS Ref exact clock: mid-decision refusal retains the input machine
PASS Ref exact clock: refused decision stays unread
PASS Ref exact clock: refusal cannot become differential agreement
PASS Ref exact clock: halted refusal holds the input machine
PASS Fast creation origin: the root has no fork record
PASS Fast creation origin: spawn retains parent, daemon and exact site
PASS Ref creation origin: the root has no fork record
PASS Ref creation origin: spawn retains parent, daemon and exact site
layer environment Fast: failure [fail(text x)]
layer environment Ref: failure [fail(text x)]
PASS layer environment Fast uses the body binding
PASS layer environment Ref uses the body binding

== 5. the two failwith rows of the generated prelude ==
PASS sh_dispatcher_mk / sh_memo_map_mk never fired on the corpus (0 hits)

== W1: the GENERATED Api.run, fuel 100, 20 000 iterations, best of 3 ==
  program  instance  ms         iterations/s   decisions/s
  p42      Fast      6.90       2897719        5795439
  p42      Ref       6.77       2954567        5909135
  pAwait   Fast      15.41      1297522        2595044
  pAwait   Ref       14.91      1341126        2682252
  pFork    Fast      56.23      355695         711390
  pFork    Ref       69.01      289804         579608

== W2: the chain of refMake, fuel 8n+400, best of 5 ==
  n     instance  steps  refs  load ms   run ms     steps/s      held words   held bytes
  50    Fast      103    50    0.000     0.023      4453745      3821         30568
  50    Ref       103    50    0.000     0.047      2192961      10467        83736
  100   Fast      203    100   0.000     0.046      4411625      7421         59368
  100   Ref       203    100   0.000     0.276      735271       35717        285736
  300   Fast      603    300   0.000     0.189      3193391      20815        166520
  300   Ref       603    300   0.000     1.956      308284       286717       2293736
  500   Fast      1003   500   0.000     0.310      3236067      34712        277696
  500   Ref       1003   500   0.000     5.497      182464       777717       6221736
  1000  Fast      2003   1000  0.000     0.670      2989748      68700        549600
  1000  Ref       2003   1000  0.000     33.230     60277        3055217      24441736

== ALL PASS: 0 failure(s) in 82 checks ==
-- E4_crc: CRC-32, IEEE 802.3 reflected (poly 0xEDB88320)
PASS  C0 poly is the reflected IEEE 802.3 polynomial
PASS  C1 crc "" = 0x00000000
PASS  C1 crc "123456789" = 0xCBF43926
PASS  C1 crc "a" = 0xE8B7BE43
PASS  C1 crc "abc" = 0x352441C2
PASS  C1 crc pangram = 0x414FA339
PASS  C2 init = crc ""
PASS  C2 update (string a) b = string (a ^ b) for every split
PASS  C2 update_char folds to the same value
PASS  C4 sub s pos len = string (String.sub s pos len)
PASS  C4 an out-of-range window is Invalid_argument
PASS  C3 a crc argument outside 0..0xFFFFFFFF is Invalid_argument
PASS  C3 every crc is in 0 .. 0xFFFFFFFF
PASS  C5 field_length = 4
PASS  C5 be32 0xCBF43926 = cb f4 39 26
PASS  C5 read_be32 (be32 n) 0 = Some n
PASS  C5 read_be32 past the end is None
PASS  C5 be32 refuses a value outside 32 bits
-- E4_kind: the table of src/Effect4/Store/Kind.lean, appended per CAS commit 1
PASS  K1 all has 23 entries
PASS  K1 all is in byte order 1..23
PASS  K1 of_byte (byte k) = Some k for every kind
PASS  K1 of_byte b = Some k -> byte k = b
PASS  K1 byte is injective
PASS  K5 name is injective and round-trips
PASS  K1 #guard source=1 export=2 schema=4 program=5 annotation=6
PASS  K1 #guard tree=11 component=13 vector=14 fiber=15
PASS  K2 #guard of_byte 0 = None (0 is the version byte)
PASS  K1 #guard of_byte 2 = Some export
PASS  K5 #guard of_name "export" = Some export, of_name "Export" = None
NOTE  Kind.lean:155's #guard `ofByte? 16 = none` does NOT transfer: byte 16 is `job` under
NOTE  CAS commit 1's append, and amendment M4 moved the unregistered-kind sentinel to 127.
PASS  K2 of_byte 127 = None (the sentinel, amendment M4)
PASS  K2 of_byte 24, 100, 128, 255, -1 = None
PASS  K2 is_registered agrees with of_byte on -20..299
PASS  K2 version_byte = 0 and is never a kind
PASS  K3 fiber (15) is the tombstone and the only one
PASS  K4 is_run_relative = {tape, log, exits, checkpoint} (amendment M2)
PASS  K4 is_content is the complement of is_run_relative
PASS  K6 is_interior = {chunk}
PASS  K1 in_lean is exactly bytes 1..15 (Kind.lean has 15 rows today)
PASS  K1 the reserved append is job 16 .. table 23
-- E4_addr: Addr / Ref / Cid / Handle
PASS  AD1 Addr.length = 32
PASS  AD1 of_digest refuses anything but 32 bytes
PASS  AD1 of_digest_opt is None off 32 and Some on 32
PASS  AD1 bytes (of_digest d) = d
PASS  AD2 hex = E4_hex.of_bytes, lowercase, 64 chars, either case in
PASS  AD2 of_hex refuses a short, an odd and a non-hex string
PASS  AD5 zero is 32 zero bytes and 64 hex zeros
PASS  AD6 prefix63 is non-negative, fits an int, and depends only on the leading 8 bytes
PASS  AD6 prefix63 zero = 0 and prefix63 0xff.. is the top key
PASS  AD6 prefix63 separates 200 distinct leading bytes
PASS  AD4 Ref/Cid present-parse round trip over every kind, each refusing the other's form
PASS  AD4 parse refuses an unregistered kind name, a short hex, and a missing colon
PASS  AD3 Handle.addr is total on both constructors
PASS  AD3 a Direct handle carries its place and a Located one does not
-- E4_node: the envelope (src/Effect4/Store/Node.lean:170-182)
PASS  N0 sha256 (Val.encode sampleEntry) = 8fab1618… (Digest.lean:315)
PASS  N1 #guard sampleNode.encode.length = 108
PASS  N1 #guard sampleNode.encode.take 2 = [0, 2]
PASS  N1 #guard sampleNode.encode.drop 34 = Val.encode sampleEntry
PASS  N1 the spec sits at bytes 2..33
PASS  N1 #guard decode (encode sampleNode) = some sampleNode
PASS  N2 #guard decode (encode ++ [0]) = none  -> Trailing
PASS  N2 #guard decode (1 :: drop 1) = none  -> Bad_version 1
PASS  N2 #guard decode (0 :: 0 :: drop 2) = none  -> Unregistered_kind 0
PASS  N2 an unregistered kind byte (127, the sentinel) is Unregistered_kind 127
PASS  N2 #guard decode (take 33) = none  -> Short_spec
PASS  N2 #guard decode [] = none  -> Short_spec
NOTE  Node.lean:445's #guard uses kind byte 16; under CAS commit 1 that is `job`, so this
NOTE  lane uses 127 (amendment M4's sentinel) as the unregistered-byte witness.
PASS  ND1 decode (encode n) = Ok n over 23 kinds x 20 payloads
PASS  ND2 decode b = Ok n -> encode n = b (exactness)
PASS  ND9 address = sha256 (encode n)
PASS  ND9 the address moves when any byte of the node moves
PASS  the envelope refuses a spec that is not 32 bytes
-- E4_node: the edge scan (Val.refs / Val.malformedRef, Node.lean:241-266)
PASS  N6 #guard sampleNode.refsOf = []
PASS  N6 #guard sampleNode.malformedRef = false
PASS  N6 #guard sampleNode.edges = [<schema, zeroDigest>]
PASS  N6 #guard sampleNode.checkedEdges = sampleNode.edges
PASS  N6 #guard (Node.mk 0 schema zeroDigest sampleEntry).checkedEdges = []
PASS  ND7 is_genesis is schema AND the zero spec, and nothing else
PASS  N6 #guard (Val.ref 2 (replicate 32 1)).refs = [<export, 1…>]
PASS  N6 #guard (Val.ref <unregistered> _).refs = []
PASS  N6 #guard (Val.ref <unregistered> _).malformedRef = true
PASS  N6 #guard (Val.ref 2 (replicate 31 1)).malformedRef = true
PASS  N6 a registered kind byte with a 33-byte digest is malformed and yields no ref
PASS  N6 #guard (Val.ctor 0 [ref 4 …7, nat 3, some (ref 6 …9)]).refs = [schema 7, annotation 9]
PASS  N6 #guard (Val.ctor 0 [ref 4 …7, nat 3]).malformedRef = false
PASS  N9 #guard (Canonical.encode (AnyRef export zeroDigest)).length = 42
PASS  N9 #guard its first ten bytes are [0x0b,0,0,0,0,0,0,0,0x21,0x02]
PASS  L-SCAN-1 refs are left to right across pair, ctor, list and some
PASS  L-SCAN-2 a `bytes` frame holding a valid ref frame yields NO ref
PASS  L-SCAN-2 and it is not malformed either (Val.refs (.bytes bs) = [])
PASS  L-SCAN-2 the same bytes UNWRAPPED do yield the ref (the wrapper is what hides it)
PASS  L-SCAN-2 a `bytes` frame holding a malformed ref frame is still not malformed
PASS  L-SCAN-2 nested: bytes inside a list inside a pair still hides its refs
PASS  ND6 handles lists the tag-12 frames in traversal order
PASS  ND6 a handle key of 0 is the kind byte and no digits (Val.lean:1136)
PASS  ND6 handle_in_content is true at a content kind, false at a run-relative one
PASS  ND6 a node with no handle frame is never handle_in_content
-- E4_node: payload refusals, the host limit, and the pure admission order
PASS  ND-frame an empty payload -> Bad_frame
PASS  ND-frame a truncated header -> Bad_frame
PASS  ND-frame a declared length past the end -> Bad_frame
PASS  ND-frame a bool of two bytes -> Bad_frame
PASS  ND-frame a bool byte other than 0/1 -> Bad_frame
PASS  ND-frame a nat with a leading zero digit -> Bad_frame
PASS  ND-frame a string that is not valid UTF-8 -> Bad_frame
PASS  ND-frame a unit with a payload -> Bad_frame
PASS  ND-frame a none with a payload -> Bad_frame
PASS  ND-frame a pair of one frame -> Bad_frame
PASS  ND-frame a pair of three frames -> Trailing
PASS  ND-frame a some of no frame -> Bad_frame
PASS  ND-frame a some of two frames -> Trailing
PASS  ND-frame a ctor with no index frame -> Bad_frame
PASS  ND-frame a ctor whose index frame is not a nat -> Bad_frame
PASS  ND-frame a ctor index with a leading zero digit -> Bad_frame
PASS  ND-frame a ref with an empty payload -> Bad_frame
PASS  ND-frame a handle with an empty payload -> Bad_frame
PASS  ND-frame a handle whose digits have a leading zero -> Bad_frame
PASS  ND-frame tag 0 -> Bad_frame
PASS  ND-frame tag 13 -> Bad_frame
PASS  ND-frame tag 255 -> Bad_frame
PASS  ND-frame two frames where one is owed -> Trailing
PASS  ND-frame one frame and a trailing byte -> Trailing
PASS  ND-frame a well-formed tree is accepted
PASS  ND-frame a nat above the host bound is NOT refused (deviation D1: Lean's Nat is unbounded)
PASS  ND8 a frame whose be64 length is 2^62 is Host_limit
PASS  ND8 the same frame nested in a list is Host_limit
PASS  ND8 a ctor whose index frame declares 2^62 is Host_limit
PASS  ND8 a handle key of nine digits is Host_limit
PASS  D3 refs/malformed/handles are [] / false / [] on a payload that does not parse
PASS  ND10 a well-formed content node is admitted
PASS  ND10 an unparseable payload -> Oversize(Host_limit)
PASS  ND10 an unparseable payload AND a bad version (payload wins) -> Oversize(Host_limit)
PASS  ND10 a bad version -> Bad_version_byte 1
PASS  ND10 a bad version AND a malformed ref (version wins) -> Bad_version_byte 1
PASS  ND10 a malformed ref -> Malformed_ref
PASS  ND10 a malformed ref AND a handle in content (malformed wins) -> Malformed_ref
PASS  ND10 a handle at a content kind (M2) -> Handle_in_content
PASS  ND10 the same handle payload at a run-relative kind is admitted (M2)
PASS  ND10 oversize / bad_version / handle_in_content agree with check_pure
-- the mutation check on a locally built node
PASS  G-mut every one-bit flip of the sample node changes the address and the bytes
PASS  G-mut the unflipped node still agrees
-- the goldens of ocaml/engine/cas/goldens
NOTE  goldens directory: /Users/pooks/Dev/lean4-effect4-seat-J/ocaml/engine/cas/goldens
NOTE  117 golden file(s)
PASS  G-bytes 116/117 goldens are a node that re-encodes exactly, or one frame tree
NOTE    neither: g2-badVersion (expected: g2-badVersion alone)
PASS  G-man manifest.txt: 117/117 rows agree with sha256 of the golden bytes
NOTE  117 case row(s) in cases.txt
PASS  G-case family g2: 14/14 rows agree
PASS  G-case family other: 47/47 rows agree
PASS  G-case family a1: 22/22 rows agree
PASS  G-case family g5: 10/10 rows agree
PASS  G-case family g1: 24/24 rows agree
NOTE  amendment M2 is not in Lean yet: g2-handle-in-content
NOTE    Lean admits a handle frame in a content payload (`fresh`); check_pure refuses
NOTE    it as Handle_in_content.  When CAS commit 7 lands, G2 must be re-cut.
NOTE  CAS commit 1 is not in Lean yet: g5-malformed-nested g5-malformed-kind g2-malformedRef-kind
NOTE    these rows use kind byte 16 as `the unregistered byte`; 16 is `job` under the
NOTE    append, and amendment M4 moved the sentinel to 127.  Each row agrees under
NOTE    today's 15-row Lean table and must be re-cut at 127 with CAS commit 1.
PASS  G-mut digest-01: the golden agrees, and one flipped byte does not
== ALL PASS: 0 failure(s) ==
-- W1 the round trip over three segments
PASS  W1 stage hands out contiguous indices from 0
PASS  W1 next_seq is one past the last
PASS  W1 last_index is the last
PASS  W1 durable_upto is next_seq after a commit
PASS  W1 nothing is staged after a commit
NOTE  W1 120 rows in 3 segments
PASS  W1 the rows filled at least three segments
PASS  W1 the segment names are the first indices, ascending
PASS  W1 replay from 0 is Eof
PASS  W1 replay returns every row, in order, with its index
PASS  W1 no Seal is ever delivered
PASS  W1 every decision body came back byte for byte
PASS  W1 the empty body round-tripped
-- W2 replay from a position, and the tape window
PASS  W2 replay ~from:k is exactly the rows at k and above, for eight k
PASS  W3 tape is the decision bodies of the window, in order
PASS  W3 an empty window is the empty tape
PASS  W4 replay_seq agrees with replay and sets the verdict
-- W5 group commit: staged is not durable
PASS  W5 next_seq counts staged rows
PASS  W5 durable_upto does not
PASS  W5 staged_bytes is positive
PASS  W5 a reader sees no staged row
PASS  W5 one commit makes both rows durable at once
PASS  W5 staged_bytes is zero after the commit
-- W6 the single-writer claim, and the refusals
PASS  W6 a second writer on one job raises Locked
PASS  W6 another job in the same store is not blocked
PASS  W6 a body above row_max is refused at stage
PASS  W6 the refused row advanced nothing
PASS  W6 staging a Seal is refused: rotation owns it
PASS  W6 a body of exactly row_max - 9 is accepted and round-trips
-- W7 rotate, checkpoint_mark, truncate_to, end_index
PASS  W7 rotate adds one segment and consumes no index
PASS  W7 checkpoint_mark is a durable row covering the positions below it
PASS  W7 the index chain crosses the rotation unbroken
PASS  W7 truncate_to lowers next_seq and durable_upto
PASS  W7 the truncated row is gone and replay is clean
PASS  W7 truncate_to above next_seq is refused
PASS  W7 end_index is one past the last good row
-- X6(a) a torn last row
PASS  X6(a) replay stops Short at the torn row's index
PASS  X6(a) every row before the tear was delivered, and none after
NOTE  X6(a) tore the last row (index 119) at offset 732, len 38, of 0000000000000060.seg
-- X6(d) reopening an unsealed, torn tail
PASS  X6(d) the writer recovered to the last good row
PASS  X6(d) the next row takes the recovered index and replay is clean again
-- X6(b) a flipped row checksum (the mutation check)
PASS  X6(b) the unflipped log replays clean
PASS  X6(b) the test's own walk of the grammar found every row
PASS  X6(b) replay stops exactly at the flipped row and names it
PASS  X6(b) every row before it was delivered and none after
NOTE  X6(b) verdict: bad-crc: the row at index 37 failed its checksum
PASS  X6(b) a flip in any byte of that checksum is caught at the same index
PASS  X6(b) a flip in the body is caught at the same index
PASS  X6(b) restoring the bytes restores the clean replay
-- X6(c) a missing segment in the middle
PASS  X6(c) there are at least three segments to lose the middle of
PASS  X6(c) the refusal names the gap
PASS  X6(c) only the rows before the gap were delivered
NOTE  X6(c) verdict: gap: index 56 is missing; the next stored row is 88
-- X6(e) a segment head that fails its CRC, and a segment of another job
PASS  X6(e) a head whose CRC fails is Bad_header, not a row verdict
PASS  X6(e) a writer refuses to open over structural damage rather than truncate it
PASS  X6(e) a segment moved into another job's directory is Wrong_job
NOTE  X6(e) verdict: wrong-job: /var/folders/_2/d22zd5lj2_v9xrps05xl2sr80000gn/T/build_fb4d35_dune/e4_wal_test_51844/store06/log/0707070707070707070707070707070707070707070707070707070707070707/0000000000000000.seg belongs to another job
PASS  X6(f) a length field above row_max is Oversize, never misread
PASS  X6(f) a well-checksummed row with an unknown tag is Bad_row
NOTE  X6(f) verdicts: oversize: the row at index 1 declares 1048577 bytes, above row_max 1048576 | bad-row: the row at index 1 is not a row (unknown tag or short body)
-- REL LAW LOG-REL: two jobs, one row programme
PASS  REL the two jobs handed out identical indices
PASS  REL the two jobs replay identical rows in identical order
PASS  REL the segment names and first indices are identical
PASS  REL the row bytes on disk are identical, segment by segment
PASS  REL the heads differ only in job_lo — the job directory's own identity
NOTE  REL 120 rows, 3 segments, identical positions in two jobs
== ALL PASS: 0 failure(s) ==
== lane Q3b: the query API over a run (Q1, Q3, Q4, the cost model, DF-3) ==

== the INV-TAPE-1(query) repo gate ==
  /Users/pooks/Dev/lean4-effect4-seat-J/ocaml/_build/default/engine/e4_query.mli: 31 signatures
PASS query-inv-tape-1: no signature but of_run RETURNS a source or a tape (31 checked)
PASS query-inv-tape-1: of_run is the single constructor and it does return a source
PASS query-inv-tape-1: neither e4_query.mli nor e4_query.ml refers to E4_sched
PASS query-inv-tape-1: the gate catches a planted `-> source` signature (mutation)

== by_cid / by_occurrence / by_path: what they answer today ==
PASS query: by_cid finds the seal the writer put in the row, and computes none
PASS query: by_occurrence is program/[path], by_path is the path alone
PASS query: the path glyph is space-separated, so an id list is not mistaken for a path
PASS query: outcome reads the caller's status and the log's open scopes

== the query laws on pFork (|tape| = 40) ==
  20 log rows, 40 decisions, 1 fibers, 1 tokens, 0 scopes, k = 8
PASS query-complete (Q4): rows 0..length is the whole log, no gap
PASS query-complete (Q4): the decision segments partition the log
PASS query-complete (Q4): decision_of_row lands inside that row's own segment
PASS query-idempotent (Q3): two `at i` agree on all thirteen projections
PASS query-idempotent (Q3): rows / fibers / outcome / cost repeat
PASS query-free (Q1): every entry point called, every observable unchanged
PASS query-free (Q1): by_cid refuses the empty address (it would match every row)
PASS query: the cursor walk is replay_steps, machine for machine
PASS query: replay_steps from..upto is inclusive and its ends are `at`
  k = 1           cost exact: true   worst `at` = 0 replays, 0 over the walk
  k = 8           cost exact: true   worst `at` = 7 replays, 140 over the walk
  k = 1024        cost exact: true   worst `at` = 40 replays, 820 over the walk
  k = infinity    cost exact: true   worst `at` = 40 replays, 820 over the walk
PASS query-cost-exact: `cost` is the number of replays actually made, at every k
PASS query-cost-exact: k = 1 replays nothing, k = infinity replays i, k = 8 bounded by 7

== DF-3: query agreement over the 37 byte goldens (fuel 1000) ==
  /Users/pooks/Dev/lean4-effect4-seat-J/ocaml/_build/default/eff/goldens: 53/53 programs decoded
  212 cases, EVERY i on all of them; the ten longest tapes are: p42/gen64 pAcquire/gen64 pActions/gen64 pAwait/gen64 pBind/gen64 pBranch/gen64 pCallback/gen64 pCatch/gen64 pCatchError/gen64 pCatchIf/gen64
  13356 comparisons over 6678 positions, two checkpoint intervals, 0 divergences
PASS DF-3: `at s i` = the tape prefix's machine, 13356 comparisons, 0 divergences
  mutation: 212/212 tapes whose dropped-first-decision source goes red
PASS DF-3 mutation: an `at` built from a different tape prefix is caught, every time

== ALL PASS: 0 failure(s) in 21 checks ==
-- R: the byte grammar round-trips (CF1, CF3, CF9)
PASS  R1 empty: decode (encode p) = Ok p
PASS  R2 empty: encode is a function of the payload alone
PASS  R1 one root: decode (encode p) = Ok p
PASS  R2 one root: encode is a function of the payload alone
PASS  R1 three roots: decode (encode p) = Ok p
PASS  R2 three roots: encode is a function of the payload alone
PASS  R1 a reserved status with a body: decode (encode p) = Ok p
PASS  R2 a reserved status with a body: encode is a function of the payload alone
PASS  R1 the be64 and name boundaries: decode (encode p) = Ok p
PASS  R2 the be64 and name boundaries: encode is a function of the payload alone
PASS  R3 magic is the first six bytes
PASS  R3 the version is the next eight, ASCII, exact
PASS  R3 the fixed payload is 56 bytes and the header 14
PASS  R4 status is LAST: an empty-bodied status is the final byte
PASS  R4 the bytes before status do not move when only the status changes
PASS  R4 changing the status moves the checksum field and nothing else before it
PASS  R5 commit then read is the payload
PASS  R5 commit leaves no control.tmp beside it
PASS  R6 write = commit, and a reserved status survives the file
-- E: every constructor of open_error (CF1, CF2, D3, CF9)
PASS  E1 Missing: no file
PASS  E2 Bad_magic: the six magic bytes are wrong
PASS  E2 Bad_magic: a file too short to hold the magic
PASS  E3 Stale_binary: an unknown ASCII version, never a parse (CF1)
PASS  E3 Stale_binary: a version of the right width but the wrong bytes
PASS  E3 a truncated version field is Corrupt, not Stale_binary
PASS  E4 Corrupt: a flipped checksum field
PASS  E4 Corrupt: a flipped payload byte
PASS  E5 Corrupt: a payload shorter than the fixed fields
PASS  E6 Corrupt: an unregistered kind byte in a root
PASS  E6 Corrupt: an unregistered root-kind byte
PASS  E6 Corrupt: an uppercase root name (amendment M8)
PASS  E6 Corrupt: a space in a root name
PASS  E7 Corrupt: a root version at or above 2^62 (CF9, M9)
PASS  E7 Corrupt: pack_end_seg at or above 2^62 (CF9, M9)
PASS  E8 Corrupt: no status tag at all
PASS  E8 Corrupt: a body at status tag 0 under version 00000001
PASS  E8 Corrupt: a status tag above the reserved range
PASS  E9 Corrupt: a truncated root
PASS  E10 a reserved tag with an empty body is NOT a refusal
PASS  E11 encode refuses a root name that is too long
PASS  E11 encode refuses an uppercase root name
PASS  E11 encode refuses a negative be64 field (CF9, M9)
PASS  E11 encode accepts the largest be64 the wire admits
PASS  E11 encode refuses a reserved status tag below 3
-- X: A2 §4.3 X4 — a torn tmp, a rename that did not happen, a bad checksum
PASS  X4a a torn control.tmp does not touch `control`
PASS  X4a cleanup removes the torn tmp and leaves control alone
PASS  X4b an unrenamed complete tmp is not the truth — the previous control is
PASS  X4b cleanup discards it; `control` still reads as the previous payload
PASS  X4b after the rename the new payload is the truth, and no tmp survives
PASS  X4c a corrupt control is Corrupt, never a half-parse
PASS  X4c and the previous control is the truth
PASS  W1 pack_end is recorded and read back exactly
PASS  W1 set_pack_end bumps the generation (CF7)
-- P9/CF3: reserved status tags survive a reader that does not understand them
PASS  P9 every reserved tag 3..15 and its body round-trip through a rewrite
PASS  P9 a rewrite by a reader that does not understand tag 11 is byte-identical
-- C: compare-and-set on the roots plane (CF5-CF8, Store.lean:523-530)
PASS  C1 nextVersion of an absent name is 1
PASS  C1 the first move at version 1 is ok
PASS  C1 the root reads back
PASS  C2 nextVersion after the move is 2
PASS  C2 a re-put at version 1 is staleRoot 2 1
PASS  C2 a jump to version 3 is staleRoot 2 3
PASS  C3 a move whose target does not resolve is dangling <hex>
PASS  C3 with no resolver at all every move dangles
PASS  C4 a target that resolves at another kind is wrongKind
PASS  C5 the order is Lean's: the version is checked before resolution
PASS  C5 and resolution before the kind
PASS  C6 the advance leaves exactly one root of that name (Store.lean:527)
PASS  C6 and it is the new one, at the head
PASS  C6 a second name conses in front and leaves the first alone
PASS  C7 a name is stored lowercase (M8)
PASS  C7 and looked up in either case
PASS  C8 generation is strictly increasing across every change (CF7)
NOTE    generations: 0 1 2 3 4 5
PASS  C9 a Registry root's first publication needs no prev (head = zero)
PASS  C9 a second publication with the right prev is ok
PASS  C9 a second publication with the wrong prev is a fork (M7, D2)
PASS  C9 a second publication with no prev at all is a fork against zero
PASS  C9 the prev check does not apply to a non-Registry root
PASS  C10 the moved plane survives a commit and a read
-- M: one flipped byte anywhere in the file, and read must refuse
PASS  M1 every one of the 127 single-byte flips is refused
NOTE    verdicts: badMagic=6 corrupt=113 staleBinary=8
PASS  M1 and the unflipped file still reads
PASS  M2 an in-memory root advance at a stale version is staleRoot
-- G3: the roots CAS sequence of A2 §4.1 G3, replayed against ../goldens
NOTE  goldens directory: /Users/pooks/Dev/lean4-effect4-seat-J/ocaml/engine/cas/goldens
NOTE  7 g3 case(s)
NOTE  resolver stubbed from 21 g1 node golden(s)
PASS  G3 g3-v1 -> ok
PASS  G3 g3-stale -> staleRoot stdlib/rc112 1 2
PASS  G3 g3-wrongKind -> wrongKind
PASS  G3 g3-dangling -> dangling 0000000000000000000000000000000000000000000000000000000000000000
PASS  G3 g3-advance-v2 -> ok
PASS  G3 the plane after the advance still holds exactly one root (Store.lean:527)
PASS  G3 g3-roots-after-v1: the roots plane, byte for byte
PASS  G3 g3-roots-after-v2: the roots plane, byte for byte
SKIP  G3 M7 prev (registry fork) and M1 pinAll (lane GLD O4: Store.lean:47-53 has no `registry` and no `pin` RootKind, and advanceRoot/Publication/pinAll have 0 hits in src/ — nothing to cut. The OCaml arms are covered in-memory by C9.)
== 1 skipped ==
== ALL PASS: 0 failure(s) ==
NOTE  sandbox: /var/folders/_2/d22zd5lj2_v9xrps05xl2sr80000gn/T/build_fb4d35_dune/e4pack-52039-1790885164
-- H: the byte grammar of A2 §1.2
PASS  H1 the head is 27 bytes and the first record follows it
PASS  H2 magic is "E4PACK\000"
PASS  H3 the version is the ASCII string "00000001"
PASS  H4 be64 seg_index = 0
PASS  H5 head_crc is CRC-32 over the 23 bytes before it
PASS  H6 the record is 'R' :: be64 len :: digest :: node_bytes :: be32 crc
PASS  H7 rec_crc is CRC-32 over the 41 header bytes ++ node_bytes
PASS  H8 the record occupies exactly 45 + node_len bytes
-- R: round trip (PK1)
PASS  R1 read: every record verifies and its bytes are what was appended
PASS  R2 read_at: the recorded digest and the bytes come back
PASS  R3 read_header: the digest and the length, 41 bytes
PASS  R4 blit_at: the bytes land in the caller's buffer
PASS  R5 a zero-length node round trips
PASS  R6 read at an offset that is not a record boundary refuses
PASS  R7 read past the end refuses with Past_end
PASS  R8 read in a segment that does not exist refuses with No_segment
-- G: group commit (PK2)
PASS  G1 append does not advance pack_end
PASS  G1 append does not write: the file still holds only the head
PASS  G2 staged_bytes counts what is buffered
PASS  G3 staged_end runs ahead of written_upto and pack_end
PASS  G4 flush writes but does not make durable
PASS  G5 sync advances pack_end to the written end
PASS  G6 sync with nothing staged is idempotent
PASS  G7 pack_end lands where the arithmetic says
PASS  G8 a reopen recovers all 100 committed records and stops at Eof
-- S: scanning (PK4)
PASS  S1 scan visits every record in write order and stops at Eof
PASS  S2 scan_seq ends in exactly one Stopped verdict, as the last element
PASS  S3 the header scan reads no payload (r_bytes = None), the verifying one does
PASS  S4 the verifying scan agrees with the header scan on every offset and length
PASS  S5 scan from a pack_end in the middle yields exactly the tail, in write order
-- X1: truncate the data file mid-record (§4.3 X1)
NOTE  30 truncation points
PASS  X1 exactly the records wholly before the cut are recovered
PASS  X1 the verdict is Short at the torn record's offset (or Eof at a boundary cut)
PASS  X1 the tail is truncated at open and the lost node re-appends and reads back
-- X2: flip a crc byte, a digest byte, a payload byte (§4.3 X2)
PASS  X2a a flipped crc byte: the prefix before it is recovered, the verdict is Bad_crc at its offset
PASS  X2b a flipped digest byte with the crc repaired: Bad_digest at its offset (L-CAS-6)
PASS  X2c a flipped payload byte with the crc repaired: Bad_digest at its offset
PASS  X2c' the same flip with the crc left alone is Bad_crc — the cheaper check first
PASS  X2d a flipped record tag is Bad_tag at its offset, never a silent skip
PASS  X2e a torn last record: five records recovered, Short at the sixth's offset
PASS  X2f the corrupt record and everything after it are refused, though records 2..5 are intact
-- M: the recorded digest is a cache, and `read` never trusts it (L-CAS-6)
PASS  M1 read_at — which trusts the recorded digest — SUCCEEDS on the corrupted record
PASS  M2 read — which re-hashes — refuses it as Digest_mismatch at that offset
PASS  M3 a test that expected the recorded digest to be trusted is therefore red
PASS  M4 the records beside the corrupt one still verify
-- W: the single-writer discipline (PK6)
PASS  W1 a second open_ in this process raises Locked
PASS  W2 the LOCK file exists beside the pack directory
PASS  W3 a second PROCESS is refused with Locked (Unix.lockf on <dir>/LOCK)
PASS  W4 after close the lock is released and another process may open
PASS  W5 a reader needs no lock
-- Z: segment rotation (PK8)
PASS  Z1 60 records of 245 bytes across a 4 KiB seg_max use several segments
PASS  Z2 no segment exceeds seg_max
PASS  Z3 every rotated segment carries its own head, with its own index
PASS  Z4 the scan crosses segments in write order
PASS  Z5 reads work in a segment that is not the last
PASS  Z6 pack_end names the last segment and its end
PASS  Z7 segments lists what is on disk, ascending
PASS  Z8 open_ recovers the LAST segment's tail by default (D4)
PASS  Z9 open_at ~from:(0,27) verifies and re-admits every record in the store
-- T: truncate_to and the host limit (PK3, PK5)
PASS  T1 truncate_to below pack_end is refused
PASS  T2 truncate_to AT pack_end is allowed and changes nothing
PASS  T3 truncate_to with bytes staged is refused
PASS  T4 a node_len >= 2^62 is Host_limit at its offset, never misread (M9)
PASS  T5 a segment head that does not check is Bad_pack at open, not a misread record
PASS  T6 a scan that steps into a segment with a bad head stops at Bad_head there
PASS  T7 the records of the segments before it are still delivered, in write order
PASS  T8 an interior bad head does not stop open_ (the LAST head still checks); recovery names it, and no segment is deleted
-- P: a seeded sweep over sizes, batches and crash points
PASS  P1 every record round trips, over 12 random (count, batch, size) draws
PASS  P2 a cut at a random byte recovers exactly the records wholly before it
== ALL PASS: 0 failure(s) ==
NOTE  sandbox: /var/folders/_2/d22zd5lj2_v9xrps05xl2sr80000gn/T/build_fb4d35_dune/e4cas-52170-1790885164
NOTE  goldens: /Users/pooks/Dev/lean4-effect4-seat-J/ocaml/engine/cas/goldens
-- L-CAS-1, L-CAS-2, L-CAS-3: the address, exactness, injectivity
PASS  L-CAS-1 put answers sha256 (E4_node.encode n) for every node
PASS  L-CAS-2 get_node (put n) = n and get_bytes = encode n, exactly
PASS  L-CAS-3 65 distinct nodes have 65 distinct addresses
PASS  L-CAS-2 the store is closed after 65 admissible puts
-- L-CAS-4: admission refuses in Lean's order, first refusal wins
PASS  L-CAS-4 oversize + badVersion (oversize is tested first) -> oversize
PASS  L-CAS-4 badVersion + malformedRef + handleInContent -> badVersion
PASS  L-CAS-4 malformedRef + handleInContent + dangling -> malformedRef
PASS  L-CAS-4 handleInContent + dangling -> handleInContent
PASS  L-CAS-4 dangling + wrongKind (the spec edge is checked first) -> dangling 0707070707070707070707070707070707070707070707070707070707070707
PASS  L-CAS-4 dangling before wrongKind among the refs -> dangling 0909090909090909090909090909090909090909090909090909090909090909
PASS  L-CAS-4 wrongKind -> wrongKind
PASS  L-CAS-4 a handle payload at a run-relative kind is not refused
PASS  L-CAS-4 the genesis exemption: kind schema with the zero spec is admitted
PASS  L-CAS-4 the zero spec at any other kind dangles
-- L-CAS-5: grow-only, and the three outcomes
PASS  L-CAS-5 a fresh put is Fresh
PASS  L-CAS-5 the same node again is Duplicate
PASS  L-CAS-5 a Duplicate changes nothing
PASS  L-CAS-5 a Duplicate after a commit is still Duplicate
PASS  L-CAS-5 the node is resident at its address
PASS  L-CAS-5 an occupied address answers Conflict and exhibits the occupant
PASS  L-CAS-5 the occupant is NOT overwritten
PASS  L-CAS-5 a Conflict changes nothing
PASS  L-CAS-5 the conflict is counted
-- L-CAS-6: the recorded digest is a cache; verify re-hashes
PASS  L-CAS-6 a read that trusts the recorded digest hands back the forged bytes
PASS  L-CAS-6 verify re-hashes and refuses it as digestMismatch
PASS  L-CAS-6 verify gives the same verdict with the index dropped
PASS  L-CAS-6 the dropped index rebuilds and answers the same
PASS  L-CAS-6 verify on a store this module wrote is ok
PASS  L-CAS-6 verify_node agrees on every node
-- L-CAS-7 / golden G6: three nodes in two insertion orders
PASS  L-CAS-7 both stores hold the same three nodes
PASS  L-CAS-7 `nodes` DIFFERS between the two insertion orders
PASS  L-CAS-7 every find agrees
PASS  L-CAS-7 the closures are byte-identical
PASS  L-CAS-7 the tree closures are byte-identical
PASS  L-CAS-7 a closure is a well-formed word (Word.wf)
PASS  L-CAS-7 the closure of an absent reference is the empty word
PASS  G6 closure ⟨export, E⟩ equals Lean's cut, byte for byte (order A)
PASS  G6 closure ⟨export, E⟩ equals Lean's cut, byte for byte (order B)
PASS  G6 closure ⟨tree, T⟩ equals Lean's cut (order A)
PASS  G6 closure ⟨tree, T⟩ equals Lean's cut (order B)
PASS  G6 the empty closure is the empty list frame
PASS  G6 `nodes` in order A equals Lean's cut
PASS  G6 `nodes` in order B equals Lean's cut
PASS  G6 the two `nodes` cuts differ, as Lean's do
PASS  G6 the closure replays into an empty store
PASS  G6 the replayed `nodes` equal Lean's cut
PASS  G6 the two replays are byte-identical, as Lean's are
PASS  L-CAS-8 the replayed store is closed
PASS  L-CAS-8 replaying a word twice is idempotent
-- golden G6: Word.wf and Word.apply
PASS  G6 Word.wf probeWord = true
PASS  G6 Word.wf probeWord.reverse = false
PASS  G6 probeWord applies
PASS  G6 the replayed nodes equal Lean's cut
PASS  G6 probeWord.reverse refuses: dangling f8cbebc1e9c83f4f70fe015ac0b2c18fac5a7bd76aeb2acff15096a4587c5de4
-- golden G2: admission replayed through put, in Lean's order
PASS  G2 14/14 admission rows agree with Lean
NOTE  amendment M2 is not in Lean yet: g2-handle-in-content
NOTE    Lean admits a handle frame in a content payload (`fresh`) — `handleInContent` does
NOTE    not exist in src/ (lane GLD §4 O3).  This side refuses it, at OQ4's default
NOTE    position (after malformedRef).  When CAS commit 7 lands, G2 must be re-cut and
NOTE    this row's `expected` is the one that changes.
NOTE  CAS commit 1 is not in Lean yet: g2-malformedRef-kind
NOTE    the row uses kind byte 16 as `the unregistered byte`; 16 is `job` under the append,
NOTE    and amendment M4 moved the sentinel to 127.  The node is admissible here and the
NOTE    refusal moves to the edge check; re-cut at 127 with CAS commit 1.
-- golden G3: the roots plane, with the kind and dangling checks real
PASS  G3 7/7 root rows agree with Lean
PASS  G3 next_version of an absent name is 1
PASS  G3 the first move is ok
PASS  G3 the name answers the new root
PASS  G3 next_version is now 2
PASS  G3 the same move again is staleRoot
PASS  G3 a second advance leaves one root
PASS  G3 a root at the wrong kind is wrongKind
PASS  G3 a root at the zero digest dangles
PASS  G3 the generation is strictly increasing
PASS  G3 a root makes its target reachable
PASS  G3/M1 pin_all mints one Pin root per filing
PASS  G3/M1 a Cid with no filing refuses the publish, and files nothing
-- golden G7: verify on a good store and its mutations
PASS  G7 7/7 verify rows agree with Lean
-- differential D5: the same nodes in two topological orders
PASS  D5 both stores hold every node
PASS  D5 the two insertion orders differ
PASS  D5 `nodes` differs between them
PASS  D5 every get agrees
PASS  D5 the closures are byte-identical
PASS  D5 the closure is a well-formed word
PASS  D5 the closure replays into a store that is closed
PASS  D5 both stores verify
-- the mutation check: flip one byte of a golden and the comparison goes red
PASS  M1 the unmutated golden is admitted at its Lean address
PASS  M1 one flipped byte moves the address, so the golden cannot be silently wrong
PASS  M2 the closure comparison is red against a flipped golden
PASS  M2 and green against the golden itself
PASS  M3 verify is ok on the golden store
PASS  M3 verify is digestMismatch when one payload byte is flipped
-- the queries that are not edges, and the statistics
PASS  by_cid answers the filing of a payload digest at its kind
PASS  by_cid at another kind answers nothing
PASS  resolves is Store.Resolves
PASS  reachable is false with no roots
PASS  reachable follows the checked edges from a root
PASS  stats counts the nodes and the bytes
PASS  stats reports the index off-heap bytes
PASS  stats counts the commits and the fsyncs
PASS  get_kind answers without a payload read
PASS  mem is false for an absent address
-- a second view, and the durable prefix
PASS  X5 a reader sees the committed prefix
PASS  X5 a reader does NOT see a staged, uncommitted record
PASS  X5 after a reopen the reader sees it
PASS  X5 the generation is strictly increasing across commits
PASS  X5 a second writer is refused with Locked
PASS  X5 the lock is released at close
PASS  X5 reopening admits nothing new
== ALL PASS: 0 failure(s) ==
NOTE  sandbox: /var/folders/_2/d22zd5lj2_v9xrps05xl2sr80000gn/T/build_fb4d35_dune/e4crash-52285-1790885165
-- X1: the pack truncated mid-node, at every interesting offset
PASS  X1 over 42 cuts: exactly the records wholly before the cut are recovered
PASS  X1 every recovered store verifies and is Closed
PASS  X1 the pack is truncated to the end of the last good record
PASS  X1 a put of the lost nodes succeeds and the store verifies again
-- X2: one flipped byte, in the tail and below the watermark
PASS  X2(a) a flipped CRC byte: recovery names the failure at the exact offset
PASS  X2(a) a flipped CRC byte: exactly the prefix is admitted
PASS  X2(a) a flipped CRC byte: the prefix verifies
PASS  X2(a) a flipped CRC byte: the pack is truncated at the failure
PASS  X2(a) a flipped CRC byte: the lost node goes back in fresh
PASS  X2(a) a flipped digest byte: recovery names the failure at the exact offset
PASS  X2(a) a flipped digest byte: exactly the prefix is admitted
PASS  X2(a) a flipped digest byte: the prefix verifies
PASS  X2(a) a flipped digest byte: the pack is truncated at the failure
PASS  X2(a) a flipped digest byte: the lost node goes back in fresh
PASS  X2(a) a flipped payload byte: recovery names the failure at the exact offset
PASS  X2(a) a flipped payload byte: exactly the prefix is admitted
PASS  X2(a) a flipped payload byte: the prefix verifies
PASS  X2(a) a flipped payload byte: the pack is truncated at the failure
PASS  X2(a) a flipped payload byte: the lost node goes back in fresh
PASS  X2(b1) a record corrupted BELOW the watermark does not stop the open
PASS  X2(b1) the read that trusts the recorded digest hands the bytes back
PASS  X2(b1) verify re-hashes and finds it: digestMismatch
PASS  X2(b1) verify_on_open turns it into a refusal to open
PASS  X2(b2) a raw flipped byte below the watermark does not stop the open
PASS  X2(b2) the record does not read at all, and verify says undecodable
-- X3: lose the index
PASS  X3 the writer left an index snapshot behind
PASS  X3 with index/ deleted, every answer is the same
PASS  X3 the rebuilt index holds every record
PASS  X3 with the in-memory table dropped, every answer is the same
PASS  X3 verify is unchanged by either
PASS  X3 a corrupt index file is discarded and rebuilt
-- X4: the control file
PASS  X4(a) a stale control.tmp is removed and `control` is used
PASS  X4(b) a pack_end past the pack's end is lowered to the scan's end, and the store opens
PASS  X4(b) and it verifies
PASS  X4(c) a corrupt control file is `corrupt`, and the store refuses to open
PASS  X4(d) an unknown ASCII version is `staleBinary` — a DIFFERENT verdict, and a different operator action
PASS  X4(c/d) the store opens again once the control file is restored
PASS  X4(e) a reserved status tag survives a commit by a reader that does not know it
-- X5: two writers, and a reader's consistent prefix
PASS  X5 a second open_rw is refused with Locked
PASS  X5 a reader takes no lock and sees the committed prefix
PASS  X5 the reader does not see a staged record
PASS  X5 and still does not until it re-reads
PASS  X5 after reopen_ro it does
PASS  X5 the generation is strictly increasing across the reader's re-reads
PASS  X5 the reader's store verifies at every prefix it saw
-- X6: the log
SKIP  X6 the WAL crash family (e4_wal.{ml,mli} and test_wal.ml are lane P5's files)
-- X7: a torn tail of valid records, and the root race
PASS  X7(a) over 11 watermarks: the whole tail is re-admitted
PASS  X7(a) the recovered store is Closed and verifies
PASS  X7(a) re-admission is in write order
PASS  X7(b) recovery stops at the first record it cannot admit
PASS  X7(b) the prefix is readable and Closed
PASS  X7(b) the store refuses to GROW until an operator acts (e4_cas.mli D6)
NOTE  the refusal reads: refused seg=0 off=228 3a7feb64fe24de0bda93da74d46ccbce1ac207ff16cfb229c235005fef2967fe dangling 0707070707070707070707070707070707070707070707070707070707070707
PASS  X7(c) the first move wins
PASS  X7(c) a writer holding a stale read loses with staleRoot
PASS  X7(c) and wins after re-reading next_version
PASS  X7(c) the plane holds one root of that name, and no node was overwritten
== ALL PASS: 0 failure(s) ==
== lane X: the differential over every corpus, three engines ==
  Gen  = ocaml/gen/api_gen.ml as generated: List everywhere, no externs
  Ref  = E4_table_list / E4_trace_list / E4_memo_list / E4_buckets_list / E4_ppath_list / E4_env_list / E4_fibers_view_list
  Fast = E4_table / E4_trace / E4_memo / E4_buckets / E4_ppath / E4_env / E4_fibers_view

PASS DF-classification: all three profile refusals are not agreement
PASS DF-classification: Gen profile refusal with two answers is not agreement
PASS DF-classification: Ref profile refusal with two answers is not agreement
PASS DF-classification: Fast profile refusal with two answers is not agreement
PASS DF-classification: profile refusal and unexpected exception remain distinct
PASS DF-classification: three unexpected exceptions are not agreement
PASS DF-classification: unexpected exception with two answers is not agreement
PASS DF-classification: three answers remain comparable
PASS DF-classification: semantic divergence fails independently
== 1. ocaml/eff/goldens: the byte goldens (fuel 1000) ==
  /Users/pooks/Dev/lean4-effect4-seat-J/ocaml/_build/default/eff/goldens: 53 files, 53 decoded
PASS the byte corpus decodes: all 53 programs found
  goldens: 53 programs x 424 tapes (longest 64 decisions), 10494 positions, 20988 projection comparisons (2 pairs each position), 0 profile-refused tapes, 0 raised tapes, 0.40 s
PASS goldens: 0 divergences and no unvalidated tapes

== 2. the truth corpus: the Lean-cut wire goldens (fuel 1000) ==
  /Users/pooks/Dev/lean4-effect4-seat-J/ocaml/goldens/eff: 8 files, 8 decoded
  truth programs with canonical bytes: 11 of 14 (p42,pAwait,pBind,pCatch,pFork,pGen,pLoop,pScope,pTwo,pAcquire,pProvide)
  NOTE no canonical bytes anywhere in the tree for: pAcquireClosed pProvideMerge pProvideTwice -- they are TypeScript declarations in corpus.json and Lean has not cut their wire, so they cannot enter a byte-driven differential
PASS the truth corpus has at least the 8 Lean-cut goldens
  truth: 11 programs x 88 tapes (longest 64 decisions), 2178 positions, 4356 projection comparisons (2 pairs each position), 0 profile-refused tapes, 0 raised tapes, 0.11 s
PASS truth: 0 divergences and no unvalidated tapes

== 3. the Lean corpus: the programs `make corpus` printed (random tapes, fuel sweep) ==
  /Users/pooks/Dev/lean4-effect4-seat-J/.lake/corpus: 408 files, 408 decoded
PASS the Lean corpus is present (`make corpus` writes it under .lake/corpus)
PASS every program of the Lean corpus decodes exactly
PASS every program of the Lean corpus re-encodes to Lean's bytes
  408 programs: 135 well typed by Lean (Api.wellTyped), 273 ill-typed -- the machine's answer to both is semantics
  lean: 408 programs x 2448 tapes (longest 64 decisions), 53040 positions, 106080 projection comparisons (2 pairs each position), 0 profile-refused tapes, 0 raised tapes, 1.78 s
PASS lean: 0 divergences and no unvalidated tapes

== 4. the owed rows ==
PASS FB1 (lane C, owed): E4_fibers.to_list = api_gen's m.fibers, ids AND rows, on 53/53 goldens
  NOTE DF-2 (A3 §4.2, the family order byte-identical with only Deferred owing) is NOT RUN: `E4_due` is not wired into the engine. ocaml/engine/externs.txt has no row for `Effect4.Machine.DeferredStore.due` and none for E4_due's drain, so the due list in `api_engine.ml` is still the generated one and the substitution DF-2 is about does not exist yet. What stands in its place today is lane Q1's own due-family-order-mutation test, and the fact that every machine in all three corpora above owes only Deferred resumes (there is no Timer/Queue/Semaphore family in the Lean machine yet), so ORD-FAM is vacuous here by construction.
  NOTE DF-3 (query agreement, `E4_query.at s i` = `api_replay` of the first i) waits on lane Q3 and is out of this lane's scope. The half of it that exists -- `replay_steps` at position i equals a replay of the first i decisions -- is what every position of every tape above compares, on three engines.

== 5. the comparison has teeth: one mutation per field ==
PASS compare p p = [] (the projection is equal to itself)
  base = pFork at the end of [evaluate 0; flush], fuel 1000: 2 fibers, 26 trace rows
PASS mutating p1_outcome is caught, and only it
PASS mutating p2_stuck is caught, and only it
PASS mutating p3_settled is caught, and only it
PASS mutating p4_answer is caught, and only it
PASS mutating p5_fiber_count is caught, and only it
PASS mutating p6_fiber_ids is caught, and only it (at index 0)
PASS mutating p7_exits is caught, and only it (at index 0)
PASS mutating p8_root_exit is caught, and only it
PASS mutating p9_fiber_rows is caught, and only it (at index 1)
PASS mutating p10_armed is caught, and only it
PASS mutating p11_trace_length is caught, and only it
PASS mutating p12_trace_rows is caught, and only it (at index 7)
PASS mutating p13_store_row is caught, and only it

== the cross face: the engines against harness/truth/corpus.json ==
  corpus.json: 37 programs recorded at fuel 1000
  DIFFERS pAcquire       engine: outcome=finished fibers=1 exit=failure [die(missingService)] | lean: outcome=finished fibers=1 exitKind=success
  DIFFERS pProvide       engine: outcome=finished fibers=6 exit=success 2 | lean: outcome=finished fibers=1 exitKind=success
  agree=9  differ=2  not in corpus.json=0
  NOTE reported, not gated: 9 of the truth programs agree with Lean's recorded run

== totals: 472 programs, 2960 tapes, 65712 positions, 131424 projection comparisons, 0 divergences, 0 profile-refused tapes, 0 raised tapes, 2.30 s ==
== ALL PASS: 0 failure(s) == (32 checks)
NOTE  sandbox: /var/folders/_2/d22zd5lj2_v9xrps05xl2sr80000gn/T/build_fb4d35_dune/e4index-52298-1790885165
PASS  A1 (seg, off, kind) round trips through a slot over the whole legal range
PASS  A2 a segment past max_seg or an offset past max_off is Invalid_argument, never a wrap
PASS  A3 every kind byte is >= 1, so an occupied slot is never the empty marker
PASS  A4 the slot is 16 bytes and `bytes` is slots * 16
PASS  B1 every staged record is found at the place `append` returned
PASS  B2 a digest that is not in the pack answers None
PASS  B3 `count` is the number of distinct entries added
PASS  B4 `add` of an (address, entry) pair already present is idempotent
PASS  B5 `find_full` returns the record's node_len beside the entry
PASS  C1 the three hand-made digests share a 62-bit prefix and differ
PASS  C2 three colliding entries occupy three slots
PASS  C3 a 62-bit prefix collision is resolved by confirming at the record (L-IDX-1)
PASS  C4 the collision was PAID FOR with a read: some confirmation failed and probing went on
PASS  C5 `find_unconfirmed` answers the WRONG record for the colliders, so C3 is not vacuous
PASS  C6 a non-resident digest that collides on the prefix still answers None
PASS  G1 the load factor never passes max_load
PASS  G2 growth doubled the slot count and the slot count is a power of two
PASS  G3 nothing is lost by a growth: every entry is still there, at its place
PASS  G4 `iter` visits every occupied slot exactly once, with a non-negative 62-bit key
NOTE  H1 live_words 1868867 -> 1868891 (+24) for 262144 entries in 8388608 off-heap bytes (32.0 B/entry)
PASS  H1 the table is off-heap: live_words grows by at most 64 words (IX3)
PASS  H2 the table is at most 40 bytes per entry at this size (A2 §4.5 B5)
PASS  H3 the structural bound: never more than 64 bytes per entry above the min_slots floor
PASS  F1 save then load round trips the table and what it covers
PASS  F2 `load_at` at the pack's durable end succeeds
PASS  F3 a `covers` that is not the pack end is Stale, never loaded
PASS  F4 a flipped body byte fails the body CRC and is Bad_file
PASS  F5 a flipped head byte fails the head CRC and is Bad_file
PASS  F6 an ASCII version this binary does not know is Bad_file, never a parse
PASS  F7 a truncated file is Bad_file
PASS  F8 a missing file is No_file
PASS  F9 a stale or corrupt index file is DISCARDED and rebuilt, and the rebuild agrees (IX6)
PASS  F10 `open_index` on a good file loads it and runs no scan
NOTE  R0 rebuild of a 10000-node pack in 0.016 s (630760 nodes/s), stop = Eof
PASS  R1 the scan reached the clean end of the pack
PASS  R2 `rebuild` has the same cardinality as the incrementally built index
PASS  R3 `rebuild` equals the incrementally built index on every resident digest (IX2)
PASS  R4 the rebuilt index answers None for a digest that is not in the pack
PASS  R5 `kind_at_of_dir` agrees with the default probe on every record
PASS  R6 `of_pack ~dir` selects the fast probe and gives the same index
PASS  K1 the by-kind rebuild reached the clean end
PASS  K2 by-kind agrees with a brute-force scan, from the index and from the pack
PASS  K3 `count` and `cardinal` agree with the lists
PASS  K4 `kinds` lists exactly the non-empty kinds, in byte order
PASS  K5 `find` of a kind with no entries is the empty list
PASS  K6 the by-kind index is off-heap and non-empty
PASS  D1 the dependents rebuild reached the clean end
PASS  D2 the dependents index agrees with a brute-force scan, entry for entry (IX9)
PASS  D3 a `job`'s Cid field is a dependent edge, and it is found ONLY through E4_shape
PASS  D4 identical 32-byte `bytes` frames under a kind with no Cid row are NOT edges
PASS  D5 `Deps` is persistent: the old value is unchanged by a later `add`
PASS  D6 `add` of a pair already present is idempotent
PASS  S1 the table has one row per registered kind, in byte order (SH2)
PASS  S2 every row has a positive case: its own payload gives back exactly its fields
PASS  S3 every row has a negative case: a payload that violates it is refused, never guessed
NOTE  S0 rows with a constructible positive payload: 9 of 23
PASS  S4 `refs_of` is a subset of E4_node.scan_refs, which needs no table (SH1)
PASS  S5 a Shared row claims nothing, and E4_node.scan_refs still finds its refs exactly
PASS  S6 the statuses are what the two findings say they are
PASS  S7 `class_at` is the four-way view, and Cls_unknown for a path no row mentions
PASS  S8 a Cid field and a Stamp are the SAME bytes, and only the table tells them apart
PASS  P1 `Arg i` selects the i-th argument of a ctor, and the index frame is not an argument
PASS  P2 `Each` selects every element of a list frame (SH5)
PASS  P3 `Arg 0` of a `some` frame is its content
PASS  P4 a path that does not resolve gives the empty list, never an exception
PASS  P5 the walk never descends into a tag-8 `bytes` payload, even one full of frames (SH6)
PASS  P6 a pair has exactly two children and a handle frame has none
PASS  P7 `path_to_string` prints `Each` as `*` and is not an identity
PASS  Q1 over 8 random packs: rebuild, save and load all agree with the staged places
== ALL PASS: 0 failure(s) ==
test_cache — lane P7 (E4_cache, E4_subterm, E4_deps)
-- E4_cache: the weight and slot bounds (CA2, CA5, CA8)
PASS  B1 bytes <= capacity_bytes and entries <= slots after every operation
PASS  B2 `invariant` holds after every operation (CA8)
NOTE  B1/B2 20000 ops: hits=694 misses=7211 admissions=8118 evictions=7275 (of which slot-bound 4) refusals=0
PASS  B3 the slot array never grew: slots is what `create_sized` was given (CA5)
PASS  B4 an entry heavier than the capacity is refused, not admitted (CA2)
PASS  B5 capacity 0 and one slot are caches, not errors (CA7)
-- E4_cache: CLOCK eviction (CA3)
PASS  E1 the entry that was read survives; the one that was not is evicted
PASS  E2 with nothing read the sweep evicts the oldest (FIFO)
NOTE  E3 minor words per hit: 0.0000
PASS  E3 a hit allocates nothing (< 1 minor word per hit, CA3)
-- E4_cache: hit / miss / eviction accounting
PASS  H1 hits, misses, admissions and evictions are exactly the scripted counts
PASS  H2 `bytes` is the sum of the live values' lengths
PASS  H3 hit_ratio is hits / (hits + misses)
PASS  H4 `mem` counts neither a hit nor a miss
-- E4_cache: replace (CA4)
PASS  M1 a replace leaves `entries` where it was and moves `bytes` by the difference
PASS  M2 the invariant survives a replace
-- E4_cache: identity and drop-and-rebuild (CA1, L-IDX-0)
PASS  I1 `get` through the cache is `E4_cas.get_bytes`, address for address (CA1)
PASS  I2 a second round, mostly from the cache, answers the same
PASS  I3 `drop` empties the cache and keeps the counters
PASS  I4 after a full drop every answer is the same, and the misses show it re-read
NOTE  I4 609 addresses, 609 misses after the drop
PASS  I5 an absent address is None through the cache and admits nothing
-- E4_cache: `verify` never consults a cache (CA6, L-CAS-6, risk R3)
PASS  V1 the poison is really in the cache (this is what makes V2-V4 mean something)
PASS  V2 `E4_cas.verify` is ok with the cache poisoned
PASS  V3 `E4_cas.verify_node` on the poisoned address is ok
PASS  V4 `E4_cas.get_bytes` still answers the pack, not the cache
PASS  V5 a cache entry for an absent address does not make it resident
-- E4_cache: the decoded tier (Decoded(V), CA1, D5)
PASS  K1 `Decoded(V).get` decodes the payload and answers the value it holds
PASS  K2 the same after a full drop (the identity is the pack plus V.decode)
PASS  K3 a node whose kind is not V.kind is refused and admits nothing (D5)
PASS  K4 the decoded tier's invariant holds
PASS  K5 `Node_cache` answers the decoded envelope and it re-encodes to the pack's bytes
-- E4_subterm: the slice law over ocaml/eff/goldens (L-SUB-1, slice_atPath)
NOTE  S1 p42              bytes=66     subterms=1    eff=1    stmt=0   stmts=0   effs=0  action=0
NOTE  S1 pAcquire         bytes=168    subterms=3    eff=3    stmt=0   stmts=0   effs=0  action=0
NOTE  S1 pActions         bytes=1836   subterms=59   eff=41   stmt=0   stmts=0   effs=3  action=15
NOTE  S1 pAwait           bytes=159    subterms=3    eff=3    stmt=0   stmts=0   effs=0  action=0
NOTE  S1 pBind            bytes=199    subterms=3    eff=3    stmt=0   stmts=0   effs=0  action=0
NOTE  S1 pBranch          bytes=218    subterms=3    eff=3    stmt=0   stmts=0   effs=0  action=0
NOTE  S1 pCallback        bytes=159    subterms=3    eff=3    stmt=0   stmts=0   effs=0  action=0
NOTE  S1 pCatch           bytes=151    subterms=3    eff=3    stmt=0   stmts=0   effs=0  action=0
NOTE  S1 pCatchError      bytes=179    subterms=3    eff=3    stmt=0   stmts=0   effs=0  action=0
NOTE  S1 pCatchIf         bytes=292    subterms=3    eff=3    stmt=0   stmts=0   effs=0  action=0
NOTE  S1 pDiamond         bytes=346    subterms=6    eff=3    stmt=0   stmts=0   effs=0  action=0
NOTE  S1 pExit            bytes=86     subterms=2    eff=2    stmt=0   stmts=0   effs=0  action=0
NOTE  S1 pExternal        bytes=84     subterms=1    eff=1    stmt=0   stmts=0   effs=0  action=0
NOTE  S1 pFailCause       bytes=313    subterms=1    eff=1    stmt=0   stmts=0   effs=0  action=0
NOTE  S1 pFailText        bytes=70     subterms=1    eff=1    stmt=0   stmts=0   effs=0  action=0
NOTE  S1 pFork            bytes=290    subterms=7    eff=6    stmt=0   stmts=0   effs=0  action=1
NOTE  S1 pGen             bytes=274    subterms=7    eff=2    stmt=2   stmts=3   effs=0  action=0
NOTE  S1 pIll             bytes=135    subterms=1    eff=1    stmt=0   stmts=0   effs=0  action=0
NOTE  S1 pIllBranch       bytes=217    subterms=3    eff=3    stmt=0   stmts=0   effs=0  action=0
NOTE  S1 pIllBreak        bytes=75     subterms=4    eff=1    stmt=1   stmts=2   effs=0  action=0
NOTE  S1 pIllCallback     bytes=168    subterms=3    eff=3    stmt=0   stmts=0   effs=0  action=0
NOTE  S1 pIllCatchIf      bytes=179    subterms=3    eff=3    stmt=0   stmts=0   effs=0  action=0
NOTE  S1 pIllCauseBool    bytes=85     subterms=1    eff=1    stmt=0   stmts=0   effs=0  action=0
NOTE  S1 pIllExternalDomain bytes=160    subterms=3    eff=3    stmt=0   stmts=0   effs=0  action=0
NOTE  S1 pIllFailBool     bytes=67     subterms=1    eff=1    stmt=0   stmts=0   effs=0  action=0
NOTE  S1 pIllInterruptor  bytes=95     subterms=1    eff=1    stmt=0   stmts=0   effs=0  action=0
NOTE  S1 pIllJoin         bytes=217    subterms=3    eff=3    stmt=0   stmts=0   effs=0  action=0
NOTE  S1 pIllReq          bytes=86     subterms=1    eff=1    stmt=0   stmts=0   effs=0  action=0
NOTE  S1 pIllRet          bytes=209    subterms=6    eff=1    stmt=2   stmts=3   effs=0  action=0
NOTE  S1 pIllStep         bytes=349    subterms=2    eff=2    stmt=0   stmts=0   effs=0  action=0
NOTE  S1 pIllVar          bytes=45     subterms=1    eff=1    stmt=0   stmts=0   effs=0  action=0
NOTE  S1 pIterate         bytes=387    subterms=2    eff=2    stmt=0   stmts=0   effs=0  action=0
NOTE  S1 pIterateAnswer   bytes=294    subterms=2    eff=2    stmt=0   stmts=0   effs=0  action=0
NOTE  S1 pJoin            bytes=291    subterms=7    eff=6    stmt=0   stmts=0   effs=0  action=1
NOTE  S1 pMasks           bytes=104    subterms=3    eff=3    stmt=0   stmts=0   effs=0  action=0
NOTE  S1 pMatch           bytes=267    subterms=4    eff=4    stmt=0   stmts=0   effs=0  action=0
NOTE  S1 pMergeAll        bytes=729    subterms=13   eff=5    stmt=0   stmts=0   effs=0  action=0
NOTE  S1 pOnExit          bytes=114    subterms=3    eff=3    stmt=0   stmts=0   effs=0  action=0
NOTE  S1 pOps             bytes=2667   subterms=41   eff=41   stmt=0   stmts=0   effs=0  action=0
NOTE  S1 pPair            bytes=270    subterms=1    eff=1    stmt=0   stmts=0   effs=0  action=0
NOTE  S1 pProvide         bytes=945    subterms=16   eff=7    stmt=0   stmts=0   effs=0  action=0
NOTE  S1 pScoped          bytes=320    subterms=6    eff=5    stmt=0   stmts=0   effs=0  action=1
NOTE  S1 pSelectBool      bytes=217    subterms=3    eff=3    stmt=0   stmts=0   effs=0  action=0
NOTE  S1 pSelectOption    bytes=337    subterms=5    eff=5    stmt=0   stmts=0   effs=0  action=0
NOTE  S1 pSelectTag       bytes=342    subterms=3    eff=3    stmt=0   stmts=0   effs=0  action=0
NOTE  S1 pSleep           bytes=180    subterms=3    eff=3    stmt=0   stmts=0   effs=0  action=0
NOTE  S1 pStmts           bytes=599    subterms=19   eff=3    stmt=6   stmts=10  effs=0  action=0
NOTE  S1 pStr             bytes=76     subterms=1    eff=1    stmt=0   stmts=0   effs=0  action=0
NOTE  S1 pSuspend         bytes=74     subterms=2    eff=2    stmt=0   stmts=0   effs=0  action=0
NOTE  S1 pSync            bytes=202    subterms=1    eff=1    stmt=0   stmts=0   effs=0  action=0
NOTE  S1 pTwo             bytes=599    subterms=15   eff=13   stmt=0   stmts=0   effs=0  action=2
NOTE  S1 pWhile           bytes=397    subterms=2    eff=2    stmt=0   stmts=0   effs=0  action=0
NOTE  S1 pYieldError      bytes=67     subterms=1    eff=1    stmt=0   stmts=0   effs=0  action=0
NOTE  S1 53 golden programs, 0 refused by the wire, 295 subterms in all
PASS  S1 every subterm's own encoding equals the slice its entry names (53 programs, 295 subterms)
PASS  S3 the root entry is the whole program, at path .
PASS  S8 `entries` is a pre-order: a parent precedes every descendant
-- E4_subterm: the child table over EVERY constructor (L-SUB-3, M3)
NOTE  S2 63 witnesses, 63 constructors declared over 7 sorts
PASS  S2 every constructor of every family: the entry, its slice, its children, its ValPath
PASS  S7 `children` covers exactly the constructors `Eff_types` declares
-- E4_subterm: ProgPath vs ValPath (L-SUB-2, amendment M5)
NOTE  S5 eff ctor 19: program child 1 is argument 2
NOTE  S5 eff ctor 21: program child 0 is argument 2
NOTE  S5 eff ctor 22: program child 0 is argument 1
NOTE  S5 eff ctor 22: program child 1 is argument 2
NOTE  S5 eff ctor 23: program child 0 is argument 2
NOTE  S5 eff ctor 23: program child 1 is argument 3
NOTE  S5 eff ctor 24: program child 0 is argument 5
NOTE  S5 layer ctor 1: program child 0 is argument 1
NOTE  S5 stmt ctor 3: program child 0 is argument 1
NOTE  S5 stmt ctor 3: program child 1 is argument 2
PASS  S5 the two path spaces differ somewhere, and every row is in declaration order
PASS  S6 `val_of_prog` and `prog_of_val` are inverse where both are defined
PASS  S6b a value argument that is not an addressed child has no program index
-- E4_subterm: Cids, refusals, and the index as a function of the bytes
PASS  S4 two occurrences of one subterm share a Cid and differ in offset (SB3)
PASS  S4b a Cid is sha256 of the slice and of nothing else
PASS  S9 bytes that are not exactly one program are refused whole (SB7)
PASS  S10 building the index twice from one string is identical (SB8: it is a cache)
PASS  S11 `bytes` gives back the identity the index was derived from
-- E4_deps: the dependents index (DP1-DP7)
NOTE  D0 the store holds 10000 nodes (9990 entry, 9 job, 1 genesis schema)
PASS  D2 `of_node` is `checked_edges` then `E4_shape.cids_of`, node for node (DP5)
PASS  D4 a `job` node contributes its three Cid fields, which no byte scan could see (R1)
NOTE  D1 incremental 0.082 s (121772 nodes/s), full scan 0.092 s (108395 nodes/s)
NOTE  D1 10017 dependees, 30002 edges; the scan stopped at Eof
PASS  D1 rebuild = incremental over a 10000-node store (dependee for dependee, dependent for dependent)
PASS  D5 the whole index equals a brute-force recomputation, in discovery order
PASS  D3 persistent: the value held before a hundred additions still answers as it did
PASS  D3b `add` of a pair already present is idempotent
PASS  D6 NOT AN EDGE (M1): `reachable` and `closure` answer the same with the index built
NOTE  D6 the closure of the last entry is 9991 bindings
PASS  D6b the dependees are sorted and unique, so two indexes compare without an order
-- mutation checks (cas-design §11 commit 9)
PASS  X1 the slice law is falsifiable: one byte off, and the slice is not the subterm
PASS  X2 the index is a function of the bytes: one bit flipped and it is another index
PASS  X3 the ValPath of `catchIf` is falsifiable: argument 0 is a term, not an eff
PASS  X4 the CA6 test is falsifiable: a pack that really is damaged fails `verify`
PASS  X5 `E4_deps.equal` is falsifiable: one added edge and the two differ
-- E4_deps: a truncated pack (DP6)
NOTE  D7 whole: 66 dependees, stop Eof; truncated: 63 dependees, stop Short(seg=0,off=11696)
PASS  D7 a truncated pack stops the scan and the verdict comes back beside the index
== ALL PASS: 0 failure(s) ==
-- E4_buckets.Assoc: the property statements of A3 §2.1
PASS  Assoc buckets-ascending  P-B1
PASS  Assoc buckets-fifo  P-B2 (tail of its own bucket) and P-B6 (others untouched)
PASS  Assoc buckets-drain-order  P-B3
PASS  Assoc buckets-drained-once  P-B4
PASS  Assoc buckets-exactly-once  P-B5
PASS  Assoc buckets-armed  B6 (enqueue arms, drain disarms, arm/disarm are the flag)
PASS  Assoc buckets-persistent  B7
PASS  Assoc buckets-of-list  to_list/of_list round trip, and the four refusals
-- E4_buckets.Map_variant: the property statements of A3 §2.1
PASS  Map_variant buckets-ascending  P-B1
PASS  Map_variant buckets-fifo  P-B2 (tail of its own bucket) and P-B6 (others untouched)
PASS  Map_variant buckets-drain-order  P-B3
PASS  Map_variant buckets-drained-once  P-B4
PASS  Map_variant buckets-exactly-once  P-B5
PASS  Map_variant buckets-armed  B6 (enqueue arms, drain disarms, arm/disarm are the flag)
PASS  Map_variant buckets-persistent  B7
PASS  Map_variant buckets-of-list  to_list/of_list round trip, and the four refusals
-- the differential against the Lean transcription
PASS  Assoc buckets-differential  100000 ops against Dispatcher_ref (Fibers.lean:115-155)
PASS  Map_variant buckets-differential  100000 ops against Dispatcher_ref (Fibers.lean:115-155)
-- BENCH B-Q1a/B-Q1b: 100 000 enqueues, a drain every d, p priorities (ms, best of 3)
   carrier      p |     d=1     d=8    d=64  d=1024   d=1e5 |  enq/s at d=1024
   Assoc         1 |    2.14    0.78    0.83    0.92    2.99 |    109.1 M/s
   Assoc         4 |    1.40    1.16    1.04    1.34    2.76 |     74.7 M/s
   Assoc        16 |    1.14    1.76    2.50    3.37    5.26 |     29.7 M/s
   Assoc       256 |    1.25    1.85   26.19  117.79  124.49 |      0.8 M/s
   Map_variant   1 |    1.70    1.33    1.36    1.53    3.64 |     65.2 M/s
   Map_variant   4 |    1.80    2.46    2.31    2.87    4.91 |     34.8 M/s
   Map_variant  16 |    1.74    3.79    3.37    3.45    7.43 |     29.0 M/s
   Map_variant 256 |    2.17    4.53    7.49    7.84   11.95 |     12.8 M/s
NOTE  the Lean carrier (Dispatcher_ref, tasks ++ [t]) needs 79 619 ms for the p=1 d=1e5 cell (design §6.2); B-Q1b asks for that cell under 10 ms
NOTE  Dispatcher_ref at ONE TENTH the depth (1e4 enqueues, one drain, p=1): 406.13 ms
== ALL PASS: 0 failure(s) ==
PASS FB2 find (and find_opt') is RunMachine.fiber?
PASS FB3 update is RunMachine.update (replace by id, order preserved)
PASS FB4 update on an unknown id is a no-op (physically the same table)
PASS FB5 append is spawn's `fibers ++ [child]`, and the fresh id is the cardinal
PASS FB6 finished is `fibers.all (·.exit.isSome)`; completed_exits is the ascending filterMap
PASS FB7 drop_observers is the id-preserving bulk map
PASS FB8 agreement with the Lean list over 12000 random fiber-table ops
OWED FB1 to_list = api_gen's m.fibers over the corpus [lane X (A1 §6.3 D1/D2); the substituted engine does not exist yet, FB8 stands in]
PASS FB9 to_list is a READ, 4-5x a list walk [argued; the number is in test/bench_carriers.ml (case C6)]
== ALL PASS: 0 failure(s) ==
== test_checkpoint (lane P6: E4_chunk, E4_checkpoint) ==
  sandbox: /var/folders/_2/d22zd5lj2_v9xrps05xl2sr80000gn/T/build_fb4d35_dune/e4ckpt-52419-1790885165

== 1. E4_chunk: cutting ==
  image 1024000 B, 761 chunks, mean 1345 B
PASS CH1 cut is deterministic (same bytes, same cut)
PASS CH1 cut is a function of the bytes, not the string identity
PASS CH1 reassembly is the identity: concat (pieces s) = s
PASS CH1 the cut covers the string exactly, in order
PASS CH2 every chunk but the last is in [min, max]
PASS CH2 the last chunk is non-empty and at most max
PASS CH2 the empty image cuts to nothing
PASS CH2 an image below min is one chunk
PASS the window is smaller than min (what makes CH6 hold)
PASS params_ok refuses min <= window
PASS params_ok refuses an avg that is not a power of two
PASS params_ok refuses max < avg
PASS params_ok accepts the default
PASS cut raises Invalid_argument on refused params
  200 one-byte insertions (worst at offset 450511): worst boundaries moved 3; worst new chunks — content-defined 3, fixed 1 KB 999
  boundaries moved, over 200 trials: 0->162  1->19  2->18  3->1  4->0  5+->0
PASS CH6(a) every boundary at or before a one-byte insertion is unchanged
PASS CH6(b) a one-byte insertion moves boundaries only locally (at most 3)
PASS CH6(b) at most three chunks are rewritten
PASS MUTATION: fixed-size chunking fails CH6(b) — the property has teeth
  100 one-byte deletions: worst new chunks 2
PASS CH6(b) a one-byte deletion makes at most three new chunks
  LIMITATION, period-90 image (306 chunks, mean 3346 B): worst new chunks — content-defined 10, fixed 1 KB 988
PASS on adversarial period-90 content, content-defined chunking still beats fixed-size
PASS an append rewrites at most one chunk
  default params on 4194304 B: 210 chunks, mean 19972 B
PASS the default params hold CH2 on a 4 MB image
PASS the default params reassemble

== 2. E4_chunk: the manifest ==
PASS the leaf manifest round-trips
PASS the interior manifest round-trips
PASS a trailing byte is refused
PASS a truncated manifest is refused
PASS a leaf whose refs are at the wrong kind is refused
PASS an interior whose refs are at the wrong kind is refused
PASS an unknown ctor index is refused
PASS a non-list body is refused
PASS the empty leaf round-trips
  5000 refs -> 16 groups, sizes min 64 max 759 mean 312
PASS CH7 the groups concatenate back to the ref list
PASS CH7 every group but the last is within [g_min, g_max]
PASS CH7 the group cut is deterministic
PASS CH7 inserting one ref changes at most two groups

== 3. E4_checkpoint: the byte table ==
PASS the whole form round-trips
PASS the whole form refuses a trailing byte
PASS the whole form refuses a truncation
PASS the chunked form round-trips
PASS the chunked form refuses a trailing byte
PASS the chunked form refuses a truncation
PASS the manifested form round-trips
PASS the manifested form refuses a trailing byte
PASS the manifested form refuses a truncation
PASS the optional fields round-trip as none
PASS a job ref at the wrong kind is refused
PASS the payload begins with ctor 0 and the job ref, in that order
PASS `engine` is a bytes frame, so the edge scan treats it as a leaf (D5, risk R1)
PASS the pending schema is a genesis: kind schema, the zero spec
PASS the pending marker is on

== 4. E4_checkpoint: write, read, LOG-REL, the chain ==
PASS a small image is stored Whole
PASS CP5 read gives the image back byte for byte (whole)
  chunked: 2048000 B image, 39 chunks (39 fresh, 0 dup), 1 manifest nodes, payload 244 B
PASS a large image is stored through a manifest
PASS CP5 read gives the image back byte for byte (chunked)
PASS the checkpoint's payload is small and constant: the image is not inside it
PASS CH8 flatten is the inverse of the build
PASS CH9 fold_chunks reassembles one chunk at a time
PASS the one-level form is available and reads back
PASS read_parts answers (job, position, prev, image)
PASS CP2 a checkpoint whose job is not stored is refused Dangling by the STORE
PASS CP2 a checkpoint whose prev is not stored is refused Dangling
PASS LOG-REL two jobs, same content and position: the addresses differ
PASS LOG-REL two jobs differ in the job field's 32 bytes and in nothing else
PASS LOG-REL the same job at two positions: two addresses
PASS LOG-REL the same job, position and content: one address
PASS LOG-REL the chunk digests are a function of the image alone
PASS LOG-REL / D3 two store layouts, one checkpoint address

== 4b. the prev chain, the head root, the cycle refusal ==
PASS CP8 chain walks prev from the head to the first
PASS CP3 the head root names the last checkpoint
PASS M1 the pin root of the last checkpoint is minted
PASS CP3 a publish whose prev is not the head is refused (M7 Fork)
PASS CP8 chain refuses a cycle instead of looping
PASS CP8 chain_from on a finite chain is the chain
PASS chain refuses an address that is not a checkpoint
PASS read refuses a node that is not a checkpoint

== 4c. a flipped byte inside a stored chunk ==
PASS CP7 read verifies before the mutation
PASS MUTATION a flipped byte inside a stored chunk makes read refuse
  refusal: missingChunk

== 5. CP9 / risk R8: closure_streaming ==
  closure: 34 nodes, 1539077 node bytes; the largest node held at once is 65579 B (image 1536000 B)
PASS CP9 the streaming closure visits exactly E4_cas.closure's addresses
PASS CP9 each address once
PASS CP9 children first: every checked edge is delivered before its node
PASS CP9 the closure never holds the image: the peak node is one chunk, not the image
PASS CP9 closure_size counts the same nodes
PASS the closure covers the chunks, the manifests, the checkpoint, the job and the schema

== 6. CP10: an ephemeral checkpoint files no node ==
PASS CP10 an ephemeral checkpoint files no CAS node
PASS CP10 the marks are in the log, with no address

== 7. CP11: image_of_machine / machine_of_image ==
  chain 40 at fuel 2000: finished, 83 trace rows, 40 refs, image 5672 B
PASS CP11 machine_of_image (image_of_machine m) = machine_state m
PASS CP11 re-encoding the decoded state gives the same bytes
PASS CP11 the decoder is exact: a trailing byte is refused
PASS CP11 the decoder is exact: a truncation is refused
PASS CP11 the decoder is exact: the empty string is refused
PASS CP11 the image names the instance's carriers
PASS CP11 the image carries the reading axis: one row per trace index
PASS CP11 the image carries the ref heap
PASS CP11 the image version is the pending one
PASS CP11 machines at different points of one run give distinct images
PASS CP11 the image is a function of the machine value alone
PASS MUTATION a changed field changes the image bytes

== 8. A2 §4.4 / bench B7: 64 consecutive checkpoints of chain n=2000 ==
  64 positions of chain 2000 at fuel 50..3200, driven in 0.08 s
PASS the premise: the run has not finished at the last position, so every image differs
  image 2147 B -> 104479 B; trace 26 -> 1600 rows; refs 12 -> 800
PASS the run really grows: every image is larger than the one before it
  consecutive positions: trace 1576 -> 1600 rows (common prefix 1576); refs 787 -> 800 (common prefix 787)
PASS the machine image grows by APPENDING: the trace and the ref heap are stable prefixes
  the closed form c* = sqrt(42 * S / k) at S = 104479 B, k = 2 is 1481 B

  chunking on at avg 1 KB / min 256 B / max 4 KB (nearest the closed form):
   i   image B  chunks  fresh   dup  manif  mfresh   delta B   cumulative B
   0      2147       2      2     0      1       1      2792           2792
   1      3725       2      2     0      1       1      4413           7205
   2      5397       3      3     0      1       1      6215          13420
   3      6976       3      3     0      1       1      7794          21214
   8     15149       7      5     2      1       1     11241          71328
  16     28150      12      4     8      1       1     10251         175462
  24     41150      16      4    12      1       1     10517         264482
  32     54150      21      5    16      1       1     10705         351302
  40     67151      25      5    20      1       1      9237         478613
  48     80151      28      4    24      1       1     12028         562852
  56     93151      32      5    27      1       1     12996         677888
  63    104479      34      4    30      1       1     14300         764534

  plan                                       cumulative B   mean delta B     vs off
  avg 16 KB (the default, tuned for 64 MB)        3456896          54829      0.99x
  avg 4 KB                                        2014548          31932      1.70x
  avg 1 KB (nearest the closed form)               764534          12091      4.49x
  OFF: the whole blob, M2 as written              3430516          54414      1.00x
  the 64 images themselves sum to 3412103 B (2147 B .. 104479 B)
PASS CP6 at the closed-form average, chunking stores far less than the whole blob
PASS CP6 the chunked store is smaller than the sum of the images it holds
PASS CP6 chunks are shared: at the last checkpoint most chunks are Duplicate
PASS B7 a checkpoint that shares half its chunks costs less than its image
PASS A2 §4.4's closed form is real: the 64 MB default saves nothing on a 100 KB image
PASS every store reads every checkpoint back byte for byte
  READ THIS BEFORE QUOTING THE RATIO.  The default average is tuned for a 64 MB image
  (A2 §4.4, owner question OQ2) and on a 100 KB machine image it cuts one to three
  chunks, shares nothing and costs the node overhead — the closed form says so and the
  row above measures it.  A checkpointing engine must therefore pick `avg` from the
  image size, not from a constant; that is a finding for the coordinator, not a knob
  this lane may turn (OQ2 fixed the default).  B7's own acceptance (<= 300 KB per
  checkpoint and >= 200x) is stated at 64 MB with a one-cell edit and is
  bench_checkpoint.ml's cell, not this one.

== ALL PASS: 0 failure(s) ==
   107 checks
PASS FV1 completed IS the ascending filterMap of Fibers.lean:1543, after every write
PASS FV2 set on an ABSENT key is a no-op on the table and on the view
PASS FV3 add is spawn's append; a child with no exit leaves the view PHYSICALLY alone
PASS FV4 map is id-preserving and re-derives the view (even when it changes exits)
PASS FV5 the view is invisible to find_opt/bindings/to_list/cardinal/for_all/of_list
PASS FV6 agreement with the Lean list twin over 12000 random fiber-table ops
PASS FV7 persistent: a write answers a new value and no earlier value changes
PASS FV8 a write that does not change an exit leaves the view PHYSICALLY shared (384/384)
PASS FV9 completed is O(1), set O(log n) (+O(C) when an exit changes), map O(N) [by construction; the engine numbers are in the lane G3 receipt]
== ALL PASS: 0 failure(s) ==
opam exec --switch=effect4 -- bash ocaml/engine/tools/gen-check.sh
ok   C1 no filter/erase/removeAll/dropWhile on RunMachine.fibers in src/Effect4/
ok   C2 ocaml/gen builds and @gen/runtest passes (api_gen.ml is the oracle)
ok   C3a dune build engine
ok   C3b api_engine.ml type-checks against E4_clock/E4_nat interfaces: the functor needs no instance, so the
          extern table is closed (every unconverted carrier site would be a type error)
ok   C4 the generated file carries the current prelude

gen-check: PASS
LEAN_NUM_THREADS=1 make check-ocaml  32.43s user 2.64s system 179% cpu 19.554 total
