text	/Users/pooks/.codex/worktrees/metaprogramming-audit/lean4-effect4/Test/Audit/ProofGraphSearch.lean	192abffa83e8a291
bin	/Users/pooks/.codex/worktrees/metaprogramming-audit/lean4-effect4/.lake/build/lib/lean/Test/Audit/ProofGraphSearch.olean	6df4de55553f1edb
text	/Users/pooks/.codex/worktrees/metaprogramming-audit/lean4-effect4/.lake/packages/aesop/Aesop/Script/Tactic.lean	a133a2af3b89ee6f
bin	/Users/pooks/.codex/worktrees/metaprogramming-audit/lean4-effect4/.lake/packages/aesop/.lake/build/lib/lean/Aesop/Script/Tactic.olean	75e063b4276ec8a7
bin	/Users/pooks/.codex/worktrees/metaprogramming-audit/lean4-effect4/.lake/packages/aesop/.lake/build/lib/lean/Aesop/Script/Tactic.olean.server	2cca1d375e439096
bin	/Users/pooks/.codex/worktrees/metaprogramming-audit/lean4-effect4/.lake/packages/aesop/.lake/build/lib/lean/Aesop/Script/Tactic.olean.private	23a3053603ee6f85
text	/Users/pooks/.codex/worktrees/metaprogramming-audit/lean4-effect4/.lake/packages/batteries/Batteries/Lean/Meta/Basic.lean	7a0f5a3943d06da5
bin	/Users/pooks/.codex/worktrees/metaprogramming-audit/lean4-effect4/.lake/packages/batteries/.lake/build/lib/lean/Batteries/Lean/Meta/Basic.olean	af6c773c54c50043
bin	/Users/pooks/.codex/worktrees/metaprogramming-audit/lean4-effect4/.lake/packages/batteries/.lake/build/lib/lean/Batteries/Lean/Meta/Basic.olean.server	b7b49bd85d0cc01a
bin	/Users/pooks/.codex/worktrees/metaprogramming-audit/lean4-effect4/.lake/packages/batteries/.lake/build/lib/lean/Batteries/Lean/Meta/Basic.olean.private	0af11e25f78c1f63
text	/Users/pooks/.codex/worktrees/metaprogramming-audit/lean4-effect4/.lake/packages/aesop/Aesop/Script/GoalWithMVars.lean	ad476dfd5991ef09
bin	/Users/pooks/.codex/worktrees/metaprogramming-audit/lean4-effect4/.lake/packages/aesop/.lake/build/lib/lean/Aesop/Script/GoalWithMVars.olean	d147bdbd6466a789
bin	/Users/pooks/.codex/worktrees/metaprogramming-audit/lean4-effect4/.lake/packages/aesop/.lake/build/lib/lean/Aesop/Script/GoalWithMVars.olean.server	74079207f01f3990
bin	/Users/pooks/.codex/worktrees/metaprogramming-audit/lean4-effect4/.lake/packages/aesop/.lake/build/lib/lean/Aesop/Script/GoalWithMVars.olean.private	9dbc2f28656b14bd
text	/Users/pooks/.codex/worktrees/metaprogramming-audit/lean4-effect4/.lake/packages/aesop/Aesop/Script/TacticState.lean	52d7e03b7c50ab74
bin	/Users/pooks/.codex/worktrees/metaprogramming-audit/lean4-effect4/.lake/packages/aesop/.lake/build/lib/lean/Aesop/Script/TacticState.olean	16e9a5082c367b10
bin	/Users/pooks/.codex/worktrees/metaprogramming-audit/lean4-effect4/.lake/packages/aesop/.lake/build/lib/lean/Aesop/Script/TacticState.olean.server	1dad7702e587ef42
bin	/Users/pooks/.codex/worktrees/metaprogramming-audit/lean4-effect4/.lake/packages/aesop/.lake/build/lib/lean/Aesop/Script/TacticState.olean.private	f52e8924aca654e4
text	/Users/pooks/.codex/worktrees/metaprogramming-audit/lean4-effect4/.lake/packages/aesop/Aesop/Nanos.lean	1fbaaac41617ae26
bin	/Users/pooks/.codex/worktrees/metaprogramming-audit/lean4-effect4/.lake/packages/aesop/.lake/build/lib/lean/Aesop/Nanos.olean	afc85991c1bf0337
bin	/Users/pooks/.codex/worktrees/metaprogramming-audit/lean4-effect4/.lake/packages/aesop/.lake/build/lib/lean/Aesop/Nanos.olean.server	938873f14f328136
bin	/Users/pooks/.codex/worktrees/metaprogramming-audit/lean4-effect4/.lake/packages/aesop/.lake/build/lib/lean/Aesop/Nanos.olean.private	077f70970320b8e7
text	/Users/pooks/.codex/worktrees/metaprogramming-audit/lean4-effect4/.lake/packages/batteries/Batteries/Data/Array/Merge.lean	35c7aaa6b6975352
bin	/Users/pooks/.codex/worktrees/metaprogramming-audit/lean4-effect4/.lake/packages/batteries/.lake/build/lib/lean/Batteries/Data/Array/Merge.olean	44fd5cd75adaee7c
bin	/Users/pooks/.codex/worktrees/metaprogramming-audit/lean4-effect4/.lake/packages/batteries/.lake/build/lib/lean/Batteries/Data/Array/Merge.olean.server	5591ff398aecb4a2
bin	/Users/pooks/.codex/worktrees/metaprogramming-audit/lean4-effect4/.lake/packages/batteries/.lake/build/lib/lean/Batteries/Data/Array/Merge.olean.private	9fe5481ebe1774be
text	/Users/pooks/.codex/worktrees/metaprogramming-audit/lean4-effect4/.lake/packages/aesop/Aesop/Util/UnorderedArraySet.lean	9c6a13df1d9918c5
bin	/Users/pooks/.codex/worktrees/metaprogramming-audit/lean4-effect4/.lake/packages/aesop/.lake/build/lib/lean/Aesop/Util/UnorderedArraySet.olean	3a02335bede02c37
bin	/Users/pooks/.codex/worktrees/metaprogramming-audit/lean4-effect4/.lake/packages/aesop/.lake/build/lib/lean/Aesop/Util/UnorderedArraySet.olean.server	41cf1ec3f7462277
bin	/Users/pooks/.codex/worktrees/metaprogramming-audit/lean4-effect4/.lake/packages/aesop/.lake/build/lib/lean/Aesop/Util/UnorderedArraySet.olean.private	91aeb8bb87bb3550
text	/Users/pooks/.codex/worktrees/metaprogramming-audit/lean4-effect4/.lake/packages/aesop/Aesop/Index/DiscrTreeConfig.lean	b2bfed6d77172926
bin	/Users/pooks/.codex/worktrees/metaprogramming-audit/lean4-effect4/.lake/packages/aesop/.lake/build/lib/lean/Aesop/Index/DiscrTreeConfig.olean	7ffd64daaf4e0684
bin	/Users/pooks/.codex/worktrees/metaprogramming-audit/lean4-effect4/.lake/packages/aesop/.lake/build/lib/lean/Aesop/Index/DiscrTreeConfig.olean.server	9fce20a31fc9296f
bin	/Users/pooks/.codex/worktrees/metaprogramming-audit/lean4-effect4/.lake/packages/aesop/.lake/build/lib/lean/Aesop/Index/DiscrTreeConfig.olean.private	80e22d2ae17d2263
text	/Users/pooks/.codex/worktrees/metaprogramming-audit/lean4-effect4/.lake/packages/aesop/Aesop/Util/Basic.lean	9d120a19cb5b69b0
bin	/Users/pooks/.codex/worktrees/metaprogramming-audit/lean4-effect4/.lake/packages/aesop/.lake/build/lib/lean/Aesop/Util/Basic.olean	3448e02eb2aa762c
bin	/Users/pooks/.codex/worktrees/metaprogramming-audit/lean4-effect4/.lake/packages/aesop/.lake/build/lib/lean/Aesop/Util/Basic.olean.server	5417becd4a94474a
bin	/Users/pooks/.codex/worktrees/metaprogramming-audit/lean4-effect4/.lake/packages/aesop/.lake/build/lib/lean/Aesop/Util/Basic.olean.private	14ae4a9ffb91927a
text	/Users/pooks/.codex/worktrees/metaprogramming-audit/lean4-effect4/.lake/packages/aesop/Aesop/Tracing.lean	6a865298b8f620eb
bin	/Users/pooks/.codex/worktrees/metaprogramming-audit/lean4-effect4/.lake/packages/aesop/.lake/build/lib/lean/Aesop/Tracing.olean	5d651ce611b94136
bin	/Users/pooks/.codex/worktrees/metaprogramming-audit/lean4-effect4/.lake/packages/aesop/.lake/build/lib/lean/Aesop/Tracing.olean.server	cbaeefc7c26a2514
bin	/Users/pooks/.codex/worktrees/metaprogramming-audit/lean4-effect4/.lake/packages/aesop/.lake/build/lib/lean/Aesop/Tracing.olean.private	ec8e83cb8a15adcc
text	/Users/pooks/.codex/worktrees/metaprogramming-audit/lean4-effect4/.lake/packages/batteries/Batteries/Tactic/PermuteGoals.lean	ed857aa846c0c321
bin	/Users/pooks/.codex/worktrees/metaprogramming-audit/lean4-effect4/.lake/packages/batteries/.lake/build/lib/lean/Batteries/Tactic/PermuteGoals.olean	cc9126e309954a4c
bin	/Users/pooks/.codex/worktrees/metaprogramming-audit/lean4-effect4/.lake/packages/batteries/.lake/build/lib/lean/Batteries/Tactic/PermuteGoals.olean.server	eb4e8727a713db94
bin	/Users/pooks/.codex/worktrees/metaprogramming-audit/lean4-effect4/.lake/packages/batteries/.lake/build/lib/lean/Batteries/Tactic/PermuteGoals.olean.private	f01515c89e524091
text	/Users/pooks/.codex/worktrees/metaprogramming-audit/lean4-effect4/.lake/packages/batteries/Batteries/Lean/MonadBacktrack.lean	077964d8c6f6553d
bin	/Users/pooks/.codex/worktrees/metaprogramming-audit/lean4-effect4/.lake/packages/batteries/.lake/build/lib/lean/Batteries/Lean/MonadBacktrack.olean	ef319f9f51319b01
bin	/Users/pooks/.codex/worktrees/metaprogramming-audit/lean4-effect4/.lake/packages/batteries/.lake/build/lib/lean/Batteries/Lean/MonadBacktrack.olean.server	98d3f79e6766b4a9
bin	/Users/pooks/.codex/worktrees/metaprogramming-audit/lean4-effect4/.lake/packages/batteries/.lake/build/lib/lean/Batteries/Lean/MonadBacktrack.olean.private	8299ae35e1a1feb2
text	/Users/pooks/.codex/worktrees/metaprogramming-audit/lean4-effect4/.lake/packages/batteries/Batteries/Lean/Meta/SavedState.lean	a729bdc4ce2be184
bin	/Users/pooks/.codex/worktrees/metaprogramming-audit/lean4-effect4/.lake/packages/batteries/.lake/build/lib/lean/Batteries/Lean/Meta/SavedState.olean	fb318995fba34986
bin	/Users/pooks/.codex/worktrees/metaprogramming-audit/lean4-effect4/.lake/packages/batteries/.lake/build/lib/lean/Batteries/Lean/Meta/SavedState.olean.server	5f36103f60484c98
bin	/Users/pooks/.codex/worktrees/metaprogramming-audit/lean4-effect4/.lake/packages/batteries/.lake/build/lib/lean/Batteries/Lean/Meta/SavedState.olean.private	b22b7e5a348c1039
text	/Users/pooks/.codex/worktrees/metaprogramming-audit/lean4-effect4/.lake/packages/aesop/Aesop/Util/EqualUpToIds.lean	8b764c0109659592
bin	/Users/pooks/.codex/worktrees/metaprogramming-audit/lean4-effect4/.lake/packages/aesop/.lake/build/lib/lean/Aesop/Util/EqualUpToIds.olean	555b022ddaf3ce8d
bin	/Users/pooks/.codex/worktrees/metaprogramming-audit/lean4-effect4/.lake/packages/aesop/.lake/build/lib/lean/Aesop/Util/EqualUpToIds.olean.server	aaac1274bb2aa783
bin	/Users/pooks/.codex/worktrees/metaprogramming-audit/lean4-effect4/.lake/packages/aesop/.lake/build/lib/lean/Aesop/Util/EqualUpToIds.olean.private	3255c2f2e93be3ff
text	/Users/pooks/.codex/worktrees/metaprogramming-audit/lean4-effect4/.lake/packages/aesop/Aesop/Script/Util.lean	4c1f4cc74fad5749
bin	/Users/pooks/.codex/worktrees/metaprogramming-audit/lean4-effect4/.lake/packages/aesop/.lake/build/lib/lean/Aesop/Script/Util.olean	bd3aaea68f878768
bin	/Users/pooks/.codex/worktrees/metaprogramming-audit/lean4-effect4/.lake/packages/aesop/.lake/build/lib/lean/Aesop/Script/Util.olean.server	b01259c52f9c8b35
bin	/Users/pooks/.codex/worktrees/metaprogramming-audit/lean4-effect4/.lake/packages/aesop/.lake/build/lib/lean/Aesop/Script/Util.olean.private	0ff69f4c1d6449b4
text	/Users/pooks/.codex/worktrees/metaprogramming-audit/lean4-effect4/.lake/packages/aesop/Aesop/Script/Step.lean	31804df4fe54a10b
bin	/Users/pooks/.codex/worktrees/metaprogramming-audit/lean4-effect4/.lake/packages/aesop/.lake/build/lib/lean/Aesop/Script/Step.olean	13f76eead0ddf0d7
bin	/Users/pooks/.codex/worktrees/metaprogramming-audit/lean4-effect4/.lake/packages/aesop/.lake/build/lib/lean/Aesop/Script/Step.olean.server	9c9080577a42b3e9
bin	/Users/pooks/.codex/worktrees/metaprogramming-audit/lean4-effect4/.lake/packages/aesop/.lake/build/lib/lean/Aesop/Script/Step.olean.private	7038110bb17648cc
text	/Users/pooks/.codex/worktrees/metaprogramming-audit/lean4-effect4/.lake/packages/aesop/Aesop/Script/UScript.lean	0c634a62a7076ce1
bin	/Users/pooks/.codex/worktrees/metaprogramming-audit/lean4-effect4/.lake/packages/aesop/.lake/build/lib/lean/Aesop/Script/UScript.olean	1db0d1f331ccf8d2
bin	/Users/pooks/.codex/worktrees/metaprogramming-audit/lean4-effect4/.lake/packages/aesop/.lake/build/lib/lean/Aesop/Script/UScript.olean.server	984b4bf1e9c989ce
bin	/Users/pooks/.codex/worktrees/metaprogramming-audit/lean4-effect4/.lake/packages/aesop/.lake/build/lib/lean/Aesop/Script/UScript.olean.private	40003baa5f02a065
text	/Users/pooks/.codex/worktrees/metaprogramming-audit/lean4-effect4/.lake/packages/aesop/Aesop/Check.lean	ad216b0c5ad92e79
bin	/Users/pooks/.codex/worktrees/metaprogramming-audit/lean4-effect4/.lake/packages/aesop/.lake/build/lib/lean/Aesop/Check.olean	fcbd402df1813528
bin	/Users/pooks/.codex/worktrees/metaprogramming-audit/lean4-effect4/.lake/packages/aesop/.lake/build/lib/lean/Aesop/Check.olean.server	63444a13f3927e7e
bin	/Users/pooks/.codex/worktrees/metaprogramming-audit/lean4-effect4/.lake/packages/aesop/.lake/build/lib/lean/Aesop/Check.olean.private	7e9f3cabe7856f21
text	/Users/pooks/.codex/worktrees/metaprogramming-audit/lean4-effect4/.lake/packages/aesop/Aesop/Script/Check.lean	61295d67017944e6
bin	/Users/pooks/.codex/worktrees/metaprogramming-audit/lean4-effect4/.lake/packages/aesop/.lake/build/lib/lean/Aesop/Script/Check.olean	ac750191e1810ec9
bin	/Users/pooks/.codex/worktrees/metaprogramming-audit/lean4-effect4/.lake/packages/aesop/.lake/build/lib/lean/Aesop/Script/Check.olean.server	8ee105d8393601c3
bin	/Users/pooks/.codex/worktrees/metaprogramming-audit/lean4-effect4/.lake/packages/aesop/.lake/build/lib/lean/Aesop/Script/Check.olean.private	7e7258a0709bf743
text	/Users/pooks/.codex/worktrees/metaprogramming-audit/lean4-effect4/.lake/packages/aesop/Aesop/Rule/Name.lean	e1c598f9b272eccd
bin	/Users/pooks/.codex/worktrees/metaprogramming-audit/lean4-effect4/.lake/packages/aesop/.lake/build/lib/lean/Aesop/Rule/Name.olean	8f2f327185c56301
bin	/Users/pooks/.codex/worktrees/metaprogramming-audit/lean4-effect4/.lake/packages/aesop/.lake/build/lib/lean/Aesop/Rule/Name.olean.server	2ab2502e838850d7
bin	/Users/pooks/.codex/worktrees/metaprogramming-audit/lean4-effect4/.lake/packages/aesop/.lake/build/lib/lean/Aesop/Rule/Name.olean.private	ac612cec9c42b4ee
text	/Users/pooks/.codex/worktrees/metaprogramming-audit/lean4-effect4/.lake/packages/aesop/Aesop/Options/Public.lean	45d853ed6cc896eb
bin	/Users/pooks/.codex/worktrees/metaprogramming-audit/lean4-effect4/.lake/packages/aesop/.lake/build/lib/lean/Aesop/Options/Public.olean	3ee44210172b512b
bin	/Users/pooks/.codex/worktrees/metaprogramming-audit/lean4-effect4/.lake/packages/aesop/.lake/build/lib/lean/Aesop/Options/Public.olean.server	fd61eed0495e7692
bin	/Users/pooks/.codex/worktrees/metaprogramming-audit/lean4-effect4/.lake/packages/aesop/.lake/build/lib/lean/Aesop/Options/Public.olean.private	ff542d5ebeadaa40
text	/Users/pooks/.codex/worktrees/metaprogramming-audit/lean4-effect4/.lake/packages/aesop/Aesop/Stats/Basic.lean	9e2623f5b8710a9d
bin	/Users/pooks/.codex/worktrees/metaprogramming-audit/lean4-effect4/.lake/packages/aesop/.lake/build/lib/lean/Aesop/Stats/Basic.olean	6a0bc3152240f693
bin	/Users/pooks/.codex/worktrees/metaprogramming-audit/lean4-effect4/.lake/packages/aesop/.lake/build/lib/lean/Aesop/Stats/Basic.olean.server	27b2760a2185b601
bin	/Users/pooks/.codex/worktrees/metaprogramming-audit/lean4-effect4/.lake/packages/aesop/.lake/build/lib/lean/Aesop/Stats/Basic.olean.private	0f0d730f7e089a5e
text	/Users/pooks/.codex/worktrees/metaprogramming-audit/lean4-effect4/.lake/packages/aesop/Aesop/Options/Internal.lean	40bc38c87b1e893b
bin	/Users/pooks/.codex/worktrees/metaprogramming-audit/lean4-effect4/.lake/packages/aesop/.lake/build/lib/lean/Aesop/Options/Internal.olean	0f4b89a3ec21e11e
bin	/Users/pooks/.codex/worktrees/metaprogramming-audit/lean4-effect4/.lake/packages/aesop/.lake/build/lib/lean/Aesop/Options/Internal.olean.server	1fcf0ff349086bba
bin	/Users/pooks/.codex/worktrees/metaprogramming-audit/lean4-effect4/.lake/packages/aesop/.lake/build/lib/lean/Aesop/Options/Internal.olean.private	a7e851f779116250
text	/Users/pooks/.codex/worktrees/metaprogramming-audit/lean4-effect4/.lake/packages/aesop/Aesop/Script/OptimizeSyntax.lean	785c587da1a534f2
bin	/Users/pooks/.codex/worktrees/metaprogramming-audit/lean4-effect4/.lake/packages/aesop/.lake/build/lib/lean/Aesop/Script/OptimizeSyntax.olean	b4ab7b878cb20e1a
bin	/Users/pooks/.codex/worktrees/metaprogramming-audit/lean4-effect4/.lake/packages/aesop/.lake/build/lib/lean/Aesop/Script/OptimizeSyntax.olean.server	d329882995a932c1
bin	/Users/pooks/.codex/worktrees/metaprogramming-audit/lean4-effect4/.lake/packages/aesop/.lake/build/lib/lean/Aesop/Script/OptimizeSyntax.olean.private	130dce002b123158
text	/Users/pooks/.codex/worktrees/metaprogramming-audit/lean4-effect4/.lake/packages/aesop/Aesop/Script/SScript.lean	d8fba550d912877b
bin	/Users/pooks/.codex/worktrees/metaprogramming-audit/lean4-effect4/.lake/packages/aesop/.lake/build/lib/lean/Aesop/Script/SScript.olean	9f06d86ffd75bdd8
bin	/Users/pooks/.codex/worktrees/metaprogramming-audit/lean4-effect4/.lake/packages/aesop/.lake/build/lib/lean/Aesop/Script/SScript.olean.server	13a17d92ec77a119
bin	/Users/pooks/.codex/worktrees/metaprogramming-audit/lean4-effect4/.lake/packages/aesop/.lake/build/lib/lean/Aesop/Script/SScript.olean.private	e7d75506e7c0ce93
text	/Users/pooks/.codex/worktrees/metaprogramming-audit/lean4-effect4/.lake/packages/aesop/Aesop/Script/UScriptToSScript.lean	0ee970dbdeb8af8c
bin	/Users/pooks/.codex/worktrees/metaprogramming-audit/lean4-effect4/.lake/packages/aesop/.lake/build/lib/lean/Aesop/Script/UScriptToSScript.olean	1674abc73e3e6704
bin	/Users/pooks/.codex/worktrees/metaprogramming-audit/lean4-effect4/.lake/packages/aesop/.lake/build/lib/lean/Aesop/Script/UScriptToSScript.olean.server	1a8124e75fe09b28
bin	/Users/pooks/.codex/worktrees/metaprogramming-audit/lean4-effect4/.lake/packages/aesop/.lake/build/lib/lean/Aesop/Script/UScriptToSScript.olean.private	9ffd534bace71594
text	/Users/pooks/.codex/worktrees/metaprogramming-audit/lean4-effect4/.lake/packages/aesop/Aesop/Script/StructureDynamic.lean	82c2d6395312e0be
bin	/Users/pooks/.codex/worktrees/metaprogramming-audit/lean4-effect4/.lake/packages/aesop/.lake/build/lib/lean/Aesop/Script/StructureDynamic.olean	6e633b75751bdc9e
bin	/Users/pooks/.codex/worktrees/metaprogramming-audit/lean4-effect4/.lake/packages/aesop/.lake/build/lib/lean/Aesop/Script/StructureDynamic.olean.server	c5557b85ebbcae7b
bin	/Users/pooks/.codex/worktrees/metaprogramming-audit/lean4-effect4/.lake/packages/aesop/.lake/build/lib/lean/Aesop/Script/StructureDynamic.olean.private	44c847c7b83b71a8
text	/Users/pooks/.codex/worktrees/metaprogramming-audit/lean4-effect4/.lake/packages/aesop/Aesop/Script/StructureStatic.lean	16a7c8d235d70cf1
bin	/Users/pooks/.codex/worktrees/metaprogramming-audit/lean4-effect4/.lake/packages/aesop/.lake/build/lib/lean/Aesop/Script/StructureStatic.olean	2f21faa741515993
bin	/Users/pooks/.codex/worktrees/metaprogramming-audit/lean4-effect4/.lake/packages/aesop/.lake/build/lib/lean/Aesop/Script/StructureStatic.olean.server	353456ae91716a15
bin	/Users/pooks/.codex/worktrees/metaprogramming-audit/lean4-effect4/.lake/packages/aesop/.lake/build/lib/lean/Aesop/Script/StructureStatic.olean.private	0c7192cbba7c6af2
text	/Users/pooks/.codex/worktrees/metaprogramming-audit/lean4-effect4/.lake/packages/aesop/Aesop/Script/Main.lean	09bd60266f4c0e17
bin	/Users/pooks/.codex/worktrees/metaprogramming-audit/lean4-effect4/.lake/packages/aesop/.lake/build/lib/lean/Aesop/Script/Main.olean	b4149ed80a1de4a7
bin	/Users/pooks/.codex/worktrees/metaprogramming-audit/lean4-effect4/.lake/packages/aesop/.lake/build/lib/lean/Aesop/Script/Main.olean.server	7ab1350932eeec66
bin	/Users/pooks/.codex/worktrees/metaprogramming-audit/lean4-effect4/.lake/packages/aesop/.lake/build/lib/lean/Aesop/Script/Main.olean.private	8307fb05811e60fd
text	/Users/pooks/.codex/worktrees/metaprogramming-audit/lean4-effect4/.lake/packages/aesop/Aesop/Forward/LevelIndex.lean	730d341272a83708
bin	/Users/pooks/.codex/worktrees/metaprogramming-audit/lean4-effect4/.lake/packages/aesop/.lake/build/lib/lean/Aesop/Forward/LevelIndex.olean	c548941f04e821c3
bin	/Users/pooks/.codex/worktrees/metaprogramming-audit/lean4-effect4/.lake/packages/aesop/.lake/build/lib/lean/Aesop/Forward/LevelIndex.olean.server	b48237cd1f86c76a
bin	/Users/pooks/.codex/worktrees/metaprogramming-audit/lean4-effect4/.lake/packages/aesop/.lake/build/lib/lean/Aesop/Forward/LevelIndex.olean.private	1a7ae1b1d347dc05
text	/Users/pooks/.codex/worktrees/metaprogramming-audit/lean4-effect4/.lake/packages/aesop/Aesop/Forward/PremiseIndex.lean	578759381d4bd50b
bin	/Users/pooks/.codex/worktrees/metaprogramming-audit/lean4-effect4/.lake/packages/aesop/.lake/build/lib/lean/Aesop/Forward/PremiseIndex.olean	d5e9b3686a05b2d3
bin	/Users/pooks/.codex/worktrees/metaprogramming-audit/lean4-effect4/.lake/packages/aesop/.lake/build/lib/lean/Aesop/Forward/PremiseIndex.olean.server	c78d1f43a703da9d
bin	/Users/pooks/.codex/worktrees/metaprogramming-audit/lean4-effect4/.lake/packages/aesop/.lake/build/lib/lean/Aesop/Forward/PremiseIndex.olean.private	e638a59c71346cfd
text	/Users/pooks/.codex/worktrees/metaprogramming-audit/lean4-effect4/.lake/packages/aesop/Aesop/Forward/Substitution.lean	1ab2819cc23ae815
bin	/Users/pooks/.codex/worktrees/metaprogramming-audit/lean4-effect4/.lake/packages/aesop/.lake/build/lib/lean/Aesop/Forward/Substitution.olean	8845c073f522cbfe
bin	/Users/pooks/.codex/worktrees/metaprogramming-audit/lean4-effect4/.lake/packages/aesop/.lake/build/lib/lean/Aesop/Forward/Substitution.olean.server	a985a7366eefa9b9
bin	/Users/pooks/.codex/worktrees/metaprogramming-audit/lean4-effect4/.lake/packages/aesop/.lake/build/lib/lean/Aesop/Forward/Substitution.olean.private	93fd8d7ab82054d3
text	/Users/pooks/.codex/worktrees/metaprogramming-audit/lean4-effect4/.lake/packages/aesop/Aesop/Index/Basic.lean	9f6a76933f47415f
bin	/Users/pooks/.codex/worktrees/metaprogramming-audit/lean4-effect4/.lake/packages/aesop/.lake/build/lib/lean/Aesop/Index/Basic.olean	a0e550161770c951
bin	/Users/pooks/.codex/worktrees/metaprogramming-audit/lean4-effect4/.lake/packages/aesop/.lake/build/lib/lean/Aesop/Index/Basic.olean.server	befbffbbc5b93f83
bin	/Users/pooks/.codex/worktrees/metaprogramming-audit/lean4-effect4/.lake/packages/aesop/.lake/build/lib/lean/Aesop/Index/Basic.olean.private	f9671bd7dde03bba
text	/Users/pooks/.codex/worktrees/metaprogramming-audit/lean4-effect4/.lake/packages/aesop/Aesop/Percent.lean	7f8b05af00f5c918
bin	/Users/pooks/.codex/worktrees/metaprogramming-audit/lean4-effect4/.lake/packages/aesop/.lake/build/lib/lean/Aesop/Percent.olean	a8dab625fbf1c665
bin	/Users/pooks/.codex/worktrees/metaprogramming-audit/lean4-effect4/.lake/packages/aesop/.lake/build/lib/lean/Aesop/Percent.olean.server	266f9704398f7a74
bin	/Users/pooks/.codex/worktrees/metaprogramming-audit/lean4-effect4/.lake/packages/aesop/.lake/build/lib/lean/Aesop/Percent.olean.private	f1d44e13ee702578
text	/Users/pooks/.codex/worktrees/metaprogramming-audit/lean4-effect4/.lake/packages/aesop/Aesop/RulePattern/Cache.lean	77720684964a2d28
bin	/Users/pooks/.codex/worktrees/metaprogramming-audit/lean4-effect4/.lake/packages/aesop/.lake/build/lib/lean/Aesop/RulePattern/Cache.olean	2aa6eafdd6873774
bin	/Users/pooks/.codex/worktrees/metaprogramming-audit/lean4-effect4/.lake/packages/aesop/.lake/build/lib/lean/Aesop/RulePattern/Cache.olean.server	5592ea230bcd436b
bin	/Users/pooks/.codex/worktrees/metaprogramming-audit/lean4-effect4/.lake/packages/aesop/.lake/build/lib/lean/Aesop/RulePattern/Cache.olean.private	53b7b93d8ed4b481
text	/Users/pooks/.codex/worktrees/metaprogramming-audit/lean4-effect4/.lake/packages/aesop/Aesop/BaseM.lean	9773dc96e26e2ff1
bin	/Users/pooks/.codex/worktrees/metaprogramming-audit/lean4-effect4/.lake/packages/aesop/.lake/build/lib/lean/Aesop/BaseM.olean	4eec8020fc50bdda
bin	/Users/pooks/.codex/worktrees/metaprogramming-audit/lean4-effect4/.lake/packages/aesop/.lake/build/lib/lean/Aesop/BaseM.olean.server	2a8340d437e862bc
bin	/Users/pooks/.codex/worktrees/metaprogramming-audit/lean4-effect4/.lake/packages/aesop/.lake/build/lib/lean/Aesop/BaseM.olean.private	a3bed85907898b47
text	/Users/pooks/.codex/worktrees/metaprogramming-audit/lean4-effect4/.lake/packages/aesop/Aesop/RuleTac/GoalDiff.lean	5adedd7310af5dd4
bin	/Users/pooks/.codex/worktrees/metaprogramming-audit/lean4-effect4/.lake/packages/aesop/.lake/build/lib/lean/Aesop/RuleTac/GoalDiff.olean	adcf070b2bdf23c3
bin	/Users/pooks/.codex/worktrees/metaprogramming-audit/lean4-effect4/.lake/packages/aesop/.lake/build/lib/lean/Aesop/RuleTac/GoalDiff.olean.server	27b267d9c6021cb6
bin	/Users/pooks/.codex/worktrees/metaprogramming-audit/lean4-effect4/.lake/packages/aesop/.lake/build/lib/lean/Aesop/RuleTac/GoalDiff.olean.private	3676ed090ebaf122
text	/Users/pooks/.codex/worktrees/metaprogramming-audit/lean4-effect4/.lake/packages/aesop/Aesop/RuleTac/Basic.lean	39c7b77028d00644
bin	/Users/pooks/.codex/worktrees/metaprogramming-audit/lean4-effect4/.lake/packages/aesop/.lake/build/lib/lean/Aesop/RuleTac/Basic.olean	7e54374a8fee00dc
bin	/Users/pooks/.codex/worktrees/metaprogramming-audit/lean4-effect4/.lake/packages/aesop/.lake/build/lib/lean/Aesop/RuleTac/Basic.olean.server	630f93ad4916843f
bin	/Users/pooks/.codex/worktrees/metaprogramming-audit/lean4-effect4/.lake/packages/aesop/.lake/build/lib/lean/Aesop/RuleTac/Basic.olean.private	747fa1f910c298e1
text	/Users/pooks/.codex/worktrees/metaprogramming-audit/lean4-effect4/.lake/packages/aesop/Aesop/Forward/SlotIndex.lean	42dca7012d5d1c27
bin	/Users/pooks/.codex/worktrees/metaprogramming-audit/lean4-effect4/.lake/packages/aesop/.lake/build/lib/lean/Aesop/Forward/SlotIndex.olean	2f7480772af7ff48
bin	/Users/pooks/.codex/worktrees/metaprogramming-audit/lean4-effect4/.lake/packages/aesop/.lake/build/lib/lean/Aesop/Forward/SlotIndex.olean.server	a6ae2104f2e59a60
bin	/Users/pooks/.codex/worktrees/metaprogramming-audit/lean4-effect4/.lake/packages/aesop/.lake/build/lib/lean/Aesop/Forward/SlotIndex.olean.private	359a480694bfc636
text	/Users/pooks/.codex/worktrees/metaprogramming-audit/lean4-effect4/.lake/packages/aesop/Aesop/RulePattern.lean	a70a91603792d57d
bin	/Users/pooks/.codex/worktrees/metaprogramming-audit/lean4-effect4/.lake/packages/aesop/.lake/build/lib/lean/Aesop/RulePattern.olean	44fdb35e14911d15
bin	/Users/pooks/.codex/worktrees/metaprogramming-audit/lean4-effect4/.lake/packages/aesop/.lake/build/lib/lean/Aesop/RulePattern.olean.server	d2f374409ab3d5b5
bin	/Users/pooks/.codex/worktrees/metaprogramming-audit/lean4-effect4/.lake/packages/aesop/.lake/build/lib/lean/Aesop/RulePattern.olean.private	5fa0e1489534dd8b
text	/Users/pooks/.codex/worktrees/metaprogramming-audit/lean4-effect4/.lake/packages/aesop/Aesop/Util/UnionFind.lean	ea484b9339b36f90
bin	/Users/pooks/.codex/worktrees/metaprogramming-audit/lean4-effect4/.lake/packages/aesop/.lake/build/lib/lean/Aesop/Util/UnionFind.olean	21afa26fde64ee95
bin	/Users/pooks/.codex/worktrees/metaprogramming-audit/lean4-effect4/.lake/packages/aesop/.lake/build/lib/lean/Aesop/Util/UnionFind.olean.server	f732efdc36bdd001
bin	/Users/pooks/.codex/worktrees/metaprogramming-audit/lean4-effect4/.lake/packages/aesop/.lake/build/lib/lean/Aesop/Util/UnionFind.olean.private	14340b0b7b544623
text	/Users/pooks/.codex/worktrees/metaprogramming-audit/lean4-effect4/.lake/packages/batteries/Batteries/CodeAction/Deprecated.lean	2d6ab6a34d079a1a
bin	/Users/pooks/.codex/worktrees/metaprogramming-audit/lean4-effect4/.lake/packages/batteries/.lake/build/lib/lean/Batteries/CodeAction/Deprecated.olean	002a95aafdfe7c93
bin	/Users/pooks/.codex/worktrees/metaprogramming-audit/lean4-effect4/.lake/packages/batteries/.lake/build/lib/lean/Batteries/CodeAction/Deprecated.olean.server	10a361c269beec33
bin	/Users/pooks/.codex/worktrees/metaprogramming-audit/lean4-effect4/.lake/packages/batteries/.lake/build/lib/lean/Batteries/CodeAction/Deprecated.olean.private	4b28dab0266c9ba3
text	/Users/pooks/.codex/worktrees/metaprogramming-audit/lean4-effect4/.lake/packages/batteries/Batteries/Tactic/Alias.lean	168423eee0e898b5
bin	/Users/pooks/.codex/worktrees/metaprogramming-audit/lean4-effect4/.lake/packages/batteries/.lake/build/lib/lean/Batteries/Tactic/Alias.olean	4332b90227cb8c8a
bin	/Users/pooks/.codex/worktrees/metaprogramming-audit/lean4-effect4/.lake/packages/batteries/.lake/build/lib/lean/Batteries/Tactic/Alias.olean.server	0650ba166288dae5
bin	/Users/pooks/.codex/worktrees/metaprogramming-audit/lean4-effect4/.lake/packages/batteries/.lake/build/lib/lean/Batteries/Tactic/Alias.olean.private	0bc00621c16aa09e
text	/Users/pooks/.codex/worktrees/metaprogramming-audit/lean4-effect4/.lake/packages/batteries/Batteries/Tactic/Unreachable.lean	1821789f94cc0631
bin	/Users/pooks/.codex/worktrees/metaprogramming-audit/lean4-effect4/.lake/packages/batteries/.lake/build/lib/lean/Batteries/Tactic/Unreachable.olean	a31d38bd46fc2921
bin	/Users/pooks/.codex/worktrees/metaprogramming-audit/lean4-effect4/.lake/packages/batteries/.lake/build/lib/lean/Batteries/Tactic/Unreachable.olean.server	176c98b1f72dbb35
bin	/Users/pooks/.codex/worktrees/metaprogramming-audit/lean4-effect4/.lake/packages/batteries/.lake/build/lib/lean/Batteries/Tactic/Unreachable.olean.private	9e44fb4ed0cb39a3
text	/Users/pooks/.codex/worktrees/metaprogramming-audit/lean4-effect4/.lake/packages/batteries/Batteries/Linter/UnreachableTactic.lean	05cb39d3e5f293f4
bin	/Users/pooks/.codex/worktrees/metaprogramming-audit/lean4-effect4/.lake/packages/batteries/.lake/build/lib/lean/Batteries/Linter/UnreachableTactic.olean	c7ab473ee45c2046
bin	/Users/pooks/.codex/worktrees/metaprogramming-audit/lean4-effect4/.lake/packages/batteries/.lake/build/lib/lean/Batteries/Linter/UnreachableTactic.olean.server	7568581a892ec8b2
bin	/Users/pooks/.codex/worktrees/metaprogramming-audit/lean4-effect4/.lake/packages/batteries/.lake/build/lib/lean/Batteries/Linter/UnreachableTactic.olean.private	9c688dd054d1cae2
text	/Users/pooks/.codex/worktrees/metaprogramming-audit/lean4-effect4/.lake/packages/batteries/Batteries/Lean/TagAttribute.lean	a9a2d0d4bfd25e14
bin	/Users/pooks/.codex/worktrees/metaprogramming-audit/lean4-effect4/.lake/packages/batteries/.lake/build/lib/lean/Batteries/Lean/TagAttribute.olean	fb33554cd5670874
bin	/Users/pooks/.codex/worktrees/metaprogramming-audit/lean4-effect4/.lake/packages/batteries/.lake/build/lib/lean/Batteries/Lean/TagAttribute.olean.server	2e6754e93e83d222
bin	/Users/pooks/.codex/worktrees/metaprogramming-audit/lean4-effect4/.lake/packages/batteries/.lake/build/lib/lean/Batteries/Lean/TagAttribute.olean.private	dd5ed185dacb39a9
text	/Users/pooks/.codex/worktrees/metaprogramming-audit/lean4-effect4/.lake/packages/batteries/Batteries/Lean/AttributeExtra.lean	238839c5ae7ecf54
bin	/Users/pooks/.codex/worktrees/metaprogramming-audit/lean4-effect4/.lake/packages/batteries/.lake/build/lib/lean/Batteries/Lean/AttributeExtra.olean	eba9f6ed14369cf3
bin	/Users/pooks/.codex/worktrees/metaprogramming-audit/lean4-effect4/.lake/packages/batteries/.lake/build/lib/lean/Batteries/Lean/AttributeExtra.olean.server	f60443fc5e6737ec
bin	/Users/pooks/.codex/worktrees/metaprogramming-audit/lean4-effect4/.lake/packages/batteries/.lake/build/lib/lean/Batteries/Lean/AttributeExtra.olean.private	35e3ea76b711541a
text	/Users/pooks/.codex/worktrees/metaprogramming-audit/lean4-effect4/.lake/packages/batteries/Batteries/Linter/UnnecessarySeqFocus.lean	4f9ee5469a9bec4c
bin	/Users/pooks/.codex/worktrees/metaprogramming-audit/lean4-effect4/.lake/packages/batteries/.lake/build/lib/lean/Batteries/Linter/UnnecessarySeqFocus.olean	381498cd0134be4d
bin	/Users/pooks/.codex/worktrees/metaprogramming-audit/lean4-effect4/.lake/packages/batteries/.lake/build/lib/lean/Batteries/Linter/UnnecessarySeqFocus.olean.server	f751014f76135648
bin	/Users/pooks/.codex/worktrees/metaprogramming-audit/lean4-effect4/.lake/packages/batteries/.lake/build/lib/lean/Batteries/Linter/UnnecessarySeqFocus.olean.private	9cfa96e08ed86a4f
text	/Users/pooks/.codex/worktrees/metaprogramming-audit/lean4-effect4/.lake/packages/batteries/Batteries/Linter.lean	14ca49406099ccc2
bin	/Users/pooks/.codex/worktrees/metaprogramming-audit/lean4-effect4/.lake/packages/batteries/.lake/build/lib/lean/Batteries/Linter.olean	b0329cdd99a90119
bin	/Users/pooks/.codex/worktrees/metaprogramming-audit/lean4-effect4/.lake/packages/batteries/.lake/build/lib/lean/Batteries/Linter.olean.server	5283235820ab1177
bin	/Users/pooks/.codex/worktrees/metaprogramming-audit/lean4-effect4/.lake/packages/batteries/.lake/build/lib/lean/Batteries/Linter.olean.private	b9a30b41bac73aa8
text	/Users/pooks/.codex/worktrees/metaprogramming-audit/lean4-effect4/.lake/packages/batteries/Batteries/Tactic/Init.lean	c94dea505ba8e082
bin	/Users/pooks/.codex/worktrees/metaprogramming-audit/lean4-effect4/.lake/packages/batteries/.lake/build/lib/lean/Batteries/Tactic/Init.olean	878fc2510d6b408a
bin	/Users/pooks/.codex/worktrees/metaprogramming-audit/lean4-effect4/.lake/packages/batteries/.lake/build/lib/lean/Batteries/Tactic/Init.olean.server	7ce2d6bbfa13d809
bin	/Users/pooks/.codex/worktrees/metaprogramming-audit/lean4-effect4/.lake/packages/batteries/.lake/build/lib/lean/Batteries/Tactic/Init.olean.private	ae61c8d324d33e09
text	/Users/pooks/.codex/worktrees/metaprogramming-audit/lean4-effect4/.lake/packages/batteries/Batteries/Tactic/SeqFocus.lean	4f936020d50dabb1
bin	/Users/pooks/.codex/worktrees/metaprogramming-audit/lean4-effect4/.lake/packages/batteries/.lake/build/lib/lean/Batteries/Tactic/SeqFocus.olean	3a5f0f20d62bfaaa
bin	/Users/pooks/.codex/worktrees/metaprogramming-audit/lean4-effect4/.lake/packages/batteries/.lake/build/lib/lean/Batteries/Tactic/SeqFocus.olean.server	91e8cfde6078dd8d
bin	/Users/pooks/.codex/worktrees/metaprogramming-audit/lean4-effect4/.lake/packages/batteries/.lake/build/lib/lean/Batteries/Tactic/SeqFocus.olean.private	41e8b1e22f49ac40
text	/Users/pooks/.codex/worktrees/metaprogramming-audit/lean4-effect4/.lake/packages/batteries/Batteries/Tactic/Lint/Basic.lean	03ac2ee2036ae389
bin	/Users/pooks/.codex/worktrees/metaprogramming-audit/lean4-effect4/.lake/packages/batteries/.lake/build/lib/lean/Batteries/Tactic/Lint/Basic.olean	0dc394a9256e5ac5
bin	/Users/pooks/.codex/worktrees/metaprogramming-audit/lean4-effect4/.lake/packages/batteries/.lake/build/lib/lean/Batteries/Tactic/Lint/Basic.olean.server	cf364906dc2b5819
bin	/Users/pooks/.codex/worktrees/metaprogramming-audit/lean4-effect4/.lake/packages/batteries/.lake/build/lib/lean/Batteries/Tactic/Lint/Basic.olean.private	1179af98048b10f7
text	/Users/pooks/.codex/worktrees/metaprogramming-audit/lean4-effect4/.lake/packages/batteries/Batteries/Tactic/Lint/Misc.lean	aae7ec12d23515ae
bin	/Users/pooks/.codex/worktrees/metaprogramming-audit/lean4-effect4/.lake/packages/batteries/.lake/build/lib/lean/Batteries/Tactic/Lint/Misc.olean	37f3f38811a19d27
bin	/Users/pooks/.codex/worktrees/metaprogramming-audit/lean4-effect4/.lake/packages/batteries/.lake/build/lib/lean/Batteries/Tactic/Lint/Misc.olean.server	4165de2d9b4e8359
bin	/Users/pooks/.codex/worktrees/metaprogramming-audit/lean4-effect4/.lake/packages/batteries/.lake/build/lib/lean/Batteries/Tactic/Lint/Misc.olean.private	6fdf78161f229952
text	/Users/pooks/.codex/worktrees/metaprogramming-audit/lean4-effect4/.lake/packages/batteries/Batteries/Lean/Syntax.lean	ef77c24ed6af545b
bin	/Users/pooks/.codex/worktrees/metaprogramming-audit/lean4-effect4/.lake/packages/batteries/.lake/build/lib/lean/Batteries/Lean/Syntax.olean	3183fd47a0dd5b12
bin	/Users/pooks/.codex/worktrees/metaprogramming-audit/lean4-effect4/.lake/packages/batteries/.lake/build/lib/lean/Batteries/Lean/Syntax.olean.server	1a91c3fdd5e7af56
bin	/Users/pooks/.codex/worktrees/metaprogramming-audit/lean4-effect4/.lake/packages/batteries/.lake/build/lib/lean/Batteries/Lean/Syntax.olean.private	54295841fe6e5497
text	/Users/pooks/.codex/worktrees/metaprogramming-audit/lean4-effect4/.lake/packages/batteries/Batteries/Util/ProofWanted.lean	51722c8057089613
bin	/Users/pooks/.codex/worktrees/metaprogramming-audit/lean4-effect4/.lake/packages/batteries/.lake/build/lib/lean/Batteries/Util/ProofWanted.olean	2c9b38a417bac3bf
bin	/Users/pooks/.codex/worktrees/metaprogramming-audit/lean4-effect4/.lake/packages/batteries/.lake/build/lib/lean/Batteries/Util/ProofWanted.olean.server	4ab23b06db0acc1b
bin	/Users/pooks/.codex/worktrees/metaprogramming-audit/lean4-effect4/.lake/packages/batteries/.lake/build/lib/lean/Batteries/Util/ProofWanted.olean.private	7cdc8fbec826d54b
text	/Users/pooks/.codex/worktrees/metaprogramming-audit/lean4-effect4/.lake/packages/batteries/Batteries/Tactic/Basic.lean	e9ac7a9877ce279f
bin	/Users/pooks/.codex/worktrees/metaprogramming-audit/lean4-effect4/.lake/packages/batteries/.lake/build/lib/lean/Batteries/Tactic/Basic.olean	10d6a553b58acc51
bin	/Users/pooks/.codex/worktrees/metaprogramming-audit/lean4-effect4/.lake/packages/batteries/.lake/build/lib/lean/Batteries/Tactic/Basic.olean.server	7873c8b77a5142d3
bin	/Users/pooks/.codex/worktrees/metaprogramming-audit/lean4-effect4/.lake/packages/batteries/.lake/build/lib/lean/Batteries/Tactic/Basic.olean.private	7efa3ad32565f16d
text	/Users/pooks/.codex/worktrees/metaprogramming-audit/lean4-effect4/.lake/packages/batteries/Batteries/Classes/Order.lean	139d1aaa316e1124
bin	/Users/pooks/.codex/worktrees/metaprogramming-audit/lean4-effect4/.lake/packages/batteries/.lake/build/lib/lean/Batteries/Classes/Order.olean	23067284f8ccf28c
bin	/Users/pooks/.codex/worktrees/metaprogramming-audit/lean4-effect4/.lake/packages/batteries/.lake/build/lib/lean/Batteries/Classes/Order.olean.server	326893e75313bd74
bin	/Users/pooks/.codex/worktrees/metaprogramming-audit/lean4-effect4/.lake/packages/batteries/.lake/build/lib/lean/Batteries/Classes/Order.olean.private	8c6b0b7bd0d4f118
text	/Users/pooks/.codex/worktrees/metaprogramming-audit/lean4-effect4/.lake/packages/batteries/Batteries/Data/UInt.lean	c0d8c85b08cb8219
bin	/Users/pooks/.codex/worktrees/metaprogramming-audit/lean4-effect4/.lake/packages/batteries/.lake/build/lib/lean/Batteries/Data/UInt.olean	ee06b9a1e13ea282
bin	/Users/pooks/.codex/worktrees/metaprogramming-audit/lean4-effect4/.lake/packages/batteries/.lake/build/lib/lean/Batteries/Data/UInt.olean.server	6c7e27ee68fe6c00
bin	/Users/pooks/.codex/worktrees/metaprogramming-audit/lean4-effect4/.lake/packages/batteries/.lake/build/lib/lean/Batteries/Data/UInt.olean.private	2dfcb51c339b46ee
text	/Users/pooks/.codex/worktrees/metaprogramming-audit/lean4-effect4/.lake/packages/batteries/Batteries/Data/Array/Basic.lean	1c29058d23540d78
bin	/Users/pooks/.codex/worktrees/metaprogramming-audit/lean4-effect4/.lake/packages/batteries/.lake/build/lib/lean/Batteries/Data/Array/Basic.olean	8f924afa749f31a0
bin	/Users/pooks/.codex/worktrees/metaprogramming-audit/lean4-effect4/.lake/packages/batteries/.lake/build/lib/lean/Batteries/Data/Array/Basic.olean.server	b57c6d61f802b088
bin	/Users/pooks/.codex/worktrees/metaprogramming-audit/lean4-effect4/.lake/packages/batteries/.lake/build/lib/lean/Batteries/Data/Array/Basic.olean.private	8719b6dfc09c6d7b
text	/Users/pooks/.codex/worktrees/metaprogramming-audit/lean4-effect4/.lake/packages/aesop/Aesop/Forward/RuleInfo.lean	00f4c12d5f72a8d2
bin	/Users/pooks/.codex/worktrees/metaprogramming-audit/lean4-effect4/.lake/packages/aesop/.lake/build/lib/lean/Aesop/Forward/RuleInfo.olean	870771b29d81c9ce
bin	/Users/pooks/.codex/worktrees/metaprogramming-audit/lean4-effect4/.lake/packages/aesop/.lake/build/lib/lean/Aesop/Forward/RuleInfo.olean.server	a5dc8c137532d125
bin	/Users/pooks/.codex/worktrees/metaprogramming-audit/lean4-effect4/.lake/packages/aesop/.lake/build/lib/lean/Aesop/Forward/RuleInfo.olean.private	75807f89b05fca47
text	/Users/pooks/.codex/worktrees/metaprogramming-audit/lean4-effect4/.lake/packages/aesop/Aesop/RuleTac/RuleTerm.lean	cf5dbaa9f4d12506
bin	/Users/pooks/.codex/worktrees/metaprogramming-audit/lean4-effect4/.lake/packages/aesop/.lake/build/lib/lean/Aesop/RuleTac/RuleTerm.olean	d7e4f84bce9e5ddf
bin	/Users/pooks/.codex/worktrees/metaprogramming-audit/lean4-effect4/.lake/packages/aesop/.lake/build/lib/lean/Aesop/RuleTac/RuleTerm.olean.server	e79ba6ab4111ad03
bin	/Users/pooks/.codex/worktrees/metaprogramming-audit/lean4-effect4/.lake/packages/aesop/.lake/build/lib/lean/Aesop/RuleTac/RuleTerm.olean.private	a3e813fd81b5f5ba
text	/Users/pooks/.codex/worktrees/metaprogramming-audit/lean4-effect4/.lake/packages/aesop/Aesop/Rule/Forward.lean	e041f9dc9a6a84d6
bin	/Users/pooks/.codex/worktrees/metaprogramming-audit/lean4-effect4/.lake/packages/aesop/.lake/build/lib/lean/Aesop/Rule/Forward.olean	0c43008dc855b9a1
bin	/Users/pooks/.codex/worktrees/metaprogramming-audit/lean4-effect4/.lake/packages/aesop/.lake/build/lib/lean/Aesop/Rule/Forward.olean.server	3759b8b9c3da0839
bin	/Users/pooks/.codex/worktrees/metaprogramming-audit/lean4-effect4/.lake/packages/aesop/.lake/build/lib/lean/Aesop/Rule/Forward.olean.private	540aa07c7e76a7a8
text	/Users/pooks/.codex/worktrees/metaprogramming-audit/lean4-effect4/.lake/packages/aesop/Aesop/Forward/Match/Types.lean	ad66a62782fa39c1
bin	/Users/pooks/.codex/worktrees/metaprogramming-audit/lean4-effect4/.lake/packages/aesop/.lake/build/lib/lean/Aesop/Forward/Match/Types.olean	f45df9ef398a4358
bin	/Users/pooks/.codex/worktrees/metaprogramming-audit/lean4-effect4/.lake/packages/aesop/.lake/build/lib/lean/Aesop/Forward/Match/Types.olean.server	96b790a5d0885380
bin	/Users/pooks/.codex/worktrees/metaprogramming-audit/lean4-effect4/.lake/packages/aesop/.lake/build/lib/lean/Aesop/Forward/Match/Types.olean.private	b8def6bc7cdab7b1
text	/Users/pooks/.codex/worktrees/metaprogramming-audit/lean4-effect4/.lake/packages/aesop/Aesop/Script/CtorNames.lean	5f640872e7bb73ef
bin	/Users/pooks/.codex/worktrees/metaprogramming-audit/lean4-effect4/.lake/packages/aesop/.lake/build/lib/lean/Aesop/Script/CtorNames.olean	1dcd3fe7754e031e
bin	/Users/pooks/.codex/worktrees/metaprogramming-audit/lean4-effect4/.lake/packages/aesop/.lake/build/lib/lean/Aesop/Script/CtorNames.olean.server	ca2f5983aa452154
bin	/Users/pooks/.codex/worktrees/metaprogramming-audit/lean4-effect4/.lake/packages/aesop/.lake/build/lib/lean/Aesop/Script/CtorNames.olean.private	87e12bc410a0423c
text	/Users/pooks/.codex/worktrees/metaprogramming-audit/lean4-effect4/.lake/packages/aesop/Aesop/RuleTac/Descr.lean	a4d64dd5d97fa0f9
bin	/Users/pooks/.codex/worktrees/metaprogramming-audit/lean4-effect4/.lake/packages/aesop/.lake/build/lib/lean/Aesop/RuleTac/Descr.olean	ca81d7e86f8b6002
bin	/Users/pooks/.codex/worktrees/metaprogramming-audit/lean4-effect4/.lake/packages/aesop/.lake/build/lib/lean/Aesop/RuleTac/Descr.olean.server	04b04a30341231dd
bin	/Users/pooks/.codex/worktrees/metaprogramming-audit/lean4-effect4/.lake/packages/aesop/.lake/build/lib/lean/Aesop/RuleTac/Descr.olean.private	07a93f6829c89ed3
text	/Users/pooks/.codex/worktrees/metaprogramming-audit/lean4-effect4/.lake/packages/aesop/Aesop/Rule/Basic.lean	0ed2818e82adb784
bin	/Users/pooks/.codex/worktrees/metaprogramming-audit/lean4-effect4/.lake/packages/aesop/.lake/build/lib/lean/Aesop/Rule/Basic.olean	f7c211ff397f506c
bin	/Users/pooks/.codex/worktrees/metaprogramming-audit/lean4-effect4/.lake/packages/aesop/.lake/build/lib/lean/Aesop/Rule/Basic.olean.server	e79761ad5a880269
bin	/Users/pooks/.codex/worktrees/metaprogramming-audit/lean4-effect4/.lake/packages/aesop/.lake/build/lib/lean/Aesop/Rule/Basic.olean.private	cef24cbc3dbc083a
text	/Users/pooks/.codex/worktrees/metaprogramming-audit/lean4-effect4/.lake/packages/aesop/Aesop/Rule.lean	0c5f996976326a92
bin	/Users/pooks/.codex/worktrees/metaprogramming-audit/lean4-effect4/.lake/packages/aesop/.lake/build/lib/lean/Aesop/Rule.olean	db0aa30c08941220
bin	/Users/pooks/.codex/worktrees/metaprogramming-audit/lean4-effect4/.lake/packages/aesop/.lake/build/lib/lean/Aesop/Rule.olean.server	257092812c05b6fb
bin	/Users/pooks/.codex/worktrees/metaprogramming-audit/lean4-effect4/.lake/packages/aesop/.lake/build/lib/lean/Aesop/Rule.olean.private	9e740b8e249cd11f
text	/Users/pooks/.codex/worktrees/metaprogramming-audit/lean4-effect4/.lake/packages/aesop/Aesop/ElabM.lean	1fc9c61f872a23f0
bin	/Users/pooks/.codex/worktrees/metaprogramming-audit/lean4-effect4/.lake/packages/aesop/.lake/build/lib/lean/Aesop/ElabM.olean	e7bea2679a83f6d1
bin	/Users/pooks/.codex/worktrees/metaprogramming-audit/lean4-effect4/.lake/packages/aesop/.lake/build/lib/lean/Aesop/ElabM.olean.server	ed4da6e63aa4cc32
bin	/Users/pooks/.codex/worktrees/metaprogramming-audit/lean4-effect4/.lake/packages/aesop/.lake/build/lib/lean/Aesop/ElabM.olean.private	0156502523d269b0
text	/Users/pooks/.codex/worktrees/metaprogramming-audit/lean4-effect4/.lake/packages/aesop/Aesop/RuleTac/ElabRuleTerm.lean	b951595bc02f85c5
bin	/Users/pooks/.codex/worktrees/metaprogramming-audit/lean4-effect4/.lake/packages/aesop/.lake/build/lib/lean/Aesop/RuleTac/ElabRuleTerm.olean	bb896c96a1d81f8f
bin	/Users/pooks/.codex/worktrees/metaprogramming-audit/lean4-effect4/.lake/packages/aesop/.lake/build/lib/lean/Aesop/RuleTac/ElabRuleTerm.olean.server	eff8cd694ea0fc84
bin	/Users/pooks/.codex/worktrees/metaprogramming-audit/lean4-effect4/.lake/packages/aesop/.lake/build/lib/lean/Aesop/RuleTac/ElabRuleTerm.olean.private	addb4f7af78fb15b
text	/Users/pooks/.codex/worktrees/metaprogramming-audit/lean4-effect4/.lake/packages/aesop/Aesop/Util/Tactic/Ext.lean	a8dc6a458303e9a4
bin	/Users/pooks/.codex/worktrees/metaprogramming-audit/lean4-effect4/.lake/packages/aesop/.lake/build/lib/lean/Aesop/Util/Tactic/Ext.olean	9150f99e349ed96f
bin	/Users/pooks/.codex/worktrees/metaprogramming-audit/lean4-effect4/.lake/packages/aesop/.lake/build/lib/lean/Aesop/Util/Tactic/Ext.olean.server	2b8a2787d978ede8
bin	/Users/pooks/.codex/worktrees/metaprogramming-audit/lean4-effect4/.lake/packages/aesop/.lake/build/lib/lean/Aesop/Util/Tactic/Ext.olean.private	24fb0a645489b6af
text	/Users/pooks/.codex/worktrees/metaprogramming-audit/lean4-effect4/.lake/packages/aesop/Aesop/Script/ScriptM.lean	acb204e72d327d4e
bin	/Users/pooks/.codex/worktrees/metaprogramming-audit/lean4-effect4/.lake/packages/aesop/.lake/build/lib/lean/Aesop/Script/ScriptM.olean	5bb09fbd610ddfa1
bin	/Users/pooks/.codex/worktrees/metaprogramming-audit/lean4-effect4/.lake/packages/aesop/.lake/build/lib/lean/Aesop/Script/ScriptM.olean.server	cd888194f51d2e9f
bin	/Users/pooks/.codex/worktrees/metaprogramming-audit/lean4-effect4/.lake/packages/aesop/.lake/build/lib/lean/Aesop/Script/ScriptM.olean.private	c10e85f1d68111f7
text	/Users/pooks/.codex/worktrees/metaprogramming-audit/lean4-effect4/.lake/packages/batteries/Batteries/Lean/Meta/Inaccessible.lean	0cd881c7e7d3eae3
bin	/Users/pooks/.codex/worktrees/metaprogramming-audit/lean4-effect4/.lake/packages/batteries/.lake/build/lib/lean/Batteries/Lean/Meta/Inaccessible.olean	b2d8e9da4d2f18ec
bin	/Users/pooks/.codex/worktrees/metaprogramming-audit/lean4-effect4/.lake/packages/batteries/.lake/build/lib/lean/Batteries/Lean/Meta/Inaccessible.olean.server	d3da4e6a04220e9c
bin	/Users/pooks/.codex/worktrees/metaprogramming-audit/lean4-effect4/.lake/packages/batteries/.lake/build/lib/lean/Batteries/Lean/Meta/Inaccessible.olean.private	f55adde4397a6e18
text	/Users/pooks/.codex/worktrees/metaprogramming-audit/lean4-effect4/.lake/packages/aesop/Aesop/Util/Tactic.lean	a3c4664b45041668
bin	/Users/pooks/.codex/worktrees/metaprogramming-audit/lean4-effect4/.lake/packages/aesop/.lake/build/lib/lean/Aesop/Util/Tactic.olean	5f0a388c099509cc
bin	/Users/pooks/.codex/worktrees/metaprogramming-audit/lean4-effect4/.lake/packages/aesop/.lake/build/lib/lean/Aesop/Util/Tactic.olean.server	7ba14b5c049419f5
bin	/Users/pooks/.codex/worktrees/metaprogramming-audit/lean4-effect4/.lake/packages/aesop/.lake/build/lib/lean/Aesop/Util/Tactic.olean.private	047afa0cd6b01b4f
text	/Users/pooks/.codex/worktrees/metaprogramming-audit/lean4-effect4/.lake/packages/aesop/Aesop/Util/Unfold.lean	8427f3d5f86fb506
bin	/Users/pooks/.codex/worktrees/metaprogramming-audit/lean4-effect4/.lake/packages/aesop/.lake/build/lib/lean/Aesop/Util/Unfold.olean	2d60e410deef4011
bin	/Users/pooks/.codex/worktrees/metaprogramming-audit/lean4-effect4/.lake/packages/aesop/.lake/build/lib/lean/Aesop/Util/Unfold.olean.server	538fcdb9f5d665da
bin	/Users/pooks/.codex/worktrees/metaprogramming-audit/lean4-effect4/.lake/packages/aesop/.lake/build/lib/lean/Aesop/Util/Unfold.olean.private	280df7add362dede
text	/Users/pooks/.codex/worktrees/metaprogramming-audit/lean4-effect4/.lake/packages/aesop/Aesop/Util/Tactic/Unfold.lean	e22c2878e1307a83
bin	/Users/pooks/.codex/worktrees/metaprogramming-audit/lean4-effect4/.lake/packages/aesop/.lake/build/lib/lean/Aesop/Util/Tactic/Unfold.olean	9c100589f2b3b94c
bin	/Users/pooks/.codex/worktrees/metaprogramming-audit/lean4-effect4/.lake/packages/aesop/.lake/build/lib/lean/Aesop/Util/Tactic/Unfold.olean.server	bfed9c98037c9948
bin	/Users/pooks/.codex/worktrees/metaprogramming-audit/lean4-effect4/.lake/packages/aesop/.lake/build/lib/lean/Aesop/Util/Tactic/Unfold.olean.private	1108a61f3ff552fd
text	/Users/pooks/.codex/worktrees/metaprogramming-audit/lean4-effect4/.lake/packages/aesop/Aesop/Script/SpecificTactics.lean	776120156c66f1d5
bin	/Users/pooks/.codex/worktrees/metaprogramming-audit/lean4-effect4/.lake/packages/aesop/.lake/build/lib/lean/Aesop/Script/SpecificTactics.olean	355a8d31112be0b9
bin	/Users/pooks/.codex/worktrees/metaprogramming-audit/lean4-effect4/.lake/packages/aesop/.lake/build/lib/lean/Aesop/Script/SpecificTactics.olean.server	0740c50bc2d159cc
bin	/Users/pooks/.codex/worktrees/metaprogramming-audit/lean4-effect4/.lake/packages/aesop/.lake/build/lib/lean/Aesop/Script/SpecificTactics.olean.private	a5f7dc6af82595ec
text	/Users/pooks/.codex/worktrees/metaprogramming-audit/lean4-effect4/.lake/packages/aesop/Aesop/RuleTac/Forward/Basic.lean	e4994c46ee4dc96d
bin	/Users/pooks/.codex/worktrees/metaprogramming-audit/lean4-effect4/.lake/packages/aesop/.lake/build/lib/lean/Aesop/RuleTac/Forward/Basic.olean	7ce0139deab19e58
bin	/Users/pooks/.codex/worktrees/metaprogramming-audit/lean4-effect4/.lake/packages/aesop/.lake/build/lib/lean/Aesop/RuleTac/Forward/Basic.olean.server	8fbd39b0ae390290
bin	/Users/pooks/.codex/worktrees/metaprogramming-audit/lean4-effect4/.lake/packages/aesop/.lake/build/lib/lean/Aesop/RuleTac/Forward/Basic.olean.private	e4acf47f31da76ba
text	/Users/pooks/.codex/worktrees/metaprogramming-audit/lean4-effect4/.lake/packages/batteries/Batteries/Lean/Meta/UnusedNames.lean	5e602e75dde85189
bin	/Users/pooks/.codex/worktrees/metaprogramming-audit/lean4-effect4/.lake/packages/batteries/.lake/build/lib/lean/Batteries/Lean/Meta/UnusedNames.olean	99b97273ff87c337
bin	/Users/pooks/.codex/worktrees/metaprogramming-audit/lean4-effect4/.lake/packages/batteries/.lake/build/lib/lean/Batteries/Lean/Meta/UnusedNames.olean.server	e35282bdc41d0169
bin	/Users/pooks/.codex/worktrees/metaprogramming-audit/lean4-effect4/.lake/packages/batteries/.lake/build/lib/lean/Batteries/Lean/Meta/UnusedNames.olean.private	9a6bb025be255571
text	/Users/pooks/.codex/worktrees/metaprogramming-audit/lean4-effect4/.lake/packages/aesop/Aesop/Forward/Match.lean	3b0edeaddaa95c8f
bin	/Users/pooks/.codex/worktrees/metaprogramming-audit/lean4-effect4/.lake/packages/aesop/.lake/build/lib/lean/Aesop/Forward/Match.olean	70732cf759ac80c0
bin	/Users/pooks/.codex/worktrees/metaprogramming-audit/lean4-effect4/.lake/packages/aesop/.lake/build/lib/lean/Aesop/Forward/Match.olean.server	1756b576c5696060
bin	/Users/pooks/.codex/worktrees/metaprogramming-audit/lean4-effect4/.lake/packages/aesop/.lake/build/lib/lean/Aesop/Forward/Match.olean.private	894d2bd97030ee8a
text	/Users/pooks/.codex/worktrees/metaprogramming-audit/lean4-effect4/.lake/packages/aesop/Aesop/Tree/Data/ForwardRuleMatches.lean	8cce97d87ab74d4f
bin	/Users/pooks/.codex/worktrees/metaprogramming-audit/lean4-effect4/.lake/packages/aesop/.lake/build/lib/lean/Aesop/Tree/Data/ForwardRuleMatches.olean	398d3969ed4c555a
bin	/Users/pooks/.codex/worktrees/metaprogramming-audit/lean4-effect4/.lake/packages/aesop/.lake/build/lib/lean/Aesop/Tree/Data/ForwardRuleMatches.olean.server	199d1b9ce5c1e431
bin	/Users/pooks/.codex/worktrees/metaprogramming-audit/lean4-effect4/.lake/packages/aesop/.lake/build/lib/lean/Aesop/Tree/Data/ForwardRuleMatches.olean.private	9e2e1ab8a65b52d7
text	/Users/pooks/.codex/worktrees/metaprogramming-audit/lean4-effect4/.lake/packages/aesop/Aesop/Constants.lean	9521024c1a50855a
bin	/Users/pooks/.codex/worktrees/metaprogramming-audit/lean4-effect4/.lake/packages/aesop/.lake/build/lib/lean/Aesop/Constants.olean	4653e56e4aaf4576
bin	/Users/pooks/.codex/worktrees/metaprogramming-audit/lean4-effect4/.lake/packages/aesop/.lake/build/lib/lean/Aesop/Constants.olean.server	72297d326ccca3dd
bin	/Users/pooks/.codex/worktrees/metaprogramming-audit/lean4-effect4/.lake/packages/aesop/.lake/build/lib/lean/Aesop/Constants.olean.private	3fa047e711363c5e
text	/Users/pooks/.codex/worktrees/metaprogramming-audit/lean4-effect4/.lake/packages/aesop/Aesop/Tree/UnsafeQueue.lean	404debd8a2a60d70
bin	/Users/pooks/.codex/worktrees/metaprogramming-audit/lean4-effect4/.lake/packages/aesop/.lake/build/lib/lean/Aesop/Tree/UnsafeQueue.olean	b658f500052e2588
bin	/Users/pooks/.codex/worktrees/metaprogramming-audit/lean4-effect4/.lake/packages/aesop/.lake/build/lib/lean/Aesop/Tree/UnsafeQueue.olean.server	46c3f3a02b5aedd3
bin	/Users/pooks/.codex/worktrees/metaprogramming-audit/lean4-effect4/.lake/packages/aesop/.lake/build/lib/lean/Aesop/Tree/UnsafeQueue.olean.private	249ebf25abfd7b10
text	/Users/pooks/.codex/worktrees/metaprogramming-audit/lean4-effect4/.lake/packages/aesop/Aesop/EMap.lean	28c84f3222908c7f
bin	/Users/pooks/.codex/worktrees/metaprogramming-audit/lean4-effect4/.lake/packages/aesop/.lake/build/lib/lean/Aesop/EMap.olean	1f099202119e3ce2
bin	/Users/pooks/.codex/worktrees/metaprogramming-audit/lean4-effect4/.lake/packages/aesop/.lake/build/lib/lean/Aesop/EMap.olean.server	78c3041a276f004a
bin	/Users/pooks/.codex/worktrees/metaprogramming-audit/lean4-effect4/.lake/packages/aesop/.lake/build/lib/lean/Aesop/EMap.olean.private	79fdd51c30f1ae8f
text	/Users/pooks/.codex/worktrees/metaprogramming-audit/lean4-effect4/.lake/packages/aesop/Aesop/Forward/State.lean	a445690e69cfc2c5
bin	/Users/pooks/.codex/worktrees/metaprogramming-audit/lean4-effect4/.lake/packages/aesop/.lake/build/lib/lean/Aesop/Forward/State.olean	650dd43a7c750ce4
bin	/Users/pooks/.codex/worktrees/metaprogramming-audit/lean4-effect4/.lake/packages/aesop/.lake/build/lib/lean/Aesop/Forward/State.olean.server	bd0a84335e2bed06
bin	/Users/pooks/.codex/worktrees/metaprogramming-audit/lean4-effect4/.lake/packages/aesop/.lake/build/lib/lean/Aesop/Forward/State.olean.private	c3dcc6e07824cf76
text	/Users/pooks/.codex/worktrees/metaprogramming-audit/lean4-effect4/.lake/packages/aesop/Aesop/Tree/Data.lean	0592cf757ce57262
bin	/Users/pooks/.codex/worktrees/metaprogramming-audit/lean4-effect4/.lake/packages/aesop/.lake/build/lib/lean/Aesop/Tree/Data.olean	96c4177a31baa914
bin	/Users/pooks/.codex/worktrees/metaprogramming-audit/lean4-effect4/.lake/packages/aesop/.lake/build/lib/lean/Aesop/Tree/Data.olean.server	772ab805ab68753f
bin	/Users/pooks/.codex/worktrees/metaprogramming-audit/lean4-effect4/.lake/packages/aesop/.lake/build/lib/lean/Aesop/Tree/Data.olean.private	600b6b1b24aec2f7
text	/Users/pooks/.codex/worktrees/metaprogramming-audit/lean4-effect4/.lake/packages/aesop/Aesop/Search/Queue/Class.lean	b5404855f4634fd3
bin	/Users/pooks/.codex/worktrees/metaprogramming-audit/lean4-effect4/.lake/packages/aesop/.lake/build/lib/lean/Aesop/Search/Queue/Class.olean	19ae8b7cd548824f
bin	/Users/pooks/.codex/worktrees/metaprogramming-audit/lean4-effect4/.lake/packages/aesop/.lake/build/lib/lean/Aesop/Search/Queue/Class.olean.server	ae0edba6a4b2beb0
bin	/Users/pooks/.codex/worktrees/metaprogramming-audit/lean4-effect4/.lake/packages/aesop/.lake/build/lib/lean/Aesop/Search/Queue/Class.olean.private	7a96e3c90d64e09a
text	/Users/pooks/.codex/worktrees/metaprogramming-audit/lean4-effect4/.lake/packages/aesop/Aesop/Util/OrderedHashSet.lean	7a2974de55388ab1
bin	/Users/pooks/.codex/worktrees/metaprogramming-audit/lean4-effect4/.lake/packages/aesop/.lake/build/lib/lean/Aesop/Util/OrderedHashSet.olean	df5da63d5d72bdd2
bin	/Users/pooks/.codex/worktrees/metaprogramming-audit/lean4-effect4/.lake/packages/aesop/.lake/build/lib/lean/Aesop/Util/OrderedHashSet.olean.server	df9c6a6543080321
bin	/Users/pooks/.codex/worktrees/metaprogramming-audit/lean4-effect4/.lake/packages/aesop/.lake/build/lib/lean/Aesop/Util/OrderedHashSet.olean.private	3ad4915d6c9b46ae
text	/Users/pooks/.codex/worktrees/metaprogramming-audit/lean4-effect4/.lake/packages/batteries/Batteries/Lean/Meta/Expr.lean	4dc061d7be8b4bfc
bin	/Users/pooks/.codex/worktrees/metaprogramming-audit/lean4-effect4/.lake/packages/batteries/.lake/build/lib/lean/Batteries/Lean/Meta/Expr.olean	47d307d88a42d896
bin	/Users/pooks/.codex/worktrees/metaprogramming-audit/lean4-effect4/.lake/packages/batteries/.lake/build/lib/lean/Batteries/Lean/Meta/Expr.olean.server	ffb3f5a2bf2ed8c1
bin	/Users/pooks/.codex/worktrees/metaprogramming-audit/lean4-effect4/.lake/packages/batteries/.lake/build/lib/lean/Batteries/Lean/Meta/Expr.olean.private	c41c09acafda0610
text	/Users/pooks/.codex/worktrees/metaprogramming-audit/lean4-effect4/.lake/packages/batteries/Batteries/Lean/PersistentHashMap.lean	a3ef3f94f7c53283
bin	/Users/pooks/.codex/worktrees/metaprogramming-audit/lean4-effect4/.lake/packages/batteries/.lake/build/lib/lean/Batteries/Lean/PersistentHashMap.olean	63811216842034fb
bin	/Users/pooks/.codex/worktrees/metaprogramming-audit/lean4-effect4/.lake/packages/batteries/.lake/build/lib/lean/Batteries/Lean/PersistentHashMap.olean.server	f1ff40a1e565ace6
bin	/Users/pooks/.codex/worktrees/metaprogramming-audit/lean4-effect4/.lake/packages/batteries/.lake/build/lib/lean/Batteries/Lean/PersistentHashMap.olean.private	14584f163f71b648
text	/Users/pooks/.codex/worktrees/metaprogramming-audit/lean4-effect4/.lake/packages/batteries/Batteries/Lean/Meta/DiscrTree.lean	b6319f4a1fb6dad6
bin	/Users/pooks/.codex/worktrees/metaprogramming-audit/lean4-effect4/.lake/packages/batteries/.lake/build/lib/lean/Batteries/Lean/Meta/DiscrTree.olean	45d3a38a89e646bb
bin	/Users/pooks/.codex/worktrees/metaprogramming-audit/lean4-effect4/.lake/packages/batteries/.lake/build/lib/lean/Batteries/Lean/Meta/DiscrTree.olean.server	05d02d28591ede47
bin	/Users/pooks/.codex/worktrees/metaprogramming-audit/lean4-effect4/.lake/packages/batteries/.lake/build/lib/lean/Batteries/Lean/Meta/DiscrTree.olean.private	e0a9eea97f03a93a
text	/Users/pooks/.codex/worktrees/metaprogramming-audit/lean4-effect4/.lake/packages/aesop/Aesop/Index/RulePattern.lean	7cdf10660c2845a0
bin	/Users/pooks/.codex/worktrees/metaprogramming-audit/lean4-effect4/.lake/packages/aesop/.lake/build/lib/lean/Aesop/Index/RulePattern.olean	ba1a0a176a6eb9c2
bin	/Users/pooks/.codex/worktrees/metaprogramming-audit/lean4-effect4/.lake/packages/aesop/.lake/build/lib/lean/Aesop/Index/RulePattern.olean.server	5c34f04bf45d5a69
bin	/Users/pooks/.codex/worktrees/metaprogramming-audit/lean4-effect4/.lake/packages/aesop/.lake/build/lib/lean/Aesop/Index/RulePattern.olean.private	87407a23d33d60c1
text	/Users/pooks/.codex/worktrees/metaprogramming-audit/lean4-effect4/.lake/packages/batteries/Batteries/Lean/Meta/InstantiateMVars.lean	4c96a01d26c0e67a
bin	/Users/pooks/.codex/worktrees/metaprogramming-audit/lean4-effect4/.lake/packages/batteries/.lake/build/lib/lean/Batteries/Lean/Meta/InstantiateMVars.olean	1ccd10bdf503ecb8
bin	/Users/pooks/.codex/worktrees/metaprogramming-audit/lean4-effect4/.lake/packages/batteries/.lake/build/lib/lean/Batteries/Lean/Meta/InstantiateMVars.olean.server	4c5d1d35aed7d0bb
bin	/Users/pooks/.codex/worktrees/metaprogramming-audit/lean4-effect4/.lake/packages/batteries/.lake/build/lib/lean/Batteries/Lean/Meta/InstantiateMVars.olean.private	9c07b6c98a118ab6
text	/Users/pooks/.codex/worktrees/metaprogramming-audit/lean4-effect4/.lake/packages/batteries/Batteries/Lean/PersistentHashSet.lean	a35140304dc55301
bin	/Users/pooks/.codex/worktrees/metaprogramming-audit/lean4-effect4/.lake/packages/batteries/.lake/build/lib/lean/Batteries/Lean/PersistentHashSet.olean	765ecaefc90c7936
bin	/Users/pooks/.codex/worktrees/metaprogramming-audit/lean4-effect4/.lake/packages/batteries/.lake/build/lib/lean/Batteries/Lean/PersistentHashSet.olean.server	acab1e636e2dbdbb
bin	/Users/pooks/.codex/worktrees/metaprogramming-audit/lean4-effect4/.lake/packages/batteries/.lake/build/lib/lean/Batteries/Lean/PersistentHashSet.olean.private	8f51187b6b318262
text	/Users/pooks/.codex/worktrees/metaprogramming-audit/lean4-effect4/.lake/packages/aesop/Aesop/Index.lean	47d7ff579252667d
bin	/Users/pooks/.codex/worktrees/metaprogramming-audit/lean4-effect4/.lake/packages/aesop/.lake/build/lib/lean/Aesop/Index.olean	8d9f13ad008354aa
bin	/Users/pooks/.codex/worktrees/metaprogramming-audit/lean4-effect4/.lake/packages/aesop/.lake/build/lib/lean/Aesop/Index.olean.server	5bdfcab097c2bda8
bin	/Users/pooks/.codex/worktrees/metaprogramming-audit/lean4-effect4/.lake/packages/aesop/.lake/build/lib/lean/Aesop/Index.olean.private	a3c9e6e76c84fdb2
text	/Users/pooks/.codex/worktrees/metaprogramming-audit/lean4-effect4/.lake/packages/aesop/Aesop/Index/Forward.lean	33d2d2c273cd25e7
bin	/Users/pooks/.codex/worktrees/metaprogramming-audit/lean4-effect4/.lake/packages/aesop/.lake/build/lib/lean/Aesop/Index/Forward.olean	2ba3cb59f1d14b54
bin	/Users/pooks/.codex/worktrees/metaprogramming-audit/lean4-effect4/.lake/packages/aesop/.lake/build/lib/lean/Aesop/Index/Forward.olean.server	9aae7642fe0a1ff9
bin	/Users/pooks/.codex/worktrees/metaprogramming-audit/lean4-effect4/.lake/packages/aesop/.lake/build/lib/lean/Aesop/Index/Forward.olean.private	8377f8b6f71d4186
text	/Users/pooks/.codex/worktrees/metaprogramming-audit/lean4-effect4/.lake/packages/aesop/Aesop/RuleSet/Name.lean	c8b9ff4d5d7deeed
bin	/Users/pooks/.codex/worktrees/metaprogramming-audit/lean4-effect4/.lake/packages/aesop/.lake/build/lib/lean/Aesop/RuleSet/Name.olean	4979abd4a3051d9d
bin	/Users/pooks/.codex/worktrees/metaprogramming-audit/lean4-effect4/.lake/packages/aesop/.lake/build/lib/lean/Aesop/RuleSet/Name.olean.server	66e6cd84507ffc55
bin	/Users/pooks/.codex/worktrees/metaprogramming-audit/lean4-effect4/.lake/packages/aesop/.lake/build/lib/lean/Aesop/RuleSet/Name.olean.private	aa8d848f733057df
text	/Users/pooks/.codex/worktrees/metaprogramming-audit/lean4-effect4/.lake/packages/aesop/Aesop/RuleSet/Filter.lean	1c08da4afc9e147d
bin	/Users/pooks/.codex/worktrees/metaprogramming-audit/lean4-effect4/.lake/packages/aesop/.lake/build/lib/lean/Aesop/RuleSet/Filter.olean	a16c6870dcf7fbe2
bin	/Users/pooks/.codex/worktrees/metaprogramming-audit/lean4-effect4/.lake/packages/aesop/.lake/build/lib/lean/Aesop/RuleSet/Filter.olean.server	c6b40d751f77eb7d
bin	/Users/pooks/.codex/worktrees/metaprogramming-audit/lean4-effect4/.lake/packages/aesop/.lake/build/lib/lean/Aesop/RuleSet/Filter.olean.private	930bde68732dc259
text	/Users/pooks/.codex/worktrees/metaprogramming-audit/lean4-effect4/.lake/packages/aesop/Aesop/RuleSet/Member.lean	3b231d1e2a1f32cb
bin	/Users/pooks/.codex/worktrees/metaprogramming-audit/lean4-effect4/.lake/packages/aesop/.lake/build/lib/lean/Aesop/RuleSet/Member.olean	28d9def189d98c4b
bin	/Users/pooks/.codex/worktrees/metaprogramming-audit/lean4-effect4/.lake/packages/aesop/.lake/build/lib/lean/Aesop/RuleSet/Member.olean.server	243feeffd6855bd4
bin	/Users/pooks/.codex/worktrees/metaprogramming-audit/lean4-effect4/.lake/packages/aesop/.lake/build/lib/lean/Aesop/RuleSet/Member.olean.private	fb2da9bfbd0e2e35
text	/Users/pooks/.codex/worktrees/metaprogramming-audit/lean4-effect4/.lake/packages/aesop/Aesop/RuleSet.lean	17eb7908019cda72
bin	/Users/pooks/.codex/worktrees/metaprogramming-audit/lean4-effect4/.lake/packages/aesop/.lake/build/lib/lean/Aesop/RuleSet.olean	36b90e5b30d56655
bin	/Users/pooks/.codex/worktrees/metaprogramming-audit/lean4-effect4/.lake/packages/aesop/.lake/build/lib/lean/Aesop/RuleSet.olean.server	e74d5d2078d69ff1
bin	/Users/pooks/.codex/worktrees/metaprogramming-audit/lean4-effect4/.lake/packages/aesop/.lake/build/lib/lean/Aesop/RuleSet.olean.private	fed6df8dabbf28b5
text	/Users/pooks/.codex/worktrees/metaprogramming-audit/lean4-effect4/.lake/packages/aesop/Aesop/Forward/State/Initial.lean	069eee038f05af02
bin	/Users/pooks/.codex/worktrees/metaprogramming-audit/lean4-effect4/.lake/packages/aesop/.lake/build/lib/lean/Aesop/Forward/State/Initial.olean	f45fddb9fa73d5fa
bin	/Users/pooks/.codex/worktrees/metaprogramming-audit/lean4-effect4/.lake/packages/aesop/.lake/build/lib/lean/Aesop/Forward/State/Initial.olean.server	5013e698d1d51125
bin	/Users/pooks/.codex/worktrees/metaprogramming-audit/lean4-effect4/.lake/packages/aesop/.lake/build/lib/lean/Aesop/Forward/State/Initial.olean.private	e2b0929a4827dba2
text	/Users/pooks/.codex/worktrees/metaprogramming-audit/lean4-effect4/.lake/packages/aesop/Aesop/Tree/TreeM.lean	088ca6039b1932f4
bin	/Users/pooks/.codex/worktrees/metaprogramming-audit/lean4-effect4/.lake/packages/aesop/.lake/build/lib/lean/Aesop/Tree/TreeM.olean	efbf33bb4728f84e
bin	/Users/pooks/.codex/worktrees/metaprogramming-audit/lean4-effect4/.lake/packages/aesop/.lake/build/lib/lean/Aesop/Tree/TreeM.olean.server	ad4afe4dc4af5767
bin	/Users/pooks/.codex/worktrees/metaprogramming-audit/lean4-effect4/.lake/packages/aesop/.lake/build/lib/lean/Aesop/Tree/TreeM.olean.private	4f4fff9da77c23d9
text	/Users/pooks/.codex/worktrees/metaprogramming-audit/lean4-effect4/.lake/packages/aesop/Aesop/Search/SearchM.lean	67b97b1f6b8dc54c
bin	/Users/pooks/.codex/worktrees/metaprogramming-audit/lean4-effect4/.lake/packages/aesop/.lake/build/lib/lean/Aesop/Search/SearchM.olean	03811e7edd74ac30
bin	/Users/pooks/.codex/worktrees/metaprogramming-audit/lean4-effect4/.lake/packages/aesop/.lake/build/lib/lean/Aesop/Search/SearchM.olean.server	5bc6984ace7ff49a
bin	/Users/pooks/.codex/worktrees/metaprogramming-audit/lean4-effect4/.lake/packages/aesop/.lake/build/lib/lean/Aesop/Search/SearchM.olean.private	3e3851dc7022b471
text	/Users/pooks/.codex/worktrees/metaprogramming-audit/lean4-effect4/.lake/packages/aesop/Aesop/Tree/RunMetaM.lean	cf2a0e2e2c8640e2
bin	/Users/pooks/.codex/worktrees/metaprogramming-audit/lean4-effect4/.lake/packages/aesop/.lake/build/lib/lean/Aesop/Tree/RunMetaM.olean	da8110e474020039
bin	/Users/pooks/.codex/worktrees/metaprogramming-audit/lean4-effect4/.lake/packages/aesop/.lake/build/lib/lean/Aesop/Tree/RunMetaM.olean.server	9db232d7cc1df042
bin	/Users/pooks/.codex/worktrees/metaprogramming-audit/lean4-effect4/.lake/packages/aesop/.lake/build/lib/lean/Aesop/Tree/RunMetaM.olean.private	b2f991afc49395bf
text	/Users/pooks/.codex/worktrees/metaprogramming-audit/lean4-effect4/.lake/packages/aesop/Aesop/Tree/Traversal.lean	30409e70a95b7ff8
bin	/Users/pooks/.codex/worktrees/metaprogramming-audit/lean4-effect4/.lake/packages/aesop/.lake/build/lib/lean/Aesop/Tree/Traversal.olean	ecc4e82a22ba5d17
bin	/Users/pooks/.codex/worktrees/metaprogramming-audit/lean4-effect4/.lake/packages/aesop/.lake/build/lib/lean/Aesop/Tree/Traversal.olean.server	0893dd452533ef8a
bin	/Users/pooks/.codex/worktrees/metaprogramming-audit/lean4-effect4/.lake/packages/aesop/.lake/build/lib/lean/Aesop/Tree/Traversal.olean.private	dc246f20770afaa9
text	/Users/pooks/.codex/worktrees/metaprogramming-audit/lean4-effect4/.lake/packages/aesop/Aesop/Tree/State.lean	3ae69b03e6c3c8ed
bin	/Users/pooks/.codex/worktrees/metaprogramming-audit/lean4-effect4/.lake/packages/aesop/.lake/build/lib/lean/Aesop/Tree/State.olean	83127de18d951478
bin	/Users/pooks/.codex/worktrees/metaprogramming-audit/lean4-effect4/.lake/packages/aesop/.lake/build/lib/lean/Aesop/Tree/State.olean.server	245e786ba6a44dd7
bin	/Users/pooks/.codex/worktrees/metaprogramming-audit/lean4-effect4/.lake/packages/aesop/.lake/build/lib/lean/Aesop/Tree/State.olean.private	f4a44864710eed8d
text	/Users/pooks/.codex/worktrees/metaprogramming-audit/lean4-effect4/.lake/packages/batteries/Batteries/Lean/HashSet.lean	46e8497e729a5595
bin	/Users/pooks/.codex/worktrees/metaprogramming-audit/lean4-effect4/.lake/packages/batteries/.lake/build/lib/lean/Batteries/Lean/HashSet.olean	f9817255c3d74718
bin	/Users/pooks/.codex/worktrees/metaprogramming-audit/lean4-effect4/.lake/packages/batteries/.lake/build/lib/lean/Batteries/Lean/HashSet.olean.server	ff90fe6fd7eff6bd
bin	/Users/pooks/.codex/worktrees/metaprogramming-audit/lean4-effect4/.lake/packages/batteries/.lake/build/lib/lean/Batteries/Lean/HashSet.olean.private	a3a000c2b00f3ff0
text	/Users/pooks/.codex/worktrees/metaprogramming-audit/lean4-effect4/.lake/packages/aesop/Aesop/Forward/State/ApplyGoalDiff.lean	17327f38d957ff84
bin	/Users/pooks/.codex/worktrees/metaprogramming-audit/lean4-effect4/.lake/packages/aesop/.lake/build/lib/lean/Aesop/Forward/State/ApplyGoalDiff.olean	f677e663a8e2a5f4
bin	/Users/pooks/.codex/worktrees/metaprogramming-audit/lean4-effect4/.lake/packages/aesop/.lake/build/lib/lean/Aesop/Forward/State/ApplyGoalDiff.olean.server	2e69bdd625096a0a
bin	/Users/pooks/.codex/worktrees/metaprogramming-audit/lean4-effect4/.lake/packages/aesop/.lake/build/lib/lean/Aesop/Forward/State/ApplyGoalDiff.olean.private	d86b90a19e2dfd65
text	/Users/pooks/.codex/worktrees/metaprogramming-audit/lean4-effect4/.lake/packages/aesop/Aesop/RuleTac/Apply.lean	8ad4891cc25e8f18
bin	/Users/pooks/.codex/worktrees/metaprogramming-audit/lean4-effect4/.lake/packages/aesop/.lake/build/lib/lean/Aesop/RuleTac/Apply.olean	5c86434a871f3c2b
bin	/Users/pooks/.codex/worktrees/metaprogramming-audit/lean4-effect4/.lake/packages/aesop/.lake/build/lib/lean/Aesop/RuleTac/Apply.olean.server	d1caa3f09909ad38
bin	/Users/pooks/.codex/worktrees/metaprogramming-audit/lean4-effect4/.lake/packages/aesop/.lake/build/lib/lean/Aesop/RuleTac/Apply.olean.private	f934bb3f28cb7a1e
text	/Users/pooks/.codex/worktrees/metaprogramming-audit/lean4-effect4/.lake/packages/aesop/Aesop/RuleTac/Cases.lean	e809eb03497c9428
bin	/Users/pooks/.codex/worktrees/metaprogramming-audit/lean4-effect4/.lake/packages/aesop/.lake/build/lib/lean/Aesop/RuleTac/Cases.olean	f825519d685d9a5c
bin	/Users/pooks/.codex/worktrees/metaprogramming-audit/lean4-effect4/.lake/packages/aesop/.lake/build/lib/lean/Aesop/RuleTac/Cases.olean.server	29698bdeecb59c45
bin	/Users/pooks/.codex/worktrees/metaprogramming-audit/lean4-effect4/.lake/packages/aesop/.lake/build/lib/lean/Aesop/RuleTac/Cases.olean.private	dcdfb08f1f1e784a
text	/Users/pooks/.codex/worktrees/metaprogramming-audit/lean4-effect4/.lake/packages/aesop/Aesop/RuleTac/Forward.lean	124d2652b2432e5c
bin	/Users/pooks/.codex/worktrees/metaprogramming-audit/lean4-effect4/.lake/packages/aesop/.lake/build/lib/lean/Aesop/RuleTac/Forward.olean	0626cbbf80ccda51
bin	/Users/pooks/.codex/worktrees/metaprogramming-audit/lean4-effect4/.lake/packages/aesop/.lake/build/lib/lean/Aesop/RuleTac/Forward.olean.server	aec732e6419ce85a
bin	/Users/pooks/.codex/worktrees/metaprogramming-audit/lean4-effect4/.lake/packages/aesop/.lake/build/lib/lean/Aesop/RuleTac/Forward.olean.private	c1a90c74e9180f29
text	/Users/pooks/.codex/worktrees/metaprogramming-audit/lean4-effect4/.lake/packages/aesop/Aesop/RuleTac/Preprocess.lean	78306fcc00460112
bin	/Users/pooks/.codex/worktrees/metaprogramming-audit/lean4-effect4/.lake/packages/aesop/.lake/build/lib/lean/Aesop/RuleTac/Preprocess.olean	c4b319aef1fb4766
bin	/Users/pooks/.codex/worktrees/metaprogramming-audit/lean4-effect4/.lake/packages/aesop/.lake/build/lib/lean/Aesop/RuleTac/Preprocess.olean.server	e89c75e214d8b802
bin	/Users/pooks/.codex/worktrees/metaprogramming-audit/lean4-effect4/.lake/packages/aesop/.lake/build/lib/lean/Aesop/RuleTac/Preprocess.olean.private	e5ab9b3a04eeeaff
text	/Users/pooks/.codex/worktrees/metaprogramming-audit/lean4-effect4/.lake/packages/aesop/Aesop/RuleTac/Tactic.lean	309d60688cd18264
bin	/Users/pooks/.codex/worktrees/metaprogramming-audit/lean4-effect4/.lake/packages/aesop/.lake/build/lib/lean/Aesop/RuleTac/Tactic.olean	fe4f94eac38eaf38
bin	/Users/pooks/.codex/worktrees/metaprogramming-audit/lean4-effect4/.lake/packages/aesop/.lake/build/lib/lean/Aesop/RuleTac/Tactic.olean.server	0dc95a9cad547718
bin	/Users/pooks/.codex/worktrees/metaprogramming-audit/lean4-effect4/.lake/packages/aesop/.lake/build/lib/lean/Aesop/RuleTac/Tactic.olean.private	8aaeb4b2c40c6369
text	/Users/pooks/.codex/worktrees/metaprogramming-audit/lean4-effect4/.lake/packages/aesop/Aesop/RuleTac.lean	8342931e3c2cddb6
bin	/Users/pooks/.codex/worktrees/metaprogramming-audit/lean4-effect4/.lake/packages/aesop/.lake/build/lib/lean/Aesop/RuleTac.olean	240e7955714f2acf
bin	/Users/pooks/.codex/worktrees/metaprogramming-audit/lean4-effect4/.lake/packages/aesop/.lake/build/lib/lean/Aesop/RuleTac.olean.server	3ae0353a130c049f
bin	/Users/pooks/.codex/worktrees/metaprogramming-audit/lean4-effect4/.lake/packages/aesop/.lake/build/lib/lean/Aesop/RuleTac.olean.private	a6d2f421a88302bc
text	/Users/pooks/.codex/worktrees/metaprogramming-audit/lean4-effect4/.lake/packages/aesop/Aesop/Search/Expansion/Basic.lean	13695fde04f1165e
bin	/Users/pooks/.codex/worktrees/metaprogramming-audit/lean4-effect4/.lake/packages/aesop/.lake/build/lib/lean/Aesop/Search/Expansion/Basic.olean	f3dc80a797f48b36
bin	/Users/pooks/.codex/worktrees/metaprogramming-audit/lean4-effect4/.lake/packages/aesop/.lake/build/lib/lean/Aesop/Search/Expansion/Basic.olean.server	42ed2b5e7e8a8ac0
bin	/Users/pooks/.codex/worktrees/metaprogramming-audit/lean4-effect4/.lake/packages/aesop/.lake/build/lib/lean/Aesop/Search/Expansion/Basic.olean.private	d633746dee935006
text	/Users/pooks/.codex/worktrees/metaprogramming-audit/lean4-effect4/.lake/packages/aesop/Aesop/Search/Expansion/Simp.lean	be4ed6b185055a8a
bin	/Users/pooks/.codex/worktrees/metaprogramming-audit/lean4-effect4/.lake/packages/aesop/.lake/build/lib/lean/Aesop/Search/Expansion/Simp.olean	f69537cdd0469f64
bin	/Users/pooks/.codex/worktrees/metaprogramming-audit/lean4-effect4/.lake/packages/aesop/.lake/build/lib/lean/Aesop/Search/Expansion/Simp.olean.server	72a29c4e120aa4db
bin	/Users/pooks/.codex/worktrees/metaprogramming-audit/lean4-effect4/.lake/packages/aesop/.lake/build/lib/lean/Aesop/Search/Expansion/Simp.olean.private	9aea28ac7b94186a
text	/Users/pooks/.codex/worktrees/metaprogramming-audit/lean4-effect4/.lake/packages/aesop/Aesop/Search/RuleSelection.lean	047f979379fc230f
bin	/Users/pooks/.codex/worktrees/metaprogramming-audit/lean4-effect4/.lake/packages/aesop/.lake/build/lib/lean/Aesop/Search/RuleSelection.olean	65c683c3821cf1b0
bin	/Users/pooks/.codex/worktrees/metaprogramming-audit/lean4-effect4/.lake/packages/aesop/.lake/build/lib/lean/Aesop/Search/RuleSelection.olean.server	9aae4c1c51b0897b
bin	/Users/pooks/.codex/worktrees/metaprogramming-audit/lean4-effect4/.lake/packages/aesop/.lake/build/lib/lean/Aesop/Search/RuleSelection.olean.private	aa6f9081b0cfc4f8
text	/Users/pooks/.codex/worktrees/metaprogramming-audit/lean4-effect4/.lake/packages/aesop/Aesop/Search/Expansion/Norm.lean	2ccc2f400aa2a9e4
bin	/Users/pooks/.codex/worktrees/metaprogramming-audit/lean4-effect4/.lake/packages/aesop/.lake/build/lib/lean/Aesop/Search/Expansion/Norm.olean	7e2d1a697e7f4617
bin	/Users/pooks/.codex/worktrees/metaprogramming-audit/lean4-effect4/.lake/packages/aesop/.lake/build/lib/lean/Aesop/Search/Expansion/Norm.olean.server	3700d8a3b4986757
bin	/Users/pooks/.codex/worktrees/metaprogramming-audit/lean4-effect4/.lake/packages/aesop/.lake/build/lib/lean/Aesop/Search/Expansion/Norm.olean.private	c24c04a5fc242ab8
text	/Users/pooks/.codex/worktrees/metaprogramming-audit/lean4-effect4/.lake/packages/aesop/Aesop/Tree/AddRapp.lean	db358722fa669fcc
bin	/Users/pooks/.codex/worktrees/metaprogramming-audit/lean4-effect4/.lake/packages/aesop/.lake/build/lib/lean/Aesop/Tree/AddRapp.olean	c08b1181ef67a7b3
bin	/Users/pooks/.codex/worktrees/metaprogramming-audit/lean4-effect4/.lake/packages/aesop/.lake/build/lib/lean/Aesop/Tree/AddRapp.olean.server	1984963d930e1214
bin	/Users/pooks/.codex/worktrees/metaprogramming-audit/lean4-effect4/.lake/packages/aesop/.lake/build/lib/lean/Aesop/Tree/AddRapp.olean.private	afa8e87acf0257b5
text	/Users/pooks/.codex/worktrees/metaprogramming-audit/lean4-effect4/.lake/packages/aesop/Aesop/Forward/State/UpdateGoal.lean	2cad0093cee28e24
bin	/Users/pooks/.codex/worktrees/metaprogramming-audit/lean4-effect4/.lake/packages/aesop/.lake/build/lib/lean/Aesop/Forward/State/UpdateGoal.olean	e2a9613023c6941e
bin	/Users/pooks/.codex/worktrees/metaprogramming-audit/lean4-effect4/.lake/packages/aesop/.lake/build/lib/lean/Aesop/Forward/State/UpdateGoal.olean.server	0623d2c9419e62a2
bin	/Users/pooks/.codex/worktrees/metaprogramming-audit/lean4-effect4/.lake/packages/aesop/.lake/build/lib/lean/Aesop/Forward/State/UpdateGoal.olean.private	390773af2cba6892
text	/Users/pooks/.codex/worktrees/metaprogramming-audit/lean4-effect4/.lake/packages/aesop/Aesop/Search/Expansion.lean	565dc9095f5d0bae
bin	/Users/pooks/.codex/worktrees/metaprogramming-audit/lean4-effect4/.lake/packages/aesop/.lake/build/lib/lean/Aesop/Search/Expansion.olean	2e7af3355aa8263b
bin	/Users/pooks/.codex/worktrees/metaprogramming-audit/lean4-effect4/.lake/packages/aesop/.lake/build/lib/lean/Aesop/Search/Expansion.olean.server	b22ca3d34d128599
bin	/Users/pooks/.codex/worktrees/metaprogramming-audit/lean4-effect4/.lake/packages/aesop/.lake/build/lib/lean/Aesop/Search/Expansion.olean.private	90c3970372f5eff7
text	/Users/pooks/.codex/worktrees/metaprogramming-audit/lean4-effect4/.lake/packages/aesop/Aesop/Exception.lean	ca2ee862fda82e63
bin	/Users/pooks/.codex/worktrees/metaprogramming-audit/lean4-effect4/.lake/packages/aesop/.lake/build/lib/lean/Aesop/Exception.olean	ce2e309fa28e73df
bin	/Users/pooks/.codex/worktrees/metaprogramming-audit/lean4-effect4/.lake/packages/aesop/.lake/build/lib/lean/Aesop/Exception.olean.server	025ef9ba7385dc07
bin	/Users/pooks/.codex/worktrees/metaprogramming-audit/lean4-effect4/.lake/packages/aesop/.lake/build/lib/lean/Aesop/Exception.olean.private	b3022bca9b10d883
text	/Users/pooks/.codex/worktrees/metaprogramming-audit/lean4-effect4/.lake/packages/aesop/Aesop/Search/ExpandSafePrefix.lean	059ec8be7164545c
bin	/Users/pooks/.codex/worktrees/metaprogramming-audit/lean4-effect4/.lake/packages/aesop/.lake/build/lib/lean/Aesop/Search/ExpandSafePrefix.olean	05f2b07db1a10bf0
bin	/Users/pooks/.codex/worktrees/metaprogramming-audit/lean4-effect4/.lake/packages/aesop/.lake/build/lib/lean/Aesop/Search/ExpandSafePrefix.olean.server	bbf2054ccf04518f
bin	/Users/pooks/.codex/worktrees/metaprogramming-audit/lean4-effect4/.lake/packages/aesop/.lake/build/lib/lean/Aesop/Search/ExpandSafePrefix.olean.private	722e2719d7b1bf87
text	/Users/pooks/.codex/worktrees/metaprogramming-audit/lean4-effect4/.lake/packages/aesop/Aesop/Tree/Check.lean	f7e4708affd0ce4f
bin	/Users/pooks/.codex/worktrees/metaprogramming-audit/lean4-effect4/.lake/packages/aesop/.lake/build/lib/lean/Aesop/Tree/Check.olean	9c3b01c26dc935cd
bin	/Users/pooks/.codex/worktrees/metaprogramming-audit/lean4-effect4/.lake/packages/aesop/.lake/build/lib/lean/Aesop/Tree/Check.olean.server	12854e89b431723f
bin	/Users/pooks/.codex/worktrees/metaprogramming-audit/lean4-effect4/.lake/packages/aesop/.lake/build/lib/lean/Aesop/Tree/Check.olean.private	1b9aef7dd820c771
text	/Users/pooks/.codex/worktrees/metaprogramming-audit/lean4-effect4/.lake/packages/aesop/Aesop/Tree/ExtractProof.lean	8247b07eba9b8ced
bin	/Users/pooks/.codex/worktrees/metaprogramming-audit/lean4-effect4/.lake/packages/aesop/.lake/build/lib/lean/Aesop/Tree/ExtractProof.olean	48fb60e7b4786098
bin	/Users/pooks/.codex/worktrees/metaprogramming-audit/lean4-effect4/.lake/packages/aesop/.lake/build/lib/lean/Aesop/Tree/ExtractProof.olean.server	d8238fd8e5ca6aef
bin	/Users/pooks/.codex/worktrees/metaprogramming-audit/lean4-effect4/.lake/packages/aesop/.lake/build/lib/lean/Aesop/Tree/ExtractProof.olean.private	21093e6961c118ae
text	/Users/pooks/.codex/worktrees/metaprogramming-audit/lean4-effect4/.lake/packages/aesop/Aesop/Tree/ExtractScript.lean	b4b0b0910078ddfa
bin	/Users/pooks/.codex/worktrees/metaprogramming-audit/lean4-effect4/.lake/packages/aesop/.lake/build/lib/lean/Aesop/Tree/ExtractScript.olean	9e59ed9da932df26
bin	/Users/pooks/.codex/worktrees/metaprogramming-audit/lean4-effect4/.lake/packages/aesop/.lake/build/lib/lean/Aesop/Tree/ExtractScript.olean.server	3d316969669f7ce8
bin	/Users/pooks/.codex/worktrees/metaprogramming-audit/lean4-effect4/.lake/packages/aesop/.lake/build/lib/lean/Aesop/Tree/ExtractScript.olean.private	c751ddde036b10d2
text	/Users/pooks/.codex/worktrees/metaprogramming-audit/lean4-effect4/.lake/packages/aesop/Aesop/Tree/Tracing.lean	0881ef9236dc6653
bin	/Users/pooks/.codex/worktrees/metaprogramming-audit/lean4-effect4/.lake/packages/aesop/.lake/build/lib/lean/Aesop/Tree/Tracing.olean	93e9731283b5354d
bin	/Users/pooks/.codex/worktrees/metaprogramming-audit/lean4-effect4/.lake/packages/aesop/.lake/build/lib/lean/Aesop/Tree/Tracing.olean.server	5a9f8cce65163898
bin	/Users/pooks/.codex/worktrees/metaprogramming-audit/lean4-effect4/.lake/packages/aesop/.lake/build/lib/lean/Aesop/Tree/Tracing.olean.private	52c2e52e167b59da
text	/Users/pooks/.codex/worktrees/metaprogramming-audit/lean4-effect4/.lake/packages/aesop/Aesop/Frontend/Extension/Init.lean	0e2b8e934d5a151d
bin	/Users/pooks/.codex/worktrees/metaprogramming-audit/lean4-effect4/.lake/packages/aesop/.lake/build/lib/lean/Aesop/Frontend/Extension/Init.olean	85f9abda125f530f
bin	/Users/pooks/.codex/worktrees/metaprogramming-audit/lean4-effect4/.lake/packages/aesop/.lake/build/lib/lean/Aesop/Frontend/Extension/Init.olean.server	c1e73f6a872dcd58
bin	/Users/pooks/.codex/worktrees/metaprogramming-audit/lean4-effect4/.lake/packages/aesop/.lake/build/lib/lean/Aesop/Frontend/Extension/Init.olean.private	ce28f4b373a94d5f
text	/Users/pooks/.codex/worktrees/metaprogramming-audit/lean4-effect4/.lake/packages/aesop/Aesop/Frontend/Extension.lean	dfd23c242ed28b1b
bin	/Users/pooks/.codex/worktrees/metaprogramming-audit/lean4-effect4/.lake/packages/aesop/.lake/build/lib/lean/Aesop/Frontend/Extension.olean	2db073f6624b58da
bin	/Users/pooks/.codex/worktrees/metaprogramming-audit/lean4-effect4/.lake/packages/aesop/.lake/build/lib/lean/Aesop/Frontend/Extension.olean.server	8c77f790779a3937
bin	/Users/pooks/.codex/worktrees/metaprogramming-audit/lean4-effect4/.lake/packages/aesop/.lake/build/lib/lean/Aesop/Frontend/Extension.olean.private	4f0252278edbc31e
text	/Users/pooks/.codex/worktrees/metaprogramming-audit/lean4-effect4/.lake/packages/batteries/Batteries/Control/ForInStep/Basic.lean	d4cdc4a560b5f4c5
bin	/Users/pooks/.codex/worktrees/metaprogramming-audit/lean4-effect4/.lake/packages/batteries/.lake/build/lib/lean/Batteries/Control/ForInStep/Basic.olean	21cbd06955c09ebd
bin	/Users/pooks/.codex/worktrees/metaprogramming-audit/lean4-effect4/.lake/packages/batteries/.lake/build/lib/lean/Batteries/Control/ForInStep/Basic.olean.server	c410a9f199cdd09c
bin	/Users/pooks/.codex/worktrees/metaprogramming-audit/lean4-effect4/.lake/packages/batteries/.lake/build/lib/lean/Batteries/Control/ForInStep/Basic.olean.private	c28e5cde45099e5a
text	/Users/pooks/.codex/worktrees/metaprogramming-audit/lean4-effect4/.lake/packages/batteries/Batteries/Data/BinomialHeap/Basic.lean	a4abf900de70aeae
bin	/Users/pooks/.codex/worktrees/metaprogramming-audit/lean4-effect4/.lake/packages/batteries/.lake/build/lib/lean/Batteries/Data/BinomialHeap/Basic.olean	f499b4c078134d06
bin	/Users/pooks/.codex/worktrees/metaprogramming-audit/lean4-effect4/.lake/packages/batteries/.lake/build/lib/lean/Batteries/Data/BinomialHeap/Basic.olean.server	60e1de24bb33be19
bin	/Users/pooks/.codex/worktrees/metaprogramming-audit/lean4-effect4/.lake/packages/batteries/.lake/build/lib/lean/Batteries/Data/BinomialHeap/Basic.olean.private	52b67a827d56100a
text	/Users/pooks/.codex/worktrees/metaprogramming-audit/lean4-effect4/.lake/packages/aesop/Aesop/Search/Queue.lean	32c38f5c9ed03818
bin	/Users/pooks/.codex/worktrees/metaprogramming-audit/lean4-effect4/.lake/packages/aesop/.lake/build/lib/lean/Aesop/Search/Queue.olean	5538b669b78a1e6a
bin	/Users/pooks/.codex/worktrees/metaprogramming-audit/lean4-effect4/.lake/packages/aesop/.lake/build/lib/lean/Aesop/Search/Queue.olean.server	61310a264fb648c9
bin	/Users/pooks/.codex/worktrees/metaprogramming-audit/lean4-effect4/.lake/packages/aesop/.lake/build/lib/lean/Aesop/Search/Queue.olean.private	5df4d500d703fd76
text	/Users/pooks/.codex/worktrees/metaprogramming-audit/lean4-effect4/.lake/packages/aesop/Aesop/Tree/Free.lean	4c6c4eade5f5ed9e
bin	/Users/pooks/.codex/worktrees/metaprogramming-audit/lean4-effect4/.lake/packages/aesop/.lake/build/lib/lean/Aesop/Tree/Free.olean	1116600eae36e90c
bin	/Users/pooks/.codex/worktrees/metaprogramming-audit/lean4-effect4/.lake/packages/aesop/.lake/build/lib/lean/Aesop/Tree/Free.olean.server	97bada888cc82784
bin	/Users/pooks/.codex/worktrees/metaprogramming-audit/lean4-effect4/.lake/packages/aesop/.lake/build/lib/lean/Aesop/Tree/Free.olean.private	2ce38e8e1335075d
text	/Users/pooks/.codex/worktrees/metaprogramming-audit/lean4-effect4/.lake/packages/aesop/Aesop/Tree/Stats.lean	2199b97ae5433ec1
bin	/Users/pooks/.codex/worktrees/metaprogramming-audit/lean4-effect4/.lake/packages/aesop/.lake/build/lib/lean/Aesop/Tree/Stats.olean	785053cdfec2b2d8
bin	/Users/pooks/.codex/worktrees/metaprogramming-audit/lean4-effect4/.lake/packages/aesop/.lake/build/lib/lean/Aesop/Tree/Stats.olean.server	0105141f33eaa52b
bin	/Users/pooks/.codex/worktrees/metaprogramming-audit/lean4-effect4/.lake/packages/aesop/.lake/build/lib/lean/Aesop/Tree/Stats.olean.private	02ff78fadc18974a
text	/Users/pooks/.codex/worktrees/metaprogramming-audit/lean4-effect4/.lake/packages/aesop/Aesop/Search/Main.lean	bc9558947b6f8589
bin	/Users/pooks/.codex/worktrees/metaprogramming-audit/lean4-effect4/.lake/packages/aesop/.lake/build/lib/lean/Aesop/Search/Main.olean	9a732c711545ec88
bin	/Users/pooks/.codex/worktrees/metaprogramming-audit/lean4-effect4/.lake/packages/aesop/.lake/build/lib/lean/Aesop/Search/Main.olean.server	ee907ad82156ada7
bin	/Users/pooks/.codex/worktrees/metaprogramming-audit/lean4-effect4/.lake/packages/aesop/.lake/build/lib/lean/Aesop/Search/Main.olean.private	285f9a25e87fc528
text	/Users/pooks/.codex/worktrees/metaprogramming-audit/lean4-effect4/.lake/packages/aesop/Aesop/Builder/Basic.lean	bc187d75d9a2071d
bin	/Users/pooks/.codex/worktrees/metaprogramming-audit/lean4-effect4/.lake/packages/aesop/.lake/build/lib/lean/Aesop/Builder/Basic.olean	a7ffe61c358874b1
bin	/Users/pooks/.codex/worktrees/metaprogramming-audit/lean4-effect4/.lake/packages/aesop/.lake/build/lib/lean/Aesop/Builder/Basic.olean.server	1ccb322417f97a40
bin	/Users/pooks/.codex/worktrees/metaprogramming-audit/lean4-effect4/.lake/packages/aesop/.lake/build/lib/lean/Aesop/Builder/Basic.olean.private	5fc11654979967fa
text	/Users/pooks/.codex/worktrees/metaprogramming-audit/lean4-effect4/.lake/packages/batteries/Batteries/Lean/Expr.lean	9de5c20f0d58f754
bin	/Users/pooks/.codex/worktrees/metaprogramming-audit/lean4-effect4/.lake/packages/batteries/.lake/build/lib/lean/Batteries/Lean/Expr.olean	3e865ede767c81a8
bin	/Users/pooks/.codex/worktrees/metaprogramming-audit/lean4-effect4/.lake/packages/batteries/.lake/build/lib/lean/Batteries/Lean/Expr.olean.server	e52708d70383ef62
bin	/Users/pooks/.codex/worktrees/metaprogramming-audit/lean4-effect4/.lake/packages/batteries/.lake/build/lib/lean/Batteries/Lean/Expr.olean.private	921d3407de40c5da
text	/Users/pooks/.codex/worktrees/metaprogramming-audit/lean4-effect4/.lake/packages/aesop/Aesop/Builder/Cases.lean	094dd6774836570c
bin	/Users/pooks/.codex/worktrees/metaprogramming-audit/lean4-effect4/.lake/packages/aesop/.lake/build/lib/lean/Aesop/Builder/Cases.olean	6d43e697130c5402
bin	/Users/pooks/.codex/worktrees/metaprogramming-audit/lean4-effect4/.lake/packages/aesop/.lake/build/lib/lean/Aesop/Builder/Cases.olean.server	db1b6a7bdde2f73a
bin	/Users/pooks/.codex/worktrees/metaprogramming-audit/lean4-effect4/.lake/packages/aesop/.lake/build/lib/lean/Aesop/Builder/Cases.olean.private	6fd8fcccf9b4cb74
text	/Users/pooks/.codex/worktrees/metaprogramming-audit/lean4-effect4/.lake/packages/aesop/Aesop/Builder/Constructors.lean	8b20b2bfb78c97eb
bin	/Users/pooks/.codex/worktrees/metaprogramming-audit/lean4-effect4/.lake/packages/aesop/.lake/build/lib/lean/Aesop/Builder/Constructors.olean	4d0d4db059a41a5f
bin	/Users/pooks/.codex/worktrees/metaprogramming-audit/lean4-effect4/.lake/packages/aesop/.lake/build/lib/lean/Aesop/Builder/Constructors.olean.server	79f5f30fc84e2b5f
bin	/Users/pooks/.codex/worktrees/metaprogramming-audit/lean4-effect4/.lake/packages/aesop/.lake/build/lib/lean/Aesop/Builder/Constructors.olean.private	53f0d0e5ac16c2c9
text	/Users/pooks/.codex/worktrees/metaprogramming-audit/lean4-effect4/.lake/packages/aesop/Aesop/Builder/NormSimp.lean	9bc6659263da7a0c
bin	/Users/pooks/.codex/worktrees/metaprogramming-audit/lean4-effect4/.lake/packages/aesop/.lake/build/lib/lean/Aesop/Builder/NormSimp.olean	7949436a7353388e
bin	/Users/pooks/.codex/worktrees/metaprogramming-audit/lean4-effect4/.lake/packages/aesop/.lake/build/lib/lean/Aesop/Builder/NormSimp.olean.server	e1bbe1a48d934905
bin	/Users/pooks/.codex/worktrees/metaprogramming-audit/lean4-effect4/.lake/packages/aesop/.lake/build/lib/lean/Aesop/Builder/NormSimp.olean.private	06cb9b3f2a3d603a
text	/Users/pooks/.codex/worktrees/metaprogramming-audit/lean4-effect4/.lake/packages/aesop/Aesop/Builder/Tactic.lean	580894822683ad66
bin	/Users/pooks/.codex/worktrees/metaprogramming-audit/lean4-effect4/.lake/packages/aesop/.lake/build/lib/lean/Aesop/Builder/Tactic.olean	afd9068e96cd717a
bin	/Users/pooks/.codex/worktrees/metaprogramming-audit/lean4-effect4/.lake/packages/aesop/.lake/build/lib/lean/Aesop/Builder/Tactic.olean.server	29d044d9163d4115
bin	/Users/pooks/.codex/worktrees/metaprogramming-audit/lean4-effect4/.lake/packages/aesop/.lake/build/lib/lean/Aesop/Builder/Tactic.olean.private	a4a9723fe3011659
text	/Users/pooks/.codex/worktrees/metaprogramming-audit/lean4-effect4/.lake/packages/aesop/Aesop/Builder/Apply.lean	d4277da69320b9d0
bin	/Users/pooks/.codex/worktrees/metaprogramming-audit/lean4-effect4/.lake/packages/aesop/.lake/build/lib/lean/Aesop/Builder/Apply.olean	6f317945f6b22bbd
bin	/Users/pooks/.codex/worktrees/metaprogramming-audit/lean4-effect4/.lake/packages/aesop/.lake/build/lib/lean/Aesop/Builder/Apply.olean.server	01efb4db5443e868
bin	/Users/pooks/.codex/worktrees/metaprogramming-audit/lean4-effect4/.lake/packages/aesop/.lake/build/lib/lean/Aesop/Builder/Apply.olean.private	775a36e17a2e7319
text	/Users/pooks/.codex/worktrees/metaprogramming-audit/lean4-effect4/.lake/packages/aesop/Aesop/Builder/Default.lean	fd2d76a4c4cc0971
bin	/Users/pooks/.codex/worktrees/metaprogramming-audit/lean4-effect4/.lake/packages/aesop/.lake/build/lib/lean/Aesop/Builder/Default.olean	357fdddf94ef8757
bin	/Users/pooks/.codex/worktrees/metaprogramming-audit/lean4-effect4/.lake/packages/aesop/.lake/build/lib/lean/Aesop/Builder/Default.olean.server	1f575d8bf5649189
bin	/Users/pooks/.codex/worktrees/metaprogramming-audit/lean4-effect4/.lake/packages/aesop/.lake/build/lib/lean/Aesop/Builder/Default.olean.private	c504ac2dbb443ced
text	/Users/pooks/.codex/worktrees/metaprogramming-audit/lean4-effect4/.lake/packages/aesop/Aesop/Builder/Forward.lean	16778ecc3b0e0b98
bin	/Users/pooks/.codex/worktrees/metaprogramming-audit/lean4-effect4/.lake/packages/aesop/.lake/build/lib/lean/Aesop/Builder/Forward.olean	0d6a709112f72b72
bin	/Users/pooks/.codex/worktrees/metaprogramming-audit/lean4-effect4/.lake/packages/aesop/.lake/build/lib/lean/Aesop/Builder/Forward.olean.server	3e6c9451352a90d2
bin	/Users/pooks/.codex/worktrees/metaprogramming-audit/lean4-effect4/.lake/packages/aesop/.lake/build/lib/lean/Aesop/Builder/Forward.olean.private	53f75431f9f1042e
text	/Users/pooks/.codex/worktrees/metaprogramming-audit/lean4-effect4/.lake/packages/aesop/Aesop/Builder/Unfold.lean	c946ef5b6a8a2f79
bin	/Users/pooks/.codex/worktrees/metaprogramming-audit/lean4-effect4/.lake/packages/aesop/.lake/build/lib/lean/Aesop/Builder/Unfold.olean	2d335682a10a3183
bin	/Users/pooks/.codex/worktrees/metaprogramming-audit/lean4-effect4/.lake/packages/aesop/.lake/build/lib/lean/Aesop/Builder/Unfold.olean.server	62afaf9c1a3f32fc
bin	/Users/pooks/.codex/worktrees/metaprogramming-audit/lean4-effect4/.lake/packages/aesop/.lake/build/lib/lean/Aesop/Builder/Unfold.olean.private	b063aa24dd59d217
text	/Users/pooks/.codex/worktrees/metaprogramming-audit/lean4-effect4/.lake/packages/aesop/Aesop/Frontend/RuleExpr.lean	18537a14d4b4ec7f
bin	/Users/pooks/.codex/worktrees/metaprogramming-audit/lean4-effect4/.lake/packages/aesop/.lake/build/lib/lean/Aesop/Frontend/RuleExpr.olean	be6f48a0f39c75c8
bin	/Users/pooks/.codex/worktrees/metaprogramming-audit/lean4-effect4/.lake/packages/aesop/.lake/build/lib/lean/Aesop/Frontend/RuleExpr.olean.server	3c51af84ec806c61
bin	/Users/pooks/.codex/worktrees/metaprogramming-audit/lean4-effect4/.lake/packages/aesop/.lake/build/lib/lean/Aesop/Frontend/RuleExpr.olean.private	12cf77bf7eab6f83
text	/Users/pooks/.codex/worktrees/metaprogramming-audit/lean4-effect4/.lake/packages/aesop/Aesop/Frontend/Tactic.lean	bc0e1b373c47d1bd
bin	/Users/pooks/.codex/worktrees/metaprogramming-audit/lean4-effect4/.lake/packages/aesop/.lake/build/lib/lean/Aesop/Frontend/Tactic.olean	65f5cd33e783872c
bin	/Users/pooks/.codex/worktrees/metaprogramming-audit/lean4-effect4/.lake/packages/aesop/.lake/build/lib/lean/Aesop/Frontend/Tactic.olean.server	2875ee0c4e20c5af
bin	/Users/pooks/.codex/worktrees/metaprogramming-audit/lean4-effect4/.lake/packages/aesop/.lake/build/lib/lean/Aesop/Frontend/Tactic.olean.private	50ba17729a6bc4ca
text	/Users/pooks/.codex/worktrees/metaprogramming-audit/lean4-effect4/.lake/packages/aesop/Aesop/Stats/Extension.lean	6112499fb033ff43
bin	/Users/pooks/.codex/worktrees/metaprogramming-audit/lean4-effect4/.lake/packages/aesop/.lake/build/lib/lean/Aesop/Stats/Extension.olean	c0eb4e41d57cd363
bin	/Users/pooks/.codex/worktrees/metaprogramming-audit/lean4-effect4/.lake/packages/aesop/.lake/build/lib/lean/Aesop/Stats/Extension.olean.server	84fcac7cfa57d49f
bin	/Users/pooks/.codex/worktrees/metaprogramming-audit/lean4-effect4/.lake/packages/aesop/.lake/build/lib/lean/Aesop/Stats/Extension.olean.private	0b581d2e814b4b47
text	/Users/pooks/.codex/worktrees/metaprogramming-audit/lean4-effect4/.lake/packages/aesop/Aesop/Stats/File.lean	abe93de2f3716929
bin	/Users/pooks/.codex/worktrees/metaprogramming-audit/lean4-effect4/.lake/packages/aesop/.lake/build/lib/lean/Aesop/Stats/File.olean	8c8c9ed9f59a510f
bin	/Users/pooks/.codex/worktrees/metaprogramming-audit/lean4-effect4/.lake/packages/aesop/.lake/build/lib/lean/Aesop/Stats/File.olean.server	af49fcdba42fd8b4
bin	/Users/pooks/.codex/worktrees/metaprogramming-audit/lean4-effect4/.lake/packages/aesop/.lake/build/lib/lean/Aesop/Stats/File.olean.private	6972d3dcbbdc7802
text	/Users/pooks/.codex/worktrees/metaprogramming-audit/lean4-effect4/.lake/packages/aesop/Aesop/Main.lean	159a92e1a8402e21
bin	/Users/pooks/.codex/worktrees/metaprogramming-audit/lean4-effect4/.lake/packages/aesop/.lake/build/lib/lean/Aesop/Main.olean	be3cf9da382c216c
bin	/Users/pooks/.codex/worktrees/metaprogramming-audit/lean4-effect4/.lake/packages/aesop/.lake/build/lib/lean/Aesop/Main.olean.server	0c72d0d4cd557035
bin	/Users/pooks/.codex/worktrees/metaprogramming-audit/lean4-effect4/.lake/packages/aesop/.lake/build/lib/lean/Aesop/Main.olean.private	37475c5975ef5297
text	/Users/pooks/.codex/worktrees/metaprogramming-audit/lean4-effect4/.lake/packages/aesop/Aesop/Frontend/Attribute.lean	693b53e7a9fcc447
bin	/Users/pooks/.codex/worktrees/metaprogramming-audit/lean4-effect4/.lake/packages/aesop/.lake/build/lib/lean/Aesop/Frontend/Attribute.olean	6e462bdc23753650
bin	/Users/pooks/.codex/worktrees/metaprogramming-audit/lean4-effect4/.lake/packages/aesop/.lake/build/lib/lean/Aesop/Frontend/Attribute.olean.server	1144af927d335433
bin	/Users/pooks/.codex/worktrees/metaprogramming-audit/lean4-effect4/.lake/packages/aesop/.lake/build/lib/lean/Aesop/Frontend/Attribute.olean.private	2d0533d8e1549c70
text	/Users/pooks/.codex/worktrees/metaprogramming-audit/lean4-effect4/.lake/packages/aesop/Aesop/Frontend/Basic.lean	d2ab84c0850b4594
bin	/Users/pooks/.codex/worktrees/metaprogramming-audit/lean4-effect4/.lake/packages/aesop/.lake/build/lib/lean/Aesop/Frontend/Basic.olean	2b65cd530e0a5361
bin	/Users/pooks/.codex/worktrees/metaprogramming-audit/lean4-effect4/.lake/packages/aesop/.lake/build/lib/lean/Aesop/Frontend/Basic.olean.server	58cd1abd6de5c8d8
bin	/Users/pooks/.codex/worktrees/metaprogramming-audit/lean4-effect4/.lake/packages/aesop/.lake/build/lib/lean/Aesop/Frontend/Basic.olean.private	97f94622a498b513
text	/Users/pooks/.codex/worktrees/metaprogramming-audit/lean4-effect4/.lake/packages/aesop/Aesop/Stats/Report.lean	490a8d30e42c6e63
bin	/Users/pooks/.codex/worktrees/metaprogramming-audit/lean4-effect4/.lake/packages/aesop/.lake/build/lib/lean/Aesop/Stats/Report.olean	98283a4c1e70df3a
bin	/Users/pooks/.codex/worktrees/metaprogramming-audit/lean4-effect4/.lake/packages/aesop/.lake/build/lib/lean/Aesop/Stats/Report.olean.server	786e5ebe66698508
bin	/Users/pooks/.codex/worktrees/metaprogramming-audit/lean4-effect4/.lake/packages/aesop/.lake/build/lib/lean/Aesop/Stats/Report.olean.private	08040eb5373df643
text	/Users/pooks/.codex/worktrees/metaprogramming-audit/lean4-effect4/.lake/packages/aesop/Aesop/Frontend/Command.lean	83769f88c4d1344b
bin	/Users/pooks/.codex/worktrees/metaprogramming-audit/lean4-effect4/.lake/packages/aesop/.lake/build/lib/lean/Aesop/Frontend/Command.olean	6cc87b1cc2c75e67
bin	/Users/pooks/.codex/worktrees/metaprogramming-audit/lean4-effect4/.lake/packages/aesop/.lake/build/lib/lean/Aesop/Frontend/Command.olean.server	b2501eb8de1d21e6
bin	/Users/pooks/.codex/worktrees/metaprogramming-audit/lean4-effect4/.lake/packages/aesop/.lake/build/lib/lean/Aesop/Frontend/Command.olean.private	0ca54bb2d9a7541a
text	/Users/pooks/.codex/worktrees/metaprogramming-audit/lean4-effect4/.lake/packages/aesop/Aesop/Saturate.lean	02cd47a2a549abbb
bin	/Users/pooks/.codex/worktrees/metaprogramming-audit/lean4-effect4/.lake/packages/aesop/.lake/build/lib/lean/Aesop/Saturate.olean	c7a05125ea5d2451
bin	/Users/pooks/.codex/worktrees/metaprogramming-audit/lean4-effect4/.lake/packages/aesop/.lake/build/lib/lean/Aesop/Saturate.olean.server	8c91a4b9e3aa502e
bin	/Users/pooks/.codex/worktrees/metaprogramming-audit/lean4-effect4/.lake/packages/aesop/.lake/build/lib/lean/Aesop/Saturate.olean.private	c6a846e7ec30cb05
text	/Users/pooks/.codex/worktrees/metaprogramming-audit/lean4-effect4/.lake/packages/aesop/Aesop/Frontend/Saturate.lean	9df23bad147cb7ee
bin	/Users/pooks/.codex/worktrees/metaprogramming-audit/lean4-effect4/.lake/packages/aesop/.lake/build/lib/lean/Aesop/Frontend/Saturate.olean	96f7b6086ca605aa
bin	/Users/pooks/.codex/worktrees/metaprogramming-audit/lean4-effect4/.lake/packages/aesop/.lake/build/lib/lean/Aesop/Frontend/Saturate.olean.server	f2dd7906deae427c
bin	/Users/pooks/.codex/worktrees/metaprogramming-audit/lean4-effect4/.lake/packages/aesop/.lake/build/lib/lean/Aesop/Frontend/Saturate.olean.private	b99e15267b4314e0
text	/Users/pooks/.codex/worktrees/metaprogramming-audit/lean4-effect4/.lake/packages/aesop/Aesop/Frontend.lean	ed0c194f59bc2d30
bin	/Users/pooks/.codex/worktrees/metaprogramming-audit/lean4-effect4/.lake/packages/aesop/.lake/build/lib/lean/Aesop/Frontend.olean	8090cab42fd0053f
bin	/Users/pooks/.codex/worktrees/metaprogramming-audit/lean4-effect4/.lake/packages/aesop/.lake/build/lib/lean/Aesop/Frontend.olean.server	cc864a41243da064
bin	/Users/pooks/.codex/worktrees/metaprogramming-audit/lean4-effect4/.lake/packages/aesop/.lake/build/lib/lean/Aesop/Frontend.olean.private	82d8abfba6b690ff
text	/Users/pooks/.codex/worktrees/metaprogramming-audit/lean4-effect4/.lake/packages/aesop/Aesop/BuiltinRules/Assumption.lean	00d5c1a019e9111b
bin	/Users/pooks/.codex/worktrees/metaprogramming-audit/lean4-effect4/.lake/packages/aesop/.lake/build/lib/lean/Aesop/BuiltinRules/Assumption.olean	6bcdf4d02859d237
bin	/Users/pooks/.codex/worktrees/metaprogramming-audit/lean4-effect4/.lake/packages/aesop/.lake/build/lib/lean/Aesop/BuiltinRules/Assumption.olean.server	5bd44e5599f1834b
bin	/Users/pooks/.codex/worktrees/metaprogramming-audit/lean4-effect4/.lake/packages/aesop/.lake/build/lib/lean/Aesop/BuiltinRules/Assumption.olean.private	a3d300c8a2625b3e
text	/Users/pooks/.codex/worktrees/metaprogramming-audit/lean4-effect4/.lake/packages/aesop/Aesop/BuiltinRules/ApplyHyps.lean	67409c946835bc04
bin	/Users/pooks/.codex/worktrees/metaprogramming-audit/lean4-effect4/.lake/packages/aesop/.lake/build/lib/lean/Aesop/BuiltinRules/ApplyHyps.olean	01cd7d375509e2a7
bin	/Users/pooks/.codex/worktrees/metaprogramming-audit/lean4-effect4/.lake/packages/aesop/.lake/build/lib/lean/Aesop/BuiltinRules/ApplyHyps.olean.server	fdb9e3e5aa11cd1f
bin	/Users/pooks/.codex/worktrees/metaprogramming-audit/lean4-effect4/.lake/packages/aesop/.lake/build/lib/lean/Aesop/BuiltinRules/ApplyHyps.olean.private	7b1afd5514f22cb3
text	/Users/pooks/.codex/worktrees/metaprogramming-audit/lean4-effect4/.lake/packages/aesop/Aesop/BuiltinRules/DestructProducts.lean	d6cbbe9a393822a1
bin	/Users/pooks/.codex/worktrees/metaprogramming-audit/lean4-effect4/.lake/packages/aesop/.lake/build/lib/lean/Aesop/BuiltinRules/DestructProducts.olean	65e2ebdd5d2743a4
bin	/Users/pooks/.codex/worktrees/metaprogramming-audit/lean4-effect4/.lake/packages/aesop/.lake/build/lib/lean/Aesop/BuiltinRules/DestructProducts.olean.server	f1bb348fbce05969
bin	/Users/pooks/.codex/worktrees/metaprogramming-audit/lean4-effect4/.lake/packages/aesop/.lake/build/lib/lean/Aesop/BuiltinRules/DestructProducts.olean.private	a192e5a8eda2bead
text	/Users/pooks/.codex/worktrees/metaprogramming-audit/lean4-effect4/.lake/packages/aesop/Aesop/BuiltinRules/Ext.lean	7d70512f918817e8
bin	/Users/pooks/.codex/worktrees/metaprogramming-audit/lean4-effect4/.lake/packages/aesop/.lake/build/lib/lean/Aesop/BuiltinRules/Ext.olean	52e894a3f311f9c9
bin	/Users/pooks/.codex/worktrees/metaprogramming-audit/lean4-effect4/.lake/packages/aesop/.lake/build/lib/lean/Aesop/BuiltinRules/Ext.olean.server	489f1ab7bb12234e
bin	/Users/pooks/.codex/worktrees/metaprogramming-audit/lean4-effect4/.lake/packages/aesop/.lake/build/lib/lean/Aesop/BuiltinRules/Ext.olean.private	0ac6dcadfc53b2f8
text	/Users/pooks/.codex/worktrees/metaprogramming-audit/lean4-effect4/.lake/packages/aesop/Aesop/BuiltinRules/Intros.lean	221624e87049d6f8
bin	/Users/pooks/.codex/worktrees/metaprogramming-audit/lean4-effect4/.lake/packages/aesop/.lake/build/lib/lean/Aesop/BuiltinRules/Intros.olean	02319aefe27a01e0
bin	/Users/pooks/.codex/worktrees/metaprogramming-audit/lean4-effect4/.lake/packages/aesop/.lake/build/lib/lean/Aesop/BuiltinRules/Intros.olean.server	ad05c405e2ada503
bin	/Users/pooks/.codex/worktrees/metaprogramming-audit/lean4-effect4/.lake/packages/aesop/.lake/build/lib/lean/Aesop/BuiltinRules/Intros.olean.private	e2d9cbe655150f4a
text	/Users/pooks/.codex/worktrees/metaprogramming-audit/lean4-effect4/.lake/packages/aesop/Aesop/BuiltinRules/Rfl.lean	bdf0482f6b2625ce
bin	/Users/pooks/.codex/worktrees/metaprogramming-audit/lean4-effect4/.lake/packages/aesop/.lake/build/lib/lean/Aesop/BuiltinRules/Rfl.olean	fb118984c9872eb6
bin	/Users/pooks/.codex/worktrees/metaprogramming-audit/lean4-effect4/.lake/packages/aesop/.lake/build/lib/lean/Aesop/BuiltinRules/Rfl.olean.server	d106a5717107b2ce
bin	/Users/pooks/.codex/worktrees/metaprogramming-audit/lean4-effect4/.lake/packages/aesop/.lake/build/lib/lean/Aesop/BuiltinRules/Rfl.olean.private	883758f64ada9506
text	/Users/pooks/.codex/worktrees/metaprogramming-audit/lean4-effect4/.lake/packages/aesop/Aesop/BuiltinRules/Split.lean	80c5e681092ae62d
bin	/Users/pooks/.codex/worktrees/metaprogramming-audit/lean4-effect4/.lake/packages/aesop/.lake/build/lib/lean/Aesop/BuiltinRules/Split.olean	e147dbc55442ce6f
bin	/Users/pooks/.codex/worktrees/metaprogramming-audit/lean4-effect4/.lake/packages/aesop/.lake/build/lib/lean/Aesop/BuiltinRules/Split.olean.server	08e689bfc2a700f2
bin	/Users/pooks/.codex/worktrees/metaprogramming-audit/lean4-effect4/.lake/packages/aesop/.lake/build/lib/lean/Aesop/BuiltinRules/Split.olean.private	86983de0f0f1fc60
text	/Users/pooks/.codex/worktrees/metaprogramming-audit/lean4-effect4/.lake/packages/aesop/Aesop/BuiltinRules/Subst.lean	8426e8ce906534ba
bin	/Users/pooks/.codex/worktrees/metaprogramming-audit/lean4-effect4/.lake/packages/aesop/.lake/build/lib/lean/Aesop/BuiltinRules/Subst.olean	1098cebcbce74760
bin	/Users/pooks/.codex/worktrees/metaprogramming-audit/lean4-effect4/.lake/packages/aesop/.lake/build/lib/lean/Aesop/BuiltinRules/Subst.olean.server	f295472adc6de4c9
bin	/Users/pooks/.codex/worktrees/metaprogramming-audit/lean4-effect4/.lake/packages/aesop/.lake/build/lib/lean/Aesop/BuiltinRules/Subst.olean.private	bcde38b8101b1691
text	/Users/pooks/.codex/worktrees/metaprogramming-audit/lean4-effect4/.lake/packages/aesop/Aesop/BuiltinRules.lean	b7e814da85bdc377
bin	/Users/pooks/.codex/worktrees/metaprogramming-audit/lean4-effect4/.lake/packages/aesop/.lake/build/lib/lean/Aesop/BuiltinRules.olean	5d807bda9f461285
bin	/Users/pooks/.codex/worktrees/metaprogramming-audit/lean4-effect4/.lake/packages/aesop/.lake/build/lib/lean/Aesop/BuiltinRules.olean.server	e3e2b1304eb6fa4c
bin	/Users/pooks/.codex/worktrees/metaprogramming-audit/lean4-effect4/.lake/packages/aesop/.lake/build/lib/lean/Aesop/BuiltinRules.olean.private	1e535ac2b636b89a
text	/Users/pooks/.codex/worktrees/metaprogramming-audit/lean4-effect4/.lake/packages/aesop/Aesop.lean	61914d35dc7daef2
bin	/Users/pooks/.codex/worktrees/metaprogramming-audit/lean4-effect4/.lake/packages/aesop/.lake/build/lib/lean/Aesop.olean	a42d4068dab678b2
bin	/Users/pooks/.codex/worktrees/metaprogramming-audit/lean4-effect4/.lake/packages/aesop/.lake/build/lib/lean/Aesop.olean.server	a89a8cb26a88fad6
bin	/Users/pooks/.codex/worktrees/metaprogramming-audit/lean4-effect4/.lake/packages/aesop/.lake/build/lib/lean/Aesop.olean.private	a231b259595382d1
text	/Users/pooks/.codex/worktrees/metaprogramming-audit/lean4-effect4/src/Effect4/Laws/Auto/Inversion.lean	c1b48617f7594705
bin	/Users/pooks/.codex/worktrees/metaprogramming-audit/lean4-effect4/.lake/build/lib/lean/Effect4/Laws/Auto/Inversion.olean	729b7bbf6b086976
text	/Users/pooks/.codex/worktrees/metaprogramming-audit/lean4-effect4/src/Effect4/Laws/Auto/Census.lean	15314ca925a698b6
bin	/Users/pooks/.codex/worktrees/metaprogramming-audit/lean4-effect4/.lake/build/lib/lean/Effect4/Laws/Auto/Census.olean	dcac0cadc74faa2d
text	/Users/pooks/.codex/worktrees/metaprogramming-audit/lean4-effect4/src/Effect4/Laws/Auto/RuleSets.lean	ff7b29c94880488d
bin	/Users/pooks/.codex/worktrees/metaprogramming-audit/lean4-effect4/.lake/build/lib/lean/Effect4/Laws/Auto/RuleSets.olean	44b2ee4665146b79
text	/Users/pooks/.codex/worktrees/metaprogramming-audit/lean4-effect4/Test/Audit/Obligations.lean	83b490c31247197f
bin	/Users/pooks/.codex/worktrees/metaprogramming-audit/lean4-effect4/.lake/build/lib/lean/Test/Audit/Obligations.olean	2d90414f8a176c59
text	/Users/pooks/.codex/worktrees/metaprogramming-audit/lean4-effect4/tools/Conform/Core/Proof.lean	8c891a316d5aa7d0
bin	/Users/pooks/.codex/worktrees/metaprogramming-audit/lean4-effect4/.lake/build/lib/lean/Conform/Core/Proof.olean	3353331ceec914ec
text	/Users/pooks/.codex/worktrees/metaprogramming-audit/lean4-effect4/src/Effect4/Laws/Auto/Positions.lean	33b667d95ce87e14
bin	/Users/pooks/.codex/worktrees/metaprogramming-audit/lean4-effect4/.lake/build/lib/lean/Effect4/Laws/Auto/Positions.olean	69e8196a15af9efb
text	/Users/pooks/.codex/worktrees/metaprogramming-audit/lean4-effect4/src/Effect4/Laws/Auto/Frames.lean	612a56581ad5bd04
bin	/Users/pooks/.codex/worktrees/metaprogramming-audit/lean4-effect4/.lake/build/lib/lean/Effect4/Laws/Auto/Frames.olean	36c83d5b0944d65f
text	/Users/pooks/.codex/worktrees/metaprogramming-audit/lean4-effect4/src/Effect4/Data/Constructive.lean	d47fa696c612063b
bin	/Users/pooks/.codex/worktrees/metaprogramming-audit/lean4-effect4/.lake/build/lib/lean/Effect4/Data/Constructive.olean	f8ba71d4e4639652
text	/Users/pooks/.codex/worktrees/metaprogramming-audit/lean4-effect4/src/Effect4/Data/Row.lean	95db38b1cd17f50d
bin	/Users/pooks/.codex/worktrees/metaprogramming-audit/lean4-effect4/.lake/build/lib/lean/Effect4/Data/Row.olean	0a1759e6b43d2b05
text	/Users/pooks/.codex/worktrees/metaprogramming-audit/lean4-effect4/src/Effect4/Program/Ty.lean	7b27584901fed151
bin	/Users/pooks/.codex/worktrees/metaprogramming-audit/lean4-effect4/.lake/build/lib/lean/Effect4/Program/Ty.olean	8c0c635b44fe32fa
text	/Users/pooks/.codex/worktrees/metaprogramming-audit/lean4-effect4/src/Effect4/Store/Carrier/Digits.lean	cba18a5f3add5d83
bin	/Users/pooks/.codex/worktrees/metaprogramming-audit/lean4-effect4/.lake/build/lib/lean/Effect4/Store/Carrier/Digits.olean	10387bbfc0c02fea
text	/Users/pooks/.codex/worktrees/metaprogramming-audit/lean4-effect4/src/Effect4/Store/Carrier/Utf8.lean	6f7c58781f179fd1
bin	/Users/pooks/.codex/worktrees/metaprogramming-audit/lean4-effect4/.lake/build/lib/lean/Effect4/Store/Carrier/Utf8.olean	d907c2bd2b2c2a12
text	/Users/pooks/.codex/worktrees/metaprogramming-audit/lean4-effect4/src/Effect4/Store/Carrier/Val.lean	123a6f0276c1865a
bin	/Users/pooks/.codex/worktrees/metaprogramming-audit/lean4-effect4/.lake/build/lib/lean/Effect4/Store/Carrier/Val.olean	b16fd8bf5c5c31d4
text	/Users/pooks/.codex/worktrees/metaprogramming-audit/lean4-effect4/src/Effect4/Store/Carrier/Image.lean	7121ae0c869843d5
bin	/Users/pooks/.codex/worktrees/metaprogramming-audit/lean4-effect4/.lake/build/lib/lean/Effect4/Store/Carrier/Image.olean	9f72d44e10e0512c
text	/Users/pooks/.codex/worktrees/metaprogramming-audit/lean4-effect4/src/Effect4/Machine/Cause.lean	6454e3f8bd2253f4
bin	/Users/pooks/.codex/worktrees/metaprogramming-audit/lean4-effect4/.lake/build/lib/lean/Effect4/Machine/Cause.olean	4ff8e8478c2e6691
text	/Users/pooks/.codex/worktrees/metaprogramming-audit/lean4-effect4/src/Effect4/Machine/Exit.lean	9c9ee3660026da45
bin	/Users/pooks/.codex/worktrees/metaprogramming-audit/lean4-effect4/.lake/build/lib/lean/Effect4/Machine/Exit.olean	4c5ac821773213f7
text	/Users/pooks/.codex/worktrees/metaprogramming-audit/lean4-effect4/src/Effect4/Machine/Fiber.lean	fb65ec760a7b91db
bin	/Users/pooks/.codex/worktrees/metaprogramming-audit/lean4-effect4/.lake/build/lib/lean/Effect4/Machine/Fiber.olean	66c041f59d7f45bd
text	/Users/pooks/.codex/worktrees/metaprogramming-audit/lean4-effect4/src/Effect4/Machine/Value.lean	2f755a73011066c4
bin	/Users/pooks/.codex/worktrees/metaprogramming-audit/lean4-effect4/.lake/build/lib/lean/Effect4/Machine/Value.olean	c12068e7178a1a73
text	/Users/pooks/.codex/worktrees/metaprogramming-audit/lean4-effect4/src/Effect4/Machine/Supervision.lean	b319699eb8691a04
bin	/Users/pooks/.codex/worktrees/metaprogramming-audit/lean4-effect4/.lake/build/lib/lean/Effect4/Machine/Supervision.olean	7adcc8abee9dca0b
text	/Users/pooks/.codex/worktrees/metaprogramming-audit/lean4-effect4/src/Effect4/Machine/Completion.lean	4581417d68606d70
bin	/Users/pooks/.codex/worktrees/metaprogramming-audit/lean4-effect4/.lake/build/lib/lean/Effect4/Machine/Completion.olean	b2f062b2b921ada4
text	/Users/pooks/.codex/worktrees/metaprogramming-audit/lean4-effect4/src/Effect4/Machine/Wake.lean	231f285c028a71c8
bin	/Users/pooks/.codex/worktrees/metaprogramming-audit/lean4-effect4/.lake/build/lib/lean/Effect4/Machine/Wake.olean	57b92472ffe1b396
text	/Users/pooks/.codex/worktrees/metaprogramming-audit/lean4-effect4/src/Effect4/Machine/Alphabets.lean	e29ebfe9d4a9e92d
bin	/Users/pooks/.codex/worktrees/metaprogramming-audit/lean4-effect4/.lake/build/lib/lean/Effect4/Machine/Alphabets.olean	3b6aa3811c023567
text	/Users/pooks/.codex/worktrees/metaprogramming-audit/lean4-effect4/src/Effect4/Machine/Term.lean	7799ac0103696dd5
bin	/Users/pooks/.codex/worktrees/metaprogramming-audit/lean4-effect4/.lake/build/lib/lean/Effect4/Machine/Term.olean	bdb5d67e37abd33e
text	/Users/pooks/.codex/worktrees/metaprogramming-audit/lean4-effect4/src/Effect4/Program/AtomInventory.lean	b18b8d9391e14e88
bin	/Users/pooks/.codex/worktrees/metaprogramming-audit/lean4-effect4/.lake/build/lib/lean/Effect4/Program/AtomInventory.olean	bedec14ea9c900c0
text	/Users/pooks/.codex/worktrees/metaprogramming-audit/lean4-effect4/src/Effect4/Program/NativeAtom.lean	90930d55f851aa7d
bin	/Users/pooks/.codex/worktrees/metaprogramming-audit/lean4-effect4/.lake/build/lib/lean/Effect4/Program/NativeAtom.olean	60d60c57751294ec
text	/Users/pooks/.codex/worktrees/metaprogramming-audit/lean4-effect4/src/Effect4/Program/ErrorImage.lean	1c87de20ecb027a7
bin	/Users/pooks/.codex/worktrees/metaprogramming-audit/lean4-effect4/.lake/build/lib/lean/Effect4/Program/ErrorImage.olean	1428a878fa366eb3
text	/Users/pooks/.codex/worktrees/metaprogramming-audit/lean4-effect4/src/Effect4/Machine/Key.lean	6474122f3d6b6d88
bin	/Users/pooks/.codex/worktrees/metaprogramming-audit/lean4-effect4/.lake/build/lib/lean/Effect4/Machine/Key.olean	c6649b874afd0eaa
text	/Users/pooks/.codex/worktrees/metaprogramming-audit/lean4-effect4/src/Effect4/Program/Decision.lean	2fe3da0469fb2543
bin	/Users/pooks/.codex/worktrees/metaprogramming-audit/lean4-effect4/.lake/build/lib/lean/Effect4/Program/Decision.olean	bf70e74bef1d733a
text	/Users/pooks/.codex/worktrees/metaprogramming-audit/lean4-effect4/src/Effect4/Program/Eff.lean	1f46fcf5668cb1bd
bin	/Users/pooks/.codex/worktrees/metaprogramming-audit/lean4-effect4/.lake/build/lib/lean/Effect4/Program/Eff.olean	5ea6448f63dfd63f
text	/Users/pooks/.codex/worktrees/metaprogramming-audit/lean4-effect4/src/Effect4/Program/Node.lean	611f70e0b8edb414
bin	/Users/pooks/.codex/worktrees/metaprogramming-audit/lean4-effect4/.lake/build/lib/lean/Effect4/Program/Node.olean	1be3db14182b8fe9
text	/Users/pooks/.codex/worktrees/metaprogramming-audit/lean4-effect4/src/Effect4/Program/NodeLenses.lean	b2dc038cd597ebc8
bin	/Users/pooks/.codex/worktrees/metaprogramming-audit/lean4-effect4/.lake/build/lib/lean/Effect4/Program/NodeLenses.olean	7bc7d2c8aadc3cda
text	/Users/pooks/.codex/worktrees/metaprogramming-audit/lean4-effect4/src/Effect4/Program/Fold.lean	2cf892867bb9225f
bin	/Users/pooks/.codex/worktrees/metaprogramming-audit/lean4-effect4/.lake/build/lib/lean/Effect4/Program/Fold.olean	c285bf438696c651
text	/Users/pooks/.codex/worktrees/metaprogramming-audit/lean4-effect4/src/Effect4/Program/Refs.lean	d9122c9682500378
bin	/Users/pooks/.codex/worktrees/metaprogramming-audit/lean4-effect4/.lake/build/lib/lean/Effect4/Program/Refs.olean	37fb6accff80d438
text	/Users/pooks/.codex/worktrees/metaprogramming-audit/lean4-effect4/src/Effect4/Machine/ContextMap.lean	32850a79e057079b
bin	/Users/pooks/.codex/worktrees/metaprogramming-audit/lean4-effect4/.lake/build/lib/lean/Effect4/Machine/ContextMap.olean	a45f975ef80b605e
text	/Users/pooks/.codex/worktrees/metaprogramming-audit/lean4-effect4/src/Effect4/Data/Ascii.lean	6351f1000f609fc6
bin	/Users/pooks/.codex/worktrees/metaprogramming-audit/lean4-effect4/.lake/build/lib/lean/Effect4/Data/Ascii.olean	fd446d21d7eba55a
text	/Users/pooks/.codex/worktrees/metaprogramming-audit/lean4-effect4/src/Effect4/Data/ClockMillis.lean	20c2efa4df7546bb
bin	/Users/pooks/.codex/worktrees/metaprogramming-audit/lean4-effect4/.lake/build/lib/lean/Effect4/Data/ClockMillis.olean	352e37396efc619f
text	/Users/pooks/.codex/worktrees/metaprogramming-audit/lean4-effect4/src/Effect4/Machine/Frames.lean	7fdd938844d1a21d
bin	/Users/pooks/.codex/worktrees/metaprogramming-audit/lean4-effect4/.lake/build/lib/lean/Effect4/Machine/Frames.olean	4f4bc733819f446c
text	/Users/pooks/.codex/worktrees/metaprogramming-audit/lean4-effect4/src/Effect4/Machine/Fibers.lean	72e0ec440ee0e739
bin	/Users/pooks/.codex/worktrees/metaprogramming-audit/lean4-effect4/.lake/build/lib/lean/Effect4/Machine/Fibers.olean	a4dc8d1d3d10c13c
text	/Users/pooks/.codex/worktrees/metaprogramming-audit/lean4-effect4/src/Effect4/Machine/Context.lean	14321a25adbaecc5
bin	/Users/pooks/.codex/worktrees/metaprogramming-audit/lean4-effect4/.lake/build/lib/lean/Effect4/Machine/Context.olean	0414639b6dce1212
text	/Users/pooks/.codex/worktrees/metaprogramming-audit/lean4-effect4/src/Effect4/Program/Typing/Rules.lean	b7ec201747de990b
bin	/Users/pooks/.codex/worktrees/metaprogramming-audit/lean4-effect4/.lake/build/lib/lean/Effect4/Program/Typing/Rules.olean	8197f993d42c6a53
text	/Users/pooks/.codex/worktrees/metaprogramming-audit/lean4-effect4/src/Effect4/Program/Typing/Blame.lean	cf21ec308137d914
bin	/Users/pooks/.codex/worktrees/metaprogramming-audit/lean4-effect4/.lake/build/lib/lean/Effect4/Program/Typing/Blame.olean	b33913354c48b5c1
text	/Users/pooks/.codex/worktrees/metaprogramming-audit/lean4-effect4/src/Effect4/Program/Checker.lean	4e719905cacfd576
bin	/Users/pooks/.codex/worktrees/metaprogramming-audit/lean4-effect4/.lake/build/lib/lean/Effect4/Program/Checker.olean	5526b93ef7900b6f
text	/Users/pooks/.codex/worktrees/metaprogramming-audit/lean4-effect4/src/Effect4/Program/Typing.lean	48868fdc0b764d8b
bin	/Users/pooks/.codex/worktrees/metaprogramming-audit/lean4-effect4/.lake/build/lib/lean/Effect4/Program/Typing.olean	80af6b1276fdb82e
text	/Users/pooks/.codex/worktrees/metaprogramming-audit/lean4-effect4/src/Effect4/Machine/Scope.lean	386baabd8ec194e7
bin	/Users/pooks/.codex/worktrees/metaprogramming-audit/lean4-effect4/.lake/build/lib/lean/Effect4/Machine/Scope.olean	f1e2f665793739f4
text	/Users/pooks/.codex/worktrees/metaprogramming-audit/lean4-effect4/src/Effect4/Machine/Timer.lean	84c970b6b498eb03
bin	/Users/pooks/.codex/worktrees/metaprogramming-audit/lean4-effect4/.lake/build/lib/lean/Effect4/Machine/Timer.olean	076de0dbf44c9437
text	/Users/pooks/.codex/worktrees/metaprogramming-audit/lean4-effect4/src/Effect4/Machine/Stores.lean	1684fe35acf8227a
bin	/Users/pooks/.codex/worktrees/metaprogramming-audit/lean4-effect4/.lake/build/lib/lean/Effect4/Machine/Stores.olean	bba65cfa14c5acaa
text	/Users/pooks/.codex/worktrees/metaprogramming-audit/lean4-effect4/src/Effect4/Program/Native.lean	af3166810a817828
bin	/Users/pooks/.codex/worktrees/metaprogramming-audit/lean4-effect4/.lake/build/lib/lean/Effect4/Program/Native.olean	2b56ee62f0f364a9
text	/Users/pooks/.codex/worktrees/metaprogramming-audit/lean4-effect4/src/Effect4/Program/Typed.lean	8e45ebbf9e135823
bin	/Users/pooks/.codex/worktrees/metaprogramming-audit/lean4-effect4/.lake/build/lib/lean/Effect4/Program/Typed.olean	2bee79e918345893
text	/Users/pooks/.codex/worktrees/metaprogramming-audit/lean4-effect4/src/Effect4/Program/Compile.lean	f332251f6a118f30
bin	/Users/pooks/.codex/worktrees/metaprogramming-audit/lean4-effect4/.lake/build/lib/lean/Effect4/Program/Compile.olean	2172e65e1b5a77dc
text	/Users/pooks/.codex/worktrees/metaprogramming-audit/lean4-effect4/src/Effect4/Program/Admit.lean	094c667e296ab39a
bin	/Users/pooks/.codex/worktrees/metaprogramming-audit/lean4-effect4/.lake/build/lib/lean/Effect4/Program/Admit.olean	aee3347059dc99cc
text	/Users/pooks/.codex/worktrees/metaprogramming-audit/lean4-effect4/src/Effect4/Program/Table.lean	ee21bb005246578f
bin	/Users/pooks/.codex/worktrees/metaprogramming-audit/lean4-effect4/.lake/build/lib/lean/Effect4/Program/Table.olean	bcb97ea02cba325a
text	/Users/pooks/.codex/worktrees/metaprogramming-audit/lean4-effect4/src/Effect4/Program/CheckedTyping.lean	0d7aa83da9ba04b1
bin	/Users/pooks/.codex/worktrees/metaprogramming-audit/lean4-effect4/.lake/build/lib/lean/Effect4/Program/CheckedTyping.olean	f9d0e353635e9a93
text	/Users/pooks/.codex/worktrees/metaprogramming-audit/lean4-effect4/src/Effect4/Program/Fragment.lean	beeee841e2520668
bin	/Users/pooks/.codex/worktrees/metaprogramming-audit/lean4-effect4/.lake/build/lib/lean/Effect4/Program/Fragment.olean	290828bcacf26173
text	/Users/pooks/.codex/worktrees/metaprogramming-audit/lean4-effect4/src/Effect4/Program/Admission.lean	5f29d9500d51b902
bin	/Users/pooks/.codex/worktrees/metaprogramming-audit/lean4-effect4/.lake/build/lib/lean/Effect4/Program/Admission.olean	8fb43d899017b2ce
text	/Users/pooks/.codex/worktrees/metaprogramming-audit/lean4-effect4/src/Effect4/Program/Typing/Agreement.lean	4c5e152fa0f5aad8
bin	/Users/pooks/.codex/worktrees/metaprogramming-audit/lean4-effect4/.lake/build/lib/lean/Effect4/Program/Typing/Agreement.olean	f6729b8a58617f61
text	/Users/pooks/.codex/worktrees/metaprogramming-audit/lean4-effect4/src/Effect4/Program/Authoring.lean	75576983bfbd229c
bin	/Users/pooks/.codex/worktrees/metaprogramming-audit/lean4-effect4/.lake/build/lib/lean/Effect4/Program/Authoring.olean	20b9f69464abe745
text	/Users/pooks/.codex/worktrees/metaprogramming-audit/lean4-effect4/src/Effect4/Api/Frontier.lean	a67ae9af3e7e59af
bin	/Users/pooks/.codex/worktrees/metaprogramming-audit/lean4-effect4/.lake/build/lib/lean/Effect4/Api/Frontier.olean	ca7122f6c484cae9
text	/Users/pooks/.codex/worktrees/metaprogramming-audit/lean4-effect4/src/Effect4/Data/Json.lean	0d2d9080ef9865e8
bin	/Users/pooks/.codex/worktrees/metaprogramming-audit/lean4-effect4/.lake/build/lib/lean/Effect4/Data/Json.olean	37ea2be4fc74124c
text	/Users/pooks/.codex/worktrees/metaprogramming-audit/lean4-effect4/src/Effect4/Data/JsonNumber.lean	d1b2b8ecac80a267
bin	/Users/pooks/.codex/worktrees/metaprogramming-audit/lean4-effect4/.lake/build/lib/lean/Effect4/Data/JsonNumber.olean	e67a4be8bea0b3e9
text	/Users/pooks/.codex/worktrees/metaprogramming-audit/lean4-effect4/src/Effect4/Store/Carrier/Kind.lean	320070a7d06ef329
bin	/Users/pooks/.codex/worktrees/metaprogramming-audit/lean4-effect4/.lake/build/lib/lean/Effect4/Store/Carrier/Kind.olean	14bf0e2cfd648055
text	/Users/pooks/.codex/worktrees/metaprogramming-audit/lean4-effect4/.lake/packages/hash/Hash/Sha256/Vec.lean	531d5c7111975d66
bin	/Users/pooks/.codex/worktrees/metaprogramming-audit/lean4-effect4/.lake/packages/hash/.lake/build/lib/lean/Hash/Sha256/Vec.olean	05bb000131d7a09e
text	/Users/pooks/.codex/worktrees/metaprogramming-audit/lean4-effect4/.lake/packages/hash/Hash/Sha256/Spec.lean	77b70c2770b37ec7
bin	/Users/pooks/.codex/worktrees/metaprogramming-audit/lean4-effect4/.lake/packages/hash/.lake/build/lib/lean/Hash/Sha256/Spec.olean	49195ed4661f98f0
text	/Users/pooks/.codex/worktrees/metaprogramming-audit/lean4-effect4/.lake/packages/hash/Hash/Sha256/Impl.lean	4a74815da2478226
bin	/Users/pooks/.codex/worktrees/metaprogramming-audit/lean4-effect4/.lake/packages/hash/.lake/build/lib/lean/Hash/Sha256/Impl.olean	c85639169d02de4b
text	/Users/pooks/.codex/worktrees/metaprogramming-audit/lean4-effect4/.lake/packages/hash/Hash/Sha256/Lengths.lean	de651cb88c4a036f
bin	/Users/pooks/.codex/worktrees/metaprogramming-audit/lean4-effect4/.lake/packages/hash/.lake/build/lib/lean/Hash/Sha256/Lengths.olean	25e810632230f8e2
text	/Users/pooks/.codex/worktrees/metaprogramming-audit/lean4-effect4/.lake/packages/hash/Hash/Sha256/Bridge.lean	3a2f0b0010633eee
bin	/Users/pooks/.codex/worktrees/metaprogramming-audit/lean4-effect4/.lake/packages/hash/.lake/build/lib/lean/Hash/Sha256/Bridge.olean	565fc5b12ad4c0d0
text	/Users/pooks/.codex/worktrees/metaprogramming-audit/lean4-effect4/.lake/packages/hash/Hash/Sha256/Hex.lean	3a511bc98428a59f
bin	/Users/pooks/.codex/worktrees/metaprogramming-audit/lean4-effect4/.lake/packages/hash/.lake/build/lib/lean/Hash/Sha256/Hex.olean	3a3423b82a1faa5e
text	/Users/pooks/.codex/worktrees/metaprogramming-audit/lean4-effect4/.lake/packages/hash/Hash/Sha256/Digest.lean	ce12a5aca87ff42c
bin	/Users/pooks/.codex/worktrees/metaprogramming-audit/lean4-effect4/.lake/packages/hash/.lake/build/lib/lean/Hash/Sha256/Digest.olean	c52ac3fa11fbdf55
text	/Users/pooks/.codex/worktrees/metaprogramming-audit/lean4-effect4/.lake/packages/hash/Hash/Sha256/Fast.lean	6fff97a9ffd36c40
bin	/Users/pooks/.codex/worktrees/metaprogramming-audit/lean4-effect4/.lake/packages/hash/.lake/build/lib/lean/Hash/Sha256/Fast.olean	5935b69cc2388fb1
text	/Users/pooks/.codex/worktrees/metaprogramming-audit/lean4-effect4/.lake/packages/hash/Hash/Sha256/Api.lean	3e39be974d768f4e
bin	/Users/pooks/.codex/worktrees/metaprogramming-audit/lean4-effect4/.lake/packages/hash/.lake/build/lib/lean/Hash/Sha256/Api.olean	f31e6348d67afe0b
text	/Users/pooks/.codex/worktrees/metaprogramming-audit/lean4-effect4/src/Effect4/Store/Carrier/Digest.lean	085c12116e1005d0
bin	/Users/pooks/.codex/worktrees/metaprogramming-audit/lean4-effect4/.lake/build/lib/lean/Effect4/Store/Carrier/Digest.olean	c55c2b633aa9e1af
text	/Users/pooks/.codex/worktrees/metaprogramming-audit/lean4-effect4/src/Effect4/Store/Domain/Shape.lean	96d246f4897041d8
bin	/Users/pooks/.codex/worktrees/metaprogramming-audit/lean4-effect4/.lake/build/lib/lean/Effect4/Store/Domain/Shape.olean	310a5a4c7f6b5ee2
text	/Users/pooks/.codex/worktrees/metaprogramming-audit/lean4-effect4/src/Effect4/Data/Optic.lean	6575361be9399516
bin	/Users/pooks/.codex/worktrees/metaprogramming-audit/lean4-effect4/.lake/build/lib/lean/Effect4/Data/Optic.olean	189dc42470024548
text	/Users/pooks/.codex/worktrees/metaprogramming-audit/lean4-effect4/src/Effect4/Schema/Payload.lean	6bfc6c35b4e13b14
bin	/Users/pooks/.codex/worktrees/metaprogramming-audit/lean4-effect4/.lake/build/lib/lean/Effect4/Schema/Payload.olean	9f9430a9134dd418
text	/Users/pooks/.codex/worktrees/metaprogramming-audit/lean4-effect4/src/Effect4/Schema/Representation.lean	0c0dabcb7bc0abe8
bin	/Users/pooks/.codex/worktrees/metaprogramming-audit/lean4-effect4/.lake/build/lib/lean/Effect4/Schema/Representation.olean	6cccfd1ddcba7894
text	/Users/pooks/.codex/worktrees/metaprogramming-audit/lean4-effect4/src/Effect4/Schema/Annotations.lean	c111c587e97b8089
bin	/Users/pooks/.codex/worktrees/metaprogramming-audit/lean4-effect4/.lake/build/lib/lean/Effect4/Schema/Annotations.olean	6356183900466dff
text	/Users/pooks/.codex/worktrees/metaprogramming-audit/lean4-effect4/src/Effect4/Schema/Document.lean	0f8b74edffd0065a
bin	/Users/pooks/.codex/worktrees/metaprogramming-audit/lean4-effect4/.lake/build/lib/lean/Effect4/Schema/Document.olean	c5089d9a6474dc88
text	/Users/pooks/.codex/worktrees/metaprogramming-audit/lean4-effect4/src/Effect4/Schema/Authoring.lean	4c9968dd7bb38ce2
bin	/Users/pooks/.codex/worktrees/metaprogramming-audit/lean4-effect4/.lake/build/lib/lean/Effect4/Schema/Authoring.olean	1857fcdaaec7e1e2
text	/Users/pooks/.codex/worktrees/metaprogramming-audit/lean4-effect4/src/Effect4/Schema/OfShape.lean	141d7615928c0285
bin	/Users/pooks/.codex/worktrees/metaprogramming-audit/lean4-effect4/.lake/build/lib/lean/Effect4/Schema/OfShape.olean	f1c9ef35155ac928
text	/Users/pooks/.codex/worktrees/metaprogramming-audit/lean4-effect4/src/Effect4/Store/Domain/Canonical.lean	d9fb3e4954017230
bin	/Users/pooks/.codex/worktrees/metaprogramming-audit/lean4-effect4/.lake/build/lib/lean/Effect4/Store/Domain/Canonical.olean	e5c476fde947c911
text	/Users/pooks/.codex/worktrees/metaprogramming-audit/lean4-effect4/src/Effect4/Store/Domain/Clock.lean	aa428bb0f06e9346
bin	/Users/pooks/.codex/worktrees/metaprogramming-audit/lean4-effect4/.lake/build/lib/lean/Effect4/Store/Domain/Clock.olean	b08b91894eab47e5
text	/Users/pooks/.codex/worktrees/metaprogramming-audit/lean4-effect4/src/Effect4/Api/Derived.lean	76ef309231c26414
bin	/Users/pooks/.codex/worktrees/metaprogramming-audit/lean4-effect4/.lake/build/lib/lean/Effect4/Api/Derived.olean	856592e27ab5b178
text	/Users/pooks/.codex/worktrees/metaprogramming-audit/lean4-effect4/src/Effect4/Program/Packages/SqliteBun.lean	a99bba5a1bc4f59d
bin	/Users/pooks/.codex/worktrees/metaprogramming-audit/lean4-effect4/.lake/build/lib/lean/Effect4/Program/Packages/SqliteBun.olean	f7c01b36984c14d6
text	/Users/pooks/.codex/worktrees/metaprogramming-audit/lean4-effect4/src/Effect4/Program/Packages/KeyValueStoreMemory.lean	903b22ba1ba73578
bin	/Users/pooks/.codex/worktrees/metaprogramming-audit/lean4-effect4/.lake/build/lib/lean/Effect4/Program/Packages/KeyValueStoreMemory.olean	3fd0ce6422cfa887
text	/Users/pooks/.codex/worktrees/metaprogramming-audit/lean4-effect4/src/Effect4/Program/Packages.lean	e0fe35d9f684ca49
bin	/Users/pooks/.codex/worktrees/metaprogramming-audit/lean4-effect4/.lake/build/lib/lean/Effect4/Program/Packages.olean	25c9127f09cd22a6
text	/Users/pooks/.codex/worktrees/metaprogramming-audit/lean4-effect4/src/Effect4/Store/Domain/RowCanonical.lean	48b374525c90cc75
bin	/Users/pooks/.codex/worktrees/metaprogramming-audit/lean4-effect4/.lake/build/lib/lean/Effect4/Store/Domain/RowCanonical.olean	abe02e23315f147d
text	/Users/pooks/.codex/worktrees/metaprogramming-audit/lean4-effect4/src/Effect4/Store/Domain/Derived/Program.lean	50a7b2fe42ec914a
bin	/Users/pooks/.codex/worktrees/metaprogramming-audit/lean4-effect4/.lake/build/lib/lean/Effect4/Store/Domain/Derived/Program.olean	d432dc8724aa14bc
text	/Users/pooks/.codex/worktrees/metaprogramming-audit/lean4-effect4/src/Effect4/Store/Domain/ProgramWire.lean	675ff96b9b2c464b
bin	/Users/pooks/.codex/worktrees/metaprogramming-audit/lean4-effect4/.lake/build/lib/lean/Effect4/Store/Domain/ProgramWire.olean	8ae5ca6d0d22dddd
text	/Users/pooks/.codex/worktrees/metaprogramming-audit/lean4-effect4/.lake/packages/typescript/TypeScript/TypeRef.lean	865ce42f05b548e9
bin	/Users/pooks/.codex/worktrees/metaprogramming-audit/lean4-effect4/.lake/packages/typescript/.lake/build/lib/lean/TypeScript/TypeRef.olean	12adf44b1d56ca9e
text	/Users/pooks/.codex/worktrees/metaprogramming-audit/lean4-effect4/.lake/packages/typescript/TypeScript/Syntax.lean	7f8be6cfb54d7710
bin	/Users/pooks/.codex/worktrees/metaprogramming-audit/lean4-effect4/.lake/packages/typescript/.lake/build/lib/lean/TypeScript/Syntax.olean	9e616704d86b7591
text	/Users/pooks/.codex/worktrees/metaprogramming-audit/lean4-effect4/src/Effect4/Codegen/Template.lean	cd62394e5bb71ad2
bin	/Users/pooks/.codex/worktrees/metaprogramming-audit/lean4-effect4/.lake/build/lib/lean/Effect4/Codegen/Template.olean	390bb47bfefb1995
text	/Users/pooks/.codex/worktrees/metaprogramming-audit/lean4-effect4/.lake/packages/typescript/TypeScript/Identifier.lean	7a927883742cc068
bin	/Users/pooks/.codex/worktrees/metaprogramming-audit/lean4-effect4/.lake/packages/typescript/.lake/build/lib/lean/TypeScript/Identifier.olean	41c6b672a3482023
text	/Users/pooks/.codex/worktrees/metaprogramming-audit/lean4-effect4/src/Effect4/Codegen/Names.lean	3a22c8039eb2968f
bin	/Users/pooks/.codex/worktrees/metaprogramming-audit/lean4-effect4/.lake/build/lib/lean/Effect4/Codegen/Names.olean	48dd8ec1d5da6eed
text	/Users/pooks/.codex/worktrees/metaprogramming-audit/lean4-effect4/src/Effect4/Codegen/Types.lean	96b8e3ff291fb37a
bin	/Users/pooks/.codex/worktrees/metaprogramming-audit/lean4-effect4/.lake/build/lib/lean/Effect4/Codegen/Types.olean	96e88cba091edebb
text	/Users/pooks/.codex/worktrees/metaprogramming-audit/lean4-effect4/.lake/packages/typescript/TypeScript/Render.lean	39548e2736d9d9f7
bin	/Users/pooks/.codex/worktrees/metaprogramming-audit/lean4-effect4/.lake/packages/typescript/.lake/build/lib/lean/TypeScript/Render.olean	f9e177de365a0d2a
text	/Users/pooks/.codex/worktrees/metaprogramming-audit/lean4-effect4/.lake/packages/typescript/TypeScript/HostPin.lean	2ead4c6811edac60
bin	/Users/pooks/.codex/worktrees/metaprogramming-audit/lean4-effect4/.lake/packages/typescript/.lake/build/lib/lean/TypeScript/HostPin.olean	771aaf6cb2307468
text	/Users/pooks/.codex/worktrees/metaprogramming-audit/lean4-effect4/.lake/packages/typescript/TypeScript/Structure.lean	6bc4884bdc18b1a1
bin	/Users/pooks/.codex/worktrees/metaprogramming-audit/lean4-effect4/.lake/packages/typescript/.lake/build/lib/lean/TypeScript/Structure.olean	2dc83add8c33ee1c
text	/Users/pooks/.codex/worktrees/metaprogramming-audit/lean4-effect4/.lake/packages/typescript/TypeScript.lean	9cbd883ff7e11089
bin	/Users/pooks/.codex/worktrees/metaprogramming-audit/lean4-effect4/.lake/packages/typescript/.lake/build/lib/lean/TypeScript.olean	8b93a07bf03b8b87
text	/Users/pooks/.codex/worktrees/metaprogramming-audit/lean4-effect4/src/Effect4/Codegen/PrintLeaf.lean	2fe103344db1c7c5
bin	/Users/pooks/.codex/worktrees/metaprogramming-audit/lean4-effect4/.lake/build/lib/lean/Effect4/Codegen/PrintLeaf.olean	27ce087927765bda
text	/Users/pooks/.codex/worktrees/metaprogramming-audit/lean4-effect4/src/Effect4/Program/LayerView.lean	45f1cb74ff757e53
bin	/Users/pooks/.codex/worktrees/metaprogramming-audit/lean4-effect4/.lake/build/lib/lean/Effect4/Program/LayerView.olean	8dbdaf501d244f0c
text	/Users/pooks/.codex/worktrees/metaprogramming-audit/lean4-effect4/src/Effect4/Codegen/Templates.lean	99654bdda03fbec1
bin	/Users/pooks/.codex/worktrees/metaprogramming-audit/lean4-effect4/.lake/build/lib/lean/Effect4/Codegen/Templates.olean	2e8f3f0972f9ccdb
text	/Users/pooks/.codex/worktrees/metaprogramming-audit/lean4-effect4/src/Effect4/Codegen/Print.lean	855de86ed94a2ef0
bin	/Users/pooks/.codex/worktrees/metaprogramming-audit/lean4-effect4/.lake/build/lib/lean/Effect4/Codegen/Print.olean	451e09f91eb3f14a
text	/Users/pooks/.codex/worktrees/metaprogramming-audit/lean4-effect4/src/Effect4/Codegen/Checked.lean	ad565ff54c7b2567
bin	/Users/pooks/.codex/worktrees/metaprogramming-audit/lean4-effect4/.lake/build/lib/lean/Effect4/Codegen/Checked.olean	fd423c4aa780b1de
text	/Users/pooks/.codex/worktrees/metaprogramming-audit/lean4-effect4/src/Effect4/Codegen/Bindings.lean	098680ed887cbf5f
bin	/Users/pooks/.codex/worktrees/metaprogramming-audit/lean4-effect4/.lake/build/lib/lean/Effect4/Codegen/Bindings.olean	c13ae827ad66ae77
text	/Users/pooks/.codex/worktrees/metaprogramming-audit/lean4-effect4/src/Effect4/Codegen/SourceBindings.lean	23c9aae799e8b0a2
bin	/Users/pooks/.codex/worktrees/metaprogramming-audit/lean4-effect4/.lake/build/lib/lean/Effect4/Codegen/SourceBindings.olean	dfc104695af76e52
text	/Users/pooks/.codex/worktrees/metaprogramming-audit/lean4-effect4/src/Effect4/Codegen/Read.lean	ab1eb482b93f2760
bin	/Users/pooks/.codex/worktrees/metaprogramming-audit/lean4-effect4/.lake/build/lib/lean/Effect4/Codegen/Read.olean	ed0276a2603f9068
text	/Users/pooks/.codex/worktrees/metaprogramming-audit/lean4-effect4/src/Effect4/Codegen/Admit.lean	000b962f31a7b835
bin	/Users/pooks/.codex/worktrees/metaprogramming-audit/lean4-effect4/.lake/build/lib/lean/Effect4/Codegen/Admit.olean	f33ece45de11d801
text	/Users/pooks/.codex/worktrees/metaprogramming-audit/lean4-effect4/src/Effect4/Schema/Fold.lean	3d58e510d8a4e0e8
bin	/Users/pooks/.codex/worktrees/metaprogramming-audit/lean4-effect4/.lake/build/lib/lean/Effect4/Schema/Fold.olean	dff10609690050fa
text	/Users/pooks/.codex/worktrees/metaprogramming-audit/lean4-effect4/src/Effect4/Codegen/Schema.lean	23a153d3665b3e6b
bin	/Users/pooks/.codex/worktrees/metaprogramming-audit/lean4-effect4/.lake/build/lib/lean/Effect4/Codegen/Schema.olean	ce482411caf1075e
text	/Users/pooks/.codex/worktrees/metaprogramming-audit/lean4-effect4/src/Effect4/Codegen/Target.lean	aa3029c0839ddd23
bin	/Users/pooks/.codex/worktrees/metaprogramming-audit/lean4-effect4/.lake/build/lib/lean/Effect4/Codegen/Target.olean	218d706472ad5c2e
text	/Users/pooks/.codex/worktrees/metaprogramming-audit/lean4-effect4/src/Effect4/Store/Domain/Node.lean	33a2d6bea843837a
bin	/Users/pooks/.codex/worktrees/metaprogramming-audit/lean4-effect4/.lake/build/lib/lean/Effect4/Store/Domain/Node.olean	ffcaf423239ba5c3
text	/Users/pooks/.codex/worktrees/metaprogramming-audit/lean4-effect4/src/Effect4/Store/Domain/Store.lean	447d072c553d8156
bin	/Users/pooks/.codex/worktrees/metaprogramming-audit/lean4-effect4/.lake/build/lib/lean/Effect4/Store/Domain/Store.olean	292051f9f3cdd3b9
text	/Users/pooks/.codex/worktrees/metaprogramming-audit/lean4-effect4/src/Effect4/Store/Domain/Cascade.lean	55b58e3de66264af
bin	/Users/pooks/.codex/worktrees/metaprogramming-audit/lean4-effect4/.lake/build/lib/lean/Effect4/Store/Domain/Cascade.olean	5d3df5e104e14fc5
text	/Users/pooks/.codex/worktrees/metaprogramming-audit/lean4-effect4/src/Effect4/Schema/Bridge.lean	11d9ecb531d208cf
bin	/Users/pooks/.codex/worktrees/metaprogramming-audit/lean4-effect4/.lake/build/lib/lean/Effect4/Schema/Bridge.olean	77d376ad643f92d1
text	/Users/pooks/.codex/worktrees/metaprogramming-audit/lean4-effect4/src/Effect4/Schema/Codec.lean	8dd683c2a6877640
bin	/Users/pooks/.codex/worktrees/metaprogramming-audit/lean4-effect4/.lake/build/lib/lean/Effect4/Schema/Codec.olean	8f56512b2d57f424
text	/Users/pooks/.codex/worktrees/metaprogramming-audit/lean4-effect4/src/Effect4/Api.lean	88948bd7adb29cf3
bin	/Users/pooks/.codex/worktrees/metaprogramming-audit/lean4-effect4/.lake/build/lib/lean/Effect4/Api.olean	30e22b677c7b6751
text	/Users/pooks/.codex/worktrees/metaprogramming-audit/lean4-effect4/src/Effect4/Api/Built.lean	cf42656626eff956
bin	/Users/pooks/.codex/worktrees/metaprogramming-audit/lean4-effect4/.lake/build/lib/lean/Effect4/Api/Built.olean	df1f9b1de42e2a09
text	/Users/pooks/.codex/worktrees/metaprogramming-audit/lean4-effect4/src/Effect4/Program/Authoring/Lifts.lean	d165f5e20690aee1
bin	/Users/pooks/.codex/worktrees/metaprogramming-audit/lean4-effect4/.lake/build/lib/lean/Effect4/Program/Authoring/Lifts.olean	e28366e2c629e345
text	/Users/pooks/.codex/worktrees/metaprogramming-audit/lean4-effect4/src/Effect4/Program/Authoring/Rows.lean	d44f920811af9efa
bin	/Users/pooks/.codex/worktrees/metaprogramming-audit/lean4-effect4/.lake/build/lib/lean/Effect4/Program/Authoring/Rows.olean	085be48520955d78
text	/Users/pooks/.codex/worktrees/metaprogramming-audit/lean4-effect4/src/Effect4/Program/Authoring/Services.lean	e2897b4cb3ac4ea8
bin	/Users/pooks/.codex/worktrees/metaprogramming-audit/lean4-effect4/.lake/build/lib/lean/Effect4/Program/Authoring/Services.olean	5f3f71e777fe7b25
text	/Users/pooks/.codex/worktrees/metaprogramming-audit/lean4-effect4/src/Effect4/Api/Author.lean	419311a068aabec8
bin	/Users/pooks/.codex/worktrees/metaprogramming-audit/lean4-effect4/.lake/build/lib/lean/Effect4/Api/Author.olean	099b79c914735b16
text	/Users/pooks/.codex/worktrees/metaprogramming-audit/lean4-effect4/src/Effect4/Laws/Machine/Clauses.lean	90e016ae968472ca
bin	/Users/pooks/.codex/worktrees/metaprogramming-audit/lean4-effect4/.lake/build/lib/lean/Effect4/Laws/Machine/Clauses.olean	7540be19b63aba8f
text	/Users/pooks/.codex/worktrees/metaprogramming-audit/lean4-effect4/src/Effect4/Laws/Machine/Arena.lean	0be765cd9cf5f8e0
bin	/Users/pooks/.codex/worktrees/metaprogramming-audit/lean4-effect4/.lake/build/lib/lean/Effect4/Laws/Machine/Arena.olean	28b282496b932ff5
text	/Users/pooks/.codex/worktrees/metaprogramming-audit/lean4-effect4/src/Effect4/Laws/Machine/RefKernel.lean	f628d8925ecf1b42
bin	/Users/pooks/.codex/worktrees/metaprogramming-audit/lean4-effect4/.lake/build/lib/lean/Effect4/Laws/Machine/RefKernel.olean	579dbdde442be3f9
text	/Users/pooks/.codex/worktrees/metaprogramming-audit/lean4-effect4/src/Effect4/Laws/Machine/CompletionData.lean	782e799662045855
bin	/Users/pooks/.codex/worktrees/metaprogramming-audit/lean4-effect4/.lake/build/lib/lean/Effect4/Laws/Machine/CompletionData.olean	4bbf7739923c9ca5
text	/Users/pooks/.codex/worktrees/metaprogramming-audit/lean4-effect4/src/Effect4/Laws/Machine/StoresLaws.lean	dcc7e8c61659c112
bin	/Users/pooks/.codex/worktrees/metaprogramming-audit/lean4-effect4/.lake/build/lib/lean/Effect4/Laws/Machine/StoresLaws.olean	221292473ab8ec32
text	/Users/pooks/.codex/worktrees/metaprogramming-audit/lean4-effect4/src/Effect4/Laws/Machine/Approximation.lean	fe838768c52e5bf4
bin	/Users/pooks/.codex/worktrees/metaprogramming-audit/lean4-effect4/.lake/build/lib/lean/Effect4/Laws/Machine/Approximation.olean	430bad0b99de76fa
text	/Users/pooks/.codex/worktrees/metaprogramming-audit/lean4-effect4/src/Effect4/Laws/Machine/Handles.lean	d7c5a7e7591a4261
bin	/Users/pooks/.codex/worktrees/metaprogramming-audit/lean4-effect4/.lake/build/lib/lean/Effect4/Laws/Machine/Handles.olean	b7e1d68b0d9f0c6a
