format	effect4-fiber-assurance-v1
generator	scripts/generate-fiber-assurance.sh	sha256=8025cd1af0f4f3072bdec6ae48a2e8ab581d89ab5fb389102460dfcb0a285d87
regenerate	./scripts/generate-fiber-assurance.sh > generated/fiber-assurance.tsv
input	Effect4/Concurrency/Interrupt.lean	sha256=32e5124286025b43120a76af8f636e062ff81380a79e5aff30d13946caedfd5f
input	Effect4/Concurrency/Fiber.lean	sha256=1e7e3cb724f70adfde575639cef36e0294a9b4192c3cba415843d2d84c21e1af
input	Effect4/Concurrency/Scheduler.lean	sha256=0d50488b9d07a57526291cca3aa9eca6cb4ee6a28deb50bacf75c77f284eee32
input	test/contracts/fiber-representative.contract.md	sha256=09909af0e729ac49c3936c19c3dbfe5aba381c653b03c580668821b4b5f9b1af
input	Effect4Test/Concurrency/FiberRepresentativeContract.lean	sha256=9926fe9d7bc4a2969217cf9ac32abb6f160700fa657256a7d5f5e3503c37bc1f
input	Effect4Test/Concurrency/FiberAssurance.lean	sha256=987e36e9d27872f1960eda4305b3962583f799aadb9d224c51139136ce42e6bb
input	Effect4Test/Concurrency/FiberAxiomReport.lean	sha256=7a07f0b06c2485d8a5b8a1812a15ebd1e58d46f22408ba413e02aaf2b0a4266f
input	Effect4Test/Counterexamples/Concurrency/FiberRepresentative.lean	sha256=aaac28167ffe18e843e8aba1548c6f9ada39461b105c37ef640d39113f06faad
input	docs/FIBER-DAG.md	sha256=75959e24cc35eb69fe8ebbc08df81bcc998d71d6d2949ba6fa472d0c29e7c14e
input	test/counterexamples/REGISTER.md	sha256=b5d3b6c13e4dae242a78a3b00a725ab483db4c7a518c277f490c8e55ff91db3e
input	test/counterexamples/concurrency/ATTACKS.md	sha256=7cba3d532563ba1c85e8208085c591a4e15917ab95969515ea15de38664fc5cc
contract	FIBER-EV-REPRESENTATIVE-CONTRACT	test/contracts/fiber-representative.contract.md	required-closed
battery	FIBER-REPRESENTATIVE-FROZEN-BATTERY	Effect4Test/Concurrency/FiberRepresentativeContract.lean	sha256=9926fe9d7bc4a2969217cf9ac32abb6f160700fa657256a7d5f5e3503c37bc1f	required-closed
graph-owner	FIBER-PG-REPRESENTATIVE	Effect4.Step+Effect4.Runs	graph	required-closed
counterexample	E4-CONC-CE-001	SEEDED	test/counterexamples/REGISTER.md	Effect4Test/Counterexamples/Concurrency/FiberRepresentative.lean	required-closed
counterexample	E4-CONC-CE-002	SEEDED	test/counterexamples/REGISTER.md	Effect4Test/Counterexamples/Concurrency/FiberRepresentative.lean	required-closed
counterexample	E4-CONC-CE-003	SEEDED	test/counterexamples/REGISTER.md	Effect4Test/Counterexamples/Concurrency/FiberRepresentative.lean	required-closed
counterexample	E4-CONC-CE-004	SEEDED	test/counterexamples/REGISTER.md	Effect4Test/Counterexamples/Concurrency/FiberRepresentative.lean	required-closed
counterexample	E4-CONC-CE-005	SEEDED	test/counterexamples/REGISTER.md	Effect4Test/Counterexamples/Concurrency/FiberRepresentative.lean	required-closed
counterexample	E4-CONC-CE-006	SEEDED	test/counterexamples/REGISTER.md	Effect4Test/Counterexamples/Concurrency/FiberRepresentative.lean	required-closed
counterexample	E4-CONC-CE-007	SEEDED	test/counterexamples/REGISTER.md	Effect4Test/Counterexamples/Concurrency/FiberRepresentative.lean	required-closed
owned-declaration	Effect4.CleanupState	Effect4.Concurrency.Interrupt	FIBER-PG-REPRESENTATIVE
owned-declaration	Effect4.CleanupState.casesOn	Effect4.Concurrency.Interrupt	FIBER-PG-REPRESENTATIVE
owned-declaration	Effect4.CleanupState.cases_receipt	Effect4.Concurrency.Interrupt	FIBER-PG-REPRESENTATIVE
owned-declaration	Effect4.CleanupState.ctorElim	Effect4.Concurrency.Interrupt	FIBER-PG-REPRESENTATIVE
owned-declaration	Effect4.CleanupState.ctorElimType	Effect4.Concurrency.Interrupt	FIBER-PG-REPRESENTATIVE
owned-declaration	Effect4.CleanupState.ctorIdx	Effect4.Concurrency.Interrupt	FIBER-PG-REPRESENTATIVE
owned-declaration	Effect4.CleanupState.done	Effect4.Concurrency.Interrupt	FIBER-PG-REPRESENTATIVE
owned-declaration	Effect4.CleanupState.done.elim	Effect4.Concurrency.Interrupt	FIBER-PG-REPRESENTATIVE
owned-declaration	Effect4.CleanupState.done.sizeOf_spec	Effect4.Concurrency.Interrupt	FIBER-PG-REPRESENTATIVE
owned-declaration	Effect4.CleanupState.noConfusion	Effect4.Concurrency.Interrupt	FIBER-PG-REPRESENTATIVE
owned-declaration	Effect4.CleanupState.noConfusionType	Effect4.Concurrency.Interrupt	FIBER-PG-REPRESENTATIVE
owned-declaration	Effect4.CleanupState.notStarted	Effect4.Concurrency.Interrupt	FIBER-PG-REPRESENTATIVE
owned-declaration	Effect4.CleanupState.notStarted.elim	Effect4.Concurrency.Interrupt	FIBER-PG-REPRESENTATIVE
owned-declaration	Effect4.CleanupState.notStarted.sizeOf_spec	Effect4.Concurrency.Interrupt	FIBER-PG-REPRESENTATIVE
owned-declaration	Effect4.CleanupState.ofNat	Effect4.Concurrency.Interrupt	FIBER-PG-REPRESENTATIVE
owned-declaration	Effect4.CleanupState.ofNat_ctorIdx	Effect4.Concurrency.Interrupt	FIBER-PG-REPRESENTATIVE
owned-declaration	Effect4.CleanupState.pending	Effect4.Concurrency.Interrupt	FIBER-PG-REPRESENTATIVE
owned-declaration	Effect4.CleanupState.pending.elim	Effect4.Concurrency.Interrupt	FIBER-PG-REPRESENTATIVE
owned-declaration	Effect4.CleanupState.pending.sizeOf_spec	Effect4.Concurrency.Interrupt	FIBER-PG-REPRESENTATIVE
owned-declaration	Effect4.CleanupState.rec	Effect4.Concurrency.Interrupt	FIBER-PG-REPRESENTATIVE
owned-declaration	Effect4.CleanupState.recOn	Effect4.Concurrency.Interrupt	FIBER-PG-REPRESENTATIVE
owned-declaration	Effect4.CleanupState.toCtorIdx	Effect4.Concurrency.Interrupt	FIBER-PG-REPRESENTATIVE
owned-declaration	Effect4.InterruptBoundary	Effect4.Concurrency.Interrupt	FIBER-PG-REPRESENTATIVE
owned-declaration	Effect4.InterruptBoundary.casesOn	Effect4.Concurrency.Interrupt	FIBER-PG-REPRESENTATIVE
owned-declaration	Effect4.InterruptBoundary.ctorIdx	Effect4.Concurrency.Interrupt	FIBER-PG-REPRESENTATIVE
owned-declaration	Effect4.InterruptBoundary.interrupted	Effect4.Concurrency.Interrupt	FIBER-PG-REPRESENTATIVE
owned-declaration	Effect4.InterruptBoundary.mk	Effect4.Concurrency.Interrupt	FIBER-PG-REPRESENTATIVE
owned-declaration	Effect4.InterruptBoundary.mk.inj	Effect4.Concurrency.Interrupt	FIBER-PG-REPRESENTATIVE
owned-declaration	Effect4.InterruptBoundary.mk.injEq	Effect4.Concurrency.Interrupt	FIBER-PG-REPRESENTATIVE
owned-declaration	Effect4.InterruptBoundary.mk.noConfusion	Effect4.Concurrency.Interrupt	FIBER-PG-REPRESENTATIVE
owned-declaration	Effect4.InterruptBoundary.mk.sizeOf_spec	Effect4.Concurrency.Interrupt	FIBER-PG-REPRESENTATIVE
owned-declaration	Effect4.InterruptBoundary.noConfusion	Effect4.Concurrency.Interrupt	FIBER-PG-REPRESENTATIVE
owned-declaration	Effect4.InterruptBoundary.noConfusionType	Effect4.Concurrency.Interrupt	FIBER-PG-REPRESENTATIVE
owned-declaration	Effect4.InterruptBoundary.rec	Effect4.Concurrency.Interrupt	FIBER-PG-REPRESENTATIVE
owned-declaration	Effect4.InterruptBoundary.recOn	Effect4.Concurrency.Interrupt	FIBER-PG-REPRESENTATIVE
owned-declaration	Effect4.InterruptMask	Effect4.Concurrency.Interrupt	FIBER-PG-REPRESENTATIVE
owned-declaration	Effect4.InterruptMask.casesOn	Effect4.Concurrency.Interrupt	FIBER-PG-REPRESENTATIVE
owned-declaration	Effect4.InterruptMask.cases_receipt	Effect4.Concurrency.Interrupt	FIBER-PG-REPRESENTATIVE
owned-declaration	Effect4.InterruptMask.ctorElim	Effect4.Concurrency.Interrupt	FIBER-PG-REPRESENTATIVE
owned-declaration	Effect4.InterruptMask.ctorElimType	Effect4.Concurrency.Interrupt	FIBER-PG-REPRESENTATIVE
owned-declaration	Effect4.InterruptMask.ctorIdx	Effect4.Concurrency.Interrupt	FIBER-PG-REPRESENTATIVE
owned-declaration	Effect4.InterruptMask.masked	Effect4.Concurrency.Interrupt	FIBER-PG-REPRESENTATIVE
owned-declaration	Effect4.InterruptMask.masked.elim	Effect4.Concurrency.Interrupt	FIBER-PG-REPRESENTATIVE
owned-declaration	Effect4.InterruptMask.masked.sizeOf_spec	Effect4.Concurrency.Interrupt	FIBER-PG-REPRESENTATIVE
owned-declaration	Effect4.InterruptMask.noConfusion	Effect4.Concurrency.Interrupt	FIBER-PG-REPRESENTATIVE
owned-declaration	Effect4.InterruptMask.noConfusionType	Effect4.Concurrency.Interrupt	FIBER-PG-REPRESENTATIVE
owned-declaration	Effect4.InterruptMask.ofNat	Effect4.Concurrency.Interrupt	FIBER-PG-REPRESENTATIVE
owned-declaration	Effect4.InterruptMask.ofNat_ctorIdx	Effect4.Concurrency.Interrupt	FIBER-PG-REPRESENTATIVE
owned-declaration	Effect4.InterruptMask.rec	Effect4.Concurrency.Interrupt	FIBER-PG-REPRESENTATIVE
owned-declaration	Effect4.InterruptMask.recOn	Effect4.Concurrency.Interrupt	FIBER-PG-REPRESENTATIVE
owned-declaration	Effect4.InterruptMask.toCtorIdx	Effect4.Concurrency.Interrupt	FIBER-PG-REPRESENTATIVE
owned-declaration	Effect4.InterruptMask.unmasked	Effect4.Concurrency.Interrupt	FIBER-PG-REPRESENTATIVE
owned-declaration	Effect4.InterruptMask.unmasked.elim	Effect4.Concurrency.Interrupt	FIBER-PG-REPRESENTATIVE
owned-declaration	Effect4.InterruptMask.unmasked.sizeOf_spec	Effect4.Concurrency.Interrupt	FIBER-PG-REPRESENTATIVE
owned-declaration	Effect4.instDecidableEqCleanupState	Effect4.Concurrency.Interrupt	FIBER-PG-REPRESENTATIVE
owned-declaration	Effect4.instDecidableEqInterruptMask	Effect4.Concurrency.Interrupt	FIBER-PG-REPRESENTATIVE
owned-declaration	Effect4.instReprCleanupState	Effect4.Concurrency.Interrupt	FIBER-PG-REPRESENTATIVE
owned-declaration	Effect4.instReprCleanupState.repr	Effect4.Concurrency.Interrupt	FIBER-PG-REPRESENTATIVE
owned-declaration	Effect4.instReprCleanupState.repr.match_1	Effect4.Concurrency.Interrupt	FIBER-PG-REPRESENTATIVE
owned-declaration	Effect4.instReprInterruptMask	Effect4.Concurrency.Interrupt	FIBER-PG-REPRESENTATIVE
owned-declaration	Effect4.instReprInterruptMask.repr	Effect4.Concurrency.Interrupt	FIBER-PG-REPRESENTATIVE
owned-declaration	Effect4.instReprInterruptMask.repr.match_1	Effect4.Concurrency.Interrupt	FIBER-PG-REPRESENTATIVE
owned-declaration	Effect4.FiberId	Effect4.Concurrency.Fiber	FIBER-PG-REPRESENTATIVE
owned-declaration	Effect4.FiberId.casesOn	Effect4.Concurrency.Fiber	FIBER-PG-REPRESENTATIVE
owned-declaration	Effect4.FiberId.ctorIdx	Effect4.Concurrency.Fiber	FIBER-PG-REPRESENTATIVE
owned-declaration	Effect4.FiberId.mk	Effect4.Concurrency.Fiber	FIBER-PG-REPRESENTATIVE
owned-declaration	Effect4.FiberId.mk.inj	Effect4.Concurrency.Fiber	FIBER-PG-REPRESENTATIVE
owned-declaration	Effect4.FiberId.mk.injEq	Effect4.Concurrency.Fiber	FIBER-PG-REPRESENTATIVE
owned-declaration	Effect4.FiberId.mk.noConfusion	Effect4.Concurrency.Fiber	FIBER-PG-REPRESENTATIVE
owned-declaration	Effect4.FiberId.mk.sizeOf_spec	Effect4.Concurrency.Fiber	FIBER-PG-REPRESENTATIVE
owned-declaration	Effect4.FiberId.noConfusion	Effect4.Concurrency.Fiber	FIBER-PG-REPRESENTATIVE
owned-declaration	Effect4.FiberId.noConfusionType	Effect4.Concurrency.Fiber	FIBER-PG-REPRESENTATIVE
owned-declaration	Effect4.FiberId.rec	Effect4.Concurrency.Fiber	FIBER-PG-REPRESENTATIVE
owned-declaration	Effect4.FiberId.recOn	Effect4.Concurrency.Fiber	FIBER-PG-REPRESENTATIVE
owned-declaration	Effect4.FiberId.value	Effect4.Concurrency.Fiber	FIBER-PG-REPRESENTATIVE
owned-declaration	Effect4.FiberState	Effect4.Concurrency.Fiber	FIBER-PG-REPRESENTATIVE
owned-declaration	Effect4.FiberState.casesOn	Effect4.Concurrency.Fiber	FIBER-PG-REPRESENTATIVE
owned-declaration	Effect4.FiberState.cleanup	Effect4.Concurrency.Fiber	FIBER-PG-REPRESENTATIVE
owned-declaration	Effect4.FiberState.cleanupCount	Effect4.Concurrency.Fiber	FIBER-PG-REPRESENTATIVE
owned-declaration	Effect4.FiberState.ctorIdx	Effect4.Concurrency.Fiber	FIBER-PG-REPRESENTATIVE
owned-declaration	Effect4.FiberState.id	Effect4.Concurrency.Fiber	FIBER-PG-REPRESENTATIVE
owned-declaration	Effect4.FiberState.interruptPending	Effect4.Concurrency.Fiber	FIBER-PG-REPRESENTATIVE
owned-declaration	Effect4.FiberState.mask	Effect4.Concurrency.Fiber	FIBER-PG-REPRESENTATIVE
owned-declaration	Effect4.FiberState.mk	Effect4.Concurrency.Fiber	FIBER-PG-REPRESENTATIVE
owned-declaration	Effect4.FiberState.mk.inj	Effect4.Concurrency.Fiber	FIBER-PG-REPRESENTATIVE
owned-declaration	Effect4.FiberState.mk.injEq	Effect4.Concurrency.Fiber	FIBER-PG-REPRESENTATIVE
owned-declaration	Effect4.FiberState.mk.noConfusion	Effect4.Concurrency.Fiber	FIBER-PG-REPRESENTATIVE
owned-declaration	Effect4.FiberState.mk.sizeOf_spec	Effect4.Concurrency.Fiber	FIBER-PG-REPRESENTATIVE
owned-declaration	Effect4.FiberState.noConfusion	Effect4.Concurrency.Fiber	FIBER-PG-REPRESENTATIVE
owned-declaration	Effect4.FiberState.noConfusionType	Effect4.Concurrency.Fiber	FIBER-PG-REPRESENTATIVE
owned-declaration	Effect4.FiberState.rec	Effect4.Concurrency.Fiber	FIBER-PG-REPRESENTATIVE
owned-declaration	Effect4.FiberState.recOn	Effect4.Concurrency.Fiber	FIBER-PG-REPRESENTATIVE
owned-declaration	Effect4.FiberState.status	Effect4.Concurrency.Fiber	FIBER-PG-REPRESENTATIVE
owned-declaration	Effect4.FiberState.terminal	Effect4.Concurrency.Fiber	FIBER-PG-REPRESENTATIVE
owned-declaration	Effect4.FiberStatus	Effect4.Concurrency.Fiber	FIBER-PG-REPRESENTATIVE
owned-declaration	Effect4.FiberStatus.Active	Effect4.Concurrency.Fiber	FIBER-PG-REPRESENTATIVE
owned-declaration	Effect4.FiberStatus.Active.eq_1	Effect4.Concurrency.Fiber	FIBER-PG-REPRESENTATIVE
owned-declaration	Effect4.FiberStatus.Active.eq_2	Effect4.Concurrency.Fiber	FIBER-PG-REPRESENTATIVE
owned-declaration	Effect4.FiberStatus.Active.eq_3	Effect4.Concurrency.Fiber	FIBER-PG-REPRESENTATIVE
owned-declaration	Effect4.FiberStatus.Active.eq_4	Effect4.Concurrency.Fiber	FIBER-PG-REPRESENTATIVE
owned-declaration	Effect4.FiberStatus.Active.eq_5	Effect4.Concurrency.Fiber	FIBER-PG-REPRESENTATIVE
owned-declaration	Effect4.FiberStatus.activeDecidable	Effect4.Concurrency.Fiber	FIBER-PG-REPRESENTATIVE
owned-declaration	Effect4.FiberStatus.active_iff	Effect4.Concurrency.Fiber	FIBER-PG-REPRESENTATIVE
owned-declaration	Effect4.FiberStatus.casesOn	Effect4.Concurrency.Fiber	FIBER-PG-REPRESENTATIVE
owned-declaration	Effect4.FiberStatus.cases_receipt	Effect4.Concurrency.Fiber	FIBER-PG-REPRESENTATIVE
owned-declaration	Effect4.FiberStatus.ctorElim	Effect4.Concurrency.Fiber	FIBER-PG-REPRESENTATIVE
owned-declaration	Effect4.FiberStatus.ctorElimType	Effect4.Concurrency.Fiber	FIBER-PG-REPRESENTATIVE
owned-declaration	Effect4.FiberStatus.ctorIdx	Effect4.Concurrency.Fiber	FIBER-PG-REPRESENTATIVE
owned-declaration	Effect4.FiberStatus.done	Effect4.Concurrency.Fiber	FIBER-PG-REPRESENTATIVE
owned-declaration	Effect4.FiberStatus.done.elim	Effect4.Concurrency.Fiber	FIBER-PG-REPRESENTATIVE
owned-declaration	Effect4.FiberStatus.done.sizeOf_spec	Effect4.Concurrency.Fiber	FIBER-PG-REPRESENTATIVE
owned-declaration	Effect4.FiberStatus.finalizing	Effect4.Concurrency.Fiber	FIBER-PG-REPRESENTATIVE
owned-declaration	Effect4.FiberStatus.finalizing.elim	Effect4.Concurrency.Fiber	FIBER-PG-REPRESENTATIVE
owned-declaration	Effect4.FiberStatus.finalizing.sizeOf_spec	Effect4.Concurrency.Fiber	FIBER-PG-REPRESENTATIVE
owned-declaration	Effect4.FiberStatus.noConfusion	Effect4.Concurrency.Fiber	FIBER-PG-REPRESENTATIVE
owned-declaration	Effect4.FiberStatus.noConfusionType	Effect4.Concurrency.Fiber	FIBER-PG-REPRESENTATIVE
owned-declaration	Effect4.FiberStatus.rec	Effect4.Concurrency.Fiber	FIBER-PG-REPRESENTATIVE
owned-declaration	Effect4.FiberStatus.recOn	Effect4.Concurrency.Fiber	FIBER-PG-REPRESENTATIVE
owned-declaration	Effect4.FiberStatus.runnable	Effect4.Concurrency.Fiber	FIBER-PG-REPRESENTATIVE
owned-declaration	Effect4.FiberStatus.runnable.elim	Effect4.Concurrency.Fiber	FIBER-PG-REPRESENTATIVE
owned-declaration	Effect4.FiberStatus.runnable.sizeOf_spec	Effect4.Concurrency.Fiber	FIBER-PG-REPRESENTATIVE
owned-declaration	Effect4.FiberStatus.running	Effect4.Concurrency.Fiber	FIBER-PG-REPRESENTATIVE
owned-declaration	Effect4.FiberStatus.running.elim	Effect4.Concurrency.Fiber	FIBER-PG-REPRESENTATIVE
owned-declaration	Effect4.FiberStatus.running.sizeOf_spec	Effect4.Concurrency.Fiber	FIBER-PG-REPRESENTATIVE
owned-declaration	Effect4.FiberStatus.waiting	Effect4.Concurrency.Fiber	FIBER-PG-REPRESENTATIVE
owned-declaration	Effect4.FiberStatus.waiting.elim	Effect4.Concurrency.Fiber	FIBER-PG-REPRESENTATIVE
owned-declaration	Effect4.FiberStatus.waiting.inj	Effect4.Concurrency.Fiber	FIBER-PG-REPRESENTATIVE
owned-declaration	Effect4.FiberStatus.waiting.injEq	Effect4.Concurrency.Fiber	FIBER-PG-REPRESENTATIVE
owned-declaration	Effect4.FiberStatus.waiting.noConfusion	Effect4.Concurrency.Fiber	FIBER-PG-REPRESENTATIVE
owned-declaration	Effect4.FiberStatus.waiting.sizeOf_spec	Effect4.Concurrency.Fiber	FIBER-PG-REPRESENTATIVE
owned-declaration	Effect4.instDecidableEqFiberId	Effect4.Concurrency.Fiber	FIBER-PG-REPRESENTATIVE
owned-declaration	Effect4.instDecidableEqFiberId.decEq	Effect4.Concurrency.Fiber	FIBER-PG-REPRESENTATIVE
owned-declaration	Effect4.instDecidableEqFiberId.decEq.match_1	Effect4.Concurrency.Fiber	FIBER-PG-REPRESENTATIVE
owned-declaration	Effect4.instDecidableEqFiberStatus	Effect4.Concurrency.Fiber	FIBER-PG-REPRESENTATIVE
owned-declaration	Effect4.instDecidableEqFiberStatus.decEq	Effect4.Concurrency.Fiber	FIBER-PG-REPRESENTATIVE
owned-declaration	Effect4.instDecidableEqFiberStatus.decEq.match_1	Effect4.Concurrency.Fiber	FIBER-PG-REPRESENTATIVE
owned-declaration	Effect4.instReprFiberId	Effect4.Concurrency.Fiber	FIBER-PG-REPRESENTATIVE
owned-declaration	Effect4.instReprFiberId.repr	Effect4.Concurrency.Fiber	FIBER-PG-REPRESENTATIVE
owned-declaration	Effect4.instReprFiberStatus	Effect4.Concurrency.Fiber	FIBER-PG-REPRESENTATIVE
owned-declaration	Effect4.instReprFiberStatus.repr	Effect4.Concurrency.Fiber	FIBER-PG-REPRESENTATIVE
owned-declaration	Effect4.instReprFiberStatus.repr.match_1	Effect4.Concurrency.Fiber	FIBER-PG-REPRESENTATIVE
owned-declaration	Effect4.DecisionTape	Effect4.Concurrency.Scheduler	FIBER-PG-REPRESENTATIVE
owned-declaration	Effect4.Event	Effect4.Concurrency.Scheduler	FIBER-PG-REPRESENTATIVE
owned-declaration	Effect4.Event.casesOn	Effect4.Concurrency.Scheduler	FIBER-PG-REPRESENTATIVE
owned-declaration	Effect4.Event.cases_receipt	Effect4.Concurrency.Scheduler	FIBER-PG-REPRESENTATIVE
owned-declaration	Effect4.Event.cleanupFinished	Effect4.Concurrency.Scheduler	FIBER-PG-REPRESENTATIVE
owned-declaration	Effect4.Event.cleanupFinished.elim	Effect4.Concurrency.Scheduler	FIBER-PG-REPRESENTATIVE
owned-declaration	Effect4.Event.cleanupFinished.inj	Effect4.Concurrency.Scheduler	FIBER-PG-REPRESENTATIVE
owned-declaration	Effect4.Event.cleanupFinished.injEq	Effect4.Concurrency.Scheduler	FIBER-PG-REPRESENTATIVE
owned-declaration	Effect4.Event.cleanupFinished.noConfusion	Effect4.Concurrency.Scheduler	FIBER-PG-REPRESENTATIVE
owned-declaration	Effect4.Event.cleanupFinished.sizeOf_spec	Effect4.Concurrency.Scheduler	FIBER-PG-REPRESENTATIVE
owned-declaration	Effect4.Event.cleanupId?	Effect4.Concurrency.Scheduler	FIBER-PG-REPRESENTATIVE
owned-declaration	Effect4.Event.cleanupId?.eq_1	Effect4.Concurrency.Scheduler	FIBER-PG-REPRESENTATIVE
owned-declaration	Effect4.Event.cleanupId?.eq_2	Effect4.Concurrency.Scheduler	FIBER-PG-REPRESENTATIVE
owned-declaration	Effect4.Event.cleanupId?.match_1	Effect4.Concurrency.Scheduler	FIBER-PG-REPRESENTATIVE
owned-declaration	Effect4.Event.cleanupId_eq_some	Effect4.Concurrency.Scheduler	FIBER-PG-REPRESENTATIVE
owned-declaration	Effect4.Event.completed	Effect4.Concurrency.Scheduler	FIBER-PG-REPRESENTATIVE
owned-declaration	Effect4.Event.completed.elim	Effect4.Concurrency.Scheduler	FIBER-PG-REPRESENTATIVE
owned-declaration	Effect4.Event.completed.inj	Effect4.Concurrency.Scheduler	FIBER-PG-REPRESENTATIVE
owned-declaration	Effect4.Event.completed.injEq	Effect4.Concurrency.Scheduler	FIBER-PG-REPRESENTATIVE
owned-declaration	Effect4.Event.completed.noConfusion	Effect4.Concurrency.Scheduler	FIBER-PG-REPRESENTATIVE
owned-declaration	Effect4.Event.completed.sizeOf_spec	Effect4.Concurrency.Scheduler	FIBER-PG-REPRESENTATIVE
owned-declaration	Effect4.Event.ctorElim	Effect4.Concurrency.Scheduler	FIBER-PG-REPRESENTATIVE
owned-declaration	Effect4.Event.ctorElimType	Effect4.Concurrency.Scheduler	FIBER-PG-REPRESENTATIVE
owned-declaration	Effect4.Event.ctorIdx	Effect4.Concurrency.Scheduler	FIBER-PG-REPRESENTATIVE
owned-declaration	Effect4.Event.interruptDeferred	Effect4.Concurrency.Scheduler	FIBER-PG-REPRESENTATIVE
owned-declaration	Effect4.Event.interruptDeferred.elim	Effect4.Concurrency.Scheduler	FIBER-PG-REPRESENTATIVE
owned-declaration	Effect4.Event.interruptDeferred.inj	Effect4.Concurrency.Scheduler	FIBER-PG-REPRESENTATIVE
owned-declaration	Effect4.Event.interruptDeferred.injEq	Effect4.Concurrency.Scheduler	FIBER-PG-REPRESENTATIVE
owned-declaration	Effect4.Event.interruptDeferred.noConfusion	Effect4.Concurrency.Scheduler	FIBER-PG-REPRESENTATIVE
owned-declaration	Effect4.Event.interruptDeferred.sizeOf_spec	Effect4.Concurrency.Scheduler	FIBER-PG-REPRESENTATIVE
owned-declaration	Effect4.Event.interruptDelivered	Effect4.Concurrency.Scheduler	FIBER-PG-REPRESENTATIVE
owned-declaration	Effect4.Event.interruptDelivered.elim	Effect4.Concurrency.Scheduler	FIBER-PG-REPRESENTATIVE
owned-declaration	Effect4.Event.interruptDelivered.inj	Effect4.Concurrency.Scheduler	FIBER-PG-REPRESENTATIVE
owned-declaration	Effect4.Event.interruptDelivered.injEq	Effect4.Concurrency.Scheduler	FIBER-PG-REPRESENTATIVE
owned-declaration	Effect4.Event.interruptDelivered.noConfusion	Effect4.Concurrency.Scheduler	FIBER-PG-REPRESENTATIVE
owned-declaration	Effect4.Event.interruptDelivered.sizeOf_spec	Effect4.Concurrency.Scheduler	FIBER-PG-REPRESENTATIVE
owned-declaration	Effect4.Event.interruptRequested	Effect4.Concurrency.Scheduler	FIBER-PG-REPRESENTATIVE
owned-declaration	Effect4.Event.interruptRequested.elim	Effect4.Concurrency.Scheduler	FIBER-PG-REPRESENTATIVE
owned-declaration	Effect4.Event.interruptRequested.inj	Effect4.Concurrency.Scheduler	FIBER-PG-REPRESENTATIVE
owned-declaration	Effect4.Event.interruptRequested.injEq	Effect4.Concurrency.Scheduler	FIBER-PG-REPRESENTATIVE
owned-declaration	Effect4.Event.interruptRequested.noConfusion	Effect4.Concurrency.Scheduler	FIBER-PG-REPRESENTATIVE
owned-declaration	Effect4.Event.interruptRequested.sizeOf_spec	Effect4.Concurrency.Scheduler	FIBER-PG-REPRESENTATIVE
owned-declaration	Effect4.Event.joinObserved	Effect4.Concurrency.Scheduler	FIBER-PG-REPRESENTATIVE
owned-declaration	Effect4.Event.joinObserved.elim	Effect4.Concurrency.Scheduler	FIBER-PG-REPRESENTATIVE
owned-declaration	Effect4.Event.joinObserved.inj	Effect4.Concurrency.Scheduler	FIBER-PG-REPRESENTATIVE
owned-declaration	Effect4.Event.joinObserved.injEq	Effect4.Concurrency.Scheduler	FIBER-PG-REPRESENTATIVE
owned-declaration	Effect4.Event.joinObserved.noConfusion	Effect4.Concurrency.Scheduler	FIBER-PG-REPRESENTATIVE
owned-declaration	Effect4.Event.joinObserved.sizeOf_spec	Effect4.Concurrency.Scheduler	FIBER-PG-REPRESENTATIVE
owned-declaration	Effect4.Event.joinWaiting	Effect4.Concurrency.Scheduler	FIBER-PG-REPRESENTATIVE
owned-declaration	Effect4.Event.joinWaiting.elim	Effect4.Concurrency.Scheduler	FIBER-PG-REPRESENTATIVE
owned-declaration	Effect4.Event.joinWaiting.inj	Effect4.Concurrency.Scheduler	FIBER-PG-REPRESENTATIVE
owned-declaration	Effect4.Event.joinWaiting.injEq	Effect4.Concurrency.Scheduler	FIBER-PG-REPRESENTATIVE
owned-declaration	Effect4.Event.joinWaiting.noConfusion	Effect4.Concurrency.Scheduler	FIBER-PG-REPRESENTATIVE
owned-declaration	Effect4.Event.joinWaiting.sizeOf_spec	Effect4.Concurrency.Scheduler	FIBER-PG-REPRESENTATIVE
owned-declaration	Effect4.Event.maskEntered	Effect4.Concurrency.Scheduler	FIBER-PG-REPRESENTATIVE
owned-declaration	Effect4.Event.maskEntered.elim	Effect4.Concurrency.Scheduler	FIBER-PG-REPRESENTATIVE
owned-declaration	Effect4.Event.maskEntered.inj	Effect4.Concurrency.Scheduler	FIBER-PG-REPRESENTATIVE
owned-declaration	Effect4.Event.maskEntered.injEq	Effect4.Concurrency.Scheduler	FIBER-PG-REPRESENTATIVE
owned-declaration	Effect4.Event.maskEntered.noConfusion	Effect4.Concurrency.Scheduler	FIBER-PG-REPRESENTATIVE
owned-declaration	Effect4.Event.maskEntered.sizeOf_spec	Effect4.Concurrency.Scheduler	FIBER-PG-REPRESENTATIVE
owned-declaration	Effect4.Event.maskExited	Effect4.Concurrency.Scheduler	FIBER-PG-REPRESENTATIVE
owned-declaration	Effect4.Event.maskExited.elim	Effect4.Concurrency.Scheduler	FIBER-PG-REPRESENTATIVE
owned-declaration	Effect4.Event.maskExited.inj	Effect4.Concurrency.Scheduler	FIBER-PG-REPRESENTATIVE
owned-declaration	Effect4.Event.maskExited.injEq	Effect4.Concurrency.Scheduler	FIBER-PG-REPRESENTATIVE
owned-declaration	Effect4.Event.maskExited.noConfusion	Effect4.Concurrency.Scheduler	FIBER-PG-REPRESENTATIVE
owned-declaration	Effect4.Event.maskExited.sizeOf_spec	Effect4.Concurrency.Scheduler	FIBER-PG-REPRESENTATIVE
owned-declaration	Effect4.Event.noConfusion	Effect4.Concurrency.Scheduler	FIBER-PG-REPRESENTATIVE
owned-declaration	Effect4.Event.noConfusionType	Effect4.Concurrency.Scheduler	FIBER-PG-REPRESENTATIVE
owned-declaration	Effect4.Event.rec	Effect4.Concurrency.Scheduler	FIBER-PG-REPRESENTATIVE
owned-declaration	Effect4.Event.recOn	Effect4.Concurrency.Scheduler	FIBER-PG-REPRESENTATIVE
owned-declaration	Effect4.Event.scheduled	Effect4.Concurrency.Scheduler	FIBER-PG-REPRESENTATIVE
owned-declaration	Effect4.Event.scheduled.elim	Effect4.Concurrency.Scheduler	FIBER-PG-REPRESENTATIVE
owned-declaration	Effect4.Event.scheduled.inj	Effect4.Concurrency.Scheduler	FIBER-PG-REPRESENTATIVE
owned-declaration	Effect4.Event.scheduled.injEq	Effect4.Concurrency.Scheduler	FIBER-PG-REPRESENTATIVE
owned-declaration	Effect4.Event.scheduled.noConfusion	Effect4.Concurrency.Scheduler	FIBER-PG-REPRESENTATIVE
owned-declaration	Effect4.Event.scheduled.sizeOf_spec	Effect4.Concurrency.Scheduler	FIBER-PG-REPRESENTATIVE
owned-declaration	Effect4.Machine	Effect4.Concurrency.Scheduler	FIBER-PG-REPRESENTATIVE
owned-declaration	Effect4.Machine.Finished	Effect4.Concurrency.Scheduler	FIBER-PG-REPRESENTATIVE
owned-declaration	Effect4.Machine.WellFormed	Effect4.Concurrency.Scheduler	FIBER-PG-REPRESENTATIVE
owned-declaration	Effect4.Machine.WellFormed.activeCleanup	Effect4.Concurrency.Scheduler	FIBER-PG-REPRESENTATIVE
owned-declaration	Effect4.Machine.WellFormed.casesOn	Effect4.Concurrency.Scheduler	FIBER-PG-REPRESENTATIVE
owned-declaration	Effect4.Machine.WellFormed.cleanupBounded	Effect4.Concurrency.Scheduler	FIBER-PG-REPRESENTATIVE
owned-declaration	Effect4.Machine.WellFormed.cleanupEventAgreement	Effect4.Concurrency.Scheduler	FIBER-PG-REPRESENTATIVE
owned-declaration	Effect4.Machine.WellFormed.cleanupEventsClosed	Effect4.Concurrency.Scheduler	FIBER-PG-REPRESENTATIVE
owned-declaration	Effect4.Machine.WellFormed.cleanupEventsUnique	Effect4.Concurrency.Scheduler	FIBER-PG-REPRESENTATIVE
owned-declaration	Effect4.Machine.WellFormed.doneCleanup	Effect4.Concurrency.Scheduler	FIBER-PG-REPRESENTATIVE
owned-declaration	Effect4.Machine.WellFormed.finalizingCleanup	Effect4.Concurrency.Scheduler	FIBER-PG-REPRESENTATIVE
owned-declaration	Effect4.Machine.WellFormed.idsUnique	Effect4.Concurrency.Scheduler	FIBER-PG-REPRESENTATIVE
owned-declaration	Effect4.Machine.WellFormed.mk	Effect4.Concurrency.Scheduler	FIBER-PG-REPRESENTATIVE
owned-declaration	Effect4.Machine.WellFormed.pendingActive	Effect4.Concurrency.Scheduler	FIBER-PG-REPRESENTATIVE
owned-declaration	Effect4.Machine.WellFormed.rec	Effect4.Concurrency.Scheduler	FIBER-PG-REPRESENTATIVE
owned-declaration	Effect4.Machine.WellFormed.recOn	Effect4.Concurrency.Scheduler	FIBER-PG-REPRESENTATIVE
owned-declaration	Effect4.Machine.WellFormed.waitingClosed	Effect4.Concurrency.Scheduler	FIBER-PG-REPRESENTATIVE
owned-declaration	Effect4.Machine.casesOn	Effect4.Concurrency.Scheduler	FIBER-PG-REPRESENTATIVE
owned-declaration	Effect4.Machine.cleanupCount	Effect4.Concurrency.Scheduler	FIBER-PG-REPRESENTATIVE
owned-declaration	Effect4.Machine.cleanupCount.eq_1	Effect4.Concurrency.Scheduler	FIBER-PG-REPRESENTATIVE
owned-declaration	Effect4.Machine.cleanupCount_eq	Effect4.Concurrency.Scheduler	FIBER-PG-REPRESENTATIVE
owned-declaration	Effect4.Machine.cleanupEventIds	Effect4.Concurrency.Scheduler	FIBER-PG-REPRESENTATIVE
owned-declaration	Effect4.Machine.cleanupEventIds.eq_1	Effect4.Concurrency.Scheduler	FIBER-PG-REPRESENTATIVE
owned-declaration	Effect4.Machine.cleanupEventIds_eq	Effect4.Concurrency.Scheduler	FIBER-PG-REPRESENTATIVE
owned-declaration	Effect4.Machine.cleanupState	Effect4.Concurrency.Scheduler	FIBER-PG-REPRESENTATIVE
owned-declaration	Effect4.Machine.cleanupState.eq_1	Effect4.Concurrency.Scheduler	FIBER-PG-REPRESENTATIVE
owned-declaration	Effect4.Machine.cleanupState_eq	Effect4.Concurrency.Scheduler	FIBER-PG-REPRESENTATIVE
owned-declaration	Effect4.Machine.ctorIdx	Effect4.Concurrency.Scheduler	FIBER-PG-REPRESENTATIVE
owned-declaration	Effect4.Machine.fiber	Effect4.Concurrency.Scheduler	FIBER-PG-REPRESENTATIVE
owned-declaration	Effect4.Machine.fiber_eq_find	Effect4.Concurrency.Scheduler	FIBER-PG-REPRESENTATIVE
owned-declaration	Effect4.Machine.fibers	Effect4.Concurrency.Scheduler	FIBER-PG-REPRESENTATIVE
owned-declaration	Effect4.Machine.finished_iff	Effect4.Concurrency.Scheduler	FIBER-PG-REPRESENTATIVE
owned-declaration	Effect4.Machine.interruptPending	Effect4.Concurrency.Scheduler	FIBER-PG-REPRESENTATIVE
owned-declaration	Effect4.Machine.interruptPending.eq_1	Effect4.Concurrency.Scheduler	FIBER-PG-REPRESENTATIVE
owned-declaration	Effect4.Machine.interruptPending_eq	Effect4.Concurrency.Scheduler	FIBER-PG-REPRESENTATIVE
owned-declaration	Effect4.Machine.mask	Effect4.Concurrency.Scheduler	FIBER-PG-REPRESENTATIVE
owned-declaration	Effect4.Machine.mask.eq_1	Effect4.Concurrency.Scheduler	FIBER-PG-REPRESENTATIVE
owned-declaration	Effect4.Machine.mask_eq	Effect4.Concurrency.Scheduler	FIBER-PG-REPRESENTATIVE
owned-declaration	Effect4.Machine.mk	Effect4.Concurrency.Scheduler	FIBER-PG-REPRESENTATIVE
owned-declaration	Effect4.Machine.mk.inj	Effect4.Concurrency.Scheduler	FIBER-PG-REPRESENTATIVE
owned-declaration	Effect4.Machine.mk.injEq	Effect4.Concurrency.Scheduler	FIBER-PG-REPRESENTATIVE
owned-declaration	Effect4.Machine.mk.noConfusion	Effect4.Concurrency.Scheduler	FIBER-PG-REPRESENTATIVE
owned-declaration	Effect4.Machine.mk.sizeOf_spec	Effect4.Concurrency.Scheduler	FIBER-PG-REPRESENTATIVE
owned-declaration	Effect4.Machine.noConfusion	Effect4.Concurrency.Scheduler	FIBER-PG-REPRESENTATIVE
owned-declaration	Effect4.Machine.noConfusionType	Effect4.Concurrency.Scheduler	FIBER-PG-REPRESENTATIVE
owned-declaration	Effect4.Machine.rec	Effect4.Concurrency.Scheduler	FIBER-PG-REPRESENTATIVE
owned-declaration	Effect4.Machine.recOn	Effect4.Concurrency.Scheduler	FIBER-PG-REPRESENTATIVE
owned-declaration	Effect4.Machine.terminal	Effect4.Concurrency.Scheduler	FIBER-PG-REPRESENTATIVE
owned-declaration	Effect4.Machine.terminal.eq_1	Effect4.Concurrency.Scheduler	FIBER-PG-REPRESENTATIVE
owned-declaration	Effect4.Machine.terminal_eq	Effect4.Concurrency.Scheduler	FIBER-PG-REPRESENTATIVE
owned-declaration	Effect4.Machine.trace	Effect4.Concurrency.Scheduler	FIBER-PG-REPRESENTATIVE
owned-declaration	Effect4.Machine.transition	Effect4.Concurrency.Scheduler	FIBER-PG-REPRESENTATIVE
owned-declaration	Effect4.Machine.transition.eq_1	Effect4.Concurrency.Scheduler	FIBER-PG-REPRESENTATIVE
owned-declaration	Effect4.Machine.transition_cleanupEventIds	Effect4.Concurrency.Scheduler	FIBER-PG-REPRESENTATIVE
owned-declaration	Effect4.Machine.transition_fiber_other	Effect4.Concurrency.Scheduler	FIBER-PG-REPRESENTATIVE
owned-declaration	Effect4.Machine.transition_fibers	Effect4.Concurrency.Scheduler	FIBER-PG-REPRESENTATIVE
owned-declaration	Effect4.Machine.transition_trace	Effect4.Concurrency.Scheduler	FIBER-PG-REPRESENTATIVE
owned-declaration	Effect4.Machine.wellFormedDecidable	Effect4.Concurrency.Scheduler	FIBER-PG-REPRESENTATIVE
owned-declaration	Effect4.Machine.wellFormedDecidable.match_1	Effect4.Concurrency.Scheduler	FIBER-PG-REPRESENTATIVE
owned-declaration	Effect4.Machine.wellFormedDecidable.match_3	Effect4.Concurrency.Scheduler	FIBER-PG-REPRESENTATIVE
owned-declaration	Effect4.Machine.wellFormedDecidable.match_5	Effect4.Concurrency.Scheduler	FIBER-PG-REPRESENTATIVE
owned-declaration	Effect4.Machine.wellFormedDecidable.match_7	Effect4.Concurrency.Scheduler	FIBER-PG-REPRESENTATIVE
owned-declaration	Effect4.ReplayResult	Effect4.Concurrency.Scheduler	FIBER-PG-REPRESENTATIVE
owned-declaration	Effect4.ReplayResult.casesOn	Effect4.Concurrency.Scheduler	FIBER-PG-REPRESENTATIVE
owned-declaration	Effect4.ReplayResult.ctorElim	Effect4.Concurrency.Scheduler	FIBER-PG-REPRESENTATIVE
owned-declaration	Effect4.ReplayResult.ctorElimType	Effect4.Concurrency.Scheduler	FIBER-PG-REPRESENTATIVE
owned-declaration	Effect4.ReplayResult.ctorIdx	Effect4.Concurrency.Scheduler	FIBER-PG-REPRESENTATIVE
owned-declaration	Effect4.ReplayResult.finished	Effect4.Concurrency.Scheduler	FIBER-PG-REPRESENTATIVE
owned-declaration	Effect4.ReplayResult.finished.elim	Effect4.Concurrency.Scheduler	FIBER-PG-REPRESENTATIVE
owned-declaration	Effect4.ReplayResult.finished.inj	Effect4.Concurrency.Scheduler	FIBER-PG-REPRESENTATIVE
owned-declaration	Effect4.ReplayResult.finished.injEq	Effect4.Concurrency.Scheduler	FIBER-PG-REPRESENTATIVE
owned-declaration	Effect4.ReplayResult.finished.noConfusion	Effect4.Concurrency.Scheduler	FIBER-PG-REPRESENTATIVE
owned-declaration	Effect4.ReplayResult.finished.sizeOf_spec	Effect4.Concurrency.Scheduler	FIBER-PG-REPRESENTATIVE
owned-declaration	Effect4.ReplayResult.frontier	Effect4.Concurrency.Scheduler	FIBER-PG-REPRESENTATIVE
owned-declaration	Effect4.ReplayResult.frontier.elim	Effect4.Concurrency.Scheduler	FIBER-PG-REPRESENTATIVE
owned-declaration	Effect4.ReplayResult.frontier.inj	Effect4.Concurrency.Scheduler	FIBER-PG-REPRESENTATIVE
owned-declaration	Effect4.ReplayResult.frontier.injEq	Effect4.Concurrency.Scheduler	FIBER-PG-REPRESENTATIVE
owned-declaration	Effect4.ReplayResult.frontier.noConfusion	Effect4.Concurrency.Scheduler	FIBER-PG-REPRESENTATIVE
owned-declaration	Effect4.ReplayResult.frontier.sizeOf_spec	Effect4.Concurrency.Scheduler	FIBER-PG-REPRESENTATIVE
owned-declaration	Effect4.ReplayResult.machine	Effect4.Concurrency.Scheduler	FIBER-PG-REPRESENTATIVE
owned-declaration	Effect4.ReplayResult.machine.eq_1	Effect4.Concurrency.Scheduler	FIBER-PG-REPRESENTATIVE
owned-declaration	Effect4.ReplayResult.machine.eq_2	Effect4.Concurrency.Scheduler	FIBER-PG-REPRESENTATIVE
owned-declaration	Effect4.ReplayResult.machine.eq_3	Effect4.Concurrency.Scheduler	FIBER-PG-REPRESENTATIVE
owned-declaration	Effect4.ReplayResult.machine.match_1	Effect4.Concurrency.Scheduler	FIBER-PG-REPRESENTATIVE
owned-declaration	Effect4.ReplayResult.machine_finished	Effect4.Concurrency.Scheduler	FIBER-PG-REPRESENTATIVE
owned-declaration	Effect4.ReplayResult.machine_frontier	Effect4.Concurrency.Scheduler	FIBER-PG-REPRESENTATIVE
owned-declaration	Effect4.ReplayResult.machine_refused	Effect4.Concurrency.Scheduler	FIBER-PG-REPRESENTATIVE
owned-declaration	Effect4.ReplayResult.noConfusion	Effect4.Concurrency.Scheduler	FIBER-PG-REPRESENTATIVE
owned-declaration	Effect4.ReplayResult.noConfusionType	Effect4.Concurrency.Scheduler	FIBER-PG-REPRESENTATIVE
owned-declaration	Effect4.ReplayResult.rec	Effect4.Concurrency.Scheduler	FIBER-PG-REPRESENTATIVE
owned-declaration	Effect4.ReplayResult.recOn	Effect4.Concurrency.Scheduler	FIBER-PG-REPRESENTATIVE
owned-declaration	Effect4.ReplayResult.refused	Effect4.Concurrency.Scheduler	FIBER-PG-REPRESENTATIVE
owned-declaration	Effect4.ReplayResult.refused.elim	Effect4.Concurrency.Scheduler	FIBER-PG-REPRESENTATIVE
owned-declaration	Effect4.ReplayResult.refused.inj	Effect4.Concurrency.Scheduler	FIBER-PG-REPRESENTATIVE
owned-declaration	Effect4.ReplayResult.refused.injEq	Effect4.Concurrency.Scheduler	FIBER-PG-REPRESENTATIVE
owned-declaration	Effect4.ReplayResult.refused.noConfusion	Effect4.Concurrency.Scheduler	FIBER-PG-REPRESENTATIVE
owned-declaration	Effect4.ReplayResult.refused.sizeOf_spec	Effect4.Concurrency.Scheduler	FIBER-PG-REPRESENTATIVE
owned-declaration	Effect4.Runs	Effect4.Concurrency.Scheduler	FIBER-PG-REPRESENTATIVE
owned-declaration	Effect4.SchedulerDecision	Effect4.Concurrency.Scheduler	FIBER-PG-REPRESENTATIVE
owned-declaration	Effect4.SchedulerDecision.casesOn	Effect4.Concurrency.Scheduler	FIBER-PG-REPRESENTATIVE
owned-declaration	Effect4.SchedulerDecision.cases_receipt	Effect4.Concurrency.Scheduler	FIBER-PG-REPRESENTATIVE
owned-declaration	Effect4.SchedulerDecision.cleanup	Effect4.Concurrency.Scheduler	FIBER-PG-REPRESENTATIVE
owned-declaration	Effect4.SchedulerDecision.cleanup.elim	Effect4.Concurrency.Scheduler	FIBER-PG-REPRESENTATIVE
owned-declaration	Effect4.SchedulerDecision.cleanup.inj	Effect4.Concurrency.Scheduler	FIBER-PG-REPRESENTATIVE
owned-declaration	Effect4.SchedulerDecision.cleanup.injEq	Effect4.Concurrency.Scheduler	FIBER-PG-REPRESENTATIVE
owned-declaration	Effect4.SchedulerDecision.cleanup.noConfusion	Effect4.Concurrency.Scheduler	FIBER-PG-REPRESENTATIVE
owned-declaration	Effect4.SchedulerDecision.cleanup.sizeOf_spec	Effect4.Concurrency.Scheduler	FIBER-PG-REPRESENTATIVE
owned-declaration	Effect4.SchedulerDecision.complete	Effect4.Concurrency.Scheduler	FIBER-PG-REPRESENTATIVE
owned-declaration	Effect4.SchedulerDecision.complete.elim	Effect4.Concurrency.Scheduler	FIBER-PG-REPRESENTATIVE
owned-declaration	Effect4.SchedulerDecision.complete.inj	Effect4.Concurrency.Scheduler	FIBER-PG-REPRESENTATIVE
owned-declaration	Effect4.SchedulerDecision.complete.injEq	Effect4.Concurrency.Scheduler	FIBER-PG-REPRESENTATIVE
owned-declaration	Effect4.SchedulerDecision.complete.noConfusion	Effect4.Concurrency.Scheduler	FIBER-PG-REPRESENTATIVE
owned-declaration	Effect4.SchedulerDecision.complete.sizeOf_spec	Effect4.Concurrency.Scheduler	FIBER-PG-REPRESENTATIVE
owned-declaration	Effect4.SchedulerDecision.ctorElim	Effect4.Concurrency.Scheduler	FIBER-PG-REPRESENTATIVE
owned-declaration	Effect4.SchedulerDecision.ctorElimType	Effect4.Concurrency.Scheduler	FIBER-PG-REPRESENTATIVE
owned-declaration	Effect4.SchedulerDecision.ctorIdx	Effect4.Concurrency.Scheduler	FIBER-PG-REPRESENTATIVE
owned-declaration	Effect4.SchedulerDecision.enterMask	Effect4.Concurrency.Scheduler	FIBER-PG-REPRESENTATIVE
owned-declaration	Effect4.SchedulerDecision.enterMask.elim	Effect4.Concurrency.Scheduler	FIBER-PG-REPRESENTATIVE
owned-declaration	Effect4.SchedulerDecision.enterMask.inj	Effect4.Concurrency.Scheduler	FIBER-PG-REPRESENTATIVE
owned-declaration	Effect4.SchedulerDecision.enterMask.injEq	Effect4.Concurrency.Scheduler	FIBER-PG-REPRESENTATIVE
owned-declaration	Effect4.SchedulerDecision.enterMask.noConfusion	Effect4.Concurrency.Scheduler	FIBER-PG-REPRESENTATIVE
owned-declaration	Effect4.SchedulerDecision.enterMask.sizeOf_spec	Effect4.Concurrency.Scheduler	FIBER-PG-REPRESENTATIVE
owned-declaration	Effect4.SchedulerDecision.exitMask	Effect4.Concurrency.Scheduler	FIBER-PG-REPRESENTATIVE
owned-declaration	Effect4.SchedulerDecision.exitMask.elim	Effect4.Concurrency.Scheduler	FIBER-PG-REPRESENTATIVE
owned-declaration	Effect4.SchedulerDecision.exitMask.inj	Effect4.Concurrency.Scheduler	FIBER-PG-REPRESENTATIVE
owned-declaration	Effect4.SchedulerDecision.exitMask.injEq	Effect4.Concurrency.Scheduler	FIBER-PG-REPRESENTATIVE
owned-declaration	Effect4.SchedulerDecision.exitMask.noConfusion	Effect4.Concurrency.Scheduler	FIBER-PG-REPRESENTATIVE
owned-declaration	Effect4.SchedulerDecision.exitMask.sizeOf_spec	Effect4.Concurrency.Scheduler	FIBER-PG-REPRESENTATIVE
owned-declaration	Effect4.SchedulerDecision.join	Effect4.Concurrency.Scheduler	FIBER-PG-REPRESENTATIVE
owned-declaration	Effect4.SchedulerDecision.join.elim	Effect4.Concurrency.Scheduler	FIBER-PG-REPRESENTATIVE
owned-declaration	Effect4.SchedulerDecision.join.inj	Effect4.Concurrency.Scheduler	FIBER-PG-REPRESENTATIVE
owned-declaration	Effect4.SchedulerDecision.join.injEq	Effect4.Concurrency.Scheduler	FIBER-PG-REPRESENTATIVE
owned-declaration	Effect4.SchedulerDecision.join.noConfusion	Effect4.Concurrency.Scheduler	FIBER-PG-REPRESENTATIVE
owned-declaration	Effect4.SchedulerDecision.join.sizeOf_spec	Effect4.Concurrency.Scheduler	FIBER-PG-REPRESENTATIVE
owned-declaration	Effect4.SchedulerDecision.noConfusion	Effect4.Concurrency.Scheduler	FIBER-PG-REPRESENTATIVE
owned-declaration	Effect4.SchedulerDecision.noConfusionType	Effect4.Concurrency.Scheduler	FIBER-PG-REPRESENTATIVE
owned-declaration	Effect4.SchedulerDecision.rec	Effect4.Concurrency.Scheduler	FIBER-PG-REPRESENTATIVE
owned-declaration	Effect4.SchedulerDecision.recOn	Effect4.Concurrency.Scheduler	FIBER-PG-REPRESENTATIVE
owned-declaration	Effect4.SchedulerDecision.requestInterrupt	Effect4.Concurrency.Scheduler	FIBER-PG-REPRESENTATIVE
owned-declaration	Effect4.SchedulerDecision.requestInterrupt.elim	Effect4.Concurrency.Scheduler	FIBER-PG-REPRESENTATIVE
owned-declaration	Effect4.SchedulerDecision.requestInterrupt.inj	Effect4.Concurrency.Scheduler	FIBER-PG-REPRESENTATIVE
owned-declaration	Effect4.SchedulerDecision.requestInterrupt.injEq	Effect4.Concurrency.Scheduler	FIBER-PG-REPRESENTATIVE
owned-declaration	Effect4.SchedulerDecision.requestInterrupt.noConfusion	Effect4.Concurrency.Scheduler	FIBER-PG-REPRESENTATIVE
owned-declaration	Effect4.SchedulerDecision.requestInterrupt.sizeOf_spec	Effect4.Concurrency.Scheduler	FIBER-PG-REPRESENTATIVE
owned-declaration	Effect4.SchedulerDecision.schedule	Effect4.Concurrency.Scheduler	FIBER-PG-REPRESENTATIVE
owned-declaration	Effect4.SchedulerDecision.schedule.elim	Effect4.Concurrency.Scheduler	FIBER-PG-REPRESENTATIVE
owned-declaration	Effect4.SchedulerDecision.schedule.inj	Effect4.Concurrency.Scheduler	FIBER-PG-REPRESENTATIVE
owned-declaration	Effect4.SchedulerDecision.schedule.injEq	Effect4.Concurrency.Scheduler	FIBER-PG-REPRESENTATIVE
owned-declaration	Effect4.SchedulerDecision.schedule.noConfusion	Effect4.Concurrency.Scheduler	FIBER-PG-REPRESENTATIVE
owned-declaration	Effect4.SchedulerDecision.schedule.sizeOf_spec	Effect4.Concurrency.Scheduler	FIBER-PG-REPRESENTATIVE
owned-declaration	Effect4.SchedulerRefusal	Effect4.Concurrency.Scheduler	FIBER-PG-REPRESENTATIVE
owned-declaration	Effect4.SchedulerRefusal.casesOn	Effect4.Concurrency.Scheduler	FIBER-PG-REPRESENTATIVE
owned-declaration	Effect4.SchedulerRefusal.cases_receipt	Effect4.Concurrency.Scheduler	FIBER-PG-REPRESENTATIVE
owned-declaration	Effect4.SchedulerRefusal.ctorElim	Effect4.Concurrency.Scheduler	FIBER-PG-REPRESENTATIVE
owned-declaration	Effect4.SchedulerRefusal.ctorElimType	Effect4.Concurrency.Scheduler	FIBER-PG-REPRESENTATIVE
owned-declaration	Effect4.SchedulerRefusal.ctorIdx	Effect4.Concurrency.Scheduler	FIBER-PG-REPRESENTATIVE
owned-declaration	Effect4.SchedulerRefusal.invalidLifecycle	Effect4.Concurrency.Scheduler	FIBER-PG-REPRESENTATIVE
owned-declaration	Effect4.SchedulerRefusal.invalidLifecycle.elim	Effect4.Concurrency.Scheduler	FIBER-PG-REPRESENTATIVE
owned-declaration	Effect4.SchedulerRefusal.invalidLifecycle.inj	Effect4.Concurrency.Scheduler	FIBER-PG-REPRESENTATIVE
owned-declaration	Effect4.SchedulerRefusal.invalidLifecycle.injEq	Effect4.Concurrency.Scheduler	FIBER-PG-REPRESENTATIVE
owned-declaration	Effect4.SchedulerRefusal.invalidLifecycle.noConfusion	Effect4.Concurrency.Scheduler	FIBER-PG-REPRESENTATIVE
owned-declaration	Effect4.SchedulerRefusal.invalidLifecycle.sizeOf_spec	Effect4.Concurrency.Scheduler	FIBER-PG-REPRESENTATIVE
owned-declaration	Effect4.SchedulerRefusal.noConfusion	Effect4.Concurrency.Scheduler	FIBER-PG-REPRESENTATIVE
owned-declaration	Effect4.SchedulerRefusal.noConfusionType	Effect4.Concurrency.Scheduler	FIBER-PG-REPRESENTATIVE
owned-declaration	Effect4.SchedulerRefusal.rec	Effect4.Concurrency.Scheduler	FIBER-PG-REPRESENTATIVE
owned-declaration	Effect4.SchedulerRefusal.recOn	Effect4.Concurrency.Scheduler	FIBER-PG-REPRESENTATIVE
owned-declaration	Effect4.SchedulerRefusal.unknownFiber	Effect4.Concurrency.Scheduler	FIBER-PG-REPRESENTATIVE
owned-declaration	Effect4.SchedulerRefusal.unknownFiber.elim	Effect4.Concurrency.Scheduler	FIBER-PG-REPRESENTATIVE
owned-declaration	Effect4.SchedulerRefusal.unknownFiber.inj	Effect4.Concurrency.Scheduler	FIBER-PG-REPRESENTATIVE
owned-declaration	Effect4.SchedulerRefusal.unknownFiber.injEq	Effect4.Concurrency.Scheduler	FIBER-PG-REPRESENTATIVE
owned-declaration	Effect4.SchedulerRefusal.unknownFiber.noConfusion	Effect4.Concurrency.Scheduler	FIBER-PG-REPRESENTATIVE
owned-declaration	Effect4.SchedulerRefusal.unknownFiber.sizeOf_spec	Effect4.Concurrency.Scheduler	FIBER-PG-REPRESENTATIVE
owned-declaration	Effect4.Step	Effect4.Concurrency.Scheduler	FIBER-PG-REPRESENTATIVE
owned-declaration	Effect4.StepResult	Effect4.Concurrency.Scheduler	FIBER-PG-REPRESENTATIVE
owned-declaration	Effect4.StepResult.advanced	Effect4.Concurrency.Scheduler	FIBER-PG-REPRESENTATIVE
owned-declaration	Effect4.StepResult.advanced.elim	Effect4.Concurrency.Scheduler	FIBER-PG-REPRESENTATIVE
owned-declaration	Effect4.StepResult.advanced.inj	Effect4.Concurrency.Scheduler	FIBER-PG-REPRESENTATIVE
owned-declaration	Effect4.StepResult.advanced.injEq	Effect4.Concurrency.Scheduler	FIBER-PG-REPRESENTATIVE
owned-declaration	Effect4.StepResult.advanced.noConfusion	Effect4.Concurrency.Scheduler	FIBER-PG-REPRESENTATIVE
owned-declaration	Effect4.StepResult.advanced.sizeOf_spec	Effect4.Concurrency.Scheduler	FIBER-PG-REPRESENTATIVE
owned-declaration	Effect4.StepResult.casesOn	Effect4.Concurrency.Scheduler	FIBER-PG-REPRESENTATIVE
owned-declaration	Effect4.StepResult.ctorElim	Effect4.Concurrency.Scheduler	FIBER-PG-REPRESENTATIVE
owned-declaration	Effect4.StepResult.ctorElimType	Effect4.Concurrency.Scheduler	FIBER-PG-REPRESENTATIVE
owned-declaration	Effect4.StepResult.ctorIdx	Effect4.Concurrency.Scheduler	FIBER-PG-REPRESENTATIVE
owned-declaration	Effect4.StepResult.machine	Effect4.Concurrency.Scheduler	FIBER-PG-REPRESENTATIVE
owned-declaration	Effect4.StepResult.machine.eq_1	Effect4.Concurrency.Scheduler	FIBER-PG-REPRESENTATIVE
owned-declaration	Effect4.StepResult.machine.eq_2	Effect4.Concurrency.Scheduler	FIBER-PG-REPRESENTATIVE
owned-declaration	Effect4.StepResult.machine.match_1	Effect4.Concurrency.Scheduler	FIBER-PG-REPRESENTATIVE
owned-declaration	Effect4.StepResult.machine_advanced	Effect4.Concurrency.Scheduler	FIBER-PG-REPRESENTATIVE
owned-declaration	Effect4.StepResult.machine_refused	Effect4.Concurrency.Scheduler	FIBER-PG-REPRESENTATIVE
owned-declaration	Effect4.StepResult.noConfusion	Effect4.Concurrency.Scheduler	FIBER-PG-REPRESENTATIVE
owned-declaration	Effect4.StepResult.noConfusionType	Effect4.Concurrency.Scheduler	FIBER-PG-REPRESENTATIVE
owned-declaration	Effect4.StepResult.rec	Effect4.Concurrency.Scheduler	FIBER-PG-REPRESENTATIVE
owned-declaration	Effect4.StepResult.recOn	Effect4.Concurrency.Scheduler	FIBER-PG-REPRESENTATIVE
owned-declaration	Effect4.StepResult.refused	Effect4.Concurrency.Scheduler	FIBER-PG-REPRESENTATIVE
owned-declaration	Effect4.StepResult.refused.elim	Effect4.Concurrency.Scheduler	FIBER-PG-REPRESENTATIVE
owned-declaration	Effect4.StepResult.refused.inj	Effect4.Concurrency.Scheduler	FIBER-PG-REPRESENTATIVE
owned-declaration	Effect4.StepResult.refused.injEq	Effect4.Concurrency.Scheduler	FIBER-PG-REPRESENTATIVE
owned-declaration	Effect4.StepResult.refused.noConfusion	Effect4.Concurrency.Scheduler	FIBER-PG-REPRESENTATIVE
owned-declaration	Effect4.StepResult.refused.sizeOf_spec	Effect4.Concurrency.Scheduler	FIBER-PG-REPRESENTATIVE
owned-declaration	Effect4.Trace	Effect4.Concurrency.Scheduler	FIBER-PG-REPRESENTATIVE
owned-declaration	Effect4.activeDecision	Effect4.Concurrency.Scheduler	FIBER-PG-REPRESENTATIVE
owned-declaration	Effect4.cleanup_at_most_once	Effect4.Concurrency.Scheduler	FIBER-PG-REPRESENTATIVE
owned-declaration	Effect4.cleanup_count_monotone	Effect4.Concurrency.Scheduler	FIBER-PG-REPRESENTATIVE
owned-declaration	Effect4.cleanup_events_agree	Effect4.Concurrency.Scheduler	FIBER-PG-REPRESENTATIVE
owned-declaration	Effect4.cleanup_events_at_most_once	Effect4.Concurrency.Scheduler	FIBER-PG-REPRESENTATIVE
owned-declaration	Effect4.cleanup_exists	Effect4.Concurrency.Scheduler	FIBER-PG-REPRESENTATIVE
owned-declaration	Effect4.cleanup_preserves_terminal	Effect4.Concurrency.Scheduler	FIBER-PG-REPRESENTATIVE
owned-declaration	Effect4.cleanup_safe_on_finish	Effect4.Concurrency.Scheduler	FIBER-PG-REPRESENTATIVE
owned-declaration	Effect4.completion_exists	Effect4.Concurrency.Scheduler	FIBER-PG-REPRESENTATIVE
owned-declaration	Effect4.done_join_exists	Effect4.Concurrency.Scheduler	FIBER-PG-REPRESENTATIVE
owned-declaration	Effect4.double_join_agreement	Effect4.Concurrency.Scheduler	FIBER-PG-REPRESENTATIVE
owned-declaration	Effect4.enter_mask_exists	Effect4.Concurrency.Scheduler	FIBER-PG-REPRESENTATIVE
owned-declaration	Effect4.exists_representative_finished_run	Effect4.Concurrency.Scheduler	FIBER-PG-REPRESENTATIVE
owned-declaration	Effect4.finishedDecision	Effect4.Concurrency.Scheduler	FIBER-PG-REPRESENTATIVE
owned-declaration	Effect4.finite_replay_total	Effect4.Concurrency.Scheduler	FIBER-PG-REPRESENTATIVE
owned-declaration	Effect4.fixedTape_deterministic	Effect4.Concurrency.Scheduler	FIBER-PG-REPRESENTATIVE
owned-declaration	Effect4.instDecidableEqSchedulerRefusal	Effect4.Concurrency.Scheduler	FIBER-PG-REPRESENTATIVE
owned-declaration	Effect4.instDecidableEqSchedulerRefusal.decEq	Effect4.Concurrency.Scheduler	FIBER-PG-REPRESENTATIVE
owned-declaration	Effect4.instDecidableEqSchedulerRefusal.decEq.match_1	Effect4.Concurrency.Scheduler	FIBER-PG-REPRESENTATIVE
owned-declaration	Effect4.instReprSchedulerRefusal	Effect4.Concurrency.Scheduler	FIBER-PG-REPRESENTATIVE
owned-declaration	Effect4.instReprSchedulerRefusal.repr	Effect4.Concurrency.Scheduler	FIBER-PG-REPRESENTATIVE
owned-declaration	Effect4.instReprSchedulerRefusal.repr.match_1	Effect4.Concurrency.Scheduler	FIBER-PG-REPRESENTATIVE
owned-declaration	Effect4.interrupt_complete_order_distinct	Effect4.Concurrency.Scheduler	FIBER-PG-REPRESENTATIVE
owned-declaration	Effect4.invalid_completion_refuses	Effect4.Concurrency.Scheduler	FIBER-PG-REPRESENTATIVE
owned-declaration	Effect4.join_agreement	Effect4.Concurrency.Scheduler	FIBER-PG-REPRESENTATIVE
owned-declaration	Effect4.masked_interrupt_defers	Effect4.Concurrency.Scheduler	FIBER-PG-REPRESENTATIVE
owned-declaration	Effect4.masked_request_exists	Effect4.Concurrency.Scheduler	FIBER-PG-REPRESENTATIVE
owned-declaration	Effect4.pending_unmask_exists	Effect4.Concurrency.Scheduler	FIBER-PG-REPRESENTATIVE
owned-declaration	Effect4.representative_inputs_exist	Effect4.Concurrency.Scheduler	FIBER-PG-REPRESENTATIVE
owned-declaration	Effect4.runs_cons_iff	Effect4.Concurrency.Scheduler	FIBER-PG-REPRESENTATIVE
owned-declaration	Effect4.runs_nil_finished	Effect4.Concurrency.Scheduler	FIBER-PG-REPRESENTATIVE
owned-declaration	Effect4.runs_nil_frontier	Effect4.Concurrency.Scheduler	FIBER-PG-REPRESENTATIVE
owned-declaration	Effect4.runs_nil_iff	Effect4.Concurrency.Scheduler	FIBER-PG-REPRESENTATIVE
owned-declaration	Effect4.runs_preserves_wellFormed	Effect4.Concurrency.Scheduler	FIBER-PG-REPRESENTATIVE
owned-declaration	Effect4.stepEval	Effect4.Concurrency.Scheduler	FIBER-PG-REPRESENTATIVE
owned-declaration	Effect4.stepEval.eq_1	Effect4.Concurrency.Scheduler	FIBER-PG-REPRESENTATIVE
owned-declaration	Effect4.stepEval.eq_2	Effect4.Concurrency.Scheduler	FIBER-PG-REPRESENTATIVE
owned-declaration	Effect4.stepEval.eq_3	Effect4.Concurrency.Scheduler	FIBER-PG-REPRESENTATIVE
owned-declaration	Effect4.stepEval.eq_4	Effect4.Concurrency.Scheduler	FIBER-PG-REPRESENTATIVE
owned-declaration	Effect4.stepEval.eq_5	Effect4.Concurrency.Scheduler	FIBER-PG-REPRESENTATIVE
owned-declaration	Effect4.stepEval.eq_6	Effect4.Concurrency.Scheduler	FIBER-PG-REPRESENTATIVE
owned-declaration	Effect4.stepEval.eq_7	Effect4.Concurrency.Scheduler	FIBER-PG-REPRESENTATIVE
owned-declaration	Effect4.stepEval.match_1	Effect4.Concurrency.Scheduler	FIBER-PG-REPRESENTATIVE
owned-declaration	Effect4.stepEval.match_3	Effect4.Concurrency.Scheduler	FIBER-PG-REPRESENTATIVE
owned-declaration	Effect4.stepEval.match_5	Effect4.Concurrency.Scheduler	FIBER-PG-REPRESENTATIVE
owned-declaration	Effect4.stepEval_cleanup_invalid	Effect4.Concurrency.Scheduler	FIBER-PG-REPRESENTATIVE
owned-declaration	Effect4.stepEval_cleanup_missing	Effect4.Concurrency.Scheduler	FIBER-PG-REPRESENTATIVE
owned-declaration	Effect4.stepEval_cleanup_ready	Effect4.Concurrency.Scheduler	FIBER-PG-REPRESENTATIVE
owned-declaration	Effect4.stepEval_complete_invalid	Effect4.Concurrency.Scheduler	FIBER-PG-REPRESENTATIVE
owned-declaration	Effect4.stepEval_complete_missing	Effect4.Concurrency.Scheduler	FIBER-PG-REPRESENTATIVE
owned-declaration	Effect4.stepEval_complete_running	Effect4.Concurrency.Scheduler	FIBER-PG-REPRESENTATIVE
owned-declaration	Effect4.stepEval_enterMask	Effect4.Concurrency.Scheduler	FIBER-PG-REPRESENTATIVE
owned-declaration	Effect4.stepEval_enterMask_inactive	Effect4.Concurrency.Scheduler	FIBER-PG-REPRESENTATIVE
owned-declaration	Effect4.stepEval_enterMask_invalid	Effect4.Concurrency.Scheduler	FIBER-PG-REPRESENTATIVE
owned-declaration	Effect4.stepEval_enterMask_missing	Effect4.Concurrency.Scheduler	FIBER-PG-REPRESENTATIVE
owned-declaration	Effect4.stepEval_exitMask_clear	Effect4.Concurrency.Scheduler	FIBER-PG-REPRESENTATIVE
owned-declaration	Effect4.stepEval_exitMask_inactive	Effect4.Concurrency.Scheduler	FIBER-PG-REPRESENTATIVE
owned-declaration	Effect4.stepEval_exitMask_invalid	Effect4.Concurrency.Scheduler	FIBER-PG-REPRESENTATIVE
owned-declaration	Effect4.stepEval_exitMask_missing	Effect4.Concurrency.Scheduler	FIBER-PG-REPRESENTATIVE
owned-declaration	Effect4.stepEval_exitMask_pending	Effect4.Concurrency.Scheduler	FIBER-PG-REPRESENTATIVE
owned-declaration	Effect4.stepEval_interrupt_invalid	Effect4.Concurrency.Scheduler	FIBER-PG-REPRESENTATIVE
owned-declaration	Effect4.stepEval_interrupt_masked	Effect4.Concurrency.Scheduler	FIBER-PG-REPRESENTATIVE
owned-declaration	Effect4.stepEval_interrupt_missing_requester	Effect4.Concurrency.Scheduler	FIBER-PG-REPRESENTATIVE
owned-declaration	Effect4.stepEval_interrupt_missing_target	Effect4.Concurrency.Scheduler	FIBER-PG-REPRESENTATIVE
owned-declaration	Effect4.stepEval_interrupt_unmasked	Effect4.Concurrency.Scheduler	FIBER-PG-REPRESENTATIVE
owned-declaration	Effect4.stepEval_join_done	Effect4.Concurrency.Scheduler	FIBER-PG-REPRESENTATIVE
owned-declaration	Effect4.stepEval_join_done_invalid	Effect4.Concurrency.Scheduler	FIBER-PG-REPRESENTATIVE
owned-declaration	Effect4.stepEval_join_done_missing_terminal	Effect4.Concurrency.Scheduler	FIBER-PG-REPRESENTATIVE
owned-declaration	Effect4.stepEval_join_invalid	Effect4.Concurrency.Scheduler	FIBER-PG-REPRESENTATIVE
owned-declaration	Effect4.stepEval_join_missing_target	Effect4.Concurrency.Scheduler	FIBER-PG-REPRESENTATIVE
owned-declaration	Effect4.stepEval_join_missing_waiter	Effect4.Concurrency.Scheduler	FIBER-PG-REPRESENTATIVE
owned-declaration	Effect4.stepEval_join_self_invalid	Effect4.Concurrency.Scheduler	FIBER-PG-REPRESENTATIVE
owned-declaration	Effect4.stepEval_join_waiting	Effect4.Concurrency.Scheduler	FIBER-PG-REPRESENTATIVE
owned-declaration	Effect4.stepEval_schedule_invalid	Effect4.Concurrency.Scheduler	FIBER-PG-REPRESENTATIVE
owned-declaration	Effect4.stepEval_schedule_missing	Effect4.Concurrency.Scheduler	FIBER-PG-REPRESENTATIVE
owned-declaration	Effect4.stepEval_schedule_runnable	Effect4.Concurrency.Scheduler	FIBER-PG-REPRESENTATIVE
owned-declaration	Effect4.step_deterministic	Effect4.Concurrency.Scheduler	FIBER-PG-REPRESENTATIVE
owned-declaration	Effect4.step_iff	Effect4.Concurrency.Scheduler	FIBER-PG-REPRESENTATIVE
owned-declaration	Effect4.step_preserves_wellFormed	Effect4.Concurrency.Scheduler	FIBER-PG-REPRESENTATIVE
owned-declaration	Effect4.step_total	Effect4.Concurrency.Scheduler	FIBER-PG-REPRESENTATIVE
owned-declaration	Effect4.unknown_schedule_refuses	Effect4.Concurrency.Scheduler	FIBER-PG-REPRESENTATIVE
owned-declaration	Effect4.unmask_delivers_pending	Effect4.Concurrency.Scheduler	FIBER-PG-REPRESENTATIVE
owned-declaration	Effect4.unmask_without_pending_exists	Effect4.Concurrency.Scheduler	FIBER-PG-REPRESENTATIVE
owned-declaration	Effect4.unmasked_interrupt_delivers	Effect4.Concurrency.Scheduler	FIBER-PG-REPRESENTATIVE
owned-declaration	Effect4.unmasked_request_exists	Effect4.Concurrency.Scheduler	FIBER-PG-REPRESENTATIVE
owned-declaration	Effect4.waiting_join_exists	Effect4.Concurrency.Scheduler	FIBER-PG-REPRESENTATIVE
api	Effect4.FiberStatus	Effect4.Concurrency.Fiber	FIBER-LEAF-STATUS/CONSTRUCTION
api	Effect4.InterruptMask	Effect4.Concurrency.Interrupt	FIBER-LEAF-INTERRUPT-MASK/CONSTRUCTION
api	Effect4.CleanupState	Effect4.Concurrency.Interrupt	FIBER-LEAF-CLEANUP-STATE/CONSTRUCTION
api	Effect4.SchedulerRefusal	Effect4.Concurrency.Scheduler	FIBER-LEAF-REFUSAL/SEMANTICS
api	Effect4.FiberId	Effect4.Concurrency.Fiber	FIBER-LEAF-ID/IDENTITY
api	Effect4.FiberId.mk	Effect4.Concurrency.Fiber	FIBER-LEAF-ID/IDENTITY
api	Effect4.FiberId.value	Effect4.Concurrency.Fiber	FIBER-LEAF-ID/IDENTITY
api	Effect4.FiberStatus.runnable	Effect4.Concurrency.Fiber	FIBER-LEAF-STATUS/CONSTRUCTION
api	Effect4.FiberStatus.running	Effect4.Concurrency.Fiber	FIBER-LEAF-STATUS/CONSTRUCTION
api	Effect4.FiberStatus.waiting	Effect4.Concurrency.Fiber	FIBER-LEAF-STATUS/CONSTRUCTION
api	Effect4.FiberStatus.finalizing	Effect4.Concurrency.Fiber	FIBER-LEAF-STATUS/CONSTRUCTION
api	Effect4.FiberStatus.done	Effect4.Concurrency.Fiber	FIBER-LEAF-STATUS/CONSTRUCTION
api	Effect4.FiberStatus.Active	Effect4.Concurrency.Fiber	FIBER-LEAF-STATUS/CONSTRUCTION
api	Effect4.FiberStatus.active_iff	Effect4.Concurrency.Fiber	FIBER-LEAF-STATUS/CONSTRUCTION
api	Effect4.FiberStatus.activeDecidable	Effect4.Concurrency.Fiber	FIBER-LEAF-STATUS/CONSTRUCTION
api	Effect4.InterruptMask.unmasked	Effect4.Concurrency.Interrupt	FIBER-LEAF-INTERRUPT-MASK/CONSTRUCTION
api	Effect4.InterruptMask.masked	Effect4.Concurrency.Interrupt	FIBER-LEAF-INTERRUPT-MASK/CONSTRUCTION
api	Effect4.CleanupState.notStarted	Effect4.Concurrency.Interrupt	FIBER-LEAF-CLEANUP-STATE/CONSTRUCTION
api	Effect4.CleanupState.pending	Effect4.Concurrency.Interrupt	FIBER-LEAF-CLEANUP-STATE/CONSTRUCTION
api	Effect4.CleanupState.done	Effect4.Concurrency.Interrupt	FIBER-LEAF-CLEANUP-STATE/CONSTRUCTION
api	Effect4.SchedulerRefusal.unknownFiber	Effect4.Concurrency.Scheduler	FIBER-LEAF-REFUSAL/SEMANTICS
api	Effect4.SchedulerRefusal.invalidLifecycle	Effect4.Concurrency.Scheduler	FIBER-LEAF-REFUSAL/SEMANTICS
api	Effect4.InterruptBoundary	Effect4.Concurrency.Interrupt	FIBER-LEAF-BOUNDARY/SEMANTICS
api	Effect4.InterruptBoundary.mk	Effect4.Concurrency.Interrupt	FIBER-LEAF-BOUNDARY/SEMANTICS
api	Effect4.InterruptBoundary.interrupted	Effect4.Concurrency.Interrupt	FIBER-LEAF-BOUNDARY/SEMANTICS
api	Effect4.FiberState	Effect4.Concurrency.Fiber	FIBER-LEAF-STATE/SEMANTICS
api	Effect4.FiberState.mk	Effect4.Concurrency.Fiber	FIBER-LEAF-STATE/SEMANTICS
api	Effect4.FiberState.id	Effect4.Concurrency.Fiber	FIBER-LEAF-STATE/SEMANTICS
api	Effect4.FiberState.status	Effect4.Concurrency.Fiber	FIBER-LEAF-STATE/SEMANTICS
api	Effect4.FiberState.terminal	Effect4.Concurrency.Fiber	FIBER-LEAF-STATE/SEMANTICS
api	Effect4.FiberState.mask	Effect4.Concurrency.Fiber	FIBER-LEAF-STATE/SEMANTICS
api	Effect4.FiberState.interruptPending	Effect4.Concurrency.Fiber	FIBER-LEAF-STATE/SEMANTICS
api	Effect4.FiberState.cleanup	Effect4.Concurrency.Fiber	FIBER-LEAF-STATE/SEMANTICS
api	Effect4.FiberState.cleanupCount	Effect4.Concurrency.Fiber	FIBER-LEAF-STATE/SEMANTICS
api	Effect4.SchedulerDecision	Effect4.Concurrency.Scheduler	FIBER-LEAF-DECISION/SEMANTICS
api	Effect4.SchedulerDecision.schedule	Effect4.Concurrency.Scheduler	FIBER-LEAF-DECISION/SEMANTICS
api	Effect4.SchedulerDecision.join	Effect4.Concurrency.Scheduler	FIBER-LEAF-DECISION/SEMANTICS
api	Effect4.SchedulerDecision.requestInterrupt	Effect4.Concurrency.Scheduler	FIBER-LEAF-DECISION/SEMANTICS
api	Effect4.SchedulerDecision.enterMask	Effect4.Concurrency.Scheduler	FIBER-LEAF-DECISION/SEMANTICS
api	Effect4.SchedulerDecision.exitMask	Effect4.Concurrency.Scheduler	FIBER-LEAF-DECISION/SEMANTICS
api	Effect4.SchedulerDecision.complete	Effect4.Concurrency.Scheduler	FIBER-LEAF-DECISION/SEMANTICS
api	Effect4.SchedulerDecision.cleanup	Effect4.Concurrency.Scheduler	FIBER-LEAF-DECISION/SEMANTICS
api	Effect4.DecisionTape	Effect4.Concurrency.Scheduler	FIBER-LEAF-TAPE/SEMANTICS
api	Effect4.Event	Effect4.Concurrency.Scheduler	FIBER-LEAF-EVENT/SEMANTICS
api	Effect4.Event.scheduled	Effect4.Concurrency.Scheduler	FIBER-LEAF-EVENT/SEMANTICS
api	Effect4.Event.joinWaiting	Effect4.Concurrency.Scheduler	FIBER-LEAF-EVENT/SEMANTICS
api	Effect4.Event.joinObserved	Effect4.Concurrency.Scheduler	FIBER-LEAF-EVENT/SEMANTICS
api	Effect4.Event.interruptRequested	Effect4.Concurrency.Scheduler	FIBER-LEAF-EVENT/SEMANTICS
api	Effect4.Event.interruptDeferred	Effect4.Concurrency.Scheduler	FIBER-LEAF-EVENT/SEMANTICS
api	Effect4.Event.interruptDelivered	Effect4.Concurrency.Scheduler	FIBER-LEAF-EVENT/SEMANTICS
api	Effect4.Event.maskEntered	Effect4.Concurrency.Scheduler	FIBER-LEAF-EVENT/SEMANTICS
api	Effect4.Event.maskExited	Effect4.Concurrency.Scheduler	FIBER-LEAF-EVENT/SEMANTICS
api	Effect4.Event.completed	Effect4.Concurrency.Scheduler	FIBER-LEAF-EVENT/SEMANTICS
api	Effect4.Event.cleanupFinished	Effect4.Concurrency.Scheduler	FIBER-LEAF-EVENT/SEMANTICS
api	Effect4.Event.cleanupId?	Effect4.Concurrency.Scheduler	FIBER-LEAF-EVENT/SEMANTICS
api	Effect4.Event.cleanupId_eq_some	Effect4.Concurrency.Scheduler	FIBER-LEAF-EVENT/SEMANTICS
api	Effect4.Trace	Effect4.Concurrency.Scheduler	FIBER-LEAF-TRACE/SEMANTICS
api	Effect4.Machine	Effect4.Concurrency.Scheduler	FIBER-LEAF-MACHINE/SEMANTICS
api	Effect4.Machine.mk	Effect4.Concurrency.Scheduler	FIBER-LEAF-MACHINE/SEMANTICS
api	Effect4.Machine.fibers	Effect4.Concurrency.Scheduler	FIBER-LEAF-MACHINE/SEMANTICS
api	Effect4.Machine.trace	Effect4.Concurrency.Scheduler	FIBER-LEAF-MACHINE/SEMANTICS
api	Effect4.Machine.fiber	Effect4.Concurrency.Scheduler	FIBER-PG-REPRESENTATIVE/SEMANTICS
api	Effect4.Machine.terminal	Effect4.Concurrency.Scheduler	FIBER-PG-REPRESENTATIVE/SEMANTICS
api	Effect4.Machine.mask	Effect4.Concurrency.Scheduler	FIBER-PG-REPRESENTATIVE/SEMANTICS
api	Effect4.Machine.interruptPending	Effect4.Concurrency.Scheduler	FIBER-PG-REPRESENTATIVE/SEMANTICS
api	Effect4.Machine.cleanupState	Effect4.Concurrency.Scheduler	FIBER-PG-REPRESENTATIVE/SEMANTICS
api	Effect4.Machine.cleanupCount	Effect4.Concurrency.Scheduler	FIBER-PG-REPRESENTATIVE/SEMANTICS
api	Effect4.Machine.cleanupEventIds	Effect4.Concurrency.Scheduler	FIBER-PG-REPRESENTATIVE/SEMANTICS
api	Effect4.Machine.fiber_eq_find	Effect4.Concurrency.Scheduler	FIBER-PG-REPRESENTATIVE/SEMANTICS
api	Effect4.Machine.terminal_eq	Effect4.Concurrency.Scheduler	FIBER-PG-REPRESENTATIVE/SEMANTICS
api	Effect4.Machine.mask_eq	Effect4.Concurrency.Scheduler	FIBER-PG-REPRESENTATIVE/SEMANTICS
api	Effect4.Machine.interruptPending_eq	Effect4.Concurrency.Scheduler	FIBER-PG-REPRESENTATIVE/SEMANTICS
api	Effect4.Machine.cleanupState_eq	Effect4.Concurrency.Scheduler	FIBER-PG-REPRESENTATIVE/SEMANTICS
api	Effect4.Machine.cleanupCount_eq	Effect4.Concurrency.Scheduler	FIBER-PG-REPRESENTATIVE/SEMANTICS
api	Effect4.Machine.cleanupEventIds_eq	Effect4.Concurrency.Scheduler	FIBER-PG-REPRESENTATIVE/SEMANTICS
api	Effect4.Machine.transition	Effect4.Concurrency.Scheduler	FIBER-PG-REPRESENTATIVE/SEMANTICS
api	Effect4.Machine.transition_fibers	Effect4.Concurrency.Scheduler	FIBER-PG-REPRESENTATIVE/SEMANTICS
api	Effect4.Machine.transition_trace	Effect4.Concurrency.Scheduler	FIBER-PG-REPRESENTATIVE/SEMANTICS
api	Effect4.Machine.transition_cleanupEventIds	Effect4.Concurrency.Scheduler	FIBER-PG-REPRESENTATIVE/SEMANTICS
api	Effect4.Machine.transition_fiber_other	Effect4.Concurrency.Scheduler	FIBER-PG-REPRESENTATIVE/SEMANTICS
api	Effect4.Machine.WellFormed	Effect4.Concurrency.Scheduler	FIBER-PG-REPRESENTATIVE/CONSTRUCTION
api	Effect4.Machine.WellFormed.mk	Effect4.Concurrency.Scheduler	FIBER-PG-REPRESENTATIVE/CONSTRUCTION
api	Effect4.Machine.WellFormed.idsUnique	Effect4.Concurrency.Scheduler	FIBER-PG-REPRESENTATIVE/CONSTRUCTION
api	Effect4.Machine.WellFormed.cleanupBounded	Effect4.Concurrency.Scheduler	FIBER-PG-REPRESENTATIVE/CONSTRUCTION
api	Effect4.Machine.WellFormed.cleanupEventsUnique	Effect4.Concurrency.Scheduler	FIBER-PG-REPRESENTATIVE/CONSTRUCTION
api	Effect4.Machine.WellFormed.cleanupEventsClosed	Effect4.Concurrency.Scheduler	FIBER-PG-REPRESENTATIVE/CONSTRUCTION
api	Effect4.Machine.WellFormed.cleanupEventAgreement	Effect4.Concurrency.Scheduler	FIBER-PG-REPRESENTATIVE/CONSTRUCTION
api	Effect4.Machine.WellFormed.activeCleanup	Effect4.Concurrency.Scheduler	FIBER-PG-REPRESENTATIVE/CONSTRUCTION
api	Effect4.Machine.WellFormed.finalizingCleanup	Effect4.Concurrency.Scheduler	FIBER-PG-REPRESENTATIVE/CONSTRUCTION
api	Effect4.Machine.WellFormed.doneCleanup	Effect4.Concurrency.Scheduler	FIBER-PG-REPRESENTATIVE/CONSTRUCTION
api	Effect4.Machine.WellFormed.pendingActive	Effect4.Concurrency.Scheduler	FIBER-PG-REPRESENTATIVE/CONSTRUCTION
api	Effect4.Machine.WellFormed.waitingClosed	Effect4.Concurrency.Scheduler	FIBER-PG-REPRESENTATIVE/CONSTRUCTION
api	Effect4.Machine.wellFormedDecidable	Effect4.Concurrency.Scheduler	FIBER-PG-REPRESENTATIVE/CONSTRUCTION
api	Effect4.Machine.Finished	Effect4.Concurrency.Scheduler	FIBER-PG-REPRESENTATIVE/SEMANTICS
api	Effect4.Machine.finished_iff	Effect4.Concurrency.Scheduler	FIBER-PG-REPRESENTATIVE/SEMANTICS
api	Effect4.StepResult	Effect4.Concurrency.Scheduler	FIBER-LEAF-STEP-RESULT/SEMANTICS
api	Effect4.StepResult.advanced	Effect4.Concurrency.Scheduler	FIBER-LEAF-STEP-RESULT/SEMANTICS
api	Effect4.StepResult.refused	Effect4.Concurrency.Scheduler	FIBER-LEAF-STEP-RESULT/SEMANTICS
api	Effect4.StepResult.machine	Effect4.Concurrency.Scheduler	FIBER-LEAF-STEP-RESULT/SEMANTICS
api	Effect4.StepResult.machine_advanced	Effect4.Concurrency.Scheduler	FIBER-LEAF-STEP-RESULT/SEMANTICS
api	Effect4.StepResult.machine_refused	Effect4.Concurrency.Scheduler	FIBER-LEAF-STEP-RESULT/SEMANTICS
api	Effect4.ReplayResult	Effect4.Concurrency.Scheduler	FIBER-LEAF-REPLAY-RESULT/SEMANTICS
api	Effect4.ReplayResult.finished	Effect4.Concurrency.Scheduler	FIBER-LEAF-REPLAY-RESULT/SEMANTICS
api	Effect4.ReplayResult.refused	Effect4.Concurrency.Scheduler	FIBER-LEAF-REPLAY-RESULT/SEMANTICS
api	Effect4.ReplayResult.frontier	Effect4.Concurrency.Scheduler	FIBER-LEAF-REPLAY-RESULT/SEMANTICS
api	Effect4.ReplayResult.machine	Effect4.Concurrency.Scheduler	FIBER-LEAF-REPLAY-RESULT/SEMANTICS
api	Effect4.ReplayResult.machine_finished	Effect4.Concurrency.Scheduler	FIBER-LEAF-REPLAY-RESULT/SEMANTICS
api	Effect4.ReplayResult.machine_refused	Effect4.Concurrency.Scheduler	FIBER-LEAF-REPLAY-RESULT/SEMANTICS
api	Effect4.ReplayResult.machine_frontier	Effect4.Concurrency.Scheduler	FIBER-LEAF-REPLAY-RESULT/SEMANTICS
api	Effect4.Step	Effect4.Concurrency.Scheduler	FIBER-PG-REPRESENTATIVE/SEMANTICS
api	Effect4.Runs	Effect4.Concurrency.Scheduler	FIBER-PG-REPRESENTATIVE/SEMANTICS
api	Effect4.stepEval	Effect4.Concurrency.Scheduler	FIBER-PG-REPRESENTATIVE/SEMANTICS
api	Effect4.step_iff	Effect4.Concurrency.Scheduler	FIBER-PG-REPRESENTATIVE/SEMANTICS
api	Effect4.FiberStatus.cases_receipt	Effect4.Concurrency.Fiber	FIBER-LEAF-STATUS/CONSTRUCTION
api	Effect4.InterruptMask.cases_receipt	Effect4.Concurrency.Interrupt	FIBER-LEAF-INTERRUPT-MASK/CONSTRUCTION
api	Effect4.CleanupState.cases_receipt	Effect4.Concurrency.Interrupt	FIBER-LEAF-CLEANUP-STATE/CONSTRUCTION
api	Effect4.SchedulerRefusal.cases_receipt	Effect4.Concurrency.Scheduler	FIBER-LEAF-REFUSAL/SEMANTICS
api	Effect4.SchedulerDecision.cases_receipt	Effect4.Concurrency.Scheduler	FIBER-LEAF-DECISION/SEMANTICS
api	Effect4.Event.cases_receipt	Effect4.Concurrency.Scheduler	FIBER-LEAF-EVENT/SEMANTICS
api	Effect4.step_deterministic	Effect4.Concurrency.Scheduler	FIBER-PG-REPRESENTATIVE/LAWS
api	Effect4.fixedTape_deterministic	Effect4.Concurrency.Scheduler	FIBER-PG-REPRESENTATIVE/LAWS
api	Effect4.step_preserves_wellFormed	Effect4.Concurrency.Scheduler	FIBER-PG-REPRESENTATIVE/LAWS
api	Effect4.runs_preserves_wellFormed	Effect4.Concurrency.Scheduler	FIBER-PG-REPRESENTATIVE/LAWS
api	Effect4.finite_replay_total	Effect4.Concurrency.Scheduler	FIBER-PG-REPRESENTATIVE/SEMANTICS
api	Effect4.step_total	Effect4.Concurrency.Scheduler	FIBER-PG-REPRESENTATIVE/SEMANTICS
api	Effect4.stepEval_schedule_missing	Effect4.Concurrency.Scheduler	FIBER-PG-REPRESENTATIVE/SEMANTICS
api	Effect4.stepEval_schedule_runnable	Effect4.Concurrency.Scheduler	FIBER-PG-REPRESENTATIVE/SEMANTICS
api	Effect4.stepEval_schedule_invalid	Effect4.Concurrency.Scheduler	FIBER-PG-REPRESENTATIVE/SEMANTICS
api	Effect4.stepEval_join_missing_waiter	Effect4.Concurrency.Scheduler	FIBER-PG-REPRESENTATIVE/SEMANTICS
api	Effect4.stepEval_join_missing_target	Effect4.Concurrency.Scheduler	FIBER-PG-REPRESENTATIVE/SEMANTICS
api	Effect4.stepEval_join_done	Effect4.Concurrency.Scheduler	FIBER-PG-REPRESENTATIVE/SEMANTICS
api	Effect4.stepEval_join_done_missing_terminal	Effect4.Concurrency.Scheduler	FIBER-PG-REPRESENTATIVE/SEMANTICS
api	Effect4.stepEval_join_waiting	Effect4.Concurrency.Scheduler	FIBER-PG-REPRESENTATIVE/SEMANTICS
api	Effect4.stepEval_join_invalid	Effect4.Concurrency.Scheduler	FIBER-PG-REPRESENTATIVE/SEMANTICS
api	Effect4.stepEval_join_done_invalid	Effect4.Concurrency.Scheduler	FIBER-PG-REPRESENTATIVE/SEMANTICS
api	Effect4.stepEval_join_self_invalid	Effect4.Concurrency.Scheduler	FIBER-PG-REPRESENTATIVE/SEMANTICS
api	Effect4.stepEval_interrupt_missing_requester	Effect4.Concurrency.Scheduler	FIBER-PG-REPRESENTATIVE/SEMANTICS
api	Effect4.stepEval_interrupt_missing_target	Effect4.Concurrency.Scheduler	FIBER-PG-REPRESENTATIVE/SEMANTICS
api	Effect4.stepEval_interrupt_masked	Effect4.Concurrency.Scheduler	FIBER-PG-REPRESENTATIVE/SEMANTICS
api	Effect4.stepEval_interrupt_unmasked	Effect4.Concurrency.Scheduler	FIBER-PG-REPRESENTATIVE/SEMANTICS
api	Effect4.stepEval_interrupt_invalid	Effect4.Concurrency.Scheduler	FIBER-PG-REPRESENTATIVE/SEMANTICS
api	Effect4.stepEval_enterMask_missing	Effect4.Concurrency.Scheduler	FIBER-PG-REPRESENTATIVE/SEMANTICS
api	Effect4.stepEval_enterMask	Effect4.Concurrency.Scheduler	FIBER-PG-REPRESENTATIVE/SEMANTICS
api	Effect4.stepEval_enterMask_invalid	Effect4.Concurrency.Scheduler	FIBER-PG-REPRESENTATIVE/SEMANTICS
api	Effect4.stepEval_enterMask_inactive	Effect4.Concurrency.Scheduler	FIBER-PG-REPRESENTATIVE/SEMANTICS
api	Effect4.stepEval_exitMask_missing	Effect4.Concurrency.Scheduler	FIBER-PG-REPRESENTATIVE/SEMANTICS
api	Effect4.stepEval_exitMask_pending	Effect4.Concurrency.Scheduler	FIBER-PG-REPRESENTATIVE/SEMANTICS
api	Effect4.stepEval_exitMask_clear	Effect4.Concurrency.Scheduler	FIBER-PG-REPRESENTATIVE/SEMANTICS
api	Effect4.stepEval_exitMask_invalid	Effect4.Concurrency.Scheduler	FIBER-PG-REPRESENTATIVE/SEMANTICS
api	Effect4.stepEval_exitMask_inactive	Effect4.Concurrency.Scheduler	FIBER-PG-REPRESENTATIVE/SEMANTICS
api	Effect4.stepEval_complete_missing	Effect4.Concurrency.Scheduler	FIBER-PG-REPRESENTATIVE/SEMANTICS
api	Effect4.stepEval_complete_running	Effect4.Concurrency.Scheduler	FIBER-PG-REPRESENTATIVE/SEMANTICS
api	Effect4.stepEval_complete_invalid	Effect4.Concurrency.Scheduler	FIBER-PG-REPRESENTATIVE/SEMANTICS
api	Effect4.stepEval_cleanup_missing	Effect4.Concurrency.Scheduler	FIBER-PG-REPRESENTATIVE/SEMANTICS
api	Effect4.stepEval_cleanup_ready	Effect4.Concurrency.Scheduler	FIBER-PG-REPRESENTATIVE/SEMANTICS
api	Effect4.stepEval_cleanup_invalid	Effect4.Concurrency.Scheduler	FIBER-PG-REPRESENTATIVE/SEMANTICS
api	Effect4.runs_nil_iff	Effect4.Concurrency.Scheduler	FIBER-PG-REPRESENTATIVE/SEMANTICS
api	Effect4.runs_cons_iff	Effect4.Concurrency.Scheduler	FIBER-PG-REPRESENTATIVE/SEMANTICS
api	Effect4.done_join_exists	Effect4.Concurrency.Scheduler	FIBER-PG-REPRESENTATIVE/SEMANTICS
api	Effect4.waiting_join_exists	Effect4.Concurrency.Scheduler	FIBER-PG-REPRESENTATIVE/SEMANTICS
api	Effect4.masked_request_exists	Effect4.Concurrency.Scheduler	FIBER-PG-REPRESENTATIVE/SEMANTICS
api	Effect4.unmasked_request_exists	Effect4.Concurrency.Scheduler	FIBER-PG-REPRESENTATIVE/SEMANTICS
api	Effect4.enter_mask_exists	Effect4.Concurrency.Scheduler	FIBER-PG-REPRESENTATIVE/SEMANTICS
api	Effect4.pending_unmask_exists	Effect4.Concurrency.Scheduler	FIBER-PG-REPRESENTATIVE/SEMANTICS
api	Effect4.unmask_without_pending_exists	Effect4.Concurrency.Scheduler	FIBER-PG-REPRESENTATIVE/SEMANTICS
api	Effect4.completion_exists	Effect4.Concurrency.Scheduler	FIBER-PG-REPRESENTATIVE/SEMANTICS
api	Effect4.cleanup_exists	Effect4.Concurrency.Scheduler	FIBER-PG-REPRESENTATIVE/SEMANTICS
api	Effect4.unknown_schedule_refuses	Effect4.Concurrency.Scheduler	FIBER-PG-REPRESENTATIVE/SEMANTICS
api	Effect4.invalid_completion_refuses	Effect4.Concurrency.Scheduler	FIBER-PG-REPRESENTATIVE/SEMANTICS
api	Effect4.representative_inputs_exist	Effect4.Concurrency.Scheduler	FIBER-PG-REPRESENTATIVE/SEMANTICS
api	Effect4.runs_nil_finished	Effect4.Concurrency.Scheduler	FIBER-PG-REPRESENTATIVE/SEMANTICS
api	Effect4.runs_nil_frontier	Effect4.Concurrency.Scheduler	FIBER-PG-REPRESENTATIVE/SEMANTICS
api	Effect4.exists_representative_finished_run	Effect4.Concurrency.Scheduler	FIBER-PG-REPRESENTATIVE/SEMANTICS
api	Effect4.join_agreement	Effect4.Concurrency.Scheduler	FIBER-PG-REPRESENTATIVE/LAWS
api	Effect4.double_join_agreement	Effect4.Concurrency.Scheduler	FIBER-PG-REPRESENTATIVE/LAWS
api	Effect4.unmasked_interrupt_delivers	Effect4.Concurrency.Scheduler	FIBER-PG-REPRESENTATIVE/LAWS
api	Effect4.masked_interrupt_defers	Effect4.Concurrency.Scheduler	FIBER-PG-REPRESENTATIVE/LAWS
api	Effect4.unmask_delivers_pending	Effect4.Concurrency.Scheduler	FIBER-PG-REPRESENTATIVE/LAWS
api	Effect4.cleanup_count_monotone	Effect4.Concurrency.Scheduler	FIBER-PG-REPRESENTATIVE/LAWS
api	Effect4.cleanup_at_most_once	Effect4.Concurrency.Scheduler	FIBER-PG-REPRESENTATIVE/LAWS
api	Effect4.cleanup_events_at_most_once	Effect4.Concurrency.Scheduler	FIBER-PG-REPRESENTATIVE/LAWS
api	Effect4.cleanup_events_agree	Effect4.Concurrency.Scheduler	FIBER-PG-REPRESENTATIVE/LAWS
api	Effect4.cleanup_preserves_terminal	Effect4.Concurrency.Scheduler	FIBER-PG-REPRESENTATIVE/LAWS
api	Effect4.cleanup_safe_on_finish	Effect4.Concurrency.Scheduler	FIBER-PG-REPRESENTATIVE/LAWS
api	Effect4.interrupt_complete_order_distinct	Effect4.Concurrency.Scheduler	FIBER-PG-REPRESENTATIVE/COUNTEREXAMPLES
theorem	Effect4.InterruptMask.cases_receipt	FIBER-LEAF-INTERRUPT-MASK/CONSTRUCTION
theorem	Effect4.CleanupState.cases_receipt	FIBER-LEAF-CLEANUP-STATE/CONSTRUCTION
theorem	Effect4.FiberStatus.active_iff	FIBER-LEAF-STATUS/CONSTRUCTION
theorem	Effect4.FiberStatus.cases_receipt	FIBER-LEAF-STATUS/CONSTRUCTION
theorem	Effect4.Event.cleanupId_eq_some	FIBER-LEAF-EVENT/SEMANTICS
theorem	Effect4.Machine.fiber_eq_find	FIBER-PG-REPRESENTATIVE/SEMANTICS
theorem	Effect4.Machine.terminal_eq	FIBER-PG-REPRESENTATIVE/SEMANTICS
theorem	Effect4.Machine.mask_eq	FIBER-PG-REPRESENTATIVE/SEMANTICS
theorem	Effect4.Machine.interruptPending_eq	FIBER-PG-REPRESENTATIVE/SEMANTICS
theorem	Effect4.Machine.cleanupState_eq	FIBER-PG-REPRESENTATIVE/SEMANTICS
theorem	Effect4.Machine.cleanupCount_eq	FIBER-PG-REPRESENTATIVE/SEMANTICS
theorem	Effect4.Machine.cleanupEventIds_eq	FIBER-PG-REPRESENTATIVE/SEMANTICS
theorem	Effect4.Machine.transition_fibers	FIBER-PG-REPRESENTATIVE/SEMANTICS
theorem	Effect4.Machine.transition_trace	FIBER-PG-REPRESENTATIVE/SEMANTICS
theorem	Effect4.Machine.transition_cleanupEventIds	FIBER-PG-REPRESENTATIVE/SEMANTICS
theorem	Effect4.Machine.transition_fiber_other	FIBER-PG-REPRESENTATIVE/SEMANTICS
theorem	Effect4.Machine.finished_iff	FIBER-PG-REPRESENTATIVE/SEMANTICS
theorem	Effect4.SchedulerRefusal.cases_receipt	FIBER-LEAF-REFUSAL/SEMANTICS
theorem	Effect4.SchedulerDecision.cases_receipt	FIBER-LEAF-DECISION/SEMANTICS
theorem	Effect4.Event.cases_receipt	FIBER-LEAF-EVENT/SEMANTICS
theorem	Effect4.StepResult.machine_advanced	FIBER-LEAF-STEP-RESULT/SEMANTICS
theorem	Effect4.StepResult.machine_refused	FIBER-LEAF-STEP-RESULT/SEMANTICS
theorem	Effect4.ReplayResult.machine_finished	FIBER-LEAF-REPLAY-RESULT/SEMANTICS
theorem	Effect4.ReplayResult.machine_refused	FIBER-LEAF-REPLAY-RESULT/SEMANTICS
theorem	Effect4.ReplayResult.machine_frontier	FIBER-LEAF-REPLAY-RESULT/SEMANTICS
theorem	Effect4.step_iff	FIBER-PG-REPRESENTATIVE/SEMANTICS
theorem	Effect4.stepEval_schedule_missing	FIBER-PG-REPRESENTATIVE/SEMANTICS
theorem	Effect4.stepEval_schedule_runnable	FIBER-PG-REPRESENTATIVE/SEMANTICS
theorem	Effect4.stepEval_schedule_invalid	FIBER-PG-REPRESENTATIVE/SEMANTICS
theorem	Effect4.stepEval_join_missing_waiter	FIBER-PG-REPRESENTATIVE/SEMANTICS
theorem	Effect4.stepEval_join_missing_target	FIBER-PG-REPRESENTATIVE/SEMANTICS
theorem	Effect4.stepEval_join_done	FIBER-PG-REPRESENTATIVE/SEMANTICS
theorem	Effect4.stepEval_join_done_missing_terminal	FIBER-PG-REPRESENTATIVE/SEMANTICS
theorem	Effect4.stepEval_join_waiting	FIBER-PG-REPRESENTATIVE/SEMANTICS
theorem	Effect4.stepEval_join_invalid	FIBER-PG-REPRESENTATIVE/SEMANTICS
theorem	Effect4.stepEval_join_done_invalid	FIBER-PG-REPRESENTATIVE/SEMANTICS
theorem	Effect4.stepEval_join_self_invalid	FIBER-PG-REPRESENTATIVE/SEMANTICS
theorem	Effect4.stepEval_interrupt_missing_requester	FIBER-PG-REPRESENTATIVE/SEMANTICS
theorem	Effect4.stepEval_interrupt_missing_target	FIBER-PG-REPRESENTATIVE/SEMANTICS
theorem	Effect4.stepEval_interrupt_masked	FIBER-PG-REPRESENTATIVE/SEMANTICS
theorem	Effect4.stepEval_interrupt_unmasked	FIBER-PG-REPRESENTATIVE/SEMANTICS
theorem	Effect4.stepEval_interrupt_invalid	FIBER-PG-REPRESENTATIVE/SEMANTICS
theorem	Effect4.stepEval_enterMask_missing	FIBER-PG-REPRESENTATIVE/SEMANTICS
theorem	Effect4.stepEval_enterMask	FIBER-PG-REPRESENTATIVE/SEMANTICS
theorem	Effect4.stepEval_enterMask_invalid	FIBER-PG-REPRESENTATIVE/SEMANTICS
theorem	Effect4.stepEval_enterMask_inactive	FIBER-PG-REPRESENTATIVE/SEMANTICS
theorem	Effect4.stepEval_exitMask_missing	FIBER-PG-REPRESENTATIVE/SEMANTICS
theorem	Effect4.stepEval_exitMask_pending	FIBER-PG-REPRESENTATIVE/SEMANTICS
theorem	Effect4.stepEval_exitMask_clear	FIBER-PG-REPRESENTATIVE/SEMANTICS
theorem	Effect4.stepEval_exitMask_invalid	FIBER-PG-REPRESENTATIVE/SEMANTICS
theorem	Effect4.stepEval_exitMask_inactive	FIBER-PG-REPRESENTATIVE/SEMANTICS
theorem	Effect4.stepEval_complete_missing	FIBER-PG-REPRESENTATIVE/SEMANTICS
theorem	Effect4.stepEval_complete_running	FIBER-PG-REPRESENTATIVE/SEMANTICS
theorem	Effect4.stepEval_complete_invalid	FIBER-PG-REPRESENTATIVE/SEMANTICS
theorem	Effect4.stepEval_cleanup_missing	FIBER-PG-REPRESENTATIVE/SEMANTICS
theorem	Effect4.stepEval_cleanup_ready	FIBER-PG-REPRESENTATIVE/SEMANTICS
theorem	Effect4.stepEval_cleanup_invalid	FIBER-PG-REPRESENTATIVE/SEMANTICS
theorem	Effect4.step_deterministic	FIBER-PG-REPRESENTATIVE/LAWS
theorem	Effect4.step_preserves_wellFormed	FIBER-PG-REPRESENTATIVE/LAWS
theorem	Effect4.runs_nil_iff	FIBER-PG-REPRESENTATIVE/SEMANTICS
theorem	Effect4.runs_cons_iff	FIBER-PG-REPRESENTATIVE/SEMANTICS
theorem	Effect4.fixedTape_deterministic	FIBER-PG-REPRESENTATIVE/LAWS
theorem	Effect4.finite_replay_total	FIBER-PG-REPRESENTATIVE/SEMANTICS
theorem	Effect4.step_total	FIBER-PG-REPRESENTATIVE/SEMANTICS
theorem	Effect4.runs_preserves_wellFormed	FIBER-PG-REPRESENTATIVE/LAWS
theorem	Effect4.done_join_exists	FIBER-PG-REPRESENTATIVE/SEMANTICS
theorem	Effect4.waiting_join_exists	FIBER-PG-REPRESENTATIVE/SEMANTICS
theorem	Effect4.masked_request_exists	FIBER-PG-REPRESENTATIVE/SEMANTICS
theorem	Effect4.unmasked_request_exists	FIBER-PG-REPRESENTATIVE/SEMANTICS
theorem	Effect4.enter_mask_exists	FIBER-PG-REPRESENTATIVE/SEMANTICS
theorem	Effect4.pending_unmask_exists	FIBER-PG-REPRESENTATIVE/SEMANTICS
theorem	Effect4.unmask_without_pending_exists	FIBER-PG-REPRESENTATIVE/SEMANTICS
theorem	Effect4.completion_exists	FIBER-PG-REPRESENTATIVE/SEMANTICS
theorem	Effect4.cleanup_exists	FIBER-PG-REPRESENTATIVE/SEMANTICS
theorem	Effect4.unknown_schedule_refuses	FIBER-PG-REPRESENTATIVE/SEMANTICS
theorem	Effect4.invalid_completion_refuses	FIBER-PG-REPRESENTATIVE/SEMANTICS
theorem	Effect4.runs_nil_finished	FIBER-PG-REPRESENTATIVE/SEMANTICS
theorem	Effect4.runs_nil_frontier	FIBER-PG-REPRESENTATIVE/SEMANTICS
theorem	Effect4.join_agreement	FIBER-PG-REPRESENTATIVE/LAWS
theorem	Effect4.double_join_agreement	FIBER-PG-REPRESENTATIVE/LAWS
theorem	Effect4.unmasked_interrupt_delivers	FIBER-PG-REPRESENTATIVE/LAWS
theorem	Effect4.masked_interrupt_defers	FIBER-PG-REPRESENTATIVE/LAWS
theorem	Effect4.unmask_delivers_pending	FIBER-PG-REPRESENTATIVE/LAWS
theorem	Effect4.cleanup_preserves_terminal	FIBER-PG-REPRESENTATIVE/LAWS
theorem	Effect4.cleanup_at_most_once	FIBER-PG-REPRESENTATIVE/LAWS
theorem	Effect4.cleanup_events_at_most_once	FIBER-PG-REPRESENTATIVE/LAWS
theorem	Effect4.cleanup_events_agree	FIBER-PG-REPRESENTATIVE/LAWS
theorem	Effect4.cleanup_count_monotone	FIBER-PG-REPRESENTATIVE/LAWS
theorem	Effect4.cleanup_safe_on_finish	FIBER-PG-REPRESENTATIVE/LAWS
theorem	Effect4.representative_inputs_exist	FIBER-PG-REPRESENTATIVE/SEMANTICS
theorem	Effect4.exists_representative_finished_run	FIBER-PG-REPRESENTATIVE/SEMANTICS
theorem	Effect4.interrupt_complete_order_distinct	FIBER-PG-REPRESENTATIVE/COUNTEREXAMPLES
axiom	Effect4.InterruptMask.cases_receipt	propext	FIBER-AXIOM-RECEIPT
axiom	Effect4.CleanupState.cases_receipt	propext	FIBER-AXIOM-RECEIPT
axiom	Effect4.FiberStatus.active_iff	propext,Quot.sound	FIBER-AXIOM-RECEIPT
axiom	Effect4.FiberStatus.cases_receipt	propext,Quot.sound	FIBER-AXIOM-RECEIPT
axiom	Effect4.Event.cleanupId_eq_some	propext	FIBER-AXIOM-RECEIPT
axiom	Effect4.Machine.fiber_eq_find	none	FIBER-AXIOM-RECEIPT
axiom	Effect4.Machine.terminal_eq	none	FIBER-AXIOM-RECEIPT
axiom	Effect4.Machine.mask_eq	none	FIBER-AXIOM-RECEIPT
axiom	Effect4.Machine.interruptPending_eq	none	FIBER-AXIOM-RECEIPT
axiom	Effect4.Machine.cleanupState_eq	none	FIBER-AXIOM-RECEIPT
axiom	Effect4.Machine.cleanupCount_eq	none	FIBER-AXIOM-RECEIPT
axiom	Effect4.Machine.cleanupEventIds_eq	propext	FIBER-AXIOM-RECEIPT
axiom	Effect4.Machine.transition_fibers	none	FIBER-AXIOM-RECEIPT
axiom	Effect4.Machine.transition_trace	none	FIBER-AXIOM-RECEIPT
axiom	Effect4.Machine.transition_cleanupEventIds	propext	FIBER-AXIOM-RECEIPT
axiom	Effect4.Machine.transition_fiber_other	propext	FIBER-AXIOM-RECEIPT
axiom	Effect4.Machine.finished_iff	none	FIBER-AXIOM-RECEIPT
axiom	Effect4.SchedulerRefusal.cases_receipt	propext,Quot.sound	FIBER-AXIOM-RECEIPT
axiom	Effect4.SchedulerDecision.cases_receipt	propext,Quot.sound	FIBER-AXIOM-RECEIPT
axiom	Effect4.Event.cases_receipt	propext,Quot.sound	FIBER-AXIOM-RECEIPT
axiom	Effect4.StepResult.machine_advanced	none	FIBER-AXIOM-RECEIPT
axiom	Effect4.StepResult.machine_refused	none	FIBER-AXIOM-RECEIPT
axiom	Effect4.ReplayResult.machine_finished	none	FIBER-AXIOM-RECEIPT
axiom	Effect4.ReplayResult.machine_refused	none	FIBER-AXIOM-RECEIPT
axiom	Effect4.ReplayResult.machine_frontier	none	FIBER-AXIOM-RECEIPT
axiom	Effect4.step_iff	none	FIBER-AXIOM-RECEIPT
axiom	Effect4.stepEval_schedule_missing	propext	FIBER-AXIOM-RECEIPT
axiom	Effect4.stepEval_schedule_runnable	propext	FIBER-AXIOM-RECEIPT
axiom	Effect4.stepEval_schedule_invalid	propext	FIBER-AXIOM-RECEIPT
axiom	Effect4.stepEval_join_missing_waiter	propext	FIBER-AXIOM-RECEIPT
axiom	Effect4.stepEval_join_missing_target	propext	FIBER-AXIOM-RECEIPT
axiom	Effect4.stepEval_join_done	propext	FIBER-AXIOM-RECEIPT
axiom	Effect4.stepEval_join_done_missing_terminal	propext	FIBER-AXIOM-RECEIPT
axiom	Effect4.stepEval_join_waiting	propext	FIBER-AXIOM-RECEIPT
axiom	Effect4.stepEval_join_invalid	propext	FIBER-AXIOM-RECEIPT
axiom	Effect4.stepEval_join_done_invalid	propext	FIBER-AXIOM-RECEIPT
axiom	Effect4.stepEval_join_self_invalid	propext	FIBER-AXIOM-RECEIPT
axiom	Effect4.stepEval_interrupt_missing_requester	propext	FIBER-AXIOM-RECEIPT
axiom	Effect4.stepEval_interrupt_missing_target	propext	FIBER-AXIOM-RECEIPT
axiom	Effect4.stepEval_interrupt_masked	propext	FIBER-AXIOM-RECEIPT
axiom	Effect4.stepEval_interrupt_unmasked	propext	FIBER-AXIOM-RECEIPT
axiom	Effect4.stepEval_interrupt_invalid	propext	FIBER-AXIOM-RECEIPT
axiom	Effect4.stepEval_enterMask_missing	propext	FIBER-AXIOM-RECEIPT
axiom	Effect4.stepEval_enterMask	propext	FIBER-AXIOM-RECEIPT
axiom	Effect4.stepEval_enterMask_invalid	propext	FIBER-AXIOM-RECEIPT
axiom	Effect4.stepEval_enterMask_inactive	propext	FIBER-AXIOM-RECEIPT
axiom	Effect4.stepEval_exitMask_missing	propext	FIBER-AXIOM-RECEIPT
axiom	Effect4.stepEval_exitMask_pending	propext	FIBER-AXIOM-RECEIPT
axiom	Effect4.stepEval_exitMask_clear	propext	FIBER-AXIOM-RECEIPT
axiom	Effect4.stepEval_exitMask_invalid	propext	FIBER-AXIOM-RECEIPT
axiom	Effect4.stepEval_exitMask_inactive	propext	FIBER-AXIOM-RECEIPT
axiom	Effect4.stepEval_complete_missing	propext	FIBER-AXIOM-RECEIPT
axiom	Effect4.stepEval_complete_running	propext	FIBER-AXIOM-RECEIPT
axiom	Effect4.stepEval_complete_invalid	propext	FIBER-AXIOM-RECEIPT
axiom	Effect4.stepEval_cleanup_missing	propext	FIBER-AXIOM-RECEIPT
axiom	Effect4.stepEval_cleanup_ready	propext	FIBER-AXIOM-RECEIPT
axiom	Effect4.stepEval_cleanup_invalid	propext	FIBER-AXIOM-RECEIPT
axiom	Effect4.step_deterministic	none	FIBER-AXIOM-RECEIPT
axiom	Effect4.step_preserves_wellFormed	propext,Quot.sound	FIBER-AXIOM-RECEIPT
axiom	Effect4.runs_nil_iff	propext,Quot.sound	FIBER-AXIOM-RECEIPT
axiom	Effect4.runs_cons_iff	propext,Quot.sound	FIBER-AXIOM-RECEIPT
axiom	Effect4.fixedTape_deterministic	propext,Quot.sound	FIBER-AXIOM-RECEIPT
axiom	Effect4.finite_replay_total	propext,Quot.sound	FIBER-AXIOM-RECEIPT
axiom	Effect4.step_total	propext	FIBER-AXIOM-RECEIPT
axiom	Effect4.runs_preserves_wellFormed	propext,Quot.sound	FIBER-AXIOM-RECEIPT
axiom	Effect4.done_join_exists	propext	FIBER-AXIOM-RECEIPT
axiom	Effect4.waiting_join_exists	propext	FIBER-AXIOM-RECEIPT
axiom	Effect4.masked_request_exists	propext	FIBER-AXIOM-RECEIPT
axiom	Effect4.unmasked_request_exists	propext	FIBER-AXIOM-RECEIPT
axiom	Effect4.enter_mask_exists	propext	FIBER-AXIOM-RECEIPT
axiom	Effect4.pending_unmask_exists	propext	FIBER-AXIOM-RECEIPT
axiom	Effect4.unmask_without_pending_exists	propext	FIBER-AXIOM-RECEIPT
axiom	Effect4.completion_exists	propext	FIBER-AXIOM-RECEIPT
axiom	Effect4.cleanup_exists	propext	FIBER-AXIOM-RECEIPT
axiom	Effect4.unknown_schedule_refuses	propext	FIBER-AXIOM-RECEIPT
axiom	Effect4.invalid_completion_refuses	propext	FIBER-AXIOM-RECEIPT
axiom	Effect4.runs_nil_finished	propext,Quot.sound	FIBER-AXIOM-RECEIPT
axiom	Effect4.runs_nil_frontier	propext,Quot.sound	FIBER-AXIOM-RECEIPT
axiom	Effect4.join_agreement	propext	FIBER-AXIOM-RECEIPT
axiom	Effect4.double_join_agreement	propext	FIBER-AXIOM-RECEIPT
axiom	Effect4.unmasked_interrupt_delivers	propext	FIBER-AXIOM-RECEIPT
axiom	Effect4.masked_interrupt_defers	propext	FIBER-AXIOM-RECEIPT
axiom	Effect4.unmask_delivers_pending	propext	FIBER-AXIOM-RECEIPT
axiom	Effect4.cleanup_preserves_terminal	propext	FIBER-AXIOM-RECEIPT
axiom	Effect4.cleanup_at_most_once	propext,Quot.sound	FIBER-AXIOM-RECEIPT
axiom	Effect4.cleanup_events_at_most_once	propext,Quot.sound	FIBER-AXIOM-RECEIPT
axiom	Effect4.cleanup_events_agree	propext,Quot.sound	FIBER-AXIOM-RECEIPT
axiom	Effect4.cleanup_count_monotone	propext,Quot.sound	FIBER-AXIOM-RECEIPT
axiom	Effect4.cleanup_safe_on_finish	propext,Quot.sound	FIBER-AXIOM-RECEIPT
axiom	Effect4.representative_inputs_exist	propext,Quot.sound	FIBER-AXIOM-RECEIPT
axiom	Effect4.exists_representative_finished_run	propext,Quot.sound	FIBER-AXIOM-RECEIPT
axiom	Effect4.interrupt_complete_order_distinct	propext,Quot.sound	FIBER-AXIOM-RECEIPT
type	E4-TYPE-FIBER-ID	Effect4.FiberId	Effect4.Concurrency.Fiber	canonical	FIBER-LEAF-ID
type	E4-TYPE-FIBER-STATUS	Effect4.FiberStatus	Effect4.Concurrency.Fiber	canonical	FIBER-LEAF-STATUS
type	E4-TYPE-FIBER-STATE	Effect4.FiberState	Effect4.Concurrency.Fiber	canonical	FIBER-LEAF-STATE
type	E4-TYPE-INTERRUPT-MASK	Effect4.InterruptMask	Effect4.Concurrency.Interrupt	canonical	FIBER-LEAF-INTERRUPT-MASK
type	E4-TYPE-CLEANUP-STATE	Effect4.CleanupState	Effect4.Concurrency.Interrupt	canonical	FIBER-LEAF-CLEANUP-STATE
type	E4-TYPE-INTERRUPT-BOUNDARY	Effect4.InterruptBoundary	Effect4.Concurrency.Interrupt	canonical-boundary	FIBER-LEAF-BOUNDARY
type	E4-TYPE-SCHEDULER-REFUSAL	Effect4.SchedulerRefusal	Effect4.Concurrency.Scheduler	canonical-label	FIBER-LEAF-REFUSAL
type	E4-TYPE-SCHEDULER-DECISION	Effect4.SchedulerDecision	Effect4.Concurrency.Scheduler	canonical	FIBER-LEAF-DECISION
type	E4-TYPE-DECISION-TAPE	Effect4.DecisionTape	Effect4.Concurrency.Scheduler	derived-list-alias	FIBER-LEAF-TAPE
type	E4-TYPE-EVENT	Effect4.Event	Effect4.Concurrency.Scheduler	canonical	FIBER-LEAF-EVENT
type	E4-TYPE-TRACE	Effect4.Trace	Effect4.Concurrency.Scheduler	derived-list-alias	FIBER-LEAF-TRACE
type	E4-TYPE-MACHINE	Effect4.Machine	Effect4.Concurrency.Scheduler	canonical	FIBER-LEAF-MACHINE
type	E4-TYPE-MACHINE-WELLFORMED	Effect4.Machine.WellFormed	Effect4.Concurrency.Scheduler	canonical-admission	FIBER-PG-REPRESENTATIVE/CONSTRUCTION
type	E4-TYPE-MACHINE-FINISHED	Effect4.Machine.Finished	Effect4.Concurrency.Scheduler	canonical-predicate	FIBER-PG-REPRESENTATIVE/SEMANTICS
type	E4-TYPE-STEP-RESULT	Effect4.StepResult	Effect4.Concurrency.Scheduler	derived-envelope	FIBER-LEAF-STEP-RESULT
type	E4-TYPE-REPLAY-RESULT	Effect4.ReplayResult	Effect4.Concurrency.Scheduler	canonical-envelope	FIBER-LEAF-REPLAY-RESULT
leaf-receipt	FIBER-LEAF-ID	Effect4.FiberId	FIBER-PG-REPRESENTATIVE/IDENTITY	signature-field-decidableeq-repr
leaf-receipt	FIBER-LEAF-STATUS	Effect4.FiberStatus	FIBER-PG-REPRESENTATIVE/CONSTRUCTION	five-constructors-active-cases-decidableeq-repr
leaf-receipt	FIBER-LEAF-STATE	Effect4.FiberState	FIBER-PG-REPRESENTATIVE/SEMANTICS	seven-fields
leaf-receipt	FIBER-LEAF-INTERRUPT-MASK	Effect4.InterruptMask	FIBER-PG-REPRESENTATIVE/CONSTRUCTION	two-constructors-cases-decidableeq-repr
leaf-receipt	FIBER-LEAF-CLEANUP-STATE	Effect4.CleanupState	FIBER-PG-REPRESENTATIVE/CONSTRUCTION	three-constructors-cases-decidableeq-repr
leaf-receipt	FIBER-LEAF-BOUNDARY	Effect4.InterruptBoundary	FIBER-PG-REPRESENTATIVE/SEMANTICS	one-field-external-terminal
leaf-receipt	FIBER-LEAF-REFUSAL	Effect4.SchedulerRefusal	FIBER-PG-REPRESENTATIVE/SEMANTICS	two-labels-cases-decidableeq-repr
leaf-receipt	FIBER-LEAF-DECISION	Effect4.SchedulerDecision	FIBER-PG-REPRESENTATIVE/SEMANTICS	seven-explicit-decisions-cases
leaf-receipt	FIBER-LEAF-TAPE	Effect4.DecisionTape	FIBER-PG-REPRESENTATIVE/SEMANTICS	list-alias
leaf-receipt	FIBER-LEAF-EVENT	Effect4.Event	FIBER-PG-REPRESENTATIVE/SEMANTICS	ten-events-cases-cleanup-projection
leaf-receipt	FIBER-LEAF-TRACE	Effect4.Trace	FIBER-PG-REPRESENTATIVE/SEMANTICS	list-alias
leaf-receipt	FIBER-LEAF-MACHINE	Effect4.Machine	FIBER-PG-REPRESENTATIVE/SEMANTICS	fibers-trace-projections
leaf-receipt	FIBER-LEAF-STEP-RESULT	Effect4.StepResult	FIBER-PG-REPRESENTATIVE/SEMANTICS	two-arms-machine-projection
leaf-receipt	FIBER-LEAF-REPLAY-RESULT	Effect4.ReplayResult	FIBER-PG-REPRESENTATIVE/SEMANTICS	finished-refused-frontier-machine-projection
absent	Effect4.FiberTerminal	duplicate-terminal-carrier	checked
absent	Effect4.Terminal	duplicate-terminal-carrier	checked
absent	Effect4.Frontier	duplicate-frontier-carrier	checked
absent	Effect4.FiberFrontier	duplicate-frontier-carrier	checked
absent	Effect4.SchedulerFrontier	duplicate-frontier-carrier	checked
absent	Effect4.CheckedMachine	duplicate-checked-machine-carrier	checked
absent	Effect4.Machine.Checked	duplicate-checked-machine-carrier	checked
absent	Effect4.CleanupTrace	duplicate-trace-carrier	checked
absent	Effect4.DecisionTrace	duplicate-tape-carrier	checked
absent	Effect4.UntapedStep	unrecorded-choice-semantics	checked
absent	Effect4.UntapedRuns	unrecorded-choice-semantics	checked
absent	Effect4.FiberHandler	duplicate-runtime-carrier	checked
graph-edge	FIBER-PG-REPRESENTATIVE/IDENTITY	FIBER-L0-ID	required-closed
graph-edge	FIBER-PG-REPRESENTATIVE/CONSTRUCTION	FIBER-L0-PASSIVE-ALPHABETS+FIBER-L1-ADMISSION	required-closed
graph-edge	FIBER-PG-REPRESENTATIVE/SEMANTICS	FIBER-L1-STATE+FIBER-L1-DECISION-TAPE+FIBER-L2-STEP+FIBER-L3-RUNS	required-closed
graph-edge	FIBER-PG-REPRESENTATIVE/LAWS	FIBER-L4-DETERMINISM+FIBER-L4-JOIN+FIBER-L4-INTERRUPT+FIBER-L4-CLEANUP	required-closed
graph-edge	FIBER-PG-REPRESENTATIVE/REPRESENTATION	no-serialization-normalization-roundtrip-claim	not-applicable
graph-edge	FIBER-PG-REPRESENTATIVE/COUNTEREXAMPLES	FIBER-L5-COUNTEREXAMPLES	required-closed
graph-edge	FIBER-PG-REPRESENTATIVE/BRIDGES	no-embedding-compatibility-bridge-claim	not-applicable
graph-edge	FIBER-PG-REPRESENTATIVE/TARGETS	FIBER-L6-HOST-EVIDENCE-LATER	not-applicable
graph-edge	FIBER-PG-REPRESENTATIVE/TRUST	FIBER-AXIOM-RECEIPTS	required-closed
graph-edge	FIBER-PG-REPRESENTATIVE/COVERAGE	FIBER-EXACT-CENSUS-AND-API-JOIN	required-closed
input	Effect4/Concurrency/Supervision.lean	sha256=644b5a1ca423e267e16c7cc04c94c28f68bcab4882d9815c680f553d5f79aa7f
input	test/contracts/fiber-supervision.contract.md	sha256=abad19a1e90110dcd7dbfc2d5597865890b525c3475cea6bd18a256b6d48b9c6
input	Effect4Test/Concurrency/FiberSupervisionContract.lean	sha256=a42de6350616a0fbbe94bfcde471cc607e0c5a84fe601704a4911cc1eff61651
input	Effect4Test/Concurrency/FiberSupervisionAxiomReport.lean	sha256=9bdfe6d385b65ae0a1d2487c6a7b87e75b0df7eecf58feacb75cffa018047c2c
input	Effect4Test/Counterexamples/Concurrency/FiberSupervision.lean	sha256=52980b4e901f52f19528e2dbf71853c7ac0fa05549680306a1ef418d4a2428b7
input	docs/SUPERVISION-DAG.md	sha256=acee8b741e2119b8830a09af969b033cd644ea68514a7d36b30ca525a859c30d
input	PORT-MANIFEST.md	sha256=948f8a00b3552b1909d1dd79b8b70dbe95312ebf03c8fa27aea011a50a223156
input	scripts/check-supervision-evidence.py	sha256=ab818f3a852ecd9cdf4e8a9c5c2c35f0ce8ba54d04dfe62269c43192246b157f
input	harness/fiber-supervision/host-pin.json	sha256=aeb20902b93b6ca00278f55ff857340542b43c35240bcf23890e54f97be5af85
input	harness/fiber-supervision/runtime-check.ts	sha256=3de6286232cd84e333c1e8d89eed456e3e67ab80ae457cb5341d8850b40cb72b
input	scripts/check-fiber-supervision-host.sh	sha256=92fd1124bdcd47f86edc2cc12ba04aa75274a7a35635711123852c1ec309e6b3
contract	SUPERVISION-FROZEN-CONTRACT	test/contracts/fiber-supervision.contract.md	required-closed
battery	SUPERVISION-FROZEN-BATTERY	Effect4Test/Concurrency/FiberSupervisionContract.lean	required-closed
graph-owner	SUPERVISION-PG-RC112	Effect4.Supervision.WaitRuns+Effect4.Supervision.RaceRuns	graph	required-open
counterexample	E4-CONC-CE-012	SEEDED	test/counterexamples/REGISTER.md	Effect4Test/Counterexamples/Concurrency/FiberSupervision.lean	required-closed
counterexample	E4-CONC-CE-013	SEEDED	test/counterexamples/REGISTER.md	Effect4Test/Counterexamples/Concurrency/FiberSupervision.lean	required-closed
counterexample	E4-CONC-CE-014	SEEDED	test/counterexamples/REGISTER.md	Effect4Test/Counterexamples/Concurrency/FiberSupervision.lean	required-closed
counterexample	E4-CONC-CE-015	SEEDED	test/counterexamples/REGISTER.md	Effect4Test/Counterexamples/Concurrency/FiberSupervision.lean	required-closed
counterexample	E4-CONC-CE-016	SEEDED	test/counterexamples/REGISTER.md	Effect4Test/Counterexamples/Concurrency/FiberSupervision.lean	required-closed
counterexample	E4-CONC-CE-017	SEEDED	test/counterexamples/REGISTER.md	Effect4Test/Counterexamples/Concurrency/FiberSupervision.lean	required-closed
counterexample	E4-CONC-CE-018	SEEDED	test/counterexamples/REGISTER.md	Effect4Test/Counterexamples/Concurrency/FiberSupervision.lean	required-closed
counterexample	E4-CONC-CE-019	SEEDED	test/counterexamples/REGISTER.md	Effect4Test/Counterexamples/Concurrency/FiberSupervision.lean	required-closed
counterexample	E4-CONC-CE-020	SEEDED	test/counterexamples/REGISTER.md	Effect4Test/Counterexamples/Concurrency/FiberSupervision.lean	required-closed
counterexample	E4-CONC-CE-021	SEEDED	test/counterexamples/REGISTER.md	Effect4Test/Counterexamples/Concurrency/FiberSupervision.lean	required-closed
counterexample	E4-CONC-CE-022	SEEDED	test/counterexamples/REGISTER.md	Effect4Test/Counterexamples/Concurrency/FiberSupervision.lean	required-closed
counterexample	E4-CONC-CE-023	SEEDED	test/counterexamples/REGISTER.md	Effect4Test/Counterexamples/Concurrency/FiberSupervision.lean	required-closed
counterexample	E4-CONC-CE-024	SEEDED	test/counterexamples/REGISTER.md	Effect4Test/Counterexamples/Concurrency/FiberSupervision.lean	required-closed
counterexample	E4-CONC-CE-025	SEEDED	test/counterexamples/REGISTER.md	Effect4Test/Counterexamples/Concurrency/FiberSupervision.lean	required-closed
counterexample	E4-CONC-CE-026	SEEDED	test/counterexamples/REGISTER.md	Effect4Test/Counterexamples/Concurrency/FiberSupervision.lean	required-closed
owned-declaration	Effect4.Scope.finalizerKeys.eq_1	Effect4.Concurrency.Supervision	SUPERVISION-PG-RC112
owned-declaration	Effect4.Scope.finalizers.eq_1	Effect4.Concurrency.Supervision	SUPERVISION-PG-RC112
owned-declaration	Effect4.Scope.tableRemove.eq_1	Effect4.Concurrency.Supervision	SUPERVISION-PG-RC112
owned-declaration	Effect4.ScopeState.entries.eq_1	Effect4.Concurrency.Supervision	SUPERVISION-PG-RC112
owned-declaration	Effect4.ScopeState.entries.eq_2	Effect4.Concurrency.Supervision	SUPERVISION-PG-RC112
owned-declaration	Effect4.ScopeState.entries.eq_3	Effect4.Concurrency.Supervision	SUPERVISION-PG-RC112
owned-declaration	Effect4.ScopeState.entries.eq_4	Effect4.Concurrency.Supervision	SUPERVISION-PG-RC112
owned-declaration	Effect4.ScopeState.entries.eq_5	Effect4.Concurrency.Supervision	SUPERVISION-PG-RC112
owned-declaration	Effect4.Supervision.Fiber	Effect4.Concurrency.Supervision	SUPERVISION-PG-RC112
owned-declaration	Effect4.Supervision.Fiber.Valid	Effect4.Concurrency.Supervision	SUPERVISION-PG-RC112
owned-declaration	Effect4.Supervision.Fiber.Valid.eq_1	Effect4.Concurrency.Supervision	SUPERVISION-PG-RC112
owned-declaration	Effect4.Supervision.Fiber.addChild	Effect4.Concurrency.Supervision	SUPERVISION-PG-RC112
owned-declaration	Effect4.Supervision.Fiber.addChild_eq	Effect4.Concurrency.Supervision	SUPERVISION-PG-RC112
owned-declaration	Effect4.Supervision.Fiber.addChild_nodup	Effect4.Concurrency.Supervision	SUPERVISION-PG-RC112
owned-declaration	Effect4.Supervision.Fiber.cancel	Effect4.Concurrency.Supervision	SUPERVISION-PG-RC112
owned-declaration	Effect4.Supervision.Fiber.cancel.eq_1	Effect4.Concurrency.Supervision	SUPERVISION-PG-RC112
owned-declaration	Effect4.Supervision.Fiber.cancel_eq	Effect4.Concurrency.Supervision	SUPERVISION-PG-RC112
owned-declaration	Effect4.Supervision.Fiber.cancel_membership	Effect4.Concurrency.Supervision	SUPERVISION-PG-RC112
owned-declaration	Effect4.Supervision.Fiber.casesOn	Effect4.Concurrency.Supervision	SUPERVISION-PG-RC112
owned-declaration	Effect4.Supervision.Fiber.children	Effect4.Concurrency.Supervision	SUPERVISION-PG-RC112
owned-declaration	Effect4.Supervision.Fiber.context	Effect4.Concurrency.Supervision	SUPERVISION-PG-RC112
owned-declaration	Effect4.Supervision.Fiber.core	Effect4.Concurrency.Supervision	SUPERVISION-PG-RC112
owned-declaration	Effect4.Supervision.Fiber.ctorIdx	Effect4.Concurrency.Supervision	SUPERVISION-PG-RC112
owned-declaration	Effect4.Supervision.Fiber.interrupted	Effect4.Concurrency.Supervision	SUPERVISION-PG-RC112
owned-declaration	Effect4.Supervision.Fiber.mk	Effect4.Concurrency.Supervision	SUPERVISION-PG-RC112
owned-declaration	Effect4.Supervision.Fiber.mk.inj	Effect4.Concurrency.Supervision	SUPERVISION-PG-RC112
owned-declaration	Effect4.Supervision.Fiber.mk.injEq	Effect4.Concurrency.Supervision	SUPERVISION-PG-RC112
owned-declaration	Effect4.Supervision.Fiber.mk.noConfusion	Effect4.Concurrency.Supervision	SUPERVISION-PG-RC112
owned-declaration	Effect4.Supervision.Fiber.mk.sizeOf_spec	Effect4.Concurrency.Supervision	SUPERVISION-PG-RC112
owned-declaration	Effect4.Supervision.Fiber.noConfusion	Effect4.Concurrency.Supervision	SUPERVISION-PG-RC112
owned-declaration	Effect4.Supervision.Fiber.noConfusionType	Effect4.Concurrency.Supervision	SUPERVISION-PG-RC112
owned-declaration	Effect4.Supervision.Fiber.observe	Effect4.Concurrency.Supervision	SUPERVISION-PG-RC112
owned-declaration	Effect4.Supervision.Fiber.observe.eq_1	Effect4.Concurrency.Supervision	SUPERVISION-PG-RC112
owned-declaration	Effect4.Supervision.Fiber.observe.match_1	Effect4.Concurrency.Supervision	SUPERVISION-PG-RC112
owned-declaration	Effect4.Supervision.Fiber.observe_done	Effect4.Concurrency.Supervision	SUPERVISION-PG-RC112
owned-declaration	Effect4.Supervision.Fiber.observe_duplicate	Effect4.Concurrency.Supervision	SUPERVISION-PG-RC112
owned-declaration	Effect4.Supervision.Fiber.observe_invalid	Effect4.Concurrency.Supervision	SUPERVISION-PG-RC112
owned-declaration	Effect4.Supervision.Fiber.observe_live	Effect4.Concurrency.Supervision	SUPERVISION-PG-RC112
owned-declaration	Effect4.Supervision.Fiber.publish	Effect4.Concurrency.Supervision	SUPERVISION-PG-RC112
owned-declaration	Effect4.Supervision.Fiber.publish.eq_1	Effect4.Concurrency.Supervision	SUPERVISION-PG-RC112
owned-declaration	Effect4.Supervision.Fiber.publish_eq	Effect4.Concurrency.Supervision	SUPERVISION-PG-RC112
owned-declaration	Effect4.Supervision.Fiber.publish_valid	Effect4.Concurrency.Supervision	SUPERVISION-PG-RC112
owned-declaration	Effect4.Supervision.Fiber.published?	Effect4.Concurrency.Supervision	SUPERVISION-PG-RC112
owned-declaration	Effect4.Supervision.Fiber.published?.eq_1	Effect4.Concurrency.Supervision	SUPERVISION-PG-RC112
owned-declaration	Effect4.Supervision.Fiber.published_eq	Effect4.Concurrency.Supervision	SUPERVISION-PG-RC112
owned-declaration	Effect4.Supervision.Fiber.published_iff	Effect4.Concurrency.Supervision	SUPERVISION-PG-RC112
owned-declaration	Effect4.Supervision.Fiber.rec	Effect4.Concurrency.Supervision	SUPERVISION-PG-RC112
owned-declaration	Effect4.Supervision.Fiber.recOn	Effect4.Concurrency.Supervision	SUPERVISION-PG-RC112
owned-declaration	Effect4.Supervision.Fiber.recordInterrupt	Effect4.Concurrency.Supervision	SUPERVISION-PG-RC112
owned-declaration	Effect4.Supervision.Fiber.recordInterrupt.eq_1	Effect4.Concurrency.Supervision	SUPERVISION-PG-RC112
owned-declaration	Effect4.Supervision.Fiber.recordInterrupt.match_1	Effect4.Concurrency.Supervision	SUPERVISION-PG-RC112
owned-declaration	Effect4.Supervision.Fiber.recordInterrupt_core	Effect4.Concurrency.Supervision	SUPERVISION-PG-RC112
owned-declaration	Effect4.Supervision.Fiber.recordInterrupt_done	Effect4.Concurrency.Supervision	SUPERVISION-PG-RC112
owned-declaration	Effect4.Supervision.Fiber.recordInterrupt_live	Effect4.Concurrency.Supervision	SUPERVISION-PG-RC112
owned-declaration	Effect4.Supervision.Fiber.removeChild	Effect4.Concurrency.Supervision	SUPERVISION-PG-RC112
owned-declaration	Effect4.Supervision.Fiber.removeChild.eq_1	Effect4.Concurrency.Supervision	SUPERVISION-PG-RC112
owned-declaration	Effect4.Supervision.Fiber.removeChild_eq	Effect4.Concurrency.Supervision	SUPERVISION-PG-RC112
owned-declaration	Effect4.Supervision.Fiber.removeChild_membership	Effect4.Concurrency.Supervision	SUPERVISION-PG-RC112
owned-declaration	Effect4.Supervision.Fiber.subscriptions	Effect4.Concurrency.Supervision	SUPERVISION-PG-RC112
owned-declaration	Effect4.Supervision.Fiber.toFiberState	Effect4.Concurrency.Supervision	SUPERVISION-PG-RC112
owned-declaration	Effect4.Supervision.Fiber.toFiberState_eq	Effect4.Concurrency.Supervision	SUPERVISION-PG-RC112
owned-declaration	Effect4.Supervision.Fiber.valid?	Effect4.Concurrency.Supervision	SUPERVISION-PG-RC112
owned-declaration	Effect4.Supervision.Fiber.valid?.eq_1	Effect4.Concurrency.Supervision	SUPERVISION-PG-RC112
owned-declaration	Effect4.Supervision.Fiber.valid?.match_1	Effect4.Concurrency.Supervision	SUPERVISION-PG-RC112
owned-declaration	Effect4.Supervision.Fiber.valid?_iff	Effect4.Concurrency.Supervision	SUPERVISION-PG-RC112
owned-declaration	Effect4.Supervision.Fiber.valid_iff	Effect4.Concurrency.Supervision	SUPERVISION-PG-RC112
owned-declaration	Effect4.Supervision.ForkEvent	Effect4.Concurrency.Supervision	SUPERVISION-PG-RC112
owned-declaration	Effect4.Supervision.ForkEvent.casesOn	Effect4.Concurrency.Supervision	SUPERVISION-PG-RC112
owned-declaration	Effect4.Supervision.ForkEvent.ctorElim	Effect4.Concurrency.Supervision	SUPERVISION-PG-RC112
owned-declaration	Effect4.Supervision.ForkEvent.ctorElimType	Effect4.Concurrency.Supervision	SUPERVISION-PG-RC112
owned-declaration	Effect4.Supervision.ForkEvent.ctorIdx	Effect4.Concurrency.Supervision	SUPERVISION-PG-RC112
owned-declaration	Effect4.Supervision.ForkEvent.evaluated	Effect4.Concurrency.Supervision	SUPERVISION-PG-RC112
owned-declaration	Effect4.Supervision.ForkEvent.evaluated.elim	Effect4.Concurrency.Supervision	SUPERVISION-PG-RC112
owned-declaration	Effect4.Supervision.ForkEvent.evaluated.inj	Effect4.Concurrency.Supervision	SUPERVISION-PG-RC112
owned-declaration	Effect4.Supervision.ForkEvent.evaluated.injEq	Effect4.Concurrency.Supervision	SUPERVISION-PG-RC112
owned-declaration	Effect4.Supervision.ForkEvent.evaluated.noConfusion	Effect4.Concurrency.Supervision	SUPERVISION-PG-RC112
owned-declaration	Effect4.Supervision.ForkEvent.evaluated.sizeOf_spec	Effect4.Concurrency.Supervision	SUPERVISION-PG-RC112
owned-declaration	Effect4.Supervision.ForkEvent.noConfusion	Effect4.Concurrency.Supervision	SUPERVISION-PG-RC112
owned-declaration	Effect4.Supervision.ForkEvent.noConfusionType	Effect4.Concurrency.Supervision	SUPERVISION-PG-RC112
owned-declaration	Effect4.Supervision.ForkEvent.rec	Effect4.Concurrency.Supervision	SUPERVISION-PG-RC112
owned-declaration	Effect4.Supervision.ForkEvent.recOn	Effect4.Concurrency.Supervision	SUPERVISION-PG-RC112
owned-declaration	Effect4.Supervision.ForkEvent.registered	Effect4.Concurrency.Supervision	SUPERVISION-PG-RC112
owned-declaration	Effect4.Supervision.ForkEvent.registered.elim	Effect4.Concurrency.Supervision	SUPERVISION-PG-RC112
owned-declaration	Effect4.Supervision.ForkEvent.registered.inj	Effect4.Concurrency.Supervision	SUPERVISION-PG-RC112
owned-declaration	Effect4.Supervision.ForkEvent.registered.injEq	Effect4.Concurrency.Supervision	SUPERVISION-PG-RC112
owned-declaration	Effect4.Supervision.ForkEvent.registered.noConfusion	Effect4.Concurrency.Supervision	SUPERVISION-PG-RC112
owned-declaration	Effect4.Supervision.ForkEvent.registered.sizeOf_spec	Effect4.Concurrency.Supervision	SUPERVISION-PG-RC112
owned-declaration	Effect4.Supervision.ForkEvent.scheduled	Effect4.Concurrency.Supervision	SUPERVISION-PG-RC112
owned-declaration	Effect4.Supervision.ForkEvent.scheduled.elim	Effect4.Concurrency.Supervision	SUPERVISION-PG-RC112
owned-declaration	Effect4.Supervision.ForkEvent.scheduled.inj	Effect4.Concurrency.Supervision	SUPERVISION-PG-RC112
owned-declaration	Effect4.Supervision.ForkEvent.scheduled.injEq	Effect4.Concurrency.Supervision	SUPERVISION-PG-RC112
owned-declaration	Effect4.Supervision.ForkEvent.scheduled.noConfusion	Effect4.Concurrency.Supervision	SUPERVISION-PG-RC112
owned-declaration	Effect4.Supervision.ForkEvent.scheduled.sizeOf_spec	Effect4.Concurrency.Supervision	SUPERVISION-PG-RC112
owned-declaration	Effect4.Supervision.ForkOptions	Effect4.Concurrency.Supervision	SUPERVISION-PG-RC112
owned-declaration	Effect4.Supervision.ForkOptions.casesOn	Effect4.Concurrency.Supervision	SUPERVISION-PG-RC112
owned-declaration	Effect4.Supervision.ForkOptions.ctorIdx	Effect4.Concurrency.Supervision	SUPERVISION-PG-RC112
owned-declaration	Effect4.Supervision.ForkOptions.daemon	Effect4.Concurrency.Supervision	SUPERVISION-PG-RC112
owned-declaration	Effect4.Supervision.ForkOptions.maskMode	Effect4.Concurrency.Supervision	SUPERVISION-PG-RC112
owned-declaration	Effect4.Supervision.ForkOptions.mk	Effect4.Concurrency.Supervision	SUPERVISION-PG-RC112
owned-declaration	Effect4.Supervision.ForkOptions.mk.inj	Effect4.Concurrency.Supervision	SUPERVISION-PG-RC112
owned-declaration	Effect4.Supervision.ForkOptions.mk.injEq	Effect4.Concurrency.Supervision	SUPERVISION-PG-RC112
owned-declaration	Effect4.Supervision.ForkOptions.mk.noConfusion	Effect4.Concurrency.Supervision	SUPERVISION-PG-RC112
owned-declaration	Effect4.Supervision.ForkOptions.mk.sizeOf_spec	Effect4.Concurrency.Supervision	SUPERVISION-PG-RC112
owned-declaration	Effect4.Supervision.ForkOptions.noConfusion	Effect4.Concurrency.Supervision	SUPERVISION-PG-RC112
owned-declaration	Effect4.Supervision.ForkOptions.noConfusionType	Effect4.Concurrency.Supervision	SUPERVISION-PG-RC112
owned-declaration	Effect4.Supervision.ForkOptions.rec	Effect4.Concurrency.Supervision	SUPERVISION-PG-RC112
owned-declaration	Effect4.Supervision.ForkOptions.recOn	Effect4.Concurrency.Supervision	SUPERVISION-PG-RC112
owned-declaration	Effect4.Supervision.ForkOptions.startImmediately	Effect4.Concurrency.Supervision	SUPERVISION-PG-RC112
owned-declaration	Effect4.Supervision.ForkResult	Effect4.Concurrency.Supervision	SUPERVISION-PG-RC112
owned-declaration	Effect4.Supervision.ForkResult.casesOn	Effect4.Concurrency.Supervision	SUPERVISION-PG-RC112
owned-declaration	Effect4.Supervision.ForkResult.child	Effect4.Concurrency.Supervision	SUPERVISION-PG-RC112
owned-declaration	Effect4.Supervision.ForkResult.ctorIdx	Effect4.Concurrency.Supervision	SUPERVISION-PG-RC112
owned-declaration	Effect4.Supervision.ForkResult.events	Effect4.Concurrency.Supervision	SUPERVISION-PG-RC112
owned-declaration	Effect4.Supervision.ForkResult.globals	Effect4.Concurrency.Supervision	SUPERVISION-PG-RC112
owned-declaration	Effect4.Supervision.ForkResult.initial	Effect4.Concurrency.Supervision	SUPERVISION-PG-RC112
owned-declaration	Effect4.Supervision.ForkResult.mk	Effect4.Concurrency.Supervision	SUPERVISION-PG-RC112
owned-declaration	Effect4.Supervision.ForkResult.mk.inj	Effect4.Concurrency.Supervision	SUPERVISION-PG-RC112
owned-declaration	Effect4.Supervision.ForkResult.mk.injEq	Effect4.Concurrency.Supervision	SUPERVISION-PG-RC112
owned-declaration	Effect4.Supervision.ForkResult.mk.noConfusion	Effect4.Concurrency.Supervision	SUPERVISION-PG-RC112
owned-declaration	Effect4.Supervision.ForkResult.mk.sizeOf_spec	Effect4.Concurrency.Supervision	SUPERVISION-PG-RC112
owned-declaration	Effect4.Supervision.ForkResult.noConfusion	Effect4.Concurrency.Supervision	SUPERVISION-PG-RC112
owned-declaration	Effect4.Supervision.ForkResult.noConfusionType	Effect4.Concurrency.Supervision	SUPERVISION-PG-RC112
owned-declaration	Effect4.Supervision.ForkResult.parent	Effect4.Concurrency.Supervision	SUPERVISION-PG-RC112
owned-declaration	Effect4.Supervision.ForkResult.rec	Effect4.Concurrency.Supervision	SUPERVISION-PG-RC112
owned-declaration	Effect4.Supervision.ForkResult.recOn	Effect4.Concurrency.Supervision	SUPERVISION-PG-RC112
owned-declaration	Effect4.Supervision.ForkResult.removeFromParent	Effect4.Concurrency.Supervision	SUPERVISION-PG-RC112
owned-declaration	Effect4.Supervision.Globals	Effect4.Concurrency.Supervision	SUPERVISION-PG-RC112
owned-declaration	Effect4.Supervision.Globals.Extends	Effect4.Concurrency.Supervision	SUPERVISION-PG-RC112
owned-declaration	Effect4.Supervision.Globals.OwnsChildren	Effect4.Concurrency.Supervision	SUPERVISION-PG-RC112
owned-declaration	Effect4.Supervision.Globals.OwnsChildren.eq_1	Effect4.Concurrency.Supervision	SUPERVISION-PG-RC112
owned-declaration	Effect4.Supervision.Globals.Valid	Effect4.Concurrency.Supervision	SUPERVISION-PG-RC112
owned-declaration	Effect4.Supervision.Globals.allocate	Effect4.Concurrency.Supervision	SUPERVISION-PG-RC112
owned-declaration	Effect4.Supervision.Globals.allocate_eq	Effect4.Concurrency.Supervision	SUPERVISION-PG-RC112
owned-declaration	Effect4.Supervision.Globals.allocated	Effect4.Concurrency.Supervision	SUPERVISION-PG-RC112
owned-declaration	Effect4.Supervision.Globals.casesOn	Effect4.Concurrency.Supervision	SUPERVISION-PG-RC112
owned-declaration	Effect4.Supervision.Globals.ctorIdx	Effect4.Concurrency.Supervision	SUPERVISION-PG-RC112
owned-declaration	Effect4.Supervision.Globals.extends?	Effect4.Concurrency.Supervision	SUPERVISION-PG-RC112
owned-declaration	Effect4.Supervision.Globals.extends?.eq_1	Effect4.Concurrency.Supervision	SUPERVISION-PG-RC112
owned-declaration	Effect4.Supervision.Globals.extends?_iff	Effect4.Concurrency.Supervision	SUPERVISION-PG-RC112
owned-declaration	Effect4.Supervision.Globals.extends_iff	Effect4.Concurrency.Supervision	SUPERVISION-PG-RC112
owned-declaration	Effect4.Supervision.Globals.install	Effect4.Concurrency.Supervision	SUPERVISION-PG-RC112
owned-declaration	Effect4.Supervision.Globals.install_eq	Effect4.Concurrency.Supervision	SUPERVISION-PG-RC112
owned-declaration	Effect4.Supervision.Globals.middlewareInstalled	Effect4.Concurrency.Supervision	SUPERVISION-PG-RC112
owned-declaration	Effect4.Supervision.Globals.mk	Effect4.Concurrency.Supervision	SUPERVISION-PG-RC112
owned-declaration	Effect4.Supervision.Globals.mk.inj	Effect4.Concurrency.Supervision	SUPERVISION-PG-RC112
owned-declaration	Effect4.Supervision.Globals.mk.injEq	Effect4.Concurrency.Supervision	SUPERVISION-PG-RC112
owned-declaration	Effect4.Supervision.Globals.mk.noConfusion	Effect4.Concurrency.Supervision	SUPERVISION-PG-RC112
owned-declaration	Effect4.Supervision.Globals.mk.sizeOf_spec	Effect4.Concurrency.Supervision	SUPERVISION-PG-RC112
owned-declaration	Effect4.Supervision.Globals.noConfusion	Effect4.Concurrency.Supervision	SUPERVISION-PG-RC112
owned-declaration	Effect4.Supervision.Globals.noConfusionType	Effect4.Concurrency.Supervision	SUPERVISION-PG-RC112
owned-declaration	Effect4.Supervision.Globals.ownsChildren?	Effect4.Concurrency.Supervision	SUPERVISION-PG-RC112
owned-declaration	Effect4.Supervision.Globals.ownsChildren?.eq_1	Effect4.Concurrency.Supervision	SUPERVISION-PG-RC112
owned-declaration	Effect4.Supervision.Globals.ownsChildren?_iff	Effect4.Concurrency.Supervision	SUPERVISION-PG-RC112
owned-declaration	Effect4.Supervision.Globals.ownsChildren_iff	Effect4.Concurrency.Supervision	SUPERVISION-PG-RC112
owned-declaration	Effect4.Supervision.Globals.rec	Effect4.Concurrency.Supervision	SUPERVISION-PG-RC112
owned-declaration	Effect4.Supervision.Globals.recOn	Effect4.Concurrency.Supervision	SUPERVISION-PG-RC112
owned-declaration	Effect4.Supervision.Globals.valid_iff	Effect4.Concurrency.Supervision	SUPERVISION-PG-RC112
owned-declaration	Effect4.Supervision.InterruptAction	Effect4.Concurrency.Supervision	SUPERVISION-PG-RC112
owned-declaration	Effect4.Supervision.InterruptAction.awaitAll	Effect4.Concurrency.Supervision	SUPERVISION-PG-RC112
owned-declaration	Effect4.Supervision.InterruptAction.awaitAll.elim	Effect4.Concurrency.Supervision	SUPERVISION-PG-RC112
owned-declaration	Effect4.Supervision.InterruptAction.awaitAll.inj	Effect4.Concurrency.Supervision	SUPERVISION-PG-RC112
owned-declaration	Effect4.Supervision.InterruptAction.awaitAll.injEq	Effect4.Concurrency.Supervision	SUPERVISION-PG-RC112
owned-declaration	Effect4.Supervision.InterruptAction.awaitAll.noConfusion	Effect4.Concurrency.Supervision	SUPERVISION-PG-RC112
owned-declaration	Effect4.Supervision.InterruptAction.awaitAll.sizeOf_spec	Effect4.Concurrency.Supervision	SUPERVISION-PG-RC112
owned-declaration	Effect4.Supervision.InterruptAction.casesOn	Effect4.Concurrency.Supervision	SUPERVISION-PG-RC112
owned-declaration	Effect4.Supervision.InterruptAction.ctorElim	Effect4.Concurrency.Supervision	SUPERVISION-PG-RC112
owned-declaration	Effect4.Supervision.InterruptAction.ctorElimType	Effect4.Concurrency.Supervision	SUPERVISION-PG-RC112
owned-declaration	Effect4.Supervision.InterruptAction.ctorIdx	Effect4.Concurrency.Supervision	SUPERVISION-PG-RC112
owned-declaration	Effect4.Supervision.InterruptAction.noConfusion	Effect4.Concurrency.Supervision	SUPERVISION-PG-RC112
owned-declaration	Effect4.Supervision.InterruptAction.noConfusionType	Effect4.Concurrency.Supervision	SUPERVISION-PG-RC112
owned-declaration	Effect4.Supervision.InterruptAction.rec	Effect4.Concurrency.Supervision	SUPERVISION-PG-RC112
owned-declaration	Effect4.Supervision.InterruptAction.recOn	Effect4.Concurrency.Supervision	SUPERVISION-PG-RC112
owned-declaration	Effect4.Supervision.InterruptAction.request	Effect4.Concurrency.Supervision	SUPERVISION-PG-RC112
owned-declaration	Effect4.Supervision.InterruptAction.request.elim	Effect4.Concurrency.Supervision	SUPERVISION-PG-RC112
owned-declaration	Effect4.Supervision.InterruptAction.request.inj	Effect4.Concurrency.Supervision	SUPERVISION-PG-RC112
owned-declaration	Effect4.Supervision.InterruptAction.request.injEq	Effect4.Concurrency.Supervision	SUPERVISION-PG-RC112
owned-declaration	Effect4.Supervision.InterruptAction.request.noConfusion	Effect4.Concurrency.Supervision	SUPERVISION-PG-RC112
owned-declaration	Effect4.Supervision.InterruptAction.request.sizeOf_spec	Effect4.Concurrency.Supervision	SUPERVISION-PG-RC112
owned-declaration	Effect4.Supervision.MaskMode	Effect4.Concurrency.Supervision	SUP-L-MASK
owned-declaration	Effect4.Supervision.MaskMode.casesOn	Effect4.Concurrency.Supervision	SUP-L-MASK
owned-declaration	Effect4.Supervision.MaskMode.cases_receipt	Effect4.Concurrency.Supervision	SUP-L-MASK
owned-declaration	Effect4.Supervision.MaskMode.ctorElim	Effect4.Concurrency.Supervision	SUP-L-MASK
owned-declaration	Effect4.Supervision.MaskMode.ctorElimType	Effect4.Concurrency.Supervision	SUP-L-MASK
owned-declaration	Effect4.Supervision.MaskMode.ctorIdx	Effect4.Concurrency.Supervision	SUP-L-MASK
owned-declaration	Effect4.Supervision.MaskMode.inherit	Effect4.Concurrency.Supervision	SUP-L-MASK
owned-declaration	Effect4.Supervision.MaskMode.inherit.elim	Effect4.Concurrency.Supervision	SUP-L-MASK
owned-declaration	Effect4.Supervision.MaskMode.inherit.sizeOf_spec	Effect4.Concurrency.Supervision	SUP-L-MASK
owned-declaration	Effect4.Supervision.MaskMode.interruptible	Effect4.Concurrency.Supervision	SUP-L-MASK
owned-declaration	Effect4.Supervision.MaskMode.interruptible.elim	Effect4.Concurrency.Supervision	SUP-L-MASK
owned-declaration	Effect4.Supervision.MaskMode.interruptible.sizeOf_spec	Effect4.Concurrency.Supervision	SUP-L-MASK
owned-declaration	Effect4.Supervision.MaskMode.noConfusion	Effect4.Concurrency.Supervision	SUP-L-MASK
owned-declaration	Effect4.Supervision.MaskMode.noConfusionType	Effect4.Concurrency.Supervision	SUP-L-MASK
owned-declaration	Effect4.Supervision.MaskMode.ofNat	Effect4.Concurrency.Supervision	SUP-L-MASK
owned-declaration	Effect4.Supervision.MaskMode.ofNat_ctorIdx	Effect4.Concurrency.Supervision	SUP-L-MASK
owned-declaration	Effect4.Supervision.MaskMode.rec	Effect4.Concurrency.Supervision	SUP-L-MASK
owned-declaration	Effect4.Supervision.MaskMode.recOn	Effect4.Concurrency.Supervision	SUP-L-MASK
owned-declaration	Effect4.Supervision.MaskMode.select	Effect4.Concurrency.Supervision	SUP-L-MASK
owned-declaration	Effect4.Supervision.MaskMode.select.match_1	Effect4.Concurrency.Supervision	SUP-L-MASK
owned-declaration	Effect4.Supervision.MaskMode.select_inherit	Effect4.Concurrency.Supervision	SUP-L-MASK
owned-declaration	Effect4.Supervision.MaskMode.select_interruptible	Effect4.Concurrency.Supervision	SUP-L-MASK
owned-declaration	Effect4.Supervision.MaskMode.select_uninterruptible	Effect4.Concurrency.Supervision	SUP-L-MASK
owned-declaration	Effect4.Supervision.MaskMode.toCtorIdx	Effect4.Concurrency.Supervision	SUP-L-MASK
owned-declaration	Effect4.Supervision.MaskMode.uninterruptible	Effect4.Concurrency.Supervision	SUP-L-MASK
owned-declaration	Effect4.Supervision.MaskMode.uninterruptible.elim	Effect4.Concurrency.Supervision	SUP-L-MASK
owned-declaration	Effect4.Supervision.MaskMode.uninterruptible.sizeOf_spec	Effect4.Concurrency.Supervision	SUP-L-MASK
owned-declaration	Effect4.Supervision.Observation	Effect4.Concurrency.Supervision	SUPERVISION-PG-RC112
owned-declaration	Effect4.Supervision.Observation.casesOn	Effect4.Concurrency.Supervision	SUPERVISION-PG-RC112
owned-declaration	Effect4.Supervision.Observation.ctorElim	Effect4.Concurrency.Supervision	SUPERVISION-PG-RC112
owned-declaration	Effect4.Supervision.Observation.ctorElimType	Effect4.Concurrency.Supervision	SUPERVISION-PG-RC112
owned-declaration	Effect4.Supervision.Observation.ctorIdx	Effect4.Concurrency.Supervision	SUPERVISION-PG-RC112
owned-declaration	Effect4.Supervision.Observation.effect	Effect4.Concurrency.Supervision	SUPERVISION-PG-RC112
owned-declaration	Effect4.Supervision.Observation.effect.elim	Effect4.Concurrency.Supervision	SUPERVISION-PG-RC112
owned-declaration	Effect4.Supervision.Observation.effect.inj	Effect4.Concurrency.Supervision	SUPERVISION-PG-RC112
owned-declaration	Effect4.Supervision.Observation.effect.injEq	Effect4.Concurrency.Supervision	SUPERVISION-PG-RC112
owned-declaration	Effect4.Supervision.Observation.effect.noConfusion	Effect4.Concurrency.Supervision	SUPERVISION-PG-RC112
owned-declaration	Effect4.Supervision.Observation.effect.sizeOf_spec	Effect4.Concurrency.Supervision	SUPERVISION-PG-RC112
owned-declaration	Effect4.Supervision.Observation.noConfusion	Effect4.Concurrency.Supervision	SUPERVISION-PG-RC112
owned-declaration	Effect4.Supervision.Observation.noConfusionType	Effect4.Concurrency.Supervision	SUPERVISION-PG-RC112
owned-declaration	Effect4.Supervision.Observation.rec	Effect4.Concurrency.Supervision	SUPERVISION-PG-RC112
owned-declaration	Effect4.Supervision.Observation.recOn	Effect4.Concurrency.Supervision	SUPERVISION-PG-RC112
owned-declaration	Effect4.Supervision.Observation.value	Effect4.Concurrency.Supervision	SUPERVISION-PG-RC112
owned-declaration	Effect4.Supervision.Observation.value.elim	Effect4.Concurrency.Supervision	SUPERVISION-PG-RC112
owned-declaration	Effect4.Supervision.Observation.value.inj	Effect4.Concurrency.Supervision	SUPERVISION-PG-RC112
owned-declaration	Effect4.Supervision.Observation.value.injEq	Effect4.Concurrency.Supervision	SUPERVISION-PG-RC112
owned-declaration	Effect4.Supervision.Observation.value.noConfusion	Effect4.Concurrency.Supervision	SUPERVISION-PG-RC112
owned-declaration	Effect4.Supervision.Observation.value.sizeOf_spec	Effect4.Concurrency.Supervision	SUPERVISION-PG-RC112
owned-declaration	Effect4.Supervision.Observation.waiting	Effect4.Concurrency.Supervision	SUPERVISION-PG-RC112
owned-declaration	Effect4.Supervision.Observation.waiting.elim	Effect4.Concurrency.Supervision	SUPERVISION-PG-RC112
owned-declaration	Effect4.Supervision.Observation.waiting.inj	Effect4.Concurrency.Supervision	SUPERVISION-PG-RC112
owned-declaration	Effect4.Supervision.Observation.waiting.injEq	Effect4.Concurrency.Supervision	SUPERVISION-PG-RC112
owned-declaration	Effect4.Supervision.Observation.waiting.noConfusion	Effect4.Concurrency.Supervision	SUPERVISION-PG-RC112
owned-declaration	Effect4.Supervision.Observation.waiting.sizeOf_spec	Effect4.Concurrency.Supervision	SUPERVISION-PG-RC112
owned-declaration	Effect4.Supervision.ObserverMode	Effect4.Concurrency.Supervision	SUP-L-OBSERVER
owned-declaration	Effect4.Supervision.ObserverMode.awaitValue	Effect4.Concurrency.Supervision	SUP-L-OBSERVER
owned-declaration	Effect4.Supervision.ObserverMode.awaitValue.elim	Effect4.Concurrency.Supervision	SUP-L-OBSERVER
owned-declaration	Effect4.Supervision.ObserverMode.awaitValue.sizeOf_spec	Effect4.Concurrency.Supervision	SUP-L-OBSERVER
owned-declaration	Effect4.Supervision.ObserverMode.casesOn	Effect4.Concurrency.Supervision	SUP-L-OBSERVER
owned-declaration	Effect4.Supervision.ObserverMode.cases_receipt	Effect4.Concurrency.Supervision	SUP-L-OBSERVER
owned-declaration	Effect4.Supervision.ObserverMode.ctorElim	Effect4.Concurrency.Supervision	SUP-L-OBSERVER
owned-declaration	Effect4.Supervision.ObserverMode.ctorElimType	Effect4.Concurrency.Supervision	SUP-L-OBSERVER
owned-declaration	Effect4.Supervision.ObserverMode.ctorIdx	Effect4.Concurrency.Supervision	SUP-L-OBSERVER
owned-declaration	Effect4.Supervision.ObserverMode.joinEffect	Effect4.Concurrency.Supervision	SUP-L-OBSERVER
owned-declaration	Effect4.Supervision.ObserverMode.joinEffect.elim	Effect4.Concurrency.Supervision	SUP-L-OBSERVER
owned-declaration	Effect4.Supervision.ObserverMode.joinEffect.sizeOf_spec	Effect4.Concurrency.Supervision	SUP-L-OBSERVER
owned-declaration	Effect4.Supervision.ObserverMode.noConfusion	Effect4.Concurrency.Supervision	SUP-L-OBSERVER
owned-declaration	Effect4.Supervision.ObserverMode.noConfusionType	Effect4.Concurrency.Supervision	SUP-L-OBSERVER
owned-declaration	Effect4.Supervision.ObserverMode.ofNat	Effect4.Concurrency.Supervision	SUP-L-OBSERVER
owned-declaration	Effect4.Supervision.ObserverMode.ofNat_ctorIdx	Effect4.Concurrency.Supervision	SUP-L-OBSERVER
owned-declaration	Effect4.Supervision.ObserverMode.rec	Effect4.Concurrency.Supervision	SUP-L-OBSERVER
owned-declaration	Effect4.Supervision.ObserverMode.recOn	Effect4.Concurrency.Supervision	SUP-L-OBSERVER
owned-declaration	Effect4.Supervision.ObserverMode.toCtorIdx	Effect4.Concurrency.Supervision	SUP-L-OBSERVER
owned-declaration	Effect4.Supervision.RaceAllDecision	Effect4.Concurrency.Supervision	SUPERVISION-PG-RC112
owned-declaration	Effect4.Supervision.RaceAllDecision.beginCleanup	Effect4.Concurrency.Supervision	SUPERVISION-PG-RC112
owned-declaration	Effect4.Supervision.RaceAllDecision.beginCleanup.elim	Effect4.Concurrency.Supervision	SUPERVISION-PG-RC112
owned-declaration	Effect4.Supervision.RaceAllDecision.beginCleanup.sizeOf_spec	Effect4.Concurrency.Supervision	SUPERVISION-PG-RC112
owned-declaration	Effect4.Supervision.RaceAllDecision.beginLaunch	Effect4.Concurrency.Supervision	SUPERVISION-PG-RC112
owned-declaration	Effect4.Supervision.RaceAllDecision.beginLaunch.elim	Effect4.Concurrency.Supervision	SUPERVISION-PG-RC112
owned-declaration	Effect4.Supervision.RaceAllDecision.beginLaunch.sizeOf_spec	Effect4.Concurrency.Supervision	SUPERVISION-PG-RC112
owned-declaration	Effect4.Supervision.RaceAllDecision.casesOn	Effect4.Concurrency.Supervision	SUPERVISION-PG-RC112
owned-declaration	Effect4.Supervision.RaceAllDecision.complete	Effect4.Concurrency.Supervision	SUPERVISION-PG-RC112
owned-declaration	Effect4.Supervision.RaceAllDecision.complete.elim	Effect4.Concurrency.Supervision	SUPERVISION-PG-RC112
owned-declaration	Effect4.Supervision.RaceAllDecision.complete.inj	Effect4.Concurrency.Supervision	SUPERVISION-PG-RC112
owned-declaration	Effect4.Supervision.RaceAllDecision.complete.injEq	Effect4.Concurrency.Supervision	SUPERVISION-PG-RC112
owned-declaration	Effect4.Supervision.RaceAllDecision.complete.noConfusion	Effect4.Concurrency.Supervision	SUPERVISION-PG-RC112
owned-declaration	Effect4.Supervision.RaceAllDecision.complete.sizeOf_spec	Effect4.Concurrency.Supervision	SUPERVISION-PG-RC112
owned-declaration	Effect4.Supervision.RaceAllDecision.ctorElim	Effect4.Concurrency.Supervision	SUPERVISION-PG-RC112
owned-declaration	Effect4.Supervision.RaceAllDecision.ctorElimType	Effect4.Concurrency.Supervision	SUPERVISION-PG-RC112
owned-declaration	Effect4.Supervision.RaceAllDecision.ctorIdx	Effect4.Concurrency.Supervision	SUPERVISION-PG-RC112
owned-declaration	Effect4.Supervision.RaceAllDecision.finishLaunch	Effect4.Concurrency.Supervision	SUPERVISION-PG-RC112
owned-declaration	Effect4.Supervision.RaceAllDecision.finishLaunch.elim	Effect4.Concurrency.Supervision	SUPERVISION-PG-RC112
owned-declaration	Effect4.Supervision.RaceAllDecision.finishLaunch.inj	Effect4.Concurrency.Supervision	SUPERVISION-PG-RC112
owned-declaration	Effect4.Supervision.RaceAllDecision.finishLaunch.injEq	Effect4.Concurrency.Supervision	SUPERVISION-PG-RC112
owned-declaration	Effect4.Supervision.RaceAllDecision.finishLaunch.noConfusion	Effect4.Concurrency.Supervision	SUPERVISION-PG-RC112
owned-declaration	Effect4.Supervision.RaceAllDecision.finishLaunch.sizeOf_spec	Effect4.Concurrency.Supervision	SUPERVISION-PG-RC112
owned-declaration	Effect4.Supervision.RaceAllDecision.noConfusion	Effect4.Concurrency.Supervision	SUPERVISION-PG-RC112
owned-declaration	Effect4.Supervision.RaceAllDecision.noConfusionType	Effect4.Concurrency.Supervision	SUPERVISION-PG-RC112
owned-declaration	Effect4.Supervision.RaceAllDecision.rec	Effect4.Concurrency.Supervision	SUPERVISION-PG-RC112
owned-declaration	Effect4.Supervision.RaceAllDecision.recOn	Effect4.Concurrency.Supervision	SUPERVISION-PG-RC112
owned-declaration	Effect4.Supervision.RaceAllDecision.requestNext	Effect4.Concurrency.Supervision	SUPERVISION-PG-RC112
owned-declaration	Effect4.Supervision.RaceAllDecision.requestNext.elim	Effect4.Concurrency.Supervision	SUPERVISION-PG-RC112
owned-declaration	Effect4.Supervision.RaceAllDecision.requestNext.sizeOf_spec	Effect4.Concurrency.Supervision	SUPERVISION-PG-RC112
owned-declaration	Effect4.Supervision.RaceAllState	Effect4.Concurrency.Supervision	SUPERVISION-PG-RC112
owned-declaration	Effect4.Supervision.RaceAllState.accepted	Effect4.Concurrency.Supervision	SUPERVISION-PG-RC112
owned-declaration	Effect4.Supervision.RaceAllState.casesOn	Effect4.Concurrency.Supervision	SUPERVISION-PG-RC112
owned-declaration	Effect4.Supervision.RaceAllState.cleanup	Effect4.Concurrency.Supervision	SUPERVISION-PG-RC112
owned-declaration	Effect4.Supervision.RaceAllState.cleanupNeeded	Effect4.Concurrency.Supervision	SUPERVISION-PG-RC112
owned-declaration	Effect4.Supervision.RaceAllState.cleanupRequested	Effect4.Concurrency.Supervision	SUPERVISION-PG-RC112
owned-declaration	Effect4.Supervision.RaceAllState.ctorIdx	Effect4.Concurrency.Supervision	SUPERVISION-PG-RC112
owned-declaration	Effect4.Supervision.RaceAllState.failures	Effect4.Concurrency.Supervision	SUPERVISION-PG-RC112
owned-declaration	Effect4.Supervision.RaceAllState.initial	Effect4.Concurrency.Supervision	SUPERVISION-PG-RC112
owned-declaration	Effect4.Supervision.RaceAllState.initial.eq_1	Effect4.Concurrency.Supervision	SUPERVISION-PG-RC112
owned-declaration	Effect4.Supervision.RaceAllState.initial_eq	Effect4.Concurrency.Supervision	SUPERVISION-PG-RC112
owned-declaration	Effect4.Supervision.RaceAllState.live	Effect4.Concurrency.Supervision	SUPERVISION-PG-RC112
owned-declaration	Effect4.Supervision.RaceAllState.mk	Effect4.Concurrency.Supervision	SUPERVISION-PG-RC112
owned-declaration	Effect4.Supervision.RaceAllState.mk.inj	Effect4.Concurrency.Supervision	SUPERVISION-PG-RC112
owned-declaration	Effect4.Supervision.RaceAllState.mk.injEq	Effect4.Concurrency.Supervision	SUPERVISION-PG-RC112
owned-declaration	Effect4.Supervision.RaceAllState.mk.noConfusion	Effect4.Concurrency.Supervision	SUPERVISION-PG-RC112
owned-declaration	Effect4.Supervision.RaceAllState.mk.sizeOf_spec	Effect4.Concurrency.Supervision	SUPERVISION-PG-RC112
owned-declaration	Effect4.Supervision.RaceAllState.noConfusion	Effect4.Concurrency.Supervision	SUPERVISION-PG-RC112
owned-declaration	Effect4.Supervision.RaceAllState.noConfusionType	Effect4.Concurrency.Supervision	SUPERVISION-PG-RC112
owned-declaration	Effect4.Supervision.RaceAllState.rec	Effect4.Concurrency.Supervision	SUPERVISION-PG-RC112
owned-declaration	Effect4.Supervision.RaceAllState.recOn	Effect4.Concurrency.Supervision	SUPERVISION-PG-RC112
owned-declaration	Effect4.Supervision.RaceAllState.remaining	Effect4.Concurrency.Supervision	SUPERVISION-PG-RC112
owned-declaration	Effect4.Supervision.RaceAllState.requests	Effect4.Concurrency.Supervision	SUPERVISION-PG-RC112
owned-declaration	Effect4.Supervision.RaceAllState.result?	Effect4.Concurrency.Supervision	SUPERVISION-PG-RC112
owned-declaration	Effect4.Supervision.RaceAllState.result?.eq_1	Effect4.Concurrency.Supervision	SUPERVISION-PG-RC112
owned-declaration	Effect4.Supervision.RaceAllState.result_eq	Effect4.Concurrency.Supervision	SUPERVISION-PG-RC112
owned-declaration	Effect4.Supervision.RaceAllState.starting	Effect4.Concurrency.Supervision	SUPERVISION-PG-RC112
owned-declaration	Effect4.Supervision.RaceAllState.unstarted	Effect4.Concurrency.Supervision	SUPERVISION-PG-RC112
owned-declaration	Effect4.Supervision.RaceAllState.winner	Effect4.Concurrency.Supervision	SUPERVISION-PG-RC112
owned-declaration	Effect4.Supervision.RaceRuns	Effect4.Concurrency.Supervision	SUPERVISION-PG-RC112
owned-declaration	Effect4.Supervision.RaceRuns.eq_1	Effect4.Concurrency.Supervision	SUPERVISION-PG-RC112
owned-declaration	Effect4.Supervision.RaceStep	Effect4.Concurrency.Supervision	SUPERVISION-PG-RC112
owned-declaration	Effect4.Supervision.Refusal	Effect4.Concurrency.Supervision	SUPERVISION-PG-RC112
owned-declaration	Effect4.Supervision.Refusal.casesOn	Effect4.Concurrency.Supervision	SUPERVISION-PG-RC112
owned-declaration	Effect4.Supervision.Refusal.ctorElim	Effect4.Concurrency.Supervision	SUPERVISION-PG-RC112
owned-declaration	Effect4.Supervision.Refusal.ctorElimType	Effect4.Concurrency.Supervision	SUPERVISION-PG-RC112
owned-declaration	Effect4.Supervision.Refusal.ctorIdx	Effect4.Concurrency.Supervision	SUPERVISION-PG-RC112
owned-declaration	Effect4.Supervision.Refusal.duplicateEntrant	Effect4.Concurrency.Supervision	SUPERVISION-PG-RC112
owned-declaration	Effect4.Supervision.Refusal.duplicateEntrant.elim	Effect4.Concurrency.Supervision	SUPERVISION-PG-RC112
owned-declaration	Effect4.Supervision.Refusal.duplicateEntrant.sizeOf_spec	Effect4.Concurrency.Supervision	SUPERVISION-PG-RC112
owned-declaration	Effect4.Supervision.Refusal.duplicateFiber	Effect4.Concurrency.Supervision	SUPERVISION-PG-RC112
owned-declaration	Effect4.Supervision.Refusal.duplicateFiber.elim	Effect4.Concurrency.Supervision	SUPERVISION-PG-RC112
owned-declaration	Effect4.Supervision.Refusal.duplicateFiber.inj	Effect4.Concurrency.Supervision	SUPERVISION-PG-RC112
owned-declaration	Effect4.Supervision.Refusal.duplicateFiber.injEq	Effect4.Concurrency.Supervision	SUPERVISION-PG-RC112
owned-declaration	Effect4.Supervision.Refusal.duplicateFiber.noConfusion	Effect4.Concurrency.Supervision	SUPERVISION-PG-RC112
owned-declaration	Effect4.Supervision.Refusal.duplicateFiber.sizeOf_spec	Effect4.Concurrency.Supervision	SUPERVISION-PG-RC112
owned-declaration	Effect4.Supervision.Refusal.duplicateScopeKey	Effect4.Concurrency.Supervision	SUPERVISION-PG-RC112
owned-declaration	Effect4.Supervision.Refusal.duplicateScopeKey.elim	Effect4.Concurrency.Supervision	SUPERVISION-PG-RC112
owned-declaration	Effect4.Supervision.Refusal.duplicateScopeKey.inj	Effect4.Concurrency.Supervision	SUPERVISION-PG-RC112
owned-declaration	Effect4.Supervision.Refusal.duplicateScopeKey.injEq	Effect4.Concurrency.Supervision	SUPERVISION-PG-RC112
owned-declaration	Effect4.Supervision.Refusal.duplicateScopeKey.noConfusion	Effect4.Concurrency.Supervision	SUPERVISION-PG-RC112
owned-declaration	Effect4.Supervision.Refusal.duplicateScopeKey.sizeOf_spec	Effect4.Concurrency.Supervision	SUPERVISION-PG-RC112
owned-declaration	Effect4.Supervision.Refusal.duplicateSubscription	Effect4.Concurrency.Supervision	SUPERVISION-PG-RC112
owned-declaration	Effect4.Supervision.Refusal.duplicateSubscription.elim	Effect4.Concurrency.Supervision	SUPERVISION-PG-RC112
owned-declaration	Effect4.Supervision.Refusal.duplicateSubscription.inj	Effect4.Concurrency.Supervision	SUPERVISION-PG-RC112
owned-declaration	Effect4.Supervision.Refusal.duplicateSubscription.injEq	Effect4.Concurrency.Supervision	SUPERVISION-PG-RC112
owned-declaration	Effect4.Supervision.Refusal.duplicateSubscription.noConfusion	Effect4.Concurrency.Supervision	SUPERVISION-PG-RC112
owned-declaration	Effect4.Supervision.Refusal.duplicateSubscription.sizeOf_spec	Effect4.Concurrency.Supervision	SUPERVISION-PG-RC112
owned-declaration	Effect4.Supervision.Refusal.invalidChildOwnership	Effect4.Concurrency.Supervision	SUPERVISION-PG-RC112
owned-declaration	Effect4.Supervision.Refusal.invalidChildOwnership.elim	Effect4.Concurrency.Supervision	SUPERVISION-PG-RC112
owned-declaration	Effect4.Supervision.Refusal.invalidChildOwnership.sizeOf_spec	Effect4.Concurrency.Supervision	SUPERVISION-PG-RC112
owned-declaration	Effect4.Supervision.Refusal.invalidFiber	Effect4.Concurrency.Supervision	SUPERVISION-PG-RC112
owned-declaration	Effect4.Supervision.Refusal.invalidFiber.elim	Effect4.Concurrency.Supervision	SUPERVISION-PG-RC112
owned-declaration	Effect4.Supervision.Refusal.invalidFiber.inj	Effect4.Concurrency.Supervision	SUPERVISION-PG-RC112
owned-declaration	Effect4.Supervision.Refusal.invalidFiber.injEq	Effect4.Concurrency.Supervision	SUPERVISION-PG-RC112
owned-declaration	Effect4.Supervision.Refusal.invalidFiber.noConfusion	Effect4.Concurrency.Supervision	SUPERVISION-PG-RC112
owned-declaration	Effect4.Supervision.Refusal.invalidFiber.sizeOf_spec	Effect4.Concurrency.Supervision	SUPERVISION-PG-RC112
owned-declaration	Effect4.Supervision.Refusal.invalidParentOwnership	Effect4.Concurrency.Supervision	SUPERVISION-PG-RC112
owned-declaration	Effect4.Supervision.Refusal.invalidParentOwnership.elim	Effect4.Concurrency.Supervision	SUPERVISION-PG-RC112
owned-declaration	Effect4.Supervision.Refusal.invalidParentOwnership.sizeOf_spec	Effect4.Concurrency.Supervision	SUPERVISION-PG-RC112
owned-declaration	Effect4.Supervision.Refusal.invalidStartGlobals	Effect4.Concurrency.Supervision	SUPERVISION-PG-RC112
owned-declaration	Effect4.Supervision.Refusal.invalidStartGlobals.elim	Effect4.Concurrency.Supervision	SUPERVISION-PG-RC112
owned-declaration	Effect4.Supervision.Refusal.invalidStartGlobals.sizeOf_spec	Effect4.Concurrency.Supervision	SUPERVISION-PG-RC112
owned-declaration	Effect4.Supervision.Refusal.noConfusion	Effect4.Concurrency.Supervision	SUPERVISION-PG-RC112
owned-declaration	Effect4.Supervision.Refusal.noConfusionType	Effect4.Concurrency.Supervision	SUPERVISION-PG-RC112
owned-declaration	Effect4.Supervision.Refusal.noEntrant	Effect4.Concurrency.Supervision	SUPERVISION-PG-RC112
owned-declaration	Effect4.Supervision.Refusal.noEntrant.elim	Effect4.Concurrency.Supervision	SUPERVISION-PG-RC112
owned-declaration	Effect4.Supervision.Refusal.noEntrant.sizeOf_spec	Effect4.Concurrency.Supervision	SUPERVISION-PG-RC112
owned-declaration	Effect4.Supervision.Refusal.rec	Effect4.Concurrency.Supervision	SUPERVISION-PG-RC112
owned-declaration	Effect4.Supervision.Refusal.recOn	Effect4.Concurrency.Supervision	SUPERVISION-PG-RC112
owned-declaration	Effect4.Supervision.Refusal.unknownEntrant	Effect4.Concurrency.Supervision	SUPERVISION-PG-RC112
owned-declaration	Effect4.Supervision.Refusal.unknownEntrant.elim	Effect4.Concurrency.Supervision	SUPERVISION-PG-RC112
owned-declaration	Effect4.Supervision.Refusal.unknownEntrant.inj	Effect4.Concurrency.Supervision	SUPERVISION-PG-RC112
owned-declaration	Effect4.Supervision.Refusal.unknownEntrant.injEq	Effect4.Concurrency.Supervision	SUPERVISION-PG-RC112
owned-declaration	Effect4.Supervision.Refusal.unknownEntrant.noConfusion	Effect4.Concurrency.Supervision	SUPERVISION-PG-RC112
owned-declaration	Effect4.Supervision.Refusal.unknownEntrant.sizeOf_spec	Effect4.Concurrency.Supervision	SUPERVISION-PG-RC112
owned-declaration	Effect4.Supervision.Refusal.unknownPublication	Effect4.Concurrency.Supervision	SUPERVISION-PG-RC112
owned-declaration	Effect4.Supervision.Refusal.unknownPublication.elim	Effect4.Concurrency.Supervision	SUPERVISION-PG-RC112
owned-declaration	Effect4.Supervision.Refusal.unknownPublication.inj	Effect4.Concurrency.Supervision	SUPERVISION-PG-RC112
owned-declaration	Effect4.Supervision.Refusal.unknownPublication.injEq	Effect4.Concurrency.Supervision	SUPERVISION-PG-RC112
owned-declaration	Effect4.Supervision.Refusal.unknownPublication.noConfusion	Effect4.Concurrency.Supervision	SUPERVISION-PG-RC112
owned-declaration	Effect4.Supervision.Refusal.unknownPublication.sizeOf_spec	Effect4.Concurrency.Supervision	SUPERVISION-PG-RC112
owned-declaration	Effect4.Supervision.Refusal.wrongChildIdentity	Effect4.Concurrency.Supervision	SUPERVISION-PG-RC112
owned-declaration	Effect4.Supervision.Refusal.wrongChildIdentity.elim	Effect4.Concurrency.Supervision	SUPERVISION-PG-RC112
owned-declaration	Effect4.Supervision.Refusal.wrongChildIdentity.sizeOf_spec	Effect4.Concurrency.Supervision	SUPERVISION-PG-RC112
owned-declaration	Effect4.Supervision.Refusal.wrongParentIdentity	Effect4.Concurrency.Supervision	SUPERVISION-PG-RC112
owned-declaration	Effect4.Supervision.Refusal.wrongParentIdentity.elim	Effect4.Concurrency.Supervision	SUPERVISION-PG-RC112
owned-declaration	Effect4.Supervision.Refusal.wrongParentIdentity.sizeOf_spec	Effect4.Concurrency.Supervision	SUPERVISION-PG-RC112
owned-declaration	Effect4.Supervision.Refusal.wrongRacePhase	Effect4.Concurrency.Supervision	SUPERVISION-PG-RC112
owned-declaration	Effect4.Supervision.Refusal.wrongRacePhase.elim	Effect4.Concurrency.Supervision	SUPERVISION-PG-RC112
owned-declaration	Effect4.Supervision.Refusal.wrongRacePhase.sizeOf_spec	Effect4.Concurrency.Supervision	SUPERVISION-PG-RC112
owned-declaration	Effect4.Supervision.Refusal.wrongStartMode	Effect4.Concurrency.Supervision	SUPERVISION-PG-RC112
owned-declaration	Effect4.Supervision.Refusal.wrongStartMode.elim	Effect4.Concurrency.Supervision	SUPERVISION-PG-RC112
owned-declaration	Effect4.Supervision.Refusal.wrongStartMode.sizeOf_spec	Effect4.Concurrency.Supervision	SUPERVISION-PG-RC112
owned-declaration	Effect4.Supervision.ReplayResult	Effect4.Concurrency.Supervision	SUPERVISION-PG-RC112
owned-declaration	Effect4.Supervision.ReplayResult.casesOn	Effect4.Concurrency.Supervision	SUPERVISION-PG-RC112
owned-declaration	Effect4.Supervision.ReplayResult.ctorElim	Effect4.Concurrency.Supervision	SUPERVISION-PG-RC112
owned-declaration	Effect4.Supervision.ReplayResult.ctorElimType	Effect4.Concurrency.Supervision	SUPERVISION-PG-RC112
owned-declaration	Effect4.Supervision.ReplayResult.ctorIdx	Effect4.Concurrency.Supervision	SUPERVISION-PG-RC112
owned-declaration	Effect4.Supervision.ReplayResult.done	Effect4.Concurrency.Supervision	SUPERVISION-PG-RC112
owned-declaration	Effect4.Supervision.ReplayResult.done.elim	Effect4.Concurrency.Supervision	SUPERVISION-PG-RC112
owned-declaration	Effect4.Supervision.ReplayResult.done.inj	Effect4.Concurrency.Supervision	SUPERVISION-PG-RC112
owned-declaration	Effect4.Supervision.ReplayResult.done.injEq	Effect4.Concurrency.Supervision	SUPERVISION-PG-RC112
owned-declaration	Effect4.Supervision.ReplayResult.done.noConfusion	Effect4.Concurrency.Supervision	SUPERVISION-PG-RC112
owned-declaration	Effect4.Supervision.ReplayResult.done.sizeOf_spec	Effect4.Concurrency.Supervision	SUPERVISION-PG-RC112
owned-declaration	Effect4.Supervision.ReplayResult.frontier	Effect4.Concurrency.Supervision	SUPERVISION-PG-RC112
owned-declaration	Effect4.Supervision.ReplayResult.frontier.elim	Effect4.Concurrency.Supervision	SUPERVISION-PG-RC112
owned-declaration	Effect4.Supervision.ReplayResult.frontier.inj	Effect4.Concurrency.Supervision	SUPERVISION-PG-RC112
owned-declaration	Effect4.Supervision.ReplayResult.frontier.injEq	Effect4.Concurrency.Supervision	SUPERVISION-PG-RC112
owned-declaration	Effect4.Supervision.ReplayResult.frontier.noConfusion	Effect4.Concurrency.Supervision	SUPERVISION-PG-RC112
owned-declaration	Effect4.Supervision.ReplayResult.frontier.sizeOf_spec	Effect4.Concurrency.Supervision	SUPERVISION-PG-RC112
owned-declaration	Effect4.Supervision.ReplayResult.noConfusion	Effect4.Concurrency.Supervision	SUPERVISION-PG-RC112
owned-declaration	Effect4.Supervision.ReplayResult.noConfusionType	Effect4.Concurrency.Supervision	SUPERVISION-PG-RC112
owned-declaration	Effect4.Supervision.ReplayResult.rec	Effect4.Concurrency.Supervision	SUPERVISION-PG-RC112
owned-declaration	Effect4.Supervision.ReplayResult.recOn	Effect4.Concurrency.Supervision	SUPERVISION-PG-RC112
owned-declaration	Effect4.Supervision.ReplayResult.refused	Effect4.Concurrency.Supervision	SUPERVISION-PG-RC112
owned-declaration	Effect4.Supervision.ReplayResult.refused.elim	Effect4.Concurrency.Supervision	SUPERVISION-PG-RC112
owned-declaration	Effect4.Supervision.ReplayResult.refused.inj	Effect4.Concurrency.Supervision	SUPERVISION-PG-RC112
owned-declaration	Effect4.Supervision.ReplayResult.refused.injEq	Effect4.Concurrency.Supervision	SUPERVISION-PG-RC112
owned-declaration	Effect4.Supervision.ReplayResult.refused.noConfusion	Effect4.Concurrency.Supervision	SUPERVISION-PG-RC112
owned-declaration	Effect4.Supervision.ReplayResult.refused.sizeOf_spec	Effect4.Concurrency.Supervision	SUPERVISION-PG-RC112
owned-declaration	Effect4.Supervision.ReplayResult.state	Effect4.Concurrency.Supervision	SUPERVISION-PG-RC112
owned-declaration	Effect4.Supervision.ReplayResult.state.eq_1	Effect4.Concurrency.Supervision	SUPERVISION-PG-RC112
owned-declaration	Effect4.Supervision.ReplayResult.state.eq_2	Effect4.Concurrency.Supervision	SUPERVISION-PG-RC112
owned-declaration	Effect4.Supervision.ReplayResult.state.eq_3	Effect4.Concurrency.Supervision	SUPERVISION-PG-RC112
owned-declaration	Effect4.Supervision.ReplayResult.state.match_1	Effect4.Concurrency.Supervision	SUPERVISION-PG-RC112
owned-declaration	Effect4.Supervision.ReplayResult.state_done	Effect4.Concurrency.Supervision	SUPERVISION-PG-RC112
owned-declaration	Effect4.Supervision.ReplayResult.state_frontier	Effect4.Concurrency.Supervision	SUPERVISION-PG-RC112
owned-declaration	Effect4.Supervision.ReplayResult.state_refused	Effect4.Concurrency.Supervision	SUPERVISION-PG-RC112
owned-declaration	Effect4.Supervision.ScopeBinding	Effect4.Concurrency.Supervision	SUPERVISION-PG-RC112
owned-declaration	Effect4.Supervision.ScopeBinding.casesOn	Effect4.Concurrency.Supervision	SUPERVISION-PG-RC112
owned-declaration	Effect4.Supervision.ScopeBinding.ctorIdx	Effect4.Concurrency.Supervision	SUPERVISION-PG-RC112
owned-declaration	Effect4.Supervision.ScopeBinding.interruptor	Effect4.Concurrency.Supervision	SUPERVISION-PG-RC112
owned-declaration	Effect4.Supervision.ScopeBinding.mk	Effect4.Concurrency.Supervision	SUPERVISION-PG-RC112
owned-declaration	Effect4.Supervision.ScopeBinding.mk.inj	Effect4.Concurrency.Supervision	SUPERVISION-PG-RC112
owned-declaration	Effect4.Supervision.ScopeBinding.mk.injEq	Effect4.Concurrency.Supervision	SUPERVISION-PG-RC112
owned-declaration	Effect4.Supervision.ScopeBinding.mk.noConfusion	Effect4.Concurrency.Supervision	SUPERVISION-PG-RC112
owned-declaration	Effect4.Supervision.ScopeBinding.mk.sizeOf_spec	Effect4.Concurrency.Supervision	SUPERVISION-PG-RC112
owned-declaration	Effect4.Supervision.ScopeBinding.noConfusion	Effect4.Concurrency.Supervision	SUPERVISION-PG-RC112
owned-declaration	Effect4.Supervision.ScopeBinding.noConfusionType	Effect4.Concurrency.Supervision	SUPERVISION-PG-RC112
owned-declaration	Effect4.Supervision.ScopeBinding.observerKey	Effect4.Concurrency.Supervision	SUPERVISION-PG-RC112
owned-declaration	Effect4.Supervision.ScopeBinding.rec	Effect4.Concurrency.Supervision	SUPERVISION-PG-RC112
owned-declaration	Effect4.Supervision.ScopeBinding.recOn	Effect4.Concurrency.Supervision	SUPERVISION-PG-RC112
owned-declaration	Effect4.Supervision.ScopeBinding.scope	Effect4.Concurrency.Supervision	SUPERVISION-PG-RC112
owned-declaration	Effect4.Supervision.ScopeFinalizer	Effect4.Concurrency.Supervision	SUPERVISION-PG-RC112
owned-declaration	Effect4.Supervision.ScopeFinalizer.casesOn	Effect4.Concurrency.Supervision	SUPERVISION-PG-RC112
owned-declaration	Effect4.Supervision.ScopeFinalizer.child	Effect4.Concurrency.Supervision	SUPERVISION-PG-RC112
owned-declaration	Effect4.Supervision.ScopeFinalizer.ctorIdx	Effect4.Concurrency.Supervision	SUPERVISION-PG-RC112
owned-declaration	Effect4.Supervision.ScopeFinalizer.mk	Effect4.Concurrency.Supervision	SUPERVISION-PG-RC112
owned-declaration	Effect4.Supervision.ScopeFinalizer.mk.inj	Effect4.Concurrency.Supervision	SUPERVISION-PG-RC112
owned-declaration	Effect4.Supervision.ScopeFinalizer.mk.injEq	Effect4.Concurrency.Supervision	SUPERVISION-PG-RC112
owned-declaration	Effect4.Supervision.ScopeFinalizer.mk.noConfusion	Effect4.Concurrency.Supervision	SUPERVISION-PG-RC112
owned-declaration	Effect4.Supervision.ScopeFinalizer.mk.sizeOf_spec	Effect4.Concurrency.Supervision	SUPERVISION-PG-RC112
owned-declaration	Effect4.Supervision.ScopeFinalizer.noConfusion	Effect4.Concurrency.Supervision	SUPERVISION-PG-RC112
owned-declaration	Effect4.Supervision.ScopeFinalizer.noConfusionType	Effect4.Concurrency.Supervision	SUPERVISION-PG-RC112
owned-declaration	Effect4.Supervision.ScopeFinalizer.rec	Effect4.Concurrency.Supervision	SUPERVISION-PG-RC112
owned-declaration	Effect4.Supervision.ScopeFinalizer.recOn	Effect4.Concurrency.Supervision	SUPERVISION-PG-RC112
owned-declaration	Effect4.Supervision.ScopeFinalizer.skipSelf	Effect4.Concurrency.Supervision	SUPERVISION-PG-RC112
owned-declaration	Effect4.Supervision.ScopeMode	Effect4.Concurrency.Supervision	SUP-L-SCOPE
owned-declaration	Effect4.Supervision.ScopeMode.casesOn	Effect4.Concurrency.Supervision	SUP-L-SCOPE
owned-declaration	Effect4.Supervision.ScopeMode.cases_receipt	Effect4.Concurrency.Supervision	SUP-L-SCOPE
owned-declaration	Effect4.Supervision.ScopeMode.ctorElim	Effect4.Concurrency.Supervision	SUP-L-SCOPE
owned-declaration	Effect4.Supervision.ScopeMode.ctorElimType	Effect4.Concurrency.Supervision	SUP-L-SCOPE
owned-declaration	Effect4.Supervision.ScopeMode.ctorIdx	Effect4.Concurrency.Supervision	SUP-L-SCOPE
owned-declaration	Effect4.Supervision.ScopeMode.fiberRunIn	Effect4.Concurrency.Supervision	SUP-L-SCOPE
owned-declaration	Effect4.Supervision.ScopeMode.fiberRunIn.elim	Effect4.Concurrency.Supervision	SUP-L-SCOPE
owned-declaration	Effect4.Supervision.ScopeMode.fiberRunIn.sizeOf_spec	Effect4.Concurrency.Supervision	SUP-L-SCOPE
owned-declaration	Effect4.Supervision.ScopeMode.forkIn	Effect4.Concurrency.Supervision	SUP-L-SCOPE
owned-declaration	Effect4.Supervision.ScopeMode.forkIn.elim	Effect4.Concurrency.Supervision	SUP-L-SCOPE
owned-declaration	Effect4.Supervision.ScopeMode.forkIn.sizeOf_spec	Effect4.Concurrency.Supervision	SUP-L-SCOPE
owned-declaration	Effect4.Supervision.ScopeMode.noConfusion	Effect4.Concurrency.Supervision	SUP-L-SCOPE
owned-declaration	Effect4.Supervision.ScopeMode.noConfusionType	Effect4.Concurrency.Supervision	SUP-L-SCOPE
owned-declaration	Effect4.Supervision.ScopeMode.ofNat	Effect4.Concurrency.Supervision	SUP-L-SCOPE
owned-declaration	Effect4.Supervision.ScopeMode.ofNat_ctorIdx	Effect4.Concurrency.Supervision	SUP-L-SCOPE
owned-declaration	Effect4.Supervision.ScopeMode.rec	Effect4.Concurrency.Supervision	SUP-L-SCOPE
owned-declaration	Effect4.Supervision.ScopeMode.recOn	Effect4.Concurrency.Supervision	SUP-L-SCOPE
owned-declaration	Effect4.Supervision.ScopeMode.toCtorIdx	Effect4.Concurrency.Supervision	SUP-L-SCOPE
owned-declaration	Effect4.Supervision.StartObservation	Effect4.Concurrency.Supervision	SUPERVISION-PG-RC112
owned-declaration	Effect4.Supervision.StartObservation.casesOn	Effect4.Concurrency.Supervision	SUPERVISION-PG-RC112
owned-declaration	Effect4.Supervision.StartObservation.ctorElim	Effect4.Concurrency.Supervision	SUPERVISION-PG-RC112
owned-declaration	Effect4.Supervision.StartObservation.ctorElimType	Effect4.Concurrency.Supervision	SUPERVISION-PG-RC112
owned-declaration	Effect4.Supervision.StartObservation.ctorIdx	Effect4.Concurrency.Supervision	SUPERVISION-PG-RC112
owned-declaration	Effect4.Supervision.StartObservation.deferred	Effect4.Concurrency.Supervision	SUPERVISION-PG-RC112
owned-declaration	Effect4.Supervision.StartObservation.deferred.elim	Effect4.Concurrency.Supervision	SUPERVISION-PG-RC112
owned-declaration	Effect4.Supervision.StartObservation.deferred.sizeOf_spec	Effect4.Concurrency.Supervision	SUPERVISION-PG-RC112
owned-declaration	Effect4.Supervision.StartObservation.immediate	Effect4.Concurrency.Supervision	SUPERVISION-PG-RC112
owned-declaration	Effect4.Supervision.StartObservation.immediate.elim	Effect4.Concurrency.Supervision	SUPERVISION-PG-RC112
owned-declaration	Effect4.Supervision.StartObservation.immediate.inj	Effect4.Concurrency.Supervision	SUPERVISION-PG-RC112
owned-declaration	Effect4.Supervision.StartObservation.immediate.injEq	Effect4.Concurrency.Supervision	SUPERVISION-PG-RC112
owned-declaration	Effect4.Supervision.StartObservation.immediate.noConfusion	Effect4.Concurrency.Supervision	SUPERVISION-PG-RC112
owned-declaration	Effect4.Supervision.StartObservation.immediate.sizeOf_spec	Effect4.Concurrency.Supervision	SUPERVISION-PG-RC112
owned-declaration	Effect4.Supervision.StartObservation.noConfusion	Effect4.Concurrency.Supervision	SUPERVISION-PG-RC112
owned-declaration	Effect4.Supervision.StartObservation.noConfusionType	Effect4.Concurrency.Supervision	SUPERVISION-PG-RC112
owned-declaration	Effect4.Supervision.StartObservation.rec	Effect4.Concurrency.Supervision	SUPERVISION-PG-RC112
owned-declaration	Effect4.Supervision.StartObservation.recOn	Effect4.Concurrency.Supervision	SUPERVISION-PG-RC112
owned-declaration	Effect4.Supervision.Subscription	Effect4.Concurrency.Supervision	SUPERVISION-PG-RC112
owned-declaration	Effect4.Supervision.Subscription.casesOn	Effect4.Concurrency.Supervision	SUPERVISION-PG-RC112
owned-declaration	Effect4.Supervision.Subscription.ctorIdx	Effect4.Concurrency.Supervision	SUPERVISION-PG-RC112
owned-declaration	Effect4.Supervision.Subscription.key	Effect4.Concurrency.Supervision	SUPERVISION-PG-RC112
owned-declaration	Effect4.Supervision.Subscription.mk	Effect4.Concurrency.Supervision	SUPERVISION-PG-RC112
owned-declaration	Effect4.Supervision.Subscription.mk.inj	Effect4.Concurrency.Supervision	SUPERVISION-PG-RC112
owned-declaration	Effect4.Supervision.Subscription.mk.injEq	Effect4.Concurrency.Supervision	SUPERVISION-PG-RC112
owned-declaration	Effect4.Supervision.Subscription.mk.noConfusion	Effect4.Concurrency.Supervision	SUPERVISION-PG-RC112
owned-declaration	Effect4.Supervision.Subscription.mk.sizeOf_spec	Effect4.Concurrency.Supervision	SUPERVISION-PG-RC112
owned-declaration	Effect4.Supervision.Subscription.mode	Effect4.Concurrency.Supervision	SUPERVISION-PG-RC112
owned-declaration	Effect4.Supervision.Subscription.noConfusion	Effect4.Concurrency.Supervision	SUPERVISION-PG-RC112
owned-declaration	Effect4.Supervision.Subscription.noConfusionType	Effect4.Concurrency.Supervision	SUPERVISION-PG-RC112
owned-declaration	Effect4.Supervision.Subscription.rec	Effect4.Concurrency.Supervision	SUPERVISION-PG-RC112
owned-declaration	Effect4.Supervision.Subscription.recOn	Effect4.Concurrency.Supervision	SUPERVISION-PG-RC112
owned-declaration	Effect4.Supervision.WaitRuns	Effect4.Concurrency.Supervision	SUPERVISION-PG-RC112
owned-declaration	Effect4.Supervision.WaitRuns.eq_1	Effect4.Concurrency.Supervision	SUPERVISION-PG-RC112
owned-declaration	Effect4.Supervision.WaitState	Effect4.Concurrency.Supervision	SUPERVISION-PG-RC112
owned-declaration	Effect4.Supervision.WaitState.begin	Effect4.Concurrency.Supervision	SUPERVISION-PG-RC112
owned-declaration	Effect4.Supervision.WaitState.begin.eq_1	Effect4.Concurrency.Supervision	SUPERVISION-PG-RC112
owned-declaration	Effect4.Supervision.WaitState.begin_eq	Effect4.Concurrency.Supervision	SUPERVISION-PG-RC112
owned-declaration	Effect4.Supervision.WaitState.casesOn	Effect4.Concurrency.Supervision	SUPERVISION-PG-RC112
owned-declaration	Effect4.Supervision.WaitState.ctorIdx	Effect4.Concurrency.Supervision	SUPERVISION-PG-RC112
owned-declaration	Effect4.Supervision.WaitState.mk	Effect4.Concurrency.Supervision	SUPERVISION-PG-RC112
owned-declaration	Effect4.Supervision.WaitState.mk.inj	Effect4.Concurrency.Supervision	SUPERVISION-PG-RC112
owned-declaration	Effect4.Supervision.WaitState.mk.injEq	Effect4.Concurrency.Supervision	SUPERVISION-PG-RC112
owned-declaration	Effect4.Supervision.WaitState.mk.noConfusion	Effect4.Concurrency.Supervision	SUPERVISION-PG-RC112
owned-declaration	Effect4.Supervision.WaitState.mk.sizeOf_spec	Effect4.Concurrency.Supervision	SUPERVISION-PG-RC112
owned-declaration	Effect4.Supervision.WaitState.noConfusion	Effect4.Concurrency.Supervision	SUPERVISION-PG-RC112
owned-declaration	Effect4.Supervision.WaitState.noConfusionType	Effect4.Concurrency.Supervision	SUPERVISION-PG-RC112
owned-declaration	Effect4.Supervision.WaitState.observe	Effect4.Concurrency.Supervision	SUPERVISION-PG-RC112
owned-declaration	Effect4.Supervision.WaitState.observe.eq_1	Effect4.Concurrency.Supervision	SUPERVISION-PG-RC112
owned-declaration	Effect4.Supervision.WaitState.observe_pending	Effect4.Concurrency.Supervision	SUPERVISION-PG-RC112
owned-declaration	Effect4.Supervision.WaitState.observe_pending_membership	Effect4.Concurrency.Supervision	SUPERVISION-PG-RC112
owned-declaration	Effect4.Supervision.WaitState.observe_unknown	Effect4.Concurrency.Supervision	SUPERVISION-PG-RC112
owned-declaration	Effect4.Supervision.WaitState.pending	Effect4.Concurrency.Supervision	SUPERVISION-PG-RC112
owned-declaration	Effect4.Supervision.WaitState.pending.eq_1	Effect4.Concurrency.Supervision	SUPERVISION-PG-RC112
owned-declaration	Effect4.Supervision.WaitState.pending_eq	Effect4.Concurrency.Supervision	SUPERVISION-PG-RC112
owned-declaration	Effect4.Supervision.WaitState.published	Effect4.Concurrency.Supervision	SUPERVISION-PG-RC112
owned-declaration	Effect4.Supervision.WaitState.ready?	Effect4.Concurrency.Supervision	SUPERVISION-PG-RC112
owned-declaration	Effect4.Supervision.WaitState.ready?.eq_1	Effect4.Concurrency.Supervision	SUPERVISION-PG-RC112
owned-declaration	Effect4.Supervision.WaitState.ready_iff	Effect4.Concurrency.Supervision	SUPERVISION-PG-RC112
owned-declaration	Effect4.Supervision.WaitState.ready_publications	Effect4.Concurrency.Supervision	SUPERVISION-PG-RC112
owned-declaration	Effect4.Supervision.WaitState.rec	Effect4.Concurrency.Supervision	SUPERVISION-PG-RC112
owned-declaration	Effect4.Supervision.WaitState.recOn	Effect4.Concurrency.Supervision	SUPERVISION-PG-RC112
owned-declaration	Effect4.Supervision.WaitState.result	Effect4.Concurrency.Supervision	SUPERVISION-PG-RC112
owned-declaration	Effect4.Supervision.WaitState.targets	Effect4.Concurrency.Supervision	SUPERVISION-PG-RC112
owned-declaration	Effect4.Supervision.WaitStep	Effect4.Concurrency.Supervision	SUPERVISION-PG-RC112
owned-declaration	Effect4.Supervision.awaitAllChildren	Effect4.Concurrency.Supervision	SUPERVISION-PG-RC112
owned-declaration	Effect4.Supervision.awaitAllChildren_eq	Effect4.Concurrency.Supervision	SUPERVISION-PG-RC112
owned-declaration	Effect4.Supervision.beginParentExit	Effect4.Concurrency.Supervision	SUPERVISION-PG-RC112
owned-declaration	Effect4.Supervision.beginParentExit_eq	Effect4.Concurrency.Supervision	SUPERVISION-PG-RC112
owned-declaration	Effect4.Supervision.bindScope	Effect4.Concurrency.Supervision	SUPERVISION-PG-RC112
owned-declaration	Effect4.Supervision.bindScope.eq_1	Effect4.Concurrency.Supervision	SUPERVISION-PG-RC112
owned-declaration	Effect4.Supervision.bindScope_closed	Effect4.Concurrency.Supervision	SUPERVISION-PG-RC112
owned-declaration	Effect4.Supervision.bindScope_done	Effect4.Concurrency.Supervision	SUPERVISION-PG-RC112
owned-declaration	Effect4.Supervision.bindScope_duplicate_key	Effect4.Concurrency.Supervision	SUPERVISION-PG-RC112
owned-declaration	Effect4.Supervision.bindScope_invalid	Effect4.Concurrency.Supervision	SUPERVISION-PG-RC112
owned-declaration	Effect4.Supervision.bindScope_open	Effect4.Concurrency.Supervision	SUPERVISION-PG-RC112
owned-declaration	Effect4.Supervision.commitFork	Effect4.Concurrency.Supervision	SUPERVISION-PG-RC112
owned-declaration	Effect4.Supervision.commitFork.eq_1	Effect4.Concurrency.Supervision	SUPERVISION-PG-RC112
owned-declaration	Effect4.Supervision.commitFork_daemon_untracked	Effect4.Concurrency.Supervision	SUPERVISION-PG-RC112
owned-declaration	Effect4.Supervision.commitFork_done_untracked	Effect4.Concurrency.Supervision	SUPERVISION-PG-RC112
owned-declaration	Effect4.Supervision.commitFork_eq	Effect4.Concurrency.Supervision	SUPERVISION-PG-RC112
owned-declaration	Effect4.Supervision.forkChild	Effect4.Concurrency.Supervision	SUPERVISION-PG-RC112
owned-declaration	Effect4.Supervision.forkChild_eq	Effect4.Concurrency.Supervision	SUPERVISION-PG-RC112
owned-declaration	Effect4.Supervision.forkDetach	Effect4.Concurrency.Supervision	SUPERVISION-PG-RC112
owned-declaration	Effect4.Supervision.forkDetach_eq	Effect4.Concurrency.Supervision	SUPERVISION-PG-RC112
owned-declaration	Effect4.Supervision.forkScopedBinding	Effect4.Concurrency.Supervision	SUPERVISION-PG-RC112
owned-declaration	Effect4.Supervision.forkScopedBinding_eq	Effect4.Concurrency.Supervision	SUPERVISION-PG-RC112
owned-declaration	Effect4.Supervision.forkUnsafe	Effect4.Concurrency.Supervision	SUPERVISION-PG-RC112
owned-declaration	Effect4.Supervision.forkUnsafe.eq_1	Effect4.Concurrency.Supervision	SUPERVISION-PG-RC112
owned-declaration	Effect4.Supervision.forkUnsafe.eq_2	Effect4.Concurrency.Supervision	SUPERVISION-PG-RC112
owned-declaration	Effect4.Supervision.forkUnsafe.match_1	Effect4.Concurrency.Supervision	SUPERVISION-PG-RC112
owned-declaration	Effect4.Supervision.forkUnsafe_allocated_nodup	Effect4.Concurrency.Supervision	SUPERVISION-PG-RC112
owned-declaration	Effect4.Supervision.forkUnsafe_child_valid	Effect4.Concurrency.Supervision	SUPERVISION-PG-RC112
owned-declaration	Effect4.Supervision.forkUnsafe_deferred	Effect4.Concurrency.Supervision	SUPERVISION-PG-RC112
owned-declaration	Effect4.Supervision.forkUnsafe_duplicate	Effect4.Concurrency.Supervision	SUPERVISION-PG-RC112
owned-declaration	Effect4.Supervision.forkUnsafe_fresh	Effect4.Concurrency.Supervision	SUPERVISION-PG-RC112
owned-declaration	Effect4.Supervision.forkUnsafe_immediate	Effect4.Concurrency.Supervision	SUPERVISION-PG-RC112
owned-declaration	Effect4.Supervision.forkUnsafe_invalid_child	Effect4.Concurrency.Supervision	SUPERVISION-PG-RC112
owned-declaration	Effect4.Supervision.forkUnsafe_invalid_child_ownership	Effect4.Concurrency.Supervision	SUPERVISION-PG-RC112
owned-declaration	Effect4.Supervision.forkUnsafe_invalid_globals	Effect4.Concurrency.Supervision	SUPERVISION-PG-RC112
owned-declaration	Effect4.Supervision.forkUnsafe_invalid_ownership	Effect4.Concurrency.Supervision	SUPERVISION-PG-RC112
owned-declaration	Effect4.Supervision.forkUnsafe_invalid_parent	Effect4.Concurrency.Supervision	SUPERVISION-PG-RC112
owned-declaration	Effect4.Supervision.forkUnsafe_parent_children_nodup	Effect4.Concurrency.Supervision	SUPERVISION-PG-RC112
owned-declaration	Effect4.Supervision.forkUnsafe_wrong_deferred	Effect4.Concurrency.Supervision	SUPERVISION-PG-RC112
owned-declaration	Effect4.Supervision.forkUnsafe_wrong_identity	Effect4.Concurrency.Supervision	SUPERVISION-PG-RC112
owned-declaration	Effect4.Supervision.forkUnsafe_wrong_immediate	Effect4.Concurrency.Supervision	SUPERVISION-PG-RC112
owned-declaration	Effect4.Supervision.forkUnsafe_wrong_parent	Effect4.Concurrency.Supervision	SUPERVISION-PG-RC112
owned-declaration	Effect4.Supervision.initialFiber	Effect4.Concurrency.Supervision	SUPERVISION-PG-RC112
owned-declaration	Effect4.Supervision.initialFiber.eq_1	Effect4.Concurrency.Supervision	SUPERVISION-PG-RC112
owned-declaration	Effect4.Supervision.initialFiber_eq	Effect4.Concurrency.Supervision	SUPERVISION-PG-RC112
owned-declaration	Effect4.Supervision.initialFiber_valid	Effect4.Concurrency.Supervision	SUPERVISION-PG-RC112
owned-declaration	Effect4.Supervision.instDecidableEqForkEvent	Effect4.Concurrency.Supervision	SUPERVISION-PG-RC112
owned-declaration	Effect4.Supervision.instDecidableEqForkEvent.decEq	Effect4.Concurrency.Supervision	SUPERVISION-PG-RC112
owned-declaration	Effect4.Supervision.instDecidableEqForkEvent.decEq.match_1	Effect4.Concurrency.Supervision	SUPERVISION-PG-RC112
owned-declaration	Effect4.Supervision.instDecidableEqForkOptions	Effect4.Concurrency.Supervision	SUPERVISION-PG-RC112
owned-declaration	Effect4.Supervision.instDecidableEqForkOptions.decEq	Effect4.Concurrency.Supervision	SUPERVISION-PG-RC112
owned-declaration	Effect4.Supervision.instDecidableEqForkOptions.decEq.match_1	Effect4.Concurrency.Supervision	SUPERVISION-PG-RC112
owned-declaration	Effect4.Supervision.instDecidableEqGlobals	Effect4.Concurrency.Supervision	SUPERVISION-PG-RC112
owned-declaration	Effect4.Supervision.instDecidableEqGlobals.decEq	Effect4.Concurrency.Supervision	SUPERVISION-PG-RC112
owned-declaration	Effect4.Supervision.instDecidableEqGlobals.decEq.match_1	Effect4.Concurrency.Supervision	SUPERVISION-PG-RC112
owned-declaration	Effect4.Supervision.instDecidableEqInterruptAction	Effect4.Concurrency.Supervision	SUPERVISION-PG-RC112
owned-declaration	Effect4.Supervision.instDecidableEqInterruptAction.decEq	Effect4.Concurrency.Supervision	SUPERVISION-PG-RC112
owned-declaration	Effect4.Supervision.instDecidableEqInterruptAction.decEq.match_1	Effect4.Concurrency.Supervision	SUPERVISION-PG-RC112
owned-declaration	Effect4.Supervision.instDecidableEqMaskMode	Effect4.Concurrency.Supervision	SUP-L-MASK
owned-declaration	Effect4.Supervision.instDecidableEqObserverMode	Effect4.Concurrency.Supervision	SUP-L-OBSERVER
owned-declaration	Effect4.Supervision.instDecidableEqRefusal	Effect4.Concurrency.Supervision	SUPERVISION-PG-RC112
owned-declaration	Effect4.Supervision.instDecidableEqRefusal.decEq	Effect4.Concurrency.Supervision	SUPERVISION-PG-RC112
owned-declaration	Effect4.Supervision.instDecidableEqRefusal.decEq.match_1	Effect4.Concurrency.Supervision	SUPERVISION-PG-RC112
owned-declaration	Effect4.Supervision.instDecidableEqScopeFinalizer	Effect4.Concurrency.Supervision	SUPERVISION-PG-RC112
owned-declaration	Effect4.Supervision.instDecidableEqScopeFinalizer.decEq	Effect4.Concurrency.Supervision	SUPERVISION-PG-RC112
owned-declaration	Effect4.Supervision.instDecidableEqScopeFinalizer.decEq.match_1	Effect4.Concurrency.Supervision	SUPERVISION-PG-RC112
owned-declaration	Effect4.Supervision.instDecidableEqScopeMode	Effect4.Concurrency.Supervision	SUP-L-SCOPE
owned-declaration	Effect4.Supervision.instDecidableEqSubscription	Effect4.Concurrency.Supervision	SUPERVISION-PG-RC112
owned-declaration	Effect4.Supervision.instDecidableEqSubscription.decEq	Effect4.Concurrency.Supervision	SUPERVISION-PG-RC112
owned-declaration	Effect4.Supervision.instDecidableEqSubscription.decEq.match_1	Effect4.Concurrency.Supervision	SUPERVISION-PG-RC112
owned-declaration	Effect4.Supervision.interruptAllRequests	Effect4.Concurrency.Supervision	SUPERVISION-PG-RC112
owned-declaration	Effect4.Supervision.interruptAllRequests_eq	Effect4.Concurrency.Supervision	SUPERVISION-PG-RC112
owned-declaration	Effect4.Supervision.interruptAllWait	Effect4.Concurrency.Supervision	SUPERVISION-PG-RC112
owned-declaration	Effect4.Supervision.interruptAllWait_eq	Effect4.Concurrency.Supervision	SUPERVISION-PG-RC112
owned-declaration	Effect4.Supervision.interruptCause	Effect4.Concurrency.Supervision	SUPERVISION-PG-RC112
owned-declaration	Effect4.Supervision.interruptCause_eq	Effect4.Concurrency.Supervision	SUPERVISION-PG-RC112
owned-declaration	Effect4.Supervision.newChildren	Effect4.Concurrency.Supervision	SUPERVISION-PG-RC112
owned-declaration	Effect4.Supervision.newChildren.eq_1	Effect4.Concurrency.Supervision	SUPERVISION-PG-RC112
owned-declaration	Effect4.Supervision.newChildren_eq	Effect4.Concurrency.Supervision	SUPERVISION-PG-RC112
owned-declaration	Effect4.Supervision.newChildren_membership	Effect4.Concurrency.Supervision	SUPERVISION-PG-RC112
owned-declaration	Effect4.Supervision.observation	Effect4.Concurrency.Supervision	SUPERVISION-PG-RC112
owned-declaration	Effect4.Supervision.observation.match_1	Effect4.Concurrency.Supervision	SUPERVISION-PG-RC112
owned-declaration	Effect4.Supervision.observation_await	Effect4.Concurrency.Supervision	SUPERVISION-PG-RC112
owned-declaration	Effect4.Supervision.observation_join	Effect4.Concurrency.Supervision	SUPERVISION-PG-RC112
owned-declaration	Effect4.Supervision.observation_value_ne_effect	Effect4.Concurrency.Supervision	SUPERVISION-PG-RC112
owned-declaration	Effect4.Supervision.parentExitView	Effect4.Concurrency.Supervision	SUPERVISION-PG-RC112
owned-declaration	Effect4.Supervision.parentExitView.eq_1	Effect4.Concurrency.Supervision	SUPERVISION-PG-RC112
owned-declaration	Effect4.Supervision.parentExitView.match_1	Effect4.Concurrency.Supervision	SUPERVISION-PG-RC112
owned-declaration	Effect4.Supervision.parentExitView_not_published_while_waiting	Effect4.Concurrency.Supervision	SUPERVISION-PG-RC112
owned-declaration	Effect4.Supervision.parentExitView_publication_requires_children	Effect4.Concurrency.Supervision	SUPERVISION-PG-RC112
owned-declaration	Effect4.Supervision.parentExitView_ready	Effect4.Concurrency.Supervision	SUPERVISION-PG-RC112
owned-declaration	Effect4.Supervision.parentExitView_waiting	Effect4.Concurrency.Supervision	SUPERVISION-PG-RC112
owned-declaration	Effect4.Supervision.raceAllAdmit	Effect4.Concurrency.Supervision	SUPERVISION-PG-RC112
owned-declaration	Effect4.Supervision.raceAllAdmit_eq	Effect4.Concurrency.Supervision	SUPERVISION-PG-RC112
owned-declaration	Effect4.Supervision.raceCleanupMask	Effect4.Concurrency.Supervision	SUPERVISION-PG-RC112
owned-declaration	Effect4.Supervision.raceCleanupMask_eq	Effect4.Concurrency.Supervision	SUPERVISION-PG-RC112
owned-declaration	Effect4.Supervision.raceComplete	Effect4.Concurrency.Supervision	SUPERVISION-PG-RC112
owned-declaration	Effect4.Supervision.raceComplete.eq_1	Effect4.Concurrency.Supervision	SUPERVISION-PG-RC112
owned-declaration	Effect4.Supervision.raceComplete.match_1	Effect4.Concurrency.Supervision	SUPERVISION-PG-RC112
owned-declaration	Effect4.Supervision.raceComplete_after_accepted	Effect4.Concurrency.Supervision	SUPERVISION-PG-RC112
owned-declaration	Effect4.Supervision.raceComplete_failure_last	Effect4.Concurrency.Supervision	SUPERVISION-PG-RC112
owned-declaration	Effect4.Supervision.raceComplete_failure_pending	Effect4.Concurrency.Supervision	SUPERVISION-PG-RC112
owned-declaration	Effect4.Supervision.raceComplete_success	Effect4.Concurrency.Supervision	SUPERVISION-PG-RC112
owned-declaration	Effect4.Supervision.raceComplete_unknown	Effect4.Concurrency.Supervision	SUPERVISION-PG-RC112
owned-declaration	Effect4.Supervision.raceForkOptions	Effect4.Concurrency.Supervision	SUPERVISION-PG-RC112
owned-declaration	Effect4.Supervision.raceForkOptions_eq	Effect4.Concurrency.Supervision	SUPERVISION-PG-RC112
owned-declaration	Effect4.Supervision.raceReplay	Effect4.Concurrency.Supervision	SUPERVISION-PG-RC112
owned-declaration	Effect4.Supervision.raceReplay.eq_1	Effect4.Concurrency.Supervision	SUPERVISION-PG-RC112
owned-declaration	Effect4.Supervision.raceReplay.eq_2	Effect4.Concurrency.Supervision	SUPERVISION-PG-RC112
owned-declaration	Effect4.Supervision.raceReplay.eq_def	Effect4.Concurrency.Supervision	SUPERVISION-PG-RC112
owned-declaration	Effect4.Supervision.raceReplay.match_1	Effect4.Concurrency.Supervision	SUPERVISION-PG-RC112
owned-declaration	Effect4.Supervision.raceReplay.match_3	Effect4.Concurrency.Supervision	SUPERVISION-PG-RC112
owned-declaration	Effect4.Supervision.raceReplay_cons_error	Effect4.Concurrency.Supervision	SUPERVISION-PG-RC112
owned-declaration	Effect4.Supervision.raceReplay_cons_ok	Effect4.Concurrency.Supervision	SUPERVISION-PG-RC112
owned-declaration	Effect4.Supervision.raceReplay_frontier	Effect4.Concurrency.Supervision	SUPERVISION-PG-RC112
owned-declaration	Effect4.Supervision.raceReplay_ready	Effect4.Concurrency.Supervision	SUPERVISION-PG-RC112
owned-declaration	Effect4.Supervision.raceRuns_iff	Effect4.Concurrency.Supervision	SUPERVISION-PG-RC112
owned-declaration	Effect4.Supervision.raceStep	Effect4.Concurrency.Supervision	SUPERVISION-PG-RC112
owned-declaration	Effect4.Supervision.raceStep.eq_1	Effect4.Concurrency.Supervision	SUPERVISION-PG-RC112
owned-declaration	Effect4.Supervision.raceStep.eq_2	Effect4.Concurrency.Supervision	SUPERVISION-PG-RC112
owned-declaration	Effect4.Supervision.raceStep.eq_3	Effect4.Concurrency.Supervision	SUPERVISION-PG-RC112
owned-declaration	Effect4.Supervision.raceStep.eq_4	Effect4.Concurrency.Supervision	SUPERVISION-PG-RC112
owned-declaration	Effect4.Supervision.raceStep.eq_5	Effect4.Concurrency.Supervision	SUPERVISION-PG-RC112
owned-declaration	Effect4.Supervision.raceStep.match_1	Effect4.Concurrency.Supervision	SUPERVISION-PG-RC112
owned-declaration	Effect4.Supervision.raceStep.match_3	Effect4.Concurrency.Supervision	SUPERVISION-PG-RC112
owned-declaration	Effect4.Supervision.raceStep.match_5	Effect4.Concurrency.Supervision	SUPERVISION-PG-RC112
owned-declaration	Effect4.Supervision.raceStep_begin	Effect4.Concurrency.Supervision	SUPERVISION-PG-RC112
owned-declaration	Effect4.Supervision.raceStep_beginCleanup	Effect4.Concurrency.Supervision	SUPERVISION-PG-RC112
owned-declaration	Effect4.Supervision.raceStep_beginCleanup_blocked	Effect4.Concurrency.Supervision	SUPERVISION-PG-RC112
owned-declaration	Effect4.Supervision.raceStep_begin_blocked	Effect4.Concurrency.Supervision	SUPERVISION-PG-RC112
owned-declaration	Effect4.Supervision.raceStep_begin_empty	Effect4.Concurrency.Supervision	SUPERVISION-PG-RC112
owned-declaration	Effect4.Supervision.raceStep_complete	Effect4.Concurrency.Supervision	SUPERVISION-PG-RC112
owned-declaration	Effect4.Supervision.raceStep_complete_unknown	Effect4.Concurrency.Supervision	SUPERVISION-PG-RC112
owned-declaration	Effect4.Supervision.raceStep_finish_done	Effect4.Concurrency.Supervision	SUPERVISION-PG-RC112
owned-declaration	Effect4.Supervision.raceStep_finish_duplicate	Effect4.Concurrency.Supervision	SUPERVISION-PG-RC112
owned-declaration	Effect4.Supervision.raceStep_finish_live	Effect4.Concurrency.Supervision	SUPERVISION-PG-RC112
owned-declaration	Effect4.Supervision.raceStep_finish_missing	Effect4.Concurrency.Supervision	SUPERVISION-PG-RC112
owned-declaration	Effect4.Supervision.raceStep_iff	Effect4.Concurrency.Supervision	SUPERVISION-PG-RC112
owned-declaration	Effect4.Supervision.raceStep_requestNext	Effect4.Concurrency.Supervision	SUPERVISION-PG-RC112
owned-declaration	Effect4.Supervision.raceStep_requestNext_blocked	Effect4.Concurrency.Supervision	SUPERVISION-PG-RC112
owned-declaration	Effect4.Supervision.race_cleanup_result_requires_publications	Effect4.Concurrency.Supervision	SUPERVISION-PG-RC112
owned-declaration	Effect4.Supervision.race_empty_frontier	Effect4.Concurrency.Supervision	SUPERVISION-PG-RC112
owned-declaration	Effect4.Supervision.race_first_accepted_stable	Effect4.Concurrency.Supervision	SUPERVISION-PG-RC112
owned-declaration	Effect4.Supervision.race_fixedTape_deterministic	Effect4.Concurrency.Supervision	SUPERVISION-PG-RC112
owned-declaration	Effect4.Supervision.race_result_requires_start_finished	Effect4.Concurrency.Supervision	SUPERVISION-PG-RC112
owned-declaration	Effect4.Supervision.race_single_success	Effect4.Concurrency.Supervision	SUPERVISION-PG-RC112
owned-declaration	Effect4.Supervision.race_two_failures	Effect4.Concurrency.Supervision	SUPERVISION-PG-RC112
owned-declaration	Effect4.Supervision.scopeFinalizerInterruptor	Effect4.Concurrency.Supervision	SUPERVISION-PG-RC112
owned-declaration	Effect4.Supervision.scopeFinalizerInterruptor.eq_1	Effect4.Concurrency.Supervision	SUPERVISION-PG-RC112
owned-declaration	Effect4.Supervision.scopeFinalizerInterruptor_eq	Effect4.Concurrency.Supervision	SUPERVISION-PG-RC112
owned-declaration	Effect4.Supervision.scopeFinalizer_self_guard	Effect4.Concurrency.Supervision	SUPERVISION-PG-RC112
owned-declaration	Effect4.Supervision.scopeObserver	Effect4.Concurrency.Supervision	SUPERVISION-PG-RC112
owned-declaration	Effect4.Supervision.scopeObserver.eq_1	Effect4.Concurrency.Supervision	SUPERVISION-PG-RC112
owned-declaration	Effect4.Supervision.scopeObserver_eq	Effect4.Concurrency.Supervision	SUPERVISION-PG-RC112
owned-declaration	Effect4.Supervision.scopeObserver_key_membership	Effect4.Concurrency.Supervision	SUPERVISION-PG-RC112
owned-declaration	Effect4.Supervision.waitReplay	Effect4.Concurrency.Supervision	SUPERVISION-PG-RC112
owned-declaration	Effect4.Supervision.waitReplay.eq_1	Effect4.Concurrency.Supervision	SUPERVISION-PG-RC112
owned-declaration	Effect4.Supervision.waitReplay.eq_2	Effect4.Concurrency.Supervision	SUPERVISION-PG-RC112
owned-declaration	Effect4.Supervision.waitReplay.eq_def	Effect4.Concurrency.Supervision	SUPERVISION-PG-RC112
owned-declaration	Effect4.Supervision.waitReplay.match_1	Effect4.Concurrency.Supervision	SUPERVISION-PG-RC112
owned-declaration	Effect4.Supervision.waitReplay.match_3	Effect4.Concurrency.Supervision	SUPERVISION-PG-RC112
owned-declaration	Effect4.Supervision.waitReplay.match_5	Effect4.Concurrency.Supervision	SUPERVISION-PG-RC112
owned-declaration	Effect4.Supervision.waitReplay_cons_error	Effect4.Concurrency.Supervision	SUPERVISION-PG-RC112
owned-declaration	Effect4.Supervision.waitReplay_cons_ok	Effect4.Concurrency.Supervision	SUPERVISION-PG-RC112
owned-declaration	Effect4.Supervision.waitReplay_done_ready	Effect4.Concurrency.Supervision	SUPERVISION-PG-RC112
owned-declaration	Effect4.Supervision.waitReplay_frame	Effect4.Concurrency.Supervision	SUPERVISION-PG-RC112
owned-declaration	Effect4.Supervision.waitReplay_frontier	Effect4.Concurrency.Supervision	SUPERVISION-PG-RC112
owned-declaration	Effect4.Supervision.waitReplay_ready	Effect4.Concurrency.Supervision	SUPERVISION-PG-RC112
owned-declaration	Effect4.Supervision.waitRuns_iff	Effect4.Concurrency.Supervision	SUPERVISION-PG-RC112
owned-declaration	Effect4.Supervision.waitStep_iff	Effect4.Concurrency.Supervision	SUPERVISION-PG-RC112
owned-declaration	Effect4.Supervision.wait_fixedTape_deterministic	Effect4.Concurrency.Supervision	SUPERVISION-PG-RC112
owned-declaration	Effect4.Supervision.wait_two_publications	Effect4.Concurrency.Supervision	SUPERVISION-PG-RC112
api	Effect4.Supervision.MaskMode	Effect4.Concurrency.Supervision	SUP-L-MASK
api	Effect4.Supervision.MaskMode.interruptible	Effect4.Concurrency.Supervision	SUP-L-MASK
api	Effect4.Supervision.MaskMode.uninterruptible	Effect4.Concurrency.Supervision	SUP-L-MASK
api	Effect4.Supervision.MaskMode.inherit	Effect4.Concurrency.Supervision	SUP-L-MASK
api	Effect4.Supervision.ForkOptions	Effect4.Concurrency.Supervision	SUPERVISION-PG-RC112
api	Effect4.Supervision.ForkOptions.mk	Effect4.Concurrency.Supervision	SUPERVISION-PG-RC112
api	Effect4.Supervision.ForkOptions.startImmediately	Effect4.Concurrency.Supervision	SUPERVISION-PG-RC112
api	Effect4.Supervision.ForkOptions.daemon	Effect4.Concurrency.Supervision	SUPERVISION-PG-RC112
api	Effect4.Supervision.ForkOptions.maskMode	Effect4.Concurrency.Supervision	SUPERVISION-PG-RC112
api	Effect4.Supervision.Globals	Effect4.Concurrency.Supervision	SUPERVISION-PG-RC112
api	Effect4.Supervision.Globals.mk	Effect4.Concurrency.Supervision	SUPERVISION-PG-RC112
api	Effect4.Supervision.Globals.allocated	Effect4.Concurrency.Supervision	SUPERVISION-PG-RC112
api	Effect4.Supervision.Globals.middlewareInstalled	Effect4.Concurrency.Supervision	SUPERVISION-PG-RC112
api	Effect4.Supervision.ObserverMode	Effect4.Concurrency.Supervision	SUP-L-OBSERVER
api	Effect4.Supervision.ObserverMode.awaitValue	Effect4.Concurrency.Supervision	SUP-L-OBSERVER
api	Effect4.Supervision.ObserverMode.joinEffect	Effect4.Concurrency.Supervision	SUP-L-OBSERVER
api	Effect4.Supervision.Subscription	Effect4.Concurrency.Supervision	SUPERVISION-PG-RC112
api	Effect4.Supervision.Subscription.mk	Effect4.Concurrency.Supervision	SUPERVISION-PG-RC112
api	Effect4.Supervision.Subscription.key	Effect4.Concurrency.Supervision	SUPERVISION-PG-RC112
api	Effect4.Supervision.Subscription.mode	Effect4.Concurrency.Supervision	SUPERVISION-PG-RC112
api	Effect4.Supervision.Fiber	Effect4.Concurrency.Supervision	SUPERVISION-PG-RC112
api	Effect4.Supervision.Fiber.mk	Effect4.Concurrency.Supervision	SUPERVISION-PG-RC112
api	Effect4.Supervision.Fiber.core	Effect4.Concurrency.Supervision	SUPERVISION-PG-RC112
api	Effect4.Supervision.Fiber.context	Effect4.Concurrency.Supervision	SUPERVISION-PG-RC112
api	Effect4.Supervision.Fiber.children	Effect4.Concurrency.Supervision	SUPERVISION-PG-RC112
api	Effect4.Supervision.Fiber.subscriptions	Effect4.Concurrency.Supervision	SUPERVISION-PG-RC112
api	Effect4.Supervision.Fiber.interrupted	Effect4.Concurrency.Supervision	SUPERVISION-PG-RC112
api	Effect4.Supervision.Observation	Effect4.Concurrency.Supervision	SUPERVISION-PG-RC112
api	Effect4.Supervision.Observation.waiting	Effect4.Concurrency.Supervision	SUPERVISION-PG-RC112
api	Effect4.Supervision.Observation.value	Effect4.Concurrency.Supervision	SUPERVISION-PG-RC112
api	Effect4.Supervision.Observation.effect	Effect4.Concurrency.Supervision	SUPERVISION-PG-RC112
api	Effect4.Supervision.StartObservation	Effect4.Concurrency.Supervision	SUPERVISION-PG-RC112
api	Effect4.Supervision.StartObservation.deferred	Effect4.Concurrency.Supervision	SUPERVISION-PG-RC112
api	Effect4.Supervision.StartObservation.immediate	Effect4.Concurrency.Supervision	SUPERVISION-PG-RC112
api	Effect4.Supervision.ForkEvent	Effect4.Concurrency.Supervision	SUPERVISION-PG-RC112
api	Effect4.Supervision.ForkEvent.scheduled	Effect4.Concurrency.Supervision	SUPERVISION-PG-RC112
api	Effect4.Supervision.ForkEvent.evaluated	Effect4.Concurrency.Supervision	SUPERVISION-PG-RC112
api	Effect4.Supervision.ForkEvent.registered	Effect4.Concurrency.Supervision	SUPERVISION-PG-RC112
api	Effect4.Supervision.ForkResult	Effect4.Concurrency.Supervision	SUPERVISION-PG-RC112
api	Effect4.Supervision.ForkResult.mk	Effect4.Concurrency.Supervision	SUPERVISION-PG-RC112
api	Effect4.Supervision.ForkResult.globals	Effect4.Concurrency.Supervision	SUPERVISION-PG-RC112
api	Effect4.Supervision.ForkResult.parent	Effect4.Concurrency.Supervision	SUPERVISION-PG-RC112
api	Effect4.Supervision.ForkResult.initial	Effect4.Concurrency.Supervision	SUPERVISION-PG-RC112
api	Effect4.Supervision.ForkResult.child	Effect4.Concurrency.Supervision	SUPERVISION-PG-RC112
api	Effect4.Supervision.ForkResult.events	Effect4.Concurrency.Supervision	SUPERVISION-PG-RC112
api	Effect4.Supervision.ForkResult.removeFromParent	Effect4.Concurrency.Supervision	SUPERVISION-PG-RC112
api	Effect4.Supervision.InterruptAction	Effect4.Concurrency.Supervision	SUPERVISION-PG-RC112
api	Effect4.Supervision.InterruptAction.request	Effect4.Concurrency.Supervision	SUPERVISION-PG-RC112
api	Effect4.Supervision.InterruptAction.awaitAll	Effect4.Concurrency.Supervision	SUPERVISION-PG-RC112
api	Effect4.Supervision.Refusal	Effect4.Concurrency.Supervision	SUPERVISION-PG-RC112
api	Effect4.Supervision.Refusal.invalidFiber	Effect4.Concurrency.Supervision	SUPERVISION-PG-RC112
api	Effect4.Supervision.Refusal.duplicateFiber	Effect4.Concurrency.Supervision	SUPERVISION-PG-RC112
api	Effect4.Supervision.Refusal.wrongStartMode	Effect4.Concurrency.Supervision	SUPERVISION-PG-RC112
api	Effect4.Supervision.Refusal.wrongChildIdentity	Effect4.Concurrency.Supervision	SUPERVISION-PG-RC112
api	Effect4.Supervision.Refusal.wrongParentIdentity	Effect4.Concurrency.Supervision	SUPERVISION-PG-RC112
api	Effect4.Supervision.Refusal.invalidStartGlobals	Effect4.Concurrency.Supervision	SUPERVISION-PG-RC112
api	Effect4.Supervision.Refusal.invalidParentOwnership	Effect4.Concurrency.Supervision	SUPERVISION-PG-RC112
api	Effect4.Supervision.Refusal.invalidChildOwnership	Effect4.Concurrency.Supervision	SUPERVISION-PG-RC112
api	Effect4.Supervision.Refusal.duplicateSubscription	Effect4.Concurrency.Supervision	SUPERVISION-PG-RC112
api	Effect4.Supervision.Refusal.unknownPublication	Effect4.Concurrency.Supervision	SUPERVISION-PG-RC112
api	Effect4.Supervision.Refusal.duplicateScopeKey	Effect4.Concurrency.Supervision	SUPERVISION-PG-RC112
api	Effect4.Supervision.Refusal.duplicateEntrant	Effect4.Concurrency.Supervision	SUPERVISION-PG-RC112
api	Effect4.Supervision.Refusal.noEntrant	Effect4.Concurrency.Supervision	SUPERVISION-PG-RC112
api	Effect4.Supervision.Refusal.wrongRacePhase	Effect4.Concurrency.Supervision	SUPERVISION-PG-RC112
api	Effect4.Supervision.Refusal.unknownEntrant	Effect4.Concurrency.Supervision	SUPERVISION-PG-RC112
api	Effect4.Supervision.WaitState	Effect4.Concurrency.Supervision	SUPERVISION-PG-RC112
api	Effect4.Supervision.WaitState.mk	Effect4.Concurrency.Supervision	SUPERVISION-PG-RC112
api	Effect4.Supervision.WaitState.targets	Effect4.Concurrency.Supervision	SUPERVISION-PG-RC112
api	Effect4.Supervision.WaitState.published	Effect4.Concurrency.Supervision	SUPERVISION-PG-RC112
api	Effect4.Supervision.WaitState.result	Effect4.Concurrency.Supervision	SUPERVISION-PG-RC112
api	Effect4.Supervision.ReplayResult	Effect4.Concurrency.Supervision	SUPERVISION-PG-RC112
api	Effect4.Supervision.ReplayResult.done	Effect4.Concurrency.Supervision	SUPERVISION-PG-RC112
api	Effect4.Supervision.ReplayResult.frontier	Effect4.Concurrency.Supervision	SUPERVISION-PG-RC112
api	Effect4.Supervision.ReplayResult.refused	Effect4.Concurrency.Supervision	SUPERVISION-PG-RC112
api	Effect4.Supervision.ScopeMode	Effect4.Concurrency.Supervision	SUP-L-SCOPE
api	Effect4.Supervision.ScopeMode.forkIn	Effect4.Concurrency.Supervision	SUP-L-SCOPE
api	Effect4.Supervision.ScopeMode.fiberRunIn	Effect4.Concurrency.Supervision	SUP-L-SCOPE
api	Effect4.Supervision.ScopeFinalizer	Effect4.Concurrency.Supervision	SUPERVISION-PG-RC112
api	Effect4.Supervision.ScopeFinalizer.mk	Effect4.Concurrency.Supervision	SUPERVISION-PG-RC112
api	Effect4.Supervision.ScopeFinalizer.child	Effect4.Concurrency.Supervision	SUPERVISION-PG-RC112
api	Effect4.Supervision.ScopeFinalizer.skipSelf	Effect4.Concurrency.Supervision	SUPERVISION-PG-RC112
api	Effect4.Supervision.ScopeBinding	Effect4.Concurrency.Supervision	SUPERVISION-PG-RC112
api	Effect4.Supervision.ScopeBinding.mk	Effect4.Concurrency.Supervision	SUPERVISION-PG-RC112
api	Effect4.Supervision.ScopeBinding.scope	Effect4.Concurrency.Supervision	SUPERVISION-PG-RC112
api	Effect4.Supervision.ScopeBinding.observerKey	Effect4.Concurrency.Supervision	SUPERVISION-PG-RC112
api	Effect4.Supervision.ScopeBinding.interruptor	Effect4.Concurrency.Supervision	SUPERVISION-PG-RC112
api	Effect4.Supervision.RaceAllState	Effect4.Concurrency.Supervision	SUPERVISION-PG-RC112
api	Effect4.Supervision.RaceAllState.mk	Effect4.Concurrency.Supervision	SUPERVISION-PG-RC112
api	Effect4.Supervision.RaceAllState.unstarted	Effect4.Concurrency.Supervision	SUPERVISION-PG-RC112
api	Effect4.Supervision.RaceAllState.starting	Effect4.Concurrency.Supervision	SUPERVISION-PG-RC112
api	Effect4.Supervision.RaceAllState.live	Effect4.Concurrency.Supervision	SUPERVISION-PG-RC112
api	Effect4.Supervision.RaceAllState.remaining	Effect4.Concurrency.Supervision	SUPERVISION-PG-RC112
api	Effect4.Supervision.RaceAllState.failures	Effect4.Concurrency.Supervision	SUPERVISION-PG-RC112
api	Effect4.Supervision.RaceAllState.winner	Effect4.Concurrency.Supervision	SUPERVISION-PG-RC112
api	Effect4.Supervision.RaceAllState.accepted	Effect4.Concurrency.Supervision	SUPERVISION-PG-RC112
api	Effect4.Supervision.RaceAllState.cleanupNeeded	Effect4.Concurrency.Supervision	SUPERVISION-PG-RC112
api	Effect4.Supervision.RaceAllState.requests	Effect4.Concurrency.Supervision	SUPERVISION-PG-RC112
api	Effect4.Supervision.RaceAllState.cleanup	Effect4.Concurrency.Supervision	SUPERVISION-PG-RC112
api	Effect4.Supervision.RaceAllState.cleanupRequested	Effect4.Concurrency.Supervision	SUPERVISION-PG-RC112
api	Effect4.Supervision.RaceAllDecision	Effect4.Concurrency.Supervision	SUPERVISION-PG-RC112
api	Effect4.Supervision.RaceAllDecision.beginLaunch	Effect4.Concurrency.Supervision	SUPERVISION-PG-RC112
api	Effect4.Supervision.RaceAllDecision.finishLaunch	Effect4.Concurrency.Supervision	SUPERVISION-PG-RC112
api	Effect4.Supervision.RaceAllDecision.complete	Effect4.Concurrency.Supervision	SUPERVISION-PG-RC112
api	Effect4.Supervision.RaceAllDecision.beginCleanup	Effect4.Concurrency.Supervision	SUPERVISION-PG-RC112
api	Effect4.Supervision.RaceAllDecision.requestNext	Effect4.Concurrency.Supervision	SUPERVISION-PG-RC112
api	Effect4.Supervision.MaskMode.select	Effect4.Concurrency.Supervision	SUP-L-MASK
api	Effect4.Supervision.Globals.install	Effect4.Concurrency.Supervision	SUPERVISION-PG-RC112
api	Effect4.Supervision.Globals.Valid	Effect4.Concurrency.Supervision	SUPERVISION-PG-RC112
api	Effect4.Supervision.Globals.allocate	Effect4.Concurrency.Supervision	SUPERVISION-PG-RC112
api	Effect4.Supervision.Globals.Extends	Effect4.Concurrency.Supervision	SUPERVISION-PG-RC112
api	Effect4.Supervision.Globals.extends?	Effect4.Concurrency.Supervision	SUPERVISION-PG-RC112
api	Effect4.Supervision.Globals.OwnsChildren	Effect4.Concurrency.Supervision	SUPERVISION-PG-RC112
api	Effect4.Supervision.Globals.ownsChildren?	Effect4.Concurrency.Supervision	SUPERVISION-PG-RC112
api	Effect4.Supervision.Fiber.Valid	Effect4.Concurrency.Supervision	SUPERVISION-PG-RC112
api	Effect4.Supervision.Fiber.valid?	Effect4.Concurrency.Supervision	SUPERVISION-PG-RC112
api	Effect4.Supervision.Fiber.toFiberState	Effect4.Concurrency.Supervision	SUPERVISION-PG-RC112
api	Effect4.Supervision.Fiber.published?	Effect4.Concurrency.Supervision	SUPERVISION-PG-RC112
api	Effect4.Supervision.Fiber.addChild	Effect4.Concurrency.Supervision	SUPERVISION-PG-RC112
api	Effect4.Supervision.Fiber.removeChild	Effect4.Concurrency.Supervision	SUPERVISION-PG-RC112
api	Effect4.Supervision.observation	Effect4.Concurrency.Supervision	SUPERVISION-PG-RC112
api	Effect4.Supervision.Fiber.observe	Effect4.Concurrency.Supervision	SUPERVISION-PG-RC112
api	Effect4.Supervision.Fiber.cancel	Effect4.Concurrency.Supervision	SUPERVISION-PG-RC112
api	Effect4.Supervision.Fiber.publish	Effect4.Concurrency.Supervision	SUPERVISION-PG-RC112
api	Effect4.Supervision.interruptCause	Effect4.Concurrency.Supervision	SUPERVISION-PG-RC112
api	Effect4.Supervision.Fiber.recordInterrupt	Effect4.Concurrency.Supervision	SUPERVISION-PG-RC112
api	Effect4.Supervision.initialFiber	Effect4.Concurrency.Supervision	SUPERVISION-PG-RC112
api	Effect4.Supervision.commitFork	Effect4.Concurrency.Supervision	SUPERVISION-PG-RC112
api	Effect4.Supervision.forkUnsafe	Effect4.Concurrency.Supervision	SUPERVISION-PG-RC112
api	Effect4.Supervision.forkChild	Effect4.Concurrency.Supervision	SUPERVISION-PG-RC112
api	Effect4.Supervision.forkDetach	Effect4.Concurrency.Supervision	SUPERVISION-PG-RC112
api	Effect4.Supervision.WaitState.begin	Effect4.Concurrency.Supervision	SUPERVISION-PG-RC112
api	Effect4.Supervision.WaitState.pending	Effect4.Concurrency.Supervision	SUPERVISION-PG-RC112
api	Effect4.Supervision.WaitState.ready?	Effect4.Concurrency.Supervision	SUPERVISION-PG-RC112
api	Effect4.Supervision.WaitState.observe	Effect4.Concurrency.Supervision	SUPERVISION-PG-RC112
api	Effect4.Supervision.ReplayResult.state	Effect4.Concurrency.Supervision	SUPERVISION-PG-RC112
api	Effect4.Supervision.WaitStep	Effect4.Concurrency.Supervision	SUPERVISION-PG-RC112
api	Effect4.Supervision.waitReplay	Effect4.Concurrency.Supervision	SUPERVISION-PG-RC112
api	Effect4.Supervision.WaitRuns	Effect4.Concurrency.Supervision	SUPERVISION-PG-RC112
api	Effect4.Supervision.beginParentExit	Effect4.Concurrency.Supervision	SUPERVISION-PG-RC112
api	Effect4.Supervision.parentExitView	Effect4.Concurrency.Supervision	SUPERVISION-PG-RC112
api	Effect4.Supervision.newChildren	Effect4.Concurrency.Supervision	SUPERVISION-PG-RC112
api	Effect4.Supervision.awaitAllChildren	Effect4.Concurrency.Supervision	SUPERVISION-PG-RC112
api	Effect4.Supervision.interruptAllRequests	Effect4.Concurrency.Supervision	SUPERVISION-PG-RC112
api	Effect4.Supervision.interruptAllWait	Effect4.Concurrency.Supervision	SUPERVISION-PG-RC112
api	Effect4.Supervision.bindScope	Effect4.Concurrency.Supervision	SUPERVISION-PG-RC112
api	Effect4.Supervision.forkScopedBinding	Effect4.Concurrency.Supervision	SUPERVISION-PG-RC112
api	Effect4.Supervision.scopeFinalizerInterruptor	Effect4.Concurrency.Supervision	SUPERVISION-PG-RC112
api	Effect4.Supervision.scopeObserver	Effect4.Concurrency.Supervision	SUPERVISION-PG-RC112
api	Effect4.Supervision.raceForkOptions	Effect4.Concurrency.Supervision	SUPERVISION-PG-RC112
api	Effect4.Supervision.raceCleanupMask	Effect4.Concurrency.Supervision	SUPERVISION-PG-RC112
api	Effect4.Supervision.RaceAllState.initial	Effect4.Concurrency.Supervision	SUPERVISION-PG-RC112
api	Effect4.Supervision.raceAllAdmit	Effect4.Concurrency.Supervision	SUPERVISION-PG-RC112
api	Effect4.Supervision.RaceAllState.result?	Effect4.Concurrency.Supervision	SUPERVISION-PG-RC112
api	Effect4.Supervision.raceComplete	Effect4.Concurrency.Supervision	SUPERVISION-PG-RC112
api	Effect4.Supervision.raceStep	Effect4.Concurrency.Supervision	SUPERVISION-PG-RC112
api	Effect4.Supervision.RaceStep	Effect4.Concurrency.Supervision	SUPERVISION-PG-RC112
api	Effect4.Supervision.raceReplay	Effect4.Concurrency.Supervision	SUPERVISION-PG-RC112
api	Effect4.Supervision.RaceRuns	Effect4.Concurrency.Supervision	SUPERVISION-PG-RC112
api	Effect4.Supervision.MaskMode.select_interruptible	Effect4.Concurrency.Supervision	SUP-L-MASK
api	Effect4.Supervision.MaskMode.select_uninterruptible	Effect4.Concurrency.Supervision	SUP-L-MASK
api	Effect4.Supervision.MaskMode.select_inherit	Effect4.Concurrency.Supervision	SUP-L-MASK
api	Effect4.Supervision.MaskMode.cases_receipt	Effect4.Concurrency.Supervision	SUP-L-MASK
api	Effect4.Supervision.ObserverMode.cases_receipt	Effect4.Concurrency.Supervision	SUP-L-OBSERVER
api	Effect4.Supervision.ScopeMode.cases_receipt	Effect4.Concurrency.Supervision	SUP-L-SCOPE
api	Effect4.Supervision.Globals.install_eq	Effect4.Concurrency.Supervision	SUPERVISION-PG-RC112
api	Effect4.Supervision.Globals.valid_iff	Effect4.Concurrency.Supervision	SUPERVISION-PG-RC112
api	Effect4.Supervision.Globals.ownsChildren_iff	Effect4.Concurrency.Supervision	SUPERVISION-PG-RC112
api	Effect4.Supervision.Fiber.valid_iff	Effect4.Concurrency.Supervision	SUPERVISION-PG-RC112
api	Effect4.Supervision.Fiber.valid?_iff	Effect4.Concurrency.Supervision	SUPERVISION-PG-RC112
api	Effect4.Supervision.Fiber.toFiberState_eq	Effect4.Concurrency.Supervision	SUPERVISION-PG-RC112
api	Effect4.Supervision.Fiber.published_iff	Effect4.Concurrency.Supervision	SUPERVISION-PG-RC112
api	Effect4.Supervision.Fiber.published_eq	Effect4.Concurrency.Supervision	SUPERVISION-PG-RC112
api	Effect4.Supervision.Fiber.addChild_eq	Effect4.Concurrency.Supervision	SUPERVISION-PG-RC112
api	Effect4.Supervision.Fiber.removeChild_eq	Effect4.Concurrency.Supervision	SUPERVISION-PG-RC112
api	Effect4.Supervision.Fiber.addChild_nodup	Effect4.Concurrency.Supervision	SUPERVISION-PG-RC112
api	Effect4.Supervision.Fiber.removeChild_membership	Effect4.Concurrency.Supervision	SUPERVISION-PG-RC112
api	Effect4.Supervision.observation_await	Effect4.Concurrency.Supervision	SUPERVISION-PG-RC112
api	Effect4.Supervision.observation_join	Effect4.Concurrency.Supervision	SUPERVISION-PG-RC112
api	Effect4.Supervision.observation_value_ne_effect	Effect4.Concurrency.Supervision	SUPERVISION-PG-RC112
api	Effect4.Supervision.Fiber.observe_invalid	Effect4.Concurrency.Supervision	SUPERVISION-PG-RC112
api	Effect4.Supervision.Fiber.observe_done	Effect4.Concurrency.Supervision	SUPERVISION-PG-RC112
api	Effect4.Supervision.Fiber.observe_live	Effect4.Concurrency.Supervision	SUPERVISION-PG-RC112
api	Effect4.Supervision.Fiber.observe_duplicate	Effect4.Concurrency.Supervision	SUPERVISION-PG-RC112
api	Effect4.Supervision.Fiber.cancel_eq	Effect4.Concurrency.Supervision	SUPERVISION-PG-RC112
api	Effect4.Supervision.Fiber.cancel_membership	Effect4.Concurrency.Supervision	SUPERVISION-PG-RC112
api	Effect4.Supervision.Fiber.publish_eq	Effect4.Concurrency.Supervision	SUPERVISION-PG-RC112
api	Effect4.Supervision.Fiber.publish_valid	Effect4.Concurrency.Supervision	SUPERVISION-PG-RC112
api	Effect4.Supervision.interruptCause_eq	Effect4.Concurrency.Supervision	SUPERVISION-PG-RC112
api	Effect4.Supervision.Fiber.recordInterrupt_done	Effect4.Concurrency.Supervision	SUPERVISION-PG-RC112
api	Effect4.Supervision.Fiber.recordInterrupt_live	Effect4.Concurrency.Supervision	SUPERVISION-PG-RC112
api	Effect4.Supervision.Fiber.recordInterrupt_core	Effect4.Concurrency.Supervision	SUPERVISION-PG-RC112
api	Effect4.Supervision.initialFiber_eq	Effect4.Concurrency.Supervision	SUPERVISION-PG-RC112
api	Effect4.Supervision.initialFiber_valid	Effect4.Concurrency.Supervision	SUPERVISION-PG-RC112
api	Effect4.Supervision.commitFork_eq	Effect4.Concurrency.Supervision	SUPERVISION-PG-RC112
api	Effect4.Supervision.forkUnsafe_duplicate	Effect4.Concurrency.Supervision	SUPERVISION-PG-RC112
api	Effect4.Supervision.forkUnsafe_deferred	Effect4.Concurrency.Supervision	SUPERVISION-PG-RC112
api	Effect4.Supervision.forkUnsafe_wrong_deferred	Effect4.Concurrency.Supervision	SUPERVISION-PG-RC112
api	Effect4.Supervision.forkUnsafe_wrong_immediate	Effect4.Concurrency.Supervision	SUPERVISION-PG-RC112
api	Effect4.Supervision.forkUnsafe_wrong_identity	Effect4.Concurrency.Supervision	SUPERVISION-PG-RC112
api	Effect4.Supervision.forkUnsafe_wrong_parent	Effect4.Concurrency.Supervision	SUPERVISION-PG-RC112
api	Effect4.Supervision.forkUnsafe_invalid_child	Effect4.Concurrency.Supervision	SUPERVISION-PG-RC112
api	Effect4.Supervision.forkUnsafe_invalid_parent	Effect4.Concurrency.Supervision	SUPERVISION-PG-RC112
api	Effect4.Supervision.forkUnsafe_invalid_globals	Effect4.Concurrency.Supervision	SUPERVISION-PG-RC112
api	Effect4.Supervision.forkUnsafe_invalid_ownership	Effect4.Concurrency.Supervision	SUPERVISION-PG-RC112
api	Effect4.Supervision.forkUnsafe_invalid_child_ownership	Effect4.Concurrency.Supervision	SUPERVISION-PG-RC112
api	Effect4.Supervision.forkUnsafe_immediate	Effect4.Concurrency.Supervision	SUPERVISION-PG-RC112
api	Effect4.Supervision.forkUnsafe_fresh	Effect4.Concurrency.Supervision	SUPERVISION-PG-RC112
api	Effect4.Supervision.forkUnsafe_allocated_nodup	Effect4.Concurrency.Supervision	SUPERVISION-PG-RC112
api	Effect4.Supervision.forkUnsafe_child_valid	Effect4.Concurrency.Supervision	SUPERVISION-PG-RC112
api	Effect4.Supervision.forkUnsafe_parent_children_nodup	Effect4.Concurrency.Supervision	SUPERVISION-PG-RC112
api	Effect4.Supervision.forkChild_eq	Effect4.Concurrency.Supervision	SUPERVISION-PG-RC112
api	Effect4.Supervision.forkDetach_eq	Effect4.Concurrency.Supervision	SUPERVISION-PG-RC112
api	Effect4.Supervision.commitFork_done_untracked	Effect4.Concurrency.Supervision	SUPERVISION-PG-RC112
api	Effect4.Supervision.commitFork_daemon_untracked	Effect4.Concurrency.Supervision	SUPERVISION-PG-RC112
api	Effect4.Supervision.Globals.allocate_eq	Effect4.Concurrency.Supervision	SUPERVISION-PG-RC112
api	Effect4.Supervision.Globals.extends_iff	Effect4.Concurrency.Supervision	SUPERVISION-PG-RC112
api	Effect4.Supervision.Globals.extends?_iff	Effect4.Concurrency.Supervision	SUPERVISION-PG-RC112
api	Effect4.Supervision.Globals.ownsChildren?_iff	Effect4.Concurrency.Supervision	SUPERVISION-PG-RC112
api	Effect4.Supervision.WaitState.begin_eq	Effect4.Concurrency.Supervision	SUPERVISION-PG-RC112
api	Effect4.Supervision.WaitState.pending_eq	Effect4.Concurrency.Supervision	SUPERVISION-PG-RC112
api	Effect4.Supervision.WaitState.ready_iff	Effect4.Concurrency.Supervision	SUPERVISION-PG-RC112
api	Effect4.Supervision.WaitState.ready_publications	Effect4.Concurrency.Supervision	SUPERVISION-PG-RC112
api	Effect4.Supervision.WaitState.observe_pending	Effect4.Concurrency.Supervision	SUPERVISION-PG-RC112
api	Effect4.Supervision.WaitState.observe_unknown	Effect4.Concurrency.Supervision	SUPERVISION-PG-RC112
api	Effect4.Supervision.WaitState.observe_pending_membership	Effect4.Concurrency.Supervision	SUPERVISION-PG-RC112
api	Effect4.Supervision.waitStep_iff	Effect4.Concurrency.Supervision	SUPERVISION-PG-RC112
api	Effect4.Supervision.waitRuns_iff	Effect4.Concurrency.Supervision	SUPERVISION-PG-RC112
api	Effect4.Supervision.ReplayResult.state_done	Effect4.Concurrency.Supervision	SUPERVISION-PG-RC112
api	Effect4.Supervision.ReplayResult.state_frontier	Effect4.Concurrency.Supervision	SUPERVISION-PG-RC112
api	Effect4.Supervision.ReplayResult.state_refused	Effect4.Concurrency.Supervision	SUPERVISION-PG-RC112
api	Effect4.Supervision.waitReplay_ready	Effect4.Concurrency.Supervision	SUPERVISION-PG-RC112
api	Effect4.Supervision.waitReplay_frontier	Effect4.Concurrency.Supervision	SUPERVISION-PG-RC112
api	Effect4.Supervision.waitReplay_cons_ok	Effect4.Concurrency.Supervision	SUPERVISION-PG-RC112
api	Effect4.Supervision.waitReplay_cons_error	Effect4.Concurrency.Supervision	SUPERVISION-PG-RC112
api	Effect4.Supervision.wait_fixedTape_deterministic	Effect4.Concurrency.Supervision	SUPERVISION-PG-RC112
api	Effect4.Supervision.waitReplay_done_ready	Effect4.Concurrency.Supervision	SUPERVISION-PG-RC112
api	Effect4.Supervision.waitReplay_frame	Effect4.Concurrency.Supervision	SUPERVISION-PG-RC112
api	Effect4.Supervision.wait_two_publications	Effect4.Concurrency.Supervision	SUPERVISION-PG-RC112
api	Effect4.Supervision.beginParentExit_eq	Effect4.Concurrency.Supervision	SUPERVISION-PG-RC112
api	Effect4.Supervision.parentExitView_waiting	Effect4.Concurrency.Supervision	SUPERVISION-PG-RC112
api	Effect4.Supervision.parentExitView_ready	Effect4.Concurrency.Supervision	SUPERVISION-PG-RC112
api	Effect4.Supervision.parentExitView_not_published_while_waiting	Effect4.Concurrency.Supervision	SUPERVISION-PG-RC112
api	Effect4.Supervision.parentExitView_publication_requires_children	Effect4.Concurrency.Supervision	SUPERVISION-PG-RC112
api	Effect4.Supervision.newChildren_eq	Effect4.Concurrency.Supervision	SUPERVISION-PG-RC112
api	Effect4.Supervision.newChildren_membership	Effect4.Concurrency.Supervision	SUPERVISION-PG-RC112
api	Effect4.Supervision.awaitAllChildren_eq	Effect4.Concurrency.Supervision	SUPERVISION-PG-RC112
api	Effect4.Supervision.interruptAllRequests_eq	Effect4.Concurrency.Supervision	SUPERVISION-PG-RC112
api	Effect4.Supervision.interruptAllWait_eq	Effect4.Concurrency.Supervision	SUPERVISION-PG-RC112
api	Effect4.Supervision.bindScope_invalid	Effect4.Concurrency.Supervision	SUPERVISION-PG-RC112
api	Effect4.Supervision.bindScope_done	Effect4.Concurrency.Supervision	SUPERVISION-PG-RC112
api	Effect4.Supervision.bindScope_closed	Effect4.Concurrency.Supervision	SUPERVISION-PG-RC112
api	Effect4.Supervision.bindScope_duplicate_key	Effect4.Concurrency.Supervision	SUPERVISION-PG-RC112
api	Effect4.Supervision.bindScope_open	Effect4.Concurrency.Supervision	SUPERVISION-PG-RC112
api	Effect4.Supervision.forkScopedBinding_eq	Effect4.Concurrency.Supervision	SUPERVISION-PG-RC112
api	Effect4.Supervision.scopeFinalizerInterruptor_eq	Effect4.Concurrency.Supervision	SUPERVISION-PG-RC112
api	Effect4.Supervision.scopeFinalizer_self_guard	Effect4.Concurrency.Supervision	SUPERVISION-PG-RC112
api	Effect4.Supervision.scopeObserver_eq	Effect4.Concurrency.Supervision	SUPERVISION-PG-RC112
api	Effect4.Supervision.scopeObserver_key_membership	Effect4.Concurrency.Supervision	SUPERVISION-PG-RC112
api	Effect4.Supervision.raceForkOptions_eq	Effect4.Concurrency.Supervision	SUPERVISION-PG-RC112
api	Effect4.Supervision.raceCleanupMask_eq	Effect4.Concurrency.Supervision	SUPERVISION-PG-RC112
api	Effect4.Supervision.RaceAllState.initial_eq	Effect4.Concurrency.Supervision	SUPERVISION-PG-RC112
api	Effect4.Supervision.raceAllAdmit_eq	Effect4.Concurrency.Supervision	SUPERVISION-PG-RC112
api	Effect4.Supervision.RaceAllState.result_eq	Effect4.Concurrency.Supervision	SUPERVISION-PG-RC112
api	Effect4.Supervision.raceComplete_unknown	Effect4.Concurrency.Supervision	SUPERVISION-PG-RC112
api	Effect4.Supervision.raceComplete_after_accepted	Effect4.Concurrency.Supervision	SUPERVISION-PG-RC112
api	Effect4.Supervision.raceComplete_success	Effect4.Concurrency.Supervision	SUPERVISION-PG-RC112
api	Effect4.Supervision.raceComplete_failure_last	Effect4.Concurrency.Supervision	SUPERVISION-PG-RC112
api	Effect4.Supervision.raceComplete_failure_pending	Effect4.Concurrency.Supervision	SUPERVISION-PG-RC112
api	Effect4.Supervision.raceStep_begin_blocked	Effect4.Concurrency.Supervision	SUPERVISION-PG-RC112
api	Effect4.Supervision.raceStep_begin_empty	Effect4.Concurrency.Supervision	SUPERVISION-PG-RC112
api	Effect4.Supervision.raceStep_begin	Effect4.Concurrency.Supervision	SUPERVISION-PG-RC112
api	Effect4.Supervision.raceStep_finish_missing	Effect4.Concurrency.Supervision	SUPERVISION-PG-RC112
api	Effect4.Supervision.raceStep_finish_duplicate	Effect4.Concurrency.Supervision	SUPERVISION-PG-RC112
api	Effect4.Supervision.raceStep_finish_live	Effect4.Concurrency.Supervision	SUPERVISION-PG-RC112
api	Effect4.Supervision.raceStep_finish_done	Effect4.Concurrency.Supervision	SUPERVISION-PG-RC112
api	Effect4.Supervision.raceStep_complete	Effect4.Concurrency.Supervision	SUPERVISION-PG-RC112
api	Effect4.Supervision.raceStep_complete_unknown	Effect4.Concurrency.Supervision	SUPERVISION-PG-RC112
api	Effect4.Supervision.raceStep_beginCleanup	Effect4.Concurrency.Supervision	SUPERVISION-PG-RC112
api	Effect4.Supervision.raceStep_beginCleanup_blocked	Effect4.Concurrency.Supervision	SUPERVISION-PG-RC112
api	Effect4.Supervision.raceStep_requestNext	Effect4.Concurrency.Supervision	SUPERVISION-PG-RC112
api	Effect4.Supervision.raceStep_requestNext_blocked	Effect4.Concurrency.Supervision	SUPERVISION-PG-RC112
api	Effect4.Supervision.raceStep_iff	Effect4.Concurrency.Supervision	SUPERVISION-PG-RC112
api	Effect4.Supervision.raceRuns_iff	Effect4.Concurrency.Supervision	SUPERVISION-PG-RC112
api	Effect4.Supervision.raceReplay_ready	Effect4.Concurrency.Supervision	SUPERVISION-PG-RC112
api	Effect4.Supervision.raceReplay_frontier	Effect4.Concurrency.Supervision	SUPERVISION-PG-RC112
api	Effect4.Supervision.raceReplay_cons_ok	Effect4.Concurrency.Supervision	SUPERVISION-PG-RC112
api	Effect4.Supervision.raceReplay_cons_error	Effect4.Concurrency.Supervision	SUPERVISION-PG-RC112
api	Effect4.Supervision.race_fixedTape_deterministic	Effect4.Concurrency.Supervision	SUPERVISION-PG-RC112
api	Effect4.Supervision.race_first_accepted_stable	Effect4.Concurrency.Supervision	SUPERVISION-PG-RC112
api	Effect4.Supervision.race_result_requires_start_finished	Effect4.Concurrency.Supervision	SUPERVISION-PG-RC112
api	Effect4.Supervision.race_cleanup_result_requires_publications	Effect4.Concurrency.Supervision	SUPERVISION-PG-RC112
api	Effect4.Supervision.race_empty_frontier	Effect4.Concurrency.Supervision	SUPERVISION-PG-RC112
api	Effect4.Supervision.race_single_success	Effect4.Concurrency.Supervision	SUPERVISION-PG-RC112
api	Effect4.Supervision.race_two_failures	Effect4.Concurrency.Supervision	SUPERVISION-PG-RC112
theorem	Effect4.Supervision.MaskMode.select_interruptible	SUP-L-MASK	fork.unsafe
axiom	Effect4.Supervision.MaskMode.select_interruptible	none	SUPERVISION-AXIOM-RECEIPT
theorem	Effect4.Supervision.MaskMode.select_uninterruptible	SUP-L-MASK	fork.unsafe
axiom	Effect4.Supervision.MaskMode.select_uninterruptible	none	SUPERVISION-AXIOM-RECEIPT
theorem	Effect4.Supervision.MaskMode.select_inherit	SUP-L-MASK	fork.unsafe
axiom	Effect4.Supervision.MaskMode.select_inherit	none	SUPERVISION-AXIOM-RECEIPT
theorem	Effect4.Supervision.MaskMode.cases_receipt	SUP-L-MASK	fork.unsafe
axiom	Effect4.Supervision.MaskMode.cases_receipt	propext	SUPERVISION-AXIOM-RECEIPT
theorem	Effect4.Supervision.ObserverMode.cases_receipt	SUP-L-OBSERVER	fork.await fork.join
axiom	Effect4.Supervision.ObserverMode.cases_receipt	propext	SUPERVISION-AXIOM-RECEIPT
theorem	Effect4.Supervision.ScopeMode.cases_receipt	SUP-L-SCOPE	fork.in fork.fiber-run-in
axiom	Effect4.Supervision.ScopeMode.cases_receipt	propext	SUPERVISION-AXIOM-RECEIPT
theorem	Effect4.Supervision.Globals.install_eq	SUPERVISION-PG-RC112	fork.child rule.children-interrupted-after-exit
axiom	Effect4.Supervision.Globals.install_eq	none	SUPERVISION-AXIOM-RECEIPT
theorem	Effect4.Supervision.Globals.valid_iff	SUPERVISION-PG-RC112	fork.unsafe
axiom	Effect4.Supervision.Globals.valid_iff	none	SUPERVISION-AXIOM-RECEIPT
theorem	Effect4.Supervision.Globals.ownsChildren_iff	SUPERVISION-PG-RC112	fork.unsafe rule.only-fork-child-tracks
axiom	Effect4.Supervision.Globals.ownsChildren_iff	none	SUPERVISION-AXIOM-RECEIPT
theorem	Effect4.Supervision.Fiber.valid_iff	SUPERVISION-PG-RC112	fork.unsafe fork.join
axiom	Effect4.Supervision.Fiber.valid_iff	none	SUPERVISION-AXIOM-RECEIPT
theorem	Effect4.Supervision.Fiber.valid?_iff	SUPERVISION-PG-RC112	fork.unsafe fork.join
axiom	Effect4.Supervision.Fiber.valid?_iff	propext	SUPERVISION-AXIOM-RECEIPT
theorem	Effect4.Supervision.Fiber.toFiberState_eq	SUPERVISION-PG-RC112	fork.unsafe fork.join
axiom	Effect4.Supervision.Fiber.toFiberState_eq	none	SUPERVISION-AXIOM-RECEIPT
theorem	Effect4.Supervision.Fiber.published_iff	SUPERVISION-PG-RC112	fork.join fork.await rule.children-interrupted-after-exit
axiom	Effect4.Supervision.Fiber.published_iff	propext	SUPERVISION-AXIOM-RECEIPT
theorem	Effect4.Supervision.Fiber.published_eq	SUPERVISION-PG-RC112	fork.join fork.await
axiom	Effect4.Supervision.Fiber.published_eq	none	SUPERVISION-AXIOM-RECEIPT
theorem	Effect4.Supervision.Fiber.addChild_eq	SUPERVISION-PG-RC112	rule.only-fork-child-tracks
axiom	Effect4.Supervision.Fiber.addChild_eq	propext	SUPERVISION-AXIOM-RECEIPT
theorem	Effect4.Supervision.Fiber.removeChild_eq	SUPERVISION-PG-RC112	fork.child rule.only-fork-child-tracks
axiom	Effect4.Supervision.Fiber.removeChild_eq	none	SUPERVISION-AXIOM-RECEIPT
theorem	Effect4.Supervision.Fiber.addChild_nodup	SUPERVISION-PG-RC112	fork.child rule.only-fork-child-tracks
axiom	Effect4.Supervision.Fiber.addChild_nodup	propext,Quot.sound	SUPERVISION-AXIOM-RECEIPT
theorem	Effect4.Supervision.Fiber.removeChild_membership	SUPERVISION-PG-RC112	fork.child rule.only-fork-child-tracks
axiom	Effect4.Supervision.Fiber.removeChild_membership	propext,Quot.sound	SUPERVISION-AXIOM-RECEIPT
theorem	Effect4.Supervision.observation_await	SUPERVISION-PG-RC112	fork.await
axiom	Effect4.Supervision.observation_await	none	SUPERVISION-AXIOM-RECEIPT
theorem	Effect4.Supervision.observation_join	SUPERVISION-PG-RC112	fork.join
axiom	Effect4.Supervision.observation_join	none	SUPERVISION-AXIOM-RECEIPT
theorem	Effect4.Supervision.observation_value_ne_effect	SUPERVISION-PG-RC112	fork.await fork.join
axiom	Effect4.Supervision.observation_value_ne_effect	none	SUPERVISION-AXIOM-RECEIPT
theorem	Effect4.Supervision.Fiber.observe_invalid	SUPERVISION-PG-RC112	fork.await fork.join
axiom	Effect4.Supervision.Fiber.observe_invalid	propext,Quot.sound	SUPERVISION-AXIOM-RECEIPT
theorem	Effect4.Supervision.Fiber.observe_done	SUPERVISION-PG-RC112	fork.await fork.join
axiom	Effect4.Supervision.Fiber.observe_done	propext,Quot.sound	SUPERVISION-AXIOM-RECEIPT
theorem	Effect4.Supervision.Fiber.observe_live	SUPERVISION-PG-RC112	fork.await fork.join
axiom	Effect4.Supervision.Fiber.observe_live	propext,Quot.sound	SUPERVISION-AXIOM-RECEIPT
theorem	Effect4.Supervision.Fiber.observe_duplicate	SUPERVISION-PG-RC112	fork.await fork.join
axiom	Effect4.Supervision.Fiber.observe_duplicate	propext,Quot.sound	SUPERVISION-AXIOM-RECEIPT
theorem	Effect4.Supervision.Fiber.cancel_eq	SUPERVISION-PG-RC112	fork.await fork.join
axiom	Effect4.Supervision.Fiber.cancel_eq	none	SUPERVISION-AXIOM-RECEIPT
theorem	Effect4.Supervision.Fiber.cancel_membership	SUPERVISION-PG-RC112	fork.await fork.join
axiom	Effect4.Supervision.Fiber.cancel_membership	propext,Quot.sound	SUPERVISION-AXIOM-RECEIPT
theorem	Effect4.Supervision.Fiber.publish_eq	SUPERVISION-PG-RC112	fork.await fork.join rule.children-interrupted-after-exit
axiom	Effect4.Supervision.Fiber.publish_eq	none	SUPERVISION-AXIOM-RECEIPT
theorem	Effect4.Supervision.Fiber.publish_valid	SUPERVISION-PG-RC112	fork.await fork.join
axiom	Effect4.Supervision.Fiber.publish_valid	propext	SUPERVISION-AXIOM-RECEIPT
theorem	Effect4.Supervision.interruptCause_eq	SUPERVISION-PG-RC112	fork.interrupt interrupt.accumulate
axiom	Effect4.Supervision.interruptCause_eq	propext,Quot.sound	SUPERVISION-AXIOM-RECEIPT
theorem	Effect4.Supervision.Fiber.recordInterrupt_done	SUPERVISION-PG-RC112	fork.interrupt interrupt.accumulate
axiom	Effect4.Supervision.Fiber.recordInterrupt_done	propext,Quot.sound	SUPERVISION-AXIOM-RECEIPT
theorem	Effect4.Supervision.Fiber.recordInterrupt_live	SUPERVISION-PG-RC112	interrupt.accumulate fork.interrupt
axiom	Effect4.Supervision.Fiber.recordInterrupt_live	propext,Quot.sound	SUPERVISION-AXIOM-RECEIPT
theorem	Effect4.Supervision.Fiber.recordInterrupt_core	SUPERVISION-PG-RC112	fork.interrupt interrupt.accumulate
axiom	Effect4.Supervision.Fiber.recordInterrupt_core	propext,Quot.sound	SUPERVISION-AXIOM-RECEIPT
theorem	Effect4.Supervision.initialFiber_eq	SUPERVISION-PG-RC112	fork.unsafe
axiom	Effect4.Supervision.initialFiber_eq	none	SUPERVISION-AXIOM-RECEIPT
theorem	Effect4.Supervision.initialFiber_valid	SUPERVISION-PG-RC112	fork.unsafe
axiom	Effect4.Supervision.initialFiber_valid	propext	SUPERVISION-AXIOM-RECEIPT
theorem	Effect4.Supervision.commitFork_eq	SUPERVISION-PG-RC112	fork.unsafe rule.only-fork-child-tracks
axiom	Effect4.Supervision.commitFork_eq	propext	SUPERVISION-AXIOM-RECEIPT
theorem	Effect4.Supervision.forkUnsafe_duplicate	SUPERVISION-PG-RC112	fork.unsafe
axiom	Effect4.Supervision.forkUnsafe_duplicate	propext	SUPERVISION-AXIOM-RECEIPT
theorem	Effect4.Supervision.forkUnsafe_deferred	SUPERVISION-PG-RC112	fork.unsafe
axiom	Effect4.Supervision.forkUnsafe_deferred	propext	SUPERVISION-AXIOM-RECEIPT
theorem	Effect4.Supervision.forkUnsafe_wrong_deferred	SUPERVISION-PG-RC112	fork.unsafe
axiom	Effect4.Supervision.forkUnsafe_wrong_deferred	propext	SUPERVISION-AXIOM-RECEIPT
theorem	Effect4.Supervision.forkUnsafe_wrong_immediate	SUPERVISION-PG-RC112	fork.unsafe
axiom	Effect4.Supervision.forkUnsafe_wrong_immediate	propext	SUPERVISION-AXIOM-RECEIPT
theorem	Effect4.Supervision.forkUnsafe_wrong_identity	SUPERVISION-PG-RC112	fork.unsafe
axiom	Effect4.Supervision.forkUnsafe_wrong_identity	propext	SUPERVISION-AXIOM-RECEIPT
theorem	Effect4.Supervision.forkUnsafe_wrong_parent	SUPERVISION-PG-RC112	fork.unsafe
axiom	Effect4.Supervision.forkUnsafe_wrong_parent	propext	SUPERVISION-AXIOM-RECEIPT
theorem	Effect4.Supervision.forkUnsafe_invalid_child	SUPERVISION-PG-RC112	fork.unsafe
axiom	Effect4.Supervision.forkUnsafe_invalid_child	propext	SUPERVISION-AXIOM-RECEIPT
theorem	Effect4.Supervision.forkUnsafe_invalid_parent	SUPERVISION-PG-RC112	fork.unsafe
axiom	Effect4.Supervision.forkUnsafe_invalid_parent	propext	SUPERVISION-AXIOM-RECEIPT
theorem	Effect4.Supervision.forkUnsafe_invalid_globals	SUPERVISION-PG-RC112	fork.unsafe
axiom	Effect4.Supervision.forkUnsafe_invalid_globals	propext	SUPERVISION-AXIOM-RECEIPT
theorem	Effect4.Supervision.forkUnsafe_invalid_ownership	SUPERVISION-PG-RC112	fork.unsafe
axiom	Effect4.Supervision.forkUnsafe_invalid_ownership	propext	SUPERVISION-AXIOM-RECEIPT
theorem	Effect4.Supervision.forkUnsafe_invalid_child_ownership	SUPERVISION-PG-RC112	fork.unsafe
axiom	Effect4.Supervision.forkUnsafe_invalid_child_ownership	propext,Quot.sound	SUPERVISION-AXIOM-RECEIPT
theorem	Effect4.Supervision.forkUnsafe_immediate	SUPERVISION-PG-RC112	fork.unsafe
axiom	Effect4.Supervision.forkUnsafe_immediate	propext,Quot.sound	SUPERVISION-AXIOM-RECEIPT
theorem	Effect4.Supervision.forkUnsafe_fresh	SUPERVISION-PG-RC112	fork.unsafe
axiom	Effect4.Supervision.forkUnsafe_fresh	propext	SUPERVISION-AXIOM-RECEIPT
theorem	Effect4.Supervision.forkUnsafe_allocated_nodup	SUPERVISION-PG-RC112	fork.unsafe
axiom	Effect4.Supervision.forkUnsafe_allocated_nodup	propext,Quot.sound	SUPERVISION-AXIOM-RECEIPT
theorem	Effect4.Supervision.forkUnsafe_child_valid	SUPERVISION-PG-RC112	fork.unsafe
axiom	Effect4.Supervision.forkUnsafe_child_valid	propext	SUPERVISION-AXIOM-RECEIPT
theorem	Effect4.Supervision.forkUnsafe_parent_children_nodup	SUPERVISION-PG-RC112	fork.child rule.only-fork-child-tracks
axiom	Effect4.Supervision.forkUnsafe_parent_children_nodup	propext,Quot.sound	SUPERVISION-AXIOM-RECEIPT
theorem	Effect4.Supervision.forkChild_eq	SUPERVISION-PG-RC112	fork.child rule.children-interrupted-after-exit
axiom	Effect4.Supervision.forkChild_eq	propext	SUPERVISION-AXIOM-RECEIPT
theorem	Effect4.Supervision.forkDetach_eq	SUPERVISION-PG-RC112	fork.detach rule.only-fork-child-tracks
axiom	Effect4.Supervision.forkDetach_eq	propext	SUPERVISION-AXIOM-RECEIPT
theorem	Effect4.Supervision.commitFork_done_untracked	SUPERVISION-PG-RC112	fork.unsafe fork.child
axiom	Effect4.Supervision.commitFork_done_untracked	propext	SUPERVISION-AXIOM-RECEIPT
theorem	Effect4.Supervision.commitFork_daemon_untracked	SUPERVISION-PG-RC112	fork.detach rule.only-fork-child-tracks
axiom	Effect4.Supervision.commitFork_daemon_untracked	propext	SUPERVISION-AXIOM-RECEIPT
theorem	Effect4.Supervision.Globals.allocate_eq	SUPERVISION-PG-RC112	fork.unsafe
axiom	Effect4.Supervision.Globals.allocate_eq	none	SUPERVISION-AXIOM-RECEIPT
theorem	Effect4.Supervision.Globals.extends_iff	SUPERVISION-PG-RC112	fork.unsafe fork.child
axiom	Effect4.Supervision.Globals.extends_iff	none	SUPERVISION-AXIOM-RECEIPT
theorem	Effect4.Supervision.Globals.extends?_iff	SUPERVISION-PG-RC112	fork.unsafe fork.child
axiom	Effect4.Supervision.Globals.extends?_iff	propext	SUPERVISION-AXIOM-RECEIPT
theorem	Effect4.Supervision.Globals.ownsChildren?_iff	SUPERVISION-PG-RC112	fork.unsafe fork.child
axiom	Effect4.Supervision.Globals.ownsChildren?_iff	propext,Quot.sound	SUPERVISION-AXIOM-RECEIPT
theorem	Effect4.Supervision.WaitState.begin_eq	SUPERVISION-PG-RC112	rule.children-interrupted-after-exit fork.interrupt-all fork.race-all
axiom	Effect4.Supervision.WaitState.begin_eq	none	SUPERVISION-AXIOM-RECEIPT
theorem	Effect4.Supervision.WaitState.pending_eq	SUPERVISION-PG-RC112	rule.children-interrupted-after-exit fork.interrupt-all fork.race-all
axiom	Effect4.Supervision.WaitState.pending_eq	propext	SUPERVISION-AXIOM-RECEIPT
theorem	Effect4.Supervision.WaitState.ready_iff	SUPERVISION-PG-RC112	rule.children-interrupted-after-exit fork.interrupt-all fork.race-all
axiom	Effect4.Supervision.WaitState.ready_iff	propext	SUPERVISION-AXIOM-RECEIPT
theorem	Effect4.Supervision.WaitState.ready_publications	SUPERVISION-PG-RC112	rule.children-interrupted-after-exit fork.interrupt-all fork.race-all
axiom	Effect4.Supervision.WaitState.ready_publications	propext,Quot.sound	SUPERVISION-AXIOM-RECEIPT
theorem	Effect4.Supervision.WaitState.observe_pending	SUPERVISION-PG-RC112	rule.children-interrupted-after-exit fork.interrupt-all fork.race-all
axiom	Effect4.Supervision.WaitState.observe_pending	propext	SUPERVISION-AXIOM-RECEIPT
theorem	Effect4.Supervision.WaitState.observe_unknown	SUPERVISION-PG-RC112	rule.children-interrupted-after-exit fork.interrupt-all fork.race-all
axiom	Effect4.Supervision.WaitState.observe_unknown	propext	SUPERVISION-AXIOM-RECEIPT
theorem	Effect4.Supervision.WaitState.observe_pending_membership	SUPERVISION-PG-RC112	rule.children-interrupted-after-exit fork.interrupt-all fork.race-all
axiom	Effect4.Supervision.WaitState.observe_pending_membership	propext,Quot.sound	SUPERVISION-AXIOM-RECEIPT
theorem	Effect4.Supervision.waitStep_iff	SUPERVISION-PG-RC112	rule.children-interrupted-after-exit fork.interrupt-all fork.race-all
axiom	Effect4.Supervision.waitStep_iff	propext	SUPERVISION-AXIOM-RECEIPT
theorem	Effect4.Supervision.waitRuns_iff	SUPERVISION-PG-RC112	rule.children-interrupted-after-exit fork.interrupt-all fork.race-all
axiom	Effect4.Supervision.waitRuns_iff	propext	SUPERVISION-AXIOM-RECEIPT
theorem	Effect4.Supervision.ReplayResult.state_done	SUPERVISION-PG-RC112	rule.children-interrupted-after-exit fork.race-all
axiom	Effect4.Supervision.ReplayResult.state_done	none	SUPERVISION-AXIOM-RECEIPT
theorem	Effect4.Supervision.ReplayResult.state_frontier	SUPERVISION-PG-RC112	rule.children-interrupted-after-exit fork.race-all
axiom	Effect4.Supervision.ReplayResult.state_frontier	none	SUPERVISION-AXIOM-RECEIPT
theorem	Effect4.Supervision.ReplayResult.state_refused	SUPERVISION-PG-RC112	rule.children-interrupted-after-exit fork.race-all
axiom	Effect4.Supervision.ReplayResult.state_refused	none	SUPERVISION-AXIOM-RECEIPT
theorem	Effect4.Supervision.waitReplay_ready	SUPERVISION-PG-RC112	rule.children-interrupted-after-exit fork.interrupt-all fork.race-all
axiom	Effect4.Supervision.waitReplay_ready	propext	SUPERVISION-AXIOM-RECEIPT
theorem	Effect4.Supervision.waitReplay_frontier	SUPERVISION-PG-RC112	rule.children-interrupted-after-exit fork.interrupt-all fork.race-all
axiom	Effect4.Supervision.waitReplay_frontier	propext	SUPERVISION-AXIOM-RECEIPT
theorem	Effect4.Supervision.waitReplay_cons_ok	SUPERVISION-PG-RC112	rule.children-interrupted-after-exit fork.interrupt-all fork.race-all
axiom	Effect4.Supervision.waitReplay_cons_ok	propext	SUPERVISION-AXIOM-RECEIPT
theorem	Effect4.Supervision.waitReplay_cons_error	SUPERVISION-PG-RC112	rule.children-interrupted-after-exit fork.interrupt-all fork.race-all
axiom	Effect4.Supervision.waitReplay_cons_error	propext	SUPERVISION-AXIOM-RECEIPT
theorem	Effect4.Supervision.wait_fixedTape_deterministic	SUPERVISION-PG-RC112	rule.children-interrupted-after-exit fork.interrupt-all fork.race-all
axiom	Effect4.Supervision.wait_fixedTape_deterministic	propext	SUPERVISION-AXIOM-RECEIPT
theorem	Effect4.Supervision.waitReplay_done_ready	SUPERVISION-PG-RC112	rule.children-interrupted-after-exit fork.interrupt-all fork.race-all
axiom	Effect4.Supervision.waitReplay_done_ready	propext	SUPERVISION-AXIOM-RECEIPT
theorem	Effect4.Supervision.waitReplay_frame	SUPERVISION-PG-RC112	rule.children-interrupted-after-exit fork.interrupt-all fork.race-all
axiom	Effect4.Supervision.waitReplay_frame	propext,Quot.sound	SUPERVISION-AXIOM-RECEIPT
theorem	Effect4.Supervision.wait_two_publications	SUPERVISION-PG-RC112	rule.children-interrupted-after-exit fork.interrupt-all fork.race-all
axiom	Effect4.Supervision.wait_two_publications	propext,Quot.sound	SUPERVISION-AXIOM-RECEIPT
theorem	Effect4.Supervision.beginParentExit_eq	SUPERVISION-PG-RC112	fork.child rule.children-interrupted-after-exit
axiom	Effect4.Supervision.beginParentExit_eq	none	SUPERVISION-AXIOM-RECEIPT
theorem	Effect4.Supervision.parentExitView_waiting	SUPERVISION-PG-RC112	rule.children-interrupted-after-exit
axiom	Effect4.Supervision.parentExitView_waiting	propext	SUPERVISION-AXIOM-RECEIPT
theorem	Effect4.Supervision.parentExitView_ready	SUPERVISION-PG-RC112	rule.children-interrupted-after-exit
axiom	Effect4.Supervision.parentExitView_ready	propext	SUPERVISION-AXIOM-RECEIPT
theorem	Effect4.Supervision.parentExitView_not_published_while_waiting	SUPERVISION-PG-RC112	rule.children-interrupted-after-exit
axiom	Effect4.Supervision.parentExitView_not_published_while_waiting	propext	SUPERVISION-AXIOM-RECEIPT
theorem	Effect4.Supervision.parentExitView_publication_requires_children	SUPERVISION-PG-RC112	rule.children-interrupted-after-exit
axiom	Effect4.Supervision.parentExitView_publication_requires_children	propext,Quot.sound	SUPERVISION-AXIOM-RECEIPT
theorem	Effect4.Supervision.newChildren_eq	SUPERVISION-PG-RC112	fork.await-all-children
axiom	Effect4.Supervision.newChildren_eq	propext	SUPERVISION-AXIOM-RECEIPT
theorem	Effect4.Supervision.newChildren_membership	SUPERVISION-PG-RC112	fork.await-all-children
axiom	Effect4.Supervision.newChildren_membership	propext,Quot.sound	SUPERVISION-AXIOM-RECEIPT
theorem	Effect4.Supervision.awaitAllChildren_eq	SUPERVISION-PG-RC112	fork.await-all-children
axiom	Effect4.Supervision.awaitAllChildren_eq	propext	SUPERVISION-AXIOM-RECEIPT
theorem	Effect4.Supervision.interruptAllRequests_eq	SUPERVISION-PG-RC112	fork.interrupt-all fork.interrupt
axiom	Effect4.Supervision.interruptAllRequests_eq	none	SUPERVISION-AXIOM-RECEIPT
theorem	Effect4.Supervision.interruptAllWait_eq	SUPERVISION-PG-RC112	fork.interrupt-all fork.interrupt
axiom	Effect4.Supervision.interruptAllWait_eq	none	SUPERVISION-AXIOM-RECEIPT
theorem	Effect4.Supervision.bindScope_invalid	SUPERVISION-PG-RC112	fork.in fork.fiber-run-in
axiom	Effect4.Supervision.bindScope_invalid	propext	SUPERVISION-AXIOM-RECEIPT
theorem	Effect4.Supervision.bindScope_done	SUPERVISION-PG-RC112	fork.in fork.fiber-run-in
axiom	Effect4.Supervision.bindScope_done	propext	SUPERVISION-AXIOM-RECEIPT
theorem	Effect4.Supervision.bindScope_closed	SUPERVISION-PG-RC112	fork.in fork.fiber-run-in
axiom	Effect4.Supervision.bindScope_closed	propext	SUPERVISION-AXIOM-RECEIPT
theorem	Effect4.Supervision.bindScope_duplicate_key	SUPERVISION-PG-RC112	fork.in fork.fiber-run-in
axiom	Effect4.Supervision.bindScope_duplicate_key	propext	SUPERVISION-AXIOM-RECEIPT
theorem	Effect4.Supervision.bindScope_open	SUPERVISION-PG-RC112	fork.in fork.fiber-run-in
axiom	Effect4.Supervision.bindScope_open	propext	SUPERVISION-AXIOM-RECEIPT
theorem	Effect4.Supervision.forkScopedBinding_eq	SUPERVISION-PG-RC112	fork.scoped
axiom	Effect4.Supervision.forkScopedBinding_eq	propext	SUPERVISION-AXIOM-RECEIPT
theorem	Effect4.Supervision.scopeFinalizerInterruptor_eq	SUPERVISION-PG-RC112	fork.in fork.fiber-run-in
axiom	Effect4.Supervision.scopeFinalizerInterruptor_eq	none	SUPERVISION-AXIOM-RECEIPT
theorem	Effect4.Supervision.scopeFinalizer_self_guard	SUPERVISION-PG-RC112	fork.in fork.fiber-run-in
axiom	Effect4.Supervision.scopeFinalizer_self_guard	propext	SUPERVISION-AXIOM-RECEIPT
theorem	Effect4.Supervision.scopeObserver_eq	SUPERVISION-PG-RC112	fork.in fork.fiber-run-in
axiom	Effect4.Supervision.scopeObserver_eq	none	SUPERVISION-AXIOM-RECEIPT
theorem	Effect4.Supervision.scopeObserver_key_membership	SUPERVISION-PG-RC112	fork.in fork.fiber-run-in
axiom	Effect4.Supervision.scopeObserver_key_membership	propext,Quot.sound	SUPERVISION-AXIOM-RECEIPT
theorem	Effect4.Supervision.raceForkOptions_eq	SUPERVISION-PG-RC112	fork.race-all rule.only-fork-child-tracks
axiom	Effect4.Supervision.raceForkOptions_eq	none	SUPERVISION-AXIOM-RECEIPT
theorem	Effect4.Supervision.raceCleanupMask_eq	SUPERVISION-PG-RC112	fork.race-all
axiom	Effect4.Supervision.raceCleanupMask_eq	none	SUPERVISION-AXIOM-RECEIPT
theorem	Effect4.Supervision.RaceAllState.initial_eq	SUPERVISION-PG-RC112	fork.race-all
axiom	Effect4.Supervision.RaceAllState.initial_eq	none	SUPERVISION-AXIOM-RECEIPT
theorem	Effect4.Supervision.raceAllAdmit_eq	SUPERVISION-PG-RC112	fork.race-all
axiom	Effect4.Supervision.raceAllAdmit_eq	none	SUPERVISION-AXIOM-RECEIPT
theorem	Effect4.Supervision.RaceAllState.result_eq	SUPERVISION-PG-RC112	fork.race-all
axiom	Effect4.Supervision.RaceAllState.result_eq	propext	SUPERVISION-AXIOM-RECEIPT
theorem	Effect4.Supervision.raceComplete_unknown	SUPERVISION-PG-RC112	fork.race-all
axiom	Effect4.Supervision.raceComplete_unknown	propext	SUPERVISION-AXIOM-RECEIPT
theorem	Effect4.Supervision.raceComplete_after_accepted	SUPERVISION-PG-RC112	fork.race-all
axiom	Effect4.Supervision.raceComplete_after_accepted	propext,Quot.sound	SUPERVISION-AXIOM-RECEIPT
theorem	Effect4.Supervision.raceComplete_success	SUPERVISION-PG-RC112	fork.race-all
axiom	Effect4.Supervision.raceComplete_success	propext,Quot.sound	SUPERVISION-AXIOM-RECEIPT
theorem	Effect4.Supervision.raceComplete_failure_last	SUPERVISION-PG-RC112	fork.race-all
axiom	Effect4.Supervision.raceComplete_failure_last	propext,Quot.sound	SUPERVISION-AXIOM-RECEIPT
theorem	Effect4.Supervision.raceComplete_failure_pending	SUPERVISION-PG-RC112	fork.race-all
axiom	Effect4.Supervision.raceComplete_failure_pending	propext,Quot.sound	SUPERVISION-AXIOM-RECEIPT
theorem	Effect4.Supervision.raceStep_begin_blocked	SUPERVISION-PG-RC112	fork.race-all
axiom	Effect4.Supervision.raceStep_begin_blocked	propext	SUPERVISION-AXIOM-RECEIPT
theorem	Effect4.Supervision.raceStep_begin_empty	SUPERVISION-PG-RC112	fork.race-all
axiom	Effect4.Supervision.raceStep_begin_empty	propext	SUPERVISION-AXIOM-RECEIPT
theorem	Effect4.Supervision.raceStep_begin	SUPERVISION-PG-RC112	fork.race-all
axiom	Effect4.Supervision.raceStep_begin	propext	SUPERVISION-AXIOM-RECEIPT
theorem	Effect4.Supervision.raceStep_finish_missing	SUPERVISION-PG-RC112	fork.race-all
axiom	Effect4.Supervision.raceStep_finish_missing	propext	SUPERVISION-AXIOM-RECEIPT
theorem	Effect4.Supervision.raceStep_finish_duplicate	SUPERVISION-PG-RC112	fork.race-all
axiom	Effect4.Supervision.raceStep_finish_duplicate	propext	SUPERVISION-AXIOM-RECEIPT
theorem	Effect4.Supervision.raceStep_finish_live	SUPERVISION-PG-RC112	fork.race-all
axiom	Effect4.Supervision.raceStep_finish_live	propext	SUPERVISION-AXIOM-RECEIPT
theorem	Effect4.Supervision.raceStep_finish_done	SUPERVISION-PG-RC112	fork.race-all
axiom	Effect4.Supervision.raceStep_finish_done	propext	SUPERVISION-AXIOM-RECEIPT
theorem	Effect4.Supervision.raceStep_complete	SUPERVISION-PG-RC112	fork.race-all
axiom	Effect4.Supervision.raceStep_complete	propext	SUPERVISION-AXIOM-RECEIPT
theorem	Effect4.Supervision.raceStep_complete_unknown	SUPERVISION-PG-RC112	fork.race-all
axiom	Effect4.Supervision.raceStep_complete_unknown	propext	SUPERVISION-AXIOM-RECEIPT
theorem	Effect4.Supervision.raceStep_beginCleanup	SUPERVISION-PG-RC112	fork.race-all
axiom	Effect4.Supervision.raceStep_beginCleanup	propext	SUPERVISION-AXIOM-RECEIPT
theorem	Effect4.Supervision.raceStep_beginCleanup_blocked	SUPERVISION-PG-RC112	fork.race-all
axiom	Effect4.Supervision.raceStep_beginCleanup_blocked	propext	SUPERVISION-AXIOM-RECEIPT
theorem	Effect4.Supervision.raceStep_requestNext	SUPERVISION-PG-RC112	fork.race-all
axiom	Effect4.Supervision.raceStep_requestNext	propext	SUPERVISION-AXIOM-RECEIPT
theorem	Effect4.Supervision.raceStep_requestNext_blocked	SUPERVISION-PG-RC112	fork.race-all
axiom	Effect4.Supervision.raceStep_requestNext_blocked	propext	SUPERVISION-AXIOM-RECEIPT
theorem	Effect4.Supervision.raceStep_iff	SUPERVISION-PG-RC112	fork.race-all
axiom	Effect4.Supervision.raceStep_iff	propext	SUPERVISION-AXIOM-RECEIPT
theorem	Effect4.Supervision.raceRuns_iff	SUPERVISION-PG-RC112	fork.race-all
axiom	Effect4.Supervision.raceRuns_iff	propext	SUPERVISION-AXIOM-RECEIPT
theorem	Effect4.Supervision.raceReplay_ready	SUPERVISION-PG-RC112	fork.race-all
axiom	Effect4.Supervision.raceReplay_ready	propext	SUPERVISION-AXIOM-RECEIPT
theorem	Effect4.Supervision.raceReplay_frontier	SUPERVISION-PG-RC112	fork.race-all
axiom	Effect4.Supervision.raceReplay_frontier	propext	SUPERVISION-AXIOM-RECEIPT
theorem	Effect4.Supervision.raceReplay_cons_ok	SUPERVISION-PG-RC112	fork.race-all
axiom	Effect4.Supervision.raceReplay_cons_ok	propext	SUPERVISION-AXIOM-RECEIPT
theorem	Effect4.Supervision.raceReplay_cons_error	SUPERVISION-PG-RC112	fork.race-all
axiom	Effect4.Supervision.raceReplay_cons_error	propext	SUPERVISION-AXIOM-RECEIPT
theorem	Effect4.Supervision.race_fixedTape_deterministic	SUPERVISION-PG-RC112	fork.race-all
axiom	Effect4.Supervision.race_fixedTape_deterministic	propext	SUPERVISION-AXIOM-RECEIPT
theorem	Effect4.Supervision.race_first_accepted_stable	SUPERVISION-PG-RC112	fork.race-all
axiom	Effect4.Supervision.race_first_accepted_stable	propext,Quot.sound	SUPERVISION-AXIOM-RECEIPT
theorem	Effect4.Supervision.race_result_requires_start_finished	SUPERVISION-PG-RC112	fork.race-all
axiom	Effect4.Supervision.race_result_requires_start_finished	propext	SUPERVISION-AXIOM-RECEIPT
theorem	Effect4.Supervision.race_cleanup_result_requires_publications	SUPERVISION-PG-RC112	fork.race-all
axiom	Effect4.Supervision.race_cleanup_result_requires_publications	propext,Quot.sound	SUPERVISION-AXIOM-RECEIPT
theorem	Effect4.Supervision.race_empty_frontier	SUPERVISION-PG-RC112	fork.race-all
axiom	Effect4.Supervision.race_empty_frontier	propext	SUPERVISION-AXIOM-RECEIPT
theorem	Effect4.Supervision.race_single_success	SUPERVISION-PG-RC112	fork.race-all
axiom	Effect4.Supervision.race_single_success	propext,Quot.sound	SUPERVISION-AXIOM-RECEIPT
theorem	Effect4.Supervision.race_two_failures	SUPERVISION-PG-RC112	fork.race-all
axiom	Effect4.Supervision.race_two_failures	propext,Quot.sound	SUPERVISION-AXIOM-RECEIPT
type	SUP-TYPE-MaskMode	Effect4.Supervision.MaskMode	Effect4.Concurrency.Supervision	native finite leaf	SUP-L-MASK
type	SUP-TYPE-ForkOptions	Effect4.Supervision.ForkOptions	Effect4.Concurrency.Supervision	native options data	SUPERVISION-PG-RC112
type	SUP-TYPE-Globals	Effect4.Supervision.Globals	Effect4.Concurrency.Supervision	native global view	SUPERVISION-PG-RC112
type	SUP-TYPE-ObserverMode	Effect4.Supervision.ObserverMode	Effect4.Concurrency.Supervision	native finite leaf	SUP-L-OBSERVER
type	SUP-TYPE-Subscription	Effect4.Supervision.Subscription	Effect4.Concurrency.Supervision	native observer handle	SUPERVISION-PG-RC112
type	SUP-TYPE-Fiber	Effect4.Supervision.Fiber	Effect4.Concurrency.Supervision	native related view	SUPERVISION-PG-RC112
type	SUP-TYPE-Observation	Effect4.Supervision.Observation	Effect4.Concurrency.Supervision	native result observation	SUPERVISION-PG-RC112
type	SUP-TYPE-StartObservation	Effect4.Supervision.StartObservation	Effect4.Concurrency.Supervision	native external decision data	SUPERVISION-PG-RC112
type	SUP-TYPE-ForkEvent	Effect4.Supervision.ForkEvent	Effect4.Concurrency.Supervision	native boundary trace	SUPERVISION-PG-RC112
type	SUP-TYPE-ForkResult	Effect4.Supervision.ForkResult	Effect4.Concurrency.Supervision	native result data	SUPERVISION-PG-RC112
type	SUP-TYPE-InterruptAction	Effect4.Supervision.InterruptAction	Effect4.Concurrency.Supervision	native call-plan alphabet	SUPERVISION-PG-RC112
type	SUP-TYPE-Refusal	Effect4.Supervision.Refusal	Effect4.Concurrency.Supervision	native controller refusal	SUPERVISION-PG-RC112
type	SUP-TYPE-WaitState	Effect4.Supervision.WaitState	Effect4.Concurrency.Supervision	native shared controller	SUPERVISION-PG-RC112
type	SUP-TYPE-ReplayResult	Effect4.Supervision.ReplayResult	Effect4.Concurrency.Supervision	native controller outcome	SUPERVISION-PG-RC112
type	SUP-TYPE-ScopeMode	Effect4.Supervision.ScopeMode	Effect4.Concurrency.Supervision	native finite leaf	SUP-L-SCOPE
type	SUP-TYPE-ScopeFinalizer	Effect4.Supervision.ScopeFinalizer	Effect4.Concurrency.Supervision	native first-order instruction	SUPERVISION-PG-RC112
type	SUP-TYPE-ScopeBinding	Effect4.Supervision.ScopeBinding	Effect4.Concurrency.Supervision	native related result	SUPERVISION-PG-RC112
type	SUP-TYPE-RaceAllState	Effect4.Supervision.RaceAllState	Effect4.Concurrency.Supervision	native controller state	SUPERVISION-PG-RC112
type	SUP-TYPE-RaceAllDecision	Effect4.Supervision.RaceAllDecision	Effect4.Concurrency.Supervision	native decision alphabet	SUPERVISION-PG-RC112
type	SUP-TYPE-Globals.Valid	Effect4.Supervision.Globals.Valid	Effect4.Concurrency.Supervision	native Prop judgment	SUPERVISION-PG-RC112
type	SUP-TYPE-Globals.Extends	Effect4.Supervision.Globals.Extends	Effect4.Concurrency.Supervision	native Prop judgment	SUPERVISION-PG-RC112
type	SUP-TYPE-Globals.OwnsChildren	Effect4.Supervision.Globals.OwnsChildren	Effect4.Concurrency.Supervision	native Prop judgment	SUPERVISION-PG-RC112
type	SUP-TYPE-Fiber.Valid	Effect4.Supervision.Fiber.Valid	Effect4.Concurrency.Supervision	native Prop judgment	SUPERVISION-PG-RC112
type	SUP-TYPE-WaitStep	Effect4.Supervision.WaitStep	Effect4.Concurrency.Supervision	native Prop judgment	SUPERVISION-PG-RC112
type	SUP-TYPE-WaitRuns	Effect4.Supervision.WaitRuns	Effect4.Concurrency.Supervision	native Prop judgment	SUPERVISION-PG-RC112
type	SUP-TYPE-RaceStep	Effect4.Supervision.RaceStep	Effect4.Concurrency.Supervision	native Prop judgment	SUPERVISION-PG-RC112
type	SUP-TYPE-RaceRuns	Effect4.Supervision.RaceRuns	Effect4.Concurrency.Supervision	native Prop judgment	SUPERVISION-PG-RC112
shape	Effect4.Supervision.MaskMode	Effect4.Supervision.MaskMode.interruptible,Effect4.Supervision.MaskMode.uninterruptible,Effect4.Supervision.MaskMode.inherit	inductive
shape	Effect4.Supervision.ForkOptions	Effect4.Supervision.ForkOptions.mk	startImmediately,daemon,maskMode
shape	Effect4.Supervision.Globals	Effect4.Supervision.Globals.mk	allocated,middlewareInstalled
shape	Effect4.Supervision.ObserverMode	Effect4.Supervision.ObserverMode.awaitValue,Effect4.Supervision.ObserverMode.joinEffect	inductive
shape	Effect4.Supervision.Subscription	Effect4.Supervision.Subscription.mk	key,mode
shape	Effect4.Supervision.Fiber	Effect4.Supervision.Fiber.mk	core,context,children,subscriptions,interrupted
shape	Effect4.Supervision.Observation	Effect4.Supervision.Observation.waiting,Effect4.Supervision.Observation.value,Effect4.Supervision.Observation.effect	inductive
shape	Effect4.Supervision.StartObservation	Effect4.Supervision.StartObservation.deferred,Effect4.Supervision.StartObservation.immediate	inductive
shape	Effect4.Supervision.ForkEvent	Effect4.Supervision.ForkEvent.scheduled,Effect4.Supervision.ForkEvent.evaluated,Effect4.Supervision.ForkEvent.registered	inductive
shape	Effect4.Supervision.ForkResult	Effect4.Supervision.ForkResult.mk	globals,parent,initial,child,events,removeFromParent
shape	Effect4.Supervision.InterruptAction	Effect4.Supervision.InterruptAction.request,Effect4.Supervision.InterruptAction.awaitAll	inductive
shape	Effect4.Supervision.Refusal	Effect4.Supervision.Refusal.invalidFiber,Effect4.Supervision.Refusal.duplicateFiber,Effect4.Supervision.Refusal.wrongStartMode,Effect4.Supervision.Refusal.wrongChildIdentity,Effect4.Supervision.Refusal.wrongParentIdentity,Effect4.Supervision.Refusal.invalidStartGlobals,Effect4.Supervision.Refusal.invalidParentOwnership,Effect4.Supervision.Refusal.invalidChildOwnership,Effect4.Supervision.Refusal.duplicateSubscription,Effect4.Supervision.Refusal.unknownPublication,Effect4.Supervision.Refusal.duplicateScopeKey,Effect4.Supervision.Refusal.duplicateEntrant,Effect4.Supervision.Refusal.noEntrant,Effect4.Supervision.Refusal.wrongRacePhase,Effect4.Supervision.Refusal.unknownEntrant	inductive
shape	Effect4.Supervision.WaitState	Effect4.Supervision.WaitState.mk	targets,published,result
shape	Effect4.Supervision.ReplayResult	Effect4.Supervision.ReplayResult.done,Effect4.Supervision.ReplayResult.frontier,Effect4.Supervision.ReplayResult.refused	inductive
shape	Effect4.Supervision.ScopeMode	Effect4.Supervision.ScopeMode.forkIn,Effect4.Supervision.ScopeMode.fiberRunIn	inductive
shape	Effect4.Supervision.ScopeFinalizer	Effect4.Supervision.ScopeFinalizer.mk	child,skipSelf
shape	Effect4.Supervision.ScopeBinding	Effect4.Supervision.ScopeBinding.mk	scope,observerKey,interruptor
shape	Effect4.Supervision.RaceAllState	Effect4.Supervision.RaceAllState.mk	unstarted,starting,live,remaining,failures,winner,accepted,cleanupNeeded,requests,cleanup,cleanupRequested
shape	Effect4.Supervision.RaceAllDecision	Effect4.Supervision.RaceAllDecision.beginLaunch,Effect4.Supervision.RaceAllDecision.finishLaunch,Effect4.Supervision.RaceAllDecision.complete,Effect4.Supervision.RaceAllDecision.beginCleanup,Effect4.Supervision.RaceAllDecision.requestNext	inductive
leaf-receipt	SUP-L-MASK	Effect4.Supervision.MaskMode	SUPERVISION-PG-RC112/CONSTRUCTION	Effect4.Supervision.MaskMode.cases_receipt
leaf-receipt	SUP-L-OBSERVER	Effect4.Supervision.ObserverMode	SUPERVISION-PG-RC112/CONSTRUCTION	Effect4.Supervision.ObserverMode.cases_receipt
leaf-receipt	SUP-L-SCOPE	Effect4.Supervision.ScopeMode	SUPERVISION-PG-RC112/CONSTRUCTION	Effect4.Supervision.ScopeMode.cases_receipt
graph-edge	SUPERVISION-PG-RC112/IDENTITY	census+dispositions+shapes	required-closed
graph-edge	SUPERVISION-PG-RC112/CONSTRUCTION	initialization+admission+refusal+finite-leaves	required-closed
graph-edge	SUPERVISION-PG-RC112/SEMANTICS	WaitStep+WaitRuns+RaceStep+RaceRuns+inhabited-runs	required-closed
graph-edge	SUPERVISION-PG-RC112/LAWS	publication+identity+fixed-tape+accepted-result	required-closed
graph-edge	SUPERVISION-PG-RC112/REPRESENTATION	no-codec-or-generated-program-claim	not-applicable
graph-edge	SUPERVISION-PG-RC112/COUNTEREXAMPLES	E4-CONC-CE-012..026	required-closed
graph-edge	SUPERVISION-PG-RC112/BRIDGES	source-body+context+continuation+scope+shared-set	required-open
graph-edge	SUPERVISION-PG-RC112/TARGETS	finite-host-cases-do-not-close-interpretation	required-open
graph-edge	SUPERVISION-PG-RC112/TRUST	136-local-axiom-receipts+bound-repository-trust-receipt-pending	required-open
graph-edge	SUPERVISION-PG-RC112/COVERAGE	exact-public-ownership-and-assurance-routes	required-closed
