format	effect4-schema-structural-assurance-v1
generator	scripts/generate-schema-structural-assurance.sh	sha256=f37f64d77cf585aecbba18a04a647294c52bfbb61391db9c1a5b90feae4d57ac
regenerate	./scripts/generate-schema-structural-assurance.sh > generated/schema-structural-assurance.tsv
input	Effect4/Data/Json.lean	sha256=8714c8fbb3a3e3ba3bee94ed392bc32abe5367e9a468f5c0817e86d01926d330
input	Effect4/Schema/Payload.lean	sha256=a6292ad42ae08a49ff2b438dc57b16c6361b6980b75286fe61657db7b07822dc
input	Effect4/Schema/Representation.lean	sha256=05ef472aaced4a688465ac65d7ee0f9a4c349dbe896a6e494a9dbcc2713edd43
input	Effect4/Schema/Document.lean	sha256=fc86b4ba9a6ce2d7b0bb912588c54429e46a7cfb509287a5fc2a650e1a20e6ad
input	Effect4/Schema/Check.lean	sha256=98439bbd47195d266a188345dc749fbd9aa11bb1499d2944476dde78c8c2a9ef
input	test/contracts/schema-representation.contract.md	sha256=a2b85dd7ce72a8f74abfedeccb1142d7a85fa9913820fa8412c1410489ab90ee
input	test/contracts/schema-subalphabets.contract.md	sha256=1b3d298d732be54c47108dafe914639bb5167eecc1d6b3dd27d50591fed65555
input	test/contracts/schema-payload.contract.md	sha256=7b70c82199c46cd45f312f62f0cf81a276a8a759ec94457c08dd99639888f274
battery	Effect4Test/Schema/RepresentationContract.lean	sha256=fed90a2b7174a41546003dc77f248d8838935fd4ecef707e868a4705f85bcd61	required-closed
battery	Effect4Test/Schema/SubAlphabetContract.lean	sha256=a57ed694dabe08754f28d32dc57252c49044e0c7a85ff13592eb8f968cefdf8a	required-closed
battery	Effect4Test/Schema/PayloadContract.lean	sha256=e80d4be2f6385228aa87766d61ad4056fef68f947d0347cc15e1ac9279c6d27f	required-closed
input	Effect4Test/Schema/PayloadSurface.lean	sha256=500bb9b2e95362d14440d4a8cc5e990e52c6864548e11acb2186cc5ecc390493
input	Effect4Test/Schema/StructuralAssurance.lean	sha256=1e30e286838436f8265743e87ed033ec731f907956a56336b6960b548b6b7bf3
input	Effect4Test/Schema/AxiomReport.lean	sha256=39a4929fe1c0083b58340d3e0ced34e140adbfee0d08cd76c1ddbcb8981e1d6e
source-pin	effect@4.0.0-rc.112	vendor/effect-4.0.0-rc.112/src/SchemaRepresentation.ts	sha256=a0a7a1537cfe3a9159a80210e3de92342cc9e98651f0e8273a75ccdcccae69bc	required-closed
gate	SC-REP-CENSUS-PIN	scripts/check-schema-census.sh	required-closed
gate	SC-REP-FIELD-PIN	scripts/check-schema-fields.sh	required-closed
gate	SCHEMA-PAYLOAD-SURFACE	scripts/check-schema-payload-surface.sh	required-closed
detector	SCHEMA-PAYLOAD-SURFACE-REACTION	scripts/test-schema-payload-surface-gate.sh	13-of-13	required-closed
counterexample	E4-SCHEMA-CE-017	SEEDED	test/counterexamples/REGISTER.md	required-closed
counterexample	E4-SCHEMA-CE-018	SEEDED	test/counterexamples/REGISTER.md	required-closed
counterexample	E4-SCHEMA-CE-019	SEEDED	test/counterexamples/REGISTER.md	required-closed
counterexample	E4-SCHEMA-CE-020	SEEDED	test/counterexamples/REGISTER.md	required-closed
counterexample	E4-SCHEMA-CE-021	SEEDED	test/counterexamples/REGISTER.md	required-closed
counterexample	E4-SCHEMA-CE-022	SEEDED	test/counterexamples/REGISTER.md	required-closed
counterexample	E4-SCHEMA-CE-023	PINNED	test/counterexamples/REGISTER.md	required-closed
counterexample	E4-SCHEMA-CE-024	PINNED	test/counterexamples/REGISTER.md	required-closed
counterexample	E4-SCHEMA-CE-025	PINNED	test/counterexamples/REGISTER.md	required-closed
counterexample	E4-SCHEMA-CE-026	SEEDED	test/counterexamples/REGISTER.md	required-closed
counterexample	E4-SCHEMA-CE-027	SEEDED	test/counterexamples/REGISTER.md	required-closed
counterexample	E4-SCHEMA-CE-028	PINNED	test/counterexamples/REGISTER.md	required-closed
counterexample	E4-SCHEMA-CE-029	PINNED	test/counterexamples/REGISTER.md	required-closed
counterexample	E4-SCHEMA-CE-030	PINNED	test/counterexamples/REGISTER.md	required-closed
counterexample	E4-SCHEMA-CE-031	PINNED	test/counterexamples/REGISTER.md	required-closed
counterexample	E4-SCHEMA-CE-032	PINNED	test/counterexamples/REGISTER.md	required-closed
counterexample	E4-SCHEMA-CE-033	PINNED	test/counterexamples/REGISTER.md	required-closed
counterexample	E4-SCHEMA-CE-034	PINNED	test/counterexamples/REGISTER.md	required-closed
counterexample	E4-SCHEMA-CE-035	PINNED	test/counterexamples/REGISTER.md	required-closed
counterexample	E4-SCHEMA-CE-036	PINNED	test/counterexamples/REGISTER.md	required-closed
counterexample	E4-SCHEMA-CE-037	PINNED	test/counterexamples/REGISTER.md	required-closed
counterexample	E4-SCHEMA-CE-038	SEEDED	test/counterexamples/REGISTER.md	required-closed
counterexample	E4-SCHEMA-CE-039	SEEDED	test/counterexamples/REGISTER.md	required-closed
counterexample	E4-SCHEMA-CE-040	PINNED	test/counterexamples/REGISTER.md	required-closed
counterexample	E4-SCHEMA-CE-041	SEEDED	test/counterexamples/REGISTER.md	required-closed
counterexample	E4-SCHEMA-CE-042	PINNED	test/counterexamples/REGISTER.md	required-closed
owned-declaration	Effect4.Float64	Effect4.Data.Json	SCHEMA-LEAF-FLOAT64-BITS
owned-declaration	Effect4.Float64.bits	Effect4.Data.Json	SCHEMA-LEAF-FLOAT64-BITS
owned-declaration	Effect4.Float64.casesOn	Effect4.Data.Json	SCHEMA-LEAF-FLOAT64-BITS
owned-declaration	Effect4.Float64.ctorIdx	Effect4.Data.Json	SCHEMA-LEAF-FLOAT64-BITS
owned-declaration	Effect4.Float64.isFinite	Effect4.Data.Json	SCHEMA-LEAF-FLOAT64-BITS
owned-declaration	Effect4.Float64.isFinite.eq_1	Effect4.Data.Json	SCHEMA-LEAF-FLOAT64-BITS
owned-declaration	Effect4.Float64.isFinite_nan	Effect4.Data.Json	SCHEMA-LEAF-FLOAT64-BITS
owned-declaration	Effect4.Float64.isFinite_negInfinity	Effect4.Data.Json	SCHEMA-LEAF-FLOAT64-BITS
owned-declaration	Effect4.Float64.isFinite_negZero	Effect4.Data.Json	SCHEMA-LEAF-FLOAT64-BITS
owned-declaration	Effect4.Float64.isFinite_ofBits_iff	Effect4.Data.Json	SCHEMA-LEAF-FLOAT64-BITS
owned-declaration	Effect4.Float64.isFinite_posInfinity	Effect4.Data.Json	SCHEMA-LEAF-FLOAT64-BITS
owned-declaration	Effect4.Float64.isFinite_zero	Effect4.Data.Json	SCHEMA-LEAF-FLOAT64-BITS
owned-declaration	Effect4.Float64.mk	Effect4.Data.Json	SCHEMA-LEAF-FLOAT64-BITS
owned-declaration	Effect4.Float64.mk.inj	Effect4.Data.Json	SCHEMA-LEAF-FLOAT64-BITS
owned-declaration	Effect4.Float64.mk.injEq	Effect4.Data.Json	SCHEMA-LEAF-FLOAT64-BITS
owned-declaration	Effect4.Float64.mk.noConfusion	Effect4.Data.Json	SCHEMA-LEAF-FLOAT64-BITS
owned-declaration	Effect4.Float64.mk.sizeOf_spec	Effect4.Data.Json	SCHEMA-LEAF-FLOAT64-BITS
owned-declaration	Effect4.Float64.nan	Effect4.Data.Json	SCHEMA-LEAF-FLOAT64-BITS
owned-declaration	Effect4.Float64.negInfinity	Effect4.Data.Json	SCHEMA-LEAF-FLOAT64-BITS
owned-declaration	Effect4.Float64.negZero	Effect4.Data.Json	SCHEMA-LEAF-FLOAT64-BITS
owned-declaration	Effect4.Float64.negZero_ne_zero	Effect4.Data.Json	SCHEMA-LEAF-FLOAT64-BITS
owned-declaration	Effect4.Float64.noConfusion	Effect4.Data.Json	SCHEMA-LEAF-FLOAT64-BITS
owned-declaration	Effect4.Float64.noConfusionType	Effect4.Data.Json	SCHEMA-LEAF-FLOAT64-BITS
owned-declaration	Effect4.Float64.not_isFinite_ofBits_iff	Effect4.Data.Json	SCHEMA-LEAF-FLOAT64-BITS
owned-declaration	Effect4.Float64.ofBits	Effect4.Data.Json	SCHEMA-LEAF-FLOAT64-BITS
owned-declaration	Effect4.Float64.ofBits.eq_1	Effect4.Data.Json	SCHEMA-LEAF-FLOAT64-BITS
owned-declaration	Effect4.Float64.ofBits_toBits	Effect4.Data.Json	SCHEMA-LEAF-FLOAT64-BITS
owned-declaration	Effect4.Float64.posInfinity	Effect4.Data.Json	SCHEMA-LEAF-FLOAT64-BITS
owned-declaration	Effect4.Float64.rec	Effect4.Data.Json	SCHEMA-LEAF-FLOAT64-BITS
owned-declaration	Effect4.Float64.recOn	Effect4.Data.Json	SCHEMA-LEAF-FLOAT64-BITS
owned-declaration	Effect4.Float64.toBits	Effect4.Data.Json	SCHEMA-LEAF-FLOAT64-BITS
owned-declaration	Effect4.Float64.toBits_nan	Effect4.Data.Json	SCHEMA-LEAF-FLOAT64-BITS
owned-declaration	Effect4.Float64.toBits_negInfinity	Effect4.Data.Json	SCHEMA-LEAF-FLOAT64-BITS
owned-declaration	Effect4.Float64.toBits_negZero	Effect4.Data.Json	SCHEMA-LEAF-FLOAT64-BITS
owned-declaration	Effect4.Float64.toBits_ofBits	Effect4.Data.Json	SCHEMA-LEAF-FLOAT64-BITS
owned-declaration	Effect4.Float64.toBits_posInfinity	Effect4.Data.Json	SCHEMA-LEAF-FLOAT64-BITS
owned-declaration	Effect4.Float64.toBits_zero	Effect4.Data.Json	SCHEMA-LEAF-FLOAT64-BITS
owned-declaration	Effect4.Float64.zero	Effect4.Data.Json	SCHEMA-LEAF-FLOAT64-BITS
owned-declaration	Effect4.Json	Effect4.Data.Json	SCHEMA-PG-PAYLOAD/JSON
owned-declaration	Effect4.Json.NumbersFinite	Effect4.Data.Json	SCHEMA-PG-FIELD-ADMISSION/JSON-FINITENESS
owned-declaration	Effect4.Json.arr	Effect4.Data.Json	SCHEMA-PG-PAYLOAD/JSON
owned-declaration	Effect4.Json.arr.elim	Effect4.Data.Json	SCHEMA-PG-PAYLOAD/JSON
owned-declaration	Effect4.Json.arr.inj	Effect4.Data.Json	SCHEMA-PG-PAYLOAD/JSON
owned-declaration	Effect4.Json.arr.injEq	Effect4.Data.Json	SCHEMA-PG-PAYLOAD/JSON
owned-declaration	Effect4.Json.arr.noConfusion	Effect4.Data.Json	SCHEMA-PG-PAYLOAD/JSON
owned-declaration	Effect4.Json.arr.sizeOf_spec	Effect4.Data.Json	SCHEMA-PG-PAYLOAD/JSON
owned-declaration	Effect4.Json.below	Effect4.Data.Json	SCHEMA-PG-PAYLOAD/JSON
owned-declaration	Effect4.Json.below_1	Effect4.Data.Json	SCHEMA-PG-PAYLOAD/JSON
owned-declaration	Effect4.Json.below_2	Effect4.Data.Json	SCHEMA-PG-PAYLOAD/JSON
owned-declaration	Effect4.Json.below_3	Effect4.Data.Json	SCHEMA-PG-PAYLOAD/JSON
owned-declaration	Effect4.Json.bool	Effect4.Data.Json	SCHEMA-PG-PAYLOAD/JSON
owned-declaration	Effect4.Json.bool.elim	Effect4.Data.Json	SCHEMA-PG-PAYLOAD/JSON
owned-declaration	Effect4.Json.bool.inj	Effect4.Data.Json	SCHEMA-PG-PAYLOAD/JSON
owned-declaration	Effect4.Json.bool.injEq	Effect4.Data.Json	SCHEMA-PG-PAYLOAD/JSON
owned-declaration	Effect4.Json.bool.noConfusion	Effect4.Data.Json	SCHEMA-PG-PAYLOAD/JSON
owned-declaration	Effect4.Json.bool.sizeOf_spec	Effect4.Data.Json	SCHEMA-PG-PAYLOAD/JSON
owned-declaration	Effect4.Json.brecOn	Effect4.Data.Json	SCHEMA-PG-PAYLOAD/JSON
owned-declaration	Effect4.Json.brecOn.eq	Effect4.Data.Json	SCHEMA-PG-PAYLOAD/JSON
owned-declaration	Effect4.Json.brecOn.go	Effect4.Data.Json	SCHEMA-PG-PAYLOAD/JSON
owned-declaration	Effect4.Json.brecOn_1	Effect4.Data.Json	SCHEMA-PG-PAYLOAD/JSON
owned-declaration	Effect4.Json.brecOn_1.eq	Effect4.Data.Json	SCHEMA-PG-PAYLOAD/JSON
owned-declaration	Effect4.Json.brecOn_1.go	Effect4.Data.Json	SCHEMA-PG-PAYLOAD/JSON
owned-declaration	Effect4.Json.brecOn_2	Effect4.Data.Json	SCHEMA-PG-PAYLOAD/JSON
owned-declaration	Effect4.Json.brecOn_2.eq	Effect4.Data.Json	SCHEMA-PG-PAYLOAD/JSON
owned-declaration	Effect4.Json.brecOn_2.go	Effect4.Data.Json	SCHEMA-PG-PAYLOAD/JSON
owned-declaration	Effect4.Json.brecOn_3	Effect4.Data.Json	SCHEMA-PG-PAYLOAD/JSON
owned-declaration	Effect4.Json.brecOn_3.eq	Effect4.Data.Json	SCHEMA-PG-PAYLOAD/JSON
owned-declaration	Effect4.Json.brecOn_3.go	Effect4.Data.Json	SCHEMA-PG-PAYLOAD/JSON
owned-declaration	Effect4.Json.casesOn	Effect4.Data.Json	SCHEMA-PG-PAYLOAD/JSON
owned-declaration	Effect4.Json.cases_census	Effect4.Data.Json	SCHEMA-PG-PAYLOAD/JSON
owned-declaration	Effect4.Json.ctorElim	Effect4.Data.Json	SCHEMA-PG-PAYLOAD/JSON
owned-declaration	Effect4.Json.ctorElimType	Effect4.Data.Json	SCHEMA-PG-PAYLOAD/JSON
owned-declaration	Effect4.Json.ctorIdx	Effect4.Data.Json	SCHEMA-PG-PAYLOAD/JSON
owned-declaration	Effect4.Json.instDecidableEqJson	Effect4.Data.Json	SCHEMA-PG-PAYLOAD/JSON
owned-declaration	Effect4.Json.noConfusion	Effect4.Data.Json	SCHEMA-PG-PAYLOAD/JSON
owned-declaration	Effect4.Json.noConfusionType	Effect4.Data.Json	SCHEMA-PG-PAYLOAD/JSON
owned-declaration	Effect4.Json.not_numbersFinite_nan	Effect4.Data.Json	SCHEMA-PG-FIELD-ADMISSION/JSON-FINITENESS
owned-declaration	Effect4.Json.not_numbersFinite_nested_nan	Effect4.Data.Json	SCHEMA-PG-FIELD-ADMISSION/JSON-FINITENESS
owned-declaration	Effect4.Json.null	Effect4.Data.Json	SCHEMA-PG-PAYLOAD/JSON
owned-declaration	Effect4.Json.null.elim	Effect4.Data.Json	SCHEMA-PG-PAYLOAD/JSON
owned-declaration	Effect4.Json.null.sizeOf_spec	Effect4.Data.Json	SCHEMA-PG-PAYLOAD/JSON
owned-declaration	Effect4.Json.number	Effect4.Data.Json	SCHEMA-PG-PAYLOAD/JSON
owned-declaration	Effect4.Json.number.elim	Effect4.Data.Json	SCHEMA-PG-PAYLOAD/JSON
owned-declaration	Effect4.Json.number.inj	Effect4.Data.Json	SCHEMA-PG-PAYLOAD/JSON
owned-declaration	Effect4.Json.number.injEq	Effect4.Data.Json	SCHEMA-PG-PAYLOAD/JSON
owned-declaration	Effect4.Json.number.noConfusion	Effect4.Data.Json	SCHEMA-PG-PAYLOAD/JSON
owned-declaration	Effect4.Json.number.sizeOf_spec	Effect4.Data.Json	SCHEMA-PG-PAYLOAD/JSON
owned-declaration	Effect4.Json.numbersFinite	Effect4.Data.Json	SCHEMA-PG-FIELD-ADMISSION/JSON-FINITENESS
owned-declaration	Effect4.Json.numbersFinite.match_1	Effect4.Data.Json	SCHEMA-PG-FIELD-ADMISSION/JSON-FINITENESS
owned-declaration	Effect4.Json.numbersFinite_arr_iff	Effect4.Data.Json	SCHEMA-PG-FIELD-ADMISSION/JSON-FINITENESS
owned-declaration	Effect4.Json.numbersFinite_bool	Effect4.Data.Json	SCHEMA-PG-FIELD-ADMISSION/JSON-FINITENESS
owned-declaration	Effect4.Json.numbersFinite_iff	Effect4.Data.Json	SCHEMA-PG-FIELD-ADMISSION/JSON-FINITENESS
owned-declaration	Effect4.Json.numbersFinite_nested	Effect4.Data.Json	SCHEMA-PG-FIELD-ADMISSION/JSON-FINITENESS
owned-declaration	Effect4.Json.numbersFinite_null	Effect4.Data.Json	SCHEMA-PG-FIELD-ADMISSION/JSON-FINITENESS
owned-declaration	Effect4.Json.numbersFinite_number_iff	Effect4.Data.Json	SCHEMA-PG-FIELD-ADMISSION/JSON-FINITENESS
owned-declaration	Effect4.Json.numbersFinite_obj_iff	Effect4.Data.Json	SCHEMA-PG-FIELD-ADMISSION/JSON-FINITENESS
owned-declaration	Effect4.Json.numbersFinite_str	Effect4.Data.Json	SCHEMA-PG-FIELD-ADMISSION/JSON-FINITENESS
owned-declaration	Effect4.Json.numbersFinite_zero	Effect4.Data.Json	SCHEMA-PG-FIELD-ADMISSION/JSON-FINITENESS
owned-declaration	Effect4.Json.obj	Effect4.Data.Json	SCHEMA-PG-PAYLOAD/JSON
owned-declaration	Effect4.Json.obj.elim	Effect4.Data.Json	SCHEMA-PG-PAYLOAD/JSON
owned-declaration	Effect4.Json.obj.inj	Effect4.Data.Json	SCHEMA-PG-PAYLOAD/JSON
owned-declaration	Effect4.Json.obj.injEq	Effect4.Data.Json	SCHEMA-PG-PAYLOAD/JSON
owned-declaration	Effect4.Json.obj.noConfusion	Effect4.Data.Json	SCHEMA-PG-PAYLOAD/JSON
owned-declaration	Effect4.Json.obj.sizeOf_spec	Effect4.Data.Json	SCHEMA-PG-PAYLOAD/JSON
owned-declaration	Effect4.Json.rec	Effect4.Data.Json	SCHEMA-PG-PAYLOAD/JSON
owned-declaration	Effect4.Json.recOn	Effect4.Data.Json	SCHEMA-PG-PAYLOAD/JSON
owned-declaration	Effect4.Json.rec_1	Effect4.Data.Json	SCHEMA-PG-PAYLOAD/JSON
owned-declaration	Effect4.Json.rec_2	Effect4.Data.Json	SCHEMA-PG-PAYLOAD/JSON
owned-declaration	Effect4.Json.rec_3	Effect4.Data.Json	SCHEMA-PG-PAYLOAD/JSON
owned-declaration	Effect4.Json.str	Effect4.Data.Json	SCHEMA-PG-PAYLOAD/JSON
owned-declaration	Effect4.Json.str.elim	Effect4.Data.Json	SCHEMA-PG-PAYLOAD/JSON
owned-declaration	Effect4.Json.str.inj	Effect4.Data.Json	SCHEMA-PG-PAYLOAD/JSON
owned-declaration	Effect4.Json.str.injEq	Effect4.Data.Json	SCHEMA-PG-PAYLOAD/JSON
owned-declaration	Effect4.Json.str.noConfusion	Effect4.Data.Json	SCHEMA-PG-PAYLOAD/JSON
owned-declaration	Effect4.Json.str.sizeOf_spec	Effect4.Data.Json	SCHEMA-PG-PAYLOAD/JSON
owned-declaration	Effect4.instDecidableEqFloat64	Effect4.Data.Json	SCHEMA-PG-PAYLOAD/JSON
owned-declaration	Effect4.instDecidableEqFloat64.decEq	Effect4.Data.Json	SCHEMA-PG-PAYLOAD/JSON
owned-declaration	Effect4.instDecidableEqFloat64.decEq.match_1	Effect4.Data.Json	SCHEMA-PG-PAYLOAD/JSON
owned-declaration	Effect4.instInhabitedFloat64	Effect4.Data.Json	SCHEMA-PG-PAYLOAD/JSON
owned-declaration	Effect4.instInhabitedFloat64.default	Effect4.Data.Json	SCHEMA-PG-PAYLOAD/JSON
owned-declaration	Effect4.instReprFloat64	Effect4.Data.Json	SCHEMA-PG-PAYLOAD/JSON
owned-declaration	Effect4.instReprFloat64.repr	Effect4.Data.Json	SCHEMA-PG-PAYLOAD/JSON
theorem	Effect4.Float64.isFinite.eq_1	Effect4.Data.Json	SCHEMA-LEAF-FLOAT64-BITS
axiom	Effect4.Float64.isFinite.eq_1	none	SCHEMA-AX-STRUCTURAL
theorem	Effect4.Float64.isFinite_nan	Effect4.Data.Json	SCHEMA-LEAF-FLOAT64-BITS
axiom	Effect4.Float64.isFinite_nan	none	SCHEMA-AX-STRUCTURAL
theorem	Effect4.Float64.isFinite_negInfinity	Effect4.Data.Json	SCHEMA-LEAF-FLOAT64-BITS
axiom	Effect4.Float64.isFinite_negInfinity	none	SCHEMA-AX-STRUCTURAL
theorem	Effect4.Float64.isFinite_negZero	Effect4.Data.Json	SCHEMA-LEAF-FLOAT64-BITS
axiom	Effect4.Float64.isFinite_negZero	none	SCHEMA-AX-STRUCTURAL
theorem	Effect4.Float64.isFinite_ofBits_iff	Effect4.Data.Json	SCHEMA-LEAF-FLOAT64-BITS
axiom	Effect4.Float64.isFinite_ofBits_iff	Quot.sound,propext	SCHEMA-AX-STRUCTURAL
theorem	Effect4.Float64.isFinite_posInfinity	Effect4.Data.Json	SCHEMA-LEAF-FLOAT64-BITS
axiom	Effect4.Float64.isFinite_posInfinity	none	SCHEMA-AX-STRUCTURAL
theorem	Effect4.Float64.isFinite_zero	Effect4.Data.Json	SCHEMA-LEAF-FLOAT64-BITS
axiom	Effect4.Float64.isFinite_zero	none	SCHEMA-AX-STRUCTURAL
theorem	Effect4.Float64.mk.inj	Effect4.Data.Json	SCHEMA-LEAF-FLOAT64-BITS
axiom	Effect4.Float64.mk.inj	none	SCHEMA-AX-STRUCTURAL
theorem	Effect4.Float64.mk.injEq	Effect4.Data.Json	SCHEMA-LEAF-FLOAT64-BITS
axiom	Effect4.Float64.mk.injEq	propext	SCHEMA-AX-STRUCTURAL
theorem	Effect4.Float64.mk.sizeOf_spec	Effect4.Data.Json	SCHEMA-LEAF-FLOAT64-BITS
axiom	Effect4.Float64.mk.sizeOf_spec	none	SCHEMA-AX-STRUCTURAL
theorem	Effect4.Float64.negZero_ne_zero	Effect4.Data.Json	SCHEMA-LEAF-FLOAT64-BITS
axiom	Effect4.Float64.negZero_ne_zero	none	SCHEMA-AX-STRUCTURAL
theorem	Effect4.Float64.not_isFinite_ofBits_iff	Effect4.Data.Json	SCHEMA-LEAF-FLOAT64-BITS
axiom	Effect4.Float64.not_isFinite_ofBits_iff	Quot.sound,propext	SCHEMA-AX-STRUCTURAL
theorem	Effect4.Float64.ofBits.eq_1	Effect4.Data.Json	SCHEMA-LEAF-FLOAT64-BITS
axiom	Effect4.Float64.ofBits.eq_1	none	SCHEMA-AX-STRUCTURAL
theorem	Effect4.Float64.ofBits_toBits	Effect4.Data.Json	SCHEMA-LEAF-FLOAT64-BITS
axiom	Effect4.Float64.ofBits_toBits	none	SCHEMA-AX-STRUCTURAL
theorem	Effect4.Float64.toBits_nan	Effect4.Data.Json	SCHEMA-LEAF-FLOAT64-BITS
axiom	Effect4.Float64.toBits_nan	none	SCHEMA-AX-STRUCTURAL
theorem	Effect4.Float64.toBits_negInfinity	Effect4.Data.Json	SCHEMA-LEAF-FLOAT64-BITS
axiom	Effect4.Float64.toBits_negInfinity	none	SCHEMA-AX-STRUCTURAL
theorem	Effect4.Float64.toBits_negZero	Effect4.Data.Json	SCHEMA-LEAF-FLOAT64-BITS
axiom	Effect4.Float64.toBits_negZero	none	SCHEMA-AX-STRUCTURAL
theorem	Effect4.Float64.toBits_ofBits	Effect4.Data.Json	SCHEMA-LEAF-FLOAT64-BITS
axiom	Effect4.Float64.toBits_ofBits	none	SCHEMA-AX-STRUCTURAL
theorem	Effect4.Float64.toBits_posInfinity	Effect4.Data.Json	SCHEMA-LEAF-FLOAT64-BITS
axiom	Effect4.Float64.toBits_posInfinity	none	SCHEMA-AX-STRUCTURAL
theorem	Effect4.Float64.toBits_zero	Effect4.Data.Json	SCHEMA-LEAF-FLOAT64-BITS
axiom	Effect4.Float64.toBits_zero	none	SCHEMA-AX-STRUCTURAL
theorem	Effect4.Json.arr.inj	Effect4.Data.Json	SCHEMA-PG-PAYLOAD/JSON
axiom	Effect4.Json.arr.inj	none	SCHEMA-AX-STRUCTURAL
theorem	Effect4.Json.arr.injEq	Effect4.Data.Json	SCHEMA-PG-PAYLOAD/JSON
axiom	Effect4.Json.arr.injEq	propext	SCHEMA-AX-STRUCTURAL
theorem	Effect4.Json.arr.sizeOf_spec	Effect4.Data.Json	SCHEMA-PG-PAYLOAD/JSON
axiom	Effect4.Json.arr.sizeOf_spec	none	SCHEMA-AX-STRUCTURAL
theorem	Effect4.Json.bool.inj	Effect4.Data.Json	SCHEMA-PG-PAYLOAD/JSON
axiom	Effect4.Json.bool.inj	none	SCHEMA-AX-STRUCTURAL
theorem	Effect4.Json.bool.injEq	Effect4.Data.Json	SCHEMA-PG-PAYLOAD/JSON
axiom	Effect4.Json.bool.injEq	propext	SCHEMA-AX-STRUCTURAL
theorem	Effect4.Json.bool.sizeOf_spec	Effect4.Data.Json	SCHEMA-PG-PAYLOAD/JSON
axiom	Effect4.Json.bool.sizeOf_spec	none	SCHEMA-AX-STRUCTURAL
theorem	Effect4.Json.brecOn.eq	Effect4.Data.Json	SCHEMA-PG-PAYLOAD/JSON
axiom	Effect4.Json.brecOn.eq	none	SCHEMA-AX-STRUCTURAL
theorem	Effect4.Json.brecOn_1.eq	Effect4.Data.Json	SCHEMA-PG-PAYLOAD/JSON
axiom	Effect4.Json.brecOn_1.eq	none	SCHEMA-AX-STRUCTURAL
theorem	Effect4.Json.brecOn_2.eq	Effect4.Data.Json	SCHEMA-PG-PAYLOAD/JSON
axiom	Effect4.Json.brecOn_2.eq	none	SCHEMA-AX-STRUCTURAL
theorem	Effect4.Json.brecOn_3.eq	Effect4.Data.Json	SCHEMA-PG-PAYLOAD/JSON
axiom	Effect4.Json.brecOn_3.eq	none	SCHEMA-AX-STRUCTURAL
theorem	Effect4.Json.cases_census	Effect4.Data.Json	SCHEMA-PG-PAYLOAD/JSON
axiom	Effect4.Json.cases_census	none	SCHEMA-AX-STRUCTURAL
theorem	Effect4.Json.not_numbersFinite_nan	Effect4.Data.Json	SCHEMA-PG-FIELD-ADMISSION/JSON-FINITENESS
axiom	Effect4.Json.not_numbersFinite_nan	propext	SCHEMA-AX-STRUCTURAL
theorem	Effect4.Json.not_numbersFinite_nested_nan	Effect4.Data.Json	SCHEMA-PG-FIELD-ADMISSION/JSON-FINITENESS
axiom	Effect4.Json.not_numbersFinite_nested_nan	propext	SCHEMA-AX-STRUCTURAL
theorem	Effect4.Json.null.sizeOf_spec	Effect4.Data.Json	SCHEMA-PG-PAYLOAD/JSON
axiom	Effect4.Json.null.sizeOf_spec	none	SCHEMA-AX-STRUCTURAL
theorem	Effect4.Json.number.inj	Effect4.Data.Json	SCHEMA-PG-PAYLOAD/JSON
axiom	Effect4.Json.number.inj	none	SCHEMA-AX-STRUCTURAL
theorem	Effect4.Json.number.injEq	Effect4.Data.Json	SCHEMA-PG-PAYLOAD/JSON
axiom	Effect4.Json.number.injEq	propext	SCHEMA-AX-STRUCTURAL
theorem	Effect4.Json.number.sizeOf_spec	Effect4.Data.Json	SCHEMA-PG-PAYLOAD/JSON
axiom	Effect4.Json.number.sizeOf_spec	none	SCHEMA-AX-STRUCTURAL
theorem	Effect4.Json.numbersFinite_arr_iff	Effect4.Data.Json	SCHEMA-PG-FIELD-ADMISSION/JSON-FINITENESS
axiom	Effect4.Json.numbersFinite_arr_iff	none	SCHEMA-AX-STRUCTURAL
theorem	Effect4.Json.numbersFinite_bool	Effect4.Data.Json	SCHEMA-PG-FIELD-ADMISSION/JSON-FINITENESS
axiom	Effect4.Json.numbersFinite_bool	none	SCHEMA-AX-STRUCTURAL
theorem	Effect4.Json.numbersFinite_iff	Effect4.Data.Json	SCHEMA-PG-FIELD-ADMISSION/JSON-FINITENESS
axiom	Effect4.Json.numbersFinite_iff	propext	SCHEMA-AX-STRUCTURAL
theorem	Effect4.Json.numbersFinite_nested	Effect4.Data.Json	SCHEMA-PG-FIELD-ADMISSION/JSON-FINITENESS
axiom	Effect4.Json.numbersFinite_nested	propext	SCHEMA-AX-STRUCTURAL
theorem	Effect4.Json.numbersFinite_null	Effect4.Data.Json	SCHEMA-PG-FIELD-ADMISSION/JSON-FINITENESS
axiom	Effect4.Json.numbersFinite_null	none	SCHEMA-AX-STRUCTURAL
theorem	Effect4.Json.numbersFinite_number_iff	Effect4.Data.Json	SCHEMA-PG-FIELD-ADMISSION/JSON-FINITENESS
axiom	Effect4.Json.numbersFinite_number_iff	none	SCHEMA-AX-STRUCTURAL
theorem	Effect4.Json.numbersFinite_obj_iff	Effect4.Data.Json	SCHEMA-PG-FIELD-ADMISSION/JSON-FINITENESS
axiom	Effect4.Json.numbersFinite_obj_iff	none	SCHEMA-AX-STRUCTURAL
theorem	Effect4.Json.numbersFinite_str	Effect4.Data.Json	SCHEMA-PG-FIELD-ADMISSION/JSON-FINITENESS
axiom	Effect4.Json.numbersFinite_str	none	SCHEMA-AX-STRUCTURAL
theorem	Effect4.Json.numbersFinite_zero	Effect4.Data.Json	SCHEMA-PG-FIELD-ADMISSION/JSON-FINITENESS
axiom	Effect4.Json.numbersFinite_zero	none	SCHEMA-AX-STRUCTURAL
theorem	Effect4.Json.obj.inj	Effect4.Data.Json	SCHEMA-PG-PAYLOAD/JSON
axiom	Effect4.Json.obj.inj	none	SCHEMA-AX-STRUCTURAL
theorem	Effect4.Json.obj.injEq	Effect4.Data.Json	SCHEMA-PG-PAYLOAD/JSON
axiom	Effect4.Json.obj.injEq	propext	SCHEMA-AX-STRUCTURAL
theorem	Effect4.Json.obj.sizeOf_spec	Effect4.Data.Json	SCHEMA-PG-PAYLOAD/JSON
axiom	Effect4.Json.obj.sizeOf_spec	none	SCHEMA-AX-STRUCTURAL
theorem	Effect4.Json.str.inj	Effect4.Data.Json	SCHEMA-PG-PAYLOAD/JSON
axiom	Effect4.Json.str.inj	none	SCHEMA-AX-STRUCTURAL
theorem	Effect4.Json.str.injEq	Effect4.Data.Json	SCHEMA-PG-PAYLOAD/JSON
axiom	Effect4.Json.str.injEq	propext	SCHEMA-AX-STRUCTURAL
theorem	Effect4.Json.str.sizeOf_spec	Effect4.Data.Json	SCHEMA-PG-PAYLOAD/JSON
axiom	Effect4.Json.str.sizeOf_spec	none	SCHEMA-AX-STRUCTURAL
owned-declaration	Effect4.AnnotationEntry	Effect4.Schema.Payload	SCHEMA-LEAF-PAYLOAD-SCALARS
owned-declaration	Effect4.AnnotationEntry.casesOn	Effect4.Schema.Payload	SCHEMA-LEAF-PAYLOAD-SCALARS
owned-declaration	Effect4.AnnotationEntry.ctorIdx	Effect4.Schema.Payload	SCHEMA-LEAF-PAYLOAD-SCALARS
owned-declaration	Effect4.AnnotationEntry.key	Effect4.Schema.Payload	SCHEMA-LEAF-PAYLOAD-SCALARS
owned-declaration	Effect4.AnnotationEntry.mk	Effect4.Schema.Payload	SCHEMA-LEAF-PAYLOAD-SCALARS
owned-declaration	Effect4.AnnotationEntry.mk.inj	Effect4.Schema.Payload	SCHEMA-LEAF-PAYLOAD-SCALARS
owned-declaration	Effect4.AnnotationEntry.mk.injEq	Effect4.Schema.Payload	SCHEMA-LEAF-PAYLOAD-SCALARS
owned-declaration	Effect4.AnnotationEntry.mk.noConfusion	Effect4.Schema.Payload	SCHEMA-LEAF-PAYLOAD-SCALARS
owned-declaration	Effect4.AnnotationEntry.mk.sizeOf_spec	Effect4.Schema.Payload	SCHEMA-LEAF-PAYLOAD-SCALARS
owned-declaration	Effect4.AnnotationEntry.noConfusion	Effect4.Schema.Payload	SCHEMA-LEAF-PAYLOAD-SCALARS
owned-declaration	Effect4.AnnotationEntry.noConfusionType	Effect4.Schema.Payload	SCHEMA-LEAF-PAYLOAD-SCALARS
owned-declaration	Effect4.AnnotationEntry.payload	Effect4.Schema.Payload	SCHEMA-LEAF-PAYLOAD-SCALARS
owned-declaration	Effect4.AnnotationEntry.rec	Effect4.Schema.Payload	SCHEMA-LEAF-PAYLOAD-SCALARS
owned-declaration	Effect4.AnnotationEntry.recOn	Effect4.Schema.Payload	SCHEMA-LEAF-PAYLOAD-SCALARS
owned-declaration	Effect4.Annotations	Effect4.Schema.Payload	SCHEMA-LEAF-PAYLOAD-SCALARS
owned-declaration	Effect4.CheckRepresentationAnnotationOf	Effect4.Schema.Payload	SCHEMA-LEAF-PAYLOAD-RECORDS
owned-declaration	Effect4.CheckRepresentationAnnotationOf.casesOn	Effect4.Schema.Payload	SCHEMA-LEAF-PAYLOAD-RECORDS
owned-declaration	Effect4.CheckRepresentationAnnotationOf.ctorIdx	Effect4.Schema.Payload	SCHEMA-LEAF-PAYLOAD-RECORDS
owned-declaration	Effect4.CheckRepresentationAnnotationOf.id	Effect4.Schema.Payload	SCHEMA-LEAF-PAYLOAD-RECORDS
owned-declaration	Effect4.CheckRepresentationAnnotationOf.mk	Effect4.Schema.Payload	SCHEMA-LEAF-PAYLOAD-RECORDS
owned-declaration	Effect4.CheckRepresentationAnnotationOf.mk.inj	Effect4.Schema.Payload	SCHEMA-LEAF-PAYLOAD-RECORDS
owned-declaration	Effect4.CheckRepresentationAnnotationOf.mk.injEq	Effect4.Schema.Payload	SCHEMA-LEAF-PAYLOAD-RECORDS
owned-declaration	Effect4.CheckRepresentationAnnotationOf.mk.noConfusion	Effect4.Schema.Payload	SCHEMA-LEAF-PAYLOAD-RECORDS
owned-declaration	Effect4.CheckRepresentationAnnotationOf.mk.sizeOf_spec	Effect4.Schema.Payload	SCHEMA-LEAF-PAYLOAD-RECORDS
owned-declaration	Effect4.CheckRepresentationAnnotationOf.noConfusion	Effect4.Schema.Payload	SCHEMA-LEAF-PAYLOAD-RECORDS
owned-declaration	Effect4.CheckRepresentationAnnotationOf.noConfusionType	Effect4.Schema.Payload	SCHEMA-LEAF-PAYLOAD-RECORDS
owned-declaration	Effect4.CheckRepresentationAnnotationOf.payload	Effect4.Schema.Payload	SCHEMA-LEAF-PAYLOAD-RECORDS
owned-declaration	Effect4.CheckRepresentationAnnotationOf.rec	Effect4.Schema.Payload	SCHEMA-LEAF-PAYLOAD-RECORDS
owned-declaration	Effect4.CheckRepresentationAnnotationOf.recOn	Effect4.Schema.Payload	SCHEMA-LEAF-PAYLOAD-RECORDS
owned-declaration	Effect4.CheckRepresentationAnnotationOf.schemas	Effect4.Schema.Payload	SCHEMA-LEAF-PAYLOAD-RECORDS
owned-declaration	Effect4.ElementOf	Effect4.Schema.Payload	SCHEMA-LEAF-PAYLOAD-RECORDS
owned-declaration	Effect4.ElementOf.annotations	Effect4.Schema.Payload	SCHEMA-LEAF-PAYLOAD-RECORDS
owned-declaration	Effect4.ElementOf.casesOn	Effect4.Schema.Payload	SCHEMA-LEAF-PAYLOAD-RECORDS
owned-declaration	Effect4.ElementOf.ctorIdx	Effect4.Schema.Payload	SCHEMA-LEAF-PAYLOAD-RECORDS
owned-declaration	Effect4.ElementOf.isOptional	Effect4.Schema.Payload	SCHEMA-LEAF-PAYLOAD-RECORDS
owned-declaration	Effect4.ElementOf.mk	Effect4.Schema.Payload	SCHEMA-LEAF-PAYLOAD-RECORDS
owned-declaration	Effect4.ElementOf.mk.inj	Effect4.Schema.Payload	SCHEMA-LEAF-PAYLOAD-RECORDS
owned-declaration	Effect4.ElementOf.mk.injEq	Effect4.Schema.Payload	SCHEMA-LEAF-PAYLOAD-RECORDS
owned-declaration	Effect4.ElementOf.mk.noConfusion	Effect4.Schema.Payload	SCHEMA-LEAF-PAYLOAD-RECORDS
owned-declaration	Effect4.ElementOf.mk.sizeOf_spec	Effect4.Schema.Payload	SCHEMA-LEAF-PAYLOAD-RECORDS
owned-declaration	Effect4.ElementOf.noConfusion	Effect4.Schema.Payload	SCHEMA-LEAF-PAYLOAD-RECORDS
owned-declaration	Effect4.ElementOf.noConfusionType	Effect4.Schema.Payload	SCHEMA-LEAF-PAYLOAD-RECORDS
owned-declaration	Effect4.ElementOf.rec	Effect4.Schema.Payload	SCHEMA-LEAF-PAYLOAD-RECORDS
owned-declaration	Effect4.ElementOf.recOn	Effect4.Schema.Payload	SCHEMA-LEAF-PAYLOAD-RECORDS
owned-declaration	Effect4.ElementOf.type	Effect4.Schema.Payload	SCHEMA-LEAF-PAYLOAD-RECORDS
owned-declaration	Effect4.EnumEntry	Effect4.Schema.Payload	SCHEMA-LEAF-PAYLOAD-SCALARS
owned-declaration	Effect4.EnumEntry.casesOn	Effect4.Schema.Payload	SCHEMA-LEAF-PAYLOAD-SCALARS
owned-declaration	Effect4.EnumEntry.ctorIdx	Effect4.Schema.Payload	SCHEMA-LEAF-PAYLOAD-SCALARS
owned-declaration	Effect4.EnumEntry.mk	Effect4.Schema.Payload	SCHEMA-LEAF-PAYLOAD-SCALARS
owned-declaration	Effect4.EnumEntry.mk.inj	Effect4.Schema.Payload	SCHEMA-LEAF-PAYLOAD-SCALARS
owned-declaration	Effect4.EnumEntry.mk.injEq	Effect4.Schema.Payload	SCHEMA-LEAF-PAYLOAD-SCALARS
owned-declaration	Effect4.EnumEntry.mk.noConfusion	Effect4.Schema.Payload	SCHEMA-LEAF-PAYLOAD-SCALARS
owned-declaration	Effect4.EnumEntry.mk.sizeOf_spec	Effect4.Schema.Payload	SCHEMA-LEAF-PAYLOAD-SCALARS
owned-declaration	Effect4.EnumEntry.name	Effect4.Schema.Payload	SCHEMA-LEAF-PAYLOAD-SCALARS
owned-declaration	Effect4.EnumEntry.noConfusion	Effect4.Schema.Payload	SCHEMA-LEAF-PAYLOAD-SCALARS
owned-declaration	Effect4.EnumEntry.noConfusionType	Effect4.Schema.Payload	SCHEMA-LEAF-PAYLOAD-SCALARS
owned-declaration	Effect4.EnumEntry.rec	Effect4.Schema.Payload	SCHEMA-LEAF-PAYLOAD-SCALARS
owned-declaration	Effect4.EnumEntry.recOn	Effect4.Schema.Payload	SCHEMA-LEAF-PAYLOAD-SCALARS
owned-declaration	Effect4.EnumEntry.value	Effect4.Schema.Payload	SCHEMA-LEAF-PAYLOAD-SCALARS
owned-declaration	Effect4.EnumValue	Effect4.Schema.Payload	SCHEMA-LEAF-PAYLOAD-SCALARS
owned-declaration	Effect4.EnumValue.casesOn	Effect4.Schema.Payload	SCHEMA-LEAF-PAYLOAD-SCALARS
owned-declaration	Effect4.EnumValue.ctorElim	Effect4.Schema.Payload	SCHEMA-LEAF-PAYLOAD-SCALARS
owned-declaration	Effect4.EnumValue.ctorElimType	Effect4.Schema.Payload	SCHEMA-LEAF-PAYLOAD-SCALARS
owned-declaration	Effect4.EnumValue.ctorIdx	Effect4.Schema.Payload	SCHEMA-LEAF-PAYLOAD-SCALARS
owned-declaration	Effect4.EnumValue.noConfusion	Effect4.Schema.Payload	SCHEMA-LEAF-PAYLOAD-SCALARS
owned-declaration	Effect4.EnumValue.noConfusionType	Effect4.Schema.Payload	SCHEMA-LEAF-PAYLOAD-SCALARS
owned-declaration	Effect4.EnumValue.number	Effect4.Schema.Payload	SCHEMA-LEAF-PAYLOAD-SCALARS
owned-declaration	Effect4.EnumValue.number.elim	Effect4.Schema.Payload	SCHEMA-LEAF-PAYLOAD-SCALARS
owned-declaration	Effect4.EnumValue.number.inj	Effect4.Schema.Payload	SCHEMA-LEAF-PAYLOAD-SCALARS
owned-declaration	Effect4.EnumValue.number.injEq	Effect4.Schema.Payload	SCHEMA-LEAF-PAYLOAD-SCALARS
owned-declaration	Effect4.EnumValue.number.noConfusion	Effect4.Schema.Payload	SCHEMA-LEAF-PAYLOAD-SCALARS
owned-declaration	Effect4.EnumValue.number.sizeOf_spec	Effect4.Schema.Payload	SCHEMA-LEAF-PAYLOAD-SCALARS
owned-declaration	Effect4.EnumValue.rec	Effect4.Schema.Payload	SCHEMA-LEAF-PAYLOAD-SCALARS
owned-declaration	Effect4.EnumValue.recOn	Effect4.Schema.Payload	SCHEMA-LEAF-PAYLOAD-SCALARS
owned-declaration	Effect4.EnumValue.string	Effect4.Schema.Payload	SCHEMA-LEAF-PAYLOAD-SCALARS
owned-declaration	Effect4.EnumValue.string.elim	Effect4.Schema.Payload	SCHEMA-LEAF-PAYLOAD-SCALARS
owned-declaration	Effect4.EnumValue.string.inj	Effect4.Schema.Payload	SCHEMA-LEAF-PAYLOAD-SCALARS
owned-declaration	Effect4.EnumValue.string.injEq	Effect4.Schema.Payload	SCHEMA-LEAF-PAYLOAD-SCALARS
owned-declaration	Effect4.EnumValue.string.noConfusion	Effect4.Schema.Payload	SCHEMA-LEAF-PAYLOAD-SCALARS
owned-declaration	Effect4.EnumValue.string.sizeOf_spec	Effect4.Schema.Payload	SCHEMA-LEAF-PAYLOAD-SCALARS
owned-declaration	Effect4.GlobalSymbolKey	Effect4.Schema.Payload	SCHEMA-LEAF-PAYLOAD-SCALARS
owned-declaration	Effect4.GlobalSymbolKey.casesOn	Effect4.Schema.Payload	SCHEMA-LEAF-PAYLOAD-SCALARS
owned-declaration	Effect4.GlobalSymbolKey.ctorIdx	Effect4.Schema.Payload	SCHEMA-LEAF-PAYLOAD-SCALARS
owned-declaration	Effect4.GlobalSymbolKey.key	Effect4.Schema.Payload	SCHEMA-LEAF-PAYLOAD-SCALARS
owned-declaration	Effect4.GlobalSymbolKey.mk	Effect4.Schema.Payload	SCHEMA-LEAF-PAYLOAD-SCALARS
owned-declaration	Effect4.GlobalSymbolKey.mk.inj	Effect4.Schema.Payload	SCHEMA-LEAF-PAYLOAD-SCALARS
owned-declaration	Effect4.GlobalSymbolKey.mk.injEq	Effect4.Schema.Payload	SCHEMA-LEAF-PAYLOAD-SCALARS
owned-declaration	Effect4.GlobalSymbolKey.mk.noConfusion	Effect4.Schema.Payload	SCHEMA-LEAF-PAYLOAD-SCALARS
owned-declaration	Effect4.GlobalSymbolKey.mk.sizeOf_spec	Effect4.Schema.Payload	SCHEMA-LEAF-PAYLOAD-SCALARS
owned-declaration	Effect4.GlobalSymbolKey.noConfusion	Effect4.Schema.Payload	SCHEMA-LEAF-PAYLOAD-SCALARS
owned-declaration	Effect4.GlobalSymbolKey.noConfusionType	Effect4.Schema.Payload	SCHEMA-LEAF-PAYLOAD-SCALARS
owned-declaration	Effect4.GlobalSymbolKey.rec	Effect4.Schema.Payload	SCHEMA-LEAF-PAYLOAD-SCALARS
owned-declaration	Effect4.GlobalSymbolKey.recOn	Effect4.Schema.Payload	SCHEMA-LEAF-PAYLOAD-SCALARS
owned-declaration	Effect4.IndexSignatureOf	Effect4.Schema.Payload	SCHEMA-LEAF-PAYLOAD-RECORDS
owned-declaration	Effect4.IndexSignatureOf.casesOn	Effect4.Schema.Payload	SCHEMA-LEAF-PAYLOAD-RECORDS
owned-declaration	Effect4.IndexSignatureOf.ctorIdx	Effect4.Schema.Payload	SCHEMA-LEAF-PAYLOAD-RECORDS
owned-declaration	Effect4.IndexSignatureOf.mk	Effect4.Schema.Payload	SCHEMA-LEAF-PAYLOAD-RECORDS
owned-declaration	Effect4.IndexSignatureOf.mk.inj	Effect4.Schema.Payload	SCHEMA-LEAF-PAYLOAD-RECORDS
owned-declaration	Effect4.IndexSignatureOf.mk.injEq	Effect4.Schema.Payload	SCHEMA-LEAF-PAYLOAD-RECORDS
owned-declaration	Effect4.IndexSignatureOf.mk.noConfusion	Effect4.Schema.Payload	SCHEMA-LEAF-PAYLOAD-RECORDS
owned-declaration	Effect4.IndexSignatureOf.mk.sizeOf_spec	Effect4.Schema.Payload	SCHEMA-LEAF-PAYLOAD-RECORDS
owned-declaration	Effect4.IndexSignatureOf.noConfusion	Effect4.Schema.Payload	SCHEMA-LEAF-PAYLOAD-RECORDS
owned-declaration	Effect4.IndexSignatureOf.noConfusionType	Effect4.Schema.Payload	SCHEMA-LEAF-PAYLOAD-RECORDS
owned-declaration	Effect4.IndexSignatureOf.parameter	Effect4.Schema.Payload	SCHEMA-LEAF-PAYLOAD-RECORDS
owned-declaration	Effect4.IndexSignatureOf.rec	Effect4.Schema.Payload	SCHEMA-LEAF-PAYLOAD-RECORDS
owned-declaration	Effect4.IndexSignatureOf.recOn	Effect4.Schema.Payload	SCHEMA-LEAF-PAYLOAD-RECORDS
owned-declaration	Effect4.IndexSignatureOf.type	Effect4.Schema.Payload	SCHEMA-LEAF-PAYLOAD-RECORDS
owned-declaration	Effect4.LiteralValue	Effect4.Schema.Payload	SCHEMA-LEAF-PAYLOAD-SCALARS
owned-declaration	Effect4.LiteralValue.bigint	Effect4.Schema.Payload	SCHEMA-LEAF-PAYLOAD-SCALARS
owned-declaration	Effect4.LiteralValue.bigint.elim	Effect4.Schema.Payload	SCHEMA-LEAF-PAYLOAD-SCALARS
owned-declaration	Effect4.LiteralValue.bigint.inj	Effect4.Schema.Payload	SCHEMA-LEAF-PAYLOAD-SCALARS
owned-declaration	Effect4.LiteralValue.bigint.injEq	Effect4.Schema.Payload	SCHEMA-LEAF-PAYLOAD-SCALARS
owned-declaration	Effect4.LiteralValue.bigint.noConfusion	Effect4.Schema.Payload	SCHEMA-LEAF-PAYLOAD-SCALARS
owned-declaration	Effect4.LiteralValue.bigint.sizeOf_spec	Effect4.Schema.Payload	SCHEMA-LEAF-PAYLOAD-SCALARS
owned-declaration	Effect4.LiteralValue.boolean	Effect4.Schema.Payload	SCHEMA-LEAF-PAYLOAD-SCALARS
owned-declaration	Effect4.LiteralValue.boolean.elim	Effect4.Schema.Payload	SCHEMA-LEAF-PAYLOAD-SCALARS
owned-declaration	Effect4.LiteralValue.boolean.inj	Effect4.Schema.Payload	SCHEMA-LEAF-PAYLOAD-SCALARS
owned-declaration	Effect4.LiteralValue.boolean.injEq	Effect4.Schema.Payload	SCHEMA-LEAF-PAYLOAD-SCALARS
owned-declaration	Effect4.LiteralValue.boolean.noConfusion	Effect4.Schema.Payload	SCHEMA-LEAF-PAYLOAD-SCALARS
owned-declaration	Effect4.LiteralValue.boolean.sizeOf_spec	Effect4.Schema.Payload	SCHEMA-LEAF-PAYLOAD-SCALARS
owned-declaration	Effect4.LiteralValue.casesOn	Effect4.Schema.Payload	SCHEMA-LEAF-PAYLOAD-SCALARS
owned-declaration	Effect4.LiteralValue.ctorElim	Effect4.Schema.Payload	SCHEMA-LEAF-PAYLOAD-SCALARS
owned-declaration	Effect4.LiteralValue.ctorElimType	Effect4.Schema.Payload	SCHEMA-LEAF-PAYLOAD-SCALARS
owned-declaration	Effect4.LiteralValue.ctorIdx	Effect4.Schema.Payload	SCHEMA-LEAF-PAYLOAD-SCALARS
owned-declaration	Effect4.LiteralValue.noConfusion	Effect4.Schema.Payload	SCHEMA-LEAF-PAYLOAD-SCALARS
owned-declaration	Effect4.LiteralValue.noConfusionType	Effect4.Schema.Payload	SCHEMA-LEAF-PAYLOAD-SCALARS
owned-declaration	Effect4.LiteralValue.number	Effect4.Schema.Payload	SCHEMA-LEAF-PAYLOAD-SCALARS
owned-declaration	Effect4.LiteralValue.number.elim	Effect4.Schema.Payload	SCHEMA-LEAF-PAYLOAD-SCALARS
owned-declaration	Effect4.LiteralValue.number.inj	Effect4.Schema.Payload	SCHEMA-LEAF-PAYLOAD-SCALARS
owned-declaration	Effect4.LiteralValue.number.injEq	Effect4.Schema.Payload	SCHEMA-LEAF-PAYLOAD-SCALARS
owned-declaration	Effect4.LiteralValue.number.noConfusion	Effect4.Schema.Payload	SCHEMA-LEAF-PAYLOAD-SCALARS
owned-declaration	Effect4.LiteralValue.number.sizeOf_spec	Effect4.Schema.Payload	SCHEMA-LEAF-PAYLOAD-SCALARS
owned-declaration	Effect4.LiteralValue.rec	Effect4.Schema.Payload	SCHEMA-LEAF-PAYLOAD-SCALARS
owned-declaration	Effect4.LiteralValue.recOn	Effect4.Schema.Payload	SCHEMA-LEAF-PAYLOAD-SCALARS
owned-declaration	Effect4.LiteralValue.string	Effect4.Schema.Payload	SCHEMA-LEAF-PAYLOAD-SCALARS
owned-declaration	Effect4.LiteralValue.string.elim	Effect4.Schema.Payload	SCHEMA-LEAF-PAYLOAD-SCALARS
owned-declaration	Effect4.LiteralValue.string.inj	Effect4.Schema.Payload	SCHEMA-LEAF-PAYLOAD-SCALARS
owned-declaration	Effect4.LiteralValue.string.injEq	Effect4.Schema.Payload	SCHEMA-LEAF-PAYLOAD-SCALARS
owned-declaration	Effect4.LiteralValue.string.noConfusion	Effect4.Schema.Payload	SCHEMA-LEAF-PAYLOAD-SCALARS
owned-declaration	Effect4.LiteralValue.string.sizeOf_spec	Effect4.Schema.Payload	SCHEMA-LEAF-PAYLOAD-SCALARS
owned-declaration	Effect4.PropertyKey	Effect4.Schema.Payload	SCHEMA-LEAF-PAYLOAD-SCALARS
owned-declaration	Effect4.PropertyKey.casesOn	Effect4.Schema.Payload	SCHEMA-LEAF-PAYLOAD-SCALARS
owned-declaration	Effect4.PropertyKey.ctorElim	Effect4.Schema.Payload	SCHEMA-LEAF-PAYLOAD-SCALARS
owned-declaration	Effect4.PropertyKey.ctorElimType	Effect4.Schema.Payload	SCHEMA-LEAF-PAYLOAD-SCALARS
owned-declaration	Effect4.PropertyKey.ctorIdx	Effect4.Schema.Payload	SCHEMA-LEAF-PAYLOAD-SCALARS
owned-declaration	Effect4.PropertyKey.globalSymbol	Effect4.Schema.Payload	SCHEMA-LEAF-PAYLOAD-SCALARS
owned-declaration	Effect4.PropertyKey.globalSymbol.elim	Effect4.Schema.Payload	SCHEMA-LEAF-PAYLOAD-SCALARS
owned-declaration	Effect4.PropertyKey.globalSymbol.inj	Effect4.Schema.Payload	SCHEMA-LEAF-PAYLOAD-SCALARS
owned-declaration	Effect4.PropertyKey.globalSymbol.injEq	Effect4.Schema.Payload	SCHEMA-LEAF-PAYLOAD-SCALARS
owned-declaration	Effect4.PropertyKey.globalSymbol.noConfusion	Effect4.Schema.Payload	SCHEMA-LEAF-PAYLOAD-SCALARS
owned-declaration	Effect4.PropertyKey.globalSymbol.sizeOf_spec	Effect4.Schema.Payload	SCHEMA-LEAF-PAYLOAD-SCALARS
owned-declaration	Effect4.PropertyKey.noConfusion	Effect4.Schema.Payload	SCHEMA-LEAF-PAYLOAD-SCALARS
owned-declaration	Effect4.PropertyKey.noConfusionType	Effect4.Schema.Payload	SCHEMA-LEAF-PAYLOAD-SCALARS
owned-declaration	Effect4.PropertyKey.number	Effect4.Schema.Payload	SCHEMA-LEAF-PAYLOAD-SCALARS
owned-declaration	Effect4.PropertyKey.number.elim	Effect4.Schema.Payload	SCHEMA-LEAF-PAYLOAD-SCALARS
owned-declaration	Effect4.PropertyKey.number.inj	Effect4.Schema.Payload	SCHEMA-LEAF-PAYLOAD-SCALARS
owned-declaration	Effect4.PropertyKey.number.injEq	Effect4.Schema.Payload	SCHEMA-LEAF-PAYLOAD-SCALARS
owned-declaration	Effect4.PropertyKey.number.noConfusion	Effect4.Schema.Payload	SCHEMA-LEAF-PAYLOAD-SCALARS
owned-declaration	Effect4.PropertyKey.number.sizeOf_spec	Effect4.Schema.Payload	SCHEMA-LEAF-PAYLOAD-SCALARS
owned-declaration	Effect4.PropertyKey.rec	Effect4.Schema.Payload	SCHEMA-LEAF-PAYLOAD-SCALARS
owned-declaration	Effect4.PropertyKey.recOn	Effect4.Schema.Payload	SCHEMA-LEAF-PAYLOAD-SCALARS
owned-declaration	Effect4.PropertyKey.string	Effect4.Schema.Payload	SCHEMA-LEAF-PAYLOAD-SCALARS
owned-declaration	Effect4.PropertyKey.string.elim	Effect4.Schema.Payload	SCHEMA-LEAF-PAYLOAD-SCALARS
owned-declaration	Effect4.PropertyKey.string.inj	Effect4.Schema.Payload	SCHEMA-LEAF-PAYLOAD-SCALARS
owned-declaration	Effect4.PropertyKey.string.injEq	Effect4.Schema.Payload	SCHEMA-LEAF-PAYLOAD-SCALARS
owned-declaration	Effect4.PropertyKey.string.noConfusion	Effect4.Schema.Payload	SCHEMA-LEAF-PAYLOAD-SCALARS
owned-declaration	Effect4.PropertyKey.string.sizeOf_spec	Effect4.Schema.Payload	SCHEMA-LEAF-PAYLOAD-SCALARS
owned-declaration	Effect4.PropertySignatureOf	Effect4.Schema.Payload	SCHEMA-LEAF-PAYLOAD-RECORDS
owned-declaration	Effect4.PropertySignatureOf.annotations	Effect4.Schema.Payload	SCHEMA-LEAF-PAYLOAD-RECORDS
owned-declaration	Effect4.PropertySignatureOf.casesOn	Effect4.Schema.Payload	SCHEMA-LEAF-PAYLOAD-RECORDS
owned-declaration	Effect4.PropertySignatureOf.ctorIdx	Effect4.Schema.Payload	SCHEMA-LEAF-PAYLOAD-RECORDS
owned-declaration	Effect4.PropertySignatureOf.isMutable	Effect4.Schema.Payload	SCHEMA-LEAF-PAYLOAD-RECORDS
owned-declaration	Effect4.PropertySignatureOf.isOptional	Effect4.Schema.Payload	SCHEMA-LEAF-PAYLOAD-RECORDS
owned-declaration	Effect4.PropertySignatureOf.mk	Effect4.Schema.Payload	SCHEMA-LEAF-PAYLOAD-RECORDS
owned-declaration	Effect4.PropertySignatureOf.mk.inj	Effect4.Schema.Payload	SCHEMA-LEAF-PAYLOAD-RECORDS
owned-declaration	Effect4.PropertySignatureOf.mk.injEq	Effect4.Schema.Payload	SCHEMA-LEAF-PAYLOAD-RECORDS
owned-declaration	Effect4.PropertySignatureOf.mk.noConfusion	Effect4.Schema.Payload	SCHEMA-LEAF-PAYLOAD-RECORDS
owned-declaration	Effect4.PropertySignatureOf.mk.sizeOf_spec	Effect4.Schema.Payload	SCHEMA-LEAF-PAYLOAD-RECORDS
owned-declaration	Effect4.PropertySignatureOf.name	Effect4.Schema.Payload	SCHEMA-LEAF-PAYLOAD-RECORDS
owned-declaration	Effect4.PropertySignatureOf.noConfusion	Effect4.Schema.Payload	SCHEMA-LEAF-PAYLOAD-RECORDS
owned-declaration	Effect4.PropertySignatureOf.noConfusionType	Effect4.Schema.Payload	SCHEMA-LEAF-PAYLOAD-RECORDS
owned-declaration	Effect4.PropertySignatureOf.rec	Effect4.Schema.Payload	SCHEMA-LEAF-PAYLOAD-RECORDS
owned-declaration	Effect4.PropertySignatureOf.recOn	Effect4.Schema.Payload	SCHEMA-LEAF-PAYLOAD-RECORDS
owned-declaration	Effect4.PropertySignatureOf.type	Effect4.Schema.Payload	SCHEMA-LEAF-PAYLOAD-RECORDS
owned-declaration	Effect4.ReferenceKey	Effect4.Schema.Payload	SCHEMA-LEAF-PAYLOAD-SCALARS
owned-declaration	Effect4.ReferenceKey.casesOn	Effect4.Schema.Payload	SCHEMA-LEAF-PAYLOAD-SCALARS
owned-declaration	Effect4.ReferenceKey.ctorIdx	Effect4.Schema.Payload	SCHEMA-LEAF-PAYLOAD-SCALARS
owned-declaration	Effect4.ReferenceKey.mk	Effect4.Schema.Payload	SCHEMA-LEAF-PAYLOAD-SCALARS
owned-declaration	Effect4.ReferenceKey.mk.inj	Effect4.Schema.Payload	SCHEMA-LEAF-PAYLOAD-SCALARS
owned-declaration	Effect4.ReferenceKey.mk.injEq	Effect4.Schema.Payload	SCHEMA-LEAF-PAYLOAD-SCALARS
owned-declaration	Effect4.ReferenceKey.mk.noConfusion	Effect4.Schema.Payload	SCHEMA-LEAF-PAYLOAD-SCALARS
owned-declaration	Effect4.ReferenceKey.mk.sizeOf_spec	Effect4.Schema.Payload	SCHEMA-LEAF-PAYLOAD-SCALARS
owned-declaration	Effect4.ReferenceKey.noConfusion	Effect4.Schema.Payload	SCHEMA-LEAF-PAYLOAD-SCALARS
owned-declaration	Effect4.ReferenceKey.noConfusionType	Effect4.Schema.Payload	SCHEMA-LEAF-PAYLOAD-SCALARS
owned-declaration	Effect4.ReferenceKey.rec	Effect4.Schema.Payload	SCHEMA-LEAF-PAYLOAD-SCALARS
owned-declaration	Effect4.ReferenceKey.recOn	Effect4.Schema.Payload	SCHEMA-LEAF-PAYLOAD-SCALARS
owned-declaration	Effect4.ReferenceKey.value	Effect4.Schema.Payload	SCHEMA-LEAF-PAYLOAD-SCALARS
owned-declaration	Effect4.RepresentationAnnotation	Effect4.Schema.Payload	SCHEMA-LEAF-PAYLOAD-RECORDS
owned-declaration	Effect4.RepresentationAnnotation.casesOn	Effect4.Schema.Payload	SCHEMA-LEAF-PAYLOAD-RECORDS
owned-declaration	Effect4.RepresentationAnnotation.ctorIdx	Effect4.Schema.Payload	SCHEMA-LEAF-PAYLOAD-RECORDS
owned-declaration	Effect4.RepresentationAnnotation.id	Effect4.Schema.Payload	SCHEMA-LEAF-PAYLOAD-RECORDS
owned-declaration	Effect4.RepresentationAnnotation.mk	Effect4.Schema.Payload	SCHEMA-LEAF-PAYLOAD-RECORDS
owned-declaration	Effect4.RepresentationAnnotation.mk.inj	Effect4.Schema.Payload	SCHEMA-LEAF-PAYLOAD-RECORDS
owned-declaration	Effect4.RepresentationAnnotation.mk.injEq	Effect4.Schema.Payload	SCHEMA-LEAF-PAYLOAD-RECORDS
owned-declaration	Effect4.RepresentationAnnotation.mk.noConfusion	Effect4.Schema.Payload	SCHEMA-LEAF-PAYLOAD-RECORDS
owned-declaration	Effect4.RepresentationAnnotation.mk.sizeOf_spec	Effect4.Schema.Payload	SCHEMA-LEAF-PAYLOAD-RECORDS
owned-declaration	Effect4.RepresentationAnnotation.noConfusion	Effect4.Schema.Payload	SCHEMA-LEAF-PAYLOAD-RECORDS
owned-declaration	Effect4.RepresentationAnnotation.noConfusionType	Effect4.Schema.Payload	SCHEMA-LEAF-PAYLOAD-RECORDS
owned-declaration	Effect4.RepresentationAnnotation.payload	Effect4.Schema.Payload	SCHEMA-LEAF-PAYLOAD-RECORDS
owned-declaration	Effect4.RepresentationAnnotation.rec	Effect4.Schema.Payload	SCHEMA-LEAF-PAYLOAD-RECORDS
owned-declaration	Effect4.RepresentationAnnotation.recOn	Effect4.Schema.Payload	SCHEMA-LEAF-PAYLOAD-RECORDS
owned-declaration	Effect4.instDecidableEqAnnotationEntry	Effect4.Schema.Payload	SCHEMA-LEAF-PAYLOAD-SCALARS
owned-declaration	Effect4.instDecidableEqAnnotationEntry.decEq	Effect4.Schema.Payload	SCHEMA-LEAF-PAYLOAD-SCALARS
owned-declaration	Effect4.instDecidableEqAnnotationEntry.decEq.match_1	Effect4.Schema.Payload	SCHEMA-LEAF-PAYLOAD-SCALARS
owned-declaration	Effect4.instDecidableEqCheckRepresentationAnnotationOf	Effect4.Schema.Payload	SCHEMA-LEAF-PAYLOAD-SCALARS
owned-declaration	Effect4.instDecidableEqCheckRepresentationAnnotationOf.decEq	Effect4.Schema.Payload	SCHEMA-LEAF-PAYLOAD-SCALARS
owned-declaration	Effect4.instDecidableEqCheckRepresentationAnnotationOf.decEq.match_1	Effect4.Schema.Payload	SCHEMA-LEAF-PAYLOAD-SCALARS
owned-declaration	Effect4.instDecidableEqElementOf	Effect4.Schema.Payload	SCHEMA-LEAF-PAYLOAD-SCALARS
owned-declaration	Effect4.instDecidableEqElementOf.decEq	Effect4.Schema.Payload	SCHEMA-LEAF-PAYLOAD-SCALARS
owned-declaration	Effect4.instDecidableEqElementOf.decEq.match_1	Effect4.Schema.Payload	SCHEMA-LEAF-PAYLOAD-SCALARS
owned-declaration	Effect4.instDecidableEqEnumEntry	Effect4.Schema.Payload	SCHEMA-LEAF-PAYLOAD-SCALARS
owned-declaration	Effect4.instDecidableEqEnumEntry.decEq	Effect4.Schema.Payload	SCHEMA-LEAF-PAYLOAD-SCALARS
owned-declaration	Effect4.instDecidableEqEnumEntry.decEq.match_1	Effect4.Schema.Payload	SCHEMA-LEAF-PAYLOAD-SCALARS
owned-declaration	Effect4.instDecidableEqEnumValue	Effect4.Schema.Payload	SCHEMA-LEAF-PAYLOAD-SCALARS
owned-declaration	Effect4.instDecidableEqEnumValue.decEq	Effect4.Schema.Payload	SCHEMA-LEAF-PAYLOAD-SCALARS
owned-declaration	Effect4.instDecidableEqEnumValue.decEq.match_1	Effect4.Schema.Payload	SCHEMA-LEAF-PAYLOAD-SCALARS
owned-declaration	Effect4.instDecidableEqGlobalSymbolKey	Effect4.Schema.Payload	SCHEMA-LEAF-PAYLOAD-SCALARS
owned-declaration	Effect4.instDecidableEqGlobalSymbolKey.decEq	Effect4.Schema.Payload	SCHEMA-LEAF-PAYLOAD-SCALARS
owned-declaration	Effect4.instDecidableEqGlobalSymbolKey.decEq.match_1	Effect4.Schema.Payload	SCHEMA-LEAF-PAYLOAD-SCALARS
owned-declaration	Effect4.instDecidableEqIndexSignatureOf	Effect4.Schema.Payload	SCHEMA-LEAF-PAYLOAD-SCALARS
owned-declaration	Effect4.instDecidableEqIndexSignatureOf.decEq	Effect4.Schema.Payload	SCHEMA-LEAF-PAYLOAD-SCALARS
owned-declaration	Effect4.instDecidableEqIndexSignatureOf.decEq.match_1	Effect4.Schema.Payload	SCHEMA-LEAF-PAYLOAD-SCALARS
owned-declaration	Effect4.instDecidableEqLiteralValue	Effect4.Schema.Payload	SCHEMA-LEAF-PAYLOAD-SCALARS
owned-declaration	Effect4.instDecidableEqLiteralValue.decEq	Effect4.Schema.Payload	SCHEMA-LEAF-PAYLOAD-SCALARS
owned-declaration	Effect4.instDecidableEqLiteralValue.decEq.match_1	Effect4.Schema.Payload	SCHEMA-LEAF-PAYLOAD-SCALARS
owned-declaration	Effect4.instDecidableEqPropertyKey	Effect4.Schema.Payload	SCHEMA-LEAF-PAYLOAD-SCALARS
owned-declaration	Effect4.instDecidableEqPropertyKey.decEq	Effect4.Schema.Payload	SCHEMA-LEAF-PAYLOAD-SCALARS
owned-declaration	Effect4.instDecidableEqPropertyKey.decEq.match_1	Effect4.Schema.Payload	SCHEMA-LEAF-PAYLOAD-SCALARS
owned-declaration	Effect4.instDecidableEqPropertySignatureOf	Effect4.Schema.Payload	SCHEMA-LEAF-PAYLOAD-SCALARS
owned-declaration	Effect4.instDecidableEqPropertySignatureOf.decEq	Effect4.Schema.Payload	SCHEMA-LEAF-PAYLOAD-SCALARS
owned-declaration	Effect4.instDecidableEqPropertySignatureOf.decEq.match_1	Effect4.Schema.Payload	SCHEMA-LEAF-PAYLOAD-SCALARS
owned-declaration	Effect4.instDecidableEqReferenceKey	Effect4.Schema.Payload	SCHEMA-LEAF-PAYLOAD-SCALARS
owned-declaration	Effect4.instDecidableEqReferenceKey.decEq	Effect4.Schema.Payload	SCHEMA-LEAF-PAYLOAD-SCALARS
owned-declaration	Effect4.instDecidableEqReferenceKey.decEq.match_1	Effect4.Schema.Payload	SCHEMA-LEAF-PAYLOAD-SCALARS
owned-declaration	Effect4.instDecidableEqRepresentationAnnotation	Effect4.Schema.Payload	SCHEMA-LEAF-PAYLOAD-SCALARS
owned-declaration	Effect4.instDecidableEqRepresentationAnnotation.decEq	Effect4.Schema.Payload	SCHEMA-LEAF-PAYLOAD-SCALARS
owned-declaration	Effect4.instDecidableEqRepresentationAnnotation.decEq.match_1	Effect4.Schema.Payload	SCHEMA-LEAF-PAYLOAD-SCALARS
owned-declaration	Effect4.instInhabitedGlobalSymbolKey	Effect4.Schema.Payload	SCHEMA-LEAF-PAYLOAD-SCALARS
owned-declaration	Effect4.instInhabitedGlobalSymbolKey.default	Effect4.Schema.Payload	SCHEMA-LEAF-PAYLOAD-SCALARS
owned-declaration	Effect4.instInhabitedReferenceKey	Effect4.Schema.Payload	SCHEMA-LEAF-PAYLOAD-SCALARS
owned-declaration	Effect4.instInhabitedReferenceKey.default	Effect4.Schema.Payload	SCHEMA-LEAF-PAYLOAD-SCALARS
owned-declaration	Effect4.instReprGlobalSymbolKey	Effect4.Schema.Payload	SCHEMA-LEAF-PAYLOAD-SCALARS
owned-declaration	Effect4.instReprGlobalSymbolKey.repr	Effect4.Schema.Payload	SCHEMA-LEAF-PAYLOAD-SCALARS
owned-declaration	Effect4.instReprReferenceKey	Effect4.Schema.Payload	SCHEMA-LEAF-PAYLOAD-SCALARS
owned-declaration	Effect4.instReprReferenceKey.repr	Effect4.Schema.Payload	SCHEMA-LEAF-PAYLOAD-SCALARS
theorem	Effect4.AnnotationEntry.mk.inj	Effect4.Schema.Payload	SCHEMA-LEAF-PAYLOAD-SCALARS
axiom	Effect4.AnnotationEntry.mk.inj	none	SCHEMA-AX-STRUCTURAL
theorem	Effect4.AnnotationEntry.mk.injEq	Effect4.Schema.Payload	SCHEMA-LEAF-PAYLOAD-SCALARS
axiom	Effect4.AnnotationEntry.mk.injEq	propext	SCHEMA-AX-STRUCTURAL
theorem	Effect4.AnnotationEntry.mk.sizeOf_spec	Effect4.Schema.Payload	SCHEMA-LEAF-PAYLOAD-SCALARS
axiom	Effect4.AnnotationEntry.mk.sizeOf_spec	none	SCHEMA-AX-STRUCTURAL
theorem	Effect4.CheckRepresentationAnnotationOf.mk.inj	Effect4.Schema.Payload	SCHEMA-LEAF-PAYLOAD-RECORDS
axiom	Effect4.CheckRepresentationAnnotationOf.mk.inj	none	SCHEMA-AX-STRUCTURAL
theorem	Effect4.CheckRepresentationAnnotationOf.mk.injEq	Effect4.Schema.Payload	SCHEMA-LEAF-PAYLOAD-RECORDS
axiom	Effect4.CheckRepresentationAnnotationOf.mk.injEq	propext	SCHEMA-AX-STRUCTURAL
theorem	Effect4.CheckRepresentationAnnotationOf.mk.sizeOf_spec	Effect4.Schema.Payload	SCHEMA-LEAF-PAYLOAD-RECORDS
axiom	Effect4.CheckRepresentationAnnotationOf.mk.sizeOf_spec	none	SCHEMA-AX-STRUCTURAL
theorem	Effect4.ElementOf.mk.inj	Effect4.Schema.Payload	SCHEMA-LEAF-PAYLOAD-RECORDS
axiom	Effect4.ElementOf.mk.inj	none	SCHEMA-AX-STRUCTURAL
theorem	Effect4.ElementOf.mk.injEq	Effect4.Schema.Payload	SCHEMA-LEAF-PAYLOAD-RECORDS
axiom	Effect4.ElementOf.mk.injEq	propext	SCHEMA-AX-STRUCTURAL
theorem	Effect4.ElementOf.mk.sizeOf_spec	Effect4.Schema.Payload	SCHEMA-LEAF-PAYLOAD-RECORDS
axiom	Effect4.ElementOf.mk.sizeOf_spec	none	SCHEMA-AX-STRUCTURAL
theorem	Effect4.EnumEntry.mk.inj	Effect4.Schema.Payload	SCHEMA-LEAF-PAYLOAD-SCALARS
axiom	Effect4.EnumEntry.mk.inj	none	SCHEMA-AX-STRUCTURAL
theorem	Effect4.EnumEntry.mk.injEq	Effect4.Schema.Payload	SCHEMA-LEAF-PAYLOAD-SCALARS
axiom	Effect4.EnumEntry.mk.injEq	propext	SCHEMA-AX-STRUCTURAL
theorem	Effect4.EnumEntry.mk.sizeOf_spec	Effect4.Schema.Payload	SCHEMA-LEAF-PAYLOAD-SCALARS
axiom	Effect4.EnumEntry.mk.sizeOf_spec	none	SCHEMA-AX-STRUCTURAL
theorem	Effect4.EnumValue.number.inj	Effect4.Schema.Payload	SCHEMA-LEAF-PAYLOAD-SCALARS
axiom	Effect4.EnumValue.number.inj	none	SCHEMA-AX-STRUCTURAL
theorem	Effect4.EnumValue.number.injEq	Effect4.Schema.Payload	SCHEMA-LEAF-PAYLOAD-SCALARS
axiom	Effect4.EnumValue.number.injEq	propext	SCHEMA-AX-STRUCTURAL
theorem	Effect4.EnumValue.number.sizeOf_spec	Effect4.Schema.Payload	SCHEMA-LEAF-PAYLOAD-SCALARS
axiom	Effect4.EnumValue.number.sizeOf_spec	none	SCHEMA-AX-STRUCTURAL
theorem	Effect4.EnumValue.string.inj	Effect4.Schema.Payload	SCHEMA-LEAF-PAYLOAD-SCALARS
axiom	Effect4.EnumValue.string.inj	none	SCHEMA-AX-STRUCTURAL
theorem	Effect4.EnumValue.string.injEq	Effect4.Schema.Payload	SCHEMA-LEAF-PAYLOAD-SCALARS
axiom	Effect4.EnumValue.string.injEq	propext	SCHEMA-AX-STRUCTURAL
theorem	Effect4.EnumValue.string.sizeOf_spec	Effect4.Schema.Payload	SCHEMA-LEAF-PAYLOAD-SCALARS
axiom	Effect4.EnumValue.string.sizeOf_spec	none	SCHEMA-AX-STRUCTURAL
theorem	Effect4.GlobalSymbolKey.mk.inj	Effect4.Schema.Payload	SCHEMA-LEAF-PAYLOAD-SCALARS
axiom	Effect4.GlobalSymbolKey.mk.inj	none	SCHEMA-AX-STRUCTURAL
theorem	Effect4.GlobalSymbolKey.mk.injEq	Effect4.Schema.Payload	SCHEMA-LEAF-PAYLOAD-SCALARS
axiom	Effect4.GlobalSymbolKey.mk.injEq	propext	SCHEMA-AX-STRUCTURAL
theorem	Effect4.GlobalSymbolKey.mk.sizeOf_spec	Effect4.Schema.Payload	SCHEMA-LEAF-PAYLOAD-SCALARS
axiom	Effect4.GlobalSymbolKey.mk.sizeOf_spec	none	SCHEMA-AX-STRUCTURAL
theorem	Effect4.IndexSignatureOf.mk.inj	Effect4.Schema.Payload	SCHEMA-LEAF-PAYLOAD-RECORDS
axiom	Effect4.IndexSignatureOf.mk.inj	none	SCHEMA-AX-STRUCTURAL
theorem	Effect4.IndexSignatureOf.mk.injEq	Effect4.Schema.Payload	SCHEMA-LEAF-PAYLOAD-RECORDS
axiom	Effect4.IndexSignatureOf.mk.injEq	propext	SCHEMA-AX-STRUCTURAL
theorem	Effect4.IndexSignatureOf.mk.sizeOf_spec	Effect4.Schema.Payload	SCHEMA-LEAF-PAYLOAD-RECORDS
axiom	Effect4.IndexSignatureOf.mk.sizeOf_spec	none	SCHEMA-AX-STRUCTURAL
theorem	Effect4.LiteralValue.bigint.inj	Effect4.Schema.Payload	SCHEMA-LEAF-PAYLOAD-SCALARS
axiom	Effect4.LiteralValue.bigint.inj	none	SCHEMA-AX-STRUCTURAL
theorem	Effect4.LiteralValue.bigint.injEq	Effect4.Schema.Payload	SCHEMA-LEAF-PAYLOAD-SCALARS
axiom	Effect4.LiteralValue.bigint.injEq	propext	SCHEMA-AX-STRUCTURAL
theorem	Effect4.LiteralValue.bigint.sizeOf_spec	Effect4.Schema.Payload	SCHEMA-LEAF-PAYLOAD-SCALARS
axiom	Effect4.LiteralValue.bigint.sizeOf_spec	none	SCHEMA-AX-STRUCTURAL
theorem	Effect4.LiteralValue.boolean.inj	Effect4.Schema.Payload	SCHEMA-LEAF-PAYLOAD-SCALARS
axiom	Effect4.LiteralValue.boolean.inj	none	SCHEMA-AX-STRUCTURAL
theorem	Effect4.LiteralValue.boolean.injEq	Effect4.Schema.Payload	SCHEMA-LEAF-PAYLOAD-SCALARS
axiom	Effect4.LiteralValue.boolean.injEq	propext	SCHEMA-AX-STRUCTURAL
theorem	Effect4.LiteralValue.boolean.sizeOf_spec	Effect4.Schema.Payload	SCHEMA-LEAF-PAYLOAD-SCALARS
axiom	Effect4.LiteralValue.boolean.sizeOf_spec	none	SCHEMA-AX-STRUCTURAL
theorem	Effect4.LiteralValue.number.inj	Effect4.Schema.Payload	SCHEMA-LEAF-PAYLOAD-SCALARS
axiom	Effect4.LiteralValue.number.inj	none	SCHEMA-AX-STRUCTURAL
theorem	Effect4.LiteralValue.number.injEq	Effect4.Schema.Payload	SCHEMA-LEAF-PAYLOAD-SCALARS
axiom	Effect4.LiteralValue.number.injEq	propext	SCHEMA-AX-STRUCTURAL
theorem	Effect4.LiteralValue.number.sizeOf_spec	Effect4.Schema.Payload	SCHEMA-LEAF-PAYLOAD-SCALARS
axiom	Effect4.LiteralValue.number.sizeOf_spec	none	SCHEMA-AX-STRUCTURAL
theorem	Effect4.LiteralValue.string.inj	Effect4.Schema.Payload	SCHEMA-LEAF-PAYLOAD-SCALARS
axiom	Effect4.LiteralValue.string.inj	none	SCHEMA-AX-STRUCTURAL
theorem	Effect4.LiteralValue.string.injEq	Effect4.Schema.Payload	SCHEMA-LEAF-PAYLOAD-SCALARS
axiom	Effect4.LiteralValue.string.injEq	propext	SCHEMA-AX-STRUCTURAL
theorem	Effect4.LiteralValue.string.sizeOf_spec	Effect4.Schema.Payload	SCHEMA-LEAF-PAYLOAD-SCALARS
axiom	Effect4.LiteralValue.string.sizeOf_spec	none	SCHEMA-AX-STRUCTURAL
theorem	Effect4.PropertyKey.globalSymbol.inj	Effect4.Schema.Payload	SCHEMA-LEAF-PAYLOAD-SCALARS
axiom	Effect4.PropertyKey.globalSymbol.inj	none	SCHEMA-AX-STRUCTURAL
theorem	Effect4.PropertyKey.globalSymbol.injEq	Effect4.Schema.Payload	SCHEMA-LEAF-PAYLOAD-SCALARS
axiom	Effect4.PropertyKey.globalSymbol.injEq	propext	SCHEMA-AX-STRUCTURAL
theorem	Effect4.PropertyKey.globalSymbol.sizeOf_spec	Effect4.Schema.Payload	SCHEMA-LEAF-PAYLOAD-SCALARS
axiom	Effect4.PropertyKey.globalSymbol.sizeOf_spec	none	SCHEMA-AX-STRUCTURAL
theorem	Effect4.PropertyKey.number.inj	Effect4.Schema.Payload	SCHEMA-LEAF-PAYLOAD-SCALARS
axiom	Effect4.PropertyKey.number.inj	none	SCHEMA-AX-STRUCTURAL
theorem	Effect4.PropertyKey.number.injEq	Effect4.Schema.Payload	SCHEMA-LEAF-PAYLOAD-SCALARS
axiom	Effect4.PropertyKey.number.injEq	propext	SCHEMA-AX-STRUCTURAL
theorem	Effect4.PropertyKey.number.sizeOf_spec	Effect4.Schema.Payload	SCHEMA-LEAF-PAYLOAD-SCALARS
axiom	Effect4.PropertyKey.number.sizeOf_spec	none	SCHEMA-AX-STRUCTURAL
theorem	Effect4.PropertyKey.string.inj	Effect4.Schema.Payload	SCHEMA-LEAF-PAYLOAD-SCALARS
axiom	Effect4.PropertyKey.string.inj	none	SCHEMA-AX-STRUCTURAL
theorem	Effect4.PropertyKey.string.injEq	Effect4.Schema.Payload	SCHEMA-LEAF-PAYLOAD-SCALARS
axiom	Effect4.PropertyKey.string.injEq	propext	SCHEMA-AX-STRUCTURAL
theorem	Effect4.PropertyKey.string.sizeOf_spec	Effect4.Schema.Payload	SCHEMA-LEAF-PAYLOAD-SCALARS
axiom	Effect4.PropertyKey.string.sizeOf_spec	none	SCHEMA-AX-STRUCTURAL
theorem	Effect4.PropertySignatureOf.mk.inj	Effect4.Schema.Payload	SCHEMA-LEAF-PAYLOAD-RECORDS
axiom	Effect4.PropertySignatureOf.mk.inj	none	SCHEMA-AX-STRUCTURAL
theorem	Effect4.PropertySignatureOf.mk.injEq	Effect4.Schema.Payload	SCHEMA-LEAF-PAYLOAD-RECORDS
axiom	Effect4.PropertySignatureOf.mk.injEq	propext	SCHEMA-AX-STRUCTURAL
theorem	Effect4.PropertySignatureOf.mk.sizeOf_spec	Effect4.Schema.Payload	SCHEMA-LEAF-PAYLOAD-RECORDS
axiom	Effect4.PropertySignatureOf.mk.sizeOf_spec	none	SCHEMA-AX-STRUCTURAL
theorem	Effect4.ReferenceKey.mk.inj	Effect4.Schema.Payload	SCHEMA-LEAF-PAYLOAD-SCALARS
axiom	Effect4.ReferenceKey.mk.inj	none	SCHEMA-AX-STRUCTURAL
theorem	Effect4.ReferenceKey.mk.injEq	Effect4.Schema.Payload	SCHEMA-LEAF-PAYLOAD-SCALARS
axiom	Effect4.ReferenceKey.mk.injEq	propext	SCHEMA-AX-STRUCTURAL
theorem	Effect4.ReferenceKey.mk.sizeOf_spec	Effect4.Schema.Payload	SCHEMA-LEAF-PAYLOAD-SCALARS
axiom	Effect4.ReferenceKey.mk.sizeOf_spec	none	SCHEMA-AX-STRUCTURAL
theorem	Effect4.RepresentationAnnotation.mk.inj	Effect4.Schema.Payload	SCHEMA-LEAF-PAYLOAD-RECORDS
axiom	Effect4.RepresentationAnnotation.mk.inj	none	SCHEMA-AX-STRUCTURAL
theorem	Effect4.RepresentationAnnotation.mk.injEq	Effect4.Schema.Payload	SCHEMA-LEAF-PAYLOAD-RECORDS
axiom	Effect4.RepresentationAnnotation.mk.injEq	propext	SCHEMA-AX-STRUCTURAL
theorem	Effect4.RepresentationAnnotation.mk.sizeOf_spec	Effect4.Schema.Payload	SCHEMA-LEAF-PAYLOAD-RECORDS
axiom	Effect4.RepresentationAnnotation.mk.sizeOf_spec	none	SCHEMA-AX-STRUCTURAL
owned-declaration	Effect4.Check	Effect4.Schema.Representation	SCHEMA-PG-PAYLOAD/REPRESENTATION-CHECK
owned-declaration	Effect4.Check.below	Effect4.Schema.Representation	SCHEMA-PG-PAYLOAD/REPRESENTATION-CHECK
owned-declaration	Effect4.Check.brecOn	Effect4.Schema.Representation	SCHEMA-PG-PAYLOAD/REPRESENTATION-CHECK
owned-declaration	Effect4.Check.brecOn.eq	Effect4.Schema.Representation	SCHEMA-PG-PAYLOAD/REPRESENTATION-CHECK
owned-declaration	Effect4.Check.brecOn.go	Effect4.Schema.Representation	SCHEMA-PG-PAYLOAD/REPRESENTATION-CHECK
owned-declaration	Effect4.Check.casesOn	Effect4.Schema.Representation	SCHEMA-PG-PAYLOAD/REPRESENTATION-CHECK
owned-declaration	Effect4.Check.cases_census	Effect4.Schema.Representation	SCHEMA-PG-PAYLOAD/REPRESENTATION-CHECK
owned-declaration	Effect4.Check.ctorElim	Effect4.Schema.Representation	SCHEMA-PG-PAYLOAD/REPRESENTATION-CHECK
owned-declaration	Effect4.Check.ctorElimType	Effect4.Schema.Representation	SCHEMA-PG-PAYLOAD/REPRESENTATION-CHECK
owned-declaration	Effect4.Check.ctorIdx	Effect4.Schema.Representation	SCHEMA-PG-PAYLOAD/REPRESENTATION-CHECK
owned-declaration	Effect4.Check.filter	Effect4.Schema.Representation	SCHEMA-PG-PAYLOAD/REPRESENTATION-CHECK
owned-declaration	Effect4.Check.filter.elim	Effect4.Schema.Representation	SCHEMA-PG-PAYLOAD/REPRESENTATION-CHECK
owned-declaration	Effect4.Check.filter.inj	Effect4.Schema.Representation	SCHEMA-PG-PAYLOAD/REPRESENTATION-CHECK
owned-declaration	Effect4.Check.filter.injEq	Effect4.Schema.Representation	SCHEMA-PG-PAYLOAD/REPRESENTATION-CHECK
owned-declaration	Effect4.Check.filter.noConfusion	Effect4.Schema.Representation	SCHEMA-PG-PAYLOAD/REPRESENTATION-CHECK
owned-declaration	Effect4.Check.filter.sizeOf_spec	Effect4.Schema.Representation	SCHEMA-PG-PAYLOAD/REPRESENTATION-CHECK
owned-declaration	Effect4.Check.filterGroup	Effect4.Schema.Representation	SCHEMA-PG-PAYLOAD/REPRESENTATION-CHECK
owned-declaration	Effect4.Check.filterGroup.elim	Effect4.Schema.Representation	SCHEMA-PG-PAYLOAD/REPRESENTATION-CHECK
owned-declaration	Effect4.Check.filterGroup.inj	Effect4.Schema.Representation	SCHEMA-PG-PAYLOAD/REPRESENTATION-CHECK
owned-declaration	Effect4.Check.filterGroup.injEq	Effect4.Schema.Representation	SCHEMA-PG-PAYLOAD/REPRESENTATION-CHECK
owned-declaration	Effect4.Check.filterGroup.noConfusion	Effect4.Schema.Representation	SCHEMA-PG-PAYLOAD/REPRESENTATION-CHECK
owned-declaration	Effect4.Check.filterGroup.sizeOf_spec	Effect4.Schema.Representation	SCHEMA-PG-PAYLOAD/REPRESENTATION-CHECK
owned-declaration	Effect4.Check.noConfusion	Effect4.Schema.Representation	SCHEMA-PG-PAYLOAD/REPRESENTATION-CHECK
owned-declaration	Effect4.Check.noConfusionType	Effect4.Schema.Representation	SCHEMA-PG-PAYLOAD/REPRESENTATION-CHECK
owned-declaration	Effect4.Check.rec	Effect4.Schema.Representation	SCHEMA-PG-PAYLOAD/REPRESENTATION-CHECK
owned-declaration	Effect4.Check.recOn	Effect4.Schema.Representation	SCHEMA-PG-PAYLOAD/REPRESENTATION-CHECK
owned-declaration	Effect4.Check.tag	Effect4.Schema.Representation	SCHEMA-PG-PAYLOAD/REPRESENTATION-CHECK
owned-declaration	Effect4.Check.tag.match_1	Effect4.Schema.Representation	SCHEMA-PG-PAYLOAD/REPRESENTATION-CHECK
owned-declaration	Effect4.Check.tag_surjective	Effect4.Schema.Representation	SCHEMA-PG-PAYLOAD/REPRESENTATION-CHECK
owned-declaration	Effect4.CheckRepresentationAnnotation	Effect4.Schema.Representation	SCHEMA-PG-PAYLOAD/REPRESENTATION-CHECK
owned-declaration	Effect4.CheckTag	Effect4.Schema.Representation	SCHEMA-LEAF-CHECK-TAG
owned-declaration	Effect4.CheckTag.casesOn	Effect4.Schema.Representation	SCHEMA-LEAF-CHECK-TAG
owned-declaration	Effect4.CheckTag.census	Effect4.Schema.Representation	SCHEMA-LEAF-CHECK-TAG
owned-declaration	Effect4.CheckTag.census_length	Effect4.Schema.Representation	SCHEMA-LEAF-CHECK-TAG
owned-declaration	Effect4.CheckTag.census_nodup	Effect4.Schema.Representation	SCHEMA-LEAF-CHECK-TAG
owned-declaration	Effect4.CheckTag.ctorElim	Effect4.Schema.Representation	SCHEMA-LEAF-CHECK-TAG
owned-declaration	Effect4.CheckTag.ctorElimType	Effect4.Schema.Representation	SCHEMA-LEAF-CHECK-TAG
owned-declaration	Effect4.CheckTag.ctorIdx	Effect4.Schema.Representation	SCHEMA-LEAF-CHECK-TAG
owned-declaration	Effect4.CheckTag.filter	Effect4.Schema.Representation	SCHEMA-LEAF-CHECK-TAG
owned-declaration	Effect4.CheckTag.filter.elim	Effect4.Schema.Representation	SCHEMA-LEAF-CHECK-TAG
owned-declaration	Effect4.CheckTag.filter.sizeOf_spec	Effect4.Schema.Representation	SCHEMA-LEAF-CHECK-TAG
owned-declaration	Effect4.CheckTag.filterGroup	Effect4.Schema.Representation	SCHEMA-LEAF-CHECK-TAG
owned-declaration	Effect4.CheckTag.filterGroup.elim	Effect4.Schema.Representation	SCHEMA-LEAF-CHECK-TAG
owned-declaration	Effect4.CheckTag.filterGroup.sizeOf_spec	Effect4.Schema.Representation	SCHEMA-LEAF-CHECK-TAG
owned-declaration	Effect4.CheckTag.mem_census	Effect4.Schema.Representation	SCHEMA-LEAF-CHECK-TAG
owned-declaration	Effect4.CheckTag.noConfusion	Effect4.Schema.Representation	SCHEMA-LEAF-CHECK-TAG
owned-declaration	Effect4.CheckTag.noConfusionType	Effect4.Schema.Representation	SCHEMA-LEAF-CHECK-TAG
owned-declaration	Effect4.CheckTag.ofNat	Effect4.Schema.Representation	SCHEMA-LEAF-CHECK-TAG
owned-declaration	Effect4.CheckTag.ofNat_ctorIdx	Effect4.Schema.Representation	SCHEMA-LEAF-CHECK-TAG
owned-declaration	Effect4.CheckTag.ofTagName	Effect4.Schema.Representation	SCHEMA-LEAF-CHECK-TAG
owned-declaration	Effect4.CheckTag.ofTagName.match_1	Effect4.Schema.Representation	SCHEMA-LEAF-CHECK-TAG
owned-declaration	Effect4.CheckTag.ofTagName_tagName	Effect4.Schema.Representation	SCHEMA-LEAF-CHECK-TAG
owned-declaration	Effect4.CheckTag.rec	Effect4.Schema.Representation	SCHEMA-LEAF-CHECK-TAG
owned-declaration	Effect4.CheckTag.recOn	Effect4.Schema.Representation	SCHEMA-LEAF-CHECK-TAG
owned-declaration	Effect4.CheckTag.tagName	Effect4.Schema.Representation	SCHEMA-LEAF-CHECK-TAG
owned-declaration	Effect4.CheckTag.tagName_injective	Effect4.Schema.Representation	SCHEMA-LEAF-CHECK-TAG
owned-declaration	Effect4.CheckTag.tagName_ofTagName	Effect4.Schema.Representation	SCHEMA-LEAF-CHECK-TAG
owned-declaration	Effect4.CheckTag.toCtorIdx	Effect4.Schema.Representation	SCHEMA-LEAF-CHECK-TAG
owned-declaration	Effect4.Element	Effect4.Schema.Representation	SCHEMA-PG-PAYLOAD/REPRESENTATION-CHECK
owned-declaration	Effect4.EnumValue.cases_census	Effect4.Schema.Representation	SCHEMA-PG-PAYLOAD/REPRESENTATION-CHECK
owned-declaration	Effect4.EnumValue.kind	Effect4.Schema.Representation	SCHEMA-PG-PAYLOAD/REPRESENTATION-CHECK
owned-declaration	Effect4.EnumValue.kind.match_1	Effect4.Schema.Representation	SCHEMA-PG-PAYLOAD/REPRESENTATION-CHECK
owned-declaration	Effect4.EnumValue.kind_surjective	Effect4.Schema.Representation	SCHEMA-PG-PAYLOAD/REPRESENTATION-CHECK
owned-declaration	Effect4.EnumValue.toLiteralValue	Effect4.Schema.Representation	SCHEMA-PG-PAYLOAD/REPRESENTATION-CHECK
owned-declaration	Effect4.EnumValue.toLiteralValue.eq_1	Effect4.Schema.Representation	SCHEMA-PG-PAYLOAD/REPRESENTATION-CHECK
owned-declaration	Effect4.EnumValue.toLiteralValue.eq_2	Effect4.Schema.Representation	SCHEMA-PG-PAYLOAD/REPRESENTATION-CHECK
owned-declaration	Effect4.EnumValue.toLiteralValue_injective	Effect4.Schema.Representation	SCHEMA-PG-PAYLOAD/REPRESENTATION-CHECK
owned-declaration	Effect4.EnumValue.toLiteralValue_kind	Effect4.Schema.Representation	SCHEMA-PG-PAYLOAD/REPRESENTATION-CHECK
owned-declaration	Effect4.EnumValue.toLiteralValue_number	Effect4.Schema.Representation	SCHEMA-PG-PAYLOAD/REPRESENTATION-CHECK
owned-declaration	Effect4.EnumValue.toLiteralValue_string	Effect4.Schema.Representation	SCHEMA-PG-PAYLOAD/REPRESENTATION-CHECK
owned-declaration	Effect4.EnumValueKind	Effect4.Schema.Representation	SCHEMA-LEAF-ENUM-VALUE-KIND
owned-declaration	Effect4.EnumValueKind.casesOn	Effect4.Schema.Representation	SCHEMA-LEAF-ENUM-VALUE-KIND
owned-declaration	Effect4.EnumValueKind.census	Effect4.Schema.Representation	SCHEMA-LEAF-ENUM-VALUE-KIND
owned-declaration	Effect4.EnumValueKind.census_length	Effect4.Schema.Representation	SCHEMA-LEAF-ENUM-VALUE-KIND
owned-declaration	Effect4.EnumValueKind.census_nodup	Effect4.Schema.Representation	SCHEMA-LEAF-ENUM-VALUE-KIND
owned-declaration	Effect4.EnumValueKind.ctorElim	Effect4.Schema.Representation	SCHEMA-LEAF-ENUM-VALUE-KIND
owned-declaration	Effect4.EnumValueKind.ctorElimType	Effect4.Schema.Representation	SCHEMA-LEAF-ENUM-VALUE-KIND
owned-declaration	Effect4.EnumValueKind.ctorIdx	Effect4.Schema.Representation	SCHEMA-LEAF-ENUM-VALUE-KIND
owned-declaration	Effect4.EnumValueKind.mem_census	Effect4.Schema.Representation	SCHEMA-LEAF-ENUM-VALUE-KIND
owned-declaration	Effect4.EnumValueKind.noConfusion	Effect4.Schema.Representation	SCHEMA-LEAF-ENUM-VALUE-KIND
owned-declaration	Effect4.EnumValueKind.noConfusionType	Effect4.Schema.Representation	SCHEMA-LEAF-ENUM-VALUE-KIND
owned-declaration	Effect4.EnumValueKind.number	Effect4.Schema.Representation	SCHEMA-LEAF-ENUM-VALUE-KIND
owned-declaration	Effect4.EnumValueKind.number.elim	Effect4.Schema.Representation	SCHEMA-LEAF-ENUM-VALUE-KIND
owned-declaration	Effect4.EnumValueKind.number.sizeOf_spec	Effect4.Schema.Representation	SCHEMA-LEAF-ENUM-VALUE-KIND
owned-declaration	Effect4.EnumValueKind.ofNat	Effect4.Schema.Representation	SCHEMA-LEAF-ENUM-VALUE-KIND
owned-declaration	Effect4.EnumValueKind.ofNat_ctorIdx	Effect4.Schema.Representation	SCHEMA-LEAF-ENUM-VALUE-KIND
owned-declaration	Effect4.EnumValueKind.rec	Effect4.Schema.Representation	SCHEMA-LEAF-ENUM-VALUE-KIND
owned-declaration	Effect4.EnumValueKind.recOn	Effect4.Schema.Representation	SCHEMA-LEAF-ENUM-VALUE-KIND
owned-declaration	Effect4.EnumValueKind.string	Effect4.Schema.Representation	SCHEMA-LEAF-ENUM-VALUE-KIND
owned-declaration	Effect4.EnumValueKind.string.elim	Effect4.Schema.Representation	SCHEMA-LEAF-ENUM-VALUE-KIND
owned-declaration	Effect4.EnumValueKind.string.sizeOf_spec	Effect4.Schema.Representation	SCHEMA-LEAF-ENUM-VALUE-KIND
owned-declaration	Effect4.EnumValueKind.toCtorIdx	Effect4.Schema.Representation	SCHEMA-LEAF-ENUM-VALUE-KIND
owned-declaration	Effect4.EnumValueKind.toLiteralKind	Effect4.Schema.Representation	SCHEMA-LEAF-ENUM-VALUE-KIND
owned-declaration	Effect4.EnumValueKind.toLiteralKind_injective	Effect4.Schema.Representation	SCHEMA-LEAF-ENUM-VALUE-KIND
owned-declaration	Effect4.EnumValueKind.toLiteralKind_ne_bigint	Effect4.Schema.Representation	SCHEMA-LEAF-ENUM-VALUE-KIND
owned-declaration	Effect4.EnumValueKind.toLiteralKind_ne_boolean	Effect4.Schema.Representation	SCHEMA-LEAF-ENUM-VALUE-KIND
owned-declaration	Effect4.IndexSignature	Effect4.Schema.Representation	SCHEMA-PG-PAYLOAD/REPRESENTATION-CHECK
owned-declaration	Effect4.LiteralKind	Effect4.Schema.Representation	SCHEMA-LEAF-LITERAL-KIND
owned-declaration	Effect4.LiteralKind.bigint	Effect4.Schema.Representation	SCHEMA-LEAF-LITERAL-KIND
owned-declaration	Effect4.LiteralKind.bigint.elim	Effect4.Schema.Representation	SCHEMA-LEAF-LITERAL-KIND
owned-declaration	Effect4.LiteralKind.bigint.sizeOf_spec	Effect4.Schema.Representation	SCHEMA-LEAF-LITERAL-KIND
owned-declaration	Effect4.LiteralKind.boolean	Effect4.Schema.Representation	SCHEMA-LEAF-LITERAL-KIND
owned-declaration	Effect4.LiteralKind.boolean.elim	Effect4.Schema.Representation	SCHEMA-LEAF-LITERAL-KIND
owned-declaration	Effect4.LiteralKind.boolean.sizeOf_spec	Effect4.Schema.Representation	SCHEMA-LEAF-LITERAL-KIND
owned-declaration	Effect4.LiteralKind.casesOn	Effect4.Schema.Representation	SCHEMA-LEAF-LITERAL-KIND
owned-declaration	Effect4.LiteralKind.census	Effect4.Schema.Representation	SCHEMA-LEAF-LITERAL-KIND
owned-declaration	Effect4.LiteralKind.census_length	Effect4.Schema.Representation	SCHEMA-LEAF-LITERAL-KIND
owned-declaration	Effect4.LiteralKind.census_nodup	Effect4.Schema.Representation	SCHEMA-LEAF-LITERAL-KIND
owned-declaration	Effect4.LiteralKind.ctorElim	Effect4.Schema.Representation	SCHEMA-LEAF-LITERAL-KIND
owned-declaration	Effect4.LiteralKind.ctorElimType	Effect4.Schema.Representation	SCHEMA-LEAF-LITERAL-KIND
owned-declaration	Effect4.LiteralKind.ctorIdx	Effect4.Schema.Representation	SCHEMA-LEAF-LITERAL-KIND
owned-declaration	Effect4.LiteralKind.mem_census	Effect4.Schema.Representation	SCHEMA-LEAF-LITERAL-KIND
owned-declaration	Effect4.LiteralKind.noConfusion	Effect4.Schema.Representation	SCHEMA-LEAF-LITERAL-KIND
owned-declaration	Effect4.LiteralKind.noConfusionType	Effect4.Schema.Representation	SCHEMA-LEAF-LITERAL-KIND
owned-declaration	Effect4.LiteralKind.number	Effect4.Schema.Representation	SCHEMA-LEAF-LITERAL-KIND
owned-declaration	Effect4.LiteralKind.number.elim	Effect4.Schema.Representation	SCHEMA-LEAF-LITERAL-KIND
owned-declaration	Effect4.LiteralKind.number.sizeOf_spec	Effect4.Schema.Representation	SCHEMA-LEAF-LITERAL-KIND
owned-declaration	Effect4.LiteralKind.ofNat	Effect4.Schema.Representation	SCHEMA-LEAF-LITERAL-KIND
owned-declaration	Effect4.LiteralKind.ofNat_ctorIdx	Effect4.Schema.Representation	SCHEMA-LEAF-LITERAL-KIND
owned-declaration	Effect4.LiteralKind.rec	Effect4.Schema.Representation	SCHEMA-LEAF-LITERAL-KIND
owned-declaration	Effect4.LiteralKind.recOn	Effect4.Schema.Representation	SCHEMA-LEAF-LITERAL-KIND
owned-declaration	Effect4.LiteralKind.string	Effect4.Schema.Representation	SCHEMA-LEAF-LITERAL-KIND
owned-declaration	Effect4.LiteralKind.string.elim	Effect4.Schema.Representation	SCHEMA-LEAF-LITERAL-KIND
owned-declaration	Effect4.LiteralKind.string.sizeOf_spec	Effect4.Schema.Representation	SCHEMA-LEAF-LITERAL-KIND
owned-declaration	Effect4.LiteralKind.toCtorIdx	Effect4.Schema.Representation	SCHEMA-LEAF-LITERAL-KIND
owned-declaration	Effect4.LiteralValue.cases_census	Effect4.Schema.Representation	SCHEMA-PG-PAYLOAD/REPRESENTATION-CHECK
owned-declaration	Effect4.LiteralValue.kind	Effect4.Schema.Representation	SCHEMA-PG-PAYLOAD/REPRESENTATION-CHECK
owned-declaration	Effect4.LiteralValue.kind.match_1	Effect4.Schema.Representation	SCHEMA-PG-PAYLOAD/REPRESENTATION-CHECK
owned-declaration	Effect4.LiteralValue.kind_surjective	Effect4.Schema.Representation	SCHEMA-PG-PAYLOAD/REPRESENTATION-CHECK
owned-declaration	Effect4.PropertyKey.cases_census	Effect4.Schema.Representation	SCHEMA-PG-PAYLOAD/REPRESENTATION-CHECK
owned-declaration	Effect4.PropertyKey.kind	Effect4.Schema.Representation	SCHEMA-PG-PAYLOAD/REPRESENTATION-CHECK
owned-declaration	Effect4.PropertyKey.kind.match_1	Effect4.Schema.Representation	SCHEMA-PG-PAYLOAD/REPRESENTATION-CHECK
owned-declaration	Effect4.PropertyKey.kind_surjective	Effect4.Schema.Representation	SCHEMA-PG-PAYLOAD/REPRESENTATION-CHECK
owned-declaration	Effect4.PropertyKeyKind	Effect4.Schema.Representation	SCHEMA-LEAF-PROPERTY-KEY-KIND
owned-declaration	Effect4.PropertyKeyKind.casesOn	Effect4.Schema.Representation	SCHEMA-LEAF-PROPERTY-KEY-KIND
owned-declaration	Effect4.PropertyKeyKind.census	Effect4.Schema.Representation	SCHEMA-LEAF-PROPERTY-KEY-KIND
owned-declaration	Effect4.PropertyKeyKind.census_length	Effect4.Schema.Representation	SCHEMA-LEAF-PROPERTY-KEY-KIND
owned-declaration	Effect4.PropertyKeyKind.census_nodup	Effect4.Schema.Representation	SCHEMA-LEAF-PROPERTY-KEY-KIND
owned-declaration	Effect4.PropertyKeyKind.ctorElim	Effect4.Schema.Representation	SCHEMA-LEAF-PROPERTY-KEY-KIND
owned-declaration	Effect4.PropertyKeyKind.ctorElimType	Effect4.Schema.Representation	SCHEMA-LEAF-PROPERTY-KEY-KIND
owned-declaration	Effect4.PropertyKeyKind.ctorIdx	Effect4.Schema.Representation	SCHEMA-LEAF-PROPERTY-KEY-KIND
owned-declaration	Effect4.PropertyKeyKind.globalSymbol	Effect4.Schema.Representation	SCHEMA-LEAF-PROPERTY-KEY-KIND
owned-declaration	Effect4.PropertyKeyKind.globalSymbol.elim	Effect4.Schema.Representation	SCHEMA-LEAF-PROPERTY-KEY-KIND
owned-declaration	Effect4.PropertyKeyKind.globalSymbol.sizeOf_spec	Effect4.Schema.Representation	SCHEMA-LEAF-PROPERTY-KEY-KIND
owned-declaration	Effect4.PropertyKeyKind.mem_census	Effect4.Schema.Representation	SCHEMA-LEAF-PROPERTY-KEY-KIND
owned-declaration	Effect4.PropertyKeyKind.noConfusion	Effect4.Schema.Representation	SCHEMA-LEAF-PROPERTY-KEY-KIND
owned-declaration	Effect4.PropertyKeyKind.noConfusionType	Effect4.Schema.Representation	SCHEMA-LEAF-PROPERTY-KEY-KIND
owned-declaration	Effect4.PropertyKeyKind.number	Effect4.Schema.Representation	SCHEMA-LEAF-PROPERTY-KEY-KIND
owned-declaration	Effect4.PropertyKeyKind.number.elim	Effect4.Schema.Representation	SCHEMA-LEAF-PROPERTY-KEY-KIND
owned-declaration	Effect4.PropertyKeyKind.number.sizeOf_spec	Effect4.Schema.Representation	SCHEMA-LEAF-PROPERTY-KEY-KIND
owned-declaration	Effect4.PropertyKeyKind.ofNat	Effect4.Schema.Representation	SCHEMA-LEAF-PROPERTY-KEY-KIND
owned-declaration	Effect4.PropertyKeyKind.ofNat_ctorIdx	Effect4.Schema.Representation	SCHEMA-LEAF-PROPERTY-KEY-KIND
owned-declaration	Effect4.PropertyKeyKind.rec	Effect4.Schema.Representation	SCHEMA-LEAF-PROPERTY-KEY-KIND
owned-declaration	Effect4.PropertyKeyKind.recOn	Effect4.Schema.Representation	SCHEMA-LEAF-PROPERTY-KEY-KIND
owned-declaration	Effect4.PropertyKeyKind.string	Effect4.Schema.Representation	SCHEMA-LEAF-PROPERTY-KEY-KIND
owned-declaration	Effect4.PropertyKeyKind.string.elim	Effect4.Schema.Representation	SCHEMA-LEAF-PROPERTY-KEY-KIND
owned-declaration	Effect4.PropertyKeyKind.string.sizeOf_spec	Effect4.Schema.Representation	SCHEMA-LEAF-PROPERTY-KEY-KIND
owned-declaration	Effect4.PropertyKeyKind.toCtorIdx	Effect4.Schema.Representation	SCHEMA-LEAF-PROPERTY-KEY-KIND
owned-declaration	Effect4.PropertySignature	Effect4.Schema.Representation	SCHEMA-PG-PAYLOAD/REPRESENTATION-CHECK
owned-declaration	Effect4.Representation	Effect4.Schema.Representation	SCHEMA-PG-PAYLOAD/REPRESENTATION-CHECK
owned-declaration	Effect4.Representation.absent_ne_empty_annotations	Effect4.Schema.Representation	SCHEMA-PG-PAYLOAD/REPRESENTATION-CHECK
owned-declaration	Effect4.Representation.any	Effect4.Schema.Representation	SCHEMA-PG-PAYLOAD/REPRESENTATION-CHECK
owned-declaration	Effect4.Representation.any.elim	Effect4.Schema.Representation	SCHEMA-PG-PAYLOAD/REPRESENTATION-CHECK
owned-declaration	Effect4.Representation.any.inj	Effect4.Schema.Representation	SCHEMA-PG-PAYLOAD/REPRESENTATION-CHECK
owned-declaration	Effect4.Representation.any.injEq	Effect4.Schema.Representation	SCHEMA-PG-PAYLOAD/REPRESENTATION-CHECK
owned-declaration	Effect4.Representation.any.noConfusion	Effect4.Schema.Representation	SCHEMA-PG-PAYLOAD/REPRESENTATION-CHECK
owned-declaration	Effect4.Representation.any.sizeOf_spec	Effect4.Schema.Representation	SCHEMA-PG-PAYLOAD/REPRESENTATION-CHECK
owned-declaration	Effect4.Representation.arrays	Effect4.Schema.Representation	SCHEMA-PG-PAYLOAD/REPRESENTATION-CHECK
owned-declaration	Effect4.Representation.arrays.elim	Effect4.Schema.Representation	SCHEMA-PG-PAYLOAD/REPRESENTATION-CHECK
owned-declaration	Effect4.Representation.arrays.inj	Effect4.Schema.Representation	SCHEMA-PG-PAYLOAD/REPRESENTATION-CHECK
owned-declaration	Effect4.Representation.arrays.injEq	Effect4.Schema.Representation	SCHEMA-PG-PAYLOAD/REPRESENTATION-CHECK
owned-declaration	Effect4.Representation.arrays.noConfusion	Effect4.Schema.Representation	SCHEMA-PG-PAYLOAD/REPRESENTATION-CHECK
owned-declaration	Effect4.Representation.arrays.sizeOf_spec	Effect4.Schema.Representation	SCHEMA-PG-PAYLOAD/REPRESENTATION-CHECK
owned-declaration	Effect4.Representation.below	Effect4.Schema.Representation	SCHEMA-PG-PAYLOAD/REPRESENTATION-CHECK
owned-declaration	Effect4.Representation.below_1	Effect4.Schema.Representation	SCHEMA-PG-PAYLOAD/REPRESENTATION-CHECK
owned-declaration	Effect4.Representation.below_10	Effect4.Schema.Representation	SCHEMA-PG-PAYLOAD/REPRESENTATION-CHECK
owned-declaration	Effect4.Representation.below_11	Effect4.Schema.Representation	SCHEMA-PG-PAYLOAD/REPRESENTATION-CHECK
owned-declaration	Effect4.Representation.below_2	Effect4.Schema.Representation	SCHEMA-PG-PAYLOAD/REPRESENTATION-CHECK
owned-declaration	Effect4.Representation.below_3	Effect4.Schema.Representation	SCHEMA-PG-PAYLOAD/REPRESENTATION-CHECK
owned-declaration	Effect4.Representation.below_4	Effect4.Schema.Representation	SCHEMA-PG-PAYLOAD/REPRESENTATION-CHECK
owned-declaration	Effect4.Representation.below_5	Effect4.Schema.Representation	SCHEMA-PG-PAYLOAD/REPRESENTATION-CHECK
owned-declaration	Effect4.Representation.below_6	Effect4.Schema.Representation	SCHEMA-PG-PAYLOAD/REPRESENTATION-CHECK
owned-declaration	Effect4.Representation.below_7	Effect4.Schema.Representation	SCHEMA-PG-PAYLOAD/REPRESENTATION-CHECK
owned-declaration	Effect4.Representation.below_8	Effect4.Schema.Representation	SCHEMA-PG-PAYLOAD/REPRESENTATION-CHECK
owned-declaration	Effect4.Representation.below_9	Effect4.Schema.Representation	SCHEMA-PG-PAYLOAD/REPRESENTATION-CHECK
owned-declaration	Effect4.Representation.bigint	Effect4.Schema.Representation	SCHEMA-PG-PAYLOAD/REPRESENTATION-CHECK
owned-declaration	Effect4.Representation.bigint.elim	Effect4.Schema.Representation	SCHEMA-PG-PAYLOAD/REPRESENTATION-CHECK
owned-declaration	Effect4.Representation.bigint.inj	Effect4.Schema.Representation	SCHEMA-PG-PAYLOAD/REPRESENTATION-CHECK
owned-declaration	Effect4.Representation.bigint.injEq	Effect4.Schema.Representation	SCHEMA-PG-PAYLOAD/REPRESENTATION-CHECK
owned-declaration	Effect4.Representation.bigint.noConfusion	Effect4.Schema.Representation	SCHEMA-PG-PAYLOAD/REPRESENTATION-CHECK
owned-declaration	Effect4.Representation.bigint.sizeOf_spec	Effect4.Schema.Representation	SCHEMA-PG-PAYLOAD/REPRESENTATION-CHECK
owned-declaration	Effect4.Representation.boolean	Effect4.Schema.Representation	SCHEMA-PG-PAYLOAD/REPRESENTATION-CHECK
owned-declaration	Effect4.Representation.boolean.elim	Effect4.Schema.Representation	SCHEMA-PG-PAYLOAD/REPRESENTATION-CHECK
owned-declaration	Effect4.Representation.boolean.inj	Effect4.Schema.Representation	SCHEMA-PG-PAYLOAD/REPRESENTATION-CHECK
owned-declaration	Effect4.Representation.boolean.injEq	Effect4.Schema.Representation	SCHEMA-PG-PAYLOAD/REPRESENTATION-CHECK
owned-declaration	Effect4.Representation.boolean.noConfusion	Effect4.Schema.Representation	SCHEMA-PG-PAYLOAD/REPRESENTATION-CHECK
owned-declaration	Effect4.Representation.boolean.sizeOf_spec	Effect4.Schema.Representation	SCHEMA-PG-PAYLOAD/REPRESENTATION-CHECK
owned-declaration	Effect4.Representation.brecOn	Effect4.Schema.Representation	SCHEMA-PG-PAYLOAD/REPRESENTATION-CHECK
owned-declaration	Effect4.Representation.brecOn.eq	Effect4.Schema.Representation	SCHEMA-PG-PAYLOAD/REPRESENTATION-CHECK
owned-declaration	Effect4.Representation.brecOn.go	Effect4.Schema.Representation	SCHEMA-PG-PAYLOAD/REPRESENTATION-CHECK
owned-declaration	Effect4.Representation.brecOn_1	Effect4.Schema.Representation	SCHEMA-PG-PAYLOAD/REPRESENTATION-CHECK
owned-declaration	Effect4.Representation.brecOn_1.eq	Effect4.Schema.Representation	SCHEMA-PG-PAYLOAD/REPRESENTATION-CHECK
owned-declaration	Effect4.Representation.brecOn_1.go	Effect4.Schema.Representation	SCHEMA-PG-PAYLOAD/REPRESENTATION-CHECK
owned-declaration	Effect4.Representation.brecOn_10	Effect4.Schema.Representation	SCHEMA-PG-PAYLOAD/REPRESENTATION-CHECK
owned-declaration	Effect4.Representation.brecOn_10.eq	Effect4.Schema.Representation	SCHEMA-PG-PAYLOAD/REPRESENTATION-CHECK
owned-declaration	Effect4.Representation.brecOn_10.go	Effect4.Schema.Representation	SCHEMA-PG-PAYLOAD/REPRESENTATION-CHECK
owned-declaration	Effect4.Representation.brecOn_11	Effect4.Schema.Representation	SCHEMA-PG-PAYLOAD/REPRESENTATION-CHECK
owned-declaration	Effect4.Representation.brecOn_11.eq	Effect4.Schema.Representation	SCHEMA-PG-PAYLOAD/REPRESENTATION-CHECK
owned-declaration	Effect4.Representation.brecOn_11.go	Effect4.Schema.Representation	SCHEMA-PG-PAYLOAD/REPRESENTATION-CHECK
owned-declaration	Effect4.Representation.brecOn_2	Effect4.Schema.Representation	SCHEMA-PG-PAYLOAD/REPRESENTATION-CHECK
owned-declaration	Effect4.Representation.brecOn_2.eq	Effect4.Schema.Representation	SCHEMA-PG-PAYLOAD/REPRESENTATION-CHECK
owned-declaration	Effect4.Representation.brecOn_2.go	Effect4.Schema.Representation	SCHEMA-PG-PAYLOAD/REPRESENTATION-CHECK
owned-declaration	Effect4.Representation.brecOn_3	Effect4.Schema.Representation	SCHEMA-PG-PAYLOAD/REPRESENTATION-CHECK
owned-declaration	Effect4.Representation.brecOn_3.eq	Effect4.Schema.Representation	SCHEMA-PG-PAYLOAD/REPRESENTATION-CHECK
owned-declaration	Effect4.Representation.brecOn_3.go	Effect4.Schema.Representation	SCHEMA-PG-PAYLOAD/REPRESENTATION-CHECK
owned-declaration	Effect4.Representation.brecOn_4	Effect4.Schema.Representation	SCHEMA-PG-PAYLOAD/REPRESENTATION-CHECK
owned-declaration	Effect4.Representation.brecOn_4.eq	Effect4.Schema.Representation	SCHEMA-PG-PAYLOAD/REPRESENTATION-CHECK
owned-declaration	Effect4.Representation.brecOn_4.go	Effect4.Schema.Representation	SCHEMA-PG-PAYLOAD/REPRESENTATION-CHECK
owned-declaration	Effect4.Representation.brecOn_5	Effect4.Schema.Representation	SCHEMA-PG-PAYLOAD/REPRESENTATION-CHECK
owned-declaration	Effect4.Representation.brecOn_5.eq	Effect4.Schema.Representation	SCHEMA-PG-PAYLOAD/REPRESENTATION-CHECK
owned-declaration	Effect4.Representation.brecOn_5.go	Effect4.Schema.Representation	SCHEMA-PG-PAYLOAD/REPRESENTATION-CHECK
owned-declaration	Effect4.Representation.brecOn_6	Effect4.Schema.Representation	SCHEMA-PG-PAYLOAD/REPRESENTATION-CHECK
owned-declaration	Effect4.Representation.brecOn_6.eq	Effect4.Schema.Representation	SCHEMA-PG-PAYLOAD/REPRESENTATION-CHECK
owned-declaration	Effect4.Representation.brecOn_6.go	Effect4.Schema.Representation	SCHEMA-PG-PAYLOAD/REPRESENTATION-CHECK
owned-declaration	Effect4.Representation.brecOn_7	Effect4.Schema.Representation	SCHEMA-PG-PAYLOAD/REPRESENTATION-CHECK
owned-declaration	Effect4.Representation.brecOn_7.eq	Effect4.Schema.Representation	SCHEMA-PG-PAYLOAD/REPRESENTATION-CHECK
owned-declaration	Effect4.Representation.brecOn_7.go	Effect4.Schema.Representation	SCHEMA-PG-PAYLOAD/REPRESENTATION-CHECK
owned-declaration	Effect4.Representation.brecOn_8	Effect4.Schema.Representation	SCHEMA-PG-PAYLOAD/REPRESENTATION-CHECK
owned-declaration	Effect4.Representation.brecOn_8.eq	Effect4.Schema.Representation	SCHEMA-PG-PAYLOAD/REPRESENTATION-CHECK
owned-declaration	Effect4.Representation.brecOn_8.go	Effect4.Schema.Representation	SCHEMA-PG-PAYLOAD/REPRESENTATION-CHECK
owned-declaration	Effect4.Representation.brecOn_9	Effect4.Schema.Representation	SCHEMA-PG-PAYLOAD/REPRESENTATION-CHECK
owned-declaration	Effect4.Representation.brecOn_9.eq	Effect4.Schema.Representation	SCHEMA-PG-PAYLOAD/REPRESENTATION-CHECK
owned-declaration	Effect4.Representation.brecOn_9.go	Effect4.Schema.Representation	SCHEMA-PG-PAYLOAD/REPRESENTATION-CHECK
owned-declaration	Effect4.Representation.casesOn	Effect4.Schema.Representation	SCHEMA-PG-PAYLOAD/REPRESENTATION-CHECK
owned-declaration	Effect4.Representation.cases_census	Effect4.Schema.Representation	SCHEMA-PG-PAYLOAD/REPRESENTATION-CHECK
owned-declaration	Effect4.Representation.ctorElim	Effect4.Schema.Representation	SCHEMA-PG-PAYLOAD/REPRESENTATION-CHECK
owned-declaration	Effect4.Representation.ctorElimType	Effect4.Schema.Representation	SCHEMA-PG-PAYLOAD/REPRESENTATION-CHECK
owned-declaration	Effect4.Representation.ctorIdx	Effect4.Schema.Representation	SCHEMA-PG-PAYLOAD/REPRESENTATION-CHECK
owned-declaration	Effect4.Representation.declaration	Effect4.Schema.Representation	SCHEMA-PG-PAYLOAD/REPRESENTATION-CHECK
owned-declaration	Effect4.Representation.declaration.elim	Effect4.Schema.Representation	SCHEMA-PG-PAYLOAD/REPRESENTATION-CHECK
owned-declaration	Effect4.Representation.declaration.inj	Effect4.Schema.Representation	SCHEMA-PG-PAYLOAD/REPRESENTATION-CHECK
owned-declaration	Effect4.Representation.declaration.injEq	Effect4.Schema.Representation	SCHEMA-PG-PAYLOAD/REPRESENTATION-CHECK
owned-declaration	Effect4.Representation.declaration.noConfusion	Effect4.Schema.Representation	SCHEMA-PG-PAYLOAD/REPRESENTATION-CHECK
owned-declaration	Effect4.Representation.declaration.sizeOf_spec	Effect4.Schema.Representation	SCHEMA-PG-PAYLOAD/REPRESENTATION-CHECK
owned-declaration	Effect4.Representation.enum	Effect4.Schema.Representation	SCHEMA-PG-PAYLOAD/REPRESENTATION-CHECK
owned-declaration	Effect4.Representation.enum.elim	Effect4.Schema.Representation	SCHEMA-PG-PAYLOAD/REPRESENTATION-CHECK
owned-declaration	Effect4.Representation.enum.inj	Effect4.Schema.Representation	SCHEMA-PG-PAYLOAD/REPRESENTATION-CHECK
owned-declaration	Effect4.Representation.enum.injEq	Effect4.Schema.Representation	SCHEMA-PG-PAYLOAD/REPRESENTATION-CHECK
owned-declaration	Effect4.Representation.enum.noConfusion	Effect4.Schema.Representation	SCHEMA-PG-PAYLOAD/REPRESENTATION-CHECK
owned-declaration	Effect4.Representation.enum.sizeOf_spec	Effect4.Schema.Representation	SCHEMA-PG-PAYLOAD/REPRESENTATION-CHECK
owned-declaration	Effect4.Representation.literal	Effect4.Schema.Representation	SCHEMA-PG-PAYLOAD/REPRESENTATION-CHECK
owned-declaration	Effect4.Representation.literal.elim	Effect4.Schema.Representation	SCHEMA-PG-PAYLOAD/REPRESENTATION-CHECK
owned-declaration	Effect4.Representation.literal.inj	Effect4.Schema.Representation	SCHEMA-PG-PAYLOAD/REPRESENTATION-CHECK
owned-declaration	Effect4.Representation.literal.injEq	Effect4.Schema.Representation	SCHEMA-PG-PAYLOAD/REPRESENTATION-CHECK
owned-declaration	Effect4.Representation.literal.noConfusion	Effect4.Schema.Representation	SCHEMA-PG-PAYLOAD/REPRESENTATION-CHECK
owned-declaration	Effect4.Representation.literal.sizeOf_spec	Effect4.Schema.Representation	SCHEMA-PG-PAYLOAD/REPRESENTATION-CHECK
owned-declaration	Effect4.Representation.never	Effect4.Schema.Representation	SCHEMA-PG-PAYLOAD/REPRESENTATION-CHECK
owned-declaration	Effect4.Representation.never.elim	Effect4.Schema.Representation	SCHEMA-PG-PAYLOAD/REPRESENTATION-CHECK
owned-declaration	Effect4.Representation.never.inj	Effect4.Schema.Representation	SCHEMA-PG-PAYLOAD/REPRESENTATION-CHECK
owned-declaration	Effect4.Representation.never.injEq	Effect4.Schema.Representation	SCHEMA-PG-PAYLOAD/REPRESENTATION-CHECK
owned-declaration	Effect4.Representation.never.noConfusion	Effect4.Schema.Representation	SCHEMA-PG-PAYLOAD/REPRESENTATION-CHECK
owned-declaration	Effect4.Representation.never.sizeOf_spec	Effect4.Schema.Representation	SCHEMA-PG-PAYLOAD/REPRESENTATION-CHECK
owned-declaration	Effect4.Representation.noConfusion	Effect4.Schema.Representation	SCHEMA-PG-PAYLOAD/REPRESENTATION-CHECK
owned-declaration	Effect4.Representation.noConfusionType	Effect4.Schema.Representation	SCHEMA-PG-PAYLOAD/REPRESENTATION-CHECK
owned-declaration	Effect4.Representation.null	Effect4.Schema.Representation	SCHEMA-PG-PAYLOAD/REPRESENTATION-CHECK
owned-declaration	Effect4.Representation.null.elim	Effect4.Schema.Representation	SCHEMA-PG-PAYLOAD/REPRESENTATION-CHECK
owned-declaration	Effect4.Representation.null.inj	Effect4.Schema.Representation	SCHEMA-PG-PAYLOAD/REPRESENTATION-CHECK
owned-declaration	Effect4.Representation.null.injEq	Effect4.Schema.Representation	SCHEMA-PG-PAYLOAD/REPRESENTATION-CHECK
owned-declaration	Effect4.Representation.null.noConfusion	Effect4.Schema.Representation	SCHEMA-PG-PAYLOAD/REPRESENTATION-CHECK
owned-declaration	Effect4.Representation.null.sizeOf_spec	Effect4.Schema.Representation	SCHEMA-PG-PAYLOAD/REPRESENTATION-CHECK
owned-declaration	Effect4.Representation.number	Effect4.Schema.Representation	SCHEMA-PG-PAYLOAD/REPRESENTATION-CHECK
owned-declaration	Effect4.Representation.number.elim	Effect4.Schema.Representation	SCHEMA-PG-PAYLOAD/REPRESENTATION-CHECK
owned-declaration	Effect4.Representation.number.inj	Effect4.Schema.Representation	SCHEMA-PG-PAYLOAD/REPRESENTATION-CHECK
owned-declaration	Effect4.Representation.number.injEq	Effect4.Schema.Representation	SCHEMA-PG-PAYLOAD/REPRESENTATION-CHECK
owned-declaration	Effect4.Representation.number.noConfusion	Effect4.Schema.Representation	SCHEMA-PG-PAYLOAD/REPRESENTATION-CHECK
owned-declaration	Effect4.Representation.number.sizeOf_spec	Effect4.Schema.Representation	SCHEMA-PG-PAYLOAD/REPRESENTATION-CHECK
owned-declaration	Effect4.Representation.objectKeyword	Effect4.Schema.Representation	SCHEMA-PG-PAYLOAD/REPRESENTATION-CHECK
owned-declaration	Effect4.Representation.objectKeyword.elim	Effect4.Schema.Representation	SCHEMA-PG-PAYLOAD/REPRESENTATION-CHECK
owned-declaration	Effect4.Representation.objectKeyword.inj	Effect4.Schema.Representation	SCHEMA-PG-PAYLOAD/REPRESENTATION-CHECK
owned-declaration	Effect4.Representation.objectKeyword.injEq	Effect4.Schema.Representation	SCHEMA-PG-PAYLOAD/REPRESENTATION-CHECK
owned-declaration	Effect4.Representation.objectKeyword.noConfusion	Effect4.Schema.Representation	SCHEMA-PG-PAYLOAD/REPRESENTATION-CHECK
owned-declaration	Effect4.Representation.objectKeyword.sizeOf_spec	Effect4.Schema.Representation	SCHEMA-PG-PAYLOAD/REPRESENTATION-CHECK
owned-declaration	Effect4.Representation.objects	Effect4.Schema.Representation	SCHEMA-PG-PAYLOAD/REPRESENTATION-CHECK
owned-declaration	Effect4.Representation.objects.elim	Effect4.Schema.Representation	SCHEMA-PG-PAYLOAD/REPRESENTATION-CHECK
owned-declaration	Effect4.Representation.objects.inj	Effect4.Schema.Representation	SCHEMA-PG-PAYLOAD/REPRESENTATION-CHECK
owned-declaration	Effect4.Representation.objects.injEq	Effect4.Schema.Representation	SCHEMA-PG-PAYLOAD/REPRESENTATION-CHECK
owned-declaration	Effect4.Representation.objects.noConfusion	Effect4.Schema.Representation	SCHEMA-PG-PAYLOAD/REPRESENTATION-CHECK
owned-declaration	Effect4.Representation.objects.sizeOf_spec	Effect4.Schema.Representation	SCHEMA-PG-PAYLOAD/REPRESENTATION-CHECK
owned-declaration	Effect4.Representation.rec	Effect4.Schema.Representation	SCHEMA-PG-PAYLOAD/REPRESENTATION-CHECK
owned-declaration	Effect4.Representation.recOn	Effect4.Schema.Representation	SCHEMA-PG-PAYLOAD/REPRESENTATION-CHECK
owned-declaration	Effect4.Representation.rec_1	Effect4.Schema.Representation	SCHEMA-PG-PAYLOAD/REPRESENTATION-CHECK
owned-declaration	Effect4.Representation.rec_10	Effect4.Schema.Representation	SCHEMA-PG-PAYLOAD/REPRESENTATION-CHECK
owned-declaration	Effect4.Representation.rec_11	Effect4.Schema.Representation	SCHEMA-PG-PAYLOAD/REPRESENTATION-CHECK
owned-declaration	Effect4.Representation.rec_2	Effect4.Schema.Representation	SCHEMA-PG-PAYLOAD/REPRESENTATION-CHECK
owned-declaration	Effect4.Representation.rec_3	Effect4.Schema.Representation	SCHEMA-PG-PAYLOAD/REPRESENTATION-CHECK
owned-declaration	Effect4.Representation.rec_4	Effect4.Schema.Representation	SCHEMA-PG-PAYLOAD/REPRESENTATION-CHECK
owned-declaration	Effect4.Representation.rec_5	Effect4.Schema.Representation	SCHEMA-PG-PAYLOAD/REPRESENTATION-CHECK
owned-declaration	Effect4.Representation.rec_6	Effect4.Schema.Representation	SCHEMA-PG-PAYLOAD/REPRESENTATION-CHECK
owned-declaration	Effect4.Representation.rec_7	Effect4.Schema.Representation	SCHEMA-PG-PAYLOAD/REPRESENTATION-CHECK
owned-declaration	Effect4.Representation.rec_8	Effect4.Schema.Representation	SCHEMA-PG-PAYLOAD/REPRESENTATION-CHECK
owned-declaration	Effect4.Representation.rec_9	Effect4.Schema.Representation	SCHEMA-PG-PAYLOAD/REPRESENTATION-CHECK
owned-declaration	Effect4.Representation.reference	Effect4.Schema.Representation	SCHEMA-PG-PAYLOAD/REPRESENTATION-CHECK
owned-declaration	Effect4.Representation.reference.elim	Effect4.Schema.Representation	SCHEMA-PG-PAYLOAD/REPRESENTATION-CHECK
owned-declaration	Effect4.Representation.reference.inj	Effect4.Schema.Representation	SCHEMA-PG-PAYLOAD/REPRESENTATION-CHECK
owned-declaration	Effect4.Representation.reference.injEq	Effect4.Schema.Representation	SCHEMA-PG-PAYLOAD/REPRESENTATION-CHECK
owned-declaration	Effect4.Representation.reference.noConfusion	Effect4.Schema.Representation	SCHEMA-PG-PAYLOAD/REPRESENTATION-CHECK
owned-declaration	Effect4.Representation.reference.sizeOf_spec	Effect4.Schema.Representation	SCHEMA-PG-PAYLOAD/REPRESENTATION-CHECK
owned-declaration	Effect4.Representation.string	Effect4.Schema.Representation	SCHEMA-PG-PAYLOAD/REPRESENTATION-CHECK
owned-declaration	Effect4.Representation.string.elim	Effect4.Schema.Representation	SCHEMA-PG-PAYLOAD/REPRESENTATION-CHECK
owned-declaration	Effect4.Representation.string.inj	Effect4.Schema.Representation	SCHEMA-PG-PAYLOAD/REPRESENTATION-CHECK
owned-declaration	Effect4.Representation.string.injEq	Effect4.Schema.Representation	SCHEMA-PG-PAYLOAD/REPRESENTATION-CHECK
owned-declaration	Effect4.Representation.string.noConfusion	Effect4.Schema.Representation	SCHEMA-PG-PAYLOAD/REPRESENTATION-CHECK
owned-declaration	Effect4.Representation.string.sizeOf_spec	Effect4.Schema.Representation	SCHEMA-PG-PAYLOAD/REPRESENTATION-CHECK
owned-declaration	Effect4.Representation.suspend	Effect4.Schema.Representation	SCHEMA-PG-PAYLOAD/REPRESENTATION-CHECK
owned-declaration	Effect4.Representation.suspend.elim	Effect4.Schema.Representation	SCHEMA-PG-PAYLOAD/REPRESENTATION-CHECK
owned-declaration	Effect4.Representation.suspend.inj	Effect4.Schema.Representation	SCHEMA-PG-PAYLOAD/REPRESENTATION-CHECK
owned-declaration	Effect4.Representation.suspend.injEq	Effect4.Schema.Representation	SCHEMA-PG-PAYLOAD/REPRESENTATION-CHECK
owned-declaration	Effect4.Representation.suspend.noConfusion	Effect4.Schema.Representation	SCHEMA-PG-PAYLOAD/REPRESENTATION-CHECK
owned-declaration	Effect4.Representation.suspend.sizeOf_spec	Effect4.Schema.Representation	SCHEMA-PG-PAYLOAD/REPRESENTATION-CHECK
owned-declaration	Effect4.Representation.symbol	Effect4.Schema.Representation	SCHEMA-PG-PAYLOAD/REPRESENTATION-CHECK
owned-declaration	Effect4.Representation.symbol.elim	Effect4.Schema.Representation	SCHEMA-PG-PAYLOAD/REPRESENTATION-CHECK
owned-declaration	Effect4.Representation.symbol.inj	Effect4.Schema.Representation	SCHEMA-PG-PAYLOAD/REPRESENTATION-CHECK
owned-declaration	Effect4.Representation.symbol.injEq	Effect4.Schema.Representation	SCHEMA-PG-PAYLOAD/REPRESENTATION-CHECK
owned-declaration	Effect4.Representation.symbol.noConfusion	Effect4.Schema.Representation	SCHEMA-PG-PAYLOAD/REPRESENTATION-CHECK
owned-declaration	Effect4.Representation.symbol.sizeOf_spec	Effect4.Schema.Representation	SCHEMA-PG-PAYLOAD/REPRESENTATION-CHECK
owned-declaration	Effect4.Representation.tag	Effect4.Schema.Representation	SCHEMA-PG-PAYLOAD/REPRESENTATION-CHECK
owned-declaration	Effect4.Representation.tag.match_1	Effect4.Schema.Representation	SCHEMA-PG-PAYLOAD/REPRESENTATION-CHECK
owned-declaration	Effect4.Representation.tag_surjective	Effect4.Schema.Representation	SCHEMA-PG-PAYLOAD/REPRESENTATION-CHECK
owned-declaration	Effect4.Representation.templateLiteral	Effect4.Schema.Representation	SCHEMA-PG-PAYLOAD/REPRESENTATION-CHECK
owned-declaration	Effect4.Representation.templateLiteral.elim	Effect4.Schema.Representation	SCHEMA-PG-PAYLOAD/REPRESENTATION-CHECK
owned-declaration	Effect4.Representation.templateLiteral.inj	Effect4.Schema.Representation	SCHEMA-PG-PAYLOAD/REPRESENTATION-CHECK
owned-declaration	Effect4.Representation.templateLiteral.injEq	Effect4.Schema.Representation	SCHEMA-PG-PAYLOAD/REPRESENTATION-CHECK
owned-declaration	Effect4.Representation.templateLiteral.noConfusion	Effect4.Schema.Representation	SCHEMA-PG-PAYLOAD/REPRESENTATION-CHECK
owned-declaration	Effect4.Representation.templateLiteral.sizeOf_spec	Effect4.Schema.Representation	SCHEMA-PG-PAYLOAD/REPRESENTATION-CHECK
owned-declaration	Effect4.Representation.undefined	Effect4.Schema.Representation	SCHEMA-PG-PAYLOAD/REPRESENTATION-CHECK
owned-declaration	Effect4.Representation.undefined.elim	Effect4.Schema.Representation	SCHEMA-PG-PAYLOAD/REPRESENTATION-CHECK
owned-declaration	Effect4.Representation.undefined.inj	Effect4.Schema.Representation	SCHEMA-PG-PAYLOAD/REPRESENTATION-CHECK
owned-declaration	Effect4.Representation.undefined.injEq	Effect4.Schema.Representation	SCHEMA-PG-PAYLOAD/REPRESENTATION-CHECK
owned-declaration	Effect4.Representation.undefined.noConfusion	Effect4.Schema.Representation	SCHEMA-PG-PAYLOAD/REPRESENTATION-CHECK
owned-declaration	Effect4.Representation.undefined.sizeOf_spec	Effect4.Schema.Representation	SCHEMA-PG-PAYLOAD/REPRESENTATION-CHECK
owned-declaration	Effect4.Representation.union	Effect4.Schema.Representation	SCHEMA-PG-PAYLOAD/REPRESENTATION-CHECK
owned-declaration	Effect4.Representation.union.elim	Effect4.Schema.Representation	SCHEMA-PG-PAYLOAD/REPRESENTATION-CHECK
owned-declaration	Effect4.Representation.union.inj	Effect4.Schema.Representation	SCHEMA-PG-PAYLOAD/REPRESENTATION-CHECK
owned-declaration	Effect4.Representation.union.injEq	Effect4.Schema.Representation	SCHEMA-PG-PAYLOAD/REPRESENTATION-CHECK
owned-declaration	Effect4.Representation.union.noConfusion	Effect4.Schema.Representation	SCHEMA-PG-PAYLOAD/REPRESENTATION-CHECK
owned-declaration	Effect4.Representation.union.sizeOf_spec	Effect4.Schema.Representation	SCHEMA-PG-PAYLOAD/REPRESENTATION-CHECK
owned-declaration	Effect4.Representation.uniqueSymbol	Effect4.Schema.Representation	SCHEMA-PG-PAYLOAD/REPRESENTATION-CHECK
owned-declaration	Effect4.Representation.uniqueSymbol.elim	Effect4.Schema.Representation	SCHEMA-PG-PAYLOAD/REPRESENTATION-CHECK
owned-declaration	Effect4.Representation.uniqueSymbol.inj	Effect4.Schema.Representation	SCHEMA-PG-PAYLOAD/REPRESENTATION-CHECK
owned-declaration	Effect4.Representation.uniqueSymbol.injEq	Effect4.Schema.Representation	SCHEMA-PG-PAYLOAD/REPRESENTATION-CHECK
owned-declaration	Effect4.Representation.uniqueSymbol.noConfusion	Effect4.Schema.Representation	SCHEMA-PG-PAYLOAD/REPRESENTATION-CHECK
owned-declaration	Effect4.Representation.uniqueSymbol.sizeOf_spec	Effect4.Schema.Representation	SCHEMA-PG-PAYLOAD/REPRESENTATION-CHECK
owned-declaration	Effect4.Representation.unknown	Effect4.Schema.Representation	SCHEMA-PG-PAYLOAD/REPRESENTATION-CHECK
owned-declaration	Effect4.Representation.unknown.elim	Effect4.Schema.Representation	SCHEMA-PG-PAYLOAD/REPRESENTATION-CHECK
owned-declaration	Effect4.Representation.unknown.inj	Effect4.Schema.Representation	SCHEMA-PG-PAYLOAD/REPRESENTATION-CHECK
owned-declaration	Effect4.Representation.unknown.injEq	Effect4.Schema.Representation	SCHEMA-PG-PAYLOAD/REPRESENTATION-CHECK
owned-declaration	Effect4.Representation.unknown.noConfusion	Effect4.Schema.Representation	SCHEMA-PG-PAYLOAD/REPRESENTATION-CHECK
owned-declaration	Effect4.Representation.unknown.sizeOf_spec	Effect4.Schema.Representation	SCHEMA-PG-PAYLOAD/REPRESENTATION-CHECK
owned-declaration	Effect4.Representation.void	Effect4.Schema.Representation	SCHEMA-PG-PAYLOAD/REPRESENTATION-CHECK
owned-declaration	Effect4.Representation.void.elim	Effect4.Schema.Representation	SCHEMA-PG-PAYLOAD/REPRESENTATION-CHECK
owned-declaration	Effect4.Representation.void.inj	Effect4.Schema.Representation	SCHEMA-PG-PAYLOAD/REPRESENTATION-CHECK
owned-declaration	Effect4.Representation.void.injEq	Effect4.Schema.Representation	SCHEMA-PG-PAYLOAD/REPRESENTATION-CHECK
owned-declaration	Effect4.Representation.void.noConfusion	Effect4.Schema.Representation	SCHEMA-PG-PAYLOAD/REPRESENTATION-CHECK
owned-declaration	Effect4.Representation.void.sizeOf_spec	Effect4.Schema.Representation	SCHEMA-PG-PAYLOAD/REPRESENTATION-CHECK
owned-declaration	Effect4.RepresentationTag	Effect4.Schema.Representation	SCHEMA-PG-REPRESENTATION-TAG
owned-declaration	Effect4.RepresentationTag.any	Effect4.Schema.Representation	SCHEMA-PG-REPRESENTATION-TAG
owned-declaration	Effect4.RepresentationTag.any.elim	Effect4.Schema.Representation	SCHEMA-PG-REPRESENTATION-TAG
owned-declaration	Effect4.RepresentationTag.any.sizeOf_spec	Effect4.Schema.Representation	SCHEMA-PG-REPRESENTATION-TAG
owned-declaration	Effect4.RepresentationTag.arrays	Effect4.Schema.Representation	SCHEMA-PG-REPRESENTATION-TAG
owned-declaration	Effect4.RepresentationTag.arrays.elim	Effect4.Schema.Representation	SCHEMA-PG-REPRESENTATION-TAG
owned-declaration	Effect4.RepresentationTag.arrays.sizeOf_spec	Effect4.Schema.Representation	SCHEMA-PG-REPRESENTATION-TAG
owned-declaration	Effect4.RepresentationTag.bigint	Effect4.Schema.Representation	SCHEMA-PG-REPRESENTATION-TAG
owned-declaration	Effect4.RepresentationTag.bigint.elim	Effect4.Schema.Representation	SCHEMA-PG-REPRESENTATION-TAG
owned-declaration	Effect4.RepresentationTag.bigint.sizeOf_spec	Effect4.Schema.Representation	SCHEMA-PG-REPRESENTATION-TAG
owned-declaration	Effect4.RepresentationTag.boolean	Effect4.Schema.Representation	SCHEMA-PG-REPRESENTATION-TAG
owned-declaration	Effect4.RepresentationTag.boolean.elim	Effect4.Schema.Representation	SCHEMA-PG-REPRESENTATION-TAG
owned-declaration	Effect4.RepresentationTag.boolean.sizeOf_spec	Effect4.Schema.Representation	SCHEMA-PG-REPRESENTATION-TAG
owned-declaration	Effect4.RepresentationTag.casesOn	Effect4.Schema.Representation	SCHEMA-PG-REPRESENTATION-TAG
owned-declaration	Effect4.RepresentationTag.census	Effect4.Schema.Representation	SCHEMA-PG-REPRESENTATION-TAG
owned-declaration	Effect4.RepresentationTag.census_length	Effect4.Schema.Representation	SCHEMA-PG-REPRESENTATION-TAG
owned-declaration	Effect4.RepresentationTag.census_nodup	Effect4.Schema.Representation	SCHEMA-PG-REPRESENTATION-TAG
owned-declaration	Effect4.RepresentationTag.ctorElim	Effect4.Schema.Representation	SCHEMA-PG-REPRESENTATION-TAG
owned-declaration	Effect4.RepresentationTag.ctorElimType	Effect4.Schema.Representation	SCHEMA-PG-REPRESENTATION-TAG
owned-declaration	Effect4.RepresentationTag.ctorIdx	Effect4.Schema.Representation	SCHEMA-PG-REPRESENTATION-TAG
owned-declaration	Effect4.RepresentationTag.declaration	Effect4.Schema.Representation	SCHEMA-PG-REPRESENTATION-TAG
owned-declaration	Effect4.RepresentationTag.declaration.elim	Effect4.Schema.Representation	SCHEMA-PG-REPRESENTATION-TAG
owned-declaration	Effect4.RepresentationTag.declaration.sizeOf_spec	Effect4.Schema.Representation	SCHEMA-PG-REPRESENTATION-TAG
owned-declaration	Effect4.RepresentationTag.enum	Effect4.Schema.Representation	SCHEMA-PG-REPRESENTATION-TAG
owned-declaration	Effect4.RepresentationTag.enum.elim	Effect4.Schema.Representation	SCHEMA-PG-REPRESENTATION-TAG
owned-declaration	Effect4.RepresentationTag.enum.sizeOf_spec	Effect4.Schema.Representation	SCHEMA-PG-REPRESENTATION-TAG
owned-declaration	Effect4.RepresentationTag.literal	Effect4.Schema.Representation	SCHEMA-PG-REPRESENTATION-TAG
owned-declaration	Effect4.RepresentationTag.literal.elim	Effect4.Schema.Representation	SCHEMA-PG-REPRESENTATION-TAG
owned-declaration	Effect4.RepresentationTag.literal.sizeOf_spec	Effect4.Schema.Representation	SCHEMA-PG-REPRESENTATION-TAG
owned-declaration	Effect4.RepresentationTag.mem_census	Effect4.Schema.Representation	SCHEMA-PG-REPRESENTATION-TAG
owned-declaration	Effect4.RepresentationTag.never	Effect4.Schema.Representation	SCHEMA-PG-REPRESENTATION-TAG
owned-declaration	Effect4.RepresentationTag.never.elim	Effect4.Schema.Representation	SCHEMA-PG-REPRESENTATION-TAG
owned-declaration	Effect4.RepresentationTag.never.sizeOf_spec	Effect4.Schema.Representation	SCHEMA-PG-REPRESENTATION-TAG
owned-declaration	Effect4.RepresentationTag.noConfusion	Effect4.Schema.Representation	SCHEMA-PG-REPRESENTATION-TAG
owned-declaration	Effect4.RepresentationTag.noConfusionType	Effect4.Schema.Representation	SCHEMA-PG-REPRESENTATION-TAG
owned-declaration	Effect4.RepresentationTag.null	Effect4.Schema.Representation	SCHEMA-PG-REPRESENTATION-TAG
owned-declaration	Effect4.RepresentationTag.null.elim	Effect4.Schema.Representation	SCHEMA-PG-REPRESENTATION-TAG
owned-declaration	Effect4.RepresentationTag.null.sizeOf_spec	Effect4.Schema.Representation	SCHEMA-PG-REPRESENTATION-TAG
owned-declaration	Effect4.RepresentationTag.number	Effect4.Schema.Representation	SCHEMA-PG-REPRESENTATION-TAG
owned-declaration	Effect4.RepresentationTag.number.elim	Effect4.Schema.Representation	SCHEMA-PG-REPRESENTATION-TAG
owned-declaration	Effect4.RepresentationTag.number.sizeOf_spec	Effect4.Schema.Representation	SCHEMA-PG-REPRESENTATION-TAG
owned-declaration	Effect4.RepresentationTag.objectKeyword	Effect4.Schema.Representation	SCHEMA-PG-REPRESENTATION-TAG
owned-declaration	Effect4.RepresentationTag.objectKeyword.elim	Effect4.Schema.Representation	SCHEMA-PG-REPRESENTATION-TAG
owned-declaration	Effect4.RepresentationTag.objectKeyword.sizeOf_spec	Effect4.Schema.Representation	SCHEMA-PG-REPRESENTATION-TAG
owned-declaration	Effect4.RepresentationTag.objects	Effect4.Schema.Representation	SCHEMA-PG-REPRESENTATION-TAG
owned-declaration	Effect4.RepresentationTag.objects.elim	Effect4.Schema.Representation	SCHEMA-PG-REPRESENTATION-TAG
owned-declaration	Effect4.RepresentationTag.objects.sizeOf_spec	Effect4.Schema.Representation	SCHEMA-PG-REPRESENTATION-TAG
owned-declaration	Effect4.RepresentationTag.ofNat	Effect4.Schema.Representation	SCHEMA-PG-REPRESENTATION-TAG
owned-declaration	Effect4.RepresentationTag.ofNat_ctorIdx	Effect4.Schema.Representation	SCHEMA-PG-REPRESENTATION-TAG
owned-declaration	Effect4.RepresentationTag.ofTagName	Effect4.Schema.Representation	SCHEMA-PG-REPRESENTATION-TAG
owned-declaration	Effect4.RepresentationTag.ofTagName.match_1	Effect4.Schema.Representation	SCHEMA-PG-REPRESENTATION-TAG
owned-declaration	Effect4.RepresentationTag.ofTagName_tagName	Effect4.Schema.Representation	SCHEMA-PG-REPRESENTATION-TAG
owned-declaration	Effect4.RepresentationTag.rec	Effect4.Schema.Representation	SCHEMA-PG-REPRESENTATION-TAG
owned-declaration	Effect4.RepresentationTag.recOn	Effect4.Schema.Representation	SCHEMA-PG-REPRESENTATION-TAG
owned-declaration	Effect4.RepresentationTag.reference	Effect4.Schema.Representation	SCHEMA-PG-REPRESENTATION-TAG
owned-declaration	Effect4.RepresentationTag.reference.elim	Effect4.Schema.Representation	SCHEMA-PG-REPRESENTATION-TAG
owned-declaration	Effect4.RepresentationTag.reference.sizeOf_spec	Effect4.Schema.Representation	SCHEMA-PG-REPRESENTATION-TAG
owned-declaration	Effect4.RepresentationTag.string	Effect4.Schema.Representation	SCHEMA-PG-REPRESENTATION-TAG
owned-declaration	Effect4.RepresentationTag.string.elim	Effect4.Schema.Representation	SCHEMA-PG-REPRESENTATION-TAG
owned-declaration	Effect4.RepresentationTag.string.sizeOf_spec	Effect4.Schema.Representation	SCHEMA-PG-REPRESENTATION-TAG
owned-declaration	Effect4.RepresentationTag.suspend	Effect4.Schema.Representation	SCHEMA-PG-REPRESENTATION-TAG
owned-declaration	Effect4.RepresentationTag.suspend.elim	Effect4.Schema.Representation	SCHEMA-PG-REPRESENTATION-TAG
owned-declaration	Effect4.RepresentationTag.suspend.sizeOf_spec	Effect4.Schema.Representation	SCHEMA-PG-REPRESENTATION-TAG
owned-declaration	Effect4.RepresentationTag.symbol	Effect4.Schema.Representation	SCHEMA-PG-REPRESENTATION-TAG
owned-declaration	Effect4.RepresentationTag.symbol.elim	Effect4.Schema.Representation	SCHEMA-PG-REPRESENTATION-TAG
owned-declaration	Effect4.RepresentationTag.symbol.sizeOf_spec	Effect4.Schema.Representation	SCHEMA-PG-REPRESENTATION-TAG
owned-declaration	Effect4.RepresentationTag.tagName	Effect4.Schema.Representation	SCHEMA-PG-REPRESENTATION-TAG
owned-declaration	Effect4.RepresentationTag.tagName_injective	Effect4.Schema.Representation	SCHEMA-PG-REPRESENTATION-TAG
owned-declaration	Effect4.RepresentationTag.tagName_ofTagName	Effect4.Schema.Representation	SCHEMA-PG-REPRESENTATION-TAG
owned-declaration	Effect4.RepresentationTag.templateLiteral	Effect4.Schema.Representation	SCHEMA-PG-REPRESENTATION-TAG
owned-declaration	Effect4.RepresentationTag.templateLiteral.elim	Effect4.Schema.Representation	SCHEMA-PG-REPRESENTATION-TAG
owned-declaration	Effect4.RepresentationTag.templateLiteral.sizeOf_spec	Effect4.Schema.Representation	SCHEMA-PG-REPRESENTATION-TAG
owned-declaration	Effect4.RepresentationTag.toCtorIdx	Effect4.Schema.Representation	SCHEMA-PG-REPRESENTATION-TAG
owned-declaration	Effect4.RepresentationTag.undefined	Effect4.Schema.Representation	SCHEMA-PG-REPRESENTATION-TAG
owned-declaration	Effect4.RepresentationTag.undefined.elim	Effect4.Schema.Representation	SCHEMA-PG-REPRESENTATION-TAG
owned-declaration	Effect4.RepresentationTag.undefined.sizeOf_spec	Effect4.Schema.Representation	SCHEMA-PG-REPRESENTATION-TAG
owned-declaration	Effect4.RepresentationTag.union	Effect4.Schema.Representation	SCHEMA-PG-REPRESENTATION-TAG
owned-declaration	Effect4.RepresentationTag.union.elim	Effect4.Schema.Representation	SCHEMA-PG-REPRESENTATION-TAG
owned-declaration	Effect4.RepresentationTag.union.sizeOf_spec	Effect4.Schema.Representation	SCHEMA-PG-REPRESENTATION-TAG
owned-declaration	Effect4.RepresentationTag.uniqueSymbol	Effect4.Schema.Representation	SCHEMA-PG-REPRESENTATION-TAG
owned-declaration	Effect4.RepresentationTag.uniqueSymbol.elim	Effect4.Schema.Representation	SCHEMA-PG-REPRESENTATION-TAG
owned-declaration	Effect4.RepresentationTag.uniqueSymbol.sizeOf_spec	Effect4.Schema.Representation	SCHEMA-PG-REPRESENTATION-TAG
owned-declaration	Effect4.RepresentationTag.unknown	Effect4.Schema.Representation	SCHEMA-PG-REPRESENTATION-TAG
owned-declaration	Effect4.RepresentationTag.unknown.elim	Effect4.Schema.Representation	SCHEMA-PG-REPRESENTATION-TAG
owned-declaration	Effect4.RepresentationTag.unknown.sizeOf_spec	Effect4.Schema.Representation	SCHEMA-PG-REPRESENTATION-TAG
owned-declaration	Effect4.RepresentationTag.void	Effect4.Schema.Representation	SCHEMA-PG-REPRESENTATION-TAG
owned-declaration	Effect4.RepresentationTag.void.elim	Effect4.Schema.Representation	SCHEMA-PG-REPRESENTATION-TAG
owned-declaration	Effect4.RepresentationTag.void.sizeOf_spec	Effect4.Schema.Representation	SCHEMA-PG-REPRESENTATION-TAG
owned-declaration	Effect4.UnionMode	Effect4.Schema.Representation	SCHEMA-LEAF-UNION-MODE
owned-declaration	Effect4.UnionMode.anyOf	Effect4.Schema.Representation	SCHEMA-LEAF-UNION-MODE
owned-declaration	Effect4.UnionMode.anyOf.elim	Effect4.Schema.Representation	SCHEMA-LEAF-UNION-MODE
owned-declaration	Effect4.UnionMode.anyOf.sizeOf_spec	Effect4.Schema.Representation	SCHEMA-LEAF-UNION-MODE
owned-declaration	Effect4.UnionMode.casesOn	Effect4.Schema.Representation	SCHEMA-LEAF-UNION-MODE
owned-declaration	Effect4.UnionMode.census	Effect4.Schema.Representation	SCHEMA-LEAF-UNION-MODE
owned-declaration	Effect4.UnionMode.census_length	Effect4.Schema.Representation	SCHEMA-LEAF-UNION-MODE
owned-declaration	Effect4.UnionMode.census_nodup	Effect4.Schema.Representation	SCHEMA-LEAF-UNION-MODE
owned-declaration	Effect4.UnionMode.ctorElim	Effect4.Schema.Representation	SCHEMA-LEAF-UNION-MODE
owned-declaration	Effect4.UnionMode.ctorElimType	Effect4.Schema.Representation	SCHEMA-LEAF-UNION-MODE
owned-declaration	Effect4.UnionMode.ctorIdx	Effect4.Schema.Representation	SCHEMA-LEAF-UNION-MODE
owned-declaration	Effect4.UnionMode.mem_census	Effect4.Schema.Representation	SCHEMA-LEAF-UNION-MODE
owned-declaration	Effect4.UnionMode.modeName	Effect4.Schema.Representation	SCHEMA-LEAF-UNION-MODE
owned-declaration	Effect4.UnionMode.modeName_injective	Effect4.Schema.Representation	SCHEMA-LEAF-UNION-MODE
owned-declaration	Effect4.UnionMode.modeName_ofModeName	Effect4.Schema.Representation	SCHEMA-LEAF-UNION-MODE
owned-declaration	Effect4.UnionMode.noConfusion	Effect4.Schema.Representation	SCHEMA-LEAF-UNION-MODE
owned-declaration	Effect4.UnionMode.noConfusionType	Effect4.Schema.Representation	SCHEMA-LEAF-UNION-MODE
owned-declaration	Effect4.UnionMode.ofModeName	Effect4.Schema.Representation	SCHEMA-LEAF-UNION-MODE
owned-declaration	Effect4.UnionMode.ofModeName.match_1	Effect4.Schema.Representation	SCHEMA-LEAF-UNION-MODE
owned-declaration	Effect4.UnionMode.ofModeName_modeName	Effect4.Schema.Representation	SCHEMA-LEAF-UNION-MODE
owned-declaration	Effect4.UnionMode.ofNat	Effect4.Schema.Representation	SCHEMA-LEAF-UNION-MODE
owned-declaration	Effect4.UnionMode.ofNat_ctorIdx	Effect4.Schema.Representation	SCHEMA-LEAF-UNION-MODE
owned-declaration	Effect4.UnionMode.oneOf	Effect4.Schema.Representation	SCHEMA-LEAF-UNION-MODE
owned-declaration	Effect4.UnionMode.oneOf.elim	Effect4.Schema.Representation	SCHEMA-LEAF-UNION-MODE
owned-declaration	Effect4.UnionMode.oneOf.sizeOf_spec	Effect4.Schema.Representation	SCHEMA-LEAF-UNION-MODE
owned-declaration	Effect4.UnionMode.rec	Effect4.Schema.Representation	SCHEMA-LEAF-UNION-MODE
owned-declaration	Effect4.UnionMode.recOn	Effect4.Schema.Representation	SCHEMA-LEAF-UNION-MODE
owned-declaration	Effect4.UnionMode.toCtorIdx	Effect4.Schema.Representation	SCHEMA-LEAF-UNION-MODE
owned-declaration	Effect4.instDecidableEqCheck	Effect4.Schema.Representation	SCHEMA-PG-PAYLOAD/REPRESENTATION-CHECK
owned-declaration	Effect4.instDecidableEqCheckTag	Effect4.Schema.Representation	SCHEMA-PG-PAYLOAD/REPRESENTATION-CHECK
owned-declaration	Effect4.instDecidableEqEnumValueKind	Effect4.Schema.Representation	SCHEMA-PG-PAYLOAD/REPRESENTATION-CHECK
owned-declaration	Effect4.instDecidableEqLiteralKind	Effect4.Schema.Representation	SCHEMA-PG-PAYLOAD/REPRESENTATION-CHECK
owned-declaration	Effect4.instDecidableEqPropertyKeyKind	Effect4.Schema.Representation	SCHEMA-PG-PAYLOAD/REPRESENTATION-CHECK
owned-declaration	Effect4.instDecidableEqRepresentation	Effect4.Schema.Representation	SCHEMA-PG-PAYLOAD/REPRESENTATION-CHECK
owned-declaration	Effect4.instDecidableEqRepresentationTag	Effect4.Schema.Representation	SCHEMA-PG-PAYLOAD/REPRESENTATION-CHECK
owned-declaration	Effect4.instDecidableEqUnionMode	Effect4.Schema.Representation	SCHEMA-PG-PAYLOAD/REPRESENTATION-CHECK
owned-declaration	Effect4.instInhabitedCheckTag	Effect4.Schema.Representation	SCHEMA-PG-PAYLOAD/REPRESENTATION-CHECK
owned-declaration	Effect4.instInhabitedCheckTag.default	Effect4.Schema.Representation	SCHEMA-PG-PAYLOAD/REPRESENTATION-CHECK
owned-declaration	Effect4.instInhabitedEnumValueKind	Effect4.Schema.Representation	SCHEMA-PG-PAYLOAD/REPRESENTATION-CHECK
owned-declaration	Effect4.instInhabitedEnumValueKind.default	Effect4.Schema.Representation	SCHEMA-PG-PAYLOAD/REPRESENTATION-CHECK
owned-declaration	Effect4.instInhabitedLiteralKind	Effect4.Schema.Representation	SCHEMA-PG-PAYLOAD/REPRESENTATION-CHECK
owned-declaration	Effect4.instInhabitedLiteralKind.default	Effect4.Schema.Representation	SCHEMA-PG-PAYLOAD/REPRESENTATION-CHECK
owned-declaration	Effect4.instInhabitedPropertyKeyKind	Effect4.Schema.Representation	SCHEMA-PG-PAYLOAD/REPRESENTATION-CHECK
owned-declaration	Effect4.instInhabitedPropertyKeyKind.default	Effect4.Schema.Representation	SCHEMA-PG-PAYLOAD/REPRESENTATION-CHECK
owned-declaration	Effect4.instInhabitedRepresentationTag	Effect4.Schema.Representation	SCHEMA-PG-PAYLOAD/REPRESENTATION-CHECK
owned-declaration	Effect4.instInhabitedRepresentationTag.default	Effect4.Schema.Representation	SCHEMA-PG-PAYLOAD/REPRESENTATION-CHECK
owned-declaration	Effect4.instInhabitedUnionMode	Effect4.Schema.Representation	SCHEMA-PG-PAYLOAD/REPRESENTATION-CHECK
owned-declaration	Effect4.instInhabitedUnionMode.default	Effect4.Schema.Representation	SCHEMA-PG-PAYLOAD/REPRESENTATION-CHECK
owned-declaration	Effect4.instReprCheckTag	Effect4.Schema.Representation	SCHEMA-PG-PAYLOAD/REPRESENTATION-CHECK
owned-declaration	Effect4.instReprCheckTag.repr	Effect4.Schema.Representation	SCHEMA-PG-PAYLOAD/REPRESENTATION-CHECK
owned-declaration	Effect4.instReprCheckTag.repr.match_1	Effect4.Schema.Representation	SCHEMA-PG-PAYLOAD/REPRESENTATION-CHECK
owned-declaration	Effect4.instReprEnumValueKind	Effect4.Schema.Representation	SCHEMA-PG-PAYLOAD/REPRESENTATION-CHECK
owned-declaration	Effect4.instReprEnumValueKind.repr	Effect4.Schema.Representation	SCHEMA-PG-PAYLOAD/REPRESENTATION-CHECK
owned-declaration	Effect4.instReprEnumValueKind.repr.match_1	Effect4.Schema.Representation	SCHEMA-PG-PAYLOAD/REPRESENTATION-CHECK
owned-declaration	Effect4.instReprLiteralKind	Effect4.Schema.Representation	SCHEMA-PG-PAYLOAD/REPRESENTATION-CHECK
owned-declaration	Effect4.instReprLiteralKind.repr	Effect4.Schema.Representation	SCHEMA-PG-PAYLOAD/REPRESENTATION-CHECK
owned-declaration	Effect4.instReprLiteralKind.repr.match_1	Effect4.Schema.Representation	SCHEMA-PG-PAYLOAD/REPRESENTATION-CHECK
owned-declaration	Effect4.instReprPropertyKeyKind	Effect4.Schema.Representation	SCHEMA-PG-PAYLOAD/REPRESENTATION-CHECK
owned-declaration	Effect4.instReprPropertyKeyKind.repr	Effect4.Schema.Representation	SCHEMA-PG-PAYLOAD/REPRESENTATION-CHECK
owned-declaration	Effect4.instReprPropertyKeyKind.repr.match_1	Effect4.Schema.Representation	SCHEMA-PG-PAYLOAD/REPRESENTATION-CHECK
owned-declaration	Effect4.instReprRepresentationTag	Effect4.Schema.Representation	SCHEMA-PG-PAYLOAD/REPRESENTATION-CHECK
owned-declaration	Effect4.instReprRepresentationTag.repr	Effect4.Schema.Representation	SCHEMA-PG-PAYLOAD/REPRESENTATION-CHECK
owned-declaration	Effect4.instReprRepresentationTag.repr.match_1	Effect4.Schema.Representation	SCHEMA-PG-PAYLOAD/REPRESENTATION-CHECK
owned-declaration	Effect4.instReprUnionMode	Effect4.Schema.Representation	SCHEMA-PG-PAYLOAD/REPRESENTATION-CHECK
owned-declaration	Effect4.instReprUnionMode.repr	Effect4.Schema.Representation	SCHEMA-PG-PAYLOAD/REPRESENTATION-CHECK
owned-declaration	Effect4.instReprUnionMode.repr.match_1	Effect4.Schema.Representation	SCHEMA-PG-PAYLOAD/REPRESENTATION-CHECK
theorem	Effect4.Check.brecOn.eq	Effect4.Schema.Representation	SCHEMA-PG-PAYLOAD/REPRESENTATION-CHECK
axiom	Effect4.Check.brecOn.eq	none	SCHEMA-AX-STRUCTURAL
theorem	Effect4.Check.cases_census	Effect4.Schema.Representation	SCHEMA-PG-PAYLOAD/REPRESENTATION-CHECK
axiom	Effect4.Check.cases_census	none	SCHEMA-AX-STRUCTURAL
theorem	Effect4.Check.filter.inj	Effect4.Schema.Representation	SCHEMA-PG-PAYLOAD/REPRESENTATION-CHECK
axiom	Effect4.Check.filter.inj	none	SCHEMA-AX-STRUCTURAL
theorem	Effect4.Check.filter.injEq	Effect4.Schema.Representation	SCHEMA-PG-PAYLOAD/REPRESENTATION-CHECK
axiom	Effect4.Check.filter.injEq	propext	SCHEMA-AX-STRUCTURAL
theorem	Effect4.Check.filter.sizeOf_spec	Effect4.Schema.Representation	SCHEMA-PG-PAYLOAD/REPRESENTATION-CHECK
axiom	Effect4.Check.filter.sizeOf_spec	none	SCHEMA-AX-STRUCTURAL
theorem	Effect4.Check.filterGroup.inj	Effect4.Schema.Representation	SCHEMA-PG-PAYLOAD/REPRESENTATION-CHECK
axiom	Effect4.Check.filterGroup.inj	none	SCHEMA-AX-STRUCTURAL
theorem	Effect4.Check.filterGroup.injEq	Effect4.Schema.Representation	SCHEMA-PG-PAYLOAD/REPRESENTATION-CHECK
axiom	Effect4.Check.filterGroup.injEq	propext	SCHEMA-AX-STRUCTURAL
theorem	Effect4.Check.filterGroup.sizeOf_spec	Effect4.Schema.Representation	SCHEMA-PG-PAYLOAD/REPRESENTATION-CHECK
axiom	Effect4.Check.filterGroup.sizeOf_spec	none	SCHEMA-AX-STRUCTURAL
theorem	Effect4.Check.tag_surjective	Effect4.Schema.Representation	SCHEMA-PG-PAYLOAD/REPRESENTATION-CHECK
axiom	Effect4.Check.tag_surjective	none	SCHEMA-AX-STRUCTURAL
theorem	Effect4.CheckTag.census_length	Effect4.Schema.Representation	SCHEMA-LEAF-CHECK-TAG
axiom	Effect4.CheckTag.census_length	none	SCHEMA-AX-STRUCTURAL
theorem	Effect4.CheckTag.census_nodup	Effect4.Schema.Representation	SCHEMA-LEAF-CHECK-TAG
axiom	Effect4.CheckTag.census_nodup	none	SCHEMA-AX-STRUCTURAL
theorem	Effect4.CheckTag.filter.sizeOf_spec	Effect4.Schema.Representation	SCHEMA-LEAF-CHECK-TAG
axiom	Effect4.CheckTag.filter.sizeOf_spec	none	SCHEMA-AX-STRUCTURAL
theorem	Effect4.CheckTag.filterGroup.sizeOf_spec	Effect4.Schema.Representation	SCHEMA-LEAF-CHECK-TAG
axiom	Effect4.CheckTag.filterGroup.sizeOf_spec	none	SCHEMA-AX-STRUCTURAL
theorem	Effect4.CheckTag.mem_census	Effect4.Schema.Representation	SCHEMA-LEAF-CHECK-TAG
axiom	Effect4.CheckTag.mem_census	propext	SCHEMA-AX-STRUCTURAL
theorem	Effect4.CheckTag.ofNat_ctorIdx	Effect4.Schema.Representation	SCHEMA-LEAF-CHECK-TAG
axiom	Effect4.CheckTag.ofNat_ctorIdx	none	SCHEMA-AX-STRUCTURAL
theorem	Effect4.CheckTag.ofTagName_tagName	Effect4.Schema.Representation	SCHEMA-LEAF-CHECK-TAG
axiom	Effect4.CheckTag.ofTagName_tagName	none	SCHEMA-AX-STRUCTURAL
theorem	Effect4.CheckTag.tagName_injective	Effect4.Schema.Representation	SCHEMA-LEAF-CHECK-TAG
axiom	Effect4.CheckTag.tagName_injective	none	SCHEMA-AX-STRUCTURAL
theorem	Effect4.CheckTag.tagName_ofTagName	Effect4.Schema.Representation	SCHEMA-LEAF-CHECK-TAG
axiom	Effect4.CheckTag.tagName_ofTagName	propext	SCHEMA-AX-STRUCTURAL
theorem	Effect4.EnumValue.cases_census	Effect4.Schema.Representation	SCHEMA-PG-PAYLOAD/REPRESENTATION-CHECK
axiom	Effect4.EnumValue.cases_census	Quot.sound,propext	SCHEMA-AX-STRUCTURAL
theorem	Effect4.EnumValue.kind_surjective	Effect4.Schema.Representation	SCHEMA-PG-PAYLOAD/REPRESENTATION-CHECK
axiom	Effect4.EnumValue.kind_surjective	none	SCHEMA-AX-STRUCTURAL
theorem	Effect4.EnumValue.toLiteralValue.eq_1	Effect4.Schema.Representation	SCHEMA-PG-PAYLOAD/REPRESENTATION-CHECK
axiom	Effect4.EnumValue.toLiteralValue.eq_1	none	SCHEMA-AX-STRUCTURAL
theorem	Effect4.EnumValue.toLiteralValue.eq_2	Effect4.Schema.Representation	SCHEMA-PG-PAYLOAD/REPRESENTATION-CHECK
axiom	Effect4.EnumValue.toLiteralValue.eq_2	none	SCHEMA-AX-STRUCTURAL
theorem	Effect4.EnumValue.toLiteralValue_injective	Effect4.Schema.Representation	SCHEMA-PG-PAYLOAD/REPRESENTATION-CHECK
axiom	Effect4.EnumValue.toLiteralValue_injective	propext	SCHEMA-AX-STRUCTURAL
theorem	Effect4.EnumValue.toLiteralValue_kind	Effect4.Schema.Representation	SCHEMA-PG-PAYLOAD/REPRESENTATION-CHECK
axiom	Effect4.EnumValue.toLiteralValue_kind	none	SCHEMA-AX-STRUCTURAL
theorem	Effect4.EnumValue.toLiteralValue_number	Effect4.Schema.Representation	SCHEMA-PG-PAYLOAD/REPRESENTATION-CHECK
axiom	Effect4.EnumValue.toLiteralValue_number	none	SCHEMA-AX-STRUCTURAL
theorem	Effect4.EnumValue.toLiteralValue_string	Effect4.Schema.Representation	SCHEMA-PG-PAYLOAD/REPRESENTATION-CHECK
axiom	Effect4.EnumValue.toLiteralValue_string	none	SCHEMA-AX-STRUCTURAL
theorem	Effect4.EnumValueKind.census_length	Effect4.Schema.Representation	SCHEMA-LEAF-ENUM-VALUE-KIND
axiom	Effect4.EnumValueKind.census_length	none	SCHEMA-AX-STRUCTURAL
theorem	Effect4.EnumValueKind.census_nodup	Effect4.Schema.Representation	SCHEMA-LEAF-ENUM-VALUE-KIND
axiom	Effect4.EnumValueKind.census_nodup	none	SCHEMA-AX-STRUCTURAL
theorem	Effect4.EnumValueKind.mem_census	Effect4.Schema.Representation	SCHEMA-LEAF-ENUM-VALUE-KIND
axiom	Effect4.EnumValueKind.mem_census	propext	SCHEMA-AX-STRUCTURAL
theorem	Effect4.EnumValueKind.number.sizeOf_spec	Effect4.Schema.Representation	SCHEMA-LEAF-ENUM-VALUE-KIND
axiom	Effect4.EnumValueKind.number.sizeOf_spec	none	SCHEMA-AX-STRUCTURAL
theorem	Effect4.EnumValueKind.ofNat_ctorIdx	Effect4.Schema.Representation	SCHEMA-LEAF-ENUM-VALUE-KIND
axiom	Effect4.EnumValueKind.ofNat_ctorIdx	none	SCHEMA-AX-STRUCTURAL
theorem	Effect4.EnumValueKind.string.sizeOf_spec	Effect4.Schema.Representation	SCHEMA-LEAF-ENUM-VALUE-KIND
axiom	Effect4.EnumValueKind.string.sizeOf_spec	none	SCHEMA-AX-STRUCTURAL
theorem	Effect4.EnumValueKind.toLiteralKind_injective	Effect4.Schema.Representation	SCHEMA-LEAF-ENUM-VALUE-KIND
axiom	Effect4.EnumValueKind.toLiteralKind_injective	none	SCHEMA-AX-STRUCTURAL
theorem	Effect4.EnumValueKind.toLiteralKind_ne_bigint	Effect4.Schema.Representation	SCHEMA-LEAF-ENUM-VALUE-KIND
axiom	Effect4.EnumValueKind.toLiteralKind_ne_bigint	none	SCHEMA-AX-STRUCTURAL
theorem	Effect4.EnumValueKind.toLiteralKind_ne_boolean	Effect4.Schema.Representation	SCHEMA-LEAF-ENUM-VALUE-KIND
axiom	Effect4.EnumValueKind.toLiteralKind_ne_boolean	none	SCHEMA-AX-STRUCTURAL
theorem	Effect4.LiteralKind.bigint.sizeOf_spec	Effect4.Schema.Representation	SCHEMA-LEAF-LITERAL-KIND
axiom	Effect4.LiteralKind.bigint.sizeOf_spec	none	SCHEMA-AX-STRUCTURAL
theorem	Effect4.LiteralKind.boolean.sizeOf_spec	Effect4.Schema.Representation	SCHEMA-LEAF-LITERAL-KIND
axiom	Effect4.LiteralKind.boolean.sizeOf_spec	none	SCHEMA-AX-STRUCTURAL
theorem	Effect4.LiteralKind.census_length	Effect4.Schema.Representation	SCHEMA-LEAF-LITERAL-KIND
axiom	Effect4.LiteralKind.census_length	none	SCHEMA-AX-STRUCTURAL
theorem	Effect4.LiteralKind.census_nodup	Effect4.Schema.Representation	SCHEMA-LEAF-LITERAL-KIND
axiom	Effect4.LiteralKind.census_nodup	none	SCHEMA-AX-STRUCTURAL
theorem	Effect4.LiteralKind.mem_census	Effect4.Schema.Representation	SCHEMA-LEAF-LITERAL-KIND
axiom	Effect4.LiteralKind.mem_census	propext	SCHEMA-AX-STRUCTURAL
theorem	Effect4.LiteralKind.number.sizeOf_spec	Effect4.Schema.Representation	SCHEMA-LEAF-LITERAL-KIND
axiom	Effect4.LiteralKind.number.sizeOf_spec	none	SCHEMA-AX-STRUCTURAL
theorem	Effect4.LiteralKind.ofNat_ctorIdx	Effect4.Schema.Representation	SCHEMA-LEAF-LITERAL-KIND
axiom	Effect4.LiteralKind.ofNat_ctorIdx	none	SCHEMA-AX-STRUCTURAL
theorem	Effect4.LiteralKind.string.sizeOf_spec	Effect4.Schema.Representation	SCHEMA-LEAF-LITERAL-KIND
axiom	Effect4.LiteralKind.string.sizeOf_spec	none	SCHEMA-AX-STRUCTURAL
theorem	Effect4.LiteralValue.cases_census	Effect4.Schema.Representation	SCHEMA-PG-PAYLOAD/REPRESENTATION-CHECK
axiom	Effect4.LiteralValue.cases_census	Quot.sound,propext	SCHEMA-AX-STRUCTURAL
theorem	Effect4.LiteralValue.kind_surjective	Effect4.Schema.Representation	SCHEMA-PG-PAYLOAD/REPRESENTATION-CHECK
axiom	Effect4.LiteralValue.kind_surjective	none	SCHEMA-AX-STRUCTURAL
theorem	Effect4.PropertyKey.cases_census	Effect4.Schema.Representation	SCHEMA-PG-PAYLOAD/REPRESENTATION-CHECK
axiom	Effect4.PropertyKey.cases_census	Quot.sound,propext	SCHEMA-AX-STRUCTURAL
theorem	Effect4.PropertyKey.kind_surjective	Effect4.Schema.Representation	SCHEMA-PG-PAYLOAD/REPRESENTATION-CHECK
axiom	Effect4.PropertyKey.kind_surjective	none	SCHEMA-AX-STRUCTURAL
theorem	Effect4.PropertyKeyKind.census_length	Effect4.Schema.Representation	SCHEMA-LEAF-PROPERTY-KEY-KIND
axiom	Effect4.PropertyKeyKind.census_length	none	SCHEMA-AX-STRUCTURAL
theorem	Effect4.PropertyKeyKind.census_nodup	Effect4.Schema.Representation	SCHEMA-LEAF-PROPERTY-KEY-KIND
axiom	Effect4.PropertyKeyKind.census_nodup	none	SCHEMA-AX-STRUCTURAL
theorem	Effect4.PropertyKeyKind.globalSymbol.sizeOf_spec	Effect4.Schema.Representation	SCHEMA-LEAF-PROPERTY-KEY-KIND
axiom	Effect4.PropertyKeyKind.globalSymbol.sizeOf_spec	none	SCHEMA-AX-STRUCTURAL
theorem	Effect4.PropertyKeyKind.mem_census	Effect4.Schema.Representation	SCHEMA-LEAF-PROPERTY-KEY-KIND
axiom	Effect4.PropertyKeyKind.mem_census	propext	SCHEMA-AX-STRUCTURAL
theorem	Effect4.PropertyKeyKind.number.sizeOf_spec	Effect4.Schema.Representation	SCHEMA-LEAF-PROPERTY-KEY-KIND
axiom	Effect4.PropertyKeyKind.number.sizeOf_spec	none	SCHEMA-AX-STRUCTURAL
theorem	Effect4.PropertyKeyKind.ofNat_ctorIdx	Effect4.Schema.Representation	SCHEMA-LEAF-PROPERTY-KEY-KIND
axiom	Effect4.PropertyKeyKind.ofNat_ctorIdx	none	SCHEMA-AX-STRUCTURAL
theorem	Effect4.PropertyKeyKind.string.sizeOf_spec	Effect4.Schema.Representation	SCHEMA-LEAF-PROPERTY-KEY-KIND
axiom	Effect4.PropertyKeyKind.string.sizeOf_spec	none	SCHEMA-AX-STRUCTURAL
theorem	Effect4.Representation.absent_ne_empty_annotations	Effect4.Schema.Representation	SCHEMA-PG-PAYLOAD/REPRESENTATION-CHECK
axiom	Effect4.Representation.absent_ne_empty_annotations	propext	SCHEMA-AX-STRUCTURAL
theorem	Effect4.Representation.any.inj	Effect4.Schema.Representation	SCHEMA-PG-PAYLOAD/REPRESENTATION-CHECK
axiom	Effect4.Representation.any.inj	none	SCHEMA-AX-STRUCTURAL
theorem	Effect4.Representation.any.injEq	Effect4.Schema.Representation	SCHEMA-PG-PAYLOAD/REPRESENTATION-CHECK
axiom	Effect4.Representation.any.injEq	propext	SCHEMA-AX-STRUCTURAL
theorem	Effect4.Representation.any.sizeOf_spec	Effect4.Schema.Representation	SCHEMA-PG-PAYLOAD/REPRESENTATION-CHECK
axiom	Effect4.Representation.any.sizeOf_spec	none	SCHEMA-AX-STRUCTURAL
theorem	Effect4.Representation.arrays.inj	Effect4.Schema.Representation	SCHEMA-PG-PAYLOAD/REPRESENTATION-CHECK
axiom	Effect4.Representation.arrays.inj	none	SCHEMA-AX-STRUCTURAL
theorem	Effect4.Representation.arrays.injEq	Effect4.Schema.Representation	SCHEMA-PG-PAYLOAD/REPRESENTATION-CHECK
axiom	Effect4.Representation.arrays.injEq	propext	SCHEMA-AX-STRUCTURAL
theorem	Effect4.Representation.arrays.sizeOf_spec	Effect4.Schema.Representation	SCHEMA-PG-PAYLOAD/REPRESENTATION-CHECK
axiom	Effect4.Representation.arrays.sizeOf_spec	none	SCHEMA-AX-STRUCTURAL
theorem	Effect4.Representation.bigint.inj	Effect4.Schema.Representation	SCHEMA-PG-PAYLOAD/REPRESENTATION-CHECK
axiom	Effect4.Representation.bigint.inj	none	SCHEMA-AX-STRUCTURAL
theorem	Effect4.Representation.bigint.injEq	Effect4.Schema.Representation	SCHEMA-PG-PAYLOAD/REPRESENTATION-CHECK
axiom	Effect4.Representation.bigint.injEq	propext	SCHEMA-AX-STRUCTURAL
theorem	Effect4.Representation.bigint.sizeOf_spec	Effect4.Schema.Representation	SCHEMA-PG-PAYLOAD/REPRESENTATION-CHECK
axiom	Effect4.Representation.bigint.sizeOf_spec	none	SCHEMA-AX-STRUCTURAL
theorem	Effect4.Representation.boolean.inj	Effect4.Schema.Representation	SCHEMA-PG-PAYLOAD/REPRESENTATION-CHECK
axiom	Effect4.Representation.boolean.inj	none	SCHEMA-AX-STRUCTURAL
theorem	Effect4.Representation.boolean.injEq	Effect4.Schema.Representation	SCHEMA-PG-PAYLOAD/REPRESENTATION-CHECK
axiom	Effect4.Representation.boolean.injEq	propext	SCHEMA-AX-STRUCTURAL
theorem	Effect4.Representation.boolean.sizeOf_spec	Effect4.Schema.Representation	SCHEMA-PG-PAYLOAD/REPRESENTATION-CHECK
axiom	Effect4.Representation.boolean.sizeOf_spec	none	SCHEMA-AX-STRUCTURAL
theorem	Effect4.Representation.brecOn.eq	Effect4.Schema.Representation	SCHEMA-PG-PAYLOAD/REPRESENTATION-CHECK
axiom	Effect4.Representation.brecOn.eq	none	SCHEMA-AX-STRUCTURAL
theorem	Effect4.Representation.brecOn_1.eq	Effect4.Schema.Representation	SCHEMA-PG-PAYLOAD/REPRESENTATION-CHECK
axiom	Effect4.Representation.brecOn_1.eq	none	SCHEMA-AX-STRUCTURAL
theorem	Effect4.Representation.brecOn_10.eq	Effect4.Schema.Representation	SCHEMA-PG-PAYLOAD/REPRESENTATION-CHECK
axiom	Effect4.Representation.brecOn_10.eq	none	SCHEMA-AX-STRUCTURAL
theorem	Effect4.Representation.brecOn_11.eq	Effect4.Schema.Representation	SCHEMA-PG-PAYLOAD/REPRESENTATION-CHECK
axiom	Effect4.Representation.brecOn_11.eq	none	SCHEMA-AX-STRUCTURAL
theorem	Effect4.Representation.brecOn_2.eq	Effect4.Schema.Representation	SCHEMA-PG-PAYLOAD/REPRESENTATION-CHECK
axiom	Effect4.Representation.brecOn_2.eq	none	SCHEMA-AX-STRUCTURAL
theorem	Effect4.Representation.brecOn_3.eq	Effect4.Schema.Representation	SCHEMA-PG-PAYLOAD/REPRESENTATION-CHECK
axiom	Effect4.Representation.brecOn_3.eq	none	SCHEMA-AX-STRUCTURAL
theorem	Effect4.Representation.brecOn_4.eq	Effect4.Schema.Representation	SCHEMA-PG-PAYLOAD/REPRESENTATION-CHECK
axiom	Effect4.Representation.brecOn_4.eq	none	SCHEMA-AX-STRUCTURAL
theorem	Effect4.Representation.brecOn_5.eq	Effect4.Schema.Representation	SCHEMA-PG-PAYLOAD/REPRESENTATION-CHECK
axiom	Effect4.Representation.brecOn_5.eq	none	SCHEMA-AX-STRUCTURAL
theorem	Effect4.Representation.brecOn_6.eq	Effect4.Schema.Representation	SCHEMA-PG-PAYLOAD/REPRESENTATION-CHECK
axiom	Effect4.Representation.brecOn_6.eq	none	SCHEMA-AX-STRUCTURAL
theorem	Effect4.Representation.brecOn_7.eq	Effect4.Schema.Representation	SCHEMA-PG-PAYLOAD/REPRESENTATION-CHECK
axiom	Effect4.Representation.brecOn_7.eq	none	SCHEMA-AX-STRUCTURAL
theorem	Effect4.Representation.brecOn_8.eq	Effect4.Schema.Representation	SCHEMA-PG-PAYLOAD/REPRESENTATION-CHECK
axiom	Effect4.Representation.brecOn_8.eq	none	SCHEMA-AX-STRUCTURAL
theorem	Effect4.Representation.brecOn_9.eq	Effect4.Schema.Representation	SCHEMA-PG-PAYLOAD/REPRESENTATION-CHECK
axiom	Effect4.Representation.brecOn_9.eq	none	SCHEMA-AX-STRUCTURAL
theorem	Effect4.Representation.cases_census	Effect4.Schema.Representation	SCHEMA-PG-PAYLOAD/REPRESENTATION-CHECK
axiom	Effect4.Representation.cases_census	Quot.sound,propext	SCHEMA-AX-STRUCTURAL
theorem	Effect4.Representation.declaration.inj	Effect4.Schema.Representation	SCHEMA-PG-PAYLOAD/REPRESENTATION-CHECK
axiom	Effect4.Representation.declaration.inj	none	SCHEMA-AX-STRUCTURAL
theorem	Effect4.Representation.declaration.injEq	Effect4.Schema.Representation	SCHEMA-PG-PAYLOAD/REPRESENTATION-CHECK
axiom	Effect4.Representation.declaration.injEq	propext	SCHEMA-AX-STRUCTURAL
theorem	Effect4.Representation.declaration.sizeOf_spec	Effect4.Schema.Representation	SCHEMA-PG-PAYLOAD/REPRESENTATION-CHECK
axiom	Effect4.Representation.declaration.sizeOf_spec	none	SCHEMA-AX-STRUCTURAL
theorem	Effect4.Representation.enum.inj	Effect4.Schema.Representation	SCHEMA-PG-PAYLOAD/REPRESENTATION-CHECK
axiom	Effect4.Representation.enum.inj	none	SCHEMA-AX-STRUCTURAL
theorem	Effect4.Representation.enum.injEq	Effect4.Schema.Representation	SCHEMA-PG-PAYLOAD/REPRESENTATION-CHECK
axiom	Effect4.Representation.enum.injEq	propext	SCHEMA-AX-STRUCTURAL
theorem	Effect4.Representation.enum.sizeOf_spec	Effect4.Schema.Representation	SCHEMA-PG-PAYLOAD/REPRESENTATION-CHECK
axiom	Effect4.Representation.enum.sizeOf_spec	none	SCHEMA-AX-STRUCTURAL
theorem	Effect4.Representation.literal.inj	Effect4.Schema.Representation	SCHEMA-PG-PAYLOAD/REPRESENTATION-CHECK
axiom	Effect4.Representation.literal.inj	none	SCHEMA-AX-STRUCTURAL
theorem	Effect4.Representation.literal.injEq	Effect4.Schema.Representation	SCHEMA-PG-PAYLOAD/REPRESENTATION-CHECK
axiom	Effect4.Representation.literal.injEq	propext	SCHEMA-AX-STRUCTURAL
theorem	Effect4.Representation.literal.sizeOf_spec	Effect4.Schema.Representation	SCHEMA-PG-PAYLOAD/REPRESENTATION-CHECK
axiom	Effect4.Representation.literal.sizeOf_spec	none	SCHEMA-AX-STRUCTURAL
theorem	Effect4.Representation.never.inj	Effect4.Schema.Representation	SCHEMA-PG-PAYLOAD/REPRESENTATION-CHECK
axiom	Effect4.Representation.never.inj	none	SCHEMA-AX-STRUCTURAL
theorem	Effect4.Representation.never.injEq	Effect4.Schema.Representation	SCHEMA-PG-PAYLOAD/REPRESENTATION-CHECK
axiom	Effect4.Representation.never.injEq	propext	SCHEMA-AX-STRUCTURAL
theorem	Effect4.Representation.never.sizeOf_spec	Effect4.Schema.Representation	SCHEMA-PG-PAYLOAD/REPRESENTATION-CHECK
axiom	Effect4.Representation.never.sizeOf_spec	none	SCHEMA-AX-STRUCTURAL
theorem	Effect4.Representation.null.inj	Effect4.Schema.Representation	SCHEMA-PG-PAYLOAD/REPRESENTATION-CHECK
axiom	Effect4.Representation.null.inj	none	SCHEMA-AX-STRUCTURAL
theorem	Effect4.Representation.null.injEq	Effect4.Schema.Representation	SCHEMA-PG-PAYLOAD/REPRESENTATION-CHECK
axiom	Effect4.Representation.null.injEq	propext	SCHEMA-AX-STRUCTURAL
theorem	Effect4.Representation.null.sizeOf_spec	Effect4.Schema.Representation	SCHEMA-PG-PAYLOAD/REPRESENTATION-CHECK
axiom	Effect4.Representation.null.sizeOf_spec	none	SCHEMA-AX-STRUCTURAL
theorem	Effect4.Representation.number.inj	Effect4.Schema.Representation	SCHEMA-PG-PAYLOAD/REPRESENTATION-CHECK
axiom	Effect4.Representation.number.inj	none	SCHEMA-AX-STRUCTURAL
theorem	Effect4.Representation.number.injEq	Effect4.Schema.Representation	SCHEMA-PG-PAYLOAD/REPRESENTATION-CHECK
axiom	Effect4.Representation.number.injEq	propext	SCHEMA-AX-STRUCTURAL
theorem	Effect4.Representation.number.sizeOf_spec	Effect4.Schema.Representation	SCHEMA-PG-PAYLOAD/REPRESENTATION-CHECK
axiom	Effect4.Representation.number.sizeOf_spec	none	SCHEMA-AX-STRUCTURAL
theorem	Effect4.Representation.objectKeyword.inj	Effect4.Schema.Representation	SCHEMA-PG-PAYLOAD/REPRESENTATION-CHECK
axiom	Effect4.Representation.objectKeyword.inj	none	SCHEMA-AX-STRUCTURAL
theorem	Effect4.Representation.objectKeyword.injEq	Effect4.Schema.Representation	SCHEMA-PG-PAYLOAD/REPRESENTATION-CHECK
axiom	Effect4.Representation.objectKeyword.injEq	propext	SCHEMA-AX-STRUCTURAL
theorem	Effect4.Representation.objectKeyword.sizeOf_spec	Effect4.Schema.Representation	SCHEMA-PG-PAYLOAD/REPRESENTATION-CHECK
axiom	Effect4.Representation.objectKeyword.sizeOf_spec	none	SCHEMA-AX-STRUCTURAL
theorem	Effect4.Representation.objects.inj	Effect4.Schema.Representation	SCHEMA-PG-PAYLOAD/REPRESENTATION-CHECK
axiom	Effect4.Representation.objects.inj	none	SCHEMA-AX-STRUCTURAL
theorem	Effect4.Representation.objects.injEq	Effect4.Schema.Representation	SCHEMA-PG-PAYLOAD/REPRESENTATION-CHECK
axiom	Effect4.Representation.objects.injEq	propext	SCHEMA-AX-STRUCTURAL
theorem	Effect4.Representation.objects.sizeOf_spec	Effect4.Schema.Representation	SCHEMA-PG-PAYLOAD/REPRESENTATION-CHECK
axiom	Effect4.Representation.objects.sizeOf_spec	none	SCHEMA-AX-STRUCTURAL
theorem	Effect4.Representation.reference.inj	Effect4.Schema.Representation	SCHEMA-PG-PAYLOAD/REPRESENTATION-CHECK
axiom	Effect4.Representation.reference.inj	none	SCHEMA-AX-STRUCTURAL
theorem	Effect4.Representation.reference.injEq	Effect4.Schema.Representation	SCHEMA-PG-PAYLOAD/REPRESENTATION-CHECK
axiom	Effect4.Representation.reference.injEq	propext	SCHEMA-AX-STRUCTURAL
theorem	Effect4.Representation.reference.sizeOf_spec	Effect4.Schema.Representation	SCHEMA-PG-PAYLOAD/REPRESENTATION-CHECK
axiom	Effect4.Representation.reference.sizeOf_spec	none	SCHEMA-AX-STRUCTURAL
theorem	Effect4.Representation.string.inj	Effect4.Schema.Representation	SCHEMA-PG-PAYLOAD/REPRESENTATION-CHECK
axiom	Effect4.Representation.string.inj	none	SCHEMA-AX-STRUCTURAL
theorem	Effect4.Representation.string.injEq	Effect4.Schema.Representation	SCHEMA-PG-PAYLOAD/REPRESENTATION-CHECK
axiom	Effect4.Representation.string.injEq	propext	SCHEMA-AX-STRUCTURAL
theorem	Effect4.Representation.string.sizeOf_spec	Effect4.Schema.Representation	SCHEMA-PG-PAYLOAD/REPRESENTATION-CHECK
axiom	Effect4.Representation.string.sizeOf_spec	none	SCHEMA-AX-STRUCTURAL
theorem	Effect4.Representation.suspend.inj	Effect4.Schema.Representation	SCHEMA-PG-PAYLOAD/REPRESENTATION-CHECK
axiom	Effect4.Representation.suspend.inj	none	SCHEMA-AX-STRUCTURAL
theorem	Effect4.Representation.suspend.injEq	Effect4.Schema.Representation	SCHEMA-PG-PAYLOAD/REPRESENTATION-CHECK
axiom	Effect4.Representation.suspend.injEq	propext	SCHEMA-AX-STRUCTURAL
theorem	Effect4.Representation.suspend.sizeOf_spec	Effect4.Schema.Representation	SCHEMA-PG-PAYLOAD/REPRESENTATION-CHECK
axiom	Effect4.Representation.suspend.sizeOf_spec	none	SCHEMA-AX-STRUCTURAL
theorem	Effect4.Representation.symbol.inj	Effect4.Schema.Representation	SCHEMA-PG-PAYLOAD/REPRESENTATION-CHECK
axiom	Effect4.Representation.symbol.inj	none	SCHEMA-AX-STRUCTURAL
theorem	Effect4.Representation.symbol.injEq	Effect4.Schema.Representation	SCHEMA-PG-PAYLOAD/REPRESENTATION-CHECK
axiom	Effect4.Representation.symbol.injEq	propext	SCHEMA-AX-STRUCTURAL
theorem	Effect4.Representation.symbol.sizeOf_spec	Effect4.Schema.Representation	SCHEMA-PG-PAYLOAD/REPRESENTATION-CHECK
axiom	Effect4.Representation.symbol.sizeOf_spec	none	SCHEMA-AX-STRUCTURAL
theorem	Effect4.Representation.tag_surjective	Effect4.Schema.Representation	SCHEMA-PG-PAYLOAD/REPRESENTATION-CHECK
axiom	Effect4.Representation.tag_surjective	none	SCHEMA-AX-STRUCTURAL
theorem	Effect4.Representation.templateLiteral.inj	Effect4.Schema.Representation	SCHEMA-PG-PAYLOAD/REPRESENTATION-CHECK
axiom	Effect4.Representation.templateLiteral.inj	none	SCHEMA-AX-STRUCTURAL
theorem	Effect4.Representation.templateLiteral.injEq	Effect4.Schema.Representation	SCHEMA-PG-PAYLOAD/REPRESENTATION-CHECK
axiom	Effect4.Representation.templateLiteral.injEq	propext	SCHEMA-AX-STRUCTURAL
theorem	Effect4.Representation.templateLiteral.sizeOf_spec	Effect4.Schema.Representation	SCHEMA-PG-PAYLOAD/REPRESENTATION-CHECK
axiom	Effect4.Representation.templateLiteral.sizeOf_spec	none	SCHEMA-AX-STRUCTURAL
theorem	Effect4.Representation.undefined.inj	Effect4.Schema.Representation	SCHEMA-PG-PAYLOAD/REPRESENTATION-CHECK
axiom	Effect4.Representation.undefined.inj	none	SCHEMA-AX-STRUCTURAL
theorem	Effect4.Representation.undefined.injEq	Effect4.Schema.Representation	SCHEMA-PG-PAYLOAD/REPRESENTATION-CHECK
axiom	Effect4.Representation.undefined.injEq	propext	SCHEMA-AX-STRUCTURAL
theorem	Effect4.Representation.undefined.sizeOf_spec	Effect4.Schema.Representation	SCHEMA-PG-PAYLOAD/REPRESENTATION-CHECK
axiom	Effect4.Representation.undefined.sizeOf_spec	none	SCHEMA-AX-STRUCTURAL
theorem	Effect4.Representation.union.inj	Effect4.Schema.Representation	SCHEMA-PG-PAYLOAD/REPRESENTATION-CHECK
axiom	Effect4.Representation.union.inj	none	SCHEMA-AX-STRUCTURAL
theorem	Effect4.Representation.union.injEq	Effect4.Schema.Representation	SCHEMA-PG-PAYLOAD/REPRESENTATION-CHECK
axiom	Effect4.Representation.union.injEq	propext	SCHEMA-AX-STRUCTURAL
theorem	Effect4.Representation.union.sizeOf_spec	Effect4.Schema.Representation	SCHEMA-PG-PAYLOAD/REPRESENTATION-CHECK
axiom	Effect4.Representation.union.sizeOf_spec	none	SCHEMA-AX-STRUCTURAL
theorem	Effect4.Representation.uniqueSymbol.inj	Effect4.Schema.Representation	SCHEMA-PG-PAYLOAD/REPRESENTATION-CHECK
axiom	Effect4.Representation.uniqueSymbol.inj	none	SCHEMA-AX-STRUCTURAL
theorem	Effect4.Representation.uniqueSymbol.injEq	Effect4.Schema.Representation	SCHEMA-PG-PAYLOAD/REPRESENTATION-CHECK
axiom	Effect4.Representation.uniqueSymbol.injEq	propext	SCHEMA-AX-STRUCTURAL
theorem	Effect4.Representation.uniqueSymbol.sizeOf_spec	Effect4.Schema.Representation	SCHEMA-PG-PAYLOAD/REPRESENTATION-CHECK
axiom	Effect4.Representation.uniqueSymbol.sizeOf_spec	none	SCHEMA-AX-STRUCTURAL
theorem	Effect4.Representation.unknown.inj	Effect4.Schema.Representation	SCHEMA-PG-PAYLOAD/REPRESENTATION-CHECK
axiom	Effect4.Representation.unknown.inj	none	SCHEMA-AX-STRUCTURAL
theorem	Effect4.Representation.unknown.injEq	Effect4.Schema.Representation	SCHEMA-PG-PAYLOAD/REPRESENTATION-CHECK
axiom	Effect4.Representation.unknown.injEq	propext	SCHEMA-AX-STRUCTURAL
theorem	Effect4.Representation.unknown.sizeOf_spec	Effect4.Schema.Representation	SCHEMA-PG-PAYLOAD/REPRESENTATION-CHECK
axiom	Effect4.Representation.unknown.sizeOf_spec	none	SCHEMA-AX-STRUCTURAL
theorem	Effect4.Representation.void.inj	Effect4.Schema.Representation	SCHEMA-PG-PAYLOAD/REPRESENTATION-CHECK
axiom	Effect4.Representation.void.inj	none	SCHEMA-AX-STRUCTURAL
theorem	Effect4.Representation.void.injEq	Effect4.Schema.Representation	SCHEMA-PG-PAYLOAD/REPRESENTATION-CHECK
axiom	Effect4.Representation.void.injEq	propext	SCHEMA-AX-STRUCTURAL
theorem	Effect4.Representation.void.sizeOf_spec	Effect4.Schema.Representation	SCHEMA-PG-PAYLOAD/REPRESENTATION-CHECK
axiom	Effect4.Representation.void.sizeOf_spec	none	SCHEMA-AX-STRUCTURAL
theorem	Effect4.RepresentationTag.any.sizeOf_spec	Effect4.Schema.Representation	SCHEMA-PG-REPRESENTATION-TAG
axiom	Effect4.RepresentationTag.any.sizeOf_spec	none	SCHEMA-AX-STRUCTURAL
theorem	Effect4.RepresentationTag.arrays.sizeOf_spec	Effect4.Schema.Representation	SCHEMA-PG-REPRESENTATION-TAG
axiom	Effect4.RepresentationTag.arrays.sizeOf_spec	none	SCHEMA-AX-STRUCTURAL
theorem	Effect4.RepresentationTag.bigint.sizeOf_spec	Effect4.Schema.Representation	SCHEMA-PG-REPRESENTATION-TAG
axiom	Effect4.RepresentationTag.bigint.sizeOf_spec	none	SCHEMA-AX-STRUCTURAL
theorem	Effect4.RepresentationTag.boolean.sizeOf_spec	Effect4.Schema.Representation	SCHEMA-PG-REPRESENTATION-TAG
axiom	Effect4.RepresentationTag.boolean.sizeOf_spec	none	SCHEMA-AX-STRUCTURAL
theorem	Effect4.RepresentationTag.census_length	Effect4.Schema.Representation	SCHEMA-PG-REPRESENTATION-TAG
axiom	Effect4.RepresentationTag.census_length	none	SCHEMA-AX-STRUCTURAL
theorem	Effect4.RepresentationTag.census_nodup	Effect4.Schema.Representation	SCHEMA-PG-REPRESENTATION-TAG
axiom	Effect4.RepresentationTag.census_nodup	none	SCHEMA-AX-STRUCTURAL
theorem	Effect4.RepresentationTag.declaration.sizeOf_spec	Effect4.Schema.Representation	SCHEMA-PG-REPRESENTATION-TAG
axiom	Effect4.RepresentationTag.declaration.sizeOf_spec	none	SCHEMA-AX-STRUCTURAL
theorem	Effect4.RepresentationTag.enum.sizeOf_spec	Effect4.Schema.Representation	SCHEMA-PG-REPRESENTATION-TAG
axiom	Effect4.RepresentationTag.enum.sizeOf_spec	none	SCHEMA-AX-STRUCTURAL
theorem	Effect4.RepresentationTag.literal.sizeOf_spec	Effect4.Schema.Representation	SCHEMA-PG-REPRESENTATION-TAG
axiom	Effect4.RepresentationTag.literal.sizeOf_spec	none	SCHEMA-AX-STRUCTURAL
theorem	Effect4.RepresentationTag.mem_census	Effect4.Schema.Representation	SCHEMA-PG-REPRESENTATION-TAG
axiom	Effect4.RepresentationTag.mem_census	propext	SCHEMA-AX-STRUCTURAL
theorem	Effect4.RepresentationTag.never.sizeOf_spec	Effect4.Schema.Representation	SCHEMA-PG-REPRESENTATION-TAG
axiom	Effect4.RepresentationTag.never.sizeOf_spec	none	SCHEMA-AX-STRUCTURAL
theorem	Effect4.RepresentationTag.null.sizeOf_spec	Effect4.Schema.Representation	SCHEMA-PG-REPRESENTATION-TAG
axiom	Effect4.RepresentationTag.null.sizeOf_spec	none	SCHEMA-AX-STRUCTURAL
theorem	Effect4.RepresentationTag.number.sizeOf_spec	Effect4.Schema.Representation	SCHEMA-PG-REPRESENTATION-TAG
axiom	Effect4.RepresentationTag.number.sizeOf_spec	none	SCHEMA-AX-STRUCTURAL
theorem	Effect4.RepresentationTag.objectKeyword.sizeOf_spec	Effect4.Schema.Representation	SCHEMA-PG-REPRESENTATION-TAG
axiom	Effect4.RepresentationTag.objectKeyword.sizeOf_spec	none	SCHEMA-AX-STRUCTURAL
theorem	Effect4.RepresentationTag.objects.sizeOf_spec	Effect4.Schema.Representation	SCHEMA-PG-REPRESENTATION-TAG
axiom	Effect4.RepresentationTag.objects.sizeOf_spec	none	SCHEMA-AX-STRUCTURAL
theorem	Effect4.RepresentationTag.ofNat_ctorIdx	Effect4.Schema.Representation	SCHEMA-PG-REPRESENTATION-TAG
axiom	Effect4.RepresentationTag.ofNat_ctorIdx	none	SCHEMA-AX-STRUCTURAL
theorem	Effect4.RepresentationTag.ofTagName_tagName	Effect4.Schema.Representation	SCHEMA-PG-REPRESENTATION-TAG
axiom	Effect4.RepresentationTag.ofTagName_tagName	none	SCHEMA-AX-STRUCTURAL
theorem	Effect4.RepresentationTag.reference.sizeOf_spec	Effect4.Schema.Representation	SCHEMA-PG-REPRESENTATION-TAG
axiom	Effect4.RepresentationTag.reference.sizeOf_spec	none	SCHEMA-AX-STRUCTURAL
theorem	Effect4.RepresentationTag.string.sizeOf_spec	Effect4.Schema.Representation	SCHEMA-PG-REPRESENTATION-TAG
axiom	Effect4.RepresentationTag.string.sizeOf_spec	none	SCHEMA-AX-STRUCTURAL
theorem	Effect4.RepresentationTag.suspend.sizeOf_spec	Effect4.Schema.Representation	SCHEMA-PG-REPRESENTATION-TAG
axiom	Effect4.RepresentationTag.suspend.sizeOf_spec	none	SCHEMA-AX-STRUCTURAL
theorem	Effect4.RepresentationTag.symbol.sizeOf_spec	Effect4.Schema.Representation	SCHEMA-PG-REPRESENTATION-TAG
axiom	Effect4.RepresentationTag.symbol.sizeOf_spec	none	SCHEMA-AX-STRUCTURAL
theorem	Effect4.RepresentationTag.tagName_injective	Effect4.Schema.Representation	SCHEMA-PG-REPRESENTATION-TAG
axiom	Effect4.RepresentationTag.tagName_injective	none	SCHEMA-AX-STRUCTURAL
theorem	Effect4.RepresentationTag.tagName_ofTagName	Effect4.Schema.Representation	SCHEMA-PG-REPRESENTATION-TAG
axiom	Effect4.RepresentationTag.tagName_ofTagName	propext	SCHEMA-AX-STRUCTURAL
theorem	Effect4.RepresentationTag.templateLiteral.sizeOf_spec	Effect4.Schema.Representation	SCHEMA-PG-REPRESENTATION-TAG
axiom	Effect4.RepresentationTag.templateLiteral.sizeOf_spec	none	SCHEMA-AX-STRUCTURAL
theorem	Effect4.RepresentationTag.undefined.sizeOf_spec	Effect4.Schema.Representation	SCHEMA-PG-REPRESENTATION-TAG
axiom	Effect4.RepresentationTag.undefined.sizeOf_spec	none	SCHEMA-AX-STRUCTURAL
theorem	Effect4.RepresentationTag.union.sizeOf_spec	Effect4.Schema.Representation	SCHEMA-PG-REPRESENTATION-TAG
axiom	Effect4.RepresentationTag.union.sizeOf_spec	none	SCHEMA-AX-STRUCTURAL
theorem	Effect4.RepresentationTag.uniqueSymbol.sizeOf_spec	Effect4.Schema.Representation	SCHEMA-PG-REPRESENTATION-TAG
axiom	Effect4.RepresentationTag.uniqueSymbol.sizeOf_spec	none	SCHEMA-AX-STRUCTURAL
theorem	Effect4.RepresentationTag.unknown.sizeOf_spec	Effect4.Schema.Representation	SCHEMA-PG-REPRESENTATION-TAG
axiom	Effect4.RepresentationTag.unknown.sizeOf_spec	none	SCHEMA-AX-STRUCTURAL
theorem	Effect4.RepresentationTag.void.sizeOf_spec	Effect4.Schema.Representation	SCHEMA-PG-REPRESENTATION-TAG
axiom	Effect4.RepresentationTag.void.sizeOf_spec	none	SCHEMA-AX-STRUCTURAL
theorem	Effect4.UnionMode.anyOf.sizeOf_spec	Effect4.Schema.Representation	SCHEMA-LEAF-UNION-MODE
axiom	Effect4.UnionMode.anyOf.sizeOf_spec	none	SCHEMA-AX-STRUCTURAL
theorem	Effect4.UnionMode.census_length	Effect4.Schema.Representation	SCHEMA-LEAF-UNION-MODE
axiom	Effect4.UnionMode.census_length	none	SCHEMA-AX-STRUCTURAL
theorem	Effect4.UnionMode.census_nodup	Effect4.Schema.Representation	SCHEMA-LEAF-UNION-MODE
axiom	Effect4.UnionMode.census_nodup	none	SCHEMA-AX-STRUCTURAL
theorem	Effect4.UnionMode.mem_census	Effect4.Schema.Representation	SCHEMA-LEAF-UNION-MODE
axiom	Effect4.UnionMode.mem_census	propext	SCHEMA-AX-STRUCTURAL
theorem	Effect4.UnionMode.modeName_injective	Effect4.Schema.Representation	SCHEMA-LEAF-UNION-MODE
axiom	Effect4.UnionMode.modeName_injective	none	SCHEMA-AX-STRUCTURAL
theorem	Effect4.UnionMode.modeName_ofModeName	Effect4.Schema.Representation	SCHEMA-LEAF-UNION-MODE
axiom	Effect4.UnionMode.modeName_ofModeName	propext	SCHEMA-AX-STRUCTURAL
theorem	Effect4.UnionMode.ofModeName_modeName	Effect4.Schema.Representation	SCHEMA-LEAF-UNION-MODE
axiom	Effect4.UnionMode.ofModeName_modeName	none	SCHEMA-AX-STRUCTURAL
theorem	Effect4.UnionMode.ofNat_ctorIdx	Effect4.Schema.Representation	SCHEMA-LEAF-UNION-MODE
axiom	Effect4.UnionMode.ofNat_ctorIdx	none	SCHEMA-AX-STRUCTURAL
theorem	Effect4.UnionMode.oneOf.sizeOf_spec	Effect4.Schema.Representation	SCHEMA-LEAF-UNION-MODE
axiom	Effect4.UnionMode.oneOf.sizeOf_spec	none	SCHEMA-AX-STRUCTURAL
owned-declaration	Effect4.Document	Effect4.Schema.Document	SCHEMA-LEAF-DOCUMENT-CONTAINERS
owned-declaration	Effect4.Document.casesOn	Effect4.Schema.Document	SCHEMA-LEAF-DOCUMENT-CONTAINERS
owned-declaration	Effect4.Document.ctorIdx	Effect4.Schema.Document	SCHEMA-LEAF-DOCUMENT-CONTAINERS
owned-declaration	Effect4.Document.mk	Effect4.Schema.Document	SCHEMA-LEAF-DOCUMENT-CONTAINERS
owned-declaration	Effect4.Document.mk.inj	Effect4.Schema.Document	SCHEMA-LEAF-DOCUMENT-CONTAINERS
owned-declaration	Effect4.Document.mk.injEq	Effect4.Schema.Document	SCHEMA-LEAF-DOCUMENT-CONTAINERS
owned-declaration	Effect4.Document.mk.noConfusion	Effect4.Schema.Document	SCHEMA-LEAF-DOCUMENT-CONTAINERS
owned-declaration	Effect4.Document.mk.sizeOf_spec	Effect4.Schema.Document	SCHEMA-LEAF-DOCUMENT-CONTAINERS
owned-declaration	Effect4.Document.noConfusion	Effect4.Schema.Document	SCHEMA-LEAF-DOCUMENT-CONTAINERS
owned-declaration	Effect4.Document.noConfusionType	Effect4.Schema.Document	SCHEMA-LEAF-DOCUMENT-CONTAINERS
owned-declaration	Effect4.Document.rec	Effect4.Schema.Document	SCHEMA-LEAF-DOCUMENT-CONTAINERS
owned-declaration	Effect4.Document.recOn	Effect4.Schema.Document	SCHEMA-LEAF-DOCUMENT-CONTAINERS
owned-declaration	Effect4.Document.references	Effect4.Schema.Document	SCHEMA-LEAF-DOCUMENT-CONTAINERS
owned-declaration	Effect4.Document.representation	Effect4.Schema.Document	SCHEMA-LEAF-DOCUMENT-CONTAINERS
owned-declaration	Effect4.Document.toMulti	Effect4.Schema.Document	SCHEMA-LEAF-DOCUMENT-CONTAINERS
owned-declaration	Effect4.Document.toMulti.eq_1	Effect4.Schema.Document	SCHEMA-LEAF-DOCUMENT-CONTAINERS
owned-declaration	Effect4.Document.toMulti_injective	Effect4.Schema.Document	SCHEMA-LEAF-DOCUMENT-CONTAINERS
owned-declaration	Effect4.Document.toMulti_mk	Effect4.Schema.Document	SCHEMA-LEAF-DOCUMENT-CONTAINERS
owned-declaration	Effect4.Document.toMulti_two_roots_not_image	Effect4.Schema.Document	SCHEMA-LEAF-DOCUMENT-CONTAINERS
owned-declaration	Effect4.MultiDocument	Effect4.Schema.Document	SCHEMA-LEAF-DOCUMENT-CONTAINERS
owned-declaration	Effect4.MultiDocument.casesOn	Effect4.Schema.Document	SCHEMA-LEAF-DOCUMENT-CONTAINERS
owned-declaration	Effect4.MultiDocument.ctorIdx	Effect4.Schema.Document	SCHEMA-LEAF-DOCUMENT-CONTAINERS
owned-declaration	Effect4.MultiDocument.mk	Effect4.Schema.Document	SCHEMA-LEAF-DOCUMENT-CONTAINERS
owned-declaration	Effect4.MultiDocument.mk.inj	Effect4.Schema.Document	SCHEMA-LEAF-DOCUMENT-CONTAINERS
owned-declaration	Effect4.MultiDocument.mk.injEq	Effect4.Schema.Document	SCHEMA-LEAF-DOCUMENT-CONTAINERS
owned-declaration	Effect4.MultiDocument.mk.noConfusion	Effect4.Schema.Document	SCHEMA-LEAF-DOCUMENT-CONTAINERS
owned-declaration	Effect4.MultiDocument.mk.sizeOf_spec	Effect4.Schema.Document	SCHEMA-LEAF-DOCUMENT-CONTAINERS
owned-declaration	Effect4.MultiDocument.noConfusion	Effect4.Schema.Document	SCHEMA-LEAF-DOCUMENT-CONTAINERS
owned-declaration	Effect4.MultiDocument.noConfusionType	Effect4.Schema.Document	SCHEMA-LEAF-DOCUMENT-CONTAINERS
owned-declaration	Effect4.MultiDocument.rec	Effect4.Schema.Document	SCHEMA-LEAF-DOCUMENT-CONTAINERS
owned-declaration	Effect4.MultiDocument.recOn	Effect4.Schema.Document	SCHEMA-LEAF-DOCUMENT-CONTAINERS
owned-declaration	Effect4.MultiDocument.references	Effect4.Schema.Document	SCHEMA-LEAF-DOCUMENT-CONTAINERS
owned-declaration	Effect4.MultiDocument.representations	Effect4.Schema.Document	SCHEMA-LEAF-DOCUMENT-CONTAINERS
owned-declaration	Effect4.ReferenceEntry	Effect4.Schema.Document	SCHEMA-LEAF-DOCUMENT-CONTAINERS
owned-declaration	Effect4.ReferenceEntry.casesOn	Effect4.Schema.Document	SCHEMA-LEAF-DOCUMENT-CONTAINERS
owned-declaration	Effect4.ReferenceEntry.ctorIdx	Effect4.Schema.Document	SCHEMA-LEAF-DOCUMENT-CONTAINERS
owned-declaration	Effect4.ReferenceEntry.key	Effect4.Schema.Document	SCHEMA-LEAF-DOCUMENT-CONTAINERS
owned-declaration	Effect4.ReferenceEntry.mk	Effect4.Schema.Document	SCHEMA-LEAF-DOCUMENT-CONTAINERS
owned-declaration	Effect4.ReferenceEntry.mk.inj	Effect4.Schema.Document	SCHEMA-LEAF-DOCUMENT-CONTAINERS
owned-declaration	Effect4.ReferenceEntry.mk.injEq	Effect4.Schema.Document	SCHEMA-LEAF-DOCUMENT-CONTAINERS
owned-declaration	Effect4.ReferenceEntry.mk.noConfusion	Effect4.Schema.Document	SCHEMA-LEAF-DOCUMENT-CONTAINERS
owned-declaration	Effect4.ReferenceEntry.mk.sizeOf_spec	Effect4.Schema.Document	SCHEMA-LEAF-DOCUMENT-CONTAINERS
owned-declaration	Effect4.ReferenceEntry.noConfusion	Effect4.Schema.Document	SCHEMA-LEAF-DOCUMENT-CONTAINERS
owned-declaration	Effect4.ReferenceEntry.noConfusionType	Effect4.Schema.Document	SCHEMA-LEAF-DOCUMENT-CONTAINERS
owned-declaration	Effect4.ReferenceEntry.rec	Effect4.Schema.Document	SCHEMA-LEAF-DOCUMENT-CONTAINERS
owned-declaration	Effect4.ReferenceEntry.recOn	Effect4.Schema.Document	SCHEMA-LEAF-DOCUMENT-CONTAINERS
owned-declaration	Effect4.ReferenceEntry.representation	Effect4.Schema.Document	SCHEMA-LEAF-DOCUMENT-CONTAINERS
owned-declaration	Effect4.instDecidableEqDocument	Effect4.Schema.Document	SCHEMA-LEAF-DOCUMENT-CONTAINERS
owned-declaration	Effect4.instDecidableEqDocument.decEq	Effect4.Schema.Document	SCHEMA-LEAF-DOCUMENT-CONTAINERS
owned-declaration	Effect4.instDecidableEqDocument.decEq.match_1	Effect4.Schema.Document	SCHEMA-LEAF-DOCUMENT-CONTAINERS
owned-declaration	Effect4.instDecidableEqMultiDocument	Effect4.Schema.Document	SCHEMA-LEAF-DOCUMENT-CONTAINERS
owned-declaration	Effect4.instDecidableEqMultiDocument.decEq	Effect4.Schema.Document	SCHEMA-LEAF-DOCUMENT-CONTAINERS
owned-declaration	Effect4.instDecidableEqMultiDocument.decEq.match_1	Effect4.Schema.Document	SCHEMA-LEAF-DOCUMENT-CONTAINERS
owned-declaration	Effect4.instDecidableEqReferenceEntry	Effect4.Schema.Document	SCHEMA-LEAF-DOCUMENT-CONTAINERS
owned-declaration	Effect4.instDecidableEqReferenceEntry.decEq	Effect4.Schema.Document	SCHEMA-LEAF-DOCUMENT-CONTAINERS
owned-declaration	Effect4.instDecidableEqReferenceEntry.decEq.match_1	Effect4.Schema.Document	SCHEMA-LEAF-DOCUMENT-CONTAINERS
theorem	Effect4.Document.mk.inj	Effect4.Schema.Document	SCHEMA-LEAF-DOCUMENT-CONTAINERS
axiom	Effect4.Document.mk.inj	none	SCHEMA-AX-STRUCTURAL
theorem	Effect4.Document.mk.injEq	Effect4.Schema.Document	SCHEMA-LEAF-DOCUMENT-CONTAINERS
axiom	Effect4.Document.mk.injEq	propext	SCHEMA-AX-STRUCTURAL
theorem	Effect4.Document.mk.sizeOf_spec	Effect4.Schema.Document	SCHEMA-LEAF-DOCUMENT-CONTAINERS
axiom	Effect4.Document.mk.sizeOf_spec	none	SCHEMA-AX-STRUCTURAL
theorem	Effect4.Document.toMulti.eq_1	Effect4.Schema.Document	SCHEMA-LEAF-DOCUMENT-CONTAINERS
axiom	Effect4.Document.toMulti.eq_1	none	SCHEMA-AX-STRUCTURAL
theorem	Effect4.Document.toMulti_injective	Effect4.Schema.Document	SCHEMA-LEAF-DOCUMENT-CONTAINERS
axiom	Effect4.Document.toMulti_injective	propext	SCHEMA-AX-STRUCTURAL
theorem	Effect4.Document.toMulti_mk	Effect4.Schema.Document	SCHEMA-LEAF-DOCUMENT-CONTAINERS
axiom	Effect4.Document.toMulti_mk	none	SCHEMA-AX-STRUCTURAL
theorem	Effect4.Document.toMulti_two_roots_not_image	Effect4.Schema.Document	SCHEMA-LEAF-DOCUMENT-CONTAINERS
axiom	Effect4.Document.toMulti_two_roots_not_image	propext	SCHEMA-AX-STRUCTURAL
theorem	Effect4.MultiDocument.mk.inj	Effect4.Schema.Document	SCHEMA-LEAF-DOCUMENT-CONTAINERS
axiom	Effect4.MultiDocument.mk.inj	none	SCHEMA-AX-STRUCTURAL
theorem	Effect4.MultiDocument.mk.injEq	Effect4.Schema.Document	SCHEMA-LEAF-DOCUMENT-CONTAINERS
axiom	Effect4.MultiDocument.mk.injEq	propext	SCHEMA-AX-STRUCTURAL
theorem	Effect4.MultiDocument.mk.sizeOf_spec	Effect4.Schema.Document	SCHEMA-LEAF-DOCUMENT-CONTAINERS
axiom	Effect4.MultiDocument.mk.sizeOf_spec	none	SCHEMA-AX-STRUCTURAL
theorem	Effect4.ReferenceEntry.mk.inj	Effect4.Schema.Document	SCHEMA-LEAF-DOCUMENT-CONTAINERS
axiom	Effect4.ReferenceEntry.mk.inj	none	SCHEMA-AX-STRUCTURAL
theorem	Effect4.ReferenceEntry.mk.injEq	Effect4.Schema.Document	SCHEMA-LEAF-DOCUMENT-CONTAINERS
axiom	Effect4.ReferenceEntry.mk.injEq	propext	SCHEMA-AX-STRUCTURAL
theorem	Effect4.ReferenceEntry.mk.sizeOf_spec	Effect4.Schema.Document	SCHEMA-LEAF-DOCUMENT-CONTAINERS
axiom	Effect4.ReferenceEntry.mk.sizeOf_spec	none	SCHEMA-AX-STRUCTURAL
owned-declaration	Effect4.Annotations.FieldAdmissible	Effect4.Schema.Check	SCHEMA-PG-FIELD-ADMISSION
owned-declaration	Effect4.Annotations.FieldAdmissible.eq_1	Effect4.Schema.Check	SCHEMA-PG-FIELD-ADMISSION
owned-declaration	Effect4.Annotations.FieldAdmissible.eq_2	Effect4.Schema.Check	SCHEMA-PG-FIELD-ADMISSION
owned-declaration	Effect4.Annotations.FieldAdmissible.match_1	Effect4.Schema.Check	SCHEMA-PG-FIELD-ADMISSION
owned-declaration	Effect4.Annotations.fieldAdmissible	Effect4.Schema.Check	SCHEMA-PG-FIELD-ADMISSION
owned-declaration	Effect4.Annotations.fieldAdmissible.eq_1	Effect4.Schema.Check	SCHEMA-PG-FIELD-ADMISSION
owned-declaration	Effect4.Annotations.fieldAdmissible.eq_2	Effect4.Schema.Check	SCHEMA-PG-FIELD-ADMISSION
owned-declaration	Effect4.Annotations.fieldAdmissible_iff	Effect4.Schema.Check	SCHEMA-PG-FIELD-ADMISSION
owned-declaration	Effect4.Annotations.fieldAdmissible_none	Effect4.Schema.Check	SCHEMA-PG-FIELD-ADMISSION
owned-declaration	Effect4.Annotations.fieldAdmissible_some_iff	Effect4.Schema.Check	SCHEMA-PG-FIELD-ADMISSION
owned-declaration	Effect4.Annotations.not_fieldAdmissible_nonFinite	Effect4.Schema.Check	SCHEMA-PG-FIELD-ADMISSION
owned-declaration	Effect4.Check.FieldAdmissible	Effect4.Schema.Check	SCHEMA-PG-FIELD-ADMISSION
owned-declaration	Effect4.Check.FieldAdmissible.eq_1	Effect4.Schema.Check	SCHEMA-PG-FIELD-ADMISSION
owned-declaration	Effect4.Check.FieldAdmissible.eq_2	Effect4.Schema.Check	SCHEMA-PG-FIELD-ADMISSION
owned-declaration	Effect4.Check.FieldAdmissible.eq_def	Effect4.Schema.Check	SCHEMA-PG-FIELD-ADMISSION
owned-declaration	Effect4.Check.FieldAdmissible.match_1	Effect4.Schema.Check	SCHEMA-PG-FIELD-ADMISSION
owned-declaration	Effect4.Check.fieldAdmissible	Effect4.Schema.Check	SCHEMA-PG-FIELD-ADMISSION
owned-declaration	Effect4.Check.fieldAdmissible.eq_1	Effect4.Schema.Check	SCHEMA-PG-FIELD-ADMISSION
owned-declaration	Effect4.Check.fieldAdmissible.eq_2	Effect4.Schema.Check	SCHEMA-PG-FIELD-ADMISSION
owned-declaration	Effect4.Check.fieldAdmissible.eq_def	Effect4.Schema.Check	SCHEMA-PG-FIELD-ADMISSION
owned-declaration	Effect4.Check.fieldAdmissible_filterGroup_iff	Effect4.Schema.Check	SCHEMA-PG-FIELD-ADMISSION
owned-declaration	Effect4.Check.fieldAdmissible_filter_iff	Effect4.Schema.Check	SCHEMA-PG-FIELD-ADMISSION
owned-declaration	Effect4.Check.fieldAdmissible_iff	Effect4.Schema.Check	SCHEMA-PG-FIELD-ADMISSION
owned-declaration	Effect4.Check.fieldAdmissible_iff.match_1	Effect4.Schema.Check	SCHEMA-PG-FIELD-ADMISSION
owned-declaration	Effect4.Check.not_fieldAdmissible_emptyFilterGroup	Effect4.Schema.Check	SCHEMA-PG-FIELD-ADMISSION
owned-declaration	Effect4.Check.not_fieldAdmissible_nonFiniteAnnotations	Effect4.Schema.Check	SCHEMA-PG-FIELD-ADMISSION
owned-declaration	Effect4.Document.FieldAdmissible	Effect4.Schema.Check	SCHEMA-PG-FIELD-ADMISSION
owned-declaration	Effect4.Document.FieldAdmissible.eq_1	Effect4.Schema.Check	SCHEMA-PG-FIELD-ADMISSION
owned-declaration	Effect4.Document.fieldAdmissible	Effect4.Schema.Check	SCHEMA-PG-FIELD-ADMISSION
owned-declaration	Effect4.Document.fieldAdmissible.eq_1	Effect4.Schema.Check	SCHEMA-PG-FIELD-ADMISSION
owned-declaration	Effect4.Document.fieldAdmissible_danglingReference	Effect4.Schema.Check	SCHEMA-PG-FIELD-ADMISSION
owned-declaration	Effect4.Document.fieldAdmissible_deadReferenceEntry	Effect4.Schema.Check	SCHEMA-PG-FIELD-ADMISSION
owned-declaration	Effect4.Document.fieldAdmissible_emptyTableKey	Effect4.Schema.Check	SCHEMA-PG-FIELD-ADMISSION
owned-declaration	Effect4.Document.fieldAdmissible_iff	Effect4.Schema.Check	SCHEMA-PG-FIELD-ADMISSION
owned-declaration	Effect4.Document.fieldAdmissible_mk_iff	Effect4.Schema.Check	SCHEMA-PG-FIELD-ADMISSION
owned-declaration	Effect4.MultiDocument.FieldAdmissible	Effect4.Schema.Check	SCHEMA-PG-FIELD-ADMISSION
owned-declaration	Effect4.MultiDocument.FieldAdmissible.eq_1	Effect4.Schema.Check	SCHEMA-PG-FIELD-ADMISSION
owned-declaration	Effect4.MultiDocument.fieldAdmissible	Effect4.Schema.Check	SCHEMA-PG-FIELD-ADMISSION
owned-declaration	Effect4.MultiDocument.fieldAdmissible.eq_1	Effect4.Schema.Check	SCHEMA-PG-FIELD-ADMISSION
owned-declaration	Effect4.MultiDocument.fieldAdmissible_emptyTableKey	Effect4.Schema.Check	SCHEMA-PG-FIELD-ADMISSION
owned-declaration	Effect4.MultiDocument.fieldAdmissible_iff	Effect4.Schema.Check	SCHEMA-PG-FIELD-ADMISSION
owned-declaration	Effect4.MultiDocument.fieldAdmissible_mk_iff	Effect4.Schema.Check	SCHEMA-PG-FIELD-ADMISSION
owned-declaration	Effect4.MultiDocument.fieldAdmissible_two_roots	Effect4.Schema.Check	SCHEMA-PG-FIELD-ADMISSION
owned-declaration	Effect4.MultiDocument.not_fieldAdmissible_emptyRoots	Effect4.Schema.Check	SCHEMA-PG-FIELD-ADMISSION
owned-declaration	Effect4.Representation.FieldAdmissible	Effect4.Schema.Check	SCHEMA-PG-FIELD-ADMISSION
owned-declaration	Effect4.Representation.FieldAdmissible.eq_1	Effect4.Schema.Check	SCHEMA-PG-FIELD-ADMISSION
owned-declaration	Effect4.Representation.FieldAdmissible.eq_10	Effect4.Schema.Check	SCHEMA-PG-FIELD-ADMISSION
owned-declaration	Effect4.Representation.FieldAdmissible.eq_11	Effect4.Schema.Check	SCHEMA-PG-FIELD-ADMISSION
owned-declaration	Effect4.Representation.FieldAdmissible.eq_12	Effect4.Schema.Check	SCHEMA-PG-FIELD-ADMISSION
owned-declaration	Effect4.Representation.FieldAdmissible.eq_13	Effect4.Schema.Check	SCHEMA-PG-FIELD-ADMISSION
owned-declaration	Effect4.Representation.FieldAdmissible.eq_14	Effect4.Schema.Check	SCHEMA-PG-FIELD-ADMISSION
owned-declaration	Effect4.Representation.FieldAdmissible.eq_15	Effect4.Schema.Check	SCHEMA-PG-FIELD-ADMISSION
owned-declaration	Effect4.Representation.FieldAdmissible.eq_16	Effect4.Schema.Check	SCHEMA-PG-FIELD-ADMISSION
owned-declaration	Effect4.Representation.FieldAdmissible.eq_17	Effect4.Schema.Check	SCHEMA-PG-FIELD-ADMISSION
owned-declaration	Effect4.Representation.FieldAdmissible.eq_18	Effect4.Schema.Check	SCHEMA-PG-FIELD-ADMISSION
owned-declaration	Effect4.Representation.FieldAdmissible.eq_19	Effect4.Schema.Check	SCHEMA-PG-FIELD-ADMISSION
owned-declaration	Effect4.Representation.FieldAdmissible.eq_2	Effect4.Schema.Check	SCHEMA-PG-FIELD-ADMISSION
owned-declaration	Effect4.Representation.FieldAdmissible.eq_20	Effect4.Schema.Check	SCHEMA-PG-FIELD-ADMISSION
owned-declaration	Effect4.Representation.FieldAdmissible.eq_21	Effect4.Schema.Check	SCHEMA-PG-FIELD-ADMISSION
owned-declaration	Effect4.Representation.FieldAdmissible.eq_22	Effect4.Schema.Check	SCHEMA-PG-FIELD-ADMISSION
owned-declaration	Effect4.Representation.FieldAdmissible.eq_23	Effect4.Schema.Check	SCHEMA-PG-FIELD-ADMISSION
owned-declaration	Effect4.Representation.FieldAdmissible.eq_3	Effect4.Schema.Check	SCHEMA-PG-FIELD-ADMISSION
owned-declaration	Effect4.Representation.FieldAdmissible.eq_4	Effect4.Schema.Check	SCHEMA-PG-FIELD-ADMISSION
owned-declaration	Effect4.Representation.FieldAdmissible.eq_5	Effect4.Schema.Check	SCHEMA-PG-FIELD-ADMISSION
owned-declaration	Effect4.Representation.FieldAdmissible.eq_6	Effect4.Schema.Check	SCHEMA-PG-FIELD-ADMISSION
owned-declaration	Effect4.Representation.FieldAdmissible.eq_7	Effect4.Schema.Check	SCHEMA-PG-FIELD-ADMISSION
owned-declaration	Effect4.Representation.FieldAdmissible.eq_8	Effect4.Schema.Check	SCHEMA-PG-FIELD-ADMISSION
owned-declaration	Effect4.Representation.FieldAdmissible.eq_9	Effect4.Schema.Check	SCHEMA-PG-FIELD-ADMISSION
owned-declaration	Effect4.Representation.FieldAdmissible.eq_def	Effect4.Schema.Check	SCHEMA-PG-FIELD-ADMISSION
owned-declaration	Effect4.Representation.FieldAdmissible.match_1	Effect4.Schema.Check	SCHEMA-PG-FIELD-ADMISSION
owned-declaration	Effect4.Representation.fieldAdmissible	Effect4.Schema.Check	SCHEMA-PG-FIELD-ADMISSION
owned-declaration	Effect4.Representation.fieldAdmissible.eq_1	Effect4.Schema.Check	SCHEMA-PG-FIELD-ADMISSION
owned-declaration	Effect4.Representation.fieldAdmissible.eq_10	Effect4.Schema.Check	SCHEMA-PG-FIELD-ADMISSION
owned-declaration	Effect4.Representation.fieldAdmissible.eq_11	Effect4.Schema.Check	SCHEMA-PG-FIELD-ADMISSION
owned-declaration	Effect4.Representation.fieldAdmissible.eq_12	Effect4.Schema.Check	SCHEMA-PG-FIELD-ADMISSION
owned-declaration	Effect4.Representation.fieldAdmissible.eq_13	Effect4.Schema.Check	SCHEMA-PG-FIELD-ADMISSION
owned-declaration	Effect4.Representation.fieldAdmissible.eq_14	Effect4.Schema.Check	SCHEMA-PG-FIELD-ADMISSION
owned-declaration	Effect4.Representation.fieldAdmissible.eq_15	Effect4.Schema.Check	SCHEMA-PG-FIELD-ADMISSION
owned-declaration	Effect4.Representation.fieldAdmissible.eq_16	Effect4.Schema.Check	SCHEMA-PG-FIELD-ADMISSION
owned-declaration	Effect4.Representation.fieldAdmissible.eq_17	Effect4.Schema.Check	SCHEMA-PG-FIELD-ADMISSION
owned-declaration	Effect4.Representation.fieldAdmissible.eq_18	Effect4.Schema.Check	SCHEMA-PG-FIELD-ADMISSION
owned-declaration	Effect4.Representation.fieldAdmissible.eq_19	Effect4.Schema.Check	SCHEMA-PG-FIELD-ADMISSION
owned-declaration	Effect4.Representation.fieldAdmissible.eq_2	Effect4.Schema.Check	SCHEMA-PG-FIELD-ADMISSION
owned-declaration	Effect4.Representation.fieldAdmissible.eq_20	Effect4.Schema.Check	SCHEMA-PG-FIELD-ADMISSION
owned-declaration	Effect4.Representation.fieldAdmissible.eq_21	Effect4.Schema.Check	SCHEMA-PG-FIELD-ADMISSION
owned-declaration	Effect4.Representation.fieldAdmissible.eq_22	Effect4.Schema.Check	SCHEMA-PG-FIELD-ADMISSION
owned-declaration	Effect4.Representation.fieldAdmissible.eq_23	Effect4.Schema.Check	SCHEMA-PG-FIELD-ADMISSION
owned-declaration	Effect4.Representation.fieldAdmissible.eq_3	Effect4.Schema.Check	SCHEMA-PG-FIELD-ADMISSION
owned-declaration	Effect4.Representation.fieldAdmissible.eq_4	Effect4.Schema.Check	SCHEMA-PG-FIELD-ADMISSION
owned-declaration	Effect4.Representation.fieldAdmissible.eq_5	Effect4.Schema.Check	SCHEMA-PG-FIELD-ADMISSION
owned-declaration	Effect4.Representation.fieldAdmissible.eq_6	Effect4.Schema.Check	SCHEMA-PG-FIELD-ADMISSION
owned-declaration	Effect4.Representation.fieldAdmissible.eq_7	Effect4.Schema.Check	SCHEMA-PG-FIELD-ADMISSION
owned-declaration	Effect4.Representation.fieldAdmissible.eq_8	Effect4.Schema.Check	SCHEMA-PG-FIELD-ADMISSION
owned-declaration	Effect4.Representation.fieldAdmissible.eq_9	Effect4.Schema.Check	SCHEMA-PG-FIELD-ADMISSION
owned-declaration	Effect4.Representation.fieldAdmissible.eq_def	Effect4.Schema.Check	SCHEMA-PG-FIELD-ADMISSION
owned-declaration	Effect4.Representation.fieldAdmissible_aliasedEnum	Effect4.Schema.Check	SCHEMA-PG-FIELD-ADMISSION
owned-declaration	Effect4.Representation.fieldAdmissible_any_iff	Effect4.Schema.Check	SCHEMA-PG-FIELD-ADMISSION
owned-declaration	Effect4.Representation.fieldAdmissible_arrays_iff	Effect4.Schema.Check	SCHEMA-PG-FIELD-ADMISSION
owned-declaration	Effect4.Representation.fieldAdmissible_bigint_iff	Effect4.Schema.Check	SCHEMA-PG-FIELD-ADMISSION
owned-declaration	Effect4.Representation.fieldAdmissible_boolean_iff	Effect4.Schema.Check	SCHEMA-PG-FIELD-ADMISSION
owned-declaration	Effect4.Representation.fieldAdmissible_declaration_iff	Effect4.Schema.Check	SCHEMA-PG-FIELD-ADMISSION
owned-declaration	Effect4.Representation.fieldAdmissible_duplicatePropertyKeys	Effect4.Schema.Check	SCHEMA-PG-FIELD-ADMISSION
owned-declaration	Effect4.Representation.fieldAdmissible_enum_iff	Effect4.Schema.Check	SCHEMA-PG-FIELD-ADMISSION
owned-declaration	Effect4.Representation.fieldAdmissible_finiteLiteral	Effect4.Schema.Check	SCHEMA-PG-FIELD-ADMISSION
owned-declaration	Effect4.Representation.fieldAdmissible_iff	Effect4.Schema.Check	SCHEMA-PG-FIELD-ADMISSION
owned-declaration	Effect4.Representation.fieldAdmissible_literal_bigint_iff	Effect4.Schema.Check	SCHEMA-PG-FIELD-ADMISSION
owned-declaration	Effect4.Representation.fieldAdmissible_literal_boolean_iff	Effect4.Schema.Check	SCHEMA-PG-FIELD-ADMISSION
owned-declaration	Effect4.Representation.fieldAdmissible_literal_number_iff	Effect4.Schema.Check	SCHEMA-PG-FIELD-ADMISSION
owned-declaration	Effect4.Representation.fieldAdmissible_literal_string_iff	Effect4.Schema.Check	SCHEMA-PG-FIELD-ADMISSION
owned-declaration	Effect4.Representation.fieldAdmissible_never_iff	Effect4.Schema.Check	SCHEMA-PG-FIELD-ADMISSION
owned-declaration	Effect4.Representation.fieldAdmissible_nonEmptyReferenceKey	Effect4.Schema.Check	SCHEMA-PG-FIELD-ADMISSION
owned-declaration	Effect4.Representation.fieldAdmissible_nonFiniteEnumValue	Effect4.Schema.Check	SCHEMA-PG-FIELD-ADMISSION
owned-declaration	Effect4.Representation.fieldAdmissible_nonFinitePropertyKey	Effect4.Schema.Check	SCHEMA-PG-FIELD-ADMISSION
owned-declaration	Effect4.Representation.fieldAdmissible_null_iff	Effect4.Schema.Check	SCHEMA-PG-FIELD-ADMISSION
owned-declaration	Effect4.Representation.fieldAdmissible_number_iff	Effect4.Schema.Check	SCHEMA-PG-FIELD-ADMISSION
owned-declaration	Effect4.Representation.fieldAdmissible_objectKeyword_iff	Effect4.Schema.Check	SCHEMA-PG-FIELD-ADMISSION
owned-declaration	Effect4.Representation.fieldAdmissible_objects_iff	Effect4.Schema.Check	SCHEMA-PG-FIELD-ADMISSION
owned-declaration	Effect4.Representation.fieldAdmissible_optionalBeforeRequiredElement	Effect4.Schema.Check	SCHEMA-PG-FIELD-ADMISSION
owned-declaration	Effect4.Representation.fieldAdmissible_reference_iff	Effect4.Schema.Check	SCHEMA-PG-FIELD-ADMISSION
owned-declaration	Effect4.Representation.fieldAdmissible_string_iff	Effect4.Schema.Check	SCHEMA-PG-FIELD-ADMISSION
owned-declaration	Effect4.Representation.fieldAdmissible_suspendEmptyChecks	Effect4.Schema.Check	SCHEMA-PG-FIELD-ADMISSION
owned-declaration	Effect4.Representation.fieldAdmissible_suspend_iff	Effect4.Schema.Check	SCHEMA-PG-FIELD-ADMISSION
owned-declaration	Effect4.Representation.fieldAdmissible_symbol_iff	Effect4.Schema.Check	SCHEMA-PG-FIELD-ADMISSION
owned-declaration	Effect4.Representation.fieldAdmissible_templateLiteral_iff	Effect4.Schema.Check	SCHEMA-PG-FIELD-ADMISSION
owned-declaration	Effect4.Representation.fieldAdmissible_toLiteralValue_iff	Effect4.Schema.Check	SCHEMA-PG-FIELD-ADMISSION
owned-declaration	Effect4.Representation.fieldAdmissible_toLiteralValue_iff.match_1	Effect4.Schema.Check	SCHEMA-PG-FIELD-ADMISSION
owned-declaration	Effect4.Representation.fieldAdmissible_toLiteralValue_of_finite	Effect4.Schema.Check	SCHEMA-PG-FIELD-ADMISSION
owned-declaration	Effect4.Representation.fieldAdmissible_undefined_iff	Effect4.Schema.Check	SCHEMA-PG-FIELD-ADMISSION
owned-declaration	Effect4.Representation.fieldAdmissible_union_iff	Effect4.Schema.Check	SCHEMA-PG-FIELD-ADMISSION
owned-declaration	Effect4.Representation.fieldAdmissible_uniqueSymbol_iff	Effect4.Schema.Check	SCHEMA-PG-FIELD-ADMISSION
owned-declaration	Effect4.Representation.fieldAdmissible_unknown_iff	Effect4.Schema.Check	SCHEMA-PG-FIELD-ADMISSION
owned-declaration	Effect4.Representation.fieldAdmissible_void_iff	Effect4.Schema.Check	SCHEMA-PG-FIELD-ADMISSION
owned-declaration	Effect4.Representation.not_fieldAdmissible_emptyAnnotationId	Effect4.Schema.Check	SCHEMA-PG-FIELD-ADMISSION
owned-declaration	Effect4.Representation.not_fieldAdmissible_emptyReferenceKey	Effect4.Schema.Check	SCHEMA-PG-FIELD-ADMISSION
owned-declaration	Effect4.Representation.not_fieldAdmissible_nonFiniteAnnotationPayload	Effect4.Schema.Check	SCHEMA-PG-FIELD-ADMISSION
owned-declaration	Effect4.Representation.not_fieldAdmissible_nonFiniteAnnotations	Effect4.Schema.Check	SCHEMA-PG-FIELD-ADMISSION
owned-declaration	Effect4.Representation.not_fieldAdmissible_nonFiniteElementAnnotations	Effect4.Schema.Check	SCHEMA-PG-FIELD-ADMISSION
owned-declaration	Effect4.Representation.not_fieldAdmissible_nonFiniteLiteral	Effect4.Schema.Check	SCHEMA-PG-FIELD-ADMISSION
owned-declaration	Effect4.Representation.not_fieldAdmissible_nonFinitePropertyAnnotations	Effect4.Schema.Check	SCHEMA-PG-FIELD-ADMISSION
owned-declaration	Effect4.Representation.not_fieldAdmissible_suspendChecks	Effect4.Schema.Check	SCHEMA-PG-FIELD-ADMISSION
owned-declaration	Effect4.Representation.not_fieldAdmissible_throughFilterSchemas	Effect4.Schema.Check	SCHEMA-PG-FIELD-ADMISSION
theorem	Effect4.Annotations.FieldAdmissible.eq_1	Effect4.Schema.Check	SCHEMA-PG-FIELD-ADMISSION
axiom	Effect4.Annotations.FieldAdmissible.eq_1	none	SCHEMA-AX-STRUCTURAL
theorem	Effect4.Annotations.FieldAdmissible.eq_2	Effect4.Schema.Check	SCHEMA-PG-FIELD-ADMISSION
axiom	Effect4.Annotations.FieldAdmissible.eq_2	none	SCHEMA-AX-STRUCTURAL
theorem	Effect4.Annotations.fieldAdmissible.eq_1	Effect4.Schema.Check	SCHEMA-PG-FIELD-ADMISSION
axiom	Effect4.Annotations.fieldAdmissible.eq_1	none	SCHEMA-AX-STRUCTURAL
theorem	Effect4.Annotations.fieldAdmissible.eq_2	Effect4.Schema.Check	SCHEMA-PG-FIELD-ADMISSION
axiom	Effect4.Annotations.fieldAdmissible.eq_2	none	SCHEMA-AX-STRUCTURAL
theorem	Effect4.Annotations.fieldAdmissible_iff	Effect4.Schema.Check	SCHEMA-PG-FIELD-ADMISSION
axiom	Effect4.Annotations.fieldAdmissible_iff	Quot.sound,propext	SCHEMA-AX-STRUCTURAL
theorem	Effect4.Annotations.fieldAdmissible_none	Effect4.Schema.Check	SCHEMA-PG-FIELD-ADMISSION
axiom	Effect4.Annotations.fieldAdmissible_none	none	SCHEMA-AX-STRUCTURAL
theorem	Effect4.Annotations.fieldAdmissible_some_iff	Effect4.Schema.Check	SCHEMA-PG-FIELD-ADMISSION
axiom	Effect4.Annotations.fieldAdmissible_some_iff	none	SCHEMA-AX-STRUCTURAL
theorem	Effect4.Annotations.not_fieldAdmissible_nonFinite	Effect4.Schema.Check	SCHEMA-PG-FIELD-ADMISSION
axiom	Effect4.Annotations.not_fieldAdmissible_nonFinite	Quot.sound,propext	SCHEMA-AX-STRUCTURAL
theorem	Effect4.Check.FieldAdmissible.eq_1	Effect4.Schema.Check	SCHEMA-PG-FIELD-ADMISSION
axiom	Effect4.Check.FieldAdmissible.eq_1	propext	SCHEMA-AX-STRUCTURAL
theorem	Effect4.Check.FieldAdmissible.eq_2	Effect4.Schema.Check	SCHEMA-PG-FIELD-ADMISSION
axiom	Effect4.Check.FieldAdmissible.eq_2	propext	SCHEMA-AX-STRUCTURAL
theorem	Effect4.Check.FieldAdmissible.eq_def	Effect4.Schema.Check	SCHEMA-PG-FIELD-ADMISSION
axiom	Effect4.Check.FieldAdmissible.eq_def	propext	SCHEMA-AX-STRUCTURAL
theorem	Effect4.Check.fieldAdmissible.eq_1	Effect4.Schema.Check	SCHEMA-PG-FIELD-ADMISSION
axiom	Effect4.Check.fieldAdmissible.eq_1	propext	SCHEMA-AX-STRUCTURAL
theorem	Effect4.Check.fieldAdmissible.eq_2	Effect4.Schema.Check	SCHEMA-PG-FIELD-ADMISSION
axiom	Effect4.Check.fieldAdmissible.eq_2	propext	SCHEMA-AX-STRUCTURAL
theorem	Effect4.Check.fieldAdmissible.eq_def	Effect4.Schema.Check	SCHEMA-PG-FIELD-ADMISSION
axiom	Effect4.Check.fieldAdmissible.eq_def	propext	SCHEMA-AX-STRUCTURAL
theorem	Effect4.Check.fieldAdmissible_filterGroup_iff	Effect4.Schema.Check	SCHEMA-PG-FIELD-ADMISSION
axiom	Effect4.Check.fieldAdmissible_filterGroup_iff	Quot.sound,propext	SCHEMA-AX-STRUCTURAL
theorem	Effect4.Check.fieldAdmissible_filter_iff	Effect4.Schema.Check	SCHEMA-PG-FIELD-ADMISSION
axiom	Effect4.Check.fieldAdmissible_filter_iff	Quot.sound,propext	SCHEMA-AX-STRUCTURAL
theorem	Effect4.Check.fieldAdmissible_iff	Effect4.Schema.Check	SCHEMA-PG-FIELD-ADMISSION
axiom	Effect4.Check.fieldAdmissible_iff	Quot.sound,propext	SCHEMA-AX-STRUCTURAL
theorem	Effect4.Check.not_fieldAdmissible_emptyFilterGroup	Effect4.Schema.Check	SCHEMA-PG-FIELD-ADMISSION
axiom	Effect4.Check.not_fieldAdmissible_emptyFilterGroup	propext	SCHEMA-AX-STRUCTURAL
theorem	Effect4.Check.not_fieldAdmissible_nonFiniteAnnotations	Effect4.Schema.Check	SCHEMA-PG-FIELD-ADMISSION
axiom	Effect4.Check.not_fieldAdmissible_nonFiniteAnnotations	Quot.sound,propext	SCHEMA-AX-STRUCTURAL
theorem	Effect4.Document.FieldAdmissible.eq_1	Effect4.Schema.Check	SCHEMA-PG-FIELD-ADMISSION
axiom	Effect4.Document.FieldAdmissible.eq_1	propext	SCHEMA-AX-STRUCTURAL
theorem	Effect4.Document.fieldAdmissible.eq_1	Effect4.Schema.Check	SCHEMA-PG-FIELD-ADMISSION
axiom	Effect4.Document.fieldAdmissible.eq_1	propext	SCHEMA-AX-STRUCTURAL
theorem	Effect4.Document.fieldAdmissible_danglingReference	Effect4.Schema.Check	SCHEMA-PG-FIELD-ADMISSION
axiom	Effect4.Document.fieldAdmissible_danglingReference	Quot.sound,propext	SCHEMA-AX-STRUCTURAL
theorem	Effect4.Document.fieldAdmissible_deadReferenceEntry	Effect4.Schema.Check	SCHEMA-PG-FIELD-ADMISSION
axiom	Effect4.Document.fieldAdmissible_deadReferenceEntry	Quot.sound,propext	SCHEMA-AX-STRUCTURAL
theorem	Effect4.Document.fieldAdmissible_emptyTableKey	Effect4.Schema.Check	SCHEMA-PG-FIELD-ADMISSION
axiom	Effect4.Document.fieldAdmissible_emptyTableKey	Quot.sound,propext	SCHEMA-AX-STRUCTURAL
theorem	Effect4.Document.fieldAdmissible_iff	Effect4.Schema.Check	SCHEMA-PG-FIELD-ADMISSION
axiom	Effect4.Document.fieldAdmissible_iff	Quot.sound,propext	SCHEMA-AX-STRUCTURAL
theorem	Effect4.Document.fieldAdmissible_mk_iff	Effect4.Schema.Check	SCHEMA-PG-FIELD-ADMISSION
axiom	Effect4.Document.fieldAdmissible_mk_iff	propext	SCHEMA-AX-STRUCTURAL
theorem	Effect4.MultiDocument.FieldAdmissible.eq_1	Effect4.Schema.Check	SCHEMA-PG-FIELD-ADMISSION
axiom	Effect4.MultiDocument.FieldAdmissible.eq_1	propext	SCHEMA-AX-STRUCTURAL
theorem	Effect4.MultiDocument.fieldAdmissible.eq_1	Effect4.Schema.Check	SCHEMA-PG-FIELD-ADMISSION
axiom	Effect4.MultiDocument.fieldAdmissible.eq_1	propext	SCHEMA-AX-STRUCTURAL
theorem	Effect4.MultiDocument.fieldAdmissible_emptyTableKey	Effect4.Schema.Check	SCHEMA-PG-FIELD-ADMISSION
axiom	Effect4.MultiDocument.fieldAdmissible_emptyTableKey	Quot.sound,propext	SCHEMA-AX-STRUCTURAL
theorem	Effect4.MultiDocument.fieldAdmissible_iff	Effect4.Schema.Check	SCHEMA-PG-FIELD-ADMISSION
axiom	Effect4.MultiDocument.fieldAdmissible_iff	Quot.sound,propext	SCHEMA-AX-STRUCTURAL
theorem	Effect4.MultiDocument.fieldAdmissible_mk_iff	Effect4.Schema.Check	SCHEMA-PG-FIELD-ADMISSION
axiom	Effect4.MultiDocument.fieldAdmissible_mk_iff	propext	SCHEMA-AX-STRUCTURAL
theorem	Effect4.MultiDocument.fieldAdmissible_two_roots	Effect4.Schema.Check	SCHEMA-PG-FIELD-ADMISSION
axiom	Effect4.MultiDocument.fieldAdmissible_two_roots	Quot.sound,propext	SCHEMA-AX-STRUCTURAL
theorem	Effect4.MultiDocument.not_fieldAdmissible_emptyRoots	Effect4.Schema.Check	SCHEMA-PG-FIELD-ADMISSION
axiom	Effect4.MultiDocument.not_fieldAdmissible_emptyRoots	Quot.sound,propext	SCHEMA-AX-STRUCTURAL
theorem	Effect4.Representation.FieldAdmissible.eq_1	Effect4.Schema.Check	SCHEMA-PG-FIELD-ADMISSION
axiom	Effect4.Representation.FieldAdmissible.eq_1	propext	SCHEMA-AX-STRUCTURAL
theorem	Effect4.Representation.FieldAdmissible.eq_10	Effect4.Schema.Check	SCHEMA-PG-FIELD-ADMISSION
axiom	Effect4.Representation.FieldAdmissible.eq_10	propext	SCHEMA-AX-STRUCTURAL
theorem	Effect4.Representation.FieldAdmissible.eq_11	Effect4.Schema.Check	SCHEMA-PG-FIELD-ADMISSION
axiom	Effect4.Representation.FieldAdmissible.eq_11	propext	SCHEMA-AX-STRUCTURAL
theorem	Effect4.Representation.FieldAdmissible.eq_12	Effect4.Schema.Check	SCHEMA-PG-FIELD-ADMISSION
axiom	Effect4.Representation.FieldAdmissible.eq_12	propext	SCHEMA-AX-STRUCTURAL
theorem	Effect4.Representation.FieldAdmissible.eq_13	Effect4.Schema.Check	SCHEMA-PG-FIELD-ADMISSION
axiom	Effect4.Representation.FieldAdmissible.eq_13	propext	SCHEMA-AX-STRUCTURAL
theorem	Effect4.Representation.FieldAdmissible.eq_14	Effect4.Schema.Check	SCHEMA-PG-FIELD-ADMISSION
axiom	Effect4.Representation.FieldAdmissible.eq_14	propext	SCHEMA-AX-STRUCTURAL
theorem	Effect4.Representation.FieldAdmissible.eq_15	Effect4.Schema.Check	SCHEMA-PG-FIELD-ADMISSION
axiom	Effect4.Representation.FieldAdmissible.eq_15	propext	SCHEMA-AX-STRUCTURAL
theorem	Effect4.Representation.FieldAdmissible.eq_16	Effect4.Schema.Check	SCHEMA-PG-FIELD-ADMISSION
axiom	Effect4.Representation.FieldAdmissible.eq_16	propext	SCHEMA-AX-STRUCTURAL
theorem	Effect4.Representation.FieldAdmissible.eq_17	Effect4.Schema.Check	SCHEMA-PG-FIELD-ADMISSION
axiom	Effect4.Representation.FieldAdmissible.eq_17	propext	SCHEMA-AX-STRUCTURAL
theorem	Effect4.Representation.FieldAdmissible.eq_18	Effect4.Schema.Check	SCHEMA-PG-FIELD-ADMISSION
axiom	Effect4.Representation.FieldAdmissible.eq_18	propext	SCHEMA-AX-STRUCTURAL
theorem	Effect4.Representation.FieldAdmissible.eq_19	Effect4.Schema.Check	SCHEMA-PG-FIELD-ADMISSION
axiom	Effect4.Representation.FieldAdmissible.eq_19	propext	SCHEMA-AX-STRUCTURAL
theorem	Effect4.Representation.FieldAdmissible.eq_2	Effect4.Schema.Check	SCHEMA-PG-FIELD-ADMISSION
axiom	Effect4.Representation.FieldAdmissible.eq_2	propext	SCHEMA-AX-STRUCTURAL
theorem	Effect4.Representation.FieldAdmissible.eq_20	Effect4.Schema.Check	SCHEMA-PG-FIELD-ADMISSION
axiom	Effect4.Representation.FieldAdmissible.eq_20	propext	SCHEMA-AX-STRUCTURAL
theorem	Effect4.Representation.FieldAdmissible.eq_21	Effect4.Schema.Check	SCHEMA-PG-FIELD-ADMISSION
axiom	Effect4.Representation.FieldAdmissible.eq_21	propext	SCHEMA-AX-STRUCTURAL
theorem	Effect4.Representation.FieldAdmissible.eq_22	Effect4.Schema.Check	SCHEMA-PG-FIELD-ADMISSION
axiom	Effect4.Representation.FieldAdmissible.eq_22	propext	SCHEMA-AX-STRUCTURAL
theorem	Effect4.Representation.FieldAdmissible.eq_23	Effect4.Schema.Check	SCHEMA-PG-FIELD-ADMISSION
axiom	Effect4.Representation.FieldAdmissible.eq_23	propext	SCHEMA-AX-STRUCTURAL
theorem	Effect4.Representation.FieldAdmissible.eq_3	Effect4.Schema.Check	SCHEMA-PG-FIELD-ADMISSION
axiom	Effect4.Representation.FieldAdmissible.eq_3	propext	SCHEMA-AX-STRUCTURAL
theorem	Effect4.Representation.FieldAdmissible.eq_4	Effect4.Schema.Check	SCHEMA-PG-FIELD-ADMISSION
axiom	Effect4.Representation.FieldAdmissible.eq_4	propext	SCHEMA-AX-STRUCTURAL
theorem	Effect4.Representation.FieldAdmissible.eq_5	Effect4.Schema.Check	SCHEMA-PG-FIELD-ADMISSION
axiom	Effect4.Representation.FieldAdmissible.eq_5	propext	SCHEMA-AX-STRUCTURAL
theorem	Effect4.Representation.FieldAdmissible.eq_6	Effect4.Schema.Check	SCHEMA-PG-FIELD-ADMISSION
axiom	Effect4.Representation.FieldAdmissible.eq_6	propext	SCHEMA-AX-STRUCTURAL
theorem	Effect4.Representation.FieldAdmissible.eq_7	Effect4.Schema.Check	SCHEMA-PG-FIELD-ADMISSION
axiom	Effect4.Representation.FieldAdmissible.eq_7	propext	SCHEMA-AX-STRUCTURAL
theorem	Effect4.Representation.FieldAdmissible.eq_8	Effect4.Schema.Check	SCHEMA-PG-FIELD-ADMISSION
axiom	Effect4.Representation.FieldAdmissible.eq_8	propext	SCHEMA-AX-STRUCTURAL
theorem	Effect4.Representation.FieldAdmissible.eq_9	Effect4.Schema.Check	SCHEMA-PG-FIELD-ADMISSION
axiom	Effect4.Representation.FieldAdmissible.eq_9	propext	SCHEMA-AX-STRUCTURAL
theorem	Effect4.Representation.FieldAdmissible.eq_def	Effect4.Schema.Check	SCHEMA-PG-FIELD-ADMISSION
axiom	Effect4.Representation.FieldAdmissible.eq_def	propext	SCHEMA-AX-STRUCTURAL
theorem	Effect4.Representation.fieldAdmissible.eq_1	Effect4.Schema.Check	SCHEMA-PG-FIELD-ADMISSION
axiom	Effect4.Representation.fieldAdmissible.eq_1	propext	SCHEMA-AX-STRUCTURAL
theorem	Effect4.Representation.fieldAdmissible.eq_10	Effect4.Schema.Check	SCHEMA-PG-FIELD-ADMISSION
axiom	Effect4.Representation.fieldAdmissible.eq_10	propext	SCHEMA-AX-STRUCTURAL
theorem	Effect4.Representation.fieldAdmissible.eq_11	Effect4.Schema.Check	SCHEMA-PG-FIELD-ADMISSION
axiom	Effect4.Representation.fieldAdmissible.eq_11	propext	SCHEMA-AX-STRUCTURAL
theorem	Effect4.Representation.fieldAdmissible.eq_12	Effect4.Schema.Check	SCHEMA-PG-FIELD-ADMISSION
axiom	Effect4.Representation.fieldAdmissible.eq_12	propext	SCHEMA-AX-STRUCTURAL
theorem	Effect4.Representation.fieldAdmissible.eq_13	Effect4.Schema.Check	SCHEMA-PG-FIELD-ADMISSION
axiom	Effect4.Representation.fieldAdmissible.eq_13	propext	SCHEMA-AX-STRUCTURAL
theorem	Effect4.Representation.fieldAdmissible.eq_14	Effect4.Schema.Check	SCHEMA-PG-FIELD-ADMISSION
axiom	Effect4.Representation.fieldAdmissible.eq_14	propext	SCHEMA-AX-STRUCTURAL
theorem	Effect4.Representation.fieldAdmissible.eq_15	Effect4.Schema.Check	SCHEMA-PG-FIELD-ADMISSION
axiom	Effect4.Representation.fieldAdmissible.eq_15	propext	SCHEMA-AX-STRUCTURAL
theorem	Effect4.Representation.fieldAdmissible.eq_16	Effect4.Schema.Check	SCHEMA-PG-FIELD-ADMISSION
axiom	Effect4.Representation.fieldAdmissible.eq_16	propext	SCHEMA-AX-STRUCTURAL
theorem	Effect4.Representation.fieldAdmissible.eq_17	Effect4.Schema.Check	SCHEMA-PG-FIELD-ADMISSION
axiom	Effect4.Representation.fieldAdmissible.eq_17	propext	SCHEMA-AX-STRUCTURAL
theorem	Effect4.Representation.fieldAdmissible.eq_18	Effect4.Schema.Check	SCHEMA-PG-FIELD-ADMISSION
axiom	Effect4.Representation.fieldAdmissible.eq_18	propext	SCHEMA-AX-STRUCTURAL
theorem	Effect4.Representation.fieldAdmissible.eq_19	Effect4.Schema.Check	SCHEMA-PG-FIELD-ADMISSION
axiom	Effect4.Representation.fieldAdmissible.eq_19	propext	SCHEMA-AX-STRUCTURAL
theorem	Effect4.Representation.fieldAdmissible.eq_2	Effect4.Schema.Check	SCHEMA-PG-FIELD-ADMISSION
axiom	Effect4.Representation.fieldAdmissible.eq_2	propext	SCHEMA-AX-STRUCTURAL
theorem	Effect4.Representation.fieldAdmissible.eq_20	Effect4.Schema.Check	SCHEMA-PG-FIELD-ADMISSION
axiom	Effect4.Representation.fieldAdmissible.eq_20	propext	SCHEMA-AX-STRUCTURAL
theorem	Effect4.Representation.fieldAdmissible.eq_21	Effect4.Schema.Check	SCHEMA-PG-FIELD-ADMISSION
axiom	Effect4.Representation.fieldAdmissible.eq_21	propext	SCHEMA-AX-STRUCTURAL
theorem	Effect4.Representation.fieldAdmissible.eq_22	Effect4.Schema.Check	SCHEMA-PG-FIELD-ADMISSION
axiom	Effect4.Representation.fieldAdmissible.eq_22	propext	SCHEMA-AX-STRUCTURAL
theorem	Effect4.Representation.fieldAdmissible.eq_23	Effect4.Schema.Check	SCHEMA-PG-FIELD-ADMISSION
axiom	Effect4.Representation.fieldAdmissible.eq_23	propext	SCHEMA-AX-STRUCTURAL
theorem	Effect4.Representation.fieldAdmissible.eq_3	Effect4.Schema.Check	SCHEMA-PG-FIELD-ADMISSION
axiom	Effect4.Representation.fieldAdmissible.eq_3	propext	SCHEMA-AX-STRUCTURAL
theorem	Effect4.Representation.fieldAdmissible.eq_4	Effect4.Schema.Check	SCHEMA-PG-FIELD-ADMISSION
axiom	Effect4.Representation.fieldAdmissible.eq_4	propext	SCHEMA-AX-STRUCTURAL
theorem	Effect4.Representation.fieldAdmissible.eq_5	Effect4.Schema.Check	SCHEMA-PG-FIELD-ADMISSION
axiom	Effect4.Representation.fieldAdmissible.eq_5	propext	SCHEMA-AX-STRUCTURAL
theorem	Effect4.Representation.fieldAdmissible.eq_6	Effect4.Schema.Check	SCHEMA-PG-FIELD-ADMISSION
axiom	Effect4.Representation.fieldAdmissible.eq_6	propext	SCHEMA-AX-STRUCTURAL
theorem	Effect4.Representation.fieldAdmissible.eq_7	Effect4.Schema.Check	SCHEMA-PG-FIELD-ADMISSION
axiom	Effect4.Representation.fieldAdmissible.eq_7	propext	SCHEMA-AX-STRUCTURAL
theorem	Effect4.Representation.fieldAdmissible.eq_8	Effect4.Schema.Check	SCHEMA-PG-FIELD-ADMISSION
axiom	Effect4.Representation.fieldAdmissible.eq_8	propext	SCHEMA-AX-STRUCTURAL
theorem	Effect4.Representation.fieldAdmissible.eq_9	Effect4.Schema.Check	SCHEMA-PG-FIELD-ADMISSION
axiom	Effect4.Representation.fieldAdmissible.eq_9	propext	SCHEMA-AX-STRUCTURAL
theorem	Effect4.Representation.fieldAdmissible.eq_def	Effect4.Schema.Check	SCHEMA-PG-FIELD-ADMISSION
axiom	Effect4.Representation.fieldAdmissible.eq_def	propext	SCHEMA-AX-STRUCTURAL
theorem	Effect4.Representation.fieldAdmissible_aliasedEnum	Effect4.Schema.Check	SCHEMA-PG-FIELD-ADMISSION
axiom	Effect4.Representation.fieldAdmissible_aliasedEnum	propext	SCHEMA-AX-STRUCTURAL
theorem	Effect4.Representation.fieldAdmissible_any_iff	Effect4.Schema.Check	SCHEMA-PG-FIELD-ADMISSION
axiom	Effect4.Representation.fieldAdmissible_any_iff	Quot.sound,propext	SCHEMA-AX-STRUCTURAL
theorem	Effect4.Representation.fieldAdmissible_arrays_iff	Effect4.Schema.Check	SCHEMA-PG-FIELD-ADMISSION
axiom	Effect4.Representation.fieldAdmissible_arrays_iff	Quot.sound,propext	SCHEMA-AX-STRUCTURAL
theorem	Effect4.Representation.fieldAdmissible_bigint_iff	Effect4.Schema.Check	SCHEMA-PG-FIELD-ADMISSION
axiom	Effect4.Representation.fieldAdmissible_bigint_iff	Quot.sound,propext	SCHEMA-AX-STRUCTURAL
theorem	Effect4.Representation.fieldAdmissible_boolean_iff	Effect4.Schema.Check	SCHEMA-PG-FIELD-ADMISSION
axiom	Effect4.Representation.fieldAdmissible_boolean_iff	Quot.sound,propext	SCHEMA-AX-STRUCTURAL
theorem	Effect4.Representation.fieldAdmissible_declaration_iff	Effect4.Schema.Check	SCHEMA-PG-FIELD-ADMISSION
axiom	Effect4.Representation.fieldAdmissible_declaration_iff	Quot.sound,propext	SCHEMA-AX-STRUCTURAL
theorem	Effect4.Representation.fieldAdmissible_duplicatePropertyKeys	Effect4.Schema.Check	SCHEMA-PG-FIELD-ADMISSION
axiom	Effect4.Representation.fieldAdmissible_duplicatePropertyKeys	propext	SCHEMA-AX-STRUCTURAL
theorem	Effect4.Representation.fieldAdmissible_enum_iff	Effect4.Schema.Check	SCHEMA-PG-FIELD-ADMISSION
axiom	Effect4.Representation.fieldAdmissible_enum_iff	Quot.sound,propext	SCHEMA-AX-STRUCTURAL
theorem	Effect4.Representation.fieldAdmissible_finiteLiteral	Effect4.Schema.Check	SCHEMA-PG-FIELD-ADMISSION
axiom	Effect4.Representation.fieldAdmissible_finiteLiteral	propext	SCHEMA-AX-STRUCTURAL
theorem	Effect4.Representation.fieldAdmissible_iff	Effect4.Schema.Check	SCHEMA-PG-FIELD-ADMISSION
axiom	Effect4.Representation.fieldAdmissible_iff	Quot.sound,propext	SCHEMA-AX-STRUCTURAL
theorem	Effect4.Representation.fieldAdmissible_literal_bigint_iff	Effect4.Schema.Check	SCHEMA-PG-FIELD-ADMISSION
axiom	Effect4.Representation.fieldAdmissible_literal_bigint_iff	Quot.sound,propext	SCHEMA-AX-STRUCTURAL
theorem	Effect4.Representation.fieldAdmissible_literal_boolean_iff	Effect4.Schema.Check	SCHEMA-PG-FIELD-ADMISSION
axiom	Effect4.Representation.fieldAdmissible_literal_boolean_iff	Quot.sound,propext	SCHEMA-AX-STRUCTURAL
theorem	Effect4.Representation.fieldAdmissible_literal_number_iff	Effect4.Schema.Check	SCHEMA-PG-FIELD-ADMISSION
axiom	Effect4.Representation.fieldAdmissible_literal_number_iff	Quot.sound,propext	SCHEMA-AX-STRUCTURAL
theorem	Effect4.Representation.fieldAdmissible_literal_string_iff	Effect4.Schema.Check	SCHEMA-PG-FIELD-ADMISSION
axiom	Effect4.Representation.fieldAdmissible_literal_string_iff	Quot.sound,propext	SCHEMA-AX-STRUCTURAL
theorem	Effect4.Representation.fieldAdmissible_never_iff	Effect4.Schema.Check	SCHEMA-PG-FIELD-ADMISSION
axiom	Effect4.Representation.fieldAdmissible_never_iff	Quot.sound,propext	SCHEMA-AX-STRUCTURAL
theorem	Effect4.Representation.fieldAdmissible_nonEmptyReferenceKey	Effect4.Schema.Check	SCHEMA-PG-FIELD-ADMISSION
axiom	Effect4.Representation.fieldAdmissible_nonEmptyReferenceKey	propext	SCHEMA-AX-STRUCTURAL
theorem	Effect4.Representation.fieldAdmissible_nonFiniteEnumValue	Effect4.Schema.Check	SCHEMA-PG-FIELD-ADMISSION
axiom	Effect4.Representation.fieldAdmissible_nonFiniteEnumValue	propext	SCHEMA-AX-STRUCTURAL
theorem	Effect4.Representation.fieldAdmissible_nonFinitePropertyKey	Effect4.Schema.Check	SCHEMA-PG-FIELD-ADMISSION
axiom	Effect4.Representation.fieldAdmissible_nonFinitePropertyKey	propext	SCHEMA-AX-STRUCTURAL
theorem	Effect4.Representation.fieldAdmissible_null_iff	Effect4.Schema.Check	SCHEMA-PG-FIELD-ADMISSION
axiom	Effect4.Representation.fieldAdmissible_null_iff	Quot.sound,propext	SCHEMA-AX-STRUCTURAL
theorem	Effect4.Representation.fieldAdmissible_number_iff	Effect4.Schema.Check	SCHEMA-PG-FIELD-ADMISSION
axiom	Effect4.Representation.fieldAdmissible_number_iff	Quot.sound,propext	SCHEMA-AX-STRUCTURAL
theorem	Effect4.Representation.fieldAdmissible_objectKeyword_iff	Effect4.Schema.Check	SCHEMA-PG-FIELD-ADMISSION
axiom	Effect4.Representation.fieldAdmissible_objectKeyword_iff	Quot.sound,propext	SCHEMA-AX-STRUCTURAL
theorem	Effect4.Representation.fieldAdmissible_objects_iff	Effect4.Schema.Check	SCHEMA-PG-FIELD-ADMISSION
axiom	Effect4.Representation.fieldAdmissible_objects_iff	Quot.sound,propext	SCHEMA-AX-STRUCTURAL
theorem	Effect4.Representation.fieldAdmissible_optionalBeforeRequiredElement	Effect4.Schema.Check	SCHEMA-PG-FIELD-ADMISSION
axiom	Effect4.Representation.fieldAdmissible_optionalBeforeRequiredElement	propext	SCHEMA-AX-STRUCTURAL
theorem	Effect4.Representation.fieldAdmissible_reference_iff	Effect4.Schema.Check	SCHEMA-PG-FIELD-ADMISSION
axiom	Effect4.Representation.fieldAdmissible_reference_iff	propext	SCHEMA-AX-STRUCTURAL
theorem	Effect4.Representation.fieldAdmissible_string_iff	Effect4.Schema.Check	SCHEMA-PG-FIELD-ADMISSION
axiom	Effect4.Representation.fieldAdmissible_string_iff	Quot.sound,propext	SCHEMA-AX-STRUCTURAL
theorem	Effect4.Representation.fieldAdmissible_suspendEmptyChecks	Effect4.Schema.Check	SCHEMA-PG-FIELD-ADMISSION
axiom	Effect4.Representation.fieldAdmissible_suspendEmptyChecks	propext	SCHEMA-AX-STRUCTURAL
theorem	Effect4.Representation.fieldAdmissible_suspend_iff	Effect4.Schema.Check	SCHEMA-PG-FIELD-ADMISSION
axiom	Effect4.Representation.fieldAdmissible_suspend_iff	propext	SCHEMA-AX-STRUCTURAL
theorem	Effect4.Representation.fieldAdmissible_symbol_iff	Effect4.Schema.Check	SCHEMA-PG-FIELD-ADMISSION
axiom	Effect4.Representation.fieldAdmissible_symbol_iff	Quot.sound,propext	SCHEMA-AX-STRUCTURAL
theorem	Effect4.Representation.fieldAdmissible_templateLiteral_iff	Effect4.Schema.Check	SCHEMA-PG-FIELD-ADMISSION
axiom	Effect4.Representation.fieldAdmissible_templateLiteral_iff	Quot.sound,propext	SCHEMA-AX-STRUCTURAL
theorem	Effect4.Representation.fieldAdmissible_toLiteralValue_iff	Effect4.Schema.Check	SCHEMA-PG-FIELD-ADMISSION
axiom	Effect4.Representation.fieldAdmissible_toLiteralValue_iff	Quot.sound,propext	SCHEMA-AX-STRUCTURAL
theorem	Effect4.Representation.fieldAdmissible_toLiteralValue_of_finite	Effect4.Schema.Check	SCHEMA-PG-FIELD-ADMISSION
axiom	Effect4.Representation.fieldAdmissible_toLiteralValue_of_finite	Quot.sound,propext	SCHEMA-AX-STRUCTURAL
theorem	Effect4.Representation.fieldAdmissible_undefined_iff	Effect4.Schema.Check	SCHEMA-PG-FIELD-ADMISSION
axiom	Effect4.Representation.fieldAdmissible_undefined_iff	Quot.sound,propext	SCHEMA-AX-STRUCTURAL
theorem	Effect4.Representation.fieldAdmissible_union_iff	Effect4.Schema.Check	SCHEMA-PG-FIELD-ADMISSION
axiom	Effect4.Representation.fieldAdmissible_union_iff	Quot.sound,propext	SCHEMA-AX-STRUCTURAL
theorem	Effect4.Representation.fieldAdmissible_uniqueSymbol_iff	Effect4.Schema.Check	SCHEMA-PG-FIELD-ADMISSION
axiom	Effect4.Representation.fieldAdmissible_uniqueSymbol_iff	Quot.sound,propext	SCHEMA-AX-STRUCTURAL
theorem	Effect4.Representation.fieldAdmissible_unknown_iff	Effect4.Schema.Check	SCHEMA-PG-FIELD-ADMISSION
axiom	Effect4.Representation.fieldAdmissible_unknown_iff	Quot.sound,propext	SCHEMA-AX-STRUCTURAL
theorem	Effect4.Representation.fieldAdmissible_void_iff	Effect4.Schema.Check	SCHEMA-PG-FIELD-ADMISSION
axiom	Effect4.Representation.fieldAdmissible_void_iff	Quot.sound,propext	SCHEMA-AX-STRUCTURAL
theorem	Effect4.Representation.not_fieldAdmissible_emptyAnnotationId	Effect4.Schema.Check	SCHEMA-PG-FIELD-ADMISSION
axiom	Effect4.Representation.not_fieldAdmissible_emptyAnnotationId	propext	SCHEMA-AX-STRUCTURAL
theorem	Effect4.Representation.not_fieldAdmissible_emptyReferenceKey	Effect4.Schema.Check	SCHEMA-PG-FIELD-ADMISSION
axiom	Effect4.Representation.not_fieldAdmissible_emptyReferenceKey	propext	SCHEMA-AX-STRUCTURAL
theorem	Effect4.Representation.not_fieldAdmissible_nonFiniteAnnotationPayload	Effect4.Schema.Check	SCHEMA-PG-FIELD-ADMISSION
axiom	Effect4.Representation.not_fieldAdmissible_nonFiniteAnnotationPayload	Quot.sound,propext	SCHEMA-AX-STRUCTURAL
theorem	Effect4.Representation.not_fieldAdmissible_nonFiniteAnnotations	Effect4.Schema.Check	SCHEMA-PG-FIELD-ADMISSION
axiom	Effect4.Representation.not_fieldAdmissible_nonFiniteAnnotations	Quot.sound,propext	SCHEMA-AX-STRUCTURAL
theorem	Effect4.Representation.not_fieldAdmissible_nonFiniteElementAnnotations	Effect4.Schema.Check	SCHEMA-PG-FIELD-ADMISSION
axiom	Effect4.Representation.not_fieldAdmissible_nonFiniteElementAnnotations	Quot.sound,propext	SCHEMA-AX-STRUCTURAL
theorem	Effect4.Representation.not_fieldAdmissible_nonFiniteLiteral	Effect4.Schema.Check	SCHEMA-PG-FIELD-ADMISSION
axiom	Effect4.Representation.not_fieldAdmissible_nonFiniteLiteral	propext	SCHEMA-AX-STRUCTURAL
theorem	Effect4.Representation.not_fieldAdmissible_nonFinitePropertyAnnotations	Effect4.Schema.Check	SCHEMA-PG-FIELD-ADMISSION
axiom	Effect4.Representation.not_fieldAdmissible_nonFinitePropertyAnnotations	Quot.sound,propext	SCHEMA-AX-STRUCTURAL
theorem	Effect4.Representation.not_fieldAdmissible_suspendChecks	Effect4.Schema.Check	SCHEMA-PG-FIELD-ADMISSION
axiom	Effect4.Representation.not_fieldAdmissible_suspendChecks	propext	SCHEMA-AX-STRUCTURAL
theorem	Effect4.Representation.not_fieldAdmissible_throughFilterSchemas	Effect4.Schema.Check	SCHEMA-PG-FIELD-ADMISSION
axiom	Effect4.Representation.not_fieldAdmissible_throughFilterSchemas	Quot.sound,propext	SCHEMA-AX-STRUCTURAL
absent	Effect4.Schema.Value.Representation	duplicate-representation-carrier	checked
absent	Effect4.Schema.Check.Check	duplicate-check-carrier	checked
absent	Effect4.KeywordKind	duplicate-keyword-alphabet	checked
absent	Effect4.Schema.RepresentationTag	duplicate-tag-carrier	checked
absent	Effect4.RawRepresentation	duplicate-raw-carrier	checked
absent	Effect4.CheckedRepresentation	duplicate-checked-carrier	checked
absent	Effect4.CanonicalRepresentation	duplicate-canonical-carrier	checked
absent	Effect4.Schema.Refusal	duplicate-refusal-carrier	checked
absent	Effect4.Schema.Behavior	unowned-denotation-carrier	checked
leaf	SCHEMA-LEAF-UNION-MODE	finite-local-receipts	required-closed
leaf	SCHEMA-LEAF-CHECK-TAG	finite-local-receipts	required-closed
leaf	SCHEMA-LEAF-LITERAL-KIND	finite-local-receipts	required-closed
leaf	SCHEMA-LEAF-ENUM-VALUE-KIND	finite-local-receipts	required-closed
leaf	SCHEMA-LEAF-PROPERTY-KEY-KIND	finite-local-receipts	required-closed
leaf	SCHEMA-LEAF-FLOAT64-BITS	bit-bijection-and-finiteness	required-closed
leaf	SCHEMA-LEAF-PAYLOAD-SCALARS	exact-carriers-and-local-laws	required-closed
leaf	SCHEMA-LEAF-PAYLOAD-RECORDS	exact-record-surfaces	required-closed
leaf	SCHEMA-LEAF-DOCUMENT-CONTAINERS	exact-containers-and-toMulti	required-closed
graph-edge	SCHEMA-PG-REPRESENTATION-TAG/identity	SCHEMA-TAG-IDENTITY	required-closed
graph-edge	SCHEMA-PG-REPRESENTATION-TAG/construction	SCHEMA-TAG-CONSTRUCTION	required-closed
graph-edge	SCHEMA-PG-REPRESENTATION-TAG/semantics	SCHEMA-TAG-SEMANTICS	not-applicable
graph-edge	SCHEMA-PG-REPRESENTATION-TAG/laws	SCHEMA-TAG-LAWS	not-applicable
graph-edge	SCHEMA-PG-REPRESENTATION-TAG/representation	SCHEMA-TAG-REPRESENTATION	required-closed
graph-edge	SCHEMA-PG-REPRESENTATION-TAG/counterexamples	SCHEMA-TAG-COUNTEREXAMPLES	required-closed
graph-edge	SCHEMA-PG-REPRESENTATION-TAG/bridges	SCHEMA-TAG-BRIDGES	not-applicable
graph-edge	SCHEMA-PG-REPRESENTATION-TAG/targets	SCHEMA-TAG-TARGETS	not-applicable
graph-edge	SCHEMA-PG-REPRESENTATION-TAG/trust	SCHEMA-TAG-TRUST	required-closed
graph-edge	SCHEMA-PG-REPRESENTATION-TAG/coverage	SCHEMA-TAG-COVERAGE	required-closed
graph-attachment	SCHEMA-PG-PAYLOAD/SCHEMA-LEAF-FLOAT64-BITS	required-closed
graph-attachment	SCHEMA-PG-PAYLOAD/SCHEMA-NODE-JSON-FINITENESS	required-closed
graph-attachment	SCHEMA-PG-PAYLOAD/SCHEMA-LEAF-PAYLOAD-SCALARS	required-closed
graph-attachment	SCHEMA-PG-PAYLOAD/SCHEMA-LEAF-PAYLOAD-RECORDS	required-closed
graph-attachment	SCHEMA-PG-PAYLOAD/SCHEMA-LEAF-DOCUMENT-CONTAINERS	required-closed
graph-edge	SCHEMA-PG-PAYLOAD/SC-REP-01	SCHEMA-PAYLOAD-DECLARATION-COVERAGE	required-closed
graph-edge	SCHEMA-PG-PAYLOAD/SC-REP-03-STRUCTURAL	SCHEMA-PAYLOAD-EQUALITY-TAG-PROJECTION	required-closed
graph-edge	SCHEMA-PG-PAYLOAD/SC-REP-03-RECURSOR	SCHEMA-PAYLOAD-GENERAL-RECURSOR	required-open
graph-edge	SCHEMA-PG-FIELD-ADMISSION/SC-REP-04	SCHEMA-FIELD-ADMISSION-RECURSIVE	required-closed
graph-status	SCHEMA-PG-REPRESENTATION-TAG	all-applicable-edges-closed	required-closed
graph-status	SCHEMA-PG-PAYLOAD	general-recursor-remains-open	required-open
graph-status	SCHEMA-PG-FIELD-ADMISSION	recursive-judgment-closed	required-closed
external-open	SCHEMA-PG-DOCUMENT	reference-semantics	required-open
external-open	SCHEMA-PG-WIRE	codec-and-canonicalization	required-open
