theorem	axioms
Effect4.Api.compile.eq_1	[propext]
Effect4.Api.replayChecked.eq_1	[propext, Quot.sound]
Effect4.Arm.all_nodup	[]
Effect4.Arm.cases_receipt	[]
Effect4.Arm.contA.sizeOf_spec	[]
Effect4.Arm.contAll.sizeOf_spec	[]
Effect4.Arm.contAll_not_demandable	[propext]
Effect4.Arm.contE.sizeOf_spec	[]
Effect4.Arm.demandable_eq	[]
Effect4.Arm.mem_all	[propext]
Effect4.Arm.ofNat_ctorIdx	[]
Effect4.Cause.annotate_reasons	[propext, Quot.sound]
Effect4.Cause.combine_empty_left	[]
Effect4.Cause.combine_empty_right	[]
Effect4.Cause.combine_no_new_reason	[propext]
Effect4.Cause.combine_nodup	[propext]
Effect4.Cause.combine_order	[propext, Quot.sound]
Effect4.Cause.combine_reasons	[]
Effect4.Cause.combine_self	[propext, Quot.sound]
Effect4.Cause.dedup_cons	[]
Effect4.Cause.dedup_nil	[]
Effect4.Cause.dedup_nodup	[propext]
Effect4.Cause.dedup_of_nodup	[propext, Quot.sound]
Effect4.Cause.die_reasons	[]
Effect4.Cause.empty_reasons	[]
Effect4.Cause.eq_iff	[]
Effect4.Cause.eq_iff_pointwise	[propext]
Effect4.Cause.ext	[]
Effect4.Cause.fail_reasons	[]
Effect4.Cause.hasInterrupts.eq_1	[]
Effect4.Cause.hasInterrupts_die	[]
Effect4.Cause.hasInterrupts_empty	[]
Effect4.Cause.hasInterrupts_fail	[]
Effect4.Cause.hasInterrupts_iff	[propext, Quot.sound]
Effect4.Cause.hasInterrupts_interrupt	[]
Effect4.Cause.interrupt_reasons	[]
Effect4.Cause.mem_combine	[propext]
Effect4.Cause.mem_dedup	[propext]
Effect4.Cause.mem_stripFail	[propext]
Effect4.Cause.mem_stripFail._simp_1_2	[propext]
Effect4.Cause.mem_stripFail._simp_1_3	[propext]
Effect4.Cause.mk.inj	[]
Effect4.Cause.mk.injEq	[propext]
Effect4.Cause.mk.sizeOf_spec	[]
Effect4.Cause.sanitize_clean	[propext]
Effect4.Cause.squash_defect	[]
Effect4.Cause.squash_die	[]
Effect4.Cause.squash_empty	[]
Effect4.Cause.squash_emptyCause_iff	[]
Effect4.Cause.squash_error	[]
Effect4.Cause.squash_fail	[]
Effect4.Cause.squash_fail_over_die	[]
Effect4.Cause.squash_interrupt	[]
Effect4.Cause.squash_interrupted	[]
Effect4.Cause.stripFail.eq_1	[]
Effect4.Cause.stripFail_nodup	[propext]
Effect4.ContAnswer.deferred.inj	[]
Effect4.ContAnswer.deferred.injEq	[propext]
Effect4.ContAnswer.deferred.sizeOf_spec	[]
Effect4.ContAnswer.empty.sizeOf_spec	[]
Effect4.ContAnswer.frame.inj	[]
Effect4.ContAnswer.frame.injEq	[propext]
Effect4.ContAnswer.frame.sizeOf_spec	[]
Effect4.ContAnswer.replacement.inj	[]
Effect4.ContAnswer.replacement.injEq	[propext]
Effect4.ContAnswer.replacement.sizeOf_spec	[]
Effect4.Exit.mergeFinalizer.eq_1	[]
Effect4.Exit.mergeFinalizer.eq_2	[]
Effect4.Exit.mergeFinalizer.eq_3	[]
Effect4.Exit.restoreAfterFinalizer.eq_1	[]
Effect4.FrameEvent.deferred.inj	[]
Effect4.FrameEvent.deferred.injEq	[propext]
Effect4.FrameEvent.deferred.sizeOf_spec	[]
Effect4.FrameEvent.finalizersRun_cons_popped	[]
Effect4.FrameEvent.finalizersRun_cons_ran	[]
Effect4.FrameEvent.finalizersRun_nil	[]
Effect4.FrameEvent.popped.inj	[]
Effect4.FrameEvent.popped.injEq	[propext]
Effect4.FrameEvent.popped.sizeOf_spec	[]
Effect4.FrameEvent.poppedFrame?.eq_1	[]
Effect4.FrameEvent.poppedFrame?.eq_2	[]
Effect4.FrameEvent.poppedFrame?.eq_3	[]
Effect4.FrameEvent.poppedFrame?.eq_4	[]
Effect4.FrameEvent.poppedFrame?.eq_5	[]
Effect4.FrameEvent.poppedFrame?.eq_6	[]
Effect4.FrameEvent.poppedFrame?.eq_7	[]
Effect4.FrameEvent.poppedFrames.eq_1	[]
Effect4.FrameEvent.poppedFrames_cons_popped	[]
Effect4.FrameEvent.poppedFrames_nil	[]
Effect4.FrameEvent.pushed.inj	[]
Effect4.FrameEvent.pushed.injEq	[propext]
Effect4.FrameEvent.pushed.sizeOf_spec	[]
Effect4.FrameEvent.ranContAll.inj	[]
Effect4.FrameEvent.ranContAll.injEq	[propext]
Effect4.FrameEvent.ranContAll.sizeOf_spec	[]
Effect4.FrameEvent.ranFinalizer.inj	[]
Effect4.FrameEvent.ranFinalizer.injEq	[propext]
Effect4.FrameEvent.ranFinalizer.sizeOf_spec	[]
Effect4.FrameEvent.substituted.inj	[]
Effect4.FrameEvent.substituted.injEq	[propext]
Effect4.FrameEvent.substituted.sizeOf_spec	[]
Effect4.FrameEvent.yielded.inj	[]
Effect4.FrameEvent.yielded.injEq	[propext]
Effect4.FrameEvent.yielded.sizeOf_spec	[]
Effect4.FrameFiber.continueFrom.eq_1	[propext]
Effect4.FrameFiber.continueFrom_cases	[propext]
Effect4.FrameFiber.ensure_stack_cases	[propext]
Effect4.FrameFiber.getCont.eq_1	[propext]
Effect4.FrameFiber.getContLive.eq_1	[propext, Quot.sound]
Effect4.FrameFiber.getContLive_deferred_discarded	[propext, Quot.sound]
Effect4.FrameFiber.getContLive_deferred_kept	[propext, Quot.sound]
Effect4.FrameFiber.getContLive_eq_getCont	[propext, Quot.sound]
Effect4.FrameFiber.getContLive_false_eq_getCont	[propext, Quot.sound]
Effect4.FrameFiber.getContLive_while	[propext, Quot.sound]
Effect4.FrameFiber.getCont_answer_cause	[propext, Quot.sound]
Effect4.FrameFiber.getCont_answer_hasArm	[propext]
Effect4.FrameFiber.getCont_carriedCause_no_pending	[propext, Quot.sound]
Effect4.FrameFiber.getCont_deferred	[propext]
Effect4.FrameFiber.getCont_deferred_pops_nothing	[propext]
Effect4.FrameFiber.getCont_empty_stack	[propext]
Effect4.FrameFiber.getCont_eq_popFrom	[propext]
Effect4.FrameFiber.getCont_events_cause	[propext, Quot.sound]
Effect4.FrameFiber.getCont_fiber_cause	[propext, Quot.sound]
Effect4.FrameFiber.getCont_fiber_uninterrupted	[propext]
Effect4.FrameFiber.getCont_mask_stops_skip	[propext]
Effect4.FrameFiber.getCont_never_defers	[propext]
Effect4.FrameFiber.getCont_no_pending	[propext, Quot.sound]
Effect4.FrameFiber.getCont_popped_cause	[propext, Quot.sound]
Effect4.FrameFiber.getCont_ranContAll	[propext]
Effect4.FrameFiber.getCont_skip_clears_deferred	[propext]
Effect4.FrameFiber.getCont_skip_of_no_pending_cause	[propext, Quot.sound]
Effect4.FrameFiber.interrupt_skips_every_handler	[propext, Quot.sound]
Effect4.FrameFiber.interrupted.eq_1	[]
Effect4.FrameFiber.interrupted_eq	[]
Effect4.FrameFiber.interruptibleRegion.eq_1	[]
Effect4.FrameFiber.interruptibleRegion_already	[propext]
Effect4.FrameFiber.interruptibleRegion_masked	[propext]
Effect4.FrameFiber.joinPushed._sparseCasesOn_1.else_eq	[propext]
Effect4.FrameFiber.joinPushed.eq_1	[propext]
Effect4.FrameFiber.joinPushed_of_answer	[propext]
Effect4.FrameFiber.joinPushed_of_empty	[propext]
Effect4.FrameFiber.masked_eq	[]
Effect4.FrameFiber.mk.inj	[]
Effect4.FrameFiber.mk.injEq	[propext]
Effect4.FrameFiber.mk.sizeOf_spec	[]
Effect4.FrameFiber.passEvents_poppedFrames	[propext, Quot.sound]
Effect4.FrameFiber.passEvents_ranContAll	[propext]
Effect4.FrameFiber.passOn.eq_1	[propext]
Effect4.FrameFiber.passPushed.eq_1	[propext]
Effect4.FrameFiber.passPushed_answer	[propext]
Effect4.FrameFiber.passPushed_answer_cause	[propext]
Effect4.FrameFiber.passPushed_answer_hasArm	[propext]
Effect4.FrameFiber.passPushed_carriedCause_no_pending	[propext]
Effect4.FrameFiber.passPushed_carriedCause_none	[propext]
Effect4.FrameFiber.passPushed_events	[propext]
Effect4.FrameFiber.passPushed_events_cause	[propext]
Effect4.FrameFiber.passPushed_fiber	[propext]
Effect4.FrameFiber.passPushed_fiber_cause	[propext]
Effect4.FrameFiber.passPushed_nil	[propext]
Effect4.FrameFiber.passPushed_popped	[propext]
Effect4.FrameFiber.passPushed_popped_cause	[propext]
Effect4.FrameFiber.passPushed_popped_eq_events	[propext, Quot.sound]
Effect4.FrameFiber.passPushed_ranContAll	[propext]
Effect4.FrameFiber.passPushed_setInterruptible_no_pending	[propext, Quot.sound]
Effect4.FrameFiber.passPushed_setInterruptible_substitutes	[propext]
Effect4.FrameFiber.pendingCause.eq_1	[]
Effect4.FrameFiber.pendingCause_none	[]
Effect4.FrameFiber.pendingCause_some	[]
Effect4.FrameFiber.popFrom.eq_1	[propext]
Effect4.FrameFiber.popFrom.eq_2	[propext]
Effect4.FrameFiber.popFrom.eq_def	[propext, Quot.sound]
Effect4.FrameFiber.popFrom_answer_answer	[propext]
Effect4.FrameFiber.popFrom_answer_cause	[propext, Quot.sound]
Effect4.FrameFiber.popFrom_answer_events	[propext]
Effect4.FrameFiber.popFrom_answer_fiber	[propext]
Effect4.FrameFiber.popFrom_answer_hasArm	[propext]
Effect4.FrameFiber.popFrom_answer_ne_deferred	[propext]
Effect4.FrameFiber.popFrom_answer_popped	[propext]
Effect4.FrameFiber.popFrom_asyncFinalizer_pops_its_push	[propext]
Effect4.FrameFiber.popFrom_carriedCause_no_pending	[propext, Quot.sound]
Effect4.FrameFiber.popFrom_continue_answer	[propext]
Effect4.FrameFiber.popFrom_continue_events	[propext]
Effect4.FrameFiber.popFrom_continue_fiber	[propext]
Effect4.FrameFiber.popFrom_continue_popped	[propext]
Effect4.FrameFiber.popFrom_deferredInterrupt	[propext]
Effect4.FrameFiber.popFrom_events_cause	[propext, Quot.sound]
Effect4.FrameFiber.popFrom_fiber_cause	[propext, Quot.sound]
Effect4.FrameFiber.popFrom_interruptedCause	[propext]
Effect4.FrameFiber.popFrom_never_skips	[propext]
Effect4.FrameFiber.popFrom_nil	[propext]
Effect4.FrameFiber.popFrom_pass_no_push	[propext]
Effect4.FrameFiber.popFrom_popped_cause	[propext, Quot.sound]
Effect4.FrameFiber.popFrom_popped_eq_events	[propext, Quot.sound]
Effect4.FrameFiber.popFrom_ranContAll	[propext]
Effect4.FrameFiber.popLive._unary._proof_1	[propext, Quot.sound]
Effect4.FrameFiber.popLive._unary.eq_def	[propext, Quot.sound]
Effect4.FrameFiber.popLive.eq_1	[propext, Quot.sound]
Effect4.FrameFiber.popLive.eq_def	[propext, Quot.sound]
Effect4.FrameFiber.popLive_eq_popFrom	[propext, Quot.sound]
Effect4.FrameFiber.restoreAcquire_asked	[]
Effect4.FrameFiber.restoreAcquire_not_asked	[]
Effect4.FrameFiber.resumeCause.eq_1	[propext]
Effect4.FrameFiber.resumeCause_deferred	[propext]
Effect4.FrameFiber.resumeCause_empty	[propext]
Effect4.FrameFiber.resumeCause_frame	[propext]
Effect4.FrameFiber.resumeCause_replacement	[propext]
Effect4.FrameFiber.resumeValue.eq_1	[propext]
Effect4.FrameFiber.resumeValue_deferred	[propext]
Effect4.FrameFiber.resumeValue_empty	[propext]
Effect4.FrameFiber.resumeValue_frame	[propext]
Effect4.FrameFiber.resumeValue_onSuccessConst	[propext]
Effect4.FrameFiber.resumeValue_replacement	[propext]
Effect4.FrameFiber.run.eq_1	[propext]
Effect4.FrameFiber.run.eq_2	[propext]
Effect4.FrameFiber.run.eq_def	[propext]
Effect4.FrameFiber.run_add	[propext, Quot.sound]
Effect4.FrameFiber.run_add._proof_1_1	[propext, Quot.sound]
Effect4.FrameFiber.run_add_finished	[propext, Quot.sound]
Effect4.FrameFiber.run_add_running	[propext, Quot.sound]
Effect4.FrameFiber.run_mono	[propext, Quot.sound]
Effect4.FrameFiber.run_preserves_uninterrupted	[propext, Quot.sound]
Effect4.FrameFiber.run_succ_finished	[propext]
Effect4.FrameFiber.run_succ_running	[propext]
Effect4.FrameFiber.run_zero	[propext]
Effect4.FrameFiber.setFiberInterruptible.eq_1	[]
Effect4.FrameFiber.setFiberInterruptible_flag	[]
Effect4.FrameFiber.setFiberInterruptible_immediate_failure	[propext]
Effect4.FrameFiber.setFiberInterruptible_no_pending	[propext]
Effect4.FrameFiber.setFiberInterruptible_pushes	[]
Effect4.FrameFiber.skippedCause.eq_1	[]
Effect4.FrameFiber.skippedCause.eq_2	[]
Effect4.FrameFiber.skippedCause_no_pending	[propext]
Effect4.FrameFiber.skippedCause_none	[]
Effect4.FrameFiber.stack_nil_eq	[propext]
Effect4.FrameFiber.start_eq	[]
Effect4.FrameFiber.step.eq_1	[propext]
Effect4.FrameFiber.step_asyncFinalizer_not_evaluable	[propext]
Effect4.FrameFiber.step_async_frontier	[propext]
Effect4.FrameFiber.step_exitFrame	[propext]
Effect4.FrameFiber.step_failure	[propext]
Effect4.FrameFiber.step_iterator	[propext]
Effect4.FrameFiber.step_ofExit_finishes	[propext]
Effect4.FrameFiber.step_onExit	[propext]
Effect4.FrameFiber.step_onFailure	[propext]
Effect4.FrameFiber.step_onSuccess	[propext]
Effect4.FrameFiber.step_onSuccessAndFailure	[propext]
Effect4.FrameFiber.step_onSuccessConst	[propext]
Effect4.FrameFiber.step_parking_is_a_fixed_point	[propext]
Effect4.FrameFiber.step_preserves_uninterrupted	[propext, Quot.sound]
Effect4.FrameFiber.step_scopedFrame	[propext]
Effect4.FrameFiber.step_setInterruptible_not_evaluable	[propext]
Effect4.FrameFiber.step_success	[propext]
Effect4.FrameFiber.step_success_onSuccessConst	[propext]
Effect4.FrameFiber.step_suspend	[propext]
Effect4.FrameFiber.step_sync	[propext]
Effect4.FrameFiber.step_whileLoop_false	[propext]
Effect4.FrameFiber.step_whileLoop_true	[propext]
Effect4.FrameFiber.step_withFiber	[propext]
Effect4.FrameFiber.step_yieldNowWith_frontier	[propext]
Effect4.FrameFiber.step_yieldableError	[propext]
Effect4.FrameFiber.uninterruptible.eq_1	[]
Effect4.FrameFiber.uninterruptibleMask_eq	[]
Effect4.FrameFiber.uninterruptible_already_masked	[propext]
Effect4.FrameFiber.uninterruptible_masks	[propext]
Effect4.FramePop.deliveredExit.eq_1	[]
Effect4.FramePop.deliveredExit.eq_2	[]
Effect4.FramePop.mk.inj	[]
Effect4.FramePop.mk.injEq	[propext]
Effect4.FramePop.mk.sizeOf_spec	[]
Effect4.FrameStep.finished.inj	[]
Effect4.FrameStep.finished.injEq	[propext]
Effect4.FrameStep.finished.sizeOf_spec	[]
Effect4.FrameStep.running.inj	[]
Effect4.FrameStep.running.injEq	[propext]
Effect4.FrameStep.running.sizeOf_spec	[]
Effect4.IterStep.done.inj	[]
Effect4.IterStep.done.injEq	[propext]
Effect4.IterStep.done.sizeOf_spec	[]
Effect4.IterStep.halt.inj	[]
Effect4.IterStep.halt.injEq	[propext]
Effect4.IterStep.halt.sizeOf_spec	[]
Effect4.IterStep.resume.inj	[]
Effect4.IterStep.resume.injEq	[propext]
Effect4.IterStep.resume.sizeOf_spec	[]
Effect4.LoopNext.continue.inj	[]
Effect4.LoopNext.continue.injEq	[propext]
Effect4.LoopNext.continue.sizeOf_spec	[]
Effect4.LoopNext.finish.inj	[]
Effect4.LoopNext.finish.injEq	[propext]
Effect4.LoopNext.finish.sizeOf_spec	[]
Effect4.Machine.ActionName.keys.eq_1	[propext]
Effect4.Machine.ActionName.keys.eq_10	[propext]
Effect4.Machine.ActionName.keys.eq_11	[propext]
Effect4.Machine.ActionName.keys.eq_12	[propext]
Effect4.Machine.ActionName.keys.eq_13	[propext]
Effect4.Machine.ActionName.keys.eq_14	[propext]
Effect4.Machine.ActionName.keys.eq_15	[propext]
Effect4.Machine.ActionName.keys.eq_16	[propext]
Effect4.Machine.ActionName.keys.eq_17	[propext]
Effect4.Machine.ActionName.keys.eq_18	[propext]
Effect4.Machine.ActionName.keys.eq_19	[propext]
Effect4.Machine.ActionName.keys.eq_2	[propext]
Effect4.Machine.ActionName.keys.eq_20	[propext]
Effect4.Machine.ActionName.keys.eq_21	[propext]
Effect4.Machine.ActionName.keys.eq_22	[propext]
Effect4.Machine.ActionName.keys.eq_3	[propext]
Effect4.Machine.ActionName.keys.eq_4	[propext]
Effect4.Machine.ActionName.keys.eq_5	[propext]
Effect4.Machine.ActionName.keys.eq_6	[propext]
Effect4.Machine.ActionName.keys.eq_7	[propext]
Effect4.Machine.ActionName.keys.eq_8	[propext]
Effect4.Machine.ActionName.keys.eq_9	[propext]
Effect4.Machine.Bucket.mk.inj	[]
Effect4.Machine.Bucket.mk.injEq	[propext]
Effect4.Machine.Bucket.mk.sizeOf_spec	[]
Effect4.Machine.Cmd.afterInterrupt.inj	[]
Effect4.Machine.Cmd.afterInterrupt.injEq	[propext]
Effect4.Machine.Cmd.afterInterrupt.sizeOf_spec	[]
Effect4.Machine.Cmd.closeParAwait.inj	[]
Effect4.Machine.Cmd.closeParAwait.injEq	[propext]
Effect4.Machine.Cmd.closeParAwait.sizeOf_spec	[]
Effect4.Machine.Cmd.deliver.inj	[]
Effect4.Machine.Cmd.deliver.injEq	[propext]
Effect4.Machine.Cmd.deliver.sizeOf_spec	[]
Effect4.Machine.Cmd.drainDue.sizeOf_spec	[]
Effect4.Machine.Cmd.enrollRace.inj	[]
Effect4.Machine.Cmd.enrollRace.injEq	[propext]
Effect4.Machine.Cmd.enrollRace.sizeOf_spec	[]
Effect4.Machine.Cmd.evaluate.inj	[]
Effect4.Machine.Cmd.evaluate.injEq	[propext]
Effect4.Machine.Cmd.evaluate.sizeOf_spec	[]
Effect4.Machine.Cmd.exitDone.inj	[]
Effect4.Machine.Cmd.exitDone.injEq	[propext]
Effect4.Machine.Cmd.exitDone.sizeOf_spec	[]
Effect4.Machine.Cmd.finish.inj	[]
Effect4.Machine.Cmd.finish.injEq	[propext]
Effect4.Machine.Cmd.finish.sizeOf_spec	[]
Effect4.Machine.Cmd.interruptTarget.inj	[]
Effect4.Machine.Cmd.interruptTarget.injEq	[propext]
Effect4.Machine.Cmd.interruptTarget.sizeOf_spec	[]
Effect4.Machine.Cmd.keys._sparseCasesOn_1.else_eq	[propext]
Effect4.Machine.Cmd.keys.eq_1	[propext]
Effect4.Machine.Cmd.keys.eq_10	[propext]
Effect4.Machine.Cmd.keys.eq_11	[propext]
Effect4.Machine.Cmd.keys.eq_2	[propext]
Effect4.Machine.Cmd.keys.eq_3	[propext]
Effect4.Machine.Cmd.keys.eq_4	[propext]
Effect4.Machine.Cmd.keys.eq_5	[propext]
Effect4.Machine.Cmd.keys.eq_6	[propext]
Effect4.Machine.Cmd.keys.eq_7	[propext]
Effect4.Machine.Cmd.keys.eq_8	[propext]
Effect4.Machine.Cmd.keys.eq_9	[propext]
Effect4.Machine.Cmd.launch.inj	[]
Effect4.Machine.Cmd.launch.injEq	[propext]
Effect4.Machine.Cmd.launch.sizeOf_spec	[]
Effect4.Machine.Cmd.link.inj	[]
Effect4.Machine.Cmd.link.injEq	[propext]
Effect4.Machine.Cmd.link.sizeOf_spec	[]
Effect4.Machine.Cmd.loop.inj	[]
Effect4.Machine.Cmd.loop.injEq	[propext]
Effect4.Machine.Cmd.loop.sizeOf_spec	[]
Effect4.Machine.Cmd.observe.inj	[]
Effect4.Machine.Cmd.observe.injEq	[propext]
Effect4.Machine.Cmd.observe.sizeOf_spec	[]
Effect4.Machine.Cmd.raceCancel.inj	[]
Effect4.Machine.Cmd.raceCancel.injEq	[propext]
Effect4.Machine.Cmd.raceCancel.sizeOf_spec	[]
Effect4.Machine.Cmd.registrationDone.inj	[]
Effect4.Machine.Cmd.registrationDone.injEq	[propext]
Effect4.Machine.Cmd.registrationDone.sizeOf_spec	[]
Effect4.Machine.Cmd.resume.inj	[]
Effect4.Machine.Cmd.resume.injEq	[propext]
Effect4.Machine.Cmd.resume.sizeOf_spec	[]
Effect4.Machine.Cmd.trackChild.inj	[]
Effect4.Machine.Cmd.trackChild.injEq	[propext]
Effect4.Machine.Cmd.trackChild.sizeOf_spec	[]
Effect4.Machine.Cmd.wake.inj	[]
Effect4.Machine.Cmd.wake.injEq	[propext]
Effect4.Machine.Cmd.wake.sizeOf_spec	[]
Effect4.Machine.Completion.keys.eq_1	[propext]
Effect4.Machine.Completion.keys.eq_2	[propext]
Effect4.Machine.Ctx.keys_eq_handleKeys	[propext]
Effect4.Machine.Ctx.keys_provide	[propext, Quot.sound]
Effect4.Machine.Ctx.keys_withScope	[propext, Quot.sound]
Effect4.Machine.Ctx.keys_withServices	[propext]
Effect4.Machine.Ctx.scope_mem_keys	[propext, Quot.sound]
Effect4.Machine.DeferredCell.keys.eq_1	[propext]
Effect4.Machine.DeferredCell.keys_wake	[propext]
Effect4.Machine.DeferredStore.cancel_keys	[propext, Quot.sound]
Effect4.Machine.DeferredStore.cancel_keys._simp_1_2	[propext]
Effect4.Machine.DeferredStore.cellAt_keys_subset	[propext, Quot.sound]
Effect4.Machine.DeferredStore.complete_cells_le	[propext, Quot.sound]
Effect4.Machine.DeferredStore.complete_keys	[propext, Quot.sound]
Effect4.Machine.DeferredStore.complete_keys_subset	[propext, Quot.sound]
Effect4.Machine.DeferredStore.drainDue_keys	[propext]
Effect4.Machine.DeferredStore.keys.eq_1	[propext]
Effect4.Machine.DeferredStore.register_answer_keys	[propext, Quot.sound]
Effect4.Machine.DeferredStore.register_cells_le	[propext, Quot.sound]
Effect4.Machine.DeferredStore.register_keys	[propext, Quot.sound]
Effect4.Machine.DeferredStore.register_keys_subset	[propext, Quot.sound]
Effect4.Machine.DeferredStore.setCell_appendDue_keys	[propext, Quot.sound]
Effect4.Machine.DeferredStore.setCell_keys_of_subset	[propext, Quot.sound]
Effect4.Machine.DeferredStore.setCell_keys_subset	[propext, Quot.sound]
Effect4.Machine.DeferredStore.setCell_keys_subset._simp_1_1	[propext]
Effect4.Machine.DeferredStore.setCell_le	[propext]
Effect4.Machine.DeferredStore.wakeBatch_keys	[propext, Quot.sound]
Effect4.Machine.DeferredStore.wakeBatch_keys._simp_1_2	[propext]
Effect4.Machine.Dispatcher.drain.eq_1	[]
Effect4.Machine.Dispatcher.empty.eq_1	[]
Effect4.Machine.Dispatcher.insert_keys_subset	[propext, Quot.sound]
Effect4.Machine.Dispatcher.insert_keys_subset._simp_1_103	[propext]
Effect4.Machine.Dispatcher.insert_keys_subset._simp_1_104	[propext]
Effect4.Machine.Dispatcher.insert_keys_subset._simp_1_105	[propext]
Effect4.Machine.Dispatcher.insert_keys_subset._simp_1_106	[propext]
Effect4.Machine.Dispatcher.insert_keys_subset._simp_1_107	[propext]
Effect4.Machine.Dispatcher.insert_keys_subset._simp_1_108	[propext]
Effect4.Machine.Dispatcher.keys.eq_1	[propext]
Effect4.Machine.Dispatcher.keys_empty	[propext]
Effect4.Machine.Dispatcher.keys_enqueue_subset	[propext, Quot.sound]
Effect4.Machine.Dispatcher.mk.inj	[]
Effect4.Machine.Dispatcher.mk.injEq	[propext]
Effect4.Machine.Dispatcher.mk.sizeOf_spec	[]
Effect4.Machine.Env.Context.getV_keys	[propext, Quot.sound]
Effect4.Machine.Env.Context.handleKeys_add	[propext, Quot.sound]
Effect4.Machine.Env.Context.handleKeys_addV	[propext, Quot.sound]
Effect4.Machine.Env.Context.handleKeys_empty	[propext]
Effect4.Machine.Env.Context.handleKeys_foldl_merge	[propext, Quot.sound]
Effect4.Machine.Env.Context.handleKeys_merge	[propext, Quot.sound]
Effect4.Machine.Env.Context.handleKeys_mergeAll	[propext, Quot.sound]
Effect4.Machine.Env.Context.handleKeys_mergeEntries	[propext, Quot.sound]
Effect4.Machine.Env.Context.mergeAll.eq_1	[propext, Quot.sound]
Effect4.Machine.Env.Context.mergeAll.eq_2	[propext, Quot.sound]
Effect4.Machine.Env.Context.mergeEntries.eq_1	[propext, Quot.sound]
Effect4.Machine.Env.Context.mergeEntries.eq_2	[propext, Quot.sound]
Effect4.Machine.Env.Context.mergeEntries.eq_def	[propext, Quot.sound]
Effect4.Machine.Env.decode_keys	[propext]
Effect4.Machine.Exhaustion.fuel.sizeOf_spec	[]
Effect4.Machine.Exhaustion.ofNat_ctorIdx	[]
Effect4.Machine.Exhaustion.tape.sizeOf_spec	[]
Effect4.Machine.FinName.keys.eq_1	[propext]
Effect4.Machine.FinName.keys.eq_10	[propext]
Effect4.Machine.FinName.keys.eq_2	[propext]
Effect4.Machine.FinName.keys.eq_3	[propext]
Effect4.Machine.FinName.keys.eq_4	[propext]
Effect4.Machine.FinName.keys.eq_5	[propext]
Effect4.Machine.FinName.keys.eq_6	[propext]
Effect4.Machine.FinName.keys.eq_7	[propext]
Effect4.Machine.FinName.keys.eq_8	[propext]
Effect4.Machine.FinName.keys.eq_9	[propext]
Effect4.Machine.FnName.modify._sparseCasesOn_1.else_eq	[propext]
Effect4.Machine.FnName.modify.eq_1	[propext]
Effect4.Machine.FnName.modify.eq_2	[propext]
Effect4.Machine.FnName.modifySome_keys	[propext]
Effect4.Machine.FnName.modify_keys	[propext]
Effect4.Machine.FnName.partialUpdate_keys	[propext]
Effect4.Machine.FnName.total_keys	[propext]
Effect4.Machine.Handle.cell.inj	[]
Effect4.Machine.Handle.cell.injEq	[propext]
Effect4.Machine.Handle.cell.sizeOf_spec	[]
Effect4.Machine.Handle.code_ofCode	[]
Effect4.Machine.Handle.existsIn.eq_1	[propext]
Effect4.Machine.Handle.existsIn.eq_2	[propext]
Effect4.Machine.Handle.existsIn.eq_3	[propext]
Effect4.Machine.Handle.existsIn.eq_4	[propext]
Effect4.Machine.Handle.existsIn.eq_5	[propext]
Effect4.Machine.Handle.existsIn.eq_6	[propext]
Effect4.Machine.Handle.existsIn_mono	[propext]
Effect4.Machine.Handle.external.inj	[]
Effect4.Machine.Handle.external.injEq	[propext]
Effect4.Machine.Handle.external.sizeOf_spec	[]
Effect4.Machine.Handle.fiber.inj	[]
Effect4.Machine.Handle.fiber.injEq	[propext]
Effect4.Machine.Handle.fiber.sizeOf_spec	[]
Effect4.Machine.Handle.memoMap.inj	[]
Effect4.Machine.Handle.memoMap.injEq	[propext]
Effect4.Machine.Handle.memoMap.sizeOf_spec	[]
Effect4.Machine.Handle.ofCode_cell	[]
Effect4.Machine.Handle.ofCode_code	[]
Effect4.Machine.Handle.ofCode_fiber	[]
Effect4.Machine.Handle.ofCode_memoMap	[]
Effect4.Machine.Handle.ofCode_promise	[]
Effect4.Machine.Handle.ofCode_scope	[]
Effect4.Machine.Handle.promise.inj	[]
Effect4.Machine.Handle.promise.injEq	[propext]
Effect4.Machine.Handle.promise.sizeOf_spec	[]
Effect4.Machine.Handle.scope.inj	[]
Effect4.Machine.Handle.scope.injEq	[propext]
Effect4.Machine.Handle.scope.sizeOf_spec	[]
Effect4.Machine.Iter.mk.inj	[]
Effect4.Machine.Iter.mk.injEq	[propext]
Effect4.Machine.Iter.mk.sizeOf_spec	[]
Effect4.Machine.KeyBounded.abortName	[propext]
Effect4.Machine.KeyBounded.ambientScope	[propext]
Effect4.Machine.KeyBounded.answerCode	[propext]
Effect4.Machine.KeyBounded.cancelName	[propext]
Effect4.Machine.KeyBounded.cancelThenFail	[propext]
Effect4.Machine.KeyBounded.clockStep	[propext]
Effect4.Machine.KeyBounded.closeDoneName	[propext]
Effect4.Machine.KeyBounded.closeScope	[propext]
Effect4.Machine.KeyBounded.contA	[propext]
Effect4.Machine.KeyBounded.contE	[propext]
Effect4.Machine.KeyBounded.contextValue	[propext]
Effect4.Machine.KeyBounded.dropFinalizer	[propext]
Effect4.Machine.KeyBounded.dueResumes	[propext]
Effect4.Machine.KeyBounded.emptyContext	[propext]
Effect4.Machine.KeyBounded.exitValue	[propext]
Effect4.Machine.KeyBounded.exitsValue	[propext]
Effect4.Machine.KeyBounded.fiberIdValue	[propext]
Effect4.Machine.KeyBounded.fiberValue	[propext]
Effect4.Machine.KeyBounded.fibersValue	[propext]
Effect4.Machine.KeyBounded.finalizerProgram	[propext]
Effect4.Machine.KeyBounded.interruptAllCode	[propext]
Effect4.Machine.KeyBounded.interruptAsCode	[propext]
Effect4.Machine.KeyBounded.interruptCode	[propext]
Effect4.Machine.KeyBounded.iterNext_done	[propext]
Effect4.Machine.KeyBounded.iterNext_resume	[propext]
Effect4.Machine.KeyBounded.loopEnter	[propext]
Effect4.Machine.KeyBounded.loopResume	[propext]
Effect4.Machine.KeyBounded.mergeName	[propext]
Effect4.Machine.KeyBounded.parkCancelName	[propext]
Effect4.Machine.KeyBounded.parkCode	[propext]
Effect4.Machine.KeyBounded.parkOf	[propext]
Effect4.Machine.KeyBounded.parkOfAwaitAll	[propext]
Effect4.Machine.KeyBounded.prepareAnswer	[propext]
Effect4.Machine.KeyBounded.raceCancelName	[propext]
Effect4.Machine.KeyBounded.raceSettle	[propext]
Effect4.Machine.KeyBounded.registerAsync	[propext]
Effect4.Machine.KeyBounded.reifyExit	[propext]
Effect4.Machine.KeyBounded.restoreName	[propext]
Effect4.Machine.KeyBounded.scopeLinkFiber	[propext]
Effect4.Machine.KeyBounded.scopeStatus	[propext]
Effect4.Machine.KeyBounded.scopeValue	[propext]
Effect4.Machine.KeyBounded.suspendBody	[propext]
Effect4.Machine.KeyBounded.syncState	[propext]
Effect4.Machine.KeyBounded.syncValue	[propext]
Effect4.Machine.KeyBounded.voidValue	[propext]
Effect4.Machine.KeyBounded.wakeList	[propext]
Effect4.Machine.KeyBounded.withFiberOf	[propext]
Effect4.Machine.M1.DeferredWanted.memoEntry_keys	[propext]
Effect4.Machine.M1.DeferredWanted.memoEntry_keys.checked	[propext]
Effect4.Machine.M1.DeferredWanted.memoEntry_keys_holds	[propext]
Effect4.Machine.M1.Handles.cellAt_keys_subset	[propext]
Effect4.Machine.M1.Handles.cellAt_keys_subset.checked	[propext, Quot.sound]
Effect4.Machine.M1.Handles.complete_keys	[propext]
Effect4.Machine.M1.Handles.complete_keys.checked	[propext, Quot.sound]
Effect4.Machine.M1.Handles.drainDue_keys	[propext]
Effect4.Machine.M1.Handles.drainDue_keys.checked	[propext]
Effect4.Machine.M1.Handles.flatMap_resumes_const	[propext]
Effect4.Machine.M1.Handles.flatMap_resumes_const.checked	[propext, Quot.sound]
Effect4.Machine.M1.Handles.owed_flatMap_mapCode_keys_subset	[]
Effect4.Machine.M1.Handles.owed_flatMap_mapCode_keys_subset.checked	[propext, Quot.sound]
Effect4.Machine.M1.Handles.owed_mapCode_keys_subset	[]
Effect4.Machine.M1.Handles.owed_mapCode_keys_subset.checked	[propext, Quot.sound]
Effect4.Machine.M1.Handles.register_keys	[propext]
Effect4.Machine.M1.Handles.register_keys.checked	[propext, Quot.sound]
Effect4.Machine.M1.Handles.setCell_appendDue_keys	[propext]
Effect4.Machine.M1.Handles.setCell_appendDue_keys.checked	[propext, Quot.sound]
Effect4.Machine.M1.Handles.setCell_keys_of_subset	[propext]
Effect4.Machine.M1.Handles.setCell_keys_of_subset.checked	[propext, Quot.sound]
Effect4.Machine.M1Clock.advanceState_minted_of_evaluator	[propext, Quot.sound]
Effect4.Machine.M1Clock.advanceState_stable	[propext, Quot.sound]
Effect4.Machine.M1Clock.advance_extends	[propext, Quot.sound]
Effect4.Machine.M1Clock.advance_trace_mono	[propext, Quot.sound]
Effect4.Machine.M1Origin.fork_arm_minted	[propext]
Effect4.Machine.M1Origin.fork_arm_minted.checked	[propext, Quot.sound]
Effect4.Machine.M1Origin.launchEntrant_minted	[propext]
Effect4.Machine.M1Origin.launchEntrant_minted.checked	[propext]
Effect4.Machine.M1Origin.make_keys_subset	[propext]
Effect4.Machine.M1Origin.make_keys_subset.checked	[propext]
Effect4.Machine.M1Origin.spawnChild_keys_subset	[propext]
Effect4.Machine.M1Origin.spawnChild_keys_subset.checked	[propext]
Effect4.Machine.M1Origin.spawn_minted	[propext]
Effect4.Machine.M1Origin.spawn_minted.checked	[propext]
Effect4.Machine.M1Origin.withFiber_forkIn_minted	[propext, Quot.sound]
Effect4.Machine.M1Origin.withFiber_forkIn_minted.checked	[propext, Quot.sound]
Effect4.Machine.M1Origin.withFiber_forkScoped_minted	[propext, Quot.sound]
Effect4.Machine.M1Origin.withFiber_forkScoped_minted.checked	[propext, Quot.sound]
Effect4.Machine.M1Origin.withFiber_fork_minted	[propext, Quot.sound]
Effect4.Machine.M1Origin.withFiber_fork_minted.checked	[propext, Quot.sound]
Effect4.Machine.M1Origin.withFiber_raceAll_minted	[propext, Quot.sound]
Effect4.Machine.M1Origin.withFiber_raceAll_minted.checked	[propext, Quot.sound]
Effect4.Machine.M1OriginApproximation.launchEntrant_grows	[]
Effect4.Machine.M1OriginApproximation.launchEntrant_grows.checked	[]
Effect4.Machine.M1OriginApproximation.spawn_grows	[]
Effect4.Machine.M1OriginApproximation.spawn_grows.checked	[propext]
Effect4.Machine.MemoEntry.keys_observers	[propext]
Effect4.Machine.MemoMap.keys.eq_1	[propext]
Effect4.Machine.MemoMap.keys_subset_of_mem	[propext, Quot.sound]
Effect4.Machine.MemoWorld.entry_keys_subset	[propext, Quot.sound]
Effect4.Machine.MemoWorld.keys.eq_1	[propext]
Effect4.Machine.MemoWorld.keys_append	[propext]
Effect4.Machine.MemoWorld.keys_deleteEntry_subset	[propext, Quot.sound]
Effect4.Machine.MemoWorld.keys_insertEntry_subset	[propext, Quot.sound]
Effect4.Machine.MemoWorld.keys_setMap_subset	[propext, Quot.sound]
Effect4.Machine.MemoWorld.keys_updateEntry_subset	[propext, Quot.sound]
Effect4.Machine.MintedAt.eq_1	[propext]
Effect4.Machine.MintedIn.eq_1	[propext]
Effect4.Machine.Name.keys.eq_1	[propext]
Effect4.Machine.Name.keys.eq_10	[propext]
Effect4.Machine.Name.keys.eq_11	[propext]
Effect4.Machine.Name.keys.eq_12	[propext]
Effect4.Machine.Name.keys.eq_13	[propext]
Effect4.Machine.Name.keys.eq_14	[propext]
Effect4.Machine.Name.keys.eq_15	[propext]
Effect4.Machine.Name.keys.eq_16	[propext]
Effect4.Machine.Name.keys.eq_17	[propext]
Effect4.Machine.Name.keys.eq_18	[propext]
Effect4.Machine.Name.keys.eq_19	[propext]
Effect4.Machine.Name.keys.eq_2	[propext]
Effect4.Machine.Name.keys.eq_20	[propext]
Effect4.Machine.Name.keys.eq_21	[propext]
Effect4.Machine.Name.keys.eq_22	[propext]
Effect4.Machine.Name.keys.eq_23	[propext]
Effect4.Machine.Name.keys.eq_3	[propext]
Effect4.Machine.Name.keys.eq_4	[propext]
Effect4.Machine.Name.keys.eq_5	[propext]
Effect4.Machine.Name.keys.eq_6	[propext]
Effect4.Machine.Name.keys.eq_7	[propext]
Effect4.Machine.Name.keys.eq_8	[propext]
Effect4.Machine.Name.keys.eq_9	[propext]
Effect4.Machine.Name.keys.eq_def	[propext]
Effect4.Machine.Observer.callback.inj	[]
Effect4.Machine.Observer.callback.injEq	[propext]
Effect4.Machine.Observer.callback.sizeOf_spec	[]
Effect4.Machine.Observer.countdown.inj	[]
Effect4.Machine.Observer.countdown.injEq	[propext]
Effect4.Machine.Observer.countdown.sizeOf_spec	[]
Effect4.Machine.Observer.dropScopeFinalizer.inj	[]
Effect4.Machine.Observer.dropScopeFinalizer.injEq	[propext]
Effect4.Machine.Observer.dropScopeFinalizer.sizeOf_spec	[]
Effect4.Machine.Observer.keys.eq_1	[]
Effect4.Machine.Observer.keys.eq_2	[]
Effect4.Machine.Observer.keys.eq_3	[]
Effect4.Machine.Observer.keys.eq_4	[]
Effect4.Machine.Observer.keys.eq_5	[]
Effect4.Machine.Observer.keys.eq_6	[]
Effect4.Machine.Observer.raceCallback.inj	[]
Effect4.Machine.Observer.raceCallback.injEq	[propext]
Effect4.Machine.Observer.raceCallback.sizeOf_spec	[]
Effect4.Machine.Observer.resumeAwait.inj	[]
Effect4.Machine.Observer.resumeAwait.injEq	[propext]
Effect4.Machine.Observer.resumeAwait.sizeOf_spec	[]
Effect4.Machine.Observer.untrackChild.inj	[]
Effect4.Machine.Observer.untrackChild.injEq	[propext]
Effect4.Machine.Observer.untrackChild.sizeOf_spec	[]
Effect4.Machine.Ok_append	[propext]
Effect4.Machine.Ok_cons	[propext]
Effect4.Machine.Ok_flatMap	[propext, Quot.sound]
Effect4.Machine.Ok_map	[propext, Quot.sound]
Effect4.Machine.Ok_mono	[propext]
Effect4.Machine.Ok_nil	[propext]
Effect4.Machine.Ok_of_subset	[propext]
Effect4.Machine.Origin.forked.inj	[]
Effect4.Machine.Origin.forked.injEq	[propext]
Effect4.Machine.Origin.forked.sizeOf_spec	[]
Effect4.Machine.Origin.root.sizeOf_spec	[]
Effect4.Machine.Outcome.answered.sizeOf_spec	[]
Effect4.Machine.Outcome.commands.sizeOf_spec	[]
Effect4.Machine.Outcome.continue_.sizeOf_spec	[]
Effect4.Machine.Outcome.finished.inj	[]
Effect4.Machine.Outcome.finished.injEq	[propext]
Effect4.Machine.Outcome.finished.sizeOf_spec	[]
Effect4.Machine.Outcome.keys._sparseCasesOn_1.else_eq	[propext]
Effect4.Machine.Outcome.keys.eq_1	[propext]
Effect4.Machine.Outcome.keys.eq_2	[propext]
Effect4.Machine.Outcome.parked.sizeOf_spec	[]
Effect4.Machine.Outcome.stuck.inj	[]
Effect4.Machine.Outcome.stuck.injEq	[propext]
Effect4.Machine.Outcome.stuck.sizeOf_spec	[]
Effect4.Machine.Owed.flatMap_mapCode_keys_subset	[propext, Quot.sound]
Effect4.Machine.Owed.keys.eq_1	[]
Effect4.Machine.Owed.mapCode_keys_subset	[propext, Quot.sound]
Effect4.Machine.ParkKind.awaitAll.inj	[]
Effect4.Machine.ParkKind.awaitAll.injEq	[propext]
Effect4.Machine.ParkKind.awaitAll.sizeOf_spec	[]
Effect4.Machine.ParkKind.join.inj	[]
Effect4.Machine.ParkKind.join.injEq	[propext]
Effect4.Machine.ParkKind.join.sizeOf_spec	[]
Effect4.Machine.ParkKind.keys.eq_1	[]
Effect4.Machine.ParkKind.keys.eq_2	[]
Effect4.Machine.ParkKind.keys.eq_3	[]
Effect4.Machine.ParkKind.race.inj	[]
Effect4.Machine.ParkKind.race.injEq	[propext]
Effect4.Machine.ParkKind.race.sizeOf_spec	[]
Effect4.Machine.Parked.notParked.sizeOf_spec	[]
Effect4.Machine.Parked.withGuard.inj	[]
Effect4.Machine.Parked.withGuard.injEq	[propext]
Effect4.Machine.Parked.withGuard.sizeOf_spec	[]
Effect4.Machine.Pending.keys.eq_1	[propext]
Effect4.Machine.Pending.mk.inj	[]
Effect4.Machine.Pending.mk.injEq	[propext]
Effect4.Machine.Pending.mk.sizeOf_spec	[]
Effect4.Machine.ProgName.keys.eq_1	[propext]
Effect4.Machine.ProgName.keys.eq_10	[propext]
Effect4.Machine.ProgName.keys.eq_11	[propext]
Effect4.Machine.ProgName.keys.eq_12	[propext]
Effect4.Machine.ProgName.keys.eq_13	[propext]
Effect4.Machine.ProgName.keys.eq_14	[propext]
Effect4.Machine.ProgName.keys.eq_15	[propext]
Effect4.Machine.ProgName.keys.eq_16	[propext]
Effect4.Machine.ProgName.keys.eq_17	[propext]
Effect4.Machine.ProgName.keys.eq_18	[propext]
Effect4.Machine.ProgName.keys.eq_19	[propext]
Effect4.Machine.ProgName.keys.eq_2	[propext]
Effect4.Machine.ProgName.keys.eq_20	[propext]
Effect4.Machine.ProgName.keys.eq_21	[propext]
Effect4.Machine.ProgName.keys.eq_22	[propext]
Effect4.Machine.ProgName.keys.eq_23	[propext]
Effect4.Machine.ProgName.keys.eq_24	[propext]
Effect4.Machine.ProgName.keys.eq_25	[propext]
Effect4.Machine.ProgName.keys.eq_26	[propext]
Effect4.Machine.ProgName.keys.eq_3	[propext]
Effect4.Machine.ProgName.keys.eq_4	[propext]
Effect4.Machine.ProgName.keys.eq_5	[propext]
Effect4.Machine.ProgName.keys.eq_6	[propext]
Effect4.Machine.ProgName.keys.eq_7	[propext]
Effect4.Machine.ProgName.keys.eq_8	[propext]
Effect4.Machine.ProgName.keys.eq_9	[propext]
Effect4.Machine.ProgName.keys.eq_def	[propext]
Effect4.Machine.Race.keys.eq_1	[propext]
Effect4.Machine.Race.mk.inj	[]
Effect4.Machine.Race.mk.injEq	[propext]
Effect4.Machine.Race.mk.sizeOf_spec	[]
Effect4.Machine.ReplayResult.finished.inj	[]
Effect4.Machine.ReplayResult.finished.injEq	[propext]
Effect4.Machine.ReplayResult.finished.sizeOf_spec	[]
Effect4.Machine.ReplayResult.frontier.inj	[]
Effect4.Machine.ReplayResult.frontier.injEq	[propext]
Effect4.Machine.ReplayResult.frontier.sizeOf_spec	[]
Effect4.Machine.ReplayResult.frontier_le	[]
Effect4.Machine.ReplayResult.le_antisymm_terminal	[]
Effect4.Machine.ReplayResult.le_refl	[propext]
Effect4.Machine.ReplayResult.le_trans	[propext]
Effect4.Machine.ReplayResult.stuck.inj	[]
Effect4.Machine.ReplayResult.stuck.injEq	[propext]
Effect4.Machine.ReplayResult.stuck.sizeOf_spec	[]
Effect4.Machine.ReplayResult.terminal.eq_1	[]
Effect4.Machine.ReplayResult.terminal.eq_2	[]
Effect4.Machine.ReplayResult.terminal.eq_3	[]
Effect4.Machine.Resume.continueWith.inj	[]
Effect4.Machine.Resume.continueWith.injEq	[propext]
Effect4.Machine.Resume.continueWith.sizeOf_spec	[]
Effect4.Machine.Resume.exitsValue.sizeOf_spec	[]
Effect4.Machine.Resume.keys.eq_1	[]
Effect4.Machine.Resume.keys.eq_2	[]
Effect4.Machine.Resume.keys.eq_3	[]
Effect4.Machine.Resume.void.sizeOf_spec	[]
Effect4.Machine.RunDecision.advance.inj	[]
Effect4.Machine.RunDecision.advance.injEq	[propext]
Effect4.Machine.RunDecision.advance.sizeOf_spec	[]
Effect4.Machine.RunDecision.answerAsync.inj	[]
Effect4.Machine.RunDecision.answerAsync.injEq	[propext]
Effect4.Machine.RunDecision.answerAsync.sizeOf_spec	[]
Effect4.Machine.RunDecision.evaluate.inj	[]
Effect4.Machine.RunDecision.evaluate.injEq	[propext]
Effect4.Machine.RunDecision.evaluate.sizeOf_spec	[]
Effect4.Machine.RunDecision.fire.inj	[]
Effect4.Machine.RunDecision.fire.injEq	[propext]
Effect4.Machine.RunDecision.fire.sizeOf_spec	[]
Effect4.Machine.RunDecision.flush.sizeOf_spec	[]
Effect4.Machine.RunDecision.installMiddleware.sizeOf_spec	[]
Effect4.Machine.RunDecision.interruptFrom.inj	[]
Effect4.Machine.RunDecision.interruptFrom.injEq	[propext]
Effect4.Machine.RunDecision.interruptFrom.sizeOf_spec	[]
Effect4.Machine.RunDecision.yieldVerdict.inj	[]
Effect4.Machine.RunDecision.yieldVerdict.injEq	[propext]
Effect4.Machine.RunDecision.yieldVerdict.sizeOf_spec	[]
Effect4.Machine.RunEvent.callback.inj	[]
Effect4.Machine.RunEvent.callback.injEq	[propext]
Effect4.Machine.RunEvent.callback.sizeOf_spec	[]
Effect4.Machine.RunEvent.childrenInterrupted.inj	[]
Effect4.Machine.RunEvent.childrenInterrupted.injEq	[propext]
Effect4.Machine.RunEvent.childrenInterrupted.sizeOf_spec	[]
Effect4.Machine.RunEvent.contextSet.inj	[]
Effect4.Machine.RunEvent.contextSet.injEq	[propext]
Effect4.Machine.RunEvent.contextSet.sizeOf_spec	[]
Effect4.Machine.RunEvent.exited.inj	[]
Effect4.Machine.RunEvent.exited.injEq	[propext]
Effect4.Machine.RunEvent.exited.sizeOf_spec	[]
Effect4.Machine.RunEvent.finalizerProgram.inj	[]
Effect4.Machine.RunEvent.finalizerProgram.injEq	[propext]
Effect4.Machine.RunEvent.finalizerProgram.sizeOf_spec	[]
Effect4.Machine.RunEvent.forked.inj	[]
Effect4.Machine.RunEvent.forked.injEq	[propext]
Effect4.Machine.RunEvent.forked.sizeOf_spec	[]
Effect4.Machine.RunEvent.frame.inj	[]
Effect4.Machine.RunEvent.frame.injEq	[propext]
Effect4.Machine.RunEvent.frame.sizeOf_spec	[]
Effect4.Machine.RunEvent.interruptDeferred.inj	[]
Effect4.Machine.RunEvent.interruptDeferred.injEq	[propext]
Effect4.Machine.RunEvent.interruptDeferred.sizeOf_spec	[]
Effect4.Machine.RunEvent.interruptRecorded.inj	[]
Effect4.Machine.RunEvent.interruptRecorded.injEq	[propext]
Effect4.Machine.RunEvent.interruptRecorded.sizeOf_spec	[]
Effect4.Machine.RunEvent.observerFired.inj	[]
Effect4.Machine.RunEvent.observerFired.injEq	[propext]
Effect4.Machine.RunEvent.observerFired.sizeOf_spec	[]
Effect4.Machine.RunEvent.parkedOn.inj	[]
Effect4.Machine.RunEvent.parkedOn.injEq	[propext]
Effect4.Machine.RunEvent.parkedOn.sizeOf_spec	[]
Effect4.Machine.RunEvent.raceLaunched.inj	[]
Effect4.Machine.RunEvent.raceLaunched.injEq	[propext]
Effect4.Machine.RunEvent.raceLaunched.sizeOf_spec	[]
Effect4.Machine.RunEvent.raceSettled.inj	[]
Effect4.Machine.RunEvent.raceSettled.injEq	[propext]
Effect4.Machine.RunEvent.raceSettled.sizeOf_spec	[]
Effect4.Machine.RunEvent.raceStarted.inj	[]
Effect4.Machine.RunEvent.raceStarted.injEq	[propext]
Effect4.Machine.RunEvent.raceStarted.sizeOf_spec	[]
Effect4.Machine.RunEvent.ranTask.inj	[]
Effect4.Machine.RunEvent.ranTask.injEq	[propext]
Effect4.Machine.RunEvent.ranTask.sizeOf_spec	[]
Effect4.Machine.RunEvent.resumedWith.inj	[]
Effect4.Machine.RunEvent.resumedWith.injEq	[propext]
Effect4.Machine.RunEvent.resumedWith.sizeOf_spec	[]
Effect4.Machine.RunEvent.scheduledTask.inj	[]
Effect4.Machine.RunEvent.scheduledTask.injEq	[propext]
Effect4.Machine.RunEvent.scheduledTask.sizeOf_spec	[]
Effect4.Machine.RunEvent.scopeClosedOnLink.inj	[]
Effect4.Machine.RunEvent.scopeClosedOnLink.injEq	[propext]
Effect4.Machine.RunEvent.scopeClosedOnLink.sizeOf_spec	[]
Effect4.Machine.RunEvent.scopeLinked.inj	[]
Effect4.Machine.RunEvent.scopeLinked.injEq	[propext]
Effect4.Machine.RunEvent.scopeLinked.sizeOf_spec	[]
Effect4.Machine.RunEvent.started.inj	[]
Effect4.Machine.RunEvent.started.injEq	[propext]
Effect4.Machine.RunEvent.started.sizeOf_spec	[]
Effect4.Machine.RunEvent.yieldInjected.inj	[]
Effect4.Machine.RunEvent.yieldInjected.injEq	[propext]
Effect4.Machine.RunEvent.yieldInjected.sizeOf_spec	[]
Effect4.Machine.RunFiber.cleared.eq_1	[]
Effect4.Machine.RunFiber.keys.eq_1	[propext]
Effect4.Machine.RunFiber.mk.inj	[]
Effect4.Machine.RunFiber.mk.injEq	[propext]
Effect4.Machine.RunFiber.mk.sizeOf_spec	[]
Effect4.Machine.RunInterp.mk.inj	[]
Effect4.Machine.RunInterp.mk.injEq	[propext]
Effect4.Machine.RunInterp.mk.sizeOf_spec	[]
Effect4.Machine.RunMachine.Extends.eq_1	[]
Effect4.Machine.RunMachine.Extends.exists	[]
Effect4.Machine.RunMachine.Extends.refl	[propext]
Effect4.Machine.RunMachine.Extends.trans	[propext]
Effect4.Machine.RunMachine.Grows.refl	[propext]
Effect4.Machine.RunMachine.arm.eq_1	[]
Effect4.Machine.RunMachine.arm_trace	[]
Effect4.Machine.RunMachine.completedExits_keys	[propext, Quot.sound]
Effect4.Machine.RunMachine.completedExits_keys._simp_1_101	[propext]
Effect4.Machine.RunMachine.completedExits_keys._simp_1_102	[propext]
Effect4.Machine.RunMachine.completedExits_keys._simp_1_103	[propext]
Effect4.Machine.RunMachine.completedExits_keys._simp_1_104	[propext]
Effect4.Machine.RunMachine.completedExits_keys._simp_1_105	[propext]
Effect4.Machine.RunMachine.completedExits_keys._simp_1_106	[propext]
Effect4.Machine.RunMachine.disarm.eq_1	[]
Effect4.Machine.RunMachine.disarm_trace	[]
Effect4.Machine.RunMachine.emit.eq_1	[]
Effect4.Machine.RunMachine.emit_trace	[propext]
Effect4.Machine.RunMachine.empty.eq_1	[]
Effect4.Machine.RunMachine.fiber?.eq_1	[]
Effect4.Machine.RunMachine.halt.eq_1	[]
Effect4.Machine.RunMachine.halt_trace	[]
Effect4.Machine.RunMachine.keys.eq_1	[propext]
Effect4.Machine.RunMachine.mk.inj	[]
Effect4.Machine.RunMachine.mk.injEq	[propext]
Effect4.Machine.RunMachine.mk.sizeOf_spec	[]
Effect4.Machine.RunMachine.modify_trace	[]
Effect4.Machine.RunMachine.update.eq_1	[]
Effect4.Machine.RunMachine.updateRace.eq_1	[]
Effect4.Machine.RunMachine.updateRace_trace	[]
Effect4.Machine.RunMachine.update_trace	[]
Effect4.Machine.RunMachine.world.eq_1	[]
Effect4.Machine.Scope.isClosed_of_state_closed	[]
Effect4.Machine.Scope.isOpen_false_of_not_open	[]
Effect4.Machine.Scope.removeUnsafe_openEmpty	[]
Effect4.Machine.ScopeEntry.closingKeys_subset	[propext]
Effect4.Machine.ScopeEntry.finalizers_keys_subset	[propext]
Effect4.Machine.ScopeEntry.keys.eq_1	[propext]
Effect4.Machine.ScopeStore.addFinalizer_keys	[propext, Quot.sound]
Effect4.Machine.ScopeStore.addUnsafe_entry_keys	[propext, Quot.sound]
Effect4.Machine.ScopeStore.closeOrder_keys	[propext, Quot.sound]
Effect4.Machine.ScopeStore.closeState_keys	[propext, Quot.sound]
Effect4.Machine.ScopeStore.closingExit_keys	[propext, Quot.sound]
Effect4.Machine.ScopeStore.entryAt_closeState_isSome	[propext, Quot.sound]
Effect4.Machine.ScopeStore.entry_keys_subset	[propext, Quot.sound]
Effect4.Machine.ScopeStore.forkChild_keys	[propext, Quot.sound]
Effect4.Machine.ScopeStore.keys.eq_1	[propext]
Effect4.Machine.ScopeStore.keys_append_entry	[propext]
Effect4.Machine.ScopeStore.make_keys	[propext]
Effect4.Machine.ScopeStore.removeFinalizer_keys	[propext, Quot.sound]
Effect4.Machine.ScopeStore.setEntry.eq_1	[]
Effect4.Machine.ScopeStore.setEntry_keys_subset	[propext, Quot.sound]
Effect4.Machine.ScopeStore.status.eq_1	[]
Effect4.Machine.Stores.empty.eq_1	[]
Effect4.Machine.Stores.keys.eq_1	[propext]
Effect4.Machine.Stores.wakeList._sparseCasesOn_1.else_eq	[propext]
Effect4.Machine.Stores.wakeList_keys	[propext, Quot.sound]
Effect4.Machine.Stores.wakeList_keys._simp_1_341	[propext]
Effect4.Machine.Stores.wakeList_keys._simp_1_342	[propext]
Effect4.Machine.Stores.wakeList_keys._simp_1_343	[propext]
Effect4.Machine.Stores.wakeList_keys._simp_1_344	[propext]
Effect4.Machine.Stores.wakeList_keys._simp_1_345	[propext]
Effect4.Machine.Stores.wakeList_keys._simp_1_346	[propext]
Effect4.Machine.Stuck.unknownFiber.inj	[]
Effect4.Machine.Stuck.unknownFiber.injEq	[propext]
Effect4.Machine.Stuck.unknownFiber.sizeOf_spec	[]
Effect4.Machine.Stuck.unknownRace.inj	[]
Effect4.Machine.Stuck.unknownRace.injEq	[propext]
Effect4.Machine.Stuck.unknownRace.sizeOf_spec	[]
Effect4.Machine.Stuck.unknownScope.inj	[]
Effect4.Machine.Stuck.unknownScope.injEq	[propext]
Effect4.Machine.Stuck.unknownScope.sizeOf_spec	[]
Effect4.Machine.Suffices.congr_simp	[propext, Quot.sound]
Effect4.Machine.Suffices.eq_1	[propext, Quot.sound]
Effect4.Machine.Suffices.eq_2	[propext, Quot.sound]
Effect4.Machine.Suffices.eq_def	[propext, Quot.sound]
Effect4.Machine.Suffices_mono	[propext, Quot.sound]
Effect4.Machine.Suffices_of_le	[propext, Quot.sound]
Effect4.Machine.Suffices_of_replay_terminal	[propext, Quot.sound]
Effect4.Machine.SyncOp.keys.eq_1	[propext]
Effect4.Machine.SyncOp.keys.eq_10	[propext]
Effect4.Machine.SyncOp.keys.eq_11	[propext]
Effect4.Machine.SyncOp.keys.eq_12	[propext]
Effect4.Machine.SyncOp.keys.eq_13	[propext]
Effect4.Machine.SyncOp.keys.eq_14	[propext]
Effect4.Machine.SyncOp.keys.eq_15	[propext]
Effect4.Machine.SyncOp.keys.eq_16	[propext]
Effect4.Machine.SyncOp.keys.eq_17	[propext]
Effect4.Machine.SyncOp.keys.eq_18	[propext]
Effect4.Machine.SyncOp.keys.eq_19	[propext]
Effect4.Machine.SyncOp.keys.eq_2	[propext]
Effect4.Machine.SyncOp.keys.eq_20	[propext]
Effect4.Machine.SyncOp.keys.eq_21	[propext]
Effect4.Machine.SyncOp.keys.eq_22	[propext]
Effect4.Machine.SyncOp.keys.eq_23	[propext]
Effect4.Machine.SyncOp.keys.eq_24	[propext]
Effect4.Machine.SyncOp.keys.eq_25	[propext]
Effect4.Machine.SyncOp.keys.eq_26	[propext]
Effect4.Machine.SyncOp.keys.eq_27	[propext]
Effect4.Machine.SyncOp.keys.eq_28	[propext]
Effect4.Machine.SyncOp.keys.eq_29	[propext]
Effect4.Machine.SyncOp.keys.eq_3	[propext]
Effect4.Machine.SyncOp.keys.eq_30	[propext]
Effect4.Machine.SyncOp.keys.eq_31	[propext]
Effect4.Machine.SyncOp.keys.eq_32	[propext]
Effect4.Machine.SyncOp.keys.eq_4	[propext]
Effect4.Machine.SyncOp.keys.eq_5	[propext]
Effect4.Machine.SyncOp.keys.eq_6	[propext]
Effect4.Machine.SyncOp.keys.eq_7	[propext]
Effect4.Machine.SyncOp.keys.eq_8	[propext]
Effect4.Machine.SyncOp.keys.eq_9	[propext]
Effect4.Machine.SyncOp.refKernel_keys	[propext]
Effect4.Machine.Task.keys.eq_1	[propext]
Effect4.Machine.Task.keys.eq_2	[propext]
Effect4.Machine.Task.keys.eq_3	[propext]
Effect4.Machine.Task.resume.inj	[]
Effect4.Machine.Task.resume.injEq	[propext]
Effect4.Machine.Task.resume.sizeOf_spec	[]
Effect4.Machine.Task.start.inj	[]
Effect4.Machine.Task.start.injEq	[propext]
Effect4.Machine.Task.start.sizeOf_spec	[]
Effect4.Machine.Task.wake.inj	[]
Effect4.Machine.Task.wake.injEq	[propext]
Effect4.Machine.Task.wake.sizeOf_spec	[]
Effect4.Machine.Thunk.keys.eq_1	[propext]
Effect4.Machine.Thunk.keys.eq_2	[propext]
Effect4.Machine.Thunk.keys.eq_3	[propext]
Effect4.Machine.Thunk.keys.eq_4	[propext]
Effect4.Machine.Thunk.keys.eq_5	[propext]
Effect4.Machine.Val.keys._sparseCasesOn_1.else_eq	[propext]
Effect4.Machine.Val.keys.eq_1	[propext]
Effect4.Machine.Val.keys.eq_2	[propext]
Effect4.Machine.Val.keys.eq_3	[propext]
Effect4.Machine.Val.keys.eq_4	[propext]
Effect4.Machine.Val.keys.eq_5	[propext]
Effect4.Machine.Val.keys.eq_6	[propext]
Effect4.Machine.Val.keys.eq_def	[propext]
Effect4.Machine.Val.keysList.eq_1	[propext]
Effect4.Machine.Val.keysList.eq_2	[propext]
Effect4.Machine.Val.keysList.eq_def	[propext]
Effect4.Machine.Val.keysList_entryStore	[propext]
Effect4.Machine.Val.keysList_eq_flatMap	[propext]
Effect4.Machine.Val.keysList_eq_handlesList	[propext]
Effect4.Machine.Val.keys_causeImage	[propext]
Effect4.Machine.Val.keys_cell	[propext]
Effect4.Machine.Val.keys_context	[propext]
Effect4.Machine.Val.keys_encode	[propext]
Effect4.Machine.Val.keys_entryStore	[propext]
Effect4.Machine.Val.keys_eq_handles	[propext]
Effect4.Machine.Val.keys_exitErr	[propext]
Effect4.Machine.Val.keys_exitOk	[propext]
Effect4.Machine.Val.keys_fiber	[propext]
Effect4.Machine.Val.keys_fibers	[propext]
Effect4.Machine.Val.keys_list	[propext]
Effect4.Machine.Val.keys_memoMap	[propext]
Effect4.Machine.Val.keys_promise	[propext]
Effect4.Machine.Val.keys_scopeHandle	[propext]
Effect4.Machine.Val.keys_snapshotPayload	[propext]
Effect4.Machine.Val.snapshotPayload_keys	[propext]
Effect4.Machine.WakeList.cancel.eq_1	[]
Effect4.Machine.WithFiberAction.ambientScope.sizeOf_spec	[]
Effect4.Machine.WithFiberAction.awaitAll.inj	[]
Effect4.Machine.WithFiberAction.awaitAll.injEq	[propext]
Effect4.Machine.WithFiberAction.awaitAll.sizeOf_spec	[]
Effect4.Machine.WithFiberAction.awaitAllFailFast.inj	[]
Effect4.Machine.WithFiberAction.awaitAllFailFast.injEq	[propext]
Effect4.Machine.WithFiberAction.awaitAllFailFast.sizeOf_spec	[]
Effect4.Machine.WithFiberAction.awaitNewChildren.inj	[]
Effect4.Machine.WithFiberAction.awaitNewChildren.injEq	[propext]
Effect4.Machine.WithFiberAction.awaitNewChildren.sizeOf_spec	[]
Effect4.Machine.WithFiberAction.cancelRace.inj	[]
Effect4.Machine.WithFiberAction.cancelRace.injEq	[propext]
Effect4.Machine.WithFiberAction.cancelRace.sizeOf_spec	[]
Effect4.Machine.WithFiberAction.closePar.inj	[]
Effect4.Machine.WithFiberAction.closePar.injEq	[propext]
Effect4.Machine.WithFiberAction.closePar.sizeOf_spec	[]
Effect4.Machine.WithFiberAction.closeScope.inj	[]
Effect4.Machine.WithFiberAction.closeScope.injEq	[propext]
Effect4.Machine.WithFiberAction.closeScope.sizeOf_spec	[]
Effect4.Machine.WithFiberAction.dropObservers.inj	[]
Effect4.Machine.WithFiberAction.dropObservers.injEq	[propext]
Effect4.Machine.WithFiberAction.dropObservers.sizeOf_spec	[]
Effect4.Machine.WithFiberAction.fork.inj	[]
Effect4.Machine.WithFiberAction.fork.injEq	[propext]
Effect4.Machine.WithFiberAction.fork.sizeOf_spec	[]
Effect4.Machine.WithFiberAction.forkIn.inj	[]
Effect4.Machine.WithFiberAction.forkIn.injEq	[propext]
Effect4.Machine.WithFiberAction.forkIn.sizeOf_spec	[]
Effect4.Machine.WithFiberAction.forkScoped.inj	[]
Effect4.Machine.WithFiberAction.forkScoped.injEq	[propext]
Effect4.Machine.WithFiberAction.forkScoped.sizeOf_spec	[]
Effect4.Machine.WithFiberAction.getContext.sizeOf_spec	[]
Effect4.Machine.WithFiberAction.getId.sizeOf_spec	[]
Effect4.Machine.WithFiberAction.interrupt.inj	[]
Effect4.Machine.WithFiberAction.interrupt.injEq	[propext]
Effect4.Machine.WithFiberAction.interrupt.sizeOf_spec	[]
Effect4.Machine.WithFiberAction.interruptAll.inj	[]
Effect4.Machine.WithFiberAction.interruptAll.injEq	[propext]
Effect4.Machine.WithFiberAction.interruptAll.sizeOf_spec	[]
Effect4.Machine.WithFiberAction.interruptAs.inj	[]
Effect4.Machine.WithFiberAction.interruptAs.injEq	[propext]
Effect4.Machine.WithFiberAction.interruptAs.sizeOf_spec	[]
Effect4.Machine.WithFiberAction.interruptScoped.inj	[]
Effect4.Machine.WithFiberAction.interruptScoped.injEq	[propext]
Effect4.Machine.WithFiberAction.interruptScoped.sizeOf_spec	[]
Effect4.Machine.WithFiberAction.keys.eq_1	[propext]
Effect4.Machine.WithFiberAction.keys.eq_10	[propext]
Effect4.Machine.WithFiberAction.keys.eq_11	[propext]
Effect4.Machine.WithFiberAction.keys.eq_12	[propext]
Effect4.Machine.WithFiberAction.keys.eq_13	[propext]
Effect4.Machine.WithFiberAction.keys.eq_14	[propext]
Effect4.Machine.WithFiberAction.keys.eq_15	[propext]
Effect4.Machine.WithFiberAction.keys.eq_16	[propext]
Effect4.Machine.WithFiberAction.keys.eq_17	[propext]
Effect4.Machine.WithFiberAction.keys.eq_18	[propext]
Effect4.Machine.WithFiberAction.keys.eq_19	[propext]
Effect4.Machine.WithFiberAction.keys.eq_2	[propext]
Effect4.Machine.WithFiberAction.keys.eq_20	[propext]
Effect4.Machine.WithFiberAction.keys.eq_21	[propext]
Effect4.Machine.WithFiberAction.keys.eq_22	[propext]
Effect4.Machine.WithFiberAction.keys.eq_23	[propext]
Effect4.Machine.WithFiberAction.keys.eq_3	[propext]
Effect4.Machine.WithFiberAction.keys.eq_4	[propext]
Effect4.Machine.WithFiberAction.keys.eq_5	[propext]
Effect4.Machine.WithFiberAction.keys.eq_6	[propext]
Effect4.Machine.WithFiberAction.keys.eq_7	[propext]
Effect4.Machine.WithFiberAction.keys.eq_8	[propext]
Effect4.Machine.WithFiberAction.keys.eq_9	[propext]
Effect4.Machine.WithFiberAction.raceAll.inj	[]
Effect4.Machine.WithFiberAction.raceAll.injEq	[propext]
Effect4.Machine.WithFiberAction.raceAll.sizeOf_spec	[]
Effect4.Machine.WithFiberAction.refuse.inj	[]
Effect4.Machine.WithFiberAction.refuse.injEq	[propext]
Effect4.Machine.WithFiberAction.refuse.sizeOf_spec	[]
Effect4.Machine.WithFiberAction.runIn.inj	[]
Effect4.Machine.WithFiberAction.runIn.injEq	[propext]
Effect4.Machine.WithFiberAction.runIn.sizeOf_spec	[]
Effect4.Machine.WithFiberAction.setContext.inj	[]
Effect4.Machine.WithFiberAction.setContext.injEq	[propext]
Effect4.Machine.WithFiberAction.setContext.sizeOf_spec	[]
Effect4.Machine.WithFiberAction.setInterruptible.inj	[]
Effect4.Machine.WithFiberAction.setInterruptible.injEq	[propext]
Effect4.Machine.WithFiberAction.setInterruptible.sizeOf_spec	[]
Effect4.Machine.WithFiberAction.snapshotChildren.sizeOf_spec	[]
Effect4.Machine.Witnesses.M1Witnesses.w10_into_completes_on_failure	[propext, Quot.sound]
Effect4.Machine.Witnesses.M1Witnesses.w10_into_completes_on_failure.checked	[propext, Quot.sound]
Effect4.Machine.Witnesses.db07_store_survives_failure	[propext, Quot.sound]
Effect4.Machine.Witnesses.forbidden_interrupt_while_running	[propext, Quot.sound]
Effect4.Machine.Witnesses.forbidden_no_notImplemented_defect	[propext, Quot.sound]
Effect4.Machine.Witnesses.forbidden_observers_and_double_exit	[propext, Quot.sound]
Effect4.Machine.Witnesses.forbidden_observers_and_double_exit._proof_1_1	[propext, Quot.sound]
Effect4.Machine.Witnesses.forbidden_setInterruptible_as_current	[propext]
Effect4.Machine.Witnesses.forbidden_task_enqueued_during_drain	[propext, Quot.sound]
Effect4.Machine.Witnesses.scopeState_keysFresh	[]
Effect4.Machine.Witnesses.w10_into_completes_on_failure	[propext, Quot.sound]
Effect4.Machine.Witnesses.w10_program_masks_its_own_fiber	[propext, Quot.sound]
Effect4.Machine.Witnesses.w11_cancel_splices_the_waiter	[propext, Quot.sound]
Effect4.Machine.Witnesses.w12_awaitAll_answers_the_exits	[propext, Quot.sound]
Effect4.Machine.Witnesses.w12_awaitAll_input_order	[propext, Quot.sound]
Effect4.Machine.Witnesses.w13_completion_pop_sees_the_waiter_interrupt	[propext, Quot.sound]
Effect4.Machine.Witnesses.w13_sync_meets_the_finalizer_program	[propext, Quot.sound]
Effect4.Machine.Witnesses.w13_unknown_link_is_stuck	[propext, Quot.sound]
Effect4.Machine.Witnesses.w13_unknown_scope_is_stuck	[propext, Quot.sound]
Effect4.Machine.Witnesses.w14_join_cleanup_drops_the_observer	[propext, Quot.sound]
Effect4.Machine.Witnesses.w15_flush_runs_callbacks_in_arming_order	[propext, Quot.sound]
Effect4.Machine.Witnesses.w1_await_is_a_value	[propext, Quot.sound]
Effect4.Machine.Witnesses.w1_deferred_join_child	[propext, Quot.sound]
Effect4.Machine.Witnesses.w1_deferred_join_parent	[propext, Quot.sound]
Effect4.Machine.Witnesses.w1_deferred_start_is_a_task	[propext, Quot.sound]
Effect4.Machine.Witnesses.w1_immediate_join	[propext, Quot.sound]
Effect4.Machine.Witnesses.w1_join_is_an_effect	[propext, Quot.sound]
Effect4.Machine.Witnesses.w2_delivered_at_unmask	[propext, Quot.sound]
Effect4.Machine.Witnesses.w2_finalizer_runs_once	[propext, Quot.sound]
Effect4.Machine.Witnesses.w2_masked_interrupt_does_not_apply	[propext, Quot.sound]
Effect4.Machine.Witnesses.w2_recorded_once	[propext, Quot.sound]
Effect4.Machine.Witnesses.w3_all_failures_retain_order	[propext, Quot.sound]
Effect4.Machine.Witnesses.w3_empty_is_a_frontier	[propext, Quot.sound]
Effect4.Machine.Witnesses.w3_empty_until_interrupted	[propext, Quot.sound]
Effect4.Machine.Witnesses.w3_failure_allows_next_launch	[propext, Quot.sound]
Effect4.Machine.Witnesses.w3_host_interrupt_cancels_entrants	[propext, Quot.sound]
Effect4.Machine.Witnesses.w3_immediate_success_stops_launch	[propext, Quot.sound]
Effect4.Machine.Witnesses.w3_settle_interrupts_the_parked_loser	[propext, Quot.sound]
Effect4.Machine.Witnesses.w4_complete_twice_answers_false	[propext, Quot.sound]
Effect4.Machine.Witnesses.w4_completion_resumes_on_the_spot	[propext, Quot.sound]
Effect4.Machine.Witnesses.w4_interrupt_reaches_the_waiter	[propext, Quot.sound]
Effect4.Machine.Witnesses.w4_sibling_resumes	[propext, Quot.sound]
Effect4.Machine.Witnesses.w5_await_all_children_awaits_only_new	[propext, Quot.sound]
Effect4.Machine.Witnesses.w5_await_all_children_on_failure	[propext, Quot.sound]
Effect4.Machine.Witnesses.w5_daemon_child_survives_parent_exit	[propext, Quot.sound]
Effect4.Machine.Witnesses.w5_fork_latches_the_middleware	[propext, Quot.sound]
Effect4.Machine.Witnesses.w5_middleware_interrupts_children	[propext, Quot.sound]
Effect4.Machine.Witnesses.w6_child_exit_drops_key	[propext, Quot.sound]
Effect4.Machine.Witnesses.w6_close_interrupt_carries_closer_annotations	[propext, Quot.sound]
Effect4.Machine.Witnesses.w6_close_interrupts_both_children	[propext, Quot.sound]
Effect4.Machine.Witnesses.w6_closed_scope_interrupts_now	[propext, Quot.sound]
Effect4.Machine.Witnesses.w6_deferred_child_is_linked	[propext, Quot.sound]
Effect4.Machine.Witnesses.w6_freed_key_is_not_reused	[propext, Quot.sound]
Effect4.Machine.Witnesses.w6_link_then_close	[propext, Quot.sound]
Effect4.Machine.Witnesses.w6_parallel_forks_and_merges	[propext, Quot.sound]
Effect4.Machine.Witnesses.w6_parallel_forks_and_merges._proof_1_1	[propext, Quot.sound]
Effect4.Machine.Witnesses.w6_repeated_runIn_drops_both	[propext, Quot.sound]
Effect4.Machine.Witnesses.w6_repeated_runIn_registers_twice	[propext, Quot.sound]
Effect4.Machine.Witnesses.w6_runIn_closed_scope_uses_no_caller_annotations	[propext, Quot.sound]
Effect4.Machine.Witnesses.w6_self_interruptor_skipped	[propext, Quot.sound]
Effect4.Machine.Witnesses.w6_sequential_captures_and_merges	[propext, Quot.sound]
Effect4.Machine.Witnesses.w6_three_links_have_three_keys	[propext, Quot.sound]
Effect4.Machine.Witnesses.w6_two_links_have_two_keys	[propext, Quot.sound]
Effect4.Machine.Witnesses.w7_modify_some_writes_back_the_read	[propext, Quot.sound]
Effect4.Machine.Witnesses.w7_set_answers_the_cell	[propext, Quot.sound]
Effect4.Machine.Witnesses.w7_update_answers_void	[propext, Quot.sound]
Effect4.Machine.Witnesses.w7_update_some_and_get_rereads	[propext, Quot.sound]
Effect4.Machine.Witnesses.w8_callback_fires	[propext, Quot.sound]
Effect4.Machine.Witnesses.w8_promise_squashes	[]
Effect4.Machine.Witnesses.w8_sync_child_yield_is_async	[propext, Quot.sound]
Effect4.Machine.Witnesses.w8_sync_exit_async_fiber_error	[propext, Quot.sound]
Effect4.Machine.Witnesses.w8_sync_exit_value	[propext, Quot.sound]
Effect4.Machine.Witnesses.w9_next_fire_runs_it	[propext, Quot.sound]
Effect4.Machine.World.le_of_state	[]
Effect4.Machine.World.le_refl	[]
Effect4.Machine.World.le_trans	[]
Effect4.Machine.World.mk.inj	[]
Effect4.Machine.World.mk.injEq	[propext]
Effect4.Machine.World.mk.sizeOf_spec	[]
Effect4.Machine.actionOf.eq_1	[]
Effect4.Machine.actionOf.eq_10	[]
Effect4.Machine.actionOf.eq_11	[]
Effect4.Machine.actionOf.eq_12	[]
Effect4.Machine.actionOf.eq_13	[]
Effect4.Machine.actionOf.eq_14	[]
Effect4.Machine.actionOf.eq_15	[]
Effect4.Machine.actionOf.eq_16	[]
Effect4.Machine.actionOf.eq_17	[]
Effect4.Machine.actionOf.eq_18	[]
Effect4.Machine.actionOf.eq_19	[]
Effect4.Machine.actionOf.eq_2	[]
Effect4.Machine.actionOf.eq_20	[]
Effect4.Machine.actionOf.eq_21	[]
Effect4.Machine.actionOf.eq_22	[]
Effect4.Machine.actionOf.eq_3	[]
Effect4.Machine.actionOf.eq_4	[]
Effect4.Machine.actionOf.eq_5	[]
Effect4.Machine.actionOf.eq_6	[]
Effect4.Machine.actionOf.eq_7	[]
Effect4.Machine.actionOf.eq_8	[]
Effect4.Machine.actionOf.eq_9	[]
Effect4.Machine.actionOf_keys	[propext]
Effect4.Machine.actionOf_keys._simp_1_124	[propext]
Effect4.Machine.actionOf_keys._simp_1_125	[propext]
Effect4.Machine.actionOf_keys._simp_1_126	[propext]
Effect4.Machine.actionOf_keys._simp_1_127	[propext]
Effect4.Machine.actionOf_keys._simp_1_128	[propext]
Effect4.Machine.actionOf_keys._simp_1_129	[propext]
Effect4.Machine.advanceState.eq_1	[propext, Quot.sound]
Effect4.Machine.advanceState.eq_2	[propext, Quot.sound]
Effect4.Machine.advanceState.eq_def	[propext, Quot.sound]
Effect4.Machine.advanceState_minted_of_evaluator	[propext, Quot.sound]
Effect4.Machine.advanceState_minted_of_evaluator._simp_1_103	[propext]
Effect4.Machine.advanceState_minted_of_evaluator._simp_1_104	[propext]
Effect4.Machine.advanceState_minted_of_evaluator._simp_1_105	[propext]
Effect4.Machine.advanceState_minted_of_evaluator._simp_1_106	[propext]
Effect4.Machine.advanceState_minted_of_evaluator._simp_1_107	[propext]
Effect4.Machine.advanceState_minted_of_evaluator._simp_1_108	[propext]
Effect4.Machine.advanceState_stable	[propext, Quot.sound]
Effect4.Machine.advance_extends	[propext, Quot.sound]
Effect4.Machine.advance_trace_mono	[propext, Quot.sound]
Effect4.Machine.answerOf_keys	[propext]
Effect4.Machine.answersValid._sparseCasesOn_1.else_eq	[propext]
Effect4.Machine.answersValid.eq_def	[propext, Quot.sound]
Effect4.Machine.armA_keys	[propext, Quot.sound]
Effect4.Machine.armA_keys_with_ambient	[propext, Quot.sound]
Effect4.Machine.armA_keys_with_ambient._simp_1_101	[propext]
Effect4.Machine.armA_keys_with_ambient._simp_1_102	[propext]
Effect4.Machine.armA_keys_with_ambient._simp_1_103	[propext]
Effect4.Machine.armA_keys_with_ambient._simp_1_104	[propext]
Effect4.Machine.armA_keys_with_ambient._simp_1_105	[propext]
Effect4.Machine.armA_keys_with_ambient._simp_1_106	[propext]
Effect4.Machine.armA_keys_with_ambient._simp_1_111	[propext, Quot.sound]
Effect4.Machine.armE_keys	[propext]
Effect4.Machine.armE_keys_with_ambient	[propext]
Effect4.Machine.armE_keys_with_ambient._simp_1_101	[propext]
Effect4.Machine.armE_keys_with_ambient._simp_1_102	[propext]
Effect4.Machine.armE_keys_with_ambient._simp_1_103	[propext]
Effect4.Machine.armE_keys_with_ambient._simp_1_104	[propext]
Effect4.Machine.armE_keys_with_ambient._simp_1_105	[propext]
Effect4.Machine.armE_keys_with_ambient._simp_1_106	[propext]
Effect4.Machine.armed_modify	[]
Effect4.Machine.armed_update	[]
Effect4.Machine.armed_updateRace	[]
Effect4.Machine.asVoidCode.eq_1	[]
Effect4.Machine.asVoidCode_keys_subset	[propext, Quot.sound]
Effect4.Machine.awaitCode_keys_subset	[propext, Quot.sound]
Effect4.Machine.awaitCode_keys_subset._simp_1_101	[propext]
Effect4.Machine.awaitCode_keys_subset._simp_1_102	[propext]
Effect4.Machine.awaitCode_keys_subset._simp_1_103	[propext]
Effect4.Machine.awaitCode_keys_subset._simp_1_104	[propext]
Effect4.Machine.awaitCode_keys_subset._simp_1_105	[propext]
Effect4.Machine.awaitCode_keys_subset._simp_1_106	[propext]
Effect4.Machine.beginRace.eq_1	[]
Effect4.Machine.cancelProgram._sparseCasesOn_1.else_eq	[propext]
Effect4.Machine.cancelProgram._sparseCasesOn_2.else_eq	[propext]
Effect4.Machine.cancelProgram_keys	[propext]
Effect4.Machine.cancelProgram_keys._simp_1_102	[propext]
Effect4.Machine.cancelProgram_keys._simp_1_103	[propext]
Effect4.Machine.cancelProgram_keys._simp_1_104	[propext]
Effect4.Machine.cancelProgram_keys._simp_1_105	[propext]
Effect4.Machine.cancelProgram_keys._simp_1_106	[propext]
Effect4.Machine.cancelProgram_keys._simp_1_107	[propext]
Effect4.Machine.cancel_getD_keys	[propext]
Effect4.Machine.closeDone.eq_1	[]
Effect4.Machine.closeDone.eq_2	[]
Effect4.Machine.closeDone_done	[propext]
Effect4.Machine.closeDone_not_resume	[]
Effect4.Machine.cmdsKeys.eq_1	[propext]
Effect4.Machine.cmdsKeys_interruptTargets	[propext]
Effect4.Machine.cmdsKeys_observe_map	[propext]
Effect4.Machine.cmdsKeys_observe_map._simp_1_103	[propext]
Effect4.Machine.cmdsKeys_observe_map._simp_1_104	[propext]
Effect4.Machine.cmdsKeys_observe_map._simp_1_105	[propext]
Effect4.Machine.cmdsKeys_observe_map._simp_1_106	[propext]
Effect4.Machine.cmdsKeys_observe_map._simp_1_107	[propext]
Effect4.Machine.cmdsKeys_observe_map._simp_1_108	[propext]
Effect4.Machine.cmdsKeys_taskCmds	[propext]
Effect4.Machine.completionPrim.eq_1	[]
Effect4.Machine.completionPrim.eq_2	[]
Effect4.Machine.completionPrim_keys	[propext]
Effect4.Machine.completionPrim_keys._simp_1_104	[propext]
Effect4.Machine.completionPrim_keys._simp_1_105	[propext]
Effect4.Machine.completionPrim_keys._simp_1_106	[propext]
Effect4.Machine.completionPrim_keys._simp_1_107	[propext]
Effect4.Machine.completionPrim_keys._simp_1_108	[propext]
Effect4.Machine.completionPrim_keys._simp_1_109	[propext]
Effect4.Machine.contAOf_keys	[propext]
Effect4.Machine.contAOf_keys._simp_1_102	[propext]
Effect4.Machine.contAOf_keys._simp_1_103	[propext]
Effect4.Machine.contAOf_keys._simp_1_104	[propext]
Effect4.Machine.contAOf_keys._simp_1_105	[propext]
Effect4.Machine.contAOf_keys._simp_1_106	[propext]
Effect4.Machine.contAOf_keys._simp_1_107	[propext]
Effect4.Machine.contAnswerKeys.eq_1	[propext]
Effect4.Machine.contAnswerKeys.eq_2	[propext]
Effect4.Machine.contAnswerKeys.eq_3	[propext]
Effect4.Machine.contAnswerKeys.eq_4	[propext]
Effect4.Machine.contEOf._sparseCasesOn_1.else_eq	[propext]
Effect4.Machine.contEOf.eq_1	[propext]
Effect4.Machine.contEOf.eq_2	[propext]
Effect4.Machine.contEOf.eq_3	[propext]
Effect4.Machine.contEOf.eq_4	[propext]
Effect4.Machine.contEOf_keys	[propext]
Effect4.Machine.contEOf_keys._simp_1_106	[propext]
Effect4.Machine.contEOf_keys._simp_1_107	[propext]
Effect4.Machine.contEOf_keys._simp_1_108	[propext]
Effect4.Machine.contEOf_keys._simp_1_109	[propext]
Effect4.Machine.contEOf_keys._simp_1_110	[propext]
Effect4.Machine.contEOf_keys._simp_1_111	[propext]
Effect4.Machine.countdownPark.resumePrim.eq_1	[]
Effect4.Machine.countdownPark.resumePrim.eq_2	[]
Effect4.Machine.countdownPark.resumePrim.eq_3	[]
Effect4.Machine.countdownPark_grows	[propext]
Effect4.Machine.countdownPark_minted	[propext, Quot.sound]
Effect4.Machine.countdownPark_minted._simp_1_102	[propext]
Effect4.Machine.countdownPark_minted._simp_1_103	[propext]
Effect4.Machine.countdownPark_minted._simp_1_104	[propext]
Effect4.Machine.countdownPark_minted._simp_1_105	[propext]
Effect4.Machine.countdownPark_minted._simp_1_106	[propext]
Effect4.Machine.countdownPark_minted._simp_1_107	[propext]
Effect4.Machine.countdownWalk_keys	[propext, Quot.sound]
Effect4.Machine.countdownWalk_keys._simp_1_213	[propext]
Effect4.Machine.countdownWalk_keys._simp_1_214	[propext]
Effect4.Machine.countdownWalk_keys._simp_1_215	[propext]
Effect4.Machine.countdownWalk_keys._simp_1_216	[propext]
Effect4.Machine.countdownWalk_keys._simp_1_217	[propext]
Effect4.Machine.countdownWalk_keys._simp_1_218	[propext]
Effect4.Machine.countdown_arm_minted	[propext, Quot.sound]
Effect4.Machine.countdown_arm_minted._simp_1_101	[propext]
Effect4.Machine.countdown_arm_minted._simp_1_102	[propext]
Effect4.Machine.countdown_arm_minted._simp_1_103	[propext]
Effect4.Machine.countdown_arm_minted._simp_1_104	[propext]
Effect4.Machine.countdown_arm_minted._simp_1_105	[propext]
Effect4.Machine.countdown_arm_minted._simp_1_106	[propext]
Effect4.Machine.countdown_done_minted	[propext, Quot.sound]
Effect4.Machine.countdown_done_minted._simp_1_101	[propext]
Effect4.Machine.countdown_done_minted._simp_1_102	[propext]
Effect4.Machine.countdown_done_minted._simp_1_103	[propext]
Effect4.Machine.countdown_done_minted._simp_1_104	[propext]
Effect4.Machine.countdown_done_minted._simp_1_105	[propext]
Effect4.Machine.countdown_done_minted._simp_1_106	[propext]
Effect4.Machine.countdown_next_minted	[propext, Quot.sound]
Effect4.Machine.countdown_next_minted._simp_1_101	[propext]
Effect4.Machine.countdown_next_minted._simp_1_102	[propext]
Effect4.Machine.countdown_next_minted._simp_1_103	[propext]
Effect4.Machine.countdown_next_minted._simp_1_104	[propext]
Effect4.Machine.countdown_next_minted._simp_1_105	[propext]
Effect4.Machine.countdown_next_minted._simp_1_106	[propext]
Effect4.Machine.drainOwed.eq_1	[]
Effect4.Machine.drainOwed.eq_2	[]
Effect4.Machine.drainOwed.eq_def	[]
Effect4.Machine.drainOwed_grows	[propext]
Effect4.Machine.drainOwed_grows_aux	[propext]
Effect4.Machine.drainOwed_minted	[propext, Quot.sound]
Effect4.Machine.drainOwed_minted._simp_1_106	[propext]
Effect4.Machine.drainOwed_minted._simp_1_107	[propext]
Effect4.Machine.drainOwed_minted._simp_1_108	[propext]
Effect4.Machine.drainOwed_minted._simp_1_109	[propext]
Effect4.Machine.drainOwed_minted._simp_1_110	[propext]
Effect4.Machine.drainOwed_minted._simp_1_111	[propext]
Effect4.Machine.driveState_add	[propext, Quot.sound]
Effect4.Machine.driveState_done_add	[propext, Quot.sound]
Effect4.Machine.driveState_minted	[propext, Quot.sound]
Effect4.Machine.driveState_minted_of_evaluator	[propext, Quot.sound]
Effect4.Machine.driveState_minted_of_evaluator._simp_1_101	[propext]
Effect4.Machine.driveState_minted_of_evaluator._simp_1_102	[propext]
Effect4.Machine.driveState_minted_of_evaluator._simp_1_103	[propext]
Effect4.Machine.driveState_minted_of_evaluator._simp_1_104	[propext]
Effect4.Machine.driveState_minted_of_evaluator._simp_1_105	[propext]
Effect4.Machine.driveState_minted_of_evaluator._simp_1_106	[propext]
Effect4.Machine.driveState_nil	[propext, Quot.sound]
Effect4.Machine.driveState_settled_add	[propext, Quot.sound]
Effect4.Machine.driveState_stuck	[propext, Quot.sound]
Effect4.Machine.driveState_succ_cons	[propext, Quot.sound]
Effect4.Machine.driveState_zero	[propext, Quot.sound]
Effect4.Machine.driveStep_afterInterrupt_minted	[propext, Quot.sound]
Effect4.Machine.driveStep_afterInterrupt_minted._simp_1_102	[propext]
Effect4.Machine.driveStep_afterInterrupt_minted._simp_1_103	[propext]
Effect4.Machine.driveStep_afterInterrupt_minted._simp_1_104	[propext]
Effect4.Machine.driveStep_afterInterrupt_minted._simp_1_105	[propext]
Effect4.Machine.driveStep_afterInterrupt_minted._simp_1_106	[propext]
Effect4.Machine.driveStep_afterInterrupt_minted._simp_1_107	[propext]
Effect4.Machine.driveStep_closeParAwait_minted	[propext, Quot.sound]
Effect4.Machine.driveStep_closeParAwait_minted._simp_1_102	[propext]
Effect4.Machine.driveStep_closeParAwait_minted._simp_1_103	[propext]
Effect4.Machine.driveStep_closeParAwait_minted._simp_1_104	[propext]
Effect4.Machine.driveStep_closeParAwait_minted._simp_1_105	[propext]
Effect4.Machine.driveStep_closeParAwait_minted._simp_1_106	[propext]
Effect4.Machine.driveStep_closeParAwait_minted._simp_1_107	[propext]
Effect4.Machine.driveStep_deliver_minted	[propext, Quot.sound]
Effect4.Machine.driveStep_deliver_minted_of_evaluator	[propext, Quot.sound]
Effect4.Machine.driveStep_deliver_minted_of_evaluator._simp_1_102	[propext]
Effect4.Machine.driveStep_deliver_minted_of_evaluator._simp_1_103	[propext]
Effect4.Machine.driveStep_deliver_minted_of_evaluator._simp_1_104	[propext]
Effect4.Machine.driveStep_deliver_minted_of_evaluator._simp_1_105	[propext]
Effect4.Machine.driveStep_deliver_minted_of_evaluator._simp_1_106	[propext]
Effect4.Machine.driveStep_deliver_minted_of_evaluator._simp_1_107	[propext]
Effect4.Machine.driveStep_drainDue_minted	[propext, Quot.sound]
Effect4.Machine.driveStep_drainDue_minted._simp_1_101	[propext]
Effect4.Machine.driveStep_drainDue_minted._simp_1_102	[propext]
Effect4.Machine.driveStep_drainDue_minted._simp_1_103	[propext]
Effect4.Machine.driveStep_drainDue_minted._simp_1_104	[propext]
Effect4.Machine.driveStep_drainDue_minted._simp_1_105	[propext]
Effect4.Machine.driveStep_drainDue_minted._simp_1_106	[propext]
Effect4.Machine.driveStep_enrollRace_minted	[propext, Quot.sound]
Effect4.Machine.driveStep_enrollRace_minted._simp_1_103	[propext]
Effect4.Machine.driveStep_enrollRace_minted._simp_1_104	[propext]
Effect4.Machine.driveStep_enrollRace_minted._simp_1_105	[propext]
Effect4.Machine.driveStep_enrollRace_minted._simp_1_106	[propext]
Effect4.Machine.driveStep_enrollRace_minted._simp_1_107	[propext]
Effect4.Machine.driveStep_enrollRace_minted._simp_1_108	[propext]
Effect4.Machine.driveStep_evaluate_minted	[propext, Quot.sound]
Effect4.Machine.driveStep_evaluate_minted._simp_1_102	[propext]
Effect4.Machine.driveStep_evaluate_minted._simp_1_103	[propext]
Effect4.Machine.driveStep_evaluate_minted._simp_1_104	[propext]
Effect4.Machine.driveStep_evaluate_minted._simp_1_105	[propext]
Effect4.Machine.driveStep_evaluate_minted._simp_1_106	[propext]
Effect4.Machine.driveStep_evaluate_minted._simp_1_107	[propext]
Effect4.Machine.driveStep_exitDone_minted	[propext, Quot.sound]
Effect4.Machine.driveStep_exitDone_minted._simp_1_102	[propext]
Effect4.Machine.driveStep_exitDone_minted._simp_1_103	[propext]
Effect4.Machine.driveStep_exitDone_minted._simp_1_104	[propext]
Effect4.Machine.driveStep_exitDone_minted._simp_1_105	[propext]
Effect4.Machine.driveStep_exitDone_minted._simp_1_106	[propext]
Effect4.Machine.driveStep_exitDone_minted._simp_1_107	[propext]
Effect4.Machine.driveStep_finish_minted	[propext, Quot.sound]
Effect4.Machine.driveStep_finish_minted._simp_1_102	[propext]
Effect4.Machine.driveStep_finish_minted._simp_1_103	[propext]
Effect4.Machine.driveStep_finish_minted._simp_1_104	[propext]
Effect4.Machine.driveStep_finish_minted._simp_1_105	[propext]
Effect4.Machine.driveStep_finish_minted._simp_1_106	[propext]
Effect4.Machine.driveStep_finish_minted._simp_1_107	[propext]
Effect4.Machine.driveStep_grows	[propext, Quot.sound]
Effect4.Machine.driveStep_interruptTarget_minted	[propext, Quot.sound]
Effect4.Machine.driveStep_interruptTarget_minted._simp_1_102	[propext]
Effect4.Machine.driveStep_interruptTarget_minted._simp_1_103	[propext]
Effect4.Machine.driveStep_interruptTarget_minted._simp_1_104	[propext]
Effect4.Machine.driveStep_interruptTarget_minted._simp_1_105	[propext]
Effect4.Machine.driveStep_interruptTarget_minted._simp_1_106	[propext]
Effect4.Machine.driveStep_interruptTarget_minted._simp_1_107	[propext]
Effect4.Machine.driveStep_launch_minted	[propext, Quot.sound]
Effect4.Machine.driveStep_launch_minted._simp_1_104	[propext]
Effect4.Machine.driveStep_launch_minted._simp_1_105	[propext]
Effect4.Machine.driveStep_launch_minted._simp_1_106	[propext]
Effect4.Machine.driveStep_launch_minted._simp_1_107	[propext]
Effect4.Machine.driveStep_launch_minted._simp_1_108	[propext]
Effect4.Machine.driveStep_launch_minted._simp_1_109	[propext]
Effect4.Machine.driveStep_link_minted	[propext, Quot.sound]
Effect4.Machine.driveStep_link_minted._simp_1_101	[propext]
Effect4.Machine.driveStep_link_minted._simp_1_102	[propext]
Effect4.Machine.driveStep_link_minted._simp_1_103	[propext]
Effect4.Machine.driveStep_link_minted._simp_1_104	[propext]
Effect4.Machine.driveStep_link_minted._simp_1_105	[propext]
Effect4.Machine.driveStep_link_minted._simp_1_106	[propext]
Effect4.Machine.driveStep_loop_minted	[propext, Quot.sound]
Effect4.Machine.driveStep_loop_minted_of_evaluator	[propext, Quot.sound]
Effect4.Machine.driveStep_loop_minted_of_evaluator._simp_1_102	[propext]
Effect4.Machine.driveStep_loop_minted_of_evaluator._simp_1_103	[propext]
Effect4.Machine.driveStep_loop_minted_of_evaluator._simp_1_104	[propext]
Effect4.Machine.driveStep_loop_minted_of_evaluator._simp_1_105	[propext]
Effect4.Machine.driveStep_loop_minted_of_evaluator._simp_1_106	[propext]
Effect4.Machine.driveStep_loop_minted_of_evaluator._simp_1_107	[propext]
Effect4.Machine.driveStep_minted	[propext, Quot.sound]
Effect4.Machine.driveStep_minted_of_evaluator	[propext, Quot.sound]
Effect4.Machine.driveStep_observe_minted	[propext, Quot.sound]
Effect4.Machine.driveStep_observe_minted._simp_1_194	[propext]
Effect4.Machine.driveStep_observe_minted._simp_1_195	[propext]
Effect4.Machine.driveStep_observe_minted._simp_1_196	[propext]
Effect4.Machine.driveStep_observe_minted._simp_1_197	[propext]
Effect4.Machine.driveStep_observe_minted._simp_1_198	[propext]
Effect4.Machine.driveStep_observe_minted._simp_1_199	[propext]
Effect4.Machine.driveStep_raceCancel_minted	[propext, Quot.sound]
Effect4.Machine.driveStep_raceCancel_minted._simp_1_107	[propext]
Effect4.Machine.driveStep_raceCancel_minted._simp_1_108	[propext]
Effect4.Machine.driveStep_raceCancel_minted._simp_1_109	[propext]
Effect4.Machine.driveStep_raceCancel_minted._simp_1_110	[propext]
Effect4.Machine.driveStep_raceCancel_minted._simp_1_111	[propext]
Effect4.Machine.driveStep_raceCancel_minted._simp_1_112	[propext]
Effect4.Machine.driveStep_registrationDone_minted	[propext, Quot.sound]
Effect4.Machine.driveStep_registrationDone_minted._simp_1_104	[propext]
Effect4.Machine.driveStep_registrationDone_minted._simp_1_105	[propext]
Effect4.Machine.driveStep_registrationDone_minted._simp_1_106	[propext]
Effect4.Machine.driveStep_registrationDone_minted._simp_1_107	[propext]
Effect4.Machine.driveStep_registrationDone_minted._simp_1_108	[propext]
Effect4.Machine.driveStep_registrationDone_minted._simp_1_109	[propext]
Effect4.Machine.driveStep_resume_minted	[propext, Quot.sound]
Effect4.Machine.driveStep_resume_minted._simp_1_103	[propext]
Effect4.Machine.driveStep_resume_minted._simp_1_104	[propext]
Effect4.Machine.driveStep_resume_minted._simp_1_105	[propext]
Effect4.Machine.driveStep_resume_minted._simp_1_106	[propext]
Effect4.Machine.driveStep_resume_minted._simp_1_107	[propext]
Effect4.Machine.driveStep_resume_minted._simp_1_108	[propext]
Effect4.Machine.driveStep_trackChild_minted	[propext, Quot.sound]
Effect4.Machine.driveStep_trackChild_minted._simp_1_102	[propext]
Effect4.Machine.driveStep_trackChild_minted._simp_1_103	[propext]
Effect4.Machine.driveStep_trackChild_minted._simp_1_104	[propext]
Effect4.Machine.driveStep_trackChild_minted._simp_1_105	[propext]
Effect4.Machine.driveStep_trackChild_minted._simp_1_106	[propext]
Effect4.Machine.driveStep_trackChild_minted._simp_1_107	[propext]
Effect4.Machine.driveStep_wake_minted	[propext, Quot.sound]
Effect4.Machine.driveStep_wake_minted._simp_1_101	[propext]
Effect4.Machine.driveStep_wake_minted._simp_1_102	[propext]
Effect4.Machine.driveStep_wake_minted._simp_1_103	[propext]
Effect4.Machine.driveStep_wake_minted._simp_1_104	[propext]
Effect4.Machine.driveStep_wake_minted._simp_1_105	[propext]
Effect4.Machine.driveStep_wake_minted._simp_1_106	[propext]
Effect4.Machine.drive_add	[propext, Quot.sound]
Effect4.Machine.drive_eq_driveState	[propext, Quot.sound]
Effect4.Machine.drive_extends	[propext, Quot.sound]
Effect4.Machine.drive_extends_of_step	[propext, Quot.sound]
Effect4.Machine.drive_nil	[propext, Quot.sound]
Effect4.Machine.drive_stable_of_done	[propext, Quot.sound]
Effect4.Machine.drive_stable_of_settled	[propext, Quot.sound]
Effect4.Machine.drive_stable_of_stuck	[propext, Quot.sound]
Effect4.Machine.drive_stuck	[propext, Quot.sound]
Effect4.Machine.drive_succ_cons	[propext, Quot.sound]
Effect4.Machine.drive_trace_extends	[propext, Quot.sound]
Effect4.Machine.drive_trace_mono	[propext, Quot.sound]
Effect4.Machine.drive_trace_mono_of_step	[propext, Quot.sound]
Effect4.Machine.drive_zero	[propext, Quot.sound]
Effect4.Machine.ensure_fst_keys	[propext]
Effect4.Machine.ensure_fst_keys._simp_1_102	[propext]
Effect4.Machine.ensure_fst_keys._simp_1_103	[propext]
Effect4.Machine.ensure_fst_keys._simp_1_104	[propext]
Effect4.Machine.ensure_fst_keys._simp_1_105	[propext]
Effect4.Machine.ensure_fst_keys._simp_1_106	[propext]
Effect4.Machine.ensure_fst_keys._simp_1_107	[propext]
Effect4.Machine.ensure_snd_keys	[propext]
Effect4.Machine.evaluatePrim._sparseCasesOn_12.else_eq	[propext]
Effect4.Machine.evaluatePrim._sparseCasesOn_7.else_eq	[propext]
Effect4.Machine.evaluatePrim.finalizerOr._sparseCasesOn_3.else_eq	[propext]
Effect4.Machine.evaluatePrim.finalizerOr._sparseCasesOn_4.else_eq	[propext]
Effect4.Machine.evaluatePrim.finalizerOr.eq_1	[propext]
Effect4.Machine.evaluatePrim.finalizerOr.eq_2	[propext]
Effect4.Machine.evaluatePrim.withFiber._sparseCasesOn_21.else_eq	[propext]
Effect4.Machine.evaluatePrim_extends	[propext, Quot.sound]
Effect4.Machine.evaluatePrim_minted	[propext, Quot.sound]
Effect4.Machine.evaluatePrim_minted_with_ambient	[propext, Quot.sound]
Effect4.Machine.evaluatePrim_minted_with_ambient._simp_1_207	[propext]
Effect4.Machine.evaluatePrim_minted_with_ambient._simp_1_208	[propext]
Effect4.Machine.evaluatePrim_minted_with_ambient._simp_1_209	[propext]
Effect4.Machine.evaluatePrim_minted_with_ambient._simp_1_210	[propext]
Effect4.Machine.evaluatePrim_minted_with_ambient._simp_1_211	[propext]
Effect4.Machine.evaluatePrim_minted_with_ambient._simp_1_212	[propext]
Effect4.Machine.evaluate_cmds_keys	[propext, Quot.sound]
Effect4.Machine.exitFiber.exitStore._sparseCasesOn_1.else_eq	[propext]
Effect4.Machine.exitFiber_grows	[propext]
Effect4.Machine.exitFiber_minted	[propext, Quot.sound]
Effect4.Machine.exitInterruptChildren_minted	[propext, Quot.sound]
Effect4.Machine.exitInterruptChildren_minted._simp_1_101	[propext]
Effect4.Machine.exitInterruptChildren_minted._simp_1_102	[propext]
Effect4.Machine.exitInterruptChildren_minted._simp_1_103	[propext]
Effect4.Machine.exitInterruptChildren_minted._simp_1_104	[propext]
Effect4.Machine.exitInterruptChildren_minted._simp_1_105	[propext]
Effect4.Machine.exitInterruptChildren_minted._simp_1_106	[propext]
Effect4.Machine.exitKeys.eq_1	[propext]
Effect4.Machine.exitKeys.eq_2	[propext]
Effect4.Machine.exitKeys_delivered	[propext]
Effect4.Machine.exitKeys_restoreAfterFinalizer	[propext]
Effect4.Machine.exitStore_minted	[propext, Quot.sound]
Effect4.Machine.exitStore_minted._simp_1_101	[propext]
Effect4.Machine.exitStore_minted._simp_1_102	[propext]
Effect4.Machine.exitStore_minted._simp_1_103	[propext]
Effect4.Machine.exitStore_minted._simp_1_104	[propext]
Effect4.Machine.exitStore_minted._simp_1_105	[propext]
Effect4.Machine.exitStore_minted._simp_1_106	[propext]
Effect4.Machine.exitsVal.eq_1	[propext]
Effect4.Machine.exitsVal_keys	[propext, Quot.sound]
Effect4.Machine.fiber?_exists	[propext, Quot.sound]
Effect4.Machine.fiber?_id	[propext]
Effect4.Machine.fiber?_id_exists	[propext, Quot.sound]
Effect4.Machine.fiber?_keys_subset	[propext, Quot.sound]
Effect4.Machine.fiber?_mem	[propext]
Effect4.Machine.fibers_arm	[]
Effect4.Machine.fibers_disarm	[]
Effect4.Machine.fibers_updateRace	[]
Effect4.Machine.fibers_update_ids	[propext, Quot.sound]
Effect4.Machine.finProgram.eq_1	[]
Effect4.Machine.finProgram.eq_10	[]
Effect4.Machine.finProgram.eq_11	[]
Effect4.Machine.finProgram.eq_12	[]
Effect4.Machine.finProgram.eq_2	[]
Effect4.Machine.finProgram.eq_3	[]
Effect4.Machine.finProgram.eq_4	[]
Effect4.Machine.finProgram.eq_5	[]
Effect4.Machine.finProgram.eq_6	[]
Effect4.Machine.finProgram.eq_7	[]
Effect4.Machine.finProgram.eq_8	[]
Effect4.Machine.finProgram.eq_9	[]
Effect4.Machine.finProgram_keys	[propext]
Effect4.Machine.finProgram_keys._simp_1_114	[propext]
Effect4.Machine.finProgram_keys._simp_1_115	[propext]
Effect4.Machine.finProgram_keys._simp_1_116	[propext]
Effect4.Machine.finProgram_keys._simp_1_117	[propext]
Effect4.Machine.finProgram_keys._simp_1_118	[propext]
Effect4.Machine.finProgram_keys._simp_1_119	[propext]
Effect4.Machine.finPrograms_keys	[propext]
Effect4.Machine.finPrograms_keys._simp_1_103	[propext]
Effect4.Machine.finPrograms_keys._simp_1_104	[propext]
Effect4.Machine.finPrograms_keys._simp_1_105	[propext]
Effect4.Machine.finPrograms_keys._simp_1_106	[propext]
Effect4.Machine.finPrograms_keys._simp_1_107	[propext]
Effect4.Machine.finPrograms_keys._simp_1_108	[propext]
Effect4.Machine.finalizerCode.eq_1	[]
Effect4.Machine.finalizerCode.eq_2	[]
Effect4.Machine.finalizerOr_extends	[propext]
Effect4.Machine.finalizerOr_minted	[propext, Quot.sound]
Effect4.Machine.finalizerOr_minted_with_ambient	[propext, Quot.sound]
Effect4.Machine.finalizerOr_minted_with_ambient._simp_1_110	[propext]
Effect4.Machine.finalizerOr_minted_with_ambient._simp_1_111	[propext]
Effect4.Machine.finalizerOr_minted_with_ambient._simp_1_112	[propext]
Effect4.Machine.finalizerOr_minted_with_ambient._simp_1_113	[propext]
Effect4.Machine.finalizerOr_minted_with_ambient._simp_1_114	[propext]
Effect4.Machine.finalizerOr_minted_with_ambient._simp_1_115	[propext]
Effect4.Machine.finalizerOr_minted_with_ambient._simp_1_28	[propext, Quot.sound]
Effect4.Machine.finishFrame_extends	[propext]
Effect4.Machine.finishFrame_minted	[propext, Quot.sound]
Effect4.Machine.finishFrame_minted._simp_1_106	[propext]
Effect4.Machine.finishFrame_minted._simp_1_107	[propext]
Effect4.Machine.finishFrame_minted._simp_1_108	[propext]
Effect4.Machine.finishFrame_minted._simp_1_109	[propext]
Effect4.Machine.finishFrame_minted._simp_1_110	[propext]
Effect4.Machine.finishFrame_minted._simp_1_111	[propext]
Effect4.Machine.finishFrame_minted._simp_1_112	[propext, Quot.sound]
Effect4.Machine.fireObserver_callback_minted	[propext, Quot.sound]
Effect4.Machine.fireObserver_callback_minted._simp_1_102	[propext]
Effect4.Machine.fireObserver_callback_minted._simp_1_103	[propext]
Effect4.Machine.fireObserver_callback_minted._simp_1_104	[propext]
Effect4.Machine.fireObserver_callback_minted._simp_1_105	[propext]
Effect4.Machine.fireObserver_callback_minted._simp_1_106	[propext]
Effect4.Machine.fireObserver_callback_minted._simp_1_107	[propext]
Effect4.Machine.fireObserver_countdown_minted	[propext, Quot.sound]
Effect4.Machine.fireObserver_countdown_minted._simp_1_105	[propext]
Effect4.Machine.fireObserver_countdown_minted._simp_1_106	[propext]
Effect4.Machine.fireObserver_countdown_minted._simp_1_107	[propext]
Effect4.Machine.fireObserver_countdown_minted._simp_1_108	[propext]
Effect4.Machine.fireObserver_countdown_minted._simp_1_109	[propext]
Effect4.Machine.fireObserver_countdown_minted._simp_1_110	[propext]
Effect4.Machine.fireObserver_dropScopeFinalizer_minted	[propext, Quot.sound]
Effect4.Machine.fireObserver_dropScopeFinalizer_minted._simp_1_103	[propext]
Effect4.Machine.fireObserver_dropScopeFinalizer_minted._simp_1_104	[propext]
Effect4.Machine.fireObserver_dropScopeFinalizer_minted._simp_1_105	[propext]
Effect4.Machine.fireObserver_dropScopeFinalizer_minted._simp_1_106	[propext]
Effect4.Machine.fireObserver_dropScopeFinalizer_minted._simp_1_107	[propext]
Effect4.Machine.fireObserver_dropScopeFinalizer_minted._simp_1_108	[propext]
Effect4.Machine.fireObserver_fold_grows	[propext, Quot.sound]
Effect4.Machine.fireObserver_fold_minted	[propext, Quot.sound]
Effect4.Machine.fireObserver_fold_minted._simp_1_101	[propext]
Effect4.Machine.fireObserver_fold_minted._simp_1_102	[propext]
Effect4.Machine.fireObserver_fold_minted._simp_1_103	[propext]
Effect4.Machine.fireObserver_fold_minted._simp_1_104	[propext]
Effect4.Machine.fireObserver_fold_minted._simp_1_105	[propext]
Effect4.Machine.fireObserver_fold_minted._simp_1_106	[propext]
Effect4.Machine.fireObserver_grows	[propext, Quot.sound]
Effect4.Machine.fireObserver_minted	[propext, Quot.sound]
Effect4.Machine.fireObserver_raceCallback_minted	[propext, Quot.sound]
Effect4.Machine.fireObserver_raceCallback_minted._simp_1_104	[propext]
Effect4.Machine.fireObserver_raceCallback_minted._simp_1_105	[propext]
Effect4.Machine.fireObserver_raceCallback_minted._simp_1_106	[propext]
Effect4.Machine.fireObserver_raceCallback_minted._simp_1_107	[propext]
Effect4.Machine.fireObserver_raceCallback_minted._simp_1_108	[propext]
Effect4.Machine.fireObserver_raceCallback_minted._simp_1_109	[propext]
Effect4.Machine.fireObserver_resumeAwait_minted	[propext, Quot.sound]
Effect4.Machine.fireObserver_resumeAwait_minted._simp_1_102	[propext]
Effect4.Machine.fireObserver_resumeAwait_minted._simp_1_103	[propext]
Effect4.Machine.fireObserver_resumeAwait_minted._simp_1_104	[propext]
Effect4.Machine.fireObserver_resumeAwait_minted._simp_1_105	[propext]
Effect4.Machine.fireObserver_resumeAwait_minted._simp_1_106	[propext]
Effect4.Machine.fireObserver_resumeAwait_minted._simp_1_107	[propext]
Effect4.Machine.fireObserver_untrackChild_minted	[propext, Quot.sound]
Effect4.Machine.fireObserver_untrackChild_minted._simp_1_102	[propext]
Effect4.Machine.fireObserver_untrackChild_minted._simp_1_103	[propext]
Effect4.Machine.fireObserver_untrackChild_minted._simp_1_104	[propext]
Effect4.Machine.fireObserver_untrackChild_minted._simp_1_105	[propext]
Effect4.Machine.fireObserver_untrackChild_minted._simp_1_106	[propext]
Effect4.Machine.fireObserver_untrackChild_minted._simp_1_107	[propext]
Effect4.Machine.fireState.eq_1	[propext, Quot.sound]
Effect4.Machine.fireState_minted	[propext, Quot.sound]
Effect4.Machine.fireState_minted_of_evaluator	[propext, Quot.sound]
Effect4.Machine.fireState_minted_of_evaluator._simp_1_104	[propext]
Effect4.Machine.fireState_minted_of_evaluator._simp_1_105	[propext]
Effect4.Machine.fireState_minted_of_evaluator._simp_1_106	[propext]
Effect4.Machine.fireState_minted_of_evaluator._simp_1_107	[propext]
Effect4.Machine.fireState_minted_of_evaluator._simp_1_108	[propext]
Effect4.Machine.fireState_minted_of_evaluator._simp_1_109	[propext]
Effect4.Machine.fireState_stable	[propext, Quot.sound]
Effect4.Machine.fireStep.eq_1	[propext, Quot.sound]
Effect4.Machine.fireStep_extends	[propext, Quot.sound]
Effect4.Machine.fireStep_minted	[propext, Quot.sound]
Effect4.Machine.fireStep_minted_of_evaluator	[propext, Quot.sound]
Effect4.Machine.fireStep_minted_of_evaluator._simp_1_102	[propext]
Effect4.Machine.fireStep_minted_of_evaluator._simp_1_103	[propext]
Effect4.Machine.fireStep_minted_of_evaluator._simp_1_104	[propext]
Effect4.Machine.fireStep_minted_of_evaluator._simp_1_105	[propext]
Effect4.Machine.fireStep_minted_of_evaluator._simp_1_106	[propext]
Effect4.Machine.fireStep_minted_of_evaluator._simp_1_107	[propext]
Effect4.Machine.fireTasks_extends	[propext, Quot.sound]
Effect4.Machine.fireTasks_false	[propext, Quot.sound]
Effect4.Machine.fireTasks_minted	[propext, Quot.sound]
Effect4.Machine.fireTasks_minted_of_evaluator	[propext, Quot.sound]
Effect4.Machine.fireTasks_minted_of_evaluator._simp_1_103	[propext]
Effect4.Machine.fireTasks_minted_of_evaluator._simp_1_104	[propext]
Effect4.Machine.fireTasks_minted_of_evaluator._simp_1_105	[propext]
Effect4.Machine.fireTasks_minted_of_evaluator._simp_1_106	[propext]
Effect4.Machine.fireTasks_minted_of_evaluator._simp_1_107	[propext]
Effect4.Machine.fireTasks_minted_of_evaluator._simp_1_108	[propext]
Effect4.Machine.fireTasks_stable	[propext, Quot.sound]
Effect4.Machine.fireTasks_stopped	[propext, Quot.sound]
Effect4.Machine.fireTasks_trace_mono	[propext, Quot.sound]
Effect4.Machine.fire_eq_fireState	[propext, Quot.sound]
Effect4.Machine.fire_extends	[propext, Quot.sound]
Effect4.Machine.fire_stable	[propext, Quot.sound]
Effect4.Machine.fire_trace_extends	[propext, Quot.sound]
Effect4.Machine.fire_trace_mono	[propext, Quot.sound]
Effect4.Machine.flatMap_filter_subset	[propext, Quot.sound]
Effect4.Machine.flatMap_resumes_const	[propext, Quot.sound]
Effect4.Machine.flatten_tasks_keys	[propext]
Effect4.Machine.flushAllState_minted	[propext, Quot.sound]
Effect4.Machine.flushAllState_minted_of_evaluator	[propext, Quot.sound]
Effect4.Machine.flushAllState_stable	[propext, Quot.sound]
Effect4.Machine.flushAll_eq_flushAllState	[propext, Quot.sound]
Effect4.Machine.flushAll_extends	[propext, Quot.sound]
Effect4.Machine.flushAll_stable	[propext, Quot.sound]
Effect4.Machine.flushAll_trace_extends	[propext, Quot.sound]
Effect4.Machine.flushAll_trace_mono	[propext, Quot.sound]
Effect4.Machine.flushRootState_minted	[propext, Quot.sound]
Effect4.Machine.flushRootState_minted_of_evaluator	[propext, Quot.sound]
Effect4.Machine.flushRootState_stable	[propext, Quot.sound]
Effect4.Machine.flushRoot_eq_flushRootState	[propext, Quot.sound]
Effect4.Machine.flushRoot_extends	[propext, Quot.sound]
Effect4.Machine.flushRoot_stable	[propext, Quot.sound]
Effect4.Machine.flushRoot_trace_extends	[propext, Quot.sound]
Effect4.Machine.forkFinalizers.eq_1	[]
Effect4.Machine.forkFinalizers.eq_2	[]
Effect4.Machine.forkFinalizers.eq_def	[]
Effect4.Machine.forkFinalizers_grows	[propext]
Effect4.Machine.forkFinalizers_minted	[propext]
Effect4.Machine.forkFinalizers_minted._simp_1_106	[propext]
Effect4.Machine.forkFinalizers_minted._simp_1_107	[propext]
Effect4.Machine.forkFinalizers_minted._simp_1_108	[propext]
Effect4.Machine.forkFinalizers_minted._simp_1_109	[propext]
Effect4.Machine.forkFinalizers_minted._simp_1_110	[propext]
Effect4.Machine.forkFinalizers_minted._simp_1_111	[propext]
Effect4.Machine.fork_arm_minted	[propext, Quot.sound]
Effect4.Machine.fork_arm_minted._simp_1_101	[propext]
Effect4.Machine.fork_arm_minted._simp_1_102	[propext]
Effect4.Machine.fork_arm_minted._simp_1_103	[propext]
Effect4.Machine.fork_arm_minted._simp_1_104	[propext]
Effect4.Machine.fork_arm_minted._simp_1_105	[propext]
Effect4.Machine.fork_arm_minted._simp_1_106	[propext]
Effect4.Machine.frameEvaluator_minted	[propext, Quot.sound]
Effect4.Machine.frameExitState._sparseCasesOn_1.else_eq	[propext]
Effect4.Machine.frameExitState.eq_1	[propext]
Effect4.Machine.frameExitState_keys	[propext, Quot.sound]
Effect4.Machine.frameKeys.eq_1	[propext]
Effect4.Machine.getCont_answer_frame_keys	[propext, Quot.sound]
Effect4.Machine.getCont_answer_frame_keys._simp_1_7	[propext, Quot.sound]
Effect4.Machine.getCont_keys	[propext, Quot.sound]
Effect4.Machine.getCont_keys._simp_1_107	[propext]
Effect4.Machine.getCont_keys._simp_1_108	[propext]
Effect4.Machine.getCont_keys._simp_1_109	[propext]
Effect4.Machine.getCont_keys._simp_1_110	[propext]
Effect4.Machine.getCont_keys._simp_1_111	[propext]
Effect4.Machine.getCont_keys._simp_1_112	[propext]
Effect4.Machine.getCont_keys_carried	[propext, Quot.sound]
Effect4.Machine.injectYield_extends	[propext]
Effect4.Machine.injectYield_minted	[propext]
Effect4.Machine.injectYield_minted._simp_1_102	[propext]
Effect4.Machine.injectYield_minted._simp_1_103	[propext]
Effect4.Machine.injectYield_minted._simp_1_104	[propext]
Effect4.Machine.injectYield_minted._simp_1_105	[propext]
Effect4.Machine.injectYield_minted._simp_1_106	[propext]
Effect4.Machine.injectYield_minted._simp_1_107	[propext]
Effect4.Machine.instDecidableEqBucket.decEq._proof_1	[]
Effect4.Machine.instDecidableEqBucket.decEq._proof_2	[]
Effect4.Machine.instDecidableEqBucket.decEq._proof_3	[]
Effect4.Machine.instDecidableEqDispatcher.decEq._proof_1	[]
Effect4.Machine.instDecidableEqDispatcher.decEq._proof_2	[]
Effect4.Machine.instDecidableEqDispatcher.decEq._proof_3	[]
Effect4.Machine.instDecidableEqExcept_effect4.decEq._proof_1	[]
Effect4.Machine.instDecidableEqExcept_effect4.decEq._proof_2	[]
Effect4.Machine.instDecidableEqExcept_effect4.decEq._proof_3	[]
Effect4.Machine.instDecidableEqExcept_effect4.decEq._proof_4	[]
Effect4.Machine.instDecidableEqExcept_effect4.decEq._proof_5	[]
Effect4.Machine.instDecidableEqExcept_effect4.decEq._proof_6	[]
Effect4.Machine.instDecidableEqExhaustion._proof_1	[]
Effect4.Machine.instDecidableEqExhaustion._proof_2	[]
Effect4.Machine.instDecidableEqHandle.decEq._proof_1	[]
Effect4.Machine.instDecidableEqHandle.decEq._proof_10	[]
Effect4.Machine.instDecidableEqHandle.decEq._proof_11	[]
Effect4.Machine.instDecidableEqHandle.decEq._proof_12	[]
Effect4.Machine.instDecidableEqHandle.decEq._proof_13	[]
Effect4.Machine.instDecidableEqHandle.decEq._proof_14	[]
Effect4.Machine.instDecidableEqHandle.decEq._proof_15	[]
Effect4.Machine.instDecidableEqHandle.decEq._proof_16	[]
Effect4.Machine.instDecidableEqHandle.decEq._proof_17	[]
Effect4.Machine.instDecidableEqHandle.decEq._proof_18	[]
Effect4.Machine.instDecidableEqHandle.decEq._proof_19	[]
Effect4.Machine.instDecidableEqHandle.decEq._proof_2	[]
Effect4.Machine.instDecidableEqHandle.decEq._proof_20	[]
Effect4.Machine.instDecidableEqHandle.decEq._proof_21	[]
Effect4.Machine.instDecidableEqHandle.decEq._proof_22	[]
Effect4.Machine.instDecidableEqHandle.decEq._proof_23	[]
Effect4.Machine.instDecidableEqHandle.decEq._proof_24	[]
Effect4.Machine.instDecidableEqHandle.decEq._proof_25	[]
Effect4.Machine.instDecidableEqHandle.decEq._proof_26	[]
Effect4.Machine.instDecidableEqHandle.decEq._proof_27	[]
Effect4.Machine.instDecidableEqHandle.decEq._proof_28	[]
Effect4.Machine.instDecidableEqHandle.decEq._proof_29	[]
Effect4.Machine.instDecidableEqHandle.decEq._proof_3	[]
Effect4.Machine.instDecidableEqHandle.decEq._proof_30	[]
Effect4.Machine.instDecidableEqHandle.decEq._proof_31	[]
Effect4.Machine.instDecidableEqHandle.decEq._proof_32	[]
Effect4.Machine.instDecidableEqHandle.decEq._proof_33	[]
Effect4.Machine.instDecidableEqHandle.decEq._proof_34	[]
Effect4.Machine.instDecidableEqHandle.decEq._proof_35	[]
Effect4.Machine.instDecidableEqHandle.decEq._proof_36	[]
Effect4.Machine.instDecidableEqHandle.decEq._proof_37	[]
Effect4.Machine.instDecidableEqHandle.decEq._proof_38	[]
Effect4.Machine.instDecidableEqHandle.decEq._proof_39	[]
Effect4.Machine.instDecidableEqHandle.decEq._proof_4	[]
Effect4.Machine.instDecidableEqHandle.decEq._proof_40	[]
Effect4.Machine.instDecidableEqHandle.decEq._proof_41	[]
Effect4.Machine.instDecidableEqHandle.decEq._proof_42	[]
Effect4.Machine.instDecidableEqHandle.decEq._proof_5	[]
Effect4.Machine.instDecidableEqHandle.decEq._proof_6	[]
Effect4.Machine.instDecidableEqHandle.decEq._proof_7	[]
Effect4.Machine.instDecidableEqHandle.decEq._proof_8	[]
Effect4.Machine.instDecidableEqHandle.decEq._proof_9	[]
Effect4.Machine.instDecidableEqObserver.decEq._proof_1	[]
Effect4.Machine.instDecidableEqObserver.decEq._proof_10	[]
Effect4.Machine.instDecidableEqObserver.decEq._proof_11	[]
Effect4.Machine.instDecidableEqObserver.decEq._proof_12	[]
Effect4.Machine.instDecidableEqObserver.decEq._proof_13	[]
Effect4.Machine.instDecidableEqObserver.decEq._proof_14	[]
Effect4.Machine.instDecidableEqObserver.decEq._proof_15	[]
Effect4.Machine.instDecidableEqObserver.decEq._proof_16	[]
Effect4.Machine.instDecidableEqObserver.decEq._proof_17	[]
Effect4.Machine.instDecidableEqObserver.decEq._proof_18	[]
Effect4.Machine.instDecidableEqObserver.decEq._proof_19	[]
Effect4.Machine.instDecidableEqObserver.decEq._proof_2	[]
Effect4.Machine.instDecidableEqObserver.decEq._proof_20	[]
Effect4.Machine.instDecidableEqObserver.decEq._proof_21	[]
Effect4.Machine.instDecidableEqObserver.decEq._proof_22	[]
Effect4.Machine.instDecidableEqObserver.decEq._proof_23	[]
Effect4.Machine.instDecidableEqObserver.decEq._proof_24	[]
Effect4.Machine.instDecidableEqObserver.decEq._proof_25	[]
Effect4.Machine.instDecidableEqObserver.decEq._proof_26	[]
Effect4.Machine.instDecidableEqObserver.decEq._proof_27	[]
Effect4.Machine.instDecidableEqObserver.decEq._proof_28	[]
Effect4.Machine.instDecidableEqObserver.decEq._proof_29	[]
Effect4.Machine.instDecidableEqObserver.decEq._proof_3	[]
Effect4.Machine.instDecidableEqObserver.decEq._proof_30	[]
Effect4.Machine.instDecidableEqObserver.decEq._proof_31	[]
Effect4.Machine.instDecidableEqObserver.decEq._proof_32	[]
Effect4.Machine.instDecidableEqObserver.decEq._proof_33	[]
Effect4.Machine.instDecidableEqObserver.decEq._proof_34	[]
Effect4.Machine.instDecidableEqObserver.decEq._proof_35	[]
Effect4.Machine.instDecidableEqObserver.decEq._proof_36	[]
Effect4.Machine.instDecidableEqObserver.decEq._proof_37	[]
Effect4.Machine.instDecidableEqObserver.decEq._proof_38	[]
Effect4.Machine.instDecidableEqObserver.decEq._proof_39	[]
Effect4.Machine.instDecidableEqObserver.decEq._proof_4	[]
Effect4.Machine.instDecidableEqObserver.decEq._proof_40	[]
Effect4.Machine.instDecidableEqObserver.decEq._proof_41	[]
Effect4.Machine.instDecidableEqObserver.decEq._proof_42	[]
Effect4.Machine.instDecidableEqObserver.decEq._proof_43	[]
Effect4.Machine.instDecidableEqObserver.decEq._proof_44	[]
Effect4.Machine.instDecidableEqObserver.decEq._proof_45	[]
Effect4.Machine.instDecidableEqObserver.decEq._proof_46	[]
Effect4.Machine.instDecidableEqObserver.decEq._proof_5	[]
Effect4.Machine.instDecidableEqObserver.decEq._proof_6	[]
Effect4.Machine.instDecidableEqObserver.decEq._proof_7	[]
Effect4.Machine.instDecidableEqObserver.decEq._proof_8	[]
Effect4.Machine.instDecidableEqObserver.decEq._proof_9	[]
Effect4.Machine.instDecidableEqOrigin.decEq._proof_1	[]
Effect4.Machine.instDecidableEqOrigin.decEq._proof_2	[]
Effect4.Machine.instDecidableEqOrigin.decEq._proof_3	[]
Effect4.Machine.instDecidableEqOrigin.decEq._proof_4	[]
Effect4.Machine.instDecidableEqOrigin.decEq._proof_5	[]
Effect4.Machine.instDecidableEqOrigin.decEq._proof_6	[]
Effect4.Machine.instDecidableEqOutcome.decEq._proof_1	[]
Effect4.Machine.instDecidableEqOutcome.decEq._proof_10	[]
Effect4.Machine.instDecidableEqOutcome.decEq._proof_11	[]
Effect4.Machine.instDecidableEqOutcome.decEq._proof_12	[]
Effect4.Machine.instDecidableEqOutcome.decEq._proof_13	[]
Effect4.Machine.instDecidableEqOutcome.decEq._proof_14	[]
Effect4.Machine.instDecidableEqOutcome.decEq._proof_15	[]
Effect4.Machine.instDecidableEqOutcome.decEq._proof_16	[]
Effect4.Machine.instDecidableEqOutcome.decEq._proof_17	[]
Effect4.Machine.instDecidableEqOutcome.decEq._proof_18	[]
Effect4.Machine.instDecidableEqOutcome.decEq._proof_19	[]
Effect4.Machine.instDecidableEqOutcome.decEq._proof_2	[]
Effect4.Machine.instDecidableEqOutcome.decEq._proof_20	[]
Effect4.Machine.instDecidableEqOutcome.decEq._proof_21	[]
Effect4.Machine.instDecidableEqOutcome.decEq._proof_22	[]
Effect4.Machine.instDecidableEqOutcome.decEq._proof_23	[]
Effect4.Machine.instDecidableEqOutcome.decEq._proof_24	[]
Effect4.Machine.instDecidableEqOutcome.decEq._proof_25	[]
Effect4.Machine.instDecidableEqOutcome.decEq._proof_26	[]
Effect4.Machine.instDecidableEqOutcome.decEq._proof_27	[]
Effect4.Machine.instDecidableEqOutcome.decEq._proof_28	[]
Effect4.Machine.instDecidableEqOutcome.decEq._proof_29	[]
Effect4.Machine.instDecidableEqOutcome.decEq._proof_3	[]
Effect4.Machine.instDecidableEqOutcome.decEq._proof_30	[]
Effect4.Machine.instDecidableEqOutcome.decEq._proof_31	[]
Effect4.Machine.instDecidableEqOutcome.decEq._proof_32	[]
Effect4.Machine.instDecidableEqOutcome.decEq._proof_33	[]
Effect4.Machine.instDecidableEqOutcome.decEq._proof_34	[]
Effect4.Machine.instDecidableEqOutcome.decEq._proof_35	[]
Effect4.Machine.instDecidableEqOutcome.decEq._proof_36	[]
Effect4.Machine.instDecidableEqOutcome.decEq._proof_37	[]
Effect4.Machine.instDecidableEqOutcome.decEq._proof_38	[]
Effect4.Machine.instDecidableEqOutcome.decEq._proof_4	[]
Effect4.Machine.instDecidableEqOutcome.decEq._proof_5	[]
Effect4.Machine.instDecidableEqOutcome.decEq._proof_6	[]
Effect4.Machine.instDecidableEqOutcome.decEq._proof_7	[]
Effect4.Machine.instDecidableEqOutcome.decEq._proof_8	[]
Effect4.Machine.instDecidableEqOutcome.decEq._proof_9	[]
Effect4.Machine.instDecidableEqParkKind.decEq._proof_1	[]
Effect4.Machine.instDecidableEqParkKind.decEq._proof_10	[]
Effect4.Machine.instDecidableEqParkKind.decEq._proof_11	[]
Effect4.Machine.instDecidableEqParkKind.decEq._proof_12	[]
Effect4.Machine.instDecidableEqParkKind.decEq._proof_13	[]
Effect4.Machine.instDecidableEqParkKind.decEq._proof_2	[]
Effect4.Machine.instDecidableEqParkKind.decEq._proof_3	[]
Effect4.Machine.instDecidableEqParkKind.decEq._proof_4	[]
Effect4.Machine.instDecidableEqParkKind.decEq._proof_5	[]
Effect4.Machine.instDecidableEqParkKind.decEq._proof_6	[]
Effect4.Machine.instDecidableEqParkKind.decEq._proof_7	[]
Effect4.Machine.instDecidableEqParkKind.decEq._proof_8	[]
Effect4.Machine.instDecidableEqParkKind.decEq._proof_9	[]
Effect4.Machine.instDecidableEqParked.decEq._proof_1	[]
Effect4.Machine.instDecidableEqParked.decEq._proof_2	[]
Effect4.Machine.instDecidableEqParked.decEq._proof_3	[]
Effect4.Machine.instDecidableEqParked.decEq._proof_4	[]
Effect4.Machine.instDecidableEqPending.decEq._proof_1	[]
Effect4.Machine.instDecidableEqPending.decEq._proof_2	[]
Effect4.Machine.instDecidableEqPending.decEq._proof_3	[]
Effect4.Machine.instDecidableEqPending.decEq._proof_4	[]
Effect4.Machine.instDecidableEqPending.decEq._proof_5	[]
Effect4.Machine.instDecidableEqPending.decEq._proof_6	[]
Effect4.Machine.instDecidableEqPending.decEq._proof_7	[]
Effect4.Machine.instDecidableEqResume.decEq._proof_1	[]
Effect4.Machine.instDecidableEqResume.decEq._proof_10	[]
Effect4.Machine.instDecidableEqResume.decEq._proof_2	[]
Effect4.Machine.instDecidableEqResume.decEq._proof_3	[]
Effect4.Machine.instDecidableEqResume.decEq._proof_4	[]
Effect4.Machine.instDecidableEqResume.decEq._proof_5	[]
Effect4.Machine.instDecidableEqResume.decEq._proof_6	[]
Effect4.Machine.instDecidableEqResume.decEq._proof_7	[]
Effect4.Machine.instDecidableEqResume.decEq._proof_8	[]
Effect4.Machine.instDecidableEqResume.decEq._proof_9	[]
Effect4.Machine.instDecidableEqRunDecision.decEq._proof_1	[]
Effect4.Machine.instDecidableEqRunDecision.decEq._proof_10	[]
Effect4.Machine.instDecidableEqRunDecision.decEq._proof_11	[]
Effect4.Machine.instDecidableEqRunDecision.decEq._proof_12	[]
Effect4.Machine.instDecidableEqRunDecision.decEq._proof_13	[]
Effect4.Machine.instDecidableEqRunDecision.decEq._proof_14	[]
Effect4.Machine.instDecidableEqRunDecision.decEq._proof_15	[]
Effect4.Machine.instDecidableEqRunDecision.decEq._proof_16	[]
Effect4.Machine.instDecidableEqRunDecision.decEq._proof_17	[]
Effect4.Machine.instDecidableEqRunDecision.decEq._proof_18	[]
Effect4.Machine.instDecidableEqRunDecision.decEq._proof_19	[]
Effect4.Machine.instDecidableEqRunDecision.decEq._proof_2	[]
Effect4.Machine.instDecidableEqRunDecision.decEq._proof_20	[]
Effect4.Machine.instDecidableEqRunDecision.decEq._proof_21	[]
Effect4.Machine.instDecidableEqRunDecision.decEq._proof_22	[]
Effect4.Machine.instDecidableEqRunDecision.decEq._proof_23	[]
Effect4.Machine.instDecidableEqRunDecision.decEq._proof_24	[]
Effect4.Machine.instDecidableEqRunDecision.decEq._proof_25	[]
Effect4.Machine.instDecidableEqRunDecision.decEq._proof_26	[]
Effect4.Machine.instDecidableEqRunDecision.decEq._proof_27	[]
Effect4.Machine.instDecidableEqRunDecision.decEq._proof_28	[]
Effect4.Machine.instDecidableEqRunDecision.decEq._proof_29	[]
Effect4.Machine.instDecidableEqRunDecision.decEq._proof_3	[]
Effect4.Machine.instDecidableEqRunDecision.decEq._proof_30	[]
Effect4.Machine.instDecidableEqRunDecision.decEq._proof_31	[]
Effect4.Machine.instDecidableEqRunDecision.decEq._proof_32	[]
Effect4.Machine.instDecidableEqRunDecision.decEq._proof_33	[]
Effect4.Machine.instDecidableEqRunDecision.decEq._proof_34	[]
Effect4.Machine.instDecidableEqRunDecision.decEq._proof_35	[]
Effect4.Machine.instDecidableEqRunDecision.decEq._proof_36	[]
Effect4.Machine.instDecidableEqRunDecision.decEq._proof_37	[]
Effect4.Machine.instDecidableEqRunDecision.decEq._proof_38	[]
Effect4.Machine.instDecidableEqRunDecision.decEq._proof_39	[]
Effect4.Machine.instDecidableEqRunDecision.decEq._proof_4	[]
Effect4.Machine.instDecidableEqRunDecision.decEq._proof_40	[]
Effect4.Machine.instDecidableEqRunDecision.decEq._proof_41	[]
Effect4.Machine.instDecidableEqRunDecision.decEq._proof_42	[]
Effect4.Machine.instDecidableEqRunDecision.decEq._proof_43	[]
Effect4.Machine.instDecidableEqRunDecision.decEq._proof_44	[]
Effect4.Machine.instDecidableEqRunDecision.decEq._proof_45	[]
Effect4.Machine.instDecidableEqRunDecision.decEq._proof_46	[]
Effect4.Machine.instDecidableEqRunDecision.decEq._proof_47	[]
Effect4.Machine.instDecidableEqRunDecision.decEq._proof_48	[]
Effect4.Machine.instDecidableEqRunDecision.decEq._proof_49	[]
Effect4.Machine.instDecidableEqRunDecision.decEq._proof_5	[]
Effect4.Machine.instDecidableEqRunDecision.decEq._proof_50	[]
Effect4.Machine.instDecidableEqRunDecision.decEq._proof_51	[]
Effect4.Machine.instDecidableEqRunDecision.decEq._proof_52	[]
Effect4.Machine.instDecidableEqRunDecision.decEq._proof_53	[]
Effect4.Machine.instDecidableEqRunDecision.decEq._proof_54	[]
Effect4.Machine.instDecidableEqRunDecision.decEq._proof_55	[]
Effect4.Machine.instDecidableEqRunDecision.decEq._proof_56	[]
Effect4.Machine.instDecidableEqRunDecision.decEq._proof_57	[]
Effect4.Machine.instDecidableEqRunDecision.decEq._proof_58	[]
Effect4.Machine.instDecidableEqRunDecision.decEq._proof_59	[]
Effect4.Machine.instDecidableEqRunDecision.decEq._proof_6	[]
Effect4.Machine.instDecidableEqRunDecision.decEq._proof_60	[]
Effect4.Machine.instDecidableEqRunDecision.decEq._proof_61	[]
Effect4.Machine.instDecidableEqRunDecision.decEq._proof_62	[]
Effect4.Machine.instDecidableEqRunDecision.decEq._proof_63	[]
Effect4.Machine.instDecidableEqRunDecision.decEq._proof_64	[]
Effect4.Machine.instDecidableEqRunDecision.decEq._proof_65	[]
Effect4.Machine.instDecidableEqRunDecision.decEq._proof_66	[]
Effect4.Machine.instDecidableEqRunDecision.decEq._proof_67	[]
Effect4.Machine.instDecidableEqRunDecision.decEq._proof_68	[]
Effect4.Machine.instDecidableEqRunDecision.decEq._proof_69	[]
Effect4.Machine.instDecidableEqRunDecision.decEq._proof_7	[]
Effect4.Machine.instDecidableEqRunDecision.decEq._proof_70	[]
Effect4.Machine.instDecidableEqRunDecision.decEq._proof_71	[]
Effect4.Machine.instDecidableEqRunDecision.decEq._proof_72	[]
Effect4.Machine.instDecidableEqRunDecision.decEq._proof_73	[]
Effect4.Machine.instDecidableEqRunDecision.decEq._proof_74	[]
Effect4.Machine.instDecidableEqRunDecision.decEq._proof_75	[]
Effect4.Machine.instDecidableEqRunDecision.decEq._proof_8	[]
Effect4.Machine.instDecidableEqRunDecision.decEq._proof_9	[]
Effect4.Machine.instDecidableEqRunEvent.decEq._proof_1	[]
Effect4.Machine.instDecidableEqRunEvent.decEq._proof_10	[]
Effect4.Machine.instDecidableEqRunEvent.decEq._proof_11	[]
Effect4.Machine.instDecidableEqRunEvent.decEq._proof_12	[]
Effect4.Machine.instDecidableEqRunEvent.decEq._proof_13	[]
Effect4.Machine.instDecidableEqRunEvent.decEq._proof_14	[]
Effect4.Machine.instDecidableEqRunEvent.decEq._proof_15	[]
Effect4.Machine.instDecidableEqRunEvent.decEq._proof_16	[]
Effect4.Machine.instDecidableEqRunEvent.decEq._proof_17	[]
Effect4.Machine.instDecidableEqRunEvent.decEq._proof_18	[]
Effect4.Machine.instDecidableEqRunEvent.decEq._proof_19	[]
Effect4.Machine.instDecidableEqRunEvent.decEq._proof_2	[]
Effect4.Machine.instDecidableEqRunEvent.decEq._proof_20	[]
Effect4.Machine.instDecidableEqRunEvent.decEq._proof_21	[]
Effect4.Machine.instDecidableEqRunEvent.decEq._proof_22	[]
Effect4.Machine.instDecidableEqRunEvent.decEq._proof_23	[]
Effect4.Machine.instDecidableEqRunEvent.decEq._proof_24	[]
Effect4.Machine.instDecidableEqRunEvent.decEq._proof_25	[]
Effect4.Machine.instDecidableEqRunEvent.decEq._proof_26	[]
Effect4.Machine.instDecidableEqRunEvent.decEq._proof_27	[]
Effect4.Machine.instDecidableEqRunEvent.decEq._proof_28	[]
Effect4.Machine.instDecidableEqRunEvent.decEq._proof_29	[]
Effect4.Machine.instDecidableEqRunEvent.decEq._proof_3	[]
Effect4.Machine.instDecidableEqRunEvent.decEq._proof_30	[]
Effect4.Machine.instDecidableEqRunEvent.decEq._proof_31	[]
Effect4.Machine.instDecidableEqRunEvent.decEq._proof_32	[]
Effect4.Machine.instDecidableEqRunEvent.decEq._proof_33	[]
Effect4.Machine.instDecidableEqRunEvent.decEq._proof_34	[]
Effect4.Machine.instDecidableEqRunEvent.decEq._proof_35	[]
Effect4.Machine.instDecidableEqRunEvent.decEq._proof_36	[]
Effect4.Machine.instDecidableEqRunEvent.decEq._proof_37	[]
Effect4.Machine.instDecidableEqRunEvent.decEq._proof_38	[]
Effect4.Machine.instDecidableEqRunEvent.decEq._proof_39	[]
Effect4.Machine.instDecidableEqRunEvent.decEq._proof_4	[]
Effect4.Machine.instDecidableEqRunEvent.decEq._proof_40	[]
Effect4.Machine.instDecidableEqRunEvent.decEq._proof_41	[]
Effect4.Machine.instDecidableEqRunEvent.decEq._proof_42	[]
Effect4.Machine.instDecidableEqRunEvent.decEq._proof_43	[]
Effect4.Machine.instDecidableEqRunEvent.decEq._proof_44	[]
Effect4.Machine.instDecidableEqRunEvent.decEq._proof_45	[]
Effect4.Machine.instDecidableEqRunEvent.decEq._proof_46	[]
Effect4.Machine.instDecidableEqRunEvent.decEq._proof_47	[]
Effect4.Machine.instDecidableEqRunEvent.decEq._proof_48	[]
Effect4.Machine.instDecidableEqRunEvent.decEq._proof_49	[]
Effect4.Machine.instDecidableEqRunEvent.decEq._proof_5	[]
Effect4.Machine.instDecidableEqRunEvent.decEq._proof_50	[]
Effect4.Machine.instDecidableEqRunEvent.decEq._proof_51	[]
Effect4.Machine.instDecidableEqRunEvent.decEq._proof_52	[]
Effect4.Machine.instDecidableEqRunEvent.decEq._proof_53	[]
Effect4.Machine.instDecidableEqRunEvent.decEq._proof_54	[]
Effect4.Machine.instDecidableEqRunEvent.decEq._proof_55	[]
Effect4.Machine.instDecidableEqRunEvent.decEq._proof_56	[]
Effect4.Machine.instDecidableEqRunEvent.decEq._proof_57	[]
Effect4.Machine.instDecidableEqRunEvent.decEq._proof_58	[]
Effect4.Machine.instDecidableEqRunEvent.decEq._proof_59	[]
Effect4.Machine.instDecidableEqRunEvent.decEq._proof_6	[]
Effect4.Machine.instDecidableEqRunEvent.decEq._proof_60	[]
Effect4.Machine.instDecidableEqRunEvent.decEq._proof_61	[]
Effect4.Machine.instDecidableEqRunEvent.decEq._proof_62	[]
Effect4.Machine.instDecidableEqRunEvent.decEq._proof_63	[]
Effect4.Machine.instDecidableEqRunEvent.decEq._proof_64	[]
Effect4.Machine.instDecidableEqRunEvent.decEq._proof_65	[]
Effect4.Machine.instDecidableEqRunEvent.decEq._proof_66	[]
Effect4.Machine.instDecidableEqRunEvent.decEq._proof_67	[]
Effect4.Machine.instDecidableEqRunEvent.decEq._proof_68	[]
Effect4.Machine.instDecidableEqRunEvent.decEq._proof_69	[]
Effect4.Machine.instDecidableEqRunEvent.decEq._proof_7	[]
Effect4.Machine.instDecidableEqRunEvent.decEq._proof_8	[]
Effect4.Machine.instDecidableEqRunEvent.decEq._proof_9	[]
Effect4.Machine.instDecidableEqRunFiber.decEq._proof_1	[]
Effect4.Machine.instDecidableEqRunFiber.decEq._proof_10	[]
Effect4.Machine.instDecidableEqRunFiber.decEq._proof_11	[]
Effect4.Machine.instDecidableEqRunFiber.decEq._proof_12	[]
Effect4.Machine.instDecidableEqRunFiber.decEq._proof_13	[]
Effect4.Machine.instDecidableEqRunFiber.decEq._proof_14	[]
Effect4.Machine.instDecidableEqRunFiber.decEq._proof_15	[]
Effect4.Machine.instDecidableEqRunFiber.decEq._proof_16	[]
Effect4.Machine.instDecidableEqRunFiber.decEq._proof_17	[]
Effect4.Machine.instDecidableEqRunFiber.decEq._proof_2	[]
Effect4.Machine.instDecidableEqRunFiber.decEq._proof_3	[]
Effect4.Machine.instDecidableEqRunFiber.decEq._proof_4	[]
Effect4.Machine.instDecidableEqRunFiber.decEq._proof_5	[]
Effect4.Machine.instDecidableEqRunFiber.decEq._proof_6	[]
Effect4.Machine.instDecidableEqRunFiber.decEq._proof_7	[]
Effect4.Machine.instDecidableEqRunFiber.decEq._proof_8	[]
Effect4.Machine.instDecidableEqRunFiber.decEq._proof_9	[]
Effect4.Machine.instDecidableEqStuck.decEq._proof_1	[]
Effect4.Machine.instDecidableEqStuck.decEq._proof_10	[]
Effect4.Machine.instDecidableEqStuck.decEq._proof_11	[]
Effect4.Machine.instDecidableEqStuck.decEq._proof_12	[]
Effect4.Machine.instDecidableEqStuck.decEq._proof_2	[]
Effect4.Machine.instDecidableEqStuck.decEq._proof_3	[]
Effect4.Machine.instDecidableEqStuck.decEq._proof_4	[]
Effect4.Machine.instDecidableEqStuck.decEq._proof_5	[]
Effect4.Machine.instDecidableEqStuck.decEq._proof_6	[]
Effect4.Machine.instDecidableEqStuck.decEq._proof_7	[]
Effect4.Machine.instDecidableEqStuck.decEq._proof_8	[]
Effect4.Machine.instDecidableEqStuck.decEq._proof_9	[]
Effect4.Machine.instDecidableEqTask.decEq._proof_1	[]
Effect4.Machine.instDecidableEqTask.decEq._proof_10	[]
Effect4.Machine.instDecidableEqTask.decEq._proof_11	[]
Effect4.Machine.instDecidableEqTask.decEq._proof_12	[]
Effect4.Machine.instDecidableEqTask.decEq._proof_13	[]
Effect4.Machine.instDecidableEqTask.decEq._proof_14	[]
Effect4.Machine.instDecidableEqTask.decEq._proof_15	[]
Effect4.Machine.instDecidableEqTask.decEq._proof_2	[]
Effect4.Machine.instDecidableEqTask.decEq._proof_3	[]
Effect4.Machine.instDecidableEqTask.decEq._proof_4	[]
Effect4.Machine.instDecidableEqTask.decEq._proof_5	[]
Effect4.Machine.instDecidableEqTask.decEq._proof_6	[]
Effect4.Machine.instDecidableEqTask.decEq._proof_7	[]
Effect4.Machine.instDecidableEqTask.decEq._proof_8	[]
Effect4.Machine.instDecidableEqTask.decEq._proof_9	[]
Effect4.Machine.instDecidableEqWithFiberAction.decEq._proof_1	[]
Effect4.Machine.instDecidableEqWithFiberAction.decEq._proof_10	[]
Effect4.Machine.instDecidableEqWithFiberAction.decEq._proof_11	[]
Effect4.Machine.instDecidableEqWithFiberAction.decEq._proof_12	[]
Effect4.Machine.instDecidableEqWithFiberAction.decEq._proof_13	[]
Effect4.Machine.instDecidableEqWithFiberAction.decEq._proof_14	[]
Effect4.Machine.instDecidableEqWithFiberAction.decEq._proof_15	[]
Effect4.Machine.instDecidableEqWithFiberAction.decEq._proof_16	[]
Effect4.Machine.instDecidableEqWithFiberAction.decEq._proof_17	[]
Effect4.Machine.instDecidableEqWithFiberAction.decEq._proof_18	[]
Effect4.Machine.instDecidableEqWithFiberAction.decEq._proof_19	[]
Effect4.Machine.instDecidableEqWithFiberAction.decEq._proof_2	[]
Effect4.Machine.instDecidableEqWithFiberAction.decEq._proof_20	[]
Effect4.Machine.instDecidableEqWithFiberAction.decEq._proof_21	[]
Effect4.Machine.instDecidableEqWithFiberAction.decEq._proof_22	[]
Effect4.Machine.instDecidableEqWithFiberAction.decEq._proof_23	[]
Effect4.Machine.instDecidableEqWithFiberAction.decEq._proof_24	[]
Effect4.Machine.instDecidableEqWithFiberAction.decEq._proof_25	[]
Effect4.Machine.instDecidableEqWithFiberAction.decEq._proof_26	[]
Effect4.Machine.instDecidableEqWithFiberAction.decEq._proof_27	[]
Effect4.Machine.instDecidableEqWithFiberAction.decEq._proof_28	[]
Effect4.Machine.instDecidableEqWithFiberAction.decEq._proof_29	[]
Effect4.Machine.instDecidableEqWithFiberAction.decEq._proof_3	[]
Effect4.Machine.instDecidableEqWithFiberAction.decEq._proof_30	[]
Effect4.Machine.instDecidableEqWithFiberAction.decEq._proof_31	[]
Effect4.Machine.instDecidableEqWithFiberAction.decEq._proof_32	[]
Effect4.Machine.instDecidableEqWithFiberAction.decEq._proof_33	[]
Effect4.Machine.instDecidableEqWithFiberAction.decEq._proof_34	[]
Effect4.Machine.instDecidableEqWithFiberAction.decEq._proof_35	[]
Effect4.Machine.instDecidableEqWithFiberAction.decEq._proof_36	[]
Effect4.Machine.instDecidableEqWithFiberAction.decEq._proof_37	[]
Effect4.Machine.instDecidableEqWithFiberAction.decEq._proof_38	[]
Effect4.Machine.instDecidableEqWithFiberAction.decEq._proof_39	[]
Effect4.Machine.instDecidableEqWithFiberAction.decEq._proof_4	[]
Effect4.Machine.instDecidableEqWithFiberAction.decEq._proof_40	[]
Effect4.Machine.instDecidableEqWithFiberAction.decEq._proof_41	[]
Effect4.Machine.instDecidableEqWithFiberAction.decEq._proof_42	[]
Effect4.Machine.instDecidableEqWithFiberAction.decEq._proof_43	[]
Effect4.Machine.instDecidableEqWithFiberAction.decEq._proof_44	[]
Effect4.Machine.instDecidableEqWithFiberAction.decEq._proof_45	[]
Effect4.Machine.instDecidableEqWithFiberAction.decEq._proof_46	[]
Effect4.Machine.instDecidableEqWithFiberAction.decEq._proof_47	[]
Effect4.Machine.instDecidableEqWithFiberAction.decEq._proof_48	[]
Effect4.Machine.instDecidableEqWithFiberAction.decEq._proof_49	[]
Effect4.Machine.instDecidableEqWithFiberAction.decEq._proof_5	[]
Effect4.Machine.instDecidableEqWithFiberAction.decEq._proof_50	[]
Effect4.Machine.instDecidableEqWithFiberAction.decEq._proof_51	[]
Effect4.Machine.instDecidableEqWithFiberAction.decEq._proof_52	[]
Effect4.Machine.instDecidableEqWithFiberAction.decEq._proof_53	[]
Effect4.Machine.instDecidableEqWithFiberAction.decEq._proof_54	[]
Effect4.Machine.instDecidableEqWithFiberAction.decEq._proof_55	[]
Effect4.Machine.instDecidableEqWithFiberAction.decEq._proof_56	[]
Effect4.Machine.instDecidableEqWithFiberAction.decEq._proof_6	[]
Effect4.Machine.instDecidableEqWithFiberAction.decEq._proof_7	[]
Effect4.Machine.instDecidableEqWithFiberAction.decEq._proof_8	[]
Effect4.Machine.instDecidableEqWithFiberAction.decEq._proof_9	[]
Effect4.Machine.interruptAs_extends	[propext, Quot.sound]
Effect4.Machine.interruptAs_minted	[propext, Quot.sound]
Effect4.Machine.interruptAs_minted._simp_1_102	[propext]
Effect4.Machine.interruptAs_minted._simp_1_103	[propext]
Effect4.Machine.interruptAs_minted._simp_1_104	[propext]
Effect4.Machine.interruptAs_minted._simp_1_105	[propext]
Effect4.Machine.interruptAs_minted._simp_1_106	[propext]
Effect4.Machine.interruptAs_minted._simp_1_107	[propext]
Effect4.Machine.interruptEach_grows	[propext, Quot.sound]
Effect4.Machine.interruptEach_minted	[propext, Quot.sound]
Effect4.Machine.interruptEach_minted._simp_1_103	[propext]
Effect4.Machine.interruptEach_minted._simp_1_104	[propext]
Effect4.Machine.interruptEach_minted._simp_1_105	[propext]
Effect4.Machine.interruptEach_minted._simp_1_106	[propext]
Effect4.Machine.interruptEach_minted._simp_1_107	[propext]
Effect4.Machine.interruptEach_minted._simp_1_108	[propext]
Effect4.Machine.interruptRecord_keys_subset	[propext, Quot.sound]
Effect4.Machine.interruptRecord_keys_subset._simp_1_102	[propext]
Effect4.Machine.interruptRecord_keys_subset._simp_1_103	[propext]
Effect4.Machine.interruptRecord_keys_subset._simp_1_104	[propext]
Effect4.Machine.interruptRecord_keys_subset._simp_1_105	[propext]
Effect4.Machine.interruptRecord_keys_subset._simp_1_106	[propext]
Effect4.Machine.interruptRecord_keys_subset._simp_1_107	[propext]
Effect4.Machine.interruptibleRegion_keys	[propext]
Effect4.Machine.iterKeys.eq_1	[propext]
Effect4.Machine.iteration_extends	[propext, Quot.sound]
Effect4.Machine.iteration_minted	[propext, Quot.sound]
Effect4.Machine.iteration_minted_of_evaluator	[propext]
Effect4.Machine.iteration_minted_of_evaluator._simp_1_101	[propext]
Effect4.Machine.iteration_minted_of_evaluator._simp_1_102	[propext]
Effect4.Machine.iteration_minted_of_evaluator._simp_1_103	[propext]
Effect4.Machine.iteration_minted_of_evaluator._simp_1_104	[propext]
Effect4.Machine.iteration_minted_of_evaluator._simp_1_105	[propext]
Effect4.Machine.iteration_minted_of_evaluator._simp_1_106	[propext]
Effect4.Machine.joinPushed_keys	[propext, Quot.sound]
Effect4.Machine.joinPushed_keys._simp_1_103	[propext]
Effect4.Machine.joinPushed_keys._simp_1_104	[propext]
Effect4.Machine.joinPushed_keys._simp_1_105	[propext]
Effect4.Machine.joinPushed_keys._simp_1_106	[propext]
Effect4.Machine.joinPushed_keys._simp_1_107	[propext]
Effect4.Machine.joinPushed_keys._simp_1_108	[propext]
Effect4.Machine.joinPushed_keys._simp_1_109	[propext, Quot.sound]
Effect4.Machine.keys_arm_subset	[propext]
Effect4.Machine.keys_arm_subset._simp_1_102	[propext]
Effect4.Machine.keys_arm_subset._simp_1_103	[propext]
Effect4.Machine.keys_arm_subset._simp_1_104	[propext]
Effect4.Machine.keys_arm_subset._simp_1_105	[propext]
Effect4.Machine.keys_arm_subset._simp_1_106	[propext]
Effect4.Machine.keys_arm_subset._simp_1_107	[propext]
Effect4.Machine.keys_disarm_subset	[propext, Quot.sound]
Effect4.Machine.keys_disarm_subset._simp_1_207	[propext]
Effect4.Machine.keys_disarm_subset._simp_1_208	[propext]
Effect4.Machine.keys_disarm_subset._simp_1_209	[propext]
Effect4.Machine.keys_disarm_subset._simp_1_210	[propext]
Effect4.Machine.keys_disarm_subset._simp_1_211	[propext]
Effect4.Machine.keys_disarm_subset._simp_1_212	[propext]
Effect4.Machine.keys_emit	[propext]
Effect4.Machine.keys_fibers_append	[propext]
Effect4.Machine.keys_halt	[propext]
Effect4.Machine.keys_map_observers_subset	[propext, Quot.sound]
Effect4.Machine.keys_map_observers_subset._simp_1_101	[propext]
Effect4.Machine.keys_map_observers_subset._simp_1_102	[propext]
Effect4.Machine.keys_map_observers_subset._simp_1_103	[propext]
Effect4.Machine.keys_map_observers_subset._simp_1_104	[propext]
Effect4.Machine.keys_map_observers_subset._simp_1_105	[propext]
Effect4.Machine.keys_map_observers_subset._simp_1_106	[propext]
Effect4.Machine.keys_modify_subset	[propext, Quot.sound]
Effect4.Machine.keys_modify_subset._simp_1_102	[propext]
Effect4.Machine.keys_modify_subset._simp_1_103	[propext]
Effect4.Machine.keys_modify_subset._simp_1_104	[propext]
Effect4.Machine.keys_modify_subset._simp_1_105	[propext]
Effect4.Machine.keys_modify_subset._simp_1_106	[propext]
Effect4.Machine.keys_modify_subset._simp_1_107	[propext]
Effect4.Machine.keys_park	[propext]
Effect4.Machine.keys_park._simp_1_101	[propext]
Effect4.Machine.keys_park._simp_1_102	[propext]
Effect4.Machine.keys_park._simp_1_103	[propext]
Effect4.Machine.keys_park._simp_1_104	[propext]
Effect4.Machine.keys_park._simp_1_105	[propext]
Effect4.Machine.keys_park._simp_1_106	[propext]
Effect4.Machine.keys_set_observers	[propext]
Effect4.Machine.keys_set_observers._simp_1_101	[propext]
Effect4.Machine.keys_set_observers._simp_1_102	[propext]
Effect4.Machine.keys_set_observers._simp_1_103	[propext]
Effect4.Machine.keys_set_observers._simp_1_104	[propext]
Effect4.Machine.keys_set_observers._simp_1_105	[propext]
Effect4.Machine.keys_set_observers._simp_1_106	[propext]
Effect4.Machine.keys_updateRace_subset	[propext, Quot.sound]
Effect4.Machine.keys_updateRace_subset._simp_1_207	[propext]
Effect4.Machine.keys_updateRace_subset._simp_1_208	[propext]
Effect4.Machine.keys_updateRace_subset._simp_1_209	[propext]
Effect4.Machine.keys_updateRace_subset._simp_1_210	[propext]
Effect4.Machine.keys_updateRace_subset._simp_1_211	[propext]
Effect4.Machine.keys_updateRace_subset._simp_1_212	[propext]
Effect4.Machine.keys_update_fibers_subset	[propext, Quot.sound]
Effect4.Machine.keys_update_subset	[propext, Quot.sound]
Effect4.Machine.keys_update_subset._simp_1_102	[propext]
Effect4.Machine.keys_update_subset._simp_1_103	[propext]
Effect4.Machine.keys_update_subset._simp_1_104	[propext]
Effect4.Machine.keys_update_subset._simp_1_105	[propext]
Effect4.Machine.keys_update_subset._simp_1_106	[propext]
Effect4.Machine.keys_update_subset._simp_1_107	[propext]
Effect4.Machine.launchEntrant_grows	[]
Effect4.Machine.launchEntrant_minted	[propext]
Effect4.Machine.launchEntrant_minted._simp_1_101	[propext]
Effect4.Machine.launchEntrant_minted._simp_1_102	[propext]
Effect4.Machine.launchEntrant_minted._simp_1_103	[propext]
Effect4.Machine.launchEntrant_minted._simp_1_104	[propext]
Effect4.Machine.launchEntrant_minted._simp_1_105	[propext]
Effect4.Machine.launchEntrant_minted._simp_1_106	[propext]
Effect4.Machine.leastSufficient_bound_mono	[propext, Quot.sound]
Effect4.Machine.leastSufficient_isSome	[propext, Quot.sound]
Effect4.Machine.leastSufficient_le	[propext, Quot.sound]
Effect4.Machine.leastSufficient_least	[propext, Quot.sound]
Effect4.Machine.leastSufficient_sound	[propext, Quot.sound]
Effect4.Machine.leastUpTo.eq_1	[]
Effect4.Machine.leastUpTo.eq_2	[]
Effect4.Machine.leastUpTo.eq_def	[]
Effect4.Machine.leastUpTo_bound_mono	[]
Effect4.Machine.leastUpTo_isSome	[propext]
Effect4.Machine.leastUpTo_le	[propext, Quot.sound]
Effect4.Machine.leastUpTo_le._proof_1_4	[propext, Quot.sound]
Effect4.Machine.leastUpTo_le._proof_1_5	[propext, Quot.sound]
Effect4.Machine.leastUpTo_least	[propext, Quot.sound]
Effect4.Machine.leastUpTo_least._proof_1_4	[propext, Quot.sound]
Effect4.Machine.leastUpTo_none	[propext]
Effect4.Machine.leastUpTo_sound	[propext]
Effect4.Machine.linkScope_grows	[propext, Quot.sound]
Effect4.Machine.linkScope_minted	[propext, Quot.sound]
Effect4.Machine.linkScope_minted._simp_1_105	[propext]
Effect4.Machine.linkScope_minted._simp_1_106	[propext]
Effect4.Machine.linkScope_minted._simp_1_107	[propext]
Effect4.Machine.linkScope_minted._simp_1_108	[propext]
Effect4.Machine.linkScope_minted._simp_1_109	[propext]
Effect4.Machine.linkScope_minted._simp_1_110	[propext]
Effect4.Machine.loopNextKeys.eq_1	[propext]
Effect4.Machine.loopNextKeys.eq_2	[propext]
Effect4.Machine.make_keys_subset	[propext]
Effect4.Machine.map_filter_subset	[propext, Quot.sound]
Effect4.Machine.mem_heap_keys	[propext, Quot.sound]
Effect4.Machine.optExitKeys.eq_1	[propext]
Effect4.Machine.optExitKeys.eq_2	[propext]
Effect4.Machine.optExitKeys_delivered	[propext]
Effect4.Machine.optExitKeys_getD_failure	[propext]
Effect4.Machine.optExitKeys_getD_success	[propext]
Effect4.Machine.passPushed_keys	[propext, Quot.sound]
Effect4.Machine.passPushed_keys._simp_1_214	[propext]
Effect4.Machine.passPushed_keys._simp_1_215	[propext]
Effect4.Machine.passPushed_keys._simp_1_216	[propext]
Effect4.Machine.passPushed_keys._simp_1_217	[propext]
Effect4.Machine.passPushed_keys._simp_1_218	[propext]
Effect4.Machine.passPushed_keys._simp_1_219	[propext]
Effect4.Machine.pending_map_keys_subset	[propext, Quot.sound]
Effect4.Machine.pending_mem_keys_subset	[propext, Quot.sound]
Effect4.Machine.popFrom_keys	[propext, Quot.sound]
Effect4.Machine.popFrom_keys._simp_1_110	[propext]
Effect4.Machine.popFrom_keys._simp_1_111	[propext]
Effect4.Machine.popFrom_keys._simp_1_112	[propext]
Effect4.Machine.popFrom_keys._simp_1_113	[propext]
Effect4.Machine.popFrom_keys._simp_1_114	[propext]
Effect4.Machine.popFrom_keys._simp_1_115	[propext]
Effect4.Machine.popKeys.eq_1	[propext]
Effect4.Machine.postTask_extends	[propext]
Effect4.Machine.postTask_minted	[propext, Quot.sound]
Effect4.Machine.postTask_minted._simp_1_103	[propext]
Effect4.Machine.postTask_minted._simp_1_104	[propext]
Effect4.Machine.postTask_minted._simp_1_105	[propext]
Effect4.Machine.postTask_minted._simp_1_106	[propext]
Effect4.Machine.postTask_minted._simp_1_107	[propext]
Effect4.Machine.postTask_minted._simp_1_108	[propext]
Effect4.Machine.prepareAsyncAnswer.eq_1	[]
Effect4.Machine.primKeys.eq_1	[propext]
Effect4.Machine.primKeys.eq_10	[propext]
Effect4.Machine.primKeys.eq_11	[propext]
Effect4.Machine.primKeys.eq_12	[propext]
Effect4.Machine.primKeys.eq_13	[propext]
Effect4.Machine.primKeys.eq_14	[propext]
Effect4.Machine.primKeys.eq_15	[propext]
Effect4.Machine.primKeys.eq_16	[propext]
Effect4.Machine.primKeys.eq_17	[propext]
Effect4.Machine.primKeys.eq_18	[propext]
Effect4.Machine.primKeys.eq_2	[propext]
Effect4.Machine.primKeys.eq_3	[propext]
Effect4.Machine.primKeys.eq_4	[propext]
Effect4.Machine.primKeys.eq_5	[propext]
Effect4.Machine.primKeys.eq_6	[propext]
Effect4.Machine.primKeys.eq_7	[propext]
Effect4.Machine.primKeys.eq_8	[propext]
Effect4.Machine.primKeys.eq_9	[propext]
Effect4.Machine.primKeys.eq_def	[propext]
Effect4.Machine.primKeys_getD	[propext]
Effect4.Machine.primKeys_ofExit	[propext]
Effect4.Machine.progOf.eq_1	[]
Effect4.Machine.progOf.eq_10	[]
Effect4.Machine.progOf.eq_11	[]
Effect4.Machine.progOf.eq_12	[]
Effect4.Machine.progOf.eq_13	[]
Effect4.Machine.progOf.eq_14	[]
Effect4.Machine.progOf.eq_15	[]
Effect4.Machine.progOf.eq_16	[]
Effect4.Machine.progOf.eq_17	[]
Effect4.Machine.progOf.eq_18	[]
Effect4.Machine.progOf.eq_19	[]
Effect4.Machine.progOf.eq_2	[]
Effect4.Machine.progOf.eq_20	[]
Effect4.Machine.progOf.eq_21	[]
Effect4.Machine.progOf.eq_22	[]
Effect4.Machine.progOf.eq_23	[]
Effect4.Machine.progOf.eq_24	[]
Effect4.Machine.progOf.eq_25	[]
Effect4.Machine.progOf.eq_26	[]
Effect4.Machine.progOf.eq_27	[]
Effect4.Machine.progOf.eq_3	[]
Effect4.Machine.progOf.eq_4	[]
Effect4.Machine.progOf.eq_5	[]
Effect4.Machine.progOf.eq_6	[]
Effect4.Machine.progOf.eq_7	[]
Effect4.Machine.progOf.eq_8	[]
Effect4.Machine.progOf.eq_9	[]
Effect4.Machine.progOf.eq_def	[]
Effect4.Machine.progOf_keys	[propext]
Effect4.Machine.progOf_keys._simp_1_131	[propext]
Effect4.Machine.progOf_keys._simp_1_132	[propext]
Effect4.Machine.progOf_keys._simp_1_133	[propext]
Effect4.Machine.progOf_keys._simp_1_134	[propext]
Effect4.Machine.progOf_keys._simp_1_135	[propext]
Effect4.Machine.progOf_keys._simp_1_136	[propext]
Effect4.Machine.programKeys.eq_1	[propext]
Effect4.Machine.programKeys_ofExit	[propext]
Effect4.Machine.programKeys_voidAllOf	[propext]
Effect4.Machine.race?_keys_subset	[propext, Quot.sound]
Effect4.Machine.raceComplete_accepted_keys	[propext]
Effect4.Machine.raceComplete_live_subset	[propext]
Effect4.Machine.raceEntrants_keys	[propext]
Effect4.Machine.raceSettleProgram_keys	[propext]
Effect4.Machine.raceSettleProgram_keys._simp_1_101	[propext]
Effect4.Machine.raceSettleProgram_keys._simp_1_102	[propext]
Effect4.Machine.raceSettleProgram_keys._simp_1_103	[propext]
Effect4.Machine.raceSettleProgram_keys._simp_1_104	[propext]
Effect4.Machine.raceSettleProgram_keys._simp_1_105	[propext]
Effect4.Machine.raceSettleProgram_keys._simp_1_106	[propext]
Effect4.Machine.race_state_keys_subset	[propext, Quot.sound]
Effect4.Machine.race_state_keys_subset._simp_1_206	[propext]
Effect4.Machine.race_state_keys_subset._simp_1_207	[propext]
Effect4.Machine.race_state_keys_subset._simp_1_208	[propext]
Effect4.Machine.race_state_keys_subset._simp_1_209	[propext]
Effect4.Machine.race_state_keys_subset._simp_1_210	[propext]
Effect4.Machine.race_state_keys_subset._simp_1_211	[propext]
Effect4.Machine.races_arm	[]
Effect4.Machine.races_disarm	[]
Effect4.Machine.races_modify	[]
Effect4.Machine.races_update	[]
Effect4.Machine.refStep_keys	[propext, Quot.sound]
Effect4.Machine.refStep_keys._simp_1_108	[propext]
Effect4.Machine.refStep_keys._simp_1_109	[propext]
Effect4.Machine.refStep_keys._simp_1_110	[propext]
Effect4.Machine.refStep_keys._simp_1_111	[propext]
Effect4.Machine.refStep_keys._simp_1_112	[propext]
Effect4.Machine.refStep_keys._simp_1_113	[propext]
Effect4.Machine.registerRace_extends	[propext]
Effect4.Machine.reifyExitVal_keys	[propext]
Effect4.Machine.replayEval.eq_1	[propext, Quot.sound]
Effect4.Machine.replayEval.eq_2	[propext, Quot.sound]
Effect4.Machine.replayEval.eq_def	[propext, Quot.sound]
Effect4.Machine.replayEval_extends	[propext, Quot.sound]
Effect4.Machine.replayEval_minted	[propext, Quot.sound]
Effect4.Machine.replayEval_minted_of_evaluator	[propext, Quot.sound]
Effect4.Machine.replayEval_nil_machine	[propext, Quot.sound]
Effect4.Machine.replayEval_single_machine	[propext, Quot.sound]
Effect4.Machine.replayEval_trace_extends	[propext, Quot.sound]
Effect4.Machine.replay_colimit	[propext, Quot.sound]
Effect4.Machine.replay_colimit_eq_of_sufficient	[propext, Quot.sound]
Effect4.Machine.replay_frontier_mono_single	[propext, Quot.sound]
Effect4.Machine.replay_obs_mono	[propext, Quot.sound]
Effect4.Machine.replay_obs_mono_of_suffices	[propext, Quot.sound]
Effect4.Machine.replay_stable	[propext, Quot.sound]
Effect4.Machine.replay_stuck_mono_single	[propext, Quot.sound]
Effect4.Machine.resumeCause_keys	[propext, Quot.sound]
Effect4.Machine.resumeCause_keys_with_ambient	[propext, Quot.sound]
Effect4.Machine.resumeCause_keys_with_ambient._simp_1_106	[propext]
Effect4.Machine.resumeCause_keys_with_ambient._simp_1_107	[propext]
Effect4.Machine.resumeCause_keys_with_ambient._simp_1_108	[propext]
Effect4.Machine.resumeCause_keys_with_ambient._simp_1_109	[propext]
Effect4.Machine.resumeCause_keys_with_ambient._simp_1_110	[propext]
Effect4.Machine.resumeCause_keys_with_ambient._simp_1_111	[propext]
Effect4.Machine.resumeCause_keys_with_ambient._simp_1_117	[propext, Quot.sound]
Effect4.Machine.resumePrim_keys	[propext, Quot.sound]
Effect4.Machine.resumePrim_keys._simp_1_188	[propext]
Effect4.Machine.resumePrim_keys._simp_1_189	[propext]
Effect4.Machine.resumePrim_keys._simp_1_190	[propext]
Effect4.Machine.resumePrim_keys._simp_1_191	[propext]
Effect4.Machine.resumePrim_keys._simp_1_192	[propext]
Effect4.Machine.resumePrim_keys._simp_1_193	[propext]
Effect4.Machine.resumeValue_keys	[propext, Quot.sound]
Effect4.Machine.resumeValue_keys_with_ambient	[propext, Quot.sound]
Effect4.Machine.resumeValue_keys_with_ambient._simp_1_106	[propext]
Effect4.Machine.resumeValue_keys_with_ambient._simp_1_107	[propext]
Effect4.Machine.resumeValue_keys_with_ambient._simp_1_108	[propext]
Effect4.Machine.resumeValue_keys_with_ambient._simp_1_109	[propext]
Effect4.Machine.resumeValue_keys_with_ambient._simp_1_110	[propext]
Effect4.Machine.resumeValue_keys_with_ambient._simp_1_111	[propext]
Effect4.Machine.resumeValue_keys_with_ambient._simp_1_117	[propext, Quot.sound]
Effect4.Machine.scopeAddExit_keys	[propext, Quot.sound]
Effect4.Machine.scopeAddUnsafe_keys	[propext, Quot.sound]
Effect4.Machine.scopeCloseSnapshot_keys	[propext, Quot.sound]
Effect4.Machine.scopeCloseSnapshot_keys._simp_1_101	[propext]
Effect4.Machine.scopeCloseSnapshot_keys._simp_1_102	[propext]
Effect4.Machine.scopeCloseSnapshot_keys._simp_1_103	[propext]
Effect4.Machine.scopeCloseSnapshot_keys._simp_1_104	[propext]
Effect4.Machine.scopeCloseSnapshot_keys._simp_1_105	[propext]
Effect4.Machine.scopeCloseSnapshot_keys._simp_1_106	[propext]
Effect4.Machine.scopeClosingKeys.eq_1	[propext]
Effect4.Machine.scopeClosingKeys_addExit	[propext]
Effect4.Machine.scopeClosingKeys_addUnsafe	[propext]
Effect4.Machine.scopeClosingKeys_closeState	[propext]
Effect4.Machine.scopeClosingKeys_make	[propext]
Effect4.Machine.scopeClosingKeys_removeUnsafe	[propext]
Effect4.Machine.scopeRemoveUnsafe_keys	[propext, Quot.sound]
Effect4.Machine.settle_grows	[propext]
Effect4.Machine.settle_minted	[propext, Quot.sound]
Effect4.Machine.settle_minted._simp_1_103	[propext]
Effect4.Machine.settle_minted._simp_1_104	[propext]
Effect4.Machine.settle_minted._simp_1_105	[propext]
Effect4.Machine.settle_minted._simp_1_106	[propext]
Effect4.Machine.settle_minted._simp_1_107	[propext]
Effect4.Machine.settle_minted._simp_1_108	[propext]
Effect4.Machine.settled.eq_1	[]
Effect4.Machine.spawnChild_keys_subset	[propext]
Effect4.Machine.spawnChild_keys_subset._simp_1_101	[propext]
Effect4.Machine.spawnChild_keys_subset._simp_1_102	[propext]
Effect4.Machine.spawnChild_keys_subset._simp_1_103	[propext]
Effect4.Machine.spawnChild_keys_subset._simp_1_104	[propext]
Effect4.Machine.spawnChild_keys_subset._simp_1_105	[propext]
Effect4.Machine.spawnChild_keys_subset._simp_1_106	[propext]
Effect4.Machine.spawn_grows	[propext]
Effect4.Machine.spawn_minted	[propext]
Effect4.Machine.spawn_minted._simp_1_102	[propext]
Effect4.Machine.spawn_minted._simp_1_103	[propext]
Effect4.Machine.spawn_minted._simp_1_104	[propext]
Effect4.Machine.spawn_minted._simp_1_105	[propext]
Effect4.Machine.spawn_minted._simp_1_106	[propext]
Effect4.Machine.spawn_minted._simp_1_107	[propext]
Effect4.Machine.start.eq_1	[]
Effect4.Machine.start_grows	[propext]
Effect4.Machine.start_minted	[propext, Quot.sound]
Effect4.Machine.start_minted._simp_1_101	[propext]
Effect4.Machine.start_minted._simp_1_102	[propext]
Effect4.Machine.start_minted._simp_1_103	[propext]
Effect4.Machine.start_minted._simp_1_104	[propext]
Effect4.Machine.start_minted._simp_1_105	[propext]
Effect4.Machine.start_minted._simp_1_106	[propext]
Effect4.Machine.state_arm	[]
Effect4.Machine.state_disarm	[]
Effect4.Machine.state_modify	[]
Effect4.Machine.state_update	[]
Effect4.Machine.state_updateRace	[]
Effect4.Machine.stepDecisionState_minted	[propext, Quot.sound]
Effect4.Machine.stepDecisionState_minted_of_evaluator	[propext, Quot.sound]
Effect4.Machine.stepDecisionState_minted_of_evaluator._simp_1_101	[propext]
Effect4.Machine.stepDecisionState_minted_of_evaluator._simp_1_102	[propext]
Effect4.Machine.stepDecisionState_minted_of_evaluator._simp_1_103	[propext]
Effect4.Machine.stepDecisionState_minted_of_evaluator._simp_1_104	[propext]
Effect4.Machine.stepDecisionState_minted_of_evaluator._simp_1_105	[propext]
Effect4.Machine.stepDecisionState_minted_of_evaluator._simp_1_106	[propext]
Effect4.Machine.stepDecisionState_stable	[propext, Quot.sound]
Effect4.Machine.stepDecision_eq_state	[propext, Quot.sound]
Effect4.Machine.stepDecision_extends	[propext, Quot.sound]
Effect4.Machine.stepDecision_stable	[propext, Quot.sound]
Effect4.Machine.stepDecision_stuck_stable	[propext, Quot.sound]
Effect4.Machine.stepDecision_trace_extends	[propext, Quot.sound]
Effect4.Machine.stepDecision_trace_mono	[propext, Quot.sound]
Effect4.Machine.stepDecision_trace_mono_all	[propext, Quot.sound]
Effect4.Machine.stepFrame_extends	[propext]
Effect4.Machine.stepFrame_minted	[propext, Quot.sound]
Effect4.Machine.stepFrame_minted_with_ambient	[propext, Quot.sound]
Effect4.Machine.stepFrame_minted_with_ambient._simp_1_101	[propext]
Effect4.Machine.stepFrame_minted_with_ambient._simp_1_102	[propext]
Effect4.Machine.stepFrame_minted_with_ambient._simp_1_103	[propext]
Effect4.Machine.stepFrame_minted_with_ambient._simp_1_104	[propext]
Effect4.Machine.stepFrame_minted_with_ambient._simp_1_105	[propext]
Effect4.Machine.stepFrame_minted_with_ambient._simp_1_106	[propext]
Effect4.Machine.stepKeys.eq_1	[propext]
Effect4.Machine.stepKeys.eq_2	[propext]
Effect4.Machine.step_keys	[propext, Quot.sound]
Effect4.Machine.step_keys_with_ambient	[propext, Quot.sound]
Effect4.Machine.step_keys_with_ambient._simp_1_102	[propext]
Effect4.Machine.step_keys_with_ambient._simp_1_103	[propext]
Effect4.Machine.step_keys_with_ambient._simp_1_104	[propext]
Effect4.Machine.step_keys_with_ambient._simp_1_105	[propext]
Effect4.Machine.step_keys_with_ambient._simp_1_106	[propext]
Effect4.Machine.step_keys_with_ambient._simp_1_107	[propext]
Effect4.Machine.step_keys_with_ambient._simp_1_112	[propext, Quot.sound]
Effect4.Machine.storesCloseScopeUnsafe_keys	[propext, Quot.sound]
Effect4.Machine.stores_keyBounded	[propext, Quot.sound]
Effect4.Machine.stores_keyBounded._simp_1_351	[propext]
Effect4.Machine.stores_keyBounded._simp_1_352	[propext]
Effect4.Machine.stores_keyBounded._simp_1_353	[propext]
Effect4.Machine.stores_keyBounded._simp_1_354	[propext]
Effect4.Machine.stores_keyBounded._simp_1_355	[propext]
Effect4.Machine.stores_keyBounded._simp_1_356	[propext]
Effect4.Machine.syncOpStep_keys	[propext, Quot.sound]
Effect4.Machine.syncOpStep_keys._simp_1_101	[propext]
Effect4.Machine.syncOpStep_keys._simp_1_102	[propext]
Effect4.Machine.syncOpStep_keys._simp_1_103	[propext]
Effect4.Machine.syncOpStep_keys._simp_1_104	[propext]
Effect4.Machine.syncOpStep_keys._simp_1_105	[propext]
Effect4.Machine.syncOpStep_keys._simp_1_106	[propext]
Effect4.Machine.tableInsert_keys_subset	[propext, Quot.sound]
Effect4.Machine.taskCmds.eq_1	[]
Effect4.Machine.taskCmds.eq_2	[]
Effect4.Machine.taskCmds.eq_3	[]
Effect4.Machine.uninterruptible_keys	[propext]
Effect4.Machine.withFiber_ambientScope_minted	[propext, Quot.sound]
Effect4.Machine.withFiber_ambientScope_minted._simp_1_104	[propext]
Effect4.Machine.withFiber_ambientScope_minted._simp_1_105	[propext]
Effect4.Machine.withFiber_ambientScope_minted._simp_1_106	[propext]
Effect4.Machine.withFiber_ambientScope_minted._simp_1_107	[propext]
Effect4.Machine.withFiber_ambientScope_minted._simp_1_3	[propext]
Effect4.Machine.withFiber_ambientScope_minted._simp_1_4	[propext]
Effect4.Machine.withFiber_awaitAllFailFast_minted	[propext, Quot.sound]
Effect4.Machine.withFiber_awaitAllFailFast_minted._simp_1_102	[propext]
Effect4.Machine.withFiber_awaitAllFailFast_minted._simp_1_103	[propext]
Effect4.Machine.withFiber_awaitAllFailFast_minted._simp_1_104	[propext]
Effect4.Machine.withFiber_awaitAllFailFast_minted._simp_1_105	[propext]
Effect4.Machine.withFiber_awaitAllFailFast_minted._simp_1_106	[propext]
Effect4.Machine.withFiber_awaitAllFailFast_minted._simp_1_107	[propext]
Effect4.Machine.withFiber_awaitAll_minted	[propext, Quot.sound]
Effect4.Machine.withFiber_awaitAll_minted._simp_1_102	[propext]
Effect4.Machine.withFiber_awaitAll_minted._simp_1_103	[propext]
Effect4.Machine.withFiber_awaitAll_minted._simp_1_104	[propext]
Effect4.Machine.withFiber_awaitAll_minted._simp_1_105	[propext]
Effect4.Machine.withFiber_awaitAll_minted._simp_1_106	[propext]
Effect4.Machine.withFiber_awaitAll_minted._simp_1_107	[propext]
Effect4.Machine.withFiber_awaitNewChildren_minted	[propext, Quot.sound]
Effect4.Machine.withFiber_awaitNewChildren_minted._simp_1_207	[propext]
Effect4.Machine.withFiber_awaitNewChildren_minted._simp_1_208	[propext]
Effect4.Machine.withFiber_awaitNewChildren_minted._simp_1_209	[propext]
Effect4.Machine.withFiber_awaitNewChildren_minted._simp_1_210	[propext]
Effect4.Machine.withFiber_awaitNewChildren_minted._simp_1_211	[propext]
Effect4.Machine.withFiber_awaitNewChildren_minted._simp_1_212	[propext]
Effect4.Machine.withFiber_cancelRace_minted	[propext, Quot.sound]
Effect4.Machine.withFiber_cancelRace_minted._simp_1_102	[propext]
Effect4.Machine.withFiber_cancelRace_minted._simp_1_103	[propext]
Effect4.Machine.withFiber_cancelRace_minted._simp_1_104	[propext]
Effect4.Machine.withFiber_cancelRace_minted._simp_1_105	[propext]
Effect4.Machine.withFiber_cancelRace_minted._simp_1_106	[propext]
Effect4.Machine.withFiber_cancelRace_minted._simp_1_107	[propext]
Effect4.Machine.withFiber_closePar_minted	[propext, Quot.sound]
Effect4.Machine.withFiber_closePar_minted._simp_1_101	[propext]
Effect4.Machine.withFiber_closePar_minted._simp_1_102	[propext]
Effect4.Machine.withFiber_closePar_minted._simp_1_103	[propext]
Effect4.Machine.withFiber_closePar_minted._simp_1_104	[propext]
Effect4.Machine.withFiber_closePar_minted._simp_1_105	[propext]
Effect4.Machine.withFiber_closePar_minted._simp_1_106	[propext]
Effect4.Machine.withFiber_closeScope_minted	[propext, Quot.sound]
Effect4.Machine.withFiber_closeScope_minted._simp_1_102	[propext]
Effect4.Machine.withFiber_closeScope_minted._simp_1_103	[propext]
Effect4.Machine.withFiber_closeScope_minted._simp_1_104	[propext]
Effect4.Machine.withFiber_closeScope_minted._simp_1_105	[propext]
Effect4.Machine.withFiber_closeScope_minted._simp_1_106	[propext]
Effect4.Machine.withFiber_closeScope_minted._simp_1_107	[propext]
Effect4.Machine.withFiber_dropObservers_minted	[propext, Quot.sound]
Effect4.Machine.withFiber_dropObservers_minted._simp_1_103	[propext]
Effect4.Machine.withFiber_dropObservers_minted._simp_1_104	[propext]
Effect4.Machine.withFiber_dropObservers_minted._simp_1_105	[propext]
Effect4.Machine.withFiber_dropObservers_minted._simp_1_106	[propext]
Effect4.Machine.withFiber_dropObservers_minted._simp_1_107	[propext]
Effect4.Machine.withFiber_dropObservers_minted._simp_1_108	[propext]
Effect4.Machine.withFiber_extends	[propext, Quot.sound]
Effect4.Machine.withFiber_forkIn_minted	[propext, Quot.sound]
Effect4.Machine.withFiber_forkIn_minted._simp_1_101	[propext]
Effect4.Machine.withFiber_forkIn_minted._simp_1_102	[propext]
Effect4.Machine.withFiber_forkIn_minted._simp_1_103	[propext]
Effect4.Machine.withFiber_forkIn_minted._simp_1_104	[propext]
Effect4.Machine.withFiber_forkIn_minted._simp_1_105	[propext]
Effect4.Machine.withFiber_forkIn_minted._simp_1_106	[propext]
Effect4.Machine.withFiber_forkScoped_minted	[propext, Quot.sound]
Effect4.Machine.withFiber_forkScoped_minted._simp_1_102	[propext]
Effect4.Machine.withFiber_forkScoped_minted._simp_1_103	[propext]
Effect4.Machine.withFiber_forkScoped_minted._simp_1_104	[propext]
Effect4.Machine.withFiber_forkScoped_minted._simp_1_105	[propext]
Effect4.Machine.withFiber_forkScoped_minted._simp_1_106	[propext]
Effect4.Machine.withFiber_forkScoped_minted._simp_1_107	[propext]
Effect4.Machine.withFiber_fork_minted	[propext, Quot.sound]
Effect4.Machine.withFiber_fork_minted._simp_1_102	[propext]
Effect4.Machine.withFiber_fork_minted._simp_1_103	[propext]
Effect4.Machine.withFiber_fork_minted._simp_1_104	[propext]
Effect4.Machine.withFiber_fork_minted._simp_1_105	[propext]
Effect4.Machine.withFiber_fork_minted._simp_1_106	[propext]
Effect4.Machine.withFiber_fork_minted._simp_1_107	[propext]
Effect4.Machine.withFiber_getContext_minted	[propext, Quot.sound]
Effect4.Machine.withFiber_getContext_minted._simp_1_207	[propext]
Effect4.Machine.withFiber_getContext_minted._simp_1_208	[propext]
Effect4.Machine.withFiber_getContext_minted._simp_1_209	[propext]
Effect4.Machine.withFiber_getContext_minted._simp_1_210	[propext]
Effect4.Machine.withFiber_getContext_minted._simp_1_211	[propext]
Effect4.Machine.withFiber_getContext_minted._simp_1_212	[propext]
Effect4.Machine.withFiber_getId_minted	[propext, Quot.sound]
Effect4.Machine.withFiber_getId_minted._simp_1_101	[propext]
Effect4.Machine.withFiber_getId_minted._simp_1_102	[propext]
Effect4.Machine.withFiber_getId_minted._simp_1_103	[propext]
Effect4.Machine.withFiber_getId_minted._simp_1_104	[propext]
Effect4.Machine.withFiber_getId_minted._simp_1_105	[propext]
Effect4.Machine.withFiber_getId_minted._simp_1_106	[propext]
Effect4.Machine.withFiber_interruptAll_minted	[propext, Quot.sound]
Effect4.Machine.withFiber_interruptAll_minted._simp_1_105	[propext]
Effect4.Machine.withFiber_interruptAll_minted._simp_1_106	[propext]
Effect4.Machine.withFiber_interruptAll_minted._simp_1_107	[propext]
Effect4.Machine.withFiber_interruptAll_minted._simp_1_108	[propext]
Effect4.Machine.withFiber_interruptAll_minted._simp_1_109	[propext]
Effect4.Machine.withFiber_interruptAll_minted._simp_1_110	[propext]
Effect4.Machine.withFiber_interruptAs_minted	[propext, Quot.sound]
Effect4.Machine.withFiber_interruptAs_minted._simp_1_101	[propext]
Effect4.Machine.withFiber_interruptAs_minted._simp_1_102	[propext]
Effect4.Machine.withFiber_interruptAs_minted._simp_1_103	[propext]
Effect4.Machine.withFiber_interruptAs_minted._simp_1_104	[propext]
Effect4.Machine.withFiber_interruptAs_minted._simp_1_105	[propext]
Effect4.Machine.withFiber_interruptAs_minted._simp_1_106	[propext]
Effect4.Machine.withFiber_interruptScoped_minted	[propext, Quot.sound]
Effect4.Machine.withFiber_interruptScoped_minted._simp_1_101	[propext]
Effect4.Machine.withFiber_interruptScoped_minted._simp_1_102	[propext]
Effect4.Machine.withFiber_interruptScoped_minted._simp_1_103	[propext]
Effect4.Machine.withFiber_interruptScoped_minted._simp_1_104	[propext]
Effect4.Machine.withFiber_interruptScoped_minted._simp_1_105	[propext]
Effect4.Machine.withFiber_interruptScoped_minted._simp_1_106	[propext]
Effect4.Machine.withFiber_interrupt_minted	[propext, Quot.sound]
Effect4.Machine.withFiber_interrupt_minted._simp_1_101	[propext]
Effect4.Machine.withFiber_interrupt_minted._simp_1_102	[propext]
Effect4.Machine.withFiber_interrupt_minted._simp_1_103	[propext]
Effect4.Machine.withFiber_interrupt_minted._simp_1_104	[propext]
Effect4.Machine.withFiber_interrupt_minted._simp_1_105	[propext]
Effect4.Machine.withFiber_interrupt_minted._simp_1_106	[propext]
Effect4.Machine.withFiber_minted	[propext, Quot.sound]
Effect4.Machine.withFiber_raceAll_minted	[propext, Quot.sound]
Effect4.Machine.withFiber_raceAll_minted._simp_1_106	[propext]
Effect4.Machine.withFiber_raceAll_minted._simp_1_107	[propext]
Effect4.Machine.withFiber_raceAll_minted._simp_1_108	[propext]
Effect4.Machine.withFiber_raceAll_minted._simp_1_109	[propext]
Effect4.Machine.withFiber_raceAll_minted._simp_1_110	[propext]
Effect4.Machine.withFiber_raceAll_minted._simp_1_111	[propext]
Effect4.Machine.withFiber_refuse_minted	[propext, Quot.sound]
Effect4.Machine.withFiber_refuse_minted._simp_1_101	[propext]
Effect4.Machine.withFiber_refuse_minted._simp_1_102	[propext]
Effect4.Machine.withFiber_refuse_minted._simp_1_103	[propext]
Effect4.Machine.withFiber_refuse_minted._simp_1_104	[propext]
Effect4.Machine.withFiber_refuse_minted._simp_1_105	[propext]
Effect4.Machine.withFiber_refuse_minted._simp_1_106	[propext]
Effect4.Machine.withFiber_runIn_minted	[propext, Quot.sound]
Effect4.Machine.withFiber_runIn_minted._simp_1_102	[propext]
Effect4.Machine.withFiber_runIn_minted._simp_1_103	[propext]
Effect4.Machine.withFiber_runIn_minted._simp_1_104	[propext]
Effect4.Machine.withFiber_runIn_minted._simp_1_105	[propext]
Effect4.Machine.withFiber_runIn_minted._simp_1_106	[propext]
Effect4.Machine.withFiber_runIn_minted._simp_1_107	[propext]
Effect4.Machine.withFiber_setContext_minted	[propext, Quot.sound]
Effect4.Machine.withFiber_setContext_minted._simp_1_102	[propext]
Effect4.Machine.withFiber_setContext_minted._simp_1_103	[propext]
Effect4.Machine.withFiber_setContext_minted._simp_1_104	[propext]
Effect4.Machine.withFiber_setContext_minted._simp_1_105	[propext]
Effect4.Machine.withFiber_setContext_minted._simp_1_106	[propext]
Effect4.Machine.withFiber_setContext_minted._simp_1_107	[propext]
Effect4.Machine.withFiber_setInterruptible_minted	[propext, Quot.sound]
Effect4.Machine.withFiber_setInterruptible_minted._simp_1_101	[propext]
Effect4.Machine.withFiber_setInterruptible_minted._simp_1_102	[propext]
Effect4.Machine.withFiber_setInterruptible_minted._simp_1_103	[propext]
Effect4.Machine.withFiber_setInterruptible_minted._simp_1_104	[propext]
Effect4.Machine.withFiber_setInterruptible_minted._simp_1_105	[propext]
Effect4.Machine.withFiber_setInterruptible_minted._simp_1_106	[propext]
Effect4.Machine.withFiber_snapshotChildren_minted	[propext, Quot.sound]
Effect4.Machine.withFiber_snapshotChildren_minted._simp_1_207	[propext]
Effect4.Machine.withFiber_snapshotChildren_minted._simp_1_208	[propext]
Effect4.Machine.withFiber_snapshotChildren_minted._simp_1_209	[propext]
Effect4.Machine.withFiber_snapshotChildren_minted._simp_1_210	[propext]
Effect4.Machine.withFiber_snapshotChildren_minted._simp_1_211	[propext]
Effect4.Machine.withFiber_snapshotChildren_minted._simp_1_212	[propext]
Effect4.Machine.world_arm	[]
Effect4.Machine.world_disarm	[]
Effect4.Machine.world_emit	[]
Effect4.Machine.world_eq_of_fields	[]
Effect4.Machine.world_fibers_append	[propext]
Effect4.Machine.world_halt	[]
Effect4.Machine.world_map_observers	[propext]
Effect4.Machine.world_modify	[propext, Quot.sound]
Effect4.Machine.world_update	[propext, Quot.sound]
Effect4.Machine.world_updateRace	[]
Effect4.Prim.answerOf.eq_1	[]
Effect4.Prim.answerOf.eq_2	[]
Effect4.Prim.answerOf_arm	[propext]
Effect4.Prim.answerOf_frame_eq	[propext]
Effect4.Prim.answerOf_missing	[propext]
Effect4.Prim.answerOf_replacement	[]
Effect4.Prim.armA.eq_1	[]
Effect4.Prim.armA.eq_10	[]
Effect4.Prim.armA.eq_11	[]
Effect4.Prim.armA.eq_12	[]
Effect4.Prim.armA.eq_13	[]
Effect4.Prim.armA.eq_14	[]
Effect4.Prim.armA.eq_15	[]
Effect4.Prim.armA.eq_16	[]
Effect4.Prim.armA.eq_17	[]
Effect4.Prim.armA.eq_18	[]
Effect4.Prim.armA.eq_2	[]
Effect4.Prim.armA.eq_3	[]
Effect4.Prim.armA.eq_4	[]
Effect4.Prim.armA.eq_5	[]
Effect4.Prim.armA.eq_6	[]
Effect4.Prim.armA.eq_7	[]
Effect4.Prim.armA.eq_8	[]
Effect4.Prim.armA.eq_9	[]
Effect4.Prim.armA_asyncFinalizer_none	[]
Effect4.Prim.armA_exitFrame_none	[]
Effect4.Prim.armA_exitFrame_provided	[]
Effect4.Prim.armA_isSome	[propext]
Effect4.Prim.armA_iterator_done	[propext]
Effect4.Prim.armA_iterator_halt	[propext]
Effect4.Prim.armA_iterator_resume	[propext]
Effect4.Prim.armA_onExit	[]
Effect4.Prim.armA_onFailure_none	[]
Effect4.Prim.armA_onSuccess	[]
Effect4.Prim.armA_onSuccessAndFailure	[]
Effect4.Prim.armA_onSuccessConst	[]
Effect4.Prim.armA_setInterruptible_none	[]
Effect4.Prim.armA_whileLoop_continue	[propext]
Effect4.Prim.armA_whileLoop_stop	[propext]
Effect4.Prim.armE.eq_1	[]
Effect4.Prim.armE.eq_10	[]
Effect4.Prim.armE.eq_11	[]
Effect4.Prim.armE.eq_12	[]
Effect4.Prim.armE.eq_13	[]
Effect4.Prim.armE.eq_14	[]
Effect4.Prim.armE.eq_15	[]
Effect4.Prim.armE.eq_16	[]
Effect4.Prim.armE.eq_17	[]
Effect4.Prim.armE.eq_18	[]
Effect4.Prim.armE.eq_2	[]
Effect4.Prim.armE.eq_3	[]
Effect4.Prim.armE.eq_4	[]
Effect4.Prim.armE.eq_5	[]
Effect4.Prim.armE.eq_6	[]
Effect4.Prim.armE.eq_7	[]
Effect4.Prim.armE.eq_8	[]
Effect4.Prim.armE.eq_9	[]
Effect4.Prim.armE_asyncFinalizer_interrupt	[propext]
Effect4.Prim.armE_asyncFinalizer_no_interrupt	[propext]
Effect4.Prim.armE_asyncFinalizer_pushes_nothing	[]
Effect4.Prim.armE_exitFrame_none	[]
Effect4.Prim.armE_exitFrame_provided	[]
Effect4.Prim.armE_isSome	[]
Effect4.Prim.armE_iterator_none	[]
Effect4.Prim.armE_onExit	[]
Effect4.Prim.armE_onFailure	[]
Effect4.Prim.armE_onSuccessAndFailure	[]
Effect4.Prim.armE_onSuccessConst_none	[]
Effect4.Prim.armE_onSuccess_none	[]
Effect4.Prim.armE_setInterruptible_none	[]
Effect4.Prim.armE_whileLoop_none	[]
Effect4.Prim.arms.eq_1	[]
Effect4.Prim.arms.eq_10	[]
Effect4.Prim.arms.eq_11	[]
Effect4.Prim.arms.eq_12	[]
Effect4.Prim.arms.eq_13	[]
Effect4.Prim.arms.eq_14	[]
Effect4.Prim.arms.eq_15	[]
Effect4.Prim.arms.eq_16	[]
Effect4.Prim.arms.eq_17	[]
Effect4.Prim.arms.eq_18	[]
Effect4.Prim.arms.eq_2	[]
Effect4.Prim.arms.eq_3	[]
Effect4.Prim.arms.eq_4	[]
Effect4.Prim.arms.eq_5	[]
Effect4.Prim.arms.eq_6	[]
Effect4.Prim.arms.eq_7	[]
Effect4.Prim.arms.eq_8	[]
Effect4.Prim.arms.eq_9	[]
Effect4.Prim.arms_asyncFinalizer	[]
Effect4.Prim.arms_exitFrame	[]
Effect4.Prim.arms_iterator	[]
Effect4.Prim.arms_onExit	[]
Effect4.Prim.arms_onFailure	[]
Effect4.Prim.arms_onSuccess	[]
Effect4.Prim.arms_onSuccessAndFailure	[]
Effect4.Prim.arms_onSuccessConst	[]
Effect4.Prim.arms_setInterruptible	[]
Effect4.Prim.arms_whileLoop	[]
Effect4.Prim.asExit?.eq_1	[]
Effect4.Prim.asExit?.eq_10	[]
Effect4.Prim.asExit?.eq_11	[]
Effect4.Prim.asExit?.eq_12	[]
Effect4.Prim.asExit?.eq_13	[]
Effect4.Prim.asExit?.eq_14	[]
Effect4.Prim.asExit?.eq_15	[]
Effect4.Prim.asExit?.eq_16	[]
Effect4.Prim.asExit?.eq_17	[]
Effect4.Prim.asExit?.eq_18	[]
Effect4.Prim.asExit?.eq_2	[]
Effect4.Prim.asExit?.eq_3	[]
Effect4.Prim.asExit?.eq_4	[]
Effect4.Prim.asExit?.eq_5	[]
Effect4.Prim.asExit?.eq_6	[]
Effect4.Prim.asExit?.eq_7	[]
Effect4.Prim.asExit?.eq_8	[]
Effect4.Prim.asExit?.eq_9	[]
Effect4.Prim.asExit?_eq_some	[propext]
Effect4.Prim.asExit?_failure	[]
Effect4.Prim.asExit?_success	[]
Effect4.Prim.async.inj	[]
Effect4.Prim.async.injEq	[propext]
Effect4.Prim.async.sizeOf_spec	[]
Effect4.Prim.asyncFinalizer.inj	[]
Effect4.Prim.asyncFinalizer.injEq	[propext]
Effect4.Prim.asyncFinalizer.sizeOf_spec	[]
Effect4.Prim.brecOn.eq	[]
Effect4.Prim.cases_receipt	[]
Effect4.Prim.ensure.eq_1	[]
Effect4.Prim.ensure.eq_10	[]
Effect4.Prim.ensure.eq_11	[]
Effect4.Prim.ensure.eq_12	[]
Effect4.Prim.ensure.eq_13	[]
Effect4.Prim.ensure.eq_14	[]
Effect4.Prim.ensure.eq_15	[]
Effect4.Prim.ensure.eq_16	[]
Effect4.Prim.ensure.eq_17	[]
Effect4.Prim.ensure.eq_18	[]
Effect4.Prim.ensure.eq_2	[]
Effect4.Prim.ensure.eq_3	[]
Effect4.Prim.ensure.eq_4	[]
Effect4.Prim.ensure.eq_5	[]
Effect4.Prim.ensure.eq_6	[]
Effect4.Prim.ensure.eq_7	[]
Effect4.Prim.ensure.eq_8	[]
Effect4.Prim.ensure.eq_9	[]
Effect4.Prim.ensure_asyncFinalizer_already_masked	[propext]
Effect4.Prim.ensure_asyncFinalizer_masks	[propext]
Effect4.Prim.ensure_asyncFinalizer_no_replacement	[]
Effect4.Prim.ensure_of_no_contAll	[]
Effect4.Prim.ensure_onExit_already_masked	[propext]
Effect4.Prim.ensure_onExit_masks	[propext]
Effect4.Prim.ensure_onExit_no_replacement	[propext]
Effect4.Prim.ensure_onExit_told_not_to	[propext]
Effect4.Prim.ensure_onSuccessConst	[]
Effect4.Prim.ensure_setInterruptible_false_no_replacement	[propext]
Effect4.Prim.ensure_setInterruptible_flag	[propext]
Effect4.Prim.ensure_setInterruptible_no_pending	[propext]
Effect4.Prim.ensure_setInterruptible_stack	[propext]
Effect4.Prim.ensure_setInterruptible_substitutes	[propext]
Effect4.Prim.exitFrame.inj	[]
Effect4.Prim.exitFrame.injEq	[propext]
Effect4.Prim.exitFrame.sizeOf_spec	[]
Effect4.Prim.failure.inj	[]
Effect4.Prim.failure.injEq	[propext]
Effect4.Prim.failure.sizeOf_spec	[]
Effect4.Prim.finalizerEvents.eq_1	[]
Effect4.Prim.finalizerEvents.eq_10	[]
Effect4.Prim.finalizerEvents.eq_11	[]
Effect4.Prim.finalizerEvents.eq_12	[]
Effect4.Prim.finalizerEvents.eq_13	[]
Effect4.Prim.finalizerEvents.eq_14	[]
Effect4.Prim.finalizerEvents.eq_15	[]
Effect4.Prim.finalizerEvents.eq_16	[]
Effect4.Prim.finalizerEvents.eq_17	[]
Effect4.Prim.finalizerEvents.eq_18	[]
Effect4.Prim.finalizerEvents.eq_2	[]
Effect4.Prim.finalizerEvents.eq_3	[]
Effect4.Prim.finalizerEvents.eq_4	[]
Effect4.Prim.finalizerEvents.eq_5	[]
Effect4.Prim.finalizerEvents.eq_6	[]
Effect4.Prim.finalizerEvents.eq_7	[]
Effect4.Prim.finalizerEvents.eq_8	[]
Effect4.Prim.finalizerEvents.eq_9	[]
Effect4.Prim.finalizerEvents_onExit	[]
Effect4.Prim.finalizerEvents_onFailure	[]
Effect4.Prim.finalizerEvents_onSuccess	[]
Effect4.Prim.hasArm.eq_1	[]
Effect4.Prim.hasArm_asyncFinalizer_contA_false	[]
Effect4.Prim.hasArm_eq	[]
Effect4.Prim.isFrame.eq_1	[]
Effect4.Prim.isFrame_eq	[]
Effect4.Prim.isFrame_iff	[propext]
Effect4.Prim.iterator.inj	[]
Effect4.Prim.iterator.injEq	[propext]
Effect4.Prim.iterator.sizeOf_spec	[]
Effect4.Prim.iteratorFolded_eq	[]
Effect4.Prim.iterator_folds_inline	[propext]
Effect4.Prim.non_frames_have_no_arms	[]
Effect4.Prim.ofExit.eq_1	[]
Effect4.Prim.ofExit.eq_2	[]
Effect4.Prim.ofExit_asExit?	[]
Effect4.Prim.ofExit_isFrame	[]
Effect4.Prim.onExit.inj	[]
Effect4.Prim.onExit.injEq	[propext]
Effect4.Prim.onExit.sizeOf_spec	[]
Effect4.Prim.onExit_arm_is_per_frame	[]
Effect4.Prim.onExit_finalizer_failure_merges	[]
Effect4.Prim.onExit_finalizer_success_restores	[]
Effect4.Prim.onExit_success_finalizer_failure	[]
Effect4.Prim.onFailure.inj	[]
Effect4.Prim.onFailure.injEq	[propext]
Effect4.Prim.onFailure.sizeOf_spec	[]
Effect4.Prim.onFailure_arm_is_per_instance	[]
Effect4.Prim.onSuccess.inj	[]
Effect4.Prim.onSuccess.injEq	[propext]
Effect4.Prim.onSuccess.sizeOf_spec	[]
Effect4.Prim.onSuccessAndFailure.inj	[]
Effect4.Prim.onSuccessAndFailure.injEq	[propext]
Effect4.Prim.onSuccessAndFailure.sizeOf_spec	[]
Effect4.Prim.onSuccessAndFailure_arms_are_per_instance	[]
Effect4.Prim.onSuccessConst.inj	[]
Effect4.Prim.onSuccessConst.injEq	[propext]
Effect4.Prim.onSuccessConst.sizeOf_spec	[]
Effect4.Prim.onSuccess_arm_is_per_instance	[]
Effect4.Prim.passEvents._sparseCasesOn_1.else_eq	[propext]
Effect4.Prim.passEvents._sparseCasesOn_2.else_eq	[propext]
Effect4.Prim.passEvents.eq_1	[propext]
Effect4.Prim.passEvents.eq_2	[propext]
Effect4.Prim.scopedFrame_eq	[]
Effect4.Prim.scopedFrame_finalizer_masked	[propext]
Effect4.Prim.setInterruptible.inj	[]
Effect4.Prim.setInterruptible.injEq	[propext]
Effect4.Prim.setInterruptible.sizeOf_spec	[]
Effect4.Prim.success.inj	[]
Effect4.Prim.success.injEq	[propext]
Effect4.Prim.success.sizeOf_spec	[]
Effect4.Prim.suspend.inj	[]
Effect4.Prim.suspend.injEq	[propext]
Effect4.Prim.suspend.sizeOf_spec	[]
Effect4.Prim.sync.inj	[]
Effect4.Prim.sync.injEq	[propext]
Effect4.Prim.sync.sizeOf_spec	[]
Effect4.Prim.whileLoop.inj	[]
Effect4.Prim.whileLoop.injEq	[propext]
Effect4.Prim.whileLoop.sizeOf_spec	[]
Effect4.Prim.withFiber.inj	[]
Effect4.Prim.withFiber.injEq	[propext]
Effect4.Prim.withFiber.sizeOf_spec	[]
Effect4.Prim.withFiber_refused	[]
Effect4.Prim.yieldNowWith.inj	[]
Effect4.Prim.yieldNowWith.injEq	[propext]
Effect4.Prim.yieldNowWith.sizeOf_spec	[]
Effect4.Prim.yieldableError.inj	[]
Effect4.Prim.yieldableError.injEq	[propext]
Effect4.Prim.yieldableError.sizeOf_spec	[]
Effect4.Prim.yieldableError_host_class_refused	[]
Effect4.PrimInterp.mk.inj	[]
Effect4.PrimInterp.mk.injEq	[propext]
Effect4.PrimInterp.mk.sizeOf_spec	[]
Effect4.Program.Agreement.DeferredStore.cancel_quiet	[propext]
Effect4.Program.Agreement.DeferredStore.complete_quiet	[propext, Quot.sound]
Effect4.Program.Agreement.DeferredStore.make_quiet	[propext]
Effect4.Program.Agreement.DeferredStore.make_quiet._simp_1_2	[propext]
Effect4.Program.Agreement.DeferredStore.make_quiet._simp_1_3	[propext]
Effect4.Program.Agreement.LocalStep.finished.inj	[]
Effect4.Program.Agreement.LocalStep.finished.injEq	[propext]
Effect4.Program.Agreement.LocalStep.finished.sizeOf_spec	[]
Effect4.Program.Agreement.LocalStep.running.inj	[]
Effect4.Program.Agreement.LocalStep.running.injEq	[propext]
Effect4.Program.Agreement.LocalStep.running.sizeOf_spec	[]
Effect4.Program.Agreement.M.eq_1	[propext]
Effect4.Program.Agreement.M1Origin.withFiberOf_forkLayer	[propext, Quot.sound]
Effect4.Program.Agreement.M1Origin.withFiberOf_forkLayer.checked	[propext, Quot.sound]
Effect4.Program.Agreement.M1Quiet.complete_quiet	[propext]
Effect4.Program.Agreement.M1Quiet.complete_quiet.checked	[propext, Quot.sound]
Effect4.Program.Agreement.M_completedExits	[propext]
Effect4.Program.Agreement.M_emit	[propext]
Effect4.Program.Agreement.M_fiber?	[propext]
Effect4.Program.Agreement.M_middleware	[propext]
Effect4.Program.Agreement.M_state	[propext]
Effect4.Program.Agreement.M_stuck	[propext]
Effect4.Program.Agreement.M_update	[propext]
Effect4.Program.Agreement.Mexit_armed	[propext, Quot.sound]
Effect4.Program.Agreement.Mexit_exit	[propext, Quot.sound]
Effect4.Program.Agreement.Mexit_finished	[propext, Quot.sound]
Effect4.Program.Agreement.Mexit_state	[propext, Quot.sound]
Effect4.Program.Agreement.Mexit_stuck	[propext, Quot.sound]
Effect4.Program.Agreement.Myield.eq_1	[propext]
Effect4.Program.Agreement.Myield_armed	[propext]
Effect4.Program.Agreement.Myield_completedExits	[propext]
Effect4.Program.Agreement.Myield_fiber?	[propext]
Effect4.Program.Agreement.Myield_state	[propext]
Effect4.Program.Agreement.Myield_stuck	[propext]
Effect4.Program.Agreement.Node.at_append	[propext]
Effect4.Program.Agreement.NodePlain._sparseCasesOn_1.else_eq	[propext]
Effect4.Program.Agreement.NodePlain.eq_1	[propext]
Effect4.Program.Agreement.NodePlain.eq_2	[propext]
Effect4.Program.Agreement.Owes.finish	[propext, Quot.sound]
Effect4.Program.Agreement.Owes.finish._proof_1_1	[propext, Quot.sound]
Effect4.Program.Agreement.Owes.step	[propext, Quot.sound]
Effect4.Program.Agreement.Owes.step._proof_1_1	[propext, Quot.sound]
Effect4.Program.Agreement.Owes.step._proof_1_2	[propext, Quot.sound]
Effect4.Program.Agreement.Owes.step._proof_1_3	[propext, Quot.sound]
Effect4.Program.Agreement.Owes.step._proof_1_4	[propext, Quot.sound]
Effect4.Program.Agreement.Owes.yield	[propext, Quot.sound]
Effect4.Program.Agreement.Owes.yield._proof_1_1	[propext, Quot.sound]
Effect4.Program.Agreement.Owes.yield._proof_1_2	[propext, Quot.sound]
Effect4.Program.Agreement.PlainCode._sparseCasesOn_1.else_eq	[propext]
Effect4.Program.Agreement.PlainCode._sparseCasesOn_2.else_eq	[propext]
Effect4.Program.Agreement.PlainCode._sparseCasesOn_3.else_eq	[propext]
Effect4.Program.Agreement.PlainCode._sparseCasesOn_4.else_eq	[propext]
Effect4.Program.Agreement.PlainCode._sparseCasesOn_5.else_eq	[propext]
Effect4.Program.Agreement.PlainCode._sparseCasesOn_6.else_eq	[propext]
Effect4.Program.Agreement.PlainCode.eq_1	[propext]
Effect4.Program.Agreement.PlainCode.eq_10	[propext]
Effect4.Program.Agreement.PlainCode.eq_11	[propext]
Effect4.Program.Agreement.PlainCode.eq_12	[propext]
Effect4.Program.Agreement.PlainCode.eq_13	[propext]
Effect4.Program.Agreement.PlainCode.eq_2	[propext]
Effect4.Program.Agreement.PlainCode.eq_3	[propext]
Effect4.Program.Agreement.PlainCode.eq_4	[propext]
Effect4.Program.Agreement.PlainCode.eq_5	[propext]
Effect4.Program.Agreement.PlainCode.eq_6	[propext]
Effect4.Program.Agreement.PlainCode.eq_7	[propext]
Effect4.Program.Agreement.PlainCode.eq_8	[propext]
Effect4.Program.Agreement.PlainCode.eq_9	[propext]
Effect4.Program.Agreement.PlainCode.eq_def	[propext]
Effect4.Program.Agreement.PlainFrame._sparseCasesOn_1.else_eq	[propext]
Effect4.Program.Agreement.PlainFrame._sparseCasesOn_2.else_eq	[propext]
Effect4.Program.Agreement.PlainFrame.eq_1	[propext]
Effect4.Program.Agreement.PlainFrame.eq_2	[propext]
Effect4.Program.Agreement.PlainFrame.eq_3	[propext]
Effect4.Program.Agreement.PlainFrame.eq_4	[propext]
Effect4.Program.Agreement.PlainFrame.eq_5	[propext]
Effect4.Program.Agreement.PlainFrame.eq_6	[propext]
Effect4.Program.Agreement.PlainFrame.eq_7	[propext]
Effect4.Program.Agreement.PlainFrame.eq_8	[propext]
Effect4.Program.Agreement.PlainName._sparseCasesOn_1.else_eq	[propext]
Effect4.Program.Agreement.PlainName.eq_1	[propext]
Effect4.Program.Agreement.PlainName.eq_2	[propext]
Effect4.Program.Agreement.PlainName.eq_3	[propext]
Effect4.Program.Agreement.PlainName.eq_4	[propext]
Effect4.Program.Agreement.PlainName.eq_5	[propext]
Effect4.Program.Agreement.PlainName.eq_6	[propext]
Effect4.Program.Agreement.PlainName.eq_7	[propext]
Effect4.Program.Agreement.PlainName.eq_8	[propext]
Effect4.Program.Agreement.PlainStack.cons	[propext]
Effect4.Program.Agreement.PlainStack.head	[propext]
Effect4.Program.Agreement.PlainStack.mask	[propext]
Effect4.Program.Agreement.PlainStack.nil	[propext]
Effect4.Program.Agreement.PlainStack.tail	[propext]
Effect4.Program.Agreement.Point.childWith_env	[]
Effect4.Program.Agreement.Point.child_env	[]
Effect4.Program.Agreement.Quiet.empty	[propext]
Effect4.Program.Agreement.Quiet.of_deferreds_eq	[]
Effect4.Program.Agreement.Reaches.refl	[propext, Quot.sound]
Effect4.Program.Agreement.Reaches.same	[propext, Quot.sound]
Effect4.Program.Agreement.Reaches.step	[propext, Quot.sound]
Effect4.Program.Agreement.Reaches.trans	[propext, Quot.sound]
Effect4.Program.Agreement.StepShape._sparseCasesOn_1.else_eq	[propext]
Effect4.Program.Agreement.StepShape.eq_1	[propext]
Effect4.Program.Agreement.StepShape.eq_2	[propext]
Effect4.Program.Agreement.StepShape.eq_3	[propext]
Effect4.Program.Agreement.StepShape.eq_4	[propext]
Effect4.Program.Agreement.StepShape.eq_5	[propext]
Effect4.Program.Agreement.StepShape.eq_6	[propext]
Effect4.Program.Agreement.StepShape.eq_7	[propext]
Effect4.Program.Agreement.StepShape.eq_8	[propext]
Effect4.Program.Agreement.StepShape.eq_9	[propext]
Effect4.Program.Agreement.addCurrentMemoMapK_context	[propext, Quot.sound]
Effect4.Program.Agreement.armA_whileLoop	[propext, Quot.sound]
Effect4.Program.Agreement.at_child	[propext]
Effect4.Program.Agreement.at_childWith	[propext]
Effect4.Program.Agreement.badShape_eq	[]
Effect4.Program.Agreement.bindServiceK_none	[propext, Quot.sound]
Effect4.Program.Agreement.bindServiceK_some	[propext, Quot.sound]
Effect4.Program.Agreement.buildWithScopeK_context	[propext]
Effect4.Program.Agreement.child_plain	[propext]
Effect4.Program.Agreement.cmdOf.eq_1	[]
Effect4.Program.Agreement.cmdOf.eq_2	[]
Effect4.Program.Agreement.combineWithK_provide	[propext, Quot.sound]
Effect4.Program.Agreement.combineWithK_provideMerge	[propext, Quot.sound]
Effect4.Program.Agreement.compileEff_acquireRelease	[propext]
Effect4.Program.Agreement.compileEff_at_zero	[propext]
Effect4.Program.Agreement.compileEff_awaitFiber	[propext]
Effect4.Program.Agreement.compileEff_awaitFiber._sparseCasesOn_3.else_eq	[propext]
Effect4.Program.Agreement.compileEff_awaitFiber._sparseCasesOn_4.else_eq	[propext]
Effect4.Program.Agreement.compileEff_bind	[propext]
Effect4.Program.Agreement.compileEff_catchCause	[propext]
Effect4.Program.Agreement.compileEff_catchIf	[propext]
Effect4.Program.Agreement.compileEff_exit	[propext]
Effect4.Program.Agreement.compileEff_exit_fold	[propext]
Effect4.Program.Agreement.compileEff_exit_frame	[propext]
Effect4.Program.Agreement.compileEff_fail	[propext]
Effect4.Program.Agreement.compileEff_failCause	[propext]
Effect4.Program.Agreement.compileEff_forkScoped	[propext]
Effect4.Program.Agreement.compileEff_gen	[propext]
Effect4.Program.Agreement.compileEff_interruptible	[propext]
Effect4.Program.Agreement.compileEff_iterate	[propext]
Effect4.Program.Agreement.compileEff_matchCause	[propext]
Effect4.Program.Agreement.compileEff_onExit	[propext]
Effect4.Program.Agreement.compileEff_perform	[propext]
Effect4.Program.Agreement.compileEff_perform_sync	[propext]
Effect4.Program.Agreement.compileEff_provideLayer	[propext]
Effect4.Program.Agreement.compileEff_provideService	[propext]
Effect4.Program.Agreement.compileEff_scoped	[propext]
Effect4.Program.Agreement.compileEff_select	[propext]
Effect4.Program.Agreement.compileEff_service	[propext]
Effect4.Program.Agreement.compileEff_succeed	[propext]
Effect4.Program.Agreement.compileEff_suspend	[propext]
Effect4.Program.Agreement.compileEff_sync	[propext]
Effect4.Program.Agreement.compileEff_uninterruptible	[propext]
Effect4.Program.Agreement.compileEff_withFiber	[propext, Quot.sound]
Effect4.Program.Agreement.compileEff_yieldNow	[propext]
Effect4.Program.Agreement.compileEff_zero	[propext]
Effect4.Program.Agreement.compileLayer_effect	[propext, Quot.sound]
Effect4.Program.Agreement.compileLayer_effectDiscard	[propext, Quot.sound]
Effect4.Program.Agreement.compileLayer_fresh	[propext, Quot.sound]
Effect4.Program.Agreement.compileLayer_merge	[propext, Quot.sound]
Effect4.Program.Agreement.compileLayer_mergeAll	[propext, Quot.sound]
Effect4.Program.Agreement.compileLayer_orDie	[propext, Quot.sound]
Effect4.Program.Agreement.compileLayer_provide	[propext, Quot.sound]
Effect4.Program.Agreement.compileLayer_provideMerge	[propext, Quot.sound]
Effect4.Program.Agreement.compileLayer_ref	[propext, Quot.sound]
Effect4.Program.Agreement.compileLayer_succeed	[propext, Quot.sound]
Effect4.Program.Agreement.constructionAt_effect	[propext]
Effect4.Program.Agreement.constructionAt_effectDiscard	[propext]
Effect4.Program.Agreement.contAOf_acquireCtx	[propext, Quot.sound]
Effect4.Program.Agreement.contAOf_acquireIn_other	[propext, Quot.sound]
Effect4.Program.Agreement.contAOf_acquireIn_scope	[propext, Quot.sound]
Effect4.Program.Agreement.contAOf_acquired	[propext, Quot.sound]
Effect4.Program.Agreement.contAOf_addCurrentMemoMap	[propext, Quot.sound]
Effect4.Program.Agreement.contAOf_afterScopeAdd	[propext, Quot.sound]
Effect4.Program.Agreement.contAOf_awaitPromise	[propext, Quot.sound]
Effect4.Program.Agreement.contAOf_bindService	[propext, Quot.sound]
Effect4.Program.Agreement.contAOf_bodyThen	[propext, Quot.sound]
Effect4.Program.Agreement.contAOf_buildIntoLayerScope_other	[propext, Quot.sound]
Effect4.Program.Agreement.contAOf_buildIntoLayerScope_scope	[propext, Quot.sound]
Effect4.Program.Agreement.contAOf_buildWithScopeFromContext	[propext, Quot.sound]
Effect4.Program.Agreement.contAOf_combineWith	[propext, Quot.sound]
Effect4.Program.Agreement.contAOf_cont	[propext, Quot.sound]
Effect4.Program.Agreement.contAOf_forkScopedIn	[propext, Quot.sound]
Effect4.Program.Agreement.contAOf_forkScopedIn_other	[propext, Quot.sound]
Effect4.Program.Agreement.contAOf_freshThen_memoMap	[propext, Quot.sound]
Effect4.Program.Agreement.contAOf_freshThen_other	[propext, Quot.sound]
Effect4.Program.Agreement.contAOf_fromBuildThen_other	[propext, Quot.sound]
Effect4.Program.Agreement.contAOf_fromBuildThen_scope	[propext, Quot.sound]
Effect4.Program.Agreement.contAOf_memoize_hit	[propext, Quot.sound]
Effect4.Program.Agreement.contAOf_memoize_other	[propext, Quot.sound]
Effect4.Program.Agreement.contAOf_memoize_unit	[propext, Quot.sound]
Effect4.Program.Agreement.contAOf_mergeAllChildren_other	[propext, Quot.sound]
Effect4.Program.Agreement.contAOf_mergeAllChildren_scope	[propext, Quot.sound]
Effect4.Program.Agreement.contAOf_mergeAllForkNext_fiber	[propext, Quot.sound]
Effect4.Program.Agreement.contAOf_mergeAllForkNext_other	[propext, Quot.sound]
Effect4.Program.Agreement.contAOf_mergeAllForkOne_other	[propext, Quot.sound]
Effect4.Program.Agreement.contAOf_mergeAllForkOne_scope	[propext, Quot.sound]
Effect4.Program.Agreement.contAOf_mergeChildren_other	[propext, Quot.sound]
Effect4.Program.Agreement.contAOf_mergeChildren_scope	[propext, Quot.sound]
Effect4.Program.Agreement.contAOf_mergeContexts	[propext, Quot.sound]
Effect4.Program.Agreement.contAOf_mergeForkNext_fiber	[propext, Quot.sound]
Effect4.Program.Agreement.contAOf_mergeForkNext_other	[propext, Quot.sound]
Effect4.Program.Agreement.contAOf_mergeForkOne_other	[propext, Quot.sound]
Effect4.Program.Agreement.contAOf_mergeForkOne_scope	[propext, Quot.sound]
Effect4.Program.Agreement.contAOf_onValue	[propext, Quot.sound]
Effect4.Program.Agreement.contAOf_provideLayerBody	[propext, Quot.sound]
Effect4.Program.Agreement.contAOf_provideLayerWith_other	[propext, Quot.sound]
Effect4.Program.Agreement.contAOf_provideLayerWith_scope	[propext, Quot.sound]
Effect4.Program.Agreement.contAOf_provideThen	[propext, Quot.sound]
Effect4.Program.Agreement.contAOf_releaseBody	[propext, Quot.sound]
Effect4.Program.Agreement.contAOf_releaseUnder	[propext, Quot.sound]
Effect4.Program.Agreement.contAOf_restore	[propext, Quot.sound]
Effect4.Program.Agreement.contAOf_serviceLookup	[propext, Quot.sound]
Effect4.Program.Agreement.contAOf_thenBuildInto	[propext, Quot.sound]
Effect4.Program.Agreement.contAOf_updateThen	[propext, Quot.sound]
Effect4.Program.Agreement.contAOf_withMemoMapThen_memoMap	[propext, Quot.sound]
Effect4.Program.Agreement.contAOf_withMemoMapThen_other	[propext, Quot.sound]
Effect4.Program.Agreement.contEOf_caught	[propext]
Effect4.Program.Agreement.contEOf_merge	[propext]
Effect4.Program.Agreement.contEOf_onCause	[propext]
Effect4.Program.Agreement.contEOf_orDie	[propext]
Effect4.Program.Agreement.contextsOfList_contexts	[propext]
Effect4.Program.Agreement.currentMemoMapOf_addV	[propext, Quot.sound]
Effect4.Program.Agreement.currentMemoMapOf_empty	[propext]
Effect4.Program.Agreement.currentMemoMapOf_provideService	[propext, Quot.sound]
Effect4.Program.Agreement.depth._sparseCasesOn_1.else_eq	[propext]
Effect4.Program.Agreement.depth.eq_1	[propext]
Effect4.Program.Agreement.depth.eq_2	[propext]
Effect4.Program.Agreement.depth.eq_3	[propext]
Effect4.Program.Agreement.depth.eq_4	[propext]
Effect4.Program.Agreement.depth.eq_5	[propext]
Effect4.Program.Agreement.depth.eq_6	[propext]
Effect4.Program.Agreement.depth.eq_7	[propext]
Effect4.Program.Agreement.depth.eq_8	[propext]
Effect4.Program.Agreement.depth.eq_def	[propext]
Effect4.Program.Agreement.depth_pos	[propext, Quot.sound]
Effect4.Program.Agreement.drive_deliver_finish	[propext, Quot.sound]
Effect4.Program.Agreement.drive_deliver_running	[propext, Quot.sound]
Effect4.Program.Agreement.drive_drainDue	[propext, Quot.sound]
Effect4.Program.Agreement.drive_evaluate_load	[propext, Quot.sound]
Effect4.Program.Agreement.drive_finish_M	[propext, Quot.sound]
Effect4.Program.Agreement.drive_localRun	[propext, Quot.sound]
Effect4.Program.Agreement.drive_localRun._proof_1_21	[propext, Quot.sound]
Effect4.Program.Agreement.drive_localRun._proof_1_25	[propext, Quot.sound]
Effect4.Program.Agreement.drive_localRun._proof_1_3	[propext, Quot.sound]
Effect4.Program.Agreement.drive_localRun._proof_1_4	[propext, Quot.sound]
Effect4.Program.Agreement.drive_localRun._proof_1_5	[propext, Quot.sound]
Effect4.Program.Agreement.drive_localRun._proof_1_6	[propext, Quot.sound]
Effect4.Program.Agreement.drive_loop_finish	[propext, Quot.sound]
Effect4.Program.Agreement.drive_loop_finished	[propext, Quot.sound]
Effect4.Program.Agreement.drive_loop_running	[propext, Quot.sound]
Effect4.Program.Agreement.drive_loop_sync_op	[propext, Quot.sound]
Effect4.Program.Agreement.drive_loop_sync_op_none	[propext, Quot.sound]
Effect4.Program.Agreement.drive_loop_sync_pure	[propext, Quot.sound]
Effect4.Program.Agreement.drive_loop_yield	[propext, Quot.sound]
Effect4.Program.Agreement.drive_loop_yield._proof_1_1	[propext, Quot.sound]
Effect4.Program.Agreement.drive_nil	[propext, Quot.sound]
Effect4.Program.Agreement.dueResumes_quiet	[propext, Quot.sound]
Effect4.Program.Agreement.enterScoped_eq	[propext, Quot.sound]
Effect4.Program.Agreement.enter_plain	[propext]
Effect4.Program.Agreement.eq_sync_of_isSync	[propext]
Effect4.Program.Agreement.evaluateNative_of_finished	[propext, Quot.sound]
Effect4.Program.Agreement.evaluateNative_plain	[propext, Quot.sound]
Effect4.Program.Agreement.evaluatePrim_failure	[propext, Quot.sound]
Effect4.Program.Agreement.evaluatePrim_localStep	[propext, Quot.sound]
Effect4.Program.Agreement.evaluatePrim_stepShape	[propext, Quot.sound]
Effect4.Program.Agreement.evaluatePrim_success	[propext, Quot.sound]
Effect4.Program.Agreement.evaluatePrim_sync_op	[propext, Quot.sound]
Effect4.Program.Agreement.evaluatePrim_sync_op_none	[propext, Quot.sound]
Effect4.Program.Agreement.evaluatePrim_sync_pure	[propext, Quot.sound]
Effect4.Program.Agreement.exitFrom._sparseCasesOn_3.else_eq	[propext]
Effect4.Program.Agreement.exitFrom._sparseCasesOn_4.else_eq	[propext]
Effect4.Program.Agreement.exitFrom.eq_1	[propext, Quot.sound]
Effect4.Program.Agreement.exitFrom_ext	[propext, Quot.sound]
Effect4.Program.Agreement.exitFrom_finished_not_onExit	[propext, Quot.sound]
Effect4.Program.Agreement.exitFrom_finished_stores	[propext, Quot.sound]
Effect4.Program.Agreement.exitFrom_running_stores	[propext, Quot.sound]
Effect4.Program.Agreement.exitOfVal_reifyExitVal	[propext]
Effect4.Program.Agreement.exitScoped_eq_evaluatePrim	[propext, Quot.sound]
Effect4.Program.Agreement.exitScoped_restores	[propext, Quot.sound]
Effect4.Program.Agreement.fiberAt.eq_1	[propext]
Effect4.Program.Agreement.fiberAt_frame	[propext]
Effect4.Program.Agreement.fiberOf.eq_1	[]
Effect4.Program.Agreement.finalizerProgram_scopeClose	[propext, Quot.sound]
Effect4.Program.Agreement.fire_Myield	[propext, Quot.sound]
Effect4.Program.Agreement.fire_Myield_answer	[propext, Quot.sound]
Effect4.Program.Agreement.flushAll_Mexit	[propext, Quot.sound]
Effect4.Program.Agreement.flushAll_Myield	[propext, Quot.sound]
Effect4.Program.Agreement.flushAll_Myield._proof_1_10	[propext, Quot.sound]
Effect4.Program.Agreement.flushAll_Myield._proof_1_3	[propext, Quot.sound]
Effect4.Program.Agreement.flushAll_Myield._proof_1_7	[propext, Quot.sound]
Effect4.Program.Agreement.flushAll_Myield._proof_1_8	[propext, Quot.sound]
Effect4.Program.Agreement.flushAll_Myield._proof_1_9	[propext, Quot.sound]
Effect4.Program.Agreement.fuel_succ	[propext, Quot.sound]
Effect4.Program.Agreement.fuel_succ._proof_1_1	[propext, Quot.sound]
Effect4.Program.Agreement.innerLayerAt_effect	[propext, Quot.sound]
Effect4.Program.Agreement.innerLayerAt_effectDiscard	[propext, Quot.sound]
Effect4.Program.Agreement.innerLayerAt_merge	[propext, Quot.sound]
Effect4.Program.Agreement.innerLayerAt_mergeAll	[propext, Quot.sound]
Effect4.Program.Agreement.innerLayerAt_provide	[propext, Quot.sound]
Effect4.Program.Agreement.innerLayerAt_provideMerge	[propext, Quot.sound]
Effect4.Program.Agreement.isSync._sparseCasesOn_1.else_eq	[propext]
Effect4.Program.Agreement.isSync.eq_1	[propext]
Effect4.Program.Agreement.isSync.eq_2	[propext]
Effect4.Program.Agreement.iterOf.eq_1	[propext]
Effect4.Program.Agreement.iterOf.eq_2	[propext]
Effect4.Program.Agreement.iteration_M	[propext, Quot.sound]
Effect4.Program.Agreement.iteration_M._proof_1_1	[propext, Quot.sound]
Effect4.Program.Agreement.localRun.eq_1	[propext, Quot.sound]
Effect4.Program.Agreement.localRun.eq_2	[propext, Quot.sound]
Effect4.Program.Agreement.localRun.eq_def	[propext, Quot.sound]
Effect4.Program.Agreement.localRun_compile	[propext, Quot.sound]
Effect4.Program.Agreement.localRun_compile._proof_1_12	[propext, Quot.sound]
Effect4.Program.Agreement.localRun_compile._proof_1_31	[propext, Quot.sound]
Effect4.Program.Agreement.localRun_compile._proof_1_33	[propext, Quot.sound]
Effect4.Program.Agreement.localRun_compile._proof_1_34	[propext, Quot.sound]
Effect4.Program.Agreement.localRun_compile._proof_1_35	[propext, Quot.sound]
Effect4.Program.Agreement.localRun_compile._proof_1_36	[propext, Quot.sound]
Effect4.Program.Agreement.localRun_compile._proof_1_37	[propext, Quot.sound]
Effect4.Program.Agreement.localRun_compile._proof_1_38	[propext, Quot.sound]
Effect4.Program.Agreement.localRun_compile._proof_1_42	[propext, Quot.sound]
Effect4.Program.Agreement.localRun_compile._proof_1_43	[propext, Quot.sound]
Effect4.Program.Agreement.localRun_compile._proof_1_44	[propext, Quot.sound]
Effect4.Program.Agreement.localRun_compile._proof_1_45	[propext, Quot.sound]
Effect4.Program.Agreement.localRun_compile._proof_1_46	[propext, Quot.sound]
Effect4.Program.Agreement.localRun_compile._proof_1_47	[propext, Quot.sound]
Effect4.Program.Agreement.localRun_compile._proof_1_48	[propext, Quot.sound]
Effect4.Program.Agreement.localRun_compile._proof_1_49	[propext, Quot.sound]
Effect4.Program.Agreement.localRun_compile._proof_1_50	[propext, Quot.sound]
Effect4.Program.Agreement.localRun_compile._proof_1_51	[propext, Quot.sound]
Effect4.Program.Agreement.localRun_compile._proof_1_52	[propext, Quot.sound]
Effect4.Program.Agreement.localRun_compile._proof_1_53	[propext, Quot.sound]
Effect4.Program.Agreement.localRun_compile._proof_1_54	[propext, Quot.sound]
Effect4.Program.Agreement.localRun_congr	[propext, Quot.sound]
Effect4.Program.Agreement.localRun_finished	[propext, Quot.sound]
Effect4.Program.Agreement.localRun_mono	[propext, Quot.sound]
Effect4.Program.Agreement.localRun_root	[propext, Quot.sound]
Effect4.Program.Agreement.localRun_root._proof_1_1	[propext, Quot.sound]
Effect4.Program.Agreement.localRun_running	[propext, Quot.sound]
Effect4.Program.Agreement.localRun_zero	[propext, Quot.sound]
Effect4.Program.Agreement.localStep.eq_1	[propext, Quot.sound]
Effect4.Program.Agreement.localStep_failure	[propext, Quot.sound]
Effect4.Program.Agreement.localStep_failure_plain	[propext, Quot.sound]
Effect4.Program.Agreement.localStep_finished_stores	[propext, Quot.sound]
Effect4.Program.Agreement.localStep_other	[propext, Quot.sound]
Effect4.Program.Agreement.localStep_plain	[propext, Quot.sound]
Effect4.Program.Agreement.localStep_quiet	[propext, Quot.sound]
Effect4.Program.Agreement.localStep_stores	[propext, Quot.sound]
Effect4.Program.Agreement.localStep_success	[propext, Quot.sound]
Effect4.Program.Agreement.localStep_success_plain	[propext, Quot.sound]
Effect4.Program.Agreement.meaning_of_asExit	[propext, Quot.sound]
Effect4.Program.Agreement.mergeAllCount_of_at	[propext]
Effect4.Program.Agreement.mergeContextsK_contexts	[propext, Quot.sound]
Effect4.Program.Agreement.not_sync_of_isSync_false	[propext]
Effect4.Program.Agreement.ofFrameStep.eq_1	[]
Effect4.Program.Agreement.ofFrameStep.eq_2	[]
Effect4.Program.Agreement.parkOf_plain	[propext, Quot.sound]
Effect4.Program.Agreement.parkOf_sync	[propext, Quot.sound]
Effect4.Program.Agreement.parkedAt.eq_1	[propext]
Effect4.Program.Agreement.plainCode_compileEff	[propext]
Effect4.Program.Agreement.plainCode_contAAt	[propext, Quot.sound]
Effect4.Program.Agreement.plainCode_contAOf	[propext, Quot.sound]
Effect4.Program.Agreement.plainCode_contEAt	[propext, Quot.sound]
Effect4.Program.Agreement.plainCode_contEOf	[propext]
Effect4.Program.Agreement.plainCode_loopFinishAt	[propext]
Effect4.Program.Agreement.plainCode_loopNextAt	[propext]
Effect4.Program.Agreement.plainCode_loopResumeAt	[propext]
Effect4.Program.Agreement.plainCode_ofExit	[propext]
Effect4.Program.Agreement.plainCode_onExit	[propext]
Effect4.Program.Agreement.plainCode_resolve	[propext]
Effect4.Program.Agreement.plainCode_suspendBodyAt	[propext, Quot.sound]
Effect4.Program.Agreement.plainFrame_onExit	[propext]
Effect4.Program.Agreement.plain_at	[propext]
Effect4.Program.Agreement.popFrom_pass	[propext]
Effect4.Program.Agreement.popFrom_pass_setInterruptible	[propext]
Effect4.Program.Agreement.popOf.eq_1	[propext]
Effect4.Program.Agreement.popOf.eq_2	[propext]
Effect4.Program.Agreement.popOf_plain_not_scoped	[propext]
Effect4.Program.Agreement.provideLayerBodyK_context	[propext]
Effect4.Program.Agreement.provideLayerBodyK_exit	[propext]
Effect4.Program.Agreement.provideLayerWithK_at	[propext]
Effect4.Program.Agreement.provideThenK_context	[propext]
Effect4.Program.Agreement.regionCode_build	[propext, Quot.sound]
Effect4.Program.Agreement.regionCode_buildAdding	[propext, Quot.sound]
Effect4.Program.Agreement.regionCode_construct	[propext, Quot.sound]
Effect4.Program.Agreement.regionCode_program	[propext, Quot.sound]
Effect4.Program.Agreement.replayEval_cons	[propext, Quot.sound]
Effect4.Program.Agreement.replayEval_nil_finished	[propext, Quot.sound]
Effect4.Program.Agreement.replay_Mexit	[propext, Quot.sound]
Effect4.Program.Agreement.replay_Mexit_of_localRun	[propext, Quot.sound]
Effect4.Program.Agreement.replay_Mexit_of_localRun._proof_1_4	[propext, Quot.sound]
Effect4.Program.Agreement.replay_Mexit_of_localRun._proof_1_5	[propext, Quot.sound]
Effect4.Program.Agreement.replay_Mexit_of_localRun._proof_1_6	[propext, Quot.sound]
Effect4.Program.Agreement.replay_Mexit_of_localRun._proof_1_7	[propext, Quot.sound]
Effect4.Program.Agreement.replay_Mexit_of_localRun._proof_1_8	[propext, Quot.sound]
Effect4.Program.Agreement.replay_Mexit_of_localRun._proof_1_9	[propext, Quot.sound]
Effect4.Program.Agreement.resolveLayerTerm_of_nonref	[propext, Quot.sound]
Effect4.Program.Agreement.resolveLayerTerm_ref	[propext, Quot.sound]
Effect4.Program.Agreement.resolveLayerTerm_ref._sparseCasesOn_1.else_eq	[propext]
Effect4.Program.Agreement.resolveLayerTerm_ref._sparseCasesOn_2.else_eq	[propext]
Effect4.Program.Agreement.resolveLayer_of_at	[propext, Quot.sound]
Effect4.Program.Agreement.resolve_of_at	[propext]
Effect4.Program.Agreement.resumeOf.eq_1	[propext, Quot.sound]
Effect4.Program.Agreement.run_eq_meaning	[propext, Quot.sound]
Effect4.Program.Agreement.serviceLookupK_found	[propext]
Effect4.Program.Agreement.serviceLookupK_missing	[propext]
Effect4.Program.Agreement.stepFrame_eq	[propext, Quot.sound]
Effect4.Program.Agreement.step_exit_empty	[propext, Quot.sound]
Effect4.Program.Agreement.step_failure_exitFrame	[propext, Quot.sound]
Effect4.Program.Agreement.step_failure_onFailure	[propext, Quot.sound]
Effect4.Program.Agreement.step_failure_onSuccessAndFailure	[propext, Quot.sound]
Effect4.Program.Agreement.step_failure_pass_onSuccess	[propext, Quot.sound]
Effect4.Program.Agreement.step_failure_pass_setInterruptible	[propext, Quot.sound]
Effect4.Program.Agreement.step_failure_pass_whileLoop	[propext, Quot.sound]
Effect4.Program.Agreement.step_fst_failure	[propext, Quot.sound]
Effect4.Program.Agreement.step_fst_success	[propext, Quot.sound]
Effect4.Program.Agreement.step_ofExit_exitFrame	[propext, Quot.sound]
Effect4.Program.Agreement.step_ofExit_finalizer	[propext, Quot.sound]
Effect4.Program.Agreement.step_ofExit_onExit	[propext, Quot.sound]
Effect4.Program.Agreement.step_ofExit_pass_setInterruptible	[propext, Quot.sound]
Effect4.Program.Agreement.step_push_exitFrame	[propext, Quot.sound]
Effect4.Program.Agreement.step_push_onExit	[propext, Quot.sound]
Effect4.Program.Agreement.step_push_onFailure	[propext, Quot.sound]
Effect4.Program.Agreement.step_push_onSuccess	[propext, Quot.sound]
Effect4.Program.Agreement.step_push_onSuccessAndFailure	[propext, Quot.sound]
Effect4.Program.Agreement.step_success_enter	[propext, Quot.sound]
Effect4.Program.Agreement.step_success_enter_at	[propext, Quot.sound]
Effect4.Program.Agreement.step_success_exitFrame	[propext, Quot.sound]
Effect4.Program.Agreement.step_success_onSuccess	[propext, Quot.sound]
Effect4.Program.Agreement.step_success_onSuccessAndFailure	[propext, Quot.sound]
Effect4.Program.Agreement.step_success_pass_onFailure	[propext, Quot.sound]
Effect4.Program.Agreement.step_success_pass_setInterruptible	[propext, Quot.sound]
Effect4.Program.Agreement.step_success_whileLoop	[propext, Quot.sound]
Effect4.Program.Agreement.step_suspend	[propext, Quot.sound]
Effect4.Program.Agreement.step_sync_op	[propext, Quot.sound]
Effect4.Program.Agreement.step_sync_pure	[propext, Quot.sound]
Effect4.Program.Agreement.step_whileLoop_continue	[propext, Quot.sound]
Effect4.Program.Agreement.step_whileLoop_enter	[propext, Quot.sound]
Effect4.Program.Agreement.step_whileLoop_enter_at	[propext, Quot.sound]
Effect4.Program.Agreement.step_whileLoop_finish	[propext, Quot.sound]
Effect4.Program.Agreement.step_yieldableError	[propext, Quot.sound]
Effect4.Program.Agreement.steps._sparseCasesOn_1.else_eq	[propext]
Effect4.Program.Agreement.steps.eq_1	[propext]
Effect4.Program.Agreement.steps.eq_10	[propext]
Effect4.Program.Agreement.steps.eq_2	[propext]
Effect4.Program.Agreement.steps.eq_3	[propext]
Effect4.Program.Agreement.steps.eq_4	[propext]
Effect4.Program.Agreement.steps.eq_5	[propext]
Effect4.Program.Agreement.steps.eq_6	[propext]
Effect4.Program.Agreement.steps.eq_7	[propext]
Effect4.Program.Agreement.steps.eq_8	[propext]
Effect4.Program.Agreement.steps.eq_9	[propext]
Effect4.Program.Agreement.steps.eq_def	[propext]
Effect4.Program.Agreement.suspendBodyAt_iterate_at	[propext]
Effect4.Program.Agreement.suspendBodyAt_memoLookup	[propext]
Effect4.Program.Agreement.suspendBodyAt_missing	[propext]
Effect4.Program.Agreement.suspendBodyAt_of_at	[propext]
Effect4.Program.Agreement.suspendBodyAt_other	[propext]
Effect4.Program.Agreement.suspendBodyAt_provideLayer	[propext]
Effect4.Program.Agreement.suspendBodyAt_select_bad	[propext]
Effect4.Program.Agreement.suspendBodyAt_select_of_decide	[propext]
Effect4.Program.Agreement.suspendBodyAt_suspend	[propext]
Effect4.Program.Agreement.suspendBodyAt_zero	[propext]
Effect4.Program.Agreement.syncOpStep_quiet	[propext, Quot.sound]
Effect4.Program.Agreement.syncOpStep_quiet._simp_1_1	[propext, Quot.sound]
Effect4.Program.Agreement.syncState_op	[propext, Quot.sound]
Effect4.Program.Agreement.syncState_pure	[propext, Quot.sound]
Effect4.Program.Agreement.syncValueAt_pure	[propext]
Effect4.Program.Agreement.syncValue_op	[propext, Quot.sound]
Effect4.Program.Agreement.syncValue_pure	[propext, Quot.sound]
Effect4.Program.Agreement.updateThenK_context	[propext, Quot.sound]
Effect4.Program.Agreement.withFiberOf_awaitAllFailFast	[propext, Quot.sound]
Effect4.Program.Agreement.withFiberOf_forkInAt	[propext, Quot.sound]
Effect4.Program.Agreement.withFiberOf_forkLayer	[propext, Quot.sound]
Effect4.Program.Api.replay_machine	[propext, Quot.sound]
Effect4.Program.CombineMode.ofNat_ctorIdx	[]
Effect4.Program.CombineMode.provide.sizeOf_spec	[]
Effect4.Program.CombineMode.provideMerge.sizeOf_spec	[]
Effect4.Program.EffName.abort.sizeOf_spec	[]
Effect4.Program.EffName.acquireCtx.inj	[]
Effect4.Program.EffName.acquireCtx.injEq	[propext]
Effect4.Program.EffName.acquireCtx.sizeOf_spec	[]
Effect4.Program.EffName.acquireIn.inj	[]
Effect4.Program.EffName.acquireIn.injEq	[propext]
Effect4.Program.EffName.acquireIn.sizeOf_spec	[]
Effect4.Program.EffName.acquired.inj	[]
Effect4.Program.EffName.acquired.injEq	[propext]
Effect4.Program.EffName.acquired.sizeOf_spec	[]
Effect4.Program.EffName.addCurrentMemoMap.inj	[]
Effect4.Program.EffName.addCurrentMemoMap.injEq	[propext]
Effect4.Program.EffName.addCurrentMemoMap.sizeOf_spec	[]
Effect4.Program.EffName.afterScopeAdd.inj	[]
Effect4.Program.EffName.afterScopeAdd.injEq	[propext]
Effect4.Program.EffName.afterScopeAdd.sizeOf_spec	[]
Effect4.Program.EffName.awaitPromise.inj	[]
Effect4.Program.EffName.awaitPromise.injEq	[propext]
Effect4.Program.EffName.awaitPromise.sizeOf_spec	[]
Effect4.Program.EffName.bindService.inj	[]
Effect4.Program.EffName.bindService.injEq	[propext]
Effect4.Program.EffName.bindService.sizeOf_spec	[]
Effect4.Program.EffName.bodyThen.inj	[]
Effect4.Program.EffName.bodyThen.injEq	[propext]
Effect4.Program.EffName.bodyThen.sizeOf_spec	[]
Effect4.Program.EffName.brecOn.eq	[]
Effect4.Program.EffName.buildIntoLayerScope.inj	[]
Effect4.Program.EffName.buildIntoLayerScope.injEq	[propext]
Effect4.Program.EffName.buildIntoLayerScope.sizeOf_spec	[]
Effect4.Program.EffName.buildWithScopeFromContext.inj	[]
Effect4.Program.EffName.buildWithScopeFromContext.injEq	[propext]
Effect4.Program.EffName.buildWithScopeFromContext.sizeOf_spec	[]
Effect4.Program.EffName.cancelAwait.inj	[]
Effect4.Program.EffName.cancelAwait.injEq	[propext]
Effect4.Program.EffName.cancelAwait.sizeOf_spec	[]
Effect4.Program.EffName.caught.inj	[]
Effect4.Program.EffName.caught.injEq	[propext]
Effect4.Program.EffName.caught.sizeOf_spec	[]
Effect4.Program.EffName.caughtError.inj	[]
Effect4.Program.EffName.caughtError.injEq	[propext]
Effect4.Program.EffName.caughtError.sizeOf_spec	[]
Effect4.Program.EffName.combineWith.inj	[]
Effect4.Program.EffName.combineWith.injEq	[propext]
Effect4.Program.EffName.combineWith.sizeOf_spec	[]
Effect4.Program.EffName.constant.inj	[]
Effect4.Program.EffName.constant.injEq	[propext]
Effect4.Program.EffName.constant.sizeOf_spec	[]
Effect4.Program.EffName.cont.inj	[]
Effect4.Program.EffName.cont.injEq	[propext]
Effect4.Program.EffName.cont.sizeOf_spec	[]
Effect4.Program.EffName.external.inj	[]
Effect4.Program.EffName.external.injEq	[propext]
Effect4.Program.EffName.external.sizeOf_spec	[]
Effect4.Program.EffName.fin.inj	[]
Effect4.Program.EffName.fin.injEq	[propext]
Effect4.Program.EffName.fin.sizeOf_spec	[]
Effect4.Program.EffName.forkScopedIn.inj	[]
Effect4.Program.EffName.forkScopedIn.injEq	[propext]
Effect4.Program.EffName.forkScopedIn.sizeOf_spec	[]
Effect4.Program.EffName.freshThen.inj	[]
Effect4.Program.EffName.freshThen.injEq	[propext]
Effect4.Program.EffName.freshThen.sizeOf_spec	[]
Effect4.Program.EffName.fromBuildThen.inj	[]
Effect4.Program.EffName.fromBuildThen.injEq	[propext]
Effect4.Program.EffName.fromBuildThen.sizeOf_spec	[]
Effect4.Program.EffName.gen.inj	[]
Effect4.Program.EffName.gen.injEq	[propext]
Effect4.Program.EffName.gen.sizeOf_spec	[]
Effect4.Program.EffName.loop.inj	[]
Effect4.Program.EffName.loop.injEq	[propext]
Effect4.Program.EffName.loop.sizeOf_spec	[]
Effect4.Program.EffName.memoize.inj	[]
Effect4.Program.EffName.memoize.injEq	[propext]
Effect4.Program.EffName.memoize.sizeOf_spec	[]
Effect4.Program.EffName.merge.inj	[]
Effect4.Program.EffName.merge.injEq	[propext]
Effect4.Program.EffName.merge.sizeOf_spec	[]
Effect4.Program.EffName.mergeAllChildren.inj	[]
Effect4.Program.EffName.mergeAllChildren.injEq	[propext]
Effect4.Program.EffName.mergeAllChildren.sizeOf_spec	[]
Effect4.Program.EffName.mergeAllForkNext.inj	[]
Effect4.Program.EffName.mergeAllForkNext.injEq	[propext]
Effect4.Program.EffName.mergeAllForkNext.sizeOf_spec	[]
Effect4.Program.EffName.mergeAllForkOne.inj	[]
Effect4.Program.EffName.mergeAllForkOne.injEq	[propext]
Effect4.Program.EffName.mergeAllForkOne.sizeOf_spec	[]
Effect4.Program.EffName.mergeChildren.inj	[]
Effect4.Program.EffName.mergeChildren.injEq	[propext]
Effect4.Program.EffName.mergeChildren.sizeOf_spec	[]
Effect4.Program.EffName.mergeContexts.sizeOf_spec	[]
Effect4.Program.EffName.mergeForkNext.inj	[]
Effect4.Program.EffName.mergeForkNext.injEq	[propext]
Effect4.Program.EffName.mergeForkNext.sizeOf_spec	[]
Effect4.Program.EffName.mergeForkOne.inj	[]
Effect4.Program.EffName.mergeForkOne.injEq	[propext]
Effect4.Program.EffName.mergeForkOne.sizeOf_spec	[]
Effect4.Program.EffName.onCause.inj	[]
Effect4.Program.EffName.onCause.injEq	[propext]
Effect4.Program.EffName.onCause.sizeOf_spec	[]
Effect4.Program.EffName.onValue.inj	[]
Effect4.Program.EffName.onValue.injEq	[propext]
Effect4.Program.EffName.onValue.sizeOf_spec	[]
Effect4.Program.EffName.orDie.sizeOf_spec	[]
Effect4.Program.EffName.provideLayerBody.inj	[]
Effect4.Program.EffName.provideLayerBody.injEq	[propext]
Effect4.Program.EffName.provideLayerBody.sizeOf_spec	[]
Effect4.Program.EffName.provideLayerWith.inj	[]
Effect4.Program.EffName.provideLayerWith.injEq	[propext]
Effect4.Program.EffName.provideLayerWith.sizeOf_spec	[]
Effect4.Program.EffName.provideThen.inj	[]
Effect4.Program.EffName.provideThen.injEq	[propext]
Effect4.Program.EffName.provideThen.sizeOf_spec	[]
Effect4.Program.EffName.reFail.inj	[]
Effect4.Program.EffName.reFail.injEq	[propext]
Effect4.Program.EffName.reFail.sizeOf_spec	[]
Effect4.Program.EffName.registerAwait.inj	[]
Effect4.Program.EffName.registerAwait.injEq	[propext]
Effect4.Program.EffName.registerAwait.sizeOf_spec	[]
Effect4.Program.EffName.releaseBody.inj	[]
Effect4.Program.EffName.releaseBody.injEq	[propext]
Effect4.Program.EffName.releaseBody.sizeOf_spec	[]
Effect4.Program.EffName.releaseUnder.inj	[]
Effect4.Program.EffName.releaseUnder.injEq	[propext]
Effect4.Program.EffName.releaseUnder.sizeOf_spec	[]
Effect4.Program.EffName.restore.inj	[]
Effect4.Program.EffName.restore.injEq	[propext]
Effect4.Program.EffName.restore.sizeOf_spec	[]
Effect4.Program.EffName.restoreCtx.inj	[]
Effect4.Program.EffName.restoreCtx.injEq	[propext]
Effect4.Program.EffName.restoreCtx.sizeOf_spec	[]
Effect4.Program.EffName.scopeBody.inj	[]
Effect4.Program.EffName.scopeBody.injEq	[propext]
Effect4.Program.EffName.scopeBody.sizeOf_spec	[]
Effect4.Program.EffName.scopeClose.inj	[]
Effect4.Program.EffName.scopeClose.injEq	[propext]
Effect4.Program.EffName.scopeClose.sizeOf_spec	[]
Effect4.Program.EffName.scopeOpen.inj	[]
Effect4.Program.EffName.scopeOpen.injEq	[propext]
Effect4.Program.EffName.scopeOpen.sizeOf_spec	[]
Effect4.Program.EffName.scopeProvide.inj	[]
Effect4.Program.EffName.scopeProvide.injEq	[propext]
Effect4.Program.EffName.scopeProvide.sizeOf_spec	[]
Effect4.Program.EffName.scopedExit.inj	[]
Effect4.Program.EffName.scopedExit.injEq	[propext]
Effect4.Program.EffName.scopedExit.sizeOf_spec	[]
Effect4.Program.EffName.serviceLookup.inj	[]
Effect4.Program.EffName.serviceLookup.injEq	[propext]
Effect4.Program.EffName.serviceLookup.sizeOf_spec	[]
Effect4.Program.EffName.store.inj	[]
Effect4.Program.EffName.store.injEq	[propext]
Effect4.Program.EffName.store.sizeOf_spec	[]
Effect4.Program.EffName.thenBuildInto.inj	[]
Effect4.Program.EffName.thenBuildInto.injEq	[propext]
Effect4.Program.EffName.thenBuildInto.sizeOf_spec	[]
Effect4.Program.EffName.updateThen.inj	[]
Effect4.Program.EffName.updateThen.injEq	[propext]
Effect4.Program.EffName.updateThen.sizeOf_spec	[]
Effect4.Program.EffName.withMemoMapThen.inj	[]
Effect4.Program.EffName.withMemoMapThen.injEq	[propext]
Effect4.Program.EffName.withMemoMapThen.sizeOf_spec	[]
Effect4.Program.EffName.withWaiter.inj	[]
Effect4.Program.EffName.withWaiter.injEq	[propext]
Effect4.Program.EffName.withWaiter.sizeOf_spec	[]
Effect4.Program.EffThunk.acquireMasked.inj	[]
Effect4.Program.EffThunk.acquireMasked.injEq	[propext]
Effect4.Program.EffThunk.acquireMasked.sizeOf_spec	[]
Effect4.Program.EffThunk.act.inj	[]
Effect4.Program.EffThunk.act.injEq	[propext]
Effect4.Program.EffThunk.act.sizeOf_spec	[]
Effect4.Program.EffThunk.awaitAllFailFast.inj	[]
Effect4.Program.EffThunk.awaitAllFailFast.injEq	[propext]
Effect4.Program.EffThunk.awaitAllFailFast.sizeOf_spec	[]
Effect4.Program.EffThunk.body.inj	[]
Effect4.Program.EffThunk.body.injEq	[propext]
Effect4.Program.EffThunk.body.sizeOf_spec	[]
Effect4.Program.EffThunk.closeScope.inj	[]
Effect4.Program.EffThunk.closeScope.injEq	[propext]
Effect4.Program.EffThunk.closeScope.sizeOf_spec	[]
Effect4.Program.EffThunk.forkInAt.inj	[]
Effect4.Program.EffThunk.forkInAt.injEq	[propext]
Effect4.Program.EffThunk.forkInAt.sizeOf_spec	[]
Effect4.Program.EffThunk.forkLayer.inj	[]
Effect4.Program.EffThunk.forkLayer.injEq	[propext]
Effect4.Program.EffThunk.forkLayer.sizeOf_spec	[]
Effect4.Program.EffThunk.getCtx.sizeOf_spec	[]
Effect4.Program.EffThunk.memoLookup.inj	[]
Effect4.Program.EffThunk.memoLookup.injEq	[propext]
Effect4.Program.EffThunk.memoLookup.sizeOf_spec	[]
Effect4.Program.EffThunk.op.inj	[]
Effect4.Program.EffThunk.op.injEq	[propext]
Effect4.Program.EffThunk.op.sizeOf_spec	[]
Effect4.Program.EffThunk.park.inj	[]
Effect4.Program.EffThunk.park.injEq	[propext]
Effect4.Program.EffThunk.park.sizeOf_spec	[]
Effect4.Program.EffThunk.pure.inj	[]
Effect4.Program.EffThunk.pure.injEq	[propext]
Effect4.Program.EffThunk.pure.sizeOf_spec	[]
Effect4.Program.EffThunk.releaseMasked.inj	[]
Effect4.Program.EffThunk.releaseMasked.injEq	[propext]
Effect4.Program.EffThunk.releaseMasked.sizeOf_spec	[]
Effect4.Program.EffThunk.setCtx.inj	[]
Effect4.Program.EffThunk.setCtx.injEq	[propext]
Effect4.Program.EffThunk.setCtx.sizeOf_spec	[]
Effect4.Program.EffThunk.store.inj	[]
Effect4.Program.EffThunk.store.injEq	[propext]
Effect4.Program.EffThunk.store.sizeOf_spec	[]
Effect4.Program.Guard.DeferredCause.DeferredCause.eq_1	[]
Effect4.Program.Guard.DeferredCause.evaluateNative_deferredCause	[propext, Quot.sound]
Effect4.Program.Guard.DeferredCause.evaluatePrim_deferredCause	[propext, Quot.sound]
Effect4.Program.Guard.DeferredCause.exitScoped_deferredCause	[propext, Quot.sound]
Effect4.Program.Guard.DeferredCause.finalizerOr_deferredCause	[propext, Quot.sound]
Effect4.Program.Guard.DeferredCause.frameExitState_deferredCause	[propext]
Effect4.Program.Guard.DeferredCause.frame_step_deferredCause	[propext, Quot.sound]
Effect4.Program.Guard.DeferredCause.frame_step_interruptedCause	[propext, Quot.sound]
Effect4.Program.Guard.DeferredCause.getCont_deferredCause	[propext]
Effect4.Program.Guard.DeferredCause.getCont_deferredCause_carried	[propext, Quot.sound]
Effect4.Program.Guard.DeferredCause.getCont_deferred_false	[propext]
Effect4.Program.Guard.DeferredCause.getCont_interruptedCause	[propext]
Effect4.Program.Guard.DeferredCause.getCont_interruptedCause_carried	[propext, Quot.sound]
Effect4.Program.Guard.DeferredCause.injectYield_deferredCause	[]
Effect4.Program.Guard.DeferredCause.iteration_deferredCause	[propext, Quot.sound]
Effect4.Program.Guard.DeferredCause.resumeCause_interruptedCause	[propext, Quot.sound]
Effect4.Program.Guard.DeferredCause.resumeValue_interruptedCause	[propext]
Effect4.Program.Guard.DeferredCause.runloopTop_deferredCause	[]
Effect4.Program.Guard.DeferredCause.stepFrame_deferredCause	[propext, Quot.sound]
Effect4.Program.Guard.DeferredCause.withFiber_deferredCause	[propext, Quot.sound]
Effect4.Program.Guard.FrameOwned.FrameProof.answerOf_sites	[propext]
Effect4.Program.Guard.FrameOwned.FrameProof.answerSites.eq_1	[propext]
Effect4.Program.Guard.FrameOwned.FrameProof.answerSites.eq_2	[propext]
Effect4.Program.Guard.FrameOwned.FrameProof.answerSites.eq_3	[propext]
Effect4.Program.Guard.FrameOwned.FrameProof.answerSites.eq_4	[propext]
Effect4.Program.Guard.FrameOwned.FrameProof.armA_sites	[propext]
Effect4.Program.Guard.FrameOwned.FrameProof.armE_sites	[propext]
Effect4.Program.Guard.FrameOwned.FrameProof.ensure_fst_sites	[propext]
Effect4.Program.Guard.FrameOwned.FrameProof.ensure_fst_sites._simp_1_3	[propext]
Effect4.Program.Guard.FrameOwned.FrameProof.ensure_fst_sites._simp_1_4	[propext]
Effect4.Program.Guard.FrameOwned.FrameProof.ensure_fst_sites._simp_1_5	[propext]
Effect4.Program.Guard.FrameOwned.FrameProof.ensure_fst_sites._simp_1_6	[propext]
Effect4.Program.Guard.FrameOwned.FrameProof.ensure_fst_sites._simp_1_7	[propext]
Effect4.Program.Guard.FrameOwned.FrameProof.ensure_fst_sites._simp_1_8	[propext]
Effect4.Program.Guard.FrameOwned.FrameProof.ensure_snd_sites	[propext]
Effect4.Program.Guard.FrameOwned.FrameProof.frameSites.eq_1	[propext]
Effect4.Program.Guard.FrameOwned.FrameProof.frame_step_sites	[propext, Quot.sound]
Effect4.Program.Guard.FrameOwned.FrameProof.getCont_answer_frame_sites	[propext, Quot.sound]
Effect4.Program.Guard.FrameOwned.FrameProof.getCont_answer_frame_sites._simp_1_7	[propext, Quot.sound]
Effect4.Program.Guard.FrameOwned.FrameProof.getCont_sites	[propext, Quot.sound]
Effect4.Program.Guard.FrameOwned.FrameProof.getCont_sites._simp_1_10	[propext]
Effect4.Program.Guard.FrameOwned.FrameProof.getCont_sites._simp_1_11	[propext]
Effect4.Program.Guard.FrameOwned.FrameProof.getCont_sites._simp_1_12	[propext]
Effect4.Program.Guard.FrameOwned.FrameProof.getCont_sites._simp_1_13	[propext]
Effect4.Program.Guard.FrameOwned.FrameProof.getCont_sites._simp_1_8	[propext]
Effect4.Program.Guard.FrameOwned.FrameProof.getCont_sites._simp_1_9	[propext]
Effect4.Program.Guard.FrameOwned.FrameProof.getCont_sites_carried	[propext, Quot.sound]
Effect4.Program.Guard.FrameOwned.FrameProof.joinPushed_sites	[propext, Quot.sound]
Effect4.Program.Guard.FrameOwned.FrameProof.joinPushed_sites._simp_1_10	[propext, Quot.sound]
Effect4.Program.Guard.FrameOwned.FrameProof.joinPushed_sites._simp_1_3	[propext]
Effect4.Program.Guard.FrameOwned.FrameProof.joinPushed_sites._simp_1_4	[propext]
Effect4.Program.Guard.FrameOwned.FrameProof.joinPushed_sites._simp_1_5	[propext]
Effect4.Program.Guard.FrameOwned.FrameProof.joinPushed_sites._simp_1_6	[propext]
Effect4.Program.Guard.FrameOwned.FrameProof.joinPushed_sites._simp_1_7	[propext]
Effect4.Program.Guard.FrameOwned.FrameProof.joinPushed_sites._simp_1_8	[propext]
Effect4.Program.Guard.FrameOwned.FrameProof.passPushed_sites	[propext, Quot.sound]
Effect4.Program.Guard.FrameOwned.FrameProof.passPushed_sites._simp_1_16	[propext]
Effect4.Program.Guard.FrameOwned.FrameProof.passPushed_sites._simp_1_17	[propext]
Effect4.Program.Guard.FrameOwned.FrameProof.passPushed_sites._simp_1_18	[propext]
Effect4.Program.Guard.FrameOwned.FrameProof.passPushed_sites._simp_1_19	[propext]
Effect4.Program.Guard.FrameOwned.FrameProof.passPushed_sites._simp_1_20	[propext]
Effect4.Program.Guard.FrameOwned.FrameProof.passPushed_sites._simp_1_21	[propext]
Effect4.Program.Guard.FrameOwned.FrameProof.popFrom_sites	[propext, Quot.sound]
Effect4.Program.Guard.FrameOwned.FrameProof.popFrom_sites._simp_1_16	[propext]
Effect4.Program.Guard.FrameOwned.FrameProof.popFrom_sites._simp_1_17	[propext]
Effect4.Program.Guard.FrameOwned.FrameProof.popFrom_sites._simp_1_18	[propext]
Effect4.Program.Guard.FrameOwned.FrameProof.popFrom_sites._simp_1_19	[propext]
Effect4.Program.Guard.FrameOwned.FrameProof.popFrom_sites._simp_1_20	[propext]
Effect4.Program.Guard.FrameOwned.FrameProof.popFrom_sites._simp_1_21	[propext]
Effect4.Program.Guard.FrameOwned.FrameProof.popSites.eq_1	[propext]
Effect4.Program.Guard.FrameOwned.FrameProof.resumeCause_sites	[propext, Quot.sound]
Effect4.Program.Guard.FrameOwned.FrameProof.resumeCause_sites._simp_1_12	[propext, Quot.sound]
Effect4.Program.Guard.FrameOwned.FrameProof.resumeValue_sites	[propext, Quot.sound]
Effect4.Program.Guard.FrameOwned.FrameProof.resumeValue_sites._simp_1_12	[propext, Quot.sound]
Effect4.Program.Guard.FrameOwned.FrameProof.stepSites.eq_1	[propext]
Effect4.Program.Guard.FrameOwned.FrameProof.stepSites.eq_2	[propext]
Effect4.Program.Guard.FrameOwned.FrameProof.step_sites	[propext, Quot.sound]
Effect4.Program.Guard.FrameOwned.FrameProof.step_sites._simp_1_10	[propext]
Effect4.Program.Guard.FrameOwned.FrameProof.step_sites._simp_1_11	[propext]
Effect4.Program.Guard.FrameOwned.FrameProof.step_sites._simp_1_12	[propext]
Effect4.Program.Guard.FrameOwned.FrameProof.step_sites._simp_1_13	[propext]
Effect4.Program.Guard.FrameOwned.FrameProof.step_sites._simp_1_14	[propext]
Effect4.Program.Guard.FrameOwned.FrameProof.step_sites._simp_1_7	[propext]
Effect4.Program.Guard.FrameOwned.FrameProof.step_sites._simp_1_8	[propext]
Effect4.Program.Guard.FrameOwned.FrameProof.step_sites._simp_1_9	[propext]
Effect4.Program.Guard.FrameOwned.M1.deferred_register_sites	[propext]
Effect4.Program.Guard.FrameOwned.M1.deferred_register_sites.checked	[propext]
Effect4.Program.Guard.FrameOwned.M1.evaluateNative_frameOwned	[propext, Quot.sound]
Effect4.Program.Guard.FrameOwned.M1.evaluateNative_frameOwned.checked	[propext, Quot.sound]
Effect4.Program.Guard.FrameOwned.M1.evaluatePrim_owned	[propext, Quot.sound]
Effect4.Program.Guard.FrameOwned.M1.evaluatePrim_owned.checked	[propext, Quot.sound]
Effect4.Program.Guard.FrameOwned.M1.exitScoped_owned	[propext, Quot.sound]
Effect4.Program.Guard.FrameOwned.M1.exitScoped_owned.checked	[propext, Quot.sound]
Effect4.Program.Guard.FrameOwned.M1.iteration_frameOwned	[propext, Quot.sound]
Effect4.Program.Guard.FrameOwned.M1.iteration_frameOwned.checked	[propext, Quot.sound]
Effect4.Program.Guard.FrameOwned.M1.registerAsync_result_sites	[propext, Quot.sound]
Effect4.Program.Guard.FrameOwned.M1.registerAsync_result_sites.checked	[propext, Quot.sound]
Effect4.Program.Guard.FrameOwned.M1.registerAsync_sites	[propext, Quot.sound]
Effect4.Program.Guard.FrameOwned.M1.registerAsync_sites.checked	[propext, Quot.sound]
Effect4.Program.Guard.FrameOwned.M1Hooks.interruptAsCode_sites	[propext, Quot.sound]
Effect4.Program.Guard.FrameOwned.M1Hooks.interruptAsCode_sites.checked	[propext, Quot.sound]
Effect4.Program.Guard.FrameOwned.M1Hooks.interruptCode_sites	[propext, Quot.sound]
Effect4.Program.Guard.FrameOwned.M1Hooks.interruptCode_sites.checked	[propext, Quot.sound]
Effect4.Program.Guard.FrameOwned.M1Origin.beginRace_owned	[propext, Quot.sound]
Effect4.Program.Guard.FrameOwned.M1Origin.beginRace_owned.checked	[propext, Quot.sound]
Effect4.Program.Guard.FrameOwned.M1Results.closeScopeUnsafe_some_sites	[propext]
Effect4.Program.Guard.FrameOwned.M1Results.closeScopeUnsafe_some_sites.checked	[propext]
Effect4.Program.Guard.FrameOwned.M1Results.countdownPark_result_owned	[propext]
Effect4.Program.Guard.FrameOwned.M1Results.countdownPark_result_owned.checked	[propext, Quot.sound]
Effect4.Program.Guard.FrameOwned.beginRace_owned	[propext, Quot.sound]
Effect4.Program.Guard.FrameOwned.closeScopeUnsafe_some_sites	[propext]
Effect4.Program.Guard.FrameOwned.closeScope_hook_sites	[propext, Quot.sound]
Effect4.Program.Guard.FrameOwned.countdownPark_owned	[propext, Quot.sound]
Effect4.Program.Guard.FrameOwned.countdownPark_result_owned	[propext, Quot.sound]
Effect4.Program.Guard.FrameOwned.deferred_register_sites	[propext]
Effect4.Program.Guard.FrameOwned.evaluateNative_frameOwned	[propext, Quot.sound]
Effect4.Program.Guard.FrameOwned.evaluatePrim_owned	[propext, Quot.sound]
Effect4.Program.Guard.FrameOwned.exitScoped_owned	[propext, Quot.sound]
Effect4.Program.Guard.FrameOwned.exitValue_sites	[propext, Quot.sound]
Effect4.Program.Guard.FrameOwned.finalizerOr_owned	[propext, Quot.sound]
Effect4.Program.Guard.FrameOwned.forkFinalizers_races	[]
Effect4.Program.Guard.FrameOwned.frameCodeOwned_of_sites	[propext, Quot.sound]
Effect4.Program.Guard.FrameOwned.frameCodeOwned_same_races	[propext, Quot.sound]
Effect4.Program.Guard.FrameOwned.frameCodeOwned_sites	[propext, Quot.sound]
Effect4.Program.Guard.FrameOwned.frameSites.eq_1	[propext]
Effect4.Program.Guard.FrameOwned.getCont_frameSites	[propext, Quot.sound]
Effect4.Program.Guard.FrameOwned.getCont_frameSites_carried	[propext, Quot.sound]
Effect4.Program.Guard.FrameOwned.injectYield_owned	[propext, Quot.sound]
Effect4.Program.Guard.FrameOwned.interruptAsCode_sites	[propext, Quot.sound]
Effect4.Program.Guard.FrameOwned.interruptCode_sites	[propext, Quot.sound]
Effect4.Program.Guard.FrameOwned.iteration_frameOwned	[propext, Quot.sound]
Effect4.Program.Guard.FrameOwned.linkScope_races	[propext, Quot.sound]
Effect4.Program.Guard.FrameOwned.modify_races	[]
Effect4.Program.Guard.FrameOwned.optionRaceSites.eq_1	[propext]
Effect4.Program.Guard.FrameOwned.optionRaceSites.eq_2	[propext]
Effect4.Program.Guard.FrameOwned.prepareExternalAnswer_sites	[propext, Quot.sound]
Effect4.Program.Guard.FrameOwned.raceSites_closeScope	[propext]
Effect4.Program.Guard.FrameOwned.raceSites_closeScopeUnsafe	[propext]
Effect4.Program.Guard.FrameOwned.raceSites_finalizerCode	[propext]
Effect4.Program.Guard.FrameOwned.raceSites_finalizerProgram	[propext, Quot.sound]
Effect4.Program.Guard.FrameOwned.registerAsync_result_sites	[propext, Quot.sound]
Effect4.Program.Guard.FrameOwned.registerAsync_sites	[propext, Quot.sound]
Effect4.Program.Guard.FrameOwned.registerRace_owned	[propext, Quot.sound]
Effect4.Program.Guard.FrameOwned.replace_current_sites	[propext]
Effect4.Program.Guard.FrameOwned.runloopTop_owned	[propext, Quot.sound]
Effect4.Program.Guard.FrameOwned.stepFrame_owned	[propext, Quot.sound]
Effect4.Program.Guard.FrameOwned.withFiber_hook_sites	[propext, Quot.sound]
Effect4.Program.Guard.FrameOwned.withFiber_owned	[propext, Quot.sound]
Effect4.Program.Guard.Interruption.Interrupted.eq_1	[]
Effect4.Program.Guard.Interruption.evaluateNative_exit	[propext, Quot.sound]
Effect4.Program.Guard.Interruption.evaluateNative_id	[propext, Quot.sound]
Effect4.Program.Guard.Interruption.evaluateNative_interrupted	[propext, Quot.sound]
Effect4.Program.Guard.Interruption.evaluateNative_interruptedCause	[propext, Quot.sound]
Effect4.Program.Guard.Interruption.evaluatePrim_exit	[propext, Quot.sound]
Effect4.Program.Guard.Interruption.evaluatePrim_id	[propext, Quot.sound]
Effect4.Program.Guard.Interruption.evaluatePrim_interruptedCause	[propext, Quot.sound]
Effect4.Program.Guard.Interruption.exitScoped_exit	[propext, Quot.sound]
Effect4.Program.Guard.Interruption.exitScoped_id	[propext, Quot.sound]
Effect4.Program.Guard.Interruption.exitScoped_interruptedCause	[propext, Quot.sound]
Effect4.Program.Guard.Interruption.finalizerOr_exit	[propext]
Effect4.Program.Guard.Interruption.finalizerOr_id	[propext]
Effect4.Program.Guard.Interruption.finalizerOr_interruptedCause	[propext, Quot.sound]
Effect4.Program.Guard.Interruption.frameExitState_interruptedCause	[propext]
Effect4.Program.Guard.Interruption.frame_step_interruptedCause	[propext, Quot.sound]
Effect4.Program.Guard.Interruption.getCont_interruptedCause	[propext]
Effect4.Program.Guard.Interruption.getCont_interruptedCause_carried	[propext, Quot.sound]
Effect4.Program.Guard.Interruption.injectYield_exit	[]
Effect4.Program.Guard.Interruption.injectYield_id	[]
Effect4.Program.Guard.Interruption.injectYield_interruptedCause	[]
Effect4.Program.Guard.Interruption.interrupted_iff_recorded_or_exit	[propext]
Effect4.Program.Guard.Interruption.interrupted_of_recorded_or_exit	[propext]
Effect4.Program.Guard.Interruption.iteration_exit	[propext, Quot.sound]
Effect4.Program.Guard.Interruption.iteration_id	[propext, Quot.sound]
Effect4.Program.Guard.Interruption.iteration_interrupted	[propext, Quot.sound]
Effect4.Program.Guard.Interruption.iteration_interruptedCause	[propext, Quot.sound]
Effect4.Program.Guard.Interruption.resumeCause_interruptedCause	[propext, Quot.sound]
Effect4.Program.Guard.Interruption.resumeValue_interruptedCause	[propext]
Effect4.Program.Guard.Interruption.runloopTop_exit	[]
Effect4.Program.Guard.Interruption.runloopTop_id	[]
Effect4.Program.Guard.Interruption.runloopTop_interruptedCause	[]
Effect4.Program.Guard.Interruption.stepFrame_exit	[propext]
Effect4.Program.Guard.Interruption.stepFrame_id	[propext]
Effect4.Program.Guard.Interruption.stepFrame_interruptedCause	[propext, Quot.sound]
Effect4.Program.Guard.Interruption.withFiber_exit	[propext, Quot.sound]
Effect4.Program.Guard.Interruption.withFiber_id	[propext, Quot.sound]
Effect4.Program.Guard.Interruption.withFiber_interruptedCause	[propext, Quot.sound]
Effect4.Program.Guard.RaceIdsBelow.eq_1	[]
Effect4.Program.Guard.actionRaceSites._sparseCasesOn_1.else_eq	[propext]
Effect4.Program.Guard.actionRaceSites.eq_1	[propext]
Effect4.Program.Guard.actionRaceSites.eq_2	[propext]
Effect4.Program.Guard.actionRaceSites.eq_3	[propext]
Effect4.Program.Guard.actionRaceSites.eq_4	[propext]
Effect4.Program.Guard.actionRaceSites.eq_5	[propext]
Effect4.Program.Guard.actionRaceSites.eq_6	[propext]
Effect4.Program.Guard.actionRaceSites.eq_7	[propext]
Effect4.Program.Node.at_.eq_1	[propext]
Effect4.Program.Node.at_.eq_2	[propext]
Effect4.Program.Node.at_.eq_def	[propext]
Effect4.Program.Node.child._sparseCasesOn_1.else_eq	[propext]
Effect4.Program.Node.child._sparseCasesOn_2.else_eq	[propext]
Effect4.Program.Node.child._sparseCasesOn_3.else_eq	[propext]
Effect4.Program.Node.child._sparseCasesOn_4.else_eq	[propext]
Effect4.Program.Node.child._sparseCasesOn_5.else_eq	[propext]
Effect4.Program.Node.child._sparseCasesOn_6.else_eq	[propext]
Effect4.Program.Node.child._sparseCasesOn_7.else_eq	[propext]
Effect4.Program.Node.child.eq_1	[propext]
Effect4.Program.Node.child.eq_10	[propext]
Effect4.Program.Node.child.eq_11	[propext]
Effect4.Program.Node.child.eq_12	[propext]
Effect4.Program.Node.child.eq_13	[propext]
Effect4.Program.Node.child.eq_14	[propext]
Effect4.Program.Node.child.eq_15	[propext]
Effect4.Program.Node.child.eq_16	[propext]
Effect4.Program.Node.child.eq_17	[propext]
Effect4.Program.Node.child.eq_18	[propext]
Effect4.Program.Node.child.eq_19	[propext]
Effect4.Program.Node.child.eq_2	[propext]
Effect4.Program.Node.child.eq_20	[propext]
Effect4.Program.Node.child.eq_21	[propext]
Effect4.Program.Node.child.eq_22	[propext]
Effect4.Program.Node.child.eq_23	[propext]
Effect4.Program.Node.child.eq_24	[propext]
Effect4.Program.Node.child.eq_25	[propext]
Effect4.Program.Node.child.eq_26	[propext]
Effect4.Program.Node.child.eq_27	[propext]
Effect4.Program.Node.child.eq_28	[propext]
Effect4.Program.Node.child.eq_29	[propext]
Effect4.Program.Node.child.eq_3	[propext]
Effect4.Program.Node.child.eq_30	[propext]
Effect4.Program.Node.child.eq_31	[propext]
Effect4.Program.Node.child.eq_32	[propext]
Effect4.Program.Node.child.eq_33	[propext]
Effect4.Program.Node.child.eq_34	[propext]
Effect4.Program.Node.child.eq_35	[propext]
Effect4.Program.Node.child.eq_36	[propext]
Effect4.Program.Node.child.eq_37	[propext]
Effect4.Program.Node.child.eq_38	[propext]
Effect4.Program.Node.child.eq_39	[propext]
Effect4.Program.Node.child.eq_4	[propext]
Effect4.Program.Node.child.eq_40	[propext]
Effect4.Program.Node.child.eq_41	[propext]
Effect4.Program.Node.child.eq_42	[propext]
Effect4.Program.Node.child.eq_43	[propext]
Effect4.Program.Node.child.eq_44	[propext]
Effect4.Program.Node.child.eq_45	[propext]
Effect4.Program.Node.child.eq_46	[propext]
Effect4.Program.Node.child.eq_47	[propext]
Effect4.Program.Node.child.eq_48	[propext]
Effect4.Program.Node.child.eq_49	[propext]
Effect4.Program.Node.child.eq_5	[propext]
Effect4.Program.Node.child.eq_50	[propext]
Effect4.Program.Node.child.eq_51	[propext]
Effect4.Program.Node.child.eq_52	[propext]
Effect4.Program.Node.child.eq_53	[propext]
Effect4.Program.Node.child.eq_6	[propext]
Effect4.Program.Node.child.eq_7	[propext]
Effect4.Program.Node.child.eq_8	[propext]
Effect4.Program.Node.child.eq_9	[propext]
Effect4.Program.Point.awaitExit.eq_1	[propext]
Effect4.Program.Point.awaitExit_empty	[propext]
Effect4.Program.Point.child.eq_1	[]
Effect4.Program.Point.childBind.eq_1	[]
Effect4.Program.Point.childBind.eq_2	[]
Effect4.Program.Point.childWith.eq_1	[]
Effect4.Program.Point.mk.inj	[]
Effect4.Program.Point.mk.injEq	[propext]
Effect4.Program.Point.mk.sizeOf_spec	[]
Effect4.Program.Point.withCompleted_keys	[propext]
Effect4.Program.Point.withCompleted_keys._simp_1_1	[propext]
Effect4.Program.Point.withCompleted_keys._simp_1_2	[propext]
Effect4.Program.Point.withCompleted_keys._simp_1_3	[propext]
Effect4.Program.Point.withCompleted_keys._simp_1_4	[propext]
Effect4.Program.Point.withCompleted_keys._simp_1_5	[propext]
Effect4.Program.Point.withCompleted_keys._simp_1_6	[propext]
Effect4.Program.Region.build.inj	[]
Effect4.Program.Region.build.injEq	[propext]
Effect4.Program.Region.build.sizeOf_spec	[]
Effect4.Program.Region.buildAdding.inj	[]
Effect4.Program.Region.buildAdding.injEq	[propext]
Effect4.Program.Region.buildAdding.sizeOf_spec	[]
Effect4.Program.Region.construct.inj	[]
Effect4.Program.Region.construct.injEq	[propext]
Effect4.Program.Region.construct.sizeOf_spec	[]
Effect4.Program.Region.program.inj	[]
Effect4.Program.Region.program.injEq	[propext]
Effect4.Program.Region.program.sizeOf_spec	[]
Effect4.Program.Sched.BMeans.emitL	[propext, Quot.sound]
Effect4.Program.Sched.FMeans.withFrameContext	[propext, Quot.sound]
Effect4.Program.Sched.GuardKind.hasExitArm._sparseCasesOn_1.else_eq	[propext]
Effect4.Program.Sched.GuardKind.hasExitArm._sparseCasesOn_2.else_eq	[propext]
Effect4.Program.Sched.GuardKind.hasExitArm._sparseCasesOn_3.else_eq	[propext]
Effect4.Program.Sched.GuardKind.hasExitArm.eq_1	[propext]
Effect4.Program.Sched.GuardKind.hasExitArm.eq_2	[propext]
Effect4.Program.Sched.GuardKind.hasExitArm.eq_3	[propext]
Effect4.Program.Sched.M1Deliver.storesOk_closeScopeUnsafe	[propext]
Effect4.Program.Sched.M1Deliver.storesOk_closeScopeUnsafe.checked	[propext, Quot.sound]
Effect4.Program.Sched.RSaved.pendingCause.eq_1	[propext]
Effect4.Program.Sched.WalkRel.of_eq	[propext, Quot.sound]
Effect4.Program.Sched.armOf.eq_1	[]
Effect4.Program.Sched.armOf.eq_2	[]
Effect4.Program.Sched.armOf_asyncFinalizer	[]
Effect4.Program.Sched.armOf_exitFrame	[]
Effect4.Program.Sched.armOf_iterator	[]
Effect4.Program.Sched.armOf_onBoth_fail	[]
Effect4.Program.Sched.armOf_onBoth_succ	[]
Effect4.Program.Sched.armOf_onFailure	[]
Effect4.Program.Sched.armOf_onSuccess	[]
Effect4.Program.Sched.armOf_onSuccessConst	[]
Effect4.Program.Sched.armOf_whileLoop	[propext]
Effect4.Program.Sched.bodyR._proof_1	[propext]
Effect4.Program.Sched.bodyR._proof_2	[propext]
Effect4.Program.Sched.causeOf.eq_1	[]
Effect4.Program.Sched.causeOf.eq_2	[]
Effect4.Program.Sched.codeMeans_not_scopeExit	[propext, Quot.sound]
Effect4.Program.Sched.codeMeans_scopeExit_false	[propext, Quot.sound]
Effect4.Program.Sched.deferredOn.eq_1	[]
Effect4.Program.Sched.deferredOn.eq_2	[]
Effect4.Program.Sched.deliverR.eq_1	[propext]
Effect4.Program.Sched.deliverR.eq_2	[propext]
Effect4.Program.Sched.deliverR_deferred	[propext]
Effect4.Program.Sched.deliverR_walk	[propext]
Effect4.Program.Sched.deliver_rel	[propext, Quot.sound]
Effect4.Program.Sched.demandOf.eq_1	[]
Effect4.Program.Sched.demandOf.eq_2	[]
Effect4.Program.Sched.ensure_current	[propext]
Effect4.Program.Sched.ensure_mask_cause	[propext]
Effect4.Program.Sched.ensure_mask_current	[propext]
Effect4.Program.Sched.ensure_mask_deferred	[propext]
Effect4.Program.Sched.evaluateNative_exit	[propext, Quot.sound]
Effect4.Program.Sched.evaluatePrim_exit	[propext, Quot.sound]
Effect4.Program.Sched.exitScoped_of_not	[propext, Quot.sound]
Effect4.Program.Sched.exitScoped_scoped	[propext, Quot.sound]
Effect4.Program.Sched.failingOf._sparseCasesOn_1.else_eq	[propext]
Effect4.Program.Sched.failingOf.eq_1	[propext]
Effect4.Program.Sched.failingOf.eq_2	[propext]
Effect4.Program.Sched.finalizerOr_of_not	[propext]
Effect4.Program.Sched.finalizerOr_program	[propext]
Effect4.Program.Sched.finalizer_bind_intro	[propext, Quot.sound]
Effect4.Program.Sched.finishFrame_finished	[propext]
Effect4.Program.Sched.finishFrame_running	[propext]
Effect4.Program.Sched.frameExitState_exit	[propext, Quot.sound]
Effect4.Program.Sched.getCont_exit	[propext]
Effect4.Program.Sched.getCont_success_deferred	[propext]
Effect4.Program.Sched.joinPushed_current	[propext]
Effect4.Program.Sched.means_update	[propext, Quot.sound]
Effect4.Program.Sched.parkOf_ofExit	[propext, Quot.sound]
Effect4.Program.Sched.passPushed_current	[propext]
Effect4.Program.Sched.popFrom_asyncFinalizer_fail	[propext]
Effect4.Program.Sched.popFrom_asyncFinalizer_succ	[propext, Quot.sound]
Effect4.Program.Sched.popFrom_current	[propext, Quot.sound]
Effect4.Program.Sched.popFrom_onExit	[propext]
Effect4.Program.Sched.popFrom_plain_answer	[propext]
Effect4.Program.Sched.popFrom_plain_pass	[propext]
Effect4.Program.Sched.popR._sparseCasesOn_10.else_eq	[propext]
Effect4.Program.Sched.popR._sparseCasesOn_11.else_eq	[propext]
Effect4.Program.Sched.popR._sparseCasesOn_3.else_eq	[propext]
Effect4.Program.Sched.popR._sparseCasesOn_4.else_eq	[propext]
Effect4.Program.Sched.popR._sparseCasesOn_7.else_eq	[propext]
Effect4.Program.Sched.popR.eq_1	[propext]
Effect4.Program.Sched.popR.eq_10	[propext, Quot.sound]
Effect4.Program.Sched.popR.eq_11	[propext]
Effect4.Program.Sched.popR.eq_12	[propext, Quot.sound]
Effect4.Program.Sched.popR.eq_13	[propext]
Effect4.Program.Sched.popR.eq_14	[propext, Quot.sound]
Effect4.Program.Sched.popR.eq_15	[propext]
Effect4.Program.Sched.popR.eq_16	[propext]
Effect4.Program.Sched.popR.eq_17	[propext]
Effect4.Program.Sched.popR.eq_18	[propext]
Effect4.Program.Sched.popR.eq_19	[propext]
Effect4.Program.Sched.popR.eq_2	[propext]
Effect4.Program.Sched.popR.eq_20	[propext]
Effect4.Program.Sched.popR.eq_21	[propext]
Effect4.Program.Sched.popR.eq_3	[propext, Quot.sound]
Effect4.Program.Sched.popR.eq_4	[propext]
Effect4.Program.Sched.popR.eq_5	[propext, Quot.sound]
Effect4.Program.Sched.popR.eq_6	[propext]
Effect4.Program.Sched.popR.eq_7	[propext, Quot.sound]
Effect4.Program.Sched.popR.eq_8	[propext, Quot.sound]
Effect4.Program.Sched.popR.eq_9	[propext]
Effect4.Program.Sched.popR.eq_def	[propext]
Effect4.Program.Sched.popR_answer	[propext]
Effect4.Program.Sched.popR_asyncFinalizer_fail	[propext]
Effect4.Program.Sched.popR_asyncFinalizer_succ	[propext]
Effect4.Program.Sched.popR_asyncFinalizer_succ_pass	[propext]
Effect4.Program.Sched.popR_iter_fail	[propext]
Effect4.Program.Sched.popR_iter_succ	[propext]
Effect4.Program.Sched.popR_loop_fail	[propext]
Effect4.Program.Sched.popR_loop_succ	[propext]
Effect4.Program.Sched.popR_mask	[propext]
Effect4.Program.Sched.popR_mask_false	[propext]
Effect4.Program.Sched.popR_nil	[propext]
Effect4.Program.Sched.popR_resume_all	[propext]
Effect4.Program.Sched.popR_resume_all_skip	[propext]
Effect4.Program.Sched.popR_resume_all_succ	[propext]
Effect4.Program.Sched.popR_resume_onExit	[propext]
Effect4.Program.Sched.popR_resume_onFailure	[propext]
Effect4.Program.Sched.popR_resume_onFailure_skip	[propext]
Effect4.Program.Sched.popR_resume_onFailure_succ	[propext]
Effect4.Program.Sched.popR_resume_onSuccess	[propext]
Effect4.Program.Sched.popR_resume_onSuccess_fail	[propext]
Effect4.Program.Sched.prepareIterR_continue	[propext]
Effect4.Program.Sched.prepareIterR_walk	[propext]
Effect4.Program.Sched.prepareScopedExitR._sparseCasesOn_5.else_eq	[propext]
Effect4.Program.Sched.prepareScopedExitR._sparseCasesOn_6.else_eq	[propext]
Effect4.Program.Sched.prepareScopedExitR_of_not	[propext]
Effect4.Program.Sched.resumeAt.eq_1	[]
Effect4.Program.Sched.scopeCloseSnapshot_deferreds	[propext]
Effect4.Program.Sched.scopeCloseSnapshot_scopes	[propext]
Effect4.Program.Sched.skipOf.eq_1	[]
Effect4.Program.Sched.skipOf.eq_2	[]
Effect4.Program.Sched.stepFrame_eq'	[propext]
Effect4.Program.Sched.step_exit	[propext, Quot.sound]
Effect4.Program.Sched.storesOk_closeScopeUnsafe	[propext, Quot.sound]
Effect4.Program.Sched.toPrimInterp_contA	[]
Effect4.Program.Sched.toPrimInterp_contE	[]
Effect4.Program.Sched.toPrimInterp_iterNext	[]
Effect4.Program.Sched.toPrimInterp_loopResume	[]
Effect4.Program.Sched.walkExit.eq_1	[propext]
Effect4.Program.Sched.walkExit_answer	[propext]
Effect4.Program.Sched.walkExit_asyncFinalizer_failure	[propext]
Effect4.Program.Sched.walkExit_mask_failure	[propext]
Effect4.Program.Sched.walkExit_miss	[propext, Quot.sound]
Effect4.Program.Sched.walkExit_nil	[propext]
Effect4.Program.Sched.walkExit_onExit	[propext]
Effect4.Program.Sched.walkExit_pass	[propext, Quot.sound]
Effect4.Program.Sched.walkExit_plain_answer	[propext]
Effect4.Program.Sched.walkExit_preempted	[propext, Quot.sound]
Effect4.Program.Sched.walkExit_success	[propext]
Effect4.Program.Sched.walk_mask	[propext, Quot.sound]
Effect4.Program.Sched.walk_rel	[propext, Quot.sound]
Effect4.Program.Sched.walk_rel_carried	[propext, Quot.sound]
Effect4.Program.addCurrentMemoMapK.eq_1	[propext, Quot.sound]
Effect4.Program.badShape.eq_1	[]
Effect4.Program.buildWithScopeK.eq_1	[propext]
Effect4.Program.causeOf._sparseCasesOn_1.else_eq	[propext]
Effect4.Program.checked_replay_minted	[propext, Quot.sound]
Effect4.Program.combineWithK.eq_1	[propext, Quot.sound]
Effect4.Program.compileEff._sparseCasesOn_16.else_eq	[propext]
Effect4.Program.compileEff._sparseCasesOn_7.else_eq	[propext]
Effect4.Program.compileEff.eq_1	[propext]
Effect4.Program.compileEff.eq_10	[propext]
Effect4.Program.compileEff.eq_11	[propext]
Effect4.Program.compileEff.eq_12	[propext]
Effect4.Program.compileEff.eq_13	[propext]
Effect4.Program.compileEff.eq_14	[propext]
Effect4.Program.compileEff.eq_15	[propext]
Effect4.Program.compileEff.eq_16	[propext]
Effect4.Program.compileEff.eq_17	[propext]
Effect4.Program.compileEff.eq_18	[propext]
Effect4.Program.compileEff.eq_19	[propext]
Effect4.Program.compileEff.eq_2	[propext]
Effect4.Program.compileEff.eq_20	[propext]
Effect4.Program.compileEff.eq_21	[propext]
Effect4.Program.compileEff.eq_22	[propext, Quot.sound]
Effect4.Program.compileEff.eq_23	[propext]
Effect4.Program.compileEff.eq_24	[propext]
Effect4.Program.compileEff.eq_25	[propext]
Effect4.Program.compileEff.eq_26	[propext]
Effect4.Program.compileEff.eq_27	[propext]
Effect4.Program.compileEff.eq_3	[propext]
Effect4.Program.compileEff.eq_4	[propext]
Effect4.Program.compileEff.eq_5	[propext]
Effect4.Program.compileEff.eq_6	[propext]
Effect4.Program.compileEff.eq_7	[propext, Quot.sound]
Effect4.Program.compileEff.eq_8	[propext]
Effect4.Program.compileEff.eq_9	[propext]
Effect4.Program.compileEff.eq_def	[propext]
Effect4.Program.compileLayer._sparseCasesOn_1.else_eq	[propext]
Effect4.Program.compileLayer.eq_1	[propext, Quot.sound]
Effect4.Program.compileLayer.eq_2	[propext, Quot.sound]
Effect4.Program.compileLayer.eq_3	[propext, Quot.sound]
Effect4.Program.compileLayer.eq_4	[propext, Quot.sound]
Effect4.Program.compileLayer.eq_5	[propext, Quot.sound]
Effect4.Program.compileLayer.eq_def	[propext, Quot.sound]
Effect4.Program.constructionAt.eq_1	[propext]
Effect4.Program.contAOf._sparseCasesOn_1.else_eq	[propext]
Effect4.Program.contAOf._sparseCasesOn_2.else_eq	[propext]
Effect4.Program.contAOf.eq_1	[propext, Quot.sound]
Effect4.Program.contAOf.eq_10	[propext, Quot.sound]
Effect4.Program.contAOf.eq_11	[propext, Quot.sound]
Effect4.Program.contAOf.eq_12	[propext, Quot.sound]
Effect4.Program.contAOf.eq_13	[propext, Quot.sound]
Effect4.Program.contAOf.eq_14	[propext, Quot.sound]
Effect4.Program.contAOf.eq_15	[propext, Quot.sound]
Effect4.Program.contAOf.eq_16	[propext, Quot.sound]
Effect4.Program.contAOf.eq_17	[propext, Quot.sound]
Effect4.Program.contAOf.eq_18	[propext, Quot.sound]
Effect4.Program.contAOf.eq_19	[propext, Quot.sound]
Effect4.Program.contAOf.eq_2	[propext, Quot.sound]
Effect4.Program.contAOf.eq_20	[propext, Quot.sound]
Effect4.Program.contAOf.eq_21	[propext, Quot.sound]
Effect4.Program.contAOf.eq_22	[propext, Quot.sound]
Effect4.Program.contAOf.eq_23	[propext, Quot.sound]
Effect4.Program.contAOf.eq_24	[propext, Quot.sound]
Effect4.Program.contAOf.eq_25	[propext, Quot.sound]
Effect4.Program.contAOf.eq_26	[propext, Quot.sound]
Effect4.Program.contAOf.eq_27	[propext, Quot.sound]
Effect4.Program.contAOf.eq_28	[propext, Quot.sound]
Effect4.Program.contAOf.eq_29	[propext, Quot.sound]
Effect4.Program.contAOf.eq_3	[propext, Quot.sound]
Effect4.Program.contAOf.eq_30	[propext, Quot.sound]
Effect4.Program.contAOf.eq_31	[propext, Quot.sound]
Effect4.Program.contAOf.eq_32	[propext, Quot.sound]
Effect4.Program.contAOf.eq_33	[propext, Quot.sound]
Effect4.Program.contAOf.eq_34	[propext, Quot.sound]
Effect4.Program.contAOf.eq_35	[propext, Quot.sound]
Effect4.Program.contAOf.eq_36	[propext, Quot.sound]
Effect4.Program.contAOf.eq_37	[propext, Quot.sound]
Effect4.Program.contAOf.eq_38	[propext, Quot.sound]
Effect4.Program.contAOf.eq_39	[propext, Quot.sound]
Effect4.Program.contAOf.eq_4	[propext, Quot.sound]
Effect4.Program.contAOf.eq_40	[propext, Quot.sound]
Effect4.Program.contAOf.eq_41	[propext, Quot.sound]
Effect4.Program.contAOf.eq_42	[propext, Quot.sound]
Effect4.Program.contAOf.eq_43	[propext, Quot.sound]
Effect4.Program.contAOf.eq_44	[propext, Quot.sound]
Effect4.Program.contAOf.eq_45	[propext, Quot.sound]
Effect4.Program.contAOf.eq_46	[propext, Quot.sound]
Effect4.Program.contAOf.eq_47	[propext, Quot.sound]
Effect4.Program.contAOf.eq_48	[propext, Quot.sound]
Effect4.Program.contAOf.eq_49	[propext, Quot.sound]
Effect4.Program.contAOf.eq_5	[propext, Quot.sound]
Effect4.Program.contAOf.eq_50	[propext, Quot.sound]
Effect4.Program.contAOf.eq_51	[propext, Quot.sound]
Effect4.Program.contAOf.eq_52	[propext, Quot.sound]
Effect4.Program.contAOf.eq_53	[propext, Quot.sound]
Effect4.Program.contAOf.eq_54	[propext, Quot.sound]
Effect4.Program.contAOf.eq_55	[propext, Quot.sound]
Effect4.Program.contAOf.eq_56	[propext, Quot.sound]
Effect4.Program.contAOf.eq_57	[propext, Quot.sound]
Effect4.Program.contAOf.eq_58	[propext, Quot.sound]
Effect4.Program.contAOf.eq_59	[propext, Quot.sound]
Effect4.Program.contAOf.eq_6	[propext, Quot.sound]
Effect4.Program.contAOf.eq_7	[propext, Quot.sound]
Effect4.Program.contAOf.eq_8	[propext, Quot.sound]
Effect4.Program.contAOf.eq_9	[propext, Quot.sound]
Effect4.Program.contextsOf._sparseCasesOn_1.else_eq	[propext]
Effect4.Program.contextsOf.eq_1	[propext]
Effect4.Program.contextsOf.eq_2	[propext]
Effect4.Program.contextsOfList._sparseCasesOn_3.else_eq	[propext]
Effect4.Program.contextsOfList.eq_1	[propext]
Effect4.Program.contextsOfList.eq_2	[propext]
Effect4.Program.contextsOfList.eq_def	[propext]
Effect4.Program.currentMemoMapOf._sparseCasesOn_1.else_eq	[propext]
Effect4.Program.enterScoped.eq_1	[propext, Quot.sound]
Effect4.Program.enterScoped_minted	[propext, Quot.sound]
Effect4.Program.enterScoped_minted._simp_1_1	[propext]
Effect4.Program.enterScoped_minted._simp_1_2	[propext]
Effect4.Program.enterScoped_minted._simp_1_3	[propext]
Effect4.Program.enterScoped_minted._simp_1_4	[propext]
Effect4.Program.enterScoped_minted._simp_1_5	[propext]
Effect4.Program.enterScoped_minted._simp_1_6	[propext]
Effect4.Program.evaluateNative._sparseCasesOn_1.else_eq	[propext]
Effect4.Program.evaluateNative._sparseCasesOn_4.else_eq	[propext]
Effect4.Program.evaluateNative._sparseCasesOn_5.else_eq	[propext]
Effect4.Program.evaluateNative.eq_1	[propext, Quot.sound]
Effect4.Program.evaluateNative_minted	[propext, Quot.sound]
Effect4.Program.evaluateNative_minted._simp_1_3	[propext]
Effect4.Program.evaluateNative_minted._simp_1_4	[propext]
Effect4.Program.evaluateNative_minted._simp_1_5	[propext]
Effect4.Program.evaluateNative_minted._simp_1_6	[propext]
Effect4.Program.evaluateNative_minted._simp_1_7	[propext]
Effect4.Program.evaluateNative_minted._simp_1_8	[propext]
Effect4.Program.evaluatePrimAt_minted	[propext, Quot.sound]
Effect4.Program.evaluatePrimAt_minted._simp_1_1	[propext]
Effect4.Program.evaluatePrimAt_minted._simp_1_2	[propext]
Effect4.Program.evaluatePrimAt_minted._simp_1_3	[propext]
Effect4.Program.evaluatePrimAt_minted._simp_1_4	[propext]
Effect4.Program.evaluatePrimAt_minted._simp_1_5	[propext]
Effect4.Program.evaluatePrimAt_minted._simp_1_6	[propext]
Effect4.Program.evaluatorFor_minted	[propext, Quot.sound]
Effect4.Program.evaluatorFor_minted._simp_1_1	[propext]
Effect4.Program.evaluatorFor_minted._simp_1_2	[propext]
Effect4.Program.evaluatorFor_minted._simp_1_3	[propext]
Effect4.Program.evaluatorFor_minted._simp_1_4	[propext]
Effect4.Program.evaluatorFor_minted._simp_1_5	[propext]
Effect4.Program.evaluatorFor_minted._simp_1_6	[propext]
Effect4.Program.exitOfVal_exitErr	[propext]
Effect4.Program.exitOfVal_exitOk	[propext]
Effect4.Program.exitScoped._sparseCasesOn_7.else_eq	[propext]
Effect4.Program.exitScoped._sparseCasesOn_8.else_eq	[propext]
Effect4.Program.exitScoped._sparseCasesOn_9.else_eq	[propext]
Effect4.Program.exitScoped.eq_1	[propext, Quot.sound]
Effect4.Program.exitScoped.eq_2	[propext, Quot.sound]
Effect4.Program.exitScoped_minted	[propext, Quot.sound]
Effect4.Program.exitScoped_minted._simp_1_10	[propext]
Effect4.Program.exitScoped_minted._simp_1_4	[propext, Quot.sound]
Effect4.Program.exitScoped_minted._simp_1_5	[propext]
Effect4.Program.exitScoped_minted._simp_1_6	[propext]
Effect4.Program.exitScoped_minted._simp_1_7	[propext]
Effect4.Program.exitScoped_minted._simp_1_8	[propext]
Effect4.Program.exitScoped_minted._simp_1_9	[propext]
Effect4.Program.frontier.eq_1	[]
Effect4.Program.handles_minted	[propext, Quot.sound]
Effect4.Program.innerLayerAt.eq_1	[propext, Quot.sound]
Effect4.Program.instDecidableEqCombineMode._proof_1	[]
Effect4.Program.instDecidableEqCombineMode._proof_2	[]
Effect4.Program.instDecidableEqEffName.decEq._proof_1	[]
Effect4.Program.instDecidableEqEffName.decEq._proof_10	[]
Effect4.Program.instDecidableEqEffName.decEq._proof_100	[]
Effect4.Program.instDecidableEqEffName.decEq._proof_101	[]
Effect4.Program.instDecidableEqEffName.decEq._proof_102	[]
Effect4.Program.instDecidableEqEffName.decEq._proof_103	[]
Effect4.Program.instDecidableEqEffName.decEq._proof_104	[]
Effect4.Program.instDecidableEqEffName.decEq._proof_105	[]
Effect4.Program.instDecidableEqEffName.decEq._proof_106	[]
Effect4.Program.instDecidableEqEffName.decEq._proof_107	[]
Effect4.Program.instDecidableEqEffName.decEq._proof_108	[]
Effect4.Program.instDecidableEqEffName.decEq._proof_109	[]
Effect4.Program.instDecidableEqEffName.decEq._proof_11	[]
Effect4.Program.instDecidableEqEffName.decEq._proof_110	[]
Effect4.Program.instDecidableEqEffName.decEq._proof_111	[]
Effect4.Program.instDecidableEqEffName.decEq._proof_112	[]
Effect4.Program.instDecidableEqEffName.decEq._proof_113	[]
Effect4.Program.instDecidableEqEffName.decEq._proof_114	[]
Effect4.Program.instDecidableEqEffName.decEq._proof_115	[]
Effect4.Program.instDecidableEqEffName.decEq._proof_116	[]
Effect4.Program.instDecidableEqEffName.decEq._proof_117	[]
Effect4.Program.instDecidableEqEffName.decEq._proof_118	[]
Effect4.Program.instDecidableEqEffName.decEq._proof_119	[]
Effect4.Program.instDecidableEqEffName.decEq._proof_12	[]
Effect4.Program.instDecidableEqEffName.decEq._proof_120	[]
Effect4.Program.instDecidableEqEffName.decEq._proof_121	[]
Effect4.Program.instDecidableEqEffName.decEq._proof_122	[]
Effect4.Program.instDecidableEqEffName.decEq._proof_123	[]
Effect4.Program.instDecidableEqEffName.decEq._proof_124	[]
Effect4.Program.instDecidableEqEffName.decEq._proof_125	[]
Effect4.Program.instDecidableEqEffName.decEq._proof_126	[]
Effect4.Program.instDecidableEqEffName.decEq._proof_127	[]
Effect4.Program.instDecidableEqEffName.decEq._proof_128	[]
Effect4.Program.instDecidableEqEffName.decEq._proof_129	[]
Effect4.Program.instDecidableEqEffName.decEq._proof_13	[]
Effect4.Program.instDecidableEqEffName.decEq._proof_130	[]
Effect4.Program.instDecidableEqEffName.decEq._proof_131	[]
Effect4.Program.instDecidableEqEffName.decEq._proof_132	[]
Effect4.Program.instDecidableEqEffName.decEq._proof_133	[]
Effect4.Program.instDecidableEqEffName.decEq._proof_134	[]
Effect4.Program.instDecidableEqEffName.decEq._proof_135	[]
Effect4.Program.instDecidableEqEffName.decEq._proof_136	[]
Effect4.Program.instDecidableEqEffName.decEq._proof_137	[]
Effect4.Program.instDecidableEqEffName.decEq._proof_138	[]
Effect4.Program.instDecidableEqEffName.decEq._proof_139	[]
Effect4.Program.instDecidableEqEffName.decEq._proof_14	[]
Effect4.Program.instDecidableEqEffName.decEq._proof_140	[]
Effect4.Program.instDecidableEqEffName.decEq._proof_141	[]
Effect4.Program.instDecidableEqEffName.decEq._proof_142	[]
Effect4.Program.instDecidableEqEffName.decEq._proof_143	[]
Effect4.Program.instDecidableEqEffName.decEq._proof_144	[]
Effect4.Program.instDecidableEqEffName.decEq._proof_145	[]
Effect4.Program.instDecidableEqEffName.decEq._proof_146	[]
Effect4.Program.instDecidableEqEffName.decEq._proof_147	[]
Effect4.Program.instDecidableEqEffName.decEq._proof_148	[]
Effect4.Program.instDecidableEqEffName.decEq._proof_149	[]
Effect4.Program.instDecidableEqEffName.decEq._proof_15	[]
Effect4.Program.instDecidableEqEffName.decEq._proof_150	[]
Effect4.Program.instDecidableEqEffName.decEq._proof_151	[]
Effect4.Program.instDecidableEqEffName.decEq._proof_152	[]
Effect4.Program.instDecidableEqEffName.decEq._proof_153	[]
Effect4.Program.instDecidableEqEffName.decEq._proof_154	[]
Effect4.Program.instDecidableEqEffName.decEq._proof_155	[]
Effect4.Program.instDecidableEqEffName.decEq._proof_156	[]
Effect4.Program.instDecidableEqEffName.decEq._proof_157	[]
Effect4.Program.instDecidableEqEffName.decEq._proof_16	[]
Effect4.Program.instDecidableEqEffName.decEq._proof_17	[]
Effect4.Program.instDecidableEqEffName.decEq._proof_18	[]
Effect4.Program.instDecidableEqEffName.decEq._proof_19	[]
Effect4.Program.instDecidableEqEffName.decEq._proof_2	[]
Effect4.Program.instDecidableEqEffName.decEq._proof_20	[]
Effect4.Program.instDecidableEqEffName.decEq._proof_21	[]
Effect4.Program.instDecidableEqEffName.decEq._proof_22	[]
Effect4.Program.instDecidableEqEffName.decEq._proof_23	[]
Effect4.Program.instDecidableEqEffName.decEq._proof_24	[]
Effect4.Program.instDecidableEqEffName.decEq._proof_25	[]
Effect4.Program.instDecidableEqEffName.decEq._proof_26	[]
Effect4.Program.instDecidableEqEffName.decEq._proof_27	[]
Effect4.Program.instDecidableEqEffName.decEq._proof_28	[]
Effect4.Program.instDecidableEqEffName.decEq._proof_29	[]
Effect4.Program.instDecidableEqEffName.decEq._proof_3	[]
Effect4.Program.instDecidableEqEffName.decEq._proof_30	[]
Effect4.Program.instDecidableEqEffName.decEq._proof_31	[]
Effect4.Program.instDecidableEqEffName.decEq._proof_32	[]
Effect4.Program.instDecidableEqEffName.decEq._proof_33	[]
Effect4.Program.instDecidableEqEffName.decEq._proof_34	[]
Effect4.Program.instDecidableEqEffName.decEq._proof_35	[]
Effect4.Program.instDecidableEqEffName.decEq._proof_36	[]
Effect4.Program.instDecidableEqEffName.decEq._proof_37	[]
Effect4.Program.instDecidableEqEffName.decEq._proof_38	[]
Effect4.Program.instDecidableEqEffName.decEq._proof_39	[]
Effect4.Program.instDecidableEqEffName.decEq._proof_4	[]
Effect4.Program.instDecidableEqEffName.decEq._proof_40	[]
Effect4.Program.instDecidableEqEffName.decEq._proof_41	[]
Effect4.Program.instDecidableEqEffName.decEq._proof_42	[]
Effect4.Program.instDecidableEqEffName.decEq._proof_43	[]
Effect4.Program.instDecidableEqEffName.decEq._proof_44	[]
Effect4.Program.instDecidableEqEffName.decEq._proof_45	[]
Effect4.Program.instDecidableEqEffName.decEq._proof_46	[]
Effect4.Program.instDecidableEqEffName.decEq._proof_47	[]
Effect4.Program.instDecidableEqEffName.decEq._proof_48	[]
Effect4.Program.instDecidableEqEffName.decEq._proof_49	[]
Effect4.Program.instDecidableEqEffName.decEq._proof_5	[]
Effect4.Program.instDecidableEqEffName.decEq._proof_50	[]
Effect4.Program.instDecidableEqEffName.decEq._proof_51	[]
Effect4.Program.instDecidableEqEffName.decEq._proof_52	[]
Effect4.Program.instDecidableEqEffName.decEq._proof_53	[]
Effect4.Program.instDecidableEqEffName.decEq._proof_54	[]
Effect4.Program.instDecidableEqEffName.decEq._proof_55	[]
Effect4.Program.instDecidableEqEffName.decEq._proof_56	[]
Effect4.Program.instDecidableEqEffName.decEq._proof_57	[]
Effect4.Program.instDecidableEqEffName.decEq._proof_58	[]
Effect4.Program.instDecidableEqEffName.decEq._proof_59	[]
Effect4.Program.instDecidableEqEffName.decEq._proof_6	[]
Effect4.Program.instDecidableEqEffName.decEq._proof_60	[]
Effect4.Program.instDecidableEqEffName.decEq._proof_61	[]
Effect4.Program.instDecidableEqEffName.decEq._proof_62	[]
Effect4.Program.instDecidableEqEffName.decEq._proof_63	[]
Effect4.Program.instDecidableEqEffName.decEq._proof_64	[]
Effect4.Program.instDecidableEqEffName.decEq._proof_65	[]
Effect4.Program.instDecidableEqEffName.decEq._proof_66	[]
Effect4.Program.instDecidableEqEffName.decEq._proof_67	[]
Effect4.Program.instDecidableEqEffName.decEq._proof_68	[]
Effect4.Program.instDecidableEqEffName.decEq._proof_69	[]
Effect4.Program.instDecidableEqEffName.decEq._proof_7	[]
Effect4.Program.instDecidableEqEffName.decEq._proof_70	[]
Effect4.Program.instDecidableEqEffName.decEq._proof_71	[]
Effect4.Program.instDecidableEqEffName.decEq._proof_72	[]
Effect4.Program.instDecidableEqEffName.decEq._proof_73	[]
Effect4.Program.instDecidableEqEffName.decEq._proof_74	[]
Effect4.Program.instDecidableEqEffName.decEq._proof_75	[]
Effect4.Program.instDecidableEqEffName.decEq._proof_76	[]
Effect4.Program.instDecidableEqEffName.decEq._proof_77	[]
Effect4.Program.instDecidableEqEffName.decEq._proof_78	[]
Effect4.Program.instDecidableEqEffName.decEq._proof_79	[]
Effect4.Program.instDecidableEqEffName.decEq._proof_8	[]
Effect4.Program.instDecidableEqEffName.decEq._proof_80	[]
Effect4.Program.instDecidableEqEffName.decEq._proof_81	[]
Effect4.Program.instDecidableEqEffName.decEq._proof_82	[]
Effect4.Program.instDecidableEqEffName.decEq._proof_83	[]
Effect4.Program.instDecidableEqEffName.decEq._proof_84	[]
Effect4.Program.instDecidableEqEffName.decEq._proof_85	[]
Effect4.Program.instDecidableEqEffName.decEq._proof_86	[]
Effect4.Program.instDecidableEqEffName.decEq._proof_87	[]
Effect4.Program.instDecidableEqEffName.decEq._proof_88	[]
Effect4.Program.instDecidableEqEffName.decEq._proof_89	[]
Effect4.Program.instDecidableEqEffName.decEq._proof_9	[]
Effect4.Program.instDecidableEqEffName.decEq._proof_90	[]
Effect4.Program.instDecidableEqEffName.decEq._proof_91	[]
Effect4.Program.instDecidableEqEffName.decEq._proof_92	[]
Effect4.Program.instDecidableEqEffName.decEq._proof_93	[]
Effect4.Program.instDecidableEqEffName.decEq._proof_94	[]
Effect4.Program.instDecidableEqEffName.decEq._proof_95	[]
Effect4.Program.instDecidableEqEffName.decEq._proof_96	[]
Effect4.Program.instDecidableEqEffName.decEq._proof_97	[]
Effect4.Program.instDecidableEqEffName.decEq._proof_98	[]
Effect4.Program.instDecidableEqEffName.decEq._proof_99	[]
Effect4.Program.instDecidableEqEffThunk.decEq._proof_1	[]
Effect4.Program.instDecidableEqEffThunk.decEq._proof_10	[]
Effect4.Program.instDecidableEqEffThunk.decEq._proof_11	[]
Effect4.Program.instDecidableEqEffThunk.decEq._proof_12	[]
Effect4.Program.instDecidableEqEffThunk.decEq._proof_13	[]
Effect4.Program.instDecidableEqEffThunk.decEq._proof_14	[]
Effect4.Program.instDecidableEqEffThunk.decEq._proof_15	[]
Effect4.Program.instDecidableEqEffThunk.decEq._proof_16	[]
Effect4.Program.instDecidableEqEffThunk.decEq._proof_17	[]
Effect4.Program.instDecidableEqEffThunk.decEq._proof_18	[]
Effect4.Program.instDecidableEqEffThunk.decEq._proof_19	[]
Effect4.Program.instDecidableEqEffThunk.decEq._proof_2	[]
Effect4.Program.instDecidableEqEffThunk.decEq._proof_20	[]
Effect4.Program.instDecidableEqEffThunk.decEq._proof_21	[]
Effect4.Program.instDecidableEqEffThunk.decEq._proof_22	[]
Effect4.Program.instDecidableEqEffThunk.decEq._proof_23	[]
Effect4.Program.instDecidableEqEffThunk.decEq._proof_24	[]
Effect4.Program.instDecidableEqEffThunk.decEq._proof_25	[]
Effect4.Program.instDecidableEqEffThunk.decEq._proof_26	[]
Effect4.Program.instDecidableEqEffThunk.decEq._proof_27	[]
Effect4.Program.instDecidableEqEffThunk.decEq._proof_28	[]
Effect4.Program.instDecidableEqEffThunk.decEq._proof_29	[]
Effect4.Program.instDecidableEqEffThunk.decEq._proof_3	[]
Effect4.Program.instDecidableEqEffThunk.decEq._proof_30	[]
Effect4.Program.instDecidableEqEffThunk.decEq._proof_31	[]
Effect4.Program.instDecidableEqEffThunk.decEq._proof_32	[]
Effect4.Program.instDecidableEqEffThunk.decEq._proof_33	[]
Effect4.Program.instDecidableEqEffThunk.decEq._proof_34	[]
Effect4.Program.instDecidableEqEffThunk.decEq._proof_35	[]
Effect4.Program.instDecidableEqEffThunk.decEq._proof_36	[]
Effect4.Program.instDecidableEqEffThunk.decEq._proof_37	[]
Effect4.Program.instDecidableEqEffThunk.decEq._proof_4	[]
Effect4.Program.instDecidableEqEffThunk.decEq._proof_5	[]
Effect4.Program.instDecidableEqEffThunk.decEq._proof_6	[]
Effect4.Program.instDecidableEqEffThunk.decEq._proof_7	[]
Effect4.Program.instDecidableEqEffThunk.decEq._proof_8	[]
Effect4.Program.instDecidableEqEffThunk.decEq._proof_9	[]
Effect4.Program.instDecidableEqPoint.decEq._proof_1	[]
Effect4.Program.instDecidableEqPoint.decEq._proof_2	[]
Effect4.Program.instDecidableEqPoint.decEq._proof_3	[]
Effect4.Program.instDecidableEqPoint.decEq._proof_4	[]
Effect4.Program.instDecidableEqPoint.decEq._proof_5	[]
Effect4.Program.instDecidableEqPoint.decEq._proof_6	[]
Effect4.Program.instDecidableEqPoint.decEq._proof_7	[]
Effect4.Program.instDecidableEqRegion.decEq._proof_1	[]
Effect4.Program.instDecidableEqRegion.decEq._proof_10	[]
Effect4.Program.instDecidableEqRegion.decEq._proof_11	[]
Effect4.Program.instDecidableEqRegion.decEq._proof_12	[]
Effect4.Program.instDecidableEqRegion.decEq._proof_13	[]
Effect4.Program.instDecidableEqRegion.decEq._proof_14	[]
Effect4.Program.instDecidableEqRegion.decEq._proof_15	[]
Effect4.Program.instDecidableEqRegion.decEq._proof_16	[]
Effect4.Program.instDecidableEqRegion.decEq._proof_17	[]
Effect4.Program.instDecidableEqRegion.decEq._proof_18	[]
Effect4.Program.instDecidableEqRegion.decEq._proof_19	[]
Effect4.Program.instDecidableEqRegion.decEq._proof_2	[]
Effect4.Program.instDecidableEqRegion.decEq._proof_20	[]
Effect4.Program.instDecidableEqRegion.decEq._proof_21	[]
Effect4.Program.instDecidableEqRegion.decEq._proof_22	[]
Effect4.Program.instDecidableEqRegion.decEq._proof_23	[]
Effect4.Program.instDecidableEqRegion.decEq._proof_24	[]
Effect4.Program.instDecidableEqRegion.decEq._proof_25	[]
Effect4.Program.instDecidableEqRegion.decEq._proof_3	[]
Effect4.Program.instDecidableEqRegion.decEq._proof_4	[]
Effect4.Program.instDecidableEqRegion.decEq._proof_5	[]
Effect4.Program.instDecidableEqRegion.decEq._proof_6	[]
Effect4.Program.instDecidableEqRegion.decEq._proof_7	[]
Effect4.Program.instDecidableEqRegion.decEq._proof_8	[]
Effect4.Program.instDecidableEqRegion.decEq._proof_9	[]
Effect4.Program.interpAt._sparseCasesOn_1.else_eq	[propext]
Effect4.Program.interpAt._sparseCasesOn_10.else_eq	[propext]
Effect4.Program.interpAt._sparseCasesOn_4.else_eq	[propext]
Effect4.Program.interpAt._sparseCasesOn_7.else_eq	[propext]
Effect4.Program.interpAt.eq_1	[propext, Quot.sound]
Effect4.Program.interpAt_keyBounded	[propext, Quot.sound]
Effect4.Program.interpAt_keyBounded._simp_1_4	[propext]
Effect4.Program.interpAt_keyBounded._simp_1_5	[propext]
Effect4.Program.interpAt_keyBounded._simp_1_6	[propext]
Effect4.Program.interpAt_keyBounded._simp_1_7	[propext]
Effect4.Program.interpAt_keyBounded._simp_1_8	[propext]
Effect4.Program.interpAt_keyBounded._simp_1_9	[propext]
Effect4.Program.interpOf._sparseCasesOn_1.else_eq	[propext]
Effect4.Program.interpOf._sparseCasesOn_11.else_eq	[propext]
Effect4.Program.interpOf._sparseCasesOn_12.else_eq	[propext]
Effect4.Program.interpOf._sparseCasesOn_13.else_eq	[propext]
Effect4.Program.interpOf._sparseCasesOn_16.else_eq	[propext]
Effect4.Program.interpOf._sparseCasesOn_17.else_eq	[propext]
Effect4.Program.interpOf._sparseCasesOn_2.else_eq	[propext]
Effect4.Program.interpOf._sparseCasesOn_20.else_eq	[propext]
Effect4.Program.interpOf._sparseCasesOn_21.else_eq	[propext]
Effect4.Program.interpOf._sparseCasesOn_30.else_eq	[propext]
Effect4.Program.interpOf._sparseCasesOn_31.else_eq	[propext]
Effect4.Program.interpOf._sparseCasesOn_38.else_eq	[propext]
Effect4.Program.interpOf._sparseCasesOn_5.else_eq	[propext]
Effect4.Program.interpOf._sparseCasesOn_8.else_eq	[propext]
Effect4.Program.interpOf.eq_1	[propext, Quot.sound]
Effect4.Program.load_minted	[propext, Quot.sound]
Effect4.Program.mergeAllCount.eq_1	[propext]
Effect4.Program.mergeContextsK.eq_1	[propext, Quot.sound]
Effect4.Program.provideLayerBodyK.eq_1	[propext]
Effect4.Program.provideLayerWithK.eq_1	[propext]
Effect4.Program.provideThenK.eq_1	[propext]
Effect4.Program.resolve.eq_1	[propext]
Effect4.Program.resolveLayer.eq_1	[propext, Quot.sound]
Effect4.Program.runStmts._sparseCasesOn_3.else_eq	[propext]
Effect4.Program.runStmts.eq_def	[propext, Quot.sound]
Effect4.Program.runStmts.yieldOf._mutual._proof_1	[]
Effect4.Program.runStmts.yieldOf._mutual._proof_2	[propext, Quot.sound]
Effect4.Program.runStmts.yieldOf._mutual._proof_3	[propext, Quot.sound]
Effect4.Program.runStmts.yieldOf._mutual._proof_4	[propext, Quot.sound]
Effect4.Program.runStmts.yieldOf._mutual._proof_5	[propext, Quot.sound]
Effect4.Program.runStmts.yieldOf._mutual._proof_6	[propext, Quot.sound]
Effect4.Program.runStmts.yieldOf._mutual._proof_7	[propext, Quot.sound]
Effect4.Program.runStmts.yieldOf._mutual._proof_8	[propext, Quot.sound]
Effect4.Program.runStmts.yieldOf._mutual._proof_9	[propext, Quot.sound]
Effect4.Program.runStmts.yieldOf._mutual.eq_def	[propext, Quot.sound]
Effect4.Program.runStmts.yieldOf._sparseCasesOn_1.else_eq	[propext]
Effect4.Program.runStmts.yieldOf.eq_def	[propext, Quot.sound]
Effect4.Program.serviceLookupK.eq_1	[propext]
Effect4.Program.suspendBodyAt._sparseCasesOn_5.else_eq	[propext]
Effect4.Program.suspendBodyAt._sparseCasesOn_6.else_eq	[propext]
Effect4.Program.suspendBodyAt.eq_1	[propext]
Effect4.Program.suspendBodyAt.eq_2	[propext]
Effect4.Program.suspendBodyAt.eq_3	[propext]
Effect4.Program.suspendBodyAt.eq_4	[propext]
Effect4.Program.suspendBodyAt.eq_5	[propext]
Effect4.Program.syncValueAt._sparseCasesOn_4.else_eq	[propext]
Effect4.Program.syncValueAt.eq_1	[propext]
Effect4.Program.syncValueAt.eq_2	[propext]
Effect4.Program.updateThenK.eq_1	[propext, Quot.sound]
Effect4.Reason.annotate_annotations	[propext, Quot.sound]
Effect4.Reason.annotate_tag	[propext, Quot.sound]
Effect4.Reason.annotations_die	[]
Effect4.Reason.annotations_fail	[]
Effect4.Reason.annotations_interrupt	[]
Effect4.Reason.cases_receipt	[]
Effect4.Reason.defect_die	[]
Effect4.Reason.defect_fail	[]
Effect4.Reason.defect_interrupt	[]
Effect4.Reason.die.inj	[]
Effect4.Reason.die.injEq	[propext]
Effect4.Reason.die.sizeOf_spec	[]
Effect4.Reason.die_inj	[]
Effect4.Reason.error_die	[]
Effect4.Reason.error_fail	[]
Effect4.Reason.error_interrupt	[]
Effect4.Reason.fail.inj	[]
Effect4.Reason.fail.injEq	[propext]
Effect4.Reason.fail.sizeOf_spec	[]
Effect4.Reason.fail_inj	[]
Effect4.Reason.host_memory_refused	[]
Effect4.Reason.interrupt.inj	[]
Effect4.Reason.interrupt.injEq	[propext]
Effect4.Reason.interrupt.sizeOf_spec	[]
Effect4.Reason.interrupt_inj	[]
Effect4.Reason.tag_die	[]
Effect4.Reason.tag_fail	[]
Effect4.Reason.tag_interrupt	[]
Effect4.Reason.tag_mem_all	[propext]
Effect4.ReasonAnnotations.annotate._proof_1	[propext, Quot.sound]
Effect4.ReasonAnnotations.annotate_empty	[propext, Quot.sound]
Effect4.ReasonAnnotations.annotate_entries	[propext, Quot.sound]
Effect4.ReasonAnnotations.annotate_keys	[propext, Quot.sound]
Effect4.ReasonAnnotations.empty_entries	[]
Effect4.ReasonAnnotations.ext	[]
Effect4.ReasonAnnotations.keysNodup	[]
Effect4.ReasonAnnotations.keys_eq	[]
Effect4.ReasonAnnotations.keys_nodup	[]
Effect4.ReasonAnnotations.lookup.eq_1	[]
Effect4.ReasonAnnotations.lookup_annotate_absent	[propext, Quot.sound]
Effect4.ReasonAnnotations.lookup_annotate_kept	[propext, Quot.sound]
Effect4.ReasonAnnotations.lookup_annotate_new	[propext, Quot.sound]
Effect4.ReasonAnnotations.lookup_annotate_overwrite	[propext, Quot.sound]
Effect4.ReasonAnnotations.lookup_empty	[]
Effect4.ReasonAnnotations.lookup_eq	[]
Effect4.ReasonAnnotations.mk.congr_simp	[]
Effect4.ReasonAnnotations.mk.inj	[]
Effect4.ReasonAnnotations.mk.injEq	[propext]
Effect4.ReasonAnnotations.mk.sizeOf_spec	[]
Effect4.ReasonAnnotations.order_retained	[propext]
Effect4.ReasonTag.all_nodup	[]
Effect4.ReasonTag.cases_receipt	[]
Effect4.ReasonTag.die.sizeOf_spec	[]
Effect4.ReasonTag.fail.sizeOf_spec	[]
Effect4.ReasonTag.interrupt.sizeOf_spec	[]
Effect4.ReasonTag.mem_all	[propext]
Effect4.ReasonTag.ofNat_ctorIdx	[]
Effect4.ScopeRestoration.resumeClosedScope.eq_1	[propext]
Effect4.ScopeRestoration.resumeClosedScope_already_masked	[propext]
Effect4.ScopeRestoration.resumeClosedScope_complete	[propext, Quot.sound]
Effect4.ScopeRestoration.resumeClosedScope_failure_cleanup	[propext]
Effect4.ScopeRestoration.resumeClosedScope_failure_pending	[propext, Quot.sound]
Effect4.ScopeRestoration.resumeClosedScope_masked_continuation	[propext, Quot.sound]
Effect4.ScopeRestoration.resumeClosedScope_success_cleanup_failure	[propext, Quot.sound]
Effect4.ScopeRestoration.resumeClosedScope_success_no_pending	[propext, Quot.sound]
Effect4.ScopeRestoration.resumeClosedScope_success_pending	[propext, Quot.sound]
Effect4.ScopeRestoration.resumeClosedScope_unfinished	[propext]
Effect4.Squashed.cases_receipt	[]
Effect4.Squashed.defect.inj	[]
Effect4.Squashed.defect.injEq	[propext]
Effect4.Squashed.defect.sizeOf_spec	[]
Effect4.Squashed.emptyCause.sizeOf_spec	[]
Effect4.Squashed.error.inj	[]
Effect4.Squashed.error.injEq	[propext]
Effect4.Squashed.error.sizeOf_spec	[]
Effect4.Squashed.interruptedWithoutError.sizeOf_spec	[]
Effect4.Supervision.RaceAllState.initial.eq_1	[]
Effect4.instDecidableEqArm._proof_1	[]
Effect4.instDecidableEqArm._proof_2	[]
Effect4.instDecidableEqCause.decEq._proof_1	[]
Effect4.instDecidableEqCause.decEq._proof_2	[]
Effect4.instDecidableEqContAnswer.decEq._proof_1	[]
Effect4.instDecidableEqContAnswer.decEq._proof_10	[]
Effect4.instDecidableEqContAnswer.decEq._proof_11	[]
Effect4.instDecidableEqContAnswer.decEq._proof_12	[]
Effect4.instDecidableEqContAnswer.decEq._proof_13	[]
Effect4.instDecidableEqContAnswer.decEq._proof_14	[]
Effect4.instDecidableEqContAnswer.decEq._proof_15	[]
Effect4.instDecidableEqContAnswer.decEq._proof_16	[]
Effect4.instDecidableEqContAnswer.decEq._proof_17	[]
Effect4.instDecidableEqContAnswer.decEq._proof_18	[]
Effect4.instDecidableEqContAnswer.decEq._proof_19	[]
Effect4.instDecidableEqContAnswer.decEq._proof_2	[]
Effect4.instDecidableEqContAnswer.decEq._proof_3	[]
Effect4.instDecidableEqContAnswer.decEq._proof_4	[]
Effect4.instDecidableEqContAnswer.decEq._proof_5	[]
Effect4.instDecidableEqContAnswer.decEq._proof_6	[]
Effect4.instDecidableEqContAnswer.decEq._proof_7	[]
Effect4.instDecidableEqContAnswer.decEq._proof_8	[]
Effect4.instDecidableEqContAnswer.decEq._proof_9	[]
Effect4.instDecidableEqFrameEvent.decEq._proof_1	[]
Effect4.instDecidableEqFrameEvent.decEq._proof_10	[]
Effect4.instDecidableEqFrameEvent.decEq._proof_11	[]
Effect4.instDecidableEqFrameEvent.decEq._proof_12	[]
Effect4.instDecidableEqFrameEvent.decEq._proof_13	[]
Effect4.instDecidableEqFrameEvent.decEq._proof_14	[]
Effect4.instDecidableEqFrameEvent.decEq._proof_15	[]
Effect4.instDecidableEqFrameEvent.decEq._proof_16	[]
Effect4.instDecidableEqFrameEvent.decEq._proof_17	[]
Effect4.instDecidableEqFrameEvent.decEq._proof_18	[]
Effect4.instDecidableEqFrameEvent.decEq._proof_19	[]
Effect4.instDecidableEqFrameEvent.decEq._proof_2	[]
Effect4.instDecidableEqFrameEvent.decEq._proof_20	[]
Effect4.instDecidableEqFrameEvent.decEq._proof_21	[]
Effect4.instDecidableEqFrameEvent.decEq._proof_22	[]
Effect4.instDecidableEqFrameEvent.decEq._proof_23	[]
Effect4.instDecidableEqFrameEvent.decEq._proof_24	[]
Effect4.instDecidableEqFrameEvent.decEq._proof_25	[]
Effect4.instDecidableEqFrameEvent.decEq._proof_26	[]
Effect4.instDecidableEqFrameEvent.decEq._proof_27	[]
Effect4.instDecidableEqFrameEvent.decEq._proof_28	[]
Effect4.instDecidableEqFrameEvent.decEq._proof_29	[]
Effect4.instDecidableEqFrameEvent.decEq._proof_3	[]
Effect4.instDecidableEqFrameEvent.decEq._proof_30	[]
Effect4.instDecidableEqFrameEvent.decEq._proof_31	[]
Effect4.instDecidableEqFrameEvent.decEq._proof_32	[]
Effect4.instDecidableEqFrameEvent.decEq._proof_33	[]
Effect4.instDecidableEqFrameEvent.decEq._proof_34	[]
Effect4.instDecidableEqFrameEvent.decEq._proof_35	[]
Effect4.instDecidableEqFrameEvent.decEq._proof_36	[]
Effect4.instDecidableEqFrameEvent.decEq._proof_37	[]
Effect4.instDecidableEqFrameEvent.decEq._proof_38	[]
Effect4.instDecidableEqFrameEvent.decEq._proof_39	[]
Effect4.instDecidableEqFrameEvent.decEq._proof_4	[]
Effect4.instDecidableEqFrameEvent.decEq._proof_40	[]
Effect4.instDecidableEqFrameEvent.decEq._proof_41	[]
Effect4.instDecidableEqFrameEvent.decEq._proof_42	[]
Effect4.instDecidableEqFrameEvent.decEq._proof_43	[]
Effect4.instDecidableEqFrameEvent.decEq._proof_44	[]
Effect4.instDecidableEqFrameEvent.decEq._proof_45	[]
Effect4.instDecidableEqFrameEvent.decEq._proof_46	[]
Effect4.instDecidableEqFrameEvent.decEq._proof_47	[]
Effect4.instDecidableEqFrameEvent.decEq._proof_48	[]
Effect4.instDecidableEqFrameEvent.decEq._proof_49	[]
Effect4.instDecidableEqFrameEvent.decEq._proof_5	[]
Effect4.instDecidableEqFrameEvent.decEq._proof_50	[]
Effect4.instDecidableEqFrameEvent.decEq._proof_51	[]
Effect4.instDecidableEqFrameEvent.decEq._proof_52	[]
Effect4.instDecidableEqFrameEvent.decEq._proof_53	[]
Effect4.instDecidableEqFrameEvent.decEq._proof_54	[]
Effect4.instDecidableEqFrameEvent.decEq._proof_55	[]
Effect4.instDecidableEqFrameEvent.decEq._proof_56	[]
Effect4.instDecidableEqFrameEvent.decEq._proof_57	[]
Effect4.instDecidableEqFrameEvent.decEq._proof_6	[]
Effect4.instDecidableEqFrameEvent.decEq._proof_7	[]
Effect4.instDecidableEqFrameEvent.decEq._proof_8	[]
Effect4.instDecidableEqFrameEvent.decEq._proof_9	[]
Effect4.instDecidableEqFrameFiber.decEq._proof_1	[]
Effect4.instDecidableEqFrameFiber.decEq._proof_2	[]
Effect4.instDecidableEqFrameFiber.decEq._proof_3	[]
Effect4.instDecidableEqFrameFiber.decEq._proof_4	[]
Effect4.instDecidableEqFrameFiber.decEq._proof_5	[]
Effect4.instDecidableEqFrameFiber.decEq._proof_6	[]
Effect4.instDecidableEqFramePop.decEq._proof_1	[]
Effect4.instDecidableEqFramePop.decEq._proof_2	[]
Effect4.instDecidableEqFramePop.decEq._proof_3	[]
Effect4.instDecidableEqFramePop.decEq._proof_4	[]
Effect4.instDecidableEqFramePop.decEq._proof_5	[]
Effect4.instDecidableEqFramePop.decEq._proof_6	[]
Effect4.instDecidableEqFrameStep.decEq._proof_1	[]
Effect4.instDecidableEqFrameStep.decEq._proof_2	[]
Effect4.instDecidableEqFrameStep.decEq._proof_3	[]
Effect4.instDecidableEqFrameStep.decEq._proof_4	[]
Effect4.instDecidableEqFrameStep.decEq._proof_5	[]
Effect4.instDecidableEqFrameStep.decEq._proof_6	[]
Effect4.instDecidableEqIterStep.decEq._proof_1	[]
Effect4.instDecidableEqIterStep.decEq._proof_10	[]
Effect4.instDecidableEqIterStep.decEq._proof_11	[]
Effect4.instDecidableEqIterStep.decEq._proof_12	[]
Effect4.instDecidableEqIterStep.decEq._proof_13	[]
Effect4.instDecidableEqIterStep.decEq._proof_2	[]
Effect4.instDecidableEqIterStep.decEq._proof_3	[]
Effect4.instDecidableEqIterStep.decEq._proof_4	[]
Effect4.instDecidableEqIterStep.decEq._proof_5	[]
Effect4.instDecidableEqIterStep.decEq._proof_6	[]
Effect4.instDecidableEqIterStep.decEq._proof_7	[]
Effect4.instDecidableEqIterStep.decEq._proof_8	[]
Effect4.instDecidableEqIterStep.decEq._proof_9	[]
Effect4.instDecidableEqPrim.decEq._proof_1	[]
Effect4.instDecidableEqPrim.decEq._proof_10	[]
Effect4.instDecidableEqPrim.decEq._proof_11	[]
Effect4.instDecidableEqPrim.decEq._proof_12	[]
Effect4.instDecidableEqPrim.decEq._proof_13	[]
Effect4.instDecidableEqPrim.decEq._proof_14	[]
Effect4.instDecidableEqPrim.decEq._proof_15	[]
Effect4.instDecidableEqPrim.decEq._proof_16	[]
Effect4.instDecidableEqPrim.decEq._proof_17	[]
Effect4.instDecidableEqPrim.decEq._proof_18	[]
Effect4.instDecidableEqPrim.decEq._proof_19	[]
Effect4.instDecidableEqPrim.decEq._proof_2	[]
Effect4.instDecidableEqPrim.decEq._proof_20	[]
Effect4.instDecidableEqPrim.decEq._proof_21	[]
Effect4.instDecidableEqPrim.decEq._proof_22	[]
Effect4.instDecidableEqPrim.decEq._proof_23	[]
Effect4.instDecidableEqPrim.decEq._proof_24	[]
Effect4.instDecidableEqPrim.decEq._proof_25	[]
Effect4.instDecidableEqPrim.decEq._proof_26	[]
Effect4.instDecidableEqPrim.decEq._proof_27	[]
Effect4.instDecidableEqPrim.decEq._proof_28	[]
Effect4.instDecidableEqPrim.decEq._proof_29	[]
Effect4.instDecidableEqPrim.decEq._proof_3	[]
Effect4.instDecidableEqPrim.decEq._proof_30	[]
Effect4.instDecidableEqPrim.decEq._proof_31	[]
Effect4.instDecidableEqPrim.decEq._proof_32	[]
Effect4.instDecidableEqPrim.decEq._proof_33	[]
Effect4.instDecidableEqPrim.decEq._proof_34	[]
Effect4.instDecidableEqPrim.decEq._proof_35	[]
Effect4.instDecidableEqPrim.decEq._proof_36	[]
Effect4.instDecidableEqPrim.decEq._proof_37	[]
Effect4.instDecidableEqPrim.decEq._proof_38	[]
Effect4.instDecidableEqPrim.decEq._proof_39	[]
Effect4.instDecidableEqPrim.decEq._proof_4	[]
Effect4.instDecidableEqPrim.decEq._proof_40	[]
Effect4.instDecidableEqPrim.decEq._proof_41	[]
Effect4.instDecidableEqPrim.decEq._proof_42	[]
Effect4.instDecidableEqPrim.decEq._proof_43	[]
Effect4.instDecidableEqPrim.decEq._proof_44	[]
Effect4.instDecidableEqPrim.decEq._proof_45	[]
Effect4.instDecidableEqPrim.decEq._proof_46	[]
Effect4.instDecidableEqPrim.decEq._proof_47	[]
Effect4.instDecidableEqPrim.decEq._proof_48	[]
Effect4.instDecidableEqPrim.decEq._proof_5	[]
Effect4.instDecidableEqPrim.decEq._proof_6	[]
Effect4.instDecidableEqPrim.decEq._proof_7	[]
Effect4.instDecidableEqPrim.decEq._proof_8	[]
Effect4.instDecidableEqPrim.decEq._proof_9	[]
Effect4.instDecidableEqReason.decEq._proof_1	[]
Effect4.instDecidableEqReason.decEq._proof_10	[]
Effect4.instDecidableEqReason.decEq._proof_11	[]
Effect4.instDecidableEqReason.decEq._proof_12	[]
Effect4.instDecidableEqReason.decEq._proof_13	[]
Effect4.instDecidableEqReason.decEq._proof_14	[]
Effect4.instDecidableEqReason.decEq._proof_15	[]
Effect4.instDecidableEqReason.decEq._proof_2	[]
Effect4.instDecidableEqReason.decEq._proof_3	[]
Effect4.instDecidableEqReason.decEq._proof_4	[]
Effect4.instDecidableEqReason.decEq._proof_5	[]
Effect4.instDecidableEqReason.decEq._proof_6	[]
Effect4.instDecidableEqReason.decEq._proof_7	[]
Effect4.instDecidableEqReason.decEq._proof_8	[]
Effect4.instDecidableEqReason.decEq._proof_9	[]
Effect4.instDecidableEqReasonAnnotations.decEq._proof_1	[]
Effect4.instDecidableEqReasonAnnotations.decEq._proof_2	[]
Effect4.instDecidableEqReasonAnnotations.decEq._proof_3	[]
Effect4.instDecidableEqReasonTag._proof_1	[]
Effect4.instDecidableEqReasonTag._proof_2	[]
Effect4.instDecidableEqSquashed.decEq._proof_1	[]
Effect4.instDecidableEqSquashed.decEq._proof_10	[]
Effect4.instDecidableEqSquashed.decEq._proof_11	[]
Effect4.instDecidableEqSquashed.decEq._proof_12	[]
Effect4.instDecidableEqSquashed.decEq._proof_13	[]
Effect4.instDecidableEqSquashed.decEq._proof_14	[]
Effect4.instDecidableEqSquashed.decEq._proof_15	[]
Effect4.instDecidableEqSquashed.decEq._proof_16	[]
Effect4.instDecidableEqSquashed.decEq._proof_17	[]
Effect4.instDecidableEqSquashed.decEq._proof_18	[]
Effect4.instDecidableEqSquashed.decEq._proof_2	[]
Effect4.instDecidableEqSquashed.decEq._proof_3	[]
Effect4.instDecidableEqSquashed.decEq._proof_4	[]
Effect4.instDecidableEqSquashed.decEq._proof_5	[]
Effect4.instDecidableEqSquashed.decEq._proof_6	[]
Effect4.instDecidableEqSquashed.decEq._proof_7	[]
Effect4.instDecidableEqSquashed.decEq._proof_8	[]
Effect4.instDecidableEqSquashed.decEq._proof_9	[]
Test.Counterexamples.InterruptCarrier.finished_uses_carried_exit	[propext]
Test.Counterexamples.InterruptCarrier.masked_catch_returns_sanitized	[propext]
Test.Counterexamples.InterruptCarrier.original_ne_sanitized	[]
Test.Counterexamples.InterruptCarrier.remasked_handler_receives_original	[propext]
Test.Counterexamples.InterruptCarrier.remasked_handler_receives_sanitized	[propext]
Test.Counterexamples.InterruptCarrier.sanitized_current_is_ignored	[propext]
Test.Counterexamples.InterruptDelivery.deferred_satisfies_reviewed_correlation	[propext]
Test.Counterexamples.InterruptDelivery.delivery_does_not_intercept_failure	[propext]
Test.Counterexamples.InterruptDelivery.masked_has_provenance	[propext]
Test.Counterexamples.InterruptDelivery.masked_has_provenance._simp_1_1	[propext]
Test.Counterexamples.InterruptDelivery.masked_satisfies_reviewed_correlation	[propext]
Test.Counterexamples.InterruptDelivery.original_failure_fits_input	[propext, Quot.sound]
Test.Counterexamples.InterruptDelivery.proposed_entry_mask_exception_false	[propext, Quot.sound]
Test.Counterexamples.InterruptDelivery.restore_then_skip	[propext]
Test.Counterexamples.InterruptDelivery.reviewed_catch_run	[propext, Quot.sound]
Test.Counterexamples.InterruptDelivery.reviewed_catch_skip	[propext, Quot.sound]
Test.Counterexamples.InterruptEscape.escaped_exit_does_not_fit	[propext, Quot.sound]
Test.Counterexamples.InterruptEscape.escaped_exit_fits_region	[propext, Quot.sound]
Test.Counterexamples.Runtime.ScopeRestorationBoundary.dropping_outer_cleanup_is_observably_wrong	[propext]
Test.Counterexamples.Runtime.ScopeRestorationBoundary.outer_cleanup_receives_actual_outgoing_exit	[propext]
Test.Counterexamples.Runtime.ScopeRestorationBoundary.outer_cleanup_retains_delivered_interrupt	[propext]
Test.Counterexamples.Runtime.ScopeRestorationBoundary.overwrite_failure_is_observably_wrong	[propext]
Test.Counterexamples.Runtime.ScopeRestorationBoundary.pending_does_not_replace_cleanup_failure	[propext]
_private.Effect4.Laws.Machine.Approximation.0.Effect4.Machine.ReplayResult.le.match_1.eq_1	[]
_private.Effect4.Laws.Machine.Approximation.0.Effect4.Machine.ReplayResult.le.match_1.eq_2	[]
_private.Effect4.Laws.Machine.Approximation.0.Effect4.Machine.ReplayResult.le.match_1.eq_3	[]
_private.Effect4.Laws.Machine.Approximation.0.Effect4.Machine.RunMachine.modify.match_1.eq_1	[]
_private.Effect4.Laws.Machine.Approximation.0.Effect4.Machine.RunMachine.modify.match_1.eq_2	[]
_private.Effect4.Laws.Machine.Approximation.0.Effect4.Machine.Suffices.match_1.eq_1	[]
_private.Effect4.Laws.Machine.Approximation.0.Effect4.Machine.Suffices.match_1.eq_2	[]
_private.Effect4.Laws.Machine.Approximation.0.Effect4.Machine.Suffices.match_3.eq_1	[]
_private.Effect4.Laws.Machine.Approximation.0.Effect4.Machine.Suffices.match_3.eq_2	[]
_private.Effect4.Laws.Machine.Approximation.0.Effect4.Machine.advanceState.match_1.eq_1	[]
_private.Effect4.Laws.Machine.Approximation.0.Effect4.Machine.advanceState.match_1.eq_2	[]
_private.Effect4.Laws.Machine.Approximation.0.Effect4.Machine.countdownPark.match_1.eq_1	[]
_private.Effect4.Laws.Machine.Approximation.0.Effect4.Machine.countdownPark.match_1.eq_2	[]
_private.Effect4.Laws.Machine.Approximation.0.Effect4.Machine.countdownWalk.match_1.eq_1	[]
_private.Effect4.Laws.Machine.Approximation.0.Effect4.Machine.countdownWalk.match_1.eq_2	[]
_private.Effect4.Laws.Machine.Approximation.0.Effect4.Machine.drainOwed.match_1.eq_1	[]
_private.Effect4.Laws.Machine.Approximation.0.Effect4.Machine.drainOwed.match_1.eq_2	[]
_private.Effect4.Laws.Machine.Approximation.0.Effect4.Machine.drainOwed.match_3.eq_1	[]
_private.Effect4.Laws.Machine.Approximation.0.Effect4.Machine.drainOwed.match_3.eq_2	[]
_private.Effect4.Laws.Machine.Approximation.0.Effect4.Machine.driveStep.match_1.eq_1	[]
_private.Effect4.Laws.Machine.Approximation.0.Effect4.Machine.driveStep.match_1.eq_2	[]
_private.Effect4.Laws.Machine.Approximation.0.Effect4.Machine.driveStep.match_5.eq_1	[propext]
_private.Effect4.Laws.Machine.Approximation.0.Effect4.Machine.driveStep.match_5.eq_2	[propext]
_private.Effect4.Laws.Machine.Approximation.0.Effect4.Machine.driveStep.match_7.eq_1	[]
_private.Effect4.Laws.Machine.Approximation.0.Effect4.Machine.driveStep.match_7.eq_2	[]
_private.Effect4.Laws.Machine.Approximation.0.Effect4.Machine.evaluatePrim.finalizerOr.match_1.eq_1	[]
_private.Effect4.Laws.Machine.Approximation.0.Effect4.Machine.evaluatePrim.finalizerOr.match_1.eq_2	[]
_private.Effect4.Laws.Machine.Approximation.0.Effect4.Machine.evaluatePrim.finalizerOr.match_3.eq_1	[propext]
_private.Effect4.Laws.Machine.Approximation.0.Effect4.Machine.evaluatePrim.finalizerOr.match_3.eq_2	[propext]
_private.Effect4.Laws.Machine.Approximation.0.Effect4.Machine.evaluatePrim.finishFrame.match_1.eq_1	[]
_private.Effect4.Laws.Machine.Approximation.0.Effect4.Machine.evaluatePrim.finishFrame.match_1.eq_2	[]
_private.Effect4.Laws.Machine.Approximation.0.Effect4.Machine.evaluatePrim.interruptAs.match_3.eq_1	[]
_private.Effect4.Laws.Machine.Approximation.0.Effect4.Machine.evaluatePrim.interruptAs.match_3.eq_2	[]
_private.Effect4.Laws.Machine.Approximation.0.Effect4.Machine.evaluatePrim.match_10.eq_1	[]
_private.Effect4.Laws.Machine.Approximation.0.Effect4.Machine.evaluatePrim.match_10.eq_2	[]
_private.Effect4.Laws.Machine.Approximation.0.Effect4.Machine.evaluatePrim.match_10.eq_3	[]
_private.Effect4.Laws.Machine.Approximation.0.Effect4.Machine.evaluatePrim.match_10.eq_4	[]
_private.Effect4.Laws.Machine.Approximation.0.Effect4.Machine.evaluatePrim.match_10.eq_5	[]
_private.Effect4.Laws.Machine.Approximation.0.Effect4.Machine.evaluatePrim.match_12.eq_1	[propext]
_private.Effect4.Laws.Machine.Approximation.0.Effect4.Machine.evaluatePrim.match_12.eq_2	[propext]
_private.Effect4.Laws.Machine.Approximation.0.Effect4.Machine.evaluatePrim.match_12.eq_3	[propext]
_private.Effect4.Laws.Machine.Approximation.0.Effect4.Machine.evaluatePrim.match_3.eq_1	[]
_private.Effect4.Laws.Machine.Approximation.0.Effect4.Machine.evaluatePrim.match_3.eq_2	[]
_private.Effect4.Laws.Machine.Approximation.0.Effect4.Machine.evaluatePrim.match_5.eq_1	[]
_private.Effect4.Laws.Machine.Approximation.0.Effect4.Machine.evaluatePrim.match_5.eq_2	[]
_private.Effect4.Laws.Machine.Approximation.0.Effect4.Machine.evaluatePrim.match_7.eq_1	[propext]
_private.Effect4.Laws.Machine.Approximation.0.Effect4.Machine.evaluatePrim.match_7.eq_2	[propext]
_private.Effect4.Laws.Machine.Approximation.0.Effect4.Machine.evaluatePrim.match_7.eq_3	[propext]
_private.Effect4.Laws.Machine.Approximation.0.Effect4.Machine.evaluatePrim.match_7.eq_4	[propext]
_private.Effect4.Laws.Machine.Approximation.0.Effect4.Machine.evaluatePrim.match_7.eq_5	[propext]
_private.Effect4.Laws.Machine.Approximation.0.Effect4.Machine.evaluatePrim.withFiber.match_1.eq_1	[]
_private.Effect4.Laws.Machine.Approximation.0.Effect4.Machine.evaluatePrim.withFiber.match_1.eq_2	[]
_private.Effect4.Laws.Machine.Approximation.0.Effect4.Machine.evaluatePrim.withFiber.match_17.eq_1	[]
_private.Effect4.Laws.Machine.Approximation.0.Effect4.Machine.evaluatePrim.withFiber.match_17.eq_2	[]
_private.Effect4.Laws.Machine.Approximation.0.Effect4.Machine.evaluatePrim.withFiber.match_24.eq_1	[]
_private.Effect4.Laws.Machine.Approximation.0.Effect4.Machine.evaluatePrim.withFiber.match_24.eq_2	[]
_private.Effect4.Laws.Machine.Approximation.0.Effect4.Machine.evaluatePrim.withFiber.match_26.eq_1	[]
_private.Effect4.Laws.Machine.Approximation.0.Effect4.Machine.evaluatePrim.withFiber.match_26.eq_10	[]
_private.Effect4.Laws.Machine.Approximation.0.Effect4.Machine.evaluatePrim.withFiber.match_26.eq_11	[]
_private.Effect4.Laws.Machine.Approximation.0.Effect4.Machine.evaluatePrim.withFiber.match_26.eq_12	[]
_private.Effect4.Laws.Machine.Approximation.0.Effect4.Machine.evaluatePrim.withFiber.match_26.eq_13	[]
_private.Effect4.Laws.Machine.Approximation.0.Effect4.Machine.evaluatePrim.withFiber.match_26.eq_14	[]
_private.Effect4.Laws.Machine.Approximation.0.Effect4.Machine.evaluatePrim.withFiber.match_26.eq_15	[]
_private.Effect4.Laws.Machine.Approximation.0.Effect4.Machine.evaluatePrim.withFiber.match_26.eq_16	[]
_private.Effect4.Laws.Machine.Approximation.0.Effect4.Machine.evaluatePrim.withFiber.match_26.eq_17	[]
_private.Effect4.Laws.Machine.Approximation.0.Effect4.Machine.evaluatePrim.withFiber.match_26.eq_18	[]
_private.Effect4.Laws.Machine.Approximation.0.Effect4.Machine.evaluatePrim.withFiber.match_26.eq_19	[]
_private.Effect4.Laws.Machine.Approximation.0.Effect4.Machine.evaluatePrim.withFiber.match_26.eq_2	[]
_private.Effect4.Laws.Machine.Approximation.0.Effect4.Machine.evaluatePrim.withFiber.match_26.eq_20	[]
_private.Effect4.Laws.Machine.Approximation.0.Effect4.Machine.evaluatePrim.withFiber.match_26.eq_21	[]
_private.Effect4.Laws.Machine.Approximation.0.Effect4.Machine.evaluatePrim.withFiber.match_26.eq_22	[]
_private.Effect4.Laws.Machine.Approximation.0.Effect4.Machine.evaluatePrim.withFiber.match_26.eq_23	[]
_private.Effect4.Laws.Machine.Approximation.0.Effect4.Machine.evaluatePrim.withFiber.match_26.eq_24	[]
_private.Effect4.Laws.Machine.Approximation.0.Effect4.Machine.evaluatePrim.withFiber.match_26.eq_3	[]
_private.Effect4.Laws.Machine.Approximation.0.Effect4.Machine.evaluatePrim.withFiber.match_26.eq_4	[]
_private.Effect4.Laws.Machine.Approximation.0.Effect4.Machine.evaluatePrim.withFiber.match_26.eq_5	[]
_private.Effect4.Laws.Machine.Approximation.0.Effect4.Machine.evaluatePrim.withFiber.match_26.eq_6	[]
_private.Effect4.Laws.Machine.Approximation.0.Effect4.Machine.evaluatePrim.withFiber.match_26.eq_7	[]
_private.Effect4.Laws.Machine.Approximation.0.Effect4.Machine.evaluatePrim.withFiber.match_26.eq_8	[]
_private.Effect4.Laws.Machine.Approximation.0.Effect4.Machine.evaluatePrim.withFiber.match_26.eq_9	[]
_private.Effect4.Laws.Machine.Approximation.0.Effect4.Machine.evaluatePrim.withFiber.match_7.eq_1	[]
_private.Effect4.Laws.Machine.Approximation.0.Effect4.Machine.evaluatePrim.withFiber.match_7.eq_2	[]
_private.Effect4.Laws.Machine.Approximation.0.Effect4.Machine.exitFiber.exitStore.match_1.eq_1	[propext]
_private.Effect4.Laws.Machine.Approximation.0.Effect4.Machine.exitFiber.exitStore.match_1.eq_2	[propext]
_private.Effect4.Laws.Machine.Approximation.0.Effect4.Machine.finalizerCode.match_1.eq_1	[]
_private.Effect4.Laws.Machine.Approximation.0.Effect4.Machine.finalizerCode.match_1.eq_2	[]
_private.Effect4.Laws.Machine.Approximation.0.Effect4.Machine.fireObserver.match_1.eq_1	[]
_private.Effect4.Laws.Machine.Approximation.0.Effect4.Machine.fireObserver.match_1.eq_2	[]
_private.Effect4.Laws.Machine.Approximation.0.Effect4.Machine.fireObserver.match_11.eq_1	[]
_private.Effect4.Laws.Machine.Approximation.0.Effect4.Machine.fireObserver.match_11.eq_2	[]
_private.Effect4.Laws.Machine.Approximation.0.Effect4.Machine.fireObserver.match_11.eq_3	[]
_private.Effect4.Laws.Machine.Approximation.0.Effect4.Machine.fireObserver.match_11.eq_4	[]
_private.Effect4.Laws.Machine.Approximation.0.Effect4.Machine.fireObserver.match_11.eq_5	[]
_private.Effect4.Laws.Machine.Approximation.0.Effect4.Machine.fireObserver.match_11.eq_6	[]
_private.Effect4.Laws.Machine.Approximation.0.Effect4.Machine.fireObserver.match_3.eq_1	[]
_private.Effect4.Laws.Machine.Approximation.0.Effect4.Machine.fireObserver.match_3.eq_2	[]
_private.Effect4.Laws.Machine.Approximation.0.Effect4.Machine.fireObserver.match_5.eq_1	[]
_private.Effect4.Laws.Machine.Approximation.0.Effect4.Machine.fireObserver.match_5.eq_2	[]
_private.Effect4.Laws.Machine.Approximation.0.Effect4.Machine.fireObserver.match_7.eq_1	[propext]
_private.Effect4.Laws.Machine.Approximation.0.Effect4.Machine.fireObserver.match_7.eq_2	[propext]
_private.Effect4.Laws.Machine.Approximation.0.Effect4.Machine.flushAllState.match_1.eq_1	[]
_private.Effect4.Laws.Machine.Approximation.0.Effect4.Machine.flushAllState.match_1.eq_2	[]
_private.Effect4.Laws.Machine.Approximation.0.Effect4.Machine.forkFinalizers.match_1.eq_1	[]
_private.Effect4.Laws.Machine.Approximation.0.Effect4.Machine.forkFinalizers.match_3.eq_1	[]
_private.Effect4.Laws.Machine.Approximation.0.Effect4.Machine.forkFinalizers.match_3.eq_2	[]
_private.Effect4.Laws.Machine.Approximation.0.Effect4.Machine.interruptEach_cons.match_1.eq_1	[]
_private.Effect4.Laws.Machine.Approximation.0.Effect4.Machine.interruptEach_cons.match_1.eq_2	[]
_private.Effect4.Laws.Machine.Approximation.0.Effect4.Machine.iteration.match_1.eq_1	[]
_private.Effect4.Laws.Machine.Approximation.0.Effect4.Machine.iteration.match_1.eq_2	[]
_private.Effect4.Laws.Machine.Approximation.0.Effect4.Machine.launchEntrant.match_1.eq_1	[]
_private.Effect4.Laws.Machine.Approximation.0.Effect4.Machine.leastUpTo.match_1.eq_1	[]
_private.Effect4.Laws.Machine.Approximation.0.Effect4.Machine.leastUpTo.match_1.eq_2	[]
_private.Effect4.Laws.Machine.Approximation.0.Effect4.Machine.leastUpTo.match_3.eq_1	[]
_private.Effect4.Laws.Machine.Approximation.0.Effect4.Machine.leastUpTo.match_3.eq_2	[]
_private.Effect4.Laws.Machine.Approximation.0.Effect4.Machine.linkScope.match_1.eq_1	[]
_private.Effect4.Laws.Machine.Approximation.0.Effect4.Machine.linkScope.match_1.eq_2	[]
_private.Effect4.Laws.Machine.Approximation.0.Effect4.Machine.linkScope.match_3.eq_1	[]
_private.Effect4.Laws.Machine.Approximation.0.Effect4.Machine.linkScope.match_3.eq_2	[]
_private.Effect4.Laws.Machine.Approximation.0.Effect4.Machine.linkScope.match_3.eq_3	[]
_private.Effect4.Laws.Machine.Approximation.0.Effect4.Machine.registerRace.match_1.eq_1	[]
_private.Effect4.Laws.Machine.Approximation.0.Effect4.Machine.registerRace.match_1.eq_2	[]
_private.Effect4.Laws.Machine.Approximation.0.Effect4.Machine.replayEval.match_1.eq_1	[]
_private.Effect4.Laws.Machine.Approximation.0.Effect4.Machine.replayEval.match_1.eq_2	[]
_private.Effect4.Laws.Machine.Approximation.0.Effect4.Machine.settle.match_1.eq_1	[]
_private.Effect4.Laws.Machine.Approximation.0.Effect4.Machine.settle.match_1.eq_2	[]
_private.Effect4.Laws.Machine.Approximation.0.Effect4.Machine.settle.match_1.eq_3	[]
_private.Effect4.Laws.Machine.Approximation.0.Effect4.Machine.settle.match_1.eq_4	[]
_private.Effect4.Laws.Machine.Approximation.0.Effect4.Machine.settle.match_1.eq_5	[]
_private.Effect4.Laws.Machine.Approximation.0.Effect4.Machine.settle.match_1.eq_6	[]
_private.Effect4.Laws.Machine.Approximation.0.Effect4.Machine.spawn.match_1.eq_1	[]
_private.Effect4.Laws.Machine.Approximation.0.Effect4.Machine.spawn.match_1.eq_2	[]
_private.Effect4.Laws.Machine.Approximation.0.Effect4.Machine.spawn.match_1.eq_3	[]
_private.Effect4.Laws.Machine.Approximation.0.Effect4.Machine.stepDecisionState.match_3.eq_1	[]
_private.Effect4.Laws.Machine.Approximation.0.Effect4.Machine.stepDecisionState.match_3.eq_2	[]
_private.Effect4.Laws.Machine.Handles.0.Effect4.Exit.restoreAfterFinalizer.match_1.eq_1	[]
_private.Effect4.Laws.Machine.Handles.0.Effect4.Exit.restoreAfterFinalizer.match_1.eq_2	[]
_private.Effect4.Laws.Machine.Handles.0.Effect4.FrameFiber.joinPushed.match_1.eq_1	[propext]
_private.Effect4.Laws.Machine.Handles.0.Effect4.FrameFiber.joinPushed.match_1.eq_2	[propext]
_private.Effect4.Laws.Machine.Handles.0.Effect4.FrameFiber.passPushed.match_1.eq_1	[]
_private.Effect4.Laws.Machine.Handles.0.Effect4.FrameFiber.passPushed.match_1.eq_2	[]
_private.Effect4.Laws.Machine.Handles.0.Effect4.FrameFiber.passPushed.match_3.eq_1	[]
_private.Effect4.Laws.Machine.Handles.0.Effect4.FrameFiber.passPushed.match_3.eq_2	[]
_private.Effect4.Laws.Machine.Handles.0.Effect4.FrameFiber.pendingCause.match_1.eq_1	[]
_private.Effect4.Laws.Machine.Handles.0.Effect4.FrameFiber.pendingCause.match_1.eq_2	[]
_private.Effect4.Laws.Machine.Handles.0.Effect4.FrameFiber.resumeValue.match_1.eq_1	[]
_private.Effect4.Laws.Machine.Handles.0.Effect4.FrameFiber.resumeValue.match_1.eq_2	[]
_private.Effect4.Laws.Machine.Handles.0.Effect4.FrameFiber.resumeValue.match_3.eq_1	[]
_private.Effect4.Laws.Machine.Handles.0.Effect4.FrameFiber.resumeValue.match_3.eq_2	[]
_private.Effect4.Laws.Machine.Handles.0.Effect4.FrameFiber.resumeValue.match_3.eq_3	[]
_private.Effect4.Laws.Machine.Handles.0.Effect4.FrameFiber.resumeValue.match_3.eq_4	[]
_private.Effect4.Laws.Machine.Handles.0.Effect4.FrameFiber.step.match_1.eq_1	[]
_private.Effect4.Laws.Machine.Handles.0.Effect4.FrameFiber.step.match_1.eq_10	[]
_private.Effect4.Laws.Machine.Handles.0.Effect4.FrameFiber.step.match_1.eq_11	[]
_private.Effect4.Laws.Machine.Handles.0.Effect4.FrameFiber.step.match_1.eq_12	[]
_private.Effect4.Laws.Machine.Handles.0.Effect4.FrameFiber.step.match_1.eq_13	[]
_private.Effect4.Laws.Machine.Handles.0.Effect4.FrameFiber.step.match_1.eq_14	[]
_private.Effect4.Laws.Machine.Handles.0.Effect4.FrameFiber.step.match_1.eq_15	[]
_private.Effect4.Laws.Machine.Handles.0.Effect4.FrameFiber.step.match_1.eq_16	[]
_private.Effect4.Laws.Machine.Handles.0.Effect4.FrameFiber.step.match_1.eq_17	[]
_private.Effect4.Laws.Machine.Handles.0.Effect4.FrameFiber.step.match_1.eq_18	[]
_private.Effect4.Laws.Machine.Handles.0.Effect4.FrameFiber.step.match_1.eq_2	[]
_private.Effect4.Laws.Machine.Handles.0.Effect4.FrameFiber.step.match_1.eq_3	[]
_private.Effect4.Laws.Machine.Handles.0.Effect4.FrameFiber.step.match_1.eq_4	[]
_private.Effect4.Laws.Machine.Handles.0.Effect4.FrameFiber.step.match_1.eq_5	[]
_private.Effect4.Laws.Machine.Handles.0.Effect4.FrameFiber.step.match_1.eq_6	[]
_private.Effect4.Laws.Machine.Handles.0.Effect4.FrameFiber.step.match_1.eq_7	[]
_private.Effect4.Laws.Machine.Handles.0.Effect4.FrameFiber.step.match_1.eq_8	[]
_private.Effect4.Laws.Machine.Handles.0.Effect4.FrameFiber.step.match_1.eq_9	[]
_private.Effect4.Laws.Machine.Handles.0.Effect4.FramePop.deliveredExit.match_1.eq_1	[]
_private.Effect4.Laws.Machine.Handles.0.Effect4.FramePop.deliveredExit.match_1.eq_2	[]
_private.Effect4.Laws.Machine.Handles.0.Effect4.Machine.ActionName.keys.match_1.eq_1	[]
_private.Effect4.Laws.Machine.Handles.0.Effect4.Machine.ActionName.keys.match_1.eq_10	[]
_private.Effect4.Laws.Machine.Handles.0.Effect4.Machine.ActionName.keys.match_1.eq_11	[]
_private.Effect4.Laws.Machine.Handles.0.Effect4.Machine.ActionName.keys.match_1.eq_12	[]
_private.Effect4.Laws.Machine.Handles.0.Effect4.Machine.ActionName.keys.match_1.eq_13	[]
_private.Effect4.Laws.Machine.Handles.0.Effect4.Machine.ActionName.keys.match_1.eq_14	[]
_private.Effect4.Laws.Machine.Handles.0.Effect4.Machine.ActionName.keys.match_1.eq_15	[]
_private.Effect4.Laws.Machine.Handles.0.Effect4.Machine.ActionName.keys.match_1.eq_16	[]
_private.Effect4.Laws.Machine.Handles.0.Effect4.Machine.ActionName.keys.match_1.eq_17	[]
_private.Effect4.Laws.Machine.Handles.0.Effect4.Machine.ActionName.keys.match_1.eq_18	[]
_private.Effect4.Laws.Machine.Handles.0.Effect4.Machine.ActionName.keys.match_1.eq_19	[]
_private.Effect4.Laws.Machine.Handles.0.Effect4.Machine.ActionName.keys.match_1.eq_2	[]
_private.Effect4.Laws.Machine.Handles.0.Effect4.Machine.ActionName.keys.match_1.eq_20	[]
_private.Effect4.Laws.Machine.Handles.0.Effect4.Machine.ActionName.keys.match_1.eq_21	[]
_private.Effect4.Laws.Machine.Handles.0.Effect4.Machine.ActionName.keys.match_1.eq_22	[]
_private.Effect4.Laws.Machine.Handles.0.Effect4.Machine.ActionName.keys.match_1.eq_3	[]
_private.Effect4.Laws.Machine.Handles.0.Effect4.Machine.ActionName.keys.match_1.eq_4	[]
_private.Effect4.Laws.Machine.Handles.0.Effect4.Machine.ActionName.keys.match_1.eq_5	[]
_private.Effect4.Laws.Machine.Handles.0.Effect4.Machine.ActionName.keys.match_1.eq_6	[]
_private.Effect4.Laws.Machine.Handles.0.Effect4.Machine.ActionName.keys.match_1.eq_7	[]
_private.Effect4.Laws.Machine.Handles.0.Effect4.Machine.ActionName.keys.match_1.eq_8	[]
_private.Effect4.Laws.Machine.Handles.0.Effect4.Machine.ActionName.keys.match_1.eq_9	[]
_private.Effect4.Laws.Machine.Handles.0.Effect4.Machine.Cmd.keys.match_1.eq_1	[propext]
_private.Effect4.Laws.Machine.Handles.0.Effect4.Machine.Cmd.keys.match_1.eq_10	[propext]
_private.Effect4.Laws.Machine.Handles.0.Effect4.Machine.Cmd.keys.match_1.eq_11	[propext]
_private.Effect4.Laws.Machine.Handles.0.Effect4.Machine.Cmd.keys.match_1.eq_2	[propext]
_private.Effect4.Laws.Machine.Handles.0.Effect4.Machine.Cmd.keys.match_1.eq_3	[propext]
_private.Effect4.Laws.Machine.Handles.0.Effect4.Machine.Cmd.keys.match_1.eq_4	[propext]
_private.Effect4.Laws.Machine.Handles.0.Effect4.Machine.Cmd.keys.match_1.eq_5	[propext]
_private.Effect4.Laws.Machine.Handles.0.Effect4.Machine.Cmd.keys.match_1.eq_6	[propext]
_private.Effect4.Laws.Machine.Handles.0.Effect4.Machine.Cmd.keys.match_1.eq_7	[propext]
_private.Effect4.Laws.Machine.Handles.0.Effect4.Machine.Cmd.keys.match_1.eq_8	[propext]
_private.Effect4.Laws.Machine.Handles.0.Effect4.Machine.Cmd.keys.match_1.eq_9	[propext]
_private.Effect4.Laws.Machine.Handles.0.Effect4.Machine.Completion.keys.match_1.eq_1	[]
_private.Effect4.Laws.Machine.Handles.0.Effect4.Machine.Completion.keys.match_1.eq_2	[]
_private.Effect4.Laws.Machine.Handles.0.Effect4.Machine.DeferredCell.keys.match_1.eq_1	[]
_private.Effect4.Laws.Machine.Handles.0.Effect4.Machine.DeferredCell.keys.match_1.eq_2	[]
_private.Effect4.Laws.Machine.Handles.0.Effect4.Machine.DeferredStore.register.match_1.eq_1	[]
_private.Effect4.Laws.Machine.Handles.0.Effect4.Machine.DeferredStore.register.match_1.eq_2	[]
_private.Effect4.Laws.Machine.Handles.0.Effect4.Machine.DeferredStore.register.match_3.eq_1	[]
_private.Effect4.Laws.Machine.Handles.0.Effect4.Machine.DeferredStore.register.match_3.eq_2	[]
_private.Effect4.Laws.Machine.Handles.0.Effect4.Machine.Env.Context.lookup.match_1.eq_1	[]
_private.Effect4.Laws.Machine.Handles.0.Effect4.Machine.Env.Context.lookup.match_1.eq_2	[]
_private.Effect4.Laws.Machine.Handles.0.Effect4.Machine.Env.Context.mergeAll.match_1.eq_1	[]
_private.Effect4.Laws.Machine.Handles.0.Effect4.Machine.Env.Context.mergeAll.match_1.eq_2	[]
_private.Effect4.Laws.Machine.Handles.0.Effect4.Machine.FinName.keys.match_1.eq_1	[]
_private.Effect4.Laws.Machine.Handles.0.Effect4.Machine.FinName.keys.match_1.eq_10	[]
_private.Effect4.Laws.Machine.Handles.0.Effect4.Machine.FinName.keys.match_1.eq_2	[]
_private.Effect4.Laws.Machine.Handles.0.Effect4.Machine.FinName.keys.match_1.eq_3	[]
_private.Effect4.Laws.Machine.Handles.0.Effect4.Machine.FinName.keys.match_1.eq_4	[]
_private.Effect4.Laws.Machine.Handles.0.Effect4.Machine.FinName.keys.match_1.eq_5	[]
_private.Effect4.Laws.Machine.Handles.0.Effect4.Machine.FinName.keys.match_1.eq_6	[]
_private.Effect4.Laws.Machine.Handles.0.Effect4.Machine.FinName.keys.match_1.eq_7	[]
_private.Effect4.Laws.Machine.Handles.0.Effect4.Machine.FinName.keys.match_1.eq_8	[]
_private.Effect4.Laws.Machine.Handles.0.Effect4.Machine.FinName.keys.match_1.eq_9	[]
_private.Effect4.Laws.Machine.Handles.0.Effect4.Machine.FnName.modify.match_1.eq_1	[propext]
_private.Effect4.Laws.Machine.Handles.0.Effect4.Machine.FnName.modify.match_1.eq_2	[propext]
_private.Effect4.Laws.Machine.Handles.0.Effect4.Machine.FnName.partialUpdate.match_1.eq_1	[propext]
_private.Effect4.Laws.Machine.Handles.0.Effect4.Machine.FnName.partialUpdate.match_1.eq_2	[propext]
_private.Effect4.Laws.Machine.Handles.0.Effect4.Machine.FnName.partialUpdate.match_1.eq_3	[propext]
_private.Effect4.Laws.Machine.Handles.0.Effect4.Machine.FnName.partialUpdate.match_1.eq_4	[propext]
_private.Effect4.Laws.Machine.Handles.0.Effect4.Machine.FnName.total.match_1.eq_1	[propext]
_private.Effect4.Laws.Machine.Handles.0.Effect4.Machine.FnName.total.match_1.eq_2	[propext]
_private.Effect4.Laws.Machine.Handles.0.Effect4.Machine.FnName.total.match_1.eq_3	[propext]
_private.Effect4.Laws.Machine.Handles.0.Effect4.Machine.FnName.total.match_1.eq_4	[propext]
_private.Effect4.Laws.Machine.Handles.0.Effect4.Machine.Handle.ofCode.match_1.eq_1	[]
_private.Effect4.Laws.Machine.Handles.0.Effect4.Machine.Handle.ofCode.match_1.eq_2	[]
_private.Effect4.Laws.Machine.Handles.0.Effect4.Machine.Handle.ofCode.match_1.eq_3	[]
_private.Effect4.Laws.Machine.Handles.0.Effect4.Machine.Handle.ofCode.match_1.eq_4	[]
_private.Effect4.Laws.Machine.Handles.0.Effect4.Machine.Handle.ofCode.match_1.eq_5	[]
_private.Effect4.Laws.Machine.Handles.0.Effect4.Machine.Handle.ofCode.match_1.eq_6	[]
_private.Effect4.Laws.Machine.Handles.0.Effect4.Machine.Handle.ofCode.match_1.eq_7	[]
_private.Effect4.Laws.Machine.Handles.0.Effect4.Machine.MemoWorld.updateEntry.match_1.eq_1	[]
_private.Effect4.Laws.Machine.Handles.0.Effect4.Machine.MemoWorld.updateEntry.match_1.eq_2	[]
_private.Effect4.Laws.Machine.Handles.0.Effect4.Machine.Name.keys.match_1.eq_1	[]
_private.Effect4.Laws.Machine.Handles.0.Effect4.Machine.Name.keys.match_1.eq_10	[]
_private.Effect4.Laws.Machine.Handles.0.Effect4.Machine.Name.keys.match_1.eq_11	[]
_private.Effect4.Laws.Machine.Handles.0.Effect4.Machine.Name.keys.match_1.eq_12	[]
_private.Effect4.Laws.Machine.Handles.0.Effect4.Machine.Name.keys.match_1.eq_13	[]
_private.Effect4.Laws.Machine.Handles.0.Effect4.Machine.Name.keys.match_1.eq_14	[]
_private.Effect4.Laws.Machine.Handles.0.Effect4.Machine.Name.keys.match_1.eq_15	[]
_private.Effect4.Laws.Machine.Handles.0.Effect4.Machine.Name.keys.match_1.eq_16	[]
_private.Effect4.Laws.Machine.Handles.0.Effect4.Machine.Name.keys.match_1.eq_17	[]
_private.Effect4.Laws.Machine.Handles.0.Effect4.Machine.Name.keys.match_1.eq_18	[]
_private.Effect4.Laws.Machine.Handles.0.Effect4.Machine.Name.keys.match_1.eq_19	[]
_private.Effect4.Laws.Machine.Handles.0.Effect4.Machine.Name.keys.match_1.eq_2	[]
_private.Effect4.Laws.Machine.Handles.0.Effect4.Machine.Name.keys.match_1.eq_20	[]
_private.Effect4.Laws.Machine.Handles.0.Effect4.Machine.Name.keys.match_1.eq_21	[]
_private.Effect4.Laws.Machine.Handles.0.Effect4.Machine.Name.keys.match_1.eq_22	[]
_private.Effect4.Laws.Machine.Handles.0.Effect4.Machine.Name.keys.match_1.eq_23	[]
_private.Effect4.Laws.Machine.Handles.0.Effect4.Machine.Name.keys.match_1.eq_3	[]
_private.Effect4.Laws.Machine.Handles.0.Effect4.Machine.Name.keys.match_1.eq_4	[]
_private.Effect4.Laws.Machine.Handles.0.Effect4.Machine.Name.keys.match_1.eq_5	[]
_private.Effect4.Laws.Machine.Handles.0.Effect4.Machine.Name.keys.match_1.eq_6	[]
_private.Effect4.Laws.Machine.Handles.0.Effect4.Machine.Name.keys.match_1.eq_7	[]
_private.Effect4.Laws.Machine.Handles.0.Effect4.Machine.Name.keys.match_1.eq_8	[]
_private.Effect4.Laws.Machine.Handles.0.Effect4.Machine.Name.keys.match_1.eq_9	[]
_private.Effect4.Laws.Machine.Handles.0.Effect4.Machine.Observer.keys.match_1.eq_1	[]
_private.Effect4.Laws.Machine.Handles.0.Effect4.Machine.Observer.keys.match_1.eq_2	[]
_private.Effect4.Laws.Machine.Handles.0.Effect4.Machine.Observer.keys.match_1.eq_3	[]
_private.Effect4.Laws.Machine.Handles.0.Effect4.Machine.Observer.keys.match_1.eq_4	[]
_private.Effect4.Laws.Machine.Handles.0.Effect4.Machine.Observer.keys.match_1.eq_5	[]
_private.Effect4.Laws.Machine.Handles.0.Effect4.Machine.Observer.keys.match_1.eq_6	[]
_private.Effect4.Laws.Machine.Handles.0.Effect4.Machine.Outcome.keys.match_1.eq_1	[propext]
_private.Effect4.Laws.Machine.Handles.0.Effect4.Machine.Outcome.keys.match_1.eq_2	[propext]
_private.Effect4.Laws.Machine.Handles.0.Effect4.Machine.ParkKind.keys.match_1.eq_1	[]
_private.Effect4.Laws.Machine.Handles.0.Effect4.Machine.ParkKind.keys.match_1.eq_2	[]
_private.Effect4.Laws.Machine.Handles.0.Effect4.Machine.ParkKind.keys.match_1.eq_3	[]
_private.Effect4.Laws.Machine.Handles.0.Effect4.Machine.ProgName.keys.match_1.eq_1	[]
_private.Effect4.Laws.Machine.Handles.0.Effect4.Machine.ProgName.keys.match_1.eq_10	[]
_private.Effect4.Laws.Machine.Handles.0.Effect4.Machine.ProgName.keys.match_1.eq_11	[]
_private.Effect4.Laws.Machine.Handles.0.Effect4.Machine.ProgName.keys.match_1.eq_12	[]
_private.Effect4.Laws.Machine.Handles.0.Effect4.Machine.ProgName.keys.match_1.eq_13	[]
_private.Effect4.Laws.Machine.Handles.0.Effect4.Machine.ProgName.keys.match_1.eq_14	[]
_private.Effect4.Laws.Machine.Handles.0.Effect4.Machine.ProgName.keys.match_1.eq_15	[]
_private.Effect4.Laws.Machine.Handles.0.Effect4.Machine.ProgName.keys.match_1.eq_16	[]
_private.Effect4.Laws.Machine.Handles.0.Effect4.Machine.ProgName.keys.match_1.eq_17	[]
_private.Effect4.Laws.Machine.Handles.0.Effect4.Machine.ProgName.keys.match_1.eq_18	[]
_private.Effect4.Laws.Machine.Handles.0.Effect4.Machine.ProgName.keys.match_1.eq_19	[]
_private.Effect4.Laws.Machine.Handles.0.Effect4.Machine.ProgName.keys.match_1.eq_2	[]
_private.Effect4.Laws.Machine.Handles.0.Effect4.Machine.ProgName.keys.match_1.eq_20	[]
_private.Effect4.Laws.Machine.Handles.0.Effect4.Machine.ProgName.keys.match_1.eq_21	[]
_private.Effect4.Laws.Machine.Handles.0.Effect4.Machine.ProgName.keys.match_1.eq_22	[]
_private.Effect4.Laws.Machine.Handles.0.Effect4.Machine.ProgName.keys.match_1.eq_23	[]
_private.Effect4.Laws.Machine.Handles.0.Effect4.Machine.ProgName.keys.match_1.eq_24	[]
_private.Effect4.Laws.Machine.Handles.0.Effect4.Machine.ProgName.keys.match_1.eq_25	[]
_private.Effect4.Laws.Machine.Handles.0.Effect4.Machine.ProgName.keys.match_1.eq_26	[]
_private.Effect4.Laws.Machine.Handles.0.Effect4.Machine.ProgName.keys.match_1.eq_3	[]
_private.Effect4.Laws.Machine.Handles.0.Effect4.Machine.ProgName.keys.match_1.eq_4	[]
_private.Effect4.Laws.Machine.Handles.0.Effect4.Machine.ProgName.keys.match_1.eq_5	[]
_private.Effect4.Laws.Machine.Handles.0.Effect4.Machine.ProgName.keys.match_1.eq_6	[]
_private.Effect4.Laws.Machine.Handles.0.Effect4.Machine.ProgName.keys.match_1.eq_7	[]
_private.Effect4.Laws.Machine.Handles.0.Effect4.Machine.ProgName.keys.match_1.eq_8	[]
_private.Effect4.Laws.Machine.Handles.0.Effect4.Machine.ProgName.keys.match_1.eq_9	[]
_private.Effect4.Laws.Machine.Handles.0.Effect4.Machine.Resume.keys.match_1.eq_1	[]
_private.Effect4.Laws.Machine.Handles.0.Effect4.Machine.Resume.keys.match_1.eq_2	[]
_private.Effect4.Laws.Machine.Handles.0.Effect4.Machine.Resume.keys.match_1.eq_3	[]
_private.Effect4.Laws.Machine.Handles.0.Effect4.Machine.RunMachine.modify.match_1.eq_1	[]
_private.Effect4.Laws.Machine.Handles.0.Effect4.Machine.RunMachine.modify.match_1.eq_2	[]
_private.Effect4.Laws.Machine.Handles.0.Effect4.Machine.ScopeStore.addFinalizer.match_3.eq_1	[]
_private.Effect4.Laws.Machine.Handles.0.Effect4.Machine.ScopeStore.addFinalizer.match_3.eq_2	[]
_private.Effect4.Laws.Machine.Handles.0.Effect4.Machine.Stores.wakeList.match_1.eq_1	[propext]
_private.Effect4.Laws.Machine.Handles.0.Effect4.Machine.Stores.wakeList.match_1.eq_2	[propext]
_private.Effect4.Laws.Machine.Handles.0.Effect4.Machine.SyncOp.keys.match_1.eq_1	[]
_private.Effect4.Laws.Machine.Handles.0.Effect4.Machine.SyncOp.keys.match_1.eq_10	[]
_private.Effect4.Laws.Machine.Handles.0.Effect4.Machine.SyncOp.keys.match_1.eq_11	[]
_private.Effect4.Laws.Machine.Handles.0.Effect4.Machine.SyncOp.keys.match_1.eq_12	[]
_private.Effect4.Laws.Machine.Handles.0.Effect4.Machine.SyncOp.keys.match_1.eq_13	[]
_private.Effect4.Laws.Machine.Handles.0.Effect4.Machine.SyncOp.keys.match_1.eq_14	[]
_private.Effect4.Laws.Machine.Handles.0.Effect4.Machine.SyncOp.keys.match_1.eq_15	[]
_private.Effect4.Laws.Machine.Handles.0.Effect4.Machine.SyncOp.keys.match_1.eq_16	[]
_private.Effect4.Laws.Machine.Handles.0.Effect4.Machine.SyncOp.keys.match_1.eq_17	[]
_private.Effect4.Laws.Machine.Handles.0.Effect4.Machine.SyncOp.keys.match_1.eq_18	[]
_private.Effect4.Laws.Machine.Handles.0.Effect4.Machine.SyncOp.keys.match_1.eq_19	[]
_private.Effect4.Laws.Machine.Handles.0.Effect4.Machine.SyncOp.keys.match_1.eq_2	[]
_private.Effect4.Laws.Machine.Handles.0.Effect4.Machine.SyncOp.keys.match_1.eq_20	[]
_private.Effect4.Laws.Machine.Handles.0.Effect4.Machine.SyncOp.keys.match_1.eq_21	[]
_private.Effect4.Laws.Machine.Handles.0.Effect4.Machine.SyncOp.keys.match_1.eq_22	[]
_private.Effect4.Laws.Machine.Handles.0.Effect4.Machine.SyncOp.keys.match_1.eq_23	[]
_private.Effect4.Laws.Machine.Handles.0.Effect4.Machine.SyncOp.keys.match_1.eq_24	[]
_private.Effect4.Laws.Machine.Handles.0.Effect4.Machine.SyncOp.keys.match_1.eq_25	[]
_private.Effect4.Laws.Machine.Handles.0.Effect4.Machine.SyncOp.keys.match_1.eq_26	[]
_private.Effect4.Laws.Machine.Handles.0.Effect4.Machine.SyncOp.keys.match_1.eq_27	[]
_private.Effect4.Laws.Machine.Handles.0.Effect4.Machine.SyncOp.keys.match_1.eq_28	[]
_private.Effect4.Laws.Machine.Handles.0.Effect4.Machine.SyncOp.keys.match_1.eq_29	[]
_private.Effect4.Laws.Machine.Handles.0.Effect4.Machine.SyncOp.keys.match_1.eq_3	[]
_private.Effect4.Laws.Machine.Handles.0.Effect4.Machine.SyncOp.keys.match_1.eq_30	[]
_private.Effect4.Laws.Machine.Handles.0.Effect4.Machine.SyncOp.keys.match_1.eq_31	[]
_private.Effect4.Laws.Machine.Handles.0.Effect4.Machine.SyncOp.keys.match_1.eq_32	[]
_private.Effect4.Laws.Machine.Handles.0.Effect4.Machine.SyncOp.keys.match_1.eq_4	[]
_private.Effect4.Laws.Machine.Handles.0.Effect4.Machine.SyncOp.keys.match_1.eq_5	[]
_private.Effect4.Laws.Machine.Handles.0.Effect4.Machine.SyncOp.keys.match_1.eq_6	[]
_private.Effect4.Laws.Machine.Handles.0.Effect4.Machine.SyncOp.keys.match_1.eq_7	[]
_private.Effect4.Laws.Machine.Handles.0.Effect4.Machine.SyncOp.keys.match_1.eq_8	[]
_private.Effect4.Laws.Machine.Handles.0.Effect4.Machine.SyncOp.keys.match_1.eq_9	[]
_private.Effect4.Laws.Machine.Handles.0.Effect4.Machine.Task.keys.match_1.eq_1	[]
_private.Effect4.Laws.Machine.Handles.0.Effect4.Machine.Task.keys.match_1.eq_2	[]
_private.Effect4.Laws.Machine.Handles.0.Effect4.Machine.Task.keys.match_1.eq_3	[]
_private.Effect4.Laws.Machine.Handles.0.Effect4.Machine.Thunk.keys.match_1.eq_1	[]
_private.Effect4.Laws.Machine.Handles.0.Effect4.Machine.Thunk.keys.match_1.eq_2	[]
_private.Effect4.Laws.Machine.Handles.0.Effect4.Machine.Thunk.keys.match_1.eq_3	[]
_private.Effect4.Laws.Machine.Handles.0.Effect4.Machine.Thunk.keys.match_1.eq_4	[]
_private.Effect4.Laws.Machine.Handles.0.Effect4.Machine.Thunk.keys.match_1.eq_5	[]
_private.Effect4.Laws.Machine.Handles.0.Effect4.Machine.Val.keys.match_1.eq_1	[propext]
_private.Effect4.Laws.Machine.Handles.0.Effect4.Machine.Val.keys.match_1.eq_2	[propext]
_private.Effect4.Laws.Machine.Handles.0.Effect4.Machine.Val.keys.match_1.eq_3	[propext]
_private.Effect4.Laws.Machine.Handles.0.Effect4.Machine.Val.keys.match_1.eq_4	[propext]
_private.Effect4.Laws.Machine.Handles.0.Effect4.Machine.Val.keys.match_1.eq_5	[propext]
_private.Effect4.Laws.Machine.Handles.0.Effect4.Machine.Val.keys.match_1.eq_6	[propext]
_private.Effect4.Laws.Machine.Handles.0.Effect4.Machine.Val.keysList.match_1.eq_1	[]
_private.Effect4.Laws.Machine.Handles.0.Effect4.Machine.Val.keysList.match_1.eq_2	[]
_private.Effect4.Laws.Machine.Handles.0.Effect4.Machine.WakeMode.keys.match_1.eq_1	[]
_private.Effect4.Laws.Machine.Handles.0.Effect4.Machine.WakeMode.keys.match_1.eq_2	[]
_private.Effect4.Laws.Machine.Handles.0.Effect4.Machine.WithFiberAction.keys.match_1.eq_1	[]
_private.Effect4.Laws.Machine.Handles.0.Effect4.Machine.WithFiberAction.keys.match_1.eq_10	[]
_private.Effect4.Laws.Machine.Handles.0.Effect4.Machine.WithFiberAction.keys.match_1.eq_11	[]
_private.Effect4.Laws.Machine.Handles.0.Effect4.Machine.WithFiberAction.keys.match_1.eq_12	[]
_private.Effect4.Laws.Machine.Handles.0.Effect4.Machine.WithFiberAction.keys.match_1.eq_13	[]
_private.Effect4.Laws.Machine.Handles.0.Effect4.Machine.WithFiberAction.keys.match_1.eq_14	[]
_private.Effect4.Laws.Machine.Handles.0.Effect4.Machine.WithFiberAction.keys.match_1.eq_15	[]
_private.Effect4.Laws.Machine.Handles.0.Effect4.Machine.WithFiberAction.keys.match_1.eq_16	[]
_private.Effect4.Laws.Machine.Handles.0.Effect4.Machine.WithFiberAction.keys.match_1.eq_17	[]
_private.Effect4.Laws.Machine.Handles.0.Effect4.Machine.WithFiberAction.keys.match_1.eq_18	[]
_private.Effect4.Laws.Machine.Handles.0.Effect4.Machine.WithFiberAction.keys.match_1.eq_19	[]
_private.Effect4.Laws.Machine.Handles.0.Effect4.Machine.WithFiberAction.keys.match_1.eq_2	[]
_private.Effect4.Laws.Machine.Handles.0.Effect4.Machine.WithFiberAction.keys.match_1.eq_20	[]
_private.Effect4.Laws.Machine.Handles.0.Effect4.Machine.WithFiberAction.keys.match_1.eq_21	[]
_private.Effect4.Laws.Machine.Handles.0.Effect4.Machine.WithFiberAction.keys.match_1.eq_22	[]
_private.Effect4.Laws.Machine.Handles.0.Effect4.Machine.WithFiberAction.keys.match_1.eq_23	[]
_private.Effect4.Laws.Machine.Handles.0.Effect4.Machine.WithFiberAction.keys.match_1.eq_3	[]
_private.Effect4.Laws.Machine.Handles.0.Effect4.Machine.WithFiberAction.keys.match_1.eq_4	[]
_private.Effect4.Laws.Machine.Handles.0.Effect4.Machine.WithFiberAction.keys.match_1.eq_5	[]
_private.Effect4.Laws.Machine.Handles.0.Effect4.Machine.WithFiberAction.keys.match_1.eq_6	[]
_private.Effect4.Laws.Machine.Handles.0.Effect4.Machine.WithFiberAction.keys.match_1.eq_7	[]
_private.Effect4.Laws.Machine.Handles.0.Effect4.Machine.WithFiberAction.keys.match_1.eq_8	[]
_private.Effect4.Laws.Machine.Handles.0.Effect4.Machine.WithFiberAction.keys.match_1.eq_9	[]
_private.Effect4.Laws.Machine.Handles.0.Effect4.Machine.actionOf.match_1.eq_1	[]
_private.Effect4.Laws.Machine.Handles.0.Effect4.Machine.actionOf.match_1.eq_10	[]
_private.Effect4.Laws.Machine.Handles.0.Effect4.Machine.actionOf.match_1.eq_11	[]
_private.Effect4.Laws.Machine.Handles.0.Effect4.Machine.actionOf.match_1.eq_12	[]
_private.Effect4.Laws.Machine.Handles.0.Effect4.Machine.actionOf.match_1.eq_13	[]
_private.Effect4.Laws.Machine.Handles.0.Effect4.Machine.actionOf.match_1.eq_14	[]
_private.Effect4.Laws.Machine.Handles.0.Effect4.Machine.actionOf.match_1.eq_15	[]
_private.Effect4.Laws.Machine.Handles.0.Effect4.Machine.actionOf.match_1.eq_16	[]
_private.Effect4.Laws.Machine.Handles.0.Effect4.Machine.actionOf.match_1.eq_17	[]
_private.Effect4.Laws.Machine.Handles.0.Effect4.Machine.actionOf.match_1.eq_18	[]
_private.Effect4.Laws.Machine.Handles.0.Effect4.Machine.actionOf.match_1.eq_19	[]
_private.Effect4.Laws.Machine.Handles.0.Effect4.Machine.actionOf.match_1.eq_2	[]
_private.Effect4.Laws.Machine.Handles.0.Effect4.Machine.actionOf.match_1.eq_20	[]
_private.Effect4.Laws.Machine.Handles.0.Effect4.Machine.actionOf.match_1.eq_21	[]
_private.Effect4.Laws.Machine.Handles.0.Effect4.Machine.actionOf.match_1.eq_22	[]
_private.Effect4.Laws.Machine.Handles.0.Effect4.Machine.actionOf.match_1.eq_3	[]
_private.Effect4.Laws.Machine.Handles.0.Effect4.Machine.actionOf.match_1.eq_4	[]
_private.Effect4.Laws.Machine.Handles.0.Effect4.Machine.actionOf.match_1.eq_5	[]
_private.Effect4.Laws.Machine.Handles.0.Effect4.Machine.actionOf.match_1.eq_6	[]
_private.Effect4.Laws.Machine.Handles.0.Effect4.Machine.actionOf.match_1.eq_7	[]
_private.Effect4.Laws.Machine.Handles.0.Effect4.Machine.actionOf.match_1.eq_8	[]
_private.Effect4.Laws.Machine.Handles.0.Effect4.Machine.actionOf.match_1.eq_9	[]
_private.Effect4.Laws.Machine.Handles.0.Effect4.Machine.answersValid.match_1.eq_1	[propext]
_private.Effect4.Laws.Machine.Handles.0.Effect4.Machine.answersValid.match_1.eq_2	[propext]
_private.Effect4.Laws.Machine.Handles.0.Effect4.Machine.answersValid.match_4.eq_1	[]
_private.Effect4.Laws.Machine.Handles.0.Effect4.Machine.answersValid.match_4.eq_2	[]
_private.Effect4.Laws.Machine.Handles.0.Effect4.Machine.cancelProgram.match_1.eq_1	[propext]
_private.Effect4.Laws.Machine.Handles.0.Effect4.Machine.cancelProgram.match_1.eq_2	[propext]
_private.Effect4.Laws.Machine.Handles.0.Effect4.Machine.cancelProgram.match_1.eq_3	[propext]
_private.Effect4.Laws.Machine.Handles.0.Effect4.Machine.cancelProgram.match_1.eq_4	[propext]
_private.Effect4.Laws.Machine.Handles.0.Effect4.Machine.cancelProgram.match_1.eq_5	[propext]
_private.Effect4.Laws.Machine.Handles.0.Effect4.Machine.closeSeqStep.match_1.eq_1	[]
_private.Effect4.Laws.Machine.Handles.0.Effect4.Machine.closeSeqStep.match_1.eq_2	[]
_private.Effect4.Laws.Machine.Handles.0.Effect4.Machine.completionPrim.match_1.eq_1	[]
_private.Effect4.Laws.Machine.Handles.0.Effect4.Machine.completionPrim.match_1.eq_2	[]
_private.Effect4.Laws.Machine.Handles.0.Effect4.Machine.contAOf.match_1.eq_1	[]
_private.Effect4.Laws.Machine.Handles.0.Effect4.Machine.contAOf.match_1.eq_2	[]
_private.Effect4.Laws.Machine.Handles.0.Effect4.Machine.contAOf.match_3.eq_1	[propext]
_private.Effect4.Laws.Machine.Handles.0.Effect4.Machine.contAOf.match_3.eq_10	[propext]
_private.Effect4.Laws.Machine.Handles.0.Effect4.Machine.contAOf.match_3.eq_11	[propext]
_private.Effect4.Laws.Machine.Handles.0.Effect4.Machine.contAOf.match_3.eq_12	[propext]
_private.Effect4.Laws.Machine.Handles.0.Effect4.Machine.contAOf.match_3.eq_13	[propext]
_private.Effect4.Laws.Machine.Handles.0.Effect4.Machine.contAOf.match_3.eq_14	[propext]
_private.Effect4.Laws.Machine.Handles.0.Effect4.Machine.contAOf.match_3.eq_15	[propext]
_private.Effect4.Laws.Machine.Handles.0.Effect4.Machine.contAOf.match_3.eq_16	[propext]
_private.Effect4.Laws.Machine.Handles.0.Effect4.Machine.contAOf.match_3.eq_17	[propext]
_private.Effect4.Laws.Machine.Handles.0.Effect4.Machine.contAOf.match_3.eq_18	[propext]
_private.Effect4.Laws.Machine.Handles.0.Effect4.Machine.contAOf.match_3.eq_19	[propext]
_private.Effect4.Laws.Machine.Handles.0.Effect4.Machine.contAOf.match_3.eq_2	[propext]
_private.Effect4.Laws.Machine.Handles.0.Effect4.Machine.contAOf.match_3.eq_20	[propext]
_private.Effect4.Laws.Machine.Handles.0.Effect4.Machine.contAOf.match_3.eq_3	[propext]
_private.Effect4.Laws.Machine.Handles.0.Effect4.Machine.contAOf.match_3.eq_4	[propext]
_private.Effect4.Laws.Machine.Handles.0.Effect4.Machine.contAOf.match_3.eq_5	[propext]
_private.Effect4.Laws.Machine.Handles.0.Effect4.Machine.contAOf.match_3.eq_6	[propext]
_private.Effect4.Laws.Machine.Handles.0.Effect4.Machine.contAOf.match_3.eq_7	[propext]
_private.Effect4.Laws.Machine.Handles.0.Effect4.Machine.contAOf.match_3.eq_8	[propext]
_private.Effect4.Laws.Machine.Handles.0.Effect4.Machine.contAOf.match_3.eq_9	[propext]
_private.Effect4.Laws.Machine.Handles.0.Effect4.Machine.contAnswerKeys.match_1.eq_1	[]
_private.Effect4.Laws.Machine.Handles.0.Effect4.Machine.contAnswerKeys.match_1.eq_2	[]
_private.Effect4.Laws.Machine.Handles.0.Effect4.Machine.contAnswerKeys.match_1.eq_3	[]
_private.Effect4.Laws.Machine.Handles.0.Effect4.Machine.contAnswerKeys.match_1.eq_4	[]
_private.Effect4.Laws.Machine.Handles.0.Effect4.Machine.contEOf.match_1.eq_1	[propext]
_private.Effect4.Laws.Machine.Handles.0.Effect4.Machine.contEOf.match_1.eq_2	[propext]
_private.Effect4.Laws.Machine.Handles.0.Effect4.Machine.contEOf.match_1.eq_3	[propext]
_private.Effect4.Laws.Machine.Handles.0.Effect4.Machine.contEOf.match_1.eq_4	[propext]
_private.Effect4.Laws.Machine.Handles.0.Effect4.Machine.countdownPark.match_1.eq_1	[]
_private.Effect4.Laws.Machine.Handles.0.Effect4.Machine.countdownPark.match_1.eq_2	[]
_private.Effect4.Laws.Machine.Handles.0.Effect4.Machine.countdownPark.resumePrim.match_1.eq_1	[]
_private.Effect4.Laws.Machine.Handles.0.Effect4.Machine.countdownPark.resumePrim.match_1.eq_2	[]
_private.Effect4.Laws.Machine.Handles.0.Effect4.Machine.countdownPark.resumePrim.match_1.eq_3	[]
_private.Effect4.Laws.Machine.Handles.0.Effect4.Machine.countdownWalk.match_1.eq_1	[]
_private.Effect4.Laws.Machine.Handles.0.Effect4.Machine.countdownWalk.match_1.eq_2	[]
_private.Effect4.Laws.Machine.Handles.0.Effect4.Machine.countdown_arm_minted.match_1.eq_1	[]
_private.Effect4.Laws.Machine.Handles.0.Effect4.Machine.countdown_arm_minted.match_1.eq_2	[]
_private.Effect4.Laws.Machine.Handles.0.Effect4.Machine.drainOwed.match_1.eq_1	[]
_private.Effect4.Laws.Machine.Handles.0.Effect4.Machine.drainOwed.match_1.eq_2	[]
_private.Effect4.Laws.Machine.Handles.0.Effect4.Machine.drainOwed.match_3.eq_1	[]
_private.Effect4.Laws.Machine.Handles.0.Effect4.Machine.drainOwed.match_3.eq_2	[]
_private.Effect4.Laws.Machine.Handles.0.Effect4.Machine.driveStep.match_1.eq_1	[]
_private.Effect4.Laws.Machine.Handles.0.Effect4.Machine.driveStep.match_1.eq_2	[]
_private.Effect4.Laws.Machine.Handles.0.Effect4.Machine.driveStep.match_5.eq_1	[propext]
_private.Effect4.Laws.Machine.Handles.0.Effect4.Machine.driveStep.match_5.eq_2	[propext]
_private.Effect4.Laws.Machine.Handles.0.Effect4.Machine.driveStep.match_7.eq_1	[]
_private.Effect4.Laws.Machine.Handles.0.Effect4.Machine.driveStep.match_7.eq_2	[]
_private.Effect4.Laws.Machine.Handles.0.Effect4.Machine.evaluatePrim.finalizerOr.match_1.eq_1	[]
_private.Effect4.Laws.Machine.Handles.0.Effect4.Machine.evaluatePrim.finalizerOr.match_1.eq_2	[]
_private.Effect4.Laws.Machine.Handles.0.Effect4.Machine.evaluatePrim.finalizerOr.match_3.eq_1	[propext]
_private.Effect4.Laws.Machine.Handles.0.Effect4.Machine.evaluatePrim.finalizerOr.match_3.eq_2	[propext]
_private.Effect4.Laws.Machine.Handles.0.Effect4.Machine.evaluatePrim.finishFrame.match_1.eq_1	[]
_private.Effect4.Laws.Machine.Handles.0.Effect4.Machine.evaluatePrim.finishFrame.match_1.eq_2	[]
_private.Effect4.Laws.Machine.Handles.0.Effect4.Machine.evaluatePrim.interruptAs.match_3.eq_1	[]
_private.Effect4.Laws.Machine.Handles.0.Effect4.Machine.evaluatePrim.interruptAs.match_3.eq_2	[]
_private.Effect4.Laws.Machine.Handles.0.Effect4.Machine.evaluatePrim.match_10.eq_1	[]
_private.Effect4.Laws.Machine.Handles.0.Effect4.Machine.evaluatePrim.match_10.eq_2	[]
_private.Effect4.Laws.Machine.Handles.0.Effect4.Machine.evaluatePrim.match_10.eq_3	[]
_private.Effect4.Laws.Machine.Handles.0.Effect4.Machine.evaluatePrim.match_10.eq_4	[]
_private.Effect4.Laws.Machine.Handles.0.Effect4.Machine.evaluatePrim.match_10.eq_5	[]
_private.Effect4.Laws.Machine.Handles.0.Effect4.Machine.evaluatePrim.match_12.eq_1	[propext]
_private.Effect4.Laws.Machine.Handles.0.Effect4.Machine.evaluatePrim.match_12.eq_2	[propext]
_private.Effect4.Laws.Machine.Handles.0.Effect4.Machine.evaluatePrim.match_12.eq_3	[propext]
_private.Effect4.Laws.Machine.Handles.0.Effect4.Machine.evaluatePrim.match_3.eq_1	[]
_private.Effect4.Laws.Machine.Handles.0.Effect4.Machine.evaluatePrim.match_3.eq_2	[]
_private.Effect4.Laws.Machine.Handles.0.Effect4.Machine.evaluatePrim.match_5.eq_1	[]
_private.Effect4.Laws.Machine.Handles.0.Effect4.Machine.evaluatePrim.match_5.eq_2	[]
_private.Effect4.Laws.Machine.Handles.0.Effect4.Machine.evaluatePrim.match_7.eq_1	[propext]
_private.Effect4.Laws.Machine.Handles.0.Effect4.Machine.evaluatePrim.match_7.eq_2	[propext]
_private.Effect4.Laws.Machine.Handles.0.Effect4.Machine.evaluatePrim.match_7.eq_3	[propext]
_private.Effect4.Laws.Machine.Handles.0.Effect4.Machine.evaluatePrim.match_7.eq_4	[propext]
_private.Effect4.Laws.Machine.Handles.0.Effect4.Machine.evaluatePrim.match_7.eq_5	[propext]
_private.Effect4.Laws.Machine.Handles.0.Effect4.Machine.evaluatePrim.withFiber.match_1.eq_1	[]
_private.Effect4.Laws.Machine.Handles.0.Effect4.Machine.evaluatePrim.withFiber.match_1.eq_2	[]
_private.Effect4.Laws.Machine.Handles.0.Effect4.Machine.evaluatePrim.withFiber.match_17.eq_1	[]
_private.Effect4.Laws.Machine.Handles.0.Effect4.Machine.evaluatePrim.withFiber.match_17.eq_2	[]
_private.Effect4.Laws.Machine.Handles.0.Effect4.Machine.evaluatePrim.withFiber.match_21.eq_1	[propext]
_private.Effect4.Laws.Machine.Handles.0.Effect4.Machine.evaluatePrim.withFiber.match_21.eq_2	[propext]
_private.Effect4.Laws.Machine.Handles.0.Effect4.Machine.evaluatePrim.withFiber.match_21.eq_3	[propext]
_private.Effect4.Laws.Machine.Handles.0.Effect4.Machine.evaluatePrim.withFiber.match_24.eq_1	[]
_private.Effect4.Laws.Machine.Handles.0.Effect4.Machine.evaluatePrim.withFiber.match_24.eq_2	[]
_private.Effect4.Laws.Machine.Handles.0.Effect4.Machine.evaluatePrim.withFiber.match_7.eq_1	[]
_private.Effect4.Laws.Machine.Handles.0.Effect4.Machine.evaluatePrim.withFiber.match_7.eq_2	[]
_private.Effect4.Laws.Machine.Handles.0.Effect4.Machine.exitKeys.match_1.eq_1	[]
_private.Effect4.Laws.Machine.Handles.0.Effect4.Machine.exitKeys.match_1.eq_2	[]
_private.Effect4.Laws.Machine.Handles.0.Effect4.Machine.finProgram.match_1.eq_1	[]
_private.Effect4.Laws.Machine.Handles.0.Effect4.Machine.finProgram.match_1.eq_10	[]
_private.Effect4.Laws.Machine.Handles.0.Effect4.Machine.finProgram.match_1.eq_11	[]
_private.Effect4.Laws.Machine.Handles.0.Effect4.Machine.finProgram.match_1.eq_12	[]
_private.Effect4.Laws.Machine.Handles.0.Effect4.Machine.finProgram.match_1.eq_2	[]
_private.Effect4.Laws.Machine.Handles.0.Effect4.Machine.finProgram.match_1.eq_3	[]
_private.Effect4.Laws.Machine.Handles.0.Effect4.Machine.finProgram.match_1.eq_4	[]
_private.Effect4.Laws.Machine.Handles.0.Effect4.Machine.finProgram.match_1.eq_5	[]
_private.Effect4.Laws.Machine.Handles.0.Effect4.Machine.finProgram.match_1.eq_6	[]
_private.Effect4.Laws.Machine.Handles.0.Effect4.Machine.finProgram.match_1.eq_7	[]
_private.Effect4.Laws.Machine.Handles.0.Effect4.Machine.finProgram.match_1.eq_8	[]
_private.Effect4.Laws.Machine.Handles.0.Effect4.Machine.finProgram.match_1.eq_9	[]
_private.Effect4.Laws.Machine.Handles.0.Effect4.Machine.finalizerCode.match_1.eq_1	[]
_private.Effect4.Laws.Machine.Handles.0.Effect4.Machine.finalizerCode.match_1.eq_2	[]
_private.Effect4.Laws.Machine.Handles.0.Effect4.Machine.fireObserver.match_1.eq_1	[]
_private.Effect4.Laws.Machine.Handles.0.Effect4.Machine.fireObserver.match_1.eq_2	[]
_private.Effect4.Laws.Machine.Handles.0.Effect4.Machine.fireObserver.match_3.eq_1	[]
_private.Effect4.Laws.Machine.Handles.0.Effect4.Machine.fireObserver.match_3.eq_2	[]
_private.Effect4.Laws.Machine.Handles.0.Effect4.Machine.fireObserver.match_5.eq_1	[]
_private.Effect4.Laws.Machine.Handles.0.Effect4.Machine.fireObserver.match_5.eq_2	[]
_private.Effect4.Laws.Machine.Handles.0.Effect4.Machine.fireObserver.match_7.eq_1	[propext]
_private.Effect4.Laws.Machine.Handles.0.Effect4.Machine.fireObserver.match_7.eq_2	[propext]
_private.Effect4.Laws.Machine.Handles.0.Effect4.Machine.forkFinalizers.match_3.eq_1	[]
_private.Effect4.Laws.Machine.Handles.0.Effect4.Machine.forkFinalizers.match_3.eq_2	[]
_private.Effect4.Laws.Machine.Handles.0.Effect4.Machine.frameExitState.match_1.eq_1	[propext]
_private.Effect4.Laws.Machine.Handles.0.Effect4.Machine.frameExitState.match_1.eq_2	[propext]
_private.Effect4.Laws.Machine.Handles.0.Effect4.Machine.instReprHandle.repr.match_1.eq_1	[]
_private.Effect4.Laws.Machine.Handles.0.Effect4.Machine.instReprHandle.repr.match_1.eq_2	[]
_private.Effect4.Laws.Machine.Handles.0.Effect4.Machine.instReprHandle.repr.match_1.eq_3	[]
_private.Effect4.Laws.Machine.Handles.0.Effect4.Machine.instReprHandle.repr.match_1.eq_4	[]
_private.Effect4.Laws.Machine.Handles.0.Effect4.Machine.instReprHandle.repr.match_1.eq_5	[]
_private.Effect4.Laws.Machine.Handles.0.Effect4.Machine.instReprHandle.repr.match_1.eq_6	[]
_private.Effect4.Laws.Machine.Handles.0.Effect4.Machine.interruptEach_cons.match_1.eq_1	[]
_private.Effect4.Laws.Machine.Handles.0.Effect4.Machine.interruptEach_cons.match_1.eq_2	[]
_private.Effect4.Laws.Machine.Handles.0.Effect4.Machine.interruptRecord.match_1.eq_1	[]
_private.Effect4.Laws.Machine.Handles.0.Effect4.Machine.interruptRecord.match_1.eq_2	[]
_private.Effect4.Laws.Machine.Handles.0.Effect4.Machine.iteration.match_1.eq_1	[]
_private.Effect4.Laws.Machine.Handles.0.Effect4.Machine.iteration.match_1.eq_2	[]
_private.Effect4.Laws.Machine.Handles.0.Effect4.Machine.linkScope.match_1.eq_1	[]
_private.Effect4.Laws.Machine.Handles.0.Effect4.Machine.linkScope.match_1.eq_2	[]
_private.Effect4.Laws.Machine.Handles.0.Effect4.Machine.linkScope.match_3.eq_1	[]
_private.Effect4.Laws.Machine.Handles.0.Effect4.Machine.linkScope.match_3.eq_2	[]
_private.Effect4.Laws.Machine.Handles.0.Effect4.Machine.linkScope.match_3.eq_3	[]
_private.Effect4.Laws.Machine.Handles.0.Effect4.Machine.loopNextKeys.match_1.eq_1	[]
_private.Effect4.Laws.Machine.Handles.0.Effect4.Machine.loopNextKeys.match_1.eq_2	[]
_private.Effect4.Laws.Machine.Handles.0.Effect4.Machine.optExitKeys.match_1.eq_1	[]
_private.Effect4.Laws.Machine.Handles.0.Effect4.Machine.optExitKeys.match_1.eq_2	[]
_private.Effect4.Laws.Machine.Handles.0.Effect4.Machine.primKeys.match_1.eq_1	[]
_private.Effect4.Laws.Machine.Handles.0.Effect4.Machine.primKeys.match_1.eq_10	[]
_private.Effect4.Laws.Machine.Handles.0.Effect4.Machine.primKeys.match_1.eq_11	[]
_private.Effect4.Laws.Machine.Handles.0.Effect4.Machine.primKeys.match_1.eq_12	[]
_private.Effect4.Laws.Machine.Handles.0.Effect4.Machine.primKeys.match_1.eq_13	[]
_private.Effect4.Laws.Machine.Handles.0.Effect4.Machine.primKeys.match_1.eq_14	[]
_private.Effect4.Laws.Machine.Handles.0.Effect4.Machine.primKeys.match_1.eq_15	[]
_private.Effect4.Laws.Machine.Handles.0.Effect4.Machine.primKeys.match_1.eq_16	[]
_private.Effect4.Laws.Machine.Handles.0.Effect4.Machine.primKeys.match_1.eq_17	[]
_private.Effect4.Laws.Machine.Handles.0.Effect4.Machine.primKeys.match_1.eq_18	[]
_private.Effect4.Laws.Machine.Handles.0.Effect4.Machine.primKeys.match_1.eq_2	[]
_private.Effect4.Laws.Machine.Handles.0.Effect4.Machine.primKeys.match_1.eq_3	[]
_private.Effect4.Laws.Machine.Handles.0.Effect4.Machine.primKeys.match_1.eq_4	[]
_private.Effect4.Laws.Machine.Handles.0.Effect4.Machine.primKeys.match_1.eq_5	[]
_private.Effect4.Laws.Machine.Handles.0.Effect4.Machine.primKeys.match_1.eq_6	[]
_private.Effect4.Laws.Machine.Handles.0.Effect4.Machine.primKeys.match_1.eq_7	[]
_private.Effect4.Laws.Machine.Handles.0.Effect4.Machine.primKeys.match_1.eq_8	[]
_private.Effect4.Laws.Machine.Handles.0.Effect4.Machine.primKeys.match_1.eq_9	[]
_private.Effect4.Laws.Machine.Handles.0.Effect4.Machine.progOf.match_1.eq_1	[]
_private.Effect4.Laws.Machine.Handles.0.Effect4.Machine.progOf.match_1.eq_10	[]
_private.Effect4.Laws.Machine.Handles.0.Effect4.Machine.progOf.match_1.eq_11	[]
_private.Effect4.Laws.Machine.Handles.0.Effect4.Machine.progOf.match_1.eq_12	[]
_private.Effect4.Laws.Machine.Handles.0.Effect4.Machine.progOf.match_1.eq_13	[]
_private.Effect4.Laws.Machine.Handles.0.Effect4.Machine.progOf.match_1.eq_14	[]
_private.Effect4.Laws.Machine.Handles.0.Effect4.Machine.progOf.match_1.eq_15	[]
_private.Effect4.Laws.Machine.Handles.0.Effect4.Machine.progOf.match_1.eq_16	[]
_private.Effect4.Laws.Machine.Handles.0.Effect4.Machine.progOf.match_1.eq_17	[]
_private.Effect4.Laws.Machine.Handles.0.Effect4.Machine.progOf.match_1.eq_18	[]
_private.Effect4.Laws.Machine.Handles.0.Effect4.Machine.progOf.match_1.eq_19	[]
_private.Effect4.Laws.Machine.Handles.0.Effect4.Machine.progOf.match_1.eq_2	[]
_private.Effect4.Laws.Machine.Handles.0.Effect4.Machine.progOf.match_1.eq_20	[]
_private.Effect4.Laws.Machine.Handles.0.Effect4.Machine.progOf.match_1.eq_21	[]
_private.Effect4.Laws.Machine.Handles.0.Effect4.Machine.progOf.match_1.eq_22	[]
_private.Effect4.Laws.Machine.Handles.0.Effect4.Machine.progOf.match_1.eq_23	[]
_private.Effect4.Laws.Machine.Handles.0.Effect4.Machine.progOf.match_1.eq_24	[]
_private.Effect4.Laws.Machine.Handles.0.Effect4.Machine.progOf.match_1.eq_25	[]
_private.Effect4.Laws.Machine.Handles.0.Effect4.Machine.progOf.match_1.eq_26	[]
_private.Effect4.Laws.Machine.Handles.0.Effect4.Machine.progOf.match_1.eq_27	[]
_private.Effect4.Laws.Machine.Handles.0.Effect4.Machine.progOf.match_1.eq_3	[]
_private.Effect4.Laws.Machine.Handles.0.Effect4.Machine.progOf.match_1.eq_4	[]
_private.Effect4.Laws.Machine.Handles.0.Effect4.Machine.progOf.match_1.eq_5	[]
_private.Effect4.Laws.Machine.Handles.0.Effect4.Machine.progOf.match_1.eq_6	[]
_private.Effect4.Laws.Machine.Handles.0.Effect4.Machine.progOf.match_1.eq_7	[]
_private.Effect4.Laws.Machine.Handles.0.Effect4.Machine.progOf.match_1.eq_8	[]
_private.Effect4.Laws.Machine.Handles.0.Effect4.Machine.progOf.match_1.eq_9	[]
_private.Effect4.Laws.Machine.Handles.0.Effect4.Machine.registerRace.match_1.eq_1	[]
_private.Effect4.Laws.Machine.Handles.0.Effect4.Machine.registerRace.match_1.eq_2	[]
_private.Effect4.Laws.Machine.Handles.0.Effect4.Machine.scopeClosingKeys.match_1.eq_1	[]
_private.Effect4.Laws.Machine.Handles.0.Effect4.Machine.scopeClosingKeys.match_1.eq_2	[]
_private.Effect4.Laws.Machine.Handles.0.Effect4.Machine.settle.match_1.eq_1	[]
_private.Effect4.Laws.Machine.Handles.0.Effect4.Machine.settle.match_1.eq_2	[]
_private.Effect4.Laws.Machine.Handles.0.Effect4.Machine.settle.match_1.eq_3	[]
_private.Effect4.Laws.Machine.Handles.0.Effect4.Machine.settle.match_1.eq_4	[]
_private.Effect4.Laws.Machine.Handles.0.Effect4.Machine.settle.match_1.eq_5	[]
_private.Effect4.Laws.Machine.Handles.0.Effect4.Machine.settle.match_1.eq_6	[]
_private.Effect4.Laws.Machine.Handles.0.Effect4.Machine.stepKeys.match_1.eq_1	[]
_private.Effect4.Laws.Machine.Handles.0.Effect4.Machine.stepKeys.match_1.eq_2	[]
_private.Effect4.Laws.Machine.Handles.0.Effect4.Machine.stores.match_1.eq_1	[propext]
_private.Effect4.Laws.Machine.Handles.0.Effect4.Machine.stores.match_1.eq_2	[propext]
_private.Effect4.Laws.Machine.Handles.0.Effect4.Machine.stores.match_10.eq_1	[propext]
_private.Effect4.Laws.Machine.Handles.0.Effect4.Machine.stores.match_10.eq_2	[propext]
_private.Effect4.Laws.Machine.Handles.0.Effect4.Machine.stores.match_14.eq_1	[propext]
_private.Effect4.Laws.Machine.Handles.0.Effect4.Machine.stores.match_14.eq_2	[propext]
_private.Effect4.Laws.Machine.Handles.0.Effect4.Machine.stores.match_17.eq_1	[propext]
_private.Effect4.Laws.Machine.Handles.0.Effect4.Machine.stores.match_17.eq_2	[propext]
_private.Effect4.Laws.Machine.Handles.0.Effect4.Machine.stores.match_22.eq_1	[propext]
_private.Effect4.Laws.Machine.Handles.0.Effect4.Machine.stores.match_22.eq_2	[propext]
_private.Effect4.Laws.Machine.Handles.0.Effect4.Machine.stores.match_22.eq_3	[propext]
_private.Effect4.Laws.Machine.Handles.0.Effect4.Machine.stores.match_29.eq_1	[]
_private.Effect4.Laws.Machine.Handles.0.Effect4.Machine.stores.match_29.eq_2	[]
_private.Effect4.Laws.Machine.Handles.0.Effect4.Machine.stores.match_31.eq_1	[]
_private.Effect4.Laws.Machine.Handles.0.Effect4.Machine.stores.match_31.eq_2	[]
_private.Effect4.Laws.Machine.Handles.0.Effect4.Machine.stores.match_4.eq_1	[propext]
_private.Effect4.Laws.Machine.Handles.0.Effect4.Machine.stores.match_4.eq_2	[propext]
_private.Effect4.Laws.Machine.Handles.0.Effect4.Machine.stores.match_7.eq_1	[propext]
_private.Effect4.Laws.Machine.Handles.0.Effect4.Machine.stores.match_7.eq_2	[propext]
_private.Effect4.Laws.Machine.Handles.0.Effect4.Machine.stores.match_7.eq_3	[propext]
_private.Effect4.Laws.Machine.Handles.0.Effect4.Machine.storesCloseScopeUnsafe.match_1.eq_1	[propext]
_private.Effect4.Laws.Machine.Handles.0.Effect4.Machine.storesCloseScopeUnsafe.match_1.eq_2	[propext]
_private.Effect4.Laws.Machine.Handles.0.Effect4.Machine.storesCloseScopeUnsafe.match_1.eq_3	[propext]
_private.Effect4.Laws.Machine.Handles.0.Effect4.Machine.taskCmds.match_1.eq_1	[]
_private.Effect4.Laws.Machine.Handles.0.Effect4.Machine.taskCmds.match_1.eq_2	[]
_private.Effect4.Laws.Machine.Handles.0.Effect4.Machine.taskCmds.match_1.eq_3	[]
_private.Effect4.Laws.Machine.Handles.0.Effect4.Machine.voidAllOf.match_1.eq_1	[]
_private.Effect4.Laws.Machine.Handles.0.Effect4.Machine.voidAllOf.match_1.eq_2	[]
_private.Effect4.Laws.Machine.Handles.0.Effect4.Prim.answerOf.match_1.eq_1	[]
_private.Effect4.Laws.Machine.Handles.0.Effect4.Prim.answerOf.match_1.eq_2	[]
_private.Effect4.Laws.Machine.Handles.0.Effect4.Prim.armA.match_1.eq_1	[]
_private.Effect4.Laws.Machine.Handles.0.Effect4.Prim.armA.match_1.eq_2	[]
_private.Effect4.Laws.Machine.Handles.0.Effect4.Prim.armA.match_3.eq_1	[]
_private.Effect4.Laws.Machine.Handles.0.Effect4.Prim.armA.match_3.eq_2	[]
_private.Effect4.Laws.Machine.Handles.0.Effect4.Prim.armA.match_3.eq_3	[]
_private.Effect4.Laws.Machine.Handles.0.Effect4.Scope.addExit.match_1.eq_1	[]
_private.Effect4.Laws.Machine.Handles.0.Effect4.Scope.addExit.match_1.eq_2	[]
_private.Effect4.Laws.Machine.Handles.0.Effect4.Supervision.raceComplete.match_1.eq_1	[]
_private.Effect4.Laws.Machine.Handles.0.Effect4.Supervision.raceComplete.match_1.eq_2	[]
_private.Effect4.Laws.Machine.Handles.0.Effect4.Supervision.raceComplete.match_3.eq_1	[]
_private.Effect4.Laws.Machine.Handles.0.Effect4.Supervision.raceComplete.match_3.eq_2	[]
_private.Effect4.Laws.Machine.Handles.0.Option.getD.match_1.eq_1	[]
_private.Effect4.Laws.Machine.Handles.0.Option.getD.match_1.eq_2	[]
_private.Effect4.Laws.Machine.Handles.0.Option.instDecidableEq.match_1.eq_1	[]
_private.Effect4.Laws.Machine.Handles.0.Option.instDecidableEq.match_1.eq_2	[]
_private.Effect4.Laws.Machine.LiveStack.0.Effect4.FrameFiber.answer_nonempty	[propext]
_private.Effect4.Laws.Machine.LiveStack.0.Effect4.FrameFiber.appendStack.eq_1	[]
_private.Effect4.Laws.Machine.LiveStack.0.Effect4.FrameFiber.clear_empty_stack	[]
_private.Effect4.Laws.Machine.LiveStack.0.Effect4.FrameFiber.cleared_eq	[]
_private.Effect4.Laws.Machine.LiveStack.0.Effect4.FrameFiber.cleared_interrupted	[]
_private.Effect4.Laws.Machine.LiveStack.0.Effect4.FrameFiber.ensure_appendStack	[propext]
_private.Effect4.Laws.Machine.LiveStack.0.Effect4.FrameFiber.getContLive_plain	[propext, Quot.sound]
_private.Effect4.Laws.Machine.LiveStack.0.Effect4.FrameFiber.interrupted_appendStack	[]
_private.Effect4.Laws.Machine.LiveStack.0.Effect4.FrameFiber.live_measure_lt	[propext, Quot.sound]
_private.Effect4.Laws.Machine.LiveStack.0.Effect4.FrameFiber.live_measure_lt._proof_1_1	[propext, Quot.sound]
_private.Effect4.Laws.Machine.LiveStack.0.Effect4.FrameFiber.live_measure_lt._proof_1_2	[propext, Quot.sound]
_private.Effect4.Laws.Machine.LiveStack.0.Effect4.FrameFiber.live_measure_lt._proof_1_3	[propext, Quot.sound]
_private.Effect4.Laws.Machine.LiveStack.0.Effect4.FrameFiber.live_measure_lt._proof_1_4	[propext, Quot.sound]
_private.Effect4.Laws.Machine.LiveStack.0.Effect4.FrameFiber.live_measure_lt._proof_1_5	[propext, Quot.sound]
_private.Effect4.Laws.Machine.LiveStack.0.Effect4.FrameFiber.popFrom_deferred	[propext]
_private.Effect4.Laws.Machine.LiveStack.0.Effect4.FrameFiber.popFrom_pass	[propext]
_private.Effect4.Laws.Machine.LiveStack.0.Effect4.FrameFiber.popFrom_scratch_nil	[propext]
_private.Effect4.Laws.Machine.LiveStack.0.Effect4.FrameFiber.popFrom_scratch_one	[propext]
_private.Effect4.Laws.Machine.LiveStack.0.Effect4.FrameFiber.popLive.match_1.eq_1	[]
_private.Effect4.Laws.Machine.LiveStack.0.Effect4.FrameFiber.popLive.match_1.eq_2	[]
_private.Effect4.Laws.Machine.LiveStack.0.Effect4.FrameFiber.popLive.match_3.eq_1	[]
_private.Effect4.Laws.Machine.LiveStack.0.Effect4.FrameFiber.popLive.match_3.eq_2	[]
_private.Effect4.Laws.Machine.LiveStack.0.Effect4.FrameFiber.popLive_deferred	[propext, Quot.sound]
_private.Effect4.Laws.Machine.LiveStack.0.Effect4.FrameFiber.popLive_stack_eq	[propext, Quot.sound]
_private.Effect4.Laws.Machine.LiveStack.0.Effect4.FrameFiber.popLive_stack_eq_aux	[propext, Quot.sound]
_private.Effect4.Laws.Machine.LiveStack.0.Effect4.FrameFiber.popLive_stack_eq_aux._proof_1_2	[propext, Quot.sound]
_private.Effect4.Laws.Machine.LiveStack.0.Effect4.FrameFiber.popLive_stack_eq_aux._proof_1_4	[propext, Quot.sound]
_private.Effect4.Laws.Machine.LiveStack.0.Effect4.FrameFiber.popLive_stack_while	[propext, Quot.sound]
_private.Effect4.Laws.Machine.LiveStack.0.Effect4.FrameFiber.popLive_stack_while_aux	[propext, Quot.sound]
_private.Effect4.Laws.Machine.LiveStack.0.Effect4.FrameFiber.popLive_stack_while_aux._proof_1_3	[propext, Quot.sound]
_private.Effect4.Laws.Machine.LiveStack.0.Effect4.FrameFiber.popLive_stack_while_aux._proof_1_4	[propext, Quot.sound]
_private.Effect4.Laws.Machine.LiveStack.0.Effect4.FrameFiber.prefixPop.eq_1	[]
_private.Effect4.Laws.Machine.LiveStack.0.Effect4.FrameFiber.skipPop._sparseCasesOn_1.else_eq	[propext]
_private.Effect4.Laws.Machine.LiveStack.0.Effect4.FrameFiber.skipPop.eq_1	[propext, Quot.sound]
_private.Effect4.Laws.Machine.LiveStack.0.Effect4.FrameFiber.skipPop.match_1.eq_1	[propext]
_private.Effect4.Laws.Machine.LiveStack.0.Effect4.FrameFiber.skipPop.match_1.eq_2	[propext]
_private.Effect4.Laws.Machine.LiveStack.0.Effect4.FrameFiber.skipPop_prefix	[propext, Quot.sound]
_private.Effect4.Laws.Machine.LiveStack.0.Effect4.FrameFiber.with_stack_self	[]
_private.Effect4.Laws.Machine.ScopeRestoration.0.Effect4.Exit.mergeFinalizer.match_1.eq_1	[]
_private.Effect4.Laws.Machine.ScopeRestoration.0.Effect4.Exit.mergeFinalizer.match_1.eq_2	[]
_private.Effect4.Laws.Machine.ScopeRestoration.0.Effect4.Exit.mergeFinalizer.match_1.eq_3	[]
_private.Effect4.Laws.Machine.ScopeRestoration.0.Effect4.FrameFiber.resumeValue.match_1.eq_1	[]
_private.Effect4.Laws.Machine.ScopeRestoration.0.Effect4.FrameFiber.resumeValue.match_1.eq_2	[]
_private.Effect4.Laws.Machine.ScopeRestoration.0.Effect4.FrameFiber.resumeValue.match_3.eq_1	[]
_private.Effect4.Laws.Machine.ScopeRestoration.0.Effect4.FrameFiber.resumeValue.match_3.eq_2	[]
_private.Effect4.Laws.Machine.ScopeRestoration.0.Effect4.FrameFiber.resumeValue.match_3.eq_3	[]
_private.Effect4.Laws.Machine.ScopeRestoration.0.Effect4.FrameFiber.resumeValue.match_3.eq_4	[]
_private.Effect4.Laws.Machine.ScopeRestoration.0.Effect4.FrameFiber.step.match_1.eq_1	[]
_private.Effect4.Laws.Machine.ScopeRestoration.0.Effect4.FrameFiber.step.match_1.eq_10	[]
_private.Effect4.Laws.Machine.ScopeRestoration.0.Effect4.FrameFiber.step.match_1.eq_11	[]
_private.Effect4.Laws.Machine.ScopeRestoration.0.Effect4.FrameFiber.step.match_1.eq_12	[]
_private.Effect4.Laws.Machine.ScopeRestoration.0.Effect4.FrameFiber.step.match_1.eq_13	[]
_private.Effect4.Laws.Machine.ScopeRestoration.0.Effect4.FrameFiber.step.match_1.eq_14	[]
_private.Effect4.Laws.Machine.ScopeRestoration.0.Effect4.FrameFiber.step.match_1.eq_15	[]
_private.Effect4.Laws.Machine.ScopeRestoration.0.Effect4.FrameFiber.step.match_1.eq_16	[]
_private.Effect4.Laws.Machine.ScopeRestoration.0.Effect4.FrameFiber.step.match_1.eq_17	[]
_private.Effect4.Laws.Machine.ScopeRestoration.0.Effect4.FrameFiber.step.match_1.eq_18	[]
_private.Effect4.Laws.Machine.ScopeRestoration.0.Effect4.FrameFiber.step.match_1.eq_2	[]
_private.Effect4.Laws.Machine.ScopeRestoration.0.Effect4.FrameFiber.step.match_1.eq_3	[]
_private.Effect4.Laws.Machine.ScopeRestoration.0.Effect4.FrameFiber.step.match_1.eq_4	[]
_private.Effect4.Laws.Machine.ScopeRestoration.0.Effect4.FrameFiber.step.match_1.eq_5	[]
_private.Effect4.Laws.Machine.ScopeRestoration.0.Effect4.FrameFiber.step.match_1.eq_6	[]
_private.Effect4.Laws.Machine.ScopeRestoration.0.Effect4.FrameFiber.step.match_1.eq_7	[]
_private.Effect4.Laws.Machine.ScopeRestoration.0.Effect4.FrameFiber.step.match_1.eq_8	[]
_private.Effect4.Laws.Machine.ScopeRestoration.0.Effect4.FrameFiber.step.match_1.eq_9	[]
_private.Effect4.Laws.Machine.ScopeRestoration.0.Effect4.FramePop.deliveredExit.match_1.eq_1	[]
_private.Effect4.Laws.Machine.ScopeRestoration.0.Effect4.FramePop.deliveredExit.match_1.eq_2	[]
_private.Effect4.Laws.Machine.ScopeRestoration.0.Effect4.Prim.armA.match_1.eq_1	[]
_private.Effect4.Laws.Machine.ScopeRestoration.0.Effect4.Prim.armA.match_1.eq_2	[]
_private.Effect4.Laws.Machine.ScopeRestoration.0.Effect4.Prim.armA.match_3.eq_1	[]
_private.Effect4.Laws.Machine.ScopeRestoration.0.Effect4.Prim.armA.match_3.eq_2	[]
_private.Effect4.Laws.Machine.ScopeRestoration.0.Effect4.Prim.armA.match_3.eq_3	[]
_private.Effect4.Laws.Machine.Witnesses.0.Effect4.Machine.interruptRecord.match_1.eq_1	[]
_private.Effect4.Laws.Machine.Witnesses.0.Effect4.Machine.interruptRecord.match_1.eq_2	[]
_private.Effect4.Laws.Program.Agreement.0.Effect4.Program.Agreement.compileEff_awaitFiber.match_1.eq_1	[]
_private.Effect4.Laws.Program.Agreement.0.Effect4.Program.Agreement.compileEff_awaitFiber.match_1.eq_2	[]
_private.Effect4.Laws.Program.Agreement.0.Effect4.Program.Agreement.compileEff_awaitFiber.match_3.eq_1	[propext]
_private.Effect4.Laws.Program.Agreement.0.Effect4.Program.Agreement.compileEff_awaitFiber.match_3.eq_2	[propext]
_private.Effect4.Laws.Program.Agreement.0.Effect4.Program.Agreement.compileEff_exit.match_1.eq_1	[]
_private.Effect4.Laws.Program.Agreement.0.Effect4.Program.Agreement.compileEff_exit.match_1.eq_2	[]
_private.Effect4.Laws.Program.Agreement.0.Effect4.Program.Agreement.compileEff_failCause.match_1.eq_1	[]
_private.Effect4.Laws.Program.Agreement.0.Effect4.Program.Agreement.compileEff_failCause.match_1.eq_2	[]
_private.Effect4.Laws.Program.Agreement.0.Effect4.Program.Agreement.compileEff_succeed.match_1.eq_1	[]
_private.Effect4.Laws.Program.Agreement.0.Effect4.Program.Agreement.compileEff_succeed.match_1.eq_2	[]
_private.Effect4.Laws.Program.Agreement.0.Effect4.Program.Agreement.contAOf_acquireCtx.match_1.eq_1	[]
_private.Effect4.Laws.Program.Agreement.0.Effect4.Program.Agreement.contAOf_acquireCtx.match_1.eq_2	[]
_private.Effect4.Laws.Program.Agreement.0.Effect4.Program.Agreement.depth.match_1.eq_1	[propext]
_private.Effect4.Laws.Program.Agreement.0.Effect4.Program.Agreement.depth.match_1.eq_2	[propext]
_private.Effect4.Laws.Program.Agreement.0.Effect4.Program.Agreement.depth.match_1.eq_3	[propext]
_private.Effect4.Laws.Program.Agreement.0.Effect4.Program.Agreement.depth.match_1.eq_4	[propext]
_private.Effect4.Laws.Program.Agreement.0.Effect4.Program.Agreement.depth.match_1.eq_5	[propext]
_private.Effect4.Laws.Program.Agreement.0.Effect4.Program.Agreement.depth.match_1.eq_6	[propext]
_private.Effect4.Laws.Program.Agreement.0.Effect4.Program.Agreement.depth.match_1.eq_7	[propext]
_private.Effect4.Laws.Program.Agreement.0.Effect4.Program.Agreement.depth.match_1.eq_8	[propext]
_private.Effect4.Laws.Program.Agreement.0.Effect4.Program.Agreement.exitFrom.match_1.eq_1	[]
_private.Effect4.Laws.Program.Agreement.0.Effect4.Program.Agreement.exitFrom.match_1.eq_2	[]
_private.Effect4.Laws.Program.Agreement.0.Effect4.Program.Agreement.exitFrom.match_3.eq_1	[propext]
_private.Effect4.Laws.Program.Agreement.0.Effect4.Program.Agreement.exitFrom.match_3.eq_2	[propext]
_private.Effect4.Laws.Program.Agreement.0.Effect4.Program.Agreement.localRun.match_1.eq_1	[]
_private.Effect4.Laws.Program.Agreement.0.Effect4.Program.Agreement.localRun.match_1.eq_2	[]
_private.Effect4.Laws.Program.Agreement.0.Effect4.Program.Agreement.localRun.match_3.eq_1	[]
_private.Effect4.Laws.Program.Agreement.0.Effect4.Program.Agreement.localRun.match_3.eq_2	[]
_private.Effect4.Laws.Program.Agreement.0.Effect4.Program.Agreement.localStep.match_1.eq_1	[]
_private.Effect4.Laws.Program.Agreement.0.Effect4.Program.Agreement.localStep.match_1.eq_2	[]
_private.Effect4.Laws.Program.Agreement.0.Effect4.Program.Agreement.ofFrameStep.match_1.eq_1	[]
_private.Effect4.Laws.Program.Agreement.0.Effect4.Program.Agreement.ofFrameStep.match_1.eq_2	[]
_private.Effect4.Laws.Program.Agreement.0.Effect4.Program.Agreement.resolveLayerTerm_ref.match_1.eq_1	[propext]
_private.Effect4.Laws.Program.Agreement.0.Effect4.Program.Agreement.resolveLayerTerm_ref.match_1.eq_2	[propext]
_private.Effect4.Laws.Program.Agreement.0.Effect4.Program.Agreement.resolveLayerTerm_ref.match_1.eq_3	[propext]
_private.Effect4.Laws.Program.Agreement.0.Effect4.Program.Agreement.resolveLayerTerm_ref.match_5.eq_1	[]
_private.Effect4.Laws.Program.Agreement.0.Effect4.Program.Agreement.resolveLayerTerm_ref.match_5.eq_2	[]
_private.Effect4.Laws.Program.Agreement.0.Effect4.Program.Agreement.steps.match_1.eq_1	[propext]
_private.Effect4.Laws.Program.Agreement.0.Effect4.Program.Agreement.steps.match_1.eq_10	[propext]
_private.Effect4.Laws.Program.Agreement.0.Effect4.Program.Agreement.steps.match_1.eq_2	[propext]
_private.Effect4.Laws.Program.Agreement.0.Effect4.Program.Agreement.steps.match_1.eq_3	[propext]
_private.Effect4.Laws.Program.Agreement.0.Effect4.Program.Agreement.steps.match_1.eq_4	[propext]
_private.Effect4.Laws.Program.Agreement.0.Effect4.Program.Agreement.steps.match_1.eq_5	[propext]
_private.Effect4.Laws.Program.Agreement.0.Effect4.Program.Agreement.steps.match_1.eq_6	[propext]
_private.Effect4.Laws.Program.Agreement.0.Effect4.Program.Agreement.steps.match_1.eq_7	[propext]
_private.Effect4.Laws.Program.Agreement.0.Effect4.Program.Agreement.steps.match_1.eq_8	[propext]
_private.Effect4.Laws.Program.Agreement.0.Effect4.Program.Agreement.steps.match_1.eq_9	[propext]
_private.Effect4.Laws.Program.Agreement.0.Effect4.Program.Denote.storeHandler.match_1.eq_1	[]
_private.Effect4.Laws.Program.Agreement.0.Effect4.Program.Denote.storeHandler.match_1.eq_2	[]
_private.Effect4.Laws.Program.Agreement.0.Effect4.Program.Node.at_.match_1.eq_1	[]
_private.Effect4.Laws.Program.Agreement.0.Effect4.Program.Node.at_.match_1.eq_2	[]
_private.Effect4.Laws.Program.Agreement.0.Effect4.Program.Point.childBind.match_1.eq_1	[]
_private.Effect4.Laws.Program.Agreement.0.Effect4.Program.Point.childBind.match_1.eq_2	[]
_private.Effect4.Laws.Program.Agreement.0.Effect4.Program.asyncRoute.match_1.eq_1	[]
_private.Effect4.Laws.Program.Agreement.0.Effect4.Program.asyncRoute.match_1.eq_2	[]
_private.Effect4.Laws.Program.Agreement.0.Effect4.Program.compileEff.match_1.eq_1	[]
_private.Effect4.Laws.Program.Agreement.0.Effect4.Program.compileEff.match_1.eq_2	[]
_private.Effect4.Laws.Program.Agreement.0.Effect4.Program.compileEff.match_10.eq_1	[]
_private.Effect4.Laws.Program.Agreement.0.Effect4.Program.compileEff.match_10.eq_2	[]
_private.Effect4.Laws.Program.Agreement.0.Effect4.Program.compileEff.match_12.eq_1	[]
_private.Effect4.Laws.Program.Agreement.0.Effect4.Program.compileEff.match_12.eq_2	[]
_private.Effect4.Laws.Program.Agreement.0.Effect4.Program.compileEff.match_14.eq_1	[propext]
_private.Effect4.Laws.Program.Agreement.0.Effect4.Program.compileEff.match_14.eq_2	[propext]
_private.Effect4.Laws.Program.Agreement.0.Effect4.Program.compileEff.match_16.eq_1	[propext]
_private.Effect4.Laws.Program.Agreement.0.Effect4.Program.compileEff.match_16.eq_10	[propext]
_private.Effect4.Laws.Program.Agreement.0.Effect4.Program.compileEff.match_16.eq_11	[propext]
_private.Effect4.Laws.Program.Agreement.0.Effect4.Program.compileEff.match_16.eq_12	[propext]
_private.Effect4.Laws.Program.Agreement.0.Effect4.Program.compileEff.match_16.eq_13	[propext]
_private.Effect4.Laws.Program.Agreement.0.Effect4.Program.compileEff.match_16.eq_14	[propext]
_private.Effect4.Laws.Program.Agreement.0.Effect4.Program.compileEff.match_16.eq_15	[propext]
_private.Effect4.Laws.Program.Agreement.0.Effect4.Program.compileEff.match_16.eq_16	[propext]
_private.Effect4.Laws.Program.Agreement.0.Effect4.Program.compileEff.match_16.eq_17	[propext]
_private.Effect4.Laws.Program.Agreement.0.Effect4.Program.compileEff.match_16.eq_18	[propext]
_private.Effect4.Laws.Program.Agreement.0.Effect4.Program.compileEff.match_16.eq_19	[propext]
_private.Effect4.Laws.Program.Agreement.0.Effect4.Program.compileEff.match_16.eq_2	[propext]
_private.Effect4.Laws.Program.Agreement.0.Effect4.Program.compileEff.match_16.eq_20	[propext]
_private.Effect4.Laws.Program.Agreement.0.Effect4.Program.compileEff.match_16.eq_21	[propext]
_private.Effect4.Laws.Program.Agreement.0.Effect4.Program.compileEff.match_16.eq_22	[propext]
_private.Effect4.Laws.Program.Agreement.0.Effect4.Program.compileEff.match_16.eq_23	[propext]
_private.Effect4.Laws.Program.Agreement.0.Effect4.Program.compileEff.match_16.eq_24	[propext]
_private.Effect4.Laws.Program.Agreement.0.Effect4.Program.compileEff.match_16.eq_25	[propext]
_private.Effect4.Laws.Program.Agreement.0.Effect4.Program.compileEff.match_16.eq_26	[propext]
_private.Effect4.Laws.Program.Agreement.0.Effect4.Program.compileEff.match_16.eq_3	[propext]
_private.Effect4.Laws.Program.Agreement.0.Effect4.Program.compileEff.match_16.eq_4	[propext]
_private.Effect4.Laws.Program.Agreement.0.Effect4.Program.compileEff.match_16.eq_5	[propext]
_private.Effect4.Laws.Program.Agreement.0.Effect4.Program.compileEff.match_16.eq_6	[propext]
_private.Effect4.Laws.Program.Agreement.0.Effect4.Program.compileEff.match_16.eq_7	[propext]
_private.Effect4.Laws.Program.Agreement.0.Effect4.Program.compileEff.match_16.eq_8	[propext]
_private.Effect4.Laws.Program.Agreement.0.Effect4.Program.compileEff.match_16.eq_9	[propext]
_private.Effect4.Laws.Program.Agreement.0.Effect4.Program.compileEff.match_19.eq_1	[]
_private.Effect4.Laws.Program.Agreement.0.Effect4.Program.compileEff.match_19.eq_2	[]
_private.Effect4.Laws.Program.Agreement.0.Effect4.Program.compileEff.match_21.eq_1	[]
_private.Effect4.Laws.Program.Agreement.0.Effect4.Program.compileEff.match_3.eq_1	[]
_private.Effect4.Laws.Program.Agreement.0.Effect4.Program.compileEff.match_3.eq_2	[]
_private.Effect4.Laws.Program.Agreement.0.Effect4.Program.compileEff.match_5.eq_1	[]
_private.Effect4.Laws.Program.Agreement.0.Effect4.Program.compileEff.match_5.eq_2	[]
_private.Effect4.Laws.Program.Agreement.0.Effect4.Program.compileEff.match_5.eq_3	[]
_private.Effect4.Laws.Program.Agreement.0.Effect4.Program.compileEff.match_7.eq_1	[propext]
_private.Effect4.Laws.Program.Agreement.0.Effect4.Program.compileEff.match_7.eq_2	[propext]
_private.Effect4.Laws.Program.Agreement.0.Effect4.Program.compileLayer.match_1.eq_1	[propext]
_private.Effect4.Laws.Program.Agreement.0.Effect4.Program.compileLayer.match_1.eq_2	[propext]
_private.Effect4.Laws.Program.Agreement.0.Effect4.Program.compileLayer.match_1.eq_3	[propext]
_private.Effect4.Laws.Program.Agreement.0.Effect4.Program.compileLayer.match_1.eq_4	[propext]
_private.Effect4.Laws.Program.Agreement.0.Effect4.Program.compileLayer.match_1.eq_5	[propext]
_private.Effect4.Laws.Program.Agreement.0.Effect4.Program.contAOf.match_1.eq_1	[propext]
_private.Effect4.Laws.Program.Agreement.0.Effect4.Program.contAOf.match_1.eq_10	[propext]
_private.Effect4.Laws.Program.Agreement.0.Effect4.Program.contAOf.match_1.eq_11	[propext]
_private.Effect4.Laws.Program.Agreement.0.Effect4.Program.contAOf.match_1.eq_12	[propext]
_private.Effect4.Laws.Program.Agreement.0.Effect4.Program.contAOf.match_1.eq_13	[propext]
_private.Effect4.Laws.Program.Agreement.0.Effect4.Program.contAOf.match_1.eq_14	[propext]
_private.Effect4.Laws.Program.Agreement.0.Effect4.Program.contAOf.match_1.eq_15	[propext]
_private.Effect4.Laws.Program.Agreement.0.Effect4.Program.contAOf.match_1.eq_16	[propext]
_private.Effect4.Laws.Program.Agreement.0.Effect4.Program.contAOf.match_1.eq_17	[propext]
_private.Effect4.Laws.Program.Agreement.0.Effect4.Program.contAOf.match_1.eq_18	[propext]
_private.Effect4.Laws.Program.Agreement.0.Effect4.Program.contAOf.match_1.eq_19	[propext]
_private.Effect4.Laws.Program.Agreement.0.Effect4.Program.contAOf.match_1.eq_2	[propext]
_private.Effect4.Laws.Program.Agreement.0.Effect4.Program.contAOf.match_1.eq_20	[propext]
_private.Effect4.Laws.Program.Agreement.0.Effect4.Program.contAOf.match_1.eq_21	[propext]
_private.Effect4.Laws.Program.Agreement.0.Effect4.Program.contAOf.match_1.eq_22	[propext]
_private.Effect4.Laws.Program.Agreement.0.Effect4.Program.contAOf.match_1.eq_23	[propext]
_private.Effect4.Laws.Program.Agreement.0.Effect4.Program.contAOf.match_1.eq_24	[propext]
_private.Effect4.Laws.Program.Agreement.0.Effect4.Program.contAOf.match_1.eq_25	[propext]
_private.Effect4.Laws.Program.Agreement.0.Effect4.Program.contAOf.match_1.eq_26	[propext]
_private.Effect4.Laws.Program.Agreement.0.Effect4.Program.contAOf.match_1.eq_27	[propext]
_private.Effect4.Laws.Program.Agreement.0.Effect4.Program.contAOf.match_1.eq_28	[propext]
_private.Effect4.Laws.Program.Agreement.0.Effect4.Program.contAOf.match_1.eq_29	[propext]
_private.Effect4.Laws.Program.Agreement.0.Effect4.Program.contAOf.match_1.eq_3	[propext]
_private.Effect4.Laws.Program.Agreement.0.Effect4.Program.contAOf.match_1.eq_30	[propext]
_private.Effect4.Laws.Program.Agreement.0.Effect4.Program.contAOf.match_1.eq_31	[propext]
_private.Effect4.Laws.Program.Agreement.0.Effect4.Program.contAOf.match_1.eq_32	[propext]
_private.Effect4.Laws.Program.Agreement.0.Effect4.Program.contAOf.match_1.eq_33	[propext]
_private.Effect4.Laws.Program.Agreement.0.Effect4.Program.contAOf.match_1.eq_34	[propext]
_private.Effect4.Laws.Program.Agreement.0.Effect4.Program.contAOf.match_1.eq_35	[propext]
_private.Effect4.Laws.Program.Agreement.0.Effect4.Program.contAOf.match_1.eq_36	[propext]
_private.Effect4.Laws.Program.Agreement.0.Effect4.Program.contAOf.match_1.eq_37	[propext]
_private.Effect4.Laws.Program.Agreement.0.Effect4.Program.contAOf.match_1.eq_38	[propext]
_private.Effect4.Laws.Program.Agreement.0.Effect4.Program.contAOf.match_1.eq_39	[propext]
_private.Effect4.Laws.Program.Agreement.0.Effect4.Program.contAOf.match_1.eq_4	[propext]
_private.Effect4.Laws.Program.Agreement.0.Effect4.Program.contAOf.match_1.eq_40	[propext]
_private.Effect4.Laws.Program.Agreement.0.Effect4.Program.contAOf.match_1.eq_41	[propext]
_private.Effect4.Laws.Program.Agreement.0.Effect4.Program.contAOf.match_1.eq_42	[propext]
_private.Effect4.Laws.Program.Agreement.0.Effect4.Program.contAOf.match_1.eq_43	[propext]
_private.Effect4.Laws.Program.Agreement.0.Effect4.Program.contAOf.match_1.eq_44	[propext]
_private.Effect4.Laws.Program.Agreement.0.Effect4.Program.contAOf.match_1.eq_45	[propext]
_private.Effect4.Laws.Program.Agreement.0.Effect4.Program.contAOf.match_1.eq_46	[propext]
_private.Effect4.Laws.Program.Agreement.0.Effect4.Program.contAOf.match_1.eq_47	[propext]
_private.Effect4.Laws.Program.Agreement.0.Effect4.Program.contAOf.match_1.eq_48	[propext]
_private.Effect4.Laws.Program.Agreement.0.Effect4.Program.contAOf.match_1.eq_49	[propext]
_private.Effect4.Laws.Program.Agreement.0.Effect4.Program.contAOf.match_1.eq_5	[propext]
_private.Effect4.Laws.Program.Agreement.0.Effect4.Program.contAOf.match_1.eq_50	[propext]
_private.Effect4.Laws.Program.Agreement.0.Effect4.Program.contAOf.match_1.eq_51	[propext]
_private.Effect4.Laws.Program.Agreement.0.Effect4.Program.contAOf.match_1.eq_52	[propext]
_private.Effect4.Laws.Program.Agreement.0.Effect4.Program.contAOf.match_1.eq_53	[propext]
_private.Effect4.Laws.Program.Agreement.0.Effect4.Program.contAOf.match_1.eq_54	[propext]
_private.Effect4.Laws.Program.Agreement.0.Effect4.Program.contAOf.match_1.eq_55	[propext]
_private.Effect4.Laws.Program.Agreement.0.Effect4.Program.contAOf.match_1.eq_56	[propext]
_private.Effect4.Laws.Program.Agreement.0.Effect4.Program.contAOf.match_1.eq_57	[propext]
_private.Effect4.Laws.Program.Agreement.0.Effect4.Program.contAOf.match_1.eq_58	[propext]
_private.Effect4.Laws.Program.Agreement.0.Effect4.Program.contAOf.match_1.eq_59	[propext]
_private.Effect4.Laws.Program.Agreement.0.Effect4.Program.contAOf.match_1.eq_6	[propext]
_private.Effect4.Laws.Program.Agreement.0.Effect4.Program.contAOf.match_1.eq_7	[propext]
_private.Effect4.Laws.Program.Agreement.0.Effect4.Program.contAOf.match_1.eq_8	[propext]
_private.Effect4.Laws.Program.Agreement.0.Effect4.Program.contAOf.match_1.eq_9	[propext]
_private.Effect4.Laws.Program.Agreement.0.Effect4.Program.contextsOf.match_1.eq_1	[propext]
_private.Effect4.Laws.Program.Agreement.0.Effect4.Program.contextsOf.match_1.eq_2	[propext]
_private.Effect4.Laws.Program.Agreement.0.Effect4.Program.contextsOfList.match_1.eq_1	[propext]
_private.Effect4.Laws.Program.Agreement.0.Effect4.Program.contextsOfList.match_1.eq_2	[propext]
_private.Effect4.Laws.Program.Agreement.0.Effect4.Program.contextsOfList.match_3.eq_1	[propext]
_private.Effect4.Laws.Program.Agreement.0.Effect4.Program.contextsOfList.match_3.eq_2	[propext]
_private.Effect4.Laws.Program.Agreement.0.Effect4.Program.contextsOfList.match_6.eq_1	[]
_private.Effect4.Laws.Program.Agreement.0.Effect4.Program.contextsOfList.match_6.eq_2	[]
_private.Effect4.Laws.Program.Agreement.0.Effect4.Program.exitScoped.match_5.eq_1	[]
_private.Effect4.Laws.Program.Agreement.0.Effect4.Program.exitScoped.match_5.eq_2	[]
_private.Effect4.Laws.Program.Agreement.0.Effect4.Program.interpAt.match_1.eq_1	[propext]
_private.Effect4.Laws.Program.Agreement.0.Effect4.Program.interpAt.match_1.eq_2	[propext]
_private.Effect4.Laws.Program.Agreement.0.Effect4.Program.interpAt.match_1.eq_3	[propext]
_private.Effect4.Laws.Program.Agreement.0.Effect4.Program.interpAt.match_1.eq_4	[propext]
_private.Effect4.Laws.Program.Agreement.0.Effect4.Program.interpAt.match_10.eq_1	[propext]
_private.Effect4.Laws.Program.Agreement.0.Effect4.Program.interpAt.match_10.eq_2	[propext]
_private.Effect4.Laws.Program.Agreement.0.Effect4.Program.interpAt.match_4.eq_1	[propext]
_private.Effect4.Laws.Program.Agreement.0.Effect4.Program.interpAt.match_4.eq_2	[propext]
_private.Effect4.Laws.Program.Agreement.0.Effect4.Program.interpAt.match_4.eq_3	[propext]
_private.Effect4.Laws.Program.Agreement.0.Effect4.Program.interpAt.match_4.eq_4	[propext]
_private.Effect4.Laws.Program.Agreement.0.Effect4.Program.interpAt.match_7.eq_1	[propext]
_private.Effect4.Laws.Program.Agreement.0.Effect4.Program.interpAt.match_7.eq_2	[propext]
_private.Effect4.Laws.Program.Agreement.0.Effect4.Program.interpOf.match_5.eq_1	[propext]
_private.Effect4.Laws.Program.Agreement.0.Effect4.Program.interpOf.match_5.eq_2	[propext]
_private.Effect4.Laws.Program.Agreement.0.Effect4.Program.interpOf.match_5.eq_3	[propext]
_private.Effect4.Laws.Program.Agreement.0.Effect4.Program.interpOf.match_8.eq_1	[propext]
_private.Effect4.Laws.Program.Agreement.0.Effect4.Program.interpOf.match_8.eq_2	[propext]
_private.Effect4.Laws.Program.Agreement.0.Effect4.Program.suspendBodyAt.match_5.eq_1	[propext]
_private.Effect4.Laws.Program.Agreement.0.Effect4.Program.suspendBodyAt.match_5.eq_2	[propext]
_private.Effect4.Laws.Program.Agreement.0.Effect4.Program.suspendBodyAt.match_5.eq_3	[propext]
_private.Effect4.Laws.Program.Agreement.0.Effect4.Program.suspendBodyAt.match_5.eq_4	[propext]
_private.Effect4.Laws.Program.Agreement.0.Effect4.Program.suspendBodyAt.match_5.eq_5	[propext]
_private.Effect4.Laws.Program.Agreement.0.Effect4.Program.syncValueAt.match_4.eq_1	[propext]
_private.Effect4.Laws.Program.Agreement.0.Effect4.Program.syncValueAt.match_4.eq_2	[propext]
_private.Effect4.Laws.Program.Agreement.LoopSteps.0.Effect4.Prim.armA.match_1.eq_1	[]
_private.Effect4.Laws.Program.Agreement.LoopSteps.0.Effect4.Prim.armA.match_1.eq_2	[]
_private.Effect4.Laws.Program.Agreement.LoopSteps.0.Effect4.Program.Agreement.armA_whileLoop.match_1.eq_1	[]
_private.Effect4.Laws.Program.Agreement.LoopSteps.0.Effect4.Program.Agreement.armA_whileLoop.match_1.eq_2	[]
_private.Effect4.Laws.Program.Agreement.LoopSteps.0.Effect4.Program.Agreement.resumeOf.match_3.eq_1	[]
_private.Effect4.Laws.Program.Agreement.LoopSteps.0.Effect4.Program.Agreement.resumeOf.match_3.eq_2	[]
_private.Effect4.Laws.Program.Agreement.Machine.0.Effect4.FrameFiber.resumeValue.match_1.eq_1	[]
_private.Effect4.Laws.Program.Agreement.Machine.0.Effect4.FrameFiber.resumeValue.match_1.eq_2	[]
_private.Effect4.Laws.Program.Agreement.Machine.0.Effect4.FrameFiber.resumeValue.match_3.eq_1	[]
_private.Effect4.Laws.Program.Agreement.Machine.0.Effect4.FrameFiber.resumeValue.match_3.eq_2	[]
_private.Effect4.Laws.Program.Agreement.Machine.0.Effect4.FrameFiber.resumeValue.match_3.eq_3	[]
_private.Effect4.Laws.Program.Agreement.Machine.0.Effect4.FrameFiber.resumeValue.match_3.eq_4	[]
_private.Effect4.Laws.Program.Agreement.Machine.0.Effect4.FramePop.deliveredExit.match_1.eq_1	[]
_private.Effect4.Laws.Program.Agreement.Machine.0.Effect4.FramePop.deliveredExit.match_1.eq_2	[]
_private.Effect4.Laws.Program.Agreement.Machine.0.Effect4.Machine.DeferredStore.register.match_1.eq_1	[]
_private.Effect4.Laws.Program.Agreement.Machine.0.Effect4.Machine.DeferredStore.register.match_1.eq_2	[]
_private.Effect4.Laws.Program.Agreement.Machine.0.Effect4.Machine.DeferredStore.register.match_3.eq_1	[]
_private.Effect4.Laws.Program.Agreement.Machine.0.Effect4.Machine.DeferredStore.register.match_3.eq_2	[]
_private.Effect4.Laws.Program.Agreement.Machine.0.Effect4.Machine.ScopeStore.addFinalizer.match_3.eq_1	[]
_private.Effect4.Laws.Program.Agreement.Machine.0.Effect4.Machine.ScopeStore.addFinalizer.match_3.eq_2	[]
_private.Effect4.Laws.Program.Agreement.Machine.0.Effect4.Machine.drainOwed.match_3.eq_1	[]
_private.Effect4.Laws.Program.Agreement.Machine.0.Effect4.Machine.drainOwed.match_3.eq_2	[]
_private.Effect4.Laws.Program.Agreement.Machine.0.Effect4.Machine.evaluatePrim.finalizerOr.match_1.eq_1	[]
_private.Effect4.Laws.Program.Agreement.Machine.0.Effect4.Machine.evaluatePrim.finalizerOr.match_1.eq_2	[]
_private.Effect4.Laws.Program.Agreement.Machine.0.Effect4.Machine.evaluatePrim.finalizerOr.match_3.eq_1	[propext]
_private.Effect4.Laws.Program.Agreement.Machine.0.Effect4.Machine.evaluatePrim.finalizerOr.match_3.eq_2	[propext]
_private.Effect4.Laws.Program.Agreement.Machine.0.Effect4.Machine.evaluatePrim.finishFrame.match_1.eq_1	[]
_private.Effect4.Laws.Program.Agreement.Machine.0.Effect4.Machine.evaluatePrim.finishFrame.match_1.eq_2	[]
_private.Effect4.Laws.Program.Agreement.Machine.0.Effect4.Machine.finalizerCode.match_1.eq_1	[]
_private.Effect4.Laws.Program.Agreement.Machine.0.Effect4.Machine.finalizerCode.match_1.eq_2	[]
_private.Effect4.Laws.Program.Agreement.Machine.0.Effect4.Machine.syncOpStep.match_5.eq_1	[]
_private.Effect4.Laws.Program.Agreement.Machine.0.Effect4.Machine.syncOpStep.match_5.eq_2	[]
_private.Effect4.Laws.Program.Agreement.Machine.0.Effect4.Machine.syncOpStep.match_7.eq_1	[]
_private.Effect4.Laws.Program.Agreement.Machine.0.Effect4.Machine.syncOpStep.match_7.eq_2	[]
_private.Effect4.Laws.Program.Agreement.Machine.0.Effect4.Machine.syncOpStep.match_9.eq_1	[]
_private.Effect4.Laws.Program.Agreement.Machine.0.Effect4.Machine.syncOpStep.match_9.eq_2	[]
_private.Effect4.Laws.Program.Agreement.Machine.0.Effect4.Program.Agreement.NodePlain.match_1.eq_1	[propext]
_private.Effect4.Laws.Program.Agreement.Machine.0.Effect4.Program.Agreement.NodePlain.match_1.eq_2	[propext]
_private.Effect4.Laws.Program.Agreement.Machine.0.Effect4.Program.Agreement.PlainCode.match_1.eq_1	[propext]
_private.Effect4.Laws.Program.Agreement.Machine.0.Effect4.Program.Agreement.PlainCode.match_1.eq_10	[propext]
_private.Effect4.Laws.Program.Agreement.Machine.0.Effect4.Program.Agreement.PlainCode.match_1.eq_11	[propext]
_private.Effect4.Laws.Program.Agreement.Machine.0.Effect4.Program.Agreement.PlainCode.match_1.eq_12	[propext]
_private.Effect4.Laws.Program.Agreement.Machine.0.Effect4.Program.Agreement.PlainCode.match_1.eq_13	[propext]
_private.Effect4.Laws.Program.Agreement.Machine.0.Effect4.Program.Agreement.PlainCode.match_1.eq_2	[propext]
_private.Effect4.Laws.Program.Agreement.Machine.0.Effect4.Program.Agreement.PlainCode.match_1.eq_3	[propext]
_private.Effect4.Laws.Program.Agreement.Machine.0.Effect4.Program.Agreement.PlainCode.match_1.eq_4	[propext]
_private.Effect4.Laws.Program.Agreement.Machine.0.Effect4.Program.Agreement.PlainCode.match_1.eq_5	[propext]
_private.Effect4.Laws.Program.Agreement.Machine.0.Effect4.Program.Agreement.PlainCode.match_1.eq_6	[propext]
_private.Effect4.Laws.Program.Agreement.Machine.0.Effect4.Program.Agreement.PlainCode.match_1.eq_7	[propext]
_private.Effect4.Laws.Program.Agreement.Machine.0.Effect4.Program.Agreement.PlainCode.match_1.eq_8	[propext]
_private.Effect4.Laws.Program.Agreement.Machine.0.Effect4.Program.Agreement.PlainCode.match_1.eq_9	[propext]
_private.Effect4.Laws.Program.Agreement.Machine.0.Effect4.Program.Agreement.PlainFrame.match_1.eq_1	[propext]
_private.Effect4.Laws.Program.Agreement.Machine.0.Effect4.Program.Agreement.PlainFrame.match_1.eq_2	[propext]
_private.Effect4.Laws.Program.Agreement.Machine.0.Effect4.Program.Agreement.PlainFrame.match_1.eq_3	[propext]
_private.Effect4.Laws.Program.Agreement.Machine.0.Effect4.Program.Agreement.PlainFrame.match_1.eq_4	[propext]
_private.Effect4.Laws.Program.Agreement.Machine.0.Effect4.Program.Agreement.PlainFrame.match_1.eq_5	[propext]
_private.Effect4.Laws.Program.Agreement.Machine.0.Effect4.Program.Agreement.PlainFrame.match_1.eq_6	[propext]
_private.Effect4.Laws.Program.Agreement.Machine.0.Effect4.Program.Agreement.PlainFrame.match_1.eq_7	[propext]
_private.Effect4.Laws.Program.Agreement.Machine.0.Effect4.Program.Agreement.PlainFrame.match_1.eq_8	[propext]
_private.Effect4.Laws.Program.Agreement.Machine.0.Effect4.Program.Agreement.PlainName.match_1.eq_1	[propext]
_private.Effect4.Laws.Program.Agreement.Machine.0.Effect4.Program.Agreement.PlainName.match_1.eq_2	[propext]
_private.Effect4.Laws.Program.Agreement.Machine.0.Effect4.Program.Agreement.PlainName.match_1.eq_3	[propext]
_private.Effect4.Laws.Program.Agreement.Machine.0.Effect4.Program.Agreement.PlainName.match_1.eq_4	[propext]
_private.Effect4.Laws.Program.Agreement.Machine.0.Effect4.Program.Agreement.PlainName.match_1.eq_5	[propext]
_private.Effect4.Laws.Program.Agreement.Machine.0.Effect4.Program.Agreement.PlainName.match_1.eq_6	[propext]
_private.Effect4.Laws.Program.Agreement.Machine.0.Effect4.Program.Agreement.PlainName.match_1.eq_7	[propext]
_private.Effect4.Laws.Program.Agreement.Machine.0.Effect4.Program.Agreement.PlainName.match_1.eq_8	[propext]
_private.Effect4.Laws.Program.Agreement.Machine.0.Effect4.Program.Agreement.StepShape.match_1.eq_1	[propext]
_private.Effect4.Laws.Program.Agreement.Machine.0.Effect4.Program.Agreement.StepShape.match_1.eq_2	[propext]
_private.Effect4.Laws.Program.Agreement.Machine.0.Effect4.Program.Agreement.StepShape.match_1.eq_3	[propext]
_private.Effect4.Laws.Program.Agreement.Machine.0.Effect4.Program.Agreement.StepShape.match_1.eq_4	[propext]
_private.Effect4.Laws.Program.Agreement.Machine.0.Effect4.Program.Agreement.StepShape.match_1.eq_5	[propext]
_private.Effect4.Laws.Program.Agreement.Machine.0.Effect4.Program.Agreement.StepShape.match_1.eq_6	[propext]
_private.Effect4.Laws.Program.Agreement.Machine.0.Effect4.Program.Agreement.StepShape.match_1.eq_7	[propext]
_private.Effect4.Laws.Program.Agreement.Machine.0.Effect4.Program.Agreement.StepShape.match_1.eq_8	[propext]
_private.Effect4.Laws.Program.Agreement.Machine.0.Effect4.Program.Agreement.StepShape.match_1.eq_9	[propext]
_private.Effect4.Laws.Program.Agreement.Machine.0.Effect4.Program.Agreement.cmdOf.match_1.eq_1	[]
_private.Effect4.Laws.Program.Agreement.Machine.0.Effect4.Program.Agreement.cmdOf.match_1.eq_2	[]
_private.Effect4.Laws.Program.Agreement.Machine.0.Effect4.Program.Agreement.compileEff_failCause.match_1.eq_1	[]
_private.Effect4.Laws.Program.Agreement.Machine.0.Effect4.Program.Agreement.compileEff_failCause.match_1.eq_2	[]
_private.Effect4.Laws.Program.Agreement.Machine.0.Effect4.Program.Agreement.compileEff_perform.match_1.eq_1	[]
_private.Effect4.Laws.Program.Agreement.Machine.0.Effect4.Program.Agreement.compileEff_perform.match_1.eq_2	[]
_private.Effect4.Laws.Program.Agreement.Machine.0.Effect4.Program.Agreement.compileEff_succeed.match_1.eq_1	[]
_private.Effect4.Laws.Program.Agreement.Machine.0.Effect4.Program.Agreement.compileEff_succeed.match_1.eq_2	[]
_private.Effect4.Laws.Program.Agreement.Machine.0.Effect4.Program.Agreement.exitFrom.match_1.eq_1	[]
_private.Effect4.Laws.Program.Agreement.Machine.0.Effect4.Program.Agreement.exitFrom.match_1.eq_2	[]
_private.Effect4.Laws.Program.Agreement.Machine.0.Effect4.Program.Agreement.exitFrom.match_3.eq_1	[propext]
_private.Effect4.Laws.Program.Agreement.Machine.0.Effect4.Program.Agreement.exitFrom.match_3.eq_2	[propext]
_private.Effect4.Laws.Program.Agreement.Machine.0.Effect4.Program.Agreement.isSync.match_1.eq_1	[propext]
_private.Effect4.Laws.Program.Agreement.Machine.0.Effect4.Program.Agreement.isSync.match_1.eq_2	[propext]
_private.Effect4.Laws.Program.Agreement.Machine.0.Effect4.Program.Agreement.iterOf.match_1.eq_1	[]
_private.Effect4.Laws.Program.Agreement.Machine.0.Effect4.Program.Agreement.iterOf.match_1.eq_2	[]
_private.Effect4.Laws.Program.Agreement.Machine.0.Effect4.Program.Agreement.ofFrameStep.match_1.eq_1	[]
_private.Effect4.Laws.Program.Agreement.Machine.0.Effect4.Program.Agreement.ofFrameStep.match_1.eq_2	[]
_private.Effect4.Laws.Program.Agreement.Machine.0.Effect4.Program.Agreement.popOf.match_1.eq_1	[]
_private.Effect4.Laws.Program.Agreement.Machine.0.Effect4.Program.Agreement.popOf.match_1.eq_2	[]
_private.Effect4.Laws.Program.Agreement.Machine.0.Effect4.Program.Agreement.resumeOf.match_1.eq_1	[]
_private.Effect4.Laws.Program.Agreement.Machine.0.Effect4.Program.Agreement.resumeOf.match_1.eq_2	[]
_private.Effect4.Laws.Program.Agreement.Machine.0.Effect4.Program.Agreement.resumeOf.match_1.eq_3	[]
_private.Effect4.Laws.Program.Agreement.Machine.0.Effect4.Program.Agreement.resumeOf.match_1.eq_4	[]
_private.Effect4.Laws.Program.Agreement.Machine.0.Effect4.Program.Agreement.resumeOf.match_3.eq_1	[]
_private.Effect4.Laws.Program.Agreement.Machine.0.Effect4.Program.Agreement.resumeOf.match_3.eq_2	[]
_private.Effect4.Laws.Program.Agreement.Machine.0.Effect4.Program.Agreement.suspendBodyAt_iterate_at.match_1.eq_1	[]
_private.Effect4.Laws.Program.Agreement.Machine.0.Effect4.Program.Agreement.suspendBodyAt_iterate_at.match_1.eq_2	[]
_private.Effect4.Laws.Program.Agreement.Machine.0.Effect4.Program.Node.child.match_1.eq_1	[propext]
_private.Effect4.Laws.Program.Agreement.Machine.0.Effect4.Program.Node.child.match_1.eq_10	[propext]
_private.Effect4.Laws.Program.Agreement.Machine.0.Effect4.Program.Node.child.match_1.eq_11	[propext]
_private.Effect4.Laws.Program.Agreement.Machine.0.Effect4.Program.Node.child.match_1.eq_12	[propext]
_private.Effect4.Laws.Program.Agreement.Machine.0.Effect4.Program.Node.child.match_1.eq_13	[propext]
_private.Effect4.Laws.Program.Agreement.Machine.0.Effect4.Program.Node.child.match_1.eq_14	[propext]
_private.Effect4.Laws.Program.Agreement.Machine.0.Effect4.Program.Node.child.match_1.eq_15	[propext]
_private.Effect4.Laws.Program.Agreement.Machine.0.Effect4.Program.Node.child.match_1.eq_16	[propext]
_private.Effect4.Laws.Program.Agreement.Machine.0.Effect4.Program.Node.child.match_1.eq_17	[propext]
_private.Effect4.Laws.Program.Agreement.Machine.0.Effect4.Program.Node.child.match_1.eq_18	[propext]
_private.Effect4.Laws.Program.Agreement.Machine.0.Effect4.Program.Node.child.match_1.eq_19	[propext]
_private.Effect4.Laws.Program.Agreement.Machine.0.Effect4.Program.Node.child.match_1.eq_2	[propext]
_private.Effect4.Laws.Program.Agreement.Machine.0.Effect4.Program.Node.child.match_1.eq_20	[propext]
_private.Effect4.Laws.Program.Agreement.Machine.0.Effect4.Program.Node.child.match_1.eq_21	[propext]
_private.Effect4.Laws.Program.Agreement.Machine.0.Effect4.Program.Node.child.match_1.eq_22	[propext]
_private.Effect4.Laws.Program.Agreement.Machine.0.Effect4.Program.Node.child.match_1.eq_23	[propext]
_private.Effect4.Laws.Program.Agreement.Machine.0.Effect4.Program.Node.child.match_1.eq_24	[propext]
_private.Effect4.Laws.Program.Agreement.Machine.0.Effect4.Program.Node.child.match_1.eq_25	[propext]
_private.Effect4.Laws.Program.Agreement.Machine.0.Effect4.Program.Node.child.match_1.eq_26	[propext]
_private.Effect4.Laws.Program.Agreement.Machine.0.Effect4.Program.Node.child.match_1.eq_27	[propext]
_private.Effect4.Laws.Program.Agreement.Machine.0.Effect4.Program.Node.child.match_1.eq_28	[propext]
_private.Effect4.Laws.Program.Agreement.Machine.0.Effect4.Program.Node.child.match_1.eq_29	[propext]
_private.Effect4.Laws.Program.Agreement.Machine.0.Effect4.Program.Node.child.match_1.eq_3	[propext]
_private.Effect4.Laws.Program.Agreement.Machine.0.Effect4.Program.Node.child.match_1.eq_30	[propext]
_private.Effect4.Laws.Program.Agreement.Machine.0.Effect4.Program.Node.child.match_1.eq_31	[propext]
_private.Effect4.Laws.Program.Agreement.Machine.0.Effect4.Program.Node.child.match_1.eq_32	[propext]
_private.Effect4.Laws.Program.Agreement.Machine.0.Effect4.Program.Node.child.match_1.eq_33	[propext]
_private.Effect4.Laws.Program.Agreement.Machine.0.Effect4.Program.Node.child.match_1.eq_34	[propext]
_private.Effect4.Laws.Program.Agreement.Machine.0.Effect4.Program.Node.child.match_1.eq_35	[propext]
_private.Effect4.Laws.Program.Agreement.Machine.0.Effect4.Program.Node.child.match_1.eq_36	[propext]
_private.Effect4.Laws.Program.Agreement.Machine.0.Effect4.Program.Node.child.match_1.eq_37	[propext]
_private.Effect4.Laws.Program.Agreement.Machine.0.Effect4.Program.Node.child.match_1.eq_38	[propext]
_private.Effect4.Laws.Program.Agreement.Machine.0.Effect4.Program.Node.child.match_1.eq_39	[propext]
_private.Effect4.Laws.Program.Agreement.Machine.0.Effect4.Program.Node.child.match_1.eq_4	[propext]
_private.Effect4.Laws.Program.Agreement.Machine.0.Effect4.Program.Node.child.match_1.eq_40	[propext]
_private.Effect4.Laws.Program.Agreement.Machine.0.Effect4.Program.Node.child.match_1.eq_41	[propext]
_private.Effect4.Laws.Program.Agreement.Machine.0.Effect4.Program.Node.child.match_1.eq_42	[propext]
_private.Effect4.Laws.Program.Agreement.Machine.0.Effect4.Program.Node.child.match_1.eq_43	[propext]
_private.Effect4.Laws.Program.Agreement.Machine.0.Effect4.Program.Node.child.match_1.eq_44	[propext]
_private.Effect4.Laws.Program.Agreement.Machine.0.Effect4.Program.Node.child.match_1.eq_45	[propext]
_private.Effect4.Laws.Program.Agreement.Machine.0.Effect4.Program.Node.child.match_1.eq_46	[propext]
_private.Effect4.Laws.Program.Agreement.Machine.0.Effect4.Program.Node.child.match_1.eq_47	[propext]
_private.Effect4.Laws.Program.Agreement.Machine.0.Effect4.Program.Node.child.match_1.eq_48	[propext]
_private.Effect4.Laws.Program.Agreement.Machine.0.Effect4.Program.Node.child.match_1.eq_49	[propext]
_private.Effect4.Laws.Program.Agreement.Machine.0.Effect4.Program.Node.child.match_1.eq_5	[propext]
_private.Effect4.Laws.Program.Agreement.Machine.0.Effect4.Program.Node.child.match_1.eq_50	[propext]
_private.Effect4.Laws.Program.Agreement.Machine.0.Effect4.Program.Node.child.match_1.eq_51	[propext]
_private.Effect4.Laws.Program.Agreement.Machine.0.Effect4.Program.Node.child.match_1.eq_52	[propext]
_private.Effect4.Laws.Program.Agreement.Machine.0.Effect4.Program.Node.child.match_1.eq_53	[propext]
_private.Effect4.Laws.Program.Agreement.Machine.0.Effect4.Program.Node.child.match_1.eq_6	[propext]
_private.Effect4.Laws.Program.Agreement.Machine.0.Effect4.Program.Node.child.match_1.eq_7	[propext]
_private.Effect4.Laws.Program.Agreement.Machine.0.Effect4.Program.Node.child.match_1.eq_8	[propext]
_private.Effect4.Laws.Program.Agreement.Machine.0.Effect4.Program.Node.child.match_1.eq_9	[propext]
_private.Effect4.Laws.Program.Agreement.Machine.0.Effect4.Program.asyncRoute.match_1.eq_1	[]
_private.Effect4.Laws.Program.Agreement.Machine.0.Effect4.Program.asyncRoute.match_1.eq_2	[]
_private.Effect4.Laws.Program.Agreement.Machine.0.Effect4.Program.exitScoped.match_7.eq_1	[propext]
_private.Effect4.Laws.Program.Agreement.Machine.0.Effect4.Program.exitScoped.match_7.eq_2	[propext]
_private.Effect4.Laws.Program.Agreement.Machine.0.Effect4.Program.interpAt.match_1.eq_1	[propext]
_private.Effect4.Laws.Program.Agreement.Machine.0.Effect4.Program.interpAt.match_1.eq_2	[propext]
_private.Effect4.Laws.Program.Agreement.Machine.0.Effect4.Program.interpAt.match_1.eq_3	[propext]
_private.Effect4.Laws.Program.Agreement.Machine.0.Effect4.Program.interpAt.match_1.eq_4	[propext]
_private.Effect4.Laws.Program.Agreement.Machine.0.Effect4.Program.interpAt.match_10.eq_1	[propext]
_private.Effect4.Laws.Program.Agreement.Machine.0.Effect4.Program.interpAt.match_10.eq_2	[propext]
_private.Effect4.Laws.Program.Agreement.Machine.0.Effect4.Program.interpAt.match_4.eq_1	[propext]
_private.Effect4.Laws.Program.Agreement.Machine.0.Effect4.Program.interpAt.match_4.eq_2	[propext]
_private.Effect4.Laws.Program.Agreement.Machine.0.Effect4.Program.interpAt.match_4.eq_3	[propext]
_private.Effect4.Laws.Program.Agreement.Machine.0.Effect4.Program.interpAt.match_4.eq_4	[propext]
_private.Effect4.Laws.Program.Agreement.Machine.0.Effect4.Program.interpAt.match_7.eq_1	[propext]
_private.Effect4.Laws.Program.Agreement.Machine.0.Effect4.Program.interpAt.match_7.eq_2	[propext]
_private.Effect4.Laws.Program.Agreement.Machine.0.Effect4.Program.interpOf.match_1.eq_1	[propext]
_private.Effect4.Laws.Program.Agreement.Machine.0.Effect4.Program.interpOf.match_1.eq_2	[propext]
_private.Effect4.Laws.Program.Agreement.Machine.0.Effect4.Program.interpOf.match_11.eq_1	[propext]
_private.Effect4.Laws.Program.Agreement.Machine.0.Effect4.Program.interpOf.match_11.eq_2	[propext]
_private.Effect4.Laws.Program.Agreement.Machine.0.Effect4.Program.interpOf.match_11.eq_3	[propext]
_private.Effect4.Laws.Program.Agreement.Machine.0.Effect4.Program.interpOf.match_16.eq_1	[propext]
_private.Effect4.Laws.Program.Agreement.Machine.0.Effect4.Program.interpOf.match_16.eq_10	[propext]
_private.Effect4.Laws.Program.Agreement.Machine.0.Effect4.Program.interpOf.match_16.eq_11	[propext]
_private.Effect4.Laws.Program.Agreement.Machine.0.Effect4.Program.interpOf.match_16.eq_2	[propext]
_private.Effect4.Laws.Program.Agreement.Machine.0.Effect4.Program.interpOf.match_16.eq_3	[propext]
_private.Effect4.Laws.Program.Agreement.Machine.0.Effect4.Program.interpOf.match_16.eq_4	[propext]
_private.Effect4.Laws.Program.Agreement.Machine.0.Effect4.Program.interpOf.match_16.eq_5	[propext]
_private.Effect4.Laws.Program.Agreement.Machine.0.Effect4.Program.interpOf.match_16.eq_6	[propext]
_private.Effect4.Laws.Program.Agreement.Machine.0.Effect4.Program.interpOf.match_16.eq_7	[propext]
_private.Effect4.Laws.Program.Agreement.Machine.0.Effect4.Program.interpOf.match_16.eq_8	[propext]
_private.Effect4.Laws.Program.Agreement.Machine.0.Effect4.Program.interpOf.match_16.eq_9	[propext]
_private.Effect4.Laws.Program.Agreement.Machine.0.Effect4.Program.interpOf.match_20.eq_1	[propext]
_private.Effect4.Laws.Program.Agreement.Machine.0.Effect4.Program.interpOf.match_20.eq_2	[propext]
_private.Effect4.Laws.Program.Agreement.Machine.0.Effect4.Program.interpOf.match_20.eq_3	[propext]
_private.Effect4.Laws.Program.Agreement.Machine.0.Effect4.Program.interpOf.match_28.eq_1	[]
_private.Effect4.Laws.Program.Agreement.Machine.0.Effect4.Program.interpOf.match_28.eq_2	[]
_private.Effect4.Laws.Program.Agreement.Machine.0.Effect4.Program.interpOf.match_30.eq_1	[propext]
_private.Effect4.Laws.Program.Agreement.Machine.0.Effect4.Program.interpOf.match_30.eq_2	[propext]
_private.Effect4.Laws.Program.Agreement.Machine.0.Effect4.Program.interpOf.match_30.eq_3	[propext]
_private.Effect4.Laws.Program.Agreement.Machine.0.Effect4.Program.interpOf.match_30.eq_4	[propext]
_private.Effect4.Laws.Program.Agreement.Machine.0.Effect4.Program.interpOf.match_30.eq_5	[propext]
_private.Effect4.Laws.Program.Agreement.Machine.0.Effect4.Program.interpOf.match_38.eq_1	[propext]
_private.Effect4.Laws.Program.Agreement.Machine.0.Effect4.Program.interpOf.match_38.eq_2	[propext]
_private.Effect4.Laws.Program.Agreement.Machine.0.Effect4.Program.interpOf.match_38.eq_3	[propext]
_private.Effect4.Laws.Program.Agreement.Machine.0.Effect4.Program.interpOf.match_38.eq_4	[propext]
_private.Effect4.Laws.Program.Agreement.Machine.0.Effect4.Program.interpOf.match_38.eq_5	[propext]
_private.Effect4.Laws.Program.Agreement.Machine.0.Effect4.Program.interpOf.match_41.eq_1	[]
_private.Effect4.Laws.Program.Agreement.Machine.0.Effect4.Program.interpOf.match_41.eq_2	[]
_private.Effect4.Laws.Program.Agreement.Machine.0.Effect4.Program.interpOf.match_43.eq_1	[]
_private.Effect4.Laws.Program.Agreement.Machine.0.Effect4.Program.interpOf.match_43.eq_2	[]
_private.Effect4.Laws.Program.Agreement.Machine.0.Effect4.Program.interpOf.match_45.eq_1	[]
_private.Effect4.Laws.Program.Agreement.Machine.0.Effect4.Program.interpOf.match_45.eq_2	[]
_private.Effect4.Laws.Program.Agreement.Machine.0.Effect4.Program.interpOf.match_5.eq_1	[propext]
_private.Effect4.Laws.Program.Agreement.Machine.0.Effect4.Program.interpOf.match_5.eq_2	[propext]
_private.Effect4.Laws.Program.Agreement.Machine.0.Effect4.Program.interpOf.match_5.eq_3	[propext]
_private.Effect4.Laws.Program.Agreement.Machine.0.Effect4.Program.interpOf.match_8.eq_1	[propext]
_private.Effect4.Laws.Program.Agreement.Machine.0.Effect4.Program.interpOf.match_8.eq_2	[propext]
_private.Effect4.Laws.Program.Agreement.Machine.0.Effect4.Program.loopFinishAt.match_1.eq_1	[]
_private.Effect4.Laws.Program.Agreement.Machine.0.Effect4.Program.loopFinishAt.match_1.eq_2	[]
_private.Effect4.Laws.Program.Agreement.Machine.0.Effect4.Program.loopNextAt.match_1.eq_1	[]
_private.Effect4.Laws.Program.Agreement.Machine.0.Effect4.Program.loopNextAt.match_1.eq_2	[]
_private.Effect4.Laws.Program.Agreement.Machine.0.Effect4.Program.runStmts.match_3.eq_1	[propext]
_private.Effect4.Laws.Program.Agreement.Machine.0.Effect4.Program.runStmts.match_3.eq_2	[propext]
_private.Effect4.Laws.Program.Agreement.Machine.0.Effect4.Program.runStmts.match_3.eq_3	[propext]
_private.Effect4.Laws.Program.Guard.DeferredCause.0.Effect4.FrameFiber.pendingCause.match_1.eq_1	[]
_private.Effect4.Laws.Program.Guard.DeferredCause.0.Effect4.FrameFiber.pendingCause.match_1.eq_2	[]
_private.Effect4.Laws.Program.Guard.DeferredCause.0.Effect4.FrameFiber.resumeValue.match_1.eq_1	[]
_private.Effect4.Laws.Program.Guard.DeferredCause.0.Effect4.FrameFiber.resumeValue.match_1.eq_2	[]
_private.Effect4.Laws.Program.Guard.DeferredCause.0.Effect4.FrameFiber.resumeValue.match_3.eq_1	[]
_private.Effect4.Laws.Program.Guard.DeferredCause.0.Effect4.FrameFiber.resumeValue.match_3.eq_2	[]
_private.Effect4.Laws.Program.Guard.DeferredCause.0.Effect4.FrameFiber.resumeValue.match_3.eq_3	[]
_private.Effect4.Laws.Program.Guard.DeferredCause.0.Effect4.FrameFiber.resumeValue.match_3.eq_4	[]
_private.Effect4.Laws.Program.Guard.DeferredCause.0.Effect4.FrameFiber.step.match_1.eq_1	[]
_private.Effect4.Laws.Program.Guard.DeferredCause.0.Effect4.FrameFiber.step.match_1.eq_10	[]
_private.Effect4.Laws.Program.Guard.DeferredCause.0.Effect4.FrameFiber.step.match_1.eq_11	[]
_private.Effect4.Laws.Program.Guard.DeferredCause.0.Effect4.FrameFiber.step.match_1.eq_12	[]
_private.Effect4.Laws.Program.Guard.DeferredCause.0.Effect4.FrameFiber.step.match_1.eq_13	[]
_private.Effect4.Laws.Program.Guard.DeferredCause.0.Effect4.FrameFiber.step.match_1.eq_14	[]
_private.Effect4.Laws.Program.Guard.DeferredCause.0.Effect4.FrameFiber.step.match_1.eq_15	[]
_private.Effect4.Laws.Program.Guard.DeferredCause.0.Effect4.FrameFiber.step.match_1.eq_16	[]
_private.Effect4.Laws.Program.Guard.DeferredCause.0.Effect4.FrameFiber.step.match_1.eq_17	[]
_private.Effect4.Laws.Program.Guard.DeferredCause.0.Effect4.FrameFiber.step.match_1.eq_18	[]
_private.Effect4.Laws.Program.Guard.DeferredCause.0.Effect4.FrameFiber.step.match_1.eq_2	[]
_private.Effect4.Laws.Program.Guard.DeferredCause.0.Effect4.FrameFiber.step.match_1.eq_3	[]
_private.Effect4.Laws.Program.Guard.DeferredCause.0.Effect4.FrameFiber.step.match_1.eq_4	[]
_private.Effect4.Laws.Program.Guard.DeferredCause.0.Effect4.FrameFiber.step.match_1.eq_5	[]
_private.Effect4.Laws.Program.Guard.DeferredCause.0.Effect4.FrameFiber.step.match_1.eq_6	[]
_private.Effect4.Laws.Program.Guard.DeferredCause.0.Effect4.FrameFiber.step.match_1.eq_7	[]
_private.Effect4.Laws.Program.Guard.DeferredCause.0.Effect4.FrameFiber.step.match_1.eq_8	[]
_private.Effect4.Laws.Program.Guard.DeferredCause.0.Effect4.FrameFiber.step.match_1.eq_9	[]
_private.Effect4.Laws.Program.Guard.DeferredCause.0.Effect4.Machine.countdownPark.match_1.eq_1	[]
_private.Effect4.Laws.Program.Guard.DeferredCause.0.Effect4.Machine.countdownPark.match_1.eq_2	[]
_private.Effect4.Laws.Program.Guard.DeferredCause.0.Effect4.Machine.countdownWalk.match_1.eq_1	[]
_private.Effect4.Laws.Program.Guard.DeferredCause.0.Effect4.Machine.countdownWalk.match_1.eq_2	[]
_private.Effect4.Laws.Program.Guard.DeferredCause.0.Effect4.Machine.evaluatePrim.finalizerOr.match_1.eq_1	[]
_private.Effect4.Laws.Program.Guard.DeferredCause.0.Effect4.Machine.evaluatePrim.finalizerOr.match_1.eq_2	[]
_private.Effect4.Laws.Program.Guard.DeferredCause.0.Effect4.Machine.evaluatePrim.finalizerOr.match_3.eq_1	[propext]
_private.Effect4.Laws.Program.Guard.DeferredCause.0.Effect4.Machine.evaluatePrim.finalizerOr.match_3.eq_2	[propext]
_private.Effect4.Laws.Program.Guard.DeferredCause.0.Effect4.Machine.evaluatePrim.interruptAs.match_3.eq_1	[]
_private.Effect4.Laws.Program.Guard.DeferredCause.0.Effect4.Machine.evaluatePrim.interruptAs.match_3.eq_2	[]
_private.Effect4.Laws.Program.Guard.DeferredCause.0.Effect4.Machine.evaluatePrim.match_10.eq_1	[]
_private.Effect4.Laws.Program.Guard.DeferredCause.0.Effect4.Machine.evaluatePrim.match_10.eq_2	[]
_private.Effect4.Laws.Program.Guard.DeferredCause.0.Effect4.Machine.evaluatePrim.match_10.eq_3	[]
_private.Effect4.Laws.Program.Guard.DeferredCause.0.Effect4.Machine.evaluatePrim.match_10.eq_4	[]
_private.Effect4.Laws.Program.Guard.DeferredCause.0.Effect4.Machine.evaluatePrim.match_10.eq_5	[]
_private.Effect4.Laws.Program.Guard.DeferredCause.0.Effect4.Machine.evaluatePrim.match_12.eq_1	[propext]
_private.Effect4.Laws.Program.Guard.DeferredCause.0.Effect4.Machine.evaluatePrim.match_12.eq_2	[propext]
_private.Effect4.Laws.Program.Guard.DeferredCause.0.Effect4.Machine.evaluatePrim.match_12.eq_3	[propext]
_private.Effect4.Laws.Program.Guard.DeferredCause.0.Effect4.Machine.evaluatePrim.match_3.eq_1	[]
_private.Effect4.Laws.Program.Guard.DeferredCause.0.Effect4.Machine.evaluatePrim.match_3.eq_2	[]
_private.Effect4.Laws.Program.Guard.DeferredCause.0.Effect4.Machine.evaluatePrim.match_5.eq_1	[]
_private.Effect4.Laws.Program.Guard.DeferredCause.0.Effect4.Machine.evaluatePrim.match_5.eq_2	[]
_private.Effect4.Laws.Program.Guard.DeferredCause.0.Effect4.Machine.evaluatePrim.match_7.eq_1	[propext]
_private.Effect4.Laws.Program.Guard.DeferredCause.0.Effect4.Machine.evaluatePrim.match_7.eq_2	[propext]
_private.Effect4.Laws.Program.Guard.DeferredCause.0.Effect4.Machine.evaluatePrim.match_7.eq_3	[propext]
_private.Effect4.Laws.Program.Guard.DeferredCause.0.Effect4.Machine.evaluatePrim.match_7.eq_4	[propext]
_private.Effect4.Laws.Program.Guard.DeferredCause.0.Effect4.Machine.evaluatePrim.match_7.eq_5	[propext]
_private.Effect4.Laws.Program.Guard.DeferredCause.0.Effect4.Machine.evaluatePrim.withFiber.match_1.eq_1	[]
_private.Effect4.Laws.Program.Guard.DeferredCause.0.Effect4.Machine.evaluatePrim.withFiber.match_1.eq_2	[]
_private.Effect4.Laws.Program.Guard.DeferredCause.0.Effect4.Machine.evaluatePrim.withFiber.match_17.eq_1	[]
_private.Effect4.Laws.Program.Guard.DeferredCause.0.Effect4.Machine.evaluatePrim.withFiber.match_17.eq_2	[]
_private.Effect4.Laws.Program.Guard.DeferredCause.0.Effect4.Machine.evaluatePrim.withFiber.match_21.eq_1	[propext]
_private.Effect4.Laws.Program.Guard.DeferredCause.0.Effect4.Machine.evaluatePrim.withFiber.match_21.eq_2	[propext]
_private.Effect4.Laws.Program.Guard.DeferredCause.0.Effect4.Machine.evaluatePrim.withFiber.match_21.eq_3	[propext]
_private.Effect4.Laws.Program.Guard.DeferredCause.0.Effect4.Machine.evaluatePrim.withFiber.match_24.eq_1	[]
_private.Effect4.Laws.Program.Guard.DeferredCause.0.Effect4.Machine.evaluatePrim.withFiber.match_24.eq_2	[]
_private.Effect4.Laws.Program.Guard.DeferredCause.0.Effect4.Machine.evaluatePrim.withFiber.match_26.eq_1	[]
_private.Effect4.Laws.Program.Guard.DeferredCause.0.Effect4.Machine.evaluatePrim.withFiber.match_26.eq_10	[]
_private.Effect4.Laws.Program.Guard.DeferredCause.0.Effect4.Machine.evaluatePrim.withFiber.match_26.eq_11	[]
_private.Effect4.Laws.Program.Guard.DeferredCause.0.Effect4.Machine.evaluatePrim.withFiber.match_26.eq_12	[]
_private.Effect4.Laws.Program.Guard.DeferredCause.0.Effect4.Machine.evaluatePrim.withFiber.match_26.eq_13	[]
_private.Effect4.Laws.Program.Guard.DeferredCause.0.Effect4.Machine.evaluatePrim.withFiber.match_26.eq_14	[]
_private.Effect4.Laws.Program.Guard.DeferredCause.0.Effect4.Machine.evaluatePrim.withFiber.match_26.eq_15	[]
_private.Effect4.Laws.Program.Guard.DeferredCause.0.Effect4.Machine.evaluatePrim.withFiber.match_26.eq_16	[]
_private.Effect4.Laws.Program.Guard.DeferredCause.0.Effect4.Machine.evaluatePrim.withFiber.match_26.eq_17	[]
_private.Effect4.Laws.Program.Guard.DeferredCause.0.Effect4.Machine.evaluatePrim.withFiber.match_26.eq_18	[]
_private.Effect4.Laws.Program.Guard.DeferredCause.0.Effect4.Machine.evaluatePrim.withFiber.match_26.eq_19	[]
_private.Effect4.Laws.Program.Guard.DeferredCause.0.Effect4.Machine.evaluatePrim.withFiber.match_26.eq_2	[]
_private.Effect4.Laws.Program.Guard.DeferredCause.0.Effect4.Machine.evaluatePrim.withFiber.match_26.eq_20	[]
_private.Effect4.Laws.Program.Guard.DeferredCause.0.Effect4.Machine.evaluatePrim.withFiber.match_26.eq_21	[]
_private.Effect4.Laws.Program.Guard.DeferredCause.0.Effect4.Machine.evaluatePrim.withFiber.match_26.eq_22	[]
_private.Effect4.Laws.Program.Guard.DeferredCause.0.Effect4.Machine.evaluatePrim.withFiber.match_26.eq_23	[]
_private.Effect4.Laws.Program.Guard.DeferredCause.0.Effect4.Machine.evaluatePrim.withFiber.match_26.eq_24	[]
_private.Effect4.Laws.Program.Guard.DeferredCause.0.Effect4.Machine.evaluatePrim.withFiber.match_26.eq_3	[]
_private.Effect4.Laws.Program.Guard.DeferredCause.0.Effect4.Machine.evaluatePrim.withFiber.match_26.eq_4	[]
_private.Effect4.Laws.Program.Guard.DeferredCause.0.Effect4.Machine.evaluatePrim.withFiber.match_26.eq_5	[]
_private.Effect4.Laws.Program.Guard.DeferredCause.0.Effect4.Machine.evaluatePrim.withFiber.match_26.eq_6	[]
_private.Effect4.Laws.Program.Guard.DeferredCause.0.Effect4.Machine.evaluatePrim.withFiber.match_26.eq_7	[]
_private.Effect4.Laws.Program.Guard.DeferredCause.0.Effect4.Machine.evaluatePrim.withFiber.match_26.eq_8	[]
_private.Effect4.Laws.Program.Guard.DeferredCause.0.Effect4.Machine.evaluatePrim.withFiber.match_26.eq_9	[]
_private.Effect4.Laws.Program.Guard.DeferredCause.0.Effect4.Machine.evaluatePrim.withFiber.match_7.eq_1	[]
_private.Effect4.Laws.Program.Guard.DeferredCause.0.Effect4.Machine.evaluatePrim.withFiber.match_7.eq_2	[]
_private.Effect4.Laws.Program.Guard.DeferredCause.0.Effect4.Machine.frameExitState.match_1.eq_1	[propext]
_private.Effect4.Laws.Program.Guard.DeferredCause.0.Effect4.Machine.frameExitState.match_1.eq_2	[propext]
_private.Effect4.Laws.Program.Guard.DeferredCause.0.Effect4.Machine.registerRace.match_1.eq_1	[]
_private.Effect4.Laws.Program.Guard.DeferredCause.0.Effect4.Machine.registerRace.match_1.eq_2	[]
_private.Effect4.Laws.Program.Guard.DeferredCause.0.Effect4.Machine.spawn.match_1.eq_1	[]
_private.Effect4.Laws.Program.Guard.DeferredCause.0.Effect4.Machine.spawn.match_1.eq_2	[]
_private.Effect4.Laws.Program.Guard.DeferredCause.0.Effect4.Machine.spawn.match_1.eq_3	[]
_private.Effect4.Laws.Program.Guard.DeferredCause.0.Effect4.Prim.armA.match_1.eq_1	[]
_private.Effect4.Laws.Program.Guard.DeferredCause.0.Effect4.Prim.armA.match_1.eq_2	[]
_private.Effect4.Laws.Program.Guard.DeferredCause.0.Effect4.Program.evaluateNative.match_1.eq_1	[propext]
_private.Effect4.Laws.Program.Guard.DeferredCause.0.Effect4.Program.evaluateNative.match_1.eq_2	[propext]
_private.Effect4.Laws.Program.Guard.DeferredCause.0.Effect4.Program.evaluateNative.match_4.eq_1	[propext]
_private.Effect4.Laws.Program.Guard.DeferredCause.0.Effect4.Program.evaluateNative.match_4.eq_2	[propext]
_private.Effect4.Laws.Program.Guard.DeferredCause.0.Effect4.Program.evaluateNative.match_4.eq_3	[propext]
_private.Effect4.Laws.Program.Guard.DeferredCause.0.Effect4.Program.evaluateNative.match_4.eq_4	[propext]
_private.Effect4.Laws.Program.Guard.DeferredCause.0.Effect4.Program.exitScoped.match_1.eq_1	[]
_private.Effect4.Laws.Program.Guard.DeferredCause.0.Effect4.Program.exitScoped.match_1.eq_2	[]
_private.Effect4.Laws.Program.Guard.DeferredCause.0.Effect4.Program.exitScoped.match_3.eq_1	[]
_private.Effect4.Laws.Program.Guard.DeferredCause.0.Effect4.Program.exitScoped.match_3.eq_2	[]
_private.Effect4.Laws.Program.Guard.DeferredCause.0.Effect4.Program.exitScoped.match_5.eq_1	[]
_private.Effect4.Laws.Program.Guard.DeferredCause.0.Effect4.Program.exitScoped.match_5.eq_2	[]
_private.Effect4.Laws.Program.Guard.DeferredCause.0.Effect4.Program.exitScoped.match_7.eq_1	[propext]
_private.Effect4.Laws.Program.Guard.DeferredCause.0.Effect4.Program.exitScoped.match_7.eq_2	[propext]
_private.Effect4.Laws.Program.Guard.FrameOwned.0.Effect4.FrameFiber.joinPushed.match_1.eq_1	[propext]
_private.Effect4.Laws.Program.Guard.FrameOwned.0.Effect4.FrameFiber.joinPushed.match_1.eq_2	[propext]
_private.Effect4.Laws.Program.Guard.FrameOwned.0.Effect4.FrameFiber.passPushed.match_1.eq_1	[]
_private.Effect4.Laws.Program.Guard.FrameOwned.0.Effect4.FrameFiber.passPushed.match_1.eq_2	[]
_private.Effect4.Laws.Program.Guard.FrameOwned.0.Effect4.FrameFiber.passPushed.match_3.eq_1	[]
_private.Effect4.Laws.Program.Guard.FrameOwned.0.Effect4.FrameFiber.passPushed.match_3.eq_2	[]
_private.Effect4.Laws.Program.Guard.FrameOwned.0.Effect4.FrameFiber.pendingCause.match_1.eq_1	[]
_private.Effect4.Laws.Program.Guard.FrameOwned.0.Effect4.FrameFiber.pendingCause.match_1.eq_2	[]
_private.Effect4.Laws.Program.Guard.FrameOwned.0.Effect4.FrameFiber.resumeValue.match_1.eq_1	[]
_private.Effect4.Laws.Program.Guard.FrameOwned.0.Effect4.FrameFiber.resumeValue.match_1.eq_2	[]
_private.Effect4.Laws.Program.Guard.FrameOwned.0.Effect4.FrameFiber.resumeValue.match_3.eq_1	[]
_private.Effect4.Laws.Program.Guard.FrameOwned.0.Effect4.FrameFiber.resumeValue.match_3.eq_2	[]
_private.Effect4.Laws.Program.Guard.FrameOwned.0.Effect4.FrameFiber.resumeValue.match_3.eq_3	[]
_private.Effect4.Laws.Program.Guard.FrameOwned.0.Effect4.FrameFiber.resumeValue.match_3.eq_4	[]
_private.Effect4.Laws.Program.Guard.FrameOwned.0.Effect4.FrameFiber.step.match_1.eq_1	[]
_private.Effect4.Laws.Program.Guard.FrameOwned.0.Effect4.FrameFiber.step.match_1.eq_10	[]
_private.Effect4.Laws.Program.Guard.FrameOwned.0.Effect4.FrameFiber.step.match_1.eq_11	[]
_private.Effect4.Laws.Program.Guard.FrameOwned.0.Effect4.FrameFiber.step.match_1.eq_12	[]
_private.Effect4.Laws.Program.Guard.FrameOwned.0.Effect4.FrameFiber.step.match_1.eq_13	[]
_private.Effect4.Laws.Program.Guard.FrameOwned.0.Effect4.FrameFiber.step.match_1.eq_14	[]
_private.Effect4.Laws.Program.Guard.FrameOwned.0.Effect4.FrameFiber.step.match_1.eq_15	[]
_private.Effect4.Laws.Program.Guard.FrameOwned.0.Effect4.FrameFiber.step.match_1.eq_16	[]
_private.Effect4.Laws.Program.Guard.FrameOwned.0.Effect4.FrameFiber.step.match_1.eq_17	[]
_private.Effect4.Laws.Program.Guard.FrameOwned.0.Effect4.FrameFiber.step.match_1.eq_18	[]
_private.Effect4.Laws.Program.Guard.FrameOwned.0.Effect4.FrameFiber.step.match_1.eq_2	[]
_private.Effect4.Laws.Program.Guard.FrameOwned.0.Effect4.FrameFiber.step.match_1.eq_3	[]
_private.Effect4.Laws.Program.Guard.FrameOwned.0.Effect4.FrameFiber.step.match_1.eq_4	[]
_private.Effect4.Laws.Program.Guard.FrameOwned.0.Effect4.FrameFiber.step.match_1.eq_5	[]
_private.Effect4.Laws.Program.Guard.FrameOwned.0.Effect4.FrameFiber.step.match_1.eq_6	[]
_private.Effect4.Laws.Program.Guard.FrameOwned.0.Effect4.FrameFiber.step.match_1.eq_7	[]
_private.Effect4.Laws.Program.Guard.FrameOwned.0.Effect4.FrameFiber.step.match_1.eq_8	[]
_private.Effect4.Laws.Program.Guard.FrameOwned.0.Effect4.FrameFiber.step.match_1.eq_9	[]
_private.Effect4.Laws.Program.Guard.FrameOwned.0.Effect4.Machine.RunMachine.modify.match_1.eq_1	[]
_private.Effect4.Laws.Program.Guard.FrameOwned.0.Effect4.Machine.RunMachine.modify.match_1.eq_2	[]
_private.Effect4.Laws.Program.Guard.FrameOwned.0.Effect4.Machine.countdownPark.match_1.eq_1	[]
_private.Effect4.Laws.Program.Guard.FrameOwned.0.Effect4.Machine.countdownPark.match_1.eq_2	[]
_private.Effect4.Laws.Program.Guard.FrameOwned.0.Effect4.Machine.countdownWalk.match_1.eq_1	[]
_private.Effect4.Laws.Program.Guard.FrameOwned.0.Effect4.Machine.countdownWalk.match_1.eq_2	[]
_private.Effect4.Laws.Program.Guard.FrameOwned.0.Effect4.Machine.evaluatePrim.finalizerOr.match_1.eq_1	[]
_private.Effect4.Laws.Program.Guard.FrameOwned.0.Effect4.Machine.evaluatePrim.finalizerOr.match_1.eq_2	[]
_private.Effect4.Laws.Program.Guard.FrameOwned.0.Effect4.Machine.evaluatePrim.finalizerOr.match_3.eq_1	[propext]
_private.Effect4.Laws.Program.Guard.FrameOwned.0.Effect4.Machine.evaluatePrim.finalizerOr.match_3.eq_2	[propext]
_private.Effect4.Laws.Program.Guard.FrameOwned.0.Effect4.Machine.evaluatePrim.interruptAs.match_3.eq_1	[]
_private.Effect4.Laws.Program.Guard.FrameOwned.0.Effect4.Machine.evaluatePrim.interruptAs.match_3.eq_2	[]
_private.Effect4.Laws.Program.Guard.FrameOwned.0.Effect4.Machine.evaluatePrim.match_10.eq_1	[]
_private.Effect4.Laws.Program.Guard.FrameOwned.0.Effect4.Machine.evaluatePrim.match_10.eq_2	[]
_private.Effect4.Laws.Program.Guard.FrameOwned.0.Effect4.Machine.evaluatePrim.match_10.eq_3	[]
_private.Effect4.Laws.Program.Guard.FrameOwned.0.Effect4.Machine.evaluatePrim.match_10.eq_4	[]
_private.Effect4.Laws.Program.Guard.FrameOwned.0.Effect4.Machine.evaluatePrim.match_10.eq_5	[]
_private.Effect4.Laws.Program.Guard.FrameOwned.0.Effect4.Machine.evaluatePrim.match_12.eq_1	[propext]
_private.Effect4.Laws.Program.Guard.FrameOwned.0.Effect4.Machine.evaluatePrim.match_12.eq_2	[propext]
_private.Effect4.Laws.Program.Guard.FrameOwned.0.Effect4.Machine.evaluatePrim.match_12.eq_3	[propext]
_private.Effect4.Laws.Program.Guard.FrameOwned.0.Effect4.Machine.evaluatePrim.match_3.eq_1	[]
_private.Effect4.Laws.Program.Guard.FrameOwned.0.Effect4.Machine.evaluatePrim.match_3.eq_2	[]
_private.Effect4.Laws.Program.Guard.FrameOwned.0.Effect4.Machine.evaluatePrim.match_5.eq_1	[]
_private.Effect4.Laws.Program.Guard.FrameOwned.0.Effect4.Machine.evaluatePrim.match_5.eq_2	[]
_private.Effect4.Laws.Program.Guard.FrameOwned.0.Effect4.Machine.evaluatePrim.match_7.eq_1	[propext]
_private.Effect4.Laws.Program.Guard.FrameOwned.0.Effect4.Machine.evaluatePrim.match_7.eq_2	[propext]
_private.Effect4.Laws.Program.Guard.FrameOwned.0.Effect4.Machine.evaluatePrim.match_7.eq_3	[propext]
_private.Effect4.Laws.Program.Guard.FrameOwned.0.Effect4.Machine.evaluatePrim.match_7.eq_4	[propext]
_private.Effect4.Laws.Program.Guard.FrameOwned.0.Effect4.Machine.evaluatePrim.match_7.eq_5	[propext]
_private.Effect4.Laws.Program.Guard.FrameOwned.0.Effect4.Machine.evaluatePrim.withFiber.match_1.eq_1	[]
_private.Effect4.Laws.Program.Guard.FrameOwned.0.Effect4.Machine.evaluatePrim.withFiber.match_1.eq_2	[]
_private.Effect4.Laws.Program.Guard.FrameOwned.0.Effect4.Machine.evaluatePrim.withFiber.match_11.eq_1	[]
_private.Effect4.Laws.Program.Guard.FrameOwned.0.Effect4.Machine.evaluatePrim.withFiber.match_17.eq_1	[]
_private.Effect4.Laws.Program.Guard.FrameOwned.0.Effect4.Machine.evaluatePrim.withFiber.match_17.eq_2	[]
_private.Effect4.Laws.Program.Guard.FrameOwned.0.Effect4.Machine.evaluatePrim.withFiber.match_21.eq_1	[propext]
_private.Effect4.Laws.Program.Guard.FrameOwned.0.Effect4.Machine.evaluatePrim.withFiber.match_21.eq_2	[propext]
_private.Effect4.Laws.Program.Guard.FrameOwned.0.Effect4.Machine.evaluatePrim.withFiber.match_21.eq_3	[propext]
_private.Effect4.Laws.Program.Guard.FrameOwned.0.Effect4.Machine.evaluatePrim.withFiber.match_24.eq_1	[]
_private.Effect4.Laws.Program.Guard.FrameOwned.0.Effect4.Machine.evaluatePrim.withFiber.match_24.eq_2	[]
_private.Effect4.Laws.Program.Guard.FrameOwned.0.Effect4.Machine.evaluatePrim.withFiber.match_26.eq_1	[]
_private.Effect4.Laws.Program.Guard.FrameOwned.0.Effect4.Machine.evaluatePrim.withFiber.match_26.eq_10	[]
_private.Effect4.Laws.Program.Guard.FrameOwned.0.Effect4.Machine.evaluatePrim.withFiber.match_26.eq_11	[]
_private.Effect4.Laws.Program.Guard.FrameOwned.0.Effect4.Machine.evaluatePrim.withFiber.match_26.eq_12	[]
_private.Effect4.Laws.Program.Guard.FrameOwned.0.Effect4.Machine.evaluatePrim.withFiber.match_26.eq_13	[]
_private.Effect4.Laws.Program.Guard.FrameOwned.0.Effect4.Machine.evaluatePrim.withFiber.match_26.eq_14	[]
_private.Effect4.Laws.Program.Guard.FrameOwned.0.Effect4.Machine.evaluatePrim.withFiber.match_26.eq_15	[]
_private.Effect4.Laws.Program.Guard.FrameOwned.0.Effect4.Machine.evaluatePrim.withFiber.match_26.eq_16	[]
_private.Effect4.Laws.Program.Guard.FrameOwned.0.Effect4.Machine.evaluatePrim.withFiber.match_26.eq_17	[]
_private.Effect4.Laws.Program.Guard.FrameOwned.0.Effect4.Machine.evaluatePrim.withFiber.match_26.eq_18	[]
_private.Effect4.Laws.Program.Guard.FrameOwned.0.Effect4.Machine.evaluatePrim.withFiber.match_26.eq_19	[]
_private.Effect4.Laws.Program.Guard.FrameOwned.0.Effect4.Machine.evaluatePrim.withFiber.match_26.eq_2	[]
_private.Effect4.Laws.Program.Guard.FrameOwned.0.Effect4.Machine.evaluatePrim.withFiber.match_26.eq_20	[]
_private.Effect4.Laws.Program.Guard.FrameOwned.0.Effect4.Machine.evaluatePrim.withFiber.match_26.eq_21	[]
_private.Effect4.Laws.Program.Guard.FrameOwned.0.Effect4.Machine.evaluatePrim.withFiber.match_26.eq_22	[]
_private.Effect4.Laws.Program.Guard.FrameOwned.0.Effect4.Machine.evaluatePrim.withFiber.match_26.eq_23	[]
_private.Effect4.Laws.Program.Guard.FrameOwned.0.Effect4.Machine.evaluatePrim.withFiber.match_26.eq_24	[]
_private.Effect4.Laws.Program.Guard.FrameOwned.0.Effect4.Machine.evaluatePrim.withFiber.match_26.eq_3	[]
_private.Effect4.Laws.Program.Guard.FrameOwned.0.Effect4.Machine.evaluatePrim.withFiber.match_26.eq_4	[]
_private.Effect4.Laws.Program.Guard.FrameOwned.0.Effect4.Machine.evaluatePrim.withFiber.match_26.eq_5	[]
_private.Effect4.Laws.Program.Guard.FrameOwned.0.Effect4.Machine.evaluatePrim.withFiber.match_26.eq_6	[]
_private.Effect4.Laws.Program.Guard.FrameOwned.0.Effect4.Machine.evaluatePrim.withFiber.match_26.eq_7	[]
_private.Effect4.Laws.Program.Guard.FrameOwned.0.Effect4.Machine.evaluatePrim.withFiber.match_26.eq_8	[]
_private.Effect4.Laws.Program.Guard.FrameOwned.0.Effect4.Machine.evaluatePrim.withFiber.match_26.eq_9	[]
_private.Effect4.Laws.Program.Guard.FrameOwned.0.Effect4.Machine.evaluatePrim.withFiber.match_7.eq_1	[]
_private.Effect4.Laws.Program.Guard.FrameOwned.0.Effect4.Machine.evaluatePrim.withFiber.match_7.eq_2	[]
_private.Effect4.Laws.Program.Guard.FrameOwned.0.Effect4.Machine.frameExitState.match_1.eq_1	[propext]
_private.Effect4.Laws.Program.Guard.FrameOwned.0.Effect4.Machine.frameExitState.match_1.eq_2	[propext]
_private.Effect4.Laws.Program.Guard.FrameOwned.0.Effect4.Machine.linkScope.match_1.eq_1	[]
_private.Effect4.Laws.Program.Guard.FrameOwned.0.Effect4.Machine.linkScope.match_1.eq_2	[]
_private.Effect4.Laws.Program.Guard.FrameOwned.0.Effect4.Machine.linkScope.match_3.eq_1	[]
_private.Effect4.Laws.Program.Guard.FrameOwned.0.Effect4.Machine.linkScope.match_3.eq_2	[]
_private.Effect4.Laws.Program.Guard.FrameOwned.0.Effect4.Machine.linkScope.match_3.eq_3	[]
_private.Effect4.Laws.Program.Guard.FrameOwned.0.Effect4.Machine.spawn.match_1.eq_1	[]
_private.Effect4.Laws.Program.Guard.FrameOwned.0.Effect4.Machine.spawn.match_1.eq_2	[]
_private.Effect4.Laws.Program.Guard.FrameOwned.0.Effect4.Machine.spawn.match_1.eq_3	[]
_private.Effect4.Laws.Program.Guard.FrameOwned.0.Effect4.Machine.storesCloseScopeUnsafe.match_1.eq_1	[propext]
_private.Effect4.Laws.Program.Guard.FrameOwned.0.Effect4.Machine.storesCloseScopeUnsafe.match_1.eq_2	[propext]
_private.Effect4.Laws.Program.Guard.FrameOwned.0.Effect4.Machine.storesCloseScopeUnsafe.match_1.eq_3	[propext]
_private.Effect4.Laws.Program.Guard.FrameOwned.0.Effect4.Prim.answerOf.match_1.eq_1	[]
_private.Effect4.Laws.Program.Guard.FrameOwned.0.Effect4.Prim.answerOf.match_1.eq_2	[]
_private.Effect4.Laws.Program.Guard.FrameOwned.0.Effect4.Prim.armA.match_1.eq_1	[]
_private.Effect4.Laws.Program.Guard.FrameOwned.0.Effect4.Prim.armA.match_1.eq_2	[]
_private.Effect4.Laws.Program.Guard.FrameOwned.0.Effect4.Program.Guard.FrameOwned.FrameProof.answerSites.match_1.eq_1	[]
_private.Effect4.Laws.Program.Guard.FrameOwned.0.Effect4.Program.Guard.FrameOwned.FrameProof.answerSites.match_1.eq_2	[]
_private.Effect4.Laws.Program.Guard.FrameOwned.0.Effect4.Program.Guard.FrameOwned.FrameProof.answerSites.match_1.eq_3	[]
_private.Effect4.Laws.Program.Guard.FrameOwned.0.Effect4.Program.Guard.FrameOwned.FrameProof.answerSites.match_1.eq_4	[]
_private.Effect4.Laws.Program.Guard.FrameOwned.0.Effect4.Program.Guard.FrameOwned.FrameProof.stepSites.match_1.eq_1	[]
_private.Effect4.Laws.Program.Guard.FrameOwned.0.Effect4.Program.Guard.FrameOwned.FrameProof.stepSites.match_1.eq_2	[]
_private.Effect4.Laws.Program.Guard.FrameOwned.0.Effect4.Program.Guard.FrameOwned.optionRaceSites.match_1.eq_1	[]
_private.Effect4.Laws.Program.Guard.FrameOwned.0.Effect4.Program.Guard.FrameOwned.optionRaceSites.match_1.eq_2	[]
_private.Effect4.Laws.Program.Guard.FrameOwned.0.Effect4.Program.Guard.actionRaceSites.match_1.eq_1	[propext]
_private.Effect4.Laws.Program.Guard.FrameOwned.0.Effect4.Program.Guard.actionRaceSites.match_1.eq_2	[propext]
_private.Effect4.Laws.Program.Guard.FrameOwned.0.Effect4.Program.Guard.actionRaceSites.match_1.eq_3	[propext]
_private.Effect4.Laws.Program.Guard.FrameOwned.0.Effect4.Program.Guard.actionRaceSites.match_1.eq_4	[propext]
_private.Effect4.Laws.Program.Guard.FrameOwned.0.Effect4.Program.Guard.actionRaceSites.match_1.eq_5	[propext]
_private.Effect4.Laws.Program.Guard.FrameOwned.0.Effect4.Program.Guard.actionRaceSites.match_1.eq_6	[propext]
_private.Effect4.Laws.Program.Guard.FrameOwned.0.Effect4.Program.Guard.actionRaceSites.match_1.eq_7	[propext]
_private.Effect4.Laws.Program.Guard.FrameOwned.0.Effect4.Program.evaluateNative.match_1.eq_1	[propext]
_private.Effect4.Laws.Program.Guard.FrameOwned.0.Effect4.Program.evaluateNative.match_1.eq_2	[propext]
_private.Effect4.Laws.Program.Guard.FrameOwned.0.Effect4.Program.evaluateNative.match_4.eq_1	[propext]
_private.Effect4.Laws.Program.Guard.FrameOwned.0.Effect4.Program.evaluateNative.match_4.eq_2	[propext]
_private.Effect4.Laws.Program.Guard.FrameOwned.0.Effect4.Program.evaluateNative.match_4.eq_3	[propext]
_private.Effect4.Laws.Program.Guard.FrameOwned.0.Effect4.Program.evaluateNative.match_4.eq_4	[propext]
_private.Effect4.Laws.Program.Guard.FrameOwned.0.Effect4.Program.exitScoped.match_1.eq_1	[]
_private.Effect4.Laws.Program.Guard.FrameOwned.0.Effect4.Program.exitScoped.match_1.eq_2	[]
_private.Effect4.Laws.Program.Guard.FrameOwned.0.Effect4.Program.exitScoped.match_3.eq_1	[]
_private.Effect4.Laws.Program.Guard.FrameOwned.0.Effect4.Program.exitScoped.match_3.eq_2	[]
_private.Effect4.Laws.Program.Guard.FrameOwned.0.Effect4.Program.exitScoped.match_5.eq_1	[]
_private.Effect4.Laws.Program.Guard.FrameOwned.0.Effect4.Program.exitScoped.match_5.eq_2	[]
_private.Effect4.Laws.Program.Guard.FrameOwned.0.Effect4.Program.exitScoped.match_7.eq_1	[propext]
_private.Effect4.Laws.Program.Guard.FrameOwned.0.Effect4.Program.exitScoped.match_7.eq_2	[propext]
_private.Effect4.Laws.Program.Guard.FrameOwned.0.Effect4.Program.interpAt.match_1.eq_1	[propext]
_private.Effect4.Laws.Program.Guard.FrameOwned.0.Effect4.Program.interpAt.match_1.eq_2	[propext]
_private.Effect4.Laws.Program.Guard.FrameOwned.0.Effect4.Program.interpAt.match_1.eq_3	[propext]
_private.Effect4.Laws.Program.Guard.FrameOwned.0.Effect4.Program.interpAt.match_1.eq_4	[propext]
_private.Effect4.Laws.Program.Guard.FrameOwned.0.Effect4.Program.interpAt.match_10.eq_1	[propext]
_private.Effect4.Laws.Program.Guard.FrameOwned.0.Effect4.Program.interpAt.match_10.eq_2	[propext]
_private.Effect4.Laws.Program.Guard.FrameOwned.0.Effect4.Program.interpAt.match_4.eq_1	[propext]
_private.Effect4.Laws.Program.Guard.FrameOwned.0.Effect4.Program.interpAt.match_4.eq_2	[propext]
_private.Effect4.Laws.Program.Guard.FrameOwned.0.Effect4.Program.interpAt.match_4.eq_3	[propext]
_private.Effect4.Laws.Program.Guard.FrameOwned.0.Effect4.Program.interpAt.match_4.eq_4	[propext]
_private.Effect4.Laws.Program.Guard.FrameOwned.0.Effect4.Program.interpAt.match_7.eq_1	[propext]
_private.Effect4.Laws.Program.Guard.FrameOwned.0.Effect4.Program.interpAt.match_7.eq_2	[propext]
_private.Effect4.Laws.Program.Guard.FrameOwned.0.Effect4.Program.interpOf.match_1.eq_1	[propext]
_private.Effect4.Laws.Program.Guard.FrameOwned.0.Effect4.Program.interpOf.match_1.eq_2	[propext]
_private.Effect4.Laws.Program.Guard.FrameOwned.0.Effect4.Program.interpOf.match_11.eq_1	[propext]
_private.Effect4.Laws.Program.Guard.FrameOwned.0.Effect4.Program.interpOf.match_11.eq_2	[propext]
_private.Effect4.Laws.Program.Guard.FrameOwned.0.Effect4.Program.interpOf.match_11.eq_3	[propext]
_private.Effect4.Laws.Program.Guard.FrameOwned.0.Effect4.Program.interpOf.match_16.eq_1	[propext]
_private.Effect4.Laws.Program.Guard.FrameOwned.0.Effect4.Program.interpOf.match_16.eq_10	[propext]
_private.Effect4.Laws.Program.Guard.FrameOwned.0.Effect4.Program.interpOf.match_16.eq_11	[propext]
_private.Effect4.Laws.Program.Guard.FrameOwned.0.Effect4.Program.interpOf.match_16.eq_2	[propext]
_private.Effect4.Laws.Program.Guard.FrameOwned.0.Effect4.Program.interpOf.match_16.eq_3	[propext]
_private.Effect4.Laws.Program.Guard.FrameOwned.0.Effect4.Program.interpOf.match_16.eq_4	[propext]
_private.Effect4.Laws.Program.Guard.FrameOwned.0.Effect4.Program.interpOf.match_16.eq_5	[propext]
_private.Effect4.Laws.Program.Guard.FrameOwned.0.Effect4.Program.interpOf.match_16.eq_6	[propext]
_private.Effect4.Laws.Program.Guard.FrameOwned.0.Effect4.Program.interpOf.match_16.eq_7	[propext]
_private.Effect4.Laws.Program.Guard.FrameOwned.0.Effect4.Program.interpOf.match_16.eq_8	[propext]
_private.Effect4.Laws.Program.Guard.FrameOwned.0.Effect4.Program.interpOf.match_16.eq_9	[propext]
_private.Effect4.Laws.Program.Guard.FrameOwned.0.Effect4.Program.interpOf.match_20.eq_1	[propext]
_private.Effect4.Laws.Program.Guard.FrameOwned.0.Effect4.Program.interpOf.match_20.eq_2	[propext]
_private.Effect4.Laws.Program.Guard.FrameOwned.0.Effect4.Program.interpOf.match_20.eq_3	[propext]
_private.Effect4.Laws.Program.Guard.FrameOwned.0.Effect4.Program.interpOf.match_28.eq_1	[]
_private.Effect4.Laws.Program.Guard.FrameOwned.0.Effect4.Program.interpOf.match_28.eq_2	[]
_private.Effect4.Laws.Program.Guard.FrameOwned.0.Effect4.Program.interpOf.match_30.eq_1	[propext]
_private.Effect4.Laws.Program.Guard.FrameOwned.0.Effect4.Program.interpOf.match_30.eq_2	[propext]
_private.Effect4.Laws.Program.Guard.FrameOwned.0.Effect4.Program.interpOf.match_30.eq_3	[propext]
_private.Effect4.Laws.Program.Guard.FrameOwned.0.Effect4.Program.interpOf.match_30.eq_4	[propext]
_private.Effect4.Laws.Program.Guard.FrameOwned.0.Effect4.Program.interpOf.match_30.eq_5	[propext]
_private.Effect4.Laws.Program.Guard.FrameOwned.0.Effect4.Program.interpOf.match_38.eq_1	[propext]
_private.Effect4.Laws.Program.Guard.FrameOwned.0.Effect4.Program.interpOf.match_38.eq_2	[propext]
_private.Effect4.Laws.Program.Guard.FrameOwned.0.Effect4.Program.interpOf.match_38.eq_3	[propext]
_private.Effect4.Laws.Program.Guard.FrameOwned.0.Effect4.Program.interpOf.match_38.eq_4	[propext]
_private.Effect4.Laws.Program.Guard.FrameOwned.0.Effect4.Program.interpOf.match_38.eq_5	[propext]
_private.Effect4.Laws.Program.Guard.FrameOwned.0.Effect4.Program.interpOf.match_41.eq_1	[]
_private.Effect4.Laws.Program.Guard.FrameOwned.0.Effect4.Program.interpOf.match_41.eq_2	[]
_private.Effect4.Laws.Program.Guard.FrameOwned.0.Effect4.Program.interpOf.match_43.eq_1	[]
_private.Effect4.Laws.Program.Guard.FrameOwned.0.Effect4.Program.interpOf.match_43.eq_2	[]
_private.Effect4.Laws.Program.Guard.FrameOwned.0.Effect4.Program.interpOf.match_45.eq_1	[]
_private.Effect4.Laws.Program.Guard.FrameOwned.0.Effect4.Program.interpOf.match_45.eq_2	[]
_private.Effect4.Laws.Program.Guard.FrameOwned.0.Effect4.Program.interpOf.match_5.eq_1	[propext]
_private.Effect4.Laws.Program.Guard.FrameOwned.0.Effect4.Program.interpOf.match_5.eq_2	[propext]
_private.Effect4.Laws.Program.Guard.FrameOwned.0.Effect4.Program.interpOf.match_5.eq_3	[propext]
_private.Effect4.Laws.Program.Guard.FrameOwned.0.Effect4.Program.interpOf.match_8.eq_1	[propext]
_private.Effect4.Laws.Program.Guard.FrameOwned.0.Effect4.Program.interpOf.match_8.eq_2	[propext]
_private.Effect4.Laws.Program.Guard.FrameOwned.0.Effect4.Program.prepareExternalAnswer.match_1.eq_1	[]
_private.Effect4.Laws.Program.Guard.FrameOwned.0.Effect4.Program.prepareExternalAnswer.match_1.eq_2	[]
_private.Effect4.Laws.Program.Guard.FrameOwned.0.Effect4.Program.prepareExternalAnswer.match_3.eq_1	[]
_private.Effect4.Laws.Program.Guard.FrameOwned.0.Effect4.Program.prepareExternalAnswer.match_3.eq_2	[]
_private.Effect4.Laws.Program.Guard.FrameOwned.0.Effect4.Program.prepareExternalAnswer.match_5.eq_1	[propext]
_private.Effect4.Laws.Program.Guard.FrameOwned.0.Effect4.Program.prepareExternalAnswer.match_5.eq_2	[propext]
_private.Effect4.Laws.Program.Guard.Interruption.0.Effect4.FrameFiber.pendingCause.match_1.eq_1	[]
_private.Effect4.Laws.Program.Guard.Interruption.0.Effect4.FrameFiber.pendingCause.match_1.eq_2	[]
_private.Effect4.Laws.Program.Guard.Interruption.0.Effect4.FrameFiber.resumeValue.match_1.eq_1	[]
_private.Effect4.Laws.Program.Guard.Interruption.0.Effect4.FrameFiber.resumeValue.match_1.eq_2	[]
_private.Effect4.Laws.Program.Guard.Interruption.0.Effect4.FrameFiber.resumeValue.match_3.eq_1	[]
_private.Effect4.Laws.Program.Guard.Interruption.0.Effect4.FrameFiber.resumeValue.match_3.eq_2	[]
_private.Effect4.Laws.Program.Guard.Interruption.0.Effect4.FrameFiber.resumeValue.match_3.eq_3	[]
_private.Effect4.Laws.Program.Guard.Interruption.0.Effect4.FrameFiber.resumeValue.match_3.eq_4	[]
_private.Effect4.Laws.Program.Guard.Interruption.0.Effect4.FrameFiber.step.match_1.eq_1	[]
_private.Effect4.Laws.Program.Guard.Interruption.0.Effect4.FrameFiber.step.match_1.eq_10	[]
_private.Effect4.Laws.Program.Guard.Interruption.0.Effect4.FrameFiber.step.match_1.eq_11	[]
_private.Effect4.Laws.Program.Guard.Interruption.0.Effect4.FrameFiber.step.match_1.eq_12	[]
_private.Effect4.Laws.Program.Guard.Interruption.0.Effect4.FrameFiber.step.match_1.eq_13	[]
_private.Effect4.Laws.Program.Guard.Interruption.0.Effect4.FrameFiber.step.match_1.eq_14	[]
_private.Effect4.Laws.Program.Guard.Interruption.0.Effect4.FrameFiber.step.match_1.eq_15	[]
_private.Effect4.Laws.Program.Guard.Interruption.0.Effect4.FrameFiber.step.match_1.eq_16	[]
_private.Effect4.Laws.Program.Guard.Interruption.0.Effect4.FrameFiber.step.match_1.eq_17	[]
_private.Effect4.Laws.Program.Guard.Interruption.0.Effect4.FrameFiber.step.match_1.eq_18	[]
_private.Effect4.Laws.Program.Guard.Interruption.0.Effect4.FrameFiber.step.match_1.eq_2	[]
_private.Effect4.Laws.Program.Guard.Interruption.0.Effect4.FrameFiber.step.match_1.eq_3	[]
_private.Effect4.Laws.Program.Guard.Interruption.0.Effect4.FrameFiber.step.match_1.eq_4	[]
_private.Effect4.Laws.Program.Guard.Interruption.0.Effect4.FrameFiber.step.match_1.eq_5	[]
_private.Effect4.Laws.Program.Guard.Interruption.0.Effect4.FrameFiber.step.match_1.eq_6	[]
_private.Effect4.Laws.Program.Guard.Interruption.0.Effect4.FrameFiber.step.match_1.eq_7	[]
_private.Effect4.Laws.Program.Guard.Interruption.0.Effect4.FrameFiber.step.match_1.eq_8	[]
_private.Effect4.Laws.Program.Guard.Interruption.0.Effect4.FrameFiber.step.match_1.eq_9	[]
_private.Effect4.Laws.Program.Guard.Interruption.0.Effect4.Machine.countdownPark.match_1.eq_1	[]
_private.Effect4.Laws.Program.Guard.Interruption.0.Effect4.Machine.countdownPark.match_1.eq_2	[]
_private.Effect4.Laws.Program.Guard.Interruption.0.Effect4.Machine.countdownWalk.match_1.eq_1	[]
_private.Effect4.Laws.Program.Guard.Interruption.0.Effect4.Machine.countdownWalk.match_1.eq_2	[]
_private.Effect4.Laws.Program.Guard.Interruption.0.Effect4.Machine.evaluatePrim.finalizerOr.match_1.eq_1	[]
_private.Effect4.Laws.Program.Guard.Interruption.0.Effect4.Machine.evaluatePrim.finalizerOr.match_1.eq_2	[]
_private.Effect4.Laws.Program.Guard.Interruption.0.Effect4.Machine.evaluatePrim.finalizerOr.match_3.eq_1	[propext]
_private.Effect4.Laws.Program.Guard.Interruption.0.Effect4.Machine.evaluatePrim.finalizerOr.match_3.eq_2	[propext]
_private.Effect4.Laws.Program.Guard.Interruption.0.Effect4.Machine.evaluatePrim.interruptAs.match_3.eq_1	[]
_private.Effect4.Laws.Program.Guard.Interruption.0.Effect4.Machine.evaluatePrim.interruptAs.match_3.eq_2	[]
_private.Effect4.Laws.Program.Guard.Interruption.0.Effect4.Machine.evaluatePrim.match_10.eq_1	[]
_private.Effect4.Laws.Program.Guard.Interruption.0.Effect4.Machine.evaluatePrim.match_10.eq_2	[]
_private.Effect4.Laws.Program.Guard.Interruption.0.Effect4.Machine.evaluatePrim.match_10.eq_3	[]
_private.Effect4.Laws.Program.Guard.Interruption.0.Effect4.Machine.evaluatePrim.match_10.eq_4	[]
_private.Effect4.Laws.Program.Guard.Interruption.0.Effect4.Machine.evaluatePrim.match_10.eq_5	[]
_private.Effect4.Laws.Program.Guard.Interruption.0.Effect4.Machine.evaluatePrim.match_12.eq_1	[propext]
_private.Effect4.Laws.Program.Guard.Interruption.0.Effect4.Machine.evaluatePrim.match_12.eq_2	[propext]
_private.Effect4.Laws.Program.Guard.Interruption.0.Effect4.Machine.evaluatePrim.match_12.eq_3	[propext]
_private.Effect4.Laws.Program.Guard.Interruption.0.Effect4.Machine.evaluatePrim.match_3.eq_1	[]
_private.Effect4.Laws.Program.Guard.Interruption.0.Effect4.Machine.evaluatePrim.match_3.eq_2	[]
_private.Effect4.Laws.Program.Guard.Interruption.0.Effect4.Machine.evaluatePrim.match_5.eq_1	[]
_private.Effect4.Laws.Program.Guard.Interruption.0.Effect4.Machine.evaluatePrim.match_5.eq_2	[]
_private.Effect4.Laws.Program.Guard.Interruption.0.Effect4.Machine.evaluatePrim.match_7.eq_1	[propext]
_private.Effect4.Laws.Program.Guard.Interruption.0.Effect4.Machine.evaluatePrim.match_7.eq_2	[propext]
_private.Effect4.Laws.Program.Guard.Interruption.0.Effect4.Machine.evaluatePrim.match_7.eq_3	[propext]
_private.Effect4.Laws.Program.Guard.Interruption.0.Effect4.Machine.evaluatePrim.match_7.eq_4	[propext]
_private.Effect4.Laws.Program.Guard.Interruption.0.Effect4.Machine.evaluatePrim.match_7.eq_5	[propext]
_private.Effect4.Laws.Program.Guard.Interruption.0.Effect4.Machine.evaluatePrim.withFiber.match_1.eq_1	[]
_private.Effect4.Laws.Program.Guard.Interruption.0.Effect4.Machine.evaluatePrim.withFiber.match_1.eq_2	[]
_private.Effect4.Laws.Program.Guard.Interruption.0.Effect4.Machine.evaluatePrim.withFiber.match_17.eq_1	[]
_private.Effect4.Laws.Program.Guard.Interruption.0.Effect4.Machine.evaluatePrim.withFiber.match_17.eq_2	[]
_private.Effect4.Laws.Program.Guard.Interruption.0.Effect4.Machine.evaluatePrim.withFiber.match_21.eq_1	[propext]
_private.Effect4.Laws.Program.Guard.Interruption.0.Effect4.Machine.evaluatePrim.withFiber.match_21.eq_2	[propext]
_private.Effect4.Laws.Program.Guard.Interruption.0.Effect4.Machine.evaluatePrim.withFiber.match_21.eq_3	[propext]
_private.Effect4.Laws.Program.Guard.Interruption.0.Effect4.Machine.evaluatePrim.withFiber.match_24.eq_1	[]
_private.Effect4.Laws.Program.Guard.Interruption.0.Effect4.Machine.evaluatePrim.withFiber.match_24.eq_2	[]
_private.Effect4.Laws.Program.Guard.Interruption.0.Effect4.Machine.evaluatePrim.withFiber.match_26.eq_1	[]
_private.Effect4.Laws.Program.Guard.Interruption.0.Effect4.Machine.evaluatePrim.withFiber.match_26.eq_10	[]
_private.Effect4.Laws.Program.Guard.Interruption.0.Effect4.Machine.evaluatePrim.withFiber.match_26.eq_11	[]
_private.Effect4.Laws.Program.Guard.Interruption.0.Effect4.Machine.evaluatePrim.withFiber.match_26.eq_12	[]
_private.Effect4.Laws.Program.Guard.Interruption.0.Effect4.Machine.evaluatePrim.withFiber.match_26.eq_13	[]
_private.Effect4.Laws.Program.Guard.Interruption.0.Effect4.Machine.evaluatePrim.withFiber.match_26.eq_14	[]
_private.Effect4.Laws.Program.Guard.Interruption.0.Effect4.Machine.evaluatePrim.withFiber.match_26.eq_15	[]
_private.Effect4.Laws.Program.Guard.Interruption.0.Effect4.Machine.evaluatePrim.withFiber.match_26.eq_16	[]
_private.Effect4.Laws.Program.Guard.Interruption.0.Effect4.Machine.evaluatePrim.withFiber.match_26.eq_17	[]
_private.Effect4.Laws.Program.Guard.Interruption.0.Effect4.Machine.evaluatePrim.withFiber.match_26.eq_18	[]
_private.Effect4.Laws.Program.Guard.Interruption.0.Effect4.Machine.evaluatePrim.withFiber.match_26.eq_19	[]
_private.Effect4.Laws.Program.Guard.Interruption.0.Effect4.Machine.evaluatePrim.withFiber.match_26.eq_2	[]
_private.Effect4.Laws.Program.Guard.Interruption.0.Effect4.Machine.evaluatePrim.withFiber.match_26.eq_20	[]
_private.Effect4.Laws.Program.Guard.Interruption.0.Effect4.Machine.evaluatePrim.withFiber.match_26.eq_21	[]
_private.Effect4.Laws.Program.Guard.Interruption.0.Effect4.Machine.evaluatePrim.withFiber.match_26.eq_22	[]
_private.Effect4.Laws.Program.Guard.Interruption.0.Effect4.Machine.evaluatePrim.withFiber.match_26.eq_23	[]
_private.Effect4.Laws.Program.Guard.Interruption.0.Effect4.Machine.evaluatePrim.withFiber.match_26.eq_24	[]
_private.Effect4.Laws.Program.Guard.Interruption.0.Effect4.Machine.evaluatePrim.withFiber.match_26.eq_3	[]
_private.Effect4.Laws.Program.Guard.Interruption.0.Effect4.Machine.evaluatePrim.withFiber.match_26.eq_4	[]
_private.Effect4.Laws.Program.Guard.Interruption.0.Effect4.Machine.evaluatePrim.withFiber.match_26.eq_5	[]
_private.Effect4.Laws.Program.Guard.Interruption.0.Effect4.Machine.evaluatePrim.withFiber.match_26.eq_6	[]
_private.Effect4.Laws.Program.Guard.Interruption.0.Effect4.Machine.evaluatePrim.withFiber.match_26.eq_7	[]
_private.Effect4.Laws.Program.Guard.Interruption.0.Effect4.Machine.evaluatePrim.withFiber.match_26.eq_8	[]
_private.Effect4.Laws.Program.Guard.Interruption.0.Effect4.Machine.evaluatePrim.withFiber.match_26.eq_9	[]
_private.Effect4.Laws.Program.Guard.Interruption.0.Effect4.Machine.evaluatePrim.withFiber.match_7.eq_1	[]
_private.Effect4.Laws.Program.Guard.Interruption.0.Effect4.Machine.evaluatePrim.withFiber.match_7.eq_2	[]
_private.Effect4.Laws.Program.Guard.Interruption.0.Effect4.Machine.frameExitState.match_1.eq_1	[propext]
_private.Effect4.Laws.Program.Guard.Interruption.0.Effect4.Machine.frameExitState.match_1.eq_2	[propext]
_private.Effect4.Laws.Program.Guard.Interruption.0.Effect4.Machine.registerRace.match_1.eq_1	[]
_private.Effect4.Laws.Program.Guard.Interruption.0.Effect4.Machine.registerRace.match_1.eq_2	[]
_private.Effect4.Laws.Program.Guard.Interruption.0.Effect4.Machine.spawn.match_1.eq_1	[]
_private.Effect4.Laws.Program.Guard.Interruption.0.Effect4.Machine.spawn.match_1.eq_2	[]
_private.Effect4.Laws.Program.Guard.Interruption.0.Effect4.Machine.spawn.match_1.eq_3	[]
_private.Effect4.Laws.Program.Guard.Interruption.0.Effect4.Prim.armA.match_1.eq_1	[]
_private.Effect4.Laws.Program.Guard.Interruption.0.Effect4.Prim.armA.match_1.eq_2	[]
_private.Effect4.Laws.Program.Guard.Interruption.0.Effect4.Program.evaluateNative.match_1.eq_1	[propext]
_private.Effect4.Laws.Program.Guard.Interruption.0.Effect4.Program.evaluateNative.match_1.eq_2	[propext]
_private.Effect4.Laws.Program.Guard.Interruption.0.Effect4.Program.evaluateNative.match_4.eq_1	[propext]
_private.Effect4.Laws.Program.Guard.Interruption.0.Effect4.Program.evaluateNative.match_4.eq_2	[propext]
_private.Effect4.Laws.Program.Guard.Interruption.0.Effect4.Program.evaluateNative.match_4.eq_3	[propext]
_private.Effect4.Laws.Program.Guard.Interruption.0.Effect4.Program.evaluateNative.match_4.eq_4	[propext]
_private.Effect4.Laws.Program.Guard.Interruption.0.Effect4.Program.exitScoped.match_1.eq_1	[]
_private.Effect4.Laws.Program.Guard.Interruption.0.Effect4.Program.exitScoped.match_1.eq_2	[]
_private.Effect4.Laws.Program.Guard.Interruption.0.Effect4.Program.exitScoped.match_3.eq_1	[]
_private.Effect4.Laws.Program.Guard.Interruption.0.Effect4.Program.exitScoped.match_3.eq_2	[]
_private.Effect4.Laws.Program.Guard.Interruption.0.Effect4.Program.exitScoped.match_5.eq_1	[]
_private.Effect4.Laws.Program.Guard.Interruption.0.Effect4.Program.exitScoped.match_5.eq_2	[]
_private.Effect4.Laws.Program.Guard.Interruption.0.Effect4.Program.exitScoped.match_7.eq_1	[propext]
_private.Effect4.Laws.Program.Guard.Interruption.0.Effect4.Program.exitScoped.match_7.eq_2	[propext]
_private.Effect4.Laws.Program.Handles.Evaluation.0.Effect4.Machine.ActionName.keys.match_1.eq_1	[]
_private.Effect4.Laws.Program.Handles.Evaluation.0.Effect4.Machine.ActionName.keys.match_1.eq_10	[]
_private.Effect4.Laws.Program.Handles.Evaluation.0.Effect4.Machine.ActionName.keys.match_1.eq_11	[]
_private.Effect4.Laws.Program.Handles.Evaluation.0.Effect4.Machine.ActionName.keys.match_1.eq_12	[]
_private.Effect4.Laws.Program.Handles.Evaluation.0.Effect4.Machine.ActionName.keys.match_1.eq_13	[]
_private.Effect4.Laws.Program.Handles.Evaluation.0.Effect4.Machine.ActionName.keys.match_1.eq_14	[]
_private.Effect4.Laws.Program.Handles.Evaluation.0.Effect4.Machine.ActionName.keys.match_1.eq_15	[]
_private.Effect4.Laws.Program.Handles.Evaluation.0.Effect4.Machine.ActionName.keys.match_1.eq_16	[]
_private.Effect4.Laws.Program.Handles.Evaluation.0.Effect4.Machine.ActionName.keys.match_1.eq_17	[]
_private.Effect4.Laws.Program.Handles.Evaluation.0.Effect4.Machine.ActionName.keys.match_1.eq_18	[]
_private.Effect4.Laws.Program.Handles.Evaluation.0.Effect4.Machine.ActionName.keys.match_1.eq_19	[]
_private.Effect4.Laws.Program.Handles.Evaluation.0.Effect4.Machine.ActionName.keys.match_1.eq_2	[]
_private.Effect4.Laws.Program.Handles.Evaluation.0.Effect4.Machine.ActionName.keys.match_1.eq_20	[]
_private.Effect4.Laws.Program.Handles.Evaluation.0.Effect4.Machine.ActionName.keys.match_1.eq_21	[]
_private.Effect4.Laws.Program.Handles.Evaluation.0.Effect4.Machine.ActionName.keys.match_1.eq_22	[]
_private.Effect4.Laws.Program.Handles.Evaluation.0.Effect4.Machine.ActionName.keys.match_1.eq_3	[]
_private.Effect4.Laws.Program.Handles.Evaluation.0.Effect4.Machine.ActionName.keys.match_1.eq_4	[]
_private.Effect4.Laws.Program.Handles.Evaluation.0.Effect4.Machine.ActionName.keys.match_1.eq_5	[]
_private.Effect4.Laws.Program.Handles.Evaluation.0.Effect4.Machine.ActionName.keys.match_1.eq_6	[]
_private.Effect4.Laws.Program.Handles.Evaluation.0.Effect4.Machine.ActionName.keys.match_1.eq_7	[]
_private.Effect4.Laws.Program.Handles.Evaluation.0.Effect4.Machine.ActionName.keys.match_1.eq_8	[]
_private.Effect4.Laws.Program.Handles.Evaluation.0.Effect4.Machine.ActionName.keys.match_1.eq_9	[]
_private.Effect4.Laws.Program.Handles.Evaluation.0.Effect4.Machine.Completion.keys.match_1.eq_1	[]
_private.Effect4.Laws.Program.Handles.Evaluation.0.Effect4.Machine.Completion.keys.match_1.eq_2	[]
_private.Effect4.Laws.Program.Handles.Evaluation.0.Effect4.Machine.Env.ContextUpdate.keys.match_1.eq_1	[]
_private.Effect4.Laws.Program.Handles.Evaluation.0.Effect4.Machine.Env.ContextUpdate.keys.match_1.eq_2	[]
_private.Effect4.Laws.Program.Handles.Evaluation.0.Effect4.Machine.Env.ContextUpdate.keys.match_1.eq_3	[]
_private.Effect4.Laws.Program.Handles.Evaluation.0.Effect4.Machine.FinName.keys.match_1.eq_1	[]
_private.Effect4.Laws.Program.Handles.Evaluation.0.Effect4.Machine.FinName.keys.match_1.eq_10	[]
_private.Effect4.Laws.Program.Handles.Evaluation.0.Effect4.Machine.FinName.keys.match_1.eq_2	[]
_private.Effect4.Laws.Program.Handles.Evaluation.0.Effect4.Machine.FinName.keys.match_1.eq_3	[]
_private.Effect4.Laws.Program.Handles.Evaluation.0.Effect4.Machine.FinName.keys.match_1.eq_4	[]
_private.Effect4.Laws.Program.Handles.Evaluation.0.Effect4.Machine.FinName.keys.match_1.eq_5	[]
_private.Effect4.Laws.Program.Handles.Evaluation.0.Effect4.Machine.FinName.keys.match_1.eq_6	[]
_private.Effect4.Laws.Program.Handles.Evaluation.0.Effect4.Machine.FinName.keys.match_1.eq_7	[]
_private.Effect4.Laws.Program.Handles.Evaluation.0.Effect4.Machine.FinName.keys.match_1.eq_8	[]
_private.Effect4.Laws.Program.Handles.Evaluation.0.Effect4.Machine.FinName.keys.match_1.eq_9	[]
_private.Effect4.Laws.Program.Handles.Evaluation.0.Effect4.Machine.ParkKind.keys.match_1.eq_1	[]
_private.Effect4.Laws.Program.Handles.Evaluation.0.Effect4.Machine.ParkKind.keys.match_1.eq_2	[]
_private.Effect4.Laws.Program.Handles.Evaluation.0.Effect4.Machine.ParkKind.keys.match_1.eq_3	[]
_private.Effect4.Laws.Program.Handles.Evaluation.0.Effect4.Machine.SyncOp.keys.match_1.eq_1	[]
_private.Effect4.Laws.Program.Handles.Evaluation.0.Effect4.Machine.SyncOp.keys.match_1.eq_10	[]
_private.Effect4.Laws.Program.Handles.Evaluation.0.Effect4.Machine.SyncOp.keys.match_1.eq_11	[]
_private.Effect4.Laws.Program.Handles.Evaluation.0.Effect4.Machine.SyncOp.keys.match_1.eq_12	[]
_private.Effect4.Laws.Program.Handles.Evaluation.0.Effect4.Machine.SyncOp.keys.match_1.eq_13	[]
_private.Effect4.Laws.Program.Handles.Evaluation.0.Effect4.Machine.SyncOp.keys.match_1.eq_14	[]
_private.Effect4.Laws.Program.Handles.Evaluation.0.Effect4.Machine.SyncOp.keys.match_1.eq_15	[]
_private.Effect4.Laws.Program.Handles.Evaluation.0.Effect4.Machine.SyncOp.keys.match_1.eq_16	[]
_private.Effect4.Laws.Program.Handles.Evaluation.0.Effect4.Machine.SyncOp.keys.match_1.eq_17	[]
_private.Effect4.Laws.Program.Handles.Evaluation.0.Effect4.Machine.SyncOp.keys.match_1.eq_18	[]
_private.Effect4.Laws.Program.Handles.Evaluation.0.Effect4.Machine.SyncOp.keys.match_1.eq_19	[]
_private.Effect4.Laws.Program.Handles.Evaluation.0.Effect4.Machine.SyncOp.keys.match_1.eq_2	[]
_private.Effect4.Laws.Program.Handles.Evaluation.0.Effect4.Machine.SyncOp.keys.match_1.eq_20	[]
_private.Effect4.Laws.Program.Handles.Evaluation.0.Effect4.Machine.SyncOp.keys.match_1.eq_21	[]
_private.Effect4.Laws.Program.Handles.Evaluation.0.Effect4.Machine.SyncOp.keys.match_1.eq_22	[]
_private.Effect4.Laws.Program.Handles.Evaluation.0.Effect4.Machine.SyncOp.keys.match_1.eq_23	[]
_private.Effect4.Laws.Program.Handles.Evaluation.0.Effect4.Machine.SyncOp.keys.match_1.eq_24	[]
_private.Effect4.Laws.Program.Handles.Evaluation.0.Effect4.Machine.SyncOp.keys.match_1.eq_25	[]
_private.Effect4.Laws.Program.Handles.Evaluation.0.Effect4.Machine.SyncOp.keys.match_1.eq_26	[]
_private.Effect4.Laws.Program.Handles.Evaluation.0.Effect4.Machine.SyncOp.keys.match_1.eq_27	[]
_private.Effect4.Laws.Program.Handles.Evaluation.0.Effect4.Machine.SyncOp.keys.match_1.eq_28	[]
_private.Effect4.Laws.Program.Handles.Evaluation.0.Effect4.Machine.SyncOp.keys.match_1.eq_29	[]
_private.Effect4.Laws.Program.Handles.Evaluation.0.Effect4.Machine.SyncOp.keys.match_1.eq_3	[]
_private.Effect4.Laws.Program.Handles.Evaluation.0.Effect4.Machine.SyncOp.keys.match_1.eq_30	[]
_private.Effect4.Laws.Program.Handles.Evaluation.0.Effect4.Machine.SyncOp.keys.match_1.eq_31	[]
_private.Effect4.Laws.Program.Handles.Evaluation.0.Effect4.Machine.SyncOp.keys.match_1.eq_32	[]
_private.Effect4.Laws.Program.Handles.Evaluation.0.Effect4.Machine.SyncOp.keys.match_1.eq_4	[]
_private.Effect4.Laws.Program.Handles.Evaluation.0.Effect4.Machine.SyncOp.keys.match_1.eq_5	[]
_private.Effect4.Laws.Program.Handles.Evaluation.0.Effect4.Machine.SyncOp.keys.match_1.eq_6	[]
_private.Effect4.Laws.Program.Handles.Evaluation.0.Effect4.Machine.SyncOp.keys.match_1.eq_7	[]
_private.Effect4.Laws.Program.Handles.Evaluation.0.Effect4.Machine.SyncOp.keys.match_1.eq_8	[]
_private.Effect4.Laws.Program.Handles.Evaluation.0.Effect4.Machine.SyncOp.keys.match_1.eq_9	[]
_private.Effect4.Laws.Program.Handles.Evaluation.0.Effect4.Machine.Thunk.keys.match_1.eq_1	[]
_private.Effect4.Laws.Program.Handles.Evaluation.0.Effect4.Machine.Thunk.keys.match_1.eq_2	[]
_private.Effect4.Laws.Program.Handles.Evaluation.0.Effect4.Machine.Thunk.keys.match_1.eq_3	[]
_private.Effect4.Laws.Program.Handles.Evaluation.0.Effect4.Machine.Thunk.keys.match_1.eq_4	[]
_private.Effect4.Laws.Program.Handles.Evaluation.0.Effect4.Machine.Thunk.keys.match_1.eq_5	[]
_private.Effect4.Laws.Program.Handles.Evaluation.0.Effect4.Machine.exitKeys.match_1.eq_1	[]
_private.Effect4.Laws.Program.Handles.Evaluation.0.Effect4.Machine.exitKeys.match_1.eq_2	[]
_private.Effect4.Laws.Program.Handles.Evaluation.0.Effect4.Machine.optExitKeys.match_1.eq_1	[]
_private.Effect4.Laws.Program.Handles.Evaluation.0.Effect4.Machine.optExitKeys.match_1.eq_2	[]
_private.Effect4.Laws.Program.Handles.Evaluation.0.Effect4.Program.Region.keys.match_1.eq_1	[]
_private.Effect4.Laws.Program.Handles.Evaluation.0.Effect4.Program.Region.keys.match_1.eq_2	[]
_private.Effect4.Laws.Program.Handles.Evaluation.0.Effect4.Program.Region.keys.match_1.eq_3	[]
_private.Effect4.Laws.Program.Handles.Evaluation.0.Effect4.Program.Region.keys.match_1.eq_4	[]
_private.Effect4.Laws.Program.Handles.Evaluation.0.Effect4.Program.evaluateNative.match_1.eq_1	[propext]
_private.Effect4.Laws.Program.Handles.Evaluation.0.Effect4.Program.evaluateNative.match_1.eq_2	[propext]
_private.Effect4.Laws.Program.Handles.Evaluation.0.Effect4.Program.evaluateNative.match_4.eq_1	[propext]
_private.Effect4.Laws.Program.Handles.Evaluation.0.Effect4.Program.evaluateNative.match_4.eq_2	[propext]
_private.Effect4.Laws.Program.Handles.Evaluation.0.Effect4.Program.evaluateNative.match_4.eq_3	[propext]
_private.Effect4.Laws.Program.Handles.Evaluation.0.Effect4.Program.evaluateNative.match_4.eq_4	[propext]
_private.Effect4.Laws.Program.Handles.Evaluation.0.Effect4.Program.exitScoped.match_1.eq_1	[]
_private.Effect4.Laws.Program.Handles.Evaluation.0.Effect4.Program.exitScoped.match_1.eq_2	[]
_private.Effect4.Laws.Program.Handles.Evaluation.0.Effect4.Program.exitScoped.match_5.eq_1	[]
_private.Effect4.Laws.Program.Handles.Evaluation.0.Effect4.Program.exitScoped.match_5.eq_2	[]
_private.Effect4.Laws.Program.Handles.Evaluation.0.Effect4.Program.exitScoped.match_7.eq_1	[propext]
_private.Effect4.Laws.Program.Handles.Evaluation.0.Effect4.Program.exitScoped.match_7.eq_2	[propext]
_private.Effect4.Laws.Program.Handles.Evaluation.0.Effect4.Program.interpAt.match_1.eq_1	[propext]
_private.Effect4.Laws.Program.Handles.Evaluation.0.Effect4.Program.interpAt.match_1.eq_2	[propext]
_private.Effect4.Laws.Program.Handles.Evaluation.0.Effect4.Program.interpAt.match_1.eq_3	[propext]
_private.Effect4.Laws.Program.Handles.Evaluation.0.Effect4.Program.interpAt.match_1.eq_4	[propext]
_private.Effect4.Laws.Program.Handles.Evaluation.0.Effect4.Program.interpAt.match_10.eq_1	[propext]
_private.Effect4.Laws.Program.Handles.Evaluation.0.Effect4.Program.interpAt.match_10.eq_2	[propext]
_private.Effect4.Laws.Program.Handles.Evaluation.0.Effect4.Program.interpAt.match_4.eq_1	[propext]
_private.Effect4.Laws.Program.Handles.Evaluation.0.Effect4.Program.interpAt.match_4.eq_2	[propext]
_private.Effect4.Laws.Program.Handles.Evaluation.0.Effect4.Program.interpAt.match_4.eq_3	[propext]
_private.Effect4.Laws.Program.Handles.Evaluation.0.Effect4.Program.interpAt.match_4.eq_4	[propext]
_private.Effect4.Laws.Program.Handles.Evaluation.0.Effect4.Program.interpAt.match_7.eq_1	[propext]
_private.Effect4.Laws.Program.Handles.Evaluation.0.Effect4.Program.interpAt.match_7.eq_2	[propext]
_private.Effect4.Laws.Program.Handles.Evaluation.0.Effect4.Program.interpOf.match_1.eq_1	[propext]
_private.Effect4.Laws.Program.Handles.Evaluation.0.Effect4.Program.interpOf.match_1.eq_2	[propext]
_private.Effect4.Laws.Program.Handles.Evaluation.0.Effect4.Program.interpOf.match_11.eq_1	[propext]
_private.Effect4.Laws.Program.Handles.Evaluation.0.Effect4.Program.interpOf.match_11.eq_2	[propext]
_private.Effect4.Laws.Program.Handles.Evaluation.0.Effect4.Program.interpOf.match_11.eq_3	[propext]
_private.Effect4.Laws.Program.Handles.Evaluation.0.Effect4.Program.interpOf.match_16.eq_1	[propext]
_private.Effect4.Laws.Program.Handles.Evaluation.0.Effect4.Program.interpOf.match_16.eq_10	[propext]
_private.Effect4.Laws.Program.Handles.Evaluation.0.Effect4.Program.interpOf.match_16.eq_11	[propext]
_private.Effect4.Laws.Program.Handles.Evaluation.0.Effect4.Program.interpOf.match_16.eq_2	[propext]
_private.Effect4.Laws.Program.Handles.Evaluation.0.Effect4.Program.interpOf.match_16.eq_3	[propext]
_private.Effect4.Laws.Program.Handles.Evaluation.0.Effect4.Program.interpOf.match_16.eq_4	[propext]
_private.Effect4.Laws.Program.Handles.Evaluation.0.Effect4.Program.interpOf.match_16.eq_5	[propext]
_private.Effect4.Laws.Program.Handles.Evaluation.0.Effect4.Program.interpOf.match_16.eq_6	[propext]
_private.Effect4.Laws.Program.Handles.Evaluation.0.Effect4.Program.interpOf.match_16.eq_7	[propext]
_private.Effect4.Laws.Program.Handles.Evaluation.0.Effect4.Program.interpOf.match_16.eq_8	[propext]
_private.Effect4.Laws.Program.Handles.Evaluation.0.Effect4.Program.interpOf.match_16.eq_9	[propext]
_private.Effect4.Laws.Program.Handles.Evaluation.0.Effect4.Program.interpOf.match_20.eq_1	[propext]
_private.Effect4.Laws.Program.Handles.Evaluation.0.Effect4.Program.interpOf.match_20.eq_2	[propext]
_private.Effect4.Laws.Program.Handles.Evaluation.0.Effect4.Program.interpOf.match_20.eq_3	[propext]
_private.Effect4.Laws.Program.Handles.Evaluation.0.Effect4.Program.interpOf.match_28.eq_1	[]
_private.Effect4.Laws.Program.Handles.Evaluation.0.Effect4.Program.interpOf.match_28.eq_2	[]
_private.Effect4.Laws.Program.Handles.Evaluation.0.Effect4.Program.interpOf.match_30.eq_1	[propext]
_private.Effect4.Laws.Program.Handles.Evaluation.0.Effect4.Program.interpOf.match_30.eq_2	[propext]
_private.Effect4.Laws.Program.Handles.Evaluation.0.Effect4.Program.interpOf.match_30.eq_3	[propext]
_private.Effect4.Laws.Program.Handles.Evaluation.0.Effect4.Program.interpOf.match_30.eq_4	[propext]
_private.Effect4.Laws.Program.Handles.Evaluation.0.Effect4.Program.interpOf.match_30.eq_5	[propext]
_private.Effect4.Laws.Program.Handles.Evaluation.0.Effect4.Program.interpOf.match_38.eq_1	[propext]
_private.Effect4.Laws.Program.Handles.Evaluation.0.Effect4.Program.interpOf.match_38.eq_2	[propext]
_private.Effect4.Laws.Program.Handles.Evaluation.0.Effect4.Program.interpOf.match_38.eq_3	[propext]
_private.Effect4.Laws.Program.Handles.Evaluation.0.Effect4.Program.interpOf.match_38.eq_4	[propext]
_private.Effect4.Laws.Program.Handles.Evaluation.0.Effect4.Program.interpOf.match_38.eq_5	[propext]
_private.Effect4.Laws.Program.Handles.Evaluation.0.Effect4.Program.interpOf.match_41.eq_1	[]
_private.Effect4.Laws.Program.Handles.Evaluation.0.Effect4.Program.interpOf.match_41.eq_2	[]
_private.Effect4.Laws.Program.Handles.Evaluation.0.Effect4.Program.interpOf.match_43.eq_1	[]
_private.Effect4.Laws.Program.Handles.Evaluation.0.Effect4.Program.interpOf.match_43.eq_2	[]
_private.Effect4.Laws.Program.Handles.Evaluation.0.Effect4.Program.interpOf.match_45.eq_1	[]
_private.Effect4.Laws.Program.Handles.Evaluation.0.Effect4.Program.interpOf.match_45.eq_2	[]
_private.Effect4.Laws.Program.Handles.Evaluation.0.Effect4.Program.interpOf.match_5.eq_1	[propext]
_private.Effect4.Laws.Program.Handles.Evaluation.0.Effect4.Program.interpOf.match_5.eq_2	[propext]
_private.Effect4.Laws.Program.Handles.Evaluation.0.Effect4.Program.interpOf.match_5.eq_3	[propext]
_private.Effect4.Laws.Program.Handles.Evaluation.0.Effect4.Program.interpOf.match_8.eq_1	[propext]
_private.Effect4.Laws.Program.Handles.Evaluation.0.Effect4.Program.interpOf.match_8.eq_2	[propext]
_private.Effect4.Laws.Program.Simulation.Deliver.0.Effect4.FrameFiber.joinPushed.match_1.eq_1	[propext]
_private.Effect4.Laws.Program.Simulation.Deliver.0.Effect4.FrameFiber.joinPushed.match_1.eq_2	[propext]
_private.Effect4.Laws.Program.Simulation.Deliver.0.Effect4.FrameFiber.passPushed.match_1.eq_1	[]
_private.Effect4.Laws.Program.Simulation.Deliver.0.Effect4.FrameFiber.passPushed.match_1.eq_2	[]
_private.Effect4.Laws.Program.Simulation.Deliver.0.Effect4.FrameFiber.passPushed.match_3.eq_1	[]
_private.Effect4.Laws.Program.Simulation.Deliver.0.Effect4.FrameFiber.passPushed.match_3.eq_2	[]
_private.Effect4.Laws.Program.Simulation.Deliver.0.Effect4.FrameFiber.pendingCause.match_1.eq_1	[]
_private.Effect4.Laws.Program.Simulation.Deliver.0.Effect4.FrameFiber.pendingCause.match_1.eq_2	[]
_private.Effect4.Laws.Program.Simulation.Deliver.0.Effect4.FrameFiber.resumeValue.match_1.eq_1	[]
_private.Effect4.Laws.Program.Simulation.Deliver.0.Effect4.FrameFiber.resumeValue.match_1.eq_2	[]
_private.Effect4.Laws.Program.Simulation.Deliver.0.Effect4.FrameFiber.resumeValue.match_3.eq_1	[]
_private.Effect4.Laws.Program.Simulation.Deliver.0.Effect4.FrameFiber.resumeValue.match_3.eq_2	[]
_private.Effect4.Laws.Program.Simulation.Deliver.0.Effect4.FrameFiber.resumeValue.match_3.eq_3	[]
_private.Effect4.Laws.Program.Simulation.Deliver.0.Effect4.FrameFiber.resumeValue.match_3.eq_4	[]
_private.Effect4.Laws.Program.Simulation.Deliver.0.Effect4.FramePop.deliveredExit.match_1.eq_1	[]
_private.Effect4.Laws.Program.Simulation.Deliver.0.Effect4.FramePop.deliveredExit.match_1.eq_2	[]
_private.Effect4.Laws.Program.Simulation.Deliver.0.Effect4.Machine.evaluatePrim.finalizerOr.match_3.eq_1	[propext]
_private.Effect4.Laws.Program.Simulation.Deliver.0.Effect4.Machine.evaluatePrim.finalizerOr.match_3.eq_2	[propext]
_private.Effect4.Laws.Program.Simulation.Deliver.0.Effect4.Machine.storesCloseScopeUnsafe.match_1.eq_1	[propext]
_private.Effect4.Laws.Program.Simulation.Deliver.0.Effect4.Machine.storesCloseScopeUnsafe.match_1.eq_2	[propext]
_private.Effect4.Laws.Program.Simulation.Deliver.0.Effect4.Machine.storesCloseScopeUnsafe.match_1.eq_3	[propext]
_private.Effect4.Laws.Program.Simulation.Deliver.0.Effect4.Program.Sched.deferredOn.match_1.eq_1	[]
_private.Effect4.Laws.Program.Simulation.Deliver.0.Effect4.Program.Sched.deferredOn.match_1.eq_2	[]
_private.Effect4.Laws.Program.Simulation.Deliver.0.Effect4.Program.Sched.deliverR.match_1.eq_1	[propext]
_private.Effect4.Laws.Program.Simulation.Deliver.0.Effect4.Program.Sched.deliverR.match_1.eq_2	[propext]
_private.Effect4.Laws.Program.Simulation.Deliver.0.Effect4.Program.Sched.deliverR.match_3.eq_1	[propext]
_private.Effect4.Laws.Program.Simulation.Deliver.0.Effect4.Program.Sched.demandOf.match_1.eq_1	[]
_private.Effect4.Laws.Program.Simulation.Deliver.0.Effect4.Program.Sched.demandOf.match_1.eq_2	[]
_private.Effect4.Laws.Program.Simulation.Deliver.0.Effect4.Program.Sched.prepareScopedExitR.match_5.eq_1	[propext]
_private.Effect4.Laws.Program.Simulation.Deliver.0.Effect4.Program.Sched.prepareScopedExitR.match_5.eq_2	[propext]
_private.Effect4.Laws.Program.Simulation.Deliver.0.Effect4.Program.Sched.resumeAt.match_1.eq_1	[]
_private.Effect4.Laws.Program.Simulation.Deliver.0.Effect4.Program.Sched.resumeAt.match_1.eq_2	[]
_private.Effect4.Laws.Program.Simulation.Deliver.0.Effect4.Program.Sched.resumeAt.match_3.eq_1	[]
_private.Effect4.Laws.Program.Simulation.Deliver.0.Effect4.Program.Sched.resumeAt.match_3.eq_2	[]
_private.Effect4.Laws.Program.Simulation.Deliver.0.Effect4.Program.Sched.resumeAt.match_3.eq_3	[]
_private.Effect4.Laws.Program.Simulation.Deliver.0.Effect4.Program.Sched.resumeAt.match_3.eq_4	[]
_private.Effect4.Laws.Program.Simulation.Deliver.0.Effect4.Program.exitScoped.match_7.eq_1	[propext]
_private.Effect4.Laws.Program.Simulation.Deliver.0.Effect4.Program.exitScoped.match_7.eq_2	[propext]
_private.Effect4.Laws.Program.Simulation.Walk.0.Effect4.FrameFiber.joinPushed.match_1.eq_1	[propext]
_private.Effect4.Laws.Program.Simulation.Walk.0.Effect4.FrameFiber.joinPushed.match_1.eq_2	[propext]
_private.Effect4.Laws.Program.Simulation.Walk.0.Effect4.FrameFiber.passPushed.match_1.eq_1	[]
_private.Effect4.Laws.Program.Simulation.Walk.0.Effect4.FrameFiber.passPushed.match_1.eq_2	[]
_private.Effect4.Laws.Program.Simulation.Walk.0.Effect4.FrameFiber.passPushed.match_3.eq_1	[]
_private.Effect4.Laws.Program.Simulation.Walk.0.Effect4.FrameFiber.passPushed.match_3.eq_2	[]
_private.Effect4.Laws.Program.Simulation.Walk.0.Effect4.FrameFiber.pendingCause.match_1.eq_1	[]
_private.Effect4.Laws.Program.Simulation.Walk.0.Effect4.FrameFiber.pendingCause.match_1.eq_2	[]
_private.Effect4.Laws.Program.Simulation.Walk.0.Effect4.FramePop.deliveredExit.match_1.eq_1	[]
_private.Effect4.Laws.Program.Simulation.Walk.0.Effect4.FramePop.deliveredExit.match_1.eq_2	[]
_private.Effect4.Laws.Program.Simulation.Walk.0.Effect4.Program.Sched.GuardKind.hasExitArm.match_1.eq_1	[propext]
_private.Effect4.Laws.Program.Simulation.Walk.0.Effect4.Program.Sched.GuardKind.hasExitArm.match_1.eq_2	[propext]
_private.Effect4.Laws.Program.Simulation.Walk.0.Effect4.Program.Sched.GuardKind.hasExitArm.match_1.eq_3	[propext]
_private.Effect4.Laws.Program.Simulation.Walk.0.Effect4.Program.Sched.demandOf.match_1.eq_1	[]
_private.Effect4.Laws.Program.Simulation.Walk.0.Effect4.Program.Sched.demandOf.match_1.eq_2	[]
_private.Effect4.Laws.Program.Simulation.Walk.0.Effect4.Program.Sched.failingOf.match_1.eq_1	[propext]
_private.Effect4.Laws.Program.Simulation.Walk.0.Effect4.Program.Sched.failingOf.match_1.eq_2	[propext]
_private.Effect4.Laws.Program.Simulation.Walk.0.Effect4.Program.Sched.passPushed_carried_isSome	[propext]
_private.Effect4.Laws.Program.Simulation.Walk.0.Effect4.Program.Sched.pendingCause_present	[propext]
_private.Effect4.Laws.Program.Simulation.Walk.0.Effect4.Program.Sched.popFrom_carried_isSome	[propext, Quot.sound]
_private.Effect4.Laws.Program.Simulation.Walk.0.Effect4.Program.Sched.popR.match_1.eq_1	[propext]
_private.Effect4.Laws.Program.Simulation.Walk.0.Effect4.Program.Sched.popR.match_1.eq_2	[propext]
_private.Effect4.Laws.Program.Simulation.Walk.0.Effect4.Program.Sched.popR.match_10.eq_1	[propext]
_private.Effect4.Laws.Program.Simulation.Walk.0.Effect4.Program.Sched.popR.match_10.eq_2	[propext]
_private.Effect4.Laws.Program.Simulation.Walk.0.Effect4.Program.Sched.popR.match_10.eq_3	[propext]
_private.Effect4.Laws.Program.Simulation.Walk.0.Effect4.Program.Sched.popR.match_14.eq_1	[]
_private.Effect4.Laws.Program.Simulation.Walk.0.Effect4.Program.Sched.popR.match_14.eq_2	[]
_private.Effect4.Laws.Program.Simulation.Walk.0.Effect4.Program.Sched.popR.match_16.eq_1	[propext]
_private.Effect4.Laws.Program.Simulation.Walk.0.Effect4.Program.Sched.popR.match_16.eq_2	[propext]
_private.Effect4.Laws.Program.Simulation.Walk.0.Effect4.Program.Sched.popR.match_16.eq_3	[propext]
_private.Effect4.Laws.Program.Simulation.Walk.0.Effect4.Program.Sched.popR.match_18.eq_1	[propext]
_private.Effect4.Laws.Program.Simulation.Walk.0.Effect4.Program.Sched.popR.match_18.eq_2	[propext]
_private.Effect4.Laws.Program.Simulation.Walk.0.Effect4.Program.Sched.popR.match_20.eq_1	[propext]
_private.Effect4.Laws.Program.Simulation.Walk.0.Effect4.Program.Sched.popR.match_20.eq_2	[propext]
_private.Effect4.Laws.Program.Simulation.Walk.0.Effect4.Program.Sched.popR.match_20.eq_3	[propext]
_private.Effect4.Laws.Program.Simulation.Walk.0.Effect4.Program.Sched.popR.match_20.eq_4	[propext]
_private.Effect4.Laws.Program.Simulation.Walk.0.Effect4.Program.Sched.popR.match_20.eq_5	[propext]
_private.Effect4.Laws.Program.Simulation.Walk.0.Effect4.Program.Sched.popR.match_20.eq_6	[propext]
_private.Effect4.Laws.Program.Simulation.Walk.0.Effect4.Program.Sched.popR.match_20.eq_7	[propext]
_private.Effect4.Laws.Program.Simulation.Walk.0.Effect4.Program.Sched.popR.match_22.eq_1	[propext]
_private.Effect4.Laws.Program.Simulation.Walk.0.Effect4.Program.Sched.popR.match_22.eq_2	[propext]
_private.Effect4.Laws.Program.Simulation.Walk.0.Effect4.Program.Sched.popR.match_24.eq_1	[]
_private.Effect4.Laws.Program.Simulation.Walk.0.Effect4.Program.Sched.popR.match_24.eq_2	[]
_private.Effect4.Laws.Program.Simulation.Walk.0.Effect4.Program.Sched.popR.match_26.eq_1	[propext]
_private.Effect4.Laws.Program.Simulation.Walk.0.Effect4.Program.Sched.popR.match_26.eq_2	[propext]
_private.Effect4.Laws.Program.Simulation.Walk.0.Effect4.Program.Sched.popR.match_3.eq_1	[propext]
_private.Effect4.Laws.Program.Simulation.Walk.0.Effect4.Program.Sched.popR.match_3.eq_2	[propext]
_private.Effect4.Laws.Program.Simulation.Walk.0.Effect4.Program.Sched.popR.match_7.eq_1	[propext]
_private.Effect4.Laws.Program.Simulation.Walk.0.Effect4.Program.Sched.popR.match_7.eq_2	[propext]
_private.Effect4.Laws.Program.Simulation.Walk.0.Effect4.Program.Sched.skippedCause_isSome	[]
_private.Effect4.Laws.Program.Simulation.Walk.0.Effect4.Program.interpAt.match_1.eq_1	[propext]
_private.Effect4.Laws.Program.Simulation.Walk.0.Effect4.Program.interpAt.match_1.eq_2	[propext]
_private.Effect4.Laws.Program.Simulation.Walk.0.Effect4.Program.interpAt.match_1.eq_3	[propext]
_private.Effect4.Laws.Program.Simulation.Walk.0.Effect4.Program.interpAt.match_1.eq_4	[propext]
_private.Effect4.Laws.Program.Simulation.Walk.0.Effect4.Program.interpAt.match_10.eq_1	[propext]
_private.Effect4.Laws.Program.Simulation.Walk.0.Effect4.Program.interpAt.match_10.eq_2	[propext]
_private.Effect4.Laws.Program.Simulation.Walk.0.Effect4.Program.interpAt.match_4.eq_1	[propext]
_private.Effect4.Laws.Program.Simulation.Walk.0.Effect4.Program.interpAt.match_4.eq_2	[propext]
_private.Effect4.Laws.Program.Simulation.Walk.0.Effect4.Program.interpAt.match_4.eq_3	[propext]
_private.Effect4.Laws.Program.Simulation.Walk.0.Effect4.Program.interpAt.match_4.eq_4	[propext]
_private.Effect4.Laws.Program.Simulation.Walk.0.Effect4.Program.interpAt.match_7.eq_1	[propext]
_private.Effect4.Laws.Program.Simulation.Walk.0.Effect4.Program.interpAt.match_7.eq_2	[propext]
_private.Effect4.Laws.Program.Simulation.Walk.0.Effect4.Program.interpOf.match_1.eq_1	[propext]
_private.Effect4.Laws.Program.Simulation.Walk.0.Effect4.Program.interpOf.match_1.eq_2	[propext]
_private.Effect4.Laws.Program.Simulation.Walk.0.Effect4.Program.interpOf.match_11.eq_1	[propext]
_private.Effect4.Laws.Program.Simulation.Walk.0.Effect4.Program.interpOf.match_11.eq_2	[propext]
_private.Effect4.Laws.Program.Simulation.Walk.0.Effect4.Program.interpOf.match_11.eq_3	[propext]
_private.Effect4.Laws.Program.Simulation.Walk.0.Effect4.Program.interpOf.match_16.eq_1	[propext]
_private.Effect4.Laws.Program.Simulation.Walk.0.Effect4.Program.interpOf.match_16.eq_10	[propext]
_private.Effect4.Laws.Program.Simulation.Walk.0.Effect4.Program.interpOf.match_16.eq_11	[propext]
_private.Effect4.Laws.Program.Simulation.Walk.0.Effect4.Program.interpOf.match_16.eq_2	[propext]
_private.Effect4.Laws.Program.Simulation.Walk.0.Effect4.Program.interpOf.match_16.eq_3	[propext]
_private.Effect4.Laws.Program.Simulation.Walk.0.Effect4.Program.interpOf.match_16.eq_4	[propext]
_private.Effect4.Laws.Program.Simulation.Walk.0.Effect4.Program.interpOf.match_16.eq_5	[propext]
_private.Effect4.Laws.Program.Simulation.Walk.0.Effect4.Program.interpOf.match_16.eq_6	[propext]
_private.Effect4.Laws.Program.Simulation.Walk.0.Effect4.Program.interpOf.match_16.eq_7	[propext]
_private.Effect4.Laws.Program.Simulation.Walk.0.Effect4.Program.interpOf.match_16.eq_8	[propext]
_private.Effect4.Laws.Program.Simulation.Walk.0.Effect4.Program.interpOf.match_16.eq_9	[propext]
_private.Effect4.Laws.Program.Simulation.Walk.0.Effect4.Program.interpOf.match_20.eq_1	[propext]
_private.Effect4.Laws.Program.Simulation.Walk.0.Effect4.Program.interpOf.match_20.eq_2	[propext]
_private.Effect4.Laws.Program.Simulation.Walk.0.Effect4.Program.interpOf.match_20.eq_3	[propext]
_private.Effect4.Laws.Program.Simulation.Walk.0.Effect4.Program.interpOf.match_28.eq_1	[]
_private.Effect4.Laws.Program.Simulation.Walk.0.Effect4.Program.interpOf.match_28.eq_2	[]
_private.Effect4.Laws.Program.Simulation.Walk.0.Effect4.Program.interpOf.match_30.eq_1	[propext]
_private.Effect4.Laws.Program.Simulation.Walk.0.Effect4.Program.interpOf.match_30.eq_2	[propext]
_private.Effect4.Laws.Program.Simulation.Walk.0.Effect4.Program.interpOf.match_30.eq_3	[propext]
_private.Effect4.Laws.Program.Simulation.Walk.0.Effect4.Program.interpOf.match_30.eq_4	[propext]
_private.Effect4.Laws.Program.Simulation.Walk.0.Effect4.Program.interpOf.match_30.eq_5	[propext]
_private.Effect4.Laws.Program.Simulation.Walk.0.Effect4.Program.interpOf.match_38.eq_1	[propext]
_private.Effect4.Laws.Program.Simulation.Walk.0.Effect4.Program.interpOf.match_38.eq_2	[propext]
_private.Effect4.Laws.Program.Simulation.Walk.0.Effect4.Program.interpOf.match_38.eq_3	[propext]
_private.Effect4.Laws.Program.Simulation.Walk.0.Effect4.Program.interpOf.match_38.eq_4	[propext]
_private.Effect4.Laws.Program.Simulation.Walk.0.Effect4.Program.interpOf.match_38.eq_5	[propext]
_private.Effect4.Laws.Program.Simulation.Walk.0.Effect4.Program.interpOf.match_41.eq_1	[]
_private.Effect4.Laws.Program.Simulation.Walk.0.Effect4.Program.interpOf.match_41.eq_2	[]
_private.Effect4.Laws.Program.Simulation.Walk.0.Effect4.Program.interpOf.match_43.eq_1	[]
_private.Effect4.Laws.Program.Simulation.Walk.0.Effect4.Program.interpOf.match_43.eq_2	[]
_private.Effect4.Laws.Program.Simulation.Walk.0.Effect4.Program.interpOf.match_45.eq_1	[]
_private.Effect4.Laws.Program.Simulation.Walk.0.Effect4.Program.interpOf.match_45.eq_2	[]
_private.Effect4.Laws.Program.Simulation.Walk.0.Effect4.Program.interpOf.match_5.eq_1	[propext]
_private.Effect4.Laws.Program.Simulation.Walk.0.Effect4.Program.interpOf.match_5.eq_2	[propext]
_private.Effect4.Laws.Program.Simulation.Walk.0.Effect4.Program.interpOf.match_5.eq_3	[propext]
_private.Effect4.Laws.Program.Simulation.Walk.0.Effect4.Program.interpOf.match_8.eq_1	[propext]
_private.Effect4.Laws.Program.Simulation.Walk.0.Effect4.Program.interpOf.match_8.eq_2	[propext]
_private.Effect4.Machine.Cause.0.Effect4.Cause.combine_eq	[]
_private.Effect4.Machine.Cause.0.Effect4.Cause.dedup_append	[propext, Quot.sound]
_private.Effect4.Machine.Cause.0.Effect4.Cause.dedup_append._simp_1_1	[propext]
_private.Effect4.Machine.Cause.0.Effect4.Cause.dedup_append._simp_1_2	[propext]
_private.Effect4.Machine.Cause.0.Effect4.Cause.filter_ne_of_not_mem	[propext, Quot.sound]
_private.Effect4.Machine.Cause.0.Effect4.Cause.filter_not_mem	[propext]
_private.Effect4.Machine.Cause.0.Effect4.Cause.squashOf_ne_emptyCause	[]
_private.Effect4.Machine.Cause.0.Effect4.ReasonAnnotations.annotateEntries.match_1.eq_1	[]
_private.Effect4.Machine.Cause.0.Effect4.ReasonAnnotations.annotateEntries.match_1.eq_2	[]
_private.Effect4.Machine.Cause.0.Effect4.ReasonAnnotations.annotateEntries_keys	[propext]
_private.Effect4.Machine.Cause.0.Effect4.ReasonAnnotations.find_annotate	[propext]
_private.Effect4.Machine.Cause.0.Effect4.ReasonAnnotations.find_filter	[propext]
_private.Effect4.Machine.Cause.0.Effect4.ReasonAnnotations.lookup_annotate_cases	[propext, Quot.sound]
_private.Effect4.Machine.Cause.0.Effect4.ReasonAnnotations.map_fst_annotate	[]
_private.Effect4.Machine.Cause.0.Effect4.ReasonAnnotations.map_fst_filter	[propext]
_private.Effect4.Machine.Frames.0.Effect4.FrameEvent.poppedFrame?.match_1.eq_1	[]
_private.Effect4.Machine.Frames.0.Effect4.FrameEvent.poppedFrame?.match_1.eq_2	[]
_private.Effect4.Machine.Frames.0.Effect4.FrameEvent.poppedFrame?.match_1.eq_3	[]
_private.Effect4.Machine.Frames.0.Effect4.FrameEvent.poppedFrame?.match_1.eq_4	[]
_private.Effect4.Machine.Frames.0.Effect4.FrameEvent.poppedFrame?.match_1.eq_5	[]
_private.Effect4.Machine.Frames.0.Effect4.FrameEvent.poppedFrame?.match_1.eq_6	[]
_private.Effect4.Machine.Frames.0.Effect4.FrameEvent.poppedFrame?.match_1.eq_7	[]
_private.Effect4.Machine.Frames.0.Effect4.FrameFiber.answerOf_ne_deferred	[propext]
_private.Effect4.Machine.Frames.0.Effect4.FrameFiber.ensure_deferredInterrupt	[]
_private.Effect4.Machine.Frames.0.Effect4.FrameFiber.ensure_interruptedCause	[]
_private.Effect4.Machine.Frames.0.Effect4.FrameFiber.ensure_setInterruptible_fst	[propext]
_private.Effect4.Machine.Frames.0.Effect4.FrameFiber.joinPushed.match_1.eq_1	[propext]
_private.Effect4.Machine.Frames.0.Effect4.FrameFiber.joinPushed.match_1.eq_2	[propext]
_private.Effect4.Machine.Frames.0.Effect4.FrameFiber.joinPushed_skip_eq	[propext, Quot.sound]
_private.Effect4.Machine.Frames.0.Effect4.FrameFiber.passPushed.match_1.eq_1	[]
_private.Effect4.Machine.Frames.0.Effect4.FrameFiber.passPushed.match_1.eq_2	[]
_private.Effect4.Machine.Frames.0.Effect4.FrameFiber.passPushed.match_3.eq_1	[]
_private.Effect4.Machine.Frames.0.Effect4.FrameFiber.passPushed.match_3.eq_2	[]
_private.Effect4.Machine.Frames.0.Effect4.FrameFiber.passPushed_answer_ne_deferred	[propext]
_private.Effect4.Machine.Frames.0.Effect4.FrameFiber.passPushed_deferredInterrupt	[propext]
_private.Effect4.Machine.Frames.0.Effect4.FrameFiber.passPushed_interruptedCause	[propext]
_private.Effect4.Machine.Frames.0.Effect4.FrameFiber.passPushed_skip_all	[propext, Quot.sound]
_private.Effect4.Machine.Frames.0.Effect4.FrameFiber.passPushed_skip_eq_of_no_cause	[propext, Quot.sound]
_private.Effect4.Machine.Frames.0.Effect4.FrameFiber.pendingCause.match_1.eq_1	[]
_private.Effect4.Machine.Frames.0.Effect4.FrameFiber.pendingCause.match_1.eq_2	[]
_private.Effect4.Machine.Frames.0.Effect4.FrameFiber.popFrom_answer_hasArm_aux	[propext]
_private.Effect4.Machine.Frames.0.Effect4.FrameFiber.popFrom_popped_eq_events_aux	[propext, Quot.sound]
_private.Effect4.Machine.Frames.0.Effect4.FrameFiber.popFrom_ranContAll_aux	[propext]
_private.Effect4.Machine.Frames.0.Effect4.FrameFiber.popFrom_skip_all	[propext, Quot.sound]
_private.Effect4.Machine.Frames.0.Effect4.FrameFiber.popFrom_skip_eq_of_no_cause	[propext, Quot.sound]
_private.Effect4.Machine.Frames.0.Effect4.FrameFiber.poppedFrames_append	[propext]
_private.Effect4.Machine.Frames.0.Effect4.FrameFiber.resumeCause_uninterrupted	[propext, Quot.sound]
_private.Effect4.Machine.Frames.0.Effect4.FrameFiber.resumeValue.match_1.eq_1	[]
_private.Effect4.Machine.Frames.0.Effect4.FrameFiber.resumeValue.match_1.eq_2	[]
_private.Effect4.Machine.Frames.0.Effect4.FrameFiber.resumeValue.match_3.eq_1	[]
_private.Effect4.Machine.Frames.0.Effect4.FrameFiber.resumeValue.match_3.eq_2	[]
_private.Effect4.Machine.Frames.0.Effect4.FrameFiber.resumeValue.match_3.eq_3	[]
_private.Effect4.Machine.Frames.0.Effect4.FrameFiber.resumeValue.match_3.eq_4	[]
_private.Effect4.Machine.Frames.0.Effect4.FrameFiber.resumeValue_uninterrupted	[propext]
_private.Effect4.Machine.Frames.0.Effect4.FrameFiber.run.match_1.eq_1	[]
_private.Effect4.Machine.Frames.0.Effect4.FrameFiber.run.match_1.eq_2	[]
_private.Effect4.Machine.Frames.0.Effect4.FrameFiber.run.match_3.eq_1	[]
_private.Effect4.Machine.Frames.0.Effect4.FrameFiber.run.match_3.eq_2	[]
_private.Effect4.Machine.Frames.0.Effect4.FrameFiber.skippedCause.match_1.eq_1	[]
_private.Effect4.Machine.Frames.0.Effect4.FrameFiber.skippedCause.match_1.eq_2	[]
_private.Effect4.Machine.Frames.0.Effect4.FrameFiber.step.match_1.eq_1	[]
_private.Effect4.Machine.Frames.0.Effect4.FrameFiber.step.match_1.eq_10	[]
_private.Effect4.Machine.Frames.0.Effect4.FrameFiber.step.match_1.eq_11	[]
_private.Effect4.Machine.Frames.0.Effect4.FrameFiber.step.match_1.eq_12	[]
_private.Effect4.Machine.Frames.0.Effect4.FrameFiber.step.match_1.eq_13	[]
_private.Effect4.Machine.Frames.0.Effect4.FrameFiber.step.match_1.eq_14	[]
_private.Effect4.Machine.Frames.0.Effect4.FrameFiber.step.match_1.eq_15	[]
_private.Effect4.Machine.Frames.0.Effect4.FrameFiber.step.match_1.eq_16	[]
_private.Effect4.Machine.Frames.0.Effect4.FrameFiber.step.match_1.eq_17	[]
_private.Effect4.Machine.Frames.0.Effect4.FrameFiber.step.match_1.eq_18	[]
_private.Effect4.Machine.Frames.0.Effect4.FrameFiber.step.match_1.eq_2	[]
_private.Effect4.Machine.Frames.0.Effect4.FrameFiber.step.match_1.eq_3	[]
_private.Effect4.Machine.Frames.0.Effect4.FrameFiber.step.match_1.eq_4	[]
_private.Effect4.Machine.Frames.0.Effect4.FrameFiber.step.match_1.eq_5	[]
_private.Effect4.Machine.Frames.0.Effect4.FrameFiber.step.match_1.eq_6	[]
_private.Effect4.Machine.Frames.0.Effect4.FrameFiber.step.match_1.eq_7	[]
_private.Effect4.Machine.Frames.0.Effect4.FrameFiber.step.match_1.eq_8	[]
_private.Effect4.Machine.Frames.0.Effect4.FrameFiber.step.match_1.eq_9	[]
_private.Effect4.Machine.Frames.0.Effect4.Prim.answerOf.match_1.eq_1	[]
_private.Effect4.Machine.Frames.0.Effect4.Prim.answerOf.match_1.eq_2	[]
_private.Effect4.Machine.Frames.0.Effect4.Prim.armA.match_1.eq_1	[]
_private.Effect4.Machine.Frames.0.Effect4.Prim.armA.match_1.eq_2	[]
_private.Effect4.Machine.Frames.0.Effect4.Prim.armA.match_5.eq_1	[]
_private.Effect4.Machine.Frames.0.Effect4.Prim.armA.match_5.eq_10	[]
_private.Effect4.Machine.Frames.0.Effect4.Prim.armA.match_5.eq_11	[]
_private.Effect4.Machine.Frames.0.Effect4.Prim.armA.match_5.eq_12	[]
_private.Effect4.Machine.Frames.0.Effect4.Prim.armA.match_5.eq_13	[]
_private.Effect4.Machine.Frames.0.Effect4.Prim.armA.match_5.eq_14	[]
_private.Effect4.Machine.Frames.0.Effect4.Prim.armA.match_5.eq_15	[]
_private.Effect4.Machine.Frames.0.Effect4.Prim.armA.match_5.eq_16	[]
_private.Effect4.Machine.Frames.0.Effect4.Prim.armA.match_5.eq_17	[]
_private.Effect4.Machine.Frames.0.Effect4.Prim.armA.match_5.eq_18	[]
_private.Effect4.Machine.Frames.0.Effect4.Prim.armA.match_5.eq_2	[]
_private.Effect4.Machine.Frames.0.Effect4.Prim.armA.match_5.eq_3	[]
_private.Effect4.Machine.Frames.0.Effect4.Prim.armA.match_5.eq_4	[]
_private.Effect4.Machine.Frames.0.Effect4.Prim.armA.match_5.eq_5	[]
_private.Effect4.Machine.Frames.0.Effect4.Prim.armA.match_5.eq_6	[]
_private.Effect4.Machine.Frames.0.Effect4.Prim.armA.match_5.eq_7	[]
_private.Effect4.Machine.Frames.0.Effect4.Prim.armA.match_5.eq_8	[]
_private.Effect4.Machine.Frames.0.Effect4.Prim.armA.match_5.eq_9	[]
_private.Effect4.Machine.Frames.0.Effect4.Prim.armE.match_1.eq_1	[]
_private.Effect4.Machine.Frames.0.Effect4.Prim.armE.match_1.eq_10	[]
_private.Effect4.Machine.Frames.0.Effect4.Prim.armE.match_1.eq_11	[]
_private.Effect4.Machine.Frames.0.Effect4.Prim.armE.match_1.eq_12	[]
_private.Effect4.Machine.Frames.0.Effect4.Prim.armE.match_1.eq_13	[]
_private.Effect4.Machine.Frames.0.Effect4.Prim.armE.match_1.eq_14	[]
_private.Effect4.Machine.Frames.0.Effect4.Prim.armE.match_1.eq_15	[]
_private.Effect4.Machine.Frames.0.Effect4.Prim.armE.match_1.eq_16	[]
_private.Effect4.Machine.Frames.0.Effect4.Prim.armE.match_1.eq_17	[]
_private.Effect4.Machine.Frames.0.Effect4.Prim.armE.match_1.eq_18	[]
_private.Effect4.Machine.Frames.0.Effect4.Prim.armE.match_1.eq_2	[]
_private.Effect4.Machine.Frames.0.Effect4.Prim.armE.match_1.eq_3	[]
_private.Effect4.Machine.Frames.0.Effect4.Prim.armE.match_1.eq_4	[]
_private.Effect4.Machine.Frames.0.Effect4.Prim.armE.match_1.eq_5	[]
_private.Effect4.Machine.Frames.0.Effect4.Prim.armE.match_1.eq_6	[]
_private.Effect4.Machine.Frames.0.Effect4.Prim.armE.match_1.eq_7	[]
_private.Effect4.Machine.Frames.0.Effect4.Prim.armE.match_1.eq_8	[]
_private.Effect4.Machine.Frames.0.Effect4.Prim.armE.match_1.eq_9	[]
_private.Effect4.Machine.Frames.0.Effect4.Prim.arms.match_1.eq_1	[]
_private.Effect4.Machine.Frames.0.Effect4.Prim.arms.match_1.eq_10	[]
_private.Effect4.Machine.Frames.0.Effect4.Prim.arms.match_1.eq_11	[]
_private.Effect4.Machine.Frames.0.Effect4.Prim.arms.match_1.eq_12	[]
_private.Effect4.Machine.Frames.0.Effect4.Prim.arms.match_1.eq_13	[]
_private.Effect4.Machine.Frames.0.Effect4.Prim.arms.match_1.eq_14	[]
_private.Effect4.Machine.Frames.0.Effect4.Prim.arms.match_1.eq_15	[]
_private.Effect4.Machine.Frames.0.Effect4.Prim.arms.match_1.eq_16	[]
_private.Effect4.Machine.Frames.0.Effect4.Prim.arms.match_1.eq_17	[]
_private.Effect4.Machine.Frames.0.Effect4.Prim.arms.match_1.eq_18	[]
_private.Effect4.Machine.Frames.0.Effect4.Prim.arms.match_1.eq_2	[]
_private.Effect4.Machine.Frames.0.Effect4.Prim.arms.match_1.eq_3	[]
_private.Effect4.Machine.Frames.0.Effect4.Prim.arms.match_1.eq_4	[]
_private.Effect4.Machine.Frames.0.Effect4.Prim.arms.match_1.eq_5	[]
_private.Effect4.Machine.Frames.0.Effect4.Prim.arms.match_1.eq_6	[]
_private.Effect4.Machine.Frames.0.Effect4.Prim.arms.match_1.eq_7	[]
_private.Effect4.Machine.Frames.0.Effect4.Prim.arms.match_1.eq_8	[]
_private.Effect4.Machine.Frames.0.Effect4.Prim.arms.match_1.eq_9	[]
_private.Effect4.Machine.Frames.0.Effect4.Prim.asExit?.match_1.eq_1	[]
_private.Effect4.Machine.Frames.0.Effect4.Prim.asExit?.match_1.eq_10	[]
_private.Effect4.Machine.Frames.0.Effect4.Prim.asExit?.match_1.eq_11	[]
_private.Effect4.Machine.Frames.0.Effect4.Prim.asExit?.match_1.eq_12	[]
_private.Effect4.Machine.Frames.0.Effect4.Prim.asExit?.match_1.eq_13	[]
_private.Effect4.Machine.Frames.0.Effect4.Prim.asExit?.match_1.eq_14	[]
_private.Effect4.Machine.Frames.0.Effect4.Prim.asExit?.match_1.eq_15	[]
_private.Effect4.Machine.Frames.0.Effect4.Prim.asExit?.match_1.eq_16	[]
_private.Effect4.Machine.Frames.0.Effect4.Prim.asExit?.match_1.eq_17	[]
_private.Effect4.Machine.Frames.0.Effect4.Prim.asExit?.match_1.eq_18	[]
_private.Effect4.Machine.Frames.0.Effect4.Prim.asExit?.match_1.eq_2	[]
_private.Effect4.Machine.Frames.0.Effect4.Prim.asExit?.match_1.eq_3	[]
_private.Effect4.Machine.Frames.0.Effect4.Prim.asExit?.match_1.eq_4	[]
_private.Effect4.Machine.Frames.0.Effect4.Prim.asExit?.match_1.eq_5	[]
_private.Effect4.Machine.Frames.0.Effect4.Prim.asExit?.match_1.eq_6	[]
_private.Effect4.Machine.Frames.0.Effect4.Prim.asExit?.match_1.eq_7	[]
_private.Effect4.Machine.Frames.0.Effect4.Prim.asExit?.match_1.eq_8	[]
_private.Effect4.Machine.Frames.0.Effect4.Prim.asExit?.match_1.eq_9	[]
_private.Effect4.Machine.Frames.0.Effect4.Prim.ensure.match_1.eq_1	[]
_private.Effect4.Machine.Frames.0.Effect4.Prim.ensure.match_1.eq_10	[]
_private.Effect4.Machine.Frames.0.Effect4.Prim.ensure.match_1.eq_11	[]
_private.Effect4.Machine.Frames.0.Effect4.Prim.ensure.match_1.eq_12	[]
_private.Effect4.Machine.Frames.0.Effect4.Prim.ensure.match_1.eq_13	[]
_private.Effect4.Machine.Frames.0.Effect4.Prim.ensure.match_1.eq_14	[]
_private.Effect4.Machine.Frames.0.Effect4.Prim.ensure.match_1.eq_15	[]
_private.Effect4.Machine.Frames.0.Effect4.Prim.ensure.match_1.eq_16	[]
_private.Effect4.Machine.Frames.0.Effect4.Prim.ensure.match_1.eq_17	[]
_private.Effect4.Machine.Frames.0.Effect4.Prim.ensure.match_1.eq_18	[]
_private.Effect4.Machine.Frames.0.Effect4.Prim.ensure.match_1.eq_2	[]
_private.Effect4.Machine.Frames.0.Effect4.Prim.ensure.match_1.eq_3	[]
_private.Effect4.Machine.Frames.0.Effect4.Prim.ensure.match_1.eq_4	[]
_private.Effect4.Machine.Frames.0.Effect4.Prim.ensure.match_1.eq_5	[]
_private.Effect4.Machine.Frames.0.Effect4.Prim.ensure.match_1.eq_6	[]
_private.Effect4.Machine.Frames.0.Effect4.Prim.ensure.match_1.eq_7	[]
_private.Effect4.Machine.Frames.0.Effect4.Prim.ensure.match_1.eq_8	[]
_private.Effect4.Machine.Frames.0.Effect4.Prim.ensure.match_1.eq_9	[]
_private.Effect4.Machine.Frames.0.Effect4.Prim.finalizerEvents.match_1.eq_1	[]
_private.Effect4.Machine.Frames.0.Effect4.Prim.finalizerEvents.match_1.eq_10	[]
_private.Effect4.Machine.Frames.0.Effect4.Prim.finalizerEvents.match_1.eq_11	[]
_private.Effect4.Machine.Frames.0.Effect4.Prim.finalizerEvents.match_1.eq_12	[]
_private.Effect4.Machine.Frames.0.Effect4.Prim.finalizerEvents.match_1.eq_13	[]
_private.Effect4.Machine.Frames.0.Effect4.Prim.finalizerEvents.match_1.eq_14	[]
_private.Effect4.Machine.Frames.0.Effect4.Prim.finalizerEvents.match_1.eq_15	[]
_private.Effect4.Machine.Frames.0.Effect4.Prim.finalizerEvents.match_1.eq_16	[]
_private.Effect4.Machine.Frames.0.Effect4.Prim.finalizerEvents.match_1.eq_17	[]
_private.Effect4.Machine.Frames.0.Effect4.Prim.finalizerEvents.match_1.eq_18	[]
_private.Effect4.Machine.Frames.0.Effect4.Prim.finalizerEvents.match_1.eq_2	[]
_private.Effect4.Machine.Frames.0.Effect4.Prim.finalizerEvents.match_1.eq_3	[]
_private.Effect4.Machine.Frames.0.Effect4.Prim.finalizerEvents.match_1.eq_4	[]
_private.Effect4.Machine.Frames.0.Effect4.Prim.finalizerEvents.match_1.eq_5	[]
_private.Effect4.Machine.Frames.0.Effect4.Prim.finalizerEvents.match_1.eq_6	[]
_private.Effect4.Machine.Frames.0.Effect4.Prim.finalizerEvents.match_1.eq_7	[]
_private.Effect4.Machine.Frames.0.Effect4.Prim.finalizerEvents.match_1.eq_8	[]
_private.Effect4.Machine.Frames.0.Effect4.Prim.finalizerEvents.match_1.eq_9	[]
_private.Effect4.Machine.Frames.0.Effect4.Prim.passEvents.match_1.eq_1	[propext]
_private.Effect4.Machine.Frames.0.Effect4.Prim.passEvents.match_1.eq_2	[propext]
_private.Effect4.Program.Compile.0.Effect4.Program.Point.awaitExit.match_1.eq_1	[]
_private.Effect4.Program.Compile.0.Effect4.Program.Point.awaitExit.match_1.eq_2	[]
_private.Effect4.Program.Compile.0.Effect4.Program.asyncRoute.match_1.eq_1	[]
_private.Effect4.Program.Compile.0.Effect4.Program.asyncRoute.match_1.eq_2	[]
_private.Effect4.Program.Compile.0.Effect4.Program.runStmts.match_1.eq_1	[]
_private.Effect4.Program.Compile.0.Effect4.Program.runStmts.match_1.eq_2	[]
_private.Effect4.Program.Compile.0.Effect4.Program.runStmts.match_10.eq_1	[]
_private.Effect4.Program.Compile.0.Effect4.Program.runStmts.match_10.eq_2	[]
_private.Effect4.Program.Compile.0.Effect4.Program.runStmts.match_10.eq_3	[]
_private.Effect4.Program.Compile.0.Effect4.Program.runStmts.match_12._arg_pusher	[]
_private.Effect4.Program.Compile.0.Effect4.Program.runStmts.match_12.eq_1	[]
_private.Effect4.Program.Compile.0.Effect4.Program.runStmts.match_12.eq_2	[]
_private.Effect4.Program.Compile.0.Effect4.Program.runStmts.match_3.eq_1	[propext]
_private.Effect4.Program.Compile.0.Effect4.Program.runStmts.match_3.eq_2	[propext]
_private.Effect4.Program.Compile.0.Effect4.Program.runStmts.match_3.eq_3	[propext]
_private.Effect4.Program.Compile.0.Effect4.Program.runStmts.match_6.eq_1	[]
_private.Effect4.Program.Compile.0.Effect4.Program.runStmts.match_6.eq_2	[]
_private.Effect4.Program.Compile.0.Effect4.Program.runStmts.match_8.eq_1	[]
_private.Effect4.Program.Compile.0.Effect4.Program.runStmts.match_8.eq_2	[]
_private.Effect4.Program.Compile.0.Effect4.Program.runStmts.match_8.eq_3	[]
_private.Effect4.Program.Compile.0.Effect4.Program.runStmts.match_8.eq_4	[]
_private.Effect4.Program.Compile.0.Effect4.Program.runStmts.match_8.eq_5	[]
_private.Effect4.Program.Compile.0.Effect4.Program.runStmts.match_8.eq_6	[]
_private.Effect4.Program.Compile.0.Effect4.Program.runStmts.yieldOf.match_1.eq_1	[propext]
_private.Effect4.Program.Compile.0.Effect4.Program.runStmts.yieldOf.match_1.eq_2	[propext]
_private.Effect4.Program.Compile.0.Effect4.Program.runStmts.yieldOf.match_1.eq_3	[propext]
_private.Effect4.Program.Compile.0.PSigma.casesOn._arg_pusher	[]
_private.Effect4.Program.Compile.0.PSum.casesOn._arg_pusher	[]
_private.Test.Counterexamples.Machine.Semantics.InterruptCarrier.0.Effect4.FrameFiber.resumeValue.match_1.eq_1	[]
_private.Test.Counterexamples.Machine.Semantics.InterruptCarrier.0.Effect4.FrameFiber.resumeValue.match_1.eq_2	[]
_private.Test.Counterexamples.Machine.Semantics.InterruptCarrier.0.Effect4.FrameFiber.resumeValue.match_3.eq_1	[]
_private.Test.Counterexamples.Machine.Semantics.InterruptCarrier.0.Effect4.FrameFiber.resumeValue.match_3.eq_2	[]
_private.Test.Counterexamples.Machine.Semantics.InterruptCarrier.0.Effect4.FrameFiber.resumeValue.match_3.eq_3	[]
_private.Test.Counterexamples.Machine.Semantics.InterruptCarrier.0.Effect4.FrameFiber.resumeValue.match_3.eq_4	[]
_private.Test.Machine.Runtime.LiveStackContract.0.Test.Runtime.LiveStackContract.notes._proof_1	[]
