/Users/pooks/Dev/lean4-effect4/docs/research/2026-10-01-formal-pass/types/verify-AmendedFitsProbe.lean:422:19: error: Insufficient number of fields for `⟨...⟩` constructor: Constructor `Iff.intro` has 2 explicit field, but only 1 was provided
/Users/pooks/Dev/lean4-effect4/docs/research/2026-10-01-formal-pass/types/verify-AmendedFitsProbe.lean:422:59: error(lean.invalidField): Invalid field notation: Type of
  h
is not known; cannot resolve field `elim`

Hint: Consider replacing the field projection with a call to one of the following:
  • `And.elim`
  • `Empty.elim`
  • `Exists.elim`
  • `False.elim`
  • `HEq.elim`
  • `Iff.elim`
  • `Nonempty.elim`
  • `Not.elim`
  • `Option.elim`
  • `Or.elim`
  • `PEmpty.elim`
  • `Subsingleton.elim`
  • `Sum.elim`
  • `Aesop.Goal.elim`
  • `Aesop.MVarCluster.elim`
  • `Aesop.Rapp.elim`
  • `Bool.false.elim`
  • `Bool.true.elim`
  • `DoResultBC.break.elim`
  • `DoResultBC.continue.elim`
  • `DoResultPR.pure.elim`
  • `DoResultPR.return.elim`
  • `DoResultPRBC.break.elim`
  • `DoResultPRBC.continue.elim`
  • `DoResultPRBC.pure.elim`
  • `DoResultPRBC.return.elim`
  • `DoResultSBC.break.elim`
  • `DoResultSBC.continue.elim`
  • `DoResultSBC.pureReturn.elim`
  • `Dyadic.ofOdd.elim`
  • `Dyadic.zero.elim`
  • `Except.error.elim`
  • `Except.ok.elim`
  • `ForInStep.done.elim`
  • `ForInStep.yield.elim`
  • `Int.NonNeg.elim`
  • `Int.negSucc.elim`
  • `Int.ofNat.elim`
  • `List.cons.elim`
  • `List.nil.elim`
  • `Nat.sub.elim`
  • `Nat.succ.elim`
  • `Nat.zero.elim`
  • `Option.none.elim`
  • `Option.some.elim`
  • `Ordering.eq.elim`
  • `Ordering.gt.elim`
  • `Ordering.lt.elim`
  • `PSum.inl.elim`
  • `PSum.inr.elim`
  • `Std.MaxEqOr.elim`
  • `Std.MinEqOr.elim`
  • `Sum.inl.elim`
  • `Sum.inr.elim`
  • `Aesop.BaseRuleSetMember.normForwardRule.elim`
  • `Aesop.BaseRuleSetMember.normRule.elim`
  • `Aesop.BaseRuleSetMember.safeForwardRule.elim`
  • `Aesop.BaseRuleSetMember.safeRule.elim`
  • `Aesop.BaseRuleSetMember.unfoldRule.elim`
  • `Aesop.BaseRuleSetMember.unsafeForwardRule.elim`
  • `Aesop.BaseRuleSetMember.unsafeRule.elim`
  • `Aesop.BuilderName.apply.elim`
  • `Aesop.BuilderName.cases.elim`
  • `Aesop.BuilderName.constructors.elim`
  • `Aesop.BuilderName.destruct.elim`
  • `Aesop.BuilderName.forward.elim`
  • `Aesop.BuilderName.simp.elim`
  • `Aesop.BuilderName.tactic.elim`
  • `Aesop.BuilderName.unfold.elim`
  • `Aesop.CasesTarget.decl.elim`
  • `Aesop.CasesTarget.patterns.elim`
  • `Aesop.CasesTarget'.decl.elim`
  • `Aesop.CasesTarget'.patterns.elim`
  • `Aesop.DisplayRuleName.normSimp.elim`
  • `Aesop.DisplayRuleName.normUnfold.elim`
  • `Aesop.DisplayRuleName.ruleName.elim`
  • `Aesop.ElabRuleTerm.const.elim`
  • `Aesop.ElabRuleTerm.term.elim`
  • `Aesop.ForwardRulePriority.normSafe.elim`
  • `Aesop.ForwardRulePriority.unsafe.elim`
  • `Aesop.GlobalRuleSetMember.base.elim`
  • `Aesop.GlobalRuleSetMember.normSimpRule.elim`
  • `Aesop.GoalKind.postNorm.elim`
  • `Aesop.GoalKind.preNorm.elim`
  • `Aesop.GoalOrigin.copied.elim`
  • `Aesop.GoalOrigin.droppedMVar.elim`
  • `Aesop.GoalOrigin.subgoal.elim`
  • `Aesop.GoalState.provenByNormalization.elim`
  • `Aesop.GoalState.provenByRuleApplication.elim`
  • `Aesop.GoalState.unknown.elim`
  • `Aesop.GoalState.unprovable.elim`
  • `Aesop.IndexMatchLocation.hyp.elim`
  • `Aesop.IndexMatchLocation.none.elim`
  • `Aesop.IndexMatchLocation.target.elim`
  • `Aesop.IndexingMode.hyps.elim`
  • `Aesop.IndexingMode.or.elim`
  • `Aesop.IndexingMode.target.elim`
  • `Aesop.IndexingMode.unindexed.elim`
  • `Aesop.LocalRuleSetMember.global.elim`
  • `Aesop.LocalRuleSetMember.localNormSimpRule.elim`
  • `Aesop.NodeState.proven.elim`
  • `Aesop.NodeState.unknown.elim`
  • `Aesop.NodeState.unprovable.elim`
  • `Aesop.NormRuleResult.proved.elim`
  • `Aesop.NormRuleResult.succeeded.elim`
  • `Aesop.NormSeqResult.changed.elim`
  • `Aesop.NormSeqResult.proved.elim`
  • `Aesop.NormSeqResult.unchanged.elim`
  • `Aesop.NormalizationState.normal.elim`
  • `Aesop.NormalizationState.notNormal.elim`
  • `Aesop.NormalizationState.provenByNormalization.elim`
  • `Aesop.PatSubstSource.hyp.elim`
  • `Aesop.PatSubstSource.target.elim`
  • `Aesop.PhaseName.norm.elim`
  • `Aesop.PhaseName.safe.elim`
  • `Aesop.PhaseName.unsafe.elim`
  • `Aesop.PhaseSpec.norm.elim`
  • `Aesop.PhaseSpec.safe.elim`
  • `Aesop.PhaseSpec.unsafe.elim`
  • `Aesop.RawHyp.fvarId.elim`
  • `Aesop.RawHyp.patSubst.elim`
  • `Aesop.RegularRule.safe.elim`
  • `Aesop.RegularRule.unsafe.elim`
  • `Aesop.RuleResult.failed.elim`
  • `Aesop.RuleResult.proved.elim`
  • `Aesop.RuleResult.succeeded.elim`
  • `Aesop.RuleTacDescr.apply.elim`
  • `Aesop.RuleTacDescr.cases.elim`
  • `Aesop.RuleTacDescr.constructors.elim`
  • `Aesop.RuleTacDescr.forward.elim`
  • `Aesop.RuleTacDescr.forwardMatches.elim`
  • `Aesop.RuleTacDescr.preprocess.elim`
  • `Aesop.RuleTacDescr.ruleTac.elim`
  • `Aesop.RuleTacDescr.singleRuleTac.elim`
  • `Aesop.RuleTacDescr.tacGen.elim`
  • `Aesop.RuleTacDescr.tacticM.elim`
  • `Aesop.RuleTacDescr.tacticStx.elim`
  • `Aesop.RuleTerm.const.elim`
  • `Aesop.RuleTerm.term.elim`
  • `Aesop.SafeRuleResult.postponed.elim`
  • `Aesop.SafeRuleResult.regular.elim`
  • `Aesop.SafeRulesResult.failed.elim`
  • `Aesop.SafeRulesResult.proved.elim`
  • `Aesop.SafeRulesResult.skipped.elim`
  • `Aesop.SafeRulesResult.succeeded.elim`
  • `Aesop.Safety.almostSafe.elim`
  • `Aesop.Safety.safe.elim`
  • `Aesop.ScopeName.global.elim`
  • `Aesop.ScopeName.local.elim`
  • `Aesop.SimpResult.simplified.elim`
  • `Aesop.SimpResult.solved.elim`
  • `Aesop.SimpResult.unchanged.elim`
  • `Aesop.Strategy.bestFirst.elim`
  • `Aesop.Strategy.breadthFirst.elim`
  • `Aesop.Strategy.depthFirst.elim`
  • `Aesop.TreeRef.goal.elim`
  • `Aesop.TreeRef.mvarCluster.elim`
  • `Aesop.TreeRef.rapp.elim`
  • `Aesop.UnsafeQueueEntry.postponedSafeRule.elim`
  • `Aesop.UnsafeQueueEntry.unsafeRule.elim`
  • `EST.Out.error.elim`
  • `EST.Out.ok.elim`
  • `EStateM.Result.error.elim`
  • `EStateM.Result.ok.elim`
  • `Arm.contA.elim`
  • `Arm.contAll.elim`
  • `Arm.contE.elim`
  • `Check.filter.elim`
  • `Check.filterGroup.elim`
  • `CheckTag.filter.elim`
  • `CheckTag.filterGroup.elim`
  • `ClockMillis.positive.elim`
  • `ClockMillis.zero.elim`
  • `ContAnswer.deferred.elim`
  • `ContAnswer.empty.elim`
  • `ContAnswer.frame.elim`
  • `ContAnswer.replacement.elim`
  • `EnumValue.number.elim`
  • `EnumValue.string.elim`
  • `EnumValueKind.number.elim`
  • `EnumValueKind.string.elim`
  • `Exit.failure.elim`
  • `Exit.success.elim`
  • `FinalizerStrategy.parallel.elim`
  • `FinalizerStrategy.sequential.elim`
  • `FrameEvent.deferred.elim`
  • `FrameEvent.popped.elim`
  • `FrameEvent.pushed.elim`
  • `FrameEvent.ranContAll.elim`
  • `FrameEvent.ranFinalizer.elim`
  • `FrameEvent.substituted.elim`
  • `FrameEvent.yielded.elim`
  • `FrameStep.finished.elim`
  • `FrameStep.running.elim`
  • `IterStep.done.elim`
  • `IterStep.halt.elim`
  • `IterStep.resume.elim`
  • `Json.arr.elim`
  • `Json.bool.elim`
  • `Json.null.elim`
  • `Json.number.elim`
  • `Json.obj.elim`
  • `Json.str.elim`
  • `LiteralKind.bigint.elim`
  • `LiteralKind.boolean.elim`
  • `LiteralKind.number.elim`
  • `LiteralKind.string.elim`
  • `LiteralValue.bigint.elim`
  • `LiteralValue.boolean.elim`
  • `LiteralValue.number.elim`
  • `LiteralValue.string.elim`
  • `LoopNext.continue.elim`
  • `LoopNext.finish.elim`
  • `Prim.async.elim`
  • `Prim.asyncFinalizer.elim`
  • `Prim.exitFrame.elim`
  • `Prim.failure.elim`
  • `Prim.iterator.elim`
  • `Prim.onExit.elim`
  • `Prim.onFailure.elim`
  • `Prim.onSuccess.elim`
  • `Prim.onSuccessAndFailure.elim`
  • `Prim.onSuccessConst.elim`
  • `Prim.setInterruptible.elim`
  • `Prim.success.elim`
  • `Prim.suspend.elim`
  • `Prim.sync.elim`
  • `Prim.whileLoop.elim`
  • `Prim.withFiber.elim`
  • `Prim.yieldNowWith.elim`
  • `Prim.yieldableError.elim`
  • `PropertyKey.globalSymbol.elim`
  • `PropertyKey.number.elim`
  • `PropertyKey.string.elim`
  • `PropertyKeyKind.globalSymbol.elim`
  • `PropertyKeyKind.number.elim`
  • `PropertyKeyKind.string.elim`
  • `Reason.die.elim`
  • `Reason.fail.elim`
  • `Reason.interrupt.elim`
  • `ReasonTag.die.elim`
  • `ReasonTag.fail.elim`
  • `ReasonTag.interrupt.elim`
  • `Representation.any.elim`
  • `Representation.arrays.elim`
  • `Representation.bigint.elim`
  • `Representation.boolean.elim`
  • `Representation.declaration.elim`
  • `Representation.enum.elim`
  • `Representation.literal.elim`
  • `Representation.never.elim`
  • `Representation.null.elim`
  • `Representation.number.elim`
  • `Representation.objectKeyword.elim`
  • `Representation.objects.elim`
  • `Representation.reference.elim`
  • `Representation.string.elim`
  • `Representation.suspend.elim`
  • `Representation.symbol.elim`
  • `Representation.templateLiteral.elim`
  • `Representation.undefined.elim`
  • `Representation.union.elim`
  • `Representation.uniqueSymbol.elim`
  • `Representation.unknown.elim`
  • `Representation.void.elim`
  • `RepresentationFam.check.elim`
  • `RepresentationFam.representation.elim`
  • `RepresentationTag.any.elim`
  • `RepresentationTag.arrays.elim`
  • `RepresentationTag.bigint.elim`
  • `RepresentationTag.boolean.elim`
  • `RepresentationTag.declaration.elim`
  • `RepresentationTag.enum.elim`
  • `RepresentationTag.literal.elim`
  • `RepresentationTag.never.elim`
  • `RepresentationTag.null.elim`
  • `RepresentationTag.number.elim`
  • `RepresentationTag.objectKeyword.elim`
  • `RepresentationTag.objects.elim`
  • `RepresentationTag.reference.elim`
  • `RepresentationTag.string.elim`
  • `RepresentationTag.suspend.elim`
  • `RepresentationTag.symbol.elim`
  • `RepresentationTag.templateLiteral.elim`
  • `RepresentationTag.undefined.elim`
  • `RepresentationTag.union.elim`
  • `RepresentationTag.uniqueSymbol.elim`
  • `RepresentationTag.unknown.elim`
  • `RepresentationTag.void.elim`
  • `ScopeState.closed.elim`
  • `ScopeState.empty.elim`
  • `ScopeState.openEmpty.elim`
  • `ScopeState.openInline.elim`
  • `ScopeState.openMap.elim`
  • `Squashed.defect.elim`
  • `Squashed.emptyCause.elim`
  • `Squashed.error.elim`
  • `Squashed.interruptedWithoutError.elim`
  • `UnionMode.anyOf.elim`
  • `UnionMode.oneOf.elim`
  • `Effects.Program.pure.elim`
  • `Effects.Program.vis.elim`
  • `IO.Error.alreadyExists.elim`
  • `IO.Error.hardwareFault.elim`
  • `IO.Error.illegalOperation.elim`
  • `IO.Error.inappropriateType.elim`
  • `IO.Error.interrupted.elim`
  • `IO.Error.invalidArgument.elim`
  • `IO.Error.noFileOrDirectory.elim`
  • `IO.Error.noSuchThing.elim`
  • `IO.Error.otherError.elim`
  • `IO.Error.permissionDenied.elim`
  • `IO.Error.protocolError.elim`
  • `IO.Error.resourceBusy.elim`
  • `IO.Error.resourceExhausted.elim`
  • `IO.Error.resourceVanished.elim`
  • `IO.Error.timeExpired.elim`
  • `IO.Error.unexpectedEof.elim`
  • `IO.Error.unsatisfiedConstraints.elim`
  • `IO.Error.unsupportedOperation.elim`
  • `IO.Error.userError.elim`
  • `IO.TaskState.finished.elim`
  • `IO.TaskState.running.elim`
  • `IO.TaskState.waiting.elim`
  • `Lean.AssocList.cons.elim`
  • `Lean.AssocList.nil.elim`
  • `Lean.AsyncBranch.asyncEnv.elim`
  • `Lean.AsyncBranch.mainEnv.elim`
  • `Lean.AsyncList.cons.elim`
  • `Lean.AsyncList.delayed.elim`
  • `Lean.AsyncList.nil.elim`
  • `Lean.AttributeApplicationTime.afterCompilation.elim`
  • `Lean.AttributeApplicationTime.afterTypeChecking.elim`
  • `Lean.AttributeApplicationTime.beforeElaboration.elim`
  • `Lean.AttributeKind.global.elim`
  • `Lean.AttributeKind.local.elim`
  • `Lean.AttributeKind.scoped.elim`
  • `Lean.BinderInfo.default.elim`
  • `Lean.BinderInfo.implicit.elim`
  • `Lean.BinderInfo.instImplicit.elim`
  • `Lean.BinderInfo.strictImplicit.elim`
  • `Lean.CasesAltInfo.ctor.elim`
  • `Lean.CasesAltInfo.default.elim`
  • `Lean.ConstantInfo.axiomInfo.elim`
  • `Lean.ConstantInfo.ctorInfo.elim`
  • `Lean.ConstantInfo.defnInfo.elim`
  • `Lean.ConstantInfo.inductInfo.elim`
  • `Lean.ConstantInfo.opaqueInfo.elim`
  • `Lean.ConstantInfo.quotInfo.elim`
  • `Lean.ConstantInfo.recInfo.elim`
  • `Lean.ConstantInfo.thmInfo.elim`
  • `Lean.ConstantKind.axiom.elim`
  • `Lean.ConstantKind.ctor.elim`
  • `Lean.ConstantKind.defn.elim`
  • `Lean.ConstantKind.induct.elim`
  • `Lean.ConstantKind.opaque.elim`
  • `Lean.ConstantKind.quot.elim`
  • `Lean.ConstantKind.recursor.elim`
  • `Lean.ConstantKind.thm.elim`
  • `Lean.DataValue.ofBool.elim`
  • `Lean.DataValue.ofInt.elim`
  • `Lean.DataValue.ofName.elim`
  • `Lean.DataValue.ofNat.elim`
  • `Lean.DataValue.ofString.elim`
  • `Lean.DataValue.ofSyntax.elim`
  • `Lean.Declaration.axiomDecl.elim`
  • `Lean.Declaration.defnDecl.elim`
  • `Lean.Declaration.inductDecl.elim`
  • `Lean.Declaration.mutualDefnDecl.elim`
  • `Lean.Declaration.opaqueDecl.elim`
  • `Lean.Declaration.quotDecl.elim`
  • `Lean.Declaration.thmDecl.elim`
  • `Lean.DefinitionSafety.partial.elim`
  • `Lean.DefinitionSafety.safe.elim`
  • `Lean.DefinitionSafety.unsafe.elim`
  • `Lean.ElabBlock.custom.elim`
  • `Lean.ElabBlock.deferred.elim`
  • `Lean.ElabInline.custom.elim`
  • `Lean.ElabInline.deferred.elim`
  • `Lean.Exception.error.elim`
  • `Lean.Exception.internal.elim`
  • `Lean.Expr.app.elim`
  • `Lean.Expr.bvar.elim`
  • `Lean.Expr.const.elim`
  • `Lean.Expr.forallE.elim`
  • `Lean.Expr.fvar.elim`
  • `Lean.Expr.lam.elim`
  • `Lean.Expr.letE.elim`
  • `Lean.Expr.lit.elim`
  • `Lean.Expr.mdata.elim`
  • `Lean.Expr.mvar.elim`
  • `Lean.Expr.proj.elim`
  • `Lean.Expr.sort.elim`
  • `Lean.ExternEntry.adhoc.elim`
  • `Lean.ExternEntry.inline.elim`
  • `Lean.ExternEntry.opaque.elim`
  • `Lean.ExternEntry.standard.elim`
  • `Lean.HeadIndex.const.elim`
  • `Lean.HeadIndex.forallE.elim`
  • `Lean.HeadIndex.fvar.elim`
  • `Lean.HeadIndex.lam.elim`
  • `Lean.HeadIndex.lit.elim`
  • `Lean.HeadIndex.mvar.elim`
  • `Lean.HeadIndex.proj.elim`
  • `Lean.HeadIndex.sort.elim`
  • `Lean.IRPhases.all.elim`
  • `Lean.IRPhases.comptime.elim`
  • `Lean.IRPhases.runtime.elim`
  • `Lean.Json.arr.elim`
  • `Lean.Json.bool.elim`
  • `Lean.Json.null.elim`
  • `Lean.Json.num.elim`
  • `Lean.Json.obj.elim`
  • `Lean.Json.str.elim`
  • `Lean.LBool.false.elim`
  • `Lean.LBool.true.elim`
  • `Lean.LBool.undef.elim`
  • `Lean.LOption.none.elim`
  • `Lean.LOption.some.elim`
  • `Lean.LOption.undef.elim`
  • `Lean.LeanOptionValue.ofBool.elim`
  • `Lean.LeanOptionValue.ofNat.elim`
  • `Lean.LeanOptionValue.ofString.elim`
  • `Lean.Level.imax.elim`
  • `Lean.Level.max.elim`
  • `Lean.Level.mvar.elim`
  • `Lean.Level.param.elim`
  • `Lean.Level.succ.elim`
  • `Lean.Level.zero.elim`
  • `Lean.Literal.natVal.elim`
  • `Lean.Literal.strVal.elim`
  • `Lean.LocalDecl.cdecl.elim`
  • `Lean.LocalDecl.ldecl.elim`
  • `Lean.LocalDeclKind.auxDecl.elim`
  • `Lean.LocalDeclKind.default.elim`
  • `Lean.LocalDeclKind.implDetail.elim`
  • `Lean.MessageData.compose.elim`
  • `Lean.MessageData.group.elim`
  • `Lean.MessageData.nest.elim`
  • `Lean.MessageData.ofFormatWithInfos.elim`
  • `Lean.MessageData.ofGoal.elim`
  • `Lean.MessageData.ofLazy.elim`
  • `Lean.MessageData.ofOriginatingSyntax.elim`
  • `Lean.MessageData.ofWidget.elim`
  • `Lean.MessageData.tagged.elim`
  • `Lean.MessageData.trace.elim`
  • `Lean.MessageData.withContext.elim`
  • `Lean.MessageData.withNamingContext.elim`
  • `Lean.MessageSeverity.error.elim`
  • `Lean.MessageSeverity.information.elim`
  • `Lean.MessageSeverity.warning.elim`
  • `Lean.Meta.ElimEmptyInductive.elim`
  • `Lean.MetavarKind.natural.elim`
  • `Lean.MetavarKind.synthetic.elim`
  • `Lean.MetavarKind.syntheticOpaque.elim`
  • `Lean.Name.anonymous.elim`
  • `Lean.Name.num.elim`
  • `Lean.Name.str.elim`
  • `Lean.NamePart.num.elim`
  • `Lean.NamePart.str.elim`
  • `Lean.NoConfusionInfo.perCtor.elim`
  • `Lean.NoConfusionInfo.regular.elim`
  • `Lean.OLeanLevel.exported.elim`
  • `Lean.OLeanLevel.private.elim`
  • `Lean.OLeanLevel.server.elim`
  • `Lean.OpenDecl.explicit.elim`
  • `Lean.OpenDecl.simple.elim`
  • `Lean.ParserDescr.binary.elim`
  • `Lean.ParserDescr.cat.elim`
  • `Lean.ParserDescr.const.elim`
  • `Lean.ParserDescr.node.elim`
  • `Lean.ParserDescr.nodeWithAntiquot.elim`
  • `Lean.ParserDescr.nonReservedSymbol.elim`
  • `Lean.ParserDescr.parser.elim`
  • `Lean.ParserDescr.sepBy.elim`
  • `Lean.ParserDescr.sepBy1.elim`
  • `Lean.ParserDescr.symbol.elim`
  • `Lean.ParserDescr.trailingNode.elim`
  • `Lean.ParserDescr.unary.elim`
  • `Lean.ParserDescr.unicodeSymbol.elim`
  • `Lean.PersistentArrayNode.leaf.elim`
  • `Lean.PersistentArrayNode.node.elim`
  • `Lean.QuotKind.ctor.elim`
  • `Lean.QuotKind.ind.elim`
  • `Lean.QuotKind.lift.elim`
  • `Lean.QuotKind.type.elim`
  • `Lean.RArray.branch.elim`
  • `Lean.RArray.leaf.elim`
  • `Lean.RBColor.black.elim`
  • `Lean.RBColor.red.elim`
  • `Lean.RBNode.leaf.elim`
  • `Lean.RBNode.node.elim`
  • `Lean.ReducibilityHints.abbrev.elim`
  • `Lean.ReducibilityHints.opaque.elim`
  • `Lean.ReducibilityHints.regular.elim`
  • `Lean.ReducibilityStatus.implicitReducible.elim`
  • `Lean.ReducibilityStatus.instanceReducible.elim`
  • `Lean.ReducibilityStatus.irreducible.elim`
  • `Lean.ReducibilityStatus.reducible.elim`
  • `Lean.ReducibilityStatus.semireducible.elim`
  • `Lean.SourceInfo.none.elim`
  • `Lean.SourceInfo.original.elim`
  • `Lean.SourceInfo.synthetic.elim`
  • `Lean.Syntax.atom.elim`
  • `Lean.Syntax.ident.elim`
  • `Lean.Syntax.missing.elim`
  • `Lean.Syntax.node.elim`
  • `Lean.TraceResult.error.elim`
  • `Lean.TraceResult.failure.elim`
  • `Lean.TraceResult.success.elim`
  • `Lean.TransformStep.continue.elim`
  • `Lean.TransformStep.done.elim`
  • `Lean.TransformStep.visit.elim`
  • `ProofGraph.Evidence.proved.elim`
  • `ProofGraph.Evidence.wanted.elim`
  • `Std.CancellationReason.cancel.elim`
  • `Std.CancellationReason.custom.elim`
  • `Std.CancellationReason.deadline.elim`
  • `Std.CancellationReason.shutdown.elim`
  • `Std.Format.align.elim`
  • `Std.Format.append.elim`
  • `Std.Format.group.elim`
  • `Std.Format.line.elim`
  • `Std.Format.nest.elim`
  • `Std.Format.nil.elim`
  • `Std.Format.tag.elim`
  • `Std.Format.text.elim`
  • `Std.IterStep.done.elim`
  • `Std.IterStep.skip.elim`
  • `Std.IterStep.yield.elim`
  • `TypeScript.Decl.classDecl.elim`
  • `TypeScript.Decl.const.elim`
  • `TypeScript.Decl.effectfulField.elim`
  • `TypeScript.Decl.prog.elim`
  • `TypeScript.Decl.raw.elim`
  • `TypeScript.Expr.arr.elim`
  • `TypeScript.Expr.arrow.elim`
  • `TypeScript.Expr.arrowBlock.elim`
  • `TypeScript.Expr.bool.elim`
  • `TypeScript.Expr.call.elim`
  • `TypeScript.Expr.cond.elim`
  • `TypeScript.Expr.float64Bits.elim`
  • `TypeScript.Expr.generator.elim`
  • `TypeScript.Expr.generic.elim`
  • `TypeScript.Expr.ident.elim`
  • `TypeScript.Expr.int.elim`
  • `TypeScript.Expr.jsNull.elim`
  • `TypeScript.Expr.lambda.elim`
  • `TypeScript.Expr.member.elim`
  • `TypeScript.Expr.method.elim`
  • `TypeScript.Expr.object.elim`
  • `TypeScript.Expr.objectFromEntries.elim`
  • `TypeScript.Expr.objectML.elim`
  • `TypeScript.Expr.objectQuoted.elim`
  • `TypeScript.Expr.objectQuotedML.elim`
  • `TypeScript.Expr.str.elim`
  • `TypeScript.Import.all.elim`
  • `TypeScript.Import.named.elim`
  • `TypeScript.Stmt.assign.elim`
  • `TypeScript.Stmt.breakTo.elim`
  • `TypeScript.Stmt.constYield.elim`
  • `TypeScript.Stmt.continueTo.elim`
  • `TypeScript.Stmt.exprStmt.elim`
  • `TypeScript.Stmt.ifElse.elim`
  • `TypeScript.Stmt.labelled.elim`
  • `TypeScript.Stmt.letDefinite.elim`
  • `TypeScript.Stmt.letInit.elim`
  • `TypeScript.Stmt.ret.elim`
  • `TypeScript.Stmt.scopedGen.elim`
  • `TypeScript.Stmt.scopedGenMasked.elim`
  • `TypeScript.Stmt.switch.elim`
  • `TypeScript.Stmt.whileTrue.elim`
  • `TypeScript.Stmt.yieldDiscard.elim`
  • `TypeScript.TypeRef.function.elim`
  • `TypeScript.TypeRef.literal.elim`
  • `TypeScript.TypeRef.name.elim`
  • `TypeScript.TypeRef.object.elim`
  • `TypeScript.TypeRef.tuple.elim`
  • `TypeScript.TypeRef.union.elim`
  • `Aesop.EqualUpToIds.MVarValue.delayedAssignment.elim`
  • `Aesop.EqualUpToIds.MVarValue.expr.elim`
  • `Aesop.EqualUpToIds.MVarValue.mvarId.elim`
  • `Aesop.Frontend.BuilderOption.casesPatterns.elim`
  • `Aesop.Frontend.BuilderOption.immediate.elim`
  • `Aesop.Frontend.BuilderOption.index.elim`
  • `Aesop.Frontend.BuilderOption.pattern.elim`
  • `Aesop.Frontend.BuilderOption.transparency.elim`
  • `Aesop.Frontend.DBuilderName.default.elim`
  • `Aesop.Frontend.DBuilderName.regular.elim`
  • `Aesop.Frontend.Feature.builder.elim`
  • `Aesop.Frontend.Feature.builderOption.elim`
  • `Aesop.Frontend.Feature.phase.elim`
  • `Aesop.Frontend.Feature.priority.elim`
  • `Aesop.Frontend.Feature.ruleSets.elim`
  • `Aesop.Frontend.Feature.term.elim`
  • `Aesop.Frontend.Priority.int.elim`
  • `Aesop.Frontend.Priority.percent.elim`
  • `Aesop.Script.SScript.empty.elim`
  • `Aesop.Script.SScript.focusAndSolve.elim`
  • `Aesop.Script.SScript.onGoal.elim`
  • `Aesop.Script.StepTree.empty.elim`
  • `Aesop.Script.StepTree.node.elim`
  • `Aesop.ScriptGenerated.Method.dynamic.elim`
  • `Aesop.ScriptGenerated.Method.static.elim`
  • `ByteArray.utf8DecodeChar?.FirstByte.done.elim`
  • `ByteArray.utf8DecodeChar?.FirstByte.invalid.elim`
  • `ByteArray.utf8DecodeChar?.FirstByte.oneMore.elim`
  • `ByteArray.utf8DecodeChar?.FirstByte.threeMore.elim`
  • `ByteArray.utf8DecodeChar?.FirstByte.twoMore.elim`
  • `Api.AuthorRefusal.scope.elim`
  • `Api.AuthorRefusal.typing.elim`
  • `Api.FrontierReason.awaitDecision.elim`
  • `Api.FrontierReason.awaitHost.elim`
  • `Api.FrontierReason.awaitTimer.elim`
  • `Api.FrontierReason.commandFuel.elim`
  • `Api.FrontierReason.compileFuel.elim`
  • `Api.Outcome.finished.elim`
  • `Api.Outcome.frontier.elim`
  • `Api.Outcome.stuck.elim`
  • `Codegen.Artefact.json.elim`
  • `Codegen.Artefact.ts.elim`
  • `Codegen.EmissionRefusal.illTyped.elim`
  • `Codegen.EmissionRefusal.print.elim`
  • `Codegen.SurfaceRefusal.declaredType.elim`
  • `Codegen.SurfaceRefusal.exportName.elim`
  • `Codegen.SurfaceRefusal.illTyped.elim`
  • `Codegen.SurfaceRefusal.layerDeclaration.elim`
  • `Codegen.SurfaceRefusal.notExported.elim`
  • `Codegen.SurfaceRefusal.read.elim`
  • `Codegen.SurfaceRefusal.unbound.elim`
  • `Codegen.SurfaceRefusal.unrepresentable.elim`
  • `Codegen.SurfaceRefusal.unsafeName.elim`
  • `Codegen.Target.json.elim`
  • `Codegen.Target.ts.elim`
  • `ActionName.ambientScope.elim`
  • `ActionName.awaitAll.elim`
  • `ActionName.awaitNewChildren.elim`
  • `ActionName.cancelRace.elim`
  • `ActionName.closePar.elim`
  • `ActionName.closeScope.elim`
  • `ActionName.dropObservers.elim`
  • `ActionName.fork.elim`
  • `ActionName.forkIn.elim`
  • `ActionName.forkScoped.elim`
  • `ActionName.getContext.elim`
  • `ActionName.getId.elim`
  • `ActionName.interrupt.elim`
  • `ActionName.interruptAll.elim`
  • `ActionName.interruptAs.elim`
  • `ActionName.interruptScoped.elim`
  • `ActionName.raceAll.elim`
  • `ActionName.refuse.elim`
  • `ActionName.runIn.elim`
  • `ActionName.setContext.elim`
  • `ActionName.setInterruptible.elim`
  • `ActionName.snapshotChildren.elim`
  • `Cmd.afterInterrupt.elim`
  • `Cmd.closeParAwait.elim`
  • `Cmd.deliver.elim`
  • `Cmd.drainDue.elim`
  • `Cmd.enrollRace.elim`
  • `Cmd.evaluate.elim`
  • `Cmd.exitDone.elim`
  • `Cmd.finish.elim`
  • `Cmd.interruptTarget.elim`
  • `Cmd.launch.elim`
  • `Cmd.link.elim`
  • `Cmd.loop.elim`
  • `Cmd.observe.elim`
  • `Cmd.raceCancel.elim`
  • `Cmd.registrationDone.elim`
  • `Cmd.resume.elim`
  • `Cmd.trackChild.elim`
  • `Cmd.wake.elim`
  • `Completion.ofExit.elim`
  • `Completion.ofRefGet.elim`
  • `Defect.asyncFiber.elim`
  • `Defect.badName.elim`
  • `Defect.error.elim`
  • `Defect.missingService.elim`
  • `Defect.notImplemented.elim`
  • `Defect.user.elim`
  • `Err.boom.elim`
  • `Err.tag.elim`
  • `Err.tagged.elim`
  • `Err.text.elim`
  • `Exhaustion.fuel.elim`
  • `Exhaustion.tape.elim`
  • `FinName.awaitNewChildren.elim`
  • `FinName.closeChildOnFailure.elim`
  • `FinName.closeChildScope.elim`
  • `FinName.detachFromParent.elim`
  • `FinName.foreign.elim`
  • `FinName.interruptFiber.elim`
  • `FinName.memoDone.elim`
  • `FinName.memoEntry.elim`
  • `FinName.parkThen.elim`
  • `FinName.release.elim`
  • `FnName.double.elim`
  • `FnName.incr.elim`
  • `FnName.noChange.elim`
  • `FnName.takeAndBump.elim`
  • `FnName.zeroWhenPositive.elim`
  • `Handle.cell.elim`
  • `Handle.external.elim`
  • `Handle.fiber.elim`
  • `Handle.memoMap.elim`
  • `Handle.promise.elim`
  • `Handle.scope.elim`
  • `HandleKind.cell.elim`
  • `HandleKind.external.elim`
  • `HandleKind.fiber.elim`
  • `HandleKind.memoMap.elim`
  • `HandleKind.promise.elim`
  • `HandleKind.scope.elim`
  • `Name.abortController.elim`
  • `Name.cancelAwait.elim`
  • `Name.cancelPark.elim`
  • `Name.cancelRace.elim`
  • `Name.cancelSleep.elim`
  • `Name.closeIfLast.elim`
  • `Name.closeParDone.elim`
  • `Name.closeSeq.elim`
  • `Name.constant.elim`
  • `Name.doneInto.elim`
  • `Name.exitOfValue.elim`
  • `Name.externalRegister.elim`
  • `Name.finalizerName.elim`
  • `Name.interruptWith.elim`
  • `Name.joinOn.elim`
  • `Name.merge.elim`
  • `Name.reFail.elim`
  • `Name.registerAwait.elim`
  • `Name.registerSleep.elim`
  • `Name.restore.elim`
  • `Name.seq.elim`
  • `Name.snapshotThen.elim`
  • `Name.withWaiter.elim`
  • `Observer.callback.elim`
  • `Observer.countdown.elim`
  • `Observer.dropScopeFinalizer.elim`
  • `Observer.raceCallback.elim`
  • `Observer.resumeAwait.elim`
  • `Observer.untrackChild.elim`
  • `Origin.forked.elim`
  • `Origin.root.elim`
  • `Outcome.answered.elim`
  • `Outcome.commands.elim`
  • `Outcome.continue_.elim`
  • `Outcome.finished.elim`
  • `Outcome.parked.elim`
  • `Outcome.stuck.elim`
  • `ParkKind.awaitAll.elim`
  • `ParkKind.join.elim`
  • `ParkKind.race.elim`
  • `Parked.notParked.elim`
  • `Parked.withGuard.elim`
  • `ProgName.awaitAllNew.elim`
  • `ProgName.awaitDeferred.elim`
  • `ProgName.awaitFibers.elim`
  • `ProgName.cancelRace.elim`
  • `ProgName.closeScopeOf.elim`
  • `ProgName.closeWalk.elim`
  • `ProgName.failCause.elim`
  • `ProgName.finalizerOf.elim`
  • `ProgName.forkInScope.elim`
  • `ProgName.forkOnly.elim`
  • `ProgName.forkScopedOf.elim`
  • `ProgName.forkThen.elim`
  • `ProgName.interruptDeferred.elim`
  • `ProgName.interruptFibers.elim`
  • `ProgName.intoBody.elim`
  • `ProgName.intoDeferred.elim`
  • `ProgName.joinFiber.elim`
  • `ProgName.maskedPark.elim`
  • `ProgName.onExitOf.elim`
  • `ProgName.park.elim`
  • `ProgName.raceOf.elim`
  • `ProgName.runInScope.elim`
  • `ProgName.seqOf.elim`
  • `ProgName.syncOp.elim`
  • `ProgName.value.elim`
  • `ProgName.yieldNow.elim`
  • `RaceName.empty.elim`
  • `RaceName.failThenFail.elim`
  • `RaceName.failThenSuccess.elim`
  • `RaceName.parkOnly.elim`
  • `RaceName.parkThenSuccess.elim`
  • `RaceName.successThenSecond.elim`
  • `ReplayResult.finished.elim`
  • `ReplayResult.frontier.elim`
  • `ReplayResult.stuck.elim`
  • `Resume.continueWith.elim`
  • `Resume.exitsValue.elim`
  • `Resume.void.elim`
  • `RunDecision.advance.elim`
  • `RunDecision.answerAsync.elim`
  • `RunDecision.evaluate.elim`
  • `RunDecision.fire.elim`
  • `RunDecision.flush.elim`
  • `RunDecision.installMiddleware.elim`
  • `RunDecision.interruptFrom.elim`
  • `RunDecision.yieldVerdict.elim`
  • `RunEvent.callback.elim`
  • `RunEvent.childrenInterrupted.elim`
  • `RunEvent.contextSet.elim`
  • `RunEvent.exited.elim`
  • `RunEvent.finalizerProgram.elim`
  • `RunEvent.forked.elim`
  • `RunEvent.frame.elim`
  • `RunEvent.interruptDeferred.elim`
  • `RunEvent.interruptRecorded.elim`
  • `RunEvent.observerFired.elim`
  • `RunEvent.parkedOn.elim`
  • `RunEvent.raceLaunched.elim`
  • `RunEvent.raceSettled.elim`
  • `RunEvent.raceStarted.elim`
  • `RunEvent.ranTask.elim`
  • `RunEvent.resumedWith.elim`
  • `RunEvent.scheduledTask.elim`
  • `RunEvent.scopeClosedOnLink.elim`
  • `RunEvent.scopeLinked.elim`
  • `RunEvent.started.elim`
  • `RunEvent.yieldInjected.elim`
  • `RuntimeCtor.exitFailure.elim`
  • `RuntimeCtor.exitSuccess.elim`
  • `RuntimeCtor.fiberContext.elim`
  • `RuntimeCtor.fiberSnapshot.elim`
  • `RuntimeCtor.improperCons.elim`
  • `RuntimeCtor.serviceContext.elim`
  • `Stuck.unknownFiber.elim`
  • `Stuck.unknownRace.elim`
  • `Stuck.unknownScope.elim`
  • `SyncOp.clockNow.elim`
  • `SyncOp.deferredAwaitCleanup.elim`
  • `SyncOp.deferredCompleteWith.elim`
  • `SyncOp.deferredInterruptWith.elim`
  • `SyncOp.deferredIsDone.elim`
  • `SyncOp.deferredMake.elim`
  • `SyncOp.deferredPoll.elim`
  • `SyncOp.memoBuild.elim`
  • `SyncOp.memoComplete.elim`
  • `SyncOp.memoFork.elim`
  • `SyncOp.memoGet.elim`
  • `SyncOp.memoRelease.elim`
  • `SyncOp.refGet.elim`
  • `SyncOp.refGetAndSet.elim`
  • `SyncOp.refGetAndUpdate.elim`
  • `SyncOp.refGetAndUpdateSome.elim`
  • `SyncOp.refMake.elim`
  • `SyncOp.refModify.elim`
  • `SyncOp.refModifySome.elim`
  • `SyncOp.refSet.elim`
  • `SyncOp.refSetAndGet.elim`
  • `SyncOp.refUpdate.elim`
  • `SyncOp.refUpdateAndGet.elim`
  • `SyncOp.refUpdateSome.elim`
  • `SyncOp.refUpdateSomeAndGet.elim`
  • `SyncOp.scopeAdd.elim`
  • `SyncOp.scopeFork.elim`
  • `SyncOp.scopeIsClosed.elim`
  • `SyncOp.scopeMake.elim`
  • `SyncOp.scopeRemove.elim`
  • `SyncOp.sleepCancel.elim`
  • `Task.resume.elim`
  • `Task.start.elim`
  • `Task.wake.elim`
  • `Thunk.act.elim`
  • `Thunk.body.elim`
  • `Thunk.foreign.elim`
  • `Thunk.op.elim`
  • `Thunk.park.elim`
  • `WakeMode.now.elim`
  • `WakeMode.scheduled.elim`
  • `WakePolicy.broadcast.elim`
  • `WakePolicy.signal.elim`
  • `WakePolicy.sweep.elim`
  • `WithFiberAction.ambientScope.elim`
  • `WithFiberAction.awaitAll.elim`
  • `WithFiberAction.awaitAllFailFast.elim`
  • `WithFiberAction.awaitNewChildren.elim`
  • `WithFiberAction.cancelRace.elim`
  • `WithFiberAction.closePar.elim`
  • `WithFiberAction.closeScope.elim`
  • `WithFiberAction.dropObservers.elim`
  • `WithFiberAction.fork.elim`
  • `WithFiberAction.forkIn.elim`
  • `WithFiberAction.forkScoped.elim`
  • `WithFiberAction.getContext.elim`
  • `WithFiberAction.getId.elim`
  • `WithFiberAction.interrupt.elim`
  • `WithFiberAction.interruptAll.elim`
  • `WithFiberAction.interruptAs.elim`
  • `WithFiberAction.interruptScoped.elim`
  • `WithFiberAction.raceAll.elim`
  • `WithFiberAction.refuse.elim`
  • `WithFiberAction.runIn.elim`
  • `WithFiberAction.setContext.elim`
  • `WithFiberAction.setInterruptible.elim`
  • `WithFiberAction.snapshotChildren.elim`
  • `ActionTerm.awaitAll.elim`
  • `ActionTerm.awaitAllFailFast.elim`
  • `ActionTerm.awaitNewChildren.elim`
  • `ActionTerm.closeScope.elim`
  • `ActionTerm.fork.elim`
  • `ActionTerm.forkIn.elim`
  • `ActionTerm.forkScoped.elim`
  • `ActionTerm.getContext.elim`
  • `ActionTerm.getId.elim`
  • `ActionTerm.interrupt.elim`
  • `ActionTerm.interruptAll.elim`
  • `ActionTerm.interruptScoped.elim`
  • `ActionTerm.raceAll.elim`
  • `ActionTerm.runIn.elim`
  • `ActionTerm.setContext.elim`
  • `ActionTerm.snapshotChildren.elim`
  • `AdmitRefusal.builtinCollision.elim`
  • `AdmitRefusal.duplicateKey.elim`
  • `AdmitRefusal.illTyped.elim`
  • `AdmitRefusal.internalHandle.elim`
  • `AdmitRefusal.table.elim`
  • `AdmitRefusal.uninhabited.elim`
  • `AdmitRefusal.valueRowTrailing.elim`
  • `ArgF.bool.elim`
  • `ArgF.cause.elim`
  • `ArgF.child.elim`
  • `ArgF.decision.elim`
  • `ArgF.forkOptions.elim`
  • `ArgF.key.elim`
  • `ArgF.lit.elim`
  • `ArgF.mode.elim`
  • `ArgF.nat.elim`
  • `ArgF.op.elim`
  • `ArgF.optTerm.elim`
  • `ArgF.optTy.elim`
  • `ArgF.path.elim`
  • `ArgF.term.elim`
  • `ArgSort.bool.elim`
  • `ArgSort.cause.elim`
  • `ArgSort.child.elim`
  • `ArgSort.decision.elim`
  • `ArgSort.forkOptions.elim`
  • `ArgSort.key.elim`
  • `ArgSort.lit.elim`
  • `ArgSort.mode.elim`
  • `ArgSort.nat.elim`
  • `ArgSort.op.elim`
  • `ArgSort.optTerm.elim`
  • `ArgSort.optTy.elim`
  • `ArgSort.path.elim`
  • `ArgSort.term.elim`
  • `CauseTerm.both.elim`
  • `CauseTerm.die.elim`
  • `CauseTerm.fail.elim`
  • `CauseTerm.interrupt.elim`
  • `CombineMode.provide.elim`
  • `CombineMode.provideMerge.elim`
  • `Decision.bool.elim`
  • `Decision.option.elim`
  • `Decision.tag.elim`
  • `Eff.acquireRelease.elim`
  • `Eff.awaitFiber.elim`
  • `Eff.bind.elim`
  • `Eff.catchCause.elim`
  • `Eff.catchIf.elim`
  • `Eff.exit.elim`
  • `Eff.fail.elim`
  • `Eff.failCause.elim`
  • `Eff.gen.elim`
  • `Eff.interruptible.elim`
  • `Eff.iterate.elim`
  • `Eff.matchCause.elim`
  • `Eff.onExit.elim`
  • `Eff.perform.elim`
  • `Eff.provideLayer.elim`
  • `Eff.provideService.elim`
  • `Eff.scoped.elim`
  • `Eff.select.elim`
  • `Eff.service.elim`
  • `Eff.succeed.elim`
  • `Eff.suspend.elim`
  • `Eff.sync.elim`
  • `Eff.uninterruptible.elim`
  • `Eff.withFiber.elim`
  • `Eff.yieldNow.elim`
  • `EffFam.action.elim`
  • `EffFam.eff.elim`
  • `EffFam.effs.elim`
  • `EffFam.layer.elim`
  • `EffFam.layers.elim`
  • `EffFam.stmt.elim`
  • `EffFam.stmts.elim`
  • `EffFrontierFam.action.elim`
  • `EffFrontierFam.eff.elim`
  • `EffFrontierFam.effs.elim`
  • `EffFrontierFam.stmt.elim`
  • `EffFrontierFam.stmts.elim`
  • `EffName.abort.elim`
  • `EffName.acquireCtx.elim`
  • `EffName.acquireIn.elim`
  • `EffName.acquired.elim`
  • `EffName.addCurrentMemoMap.elim`
  • `EffName.afterScopeAdd.elim`
  • `EffName.awaitPromise.elim`
  • `EffName.bindService.elim`
  • `EffName.bodyThen.elim`
  • `EffName.buildIntoLayerScope.elim`
  • `EffName.buildWithScopeFromContext.elim`
  • `EffName.cancelAwait.elim`
  • `EffName.caught.elim`
  • `EffName.caughtError.elim`
  • `EffName.combineWith.elim`
  • `EffName.constant.elim`
  • `EffName.cont.elim`
  • `EffName.external.elim`
  • `EffName.fin.elim`
  • `EffName.forkScopedIn.elim`
  • `EffName.freshThen.elim`
  • `EffName.fromBuildThen.elim`
  • `EffName.gen.elim`
  • `EffName.loop.elim`
  • `EffName.memoize.elim`
  • `EffName.merge.elim`
  • `EffName.mergeAllChildren.elim`
  • `EffName.mergeAllForkNext.elim`
  • `EffName.mergeAllForkOne.elim`
  • `EffName.mergeChildren.elim`
  • `EffName.mergeContexts.elim`
  • `EffName.mergeForkNext.elim`
  • `EffName.mergeForkOne.elim`
  • `EffName.onCause.elim`
  • `EffName.onValue.elim`
  • `EffName.orDie.elim`
  • `EffName.provideLayerBody.elim`
  • `EffName.provideLayerWith.elim`
  • `EffName.provideThen.elim`
  • `EffName.reFail.elim`
  • `EffName.registerAwait.elim`
  • `EffName.releaseBody.elim`
  • `EffName.releaseUnder.elim`
  • `EffName.restore.elim`
  • `EffName.restoreCtx.elim`
  • `EffName.scopeBody.elim`
  • `EffName.scopeClose.elim`
  • `EffName.scopeOpen.elim`
  • `EffName.scopeProvide.elim`
  • `EffName.scopedExit.elim`
  • `EffName.serviceLookup.elim`
  • `EffName.store.elim`
  • `EffName.thenBuildInto.elim`
  • `EffName.updateThen.elim`
  • `EffName.withMemoMapThen.elim`
  • `EffName.withWaiter.elim`
  • `EffThunk.acquireMasked.elim`
  • `EffThunk.act.elim`
  • `EffThunk.awaitAllFailFast.elim`
  • `EffThunk.body.elim`
  • `EffThunk.closeScope.elim`
  • `EffThunk.forkInAt.elim`
  • `EffThunk.forkLayer.elim`
  • `EffThunk.getCtx.elim`
  • `EffThunk.memoLookup.elim`
  • `EffThunk.op.elim`
  • `EffThunk.park.elim`
  • `EffThunk.pure.elim`
  • `EffThunk.releaseMasked.elim`
  • `EffThunk.setCtx.elim`
  • `EffThunk.store.elim`
  • `Effs.cons.elim`
  • `Effs.nil.elim`
  • `Head.acquireRelease.elim`
  • `Head.await.elim`
  • `Head.awaitAll.elim`
  • `Head.caseTag.elim`
  • `Head.catchCause.elim`
  • `Head.catchError.elim`
  • `Head.catchIf.elim`
  • `Head.causeCombine.elim`
  • `Head.causeDie.elim`
  • `Head.causeFail.elim`
  • `Head.causeInterrupt.elim`
  • `Head.context.elim`
  • `Head.contextService.elim`
  • `Head.exit.elim`
  • `Head.fail.elim`
  • `Head.failCause.elim`
  • `Head.fiberId.elim`
  • `Head.flatMap.elim`
  • `Head.forkChild.elim`
  • `Head.forkDetach.elim`
  • `Head.forkIn.elim`
  • `Head.forkScoped.elim`
  • `Head.gen.elim`
  • `Head.interrupt.elim`
  • `Head.interruptAll.elim`
  • `Head.interruptAllAs.elim`
  • `Head.interruptible.elim`
  • `Head.join.elim`
  • `Head.layerEffect.elim`
  • `Head.layerEffectDiscard.elim`
  • `Head.layerFresh.elim`
  • `Head.layerMerge.elim`
  • `Head.layerMergeAll.elim`
  • `Head.layerOrDie.elim`
  • `Head.layerProvide.elim`
  • `Head.layerProvideMerge.elim`
  • `Head.layerSucceed.elim`
  • `Head.map.elim`
  • `Head.matchCauseEffect.elim`
  • `Head.onExit.elim`
  • `Head.optionCase.elim`
  • `Head.provide.elim`
  • `Head.provideService.elim`
  • `Head.raceAll.elim`
  • `Head.runIn.elim`
  • `Head.scopeClose.elim`
  • `Head.scoped.elim`
  • `Head.service.elim`
  • `Head.succeed.elim`
  • `Head.suspend.elim`
  • `Head.sync.elim`
  • `Head.undefined.elim`
  • `Head.uninterruptible.elim`
  • `Head.whileLoop.elim`
  • `Head.withFiber.elim`
  • `Head.yieldNowWith.elim`
  • `LayerTerm.effect.elim`
  • `LayerTerm.effectDiscard.elim`
  • `LayerTerm.fresh.elim`
  • `LayerTerm.merge.elim`
  • `LayerTerm.mergeAll.elim`
  • `LayerTerm.orDie.elim`
  • `LayerTerm.provide.elim`
  • `LayerTerm.provideMerge.elim`
  • `LayerTerm.ref.elim`
  • `LayerTerm.succeed.elim`
  • `LayerTerms.cons.elim`
  • `LayerTerms.nil.elim`
  • `Lit.bool.elim`
  • `Lit.nat.elim`
  • `Lit.str.elim`
  • `Lit.unit.elim`
  • `NativeAtom.add.elim`
  • `NativeAtom.boolAnd.elim`
  • `NativeAtom.boolNot.elim`
  • `NativeAtom.boolOr.elim`
  • `NativeAtom.causeError.elim`
  • `NativeAtom.causeIsDie.elim`
  • `NativeAtom.causeIsFail.elim`
  • `NativeAtom.causeIsInterrupt.elim`
  • `NativeAtom.eq.elim`
  • `NativeAtom.fst.elim`
  • `NativeAtom.getOrElse.elim`
  • `NativeAtom.isSome.elim`
  • `NativeAtom.isZero.elim`
  • `NativeAtom.ite.elim`
  • `NativeAtom.listAppend.elim`
  • `NativeAtom.listCons.elim`
  • `NativeAtom.listGet.elim`
  • `NativeAtom.listLength.elim`
  • `NativeAtom.listNil.elim`
  • `NativeAtom.lt.elim`
  • `NativeAtom.mul.elim`
  • `NativeAtom.natDiv.elim`
  • `NativeAtom.natMod.elim`
  • `NativeAtom.natSub.elim`
  • `NativeAtom.optNone.elim`
  • `NativeAtom.optSome.elim`
  • `NativeAtom.pair.elim`
  • `NativeAtom.pred.elim`
  • `NativeAtom.snd.elim`
  • `NativeAtom.strConcat.elim`
  • `NativeAtom.strings.elim`
  • `NativeAtom.succ.elim`
  • `NativeAtom.tagIs.elim`
  • `NativeOp.clockNow.elim`
  • `NativeOp.deferredAwait.elim`
  • `NativeOp.deferredFail.elim`
  • `NativeOp.deferredIsDone.elim`
  • `NativeOp.deferredMake.elim`
  • `NativeOp.deferredPoll.elim`
  • `NativeOp.deferredSucceed.elim`
  • `NativeOp.external.elim`
  • `NativeOp.refGet.elim`
  • `NativeOp.refGetAndSet.elim`
  • `NativeOp.refGetAndUpdate.elim`
  • `NativeOp.refGetAndUpdateSome.elim`
  • `NativeOp.refMake.elim`
  • `NativeOp.refModify.elim`
  • `NativeOp.refModifySome.elim`
  • `NativeOp.refSet.elim`
  • `NativeOp.refSetAndGet.elim`
  • `NativeOp.refUpdate.elim`
  • `NativeOp.refUpdateAndGet.elim`
  • `NativeOp.refUpdateSome.elim`
  • `NativeOp.refUpdateSomeAndGet.elim`
  • `NativeOp.scopeMake.elim`
  • `NativeOp.sleep.elim`
  • `Node.action.elim`
  • `Node.eff.elim`
  • `Node.effs.elim`
  • `Node.layer.elim`
  • `Node.layers.elim`
  • `Node.stmt.elim`
  • `Node.stmts.elim`
  • `PrintRefusal.internalAction.elim`
  • `PrintRefusal.layerRef.elim`
  • `PrintRefusal.typeSpelling.elim`
  • `PrintRefusal.unsafeName.elim`
  • `ReadRefusal.annotation.elim`
  • `ReadRefusal.arity.elim`
  • `ReadRefusal.binder.elim`
  • `ReadRefusal.negative.elim`
  • `ReadRefusal.shape.elim`
  • `ReadRefusal.unknownHead.elim`
  • `ReadRefusal.unknownIdent.elim`
  • `ReadRefusal.unsupportedStmt.elim`
  • `Refusal.answerType.elim`
  • `Refusal.deadHandle.elim`
  • `Refusal.errorType.elim`
  • `Refusal.notExternal.elim`
  • `Refusal.notParked.elim`
  • `Refusal.oracleType.elim`
  • `Refusal.staleToken.elim`
  • `Refusal.unknownCell.elim`
  • `Region.build.elim`
  • `Region.buildAdding.elim`
  • `Region.construct.elim`
  • `Region.program.elim`
  • `Registration.deferred.elim`
  • `Registration.external.elim`
  • `RowKind.async.elim`
  • `RowKind.program.elim`
  • `RowKind.sync.elim`
  • `RowShape.call.elim`
  • `RowShape.method.elim`
  • `RowShape.tupleCall.elim`
  • `RowShape.value.elim`
  • `Stmt.bindYield.elim`
  • `Stmt.breakLoop.elim`
  • `Stmt.ifElse.elim`
  • `Stmt.ret.elim`
  • `Stmt.whileTrue.elim`
  • `Stmt.yieldDiscard.elim`
  • `StmtTy.pass.elim`
  • `StmtTy.ret.elim`
  • `StmtTy.step.elim`
  • `Stmts.cons.elim`
  • `Stmts.nil.elim`
  • `StraightAdmitRefusal.admission.elim`
  • `StraightAdmitRefusal.outsideFragment.elim`
  • `TableRefusal.notAsync.elim`
  • `TableRefusal.notExternal.elim`
  • `Term.app.elim`
  • `Term.lit.elim`
  • `Term.var.elim`
  • `TermFam.term.elim`
  • `TermFam.terms.elim`
  • `Terms.cons.elim`
  • `Terms.nil.elim`
  • `Ty.bool.elim`
  • `Ty.causeOf.elim`
  • `Ty.deferredOf.elim`
  • `Ty.except.elim`
  • `Ty.exitOf.elim`
  • `Ty.fiberOf.elim`
  • `Ty.handle.elim`
  • `Ty.int.elim`
  • `Ty.list.elim`
  • `Ty.lit.elim`
  • `Ty.nat.elim`
  • `Ty.never.elim`
  • `Ty.option.elim`
  • `Ty.prod.elim`
  • `Ty.refOf.elim`
  • `Ty.string.elim`
  • `Ty.union.elim`
  • `Ty.unit.elim`
  • `Ty.unknown.elim`
  • `Ty.var.elim`
  • `TypeReason.breakOutsideLoop.elim`
  • `TypeReason.cause.elim`
  • `TypeReason.contextExpected.elim`
  • `TypeReason.errorNotAdmitted.elim`
  • `TypeReason.exitExpected.elim`
  • `TypeReason.initialNotCursor.elim`
  • `TypeReason.layerReference.elim`
  • `TypeReason.listOfFibersExpected.elim`
  • `TypeReason.literalOutsideAlphabet.elim`
  • `TypeReason.mergeAllEmpty.elim`
  • `TypeReason.natExpected.elim`
  • `TypeReason.notFiber.elim`
  • `TypeReason.notSelectable.elim`
  • `TypeReason.outsideDomain.elim`
  • `TypeReason.predicateNotBool.elim`
  • `TypeReason.referencesIllFormed.elim`
  • `TypeReason.releaseFails.elim`
  • `TypeReason.requestNotSubtype.elim`
  • `TypeReason.returnNotLast.elim`
  • `TypeReason.scopeExpected.elim`
  • `TypeReason.serviceUnknown.elim`
  • `TypeReason.snapshotExpected.elim`
  • `TypeReason.stepNotCursor.elim`
  • `TypeReason.term.elim`
  • `TypeReason.valueNotSubtype.elim`
  • `Store.Admission.badVersion.elim`
  • `Store.Admission.conflict.elim`
  • `Store.Admission.dangling.elim`
  • `Store.Admission.malformedRef.elim`
  • `Store.Admission.oversize.elim`
  • `Store.Admission.staleRoot.elim`
  • `Store.Admission.wrongKind.elim`
  • `Store.Kind.annotation.elim`
  • `Store.Kind.chunk.elim`
  • `Store.Kind.component.elim`
  • `Store.Kind.entry.elim`
  • `Store.Kind.export.elim`
  • `Store.Kind.fiber.elim`
  • `Store.Kind.manifest.elim`
  • `Store.Kind.program.elim`
  • `Store.Kind.query.elim`
  • `Store.Kind.result.elim`
  • `Store.Kind.schema.elim`
  • `Store.Kind.source.elim`
  • `Store.Kind.tree.elim`
  • `Store.Kind.type.elim`
  • `Store.Kind.vector.elim`
  • `Store.Outcome.conflict.elim`
  • `Store.Outcome.duplicate.elim`
  • `Store.Outcome.fresh.elim`
  • `Store.RootKind.char.elim`
  • `Store.RootKind.daemon.elim`
  • `Store.RootKind.journal.elim`
  • `Store.RootKind.schema.elim`
  • `Store.RootKind.stdlib.elim`
  • `Store.Shape.anyRef.elim`
  • `Store.Shape.bool.elim`
  • `Store.Shape.bytes.elim`
  • `Store.Shape.digest.elim`
  • `Store.Shape.list.elim`
  • `Store.Shape.named.elim`
  • `Store.Shape.nat.elim`
  • `Store.Shape.option.elim`
  • `Store.Shape.pair.elim`
  • `Store.Shape.ref.elim`
  • `Store.Shape.string.elim`
  • `Store.Shape.struct.elim`
  • `Store.Shape.sum.elim`
  • `Store.Shape.unit.elim`
  • `Store.Val.bool.elim`
  • `Store.Val.bytes.elim`
  • `Store.Val.ctor.elim`
  • `Store.Val.handle.elim`
  • `Store.Val.list.elim`
  • `Store.Val.nat.elim`
  • `Store.Val.none.elim`
  • `Store.Val.pair.elim`
  • `Store.Val.ref.elim`
  • `Store.Val.some.elim`
  • `Store.Val.str.elim`
  • `Store.Val.unit.elim`
  • `Supervision.MaskMode.inherit.elim`
  • `Supervision.MaskMode.interruptible.elim`
  • `Supervision.MaskMode.uninterruptible.elim`
  • `Supervision.ObserverMode.awaitValue.elim`
  • `Supervision.ObserverMode.joinEffect.elim`
  • `Supervision.ScopeMode.fiberRunIn.elim`
  • `Supervision.ScopeMode.forkIn.elim`
  • `Float.Model.UnpackedFloat.finite.elim`
  • `Float.Model.UnpackedFloat.infinity.elim`
  • `Float.Model.UnpackedFloat.notANumber.elim`
  • `Float.Model.UnpackedFloat.zero.elim`
  • `IO.FS.FileType.dir.elim`
  • `IO.FS.FileType.file.elim`
  • `IO.FS.FileType.other.elim`
  • `IO.FS.FileType.symlink.elim`
  • `IO.FS.Mode.append.elim`
  • `IO.FS.Mode.read.elim`
  • `IO.FS.Mode.readWrite.elim`
  • `IO.FS.Mode.write.elim`
  • `IO.FS.Mode.writeNew.elim`
  • `IO.Process.Stdio.inherit.elim`
  • `IO.Process.Stdio.null.elim`
  • `IO.Process.Stdio.piped.elim`
  • `Lean.CodeAction.FindTacticResult.tactic.elim`
  • `Lean.CodeAction.FindTacticResult.tacticSeq.elim`
  • `Lean.Compiler.InlineAttributeKind.alwaysInline.elim`
  • `Lean.Compiler.InlineAttributeKind.inline.elim`
  • `Lean.Compiler.InlineAttributeKind.inlineIfReduce.elim`
  • `Lean.Compiler.InlineAttributeKind.macroInline.elim`
  • `Lean.Compiler.InlineAttributeKind.noinline.elim`
  • `Lean.Compiler.SpecializeAttributeKind.nospecialize.elim`
  • `Lean.Compiler.SpecializeAttributeKind.specialize.elim`
  • `Lean.Data.Trie.leaf.elim`
  • `Lean.Data.Trie.node.elim`
  • `Lean.Data.Trie.node1.elim`
  • `Lean.Diff.Action.delete.elim`
  • `Lean.Diff.Action.insert.elim`
  • `Lean.Diff.Action.skip.elim`
  • `Lean.Doc.Block.blockquote.elim`
  • `Lean.Doc.Block.code.elim`
  • `Lean.Doc.Block.concat.elim`
  • `Lean.Doc.Block.dl.elim`
  • `Lean.Doc.Block.ol.elim`
  • `Lean.Doc.Block.other.elim`
  • `Lean.Doc.Block.para.elim`
  • `Lean.Doc.Block.ul.elim`
  • `Lean.Doc.DeferredCheckSite.decl.elim`
  • `Lean.Doc.DeferredCheckSite.moduleDoc.elim`
  • `Lean.Doc.DocArg.ident.elim`
  • `Lean.Doc.DocArg.num.elim`
  • `Lean.Doc.DocArg.str.elim`
  • `Lean.Doc.DocHighlight.const.elim`
  • `Lean.Doc.DocHighlight.field.elim`
  • `Lean.Doc.DocHighlight.keyword.elim`
  • `Lean.Doc.DocHighlight.literal.elim`
  • `Lean.Doc.DocHighlight.option.elim`
  • `Lean.Doc.DocHighlight.var.elim`
  • `Lean.Doc.DocScope.import.elim`
  • `Lean.Doc.DocScope.local.elim`
  • `Lean.Doc.Inline.bold.elim`
  • `Lean.Doc.Inline.code.elim`
  • `Lean.Doc.Inline.concat.elim`
  • `Lean.Doc.Inline.emph.elim`
  • `Lean.Doc.Inline.footnote.elim`
  • `Lean.Doc.Inline.image.elim`
  • `Lean.Doc.Inline.linebreak.elim`
  • `Lean.Doc.Inline.link.elim`
  • `Lean.Doc.Inline.math.elim`
  • `Lean.Doc.Inline.other.elim`
  • `Lean.Doc.Inline.text.elim`
  • `Lean.Doc.MathMode.display.elim`
  • `Lean.Doc.MathMode.inline.elim`
  • `Lean.Doc.SuggestionMode.batch.elim`
  • `Lean.Doc.SuggestionMode.interactive.elim`
  • `Lean.Elab.CompletionInfo.dot.elim`
  • `Lean.Elab.CompletionInfo.dotId.elim`
  • `Lean.Elab.CompletionInfo.endSection.elim`
  • `Lean.Elab.CompletionInfo.errorName.elim`
  • `Lean.Elab.CompletionInfo.fieldId.elim`
  • `Lean.Elab.CompletionInfo.id.elim`
  • `Lean.Elab.CompletionInfo.namespaceId.elim`
  • `Lean.Elab.CompletionInfo.option.elim`
  • `Lean.Elab.CompletionInfo.tactic.elim`
  • `Lean.Elab.ComputeKind.meta.elim`
  • `Lean.Elab.ComputeKind.noncomputable.elim`
  • `Lean.Elab.ComputeKind.regular.elim`
  • `Lean.Elab.DefKind.abbrev.elim`
  • `Lean.Elab.DefKind.def.elim`
  • `Lean.Elab.DefKind.example.elim`
  • `Lean.Elab.DefKind.instance.elim`
  • `Lean.Elab.DefKind.opaque.elim`
  • `Lean.Elab.DefKind.theorem.elim`
  • `Lean.Elab.DocElabKind.codeBlock.elim`
  • `Lean.Elab.DocElabKind.command.elim`
  • `Lean.Elab.DocElabKind.directive.elim`
  • `Lean.Elab.DocElabKind.role.elim`
  • `Lean.Elab.Info.ofChoiceInfo.elim`
  • `Lean.Elab.Info.ofCommandInfo.elim`
  • `Lean.Elab.Info.ofCompletionInfo.elim`
  • `Lean.Elab.Info.ofCustomInfo.elim`
  • `Lean.Elab.Info.ofDelabTermInfo.elim`
  • `Lean.Elab.Info.ofDocElabInfo.elim`
  • `Lean.Elab.Info.ofDocInfo.elim`
  • `Lean.Elab.Info.ofErrorNameInfo.elim`
  • `Lean.Elab.Info.ofFVarAliasInfo.elim`
  • `Lean.Elab.Info.ofFieldInfo.elim`
  • `Lean.Elab.Info.ofFieldRedeclInfo.elim`
  • `Lean.Elab.Info.ofMacroExpansionInfo.elim`
  • `Lean.Elab.Info.ofOptionInfo.elim`
  • `Lean.Elab.Info.ofPartialTermInfo.elim`
  • `Lean.Elab.Info.ofTacticInfo.elim`
  • `Lean.Elab.Info.ofTermInfo.elim`
  • `Lean.Elab.Info.ofUserWidgetInfo.elim`
  • `Lean.Elab.InfoTree.context.elim`
  • `Lean.Elab.InfoTree.hole.elim`
  • `Lean.Elab.InfoTree.node.elim`
  • `Lean.Elab.InlayHintKind.parameter.elim`
  • `Lean.Elab.InlayHintKind.type.elim`
  • `Lean.Elab.InlayHintLabel.name.elim`
  • `Lean.Elab.InlayHintLabel.parts.elim`
  • `Lean.Elab.PartialContextInfo.autoImplicitCtx.elim`
  • `Lean.Elab.PartialContextInfo.commandCtx.elim`
  • `Lean.Elab.PartialContextInfo.parentDeclCtx.elim`
  • `Lean.Elab.PartialFixpointType.coinductiveFixpoint.elim`
  • `Lean.Elab.PartialFixpointType.inductiveFixpoint.elim`
  • `Lean.Elab.PartialFixpointType.partialFixpoint.elim`
  • `Lean.Elab.RecKind.default.elim`
  • `Lean.Elab.RecKind.nonrec.elim`
  • `Lean.Elab.RecKind.partial.elim`
  • `Lean.Elab.Visibility.private.elim`
  • `Lean.Elab.Visibility.public.elim`
  • `Lean.Elab.Visibility.regular.elim`
  • `Lean.EnvExtension.AsyncMode.async.elim`
  • `Lean.EnvExtension.AsyncMode.local.elim`
  • `Lean.EnvExtension.AsyncMode.mainOnly.elim`
  • `Lean.EnvExtension.AsyncMode.sync.elim`
  • `Lean.Environment.Visibility.private.elim`
  • `Lean.Environment.Visibility.public.elim`
  • `Lean.Expr.FindStep.done.elim`
  • `Lean.Expr.FindStep.found.elim`
  • `Lean.Expr.FindStep.visit.elim`
  • `Lean.FuzzyMatching.CharRole.head.elim`
  • `Lean.FuzzyMatching.CharRole.separator.elim`
  • `Lean.FuzzyMatching.CharRole.tail.elim`
  • `Lean.FuzzyMatching.CharType.lower.elim`
  • `Lean.FuzzyMatching.CharType.separator.elim`
  • `Lean.FuzzyMatching.CharType.upper.elim`
  • `Lean.Grind.IntInterval.ci.elim`
  • `Lean.Grind.IntInterval.co.elim`
  • `Lean.Grind.IntInterval.ii.elim`
  • `Lean.Grind.IntInterval.io.elim`
  • `Lean.IR.Alt.ctor.elim`
  • `Lean.IR.Alt.default.elim`
  • `Lean.IR.Arg.erased.elim`
  • `Lean.IR.Arg.var.elim`
  • `Lean.IR.Decl.extern.elim`
  • `Lean.IR.Decl.fdecl.elim`
  • `Lean.IR.Expr.ap.elim`
  • `Lean.IR.Expr.box.elim`
  • `Lean.IR.Expr.ctor.elim`
  • `Lean.IR.Expr.fap.elim`
  • `Lean.IR.Expr.isShared.elim`
  • `Lean.IR.Expr.lit.elim`
  • `Lean.IR.Expr.pap.elim`
  • `Lean.IR.Expr.proj.elim`
  • `Lean.IR.Expr.reset.elim`
  • `Lean.IR.Expr.reuse.elim`
  • `Lean.IR.Expr.sproj.elim`
  • `Lean.IR.Expr.unbox.elim`
  • `Lean.IR.Expr.uproj.elim`
  • `Lean.IR.FnBody.case.elim`
  • `Lean.IR.FnBody.dec.elim`
  • `Lean.IR.FnBody.del.elim`
  • `Lean.IR.FnBody.inc.elim`
  • `Lean.IR.FnBody.jdecl.elim`
  • `Lean.IR.FnBody.jmp.elim`
  • `Lean.IR.FnBody.ret.elim`
  • `Lean.IR.FnBody.set.elim`
  • `Lean.IR.FnBody.setTag.elim`
  • `Lean.IR.FnBody.sset.elim`
  • `Lean.IR.FnBody.unreachable.elim`
  • `Lean.IR.FnBody.uset.elim`
  • `Lean.IR.FnBody.vdecl.elim`
  • `Lean.IR.IRType.erased.elim`
  • `Lean.IR.IRType.float.elim`
  • `Lean.IR.IRType.float32.elim`
  • `Lean.IR.IRType.object.elim`
  • `Lean.IR.IRType.struct.elim`
  • `Lean.IR.IRType.tagged.elim`
  • `Lean.IR.IRType.tobject.elim`
  • `Lean.IR.IRType.uint16.elim`
  • `Lean.IR.IRType.uint32.elim`
  • `Lean.IR.IRType.uint64.elim`
  • `Lean.IR.IRType.uint8.elim`
  • `Lean.IR.IRType.union.elim`
  • `Lean.IR.IRType.usize.elim`
  • `Lean.IR.IRType.void.elim`
  • `Lean.IR.LitVal.num.elim`
  • `Lean.IR.LitVal.str.elim`
  • `Lean.IR.LocalContextEntry.joinPoint.elim`
  • `Lean.IR.LocalContextEntry.localVar.elim`
  • `Lean.IR.LocalContextEntry.param.elim`
  • `Lean.IR.LogEntry.message.elim`
  • `Lean.IR.LogEntry.step.elim`
  • `Lean.Json.Structured.arr.elim`
  • `Lean.Json.Structured.obj.elim`
  • `Lean.JsonRpc.ErrorCode.contentModified.elim`
  • `Lean.JsonRpc.ErrorCode.internalError.elim`
  • `Lean.JsonRpc.ErrorCode.invalidParams.elim`
  • `Lean.JsonRpc.ErrorCode.invalidRequest.elim`
  • `Lean.JsonRpc.ErrorCode.methodNotFound.elim`
  • `Lean.JsonRpc.ErrorCode.parseError.elim`
  • `Lean.JsonRpc.ErrorCode.requestCancelled.elim`
  • `Lean.JsonRpc.ErrorCode.rpcNeedsReconnect.elim`
  • `Lean.JsonRpc.ErrorCode.serverNotInitialized.elim`
  • `Lean.JsonRpc.ErrorCode.unknownErrorCode.elim`
  • `Lean.JsonRpc.ErrorCode.workerCrashed.elim`
  • `Lean.JsonRpc.ErrorCode.workerExited.elim`
  • `Lean.JsonRpc.Message.notification.elim`
  • `Lean.JsonRpc.Message.request.elim`
  • `Lean.JsonRpc.Message.response.elim`
  • `Lean.JsonRpc.Message.responseError.elim`
  • `Lean.JsonRpc.MessageDirection.clientToServer.elim`
  • `Lean.JsonRpc.MessageDirection.serverToClient.elim`
  • `Lean.JsonRpc.MessageKind.notification.elim`
  • `Lean.JsonRpc.MessageKind.request.elim`
  • `Lean.JsonRpc.MessageKind.response.elim`
  • `Lean.JsonRpc.MessageKind.responseError.elim`
  • `Lean.JsonRpc.MessageMetaData.notification.elim`
  • `Lean.JsonRpc.MessageMetaData.request.elim`
  • `Lean.JsonRpc.MessageMetaData.response.elim`
  • `Lean.JsonRpc.MessageMetaData.responseError.elim`
  • `Lean.JsonRpc.RequestID.null.elim`
  • `Lean.JsonRpc.RequestID.num.elim`
  • `Lean.JsonRpc.RequestID.str.elim`
  • `Lean.Kernel.Exception.alreadyDeclared.elim`
  • `Lean.Kernel.Exception.appTypeMismatch.elim`
  • `Lean.Kernel.Exception.declHasFVars.elim`
  • `Lean.Kernel.Exception.declHasMVars.elim`
  • `Lean.Kernel.Exception.declTypeMismatch.elim`
  • `Lean.Kernel.Exception.deepRecursion.elim`
  • `Lean.Kernel.Exception.deterministicTimeout.elim`
  • `Lean.Kernel.Exception.excessiveMemory.elim`
  • `Lean.Kernel.Exception.exprTypeMismatch.elim`
  • `Lean.Kernel.Exception.funExpected.elim`
  • `Lean.Kernel.Exception.interrupted.elim`
  • `Lean.Kernel.Exception.invalidProj.elim`
  • `Lean.Kernel.Exception.letTypeMismatch.elim`
  • `Lean.Kernel.Exception.other.elim`
  • `Lean.Kernel.Exception.thmTypeIsNotProp.elim`
  • `Lean.Kernel.Exception.typeExpected.elim`
  • `Lean.Kernel.Exception.unknownConstant.elim`
  • `Lean.Lsp.CodeActionTriggerKind.automatic.elim`
  • `Lean.Lsp.CodeActionTriggerKind.invoked.elim`
  • `Lean.Lsp.CompletionIdentifier.const.elim`
  • `Lean.Lsp.CompletionIdentifier.fvar.elim`
  • `Lean.Lsp.CompletionItemKind.class.elim`
  • `Lean.Lsp.CompletionItemKind.color.elim`
  • `Lean.Lsp.CompletionItemKind.constant.elim`
  • `Lean.Lsp.CompletionItemKind.constructor.elim`
  • `Lean.Lsp.CompletionItemKind.enum.elim`
  • `Lean.Lsp.CompletionItemKind.enumMember.elim`
  • `Lean.Lsp.CompletionItemKind.event.elim`
  • `Lean.Lsp.CompletionItemKind.field.elim`
  • `Lean.Lsp.CompletionItemKind.file.elim`
  • `Lean.Lsp.CompletionItemKind.folder.elim`
  • `Lean.Lsp.CompletionItemKind.function.elim`
  • `Lean.Lsp.CompletionItemKind.interface.elim`
  • `Lean.Lsp.CompletionItemKind.keyword.elim`
  • `Lean.Lsp.CompletionItemKind.method.elim`
  • `Lean.Lsp.CompletionItemKind.module.elim`
  • `Lean.Lsp.CompletionItemKind.operator.elim`
  • `Lean.Lsp.CompletionItemKind.property.elim`
  • `Lean.Lsp.CompletionItemKind.reference.elim`
  • `Lean.Lsp.CompletionItemKind.snippet.elim`
  • `Lean.Lsp.CompletionItemKind.struct.elim`
  • `Lean.Lsp.CompletionItemKind.text.elim`
  • `Lean.Lsp.CompletionItemKind.typeParameter.elim`
  • `Lean.Lsp.CompletionItemKind.unit.elim`
  • `Lean.Lsp.CompletionItemKind.value.elim`
  • `Lean.Lsp.CompletionItemKind.variable.elim`
  • `Lean.Lsp.DependencyBuildMode.always.elim`
  • `Lean.Lsp.DependencyBuildMode.never.elim`
  • `Lean.Lsp.DependencyBuildMode.once.elim`
  • `Lean.Lsp.DiagnosticCode.int.elim`
  • `Lean.Lsp.DiagnosticCode.string.elim`
  • `Lean.Lsp.DiagnosticSeverity.error.elim`
  • `Lean.Lsp.DiagnosticSeverity.hint.elim`
  • `Lean.Lsp.DiagnosticSeverity.information.elim`
  • `Lean.Lsp.DiagnosticSeverity.warning.elim`
  • `Lean.Lsp.DiagnosticTag.deprecated.elim`
  • `Lean.Lsp.DiagnosticTag.unnecessary.elim`
  • `Lean.Lsp.DocumentChange.create.elim`
  • `Lean.Lsp.DocumentChange.delete.elim`
  • `Lean.Lsp.DocumentChange.edit.elim`
  • `Lean.Lsp.DocumentChange.rename.elim`
  • `Lean.Lsp.DocumentHighlightKind.read.elim`
  • `Lean.Lsp.DocumentHighlightKind.text.elim`
  • `Lean.Lsp.DocumentHighlightKind.write.elim`
  • `Lean.Lsp.FileChangeType.Changed.elim`
  • `Lean.Lsp.FileChangeType.Created.elim`
  • `Lean.Lsp.FileChangeType.Deleted.elim`
  • `Lean.Lsp.FoldingRangeKind.comment.elim`
  • `Lean.Lsp.FoldingRangeKind.imports.elim`
  • `Lean.Lsp.FoldingRangeKind.region.elim`
  • `Lean.Lsp.InlayHintKind.parameter.elim`
  • `Lean.Lsp.InlayHintKind.type.elim`
  • `Lean.Lsp.InlayHintLabel.name.elim`
  • `Lean.Lsp.InlayHintLabel.parts.elim`
  • `Lean.Lsp.InlayHintTooltip.markdown.elim`
  • `Lean.Lsp.InlayHintTooltip.plaintext.elim`
  • `Lean.Lsp.LeanDiagnosticTag.goalsAccomplished.elim`
  • `Lean.Lsp.LeanDiagnosticTag.unsolvedGoals.elim`
  • `Lean.Lsp.LeanFileProgressKind.fatalError.elim`
  • `Lean.Lsp.LeanFileProgressKind.processing.elim`
  • `Lean.Lsp.LeanImportMetaKind.full.elim`
  • `Lean.Lsp.LeanImportMetaKind.meta.elim`
  • `Lean.Lsp.LeanImportMetaKind.nonMeta.elim`
  • `Lean.Lsp.MarkupKind.markdown.elim`
  • `Lean.Lsp.MarkupKind.plaintext.elim`
  • `Lean.Lsp.MessageType.error.elim`
  • `Lean.Lsp.MessageType.info.elim`
  • `Lean.Lsp.MessageType.log.elim`
  • `Lean.Lsp.MessageType.warning.elim`
  • `Lean.Lsp.OpenNamespace.allExcept.elim`
  • `Lean.Lsp.OpenNamespace.renamed.elim`
  • `Lean.Lsp.ParameterInformationLabel.name.elim`
  • `Lean.Lsp.ParameterInformationLabel.range.elim`
  • `Lean.Lsp.RefIdent.const.elim`
  • `Lean.Lsp.RefIdent.fvar.elim`
  • `Lean.Lsp.RpcWireFormat.v0.elim`
  • `Lean.Lsp.RpcWireFormat.v1.elim`
  • `Lean.Lsp.SemanticTokenModifier.abstract.elim`
  • `Lean.Lsp.SemanticTokenModifier.async.elim`
  • `Lean.Lsp.SemanticTokenModifier.declaration.elim`
  • `Lean.Lsp.SemanticTokenModifier.defaultLibrary.elim`
  • `Lean.Lsp.SemanticTokenModifier.definition.elim`
  • `Lean.Lsp.SemanticTokenModifier.deprecated.elim`
  • `Lean.Lsp.SemanticTokenModifier.documentation.elim`
  • `Lean.Lsp.SemanticTokenModifier.modification.elim`
  • `Lean.Lsp.SemanticTokenModifier.readonly.elim`
  • `Lean.Lsp.SemanticTokenModifier.static.elim`
  • `Lean.Lsp.SemanticTokenType.class.elim`
  • `Lean.Lsp.SemanticTokenType.comment.elim`
  • `Lean.Lsp.SemanticTokenType.decorator.elim`
  • `Lean.Lsp.SemanticTokenType.enum.elim`
  • `Lean.Lsp.SemanticTokenType.enumMember.elim`
  • `Lean.Lsp.SemanticTokenType.event.elim`
  • `Lean.Lsp.SemanticTokenType.function.elim`
  • `Lean.Lsp.SemanticTokenType.interface.elim`
  • `Lean.Lsp.SemanticTokenType.keyword.elim`
  • `Lean.Lsp.SemanticTokenType.leanSorryLike.elim`
  • `Lean.Lsp.SemanticTokenType.macro.elim`
  • `Lean.Lsp.SemanticTokenType.method.elim`
  • `Lean.Lsp.SemanticTokenType.modifier.elim`
  • `Lean.Lsp.SemanticTokenType.namespace.elim`
  • `Lean.Lsp.SemanticTokenType.number.elim`
  • `Lean.Lsp.SemanticTokenType.operator.elim`
  • `Lean.Lsp.SemanticTokenType.parameter.elim`
  • `Lean.Lsp.SemanticTokenType.property.elim`
  • `Lean.Lsp.SemanticTokenType.regexp.elim`
  • `Lean.Lsp.SemanticTokenType.string.elim`
  • `Lean.Lsp.SemanticTokenType.struct.elim`
  • `Lean.Lsp.SemanticTokenType.type.elim`
  • `Lean.Lsp.SemanticTokenType.typeParameter.elim`
  • `Lean.Lsp.SemanticTokenType.variable.elim`
  • `Lean.Lsp.SignatureHelpTriggerKind.contentChange.elim`
  • `Lean.Lsp.SignatureHelpTriggerKind.invoked.elim`
  • `Lean.Lsp.SignatureHelpTriggerKind.triggerCharacter.elim`
  • `Lean.Lsp.SymbolKind.array.elim`
  • `Lean.Lsp.SymbolKind.boolean.elim`
  • `Lean.Lsp.SymbolKind.class.elim`
  • `Lean.Lsp.SymbolKind.constant.elim`
  • `Lean.Lsp.SymbolKind.constructor.elim`
  • `Lean.Lsp.SymbolKind.enum.elim`
  • `Lean.Lsp.SymbolKind.enumMember.elim`
  • `Lean.Lsp.SymbolKind.event.elim`
  • `Lean.Lsp.SymbolKind.field.elim`
  • `Lean.Lsp.SymbolKind.file.elim`
  • `Lean.Lsp.SymbolKind.function.elim`
  • `Lean.Lsp.SymbolKind.interface.elim`
  • `Lean.Lsp.SymbolKind.key.elim`
  • `Lean.Lsp.SymbolKind.method.elim`
  • `Lean.Lsp.SymbolKind.module.elim`
  • `Lean.Lsp.SymbolKind.namespace.elim`
  • `Lean.Lsp.SymbolKind.null.elim`
  • `Lean.Lsp.SymbolKind.number.elim`
  • `Lean.Lsp.SymbolKind.object.elim`
  • `Lean.Lsp.SymbolKind.operator.elim`
  • `Lean.Lsp.SymbolKind.package.elim`
  • `Lean.Lsp.SymbolKind.property.elim`
  • `Lean.Lsp.SymbolKind.string.elim`
  • `Lean.Lsp.SymbolKind.struct.elim`
  • `Lean.Lsp.SymbolKind.typeParameter.elim`
  • `Lean.Lsp.SymbolKind.variable.elim`
  • `Lean.Lsp.TextDocumentContentChangeEvent.fullChange.elim`
  • `Lean.Lsp.TextDocumentContentChangeEvent.rangeChange.elim`
  • `Lean.Lsp.TextDocumentSyncKind.full.elim`
  • `Lean.Lsp.TextDocumentSyncKind.incremental.elim`
  • `Lean.Lsp.TextDocumentSyncKind.none.elim`
  • `Lean.Lsp.Trace.messages.elim`
  • `Lean.Lsp.Trace.off.elim`
  • `Lean.Lsp.Trace.verbose.elim`
  • `Lean.Macro.Exception.error.elim`
  • `Lean.Macro.Exception.unsupportedSyntax.elim`
  • `Lean.Meta.ApplyNewGoals.all.elim`
  • `Lean.Meta.ApplyNewGoals.nonDependentFirst.elim`
  • `Lean.Meta.ApplyNewGoals.nonDependentOnly.elim`
  • `Lean.Meta.CoeFnType.coe.elim`
  • `Lean.Meta.CoeFnType.coeFun.elim`
  • `Lean.Meta.CoeFnType.coeSort.elim`
  • `Lean.Meta.CongrArgKind.cast.elim`
  • `Lean.Meta.CongrArgKind.eq.elim`
  • `Lean.Meta.CongrArgKind.fixed.elim`
  • `Lean.Meta.CongrArgKind.fixedNoParam.elim`
  • `Lean.Meta.CongrArgKind.heq.elim`
  • `Lean.Meta.CongrArgKind.subsingletonInst.elim`
  • `Lean.Meta.DefEqArgsFirstPassResult.failed.elim`
  • `Lean.Meta.DefEqArgsFirstPassResult.ok.elim`
  • `Lean.Meta.DefEqCacheKind.permanent.elim`
  • `Lean.Meta.DefEqCacheKind.transient.elim`
  • `Lean.Meta.DeltaStepResult.cont.elim`
  • `Lean.Meta.DeltaStepResult.diff.elim`
  • `Lean.Meta.DeltaStepResult.eq.elim`
  • `Lean.Meta.DeltaStepResult.unknown.elim`
  • `Lean.Meta.EtaStructMode.all.elim`
  • `Lean.Meta.EtaStructMode.none.elim`
  • `Lean.Meta.EtaStructMode.notClasses.elim`
  • `Lean.Meta.FunIndParamKind.dropped.elim`
  • `Lean.Meta.FunIndParamKind.param.elim`
  • `Lean.Meta.FunIndParamKind.target.elim`
  • `Lean.Meta.InjectionResult.solved.elim`
  • `Lean.Meta.InjectionResult.subgoal.elim`
  • `Lean.Meta.InjectionResultCore.solved.elim`
  • `Lean.Meta.InjectionResultCore.subgoal.elim`
  • `Lean.Meta.InjectionsResult.solved.elim`
  • `Lean.Meta.InjectionsResult.subgoal.elim`
  • `Lean.Meta.NativeEqTrueResult.notTrue.elim`
  • `Lean.Meta.NativeEqTrueResult.success.elim`
  • `Lean.Meta.NormCast.Label.elim`
  • `Lean.Meta.Occurrences.all.elim`
  • `Lean.Meta.Occurrences.neg.elim`
  • `Lean.Meta.Occurrences.pos.elim`
  • `Lean.Meta.Origin.decl.elim`
  • `Lean.Meta.Origin.fvar.elim`
  • `Lean.Meta.Origin.other.elim`
  • `Lean.Meta.Origin.stx.elim`
  • `Lean.Meta.ProjReductionKind.no.elim`
  • `Lean.Meta.ProjReductionKind.yes.elim`
  • `Lean.Meta.ProjReductionKind.yesWithDelta.elim`
  • `Lean.Meta.ProjReductionKind.yesWithDeltaI.elim`
  • `Lean.Meta.RecursorUnivLevelPos.majorType.elim`
  • `Lean.Meta.RecursorUnivLevelPos.motive.elim`
  • `Lean.Meta.ReduceMatcherResult.notMatcher.elim`
  • `Lean.Meta.ReduceMatcherResult.partialApp.elim`
  • `Lean.Meta.ReduceMatcherResult.reduced.elim`
  • `Lean.Meta.ReduceMatcherResult.stuck.elim`
  • `Lean.Meta.SimpEntry.thm.elim`
  • `Lean.Meta.SimpEntry.toUnfold.elim`
  • `Lean.Meta.SimpEntry.toUnfoldThms.elim`
  • `Lean.Meta.SplitKind.both.elim`
  • `Lean.Meta.SplitKind.ite.elim`
  • `Lean.Meta.SplitKind.match.elim`
  • `Lean.Meta.TacticResultCNM.closed.elim`
  • `Lean.Meta.TacticResultCNM.modified.elim`
  • `Lean.Meta.TacticResultCNM.noChange.elim`
  • `Lean.Meta.TransparencyMode.all.elim`
  • `Lean.Meta.TransparencyMode.default.elim`
  • `Lean.Meta.TransparencyMode.implicit.elim`
  • `Lean.Meta.TransparencyMode.instances.elim`
  • `Lean.Meta.TransparencyMode.none.elim`
  • `Lean.Meta.TransparencyMode.reducible.elim`
  • `Lean.Meta.ZetaUnusedMode.no.elim`
  • `Lean.Meta.ZetaUnusedMode.singlePass.elim`
  • `Lean.Meta.ZetaUnusedMode.twoPasses.elim`
  • `Lean.Name.MatchUpToIndexSuffix.exactMatch.elim`
  • `Lean.Name.MatchUpToIndexSuffix.noMatch.elim`
  • `Lean.Name.MatchUpToIndexSuffix.suffixMatch.elim`
  • `Lean.Parser.AliasValue.binary.elim`
  • `Lean.Parser.AliasValue.const.elim`
  • `Lean.Parser.AliasValue.unary.elim`
  • `Lean.Parser.FirstTokens.epsilon.elim`
  • `Lean.Parser.FirstTokens.optTokens.elim`
  • `Lean.Parser.FirstTokens.tokens.elim`
  • `Lean.Parser.FirstTokens.unknown.elim`
  • `Lean.Parser.LeadingIdentBehavior.both.elim`
  • `Lean.Parser.LeadingIdentBehavior.default.elim`
  • `Lean.Parser.LeadingIdentBehavior.symbol.elim`
  • `Lean.Parser.OrElseOnAntiquotBehavior.acceptLhs.elim`
  • `Lean.Parser.OrElseOnAntiquotBehavior.merge.elim`
  • `Lean.Parser.OrElseOnAntiquotBehavior.takeLongest.elim`
  • `Lean.Parser.ParserResolution.alias.elim`
  • `Lean.Parser.ParserResolution.category.elim`
  • `Lean.Parser.ParserResolution.parser.elim`
  • `Lean.PersistentHashMap.Entry.entry.elim`
  • `Lean.PersistentHashMap.Entry.null.elim`
  • `Lean.PersistentHashMap.Entry.ref.elim`
  • `Lean.PersistentHashMap.Node.collision.elim`
  • `Lean.PersistentHashMap.Node.entries.elim`
  • `Lean.PersistentHashMap.Zipper.consCollision.elim`
  • `Lean.PersistentHashMap.Zipper.consEntries.elim`
  • `Lean.PersistentHashMap.Zipper.done.elim`
  • `Lean.PostprocessTraces.TraceTree.leaf.elim`
  • `Lean.PostprocessTraces.TraceTree.node.elim`
  • `Lean.ScopedEnvExtension.Entry.global.elim`
  • `Lean.ScopedEnvExtension.Entry.scoped.elim`
  • `Lean.Server.GoToKind.declaration.elim`
  • `Lean.Server.GoToKind.definition.elim`
  • `Lean.Server.GoToKind.type.elim`
  • `Lean.Server.RequestHandlerCompleteness.complete.elim`
  • `Lean.Server.RequestHandlerCompleteness.partial.elim`
  • `Lean.Server.ServerRequestResponse.failure.elim`
  • `Lean.Server.ServerRequestResponse.success.elim`
  • `Lean.SubExpr.GoalLocation.hyp.elim`
  • `Lean.SubExpr.GoalLocation.hypType.elim`
  • `Lean.SubExpr.GoalLocation.hypValue.elim`
  • `Lean.SubExpr.GoalLocation.target.elim`
  • `Lean.Syntax.Preresolved.decl.elim`
  • `Lean.Syntax.Preresolved.namespace.elim`
  • `Lean.Widget.DiffTag.wasChanged.elim`
  • `Lean.Widget.DiffTag.wasDeleted.elim`
  • `Lean.Widget.DiffTag.wasInserted.elim`
  • `Lean.Widget.DiffTag.willChange.elim`
  • `Lean.Widget.DiffTag.willDelete.elim`
  • `Lean.Widget.DiffTag.willInsert.elim`
  • `Lean.Widget.HighlightedMsgEmbed.expr.elim`
  • `Lean.Widget.HighlightedMsgEmbed.goal.elim`
  • `Lean.Widget.HighlightedMsgEmbed.highlighted.elim`
  • `Lean.Widget.HighlightedMsgEmbed.trace.elim`
  • `Lean.Widget.HighlightedMsgEmbed.widget.elim`
  • `Lean.Widget.HighlightedSubexprInfo.highlighted.elim`
  • `Lean.Widget.HighlightedSubexprInfo.subexpr.elim`
  • `Lean.Widget.MsgEmbed.expr.elim`
  • `Lean.Widget.MsgEmbed.goal.elim`
  • `Lean.Widget.MsgEmbed.trace.elim`
  • `Lean.Widget.MsgEmbed.widget.elim`
  • `Lean.Widget.PanelWidgetsExtEntry.global.elim`
  • `Lean.Widget.PanelWidgetsExtEntry.local.elim`
  • `Lean.Widget.StrictOrLazy.lazy.elim`
  • `Lean.Widget.StrictOrLazy.strict.elim`
  • `Lean.Widget.TaggedText.append.elim`
  • `Lean.Widget.TaggedText.tag.elim`
  • `Lean.Widget.TaggedText.text.elim`
  • `Std.Async.MaybeTask.ofTask.elim`
  • `Std.Async.MaybeTask.pure.elim`
  • `Std.Async.Signal.sigabrt.elim`
  • `Std.Async.Signal.sigalrm.elim`
  • `Std.Async.Signal.sigchld.elim`
  • `Std.Async.Signal.sigcont.elim`
  • `Std.Async.Signal.sighup.elim`
  • `Std.Async.Signal.sigint.elim`
  • `Std.Async.Signal.sigio.elim`
  • `Std.Async.Signal.sigprof.elim`
  • `Std.Async.Signal.sigquit.elim`
  • `Std.Async.Signal.sigsys.elim`
  • `Std.Async.Signal.sigterm.elim`
  • `Std.Async.Signal.sigtrap.elim`
  • `Std.Async.Signal.sigtstp.elim`
  • `Std.Async.Signal.sigttin.elim`
  • `Std.Async.Signal.sigttou.elim`
  • `Std.Async.Signal.sigurg.elim`
  • `Std.Async.Signal.sigusr1.elim`
  • `Std.Async.Signal.sigusr2.elim`
  • `Std.Async.Signal.sigvtalrm.elim`
  • `Std.Async.Signal.sigwinch.elim`
  • `Std.Async.Signal.sigxcpu.elim`
  • `Std.Async.Signal.sigxfsz.elim`
  • `Std.Broadcast.Error.alreadyClosed.elim`
  • `Std.Broadcast.Error.closed.elim`
  • `Std.Broadcast.Error.notSubscribed.elim`
  • `Std.CancellationToken.Consumer.normal.elim`
  • `Std.CancellationToken.Consumer.select.elim`
  • `Std.CloseableChannel.Error.alreadyClosed.elim`
  • `Std.CloseableChannel.Error.closed.elim`
  • `Std.CloseableChannel.Flavors.bounded.elim`
  • `Std.CloseableChannel.Flavors.unbounded.elim`
  • `Std.CloseableChannel.Flavors.zero.elim`
  • `Std.Do.PostShape.arg.elim`
  • `Std.Do.PostShape.except.elim`
  • `Std.Do.PostShape.pure.elim`
  • `Std.Format.FlattenAllowability.allow.elim`
  • `Std.Format.FlattenAllowability.disallow.elim`
  • `Std.Format.FlattenBehavior.allOrNone.elim`
  • `Std.Format.FlattenBehavior.fill.elim`
  • `Std.Http.Method.acl.elim`
  • `Std.Http.Method.baselineControl.elim`
  • `Std.Http.Method.bind.elim`
  • `Std.Http.Method.checkin.elim`
  • `Std.Http.Method.checkout.elim`
  • `Std.Http.Method.connect.elim`
  • `Std.Http.Method.copy.elim`
  • `Std.Http.Method.delete.elim`
  • `Std.Http.Method.get.elim`
  • `Std.Http.Method.head.elim`
  • `Std.Http.Method.label.elim`
  • `Std.Http.Method.link.elim`
  • `Std.Http.Method.lock.elim`
  • `Std.Http.Method.merge.elim`
  • `Std.Http.Method.mkactivity.elim`
  • `Std.Http.Method.mkcalendar.elim`
  • `Std.Http.Method.mkcol.elim`
  • `Std.Http.Method.mkredirectref.elim`
  • `Std.Http.Method.mkworkspace.elim`
  • `Std.Http.Method.move.elim`
  • `Std.Http.Method.options.elim`
  • `Std.Http.Method.orderpatch.elim`
  • `Std.Http.Method.patch.elim`
  • `Std.Http.Method.post.elim`
  • `Std.Http.Method.pri.elim`
  • `Std.Http.Method.propfind.elim`
  • `Std.Http.Method.proppatch.elim`
  • `Std.Http.Method.put.elim`
  • `Std.Http.Method.query.elim`
  • `Std.Http.Method.rebind.elim`
  • `Std.Http.Method.report.elim`
  • `Std.Http.Method.search.elim`
  • `Std.Http.Method.trace.elim`
  • `Std.Http.Method.unbind.elim`
  • `Std.Http.Method.uncheckout.elim`
  • `Std.Http.Method.unlink.elim`
  • `Std.Http.Method.unlock.elim`
  • `Std.Http.Method.update.elim`
  • `Std.Http.Method.updateredirectref.elim`
  • `Std.Http.Method.versionControl.elim`
  • `Std.Http.RequestTarget.absoluteForm.elim`
  • `Std.Http.RequestTarget.asteriskForm.elim`
  • `Std.Http.RequestTarget.authorityForm.elim`
  • `Std.Http.RequestTarget.originForm.elim`
  • `Std.Http.Status.accepted.elim`
  • `Std.Http.Status.alreadyReported.elim`
  • `Std.Http.Status.badGateway.elim`
  • `Std.Http.Status.badRequest.elim`
  • `Std.Http.Status.conflict.elim`
  • `Std.Http.Status.continue.elim`
  • `Std.Http.Status.created.elim`
  • `Std.Http.Status.earlyHints.elim`
  • `Std.Http.Status.expectationFailed.elim`
  • `Std.Http.Status.failedDependency.elim`
  • `Std.Http.Status.forbidden.elim`
  • `Std.Http.Status.found.elim`
  • `Std.Http.Status.gatewayTimeout.elim`
  • `Std.Http.Status.gone.elim`
  • `Std.Http.Status.httpVersionNotSupported.elim`
  • `Std.Http.Status.imATeapot.elim`
  • `Std.Http.Status.imUsed.elim`
  • `Std.Http.Status.insufficientStorage.elim`
  • `Std.Http.Status.internalServerError.elim`
  • `Std.Http.Status.lengthRequired.elim`
  • `Std.Http.Status.locked.elim`
  • `Std.Http.Status.loopDetected.elim`
  • `Std.Http.Status.methodNotAllowed.elim`
  • `Std.Http.Status.misdirectedRequest.elim`
  • `Std.Http.Status.movedPermanently.elim`
  • `Std.Http.Status.multiStatus.elim`
  • `Std.Http.Status.multipleChoices.elim`
  • `Std.Http.Status.networkAuthenticationRequired.elim`
  • `Std.Http.Status.noContent.elim`
  • `Std.Http.Status.nonAuthoritativeInformation.elim`
  • `Std.Http.Status.notAcceptable.elim`
  • `Std.Http.Status.notExtended.elim`
  • `Std.Http.Status.notFound.elim`
  • `Std.Http.Status.notImplemented.elim`
  • `Std.Http.Status.notModified.elim`
  • `Std.Http.Status.ok.elim`
  • `Std.Http.Status.other.elim`
  • `Std.Http.Status.partialContent.elim`
  • `Std.Http.Status.payloadTooLarge.elim`
  • `Std.Http.Status.paymentRequired.elim`
  • `Std.Http.Status.permanentRedirect.elim`
  • `Std.Http.Status.preconditionFailed.elim`
  • `Std.Http.Status.preconditionRequired.elim`
  • `Std.Http.Status.processing.elim`
  • `Std.Http.Status.proxyAuthenticationRequired.elim`
  • `Std.Http.Status.rangeNotSatisfiable.elim`
  • `Std.Http.Status.requestHeaderFieldsTooLarge.elim`
  • `Std.Http.Status.requestTimeout.elim`
  • `Std.Http.Status.resetContent.elim`
  • `Std.Http.Status.seeOther.elim`
  • `Std.Http.Status.serviceUnavailable.elim`
  • `Std.Http.Status.switchingProtocols.elim`
  • `Std.Http.Status.temporaryRedirect.elim`
  • `Std.Http.Status.tooEarly.elim`
  • `Std.Http.Status.tooManyRequests.elim`
  • `Std.Http.Status.unauthorized.elim`
  • `Std.Http.Status.unavailableForLegalReasons.elim`
  • `Std.Http.Status.unprocessableEntity.elim`
  • `Std.Http.Status.unsupportedMediaType.elim`
  • `Std.Http.Status.unused.elim`
  • `Std.Http.Status.upgradeRequired.elim`
  • `Std.Http.Status.uriTooLong.elim`
  • `Std.Http.Status.useProxy.elim`
  • `Std.Http.Status.variantAlsoNegotiates.elim`
  • `Std.Http.Version.v10.elim`
  • `Std.Http.Version.v11.elim`
  • `Std.Http.Version.v20.elim`
  • `Std.Http.Version.v30.elim`
  • `Std.Net.AddressFamily.ipv4.elim`
  • `Std.Net.AddressFamily.ipv6.elim`
  • `Std.Net.IPAddr.v4.elim`
  • `Std.Net.IPAddr.v6.elim`
  • `Std.Net.SocketAddress.v4.elim`
  • `Std.Net.SocketAddress.v6.elim`
  • `Std.Notify.Consumer.normal.elim`
  • `Std.Notify.Consumer.select.elim`
  • `Std.Time.Awareness.any.elim`
  • `Std.Time.Awareness.only.elim`
  • `Std.Time.DayPeriod.am.elim`
  • `Std.Time.DayPeriod.midnight.elim`
  • `Std.Time.DayPeriod.noon.elim`
  • `Std.Time.DayPeriod.pm.elim`
  • `Std.Time.ExtendedDayPeriod.afternoon.elim`
  • `Std.Time.ExtendedDayPeriod.evening.elim`
  • `Std.Time.ExtendedDayPeriod.midnight.elim`
  • `Std.Time.ExtendedDayPeriod.morning.elim`
  • `Std.Time.ExtendedDayPeriod.night.elim`
  • `Std.Time.ExtendedDayPeriod.noon.elim`
  • `Std.Time.FormatPart.modifier.elim`
  • `Std.Time.FormatPart.string.elim`
  • `Std.Time.Fraction.nano.elim`
  • `Std.Time.Fraction.truncated.elim`
  • `Std.Time.HourMarker.am.elim`
  • `Std.Time.HourMarker.pm.elim`
  • `Std.Time.Modifier.A.elim`
  • `Std.Time.Modifier.B.elim`
  • `Std.Time.Modifier.D.elim`
  • `Std.Time.Modifier.E.elim`
  • `Std.Time.Modifier.F.elim`
  • `Std.Time.Modifier.G.elim`
  • `Std.Time.Modifier.H.elim`
  • `Std.Time.Modifier.K.elim`
  • `Std.Time.Modifier.L.elim`
  • `Std.Time.Modifier.M.elim`
  • `Std.Time.Modifier.N.elim`
  • `Std.Time.Modifier.O.elim`
  • `Std.Time.Modifier.Q.elim`
  • `Std.Time.Modifier.S.elim`
  • `Std.Time.Modifier.V.elim`
  • `Std.Time.Modifier.W.elim`
  • `Std.Time.Modifier.X.elim`
  • `Std.Time.Modifier.Y.elim`
  • `Std.Time.Modifier.Z.elim`
  • `Std.Time.Modifier.a.elim`
  • `Std.Time.Modifier.b.elim`
  • `Std.Time.Modifier.c.elim`
  • `Std.Time.Modifier.d.elim`
  • `Std.Time.Modifier.e.elim`
  • `Std.Time.Modifier.h.elim`
  • `Std.Time.Modifier.k.elim`
  • `Std.Time.Modifier.m.elim`
  • `Std.Time.Modifier.n.elim`
  • `Std.Time.Modifier.q.elim`
  • `Std.Time.Modifier.s.elim`
  • `Std.Time.Modifier.u.elim`
  • `Std.Time.Modifier.v.elim`
  • `Std.Time.Modifier.w.elim`
  • `Std.Time.Modifier.x.elim`
  • `Std.Time.Modifier.y.elim`
  • `Std.Time.Modifier.z.elim`
  • `Std.Time.OffsetO.full.elim`
  • `Std.Time.OffsetO.short.elim`
  • `Std.Time.OffsetX.hour.elim`
  • `Std.Time.OffsetX.hourMinute.elim`
  • `Std.Time.OffsetX.hourMinuteColon.elim`
  • `Std.Time.OffsetX.hourMinuteSecond.elim`
  • `Std.Time.OffsetX.hourMinuteSecondColon.elim`
  • `Std.Time.OffsetZ.full.elim`
  • `Std.Time.OffsetZ.hourMinute.elim`
  • `Std.Time.OffsetZ.hourMinuteSecondColon.elim`
  • `Std.Time.Text.full.elim`
  • `Std.Time.Text.narrow.elim`
  • `Std.Time.Text.short.elim`
  • `Std.Time.Text.twoLetterShort.elim`
  • `Std.Time.Weekday.friday.elim`
  • `Std.Time.Weekday.monday.elim`
  • `Std.Time.Weekday.saturday.elim`
  • `Std.Time.Weekday.sunday.elim`
  • `Std.Time.Weekday.thursday.elim`
  • `Std.Time.Weekday.tuesday.elim`
  • `Std.Time.Weekday.wednesday.elim`
  • `Std.Time.Year.any.elim`
  • `Std.Time.Year.extended.elim`
  • `Std.Time.Year.fourDigit.elim`
  • `Std.Time.Year.twoDigit.elim`
  • `Std.Time.ZoneId.full.elim`
  • `Std.Time.ZoneId.short.elim`
  • `Std.Time.ZoneId.unknown.elim`
  • `Std.Time.ZoneName.full.elim`
  • `Std.Time.ZoneName.short.elim`
  • `String.Slice.RevSplitIterator.atEnd.elim`
  • `String.Slice.RevSplitIterator.operating.elim`
  • `String.Slice.SplitInclusiveIterator.atEnd.elim`
  • `String.Slice.SplitInclusiveIterator.operating.elim`
  • `String.Slice.SplitIterator.atEnd.elim`
  • `String.Slice.SplitIterator.operating.elim`
  • `Batteries.BinomialHeap.Imp.Heap.cons.elim`
  • `Batteries.BinomialHeap.Imp.Heap.nil.elim`
  • `Batteries.BinomialHeap.Imp.HeapNode.nil.elim`
  • `Batteries.BinomialHeap.Imp.HeapNode.node.elim`
  • `Batteries.Tactic.Alias.AliasInfo.forward.elim`
  • `Batteries.Tactic.Alias.AliasInfo.plain.elim`
  • `Batteries.Tactic.Alias.AliasInfo.reverse.elim`
  • `Codegen.Bindings.Origin.builtin.elim`
  • `Codegen.Bindings.Origin.imported.elim`
  • `Codegen.Bindings.Origin.local.elim`
  • `Codegen.Bindings.Space.type.elim`
  • `Codegen.Bindings.Space.value.elim`
  • `Codegen.Template.Arg.expr.elim`
  • `Codegen.Template.Arg.exprs.elim`
  • `Codegen.Template.Arg.int.elim`
  • `Codegen.Template.Arg.stmts.elim`
  • `Codegen.Template.Arg.str.elim`
  • `Codegen.Template.Arg.type.elim`
  • `Codegen.Template.Fields.cons.elim`
  • `Codegen.Template.Fields.nil.elim`
  • `Codegen.Template.StmtTpl.assign.elim`
  • `Codegen.Template.StmtTpl.breakTo.elim`
  • `Codegen.Template.StmtTpl.constYield.elim`
  • `Codegen.Template.StmtTpl.exprStmt.elim`
  • `Codegen.Template.StmtTpl.ifElse.elim`
  • `Codegen.Template.StmtTpl.letInit.elim`
  • `Codegen.Template.StmtTpl.ret.elim`
  • `Codegen.Template.StmtTpl.whileTrue.elim`
  • `Codegen.Template.StmtTpl.yieldDiscard.elim`
  • `Codegen.Template.StmtTpls.cons.elim`
  • `Codegen.Template.StmtTpls.hole.elim`
  • `Codegen.Template.StmtTpls.nil.elim`
  • `Codegen.Template.Tpl.arr.elim`
  • `Codegen.Template.Tpl.arrHole.elim`
  • `Codegen.Template.Tpl.arrow.elim`
  • `Codegen.Template.Tpl.arrowBlock.elim`
  • `Codegen.Template.Tpl.binderRef.elim`
  • `Codegen.Template.Tpl.bool.elim`
  • `Codegen.Template.Tpl.call.elim`
  • `Codegen.Template.Tpl.callSpread.elim`
  • `Codegen.Template.Tpl.cond.elim`
  • `Codegen.Template.Tpl.generator.elim`
  • `Codegen.Template.Tpl.hole.elim`
  • `Codegen.Template.Tpl.ident.elim`
  • `Codegen.Template.Tpl.int.elim`
  • `Codegen.Template.Tpl.intHole.elim`
  • `Codegen.Template.Tpl.lambda.elim`
  • `Codegen.Template.Tpl.method.elim`
  • `Codegen.Template.Tpl.object.elim`
  • `Codegen.Template.Tpl.str.elim`
  • `Codegen.Template.Tpl.strHole.elim`
  • `Codegen.Template.Tpls.cons.elim`
  • `Codegen.Template.Tpls.nil.elim`
  • `Codegen.Templates.ArgPat.daemon.elim`
  • `Codegen.Templates.ArgPat.decisionTag.elim`
  • `Codegen.Templates.ArgPat.is.elim`
  • `Codegen.Templates.ArgPat.someTerm.elim`
  • `Codegen.Templates.ArgPat.someTy.elim`
  • `Codegen.Templates.Fixed.bool.elim`
  • `Codegen.Templates.Fixed.decision.elim`
  • `Codegen.Templates.Fixed.mode.elim`
  • `Codegen.Templates.Fixed.noTerm.elim`
  • `Codegen.Templates.Fixed.noTy.elim`
  • `Codegen.Templates.Fixed.term.elim`
  • `Codegen.Templates.RowOut.refuse.elim`
  • `Codegen.Templates.RowOut.rowCall.elim`
  • `Codegen.Templates.RowOut.stmt.elim`
  • `Codegen.Templates.RowOut.tpl.elim`
  • `Env.ContextUpdate.provide.elim`
  • `Env.ContextUpdate.provideService.elim`
  • `Env.ContextUpdate.setTo.elim`
  • `Agreement.LocalStep.finished.elim`
  • `Agreement.LocalStep.running.elim`
  • `Authoring.Reason.duplicateLayer.elim`
  • `Authoring.Reason.duplicateRow.elim`
  • `Authoring.Reason.placement.elim`
  • `Authoring.Reason.reservedName.elim`
  • `Authoring.Reason.unbound.elim`
  • `Authoring.Reason.unboundLayer.elim`
  • `Authoring.Reason.unboundRow.elim`
  • `NativeAtom.CustomScheme.causeError.elim`
  • `NativeAtom.CustomScheme.causeTest.elim`
  • `NativeAtom.CustomScheme.project.elim`
  • `NativeAtom.Scheme.alts.elim`
  • `NativeAtom.Scheme.custom.elim`
  • `NativeAtom.Scheme.mono.elim`
  • `NativeAtom.Scheme.poly.elim`
  • `NativeAtom.Scheme.variadic.elim`
  • `NativeAtom.Shape.bool1.elim`
  • `NativeAtom.Shape.bool2.elim`
  • `NativeAtom.Shape.nat1.elim`
  • `NativeAtom.Shape.nat2.elim`
  • `NativeAtom.Shape.natRel.elim`
  • `NativeAtom.Shape.natTest.elim`
  • `NativeAtom.Shape.str2.elim`
  • `NativeAtom.Shape.strTest.elim`
  • `Body.acquireIn.elim`
  • `Body.at_.elim`
  • `Body.fin.elim`
  • `Body.layerBuild.elim`
  • `Body.raceCleanup.elim`
  • `Body.release.elim`
  • `FiberOp.ambientScope.elim`
  • `FiberOp.async.elim`
  • `FiberOp.await.elim`
  • `FiberOp.awaitAll.elim`
  • `FiberOp.awaitAllFailFast.elim`
  • `FiberOp.awaitNewChildren.elim`
  • `FiberOp.cancelRace.elim`
  • `FiberOp.closeIter.elim`
  • `FiberOp.closeScope.elim`
  • `FiberOp.closeWalk.elim`
  • `FiberOp.construction.elim`
  • `FiberOp.dropObservers.elim`
  • `FiberOp.finishFinalizer.elim`
  • `FiberOp.foreignRelease.elim`
  • `FiberOp.fork.elim`
  • `FiberOp.forkIn.elim`
  • `FiberOp.forkScoped.elim`
  • `FiberOp.frontier.elim`
  • `FiberOp.gen.elim`
  • `FiberOp.getContext.elim`
  • `FiberOp.getId.elim`
  • `FiberOp.guard_.elim`
  • `FiberOp.interrupt.elim`
  • `FiberOp.interruptAll.elim`
  • `FiberOp.interruptAs.elim`
  • `FiberOp.interruptScoped.elim`
  • `FiberOp.loop.elim`
  • `FiberOp.mask.elim`
  • `FiberOp.raceAll.elim`
  • `FiberOp.raceRegister.elim`
  • `FiberOp.refuse.elim`
  • `FiberOp.runIn.elim`
  • `FiberOp.scopeExit.elim`
  • `FiberOp.scoped.elim`
  • `FiberOp.setContext.elim`
  • `FiberOp.snapshotChildren.elim`
  • `FiberOp.suspend.elim`
  • `FiberOp.sync.elim`
  • `FiberOp.unguard.elim`
  • `FiberOp.yieldNow.elim`
  • `GuardKind.all.elim`
  • `GuardKind.onExit.elim`
  • `GuardKind.onFailure.elim`
  • `GuardKind.onSuccess.elim`
  • `PendingReason.compileFuel.elim`
  • `PendingReason.unsupported.elim`
  • `ScopeFrame.answer.elim`
  • `ScopeFrame.asyncFinalizer.elim`
  • `ScopeFrame.finalizerMask.elim`
  • `ScopeFrame.iter.elim`
  • `ScopeFrame.loop.elim`
  • `ScopeFrame.restoreMask.elim`
  • `ScopeFrame.resume.elim`
  • `Table.LawfulRefusal.builtinCollision.elim`
  • `Table.LawfulRefusal.duplicateKey.elim`
  • `Table.LawfulRefusal.valueRowTrailing.elim`
  • `Ty.Variance.co.elim`
  • `Ty.Variance.contra.elim`
  • `Ty.Variance.inv.elim`
  • `Expect.fiber.elim`
  • `Expect.hook.elim`
  • `Expect.root.elim`
  • `Expected.fiber.elim`
  • `Expected.inherited.elim`
  • `Source.cause.elim`
  • `Source.column.elim`
  • `Source.continuation.elim`
  • `Source.custom.elim`
  • `Source.exit.elim`
  • `Source.hook.elim`
  • `Source.journal.elim`
  • `Source.nested.elim`
  • `Source.owner.elim`
  • `Source.program.elim`
  • `Source.refused.elim`
  • `Source.value.elim`
  • `Store.CascadingStore.SourceTier.local.elim`
  • `Store.CascadingStore.SourceTier.upstream.elim`
  • `Store.Tag.Code.bool.elim`
  • `Store.Tag.Code.bytes.elim`
  • `Store.Tag.Code.ctor.elim`
  • `Store.Tag.Code.handle.elim`
  • `Store.Tag.Code.list.elim`
  • `Store.Tag.Code.nat.elim`
  • `Store.Tag.Code.none.elim`
  • `Store.Tag.Code.pair.elim`
  • `Store.Tag.Code.ref.elim`
  • `Store.Tag.Code.some.elim`
  • `Store.Tag.Code.string.elim`
  • `Store.Tag.Code.unit.elim`
  • `Float.Model.UnpackedFloat.Accuracy.exact.elim`
  • `Float.Model.UnpackedFloat.Accuracy.inexact.elim`
  • `Float.Model.UnpackedFloat.Sign.negative.elim`
  • `Float.Model.UnpackedFloat.Sign.positive.elim`
  • `Int.Internal.Linear.Expr.add.elim`
  • `Int.Internal.Linear.Expr.mulL.elim`
  • `Int.Internal.Linear.Expr.mulR.elim`
  • `Int.Internal.Linear.Expr.neg.elim`
  • `Int.Internal.Linear.Expr.num.elim`
  • `Int.Internal.Linear.Expr.sub.elim`
  • `Int.Internal.Linear.Expr.var.elim`
  • `Int.Internal.Linear.Poly.add.elim`
  • `Int.Internal.Linear.Poly.num.elim`
  • `Lean.Compiler.LCNF.Alt.alt.elim`
  • `Lean.Compiler.LCNF.Alt.ctorAlt.elim`
  • `Lean.Compiler.LCNF.Alt.default.elim`
  • `Lean.Compiler.LCNF.Arg.erased.elim`
  • `Lean.Compiler.LCNF.Arg.fvar.elim`
  • `Lean.Compiler.LCNF.Arg.type.elim`
  • `Lean.Compiler.LCNF.CacheAuxDeclResult.alreadyCached.elim`
  • `Lean.Compiler.LCNF.CacheAuxDeclResult.new.elim`
  • `Lean.Compiler.LCNF.Code.cases.elim`
  • `Lean.Compiler.LCNF.Code.dec.elim`
  • `Lean.Compiler.LCNF.Code.del.elim`
  • `Lean.Compiler.LCNF.Code.fun.elim`
  • `Lean.Compiler.LCNF.Code.inc.elim`
  • `Lean.Compiler.LCNF.Code.jmp.elim`
  • `Lean.Compiler.LCNF.Code.jp.elim`
  • `Lean.Compiler.LCNF.Code.let.elim`
  • `Lean.Compiler.LCNF.Code.oset.elim`
  • `Lean.Compiler.LCNF.Code.return.elim`
  • `Lean.Compiler.LCNF.Code.setTag.elim`
  • `Lean.Compiler.LCNF.Code.sset.elim`
  • `Lean.Compiler.LCNF.Code.unreach.elim`
  • `Lean.Compiler.LCNF.Code.uset.elim`
  • `Lean.Compiler.LCNF.CodeDecl.dec.elim`
  • `Lean.Compiler.LCNF.CodeDecl.del.elim`
  • `Lean.Compiler.LCNF.CodeDecl.fun.elim`
  • `Lean.Compiler.LCNF.CodeDecl.inc.elim`
  • `Lean.Compiler.LCNF.CodeDecl.jp.elim`
  • `Lean.Compiler.LCNF.CodeDecl.let.elim`
  • `Lean.Compiler.LCNF.CodeDecl.oset.elim`
  • `Lean.Compiler.LCNF.CodeDecl.setTag.elim`
  • `Lean.Compiler.LCNF.CodeDecl.sset.elim`
  • `Lean.Compiler.LCNF.CodeDecl.uset.elim`
  • `Lean.Compiler.LCNF.CtorFieldInfo.erased.elim`
  • `Lean.Compiler.LCNF.CtorFieldInfo.object.elim`
  • `Lean.Compiler.LCNF.CtorFieldInfo.scalar.elim`
  • `Lean.Compiler.LCNF.CtorFieldInfo.usize.elim`
  • `Lean.Compiler.LCNF.CtorFieldInfo.void.elim`
  • `Lean.Compiler.LCNF.DeclValue.code.elim`
  • `Lean.Compiler.LCNF.DeclValue.extern.elim`
  • `Lean.Compiler.LCNF.LetValue.box.elim`
  • `Lean.Compiler.LCNF.LetValue.const.elim`
  • `Lean.Compiler.LCNF.LetValue.ctor.elim`
  • `Lean.Compiler.LCNF.LetValue.erased.elim`
  • `Lean.Compiler.LCNF.LetValue.fap.elim`
  • `Lean.Compiler.LCNF.LetValue.fvar.elim`
  • `Lean.Compiler.LCNF.LetValue.isShared.elim`
  • `Lean.Compiler.LCNF.LetValue.lit.elim`
  • `Lean.Compiler.LCNF.LetValue.oproj.elim`
  • `Lean.Compiler.LCNF.LetValue.pap.elim`
  • `Lean.Compiler.LCNF.LetValue.proj.elim`
  • `Lean.Compiler.LCNF.LetValue.reset.elim`
  • `Lean.Compiler.LCNF.LetValue.reuse.elim`
  • `Lean.Compiler.LCNF.LetValue.sproj.elim`
  • `Lean.Compiler.LCNF.LetValue.unbox.elim`
  • `Lean.Compiler.LCNF.LetValue.uproj.elim`
  • `Lean.Compiler.LCNF.LitValue.nat.elim`
  • `Lean.Compiler.LCNF.LitValue.str.elim`
  • `Lean.Compiler.LCNF.LitValue.uint16.elim`
  • `Lean.Compiler.LCNF.LitValue.uint32.elim`
  • `Lean.Compiler.LCNF.LitValue.uint64.elim`
  • `Lean.Compiler.LCNF.LitValue.uint8.elim`
  • `Lean.Compiler.LCNF.LitValue.usize.elim`
  • `Lean.Compiler.LCNF.NormFVarResult.erased.elim`
  • `Lean.Compiler.LCNF.NormFVarResult.fvar.elim`
  • `Lean.Compiler.LCNF.Ownedness.borrow.elim`
  • `Lean.Compiler.LCNF.Ownedness.bot.elim`
  • `Lean.Compiler.LCNF.Ownedness.own.elim`
  • `Lean.Compiler.LCNF.Ownedness.top.elim`
  • `Lean.Compiler.LCNF.Phase.base.elim`
  • `Lean.Compiler.LCNF.Phase.impure.elim`
  • `Lean.Compiler.LCNF.Phase.mono.elim`
  • `Lean.Compiler.LCNF.Purity.impure.elim`
  • `Lean.Compiler.LCNF.Purity.pure.elim`
  • `Lean.Compiler.LCNF.SimpleGroundArg.rawReference.elim`
  • `Lean.Compiler.LCNF.SimpleGroundArg.reference.elim`
  • `Lean.Compiler.LCNF.SimpleGroundArg.tagged.elim`
  • `Lean.Compiler.LCNF.SimpleGroundExpr.array.elim`
  • `Lean.Compiler.LCNF.SimpleGroundExpr.byteArray.elim`
  • `Lean.Compiler.LCNF.SimpleGroundExpr.ctor.elim`
  • `Lean.Compiler.LCNF.SimpleGroundExpr.nameMkStr.elim`
  • `Lean.Compiler.LCNF.SimpleGroundExpr.pap.elim`
  • `Lean.Compiler.LCNF.SimpleGroundExpr.reference.elim`
  • `Lean.Compiler.LCNF.SimpleGroundExpr.string.elim`
  • `Lean.Compiler.LCNF.SpecParamInfo.fixedHO.elim`
  • `Lean.Compiler.LCNF.SpecParamInfo.fixedInst.elim`
  • `Lean.Compiler.LCNF.SpecParamInfo.fixedNeutral.elim`
  • `Lean.Compiler.LCNF.SpecParamInfo.other.elim`
  • `Lean.Compiler.LCNF.SpecParamInfo.user.elim`
  • `Lean.Data.AC.Expr.op.elim`
  • `Lean.Data.AC.Expr.var.elim`
  • `Lean.Doc.Parser.OrderedListType.numDot.elim`
  • `Lean.Doc.Parser.OrderedListType.parenAfter.elim`
  • `Lean.Doc.Parser.UnorderedListType.asterisk.elim`
  • `Lean.Doc.Parser.UnorderedListType.dash.elim`
  • `Lean.Doc.Parser.UnorderedListType.plus.elim`
  • `Lean.Elab.ConfigEval.EvalConfigItemHandlerKind.exact.elim`
  • `Lean.Elab.ConfigEval.EvalConfigItemHandlerKind.wildcard.elim`
  • `Lean.Elab.Do.CodeLiveness.alive.elim`
  • `Lean.Elab.Do.CodeLiveness.deadSemantically.elim`
  • `Lean.Elab.Do.CodeLiveness.deadSyntactically.elim`
  • `Lean.Elab.Do.DoElemContKind.duplicable.elim`
  • `Lean.Elab.Do.DoElemContKind.nonDuplicable.elim`
  • `Lean.Elab.Do.LetOrReassign.have.elim`
  • `Lean.Elab.Do.LetOrReassign.let.elim`
  • `Lean.Elab.Do.LetOrReassign.reassign.elim`
  • `Lean.Elab.Tactic.ElabSimpArgResult.addEntries.elim`
  • `Lean.Elab.Tactic.ElabSimpArgResult.addLetToUnfold.elim`
  • `Lean.Elab.Tactic.ElabSimpArgResult.addSimproc.elim`
  • `Lean.Elab.Tactic.ElabSimpArgResult.erase.elim`
  • `Lean.Elab.Tactic.ElabSimpArgResult.eraseSimproc.elim`
  • `Lean.Elab.Tactic.ElabSimpArgResult.ext.elim`
  • `Lean.Elab.Tactic.ElabSimpArgResult.none.elim`
  • `Lean.Elab.Tactic.ElabSimpArgResult.star.elim`
  • `Lean.Elab.Tactic.Location.targets.elim`
  • `Lean.Elab.Tactic.Location.wildcard.elim`
  • `Lean.Elab.Tactic.ResolveSimpIdResult.expr.elim`
  • `Lean.Elab.Tactic.ResolveSimpIdResult.ext.elim`
  • `Lean.Elab.Tactic.ResolveSimpIdResult.none.elim`
  • `Lean.Elab.Tactic.ResolveSimpIdResult.simproc.elim`
  • `Lean.Elab.Tactic.SimpKind.dsimp.elim`
  • `Lean.Elab.Tactic.SimpKind.simp.elim`
  • `Lean.Elab.Tactic.SimpKind.simpAll.elim`
  • `Lean.Elab.Term.Arg.expr.elim`
  • `Lean.Elab.Term.Arg.stx.elim`
  • `Lean.Elab.Term.LVal.fieldIdx.elim`
  • `Lean.Elab.Term.LVal.fieldName.elim`
  • `Lean.Elab.Term.LValResolution.const.elim`
  • `Lean.Elab.Term.LValResolution.localRec.elim`
  • `Lean.Elab.Term.LValResolution.projFn.elim`
  • `Lean.Elab.Term.LValResolution.projIdx.elim`
  • `Lean.Elab.Term.MVarErrorKind.custom.elim`
  • `Lean.Elab.Term.MVarErrorKind.hole.elim`
  • `Lean.Elab.Term.MVarErrorKind.implicitArg.elim`
  • `Lean.Elab.Term.PostponeBehavior.no.elim`
  • `Lean.Elab.Term.PostponeBehavior.partial.elim`
  • `Lean.Elab.Term.PostponeBehavior.yes.elim`
  • `Lean.Elab.Term.SyntheticMVarKind.coe.elim`
  • `Lean.Elab.Term.SyntheticMVarKind.postponed.elim`
  • `Lean.Elab.Term.SyntheticMVarKind.tactic.elim`
  • `Lean.Elab.Term.SyntheticMVarKind.typeClass.elim`
  • `Lean.Elab.Term.TacticMVarKind.autoParam.elim`
  • `Lean.Elab.Term.TacticMVarKind.fieldAutoParam.elim`
  • `Lean.Elab.Term.TacticMVarKind.term.elim`
  • `Lean.Elab.Term.UseImplicitLambdaResult.no.elim`
  • `Lean.Elab.Term.UseImplicitLambdaResult.postpone.elim`
  • `Lean.Elab.Term.UseImplicitLambdaResult.yes.elim`
  • `Lean.Grind.AC.Expr.op.elim`
  • `Lean.Grind.AC.Expr.var.elim`
  • `Lean.Grind.AC.Seq.cons.elim`
  • `Lean.Grind.AC.Seq.var.elim`
  • `Lean.Grind.AC.SubseqResult.exact.elim`
  • `Lean.Grind.AC.SubseqResult.false.elim`
  • `Lean.Grind.AC.SubseqResult.middle.elim`
  • `Lean.Grind.AC.SubseqResult.prefix.elim`
  • `Lean.Grind.AC.SubseqResult.suffix.elim`
  • `Lean.Grind.AC.SubsetResult.exact.elim`
  • `Lean.Grind.AC.SubsetResult.false.elim`
  • `Lean.Grind.AC.SubsetResult.strict.elim`
  • `Lean.Grind.CommRing.Expr.add.elim`
  • `Lean.Grind.CommRing.Expr.intCast.elim`
  • `Lean.Grind.CommRing.Expr.mul.elim`
  • `Lean.Grind.CommRing.Expr.natCast.elim`
  • `Lean.Grind.CommRing.Expr.neg.elim`
  • `Lean.Grind.CommRing.Expr.num.elim`
  • `Lean.Grind.CommRing.Expr.pow.elim`
  • `Lean.Grind.CommRing.Expr.sub.elim`
  • `Lean.Grind.CommRing.Expr.var.elim`
  • `Lean.Grind.CommRing.Mon.mult.elim`
  • `Lean.Grind.CommRing.Mon.unit.elim`
  • `Lean.Grind.CommRing.Poly.add.elim`
  • `Lean.Grind.CommRing.Poly.num.elim`
  • `Lean.Grind.Linarith.Expr.add.elim`
  • `Lean.Grind.Linarith.Expr.intMul.elim`
  • `Lean.Grind.Linarith.Expr.natMul.elim`
  • `Lean.Grind.Linarith.Expr.neg.elim`
  • `Lean.Grind.Linarith.Expr.sub.elim`
  • `Lean.Grind.Linarith.Expr.var.elim`
  • `Lean.Grind.Linarith.Expr.zero.elim`
  • `Lean.Grind.Linarith.Poly.add.elim`
  • `Lean.Grind.Linarith.Poly.nil.elim`
  • `Lean.IR.EmitLLVM.RefcountKind.dec.elim`
  • `Lean.IR.EmitLLVM.RefcountKind.inc.elim`
  • `Lean.IR.EmitLLVM.ShouldForwardControlFlow.no.elim`
  • `Lean.IR.EmitLLVM.ShouldForwardControlFlow.yes.elim`
  • `Lean.Language.SnapshotTask.ReportingRange.inherit.elim`
  • `Lean.Language.SnapshotTask.ReportingRange.skip.elim`
  • `Lean.Language.SnapshotTask.ReportingRange.some.elim`
  • `Lean.Level.PP.Result.imaxNode.elim`
  • `Lean.Level.PP.Result.leaf.elim`
  • `Lean.Level.PP.Result.maxNode.elim`
  • `Lean.Level.PP.Result.num.elim`
  • `Lean.Level.PP.Result.offset.elim`
  • `Lean.Linter.EnvLinter.LintVerbosity.high.elim`
  • `Lean.Linter.EnvLinter.LintVerbosity.low.elim`
  • `Lean.Linter.EnvLinter.LintVerbosity.medium.elim`
  • `Lean.Lsp.RefIdent.RefIdentJsonRepr.c.elim`
  • `Lean.Lsp.RefIdent.RefIdentJsonRepr.f.elim`
  • `Lean.Meta.AC.PreExpr.op.elim`
  • `Lean.Meta.AC.PreExpr.var.elim`
  • `Lean.Meta.ACLt.ReduceMode.none.elim`
  • `Lean.Meta.ACLt.ReduceMode.reduce.elim`
  • `Lean.Meta.ACLt.ReduceMode.reduceSimpleOnly.elim`
  • `Lean.Meta.DiscrTree.Key.arrow.elim`
  • `Lean.Meta.DiscrTree.Key.const.elim`
  • `Lean.Meta.DiscrTree.Key.fvar.elim`
  • `Lean.Meta.DiscrTree.Key.lit.elim`
  • `Lean.Meta.DiscrTree.Key.other.elim`
  • `Lean.Meta.DiscrTree.Key.proj.elim`
  • `Lean.Meta.DiscrTree.Key.star.elim`
  • `Lean.Meta.Grind.ActionResult.closed.elim`
  • `Lean.Meta.Grind.ActionResult.stuck.elim`
  • `Lean.Meta.Grind.ActivateNextGuardResult.next.elim`
  • `Lean.Meta.Grind.ActivateNextGuardResult.ready.elim`
  • `Lean.Meta.Grind.ApplyResult.failed.elim`
  • `Lean.Meta.Grind.ApplyResult.goals.elim`
  • `Lean.Meta.Grind.AttrKind.cases.elim`
  • `Lean.Meta.Grind.AttrKind.ematch.elim`
  • `Lean.Meta.Grind.AttrKind.ext.elim`
  • `Lean.Meta.Grind.AttrKind.funCC.elim`
  • `Lean.Meta.Grind.AttrKind.infer.elim`
  • `Lean.Meta.Grind.AttrKind.inj.elim`
  • `Lean.Meta.Grind.AttrKind.intro.elim`
  • `Lean.Meta.Grind.AttrKind.norm.elim`
  • `Lean.Meta.Grind.AttrKind.symbol.elim`
  • `Lean.Meta.Grind.AttrKind.unfold.elim`
  • `Lean.Meta.Grind.CheckCoverageResult.missing.elim`
  • `Lean.Meta.Grind.CheckCoverageResult.ok.elim`
  • `Lean.Meta.Grind.CheckResult.closed.elim`
  • `Lean.Meta.Grind.CheckResult.none.elim`
  • `Lean.Meta.Grind.CheckResult.progress.elim`
  • `Lean.Meta.Grind.CheckResult.propagated.elim`
  • `Lean.Meta.Grind.EMatchDiagSource.ematch.elim`
  • `Lean.Meta.Grind.EMatchDiagSource.other.elim`
  • `Lean.Meta.Grind.EMatchTheoremConstraint.check.elim`
  • `Lean.Meta.Grind.EMatchTheoremConstraint.defEq.elim`
  • `Lean.Meta.Grind.EMatchTheoremConstraint.depthLt.elim`
  • `Lean.Meta.Grind.EMatchTheoremConstraint.genLt.elim`
  • `Lean.Meta.Grind.EMatchTheoremConstraint.guard.elim`
  • `Lean.Meta.Grind.EMatchTheoremConstraint.isGround.elim`
  • `Lean.Meta.Grind.EMatchTheoremConstraint.isValue.elim`
  • `Lean.Meta.Grind.EMatchTheoremConstraint.maxInsts.elim`
  • `Lean.Meta.Grind.EMatchTheoremConstraint.notDefEq.elim`
  • `Lean.Meta.Grind.EMatchTheoremConstraint.notValue.elim`
  • `Lean.Meta.Grind.EMatchTheoremConstraint.sizeLt.elim`
  • `Lean.Meta.Grind.EMatchTheoremKind.bwd.elim`
  • `Lean.Meta.Grind.EMatchTheoremKind.default.elim`
  • `Lean.Meta.Grind.EMatchTheoremKind.eqBoth.elim`
  • `Lean.Meta.Grind.EMatchTheoremKind.eqBwd.elim`
  • `Lean.Meta.Grind.EMatchTheoremKind.eqLhs.elim`
  • `Lean.Meta.Grind.EMatchTheoremKind.eqRhs.elim`
  • `Lean.Meta.Grind.EMatchTheoremKind.fwd.elim`
  • `Lean.Meta.Grind.EMatchTheoremKind.leftRight.elim`
  • `Lean.Meta.Grind.EMatchTheoremKind.rightLeft.elim`
  • `Lean.Meta.Grind.EMatchTheoremKind.user.elim`
  • `Lean.Meta.Grind.Entry.cases.elim`
  • `Lean.Meta.Grind.Entry.ematch.elim`
  • `Lean.Meta.Grind.Entry.ext.elim`
  • `Lean.Meta.Grind.Entry.funCC.elim`
  • `Lean.Meta.Grind.Entry.inj.elim`
  • `Lean.Meta.Grind.Filter.and.elim`
  • `Lean.Meta.Grind.Filter.const.elim`
  • `Lean.Meta.Grind.Filter.fvar.elim`
  • `Lean.Meta.Grind.Filter.gen.elim`
  • `Lean.Meta.Grind.Filter.not.elim`
  • `Lean.Meta.Grind.Filter.or.elim`
  • `Lean.Meta.Grind.Filter.true.elim`
  • `Lean.Meta.Grind.GrindResult.closed.elim`
  • `Lean.Meta.Grind.GrindResult.failed.elim`
  • `Lean.Meta.Grind.IntrosResult.failed.elim`
  • `Lean.Meta.Grind.IntrosResult.goal.elim`
  • `Lean.Meta.Grind.MinIndexableMode.both.elim`
  • `Lean.Meta.Grind.MinIndexableMode.no.elim`
  • `Lean.Meta.Grind.MinIndexableMode.yes.elim`
  • `Lean.Meta.Grind.NewFact.eq.elim`
  • `Lean.Meta.Grind.NewFact.fact.elim`
  • `Lean.Meta.Grind.Origin.decl.elim`
  • `Lean.Meta.Grind.Origin.fvar.elim`
  • `Lean.Meta.Grind.Origin.local.elim`
  • `Lean.Meta.Grind.Origin.stx.elim`
  • `Lean.Meta.Grind.SimpGoalResult.closed.elim`
  • `Lean.Meta.Grind.SimpGoalResult.goal.elim`
  • `Lean.Meta.Grind.SimpGoalResult.noProgress.elim`
  • `Lean.Meta.Grind.SolverTerms.next.elim`
  • `Lean.Meta.Grind.SolverTerms.nil.elim`
  • `Lean.Meta.Grind.SplitInfo.arg.elim`
  • `Lean.Meta.Grind.SplitInfo.default.elim`
  • `Lean.Meta.Grind.SplitInfo.imp.elim`
  • `Lean.Meta.Grind.SplitSource.beta.elim`
  • `Lean.Meta.Grind.SplitSource.ematch.elim`
  • `Lean.Meta.Grind.SplitSource.existsProp.elim`
  • `Lean.Meta.Grind.SplitSource.ext.elim`
  • `Lean.Meta.Grind.SplitSource.forallProp.elim`
  • `Lean.Meta.Grind.SplitSource.guard.elim`
  • `Lean.Meta.Grind.SplitSource.inj.elim`
  • `Lean.Meta.Grind.SplitSource.input.elim`
  • `Lean.Meta.Grind.SplitSource.mbtc.elim`
  • `Lean.Meta.Grind.SplitStatus.notReady.elim`
  • `Lean.Meta.Grind.SplitStatus.ready.elim`
  • `Lean.Meta.Grind.SplitStatus.resolved.elim`
  • `Lean.Meta.Hint.DiffGranularity.all.elim`
  • `Lean.Meta.Hint.DiffGranularity.auto.elim`
  • `Lean.Meta.Hint.DiffGranularity.char.elim`
  • `Lean.Meta.Hint.DiffGranularity.none.elim`
  • `Lean.Meta.Hint.DiffGranularity.word.elim`
  • `Lean.Meta.LazyDiscrTree.Key.arrow.elim`
  • `Lean.Meta.LazyDiscrTree.Key.const.elim`
  • `Lean.Meta.LazyDiscrTree.Key.fvar.elim`
  • `Lean.Meta.LazyDiscrTree.Key.lit.elim`
  • `Lean.Meta.LazyDiscrTree.Key.other.elim`
  • `Lean.Meta.LazyDiscrTree.Key.proj.elim`
  • `Lean.Meta.LazyDiscrTree.Key.star.elim`
  • `Lean.Meta.LibrarySearch.DeclMod.mp.elim`
  • `Lean.Meta.LibrarySearch.DeclMod.mpr.elim`
  • `Lean.Meta.LibrarySearch.DeclMod.none.elim`
  • `Lean.Meta.Match.Example.arrayLit.elim`
  • `Lean.Meta.Match.Example.ctor.elim`
  • `Lean.Meta.Match.Example.underscore.elim`
  • `Lean.Meta.Match.Example.val.elim`
  • `Lean.Meta.Match.Example.var.elim`
  • `Lean.Meta.Match.Pattern.arrayLit.elim`
  • `Lean.Meta.Match.Pattern.as.elim`
  • `Lean.Meta.Match.Pattern.ctor.elim`
  • `Lean.Meta.Match.Pattern.inaccessible.elim`
  • `Lean.Meta.Match.Pattern.val.elim`
  • `Lean.Meta.Match.Pattern.var.elim`
  • `Lean.Meta.MonadSimp.Result.rfl.elim`
  • `Lean.Meta.MonadSimp.Result.step.elim`
  • `Lean.Meta.NormCast.Label.elim.elim`
  • `Lean.Meta.NormCast.Label.move.elim`
  • `Lean.Meta.NormCast.Label.squash.elim`
  • `Lean.Meta.Rewrites.RwDirection.backward.elim`
  • `Lean.Meta.Rewrites.RwDirection.forward.elim`
  • `Lean.Meta.Rewrites.SideConditions.assumption.elim`
  • `Lean.Meta.Rewrites.SideConditions.none.elim`
  • `Lean.Meta.Rewrites.SideConditions.solveByElim.elim`
  • `Lean.Meta.Simp.DischargeResult.failedAssign.elim`
  • `Lean.Meta.Simp.DischargeResult.maxDepth.elim`
  • `Lean.Meta.Simp.DischargeResult.notProved.elim`
  • `Lean.Meta.Simp.DischargeResult.proved.elim`
  • `Lean.Meta.Simp.Step.continue.elim`
  • `Lean.Meta.Simp.Step.done.elim`
  • `Lean.Meta.Simp.Step.visit.elim`
  • `Lean.Meta.Sym.ApplyResult.failed.elim`
  • `Lean.Meta.Sym.ApplyResult.goals.elim`
  • `Lean.Meta.Sym.CongrInfo.congrTheorem.elim`
  • `Lean.Meta.Sym.CongrInfo.fixedPrefix.elim`
  • `Lean.Meta.Sym.CongrInfo.interlaced.elim`
  • `Lean.Meta.Sym.CongrInfo.none.elim`
  • `Lean.Meta.Sym.IntrosResult.failed.elim`
  • `Lean.Meta.Sym.IntrosResult.goal.elim`
  • `Lean.Meta.Sym.Offset.add.elim`
  • `Lean.Meta.Sym.Offset.num.elim`
  • `Lean.Meta.Sym.SimpGoalResult.closed.elim`
  • `Lean.Meta.Sym.SimpGoalResult.goal.elim`
  • `Lean.Meta.Sym.SimpGoalResult.noProgress.elim`
  • `Lean.Meta.SynthInstance.Waiter.consumerNode.elim`
  • `Lean.Meta.SynthInstance.Waiter.root.elim`
  • `Lean.Parser.ParserExtension.Entry.category.elim`
  • `Lean.Parser.ParserExtension.Entry.kind.elim`
  • `Lean.Parser.ParserExtension.Entry.parser.elim`
  • `Lean.Parser.ParserExtension.Entry.token.elim`
  • `Lean.Parser.ParserExtension.OLeanEntry.category.elim`
  • `Lean.Parser.ParserExtension.OLeanEntry.kind.elim`
  • `Lean.Parser.ParserExtension.OLeanEntry.parser.elim`
  • `Lean.Parser.ParserExtension.OLeanEntry.token.elim`
  • `Lean.Parser.Tactic.MCasesPat.alts.elim`
  • `Lean.Parser.Tactic.MCasesPat.clear.elim`
  • `Lean.Parser.Tactic.MCasesPat.one.elim`
  • `Lean.Parser.Tactic.MCasesPat.pure.elim`
  • `Lean.Parser.Tactic.MCasesPat.stateful.elim`
  • `Lean.Parser.Tactic.MCasesPat.tuple.elim`
  • `Lean.Parser.Tactic.MRefinePat.hole.elim`
  • `Lean.Parser.Tactic.MRefinePat.one.elim`
  • `Lean.Parser.Tactic.MRefinePat.pure.elim`
  • `Lean.Parser.Tactic.MRefinePat.stateful.elim`
  • `Lean.Parser.Tactic.MRefinePat.tuple.elim`
  • `Lean.PrettyPrinter.Delaborator.AppImplicitArg.named.elim`
  • `Lean.PrettyPrinter.Delaborator.AppImplicitArg.optional.elim`
  • `Lean.PrettyPrinter.Delaborator.AppImplicitArg.regular.elim`
  • `Lean.PrettyPrinter.Delaborator.AppImplicitArg.skip.elim`
  • `Lean.PrettyPrinter.Delaborator.OmissionReason.deep.elim`
  • `Lean.PrettyPrinter.Delaborator.OmissionReason.maxSteps.elim`
  • `Lean.PrettyPrinter.Delaborator.OmissionReason.proof.elim`
  • `Lean.PrettyPrinter.Delaborator.OmissionReason.string.elim`
  • `Lean.Server.Completion.HoverInfo.after.elim`
  • `Lean.Server.Completion.HoverInfo.inside.elim`
  • `Lean.Server.FileWorker.FileSetupResult.error.elim`
  • `Lean.Server.FileWorker.FileSetupResult.importsOutOfDate.elim`
  • `Lean.Server.FileWorker.FileSetupResult.noLakefile.elim`
  • `Lean.Server.FileWorker.FileSetupResult.success.elim`
  • `Lean.Server.Logging.MessageMethod.notification.elim`
  • `Lean.Server.Logging.MessageMethod.request.elim`
  • `Lean.Server.Logging.MessageMethod.rpcRequest.elim`
  • `Lean.Server.Watchdog.LogMsg.deserialized.elim`
  • `Lean.Server.Watchdog.LogMsg.serialized.elim`
  • `Lean.Server.Watchdog.ServerEvent.clientError.elim`
  • `Lean.Server.Watchdog.ServerEvent.clientMsg.elim`
  • `Lean.Server.Watchdog.ServerEvent.workerEvent.elim`
  • `Lean.Server.Watchdog.WorkerEvent.crashed.elim`
  • `Lean.Server.Watchdog.WorkerEvent.importsChanged.elim`
  • `Lean.Server.Watchdog.WorkerEvent.ioError.elim`
  • `Lean.Server.Watchdog.WorkerEvent.terminated.elim`
  • `Lean.Server.Watchdog.WorkerState.cannotWrite.elim`
  • `Lean.Server.Watchdog.WorkerState.crashed.elim`
  • `Lean.Server.Watchdog.WorkerState.running.elim`
  • `Lean.Server.Watchdog.WorkerState.terminating.elim`
  • `Lean.Util.ParamMinimizer.Status.approx.elim`
  • `Lean.Util.ParamMinimizer.Status.missing.elim`
  • `Lean.Util.ParamMinimizer.Status.precise.elim`
  • `Nat.Internal.Linear.Expr.add.elim`
  • `Nat.Internal.Linear.Expr.mulL.elim`
  • `Nat.Internal.Linear.Expr.mulR.elim`
  • `Nat.Internal.Linear.Expr.num.elim`
  • `Nat.Internal.Linear.Expr.var.elim`
  • `Nat.Internal.SOM.Expr.add.elim`
  • `Nat.Internal.SOM.Expr.mul.elim`
  • `Nat.Internal.SOM.Expr.num.elim`
  • `Nat.Internal.SOM.Expr.var.elim`
  • `Std.Async.UDP.Membership.enterGroup.elim`
  • `Std.Async.UDP.Membership.leaveGroup.elim`
  • `Std.DHashMap.Internal.AssocList.cons.elim`
  • `Std.DHashMap.Internal.AssocList.nil.elim`
  • `Std.DTreeMap.Internal.Impl.inner.elim`
  • `Std.DTreeMap.Internal.Impl.leaf.elim`
  • `Std.DTreeMap.Internal.Zipper.cons.elim`
  • `Std.DTreeMap.Internal.Zipper.done.elim`
  • `Std.Http.Body.Length.chunked.elim`
  • `Std.Http.Body.Length.fixed.elim`
  • `Std.Http.URI.Host.ipv4.elim`
  • `Std.Http.URI.Host.ipv6.elim`
  • `Std.Http.URI.Host.name.elim`
  • `Std.Http.URI.Port.empty.elim`
  • `Std.Http.URI.Port.omitted.elim`
  • `Std.Http.URI.Port.value.elim`
  • `Std.Internal.Parsec.Error.eof.elim`
  • `Std.Internal.Parsec.Error.other.elim`
  • `Std.Internal.Parsec.ParseResult.error.elim`
  • `Std.Internal.Parsec.ParseResult.success.elim`
  • `Std.Iterators.Types.Append.fst.elim`
  • `Std.Iterators.Types.Append.snd.elim`
  • `Std.Sat.AIG.Decl.atom.elim`
  • `Std.Sat.AIG.Decl.false.elim`
  • `Std.Sat.AIG.Decl.gate.elim`
  • `Std.Tactic.BVDecide.BVBinOp.add.elim`
  • `Std.Tactic.BVDecide.BVBinOp.and.elim`
  • `Std.Tactic.BVDecide.BVBinOp.mul.elim`
  • `Std.Tactic.BVDecide.BVBinOp.or.elim`
  • `Std.Tactic.BVDecide.BVBinOp.udiv.elim`
  • `Std.Tactic.BVDecide.BVBinOp.umod.elim`
  • `Std.Tactic.BVDecide.BVBinOp.xor.elim`
  • `Std.Tactic.BVDecide.BVBinPred.eq.elim`
  • `Std.Tactic.BVDecide.BVBinPred.ult.elim`
  • `Std.Tactic.BVDecide.BVExpr.append.elim`
  • `Std.Tactic.BVDecide.BVExpr.arithShiftRight.elim`
  • `Std.Tactic.BVDecide.BVExpr.bin.elim`
  • `Std.Tactic.BVDecide.BVExpr.const.elim`
  • `Std.Tactic.BVDecide.BVExpr.extract.elim`
  • `Std.Tactic.BVDecide.BVExpr.replicate.elim`
  • `Std.Tactic.BVDecide.BVExpr.shiftLeft.elim`
  • `Std.Tactic.BVDecide.BVExpr.shiftRight.elim`
  • `Std.Tactic.BVDecide.BVExpr.un.elim`
  • `Std.Tactic.BVDecide.BVExpr.var.elim`
  • `Std.Tactic.BVDecide.BVPred.bin.elim`
  • `Std.Tactic.BVDecide.BVPred.getLsbD.elim`
  • `Std.Tactic.BVDecide.BVUnOp.arithShiftRightConst.elim`
  • `Std.Tactic.BVDecide.BVUnOp.clz.elim`
  • `Std.Tactic.BVDecide.BVUnOp.cpop.elim`
  • `Std.Tactic.BVDecide.BVUnOp.not.elim`
  • `Std.Tactic.BVDecide.BVUnOp.reverse.elim`
  • `Std.Tactic.BVDecide.BVUnOp.rotateLeft.elim`
  • `Std.Tactic.BVDecide.BVUnOp.rotateRight.elim`
  • `Std.Tactic.BVDecide.BoolExpr.const.elim`
  • `Std.Tactic.BVDecide.BoolExpr.gate.elim`
  • `Std.Tactic.BVDecide.BoolExpr.ite.elim`
  • `Std.Tactic.BVDecide.BoolExpr.literal.elim`
  • `Std.Tactic.BVDecide.BoolExpr.not.elim`
  • `Std.Tactic.BVDecide.Gate.and.elim`
  • `Std.Tactic.BVDecide.Gate.beq.elim`
  • `Std.Tactic.BVDecide.Gate.or.elim`
  • `Std.Tactic.BVDecide.Gate.xor.elim`
  • `Std.Time.TimeZone.StdWall.standard.elim`
  • `Std.Time.TimeZone.StdWall.wall.elim`
  • `Std.Time.TimeZone.TransitionSpec.julian.elim`
  • `Std.Time.TimeZone.TransitionSpec.julian0.elim`
  • `Std.Time.TimeZone.TransitionSpec.mwd.elim`
  • `Std.Time.TimeZone.UTLocal.local.elim`
  • `Std.Time.TimeZone.UTLocal.ut.elim`
  • `Std.Time.Year.Era.bce.elim`
  • `Std.Time.Year.Era.ce.elim`
  • `String.Slice.Pattern.ForwardSliceSearcher.atEnd.elim`
  • `String.Slice.Pattern.ForwardSliceSearcher.emptyAt.elim`
  • `String.Slice.Pattern.ForwardSliceSearcher.emptyBefore.elim`
  • `String.Slice.Pattern.ForwardSliceSearcher.proper.elim`
  • `String.Slice.Pattern.SearchStep.matched.elim`
  • `String.Slice.Pattern.SearchStep.rejected.elim`
  • `Lean.Compiler.LCNF.FixedParams.AbsValue.erased.elim`
  • `Lean.Compiler.LCNF.FixedParams.AbsValue.top.elim`
  • `Lean.Compiler.LCNF.FixedParams.AbsValue.val.elim`
  • `Lean.Compiler.LCNF.FloatLetIn.Decision.arm.elim`
  • `Lean.Compiler.LCNF.FloatLetIn.Decision.default.elim`
  • `Lean.Compiler.LCNF.FloatLetIn.Decision.dont.elim`
  • `Lean.Compiler.LCNF.FloatLetIn.Decision.unknown.elim`
  • `Lean.Compiler.LCNF.Simp.CtorInfo.ctor.elim`
  • `Lean.Compiler.LCNF.Simp.CtorInfo.natVal.elim`
  • `Lean.Compiler.LCNF.Simp.FunDeclInfo.many.elim`
  • `Lean.Compiler.LCNF.Simp.FunDeclInfo.mustInline.elim`
  • `Lean.Compiler.LCNF.Simp.FunDeclInfo.once.elim`
  • `Lean.Compiler.LCNF.ToLCNF.Element.cases.elim`
  • `Lean.Compiler.LCNF.ToLCNF.Element.fun.elim`
  • `Lean.Compiler.LCNF.ToLCNF.Element.jp.elim`
  • `Lean.Compiler.LCNF.ToLCNF.Element.let.elim`
  • `Lean.Compiler.LCNF.ToLCNF.Element.unreach.elim`
  • `Lean.Compiler.LCNF.UnreachableBranches.Value.bot.elim`
  • `Lean.Compiler.LCNF.UnreachableBranches.Value.choice.elim`
  • `Lean.Compiler.LCNF.UnreachableBranches.Value.ctor.elim`
  • `Lean.Compiler.LCNF.UnreachableBranches.Value.top.elim`
  • `Lean.Elab.Command.Structure.StructFieldDefault.autoParam.elim`
  • `Lean.Elab.Command.Structure.StructFieldDefault.optParam.elim`
  • `Lean.Elab.Command.Structure.StructFieldKind.copiedField.elim`
  • `Lean.Elab.Command.Structure.StructFieldKind.fromSubobject.elim`
  • `Lean.Elab.Command.Structure.StructFieldKind.newField.elim`
  • `Lean.Elab.Command.Structure.StructFieldKind.otherParent.elim`
  • `Lean.Elab.Command.Structure.StructFieldKind.subobject.elim`
  • `Lean.Elab.Command.Structure.StructFieldViewDefault.autoParam.elim`
  • `Lean.Elab.Command.Structure.StructFieldViewDefault.optParam.elim`
  • `Lean.Elab.Tactic.BVDecide.SolverMode.counterexample.elim`
  • `Lean.Elab.Tactic.BVDecide.SolverMode.default.elim`
  • `Lean.Elab.Tactic.BVDecide.SolverMode.proof.elim`
  • `Lean.Elab.Tactic.Conv.PatternMatchState.all.elim`
  • `Lean.Elab.Tactic.Conv.PatternMatchState.occs.elim`
  • `Lean.Elab.Tactic.Do.BVarUses.none.elim`
  • `Lean.Elab.Tactic.Do.BVarUses.some.elim`
  • `Lean.Elab.Tactic.Do.Fuel.limited.elim`
  • `Lean.Elab.Tactic.Do.Fuel.unlimited.elim`
  • `Lean.Elab.Tactic.Do.SplitInfo.dite.elim`
  • `Lean.Elab.Tactic.Do.SplitInfo.ite.elim`
  • `Lean.Elab.Tactic.Do.SplitInfo.matcher.elim`
  • `Lean.Elab.Tactic.Do.Uses.many.elim`
  • `Lean.Elab.Tactic.Do.Uses.one.elim`
  • `Lean.Elab.Tactic.Do.Uses.zero.elim`
  • `Lean.Elab.Tactic.Grind.ExtraTheorem.const.elim`
  • `Lean.Elab.Tactic.Grind.ExtraTheorem.fvar.elim`
  • `Lean.Elab.Tactic.Grind.LiftActionCoreResult.closed.elim`
  • `Lean.Elab.Tactic.Grind.LiftActionCoreResult.subgoals.elim`
  • `Lean.Elab.Tactic.GuardExpr.MatchKind.alphaEq.elim`
  • `Lean.Elab.Tactic.GuardExpr.MatchKind.defEq.elim`
  • `Lean.Elab.Tactic.GuardExpr.MatchKind.syntactic.elim`
  • `Lean.Elab.Tactic.GuardMsgs.FilterSpec.check.elim`
  • `Lean.Elab.Tactic.GuardMsgs.FilterSpec.drop.elim`
  • `Lean.Elab.Tactic.GuardMsgs.FilterSpec.pass.elim`
  • `Lean.Elab.Tactic.GuardMsgs.MessageOrdering.exact.elim`
  • `Lean.Elab.Tactic.GuardMsgs.MessageOrdering.sorted.elim`
  • `Lean.Elab.Tactic.GuardMsgs.WhitespaceMode.exact.elim`
  • `Lean.Elab.Tactic.GuardMsgs.WhitespaceMode.lax.elim`
  • `Lean.Elab.Tactic.GuardMsgs.WhitespaceMode.normalized.elim`
  • `Lean.Elab.Tactic.Omega.Justification.assumption.elim`
  • `Lean.Elab.Tactic.Omega.Justification.bmod.elim`
  • `Lean.Elab.Tactic.Omega.Justification.combine.elim`
  • `Lean.Elab.Tactic.Omega.Justification.combo.elim`
  • `Lean.Elab.Tactic.Omega.Justification.tidy.elim`
  • `Lean.Elab.Tactic.RCases.RCasesPatt.alts.elim`
  • `Lean.Elab.Tactic.RCases.RCasesPatt.clear.elim`
  • `Lean.Elab.Tactic.RCases.RCasesPatt.explicit.elim`
  • `Lean.Elab.Tactic.RCases.RCasesPatt.one.elim`
  • `Lean.Elab.Tactic.RCases.RCasesPatt.paren.elim`
  • `Lean.Elab.Tactic.RCases.RCasesPatt.tuple.elim`
  • `Lean.Elab.Tactic.RCases.RCasesPatt.typed.elim`
  • `Lean.Elab.Tactic.Simp.DischargeWrapper.custom.elim`
  • `Lean.Elab.Tactic.Simp.DischargeWrapper.default.elim`
  • `Lean.Elab.Term.Do.Code.action.elim`
  • `Lean.Elab.Term.Do.Code.break.elim`
  • `Lean.Elab.Term.Do.Code.continue.elim`
  • `Lean.Elab.Term.Do.Code.decl.elim`
  • `Lean.Elab.Term.Do.Code.ite.elim`
  • `Lean.Elab.Term.Do.Code.jmp.elim`
  • `Lean.Elab.Term.Do.Code.joinpoint.elim`
  • `Lean.Elab.Term.Do.Code.match.elim`
  • `Lean.Elab.Term.Do.Code.matchExpr.elim`
  • `Lean.Elab.Term.Do.Code.reassign.elim`
  • `Lean.Elab.Term.Do.Code.return.elim`
  • `Lean.Elab.Term.Do.Code.seq.elim`
  • `Lean.Elab.Term.Quotation.HeadCheck.other.elim`
  • `Lean.Elab.Term.Quotation.HeadCheck.shape.elim`
  • `Lean.Elab.Term.Quotation.HeadCheck.slice.elim`
  • `Lean.Elab.Term.Quotation.HeadCheck.unconditional.elim`
  • `Lean.Elab.Term.Quotation.MatchResult.covered.elim`
  • `Lean.Elab.Term.Quotation.MatchResult.uncovered.elim`
  • `Lean.Elab.Term.Quotation.MatchResult.undecided.elim`
  • `Lean.Elab.Term.StructInst.FieldLHS.fieldIndex.elim`
  • `Lean.Elab.Term.StructInst.FieldLHS.fieldName.elim`
  • `Lean.Elab.Term.StructInst.FieldLHS.modifyOp.elim`
  • `Lean.Elab.Term.StructInst.FieldLHS.parentFieldName.elim`
  • `Lean.Elab.WF.GuessLex.GuessLexRel.eq.elim`
  • `Lean.Elab.WF.GuessLex.GuessLexRel.le.elim`
  • `Lean.Elab.WF.GuessLex.GuessLexRel.lt.elim`
  • `Lean.Elab.WF.GuessLex.GuessLexRel.no_idea.elim`
  • `Lean.Elab.WF.GuessLex.MutualMeasure.args.elim`
  • `Lean.Elab.WF.GuessLex.MutualMeasure.func.elim`
  • `Lean.Language.SnapshotTree.foldSnaps.Control.done.elim`
  • `Lean.Language.SnapshotTree.foldSnaps.Control.proceed.elim`
  • `Lean.Meta.Grind.AC.DiseqCnstrProof.core.elim`
  • `Lean.Meta.Grind.AC.DiseqCnstrProof.erase0.elim`
  • `Lean.Meta.Grind.AC.DiseqCnstrProof.erase_dup.elim`
  • `Lean.Meta.Grind.AC.DiseqCnstrProof.simp_ac.elim`
  • `Lean.Meta.Grind.AC.DiseqCnstrProof.simp_exact.elim`
  • `Lean.Meta.Grind.AC.DiseqCnstrProof.simp_middle.elim`
  • `Lean.Meta.Grind.AC.DiseqCnstrProof.simp_prefix.elim`
  • `Lean.Meta.Grind.AC.DiseqCnstrProof.simp_suffix.elim`
  • `Lean.Meta.Grind.AC.EqCnstrProof.core.elim`
  • `Lean.Meta.Grind.AC.EqCnstrProof.erase0.elim`
  • `Lean.Meta.Grind.AC.EqCnstrProof.erase0_rhs.elim`
  • `Lean.Meta.Grind.AC.EqCnstrProof.erase_dup.elim`
  • `Lean.Meta.Grind.AC.EqCnstrProof.erase_dup_rhs.elim`
  • `Lean.Meta.Grind.AC.EqCnstrProof.refl.elim`
  • `Lean.Meta.Grind.AC.EqCnstrProof.simp_ac.elim`
  • `Lean.Meta.Grind.AC.EqCnstrProof.simp_exact.elim`
  • `Lean.Meta.Grind.AC.EqCnstrProof.simp_middle.elim`
  • `Lean.Meta.Grind.AC.EqCnstrProof.simp_prefix.elim`
  • `Lean.Meta.Grind.AC.EqCnstrProof.simp_suffix.elim`
  • `Lean.Meta.Grind.AC.EqCnstrProof.superpose.elim`
  • `Lean.Meta.Grind.AC.EqCnstrProof.superpose_ac.elim`
  • `Lean.Meta.Grind.AC.EqCnstrProof.superpose_ac_idempotent.elim`
  • `Lean.Meta.Grind.AC.EqCnstrProof.superpose_head_idempotent.elim`
  • `Lean.Meta.Grind.AC.EqCnstrProof.superpose_tail_idempotent.elim`
  • `Lean.Meta.Grind.AC.EqCnstrProof.swap.elim`
  • `Lean.Meta.Grind.Arith.Cutsat.DvdCnstrProof.elim`
  • `Lean.Meta.Grind.EMatch.Cnstr.continue.elim`
  • `Lean.Meta.Grind.EMatch.Cnstr.match.elim`
  • `Lean.Meta.Grind.EMatch.Cnstr.offset.elim`
  • `Lean.Meta.Grind.NormalizePattern.PatternArgKind.instImplicit.elim`
  • `Lean.Meta.Grind.NormalizePattern.PatternArgKind.outParam.elim`
  • `Lean.Meta.Grind.NormalizePattern.PatternArgKind.proof.elim`
  • `Lean.Meta.Grind.NormalizePattern.PatternArgKind.relevant.elim`
  • `Lean.Meta.Grind.NormalizePattern.PatternArgKind.typeFormer.elim`
  • `Lean.Meta.Grind.Order.CnstrKind.le.elim`
  • `Lean.Meta.Grind.Order.CnstrKind.lt.elim`
  • `Lean.Meta.Grind.Order.ToPropagate.eq.elim`
  • `Lean.Meta.Grind.Order.ToPropagate.eqFalse.elim`
  • `Lean.Meta.Grind.Order.ToPropagate.eqTrue.elim`
  • `Lean.Meta.Sym.Arith.ClassifyResult.commRing.elim`
  • `Lean.Meta.Sym.Arith.ClassifyResult.commSemiring.elim`
  • `Lean.Meta.Sym.Arith.ClassifyResult.nonCommRing.elim`
  • `Lean.Meta.Sym.Arith.ClassifyResult.nonCommSemiring.elim`
  • `Lean.Meta.Sym.Arith.ClassifyResult.none.elim`
  • `Lean.Meta.Sym.DSimp.Result.rfl.elim`
  • `Lean.Meta.Sym.DSimp.Result.step.elim`
  • `Lean.Meta.Sym.Simp.DischargeResult.failed.elim`
  • `Lean.Meta.Sym.Simp.DischargeResult.solved.elim`
  • `Lean.Meta.Sym.Simp.Result.rfl.elim`
  • `Lean.Meta.Sym.Simp.Result.step.elim`
  • `Lean.Meta.Tactic.Cbv.CbvSimprocPhase.eval.elim`
  • `Lean.Meta.Tactic.Cbv.CbvSimprocPhase.post.elim`
  • `Lean.Meta.Tactic.Cbv.CbvSimprocPhase.pre.elim`
  • `Lean.Meta.Tactic.TryThis.SuggestionText.string.elim`
  • `Lean.Meta.Tactic.TryThis.SuggestionText.tsyntax.elim`
  • `Lean.Server.FileWorker.SignatureHelp.CandidateKind.appArg.elim`
  • `Lean.Server.FileWorker.SignatureHelp.CandidateKind.pipeArg.elim`
  • `Lean.Server.FileWorker.SignatureHelp.CandidateKind.termArg.elim`
  • `Lean.Server.FileWorker.SignatureHelp.SearchControl.continue.elim`
  • `Lean.Server.FileWorker.SignatureHelp.SearchControl.stop.elim`
  • `Std.DTreeMap.Internal.Impl.ExplorationStep.eq.elim`
  • `Std.DTreeMap.Internal.Impl.ExplorationStep.gt.elim`
  • `Std.DTreeMap.Internal.Impl.ExplorationStep.lt.elim`
  • `Std.Http.Protocol.H1.Direction.receiving.elim`
  • `Std.Http.Protocol.H1.Direction.sending.elim`
  • `Std.Http.Protocol.H1.Error.badMessage.elim`
  • `Std.Http.Protocol.H1.Error.connectionClosed.elim`
  • `Std.Http.Protocol.H1.Error.entityTooLarge.elim`
  • `Std.Http.Protocol.H1.Error.headersTooLarge.elim`
  • `Std.Http.Protocol.H1.Error.invalidChunk.elim`
  • `Std.Http.Protocol.H1.Error.invalidHeader.elim`
  • `Std.Http.Protocol.H1.Error.invalidStatusLine.elim`
  • `Std.Http.Protocol.H1.Error.other.elim`
  • `Std.Http.Protocol.H1.Error.timeout.elim`
  • `Std.Http.Protocol.H1.Error.tooManyHeaders.elim`
  • `Std.Http.Protocol.H1.Error.unsupportedVersion.elim`
  • `Std.Http.Protocol.H1.Error.uriTooLong.elim`
  • `Std.Http.Protocol.H1.Event.close.elim`
  • `Std.Http.Protocol.H1.Event.closeBody.elim`
  • `Std.Http.Protocol.H1.Event.continue.elim`
  • `Std.Http.Protocol.H1.Event.endHeaders.elim`
  • `Std.Http.Protocol.H1.Event.failed.elim`
  • `Std.Http.Protocol.H1.Event.needAnswer.elim`
  • `Std.Http.Protocol.H1.Event.needMoreData.elim`
  • `Std.Http.Protocol.H1.Event.next.elim`
  • `Std.Http.Protocol.H1.TakeResult.complete.elim`
  • `Std.Http.Protocol.H1.TakeResult.incomplete.elim`
  • `Std.Tactic.BVDecide.LRAT.Action.addEmpty.elim`
  • `Std.Tactic.BVDecide.LRAT.Action.addRat.elim`
  • `Std.Tactic.BVDecide.LRAT.Action.addRup.elim`
  • `Std.Tactic.BVDecide.LRAT.Action.del.elim`
  • `Std.Time.Database.TZdb.TZSpec.filePath.elim`
  • `Std.Time.Database.TZdb.TZSpec.zoneId.elim`
  • `Lean.Elab.Tactic.Do.SpecAttr.SpecProof.global.elim`
  • `Lean.Elab.Tactic.Do.SpecAttr.SpecProof.local.elim`
  • `Lean.Elab.Tactic.Do.SpecAttr.SpecProof.stx.elim`
  • `Lean.Elab.Term.Do.ToTerm.Kind.forIn.elim`
  • `Lean.Elab.Term.Do.ToTerm.Kind.forInWithReturn.elim`
  • `Lean.Elab.Term.Do.ToTerm.Kind.nestedBC.elim`
  • `Lean.Elab.Term.Do.ToTerm.Kind.nestedPR.elim`
  • `Lean.Elab.Term.Do.ToTerm.Kind.nestedPRBC.elim`
  • `Lean.Elab.Term.Do.ToTerm.Kind.nestedSBC.elim`
  • `Lean.Elab.Term.Do.ToTerm.Kind.regular.elim`
  • `Lean.Meta.Grind.Arith.CommRing.EqCnstrProof.core.elim`
  • `Lean.Meta.Grind.Arith.CommRing.EqCnstrProof.coreS.elim`
  • `Lean.Meta.Grind.Arith.CommRing.EqCnstrProof.div.elim`
  • `Lean.Meta.Grind.Arith.CommRing.EqCnstrProof.gcd.elim`
  • `Lean.Meta.Grind.Arith.CommRing.EqCnstrProof.mul.elim`
  • `Lean.Meta.Grind.Arith.CommRing.EqCnstrProof.numEq0.elim`
  • `Lean.Meta.Grind.Arith.CommRing.EqCnstrProof.simp.elim`
  • `Lean.Meta.Grind.Arith.CommRing.EqCnstrProof.superpose.elim`
  • `Lean.Meta.Grind.Arith.CommRing.PolyDerivation.input.elim`
  • `Lean.Meta.Grind.Arith.CommRing.PolyDerivation.normEq0.elim`
  • `Lean.Meta.Grind.Arith.CommRing.PolyDerivation.step.elim`
  • `Lean.Meta.Grind.Arith.Cutsat.CaseKind.cooper.elim`
  • `Lean.Meta.Grind.Arith.Cutsat.CaseKind.diseq.elim`
  • `Lean.Meta.Grind.Arith.Cutsat.CooperSplitProof.dec.elim`
  • `Lean.Meta.Grind.Arith.Cutsat.CooperSplitProof.last.elim`
  • `Lean.Meta.Grind.Arith.Cutsat.DiseqCnstrProof.commRingNorm.elim`
  • `Lean.Meta.Grind.Arith.Cutsat.DiseqCnstrProof.core.elim`
  • `Lean.Meta.Grind.Arith.Cutsat.DiseqCnstrProof.core0.elim`
  • `Lean.Meta.Grind.Arith.Cutsat.DiseqCnstrProof.coreToInt.elim`
  • `Lean.Meta.Grind.Arith.Cutsat.DiseqCnstrProof.divCoeffs.elim`
  • `Lean.Meta.Grind.Arith.Cutsat.DiseqCnstrProof.neg.elim`
  • `Lean.Meta.Grind.Arith.Cutsat.DiseqCnstrProof.norm.elim`
  • `Lean.Meta.Grind.Arith.Cutsat.DiseqCnstrProof.reorder.elim`
  • `Lean.Meta.Grind.Arith.Cutsat.DiseqCnstrProof.subst.elim`
  • `Lean.Meta.Grind.Arith.Cutsat.DvdCnstrProof.commRingNorm.elim`
  • `Lean.Meta.Grind.Arith.Cutsat.DvdCnstrProof.cooper₁.elim`
  • `Lean.Meta.Grind.Arith.Cutsat.DvdCnstrProof.cooper₂.elim`
  • `Lean.Meta.Grind.Arith.Cutsat.DvdCnstrProof.core.elim`
  • `Lean.Meta.Grind.Arith.Cutsat.DvdCnstrProof.coreOfNat.elim`
  • `Lean.Meta.Grind.Arith.Cutsat.DvdCnstrProof.divCoeffs.elim`
  • `Lean.Meta.Grind.Arith.Cutsat.DvdCnstrProof.elim.elim`
  • `Lean.Meta.Grind.Arith.Cutsat.DvdCnstrProof.norm.elim`
  • `Lean.Meta.Grind.Arith.Cutsat.DvdCnstrProof.ofEq.elim`
  • `Lean.Meta.Grind.Arith.Cutsat.DvdCnstrProof.reorder.elim`
  • `Lean.Meta.Grind.Arith.Cutsat.DvdCnstrProof.solveCombine.elim`
  • `Lean.Meta.Grind.Arith.Cutsat.DvdCnstrProof.solveElim.elim`
  • `Lean.Meta.Grind.Arith.Cutsat.DvdCnstrProof.subst.elim`
  • `Lean.Meta.Grind.Arith.Cutsat.EqCnstrProof.commRingNorm.elim`
  • `Lean.Meta.Grind.Arith.Cutsat.EqCnstrProof.core.elim`
  • `Lean.Meta.Grind.Arith.Cutsat.EqCnstrProof.core0.elim`
  • `Lean.Meta.Grind.Arith.Cutsat.EqCnstrProof.coreToInt.elim`
  • `Lean.Meta.Grind.Arith.Cutsat.EqCnstrProof.defn.elim`
  • `Lean.Meta.Grind.Arith.Cutsat.EqCnstrProof.defnCommRing.elim`
  • `Lean.Meta.Grind.Arith.Cutsat.EqCnstrProof.defnNat.elim`
  • `Lean.Meta.Grind.Arith.Cutsat.EqCnstrProof.defnNatCommRing.elim`
  • `Lean.Meta.Grind.Arith.Cutsat.EqCnstrProof.div.elim`
  • `Lean.Meta.Grind.Arith.Cutsat.EqCnstrProof.divCoeffs.elim`
  • `Lean.Meta.Grind.Arith.Cutsat.EqCnstrProof.mod.elim`
  • `Lean.Meta.Grind.Arith.Cutsat.EqCnstrProof.mul.elim`
  • `Lean.Meta.Grind.Arith.Cutsat.EqCnstrProof.norm.elim`
  • `Lean.Meta.Grind.Arith.Cutsat.EqCnstrProof.ofLeGe.elim`
  • `Lean.Meta.Grind.Arith.Cutsat.EqCnstrProof.ofZeroDvd.elim`
  • `Lean.Meta.Grind.Arith.Cutsat.EqCnstrProof.pow.elim`
  • `Lean.Meta.Grind.Arith.Cutsat.EqCnstrProof.reorder.elim`
  • `Lean.Meta.Grind.Arith.Cutsat.EqCnstrProof.subst.elim`
  • `Lean.Meta.Grind.Arith.Cutsat.FindIntValResult.diseq.elim`
  • `Lean.Meta.Grind.Arith.Cutsat.FindIntValResult.dvd.elim`
  • `Lean.Meta.Grind.Arith.Cutsat.FindIntValResult.found.elim`
  • `Lean.Meta.Grind.Arith.Cutsat.LeCnstrProof.bound.elim`
  • `Lean.Meta.Grind.Arith.Cutsat.LeCnstrProof.combine.elim`
  • `Lean.Meta.Grind.Arith.Cutsat.LeCnstrProof.combineDivCoeffs.elim`
  • `Lean.Meta.Grind.Arith.Cutsat.LeCnstrProof.commRingNorm.elim`
  • `Lean.Meta.Grind.Arith.Cutsat.LeCnstrProof.cooper.elim`
  • `Lean.Meta.Grind.Arith.Cutsat.LeCnstrProof.core.elim`
  • `Lean.Meta.Grind.Arith.Cutsat.LeCnstrProof.coreNeg.elim`
  • `Lean.Meta.Grind.Arith.Cutsat.LeCnstrProof.coreToInt.elim`
  • `Lean.Meta.Grind.Arith.Cutsat.LeCnstrProof.dec.elim`
  • `Lean.Meta.Grind.Arith.Cutsat.LeCnstrProof.divCoeffs.elim`
  • `Lean.Meta.Grind.Arith.Cutsat.LeCnstrProof.dvdTight.elim`
  • `Lean.Meta.Grind.Arith.Cutsat.LeCnstrProof.negDvdTight.elim`
  • `Lean.Meta.Grind.Arith.Cutsat.LeCnstrProof.norm.elim`
  • `Lean.Meta.Grind.Arith.Cutsat.LeCnstrProof.ofDiseqSplit.elim`
  • `Lean.Meta.Grind.Arith.Cutsat.LeCnstrProof.ofLeDiseq.elim`
  • `Lean.Meta.Grind.Arith.Cutsat.LeCnstrProof.ofNatNonneg.elim`
  • `Lean.Meta.Grind.Arith.Cutsat.LeCnstrProof.reorder.elim`
  • `Lean.Meta.Grind.Arith.Cutsat.LeCnstrProof.subst.elim`
  • `Lean.Meta.Grind.Arith.Cutsat.SymbolicIntInterval.ci.elim`
  • `Lean.Meta.Grind.Arith.Cutsat.SymbolicIntInterval.co.elim`
  • `Lean.Meta.Grind.Arith.Cutsat.SymbolicIntInterval.ii.elim`
  • `Lean.Meta.Grind.Arith.Cutsat.SymbolicIntInterval.io.elim`
  • `Lean.Meta.Grind.Arith.Cutsat.UnsatProof.cooper.elim`
  • `Lean.Meta.Grind.Arith.Cutsat.UnsatProof.diseq.elim`
  • `Lean.Meta.Grind.Arith.Cutsat.UnsatProof.dvd.elim`
  • `Lean.Meta.Grind.Arith.Cutsat.UnsatProof.eq.elim`
  • `Lean.Meta.Grind.Arith.Cutsat.UnsatProof.le.elim`
  • `Lean.Meta.Grind.Arith.Linear.DiseqCnstrProof.core.elim`
  • `Lean.Meta.Grind.Arith.Linear.DiseqCnstrProof.coreOfNat.elim`
  • `Lean.Meta.Grind.Arith.Linear.DiseqCnstrProof.neg.elim`
  • `Lean.Meta.Grind.Arith.Linear.DiseqCnstrProof.oneNeZero.elim`
  • `Lean.Meta.Grind.Arith.Linear.DiseqCnstrProof.ring.elim`
  • `Lean.Meta.Grind.Arith.Linear.DiseqCnstrProof.subst.elim`
  • `Lean.Meta.Grind.Arith.Linear.DiseqCnstrProof.subst1.elim`
  • `Lean.Meta.Grind.Arith.Linear.EqCnstrProof.coeff.elim`
  • `Lean.Meta.Grind.Arith.Linear.EqCnstrProof.core.elim`
  • `Lean.Meta.Grind.Arith.Linear.EqCnstrProof.coreCommRing.elim`
  • `Lean.Meta.Grind.Arith.Linear.EqCnstrProof.coreOfNat.elim`
  • `Lean.Meta.Grind.Arith.Linear.EqCnstrProof.neg.elim`
  • `Lean.Meta.Grind.Arith.Linear.EqCnstrProof.subst.elim`
  • `Lean.Meta.Grind.Arith.Linear.IneqCnstrProof.combine.elim`
  • `Lean.Meta.Grind.Arith.Linear.IneqCnstrProof.core.elim`
  • `Lean.Meta.Grind.Arith.Linear.IneqCnstrProof.coreOfNat.elim`
  • `Lean.Meta.Grind.Arith.Linear.IneqCnstrProof.dec.elim`
  • `Lean.Meta.Grind.Arith.Linear.IneqCnstrProof.norm.elim`
  • `Lean.Meta.Grind.Arith.Linear.IneqCnstrProof.notCore.elim`
  • `Lean.Meta.Grind.Arith.Linear.IneqCnstrProof.notCoreOfNat.elim`
  • `Lean.Meta.Grind.Arith.Linear.IneqCnstrProof.ofDiseqSplit.elim`
  • `Lean.Meta.Grind.Arith.Linear.IneqCnstrProof.ofEq.elim`
  • `Lean.Meta.Grind.Arith.Linear.IneqCnstrProof.ofEqOfNat.elim`
  • `Lean.Meta.Grind.Arith.Linear.IneqCnstrProof.oneGtZero.elim`
  • `Lean.Meta.Grind.Arith.Linear.IneqCnstrProof.ring.elim`
  • `Lean.Meta.Grind.Arith.Linear.IneqCnstrProof.ringEq.elim`
  • `Lean.Meta.Grind.Arith.Linear.IneqCnstrProof.subst.elim`
  • `Lean.Meta.Grind.Arith.Linear.RingDiseqCnstrProof.cancelDen.elim`
  • `Lean.Meta.Grind.Arith.Linear.RingDiseqCnstrProof.core.elim`
  • `Lean.Meta.Grind.Arith.Linear.RingEqCnstrProof.cancelDen.elim`
  • `Lean.Meta.Grind.Arith.Linear.RingEqCnstrProof.core.elim`
  • `Lean.Meta.Grind.Arith.Linear.RingEqCnstrProof.symm.elim`
  • `Lean.Meta.Grind.Arith.Linear.RingIneqCnstrProof.cancelDen.elim`
  • `Lean.Meta.Grind.Arith.Linear.RingIneqCnstrProof.core.elim`
  • `Lean.Meta.Grind.Arith.Linear.RingIneqCnstrProof.notCore.elim`
  • `Lean.Meta.Grind.Arith.Linear.UnsatProof.diseq.elim`
  • `Lean.Meta.Grind.Arith.Linear.UnsatProof.lt.elim`
  • `Lean.Meta.Tactic.BVDecide.External.SolverResult.sat.elim`
  • `Lean.Meta.Tactic.BVDecide.External.SolverResult.unsat.elim`
  • `Lean.Meta.Tactic.BVDecide.External.TimedOut.success.elim`
  • `Lean.Meta.Tactic.BVDecide.External.TimedOut.timeout.elim`
  • `Lean.Meta.Tactic.BVDecide.Normalize.MatchKind.enumWithDefault.elim`
  • `Lean.Meta.Tactic.BVDecide.Normalize.MatchKind.simpleEnum.elim`
  • `Lean.Server.Test.Runner.Client.HighlightedMsgEmbed.expr.elim`
  • `Lean.Server.Test.Runner.Client.HighlightedMsgEmbed.goal.elim`
  • `Lean.Server.Test.Runner.Client.HighlightedMsgEmbed.highlighted.elim`
  • `Lean.Server.Test.Runner.Client.HighlightedMsgEmbed.trace.elim`
  • `Lean.Server.Test.Runner.Client.HighlightedMsgEmbed.widget.elim`
  • `Lean.Server.Test.Runner.Client.HighlightedSubexprInfo.highlighted.elim`
  • `Lean.Server.Test.Runner.Client.HighlightedSubexprInfo.subexpr.elim`
  • `Lean.Server.Test.Runner.Client.MsgEmbed.expr.elim`
  • `Lean.Server.Test.Runner.Client.MsgEmbed.goal.elim`
  • `Lean.Server.Test.Runner.Client.MsgEmbed.trace.elim`
  • `Lean.Server.Test.Runner.Client.MsgEmbed.widget.elim`
  • `Lean.Server.Test.Runner.Client.StrictOrLazy.lazy.elim`
  • `Lean.Server.Test.Runner.Client.StrictOrLazy.strict.elim`
  • `Std.Http.Protocol.H1.Reader.BodyState.chunkedBody.elim`
  • `Std.Http.Protocol.H1.Reader.BodyState.chunkedSize.elim`
  • `Std.Http.Protocol.H1.Reader.BodyState.closeDelimited.elim`
  • `Std.Http.Protocol.H1.Reader.BodyState.fixed.elim`
  • `Std.Http.Protocol.H1.Reader.State.closed.elim`
  • `Std.Http.Protocol.H1.Reader.State.complete.elim`
  • `Std.Http.Protocol.H1.Reader.State.continue.elim`
  • `Std.Http.Protocol.H1.Reader.State.failed.elim`
  • `Std.Http.Protocol.H1.Reader.State.needHeader.elim`
  • `Std.Http.Protocol.H1.Reader.State.needStartLine.elim`
  • `Std.Http.Protocol.H1.Reader.State.pending.elim`
  • `Std.Http.Protocol.H1.Reader.State.readBody.elim`
  • `Std.Http.Protocol.H1.Writer.State.closed.elim`
  • `Std.Http.Protocol.H1.Writer.State.complete.elim`
  • `Std.Http.Protocol.H1.Writer.State.pending.elim`
  • `Std.Http.Protocol.H1.Writer.State.waitingForFlush.elim`
  • `Std.Http.Protocol.H1.Writer.State.waitingHeaders.elim`
  • `Std.Http.Protocol.H1.Writer.State.writingBodyChunked.elim`
  • `Std.Http.Protocol.H1.Writer.State.writingBodyClosingFrame.elim`
  • `Std.Http.Protocol.H1.Writer.State.writingBodyFixed.elim`
  • `Std.Tactic.BVDecide.LRAT.Internal.Assignment.both.elim`
  • `Std.Tactic.BVDecide.LRAT.Internal.Assignment.neg.elim`
  • `Std.Tactic.BVDecide.LRAT.Internal.Assignment.pos.elim`
  • `Std.Tactic.BVDecide.LRAT.Internal.Assignment.unassigned.elim`
  • `Std.Tactic.BVDecide.LRAT.Internal.ReduceResult.encounteredBoth.elim`
  • `Std.Tactic.BVDecide.LRAT.Internal.ReduceResult.reducedToEmpty.elim`
  • `Std.Tactic.BVDecide.LRAT.Internal.ReduceResult.reducedToNonunit.elim`
  • `Std.Tactic.BVDecide.LRAT.Internal.ReduceResult.reducedToUnit.elim`
  • `Std.Tactic.BVDecide.LRAT.Internal.Result.outOfProof.elim`
  • `Std.Tactic.BVDecide.LRAT.Internal.Result.rupFailure.elim`
  • `Std.Tactic.BVDecide.LRAT.Internal.Result.success.elim`
  • `Lean.Elab.Tactic.Do.Internal.SpecAttr.SpecProof.global.elim`
  • `Lean.Elab.Tactic.Do.Internal.SpecAttr.SpecProof.local.elim`
  • `Lean.Elab.Tactic.Do.Internal.SpecAttr.SpecProof.stx.elim`
  • `Lean.Elab.Tactic.Do.Internal.SpecAttr.SpecTheoremKind.simp.elim`
  • `Lean.Elab.Tactic.Do.Internal.SpecAttr.SpecTheoremKind.triple.elim`
  • `Lean.Elab.Tactic.Do.Internal.VCGen.SolveResult.goals.elim`
  • `Lean.Elab.Tactic.Do.Internal.VCGen.SolveResult.stop.elim`
  • `Lean.Meta.Grind.Arith.Cutsat.Search.Kind.int.elim`
  • `Lean.Meta.Grind.Arith.Cutsat.Search.Kind.rat.elim`
  • `Lean.Elab.Tactic.Do.Internal.VCGen.SolveResult.StopReason.noEntailment.elim`
  • `Lean.Elab.Tactic.Do.Internal.VCGen.SolveResult.StopReason.noProgress.elim`
  • `Lean.Elab.Tactic.Do.Internal.VCGen.SolveResult.StopReason.noSpecFound.elim`
  • `Lean.Elab.Tactic.Do.Internal.VCGen.SolveResult.StopReason.outOfFuel.elim`
  • `Lean.Elab.Tactic.Do.Internal.VCGen.SolveResult.StopReason.untilPatternMatched.elim`
'Research.TypesVerify.Amended.fitsN_live' depends on axioms: [propext, Quot.sound]
'Research.TypesVerify.Amended.fitsN_sub' depends on axioms: [propext, Quot.sound]
'Research.TypesVerify.Amended.fitsN_normalizeRow' depends on axioms: [propext, Quot.sound]
'Research.TypesVerify.Amended.fitsN_productMembers' depends on axioms: [propext, sorryAx, Quot.sound]
'Research.TypesVerify.Amended.fitsN_normalize' depends on axioms: [propext, sorryAx, Quot.sound]
'Research.TypesVerify.Amended.fitsN_subN' depends on axioms: [propext, sorryAx, Quot.sound]
'Research.TypesVerify.Amended.fitsN_join_left' depends on axioms: [propext, sorryAx, Quot.sound]
'Research.TypesVerify.Amended.fitsN_join_right' depends on axioms: [propext, sorryAx, Quot.sound]
'Research.TypesVerify.Amended.tree_join_fails' depends on axioms: [propext, Quot.sound]
'Research.TypesVerify.Amended.amended_join_holds' depends on axioms: [propext, sorryAx, Quot.sound]
bash $S lake env lean -M6144 -DwarningAsError=true   3.08s user 1.12s system 111% cpu 3.785 total
exit=1
