ℹ [192/281] Replayed Effect4.Laws.Machine.Clauses
info: src/Effect4/Laws/Machine/Clauses.lean:2115:0: Effect4.Machine.M1OriginClauses: 0 open, 10 proved, 10 total; ceiling 0
ℹ [199/281] Replayed Effect4.Laws.Machine.Arena
info: src/Effect4/Laws/Machine/Arena.lean:249:0: Effect4.Machine.ArenaObligations: 0 open, 10 proved, 10 total; ceiling 0
info: src/Effect4/Laws/Machine/Arena.lean:252:0: Effect4.Machine.ArenaSupportWanted: 0 open, 3 proved, 3 total; ceiling 0
ℹ [200/281] Replayed Effect4.Laws.Machine.RefKernel
info: src/Effect4/Laws/Machine/RefKernel.lean:272:0: Effect4.Machine.ArenaObligations: 0 open, 14 proved, 14 total; ceiling 0
info: src/Effect4/Laws/Machine/RefKernel.lean:275:0: Effect4.Machine.M1.RefKernelSupport: 0 open, 1 proved, 1 total; ceiling 0
ℹ [201/281] Replayed Effect4.Laws.Machine.CompletionData
info: src/Effect4/Laws/Machine/CompletionData.lean:61:0: Effect4.Machine.M1.OwedMapWanted: 0 open, 4 proved, 4 total; ceiling 0
info: src/Effect4/Laws/Machine/CompletionData.lean:98:0: Effect4.Machine.M1.Core: 0 open, 5 proved, 5 total; ceiling 0
info: src/Effect4/Laws/Machine/CompletionData.lean:113:0: Effect4.Machine.M1.CompletionSupport: 0 open, 2 proved, 2 total; ceiling 0
ℹ [202/281] Replayed Effect4.Laws.Machine.StoresLaws
info: src/Effect4/Laws/Machine/StoresLaws.lean:2058:0: Effect4.Machine.M1.StoresLaws: 0 open, 5 proved, 5 total; ceiling 0
ℹ [203/281] Replayed Effect4.Laws.Machine.Approximation
info: src/Effect4/Laws/Machine/Approximation.lean:1694:0: Effect4.Machine.M1OriginApproximation: 0 open, 2 proved, 2 total; ceiling 0
ℹ [204/281] Replayed Effect4.Laws.Machine.Handles
info: src/Effect4/Laws/Machine/Handles.lean:6714:0: Effect4.Machine.M1.Handles: 0 open, 9 proved, 9 total; ceiling 5
info: src/Effect4/Laws/Machine/Handles.lean:6715:0: Effect4.Machine.M1.DeferredWanted: 0 open, 1 proved, 1 total; ceiling 0
info: src/Effect4/Laws/Machine/Handles.lean:6716:0: Effect4.Machine.M1Origin: 0 open, 9 proved, 9 total; ceiling 4
ℹ [209/281] Replayed Effect4.Program.AtomInventory
info: src/Effect4/Program/AtomInventory.lean:61:0: 'Effect4.Program.NativeAtom.all_complete' depends on axioms: [propext]
info: src/Effect4/Program/AtomInventory.lean:62:0: 'Effect4.Program.NativeAtom.covers_iff' depends on axioms: [propext, Quot.sound]
ℹ [215/281] Replayed Effect4.Program.NodeLenses
info: src/Effect4/Program/NodeLenses.lean:135:0: 'Effect4.Program.Node.child' depends on axioms: [propext]
info: src/Effect4/Program/NodeLenses.lean:136:0: 'Effect4.Program.Node.setChild' depends on axioms: [propext]
ℹ [216/281] Replayed Effect4.Program.Fold
info: src/Effect4/Program/Fold.lean:3350:0: 'Effect4.Program.hom_eq_cata_ty' depends on axioms: [propext]
info: src/Effect4/Program/Fold.lean:3351:0: 'Effect4.Program.cata_id_ty' does not depend on any axioms
info: src/Effect4/Program/Fold.lean:3352:0: 'Effect4.Program.foldM_eq_cata_ty' depends on axioms: [propext, Quot.sound]
info: src/Effect4/Program/Fold.lean:3353:0: 'Effect4.Program.foldM_id_ty' depends on axioms: [propext, Quot.sound]
info: src/Effect4/Program/Fold.lean:3354:0: 'Effect4.Program.foldM_natural_ty' depends on axioms: [propext, Quot.sound]
info: src/Effect4/Program/Fold.lean:3355:0: 'Effect4.Program.hom_eq_cata_term' depends on axioms: [propext]
info: src/Effect4/Program/Fold.lean:3356:0: 'Effect4.Program.hom_eq_cata_terms' depends on axioms: [propext]
info: src/Effect4/Program/Fold.lean:3357:0: 'Effect4.Program.cata_id_term' does not depend on any axioms
info: src/Effect4/Program/Fold.lean:3358:0: 'Effect4.Program.cata_id_terms' does not depend on any axioms
info: src/Effect4/Program/Fold.lean:3359:0: 'Effect4.Program.foldM_eq_cata_term' depends on axioms: [propext, Quot.sound]
info: src/Effect4/Program/Fold.lean:3360:0: 'Effect4.Program.foldM_eq_cata_terms' depends on axioms: [propext, Quot.sound]
info: src/Effect4/Program/Fold.lean:3361:0: 'Effect4.Program.foldM_id_term' depends on axioms: [propext, Quot.sound]
info: src/Effect4/Program/Fold.lean:3362:0: 'Effect4.Program.foldM_id_terms' depends on axioms: [propext, Quot.sound]
info: src/Effect4/Program/Fold.lean:3363:0: 'Effect4.Program.foldM_natural_term' depends on axioms: [propext, Quot.sound]
info: src/Effect4/Program/Fold.lean:3364:0: 'Effect4.Program.foldM_natural_terms' depends on axioms: [propext, Quot.sound]
info: src/Effect4/Program/Fold.lean:3365:0: 'Effect4.Program.hom_eq_cata_cause' depends on axioms: [propext]
info: src/Effect4/Program/Fold.lean:3366:0: 'Effect4.Program.cata_id_cause' does not depend on any axioms
info: src/Effect4/Program/Fold.lean:3367:0: 'Effect4.Program.foldM_eq_cata_cause' depends on axioms: [propext, Quot.sound]
info: src/Effect4/Program/Fold.lean:3368:0: 'Effect4.Program.foldM_id_cause' depends on axioms: [propext, Quot.sound]
info: src/Effect4/Program/Fold.lean:3369:0: 'Effect4.Program.foldM_natural_cause' depends on axioms: [propext, Quot.sound]
info: src/Effect4/Program/Fold.lean:3370:0: 'Effect4.Program.hom_eq_cata_eff' depends on axioms: [propext]
info: src/Effect4/Program/Fold.lean:3371:0: 'Effect4.Program.hom_eq_cata_stmt' depends on axioms: [propext]
info: src/Effect4/Program/Fold.lean:3372:0: 'Effect4.Program.hom_eq_cata_stmts' depends on axioms: [propext]
info: src/Effect4/Program/Fold.lean:3373:0: 'Effect4.Program.hom_eq_cata_effs' depends on axioms: [propext]
info: src/Effect4/Program/Fold.lean:3374:0: 'Effect4.Program.hom_eq_cata_action' depends on axioms: [propext]
info: src/Effect4/Program/Fold.lean:3375:0: 'Effect4.Program.hom_eq_cata_layer' depends on axioms: [propext]
info: src/Effect4/Program/Fold.lean:3376:0: 'Effect4.Program.hom_eq_cata_layers' depends on axioms: [propext]
info: src/Effect4/Program/Fold.lean:3377:0: 'Effect4.Program.cata_id_eff' does not depend on any axioms
info: src/Effect4/Program/Fold.lean:3378:0: 'Effect4.Program.cata_id_stmt' does not depend on any axioms
info: src/Effect4/Program/Fold.lean:3379:0: 'Effect4.Program.cata_id_stmts' does not depend on any axioms
info: src/Effect4/Program/Fold.lean:3380:0: 'Effect4.Program.cata_id_effs' does not depend on any axioms
info: src/Effect4/Program/Fold.lean:3381:0: 'Effect4.Program.cata_id_action' does not depend on any axioms
info: src/Effect4/Program/Fold.lean:3382:0: 'Effect4.Program.cata_id_layer' does not depend on any axioms
info: src/Effect4/Program/Fold.lean:3383:0: 'Effect4.Program.cata_id_layers' does not depend on any axioms
info: src/Effect4/Program/Fold.lean:3384:0: 'Effect4.Program.foldM_eq_cata_eff' depends on axioms: [propext, Quot.sound]
info: src/Effect4/Program/Fold.lean:3385:0: 'Effect4.Program.foldM_eq_cata_stmt' depends on axioms: [propext, Quot.sound]
info: src/Effect4/Program/Fold.lean:3386:0: 'Effect4.Program.foldM_eq_cata_stmts' depends on axioms: [propext, Quot.sound]
info: src/Effect4/Program/Fold.lean:3387:0: 'Effect4.Program.foldM_eq_cata_effs' depends on axioms: [propext, Quot.sound]
info: src/Effect4/Program/Fold.lean:3388:0: 'Effect4.Program.foldM_eq_cata_action' depends on axioms: [propext, Quot.sound]
info: src/Effect4/Program/Fold.lean:3389:0: 'Effect4.Program.foldM_eq_cata_layer' depends on axioms: [propext, Quot.sound]
info: src/Effect4/Program/Fold.lean:3390:0: 'Effect4.Program.foldM_eq_cata_layers' depends on axioms: [propext, Quot.sound]
info: src/Effect4/Program/Fold.lean:3391:0: 'Effect4.Program.foldM_id_eff' depends on axioms: [propext, Quot.sound]
info: src/Effect4/Program/Fold.lean:3392:0: 'Effect4.Program.foldM_id_stmt' depends on axioms: [propext, Quot.sound]
info: src/Effect4/Program/Fold.lean:3393:0: 'Effect4.Program.foldM_id_stmts' depends on axioms: [propext, Quot.sound]
info: src/Effect4/Program/Fold.lean:3394:0: 'Effect4.Program.foldM_id_effs' depends on axioms: [propext, Quot.sound]
info: src/Effect4/Program/Fold.lean:3395:0: 'Effect4.Program.foldM_id_action' depends on axioms: [propext, Quot.sound]
info: src/Effect4/Program/Fold.lean:3396:0: 'Effect4.Program.foldM_id_layer' depends on axioms: [propext, Quot.sound]
info: src/Effect4/Program/Fold.lean:3397:0: 'Effect4.Program.foldM_id_layers' depends on axioms: [propext, Quot.sound]
info: src/Effect4/Program/Fold.lean:3398:0: 'Effect4.Program.foldM_natural_eff' depends on axioms: [propext, Quot.sound]
info: src/Effect4/Program/Fold.lean:3399:0: 'Effect4.Program.foldM_natural_stmt' depends on axioms: [propext, Quot.sound]
info: src/Effect4/Program/Fold.lean:3400:0: 'Effect4.Program.foldM_natural_stmts' depends on axioms: [propext, Quot.sound]
info: src/Effect4/Program/Fold.lean:3401:0: 'Effect4.Program.foldM_natural_effs' depends on axioms: [propext, Quot.sound]
info: src/Effect4/Program/Fold.lean:3402:0: 'Effect4.Program.foldM_natural_action' depends on axioms: [propext, Quot.sound]
info: src/Effect4/Program/Fold.lean:3403:0: 'Effect4.Program.foldM_natural_layer' depends on axioms: [propext, Quot.sound]
info: src/Effect4/Program/Fold.lean:3404:0: 'Effect4.Program.foldM_natural_layers' depends on axioms: [propext, Quot.sound]
info: src/Effect4/Program/Fold.lean:3405:0: 'Effect4.Program.weaken_eq_cata_eff' depends on axioms: [propext]
info: src/Effect4/Program/Fold.lean:3406:0: 'Effect4.Program.weaken_eq_cata_stmt' depends on axioms: [propext]
info: src/Effect4/Program/Fold.lean:3407:0: 'Effect4.Program.weaken_eq_cata_stmts' depends on axioms: [propext]
info: src/Effect4/Program/Fold.lean:3408:0: 'Effect4.Program.weaken_eq_cata_effs' depends on axioms: [propext]
info: src/Effect4/Program/Fold.lean:3409:0: 'Effect4.Program.weaken_eq_cata_action' depends on axioms: [propext]
ℹ [238/281] Replayed Effect4.Schema.Fold
info: src/Effect4/Schema/Fold.lean:925:0: 'Effect4.ElementOf.map_map' depends on axioms: [propext]
info: src/Effect4/Schema/Fold.lean:926:0: 'Effect4.ElementOf.map_id' depends on axioms: [propext]
info: src/Effect4/Schema/Fold.lean:927:0: 'Effect4.PropertySignatureOf.map_map' depends on axioms: [propext]
info: src/Effect4/Schema/Fold.lean:928:0: 'Effect4.PropertySignatureOf.map_id' depends on axioms: [propext]
info: src/Effect4/Schema/Fold.lean:929:0: 'Effect4.IndexSignatureOf.map_map' depends on axioms: [propext]
info: src/Effect4/Schema/Fold.lean:930:0: 'Effect4.IndexSignatureOf.map_id' depends on axioms: [propext]
info: src/Effect4/Schema/Fold.lean:931:0: 'Effect4.CheckRepresentationAnnotationOf.map_map' depends on axioms: [propext, Quot.sound]
info: src/Effect4/Schema/Fold.lean:932:0: 'Effect4.CheckRepresentationAnnotationOf.map_id' depends on axioms: [propext, Quot.sound]
info: src/Effect4/Schema/Fold.lean:933:0: 'Effect4.cata_pos_list_representation_eq' depends on axioms: [propext]
info: src/Effect4/Schema/Fold.lean:934:0: 'Effect4.cata_pos_list_check_eq' depends on axioms: [propext]
info: src/Effect4/Schema/Fold.lean:935:0: 'Effect4.cata_pos_elementOf_representation_eq' depends on axioms: [propext]
info: src/Effect4/Schema/Fold.lean:936:0: 'Effect4.cata_pos_list_elementOf_representation_eq' depends on axioms: [propext]
info: src/Effect4/Schema/Fold.lean:937:0: 'Effect4.cata_pos_propertySignatureOf_representation_eq' depends on axioms: [propext]
info: src/Effect4/Schema/Fold.lean:938:0: 'Effect4.cata_pos_list_propertySignatureOf_representation_eq' depends on axioms: [propext]
info: src/Effect4/Schema/Fold.lean:939:0: 'Effect4.cata_pos_indexSignatureOf_representation_eq' depends on axioms: [propext]
info: src/Effect4/Schema/Fold.lean:940:0: 'Effect4.cata_pos_list_indexSignatureOf_representation_eq' depends on axioms: [propext]
info: src/Effect4/Schema/Fold.lean:941:0: 'Effect4.cata_pos_option_list_representation_eq' depends on axioms: [propext]
info: src/Effect4/Schema/Fold.lean:942:0: 'Effect4.cata_pos_checkRepresentationAnnotationOf_representation_eq' depends on axioms: [propext]
info: src/Effect4/Schema/Fold.lean:943:0: 'Effect4.cata_pos_option_checkRepresentationAnnotationOf_representation_eq' depends on axioms: [propext]
info: src/Effect4/Schema/Fold.lean:944:0: 'Effect4.cata_representation_declaration' depends on axioms: [propext]
info: src/Effect4/Schema/Fold.lean:945:0: 'Effect4.cata_representation_reference' does not depend on any axioms
info: src/Effect4/Schema/Fold.lean:946:0: 'Effect4.cata_representation_suspend' depends on axioms: [propext]
info: src/Effect4/Schema/Fold.lean:947:0: 'Effect4.cata_representation_null' depends on axioms: [propext]
info: src/Effect4/Schema/Fold.lean:948:0: 'Effect4.cata_representation_undefined' depends on axioms: [propext]
info: src/Effect4/Schema/Fold.lean:949:0: 'Effect4.cata_representation_void' depends on axioms: [propext]
info: src/Effect4/Schema/Fold.lean:950:0: 'Effect4.cata_representation_never' depends on axioms: [propext]
info: src/Effect4/Schema/Fold.lean:951:0: 'Effect4.cata_representation_unknown' depends on axioms: [propext]
info: src/Effect4/Schema/Fold.lean:952:0: 'Effect4.cata_representation_any' depends on axioms: [propext]
info: src/Effect4/Schema/Fold.lean:953:0: 'Effect4.cata_representation_string' depends on axioms: [propext]
info: src/Effect4/Schema/Fold.lean:954:0: 'Effect4.cata_representation_number' depends on axioms: [propext]
info: src/Effect4/Schema/Fold.lean:955:0: 'Effect4.cata_representation_boolean' depends on axioms: [propext]
info: src/Effect4/Schema/Fold.lean:956:0: 'Effect4.cata_representation_bigint' depends on axioms: [propext]
info: src/Effect4/Schema/Fold.lean:957:0: 'Effect4.cata_representation_symbol' depends on axioms: [propext]
info: src/Effect4/Schema/Fold.lean:958:0: 'Effect4.cata_representation_literal' depends on axioms: [propext]
info: src/Effect4/Schema/Fold.lean:959:0: 'Effect4.cata_representation_uniqueSymbol' depends on axioms: [propext]
info: src/Effect4/Schema/Fold.lean:960:0: 'Effect4.cata_representation_objectKeyword' depends on axioms: [propext]
info: src/Effect4/Schema/Fold.lean:961:0: 'Effect4.cata_representation_enum' depends on axioms: [propext]
info: src/Effect4/Schema/Fold.lean:962:0: 'Effect4.cata_representation_templateLiteral' depends on axioms: [propext]
info: src/Effect4/Schema/Fold.lean:963:0: 'Effect4.cata_representation_arrays' depends on axioms: [propext]
info: src/Effect4/Schema/Fold.lean:964:0: 'Effect4.cata_representation_objects' depends on axioms: [propext]
info: src/Effect4/Schema/Fold.lean:965:0: 'Effect4.cata_representation_union' depends on axioms: [propext]
info: src/Effect4/Schema/Fold.lean:966:0: 'Effect4.cata_check_filter' depends on axioms: [propext]
info: src/Effect4/Schema/Fold.lean:967:0: 'Effect4.cata_check_filterGroup' depends on axioms: [propext]
info: src/Effect4/Schema/Fold.lean:968:0: 'Effect4.hom_eq_cata_representation' depends on axioms: [propext]
info: src/Effect4/Schema/Fold.lean:969:0: 'Effect4.hom_eq_cata_check' depends on axioms: [propext]
info: src/Effect4/Schema/Fold.lean:970:0: 'Effect4.hom_pos_list_representation' depends on axioms: [propext]
info: src/Effect4/Schema/Fold.lean:971:0: 'Effect4.hom_pos_list_check' depends on axioms: [propext]
info: src/Effect4/Schema/Fold.lean:972:0: 'Effect4.hom_pos_elementOf_representation' depends on axioms: [propext]
info: src/Effect4/Schema/Fold.lean:973:0: 'Effect4.hom_pos_list_elementOf_representation' depends on axioms: [propext]
info: src/Effect4/Schema/Fold.lean:974:0: 'Effect4.hom_pos_propertySignatureOf_representation' depends on axioms: [propext]
info: src/Effect4/Schema/Fold.lean:975:0: 'Effect4.hom_pos_list_propertySignatureOf_representation' depends on axioms: [propext]
info: src/Effect4/Schema/Fold.lean:976:0: 'Effect4.hom_pos_indexSignatureOf_representation' depends on axioms: [propext]
info: src/Effect4/Schema/Fold.lean:977:0: 'Effect4.hom_pos_list_indexSignatureOf_representation' depends on axioms: [propext]
info: src/Effect4/Schema/Fold.lean:978:0: 'Effect4.hom_pos_option_list_representation' depends on axioms: [propext]
info: src/Effect4/Schema/Fold.lean:979:0: 'Effect4.hom_pos_checkRepresentationAnnotationOf_representation' depends on axioms: [propext]
info: src/Effect4/Schema/Fold.lean:980:0: 'Effect4.hom_pos_option_checkRepresentationAnnotationOf_representation' depends on axioms: [propext]
info: src/Effect4/Schema/Fold.lean:981:0: 'Effect4.cata_id_representation' depends on axioms: [propext]
info: src/Effect4/Schema/Fold.lean:982:0: 'Effect4.cata_id_check' depends on axioms: [propext]
info: src/Effect4/Schema/Fold.lean:983:0: 'Effect4.cata_id_pos_list_representation' depends on axioms: [propext]
info: src/Effect4/Schema/Fold.lean:984:0: 'Effect4.cata_id_pos_list_check' depends on axioms: [propext]
info: src/Effect4/Schema/Fold.lean:985:0: 'Effect4.cata_id_pos_elementOf_representation' depends on axioms: [propext]
info: src/Effect4/Schema/Fold.lean:986:0: 'Effect4.cata_id_pos_list_elementOf_representation' depends on axioms: [propext]
info: src/Effect4/Schema/Fold.lean:987:0: 'Effect4.cata_id_pos_propertySignatureOf_representation' depends on axioms: [propext]
info: src/Effect4/Schema/Fold.lean:988:0: 'Effect4.cata_id_pos_list_propertySignatureOf_representation' depends on axioms: [propext]
info: src/Effect4/Schema/Fold.lean:989:0: 'Effect4.cata_id_pos_indexSignatureOf_representation' depends on axioms: [propext]
info: src/Effect4/Schema/Fold.lean:990:0: 'Effect4.cata_id_pos_list_indexSignatureOf_representation' depends on axioms: [propext]
info: src/Effect4/Schema/Fold.lean:991:0: 'Effect4.cata_id_pos_option_list_representation' depends on axioms: [propext]
info: src/Effect4/Schema/Fold.lean:992:0: 'Effect4.cata_id_pos_checkRepresentationAnnotationOf_representation' depends on axioms: [propext]
info: src/Effect4/Schema/Fold.lean:993:0: 'Effect4.cata_id_pos_option_checkRepresentationAnnotationOf_representation' depends on axioms: [propext]
ℹ [246/281] Replayed Effect4.Laws.Program.Folds.Ty
info: src/Effect4/Laws/Program/Folds/Ty.lean:23:0: fold_of: Effect4.Program.Ty.renderRaw.eq_cata : ∀ (a : Ty), a.renderRaw = cata_ty Ty.renderRaw.alg a
info: src/Effect4/Laws/Program/Folds/Ty.lean:23:0: fold_of: Effect4.Program.Ty.renderRaw.alg : TyAlgebra fun fam => TyFam.rec String fam
info: src/Effect4/Laws/Program/Folds/Ty.lean:24:0: fold_of: Effect4.Program.Ty.members.eq_cata : ∀ (a : Ty), a.members = (cata_ty Ty.members.alg a).snd
info: src/Effect4/Laws/Program/Folds/Ty.lean:24:0: fold_of (paramorphism: the carrier pairs the value): Effect4.Program.Ty.members.alg : TyAlgebra fun fam =>
  TyFam.rec (Ty × List Ty) fam
info: src/Effect4/Laws/Program/Folds/Ty.lean:25:0: fold_of: Effect4.Program.Ty.key.eq_cata : ∀ (a : Ty), a.key = cata_ty Ty.key.alg a
info: src/Effect4/Laws/Program/Folds/Ty.lean:25:0: fold_of: Effect4.Program.Ty.key.alg : TyAlgebra fun fam => TyFam.rec (List Nat) fam
info: src/Effect4/Laws/Program/Folds/Ty.lean:26:0: fold_of: Effect4.Program.Ty.isNever.eq_cata : ∀ (a : Ty), a.isNever = cata_ty Ty.isNever.alg a
info: src/Effect4/Laws/Program/Folds/Ty.lean:26:0: fold_of: Effect4.Program.Ty.isNever.alg : TyAlgebra fun fam => TyFam.rec Bool fam
info: src/Effect4/Laws/Program/Folds/Ty.lean:27:0: fold_of: Effect4.Program.Ty.isMember.eq_cata : ∀ (a : Ty), a.isMember = cata_ty Ty.isMember.alg a
info: src/Effect4/Laws/Program/Folds/Ty.lean:27:0: fold_of: Effect4.Program.Ty.isMember.alg : TyAlgebra fun fam => TyFam.rec Bool fam
info: src/Effect4/Laws/Program/Folds/Ty.lean:28:0: fold_of: Effect4.Program.Ty.normalize.eq_cata : ∀ (a : Ty), a.normalize = cata_ty Ty.normalize.alg a
info: src/Effect4/Laws/Program/Folds/Ty.lean:28:0: fold_of: Effect4.Program.Ty.normalize.alg : TyAlgebra fun fam => TyFam.rec Ty fam
info: src/Effect4/Laws/Program/Folds/Ty.lean:29:0: fold_of: Effect4.Program.isTagTy.eq_cata : ∀ (a : Ty), isTagTy a = cata_ty isTagTy.alg a
info: src/Effect4/Laws/Program/Folds/Ty.lean:29:0: fold_of: Effect4.Program.isTagTy.alg : TyAlgebra fun fam => TyFam.rec Bool fam
info: src/Effect4/Laws/Program/Folds/Ty.lean:30:0: fold_of: Effect4.Program.rawSupportedErrTy.eq_cata : ∀ (a : Ty),
  rawSupportedErrTy a = (cata_ty rawSupportedErrTy.alg a).snd
info: src/Effect4/Laws/Program/Folds/Ty.lean:30:0: fold_of (paramorphism: the carrier pairs the value): Effect4.Program.rawSupportedErrTy.alg : TyAlgebra fun fam =>
  TyFam.rec (Ty × Bool) fam
info: src/Effect4/Laws/Program/Folds/Ty.lean:31:0: fold_of: Effect4.Program.NativeAtom.projectProduct.eq_cata : ∀ (second : Bool) (a : Ty),
  NativeAtom.projectProduct second a = (cata_ty (NativeAtom.projectProduct.alg second) a).snd
info: src/Effect4/Laws/Program/Folds/Ty.lean:31:0: fold_of (paramorphism: the carrier pairs the value): Effect4.Program.NativeAtom.projectProduct.alg : Bool →
  TyAlgebra fun fam => TyFam.rec (Ty × Option Ty) fam
info: src/Effect4/Laws/Program/Folds/Ty.lean:32:0: fold_of: Effect4.Program.findInt.eq_cata : ∀ (pos : Path) (a : Ty), findInt pos a = cata_ty findInt.alg a pos
info: src/Effect4/Laws/Program/Folds/Ty.lean:32:0: fold_of: Effect4.Program.findInt.alg : TyAlgebra fun fam => TyFam.rec (Path → Option Path) fam
info: src/Effect4/Laws/Program/Folds/Ty.lean:33:0: fold_of: Effect4.Program.Val.hasTy.eq_cata : ∀ (v : Machine.Val) (ty : Ty) (allocated : optParam (List String) []),
  Val.hasTy v ty allocated = (cata_ty Val.hasTy.alg ty).snd v allocated
info: src/Effect4/Laws/Program/Folds/Ty.lean:33:0: fold_of (paramorphism: the carrier pairs the value): Effect4.Program.Val.hasTy.alg : TyAlgebra fun fam =>
  TyFam.rec (Ty × (Machine.Val → List String → Bool)) fam
info: src/Effect4/Laws/Program/Folds/Ty.lean:34:0: fold_of: Effect4.Schema.Bridge.schema.eq_cata : ∀ (a : Ty), Schema.Bridge.schema a = cata_ty Schema.Bridge.schema.alg a
info: src/Effect4/Laws/Program/Folds/Ty.lean:34:0: fold_of: Effect4.Schema.Bridge.schema.alg : TyAlgebra fun fam => TyFam.rec Representation fam
info: src/Effect4/Laws/Program/Folds/Ty.lean:35:0: fold_of: Effect4.Schema.Codec.layout.eq_cata : ∀ (a : Ty),
  Schema.Codec.layout a = (cata_ty Schema.Codec.layout.alg a).snd
info: src/Effect4/Laws/Program/Folds/Ty.lean:35:0: fold_of (paramorphism: the carrier pairs the value): Effect4.Schema.Codec.layout.alg : TyAlgebra fun fam =>
  TyFam.rec (Ty × Ty) fam
info: src/Effect4/Laws/Program/Folds/Ty.lean:36:0: fold_of: Effect4.Schema.Codec.isSupported.eq_cata : ∀ (a : Ty),
  Schema.Codec.isSupported a = cata_ty Schema.Codec.isSupported.alg a
info: src/Effect4/Laws/Program/Folds/Ty.lean:36:0: fold_of: Effect4.Schema.Codec.isSupported.alg : TyAlgebra fun fam => TyFam.rec Bool fam
info: src/Effect4/Laws/Program/Folds/Ty.lean:37:0: fold_of: Effect4.Schema.Codec.encodeRaw.eq_cata : ∀ (a : Ty) (a_1 : Machine.Val),
  Schema.Codec.encodeRaw a a_1 = (cata_ty Schema.Codec.encodeRaw.alg a).snd a_1
info: src/Effect4/Laws/Program/Folds/Ty.lean:37:0: fold_of (paramorphism: the carrier pairs the value): Effect4.Schema.Codec.encodeRaw.alg : TyAlgebra fun fam =>
  TyFam.rec (Ty × (Machine.Val → Option Json)) fam
info: src/Effect4/Laws/Program/Folds/Ty.lean:38:0: fold_of: Effect4.Schema.Codec.decodeRaw.eq_cata : ∀ (a : Ty) (a_1 : Json),
  Schema.Codec.decodeRaw a a_1 = (cata_ty Schema.Codec.decodeRaw.alg a).snd a_1
info: src/Effect4/Laws/Program/Folds/Ty.lean:38:0: fold_of (paramorphism: the carrier pairs the value): Effect4.Schema.Codec.decodeRaw.alg : TyAlgebra fun fam =>
  TyFam.rec (Ty × (Json → Option Machine.Val)) fam
ℹ [260/281] Replayed Effect4.Laws.Program.Agreement
info: src/Effect4/Laws/Program/Agreement.lean:1931:0: Effect4.Program.Agreement.M1Origin: 0 open, 1 proved, 1 total; ceiling 0
ℹ [262/281] Replayed Effect4.Laws.Machine.Behaviour
info: src/Effect4/Laws/Machine/Behaviour.lean:119:0: Effect4.Machine.M1Trace: 0 open, 1 proved, 1 total; ceiling 1
ℹ [271/281] Replayed Effect4.Laws.Program.Typed.State
info: src/Effect4/Laws/Program/Typed/State.lean:21:0: 85 positions from 4 roots, 86 source rows
  11	owner
  8	custom
  5	exit
  3	column
  1	refused
  6	journal
  51	hook
  refused	Effect4.Machine.Stores.externals	external rows are the table-aware slice (DI-57); the reference parks them forever
  refused	Effect4.ScopeState.closed.exit	DI-94 fixes the release type at Exit<unknown, unknown>; connecting stored scope exits to the invariant remains open
ℹ [273/281] Replayed Effect4.Laws.Program.Typed.World
info: src/Effect4/Laws/Program/Typed/World.lean:756:0: Effect4.Program.Typed.WorldControlWanted: 0 open, 5 proved, 5 total; ceiling 0
info: src/Effect4/Laws/Program/Typed/World.lean:757:0: Effect4.Program.Typed.WorldWanted: 1 open, 19 proved, 20 total; ceiling 1
ℹ [277/281] Replayed Test.Program.TypedStateRulesRed
info: Test/Program/TypedStateRulesRed.lean:27:0: 'Test.Program.TypedStateRulesRed.from_owner' depends on axioms: [propext]
ℹ [278/281] Replayed Test.Audit.PositionCensus
info: Test/Audit/PositionCensus.lean:16:0: root	owner	field	shape	carrier
Effect4.Program.Sched.RState	Effect4.Program.Sched.RSaved	current		Effects.Program
Effect4.Program.Sched.RState	Effect4.Program.Sched.ScopeFrame	resume.next	(Effect4.Machine.ExitV → _) 	Effects.Program
Effect4.Program.Sched.RState	Effect4.Program.Sched.ScopeFrame	answer.next	(Effect4.Machine.ExitV → _) 	Effects.Program
Effect4.Program.Sched.RState	Effect4.Program.Sched.ScopeFrame	asyncFinalizer.name		Effect4.Program.EffName
Effect4.Program.Sched.RState	Effect4.Program.Sched.ScopeFrame	iter.generator		Effect4.Program.EffName
Effect4.Program.Sched.RState	Effect4.Program.Sched.ScopeFrame	loop.loop		Effect4.Program.EffName
Effect4.Program.Sched.RState	Effect4.Program.Sched.ScopeFrame	loop.cursor		Effect4.Store.Val
Effect4.Program.Sched.RState	Effect4.Program.Sched.RSaved	interruptedCause	Option 	Effect4.Cause
Effect4.Program.Sched.RState	Effect4.Machine.Pending	collected	List 	Effect4.Exit
Effect4.Program.Sched.RState	Effect4.Machine.Resume	continueWith.name		Effect4.Program.EffName
Effect4.Program.Sched.RState	Effect4.Machine.RunFiber	finalizing	Option 	Effect4.Exit
Effect4.Program.Sched.RState	Effect4.Machine.RunFiber	exit	Option 	Effect4.Exit
Effect4.Program.Sched.RState	Effect4.Machine.Task	resume.answer		Effects.Program
Effect4.Program.Sched.RState	Effect4.Machine.Env.Service	value		Effect4.Store.Val
Effect4.Program.Sched.RState	Effect4.Supervision.RaceAllState	failures	List 	Effect4.Reason
Effect4.Program.Sched.RState	Effect4.Supervision.RaceAllState	winner	Option Prod.2 	Effect4.Store.Val
Effect4.Program.Sched.RState	Effect4.Supervision.RaceAllState	accepted	Option 	Effect4.Exit
Effect4.Program.Sched.RState	Effect4.Supervision.WaitState	result		Effect4.Exit
Effect4.Program.Sched.RState	Effect4.Machine.Race	programs	List 	Effects.Program
Effect4.Program.Sched.RState	Effect4.Machine.Stores	refs	List 	Effect4.Store.Val
Effect4.Program.Sched.RState	Effect4.Machine.Completion	ofExit.exit		Effect4.Exit
Effect4.Program.Sched.RState	Effect4.Machine.Capture	env	List 	Effect4.Store.Val
Effect4.Program.Sched.RState	Effect4.ScopeState	closed.exit		Effect4.Exit
Effect4.Program.Sched.RState	Effect4.Machine.RunEvent	resumedWith.answer		Effects.Program
Effect4.Program.Sched.RState	Effect4.Machine.RunEvent	finalizerProgram.finalizer		Effect4.Program.EffName
Effect4.Program.Sched.RState	Effect4.Machine.RunEvent	finalizerProgram.exit		Effect4.Exit
Effect4.Program.Sched.RState	Effect4.Machine.RunEvent	raceSettled.exit		Effect4.Exit
Effect4.Program.Sched.RState	Effect4.Machine.RunEvent	callback.exit		Effect4.Exit
Effect4.Program.Sched.RState	Effect4.Machine.RunEvent	exited.exit		Effect4.Exit
Effect4.Program.Sched.RCmd	Effect4.Machine.Cmd	finish.exit		Effect4.Exit
Effect4.Program.Sched.RCmd	Effect4.Machine.Cmd	resume.answer		Effects.Program
Effect4.Program.Sched.RCmd	Effect4.Machine.Cmd	observe.exit		Effect4.Exit
Effect4.Program.Sched.RInterp	Effect4.PrimInterp	contA	(Effect4.Program.EffName → _) (Effect4.Machine.Val → _) 	Effects.Program
Effect4.Program.Sched.RInterp	Effect4.PrimInterp	contE	(Effect4.Program.EffName → _) (Effect4.Cause Effect4.Machine.Err Effect4.Machine.Defect Effect4.FiberId Effect4.Machine.Ann → _) 	Effects.Program
Effect4.Program.Sched.RInterp	Effect4.PrimInterp	syncValue	(Effect4.Program.EffThunk → _) 	Effect4.Store.Val
Effect4.Program.Sched.RInterp	Effect4.PrimInterp	suspendBody	(Effect4.Program.EffThunk → _) 	Effects.Program
Effect4.Program.Sched.RInterp	Effect4.PrimInterp	finalizerExit	(Effect4.Program.EffName → _) (Effect4.Exit Effect4.Machine.Val Effect4.Machine.Err Effect4.Machine.Defect Effect4.FiberId Effect4.Machine.Ann → _) 	Effect4.Exit
Effect4.Program.Sched.RInterp	Effect4.PrimInterp	reifyExit	(Effect4.Exit Effect4.Machine.Val Effect4.Machine.Err Effect4.Machine.Defect Effect4.FiberId Effect4.Machine.Ann → _) 	Effect4.Store.Val
Effect4.Program.Sched.RInterp	Effect4.PrimInterp	iterNext	(Effect4.Program.EffName → _) (Effect4.Machine.Val → _) Prod.1 List 	Effect4.Store.Val
Effect4.Program.Sched.RInterp	Effect4.IterStep	done.value		Effect4.Store.Val
Effect4.Program.Sched.RInterp	Effect4.IterStep	halt.cause		Effect4.Cause
Effect4.Program.Sched.RInterp	Effect4.IterStep	resume.next		Effects.Program
Effect4.Program.Sched.RInterp	Effect4.IterStep	resume.continueAs		Effect4.Program.EffName
Effect4.Program.Sched.RInterp	Effect4.LoopNext	continue.cursor		Effect4.Store.Val
Effect4.Program.Sched.RInterp	Effect4.LoopNext	continue.body		Effects.Program
Effect4.Program.Sched.RInterp	Effect4.LoopNext	finish.code		Effects.Program
Effect4.Program.Sched.RInterp	Effect4.PrimInterp	cancelThenFail	(Effect4.Program.EffName → _) (Effect4.Cause Effect4.Machine.Err Effect4.Machine.Defect Effect4.FiberId Effect4.Machine.Ann → _) 	Effects.Program
Effect4.Program.Sched.RInterp	Effect4.Machine.RunInterp	parkOf	(Effect4.Program.Sched.RProgram → _) Option Except.1 	Effect4.Cause
Effect4.Program.Sched.RInterp	Effect4.Machine.RunInterp	parkCode	(Effect4.Machine.ParkKind → _) 	Effects.Program
Effect4.Program.Sched.RInterp	Effect4.Machine.RunInterp	interruptCode	(Effect4.FiberId → _) 	Effects.Program
Effect4.Program.Sched.RInterp	Effect4.Machine.RunInterp	interruptAsCode	(Effect4.FiberId → _) (Effect4.FiberId → _) 	Effects.Program
Effect4.Program.Sched.RInterp	Effect4.Machine.RunInterp	interruptAllCode	(List Effect4.FiberId → _) 	Effects.Program
Effect4.Program.Sched.RInterp	Effect4.Machine.WithFiberAction	fork.program		Effects.Program
Effect4.Program.Sched.RInterp	Effect4.Machine.WithFiberAction	forkIn.program		Effects.Program
Effect4.Program.Sched.RInterp	Effect4.Machine.WithFiberAction	forkScoped.program		Effects.Program
Effect4.Program.Sched.RInterp	Effect4.Machine.WithFiberAction	raceAll.entrants	List 	Effects.Program
Effect4.Program.Sched.RInterp	Effect4.Machine.WithFiberAction	setInterruptible.body		Effects.Program
Effect4.Program.Sched.RInterp	Effect4.Machine.Env.Service	value		Effect4.Store.Val
Effect4.Program.Sched.RInterp	Effect4.Machine.WithFiberAction	closeScope.exit		Effect4.Exit
Effect4.Program.Sched.RInterp	Effect4.Machine.WithFiberAction	closePar.finalizers	List 	Effects.Program
Effect4.Program.Sched.RInterp	Effect4.Machine.WithFiberAction	refuse.cause		Effect4.Cause
Effect4.Program.Sched.RInterp	Effect4.Machine.Stores	refs	List 	Effect4.Store.Val
Effect4.Program.Sched.RInterp	Effect4.Machine.Completion	ofExit.exit		Effect4.Exit
Effect4.Program.Sched.RInterp	Effect4.Machine.Capture	env	List 	Effect4.Store.Val
Effect4.Program.Sched.RInterp	Effect4.ScopeState	closed.exit		Effect4.Exit
Effect4.Program.Sched.RInterp	Effect4.Machine.RunInterp	syncState	(Effect4.Program.EffThunk → _) (Effect4.Machine.Stores → _) Option Prod.2 	Effect4.Store.Val
Effect4.Program.Sched.RInterp	Effect4.Machine.RunInterp	registerAsync	(Effect4.Program.EffName → _) (Effect4.FiberId → _) (Nat → _) (Effect4.Machine.Stores → _) Prod.2 Option 	Effects.Program
Effect4.Program.Sched.RInterp	Effect4.Machine.RunInterp	answerCode	(Effect4.Machine.Completion Effect4.Machine.Val Effect4.Machine.Err Effect4.Machine.Defect Effect4.FiberId
  Effect4.Machine.Ann → _) 	Effects.Program
Effect4.Program.Sched.RInterp	Effect4.Machine.Owed	code		Effects.Program
Effect4.Program.Sched.RInterp	Effect4.Machine.RunInterp	cancelName	(Effect4.Program.EffName → _) (Effect4.FiberId → _) (Nat → _) 	Effect4.Program.EffName
Effect4.Program.Sched.RInterp	Effect4.Machine.RunInterp	abortName		Effect4.Program.EffName
Effect4.Program.Sched.RInterp	Effect4.Machine.RunInterp	parkCancelName		Effect4.Program.EffName
Effect4.Program.Sched.RInterp	Effect4.Machine.RunInterp	raceCancelName	(Nat → _) 	Effect4.Program.EffName
Effect4.Program.Sched.RInterp	Effect4.Machine.RunInterp	raceSettle	(Nat → _) (Bool → _) (Effect4.Exit Effect4.Machine.Val Effect4.Machine.Err Effect4.Machine.Defect Effect4.FiberId Effect4.Machine.Ann → _) 	Effects.Program
Effect4.Program.Sched.RInterp	Effect4.Machine.RunInterp	finalizerProgram	(Effect4.Program.EffName → _) (Effect4.Exit Effect4.Machine.Val Effect4.Machine.Err Effect4.Machine.Defect Effect4.FiberId Effect4.Machine.Ann → _) Option 	Effects.Program
Effect4.Program.Sched.RInterp	Effect4.Machine.RunInterp	restoreName	(Effect4.Exit Effect4.Machine.Val Effect4.Machine.Err Effect4.Machine.Defect Effect4.FiberId Effect4.Machine.Ann → _) 	Effect4.Program.EffName
Effect4.Program.Sched.RInterp	Effect4.Machine.RunInterp	mergeName	(Effect4.Exit Effect4.Machine.Val Effect4.Machine.Err Effect4.Machine.Defect Effect4.FiberId Effect4.Machine.Ann → _) 	Effect4.Program.EffName
Effect4.Program.Sched.RInterp	Effect4.Machine.RunInterp	scopeStatus	(Nat → _) (Effect4.Machine.Stores → _) Option Option 	Effect4.Exit
Effect4.Program.Sched.RInterp	Effect4.Machine.RunInterp	closeScope	(Nat → _) (Effect4.Exit Effect4.Machine.Val Effect4.Machine.Err Effect4.Machine.Defect Effect4.FiberId Effect4.Machine.Ann → _) (Bool → _) (Effect4.FiberId → _) (Effect4.Machine.Stores → _) Option Prod.2 	Effects.Program
Effect4.Program.Sched.RInterp	Effect4.Machine.RunInterp	contextValue	(Effect4.Machine.Ctx → _) 	Effect4.Store.Val
Effect4.Program.Sched.RInterp	Effect4.Machine.RunInterp	exitValue	(Effect4.Exit Effect4.Machine.Val Effect4.Machine.Err Effect4.Machine.Defect Effect4.FiberId Effect4.Machine.Ann → _) (Effect4.Supervision.ObserverMode → _) 	Effects.Program
Effect4.Program.Sched.RInterp	Effect4.Machine.RunInterp	fiberValue	(Effect4.FiberId → _) 	Effect4.Store.Val
Effect4.Program.Sched.RInterp	Effect4.Machine.RunInterp	fiberIdValue	(Effect4.FiberId → _) 	Effect4.Store.Val
Effect4.Program.Sched.RInterp	Effect4.Machine.RunInterp	fibersValue	(List Effect4.FiberId → _) 	Effect4.Store.Val
Effect4.Program.Sched.RInterp	Effect4.Machine.RunInterp	exitsValue	(List (Effect4.Exit Effect4.Machine.Val Effect4.Machine.Err Effect4.Machine.Defect Effect4.FiberId Effect4.Machine.Ann) → _) 	Effect4.Store.Val
Effect4.Program.Sched.RInterp	Effect4.Machine.RunInterp	voidValue		Effect4.Store.Val
Effect4.Program.Sched.RInterp	Effect4.Machine.RunInterp	scopeValue	(Nat → _) 	Effect4.Store.Val
Effect4.Program.Sched.RInterp	Effect4.Machine.RunInterp	closeDoneName		Effect4.Program.EffName
Effect4.Program.Sched.RInterp	Effect4.Machine.RunInterp	prepareAnswer	(Option Effect4.Program.Sched.RProgram → _) (Effect4.Machine.Completion Effect4.Machine.Val Effect4.Machine.Err Effect4.Machine.Defect Effect4.FiberId
  Effect4.Machine.Ann → _) (Effect4.Machine.Stores → _) Prod.2 	Effects.Program
Effect4.Program.Sched.RIter	Effect4.Program.Sched.RSaved	current		Effects.Program
Effect4.Program.Sched.RIter	Effect4.Program.Sched.ScopeFrame	resume.next	(Effect4.Machine.ExitV → _) 	Effects.Program
Effect4.Program.Sched.RIter	Effect4.Program.Sched.ScopeFrame	answer.next	(Effect4.Machine.ExitV → _) 	Effects.Program
Effect4.Program.Sched.RIter	Effect4.Program.Sched.ScopeFrame	asyncFinalizer.name		Effect4.Program.EffName
Effect4.Program.Sched.RIter	Effect4.Program.Sched.ScopeFrame	iter.generator		Effect4.Program.EffName
Effect4.Program.Sched.RIter	Effect4.Program.Sched.ScopeFrame	loop.loop		Effect4.Program.EffName
Effect4.Program.Sched.RIter	Effect4.Program.Sched.ScopeFrame	loop.cursor		Effect4.Store.Val
Effect4.Program.Sched.RIter	Effect4.Program.Sched.RSaved	interruptedCause	Option 	Effect4.Cause
Effect4.Program.Sched.RIter	Effect4.Machine.Pending	collected	List 	Effect4.Exit
Effect4.Program.Sched.RIter	Effect4.Machine.Resume	continueWith.name		Effect4.Program.EffName
Effect4.Program.Sched.RIter	Effect4.Machine.RunFiber	finalizing	Option 	Effect4.Exit
Effect4.Program.Sched.RIter	Effect4.Machine.RunFiber	exit	Option 	Effect4.Exit
Effect4.Program.Sched.RIter	Effect4.Machine.Task	resume.answer		Effects.Program
Effect4.Program.Sched.RIter	Effect4.Machine.Env.Service	value		Effect4.Store.Val
Effect4.Program.Sched.RIter	Effect4.Supervision.RaceAllState	failures	List 	Effect4.Reason
Effect4.Program.Sched.RIter	Effect4.Supervision.RaceAllState	winner	Option Prod.2 	Effect4.Store.Val
Effect4.Program.Sched.RIter	Effect4.Supervision.RaceAllState	accepted	Option 	Effect4.Exit
Effect4.Program.Sched.RIter	Effect4.Supervision.WaitState	result		Effect4.Exit
Effect4.Program.Sched.RIter	Effect4.Machine.Race	programs	List 	Effects.Program
Effect4.Program.Sched.RIter	Effect4.Machine.Stores	refs	List 	Effect4.Store.Val
Effect4.Program.Sched.RIter	Effect4.Machine.Completion	ofExit.exit		Effect4.Exit
Effect4.Program.Sched.RIter	Effect4.Machine.Capture	env	List 	Effect4.Store.Val
Effect4.Program.Sched.RIter	Effect4.ScopeState	closed.exit		Effect4.Exit
Effect4.Program.Sched.RIter	Effect4.Machine.RunEvent	resumedWith.answer		Effects.Program
Effect4.Program.Sched.RIter	Effect4.Machine.RunEvent	finalizerProgram.finalizer		Effect4.Program.EffName
Effect4.Program.Sched.RIter	Effect4.Machine.RunEvent	finalizerProgram.exit		Effect4.Exit
Effect4.Program.Sched.RIter	Effect4.Machine.RunEvent	raceSettled.exit		Effect4.Exit
Effect4.Program.Sched.RIter	Effect4.Machine.RunEvent	callback.exit		Effect4.Exit
Effect4.Program.Sched.RIter	Effect4.Machine.RunEvent	exited.exit		Effect4.Exit
Effect4.Program.Sched.RIter	Effect4.Machine.Outcome	finished.exit		Effect4.Exit
Effect4.Program.Sched.RIter	Effect4.Machine.Cmd	finish.exit		Effect4.Exit
Effect4.Program.Sched.RIter	Effect4.Machine.Cmd	resume.answer		Effects.Program
Effect4.Program.Sched.RIter	Effect4.Machine.Cmd	observe.exit		Effect4.Exit
info: Test/Audit/PositionCensus.lean:19:0: step	holder	owner	fields
Effect4.Machine.driveStep	Effect4.Machine.driveStep	Effect4.Machine.RunFiber	[id,
 frame,
 running,
 parked,
 pending,
 finalizing,
 exit,
 currentOpCount,
 maxOpsBeforeYield,
 preventYield,
 yieldOverride,
 observers,
 children,
 dispatcher,
 context,
 origin]
Effect4.Machine.driveStep	Effect4.Machine.driveStep	Effect4.Machine.RunEvent	[started.fiber]
Effect4.Machine.driveStep	Effect4.Machine.driveStep	Effect4.Machine.Cmd	[loop.fiber, loop.yielding]
Effect4.Machine.driveStep	Effect4.Machine.driveStep	Effect4.Machine.RunFiber	[id,
 frame,
 running,
 parked,
 pending,
 finalizing,
 exit,
 currentOpCount,
 maxOpsBeforeYield,
 preventYield,
 yieldOverride,
 observers,
 children,
 dispatcher,
 context,
 origin]
Effect4.Machine.driveStep	Effect4.Machine.driveStep	Effect4.Machine.RunEvent	[resumedWith.fiber,
 resumedWith.token,
 resumedWith.answer]
Effect4.Machine.driveStep	Effect4.Machine.driveStep	Effect4.Machine.Cmd	[evaluate.fiber]
Effect4.Machine.driveStep	Effect4.Machine.driveStep	Effect4.Machine.Race	[id,
 host,
 token,
 state,
 settled,
 programs,
 registering,
 nextSite]
Effect4.Machine.driveStep	Effect4.Machine.driveStep	Effect4.Machine.RunEvent	[raceLaunched.race, raceLaunched.entrant]
Effect4.Machine.driveStep	Effect4.Machine.driveStep	Effect4.Machine.Cmd	[evaluate.fiber]
Effect4.Machine.driveStep	Effect4.Machine.driveStep	Effect4.Machine.Cmd	[enrollRace.race, enrollRace.child]
Effect4.Machine.driveStep	Effect4.Machine.driveStep	Effect4.Machine.Cmd	[launch.race]
Effect4.Machine.driveStep	Effect4.Machine.driveStep	Effect4.Machine.Race	[id,
 host,
 token,
 state,
 settled,
 programs,
 registering,
 nextSite]
Effect4.Machine.driveStep	Effect4.Machine.driveStep	Effect4.Supervision.RaceAllState	[unstarted,
 starting,
 live,
 remaining,
 failures,
 winner,
 accepted,
 cleanupNeeded,
 requests,
 cleanup,
 cleanupRequested]
Effect4.Machine.driveStep	Effect4.Machine.driveStep	Effect4.Machine.RunFiber	[id,
 frame,
 running,
 parked,
 pending,
 finalizing,
 exit,
 currentOpCount,
 maxOpsBeforeYield,
 preventYield,
 yieldOverride,
 observers,
 children,
 dispatcher,
 context,
 origin]
Effect4.Machine.driveStep	Effect4.Machine.driveStep	Effect4.Machine.Race	[id,
 host,
 token,
 state,
 settled,
 programs,
 registering,
 nextSite]
Effect4.Machine.driveStep	Effect4.Machine.driveStep	Effect4.Machine.RunFiber	[id,
 frame,
 running,
 parked,
 pending,
 finalizing,
 exit,
 currentOpCount,
 maxOpsBeforeYield,
 preventYield,
 yieldOverride,
 observers,
 children,
 dispatcher,
 context,
 origin]
Effect4.Machine.driveStep	Effect4.Machine.driveStep	Effect4.Machine.RunFiber	[id,
 frame,
 running,
 parked,
 pending,
 finalizing,
 exit,
 currentOpCount,
 maxOpsBeforeYield,
 preventYield,
 yieldOverride,
 observers,
 children,
 dispatcher,
 context,
 origin]
Effect4.Machine.driveStep	Effect4.Machine.driveStep	Effect4.Machine.Pending	[token,
 waitingOn,
 remaining,
 collected,
 resumeWith,
 failFast]
Effect4.Machine.driveStep	Effect4.Machine.driveStep	Effect4.Machine.RunEvent	[parkedOn.fiber, parkedOn.token]
Effect4.Machine.driveStep	Effect4.Machine.driveStep	Effect4.Machine.RunEvent	[interruptRecorded.interruptor,
 interruptRecorded.target]
Effect4.Machine.driveStep	Effect4.Machine.driveStep	Effect4.Machine.Cmd	[evaluate.fiber]
Effect4.Machine.driveStep	Effect4.Machine.driveStep	Effect4.Machine.RunFiber	[id,
 frame,
 running,
 parked,
 pending,
 finalizing,
 exit,
 currentOpCount,
 maxOpsBeforeYield,
 preventYield,
 yieldOverride,
 observers,
 children,
 dispatcher,
 context,
 origin]
Effect4.Machine.driveStep	Effect4.Machine.driveStep	Effect4.Machine.Cmd	[afterInterrupt.host,
 afterInterrupt.yielding,
 afterInterrupt.kind]
Effect4.Machine.driveStep	Effect4.Machine.driveStep	Effect4.Machine.Cmd	[afterInterrupt.host,
 afterInterrupt.yielding,
 afterInterrupt.kind]
Effect4.Machine.driveStep	Effect4.Machine.driveStep	Effect4.Machine.Cmd	[interruptTarget.target,
 interruptTarget.who,
 interruptTarget.extra]
Effect4.Machine.driveStep	Effect4.Machine.driveStep	Effect4.Machine.Cmd	[raceCancel.race,
 raceCancel.host,
 raceCancel.yielding,
 raceCancel.remaining,
 raceCancel.visited]
Effect4.Machine.driveStep	Effect4.Machine.driveStep	Effect4.Machine.Cmd	[raceCancel.race,
 raceCancel.host,
 raceCancel.yielding,
 raceCancel.remaining,
 raceCancel.visited]
Effect4.Machine.driveStep	Effect4.Machine.driveStep	Effect4.Machine.RunFiber	[id,
 frame,
 running,
 parked,
 pending,
 finalizing,
 exit,
 currentOpCount,
 maxOpsBeforeYield,
 preventYield,
 yieldOverride,
 observers,
 children,
 dispatcher,
 context,
 origin]
Effect4.Machine.driveStep	Effect4.Machine.driveStep	Effect4.Machine.RunFiber	[id,
 frame,
 running,
 parked,
 pending,
 finalizing,
 exit,
 currentOpCount,
 maxOpsBeforeYield,
 preventYield,
 yieldOverride,
 observers,
 children,
 dispatcher,
 context,
 origin]
Effect4.Machine.driveStep	Effect4.Machine.driveStep	Effect4.Machine.RunFiber	[id,
 frame,
 running,
 parked,
 pending,
 finalizing,
 exit,
 currentOpCount,
 maxOpsBeforeYield,
 preventYield,
 yieldOverride,
 observers,
 children,
 dispatcher,
 context,
 origin]
Effect4.Machine.driveStep	Effect4.Machine.driveStep	Effect4.Machine.RunFiber	[id,
 frame,
 running,
 parked,
 pending,
 finalizing,
 exit,
 currentOpCount,
 maxOpsBeforeYield,
 preventYield,
 yieldOverride,
 observers,
 children,
 dispatcher,
 context,
 origin]
Effect4.Machine.driveStep	Effect4.Machine.drainOwed._f	Effect4.Machine.Cmd	[resume.fiber, resume.token, resume.answer]
Effect4.Machine.driveStep	Effect4.Machine.drainOwed._f	Effect4.Machine.Task	[resume.target, resume.token, resume.answer]
Effect4.Machine.driveStep	Effect4.Machine.RunMachine.postTask	Effect4.Machine.RunFiber	[id,
 frame,
 running,
 parked,
 pending,
 finalizing,
 exit,
 currentOpCount,
 maxOpsBeforeYield,
 preventYield,
 yieldOverride,
 observers,
 children,
 dispatcher,
 context,
 origin]
Effect4.Machine.driveStep	Effect4.Machine.RunMachine.postTask	Effect4.Machine.RunEvent	[scheduledTask.owner,
 scheduledTask.priority,
 scheduledTask.task]
Effect4.Machine.driveStep	Effect4.Machine.exitFiber.exitStore	Effect4.Machine.RunEvent	[exited.fiber, exited.exit]
Effect4.Machine.driveStep	Effect4.Machine.exitFiber.exitStore	Effect4.Machine.Cmd	[observe.fiber,
 observe.exit,
 observe.observer]
Effect4.Machine.driveStep	Effect4.Machine.exitFiber.exitStore	Effect4.Machine.Cmd	[exitDone.fiber]
Effect4.Machine.driveStep	Effect4.Machine.RunFiber.cleared	Effect4.Machine.RunFiber	[id,
 frame,
 running,
 parked,
 pending,
 finalizing,
 exit,
 currentOpCount,
 maxOpsBeforeYield,
 preventYield,
 yieldOverride,
 observers,
 children,
 dispatcher,
 context,
 origin]
Effect4.Machine.driveStep	Effect4.Machine.RunFiber.publish	Effect4.Machine.RunFiber	[id,
 frame,
 running,
 parked,
 pending,
 finalizing,
 exit,
 currentOpCount,
 maxOpsBeforeYield,
 preventYield,
 yieldOverride,
 observers,
 children,
 dispatcher,
 context,
 origin]
Effect4.Machine.driveStep	Effect4.Machine.exitFiber.exitInterruptChildren	Effect4.Machine.RunFiber	[id,
 frame,
 running,
 parked,
 pending,
 finalizing,
 exit,
 currentOpCount,
 maxOpsBeforeYield,
 preventYield,
 yieldOverride,
 observers,
 children,
 dispatcher,
 context,
 origin]
Effect4.Machine.driveStep	Effect4.Machine.exitFiber.exitInterruptChildren	Effect4.Machine.RunEvent	[childrenInterrupted.parent,
 childrenInterrupted.children]
Effect4.Machine.driveStep	Effect4.Machine.exitFiber.exitInterruptChildren	Effect4.Machine.Cmd	[evaluate.fiber]
Effect4.Machine.driveStep	Effect4.Machine.linkScope	Effect4.Machine.RunEvent	[scopeClosedOnLink.scope,
 scopeClosedOnLink.fiber]
Effect4.Machine.driveStep	Effect4.Machine.linkScope	Effect4.Machine.RunEvent	[interruptRecorded.interruptor,
 interruptRecorded.target]
Effect4.Machine.driveStep	Effect4.Machine.linkScope	Effect4.Machine.Cmd	[evaluate.fiber]
Effect4.Machine.driveStep	Effect4.Machine.linkScope	Effect4.Machine.RunFiber	[id,
 frame,
 running,
 parked,
 pending,
 finalizing,
 exit,
 currentOpCount,
 maxOpsBeforeYield,
 preventYield,
 yieldOverride,
 observers,
 children,
 dispatcher,
 context,
 origin]
Effect4.Machine.driveStep	Effect4.Machine.linkScope	Effect4.Machine.RunEvent	[scopeLinked.mode,
 scopeLinked.scope,
 scopeLinked.key,
 scopeLinked.fiber]
Effect4.Machine.driveStep	Effect4.Machine.interruptRecord	Effect4.Machine.RunFiber	[id,
 frame,
 running,
 parked,
 pending,
 finalizing,
 exit,
 currentOpCount,
 maxOpsBeforeYield,
 preventYield,
 yieldOverride,
 observers,
 children,
 dispatcher,
 context,
 origin]
Effect4.Machine.driveStep	Effect4.Machine.interruptRecord	Effect4.Machine.RunFiber	[id,
 frame,
 running,
 parked,
 pending,
 finalizing,
 exit,
 currentOpCount,
 maxOpsBeforeYield,
 preventYield,
 yieldOverride,
 observers,
 children,
 dispatcher,
 context,
 origin]
Effect4.Machine.driveStep	Effect4.Machine.interruptRecord	Effect4.Machine.RunFiber	[id,
 frame,
 running,
 parked,
 pending,
 finalizing,
 exit,
 currentOpCount,
 maxOpsBeforeYield,
 preventYield,
 yieldOverride,
 observers,
 children,
 dispatcher,
 context,
 origin]
Effect4.Machine.driveStep	Effect4.Machine.RunFiber.park	Effect4.Machine.RunFiber	[id,
 frame,
 running,
 parked,
 pending,
 finalizing,
 exit,
 currentOpCount,
 maxOpsBeforeYield,
 preventYield,
 yieldOverride,
 observers,
 children,
 dispatcher,
 context,
 origin]
Effect4.Machine.driveStep	Effect4.Machine.fireObserver	Effect4.Machine.RunEvent	[observerFired.fiber,
 observerFired.observer]
Effect4.Machine.driveStep	Effect4.Machine.fireObserver	Effect4.Machine.Cmd	[resume.fiber, resume.token, resume.answer]
Effect4.Machine.driveStep	Effect4.Machine.fireObserver	Effect4.Machine.RunFiber	[id,
 frame,
 running,
 parked,
 pending,
 finalizing,
 exit,
 currentOpCount,
 maxOpsBeforeYield,
 preventYield,
 yieldOverride,
 observers,
 children,
 dispatcher,
 context,
 origin]
Effect4.Machine.driveStep	Effect4.Machine.fireObserver	Effect4.Machine.RunFiber	[id,
 frame,
 running,
 parked,
 pending,
 finalizing,
 exit,
 currentOpCount,
 maxOpsBeforeYield,
 preventYield,
 yieldOverride,
 observers,
 children,
 dispatcher,
 context,
 origin]
Effect4.Machine.driveStep	Effect4.Machine.fireObserver	Effect4.Machine.Pending	[token,
 waitingOn,
 remaining,
 collected,
 resumeWith,
 failFast]
Effect4.Machine.driveStep	Effect4.Machine.fireObserver	Effect4.Machine.Cmd	[resume.fiber, resume.token, resume.answer]
Effect4.Machine.driveStep	Effect4.Machine.fireObserver	Effect4.Machine.RunFiber	[id,
 frame,
 running,
 parked,
 pending,
 finalizing,
 exit,
 currentOpCount,
 maxOpsBeforeYield,
 preventYield,
 yieldOverride,
 observers,
 children,
 dispatcher,
 context,
 origin]
Effect4.Machine.driveStep	Effect4.Machine.fireObserver	Effect4.Machine.RunFiber	[id,
 frame,
 running,
 parked,
 pending,
 finalizing,
 exit,
 currentOpCount,
 maxOpsBeforeYield,
 preventYield,
 yieldOverride,
 observers,
 children,
 dispatcher,
 context,
 origin]
Effect4.Machine.driveStep	Effect4.Machine.fireObserver	Effect4.Machine.Pending	[token,
 waitingOn,
 remaining,
 collected,
 resumeWith,
 failFast]
Effect4.Machine.driveStep	Effect4.Machine.fireObserver	Effect4.Machine.Race	[id,
 host,
 token,
 state,
 settled,
 programs,
 registering,
 nextSite]
Effect4.Machine.driveStep	Effect4.Machine.fireObserver	Effect4.Machine.Race	[id,
 host,
 token,
 state,
 settled,
 programs,
 registering,
 nextSite]
Effect4.Machine.driveStep	Effect4.Machine.fireObserver	Effect4.Machine.RunEvent	[raceSettled.race, raceSettled.exit]
Effect4.Machine.driveStep	Effect4.Machine.fireObserver	Effect4.Machine.Cmd	[resume.fiber, resume.token, resume.answer]
Effect4.Machine.driveStep	Effect4.Machine.fireObserver	Effect4.Machine.RunEvent	[callback.key, callback.exit]
Effect4.Machine.driveStep	Effect4.Supervision.raceComplete	Effect4.Supervision.RaceAllState	[unstarted,
 starting,
 live,
 remaining,
 failures,
 winner,
 accepted,
 cleanupNeeded,
 requests,
 cleanup,
 cleanupRequested]
Effect4.Machine.driveStep	Effect4.Supervision.raceComplete	Effect4.Supervision.WaitState	[targets, published, result]
Effect4.Machine.driveStep	Effect4.Supervision.raceComplete	Effect4.Supervision.RaceAllState	[unstarted,
 starting,
 live,
 remaining,
 failures,
 winner,
 accepted,
 cleanupNeeded,
 requests,
 cleanup,
 cleanupRequested]
Effect4.Machine.driveStep	Effect4.Supervision.raceComplete	Effect4.Supervision.RaceAllState	[unstarted,
 starting,
 live,
 remaining,
 failures,
 winner,
 accepted,
 cleanupNeeded,
 requests,
 cleanup,
 cleanupRequested]
Effect4.Machine.driveStep	Effect4.Supervision.raceComplete	Effect4.Supervision.RaceAllState	[unstarted,
 starting,
 live,
 remaining,
 failures,
 winner,
 accepted,
 cleanupNeeded,
 requests,
 cleanup,
 cleanupRequested]
Effect4.Machine.driveStep	Effect4.Machine.interruptEach	Effect4.Machine.RunEvent	[interruptRecorded.interruptor,
 interruptRecorded.target]
Effect4.Machine.driveStep	Effect4.Machine.interruptEach	Effect4.Machine.Cmd	[evaluate.fiber]
Effect4.Machine.driveStep	Effect4.Machine.spawn	Effect4.Machine.RunEvent	[forked.parent, forked.child, forked.daemon]
Effect4.Machine.driveStep	Effect4.Machine.RunFiber.make	Effect4.Machine.RunFiber	[id,
 frame,
 running,
 parked,
 pending,
 finalizing,
 exit,
 currentOpCount,
 maxOpsBeforeYield,
 preventYield,
 yieldOverride,
 observers,
 children,
 dispatcher,
 context,
 origin]
Effect4.Machine.driveStep	Effect4.Machine.injectYield	Effect4.Machine.RunFiber	[id,
 frame,
 running,
 parked,
 pending,
 finalizing,
 exit,
 currentOpCount,
 maxOpsBeforeYield,
 preventYield,
 yieldOverride,
 observers,
 children,
 dispatcher,
 context,
 origin]
Effect4.Machine.driveStep	Effect4.Machine.injectYield	Effect4.Machine.RunEvent	[yieldInjected.fiber, yieldInjected.atOp]
Effect4.Machine.driveStep	Effect4.Machine.runloopTop	Effect4.Machine.RunFiber	[id,
 frame,
 running,
 parked,
 pending,
 finalizing,
 exit,
 currentOpCount,
 maxOpsBeforeYield,
 preventYield,
 yieldOverride,
 observers,
 children,
 dispatcher,
 context,
 origin]
Effect4.Machine.driveStep	Effect4.Machine.countOp	Effect4.Machine.RunFiber	[id,
 frame,
 running,
 parked,
 pending,
 finalizing,
 exit,
 currentOpCount,
 maxOpsBeforeYield,
 preventYield,
 yieldOverride,
 observers,
 children,
 dispatcher,
 context,
 origin]
Effect4.Machine.driveStep	Effect4.Machine.settle	Effect4.Machine.Cmd	[loop.fiber, loop.yielding]
Effect4.Machine.driveStep	Effect4.Machine.settle	Effect4.Machine.Cmd	[deliver.fiber, deliver.yielding]
Effect4.Machine.driveStep	Effect4.Machine.settle	Effect4.Machine.RunFiber	[id,
 frame,
 running,
 parked,
 pending,
 finalizing,
 exit,
 currentOpCount,
 maxOpsBeforeYield,
 preventYield,
 yieldOverride,
 observers,
 children,
 dispatcher,
 context,
 origin]
Effect4.Machine.driveStep	Effect4.Machine.settle	Effect4.Machine.Cmd	[loop.fiber, loop.yielding]
Effect4.Machine.driveStep	Effect4.Machine.settle	Effect4.Machine.RunFiber	[id,
 frame,
 running,
 parked,
 pending,
 finalizing,
 exit,
 currentOpCount,
 maxOpsBeforeYield,
 preventYield,
 yieldOverride,
 observers,
 children,
 dispatcher,
 context,
 origin]
Effect4.Machine.driveStep	Effect4.Machine.settle	Effect4.Machine.Cmd	[finish.fiber, finish.exit]
Effect4.Machine.driveStep	Effect4.Machine.settle	Effect4.Machine.RunFiber	[id,
 frame,
 running,
 parked,
 pending,
 finalizing,
 exit,
 currentOpCount,
 maxOpsBeforeYield,
 preventYield,
 yieldOverride,
 observers,
 children,
 dispatcher,
 context,
 origin]
# Effect4.Machine.driveStep: 378 definitions, 86 write sites
info: Test/Audit/PositionCensus.lean:20:0: step	holder	owner	fields
Effect4.Program.Sched.evaluateR	Effect4.Program.Sched.answerR	Effect4.Machine.RunFiber	[id,
 frame,
 running,
 parked,
 pending,
 finalizing,
 exit,
 currentOpCount,
 maxOpsBeforeYield,
 preventYield,
 yieldOverride,
 observers,
 children,
 dispatcher,
 context,
 origin]
Effect4.Program.Sched.evaluateR	Effect4.Program.Sched.answerR	Effect4.Program.Sched.RSaved	[current,
 stack,
 interruptible,
 interruptedCause,
 deferredInterrupt]
Effect4.Program.Sched.evaluateR	Effect4.Machine.syncOpStep	Effect4.Machine.Stores	[refs,
 deferreds,
 scopes,
 memo,
 timers,
 nextName,
 externals]
Effect4.Program.Sched.evaluateR	Effect4.Machine.syncOpStep	Effect4.Machine.Stores	[refs,
 deferreds,
 scopes,
 memo,
 timers,
 nextName,
 externals]
Effect4.Program.Sched.evaluateR	Effect4.Machine.syncOpStep	Effect4.Machine.Completion	[ofExit.exit]
Effect4.Program.Sched.evaluateR	Effect4.Machine.syncOpStep	Effect4.Machine.Stores	[refs,
 deferreds,
 scopes,
 memo,
 timers,
 nextName,
 externals]
Effect4.Program.Sched.evaluateR	Effect4.Machine.syncOpStep	Effect4.Machine.Stores	[refs,
 deferreds,
 scopes,
 memo,
 timers,
 nextName,
 externals]
Effect4.Program.Sched.evaluateR	Effect4.Machine.syncOpStep	Effect4.Machine.Stores	[refs,
 deferreds,
 scopes,
 memo,
 timers,
 nextName,
 externals]
Effect4.Program.Sched.evaluateR	Effect4.Machine.syncOpStep	Effect4.Machine.Stores	[refs,
 deferreds,
 scopes,
 memo,
 timers,
 nextName,
 externals]
Effect4.Program.Sched.evaluateR	Effect4.Machine.syncOpStep	Effect4.Machine.Stores	[refs,
 deferreds,
 scopes,
 memo,
 timers,
 nextName,
 externals]
Effect4.Program.Sched.evaluateR	Effect4.Machine.syncOpStep	Effect4.Machine.Stores	[refs,
 deferreds,
 scopes,
 memo,
 timers,
 nextName,
 externals]
Effect4.Program.Sched.evaluateR	Effect4.Machine.syncOpStep	Effect4.Machine.Stores	[refs,
 deferreds,
 scopes,
 memo,
 timers,
 nextName,
 externals]
Effect4.Program.Sched.evaluateR	Effect4.Machine.syncOpStep	Effect4.Machine.Stores	[refs,
 deferreds,
 scopes,
 memo,
 timers,
 nextName,
 externals]
Effect4.Program.Sched.evaluateR	Effect4.Machine.syncOpStep	Effect4.Machine.Stores	[refs,
 deferreds,
 scopes,
 memo,
 timers,
 nextName,
 externals]
Effect4.Program.Sched.evaluateR	Effect4.Machine.syncOpStep	Effect4.Machine.Stores	[refs,
 deferreds,
 scopes,
 memo,
 timers,
 nextName,
 externals]
Effect4.Program.Sched.evaluateR	Effect4.Machine.syncOpStep	Effect4.Machine.Completion	[ofExit.exit]
Effect4.Program.Sched.evaluateR	Effect4.Machine.syncOpStep	Effect4.Machine.Stores	[refs,
 deferreds,
 scopes,
 memo,
 timers,
 nextName,
 externals]
Effect4.Program.Sched.evaluateR	Effect4.Machine.syncOpStep	Effect4.Machine.Stores	[refs,
 deferreds,
 scopes,
 memo,
 timers,
 nextName,
 externals]
Effect4.Program.Sched.evaluateR	Effect4.Machine.syncOpStep	Effect4.Machine.Stores	[refs,
 deferreds,
 scopes,
 memo,
 timers,
 nextName,
 externals]
Effect4.Program.Sched.evaluateR	Effect4.Machine.syncOpStep	Effect4.Machine.Stores	[refs,
 deferreds,
 scopes,
 memo,
 timers,
 nextName,
 externals]
Effect4.Program.Sched.evaluateR	Effect4.Scope.fork	Effect4.ScopeState	[closed.exit]
Effect4.Program.Sched.evaluateR	Effect4.Program.Sched.evaluateFiberR	Effect4.Machine.Stores	[refs,
 deferreds,
 scopes,
 memo,
 timers,
 nextName,
 externals]
Effect4.Program.Sched.evaluateR	Effect4.Program.Sched.evaluateFiberR	Effect4.Machine.RunFiber	[id,
 frame,
 running,
 parked,
 pending,
 finalizing,
 exit,
 currentOpCount,
 maxOpsBeforeYield,
 preventYield,
 yieldOverride,
 observers,
 children,
 dispatcher,
 context,
 origin]
Effect4.Program.Sched.evaluateR	Effect4.Program.Sched.evaluateFiberR	Effect4.Program.Sched.ScopeFrame	[iter.generator]
Effect4.Program.Sched.evaluateR	Effect4.Program.Sched.evaluateFiberR	Effect4.Program.Sched.ScopeFrame	[loop.loop,
 loop.cursor]
Effect4.Program.Sched.evaluateR	Effect4.Program.Sched.evaluateFiberR	Effect4.Program.Sched.ScopeFrame	[asyncFinalizer.name]
Effect4.Program.Sched.evaluateR	Effect4.Program.Sched.evaluateFiberR	Effect4.Machine.Pending	[token,
 waitingOn,
 remaining,
 collected,
 resumeWith,
 failFast]
Effect4.Program.Sched.evaluateR	Effect4.Program.Sched.evaluateFiberR	Effect4.Machine.RunEvent	[parkedOn.fiber,
 parkedOn.token]
Effect4.Program.Sched.evaluateR	Effect4.Program.Sched.evaluateFiberR	Effect4.Program.Sched.ScopeFrame	[restoreMask.flag]
Effect4.Program.Sched.evaluateR	Effect4.Program.Sched.evaluateFiberR	Effect4.Program.Sched.RSaved	[current,
 stack,
 interruptible,
 interruptedCause,
 deferredInterrupt]
Effect4.Program.Sched.evaluateR	Effect4.Program.Sched.evaluateFiberR	Effect4.Machine.RunFiber	[id,
 frame,
 running,
 parked,
 pending,
 finalizing,
 exit,
 currentOpCount,
 maxOpsBeforeYield,
 preventYield,
 yieldOverride,
 observers,
 children,
 dispatcher,
 context,
 origin]
Effect4.Program.Sched.evaluateR	Effect4.Program.Sched.evaluateFiberR	Effect4.Program.Sched.ScopeFrame	[iter.generator]
Effect4.Program.Sched.evaluateR	Effect4.Machine.Env.entriesOf._f	Effect4.Machine.Env.Service	[key, value]
Effect4.Program.Sched.evaluateR	Effect4.Machine.FiberAction.closePar	Effect4.Machine.Cmd	[evaluate.fiber]
Effect4.Program.Sched.evaluateR	Effect4.Machine.FiberAction.closePar	Effect4.Machine.Cmd	[closeParAwait.host,
 closeParAwait.yielding,
 closeParAwait.fibers]
Effect4.Program.Sched.evaluateR	Effect4.Machine.spawn	Effect4.Machine.RunEvent	[forked.parent,
 forked.child,
 forked.daemon]
Effect4.Program.Sched.evaluateR	Effect4.Machine.RunFiber.make	Effect4.Machine.RunFiber	[id,
 frame,
 running,
 parked,
 pending,
 finalizing,
 exit,
 currentOpCount,
 maxOpsBeforeYield,
 preventYield,
 yieldOverride,
 observers,
 children,
 dispatcher,
 context,
 origin]
Effect4.Program.Sched.evaluateR	Effect4.Machine.FiberAction.ambientScope	Effect4.Machine.RunFiber	[id,
 frame,
 running,
 parked,
 pending,
 finalizing,
 exit,
 currentOpCount,
 maxOpsBeforeYield,
 preventYield,
 yieldOverride,
 observers,
 children,
 dispatcher,
 context,
 origin]
Effect4.Program.Sched.evaluateR	Effect4.Machine.FiberAction.cancelRace	Effect4.Machine.Cmd	[raceCancel.race,
 raceCancel.host,
 raceCancel.yielding,
 raceCancel.remaining,
 raceCancel.visited]
Effect4.Program.Sched.evaluateR	Effect4.Machine.FiberAction.dropObservers	Effect4.Machine.RunFiber	[id,
 frame,
 running,
 parked,
 pending,
 finalizing,
 exit,
 currentOpCount,
 maxOpsBeforeYield,
 preventYield,
 yieldOverride,
 observers,
 children,
 dispatcher,
 context,
 origin]
Effect4.Program.Sched.evaluateR	Effect4.Machine.FiberAction.refuse	Effect4.Machine.RunFiber	[id,
 frame,
 running,
 parked,
 pending,
 finalizing,
 exit,
 currentOpCount,
 maxOpsBeforeYield,
 preventYield,
 yieldOverride,
 observers,
 children,
 dispatcher,
 context,
 origin]
Effect4.Program.Sched.evaluateR	Effect4.Machine.FiberAction.closeScope	Effect4.Machine.RunFiber	[id,
 frame,
 running,
 parked,
 pending,
 finalizing,
 exit,
 currentOpCount,
 maxOpsBeforeYield,
 preventYield,
 yieldOverride,
 observers,
 children,
 dispatcher,
 context,
 origin]
Effect4.Program.Sched.evaluateR	Effect4.Machine.FiberAction.setContext	Effect4.Machine.RunFiber	[id,
 frame,
 running,
 parked,
 pending,
 finalizing,
 exit,
 currentOpCount,
 maxOpsBeforeYield,
 preventYield,
 yieldOverride,
 observers,
 children,
 dispatcher,
 context,
 origin]
Effect4.Program.Sched.evaluateR	Effect4.Machine.FiberAction.setContext	Effect4.Machine.RunEvent	[contextSet.fiber,
 contextSet.context]
Effect4.Program.Sched.evaluateR	Effect4.Machine.registerRace	Effect4.Machine.Race	[id,
 host,
 token,
 state,
 settled,
 programs,
 registering,
 nextSite]
Effect4.Program.Sched.evaluateR	Effect4.Machine.registerRace	Effect4.Machine.Cmd	[launch.race]
Effect4.Program.Sched.evaluateR	Effect4.Machine.registerRace	Effect4.Machine.Cmd	[registrationDone.race,
 registrationDone.yielding]
Effect4.Program.Sched.evaluateR	Effect4.Machine.beginRace	Effect4.Machine.Race	[id,
 host,
 token,
 state,
 settled,
 programs,
 registering,
 nextSite]
Effect4.Program.Sched.evaluateR	Effect4.Machine.beginRace	Effect4.Supervision.RaceAllState	[unstarted,
 starting,
 live,
 remaining,
 failures,
 winner,
 accepted,
 cleanupNeeded,
 requests,
 cleanup,
 cleanupRequested]
Effect4.Program.Sched.evaluateR	Effect4.Machine.beginRace	Effect4.Machine.RunFiber	[id,
 frame,
 running,
 parked,
 pending,
 finalizing,
 exit,
 currentOpCount,
 maxOpsBeforeYield,
 preventYield,
 yieldOverride,
 observers,
 children,
 dispatcher,
 context,
 origin]
Effect4.Program.Sched.evaluateR	Effect4.Machine.beginRace	Effect4.Machine.RunEvent	[raceStarted.race,
 raceStarted.host,
 raceStarted.entrants]
Effect4.Program.Sched.evaluateR	Effect4.Supervision.RaceAllState.initial	Effect4.Supervision.RaceAllState	[unstarted,
 starting,
 live,
 remaining,
 failures,
 winner,
 accepted,
 cleanupNeeded,
 requests,
 cleanup,
 cleanupRequested]
Effect4.Program.Sched.evaluateR	Effect4.Machine.countdownPark	Effect4.Machine.RunFiber	[id,
 frame,
 running,
 parked,
 pending,
 finalizing,
 exit,
 currentOpCount,
 maxOpsBeforeYield,
 preventYield,
 yieldOverride,
 observers,
 children,
 dispatcher,
 context,
 origin]
Effect4.Program.Sched.evaluateR	Effect4.Machine.countdownPark	Effect4.Machine.RunFiber	[id,
 frame,
 running,
 parked,
 pending,
 finalizing,
 exit,
 currentOpCount,
 maxOpsBeforeYield,
 preventYield,
 yieldOverride,
 observers,
 children,
 dispatcher,
 context,
 origin]
Effect4.Program.Sched.evaluateR	Effect4.Machine.countdownPark	Effect4.Machine.RunFiber	[id,
 frame,
 running,
 parked,
 pending,
 finalizing,
 exit,
 currentOpCount,
 maxOpsBeforeYield,
 preventYield,
 yieldOverride,
 observers,
 children,
 dispatcher,
 context,
 origin]
Effect4.Program.Sched.evaluateR	Effect4.Machine.countdownPark	Effect4.Machine.Pending	[token,
 waitingOn,
 remaining,
 collected,
 resumeWith,
 failFast]
Effect4.Program.Sched.evaluateR	Effect4.Machine.countdownPark	Effect4.Machine.RunEvent	[parkedOn.fiber, parkedOn.token]
Effect4.Program.Sched.evaluateR	Effect4.Machine.RunFiber.park	Effect4.Machine.RunFiber	[id,
 frame,
 running,
 parked,
 pending,
 finalizing,
 exit,
 currentOpCount,
 maxOpsBeforeYield,
 preventYield,
 yieldOverride,
 observers,
 children,
 dispatcher,
 context,
 origin]
Effect4.Program.Sched.evaluateR	Effect4.Machine.FiberAction.interruptAll	Effect4.Machine.Cmd	[interruptTarget.target,
 interruptTarget.who,
 interruptTarget.extra]
Effect4.Program.Sched.evaluateR	Effect4.Machine.FiberAction.interruptAll	Effect4.Machine.Cmd	[afterInterrupt.host,
 afterInterrupt.yielding,
 afterInterrupt.kind]
Effect4.Program.Sched.evaluateR	Effect4.Machine.FiberAction.coreAnswer	Effect4.Machine.RunFiber	[id,
 frame,
 running,
 parked,
 pending,
 finalizing,
 exit,
 currentOpCount,
 maxOpsBeforeYield,
 preventYield,
 yieldOverride,
 observers,
 children,
 dispatcher,
 context,
 origin]
Effect4.Program.Sched.evaluateR	Effect4.Machine.FiberAction.interruptScoped	Effect4.Machine.RunFiber	[id,
 frame,
 running,
 parked,
 pending,
 finalizing,
 exit,
 currentOpCount,
 maxOpsBeforeYield,
 preventYield,
 yieldOverride,
 observers,
 children,
 dispatcher,
 context,
 origin]
Effect4.Program.Sched.evaluateR	Effect4.Machine.FiberAction.interruptAs	Effect4.Machine.RunEvent	[interruptRecorded.interruptor,
 interruptRecorded.target]
Effect4.Program.Sched.evaluateR	Effect4.Machine.FiberAction.interruptAs	Effect4.Machine.Cmd	[evaluate.fiber]
Effect4.Program.Sched.evaluateR	Effect4.Machine.FiberAction.interruptAs	Effect4.Machine.Cmd	[afterInterrupt.host,
 afterInterrupt.yielding,
 afterInterrupt.kind]
Effect4.Program.Sched.evaluateR	Effect4.Machine.interruptRecord	Effect4.Machine.RunFiber	[id,
 frame,
 running,
 parked,
 pending,
 finalizing,
 exit,
 currentOpCount,
 maxOpsBeforeYield,
 preventYield,
 yieldOverride,
 observers,
 children,
 dispatcher,
 context,
 origin]
Effect4.Program.Sched.evaluateR	Effect4.Machine.interruptRecord	Effect4.Machine.RunFiber	[id,
 frame,
 running,
 parked,
 pending,
 finalizing,
 exit,
 currentOpCount,
 maxOpsBeforeYield,
 preventYield,
 yieldOverride,
 observers,
 children,
 dispatcher,
 context,
 origin]
Effect4.Program.Sched.evaluateR	Effect4.Machine.interruptRecord	Effect4.Machine.RunFiber	[id,
 frame,
 running,
 parked,
 pending,
 finalizing,
 exit,
 currentOpCount,
 maxOpsBeforeYield,
 preventYield,
 yieldOverride,
 observers,
 children,
 dispatcher,
 context,
 origin]
Effect4.Program.Sched.evaluateR	Effect4.Machine.FiberAction.interrupt	Effect4.Machine.RunFiber	[id,
 frame,
 running,
 parked,
 pending,
 finalizing,
 exit,
 currentOpCount,
 maxOpsBeforeYield,
 preventYield,
 yieldOverride,
 observers,
 children,
 dispatcher,
 context,
 origin]
Effect4.Program.Sched.evaluateR	Effect4.Machine.linkScope	Effect4.Machine.RunEvent	[scopeClosedOnLink.scope,
 scopeClosedOnLink.fiber]
Effect4.Program.Sched.evaluateR	Effect4.Machine.linkScope	Effect4.Machine.RunEvent	[interruptRecorded.interruptor,
 interruptRecorded.target]
Effect4.Program.Sched.evaluateR	Effect4.Machine.linkScope	Effect4.Machine.Cmd	[evaluate.fiber]
Effect4.Program.Sched.evaluateR	Effect4.Machine.linkScope	Effect4.Machine.RunFiber	[id,
 frame,
 running,
 parked,
 pending,
 finalizing,
 exit,
 currentOpCount,
 maxOpsBeforeYield,
 preventYield,
 yieldOverride,
 observers,
 children,
 dispatcher,
 context,
 origin]
Effect4.Program.Sched.evaluateR	Effect4.Machine.linkScope	Effect4.Machine.RunEvent	[scopeLinked.mode,
 scopeLinked.scope,
 scopeLinked.key,
 scopeLinked.fiber]
Effect4.Program.Sched.evaluateR	Effect4.Machine.FiberAction.forkScoped	Effect4.Machine.Cmd	[link.mode,
 link.scope,
 link.target,
 link.interruptor,
 link.extra]
Effect4.Program.Sched.evaluateR	Effect4.Machine.FiberAction.forkScoped	Effect4.Machine.RunFiber	[id,
 frame,
 running,
 parked,
 pending,
 finalizing,
 exit,
 currentOpCount,
 maxOpsBeforeYield,
 preventYield,
 yieldOverride,
 observers,
 children,
 dispatcher,
 context,
 origin]
Effect4.Program.Sched.evaluateR	Effect4.Machine.start	Effect4.Machine.Cmd	[evaluate.fiber]
Effect4.Program.Sched.evaluateR	Effect4.Machine.start	Effect4.Machine.RunFiber	[id,
 frame,
 running,
 parked,
 pending,
 finalizing,
 exit,
 currentOpCount,
 maxOpsBeforeYield,
 preventYield,
 yieldOverride,
 observers,
 children,
 dispatcher,
 context,
 origin]
Effect4.Program.Sched.evaluateR	Effect4.Machine.start	Effect4.Machine.Task	[start.child]
Effect4.Program.Sched.evaluateR	Effect4.Machine.start	Effect4.Machine.RunEvent	[scheduledTask.owner,
 scheduledTask.priority,
 scheduledTask.task]
Effect4.Program.Sched.evaluateR	Effect4.Machine.start	Effect4.Machine.Task	[start.child]
Effect4.Program.Sched.evaluateR	Effect4.Machine.FiberAction.forkIn	Effect4.Machine.Cmd	[link.mode,
 link.scope,
 link.target,
 link.interruptor,
 link.extra]
Effect4.Program.Sched.evaluateR	Effect4.Machine.FiberAction.fork	Effect4.Machine.Cmd	[trackChild.parent,
 trackChild.child]
Effect4.Program.Sched.evaluateR	Effect4.Machine.FiberAction.join	Effect4.Machine.RunFiber	[id,
 frame,
 running,
 parked,
 pending,
 finalizing,
 exit,
 currentOpCount,
 maxOpsBeforeYield,
 preventYield,
 yieldOverride,
 observers,
 children,
 dispatcher,
 context,
 origin]
Effect4.Program.Sched.evaluateR	Effect4.Machine.FiberAction.join	Effect4.Machine.RunFiber	[id,
 frame,
 running,
 parked,
 pending,
 finalizing,
 exit,
 currentOpCount,
 maxOpsBeforeYield,
 preventYield,
 yieldOverride,
 observers,
 children,
 dispatcher,
 context,
 origin]
Effect4.Program.Sched.evaluateR	Effect4.Machine.FiberAction.join	Effect4.Machine.RunFiber	[id,
 frame,
 running,
 parked,
 pending,
 finalizing,
 exit,
 currentOpCount,
 maxOpsBeforeYield,
 preventYield,
 yieldOverride,
 observers,
 children,
 dispatcher,
 context,
 origin]
Effect4.Program.Sched.evaluateR	Effect4.Machine.FiberAction.join	Effect4.Machine.Pending	[token,
 waitingOn,
 remaining,
 collected,
 resumeWith,
 failFast]
Effect4.Program.Sched.evaluateR	Effect4.Machine.FiberAction.join	Effect4.Machine.RunEvent	[parkedOn.fiber,
 parkedOn.token]
Effect4.Program.Sched.evaluateR	Effect4.Program.Sched.termCore	Effect4.Program.Sched.RSaved	[current,
 stack,
 interruptible,
 interruptedCause,
 deferredInterrupt]
Effect4.Program.Sched.evaluateR	Effect4.Program.Sched.termCore	Effect4.Program.Sched.RSaved	[current,
 stack,
 interruptible,
 interruptedCause,
 deferredInterrupt]
Effect4.Program.Sched.evaluateR	Effect4.Program.Sched.termCore	Effect4.Program.Sched.RSaved	[current,
 stack,
 interruptible,
 interruptedCause,
 deferredInterrupt]
Effect4.Program.Sched.evaluateR	Effect4.Program.Sched.termCore	Effect4.Program.Sched.RSaved	[current,
 stack,
 interruptible,
 interruptedCause,
 deferredInterrupt]
Effect4.Program.Sched.evaluateR	Effect4.Program.Sched.termCore	Effect4.Program.Sched.RSaved	[current,
 stack,
 interruptible,
 interruptedCause,
 deferredInterrupt]
Effect4.Program.Sched.evaluateR	Effect4.Program.Sched.termCore	Effect4.Program.Sched.RSaved	[current,
 stack,
 interruptible,
 interruptedCause,
 deferredInterrupt]
Effect4.Program.Sched.evaluateR	Effect4.Program.Sched.termCore	Effect4.Program.Sched.ScopeFrame	[asyncFinalizer.name]
Effect4.Program.Sched.evaluateR	Effect4.Program.Sched.termCore	Effect4.Program.Sched.RSaved	[current,
 stack,
 interruptible,
 interruptedCause,
 deferredInterrupt]
Effect4.Program.Sched.evaluateR	Effect4.Program.Sched.termCore	Effect4.Program.Sched.ScopeFrame	[iter.generator]
Effect4.Program.Sched.evaluateR	Effect4.Program.Sched.termCore	Effect4.Program.Sched.RSaved	[current,
 stack,
 interruptible,
 interruptedCause,
 deferredInterrupt]
Effect4.Program.Sched.evaluateR	Effect4.Machine.FiberAction.yieldNow	Effect4.Machine.RunFiber	[id,
 frame,
 running,
 parked,
 pending,
 finalizing,
 exit,
 currentOpCount,
 maxOpsBeforeYield,
 preventYield,
 yieldOverride,
 observers,
 children,
 dispatcher,
 context,
 origin]
Effect4.Program.Sched.evaluateR	Effect4.Machine.FiberAction.yieldNow	Effect4.Machine.Task	[resume.target,
 resume.token,
 resume.answer]
Effect4.Program.Sched.evaluateR	Effect4.Machine.FiberAction.yieldNow	Effect4.Machine.Pending	[token,
 waitingOn,
 remaining,
 collected,
 resumeWith,
 failFast]
Effect4.Program.Sched.evaluateR	Effect4.Machine.FiberAction.yieldNow	Effect4.Machine.RunEvent	[parkedOn.fiber,
 parkedOn.token]
Effect4.Program.Sched.evaluateR	Effect4.Program.Sched.pushR	Effect4.Machine.RunFiber	[id,
 frame,
 running,
 parked,
 pending,
 finalizing,
 exit,
 currentOpCount,
 maxOpsBeforeYield,
 preventYield,
 yieldOverride,
 observers,
 children,
 dispatcher,
 context,
 origin]
Effect4.Program.Sched.evaluateR	Effect4.Program.Sched.pushR	Effect4.Program.Sched.RSaved	[current,
 stack,
 interruptible,
 interruptedCause,
 deferredInterrupt]
Effect4.Program.Sched.evaluateR	Effect4.Program.Sched.deliverR	Effect4.Machine.RunFiber	[id,
 frame,
 running,
 parked,
 pending,
 finalizing,
 exit,
 currentOpCount,
 maxOpsBeforeYield,
 preventYield,
 yieldOverride,
 observers,
 children,
 dispatcher,
 context,
 origin]
Effect4.Program.Sched.evaluateR	Effect4.Program.Sched.deliverR	Effect4.Program.Sched.RSaved	[current,
 stack,
 interruptible,
 interruptedCause,
 deferredInterrupt]
Effect4.Program.Sched.evaluateR	Effect4.Program.Sched.deliverR	Effect4.Program.Sched.RSaved	[current,
 stack,
 interruptible,
 interruptedCause,
 deferredInterrupt]
Effect4.Program.Sched.evaluateR	Effect4.Program.Sched.deliverR	Effect4.Machine.RunFiber	[id,
 frame,
 running,
 parked,
 pending,
 finalizing,
 exit,
 currentOpCount,
 maxOpsBeforeYield,
 preventYield,
 yieldOverride,
 observers,
 children,
 dispatcher,
 context,
 origin]
Effect4.Program.Sched.evaluateR	Effect4.Program.Sched.popR._f	Effect4.Program.Sched.RSaved	[current,
 stack,
 interruptible,
 interruptedCause,
 deferredInterrupt]
Effect4.Program.Sched.evaluateR	Effect4.Program.Sched.popR._f	Effect4.Program.Sched.RSaved	[current,
 stack,
 interruptible,
 interruptedCause,
 deferredInterrupt]
Effect4.Program.Sched.evaluateR	Effect4.Program.Sched.popR._f	Effect4.Program.Sched.RSaved	[current,
 stack,
 interruptible,
 interruptedCause,
 deferredInterrupt]
Effect4.Program.Sched.evaluateR	Effect4.Program.Sched.popR._f	Effect4.Program.Sched.RSaved	[current,
 stack,
 interruptible,
 interruptedCause,
 deferredInterrupt]
Effect4.Program.Sched.evaluateR	Effect4.Program.Sched.popR._f	Effect4.Program.Sched.RSaved	[current,
 stack,
 interruptible,
 interruptedCause,
 deferredInterrupt]
Effect4.Program.Sched.evaluateR	Effect4.Program.Sched.popR._f	Effect4.Program.Sched.RSaved	[current,
 stack,
 interruptible,
 interruptedCause,
 deferredInterrupt]
Effect4.Program.Sched.evaluateR	Effect4.Program.Sched.popR._f	Effect4.Program.Sched.RSaved	[current,
 stack,
 interruptible,
 interruptedCause,
 deferredInterrupt]
Effect4.Program.Sched.evaluateR	Effect4.Program.Sched.popR._f	Effect4.Program.Sched.RSaved	[current,
 stack,
 interruptible,
 interruptedCause,
 deferredInterrupt]
Effect4.Program.Sched.evaluateR	Effect4.Program.Sched.popR._f	Effect4.Program.Sched.ScopeFrame	[finalizerMask.flag]
Effect4.Program.Sched.evaluateR	Effect4.Program.Sched.popR._f	Effect4.Program.Sched.RSaved	[current,
 stack,
 interruptible,
 interruptedCause,
 deferredInterrupt]
Effect4.Program.Sched.evaluateR	Effect4.Program.Sched.popR._f	Effect4.Program.Sched.RSaved	[current,
 stack,
 interruptible,
 interruptedCause,
 deferredInterrupt]
Effect4.Program.Sched.evaluateR	Effect4.Program.Sched.popR._f	Effect4.Program.Sched.ScopeFrame	[restoreMask.flag]
Effect4.Program.Sched.evaluateR	Effect4.Program.Sched.popR._f	Effect4.Program.Sched.RSaved	[current,
 stack,
 interruptible,
 interruptedCause,
 deferredInterrupt]
Effect4.Program.Sched.evaluateR	Effect4.Program.Sched.popR._f	Effect4.Program.Sched.RSaved	[current,
 stack,
 interruptible,
 interruptedCause,
 deferredInterrupt]
Effect4.Program.Sched.evaluateR	Effect4.Program.Sched.popR._f	Effect4.Program.Sched.RSaved	[current,
 stack,
 interruptible,
 interruptedCause,
 deferredInterrupt]
Effect4.Program.Sched.evaluateR	Effect4.Program.Sched.popR._f	Effect4.Program.Sched.RSaved	[current,
 stack,
 interruptible,
 interruptedCause,
 deferredInterrupt]
Effect4.Program.Sched.evaluateR	Effect4.Program.Sched.popR._f	Effect4.Program.Sched.RSaved	[current,
 stack,
 interruptible,
 interruptedCause,
 deferredInterrupt]
Effect4.Program.Sched.evaluateR	Effect4.Program.Sched.popR._f	Effect4.Program.Sched.ScopeFrame	[iter.generator]
Effect4.Program.Sched.evaluateR	Effect4.Program.Sched.popR._f	Effect4.Program.Sched.RSaved	[current,
 stack,
 interruptible,
 interruptedCause,
 deferredInterrupt]
Effect4.Program.Sched.evaluateR	Effect4.Program.Sched.popR._f	Effect4.Program.Sched.ScopeFrame	[loop.loop, loop.cursor]
Effect4.Program.Sched.evaluateR	Effect4.Program.Sched.popR._f	Effect4.Program.Sched.RSaved	[current,
 stack,
 interruptible,
 interruptedCause,
 deferredInterrupt]
Effect4.Program.Sched.evaluateR	Effect4.Program.Sched.saveR	Effect4.Program.Sched.ScopeFrame	[resume.kind, resume.next]
Effect4.Program.Sched.evaluateR	Effect4.Program.Sched.saveAnswerR	Effect4.Program.Sched.ScopeFrame	[answer.next]
Effect4.Program.Sched.evaluateR	Effect4.Program.Point.capture	Effect4.Machine.Capture	[path, env, fuel, tape, ctx, root]
Effect4.Program.Sched.evaluateR	Effect4.Machine.Env.Context.setEntries._f	Effect4.Machine.Env.Service	[key, value]
Effect4.Program.Sched.evaluateR	Effect4.Machine.Env.Context.setEntries._f	Effect4.Machine.Env.Service	[key, value]
Effect4.Program.Sched.evaluateR	Effect4.Program.Sched.prepareScopedExitR	Effect4.Machine.RunFiber	[id,
 frame,
 running,
 parked,
 pending,
 finalizing,
 exit,
 currentOpCount,
 maxOpsBeforeYield,
 preventYield,
 yieldOverride,
 observers,
 children,
 dispatcher,
 context,
 origin]
Effect4.Program.Sched.evaluateR	Effect4.Machine.scopeCloseSnapshot	Effect4.Machine.Stores	[refs,
 deferreds,
 scopes,
 memo,
 timers,
 nextName,
 externals]
Effect4.Program.Sched.evaluateR	Effect4.Scope.closeState	Effect4.ScopeState	[closed.exit]
# Effect4.Program.Sched.evaluateR: 1279 definitions, 137 write sites
info: Test/Audit/PositionCensus.lean:21:0: step	holder	owner	fields
Effect4.Program.Sched.popR	Effect4.Program.Sched.popR._f	Effect4.Program.Sched.RSaved	[current,
 stack,
 interruptible,
 interruptedCause,
 deferredInterrupt]
Effect4.Program.Sched.popR	Effect4.Program.Sched.popR._f	Effect4.Program.Sched.RSaved	[current,
 stack,
 interruptible,
 interruptedCause,
 deferredInterrupt]
Effect4.Program.Sched.popR	Effect4.Program.Sched.popR._f	Effect4.Program.Sched.RSaved	[current,
 stack,
 interruptible,
 interruptedCause,
 deferredInterrupt]
Effect4.Program.Sched.popR	Effect4.Program.Sched.popR._f	Effect4.Program.Sched.RSaved	[current,
 stack,
 interruptible,
 interruptedCause,
 deferredInterrupt]
Effect4.Program.Sched.popR	Effect4.Program.Sched.popR._f	Effect4.Program.Sched.RSaved	[current,
 stack,
 interruptible,
 interruptedCause,
 deferredInterrupt]
Effect4.Program.Sched.popR	Effect4.Program.Sched.popR._f	Effect4.Program.Sched.RSaved	[current,
 stack,
 interruptible,
 interruptedCause,
 deferredInterrupt]
Effect4.Program.Sched.popR	Effect4.Program.Sched.popR._f	Effect4.Program.Sched.RSaved	[current,
 stack,
 interruptible,
 interruptedCause,
 deferredInterrupt]
Effect4.Program.Sched.popR	Effect4.Program.Sched.popR._f	Effect4.Program.Sched.RSaved	[current,
 stack,
 interruptible,
 interruptedCause,
 deferredInterrupt]
Effect4.Program.Sched.popR	Effect4.Program.Sched.popR._f	Effect4.Program.Sched.ScopeFrame	[finalizerMask.flag]
Effect4.Program.Sched.popR	Effect4.Program.Sched.popR._f	Effect4.Program.Sched.RSaved	[current,
 stack,
 interruptible,
 interruptedCause,
 deferredInterrupt]
Effect4.Program.Sched.popR	Effect4.Program.Sched.popR._f	Effect4.Program.Sched.RSaved	[current,
 stack,
 interruptible,
 interruptedCause,
 deferredInterrupt]
Effect4.Program.Sched.popR	Effect4.Program.Sched.popR._f	Effect4.Program.Sched.ScopeFrame	[restoreMask.flag]
Effect4.Program.Sched.popR	Effect4.Program.Sched.popR._f	Effect4.Program.Sched.RSaved	[current,
 stack,
 interruptible,
 interruptedCause,
 deferredInterrupt]
Effect4.Program.Sched.popR	Effect4.Program.Sched.popR._f	Effect4.Program.Sched.RSaved	[current,
 stack,
 interruptible,
 interruptedCause,
 deferredInterrupt]
Effect4.Program.Sched.popR	Effect4.Program.Sched.popR._f	Effect4.Program.Sched.RSaved	[current,
 stack,
 interruptible,
 interruptedCause,
 deferredInterrupt]
Effect4.Program.Sched.popR	Effect4.Program.Sched.popR._f	Effect4.Program.Sched.RSaved	[current,
 stack,
 interruptible,
 interruptedCause,
 deferredInterrupt]
Effect4.Program.Sched.popR	Effect4.Program.Sched.popR._f	Effect4.Program.Sched.RSaved	[current,
 stack,
 interruptible,
 interruptedCause,
 deferredInterrupt]
Effect4.Program.Sched.popR	Effect4.Program.Sched.popR._f	Effect4.Program.Sched.ScopeFrame	[iter.generator]
Effect4.Program.Sched.popR	Effect4.Program.Sched.popR._f	Effect4.Program.Sched.RSaved	[current,
 stack,
 interruptible,
 interruptedCause,
 deferredInterrupt]
Effect4.Program.Sched.popR	Effect4.Program.Sched.popR._f	Effect4.Program.Sched.ScopeFrame	[loop.loop, loop.cursor]
Effect4.Program.Sched.popR	Effect4.Program.Sched.popR._f	Effect4.Program.Sched.RSaved	[current,
 stack,
 interruptible,
 interruptedCause,
 deferredInterrupt]
# Effect4.Program.Sched.popR: 174 definitions, 21 write sites
info: Test/Audit/PositionCensus.lean:22:0: step	holder	owner	fields
Effect4.Machine.fireObserver	Effect4.Machine.fireObserver	Effect4.Machine.RunEvent	[observerFired.fiber,
 observerFired.observer]
Effect4.Machine.fireObserver	Effect4.Machine.fireObserver	Effect4.Machine.Cmd	[resume.fiber,
 resume.token,
 resume.answer]
Effect4.Machine.fireObserver	Effect4.Machine.fireObserver	Effect4.Machine.RunFiber	[id,
 frame,
 running,
 parked,
 pending,
 finalizing,
 exit,
 currentOpCount,
 maxOpsBeforeYield,
 preventYield,
 yieldOverride,
 observers,
 children,
 dispatcher,
 context,
 origin]
Effect4.Machine.fireObserver	Effect4.Machine.fireObserver	Effect4.Machine.RunFiber	[id,
 frame,
 running,
 parked,
 pending,
 finalizing,
 exit,
 currentOpCount,
 maxOpsBeforeYield,
 preventYield,
 yieldOverride,
 observers,
 children,
 dispatcher,
 context,
 origin]
Effect4.Machine.fireObserver	Effect4.Machine.fireObserver	Effect4.Machine.Pending	[token,
 waitingOn,
 remaining,
 collected,
 resumeWith,
 failFast]
Effect4.Machine.fireObserver	Effect4.Machine.fireObserver	Effect4.Machine.Cmd	[resume.fiber,
 resume.token,
 resume.answer]
Effect4.Machine.fireObserver	Effect4.Machine.fireObserver	Effect4.Machine.RunFiber	[id,
 frame,
 running,
 parked,
 pending,
 finalizing,
 exit,
 currentOpCount,
 maxOpsBeforeYield,
 preventYield,
 yieldOverride,
 observers,
 children,
 dispatcher,
 context,
 origin]
Effect4.Machine.fireObserver	Effect4.Machine.fireObserver	Effect4.Machine.RunFiber	[id,
 frame,
 running,
 parked,
 pending,
 finalizing,
 exit,
 currentOpCount,
 maxOpsBeforeYield,
 preventYield,
 yieldOverride,
 observers,
 children,
 dispatcher,
 context,
 origin]
Effect4.Machine.fireObserver	Effect4.Machine.fireObserver	Effect4.Machine.Pending	[token,
 waitingOn,
 remaining,
 collected,
 resumeWith,
 failFast]
Effect4.Machine.fireObserver	Effect4.Machine.fireObserver	Effect4.Machine.Race	[id,
 host,
 token,
 state,
 settled,
 programs,
 registering,
 nextSite]
Effect4.Machine.fireObserver	Effect4.Machine.fireObserver	Effect4.Machine.Race	[id,
 host,
 token,
 state,
 settled,
 programs,
 registering,
 nextSite]
Effect4.Machine.fireObserver	Effect4.Machine.fireObserver	Effect4.Machine.RunEvent	[raceSettled.race, raceSettled.exit]
Effect4.Machine.fireObserver	Effect4.Machine.fireObserver	Effect4.Machine.Cmd	[resume.fiber,
 resume.token,
 resume.answer]
Effect4.Machine.fireObserver	Effect4.Machine.fireObserver	Effect4.Machine.RunEvent	[callback.key, callback.exit]
Effect4.Machine.fireObserver	Effect4.Supervision.raceComplete	Effect4.Supervision.RaceAllState	[unstarted,
 starting,
 live,
 remaining,
 failures,
 winner,
 accepted,
 cleanupNeeded,
 requests,
 cleanup,
 cleanupRequested]
Effect4.Machine.fireObserver	Effect4.Supervision.raceComplete	Effect4.Supervision.WaitState	[targets, published, result]
Effect4.Machine.fireObserver	Effect4.Supervision.raceComplete	Effect4.Supervision.RaceAllState	[unstarted,
 starting,
 live,
 remaining,
 failures,
 winner,
 accepted,
 cleanupNeeded,
 requests,
 cleanup,
 cleanupRequested]
Effect4.Machine.fireObserver	Effect4.Supervision.raceComplete	Effect4.Supervision.RaceAllState	[unstarted,
 starting,
 live,
 remaining,
 failures,
 winner,
 accepted,
 cleanupNeeded,
 requests,
 cleanup,
 cleanupRequested]
Effect4.Machine.fireObserver	Effect4.Supervision.raceComplete	Effect4.Supervision.RaceAllState	[unstarted,
 starting,
 live,
 remaining,
 failures,
 winner,
 accepted,
 cleanupNeeded,
 requests,
 cleanup,
 cleanupRequested]
Effect4.Machine.fireObserver	Effect4.Machine.interruptEach	Effect4.Machine.RunEvent	[interruptRecorded.interruptor,
 interruptRecorded.target]
Effect4.Machine.fireObserver	Effect4.Machine.interruptEach	Effect4.Machine.Cmd	[evaluate.fiber]
Effect4.Machine.fireObserver	Effect4.Machine.interruptRecord	Effect4.Machine.RunFiber	[id,
 frame,
 running,
 parked,
 pending,
 finalizing,
 exit,
 currentOpCount,
 maxOpsBeforeYield,
 preventYield,
 yieldOverride,
 observers,
 children,
 dispatcher,
 context,
 origin]
Effect4.Machine.fireObserver	Effect4.Machine.interruptRecord	Effect4.Machine.RunFiber	[id,
 frame,
 running,
 parked,
 pending,
 finalizing,
 exit,
 currentOpCount,
 maxOpsBeforeYield,
 preventYield,
 yieldOverride,
 observers,
 children,
 dispatcher,
 context,
 origin]
Effect4.Machine.fireObserver	Effect4.Machine.interruptRecord	Effect4.Machine.RunFiber	[id,
 frame,
 running,
 parked,
 pending,
 finalizing,
 exit,
 currentOpCount,
 maxOpsBeforeYield,
 preventYield,
 yieldOverride,
 observers,
 children,
 dispatcher,
 context,
 origin]
# Effect4.Machine.fireObserver: 210 definitions, 24 write sites
info: Test/Audit/PositionCensus.lean:23:0: step	holder	owner	fields
Effect4.Machine.exitFiber	Effect4.Machine.exitFiber.exitStore	Effect4.Machine.RunEvent	[exited.fiber, exited.exit]
Effect4.Machine.exitFiber	Effect4.Machine.exitFiber.exitStore	Effect4.Machine.Cmd	[observe.fiber,
 observe.exit,
 observe.observer]
Effect4.Machine.exitFiber	Effect4.Machine.exitFiber.exitStore	Effect4.Machine.Cmd	[exitDone.fiber]
Effect4.Machine.exitFiber	Effect4.Machine.RunFiber.cleared	Effect4.Machine.RunFiber	[id,
 frame,
 running,
 parked,
 pending,
 finalizing,
 exit,
 currentOpCount,
 maxOpsBeforeYield,
 preventYield,
 yieldOverride,
 observers,
 children,
 dispatcher,
 context,
 origin]
Effect4.Machine.exitFiber	Effect4.Machine.RunFiber.publish	Effect4.Machine.RunFiber	[id,
 frame,
 running,
 parked,
 pending,
 finalizing,
 exit,
 currentOpCount,
 maxOpsBeforeYield,
 preventYield,
 yieldOverride,
 observers,
 children,
 dispatcher,
 context,
 origin]
Effect4.Machine.exitFiber	Effect4.Machine.exitFiber.exitInterruptChildren	Effect4.Machine.RunFiber	[id,
 frame,
 running,
 parked,
 pending,
 finalizing,
 exit,
 currentOpCount,
 maxOpsBeforeYield,
 preventYield,
 yieldOverride,
 observers,
 children,
 dispatcher,
 context,
 origin]
Effect4.Machine.exitFiber	Effect4.Machine.exitFiber.exitInterruptChildren	Effect4.Machine.RunEvent	[childrenInterrupted.parent,
 childrenInterrupted.children]
Effect4.Machine.exitFiber	Effect4.Machine.exitFiber.exitInterruptChildren	Effect4.Machine.Cmd	[evaluate.fiber]
# Effect4.Machine.exitFiber: 72 definitions, 8 write sites
info: Test/Audit/PositionCensus.lean:24:0: step	holder	owner	fields
Effect4.Machine.stepDecisionState	Effect4.Machine.stepDecisionState	Effect4.Machine.Cmd	[evaluate.fiber]
Effect4.Machine.stepDecisionState	Effect4.Machine.stepDecisionState	Effect4.Machine.RunFiber	[id,
 frame,
 running,
 parked,
 pending,
 finalizing,
 exit,
 currentOpCount,
 maxOpsBeforeYield,
 preventYield,
 yieldOverride,
 observers,
 children,
 dispatcher,
 context,
 origin]
Effect4.Machine.stepDecisionState	Effect4.Machine.stepDecisionState	Effect4.Machine.Cmd	[resume.fiber,
 resume.token,
 resume.answer]
Effect4.Machine.stepDecisionState	Effect4.Machine.stepDecisionState	Effect4.Machine.RunEvent	[interruptRecorded.interruptor,
 interruptRecorded.target]
Effect4.Machine.stepDecisionState	Effect4.Machine.stepDecisionState	Effect4.Machine.RunEvent	[interruptDeferred.target]
Effect4.Machine.stepDecisionState	Effect4.Machine.stepDecisionState	Effect4.Machine.Cmd	[evaluate.fiber]
Effect4.Machine.stepDecisionState	Effect4.Machine.fireState	Effect4.Machine.RunFiber	[id,
 frame,
 running,
 parked,
 pending,
 finalizing,
 exit,
 currentOpCount,
 maxOpsBeforeYield,
 preventYield,
 yieldOverride,
 observers,
 children,
 dispatcher,
 context,
 origin]
Effect4.Machine.stepDecisionState	Effect4.Machine.fireStep	Effect4.Machine.RunEvent	[ranTask.owner, ranTask.task]
Effect4.Machine.stepDecisionState	Effect4.Machine.taskCmds	Effect4.Machine.Cmd	[evaluate.fiber]
Effect4.Machine.stepDecisionState	Effect4.Machine.taskCmds	Effect4.Machine.Cmd	[resume.fiber,
 resume.token,
 resume.answer]
Effect4.Machine.stepDecisionState	Effect4.Machine.taskCmds	Effect4.Machine.Cmd	[wake.list, wake.phase]
Effect4.Machine.stepDecisionState	Effect4.Machine.driveStep	Effect4.Machine.RunFiber	[id,
 frame,
 running,
 parked,
 pending,
 finalizing,
 exit,
 currentOpCount,
 maxOpsBeforeYield,
 preventYield,
 yieldOverride,
 observers,
 children,
 dispatcher,
 context,
 origin]
Effect4.Machine.stepDecisionState	Effect4.Machine.driveStep	Effect4.Machine.RunEvent	[started.fiber]
Effect4.Machine.stepDecisionState	Effect4.Machine.driveStep	Effect4.Machine.Cmd	[loop.fiber, loop.yielding]
Effect4.Machine.stepDecisionState	Effect4.Machine.driveStep	Effect4.Machine.RunFiber	[id,
 frame,
 running,
 parked,
 pending,
 finalizing,
 exit,
 currentOpCount,
 maxOpsBeforeYield,
 preventYield,
 yieldOverride,
 observers,
 children,
 dispatcher,
 context,
 origin]
Effect4.Machine.stepDecisionState	Effect4.Machine.driveStep	Effect4.Machine.RunEvent	[resumedWith.fiber,
 resumedWith.token,
 resumedWith.answer]
Effect4.Machine.stepDecisionState	Effect4.Machine.driveStep	Effect4.Machine.Cmd	[evaluate.fiber]
Effect4.Machine.stepDecisionState	Effect4.Machine.driveStep	Effect4.Machine.Race	[id,
 host,
 token,
 state,
 settled,
 programs,
 registering,
 nextSite]
Effect4.Machine.stepDecisionState	Effect4.Machine.driveStep	Effect4.Machine.RunEvent	[raceLaunched.race,
 raceLaunched.entrant]
Effect4.Machine.stepDecisionState	Effect4.Machine.driveStep	Effect4.Machine.Cmd	[evaluate.fiber]
Effect4.Machine.stepDecisionState	Effect4.Machine.driveStep	Effect4.Machine.Cmd	[enrollRace.race, enrollRace.child]
Effect4.Machine.stepDecisionState	Effect4.Machine.driveStep	Effect4.Machine.Cmd	[launch.race]
Effect4.Machine.stepDecisionState	Effect4.Machine.driveStep	Effect4.Machine.Race	[id,
 host,
 token,
 state,
 settled,
 programs,
 registering,
 nextSite]
Effect4.Machine.stepDecisionState	Effect4.Machine.driveStep	Effect4.Supervision.RaceAllState	[unstarted,
 starting,
 live,
 remaining,
 failures,
 winner,
 accepted,
 cleanupNeeded,
 requests,
 cleanup,
 cleanupRequested]
Effect4.Machine.stepDecisionState	Effect4.Machine.driveStep	Effect4.Machine.RunFiber	[id,
 frame,
 running,
 parked,
 pending,
 finalizing,
 exit,
 currentOpCount,
 maxOpsBeforeYield,
 preventYield,
 yieldOverride,
 observers,
 children,
 dispatcher,
 context,
 origin]
Effect4.Machine.stepDecisionState	Effect4.Machine.driveStep	Effect4.Machine.Race	[id,
 host,
 token,
 state,
 settled,
 programs,
 registering,
 nextSite]
Effect4.Machine.stepDecisionState	Effect4.Machine.driveStep	Effect4.Machine.RunFiber	[id,
 frame,
 running,
 parked,
 pending,
 finalizing,
 exit,
 currentOpCount,
 maxOpsBeforeYield,
 preventYield,
 yieldOverride,
 observers,
 children,
 dispatcher,
 context,
 origin]
Effect4.Machine.stepDecisionState	Effect4.Machine.driveStep	Effect4.Machine.RunFiber	[id,
 frame,
 running,
 parked,
 pending,
 finalizing,
 exit,
 currentOpCount,
 maxOpsBeforeYield,
 preventYield,
 yieldOverride,
 observers,
 children,
 dispatcher,
 context,
 origin]
Effect4.Machine.stepDecisionState	Effect4.Machine.driveStep	Effect4.Machine.Pending	[token,
 waitingOn,
 remaining,
 collected,
 resumeWith,
 failFast]
Effect4.Machine.stepDecisionState	Effect4.Machine.driveStep	Effect4.Machine.RunEvent	[parkedOn.fiber, parkedOn.token]
Effect4.Machine.stepDecisionState	Effect4.Machine.driveStep	Effect4.Machine.RunEvent	[interruptRecorded.interruptor,
 interruptRecorded.target]
Effect4.Machine.stepDecisionState	Effect4.Machine.driveStep	Effect4.Machine.Cmd	[evaluate.fiber]
Effect4.Machine.stepDecisionState	Effect4.Machine.driveStep	Effect4.Machine.RunFiber	[id,
 frame,
 running,
 parked,
 pending,
 finalizing,
 exit,
 currentOpCount,
 maxOpsBeforeYield,
 preventYield,
 yieldOverride,
 observers,
 children,
 dispatcher,
 context,
 origin]
Effect4.Machine.stepDecisionState	Effect4.Machine.driveStep	Effect4.Machine.Cmd	[afterInterrupt.host,
 afterInterrupt.yielding,
 afterInterrupt.kind]
Effect4.Machine.stepDecisionState	Effect4.Machine.driveStep	Effect4.Machine.Cmd	[afterInterrupt.host,
 afterInterrupt.yielding,
 afterInterrupt.kind]
Effect4.Machine.stepDecisionState	Effect4.Machine.driveStep	Effect4.Machine.Cmd	[interruptTarget.target,
 interruptTarget.who,
 interruptTarget.extra]
Effect4.Machine.stepDecisionState	Effect4.Machine.driveStep	Effect4.Machine.Cmd	[raceCancel.race,
 raceCancel.host,
 raceCancel.yielding,
 raceCancel.remaining,
 raceCancel.visited]
Effect4.Machine.stepDecisionState	Effect4.Machine.driveStep	Effect4.Machine.Cmd	[raceCancel.race,
 raceCancel.host,
 raceCancel.yielding,
 raceCancel.remaining,
 raceCancel.visited]
Effect4.Machine.stepDecisionState	Effect4.Machine.driveStep	Effect4.Machine.RunFiber	[id,
 frame,
 running,
 parked,
 pending,
 finalizing,
 exit,
 currentOpCount,
 maxOpsBeforeYield,
 preventYield,
 yieldOverride,
 observers,
 children,
 dispatcher,
 context,
 origin]
Effect4.Machine.stepDecisionState	Effect4.Machine.driveStep	Effect4.Machine.RunFiber	[id,
 frame,
 running,
 parked,
 pending,
 finalizing,
 exit,
 currentOpCount,
 maxOpsBeforeYield,
 preventYield,
 yieldOverride,
 observers,
 children,
 dispatcher,
 context,
 origin]
Effect4.Machine.stepDecisionState	Effect4.Machine.driveStep	Effect4.Machine.RunFiber	[id,
 frame,
 running,
 parked,
 pending,
 finalizing,
 exit,
 currentOpCount,
 maxOpsBeforeYield,
 preventYield,
 yieldOverride,
 observers,
 children,
 dispatcher,
 context,
 origin]
Effect4.Machine.stepDecisionState	Effect4.Machine.driveStep	Effect4.Machine.RunFiber	[id,
 frame,
 running,
 parked,
 pending,
 finalizing,
 exit,
 currentOpCount,
 maxOpsBeforeYield,
 preventYield,
 yieldOverride,
 observers,
 children,
 dispatcher,
 context,
 origin]
Effect4.Machine.stepDecisionState	Effect4.Machine.drainOwed._f	Effect4.Machine.Cmd	[resume.fiber,
 resume.token,
 resume.answer]
Effect4.Machine.stepDecisionState	Effect4.Machine.drainOwed._f	Effect4.Machine.Task	[resume.target,
 resume.token,
 resume.answer]
Effect4.Machine.stepDecisionState	Effect4.Machine.RunMachine.postTask	Effect4.Machine.RunFiber	[id,
 frame,
 running,
 parked,
 pending,
 finalizing,
 exit,
 currentOpCount,
 maxOpsBeforeYield,
 preventYield,
 yieldOverride,
 observers,
 children,
 dispatcher,
 context,
 origin]
Effect4.Machine.stepDecisionState	Effect4.Machine.RunMachine.postTask	Effect4.Machine.RunEvent	[scheduledTask.owner,
 scheduledTask.priority,
 scheduledTask.task]
Effect4.Machine.stepDecisionState	Effect4.Machine.exitFiber.exitStore	Effect4.Machine.RunEvent	[exited.fiber,
 exited.exit]
Effect4.Machine.stepDecisionState	Effect4.Machine.exitFiber.exitStore	Effect4.Machine.Cmd	[observe.fiber,
 observe.exit,
 observe.observer]
Effect4.Machine.stepDecisionState	Effect4.Machine.exitFiber.exitStore	Effect4.Machine.Cmd	[exitDone.fiber]
Effect4.Machine.stepDecisionState	Effect4.Machine.RunFiber.cleared	Effect4.Machine.RunFiber	[id,
 frame,
 running,
 parked,
 pending,
 finalizing,
 exit,
 currentOpCount,
 maxOpsBeforeYield,
 preventYield,
 yieldOverride,
 observers,
 children,
 dispatcher,
 context,
 origin]
Effect4.Machine.stepDecisionState	Effect4.Machine.RunFiber.publish	Effect4.Machine.RunFiber	[id,
 frame,
 running,
 parked,
 pending,
 finalizing,
 exit,
 currentOpCount,
 maxOpsBeforeYield,
 preventYield,
 yieldOverride,
 observers,
 children,
 dispatcher,
 context,
 origin]
Effect4.Machine.stepDecisionState	Effect4.Machine.exitFiber.exitInterruptChildren	Effect4.Machine.RunFiber	[id,
 frame,
 running,
 parked,
 pending,
 finalizing,
 exit,
 currentOpCount,
 maxOpsBeforeYield,
 preventYield,
 yieldOverride,
 observers,
 children,
 dispatcher,
 context,
 origin]
Effect4.Machine.stepDecisionState	Effect4.Machine.exitFiber.exitInterruptChildren	Effect4.Machine.RunEvent	[childrenInterrupted.parent,
 childrenInterrupted.children]
Effect4.Machine.stepDecisionState	Effect4.Machine.exitFiber.exitInterruptChildren	Effect4.Machine.Cmd	[evaluate.fiber]
Effect4.Machine.stepDecisionState	Effect4.Machine.linkScope	Effect4.Machine.RunEvent	[scopeClosedOnLink.scope,
 scopeClosedOnLink.fiber]
Effect4.Machine.stepDecisionState	Effect4.Machine.linkScope	Effect4.Machine.RunEvent	[interruptRecorded.interruptor,
 interruptRecorded.target]
Effect4.Machine.stepDecisionState	Effect4.Machine.linkScope	Effect4.Machine.Cmd	[evaluate.fiber]
Effect4.Machine.stepDecisionState	Effect4.Machine.linkScope	Effect4.Machine.RunFiber	[id,
 frame,
 running,
 parked,
 pending,
 finalizing,
 exit,
 currentOpCount,
 maxOpsBeforeYield,
 preventYield,
 yieldOverride,
 observers,
 children,
 dispatcher,
 context,
 origin]
Effect4.Machine.stepDecisionState	Effect4.Machine.linkScope	Effect4.Machine.RunEvent	[scopeLinked.mode,
 scopeLinked.scope,
 scopeLinked.key,
 scopeLinked.fiber]
Effect4.Machine.stepDecisionState	Effect4.Machine.interruptRecord	Effect4.Machine.RunFiber	[id,
 frame,
 running,
 parked,
 pending,
 finalizing,
 exit,
 currentOpCount,
 maxOpsBeforeYield,
 preventYield,
 yieldOverride,
 observers,
 children,
 dispatcher,
 context,
 origin]
Effect4.Machine.stepDecisionState	Effect4.Machine.interruptRecord	Effect4.Machine.RunFiber	[id,
 frame,
 running,
 parked,
 pending,
 finalizing,
 exit,
 currentOpCount,
 maxOpsBeforeYield,
 preventYield,
 yieldOverride,
 observers,
 children,
 dispatcher,
 context,
 origin]
Effect4.Machine.stepDecisionState	Effect4.Machine.interruptRecord	Effect4.Machine.RunFiber	[id,
 frame,
 running,
 parked,
 pending,
 finalizing,
 exit,
 currentOpCount,
 maxOpsBeforeYield,
 preventYield,
 yieldOverride,
 observers,
 children,
 dispatcher,
 context,
 origin]
Effect4.Machine.stepDecisionState	Effect4.Machine.RunFiber.park	Effect4.Machine.RunFiber	[id,
 frame,
 running,
 parked,
 pending,
 finalizing,
 exit,
 currentOpCount,
 maxOpsBeforeYield,
 preventYield,
 yieldOverride,
 observers,
 children,
 dispatcher,
 context,
 origin]
Effect4.Machine.stepDecisionState	Effect4.Machine.fireObserver	Effect4.Machine.RunEvent	[observerFired.fiber,
 observerFired.observer]
Effect4.Machine.stepDecisionState	Effect4.Machine.fireObserver	Effect4.Machine.Cmd	[resume.fiber,
 resume.token,
 resume.answer]
Effect4.Machine.stepDecisionState	Effect4.Machine.fireObserver	Effect4.Machine.RunFiber	[id,
 frame,
 running,
 parked,
 pending,
 finalizing,
 exit,
 currentOpCount,
 maxOpsBeforeYield,
 preventYield,
 yieldOverride,
 observers,
 children,
 dispatcher,
 context,
 origin]
Effect4.Machine.stepDecisionState	Effect4.Machine.fireObserver	Effect4.Machine.RunFiber	[id,
 frame,
 running,
 parked,
 pending,
 finalizing,
 exit,
 currentOpCount,
 maxOpsBeforeYield,
 preventYield,
 yieldOverride,
 observers,
 children,
 dispatcher,
 context,
 origin]
Effect4.Machine.stepDecisionState	Effect4.Machine.fireObserver	Effect4.Machine.Pending	[token,
 waitingOn,
 remaining,
 collected,
 resumeWith,
 failFast]
Effect4.Machine.stepDecisionState	Effect4.Machine.fireObserver	Effect4.Machine.Cmd	[resume.fiber,
 resume.token,
 resume.answer]
Effect4.Machine.stepDecisionState	Effect4.Machine.fireObserver	Effect4.Machine.RunFiber	[id,
 frame,
 running,
 parked,
 pending,
 finalizing,
 exit,
 currentOpCount,
 maxOpsBeforeYield,
 preventYield,
 yieldOverride,
 observers,
 children,
 dispatcher,
 context,
 origin]
Effect4.Machine.stepDecisionState	Effect4.Machine.fireObserver	Effect4.Machine.RunFiber	[id,
 frame,
 running,
 parked,
 pending,
 finalizing,
 exit,
 currentOpCount,
 maxOpsBeforeYield,
 preventYield,
 yieldOverride,
 observers,
 children,
 dispatcher,
 context,
 origin]
Effect4.Machine.stepDecisionState	Effect4.Machine.fireObserver	Effect4.Machine.Pending	[token,
 waitingOn,
 remaining,
 collected,
 resumeWith,
 failFast]
Effect4.Machine.stepDecisionState	Effect4.Machine.fireObserver	Effect4.Machine.Race	[id,
 host,
 token,
 state,
 settled,
 programs,
 registering,
 nextSite]
Effect4.Machine.stepDecisionState	Effect4.Machine.fireObserver	Effect4.Machine.Race	[id,
 host,
 token,
 state,
 settled,
 programs,
 registering,
 nextSite]
Effect4.Machine.stepDecisionState	Effect4.Machine.fireObserver	Effect4.Machine.RunEvent	[raceSettled.race,
 raceSettled.exit]
Effect4.Machine.stepDecisionState	Effect4.Machine.fireObserver	Effect4.Machine.Cmd	[resume.fiber,
 resume.token,
 resume.answer]
Effect4.Machine.stepDecisionState	Effect4.Machine.fireObserver	Effect4.Machine.RunEvent	[callback.key, callback.exit]
Effect4.Machine.stepDecisionState	Effect4.Supervision.raceComplete	Effect4.Supervision.RaceAllState	[unstarted,
 starting,
 live,
 remaining,
 failures,
 winner,
 accepted,
 cleanupNeeded,
 requests,
 cleanup,
 cleanupRequested]
Effect4.Machine.stepDecisionState	Effect4.Supervision.raceComplete	Effect4.Supervision.WaitState	[targets,
 published,
 result]
Effect4.Machine.stepDecisionState	Effect4.Supervision.raceComplete	Effect4.Supervision.RaceAllState	[unstarted,
 starting,
 live,
 remaining,
 failures,
 winner,
 accepted,
 cleanupNeeded,
 requests,
 cleanup,
 cleanupRequested]
Effect4.Machine.stepDecisionState	Effect4.Supervision.raceComplete	Effect4.Supervision.RaceAllState	[unstarted,
 starting,
 live,
 remaining,
 failures,
 winner,
 accepted,
 cleanupNeeded,
 requests,
 cleanup,
 cleanupRequested]
Effect4.Machine.stepDecisionState	Effect4.Supervision.raceComplete	Effect4.Supervision.RaceAllState	[unstarted,
 starting,
 live,
 remaining,
 failures,
 winner,
 accepted,
 cleanupNeeded,
 requests,
 cleanup,
 cleanupRequested]
Effect4.Machine.stepDecisionState	Effect4.Machine.interruptEach	Effect4.Machine.RunEvent	[interruptRecorded.interruptor,
 interruptRecorded.target]
Effect4.Machine.stepDecisionState	Effect4.Machine.interruptEach	Effect4.Machine.Cmd	[evaluate.fiber]
Effect4.Machine.stepDecisionState	Effect4.Machine.spawn	Effect4.Machine.RunEvent	[forked.parent,
 forked.child,
 forked.daemon]
Effect4.Machine.stepDecisionState	Effect4.Machine.RunFiber.make	Effect4.Machine.RunFiber	[id,
 frame,
 running,
 parked,
 pending,
 finalizing,
 exit,
 currentOpCount,
 maxOpsBeforeYield,
 preventYield,
 yieldOverride,
 observers,
 children,
 dispatcher,
 context,
 origin]
Effect4.Machine.stepDecisionState	Effect4.Machine.injectYield	Effect4.Machine.RunFiber	[id,
 frame,
 running,
 parked,
 pending,
 finalizing,
 exit,
 currentOpCount,
 maxOpsBeforeYield,
 preventYield,
 yieldOverride,
 observers,
 children,
 dispatcher,
 context,
 origin]
Effect4.Machine.stepDecisionState	Effect4.Machine.injectYield	Effect4.Machine.RunEvent	[yieldInjected.fiber,
 yieldInjected.atOp]
Effect4.Machine.stepDecisionState	Effect4.Machine.runloopTop	Effect4.Machine.RunFiber	[id,
 frame,
 running,
 parked,
 pending,
 finalizing,
 exit,
 currentOpCount,
 maxOpsBeforeYield,
 preventYield,
 yieldOverride,
 observers,
 children,
 dispatcher,
 context,
 origin]
Effect4.Machine.stepDecisionState	Effect4.Machine.countOp	Effect4.Machine.RunFiber	[id,
 frame,
 running,
 parked,
 pending,
 finalizing,
 exit,
 currentOpCount,
 maxOpsBeforeYield,
 preventYield,
 yieldOverride,
 observers,
 children,
 dispatcher,
 context,
 origin]
Effect4.Machine.stepDecisionState	Effect4.Machine.settle	Effect4.Machine.Cmd	[loop.fiber, loop.yielding]
Effect4.Machine.stepDecisionState	Effect4.Machine.settle	Effect4.Machine.Cmd	[deliver.fiber, deliver.yielding]
Effect4.Machine.stepDecisionState	Effect4.Machine.settle	Effect4.Machine.RunFiber	[id,
 frame,
 running,
 parked,
 pending,
 finalizing,
 exit,
 currentOpCount,
 maxOpsBeforeYield,
 preventYield,
 yieldOverride,
 observers,
 children,
 dispatcher,
 context,
 origin]
Effect4.Machine.stepDecisionState	Effect4.Machine.settle	Effect4.Machine.Cmd	[loop.fiber, loop.yielding]
Effect4.Machine.stepDecisionState	Effect4.Machine.settle	Effect4.Machine.RunFiber	[id,
 frame,
 running,
 parked,
 pending,
 finalizing,
 exit,
 currentOpCount,
 maxOpsBeforeYield,
 preventYield,
 yieldOverride,
 observers,
 children,
 dispatcher,
 context,
 origin]
Effect4.Machine.stepDecisionState	Effect4.Machine.settle	Effect4.Machine.Cmd	[finish.fiber, finish.exit]
Effect4.Machine.stepDecisionState	Effect4.Machine.settle	Effect4.Machine.RunFiber	[id,
 frame,
 running,
 parked,
 pending,
 finalizing,
 exit,
 currentOpCount,
 maxOpsBeforeYield,
 preventYield,
 yieldOverride,
 observers,
 children,
 dispatcher,
 context,
 origin]
# Effect4.Machine.stepDecisionState: 422 definitions, 97 write sites
info: Test/Audit/PositionCensus.lean:26:0: step	holder	owner	field
Effect4.Machine.driveStep	Effect4.Machine.driveStep	Effect4.Machine.Cmd	evaluate.fiber
Effect4.Machine.driveStep	Effect4.Machine.driveStep	Effect4.Machine.Cmd	loop.fiber
Effect4.Machine.driveStep	Effect4.Machine.driveStep	Effect4.Machine.Cmd	loop.yielding
Effect4.Machine.driveStep	Effect4.Machine.driveStep	Effect4.Machine.Cmd	deliver.fiber
Effect4.Machine.driveStep	Effect4.Machine.driveStep	Effect4.Machine.Cmd	deliver.yielding
Effect4.Machine.driveStep	Effect4.Machine.driveStep	Effect4.Machine.Cmd	finish.fiber
Effect4.Machine.driveStep	Effect4.Machine.driveStep	Effect4.Machine.Cmd	finish.exit
Effect4.Machine.driveStep	Effect4.Machine.driveStep	Effect4.Machine.Cmd	resume.fiber
Effect4.Machine.driveStep	Effect4.Machine.driveStep	Effect4.Machine.Cmd	resume.token
Effect4.Machine.driveStep	Effect4.Machine.driveStep	Effect4.Machine.Cmd	resume.answer
Effect4.Machine.driveStep	Effect4.Machine.driveStep	Effect4.Machine.Cmd	launch.race
Effect4.Machine.driveStep	Effect4.Machine.driveStep	Effect4.Machine.Cmd	enrollRace.race
Effect4.Machine.driveStep	Effect4.Machine.driveStep	Effect4.Machine.Cmd	enrollRace.child
Effect4.Machine.driveStep	Effect4.Machine.driveStep	Effect4.Machine.Cmd	registrationDone.race
Effect4.Machine.driveStep	Effect4.Machine.driveStep	Effect4.Machine.Cmd	registrationDone.yielding
Effect4.Machine.driveStep	Effect4.Machine.driveStep	Effect4.Machine.Cmd	interruptTarget.target
Effect4.Machine.driveStep	Effect4.Machine.driveStep	Effect4.Machine.Cmd	interruptTarget.who
Effect4.Machine.driveStep	Effect4.Machine.driveStep	Effect4.Machine.Cmd	interruptTarget.extra
Effect4.Machine.driveStep	Effect4.Machine.driveStep	Effect4.Machine.Cmd	afterInterrupt.host
Effect4.Machine.driveStep	Effect4.Machine.driveStep	Effect4.Machine.Cmd	afterInterrupt.yielding
Effect4.Machine.driveStep	Effect4.Machine.driveStep	Effect4.Machine.Cmd	afterInterrupt.kind
Effect4.Machine.driveStep	Effect4.Machine.driveStep	Effect4.Machine.Cmd	raceCancel.race
Effect4.Machine.driveStep	Effect4.Machine.driveStep	Effect4.Machine.Cmd	raceCancel.host
Effect4.Machine.driveStep	Effect4.Machine.driveStep	Effect4.Machine.Cmd	raceCancel.yielding
Effect4.Machine.driveStep	Effect4.Machine.driveStep	Effect4.Machine.Cmd	raceCancel.remaining
Effect4.Machine.driveStep	Effect4.Machine.driveStep	Effect4.Machine.Cmd	raceCancel.visited
Effect4.Machine.driveStep	Effect4.Machine.driveStep	Effect4.Machine.Cmd	trackChild.parent
Effect4.Machine.driveStep	Effect4.Machine.driveStep	Effect4.Machine.Cmd	trackChild.child
Effect4.Machine.driveStep	Effect4.Machine.driveStep	Effect4.Machine.Cmd	observe.fiber
Effect4.Machine.driveStep	Effect4.Machine.driveStep	Effect4.Machine.Cmd	observe.exit
Effect4.Machine.driveStep	Effect4.Machine.driveStep	Effect4.Machine.Cmd	observe.observer
Effect4.Machine.driveStep	Effect4.Machine.driveStep	Effect4.Machine.Cmd	exitDone.fiber
Effect4.Machine.driveStep	Effect4.Machine.driveStep	Effect4.Machine.Cmd	closeParAwait.host
Effect4.Machine.driveStep	Effect4.Machine.driveStep	Effect4.Machine.Cmd	closeParAwait.yielding
Effect4.Machine.driveStep	Effect4.Machine.driveStep	Effect4.Machine.Cmd	closeParAwait.fibers
Effect4.Machine.driveStep	Effect4.Machine.driveStep	Effect4.Machine.Cmd	link.mode
Effect4.Machine.driveStep	Effect4.Machine.driveStep	Effect4.Machine.Cmd	link.scope
Effect4.Machine.driveStep	Effect4.Machine.driveStep	Effect4.Machine.Cmd	link.target
Effect4.Machine.driveStep	Effect4.Machine.driveStep	Effect4.Machine.Cmd	link.interruptor
Effect4.Machine.driveStep	Effect4.Machine.driveStep	Effect4.Machine.Cmd	link.extra
Effect4.Machine.driveStep	Effect4.Machine.driveStep	Effect4.Machine.Cmd	wake.list
Effect4.Machine.driveStep	Effect4.Machine.driveStep	Effect4.Machine.Cmd	wake.phase
Effect4.Machine.driveStep	Effect4.Machine.driveStep	Effect4.Machine.RunFiber	exit
Effect4.Machine.driveStep	Effect4.Machine.driveStep	Effect4.Machine.RunFiber	running
Effect4.Machine.driveStep	Effect4.Machine.driveStep	Effect4.Machine.RunFiber	parked
Effect4.Machine.driveStep	Effect4.Machine.driveStep	Effect4.Machine.RunFiber	id
Effect4.Machine.driveStep	Effect4.Machine.driveStep	Effect4.Machine.RunFiber	frame
Effect4.Machine.driveStep	Effect4.Machine.driveStep	Effect4.Machine.RunFiber	pending
Effect4.Machine.driveStep	Effect4.Machine.driveStep	Effect4.Machine.RunFiber	finalizing
Effect4.Machine.driveStep	Effect4.Machine.driveStep	Effect4.Machine.RunFiber	currentOpCount
Effect4.Machine.driveStep	Effect4.Machine.driveStep	Effect4.Machine.RunFiber	maxOpsBeforeYield
Effect4.Machine.driveStep	Effect4.Machine.driveStep	Effect4.Machine.RunFiber	preventYield
Effect4.Machine.driveStep	Effect4.Machine.driveStep	Effect4.Machine.RunFiber	yieldOverride
Effect4.Machine.driveStep	Effect4.Machine.driveStep	Effect4.Machine.RunFiber	observers
Effect4.Machine.driveStep	Effect4.Machine.driveStep	Effect4.Machine.RunFiber	children
Effect4.Machine.driveStep	Effect4.Machine.driveStep	Effect4.Machine.RunFiber	dispatcher
Effect4.Machine.driveStep	Effect4.Machine.driveStep	Effect4.Machine.RunFiber	context
Effect4.Machine.driveStep	Effect4.Machine.driveStep	Effect4.Machine.RunFiber	origin
Effect4.Machine.driveStep	Effect4.Machine.driveStep	Effect4.Machine.RunEvent	forked.parent
Effect4.Machine.driveStep	Effect4.Machine.driveStep	Effect4.Machine.RunEvent	forked.child
Effect4.Machine.driveStep	Effect4.Machine.driveStep	Effect4.Machine.RunEvent	forked.daemon
Effect4.Machine.driveStep	Effect4.Machine.driveStep	Effect4.Machine.RunEvent	started.fiber
Effect4.Machine.driveStep	Effect4.Machine.driveStep	Effect4.Machine.RunEvent	scheduledTask.owner
Effect4.Machine.driveStep	Effect4.Machine.driveStep	Effect4.Machine.RunEvent	scheduledTask.priority
Effect4.Machine.driveStep	Effect4.Machine.driveStep	Effect4.Machine.RunEvent	scheduledTask.task
Effect4.Machine.driveStep	Effect4.Machine.driveStep	Effect4.Machine.RunEvent	ranTask.owner
Effect4.Machine.driveStep	Effect4.Machine.driveStep	Effect4.Machine.RunEvent	ranTask.task
Effect4.Machine.driveStep	Effect4.Machine.driveStep	Effect4.Machine.RunEvent	yieldInjected.fiber
Effect4.Machine.driveStep	Effect4.Machine.driveStep	Effect4.Machine.RunEvent	yieldInjected.atOp
Effect4.Machine.driveStep	Effect4.Machine.driveStep	Effect4.Machine.RunEvent	parkedOn.fiber
Effect4.Machine.driveStep	Effect4.Machine.driveStep	Effect4.Machine.RunEvent	parkedOn.token
Effect4.Machine.driveStep	Effect4.Machine.driveStep	Effect4.Machine.RunEvent	resumedWith.fiber
Effect4.Machine.driveStep	Effect4.Machine.driveStep	Effect4.Machine.RunEvent	resumedWith.token
Effect4.Machine.driveStep	Effect4.Machine.driveStep	Effect4.Machine.RunEvent	resumedWith.answer
Effect4.Machine.driveStep	Effect4.Machine.driveStep	Effect4.Machine.RunEvent	interruptRecorded.interruptor
Effect4.Machine.driveStep	Effect4.Machine.driveStep	Effect4.Machine.RunEvent	interruptRecorded.target
Effect4.Machine.driveStep	Effect4.Machine.driveStep	Effect4.Machine.RunEvent	interruptDeferred.target
Effect4.Machine.driveStep	Effect4.Machine.driveStep	Effect4.Machine.RunEvent	childrenInterrupted.parent
Effect4.Machine.driveStep	Effect4.Machine.driveStep	Effect4.Machine.RunEvent	childrenInterrupted.children
Effect4.Machine.driveStep	Effect4.Machine.driveStep	Effect4.Machine.RunEvent	observerFired.fiber
Effect4.Machine.driveStep	Effect4.Machine.driveStep	Effect4.Machine.RunEvent	observerFired.observer
Effect4.Machine.driveStep	Effect4.Machine.driveStep	Effect4.Machine.RunEvent	frame.fiber
Effect4.Machine.driveStep	Effect4.Machine.driveStep	Effect4.Machine.RunEvent	frame.event
Effect4.Machine.driveStep	Effect4.Machine.driveStep	Effect4.Machine.RunEvent	finalizerProgram.fiber
Effect4.Machine.driveStep	Effect4.Machine.driveStep	Effect4.Machine.RunEvent	finalizerProgram.finalizer
Effect4.Machine.driveStep	Effect4.Machine.driveStep	Effect4.Machine.RunEvent	finalizerProgram.exit
Effect4.Machine.driveStep	Effect4.Machine.driveStep	Effect4.Machine.RunEvent	scopeLinked.mode
Effect4.Machine.driveStep	Effect4.Machine.driveStep	Effect4.Machine.RunEvent	scopeLinked.scope
Effect4.Machine.driveStep	Effect4.Machine.driveStep	Effect4.Machine.RunEvent	scopeLinked.key
Effect4.Machine.driveStep	Effect4.Machine.driveStep	Effect4.Machine.RunEvent	scopeLinked.fiber
Effect4.Machine.driveStep	Effect4.Machine.driveStep	Effect4.Machine.RunEvent	scopeClosedOnLink.scope
Effect4.Machine.driveStep	Effect4.Machine.driveStep	Effect4.Machine.RunEvent	scopeClosedOnLink.fiber
Effect4.Machine.driveStep	Effect4.Machine.driveStep	Effect4.Machine.RunEvent	raceStarted.race
Effect4.Machine.driveStep	Effect4.Machine.driveStep	Effect4.Machine.RunEvent	raceStarted.host
Effect4.Machine.driveStep	Effect4.Machine.driveStep	Effect4.Machine.RunEvent	raceStarted.entrants
Effect4.Machine.driveStep	Effect4.Machine.driveStep	Effect4.Machine.RunEvent	raceLaunched.race
Effect4.Machine.driveStep	Effect4.Machine.driveStep	Effect4.Machine.RunEvent	raceLaunched.entrant
Effect4.Machine.driveStep	Effect4.Machine.driveStep	Effect4.Machine.RunEvent	raceSettled.race
Effect4.Machine.driveStep	Effect4.Machine.driveStep	Effect4.Machine.RunEvent	raceSettled.exit
Effect4.Machine.driveStep	Effect4.Machine.driveStep	Effect4.Machine.RunEvent	contextSet.fiber
Effect4.Machine.driveStep	Effect4.Machine.driveStep	Effect4.Machine.RunEvent	contextSet.context
Effect4.Machine.driveStep	Effect4.Machine.driveStep	Effect4.Machine.RunEvent	callback.key
Effect4.Machine.driveStep	Effect4.Machine.driveStep	Effect4.Machine.RunEvent	callback.exit
Effect4.Machine.driveStep	Effect4.Machine.driveStep	Effect4.Machine.RunEvent	exited.fiber
Effect4.Machine.driveStep	Effect4.Machine.driveStep	Effect4.Machine.RunEvent	exited.exit
Effect4.Machine.driveStep	Effect4.Machine.driveStep	Effect4.Machine.Pending	token
Effect4.Machine.driveStep	Effect4.Machine.driveStep	Effect4.Machine.Race	programs
Effect4.Machine.driveStep	Effect4.Machine.driveStep	Effect4.Supervision.RaceAllState	accepted
Effect4.Machine.driveStep	Effect4.Machine.driveStep	Effect4.Machine.Race	state
Effect4.Machine.driveStep	Effect4.Machine.driveStep	Effect4.Machine.Race	host
Effect4.Machine.driveStep	Effect4.Machine.driveStep	Effect4.Machine.Race	nextSite
Effect4.Machine.driveStep	Effect4.Machine.driveStep	Effect4.Machine.Race	id
Effect4.Machine.driveStep	Effect4.Machine.driveStep	Effect4.Machine.Race	token
Effect4.Machine.driveStep	Effect4.Machine.driveStep	Effect4.Machine.Race	settled
Effect4.Machine.driveStep	Effect4.Machine.driveStep	Effect4.Machine.Race	registering
Effect4.Machine.driveStep	Effect4.Machine.driveStep	Effect4.Supervision.RaceAllState	unstarted
Effect4.Machine.driveStep	Effect4.Machine.driveStep	Effect4.Supervision.RaceAllState	starting
Effect4.Machine.driveStep	Effect4.Machine.driveStep	Effect4.Supervision.RaceAllState	live
Effect4.Machine.driveStep	Effect4.Machine.driveStep	Effect4.Supervision.RaceAllState	remaining
Effect4.Machine.driveStep	Effect4.Machine.driveStep	Effect4.Supervision.RaceAllState	failures
Effect4.Machine.driveStep	Effect4.Machine.driveStep	Effect4.Supervision.RaceAllState	winner
Effect4.Machine.driveStep	Effect4.Machine.driveStep	Effect4.Supervision.RaceAllState	cleanupNeeded
Effect4.Machine.driveStep	Effect4.Machine.driveStep	Effect4.Supervision.RaceAllState	requests
Effect4.Machine.driveStep	Effect4.Machine.driveStep	Effect4.Supervision.RaceAllState	cleanup
Effect4.Machine.driveStep	Effect4.Machine.driveStep	Effect4.Supervision.RaceAllState	cleanupRequested
Effect4.Machine.driveStep	Effect4.Machine.driveStep	Effect4.Machine.Pending	waitingOn
Effect4.Machine.driveStep	Effect4.Machine.driveStep	Effect4.Machine.Pending	remaining
Effect4.Machine.driveStep	Effect4.Machine.driveStep	Effect4.Machine.Pending	collected
Effect4.Machine.driveStep	Effect4.Machine.driveStep	Effect4.Machine.Pending	resumeWith
Effect4.Machine.driveStep	Effect4.Machine.driveStep	Effect4.Machine.Pending	failFast
Effect4.Machine.driveStep	Effect4.Machine.driveStep	Effect4.Machine.Resume	continueWith.name
Effect4.Machine.driveStep	Effect4.Machine.drainOwed._f	Effect4.Machine.Cmd	evaluate.fiber
Effect4.Machine.driveStep	Effect4.Machine.drainOwed._f	Effect4.Machine.Cmd	loop.fiber
Effect4.Machine.driveStep	Effect4.Machine.drainOwed._f	Effect4.Machine.Cmd	loop.yielding
Effect4.Machine.driveStep	Effect4.Machine.drainOwed._f	Effect4.Machine.Cmd	deliver.fiber
Effect4.Machine.driveStep	Effect4.Machine.drainOwed._f	Effect4.Machine.Cmd	deliver.yielding
Effect4.Machine.driveStep	Effect4.Machine.drainOwed._f	Effect4.Machine.Cmd	finish.fiber
Effect4.Machine.driveStep	Effect4.Machine.drainOwed._f	Effect4.Machine.Cmd	finish.exit
Effect4.Machine.driveStep	Effect4.Machine.drainOwed._f	Effect4.Machine.Cmd	resume.fiber
Effect4.Machine.driveStep	Effect4.Machine.drainOwed._f	Effect4.Machine.Cmd	resume.token
Effect4.Machine.driveStep	Effect4.Machine.drainOwed._f	Effect4.Machine.Cmd	resume.answer
Effect4.Machine.driveStep	Effect4.Machine.drainOwed._f	Effect4.Machine.Cmd	launch.race
Effect4.Machine.driveStep	Effect4.Machine.drainOwed._f	Effect4.Machine.Cmd	enrollRace.race
Effect4.Machine.driveStep	Effect4.Machine.drainOwed._f	Effect4.Machine.Cmd	enrollRace.child
Effect4.Machine.driveStep	Effect4.Machine.drainOwed._f	Effect4.Machine.Cmd	registrationDone.race
Effect4.Machine.driveStep	Effect4.Machine.drainOwed._f	Effect4.Machine.Cmd	registrationDone.yielding
Effect4.Machine.driveStep	Effect4.Machine.drainOwed._f	Effect4.Machine.Cmd	interruptTarget.target
Effect4.Machine.driveStep	Effect4.Machine.drainOwed._f	Effect4.Machine.Cmd	interruptTarget.who
Effect4.Machine.driveStep	Effect4.Machine.drainOwed._f	Effect4.Machine.Cmd	interruptTarget.extra
Effect4.Machine.driveStep	Effect4.Machine.drainOwed._f	Effect4.Machine.Cmd	afterInterrupt.host
Effect4.Machine.driveStep	Effect4.Machine.drainOwed._f	Effect4.Machine.Cmd	afterInterrupt.yielding
Effect4.Machine.driveStep	Effect4.Machine.drainOwed._f	Effect4.Machine.Cmd	afterInterrupt.kind
Effect4.Machine.driveStep	Effect4.Machine.drainOwed._f	Effect4.Machine.Cmd	raceCancel.race
Effect4.Machine.driveStep	Effect4.Machine.drainOwed._f	Effect4.Machine.Cmd	raceCancel.host
Effect4.Machine.driveStep	Effect4.Machine.drainOwed._f	Effect4.Machine.Cmd	raceCancel.yielding
Effect4.Machine.driveStep	Effect4.Machine.drainOwed._f	Effect4.Machine.Cmd	raceCancel.remaining
Effect4.Machine.driveStep	Effect4.Machine.drainOwed._f	Effect4.Machine.Cmd	raceCancel.visited
Effect4.Machine.driveStep	Effect4.Machine.drainOwed._f	Effect4.Machine.Cmd	trackChild.parent
Effect4.Machine.driveStep	Effect4.Machine.drainOwed._f	Effect4.Machine.Cmd	trackChild.child
Effect4.Machine.driveStep	Effect4.Machine.drainOwed._f	Effect4.Machine.Cmd	observe.fiber
Effect4.Machine.driveStep	Effect4.Machine.drainOwed._f	Effect4.Machine.Cmd	observe.exit
Effect4.Machine.driveStep	Effect4.Machine.drainOwed._f	Effect4.Machine.Cmd	observe.observer
Effect4.Machine.driveStep	Effect4.Machine.drainOwed._f	Effect4.Machine.Cmd	exitDone.fiber
Effect4.Machine.driveStep	Effect4.Machine.drainOwed._f	Effect4.Machine.Cmd	closeParAwait.host
Effect4.Machine.driveStep	Effect4.Machine.drainOwed._f	Effect4.Machine.Cmd	closeParAwait.yielding
Effect4.Machine.driveStep	Effect4.Machine.drainOwed._f	Effect4.Machine.Cmd	closeParAwait.fibers
Effect4.Machine.driveStep	Effect4.Machine.drainOwed._f	Effect4.Machine.Cmd	link.mode
Effect4.Machine.driveStep	Effect4.Machine.drainOwed._f	Effect4.Machine.Cmd	link.scope
Effect4.Machine.driveStep	Effect4.Machine.drainOwed._f	Effect4.Machine.Cmd	link.target
Effect4.Machine.driveStep	Effect4.Machine.drainOwed._f	Effect4.Machine.Cmd	link.interruptor
Effect4.Machine.driveStep	Effect4.Machine.drainOwed._f	Effect4.Machine.Cmd	link.extra
Effect4.Machine.driveStep	Effect4.Machine.drainOwed._f	Effect4.Machine.Cmd	wake.list
Effect4.Machine.driveStep	Effect4.Machine.drainOwed._f	Effect4.Machine.Cmd	wake.phase
Effect4.Machine.driveStep	Effect4.Machine.drainOwed._f	Effect4.Machine.Task	start.child
Effect4.Machine.driveStep	Effect4.Machine.drainOwed._f	Effect4.Machine.Task	resume.target
Effect4.Machine.driveStep	Effect4.Machine.drainOwed._f	Effect4.Machine.Task	resume.token
Effect4.Machine.driveStep	Effect4.Machine.drainOwed._f	Effect4.Machine.Task	resume.answer
Effect4.Machine.driveStep	Effect4.Machine.drainOwed._f	Effect4.Machine.Task	wake.list
Effect4.Machine.driveStep	Effect4.Machine.drainOwed._f	Effect4.Machine.Task	wake.phase
Effect4.Machine.driveStep	Effect4.Machine.RunMachine.postTask	Effect4.Machine.RunFiber	id
Effect4.Machine.driveStep	Effect4.Machine.RunMachine.postTask	Effect4.Machine.RunFiber	frame
Effect4.Machine.driveStep	Effect4.Machine.RunMachine.postTask	Effect4.Machine.RunFiber	running
Effect4.Machine.driveStep	Effect4.Machine.RunMachine.postTask	Effect4.Machine.RunFiber	parked
Effect4.Machine.driveStep	Effect4.Machine.RunMachine.postTask	Effect4.Machine.RunFiber	pending
Effect4.Machine.driveStep	Effect4.Machine.RunMachine.postTask	Effect4.Machine.RunFiber	finalizing
Effect4.Machine.driveStep	Effect4.Machine.RunMachine.postTask	Effect4.Machine.RunFiber	exit
Effect4.Machine.driveStep	Effect4.Machine.RunMachine.postTask	Effect4.Machine.RunFiber	currentOpCount
Effect4.Machine.driveStep	Effect4.Machine.RunMachine.postTask	Effect4.Machine.RunFiber	maxOpsBeforeYield
Effect4.Machine.driveStep	Effect4.Machine.RunMachine.postTask	Effect4.Machine.RunFiber	preventYield
Effect4.Machine.driveStep	Effect4.Machine.RunMachine.postTask	Effect4.Machine.RunFiber	yieldOverride
Effect4.Machine.driveStep	Effect4.Machine.RunMachine.postTask	Effect4.Machine.RunFiber	observers
Effect4.Machine.driveStep	Effect4.Machine.RunMachine.postTask	Effect4.Machine.RunFiber	children
Effect4.Machine.driveStep	Effect4.Machine.RunMachine.postTask	Effect4.Machine.RunFiber	dispatcher
Effect4.Machine.driveStep	Effect4.Machine.RunMachine.postTask	Effect4.Machine.RunFiber	context
Effect4.Machine.driveStep	Effect4.Machine.RunMachine.postTask	Effect4.Machine.RunFiber	origin
Effect4.Machine.driveStep	Effect4.Machine.RunMachine.postTask	Effect4.Machine.Task	start.child
Effect4.Machine.driveStep	Effect4.Machine.RunMachine.postTask	Effect4.Machine.Task	resume.target
Effect4.Machine.driveStep	Effect4.Machine.RunMachine.postTask	Effect4.Machine.Task	resume.token
Effect4.Machine.driveStep	Effect4.Machine.RunMachine.postTask	Effect4.Machine.Task	resume.answer
Effect4.Machine.driveStep	Effect4.Machine.RunMachine.postTask	Effect4.Machine.Task	wake.list
Effect4.Machine.driveStep	Effect4.Machine.RunMachine.postTask	Effect4.Machine.Task	wake.phase
Effect4.Machine.driveStep	Effect4.Machine.RunMachine.postTask	Effect4.Machine.RunEvent	forked.parent
Effect4.Machine.driveStep	Effect4.Machine.RunMachine.postTask	Effect4.Machine.RunEvent	forked.child
Effect4.Machine.driveStep	Effect4.Machine.RunMachine.postTask	Effect4.Machine.RunEvent	forked.daemon
Effect4.Machine.driveStep	Effect4.Machine.RunMachine.postTask	Effect4.Machine.RunEvent	started.fiber
Effect4.Machine.driveStep	Effect4.Machine.RunMachine.postTask	Effect4.Machine.RunEvent	scheduledTask.owner
Effect4.Machine.driveStep	Effect4.Machine.RunMachine.postTask	Effect4.Machine.RunEvent	scheduledTask.priority
Effect4.Machine.driveStep	Effect4.Machine.RunMachine.postTask	Effect4.Machine.RunEvent	scheduledTask.task
Effect4.Machine.driveStep	Effect4.Machine.RunMachine.postTask	Effect4.Machine.RunEvent	ranTask.owner
Effect4.Machine.driveStep	Effect4.Machine.RunMachine.postTask	Effect4.Machine.RunEvent	ranTask.task
Effect4.Machine.driveStep	Effect4.Machine.RunMachine.postTask	Effect4.Machine.RunEvent	yieldInjected.fiber
Effect4.Machine.driveStep	Effect4.Machine.RunMachine.postTask	Effect4.Machine.RunEvent	yieldInjected.atOp
Effect4.Machine.driveStep	Effect4.Machine.RunMachine.postTask	Effect4.Machine.RunEvent	parkedOn.fiber
Effect4.Machine.driveStep	Effect4.Machine.RunMachine.postTask	Effect4.Machine.RunEvent	parkedOn.token
Effect4.Machine.driveStep	Effect4.Machine.RunMachine.postTask	Effect4.Machine.RunEvent	resumedWith.fiber
Effect4.Machine.driveStep	Effect4.Machine.RunMachine.postTask	Effect4.Machine.RunEvent	resumedWith.token
Effect4.Machine.driveStep	Effect4.Machine.RunMachine.postTask	Effect4.Machine.RunEvent	resumedWith.answer
Effect4.Machine.driveStep	Effect4.Machine.RunMachine.postTask	Effect4.Machine.RunEvent	interruptRecorded.interruptor
Effect4.Machine.driveStep	Effect4.Machine.RunMachine.postTask	Effect4.Machine.RunEvent	interruptRecorded.target
Effect4.Machine.driveStep	Effect4.Machine.RunMachine.postTask	Effect4.Machine.RunEvent	interruptDeferred.target
Effect4.Machine.driveStep	Effect4.Machine.RunMachine.postTask	Effect4.Machine.RunEvent	childrenInterrupted.parent
Effect4.Machine.driveStep	Effect4.Machine.RunMachine.postTask	Effect4.Machine.RunEvent	childrenInterrupted.children
Effect4.Machine.driveStep	Effect4.Machine.RunMachine.postTask	Effect4.Machine.RunEvent	observerFired.fiber
Effect4.Machine.driveStep	Effect4.Machine.RunMachine.postTask	Effect4.Machine.RunEvent	observerFired.observer
Effect4.Machine.driveStep	Effect4.Machine.RunMachine.postTask	Effect4.Machine.RunEvent	frame.fiber
Effect4.Machine.driveStep	Effect4.Machine.RunMachine.postTask	Effect4.Machine.RunEvent	frame.event
Effect4.Machine.driveStep	Effect4.Machine.RunMachine.postTask	Effect4.Machine.RunEvent	finalizerProgram.fiber
Effect4.Machine.driveStep	Effect4.Machine.RunMachine.postTask	Effect4.Machine.RunEvent	finalizerProgram.finalizer
Effect4.Machine.driveStep	Effect4.Machine.RunMachine.postTask	Effect4.Machine.RunEvent	finalizerProgram.exit
Effect4.Machine.driveStep	Effect4.Machine.RunMachine.postTask	Effect4.Machine.RunEvent	scopeLinked.mode
Effect4.Machine.driveStep	Effect4.Machine.RunMachine.postTask	Effect4.Machine.RunEvent	scopeLinked.scope
Effect4.Machine.driveStep	Effect4.Machine.RunMachine.postTask	Effect4.Machine.RunEvent	scopeLinked.key
Effect4.Machine.driveStep	Effect4.Machine.RunMachine.postTask	Effect4.Machine.RunEvent	scopeLinked.fiber
Effect4.Machine.driveStep	Effect4.Machine.RunMachine.postTask	Effect4.Machine.RunEvent	scopeClosedOnLink.scope
Effect4.Machine.driveStep	Effect4.Machine.RunMachine.postTask	Effect4.Machine.RunEvent	scopeClosedOnLink.fiber
Effect4.Machine.driveStep	Effect4.Machine.RunMachine.postTask	Effect4.Machine.RunEvent	raceStarted.race
Effect4.Machine.driveStep	Effect4.Machine.RunMachine.postTask	Effect4.Machine.RunEvent	raceStarted.host
Effect4.Machine.driveStep	Effect4.Machine.RunMachine.postTask	Effect4.Machine.RunEvent	raceStarted.entrants
Effect4.Machine.driveStep	Effect4.Machine.RunMachine.postTask	Effect4.Machine.RunEvent	raceLaunched.race
Effect4.Machine.driveStep	Effect4.Machine.RunMachine.postTask	Effect4.Machine.RunEvent	raceLaunched.entrant
Effect4.Machine.driveStep	Effect4.Machine.RunMachine.postTask	Effect4.Machine.RunEvent	raceSettled.race
Effect4.Machine.driveStep	Effect4.Machine.RunMachine.postTask	Effect4.Machine.RunEvent	raceSettled.exit
Effect4.Machine.driveStep	Effect4.Machine.RunMachine.postTask	Effect4.Machine.RunEvent	contextSet.fiber
Effect4.Machine.driveStep	Effect4.Machine.RunMachine.postTask	Effect4.Machine.RunEvent	contextSet.context
Effect4.Machine.driveStep	Effect4.Machine.RunMachine.postTask	Effect4.Machine.RunEvent	callback.key
Effect4.Machine.driveStep	Effect4.Machine.RunMachine.postTask	Effect4.Machine.RunEvent	callback.exit
Effect4.Machine.driveStep	Effect4.Machine.RunMachine.postTask	Effect4.Machine.RunEvent	exited.fiber
Effect4.Machine.driveStep	Effect4.Machine.RunMachine.postTask	Effect4.Machine.RunEvent	exited.exit
Effect4.Machine.driveStep	Effect4.Machine.RunFiber.origin	Effect4.Machine.RunFiber	origin
Effect4.Machine.driveStep	Effect4.Machine.RunFiber.context	Effect4.Machine.RunFiber	context
Effect4.Machine.driveStep	Effect4.Machine.RunFiber.dispatcher	Effect4.Machine.RunFiber	dispatcher
Effect4.Machine.driveStep	Effect4.Machine.Dispatcher.enqueue	Effect4.Machine.Task	start.child
Effect4.Machine.driveStep	Effect4.Machine.Dispatcher.enqueue	Effect4.Machine.Task	resume.target
Effect4.Machine.driveStep	Effect4.Machine.Dispatcher.enqueue	Effect4.Machine.Task	resume.token
Effect4.Machine.driveStep	Effect4.Machine.Dispatcher.enqueue	Effect4.Machine.Task	resume.answer
Effect4.Machine.driveStep	Effect4.Machine.Dispatcher.enqueue	Effect4.Machine.Task	wake.list
Effect4.Machine.driveStep	Effect4.Machine.Dispatcher.enqueue	Effect4.Machine.Task	wake.phase
Effect4.Machine.driveStep	Effect4.Machine.Dispatcher.insert	Effect4.Machine.Task	start.child
Effect4.Machine.driveStep	Effect4.Machine.Dispatcher.insert	Effect4.Machine.Task	resume.target
Effect4.Machine.driveStep	Effect4.Machine.Dispatcher.insert	Effect4.Machine.Task	resume.token
Effect4.Machine.driveStep	Effect4.Machine.Dispatcher.insert	Effect4.Machine.Task	resume.answer
Effect4.Machine.driveStep	Effect4.Machine.Dispatcher.insert	Effect4.Machine.Task	wake.list
Effect4.Machine.driveStep	Effect4.Machine.Dispatcher.insert	Effect4.Machine.Task	wake.phase
Effect4.Machine.driveStep	Effect4.Machine.Dispatcher.insert._f	Effect4.Machine.Task	start.child
Effect4.Machine.driveStep	Effect4.Machine.Dispatcher.insert._f	Effect4.Machine.Task	resume.target
Effect4.Machine.driveStep	Effect4.Machine.Dispatcher.insert._f	Effect4.Machine.Task	resume.token
Effect4.Machine.driveStep	Effect4.Machine.Dispatcher.insert._f	Effect4.Machine.Task	resume.answer
Effect4.Machine.driveStep	Effect4.Machine.Dispatcher.insert._f	Effect4.Machine.Task	wake.list
Effect4.Machine.driveStep	Effect4.Machine.Dispatcher.insert._f	Effect4.Machine.Task	wake.phase
Effect4.Machine.driveStep	Effect4.Machine.RunFiber.children	Effect4.Machine.RunFiber	children
Effect4.Machine.driveStep	Effect4.Machine.RunFiber.observers	Effect4.Machine.RunFiber	observers
Effect4.Machine.driveStep	Effect4.Machine.RunFiber.yieldOverride	Effect4.Machine.RunFiber	yieldOverride
Effect4.Machine.driveStep	Effect4.Machine.RunFiber.preventYield	Effect4.Machine.RunFiber	preventYield
Effect4.Machine.driveStep	Effect4.Machine.RunFiber.maxOpsBeforeYield	Effect4.Machine.RunFiber	maxOpsBeforeYield
Effect4.Machine.driveStep	Effect4.Machine.RunFiber.currentOpCount	Effect4.Machine.RunFiber	currentOpCount
Effect4.Machine.driveStep	Effect4.Machine.RunFiber.exit	Effect4.Machine.RunFiber	exit
Effect4.Machine.driveStep	Effect4.Machine.RunFiber.finalizing	Effect4.Machine.RunFiber	finalizing
Effect4.Machine.driveStep	Effect4.Machine.RunFiber.pending	Effect4.Machine.RunFiber	pending
Effect4.Machine.driveStep	Effect4.Machine.RunFiber.parked	Effect4.Machine.RunFiber	parked
Effect4.Machine.driveStep	Effect4.Machine.RunFiber.running	Effect4.Machine.RunFiber	running
Effect4.Machine.driveStep	Effect4.Machine.RunFiber.frame	Effect4.Machine.RunFiber	frame
Effect4.Machine.driveStep	Effect4.Machine.RunFiber.id	Effect4.Machine.RunFiber	id
Effect4.Machine.driveStep	Effect4.Machine.RunMachine.update	Effect4.Machine.RunFiber	id
Effect4.Machine.driveStep	Effect4.Machine.RunMachine.update	Effect4.Machine.RunFiber	frame
Effect4.Machine.driveStep	Effect4.Machine.RunMachine.update	Effect4.Machine.RunFiber	running
Effect4.Machine.driveStep	Effect4.Machine.RunMachine.update	Effect4.Machine.RunFiber	parked
Effect4.Machine.driveStep	Effect4.Machine.RunMachine.update	Effect4.Machine.RunFiber	pending
Effect4.Machine.driveStep	Effect4.Machine.RunMachine.update	Effect4.Machine.RunFiber	finalizing
Effect4.Machine.driveStep	Effect4.Machine.RunMachine.update	Effect4.Machine.RunFiber	exit
Effect4.Machine.driveStep	Effect4.Machine.RunMachine.update	Effect4.Machine.RunFiber	currentOpCount
Effect4.Machine.driveStep	Effect4.Machine.RunMachine.update	Effect4.Machine.RunFiber	maxOpsBeforeYield
Effect4.Machine.driveStep	Effect4.Machine.RunMachine.update	Effect4.Machine.RunFiber	preventYield
Effect4.Machine.driveStep	Effect4.Machine.RunMachine.update	Effect4.Machine.RunFiber	yieldOverride
Effect4.Machine.driveStep	Effect4.Machine.RunMachine.update	Effect4.Machine.RunFiber	observers
Effect4.Machine.driveStep	Effect4.Machine.RunMachine.update	Effect4.Machine.RunFiber	children
Effect4.Machine.driveStep	Effect4.Machine.RunMachine.update	Effect4.Machine.RunFiber	dispatcher
Effect4.Machine.driveStep	Effect4.Machine.RunMachine.update	Effect4.Machine.RunFiber	context
Effect4.Machine.driveStep	Effect4.Machine.RunMachine.update	Effect4.Machine.RunFiber	origin
Effect4.Machine.driveStep	Effect4.Machine.RunMachine.fiber?	Effect4.Machine.RunFiber	id
Effect4.Machine.driveStep	Effect4.Machine.RunMachine.modify.match_1	Effect4.Machine.RunFiber	id
Effect4.Machine.driveStep	Effect4.Machine.RunMachine.modify.match_1	Effect4.Machine.RunFiber	frame
Effect4.Machine.driveStep	Effect4.Machine.RunMachine.modify.match_1	Effect4.Machine.RunFiber	running
Effect4.Machine.driveStep	Effect4.Machine.RunMachine.modify.match_1	Effect4.Machine.RunFiber	parked
Effect4.Machine.driveStep	Effect4.Machine.RunMachine.modify.match_1	Effect4.Machine.RunFiber	pending
Effect4.Machine.driveStep	Effect4.Machine.RunMachine.modify.match_1	Effect4.Machine.RunFiber	finalizing
Effect4.Machine.driveStep	Effect4.Machine.RunMachine.modify.match_1	Effect4.Machine.RunFiber	exit
Effect4.Machine.driveStep	Effect4.Machine.RunMachine.modify.match_1	Effect4.Machine.RunFiber	currentOpCount
Effect4.Machine.driveStep	Effect4.Machine.RunMachine.modify.match_1	Effect4.Machine.RunFiber	maxOpsBeforeYield
Effect4.Machine.driveStep	Effect4.Machine.RunMachine.modify.match_1	Effect4.Machine.RunFiber	preventYield
Effect4.Machine.driveStep	Effect4.Machine.RunMachine.modify.match_1	Effect4.Machine.RunFiber	yieldOverride
Effect4.Machine.driveStep	Effect4.Machine.RunMachine.modify.match_1	Effect4.Machine.RunFiber	observers
Effect4.Machine.driveStep	Effect4.Machine.RunMachine.modify.match_1	Effect4.Machine.RunFiber	children
Effect4.Machine.driveStep	Effect4.Machine.RunMachine.modify.match_1	Effect4.Machine.RunFiber	dispatcher
Effect4.Machine.driveStep	Effect4.Machine.RunMachine.modify.match_1	Effect4.Machine.RunFiber	context
Effect4.Machine.driveStep	Effect4.Machine.RunMachine.modify.match_1	Effect4.Machine.RunFiber	origin
Effect4.Machine.driveStep	Effect4.Machine.exitFiber	Effect4.Machine.RunFiber	finalizing
Effect4.Machine.driveStep	Effect4.Machine.exitFiber	Effect4.Machine.RunFiber	children
Effect4.Machine.driveStep	Effect4.Machine.exitFiber	Effect4.Machine.RunFiber	id
Effect4.Machine.driveStep	Effect4.Machine.exitFiber	Effect4.Machine.RunFiber	frame
Effect4.Machine.driveStep	Effect4.Machine.exitFiber	Effect4.Machine.RunFiber	running
Effect4.Machine.driveStep	Effect4.Machine.exitFiber	Effect4.Machine.RunFiber	parked
Effect4.Machine.driveStep	Effect4.Machine.exitFiber	Effect4.Machine.RunFiber	pending
Effect4.Machine.driveStep	Effect4.Machine.exitFiber	Effect4.Machine.RunFiber	exit
Effect4.Machine.driveStep	Effect4.Machine.exitFiber	Effect4.Machine.RunFiber	currentOpCount
Effect4.Machine.driveStep	Effect4.Machine.exitFiber	Effect4.Machine.RunFiber	maxOpsBeforeYield
Effect4.Machine.driveStep	Effect4.Machine.exitFiber	Effect4.Machine.RunFiber	preventYield
Effect4.Machine.driveStep	Effect4.Machine.exitFiber	Effect4.Machine.RunFiber	yieldOverride
Effect4.Machine.driveStep	Effect4.Machine.exitFiber	Effect4.Machine.RunFiber	observers
Effect4.Machine.driveStep	Effect4.Machine.exitFiber	Effect4.Machine.RunFiber	dispatcher
Effect4.Machine.driveStep	Effect4.Machine.exitFiber	Effect4.Machine.RunFiber	context
Effect4.Machine.driveStep	Effect4.Machine.exitFiber	Effect4.Machine.RunFiber	origin
Effect4.Machine.driveStep	Effect4.Machine.exitFiber.exitStore	Effect4.Machine.RunFiber	id
Effect4.Machine.driveStep	Effect4.Machine.exitFiber.exitStore	Effect4.Machine.RunFiber	frame
Effect4.Machine.driveStep	Effect4.Machine.exitFiber.exitStore	Effect4.Machine.RunFiber	running
Effect4.Machine.driveStep	Effect4.Machine.exitFiber.exitStore	Effect4.Machine.RunFiber	parked
Effect4.Machine.driveStep	Effect4.Machine.exitFiber.exitStore	Effect4.Machine.RunFiber	pending
Effect4.Machine.driveStep	Effect4.Machine.exitFiber.exitStore	Effect4.Machine.RunFiber	finalizing
Effect4.Machine.driveStep	Effect4.Machine.exitFiber.exitStore	Effect4.Machine.RunFiber	exit
Effect4.Machine.driveStep	Effect4.Machine.exitFiber.exitStore	Effect4.Machine.RunFiber	currentOpCount
Effect4.Machine.driveStep	Effect4.Machine.exitFiber.exitStore	Effect4.Machine.RunFiber	maxOpsBeforeYield
Effect4.Machine.driveStep	Effect4.Machine.exitFiber.exitStore	Effect4.Machine.RunFiber	preventYield
Effect4.Machine.driveStep	Effect4.Machine.exitFiber.exitStore	Effect4.Machine.RunFiber	yieldOverride
Effect4.Machine.driveStep	Effect4.Machine.exitFiber.exitStore	Effect4.Machine.RunFiber	observers
Effect4.Machine.driveStep	Effect4.Machine.exitFiber.exitStore	Effect4.Machine.RunFiber	children
Effect4.Machine.driveStep	Effect4.Machine.exitFiber.exitStore	Effect4.Machine.RunFiber	dispatcher
Effect4.Machine.driveStep	Effect4.Machine.exitFiber.exitStore	Effect4.Machine.RunFiber	context
Effect4.Machine.driveStep	Effect4.Machine.exitFiber.exitStore	Effect4.Machine.RunFiber	origin
Effect4.Machine.driveStep	Effect4.Machine.exitFiber.exitStore	Effect4.Machine.RunEvent	forked.parent
Effect4.Machine.driveStep	Effect4.Machine.exitFiber.exitStore	Effect4.Machine.RunEvent	forked.child
Effect4.Machine.driveStep	Effect4.Machine.exitFiber.exitStore	Effect4.Machine.RunEvent	forked.daemon
Effect4.Machine.driveStep	Effect4.Machine.exitFiber.exitStore	Effect4.Machine.RunEvent	started.fiber
Effect4.Machine.driveStep	Effect4.Machine.exitFiber.exitStore	Effect4.Machine.RunEvent	scheduledTask.owner
Effect4.Machine.driveStep	Effect4.Machine.exitFiber.exitStore	Effect4.Machine.RunEvent	scheduledTask.priority
Effect4.Machine.driveStep	Effect4.Machine.exitFiber.exitStore	Effect4.Machine.RunEvent	scheduledTask.task
Effect4.Machine.driveStep	Effect4.Machine.exitFiber.exitStore	Effect4.Machine.RunEvent	ranTask.owner
Effect4.Machine.driveStep	Effect4.Machine.exitFiber.exitStore	Effect4.Machine.RunEvent	ranTask.task
Effect4.Machine.driveStep	Effect4.Machine.exitFiber.exitStore	Effect4.Machine.RunEvent	yieldInjected.fiber
Effect4.Machine.driveStep	Effect4.Machine.exitFiber.exitStore	Effect4.Machine.RunEvent	yieldInjected.atOp
Effect4.Machine.driveStep	Effect4.Machine.exitFiber.exitStore	Effect4.Machine.RunEvent	parkedOn.fiber
Effect4.Machine.driveStep	Effect4.Machine.exitFiber.exitStore	Effect4.Machine.RunEvent	parkedOn.token
Effect4.Machine.driveStep	Effect4.Machine.exitFiber.exitStore	Effect4.Machine.RunEvent	resumedWith.fiber
Effect4.Machine.driveStep	Effect4.Machine.exitFiber.exitStore	Effect4.Machine.RunEvent	resumedWith.token
Effect4.Machine.driveStep	Effect4.Machine.exitFiber.exitStore	Effect4.Machine.RunEvent	resumedWith.answer
Effect4.Machine.driveStep	Effect4.Machine.exitFiber.exitStore	Effect4.Machine.RunEvent	interruptRecorded.interruptor
Effect4.Machine.driveStep	Effect4.Machine.exitFiber.exitStore	Effect4.Machine.RunEvent	interruptRecorded.target
Effect4.Machine.driveStep	Effect4.Machine.exitFiber.exitStore	Effect4.Machine.RunEvent	interruptDeferred.target
Effect4.Machine.driveStep	Effect4.Machine.exitFiber.exitStore	Effect4.Machine.RunEvent	childrenInterrupted.parent
Effect4.Machine.driveStep	Effect4.Machine.exitFiber.exitStore	Effect4.Machine.RunEvent	childrenInterrupted.children
Effect4.Machine.driveStep	Effect4.Machine.exitFiber.exitStore	Effect4.Machine.RunEvent	observerFired.fiber
Effect4.Machine.driveStep	Effect4.Machine.exitFiber.exitStore	Effect4.Machine.RunEvent	observerFired.observer
Effect4.Machine.driveStep	Effect4.Machine.exitFiber.exitStore	Effect4.Machine.RunEvent	frame.fiber
Effect4.Machine.driveStep	Effect4.Machine.exitFiber.exitStore	Effect4.Machine.RunEvent	frame.event
Effect4.Machine.driveStep	Effect4.Machine.exitFiber.exitStore	Effect4.Machine.RunEvent	finalizerProgram.fiber
Effect4.Machine.driveStep	Effect4.Machine.exitFiber.exitStore	Effect4.Machine.RunEvent	finalizerProgram.finalizer
Effect4.Machine.driveStep	Effect4.Machine.exitFiber.exitStore	Effect4.Machine.RunEvent	finalizerProgram.exit
Effect4.Machine.driveStep	Effect4.Machine.exitFiber.exitStore	Effect4.Machine.RunEvent	scopeLinked.mode
Effect4.Machine.driveStep	Effect4.Machine.exitFiber.exitStore	Effect4.Machine.RunEvent	scopeLinked.scope
Effect4.Machine.driveStep	Effect4.Machine.exitFiber.exitStore	Effect4.Machine.RunEvent	scopeLinked.key
Effect4.Machine.driveStep	Effect4.Machine.exitFiber.exitStore	Effect4.Machine.RunEvent	scopeLinked.fiber
Effect4.Machine.driveStep	Effect4.Machine.exitFiber.exitStore	Effect4.Machine.RunEvent	scopeClosedOnLink.scope
Effect4.Machine.driveStep	Effect4.Machine.exitFiber.exitStore	Effect4.Machine.RunEvent	scopeClosedOnLink.fiber
Effect4.Machine.driveStep	Effect4.Machine.exitFiber.exitStore	Effect4.Machine.RunEvent	raceStarted.race
Effect4.Machine.driveStep	Effect4.Machine.exitFiber.exitStore	Effect4.Machine.RunEvent	raceStarted.host
Effect4.Machine.driveStep	Effect4.Machine.exitFiber.exitStore	Effect4.Machine.RunEvent	raceStarted.entrants
Effect4.Machine.driveStep	Effect4.Machine.exitFiber.exitStore	Effect4.Machine.RunEvent	raceLaunched.race
Effect4.Machine.driveStep	Effect4.Machine.exitFiber.exitStore	Effect4.Machine.RunEvent	raceLaunched.entrant
Effect4.Machine.driveStep	Effect4.Machine.exitFiber.exitStore	Effect4.Machine.RunEvent	raceSettled.race
Effect4.Machine.driveStep	Effect4.Machine.exitFiber.exitStore	Effect4.Machine.RunEvent	raceSettled.exit
Effect4.Machine.driveStep	Effect4.Machine.exitFiber.exitStore	Effect4.Machine.RunEvent	contextSet.fiber
Effect4.Machine.driveStep	Effect4.Machine.exitFiber.exitStore	Effect4.Machine.RunEvent	contextSet.context
Effect4.Machine.driveStep	Effect4.Machine.exitFiber.exitStore	Effect4.Machine.RunEvent	callback.key
Effect4.Machine.driveStep	Effect4.Machine.exitFiber.exitStore	Effect4.Machine.RunEvent	callback.exit
Effect4.Machine.driveStep	Effect4.Machine.exitFiber.exitStore	Effect4.Machine.RunEvent	exited.fiber
Effect4.Machine.driveStep	Effect4.Machine.exitFiber.exitStore	Effect4.Machine.RunEvent	exited.exit
Effect4.Machine.driveStep	Effect4.Machine.exitFiber.exitStore	Effect4.Machine.Cmd	evaluate.fiber
Effect4.Machine.driveStep	Effect4.Machine.exitFiber.exitStore	Effect4.Machine.Cmd	loop.fiber
Effect4.Machine.driveStep	Effect4.Machine.exitFiber.exitStore	Effect4.Machine.Cmd	loop.yielding
Effect4.Machine.driveStep	Effect4.Machine.exitFiber.exitStore	Effect4.Machine.Cmd	deliver.fiber
Effect4.Machine.driveStep	Effect4.Machine.exitFiber.exitStore	Effect4.Machine.Cmd	deliver.yielding
Effect4.Machine.driveStep	Effect4.Machine.exitFiber.exitStore	Effect4.Machine.Cmd	finish.fiber
Effect4.Machine.driveStep	Effect4.Machine.exitFiber.exitStore	Effect4.Machine.Cmd	finish.exit
Effect4.Machine.driveStep	Effect4.Machine.exitFiber.exitStore	Effect4.Machine.Cmd	resume.fiber
Effect4.Machine.driveStep	Effect4.Machine.exitFiber.exitStore	Effect4.Machine.Cmd	resume.token
Effect4.Machine.driveStep	Effect4.Machine.exitFiber.exitStore	Effect4.Machine.Cmd	resume.answer
Effect4.Machine.driveStep	Effect4.Machine.exitFiber.exitStore	Effect4.Machine.Cmd	launch.race
Effect4.Machine.driveStep	Effect4.Machine.exitFiber.exitStore	Effect4.Machine.Cmd	enrollRace.race
Effect4.Machine.driveStep	Effect4.Machine.exitFiber.exitStore	Effect4.Machine.Cmd	enrollRace.child
Effect4.Machine.driveStep	Effect4.Machine.exitFiber.exitStore	Effect4.Machine.Cmd	registrationDone.race
Effect4.Machine.driveStep	Effect4.Machine.exitFiber.exitStore	Effect4.Machine.Cmd	registrationDone.yielding
Effect4.Machine.driveStep	Effect4.Machine.exitFiber.exitStore	Effect4.Machine.Cmd	interruptTarget.target
Effect4.Machine.driveStep	Effect4.Machine.exitFiber.exitStore	Effect4.Machine.Cmd	interruptTarget.who
Effect4.Machine.driveStep	Effect4.Machine.exitFiber.exitStore	Effect4.Machine.Cmd	interruptTarget.extra
Effect4.Machine.driveStep	Effect4.Machine.exitFiber.exitStore	Effect4.Machine.Cmd	afterInterrupt.host
Effect4.Machine.driveStep	Effect4.Machine.exitFiber.exitStore	Effect4.Machine.Cmd	afterInterrupt.yielding
Effect4.Machine.driveStep	Effect4.Machine.exitFiber.exitStore	Effect4.Machine.Cmd	afterInterrupt.kind
Effect4.Machine.driveStep	Effect4.Machine.exitFiber.exitStore	Effect4.Machine.Cmd	raceCancel.race
Effect4.Machine.driveStep	Effect4.Machine.exitFiber.exitStore	Effect4.Machine.Cmd	raceCancel.host
Effect4.Machine.driveStep	Effect4.Machine.exitFiber.exitStore	Effect4.Machine.Cmd	raceCancel.yielding
Effect4.Machine.driveStep	Effect4.Machine.exitFiber.exitStore	Effect4.Machine.Cmd	raceCancel.remaining
Effect4.Machine.driveStep	Effect4.Machine.exitFiber.exitStore	Effect4.Machine.Cmd	raceCancel.visited
Effect4.Machine.driveStep	Effect4.Machine.exitFiber.exitStore	Effect4.Machine.Cmd	trackChild.parent
Effect4.Machine.driveStep	Effect4.Machine.exitFiber.exitStore	Effect4.Machine.Cmd	trackChild.child
Effect4.Machine.driveStep	Effect4.Machine.exitFiber.exitStore	Effect4.Machine.Cmd	observe.fiber
Effect4.Machine.driveStep	Effect4.Machine.exitFiber.exitStore	Effect4.Machine.Cmd	observe.exit
Effect4.Machine.driveStep	Effect4.Machine.exitFiber.exitStore	Effect4.Machine.Cmd	observe.observer
Effect4.Machine.driveStep	Effect4.Machine.exitFiber.exitStore	Effect4.Machine.Cmd	exitDone.fiber
Effect4.Machine.driveStep	Effect4.Machine.exitFiber.exitStore	Effect4.Machine.Cmd	closeParAwait.host
Effect4.Machine.driveStep	Effect4.Machine.exitFiber.exitStore	Effect4.Machine.Cmd	closeParAwait.yielding
Effect4.Machine.driveStep	Effect4.Machine.exitFiber.exitStore	Effect4.Machine.Cmd	closeParAwait.fibers
Effect4.Machine.driveStep	Effect4.Machine.exitFiber.exitStore	Effect4.Machine.Cmd	link.mode
Effect4.Machine.driveStep	Effect4.Machine.exitFiber.exitStore	Effect4.Machine.Cmd	link.scope
Effect4.Machine.driveStep	Effect4.Machine.exitFiber.exitStore	Effect4.Machine.Cmd	link.target
Effect4.Machine.driveStep	Effect4.Machine.exitFiber.exitStore	Effect4.Machine.Cmd	link.interruptor
Effect4.Machine.driveStep	Effect4.Machine.exitFiber.exitStore	Effect4.Machine.Cmd	link.extra
Effect4.Machine.driveStep	Effect4.Machine.exitFiber.exitStore	Effect4.Machine.Cmd	wake.list
Effect4.Machine.driveStep	Effect4.Machine.exitFiber.exitStore	Effect4.Machine.Cmd	wake.phase
Effect4.Machine.driveStep	Effect4.Machine.RunFiber.cleared	Effect4.Machine.RunFiber	id
Effect4.Machine.driveStep	Effect4.Machine.RunFiber.cleared	Effect4.Machine.RunFiber	frame
Effect4.Machine.driveStep	Effect4.Machine.RunFiber.cleared	Effect4.Machine.RunFiber	running
Effect4.Machine.driveStep	Effect4.Machine.RunFiber.cleared	Effect4.Machine.RunFiber	parked
Effect4.Machine.driveStep	Effect4.Machine.RunFiber.cleared	Effect4.Machine.RunFiber	pending
Effect4.Machine.driveStep	Effect4.Machine.RunFiber.cleared	Effect4.Machine.RunFiber	finalizing
Effect4.Machine.driveStep	Effect4.Machine.RunFiber.cleared	Effect4.Machine.RunFiber	exit
Effect4.Machine.driveStep	Effect4.Machine.RunFiber.cleared	Effect4.Machine.RunFiber	currentOpCount
Effect4.Machine.driveStep	Effect4.Machine.RunFiber.cleared	Effect4.Machine.RunFiber	maxOpsBeforeYield
Effect4.Machine.driveStep	Effect4.Machine.RunFiber.cleared	Effect4.Machine.RunFiber	preventYield
Effect4.Machine.driveStep	Effect4.Machine.RunFiber.cleared	Effect4.Machine.RunFiber	yieldOverride
Effect4.Machine.driveStep	Effect4.Machine.RunFiber.cleared	Effect4.Machine.RunFiber	observers
Effect4.Machine.driveStep	Effect4.Machine.RunFiber.cleared	Effect4.Machine.RunFiber	children
Effect4.Machine.driveStep	Effect4.Machine.RunFiber.cleared	Effect4.Machine.RunFiber	dispatcher
Effect4.Machine.driveStep	Effect4.Machine.RunFiber.cleared	Effect4.Machine.RunFiber	context
Effect4.Machine.driveStep	Effect4.Machine.RunFiber.cleared	Effect4.Machine.RunFiber	origin
Effect4.Machine.driveStep	Effect4.Machine.RunFiber.publish	Effect4.Machine.RunFiber	id
Effect4.Machine.driveStep	Effect4.Machine.RunFiber.publish	Effect4.Machine.RunFiber	frame
Effect4.Machine.driveStep	Effect4.Machine.RunFiber.publish	Effect4.Machine.RunFiber	running
Effect4.Machine.driveStep	Effect4.Machine.RunFiber.publish	Effect4.Machine.RunFiber	parked
Effect4.Machine.driveStep	Effect4.Machine.RunFiber.publish	Effect4.Machine.RunFiber	pending
Effect4.Machine.driveStep	Effect4.Machine.RunFiber.publish	Effect4.Machine.RunFiber	finalizing
Effect4.Machine.driveStep	Effect4.Machine.RunFiber.publish	Effect4.Machine.RunFiber	exit
Effect4.Machine.driveStep	Effect4.Machine.RunFiber.publish	Effect4.Machine.RunFiber	currentOpCount
Effect4.Machine.driveStep	Effect4.Machine.RunFiber.publish	Effect4.Machine.RunFiber	maxOpsBeforeYield
Effect4.Machine.driveStep	Effect4.Machine.RunFiber.publish	Effect4.Machine.RunFiber	preventYield
Effect4.Machine.driveStep	Effect4.Machine.RunFiber.publish	Effect4.Machine.RunFiber	yieldOverride
Effect4.Machine.driveStep	Effect4.Machine.RunFiber.publish	Effect4.Machine.RunFiber	observers
Effect4.Machine.driveStep	Effect4.Machine.RunFiber.publish	Effect4.Machine.RunFiber	children
Effect4.Machine.driveStep	Effect4.Machine.RunFiber.publish	Effect4.Machine.RunFiber	dispatcher
Effect4.Machine.driveStep	Effect4.Machine.RunFiber.publish	Effect4.Machine.RunFiber	context
Effect4.Machine.driveStep	Effect4.Machine.RunFiber.publish	Effect4.Machine.RunFiber	origin
Effect4.Machine.driveStep	Effect4.Machine.exitFiber.exitInterruptChildren	Effect4.Machine.RunFiber	children
Effect4.Machine.driveStep	Effect4.Machine.exitFiber.exitInterruptChildren	Effect4.Machine.RunFiber	id
Effect4.Machine.driveStep	Effect4.Machine.exitFiber.exitInterruptChildren	Effect4.Machine.RunFiber	frame
Effect4.Machine.driveStep	Effect4.Machine.exitFiber.exitInterruptChildren	Effect4.Machine.RunFiber	running
Effect4.Machine.driveStep	Effect4.Machine.exitFiber.exitInterruptChildren	Effect4.Machine.RunFiber	parked
Effect4.Machine.driveStep	Effect4.Machine.exitFiber.exitInterruptChildren	Effect4.Machine.RunFiber	pending
Effect4.Machine.driveStep	Effect4.Machine.exitFiber.exitInterruptChildren	Effect4.Machine.RunFiber	finalizing
Effect4.Machine.driveStep	Effect4.Machine.exitFiber.exitInterruptChildren	Effect4.Machine.RunFiber	exit
Effect4.Machine.driveStep	Effect4.Machine.exitFiber.exitInterruptChildren	Effect4.Machine.RunFiber	currentOpCount
Effect4.Machine.driveStep	Effect4.Machine.exitFiber.exitInterruptChildren	Effect4.Machine.RunFiber	maxOpsBeforeYield
Effect4.Machine.driveStep	Effect4.Machine.exitFiber.exitInterruptChildren	Effect4.Machine.RunFiber	preventYield
Effect4.Machine.driveStep	Effect4.Machine.exitFiber.exitInterruptChildren	Effect4.Machine.RunFiber	yieldOverride
Effect4.Machine.driveStep	Effect4.Machine.exitFiber.exitInterruptChildren	Effect4.Machine.RunFiber	observers
Effect4.Machine.driveStep	Effect4.Machine.exitFiber.exitInterruptChildren	Effect4.Machine.RunFiber	dispatcher
Effect4.Machine.driveStep	Effect4.Machine.exitFiber.exitInterruptChildren	Effect4.Machine.RunFiber	context
Effect4.Machine.driveStep	Effect4.Machine.exitFiber.exitInterruptChildren	Effect4.Machine.RunFiber	origin
Effect4.Machine.driveStep	Effect4.Machine.exitFiber.exitInterruptChildren	Effect4.Machine.RunEvent	forked.parent
Effect4.Machine.driveStep	Effect4.Machine.exitFiber.exitInterruptChildren	Effect4.Machine.RunEvent	forked.child
Effect4.Machine.driveStep	Effect4.Machine.exitFiber.exitInterruptChildren	Effect4.Machine.RunEvent	forked.daemon
Effect4.Machine.driveStep	Effect4.Machine.exitFiber.exitInterruptChildren	Effect4.Machine.RunEvent	started.fiber
Effect4.Machine.driveStep	Effect4.Machine.exitFiber.exitInterruptChildren	Effect4.Machine.RunEvent	scheduledTask.owner
Effect4.Machine.driveStep	Effect4.Machine.exitFiber.exitInterruptChildren	Effect4.Machine.RunEvent	scheduledTask.priority
Effect4.Machine.driveStep	Effect4.Machine.exitFiber.exitInterruptChildren	Effect4.Machine.RunEvent	scheduledTask.task
Effect4.Machine.driveStep	Effect4.Machine.exitFiber.exitInterruptChildren	Effect4.Machine.RunEvent	ranTask.owner
Effect4.Machine.driveStep	Effect4.Machine.exitFiber.exitInterruptChildren	Effect4.Machine.RunEvent	ranTask.task
Effect4.Machine.driveStep	Effect4.Machine.exitFiber.exitInterruptChildren	Effect4.Machine.RunEvent	yieldInjected.fiber
Effect4.Machine.driveStep	Effect4.Machine.exitFiber.exitInterruptChildren	Effect4.Machine.RunEvent	yieldInjected.atOp
Effect4.Machine.driveStep	Effect4.Machine.exitFiber.exitInterruptChildren	Effect4.Machine.RunEvent	parkedOn.fiber
Effect4.Machine.driveStep	Effect4.Machine.exitFiber.exitInterruptChildren	Effect4.Machine.RunEvent	parkedOn.token
Effect4.Machine.driveStep	Effect4.Machine.exitFiber.exitInterruptChildren	Effect4.Machine.RunEvent	resumedWith.fiber
Effect4.Machine.driveStep	Effect4.Machine.exitFiber.exitInterruptChildren	Effect4.Machine.RunEvent	resumedWith.token
Effect4.Machine.driveStep	Effect4.Machine.exitFiber.exitInterruptChildren	Effect4.Machine.RunEvent	resumedWith.answer
Effect4.Machine.driveStep	Effect4.Machine.exitFiber.exitInterruptChildren	Effect4.Machine.RunEvent	interruptRecorded.interruptor
Effect4.Machine.driveStep	Effect4.Machine.exitFiber.exitInterruptChildren	Effect4.Machine.RunEvent	interruptRecorded.target
Effect4.Machine.driveStep	Effect4.Machine.exitFiber.exitInterruptChildren	Effect4.Machine.RunEvent	interruptDeferred.target
Effect4.Machine.driveStep	Effect4.Machine.exitFiber.exitInterruptChildren	Effect4.Machine.RunEvent	childrenInterrupted.parent
Effect4.Machine.driveStep	Effect4.Machine.exitFiber.exitInterruptChildren	Effect4.Machine.RunEvent	childrenInterrupted.children
Effect4.Machine.driveStep	Effect4.Machine.exitFiber.exitInterruptChildren	Effect4.Machine.RunEvent	observerFired.fiber
Effect4.Machine.driveStep	Effect4.Machine.exitFiber.exitInterruptChildren	Effect4.Machine.RunEvent	observerFired.observer
Effect4.Machine.driveStep	Effect4.Machine.exitFiber.exitInterruptChildren	Effect4.Machine.RunEvent	frame.fiber
Effect4.Machine.driveStep	Effect4.Machine.exitFiber.exitInterruptChildren	Effect4.Machine.RunEvent	frame.event
Effect4.Machine.driveStep	Effect4.Machine.exitFiber.exitInterruptChildren	Effect4.Machine.RunEvent	finalizerProgram.fiber
Effect4.Machine.driveStep	Effect4.Machine.exitFiber.exitInterruptChildren	Effect4.Machine.RunEvent	finalizerProgram.finalizer
Effect4.Machine.driveStep	Effect4.Machine.exitFiber.exitInterruptChildren	Effect4.Machine.RunEvent	finalizerProgram.exit
Effect4.Machine.driveStep	Effect4.Machine.exitFiber.exitInterruptChildren	Effect4.Machine.RunEvent	scopeLinked.mode
Effect4.Machine.driveStep	Effect4.Machine.exitFiber.exitInterruptChildren	Effect4.Machine.RunEvent	scopeLinked.scope
Effect4.Machine.driveStep	Effect4.Machine.exitFiber.exitInterruptChildren	Effect4.Machine.RunEvent	scopeLinked.key
Effect4.Machine.driveStep	Effect4.Machine.exitFiber.exitInterruptChildren	Effect4.Machine.RunEvent	scopeLinked.fiber
Effect4.Machine.driveStep	Effect4.Machine.exitFiber.exitInterruptChildren	Effect4.Machine.RunEvent	scopeClosedOnLink.scope
Effect4.Machine.driveStep	Effect4.Machine.exitFiber.exitInterruptChildren	Effect4.Machine.RunEvent	scopeClosedOnLink.fiber
Effect4.Machine.driveStep	Effect4.Machine.exitFiber.exitInterruptChildren	Effect4.Machine.RunEvent	raceStarted.race
Effect4.Machine.driveStep	Effect4.Machine.exitFiber.exitInterruptChildren	Effect4.Machine.RunEvent	raceStarted.host
Effect4.Machine.driveStep	Effect4.Machine.exitFiber.exitInterruptChildren	Effect4.Machine.RunEvent	raceStarted.entrants
Effect4.Machine.driveStep	Effect4.Machine.exitFiber.exitInterruptChildren	Effect4.Machine.RunEvent	raceLaunched.race
Effect4.Machine.driveStep	Effect4.Machine.exitFiber.exitInterruptChildren	Effect4.Machine.RunEvent	raceLaunched.entrant
Effect4.Machine.driveStep	Effect4.Machine.exitFiber.exitInterruptChildren	Effect4.Machine.RunEvent	raceSettled.race
Effect4.Machine.driveStep	Effect4.Machine.exitFiber.exitInterruptChildren	Effect4.Machine.RunEvent	raceSettled.exit
Effect4.Machine.driveStep	Effect4.Machine.exitFiber.exitInterruptChildren	Effect4.Machine.RunEvent	contextSet.fiber
Effect4.Machine.driveStep	Effect4.Machine.exitFiber.exitInterruptChildren	Effect4.Machine.RunEvent	contextSet.context
Effect4.Machine.driveStep	Effect4.Machine.exitFiber.exitInterruptChildren	Effect4.Machine.RunEvent	callback.key
Effect4.Machine.driveStep	Effect4.Machine.exitFiber.exitInterruptChildren	Effect4.Machine.RunEvent	callback.exit
Effect4.Machine.driveStep	Effect4.Machine.exitFiber.exitInterruptChildren	Effect4.Machine.RunEvent	exited.fiber
Effect4.Machine.driveStep	Effect4.Machine.exitFiber.exitInterruptChildren	Effect4.Machine.RunEvent	exited.exit
Effect4.Machine.driveStep	Effect4.Machine.exitFiber.exitInterruptChildren	Effect4.Machine.Cmd	evaluate.fiber
Effect4.Machine.driveStep	Effect4.Machine.exitFiber.exitInterruptChildren	Effect4.Machine.Cmd	loop.fiber
Effect4.Machine.driveStep	Effect4.Machine.exitFiber.exitInterruptChildren	Effect4.Machine.Cmd	loop.yielding
Effect4.Machine.driveStep	Effect4.Machine.exitFiber.exitInterruptChildren	Effect4.Machine.Cmd	deliver.fiber
Effect4.Machine.driveStep	Effect4.Machine.exitFiber.exitInterruptChildren	Effect4.Machine.Cmd	deliver.yielding
Effect4.Machine.driveStep	Effect4.Machine.exitFiber.exitInterruptChildren	Effect4.Machine.Cmd	finish.fiber
Effect4.Machine.driveStep	Effect4.Machine.exitFiber.exitInterruptChildren	Effect4.Machine.Cmd	finish.exit
Effect4.Machine.driveStep	Effect4.Machine.exitFiber.exitInterruptChildren	Effect4.Machine.Cmd	resume.fiber
Effect4.Machine.driveStep	Effect4.Machine.exitFiber.exitInterruptChildren	Effect4.Machine.Cmd	resume.token
Effect4.Machine.driveStep	Effect4.Machine.exitFiber.exitInterruptChildren	Effect4.Machine.Cmd	resume.answer
Effect4.Machine.driveStep	Effect4.Machine.exitFiber.exitInterruptChildren	Effect4.Machine.Cmd	launch.race
Effect4.Machine.driveStep	Effect4.Machine.exitFiber.exitInterruptChildren	Effect4.Machine.Cmd	enrollRace.race
Effect4.Machine.driveStep	Effect4.Machine.exitFiber.exitInterruptChildren	Effect4.Machine.Cmd	enrollRace.child
Effect4.Machine.driveStep	Effect4.Machine.exitFiber.exitInterruptChildren	Effect4.Machine.Cmd	registrationDone.race
Effect4.Machine.driveStep	Effect4.Machine.exitFiber.exitInterruptChildren	Effect4.Machine.Cmd	registrationDone.yielding
Effect4.Machine.driveStep	Effect4.Machine.exitFiber.exitInterruptChildren	Effect4.Machine.Cmd	interruptTarget.target
Effect4.Machine.driveStep	Effect4.Machine.exitFiber.exitInterruptChildren	Effect4.Machine.Cmd	interruptTarget.who
Effect4.Machine.driveStep	Effect4.Machine.exitFiber.exitInterruptChildren	Effect4.Machine.Cmd	interruptTarget.extra
Effect4.Machine.driveStep	Effect4.Machine.exitFiber.exitInterruptChildren	Effect4.Machine.Cmd	afterInterrupt.host
Effect4.Machine.driveStep	Effect4.Machine.exitFiber.exitInterruptChildren	Effect4.Machine.Cmd	afterInterrupt.yielding
Effect4.Machine.driveStep	Effect4.Machine.exitFiber.exitInterruptChildren	Effect4.Machine.Cmd	afterInterrupt.kind
Effect4.Machine.driveStep	Effect4.Machine.exitFiber.exitInterruptChildren	Effect4.Machine.Cmd	raceCancel.race
Effect4.Machine.driveStep	Effect4.Machine.exitFiber.exitInterruptChildren	Effect4.Machine.Cmd	raceCancel.host
Effect4.Machine.driveStep	Effect4.Machine.exitFiber.exitInterruptChildren	Effect4.Machine.Cmd	raceCancel.yielding
Effect4.Machine.driveStep	Effect4.Machine.exitFiber.exitInterruptChildren	Effect4.Machine.Cmd	raceCancel.remaining
Effect4.Machine.driveStep	Effect4.Machine.exitFiber.exitInterruptChildren	Effect4.Machine.Cmd	raceCancel.visited
Effect4.Machine.driveStep	Effect4.Machine.exitFiber.exitInterruptChildren	Effect4.Machine.Cmd	trackChild.parent
Effect4.Machine.driveStep	Effect4.Machine.exitFiber.exitInterruptChildren	Effect4.Machine.Cmd	trackChild.child
Effect4.Machine.driveStep	Effect4.Machine.exitFiber.exitInterruptChildren	Effect4.Machine.Cmd	observe.fiber
Effect4.Machine.driveStep	Effect4.Machine.exitFiber.exitInterruptChildren	Effect4.Machine.Cmd	observe.exit
Effect4.Machine.driveStep	Effect4.Machine.exitFiber.exitInterruptChildren	Effect4.Machine.Cmd	observe.observer
Effect4.Machine.driveStep	Effect4.Machine.exitFiber.exitInterruptChildren	Effect4.Machine.Cmd	exitDone.fiber
Effect4.Machine.driveStep	Effect4.Machine.exitFiber.exitInterruptChildren	Effect4.Machine.Cmd	closeParAwait.host
Effect4.Machine.driveStep	Effect4.Machine.exitFiber.exitInterruptChildren	Effect4.Machine.Cmd	closeParAwait.yielding
Effect4.Machine.driveStep	Effect4.Machine.exitFiber.exitInterruptChildren	Effect4.Machine.Cmd	closeParAwait.fibers
Effect4.Machine.driveStep	Effect4.Machine.exitFiber.exitInterruptChildren	Effect4.Machine.Cmd	link.mode
Effect4.Machine.driveStep	Effect4.Machine.exitFiber.exitInterruptChildren	Effect4.Machine.Cmd	link.scope
Effect4.Machine.driveStep	Effect4.Machine.exitFiber.exitInterruptChildren	Effect4.Machine.Cmd	link.target
Effect4.Machine.driveStep	Effect4.Machine.exitFiber.exitInterruptChildren	Effect4.Machine.Cmd	link.interruptor
Effect4.Machine.driveStep	Effect4.Machine.exitFiber.exitInterruptChildren	Effect4.Machine.Cmd	link.extra
Effect4.Machine.driveStep	Effect4.Machine.exitFiber.exitInterruptChildren	Effect4.Machine.Cmd	wake.list
Effect4.Machine.driveStep	Effect4.Machine.exitFiber.exitInterruptChildren	Effect4.Machine.Cmd	wake.phase
Effect4.Machine.driveStep	Effect4.Machine.linkScope	Effect4.Machine.RunFiber	id
Effect4.Machine.driveStep	Effect4.Machine.linkScope	Effect4.Machine.RunFiber	frame
Effect4.Machine.driveStep	Effect4.Machine.linkScope	Effect4.Machine.RunFiber	running
Effect4.Machine.driveStep	Effect4.Machine.linkScope	Effect4.Machine.RunFiber	parked
Effect4.Machine.driveStep	Effect4.Machine.linkScope	Effect4.Machine.RunFiber	pending
Effect4.Machine.driveStep	Effect4.Machine.linkScope	Effect4.Machine.RunFiber	finalizing
Effect4.Machine.driveStep	Effect4.Machine.linkScope	Effect4.Machine.RunFiber	exit
Effect4.Machine.driveStep	Effect4.Machine.linkScope	Effect4.Machine.RunFiber	currentOpCount
Effect4.Machine.driveStep	Effect4.Machine.linkScope	Effect4.Machine.RunFiber	maxOpsBeforeYield
Effect4.Machine.driveStep	Effect4.Machine.linkScope	Effect4.Machine.RunFiber	preventYield
Effect4.Machine.driveStep	Effect4.Machine.linkScope	Effect4.Machine.RunFiber	yieldOverride
Effect4.Machine.driveStep	Effect4.Machine.linkScope	Effect4.Machine.RunFiber	observers
Effect4.Machine.driveStep	Effect4.Machine.linkScope	Effect4.Machine.RunFiber	children
Effect4.Machine.driveStep	Effect4.Machine.linkScope	Effect4.Machine.RunFiber	dispatcher
Effect4.Machine.driveStep	Effect4.Machine.linkScope	Effect4.Machine.RunFiber	context
Effect4.Machine.driveStep	Effect4.Machine.linkScope	Effect4.Machine.RunFiber	origin
Effect4.Machine.driveStep	Effect4.Machine.linkScope	Effect4.Machine.RunEvent	forked.parent
Effect4.Machine.driveStep	Effect4.Machine.linkScope	Effect4.Machine.RunEvent	forked.child
Effect4.Machine.driveStep	Effect4.Machine.linkScope	Effect4.Machine.RunEvent	forked.daemon
Effect4.Machine.driveStep	Effect4.Machine.linkScope	Effect4.Machine.RunEvent	started.fiber
Effect4.Machine.driveStep	Effect4.Machine.linkScope	Effect4.Machine.RunEvent	scheduledTask.owner
Effect4.Machine.driveStep	Effect4.Machine.linkScope	Effect4.Machine.RunEvent	scheduledTask.priority
Effect4.Machine.driveStep	Effect4.Machine.linkScope	Effect4.Machine.RunEvent	scheduledTask.task
Effect4.Machine.driveStep	Effect4.Machine.linkScope	Effect4.Machine.RunEvent	ranTask.owner
Effect4.Machine.driveStep	Effect4.Machine.linkScope	Effect4.Machine.RunEvent	ranTask.task
Effect4.Machine.driveStep	Effect4.Machine.linkScope	Effect4.Machine.RunEvent	yieldInjected.fiber
Effect4.Machine.driveStep	Effect4.Machine.linkScope	Effect4.Machine.RunEvent	yieldInjected.atOp
Effect4.Machine.driveStep	Effect4.Machine.linkScope	Effect4.Machine.RunEvent	parkedOn.fiber
Effect4.Machine.driveStep	Effect4.Machine.linkScope	Effect4.Machine.RunEvent	parkedOn.token
Effect4.Machine.driveStep	Effect4.Machine.linkScope	Effect4.Machine.RunEvent	resumedWith.fiber
Effect4.Machine.driveStep	Effect4.Machine.linkScope	Effect4.Machine.RunEvent	resumedWith.token
Effect4.Machine.driveStep	Effect4.Machine.linkScope	Effect4.Machine.RunEvent	resumedWith.answer
Effect4.Machine.driveStep	Effect4.Machine.linkScope	Effect4.Machine.RunEvent	interruptRecorded.interruptor
Effect4.Machine.driveStep	Effect4.Machine.linkScope	Effect4.Machine.RunEvent	interruptRecorded.target
Effect4.Machine.driveStep	Effect4.Machine.linkScope	Effect4.Machine.RunEvent	interruptDeferred.target
Effect4.Machine.driveStep	Effect4.Machine.linkScope	Effect4.Machine.RunEvent	childrenInterrupted.parent
Effect4.Machine.driveStep	Effect4.Machine.linkScope	Effect4.Machine.RunEvent	childrenInterrupted.children
Effect4.Machine.driveStep	Effect4.Machine.linkScope	Effect4.Machine.RunEvent	observerFired.fiber
Effect4.Machine.driveStep	Effect4.Machine.linkScope	Effect4.Machine.RunEvent	observerFired.observer
Effect4.Machine.driveStep	Effect4.Machine.linkScope	Effect4.Machine.RunEvent	frame.fiber
Effect4.Machine.driveStep	Effect4.Machine.linkScope	Effect4.Machine.RunEvent	frame.event
Effect4.Machine.driveStep	Effect4.Machine.linkScope	Effect4.Machine.RunEvent	finalizerProgram.fiber
Effect4.Machine.driveStep	Effect4.Machine.linkScope	Effect4.Machine.RunEvent	finalizerProgram.finalizer
Effect4.Machine.driveStep	Effect4.Machine.linkScope	Effect4.Machine.RunEvent	finalizerProgram.exit
Effect4.Machine.driveStep	Effect4.Machine.linkScope	Effect4.Machine.RunEvent	scopeLinked.mode
Effect4.Machine.driveStep	Effect4.Machine.linkScope	Effect4.Machine.RunEvent	scopeLinked.scope
Effect4.Machine.driveStep	Effect4.Machine.linkScope	Effect4.Machine.RunEvent	scopeLinked.key
Effect4.Machine.driveStep	Effect4.Machine.linkScope	Effect4.Machine.RunEvent	scopeLinked.fiber
Effect4.Machine.driveStep	Effect4.Machine.linkScope	Effect4.Machine.RunEvent	scopeClosedOnLink.scope
Effect4.Machine.driveStep	Effect4.Machine.linkScope	Effect4.Machine.RunEvent	scopeClosedOnLink.fiber
Effect4.Machine.driveStep	Effect4.Machine.linkScope	Effect4.Machine.RunEvent	raceStarted.race
Effect4.Machine.driveStep	Effect4.Machine.linkScope	Effect4.Machine.RunEvent	raceStarted.host
Effect4.Machine.driveStep	Effect4.Machine.linkScope	Effect4.Machine.RunEvent	raceStarted.entrants
Effect4.Machine.driveStep	Effect4.Machine.linkScope	Effect4.Machine.RunEvent	raceLaunched.race
Effect4.Machine.driveStep	Effect4.Machine.linkScope	Effect4.Machine.RunEvent	raceLaunched.entrant
Effect4.Machine.driveStep	Effect4.Machine.linkScope	Effect4.Machine.RunEvent	raceSettled.race
Effect4.Machine.driveStep	Effect4.Machine.linkScope	Effect4.Machine.RunEvent	raceSettled.exit
Effect4.Machine.driveStep	Effect4.Machine.linkScope	Effect4.Machine.RunEvent	contextSet.fiber
Effect4.Machine.driveStep	Effect4.Machine.linkScope	Effect4.Machine.RunEvent	contextSet.context
Effect4.Machine.driveStep	Effect4.Machine.linkScope	Effect4.Machine.RunEvent	callback.key
Effect4.Machine.driveStep	Effect4.Machine.linkScope	Effect4.Machine.RunEvent	callback.exit
Effect4.Machine.driveStep	Effect4.Machine.linkScope	Effect4.Machine.RunEvent	exited.fiber
Effect4.Machine.driveStep	Effect4.Machine.linkScope	Effect4.Machine.RunEvent	exited.exit
Effect4.Machine.driveStep	Effect4.Machine.linkScope	Effect4.Machine.Cmd	evaluate.fiber
Effect4.Machine.driveStep	Effect4.Machine.linkScope	Effect4.Machine.Cmd	loop.fiber
Effect4.Machine.driveStep	Effect4.Machine.linkScope	Effect4.Machine.Cmd	loop.yielding
Effect4.Machine.driveStep	Effect4.Machine.linkScope	Effect4.Machine.Cmd	deliver.fiber
Effect4.Machine.driveStep	Effect4.Machine.linkScope	Effect4.Machine.Cmd	deliver.yielding
Effect4.Machine.driveStep	Effect4.Machine.linkScope	Effect4.Machine.Cmd	finish.fiber
Effect4.Machine.driveStep	Effect4.Machine.linkScope	Effect4.Machine.Cmd	finish.exit
Effect4.Machine.driveStep	Effect4.Machine.linkScope	Effect4.Machine.Cmd	resume.fiber
Effect4.Machine.driveStep	Effect4.Machine.linkScope	Effect4.Machine.Cmd	resume.token
Effect4.Machine.driveStep	Effect4.Machine.linkScope	Effect4.Machine.Cmd	resume.answer
Effect4.Machine.driveStep	Effect4.Machine.linkScope	Effect4.Machine.Cmd	launch.race
Effect4.Machine.driveStep	Effect4.Machine.linkScope	Effect4.Machine.Cmd	enrollRace.race
Effect4.Machine.driveStep	Effect4.Machine.linkScope	Effect4.Machine.Cmd	enrollRace.child
Effect4.Machine.driveStep	Effect4.Machine.linkScope	Effect4.Machine.Cmd	registrationDone.race
Effect4.Machine.driveStep	Effect4.Machine.linkScope	Effect4.Machine.Cmd	registrationDone.yielding
Effect4.Machine.driveStep	Effect4.Machine.linkScope	Effect4.Machine.Cmd	interruptTarget.target
Effect4.Machine.driveStep	Effect4.Machine.linkScope	Effect4.Machine.Cmd	interruptTarget.who
Effect4.Machine.driveStep	Effect4.Machine.linkScope	Effect4.Machine.Cmd	interruptTarget.extra
Effect4.Machine.driveStep	Effect4.Machine.linkScope	Effect4.Machine.Cmd	afterInterrupt.host
Effect4.Machine.driveStep	Effect4.Machine.linkScope	Effect4.Machine.Cmd	afterInterrupt.yielding
Effect4.Machine.driveStep	Effect4.Machine.linkScope	Effect4.Machine.Cmd	afterInterrupt.kind
Effect4.Machine.driveStep	Effect4.Machine.linkScope	Effect4.Machine.Cmd	raceCancel.race
Effect4.Machine.driveStep	Effect4.Machine.linkScope	Effect4.Machine.Cmd	raceCancel.host
Effect4.Machine.driveStep	Effect4.Machine.linkScope	Effect4.Machine.Cmd	raceCancel.yielding
Effect4.Machine.driveStep	Effect4.Machine.linkScope	Effect4.Machine.Cmd	raceCancel.remaining
Effect4.Machine.driveStep	Effect4.Machine.linkScope	Effect4.Machine.Cmd	raceCancel.visited
Effect4.Machine.driveStep	Effect4.Machine.linkScope	Effect4.Machine.Cmd	trackChild.parent
Effect4.Machine.driveStep	Effect4.Machine.linkScope	Effect4.Machine.Cmd	trackChild.child
Effect4.Machine.driveStep	Effect4.Machine.linkScope	Effect4.Machine.Cmd	observe.fiber
Effect4.Machine.driveStep	Effect4.Machine.linkScope	Effect4.Machine.Cmd	observe.exit
Effect4.Machine.driveStep	Effect4.Machine.linkScope	Effect4.Machine.Cmd	observe.observer
Effect4.Machine.driveStep	Effect4.Machine.linkScope	Effect4.Machine.Cmd	exitDone.fiber
Effect4.Machine.driveStep	Effect4.Machine.linkScope	Effect4.Machine.Cmd	closeParAwait.host
Effect4.Machine.driveStep	Effect4.Machine.linkScope	Effect4.Machine.Cmd	closeParAwait.yielding
Effect4.Machine.driveStep	Effect4.Machine.linkScope	Effect4.Machine.Cmd	closeParAwait.fibers
Effect4.Machine.driveStep	Effect4.Machine.linkScope	Effect4.Machine.Cmd	link.mode
Effect4.Machine.driveStep	Effect4.Machine.linkScope	Effect4.Machine.Cmd	link.scope
Effect4.Machine.driveStep	Effect4.Machine.linkScope	Effect4.Machine.Cmd	link.target
Effect4.Machine.driveStep	Effect4.Machine.linkScope	Effect4.Machine.Cmd	link.interruptor
Effect4.Machine.driveStep	Effect4.Machine.linkScope	Effect4.Machine.Cmd	link.extra
Effect4.Machine.driveStep	Effect4.Machine.linkScope	Effect4.Machine.Cmd	wake.list
Effect4.Machine.driveStep	Effect4.Machine.linkScope	Effect4.Machine.Cmd	wake.phase
Effect4.Machine.driveStep	Effect4.Machine.RunMachine.modify	Effect4.Machine.RunFiber	id
Effect4.Machine.driveStep	Effect4.Machine.RunMachine.modify	Effect4.Machine.RunFiber	frame
Effect4.Machine.driveStep	Effect4.Machine.RunMachine.modify	Effect4.Machine.RunFiber	running
Effect4.Machine.driveStep	Effect4.Machine.RunMachine.modify	Effect4.Machine.RunFiber	parked
Effect4.Machine.driveStep	Effect4.Machine.RunMachine.modify	Effect4.Machine.RunFiber	pending
Effect4.Machine.driveStep	Effect4.Machine.RunMachine.modify	Effect4.Machine.RunFiber	finalizing
Effect4.Machine.driveStep	Effect4.Machine.RunMachine.modify	Effect4.Machine.RunFiber	exit
Effect4.Machine.driveStep	Effect4.Machine.RunMachine.modify	Effect4.Machine.RunFiber	currentOpCount
Effect4.Machine.driveStep	Effect4.Machine.RunMachine.modify	Effect4.Machine.RunFiber	maxOpsBeforeYield
Effect4.Machine.driveStep	Effect4.Machine.RunMachine.modify	Effect4.Machine.RunFiber	preventYield
Effect4.Machine.driveStep	Effect4.Machine.RunMachine.modify	Effect4.Machine.RunFiber	yieldOverride
Effect4.Machine.driveStep	Effect4.Machine.RunMachine.modify	Effect4.Machine.RunFiber	observers
Effect4.Machine.driveStep	Effect4.Machine.RunMachine.modify	Effect4.Machine.RunFiber	children
Effect4.Machine.driveStep	Effect4.Machine.RunMachine.modify	Effect4.Machine.RunFiber	dispatcher
Effect4.Machine.driveStep	Effect4.Machine.RunMachine.modify	Effect4.Machine.RunFiber	context
Effect4.Machine.driveStep	Effect4.Machine.RunMachine.modify	Effect4.Machine.RunFiber	origin
Effect4.Machine.driveStep	Effect4.Machine.interruptRecord	Effect4.Machine.RunFiber	exit
Effect4.Machine.driveStep	Effect4.Machine.interruptRecord	Effect4.Machine.RunFiber	id
Effect4.Machine.driveStep	Effect4.Machine.interruptRecord	Effect4.Machine.RunFiber	frame
Effect4.Machine.driveStep	Effect4.Machine.interruptRecord	Effect4.Machine.RunFiber	running
Effect4.Machine.driveStep	Effect4.Machine.interruptRecord	Effect4.Machine.RunFiber	parked
Effect4.Machine.driveStep	Effect4.Machine.interruptRecord	Effect4.Machine.RunFiber	pending
Effect4.Machine.driveStep	Effect4.Machine.interruptRecord	Effect4.Machine.RunFiber	finalizing
Effect4.Machine.driveStep	Effect4.Machine.interruptRecord	Effect4.Machine.RunFiber	currentOpCount
Effect4.Machine.driveStep	Effect4.Machine.interruptRecord	Effect4.Machine.RunFiber	maxOpsBeforeYield
Effect4.Machine.driveStep	Effect4.Machine.interruptRecord	Effect4.Machine.RunFiber	preventYield
Effect4.Machine.driveStep	Effect4.Machine.interruptRecord	Effect4.Machine.RunFiber	yieldOverride
Effect4.Machine.driveStep	Effect4.Machine.interruptRecord	Effect4.Machine.RunFiber	observers
Effect4.Machine.driveStep	Effect4.Machine.interruptRecord	Effect4.Machine.RunFiber	children
Effect4.Machine.driveStep	Effect4.Machine.interruptRecord	Effect4.Machine.RunFiber	dispatcher
Effect4.Machine.driveStep	Effect4.Machine.interruptRecord	Effect4.Machine.RunFiber	context
Effect4.Machine.driveStep	Effect4.Machine.interruptRecord	Effect4.Machine.RunFiber	origin
Effect4.Machine.driveStep	Effect4.Machine.interruptEach.match_1	Effect4.Machine.RunFiber	id
Effect4.Machine.driveStep	Effect4.Machine.interruptEach.match_1	Effect4.Machine.RunFiber	frame
Effect4.Machine.driveStep	Effect4.Machine.interruptEach.match_1	Effect4.Machine.RunFiber	running
Effect4.Machine.driveStep	Effect4.Machine.interruptEach.match_1	Effect4.Machine.RunFiber	parked
Effect4.Machine.driveStep	Effect4.Machine.interruptEach.match_1	Effect4.Machine.RunFiber	pending
Effect4.Machine.driveStep	Effect4.Machine.interruptEach.match_1	Effect4.Machine.RunFiber	finalizing
Effect4.Machine.driveStep	Effect4.Machine.interruptEach.match_1	Effect4.Machine.RunFiber	exit
Effect4.Machine.driveStep	Effect4.Machine.interruptEach.match_1	Effect4.Machine.RunFiber	currentOpCount
Effect4.Machine.driveStep	Effect4.Machine.interruptEach.match_1	Effect4.Machine.RunFiber	maxOpsBeforeYield
Effect4.Machine.driveStep	Effect4.Machine.interruptEach.match_1	Effect4.Machine.RunFiber	preventYield
Effect4.Machine.driveStep	Effect4.Machine.interruptEach.match_1	Effect4.Machine.RunFiber	yieldOverride
Effect4.Machine.driveStep	Effect4.Machine.interruptEach.match_1	Effect4.Machine.RunFiber	observers
Effect4.Machine.driveStep	Effect4.Machine.interruptEach.match_1	Effect4.Machine.RunFiber	children
Effect4.Machine.driveStep	Effect4.Machine.interruptEach.match_1	Effect4.Machine.RunFiber	dispatcher
Effect4.Machine.driveStep	Effect4.Machine.interruptEach.match_1	Effect4.Machine.RunFiber	context
Effect4.Machine.driveStep	Effect4.Machine.interruptEach.match_1	Effect4.Machine.RunFiber	origin
Effect4.Machine.driveStep	Effect4.Machine.RunFiber.park	Effect4.Machine.RunFiber	id
Effect4.Machine.driveStep	Effect4.Machine.RunFiber.park	Effect4.Machine.RunFiber	frame
Effect4.Machine.driveStep	Effect4.Machine.RunFiber.park	Effect4.Machine.RunFiber	running
Effect4.Machine.driveStep	Effect4.Machine.RunFiber.park	Effect4.Machine.RunFiber	parked
Effect4.Machine.driveStep	Effect4.Machine.RunFiber.park	Effect4.Machine.RunFiber	pending
Effect4.Machine.driveStep	Effect4.Machine.RunFiber.park	Effect4.Machine.RunFiber	finalizing
Effect4.Machine.driveStep	Effect4.Machine.RunFiber.park	Effect4.Machine.RunFiber	exit
Effect4.Machine.driveStep	Effect4.Machine.RunFiber.park	Effect4.Machine.RunFiber	currentOpCount
Effect4.Machine.driveStep	Effect4.Machine.RunFiber.park	Effect4.Machine.RunFiber	maxOpsBeforeYield
Effect4.Machine.driveStep	Effect4.Machine.RunFiber.park	Effect4.Machine.RunFiber	preventYield
Effect4.Machine.driveStep	Effect4.Machine.RunFiber.park	Effect4.Machine.RunFiber	yieldOverride
Effect4.Machine.driveStep	Effect4.Machine.RunFiber.park	Effect4.Machine.RunFiber	observers
Effect4.Machine.driveStep	Effect4.Machine.RunFiber.park	Effect4.Machine.RunFiber	children
Effect4.Machine.driveStep	Effect4.Machine.RunFiber.park	Effect4.Machine.RunFiber	dispatcher
Effect4.Machine.driveStep	Effect4.Machine.RunFiber.park	Effect4.Machine.RunFiber	context
Effect4.Machine.driveStep	Effect4.Machine.RunFiber.park	Effect4.Machine.RunFiber	origin
Effect4.Machine.driveStep	Effect4.Machine.RunFiber.park	Effect4.Machine.Pending	token
Effect4.Machine.driveStep	Effect4.Machine.RunFiber.park	Effect4.Machine.Pending	waitingOn
Effect4.Machine.driveStep	Effect4.Machine.RunFiber.park	Effect4.Machine.Pending	remaining
Effect4.Machine.driveStep	Effect4.Machine.RunFiber.park	Effect4.Machine.Pending	collected
Effect4.Machine.driveStep	Effect4.Machine.RunFiber.park	Effect4.Machine.Pending	resumeWith
Effect4.Machine.driveStep	Effect4.Machine.RunFiber.park	Effect4.Machine.Pending	failFast
Effect4.Machine.driveStep	Effect4.Machine.Pending.token	Effect4.Machine.Pending	token
Effect4.Machine.driveStep	Effect4.Machine.fireObserver	Effect4.Machine.RunEvent	forked.parent
Effect4.Machine.driveStep	Effect4.Machine.fireObserver	Effect4.Machine.RunEvent	forked.child
Effect4.Machine.driveStep	Effect4.Machine.fireObserver	Effect4.Machine.RunEvent	forked.daemon
Effect4.Machine.driveStep	Effect4.Machine.fireObserver	Effect4.Machine.RunEvent	started.fiber
Effect4.Machine.driveStep	Effect4.Machine.fireObserver	Effect4.Machine.RunEvent	scheduledTask.owner
Effect4.Machine.driveStep	Effect4.Machine.fireObserver	Effect4.Machine.RunEvent	scheduledTask.priority
Effect4.Machine.driveStep	Effect4.Machine.fireObserver	Effect4.Machine.RunEvent	scheduledTask.task
Effect4.Machine.driveStep	Effect4.Machine.fireObserver	Effect4.Machine.RunEvent	ranTask.owner
Effect4.Machine.driveStep	Effect4.Machine.fireObserver	Effect4.Machine.RunEvent	ranTask.task
Effect4.Machine.driveStep	Effect4.Machine.fireObserver	Effect4.Machine.RunEvent	yieldInjected.fiber
Effect4.Machine.driveStep	Effect4.Machine.fireObserver	Effect4.Machine.RunEvent	yieldInjected.atOp
Effect4.Machine.driveStep	Effect4.Machine.fireObserver	Effect4.Machine.RunEvent	parkedOn.fiber
Effect4.Machine.driveStep	Effect4.Machine.fireObserver	Effect4.Machine.RunEvent	parkedOn.token
Effect4.Machine.driveStep	Effect4.Machine.fireObserver	Effect4.Machine.RunEvent	resumedWith.fiber
Effect4.Machine.driveStep	Effect4.Machine.fireObserver	Effect4.Machine.RunEvent	resumedWith.token
Effect4.Machine.driveStep	Effect4.Machine.fireObserver	Effect4.Machine.RunEvent	resumedWith.answer
Effect4.Machine.driveStep	Effect4.Machine.fireObserver	Effect4.Machine.RunEvent	interruptRecorded.interruptor
Effect4.Machine.driveStep	Effect4.Machine.fireObserver	Effect4.Machine.RunEvent	interruptRecorded.target
Effect4.Machine.driveStep	Effect4.Machine.fireObserver	Effect4.Machine.RunEvent	interruptDeferred.target
Effect4.Machine.driveStep	Effect4.Machine.fireObserver	Effect4.Machine.RunEvent	childrenInterrupted.parent
Effect4.Machine.driveStep	Effect4.Machine.fireObserver	Effect4.Machine.RunEvent	childrenInterrupted.children
Effect4.Machine.driveStep	Effect4.Machine.fireObserver	Effect4.Machine.RunEvent	observerFired.fiber
Effect4.Machine.driveStep	Effect4.Machine.fireObserver	Effect4.Machine.RunEvent	observerFired.observer
Effect4.Machine.driveStep	Effect4.Machine.fireObserver	Effect4.Machine.RunEvent	frame.fiber
Effect4.Machine.driveStep	Effect4.Machine.fireObserver	Effect4.Machine.RunEvent	frame.event
Effect4.Machine.driveStep	Effect4.Machine.fireObserver	Effect4.Machine.RunEvent	finalizerProgram.fiber
Effect4.Machine.driveStep	Effect4.Machine.fireObserver	Effect4.Machine.RunEvent	finalizerProgram.finalizer
Effect4.Machine.driveStep	Effect4.Machine.fireObserver	Effect4.Machine.RunEvent	finalizerProgram.exit
Effect4.Machine.driveStep	Effect4.Machine.fireObserver	Effect4.Machine.RunEvent	scopeLinked.mode
Effect4.Machine.driveStep	Effect4.Machine.fireObserver	Effect4.Machine.RunEvent	scopeLinked.scope
Effect4.Machine.driveStep	Effect4.Machine.fireObserver	Effect4.Machine.RunEvent	scopeLinked.key
Effect4.Machine.driveStep	Effect4.Machine.fireObserver	Effect4.Machine.RunEvent	scopeLinked.fiber
Effect4.Machine.driveStep	Effect4.Machine.fireObserver	Effect4.Machine.RunEvent	scopeClosedOnLink.scope
Effect4.Machine.driveStep	Effect4.Machine.fireObserver	Effect4.Machine.RunEvent	scopeClosedOnLink.fiber
Effect4.Machine.driveStep	Effect4.Machine.fireObserver	Effect4.Machine.RunEvent	raceStarted.race
Effect4.Machine.driveStep	Effect4.Machine.fireObserver	Effect4.Machine.RunEvent	raceStarted.host
Effect4.Machine.driveStep	Effect4.Machine.fireObserver	Effect4.Machine.RunEvent	raceStarted.entrants
Effect4.Machine.driveStep	Effect4.Machine.fireObserver	Effect4.Machine.RunEvent	raceLaunched.race
Effect4.Machine.driveStep	Effect4.Machine.fireObserver	Effect4.Machine.RunEvent	raceLaunched.entrant
Effect4.Machine.driveStep	Effect4.Machine.fireObserver	Effect4.Machine.RunEvent	raceSettled.race
Effect4.Machine.driveStep	Effect4.Machine.fireObserver	Effect4.Machine.RunEvent	raceSettled.exit
Effect4.Machine.driveStep	Effect4.Machine.fireObserver	Effect4.Machine.RunEvent	contextSet.fiber
Effect4.Machine.driveStep	Effect4.Machine.fireObserver	Effect4.Machine.RunEvent	contextSet.context
Effect4.Machine.driveStep	Effect4.Machine.fireObserver	Effect4.Machine.RunEvent	callback.key
Effect4.Machine.driveStep	Effect4.Machine.fireObserver	Effect4.Machine.RunEvent	callback.exit
Effect4.Machine.driveStep	Effect4.Machine.fireObserver	Effect4.Machine.RunEvent	exited.fiber
Effect4.Machine.driveStep	Effect4.Machine.fireObserver	Effect4.Machine.RunEvent	exited.exit
Effect4.Machine.driveStep	Effect4.Machine.fireObserver	Effect4.Machine.Cmd	evaluate.fiber
Effect4.Machine.driveStep	Effect4.Machine.fireObserver	Effect4.Machine.Cmd	loop.fiber
Effect4.Machine.driveStep	Effect4.Machine.fireObserver	Effect4.Machine.Cmd	loop.yielding
Effect4.Machine.driveStep	Effect4.Machine.fireObserver	Effect4.Machine.Cmd	deliver.fiber
Effect4.Machine.driveStep	Effect4.Machine.fireObserver	Effect4.Machine.Cmd	deliver.yielding
Effect4.Machine.driveStep	Effect4.Machine.fireObserver	Effect4.Machine.Cmd	finish.fiber
Effect4.Machine.driveStep	Effect4.Machine.fireObserver	Effect4.Machine.Cmd	finish.exit
Effect4.Machine.driveStep	Effect4.Machine.fireObserver	Effect4.Machine.Cmd	resume.fiber
Effect4.Machine.driveStep	Effect4.Machine.fireObserver	Effect4.Machine.Cmd	resume.token
Effect4.Machine.driveStep	Effect4.Machine.fireObserver	Effect4.Machine.Cmd	resume.answer
Effect4.Machine.driveStep	Effect4.Machine.fireObserver	Effect4.Machine.Cmd	launch.race
Effect4.Machine.driveStep	Effect4.Machine.fireObserver	Effect4.Machine.Cmd	enrollRace.race
Effect4.Machine.driveStep	Effect4.Machine.fireObserver	Effect4.Machine.Cmd	enrollRace.child
Effect4.Machine.driveStep	Effect4.Machine.fireObserver	Effect4.Machine.Cmd	registrationDone.race
Effect4.Machine.driveStep	Effect4.Machine.fireObserver	Effect4.Machine.Cmd	registrationDone.yielding
Effect4.Machine.driveStep	Effect4.Machine.fireObserver	Effect4.Machine.Cmd	interruptTarget.target
Effect4.Machine.driveStep	Effect4.Machine.fireObserver	Effect4.Machine.Cmd	interruptTarget.who
Effect4.Machine.driveStep	Effect4.Machine.fireObserver	Effect4.Machine.Cmd	interruptTarget.extra
Effect4.Machine.driveStep	Effect4.Machine.fireObserver	Effect4.Machine.Cmd	afterInterrupt.host
Effect4.Machine.driveStep	Effect4.Machine.fireObserver	Effect4.Machine.Cmd	afterInterrupt.yielding
Effect4.Machine.driveStep	Effect4.Machine.fireObserver	Effect4.Machine.Cmd	afterInterrupt.kind
Effect4.Machine.driveStep	Effect4.Machine.fireObserver	Effect4.Machine.Cmd	raceCancel.race
Effect4.Machine.driveStep	Effect4.Machine.fireObserver	Effect4.Machine.Cmd	raceCancel.host
Effect4.Machine.driveStep	Effect4.Machine.fireObserver	Effect4.Machine.Cmd	raceCancel.yielding
Effect4.Machine.driveStep	Effect4.Machine.fireObserver	Effect4.Machine.Cmd	raceCancel.remaining
Effect4.Machine.driveStep	Effect4.Machine.fireObserver	Effect4.Machine.Cmd	raceCancel.visited
Effect4.Machine.driveStep	Effect4.Machine.fireObserver	Effect4.Machine.Cmd	trackChild.parent
Effect4.Machine.driveStep	Effect4.Machine.fireObserver	Effect4.Machine.Cmd	trackChild.child
Effect4.Machine.driveStep	Effect4.Machine.fireObserver	Effect4.Machine.Cmd	observe.fiber
Effect4.Machine.driveStep	Effect4.Machine.fireObserver	Effect4.Machine.Cmd	observe.exit
Effect4.Machine.driveStep	Effect4.Machine.fireObserver	Effect4.Machine.Cmd	observe.observer
Effect4.Machine.driveStep	Effect4.Machine.fireObserver	Effect4.Machine.Cmd	exitDone.fiber
Effect4.Machine.driveStep	Effect4.Machine.fireObserver	Effect4.Machine.Cmd	closeParAwait.host
Effect4.Machine.driveStep	Effect4.Machine.fireObserver	Effect4.Machine.Cmd	closeParAwait.yielding
Effect4.Machine.driveStep	Effect4.Machine.fireObserver	Effect4.Machine.Cmd	closeParAwait.fibers
Effect4.Machine.driveStep	Effect4.Machine.fireObserver	Effect4.Machine.Cmd	link.mode
Effect4.Machine.driveStep	Effect4.Machine.fireObserver	Effect4.Machine.Cmd	link.scope
Effect4.Machine.driveStep	Effect4.Machine.fireObserver	Effect4.Machine.Cmd	link.target
Effect4.Machine.driveStep	Effect4.Machine.fireObserver	Effect4.Machine.Cmd	link.interruptor
Effect4.Machine.driveStep	Effect4.Machine.fireObserver	Effect4.Machine.Cmd	link.extra
Effect4.Machine.driveStep	Effect4.Machine.fireObserver	Effect4.Machine.Cmd	wake.list
Effect4.Machine.driveStep	Effect4.Machine.fireObserver	Effect4.Machine.Cmd	wake.phase
Effect4.Machine.driveStep	Effect4.Machine.fireObserver	Effect4.Machine.RunFiber	id
Effect4.Machine.driveStep	Effect4.Machine.fireObserver	Effect4.Machine.RunFiber	frame
Effect4.Machine.driveStep	Effect4.Machine.fireObserver	Effect4.Machine.RunFiber	running
Effect4.Machine.driveStep	Effect4.Machine.fireObserver	Effect4.Machine.RunFiber	parked
Effect4.Machine.driveStep	Effect4.Machine.fireObserver	Effect4.Machine.RunFiber	pending
Effect4.Machine.driveStep	Effect4.Machine.fireObserver	Effect4.Machine.RunFiber	finalizing
Effect4.Machine.driveStep	Effect4.Machine.fireObserver	Effect4.Machine.RunFiber	exit
Effect4.Machine.driveStep	Effect4.Machine.fireObserver	Effect4.Machine.RunFiber	currentOpCount
Effect4.Machine.driveStep	Effect4.Machine.fireObserver	Effect4.Machine.RunFiber	maxOpsBeforeYield
Effect4.Machine.driveStep	Effect4.Machine.fireObserver	Effect4.Machine.RunFiber	preventYield
Effect4.Machine.driveStep	Effect4.Machine.fireObserver	Effect4.Machine.RunFiber	yieldOverride
Effect4.Machine.driveStep	Effect4.Machine.fireObserver	Effect4.Machine.RunFiber	observers
Effect4.Machine.driveStep	Effect4.Machine.fireObserver	Effect4.Machine.RunFiber	children
Effect4.Machine.driveStep	Effect4.Machine.fireObserver	Effect4.Machine.RunFiber	dispatcher
Effect4.Machine.driveStep	Effect4.Machine.fireObserver	Effect4.Machine.RunFiber	context
Effect4.Machine.driveStep	Effect4.Machine.fireObserver	Effect4.Machine.RunFiber	origin
Effect4.Machine.driveStep	Effect4.Machine.fireObserver	Effect4.Machine.Pending	token
Effect4.Machine.driveStep	Effect4.Machine.fireObserver	Effect4.Machine.Pending	collected
Effect4.Machine.driveStep	Effect4.Machine.fireObserver	Effect4.Machine.Pending	failFast
Effect4.Machine.driveStep	Effect4.Machine.fireObserver	Effect4.Machine.Pending	remaining
Effect4.Machine.driveStep	Effect4.Machine.fireObserver	Effect4.Machine.Pending	waitingOn
Effect4.Machine.driveStep	Effect4.Machine.fireObserver	Effect4.Machine.Pending	resumeWith
Effect4.Machine.driveStep	Effect4.Machine.fireObserver	Effect4.Machine.Resume	continueWith.name
Effect4.Machine.driveStep	Effect4.Machine.fireObserver	Effect4.Supervision.RaceAllState	unstarted
Effect4.Machine.driveStep	Effect4.Machine.fireObserver	Effect4.Supervision.RaceAllState	starting
Effect4.Machine.driveStep	Effect4.Machine.fireObserver	Effect4.Supervision.RaceAllState	live
Effect4.Machine.driveStep	Effect4.Machine.fireObserver	Effect4.Supervision.RaceAllState	remaining
Effect4.Machine.driveStep	Effect4.Machine.fireObserver	Effect4.Supervision.RaceAllState	failures
Effect4.Machine.driveStep	Effect4.Machine.fireObserver	Effect4.Supervision.RaceAllState	winner
Effect4.Machine.driveStep	Effect4.Machine.fireObserver	Effect4.Supervision.RaceAllState	accepted
Effect4.Machine.driveStep	Effect4.Machine.fireObserver	Effect4.Supervision.RaceAllState	cleanupNeeded
Effect4.Machine.driveStep	Effect4.Machine.fireObserver	Effect4.Supervision.RaceAllState	requests
Effect4.Machine.driveStep	Effect4.Machine.fireObserver	Effect4.Supervision.RaceAllState	cleanup
Effect4.Machine.driveStep	Effect4.Machine.fireObserver	Effect4.Supervision.RaceAllState	cleanupRequested
Effect4.Machine.driveStep	Effect4.Machine.fireObserver	Effect4.Machine.Race	state
Effect4.Machine.driveStep	Effect4.Machine.fireObserver	Effect4.Machine.Race	id
Effect4.Machine.driveStep	Effect4.Machine.fireObserver	Effect4.Machine.Race	host
Effect4.Machine.driveStep	Effect4.Machine.fireObserver	Effect4.Machine.Race	token
Effect4.Machine.driveStep	Effect4.Machine.fireObserver	Effect4.Machine.Race	settled
Effect4.Machine.driveStep	Effect4.Machine.fireObserver	Effect4.Machine.Race	programs
Effect4.Machine.driveStep	Effect4.Machine.fireObserver	Effect4.Machine.Race	registering
Effect4.Machine.driveStep	Effect4.Machine.fireObserver	Effect4.Machine.Race	nextSite
Effect4.Machine.driveStep	Effect4.Supervision.RaceAllState.cleanupNeeded	Effect4.Supervision.RaceAllState	cleanupNeeded
Effect4.Machine.driveStep	Effect4.Supervision.RaceAllState.accepted	Effect4.Supervision.RaceAllState	accepted
Effect4.Machine.driveStep	Effect4.Machine.RunMachine.updateRace	Effect4.Machine.Race	id
Effect4.Machine.driveStep	Effect4.Machine.RunMachine.updateRace	Effect4.Machine.Race	host
Effect4.Machine.driveStep	Effect4.Machine.RunMachine.updateRace	Effect4.Machine.Race	token
Effect4.Machine.driveStep	Effect4.Machine.RunMachine.updateRace	Effect4.Machine.Race	state
Effect4.Machine.driveStep	Effect4.Machine.RunMachine.updateRace	Effect4.Machine.Race	settled
Effect4.Machine.driveStep	Effect4.Machine.RunMachine.updateRace	Effect4.Machine.Race	programs
Effect4.Machine.driveStep	Effect4.Machine.RunMachine.updateRace	Effect4.Machine.Race	registering
Effect4.Machine.driveStep	Effect4.Machine.RunMachine.updateRace	Effect4.Machine.Race	nextSite
Effect4.Machine.driveStep	Effect4.Machine.Race.id	Effect4.Machine.Race	id
Effect4.Machine.driveStep	Effect4.Machine.Race.nextSite	Effect4.Machine.Race	nextSite
Effect4.Machine.driveStep	Effect4.Machine.Race.registering	Effect4.Machine.Race	registering
Effect4.Machine.driveStep	Effect4.Machine.Race.programs	Effect4.Machine.Race	programs
Effect4.Machine.driveStep	Effect4.Machine.Race.settled	Effect4.Machine.Race	settled
Effect4.Machine.driveStep	Effect4.Machine.Race.token	Effect4.Machine.Race	token
Effect4.Machine.driveStep	Effect4.Machine.Race.host	Effect4.Machine.Race	host
Effect4.Machine.driveStep	Effect4.Machine.Race.state	Effect4.Supervision.RaceAllState	unstarted
Effect4.Machine.driveStep	Effect4.Machine.Race.state	Effect4.Supervision.RaceAllState	starting
Effect4.Machine.driveStep	Effect4.Machine.Race.state	Effect4.Supervision.RaceAllState	live
Effect4.Machine.driveStep	Effect4.Machine.Race.state	Effect4.Supervision.RaceAllState	remaining
Effect4.Machine.driveStep	Effect4.Machine.Race.state	Effect4.Supervision.RaceAllState	failures
Effect4.Machine.driveStep	Effect4.Machine.Race.state	Effect4.Supervision.RaceAllState	winner
Effect4.Machine.driveStep	Effect4.Machine.Race.state	Effect4.Supervision.RaceAllState	accepted
Effect4.Machine.driveStep	Effect4.Machine.Race.state	Effect4.Supervision.RaceAllState	cleanupNeeded
Effect4.Machine.driveStep	Effect4.Machine.Race.state	Effect4.Supervision.RaceAllState	requests
Effect4.Machine.driveStep	Effect4.Machine.Race.state	Effect4.Supervision.RaceAllState	cleanup
Effect4.Machine.driveStep	Effect4.Machine.Race.state	Effect4.Supervision.RaceAllState	cleanupRequested
Effect4.Machine.driveStep	Effect4.Machine.Race.state	Effect4.Machine.Race	state
Effect4.Machine.driveStep	Effect4.Supervision.raceComplete	Effect4.Supervision.RaceAllState	unstarted
Effect4.Machine.driveStep	Effect4.Supervision.raceComplete	Effect4.Supervision.RaceAllState	starting
Effect4.Machine.driveStep	Effect4.Supervision.raceComplete	Effect4.Supervision.RaceAllState	live
Effect4.Machine.driveStep	Effect4.Supervision.raceComplete	Effect4.Supervision.RaceAllState	remaining
Effect4.Machine.driveStep	Effect4.Supervision.raceComplete	Effect4.Supervision.RaceAllState	failures
Effect4.Machine.driveStep	Effect4.Supervision.raceComplete	Effect4.Supervision.RaceAllState	winner
Effect4.Machine.driveStep	Effect4.Supervision.raceComplete	Effect4.Supervision.RaceAllState	accepted
Effect4.Machine.driveStep	Effect4.Supervision.raceComplete	Effect4.Supervision.RaceAllState	cleanupNeeded
Effect4.Machine.driveStep	Effect4.Supervision.raceComplete	Effect4.Supervision.RaceAllState	requests
Effect4.Machine.driveStep	Effect4.Supervision.raceComplete	Effect4.Supervision.RaceAllState	cleanup
Effect4.Machine.driveStep	Effect4.Supervision.raceComplete	Effect4.Supervision.RaceAllState	cleanupRequested
Effect4.Machine.driveStep	Effect4.Supervision.raceComplete	Effect4.Supervision.WaitState	targets
Effect4.Machine.driveStep	Effect4.Supervision.raceComplete	Effect4.Supervision.WaitState	published
Effect4.Machine.driveStep	Effect4.Supervision.raceComplete	Effect4.Supervision.WaitState	result
Effect4.Machine.driveStep	Effect4.Supervision.RaceAllState.cleanupRequested	Effect4.Supervision.RaceAllState	cleanupRequested
Effect4.Machine.driveStep	Effect4.Supervision.RaceAllState.cleanup	Effect4.Supervision.RaceAllState	cleanup
Effect4.Machine.driveStep	Effect4.Supervision.WaitState.result	Effect4.Supervision.WaitState	result
Effect4.Machine.driveStep	Effect4.Supervision.WaitState.published	Effect4.Supervision.WaitState	published
Effect4.Machine.driveStep	Effect4.Supervision.WaitState.targets	Effect4.Supervision.WaitState	targets
Effect4.Machine.driveStep	Effect4.Supervision.WaitState.pending	Effect4.Supervision.WaitState	published
Effect4.Machine.driveStep	Effect4.Supervision.WaitState.pending	Effect4.Supervision.WaitState	targets
Effect4.Machine.driveStep	Effect4.Supervision.RaceAllState.requests	Effect4.Supervision.RaceAllState	requests
Effect4.Machine.driveStep	Effect4.Supervision.RaceAllState.winner	Effect4.Supervision.RaceAllState	winner
Effect4.Machine.driveStep	Effect4.Supervision.RaceAllState.failures	Effect4.Supervision.RaceAllState	failures
Effect4.Machine.driveStep	Effect4.Supervision.RaceAllState.remaining	Effect4.Supervision.RaceAllState	remaining
Effect4.Machine.driveStep	Effect4.Supervision.RaceAllState.starting	Effect4.Supervision.RaceAllState	starting
Effect4.Machine.driveStep	Effect4.Supervision.RaceAllState.unstarted	Effect4.Supervision.RaceAllState	unstarted
Effect4.Machine.driveStep	Effect4.Supervision.RaceAllState.live	Effect4.Supervision.RaceAllState	live
Effect4.Machine.driveStep	Effect4.Machine.RunMachine.race?	Effect4.Machine.Race	id
Effect4.Machine.driveStep	Effect4.Machine.registerRace.match_1	Effect4.Machine.Race	id
Effect4.Machine.driveStep	Effect4.Machine.registerRace.match_1	Effect4.Machine.Race	host
Effect4.Machine.driveStep	Effect4.Machine.registerRace.match_1	Effect4.Machine.Race	token
Effect4.Machine.driveStep	Effect4.Machine.registerRace.match_1	Effect4.Machine.Race	state
Effect4.Machine.driveStep	Effect4.Machine.registerRace.match_1	Effect4.Machine.Race	settled
Effect4.Machine.driveStep	Effect4.Machine.registerRace.match_1	Effect4.Machine.Race	programs
Effect4.Machine.driveStep	Effect4.Machine.registerRace.match_1	Effect4.Machine.Race	registering
Effect4.Machine.driveStep	Effect4.Machine.registerRace.match_1	Effect4.Machine.Race	nextSite
Effect4.Machine.driveStep	Effect4.Machine.countdownPark.resumePrim	Effect4.Machine.Resume	continueWith.name
Effect4.Machine.driveStep	Effect4.Machine.countdownPark.resumePrim.match_1	Effect4.Machine.Resume	continueWith.name
Effect4.Machine.driveStep	Effect4.Machine.Resume.casesOn	Effect4.Machine.Resume	continueWith.name
Effect4.Machine.driveStep	Effect4.Machine.Pending.resumeWith	Effect4.Machine.Resume	continueWith.name
Effect4.Machine.driveStep	Effect4.Machine.Pending.resumeWith	Effect4.Machine.Pending	resumeWith
Effect4.Machine.driveStep	Effect4.Machine.countdownWalk._f	Effect4.Machine.RunFiber	exit
Effect4.Machine.driveStep	Effect4.Machine.Pending.remaining	Effect4.Machine.Pending	remaining
Effect4.Machine.driveStep	Effect4.Machine.interruptEach	Effect4.Machine.RunFiber	id
Effect4.Machine.driveStep	Effect4.Machine.interruptEach	Effect4.Machine.RunFiber	frame
Effect4.Machine.driveStep	Effect4.Machine.interruptEach	Effect4.Machine.RunFiber	running
Effect4.Machine.driveStep	Effect4.Machine.interruptEach	Effect4.Machine.RunFiber	parked
Effect4.Machine.driveStep	Effect4.Machine.interruptEach	Effect4.Machine.RunFiber	pending
Effect4.Machine.driveStep	Effect4.Machine.interruptEach	Effect4.Machine.RunFiber	finalizing
Effect4.Machine.driveStep	Effect4.Machine.interruptEach	Effect4.Machine.RunFiber	exit
Effect4.Machine.driveStep	Effect4.Machine.interruptEach	Effect4.Machine.RunFiber	currentOpCount
Effect4.Machine.driveStep	Effect4.Machine.interruptEach	Effect4.Machine.RunFiber	maxOpsBeforeYield
Effect4.Machine.driveStep	Effect4.Machine.interruptEach	Effect4.Machine.RunFiber	preventYield
Effect4.Machine.driveStep	Effect4.Machine.interruptEach	Effect4.Machine.RunFiber	yieldOverride
Effect4.Machine.driveStep	Effect4.Machine.interruptEach	Effect4.Machine.RunFiber	observers
Effect4.Machine.driveStep	Effect4.Machine.interruptEach	Effect4.Machine.RunFiber	children
Effect4.Machine.driveStep	Effect4.Machine.interruptEach	Effect4.Machine.RunFiber	dispatcher
Effect4.Machine.driveStep	Effect4.Machine.interruptEach	Effect4.Machine.RunFiber	context
Effect4.Machine.driveStep	Effect4.Machine.interruptEach	Effect4.Machine.RunFiber	origin
Effect4.Machine.driveStep	Effect4.Machine.interruptEach	Effect4.Machine.RunEvent	forked.parent
Effect4.Machine.driveStep	Effect4.Machine.interruptEach	Effect4.Machine.RunEvent	forked.child
Effect4.Machine.driveStep	Effect4.Machine.interruptEach	Effect4.Machine.RunEvent	forked.daemon
Effect4.Machine.driveStep	Effect4.Machine.interruptEach	Effect4.Machine.RunEvent	started.fiber
Effect4.Machine.driveStep	Effect4.Machine.interruptEach	Effect4.Machine.RunEvent	scheduledTask.owner
Effect4.Machine.driveStep	Effect4.Machine.interruptEach	Effect4.Machine.RunEvent	scheduledTask.priority
Effect4.Machine.driveStep	Effect4.Machine.interruptEach	Effect4.Machine.RunEvent	scheduledTask.task
Effect4.Machine.driveStep	Effect4.Machine.interruptEach	Effect4.Machine.RunEvent	ranTask.owner
Effect4.Machine.driveStep	Effect4.Machine.interruptEach	Effect4.Machine.RunEvent	ranTask.task
Effect4.Machine.driveStep	Effect4.Machine.interruptEach	Effect4.Machine.RunEvent	yieldInjected.fiber
Effect4.Machine.driveStep	Effect4.Machine.interruptEach	Effect4.Machine.RunEvent	yieldInjected.atOp
Effect4.Machine.driveStep	Effect4.Machine.interruptEach	Effect4.Machine.RunEvent	parkedOn.fiber
Effect4.Machine.driveStep	Effect4.Machine.interruptEach	Effect4.Machine.RunEvent	parkedOn.token
Effect4.Machine.driveStep	Effect4.Machine.interruptEach	Effect4.Machine.RunEvent	resumedWith.fiber
Effect4.Machine.driveStep	Effect4.Machine.interruptEach	Effect4.Machine.RunEvent	resumedWith.token
Effect4.Machine.driveStep	Effect4.Machine.interruptEach	Effect4.Machine.RunEvent	resumedWith.answer
Effect4.Machine.driveStep	Effect4.Machine.interruptEach	Effect4.Machine.RunEvent	interruptRecorded.interruptor
Effect4.Machine.driveStep	Effect4.Machine.interruptEach	Effect4.Machine.RunEvent	interruptRecorded.target
Effect4.Machine.driveStep	Effect4.Machine.interruptEach	Effect4.Machine.RunEvent	interruptDeferred.target
Effect4.Machine.driveStep	Effect4.Machine.interruptEach	Effect4.Machine.RunEvent	childrenInterrupted.parent
Effect4.Machine.driveStep	Effect4.Machine.interruptEach	Effect4.Machine.RunEvent	childrenInterrupted.children
Effect4.Machine.driveStep	Effect4.Machine.interruptEach	Effect4.Machine.RunEvent	observerFired.fiber
Effect4.Machine.driveStep	Effect4.Machine.interruptEach	Effect4.Machine.RunEvent	observerFired.observer
Effect4.Machine.driveStep	Effect4.Machine.interruptEach	Effect4.Machine.RunEvent	frame.fiber
Effect4.Machine.driveStep	Effect4.Machine.interruptEach	Effect4.Machine.RunEvent	frame.event
Effect4.Machine.driveStep	Effect4.Machine.interruptEach	Effect4.Machine.RunEvent	finalizerProgram.fiber
Effect4.Machine.driveStep	Effect4.Machine.interruptEach	Effect4.Machine.RunEvent	finalizerProgram.finalizer
Effect4.Machine.driveStep	Effect4.Machine.interruptEach	Effect4.Machine.RunEvent	finalizerProgram.exit
Effect4.Machine.driveStep	Effect4.Machine.interruptEach	Effect4.Machine.RunEvent	scopeLinked.mode
Effect4.Machine.driveStep	Effect4.Machine.interruptEach	Effect4.Machine.RunEvent	scopeLinked.scope
Effect4.Machine.driveStep	Effect4.Machine.interruptEach	Effect4.Machine.RunEvent	scopeLinked.key
Effect4.Machine.driveStep	Effect4.Machine.interruptEach	Effect4.Machine.RunEvent	scopeLinked.fiber
Effect4.Machine.driveStep	Effect4.Machine.interruptEach	Effect4.Machine.RunEvent	scopeClosedOnLink.scope
Effect4.Machine.driveStep	Effect4.Machine.interruptEach	Effect4.Machine.RunEvent	scopeClosedOnLink.fiber
Effect4.Machine.driveStep	Effect4.Machine.interruptEach	Effect4.Machine.RunEvent	raceStarted.race
Effect4.Machine.driveStep	Effect4.Machine.interruptEach	Effect4.Machine.RunEvent	raceStarted.host
Effect4.Machine.driveStep	Effect4.Machine.interruptEach	Effect4.Machine.RunEvent	raceStarted.entrants
Effect4.Machine.driveStep	Effect4.Machine.interruptEach	Effect4.Machine.RunEvent	raceLaunched.race
Effect4.Machine.driveStep	Effect4.Machine.interruptEach	Effect4.Machine.RunEvent	raceLaunched.entrant
Effect4.Machine.driveStep	Effect4.Machine.interruptEach	Effect4.Machine.RunEvent	raceSettled.race
Effect4.Machine.driveStep	Effect4.Machine.interruptEach	Effect4.Machine.RunEvent	raceSettled.exit
Effect4.Machine.driveStep	Effect4.Machine.interruptEach	Effect4.Machine.RunEvent	contextSet.fiber
Effect4.Machine.driveStep	Effect4.Machine.interruptEach	Effect4.Machine.RunEvent	contextSet.context
Effect4.Machine.driveStep	Effect4.Machine.interruptEach	Effect4.Machine.RunEvent	callback.key
Effect4.Machine.driveStep	Effect4.Machine.interruptEach	Effect4.Machine.RunEvent	callback.exit
Effect4.Machine.driveStep	Effect4.Machine.interruptEach	Effect4.Machine.RunEvent	exited.fiber
Effect4.Machine.driveStep	Effect4.Machine.interruptEach	Effect4.Machine.RunEvent	exited.exit
Effect4.Machine.driveStep	Effect4.Machine.interruptEach	Effect4.Machine.Cmd	evaluate.fiber
Effect4.Machine.driveStep	Effect4.Machine.interruptEach	Effect4.Machine.Cmd	loop.fiber
Effect4.Machine.driveStep	Effect4.Machine.interruptEach	Effect4.Machine.Cmd	loop.yielding
Effect4.Machine.driveStep	Effect4.Machine.interruptEach	Effect4.Machine.Cmd	deliver.fiber
Effect4.Machine.driveStep	Effect4.Machine.interruptEach	Effect4.Machine.Cmd	deliver.yielding
Effect4.Machine.driveStep	Effect4.Machine.interruptEach	Effect4.Machine.Cmd	finish.fiber
Effect4.Machine.driveStep	Effect4.Machine.interruptEach	Effect4.Machine.Cmd	finish.exit
Effect4.Machine.driveStep	Effect4.Machine.interruptEach	Effect4.Machine.Cmd	resume.fiber
Effect4.Machine.driveStep	Effect4.Machine.interruptEach	Effect4.Machine.Cmd	resume.token
Effect4.Machine.driveStep	Effect4.Machine.interruptEach	Effect4.Machine.Cmd	resume.answer
Effect4.Machine.driveStep	Effect4.Machine.interruptEach	Effect4.Machine.Cmd	launch.race
Effect4.Machine.driveStep	Effect4.Machine.interruptEach	Effect4.Machine.Cmd	enrollRace.race
Effect4.Machine.driveStep	Effect4.Machine.interruptEach	Effect4.Machine.Cmd	enrollRace.child
Effect4.Machine.driveStep	Effect4.Machine.interruptEach	Effect4.Machine.Cmd	registrationDone.race
Effect4.Machine.driveStep	Effect4.Machine.interruptEach	Effect4.Machine.Cmd	registrationDone.yielding
Effect4.Machine.driveStep	Effect4.Machine.interruptEach	Effect4.Machine.Cmd	interruptTarget.target
Effect4.Machine.driveStep	Effect4.Machine.interruptEach	Effect4.Machine.Cmd	interruptTarget.who
Effect4.Machine.driveStep	Effect4.Machine.interruptEach	Effect4.Machine.Cmd	interruptTarget.extra
Effect4.Machine.driveStep	Effect4.Machine.interruptEach	Effect4.Machine.Cmd	afterInterrupt.host
Effect4.Machine.driveStep	Effect4.Machine.interruptEach	Effect4.Machine.Cmd	afterInterrupt.yielding
Effect4.Machine.driveStep	Effect4.Machine.interruptEach	Effect4.Machine.Cmd	afterInterrupt.kind
Effect4.Machine.driveStep	Effect4.Machine.interruptEach	Effect4.Machine.Cmd	raceCancel.race
Effect4.Machine.driveStep	Effect4.Machine.interruptEach	Effect4.Machine.Cmd	raceCancel.host
Effect4.Machine.driveStep	Effect4.Machine.interruptEach	Effect4.Machine.Cmd	raceCancel.yielding
Effect4.Machine.driveStep	Effect4.Machine.interruptEach	Effect4.Machine.Cmd	raceCancel.remaining
Effect4.Machine.driveStep	Effect4.Machine.interruptEach	Effect4.Machine.Cmd	raceCancel.visited
Effect4.Machine.driveStep	Effect4.Machine.interruptEach	Effect4.Machine.Cmd	trackChild.parent
Effect4.Machine.driveStep	Effect4.Machine.interruptEach	Effect4.Machine.Cmd	trackChild.child
Effect4.Machine.driveStep	Effect4.Machine.interruptEach	Effect4.Machine.Cmd	observe.fiber
Effect4.Machine.driveStep	Effect4.Machine.interruptEach	Effect4.Machine.Cmd	observe.exit
Effect4.Machine.driveStep	Effect4.Machine.interruptEach	Effect4.Machine.Cmd	observe.observer
Effect4.Machine.driveStep	Effect4.Machine.interruptEach	Effect4.Machine.Cmd	exitDone.fiber
Effect4.Machine.driveStep	Effect4.Machine.interruptEach	Effect4.Machine.Cmd	closeParAwait.host
Effect4.Machine.driveStep	Effect4.Machine.interruptEach	Effect4.Machine.Cmd	closeParAwait.yielding
Effect4.Machine.driveStep	Effect4.Machine.interruptEach	Effect4.Machine.Cmd	closeParAwait.fibers
Effect4.Machine.driveStep	Effect4.Machine.interruptEach	Effect4.Machine.Cmd	link.mode
Effect4.Machine.driveStep	Effect4.Machine.interruptEach	Effect4.Machine.Cmd	link.scope
Effect4.Machine.driveStep	Effect4.Machine.interruptEach	Effect4.Machine.Cmd	link.target
Effect4.Machine.driveStep	Effect4.Machine.interruptEach	Effect4.Machine.Cmd	link.interruptor
Effect4.Machine.driveStep	Effect4.Machine.interruptEach	Effect4.Machine.Cmd	link.extra
Effect4.Machine.driveStep	Effect4.Machine.interruptEach	Effect4.Machine.Cmd	wake.list
Effect4.Machine.driveStep	Effect4.Machine.interruptEach	Effect4.Machine.Cmd	wake.phase
Effect4.Machine.driveStep	Effect4.Machine.Pending.failFast	Effect4.Machine.Pending	failFast
Effect4.Machine.driveStep	Effect4.Machine.Pending.collected	Effect4.Machine.Pending	collected
Effect4.Machine.driveStep	Effect4.Machine.fireObserver.match_5	Effect4.Machine.Pending	token
Effect4.Machine.driveStep	Effect4.Machine.fireObserver.match_5	Effect4.Machine.Pending	waitingOn
Effect4.Machine.driveStep	Effect4.Machine.fireObserver.match_5	Effect4.Machine.Pending	remaining
Effect4.Machine.driveStep	Effect4.Machine.fireObserver.match_5	Effect4.Machine.Pending	collected
Effect4.Machine.driveStep	Effect4.Machine.fireObserver.match_5	Effect4.Machine.Pending	resumeWith
Effect4.Machine.driveStep	Effect4.Machine.fireObserver.match_5	Effect4.Machine.Pending	failFast
Effect4.Machine.driveStep	Effect4.Machine.driveStep.match_5	Effect4.Machine.Race	id
Effect4.Machine.driveStep	Effect4.Machine.driveStep.match_5	Effect4.Machine.Race	host
Effect4.Machine.driveStep	Effect4.Machine.driveStep.match_5	Effect4.Machine.Race	token
Effect4.Machine.driveStep	Effect4.Machine.driveStep.match_5	Effect4.Machine.Race	state
Effect4.Machine.driveStep	Effect4.Machine.driveStep.match_5	Effect4.Machine.Race	settled
Effect4.Machine.driveStep	Effect4.Machine.driveStep.match_5	Effect4.Machine.Race	programs
Effect4.Machine.driveStep	Effect4.Machine.driveStep.match_5	Effect4.Machine.Race	registering
Effect4.Machine.driveStep	Effect4.Machine.driveStep.match_5	Effect4.Machine.Race	nextSite
Effect4.Machine.driveStep	Effect4.Machine.driveStep.match_5	Effect4.Machine.RunFiber	id
Effect4.Machine.driveStep	Effect4.Machine.driveStep.match_5	Effect4.Machine.RunFiber	frame
Effect4.Machine.driveStep	Effect4.Machine.driveStep.match_5	Effect4.Machine.RunFiber	running
Effect4.Machine.driveStep	Effect4.Machine.driveStep.match_5	Effect4.Machine.RunFiber	parked
Effect4.Machine.driveStep	Effect4.Machine.driveStep.match_5	Effect4.Machine.RunFiber	pending
Effect4.Machine.driveStep	Effect4.Machine.driveStep.match_5	Effect4.Machine.RunFiber	finalizing
Effect4.Machine.driveStep	Effect4.Machine.driveStep.match_5	Effect4.Machine.RunFiber	exit
Effect4.Machine.driveStep	Effect4.Machine.driveStep.match_5	Effect4.Machine.RunFiber	currentOpCount
Effect4.Machine.driveStep	Effect4.Machine.driveStep.match_5	Effect4.Machine.RunFiber	maxOpsBeforeYield
Effect4.Machine.driveStep	Effect4.Machine.driveStep.match_5	Effect4.Machine.RunFiber	preventYield
Effect4.Machine.driveStep	Effect4.Machine.driveStep.match_5	Effect4.Machine.RunFiber	yieldOverride
Effect4.Machine.driveStep	Effect4.Machine.driveStep.match_5	Effect4.Machine.RunFiber	observers
Effect4.Machine.driveStep	Effect4.Machine.driveStep.match_5	Effect4.Machine.RunFiber	children
Effect4.Machine.driveStep	Effect4.Machine.driveStep.match_5	Effect4.Machine.RunFiber	dispatcher
Effect4.Machine.driveStep	Effect4.Machine.driveStep.match_5	Effect4.Machine.RunFiber	context
Effect4.Machine.driveStep	Effect4.Machine.driveStep.match_5	Effect4.Machine.RunFiber	origin
Effect4.Machine.driveStep	Effect4.Machine.launchEntrant	Effect4.Machine.RunFiber	id
Effect4.Machine.driveStep	Effect4.Machine.launchEntrant	Effect4.Machine.RunFiber	frame
Effect4.Machine.driveStep	Effect4.Machine.launchEntrant	Effect4.Machine.RunFiber	running
Effect4.Machine.driveStep	Effect4.Machine.launchEntrant	Effect4.Machine.RunFiber	parked
Effect4.Machine.driveStep	Effect4.Machine.launchEntrant	Effect4.Machine.RunFiber	pending
Effect4.Machine.driveStep	Effect4.Machine.launchEntrant	Effect4.Machine.RunFiber	finalizing
Effect4.Machine.driveStep	Effect4.Machine.launchEntrant	Effect4.Machine.RunFiber	exit
Effect4.Machine.driveStep	Effect4.Machine.launchEntrant	Effect4.Machine.RunFiber	currentOpCount
Effect4.Machine.driveStep	Effect4.Machine.launchEntrant	Effect4.Machine.RunFiber	maxOpsBeforeYield
Effect4.Machine.driveStep	Effect4.Machine.launchEntrant	Effect4.Machine.RunFiber	preventYield
Effect4.Machine.driveStep	Effect4.Machine.launchEntrant	Effect4.Machine.RunFiber	yieldOverride
Effect4.Machine.driveStep	Effect4.Machine.launchEntrant	Effect4.Machine.RunFiber	observers
Effect4.Machine.driveStep	Effect4.Machine.launchEntrant	Effect4.Machine.RunFiber	children
Effect4.Machine.driveStep	Effect4.Machine.launchEntrant	Effect4.Machine.RunFiber	dispatcher
Effect4.Machine.driveStep	Effect4.Machine.launchEntrant	Effect4.Machine.RunFiber	context
Effect4.Machine.driveStep	Effect4.Machine.launchEntrant	Effect4.Machine.RunFiber	origin
Effect4.Machine.driveStep	Effect4.Machine.spawn	Effect4.Machine.RunFiber	frame
Effect4.Machine.driveStep	Effect4.Machine.spawn	Effect4.Machine.RunFiber	id
Effect4.Machine.driveStep	Effect4.Machine.spawn	Effect4.Machine.RunFiber	running
Effect4.Machine.driveStep	Effect4.Machine.spawn	Effect4.Machine.RunFiber	parked
Effect4.Machine.driveStep	Effect4.Machine.spawn	Effect4.Machine.RunFiber	pending
Effect4.Machine.driveStep	Effect4.Machine.spawn	Effect4.Machine.RunFiber	finalizing
Effect4.Machine.driveStep	Effect4.Machine.spawn	Effect4.Machine.RunFiber	exit
Effect4.Machine.driveStep	Effect4.Machine.spawn	Effect4.Machine.RunFiber	currentOpCount
Effect4.Machine.driveStep	Effect4.Machine.spawn	Effect4.Machine.RunFiber	maxOpsBeforeYield
Effect4.Machine.driveStep	Effect4.Machine.spawn	Effect4.Machine.RunFiber	preventYield
Effect4.Machine.driveStep	Effect4.Machine.spawn	Effect4.Machine.RunFiber	yieldOverride
Effect4.Machine.driveStep	Effect4.Machine.spawn	Effect4.Machine.RunFiber	observers
Effect4.Machine.driveStep	Effect4.Machine.spawn	Effect4.Machine.RunFiber	children
Effect4.Machine.driveStep	Effect4.Machine.spawn	Effect4.Machine.RunFiber	dispatcher
Effect4.Machine.driveStep	Effect4.Machine.spawn	Effect4.Machine.RunFiber	context
Effect4.Machine.driveStep	Effect4.Machine.spawn	Effect4.Machine.RunFiber	origin
Effect4.Machine.driveStep	Effect4.Machine.spawn	Effect4.Machine.RunEvent	forked.parent
Effect4.Machine.driveStep	Effect4.Machine.spawn	Effect4.Machine.RunEvent	forked.child
Effect4.Machine.driveStep	Effect4.Machine.spawn	Effect4.Machine.RunEvent	forked.daemon
Effect4.Machine.driveStep	Effect4.Machine.spawn	Effect4.Machine.RunEvent	started.fiber
Effect4.Machine.driveStep	Effect4.Machine.spawn	Effect4.Machine.RunEvent	scheduledTask.owner
Effect4.Machine.driveStep	Effect4.Machine.spawn	Effect4.Machine.RunEvent	scheduledTask.priority
Effect4.Machine.driveStep	Effect4.Machine.spawn	Effect4.Machine.RunEvent	scheduledTask.task
Effect4.Machine.driveStep	Effect4.Machine.spawn	Effect4.Machine.RunEvent	ranTask.owner
Effect4.Machine.driveStep	Effect4.Machine.spawn	Effect4.Machine.RunEvent	ranTask.task
Effect4.Machine.driveStep	Effect4.Machine.spawn	Effect4.Machine.RunEvent	yieldInjected.fiber
Effect4.Machine.driveStep	Effect4.Machine.spawn	Effect4.Machine.RunEvent	yieldInjected.atOp
Effect4.Machine.driveStep	Effect4.Machine.spawn	Effect4.Machine.RunEvent	parkedOn.fiber
Effect4.Machine.driveStep	Effect4.Machine.spawn	Effect4.Machine.RunEvent	parkedOn.token
Effect4.Machine.driveStep	Effect4.Machine.spawn	Effect4.Machine.RunEvent	resumedWith.fiber
Effect4.Machine.driveStep	Effect4.Machine.spawn	Effect4.Machine.RunEvent	resumedWith.token
Effect4.Machine.driveStep	Effect4.Machine.spawn	Effect4.Machine.RunEvent	resumedWith.answer
Effect4.Machine.driveStep	Effect4.Machine.spawn	Effect4.Machine.RunEvent	interruptRecorded.interruptor
Effect4.Machine.driveStep	Effect4.Machine.spawn	Effect4.Machine.RunEvent	interruptRecorded.target
Effect4.Machine.driveStep	Effect4.Machine.spawn	Effect4.Machine.RunEvent	interruptDeferred.target
Effect4.Machine.driveStep	Effect4.Machine.spawn	Effect4.Machine.RunEvent	childrenInterrupted.parent
Effect4.Machine.driveStep	Effect4.Machine.spawn	Effect4.Machine.RunEvent	childrenInterrupted.children
Effect4.Machine.driveStep	Effect4.Machine.spawn	Effect4.Machine.RunEvent	observerFired.fiber
Effect4.Machine.driveStep	Effect4.Machine.spawn	Effect4.Machine.RunEvent	observerFired.observer
Effect4.Machine.driveStep	Effect4.Machine.spawn	Effect4.Machine.RunEvent	frame.fiber
Effect4.Machine.driveStep	Effect4.Machine.spawn	Effect4.Machine.RunEvent	frame.event
Effect4.Machine.driveStep	Effect4.Machine.spawn	Effect4.Machine.RunEvent	finalizerProgram.fiber
Effect4.Machine.driveStep	Effect4.Machine.spawn	Effect4.Machine.RunEvent	finalizerProgram.finalizer
Effect4.Machine.driveStep	Effect4.Machine.spawn	Effect4.Machine.RunEvent	finalizerProgram.exit
Effect4.Machine.driveStep	Effect4.Machine.spawn	Effect4.Machine.RunEvent	scopeLinked.mode
Effect4.Machine.driveStep	Effect4.Machine.spawn	Effect4.Machine.RunEvent	scopeLinked.scope
Effect4.Machine.driveStep	Effect4.Machine.spawn	Effect4.Machine.RunEvent	scopeLinked.key
Effect4.Machine.driveStep	Effect4.Machine.spawn	Effect4.Machine.RunEvent	scopeLinked.fiber
Effect4.Machine.driveStep	Effect4.Machine.spawn	Effect4.Machine.RunEvent	scopeClosedOnLink.scope
Effect4.Machine.driveStep	Effect4.Machine.spawn	Effect4.Machine.RunEvent	scopeClosedOnLink.fiber
Effect4.Machine.driveStep	Effect4.Machine.spawn	Effect4.Machine.RunEvent	raceStarted.race
Effect4.Machine.driveStep	Effect4.Machine.spawn	Effect4.Machine.RunEvent	raceStarted.host
Effect4.Machine.driveStep	Effect4.Machine.spawn	Effect4.Machine.RunEvent	raceStarted.entrants
Effect4.Machine.driveStep	Effect4.Machine.spawn	Effect4.Machine.RunEvent	raceLaunched.race
Effect4.Machine.driveStep	Effect4.Machine.spawn	Effect4.Machine.RunEvent	raceLaunched.entrant
Effect4.Machine.driveStep	Effect4.Machine.spawn	Effect4.Machine.RunEvent	raceSettled.race
Effect4.Machine.driveStep	Effect4.Machine.spawn	Effect4.Machine.RunEvent	raceSettled.exit
Effect4.Machine.driveStep	Effect4.Machine.spawn	Effect4.Machine.RunEvent	contextSet.fiber
Effect4.Machine.driveStep	Effect4.Machine.spawn	Effect4.Machine.RunEvent	contextSet.context
Effect4.Machine.driveStep	Effect4.Machine.spawn	Effect4.Machine.RunEvent	callback.key
Effect4.Machine.driveStep	Effect4.Machine.spawn	Effect4.Machine.RunEvent	callback.exit
Effect4.Machine.driveStep	Effect4.Machine.spawn	Effect4.Machine.RunEvent	exited.fiber
Effect4.Machine.driveStep	Effect4.Machine.spawn	Effect4.Machine.RunEvent	exited.exit
Effect4.Machine.driveStep	Effect4.Machine.RunFiber.make	Effect4.Machine.RunFiber	id
Effect4.Machine.driveStep	Effect4.Machine.RunFiber.make	Effect4.Machine.RunFiber	frame
Effect4.Machine.driveStep	Effect4.Machine.RunFiber.make	Effect4.Machine.RunFiber	running
Effect4.Machine.driveStep	Effect4.Machine.RunFiber.make	Effect4.Machine.RunFiber	parked
Effect4.Machine.driveStep	Effect4.Machine.RunFiber.make	Effect4.Machine.RunFiber	pending
Effect4.Machine.driveStep	Effect4.Machine.RunFiber.make	Effect4.Machine.RunFiber	finalizing
Effect4.Machine.driveStep	Effect4.Machine.RunFiber.make	Effect4.Machine.RunFiber	exit
Effect4.Machine.driveStep	Effect4.Machine.RunFiber.make	Effect4.Machine.RunFiber	currentOpCount
Effect4.Machine.driveStep	Effect4.Machine.RunFiber.make	Effect4.Machine.RunFiber	maxOpsBeforeYield
Effect4.Machine.driveStep	Effect4.Machine.RunFiber.make	Effect4.Machine.RunFiber	preventYield
Effect4.Machine.driveStep	Effect4.Machine.RunFiber.make	Effect4.Machine.RunFiber	yieldOverride
Effect4.Machine.driveStep	Effect4.Machine.RunFiber.make	Effect4.Machine.RunFiber	observers
Effect4.Machine.driveStep	Effect4.Machine.RunFiber.make	Effect4.Machine.RunFiber	children
Effect4.Machine.driveStep	Effect4.Machine.RunFiber.make	Effect4.Machine.RunFiber	dispatcher
Effect4.Machine.driveStep	Effect4.Machine.RunFiber.make	Effect4.Machine.RunFiber	context
Effect4.Machine.driveStep	Effect4.Machine.RunFiber.make	Effect4.Machine.RunFiber	origin
Effect4.Machine.driveStep	Effect4.Machine.launchEntrant.match_1	Effect4.Machine.RunFiber	id
Effect4.Machine.driveStep	Effect4.Machine.launchEntrant.match_1	Effect4.Machine.RunFiber	frame
Effect4.Machine.driveStep	Effect4.Machine.launchEntrant.match_1	Effect4.Machine.RunFiber	running
Effect4.Machine.driveStep	Effect4.Machine.launchEntrant.match_1	Effect4.Machine.RunFiber	parked
Effect4.Machine.driveStep	Effect4.Machine.launchEntrant.match_1	Effect4.Machine.RunFiber	pending
Effect4.Machine.driveStep	Effect4.Machine.launchEntrant.match_1	Effect4.Machine.RunFiber	finalizing
Effect4.Machine.driveStep	Effect4.Machine.launchEntrant.match_1	Effect4.Machine.RunFiber	exit
Effect4.Machine.driveStep	Effect4.Machine.launchEntrant.match_1	Effect4.Machine.RunFiber	currentOpCount
Effect4.Machine.driveStep	Effect4.Machine.launchEntrant.match_1	Effect4.Machine.RunFiber	maxOpsBeforeYield
Effect4.Machine.driveStep	Effect4.Machine.launchEntrant.match_1	Effect4.Machine.RunFiber	preventYield
Effect4.Machine.driveStep	Effect4.Machine.launchEntrant.match_1	Effect4.Machine.RunFiber	yieldOverride
Effect4.Machine.driveStep	Effect4.Machine.launchEntrant.match_1	Effect4.Machine.RunFiber	observers
Effect4.Machine.driveStep	Effect4.Machine.launchEntrant.match_1	Effect4.Machine.RunFiber	children
Effect4.Machine.driveStep	Effect4.Machine.launchEntrant.match_1	Effect4.Machine.RunFiber	dispatcher
Effect4.Machine.driveStep	Effect4.Machine.launchEntrant.match_1	Effect4.Machine.RunFiber	context
Effect4.Machine.driveStep	Effect4.Machine.launchEntrant.match_1	Effect4.Machine.RunFiber	origin
Effect4.Machine.driveStep	Effect4.Machine.iteration	Effect4.Machine.RunFiber	id
Effect4.Machine.driveStep	Effect4.Machine.iteration	Effect4.Machine.RunFiber	frame
Effect4.Machine.driveStep	Effect4.Machine.iteration	Effect4.Machine.RunFiber	running
Effect4.Machine.driveStep	Effect4.Machine.iteration	Effect4.Machine.RunFiber	parked
Effect4.Machine.driveStep	Effect4.Machine.iteration	Effect4.Machine.RunFiber	pending
Effect4.Machine.driveStep	Effect4.Machine.iteration	Effect4.Machine.RunFiber	finalizing
Effect4.Machine.driveStep	Effect4.Machine.iteration	Effect4.Machine.RunFiber	exit
Effect4.Machine.driveStep	Effect4.Machine.iteration	Effect4.Machine.RunFiber	currentOpCount
Effect4.Machine.driveStep	Effect4.Machine.iteration	Effect4.Machine.RunFiber	maxOpsBeforeYield
Effect4.Machine.driveStep	Effect4.Machine.iteration	Effect4.Machine.RunFiber	preventYield
Effect4.Machine.driveStep	Effect4.Machine.iteration	Effect4.Machine.RunFiber	yieldOverride
Effect4.Machine.driveStep	Effect4.Machine.iteration	Effect4.Machine.RunFiber	observers
Effect4.Machine.driveStep	Effect4.Machine.iteration	Effect4.Machine.RunFiber	children
Effect4.Machine.driveStep	Effect4.Machine.iteration	Effect4.Machine.RunFiber	dispatcher
Effect4.Machine.driveStep	Effect4.Machine.iteration	Effect4.Machine.RunFiber	context
Effect4.Machine.driveStep	Effect4.Machine.iteration	Effect4.Machine.RunFiber	origin
Effect4.Machine.driveStep	Effect4.Machine.Iter.fiber	Effect4.Machine.RunFiber	id
Effect4.Machine.driveStep	Effect4.Machine.Iter.fiber	Effect4.Machine.RunFiber	frame
Effect4.Machine.driveStep	Effect4.Machine.Iter.fiber	Effect4.Machine.RunFiber	running
Effect4.Machine.driveStep	Effect4.Machine.Iter.fiber	Effect4.Machine.RunFiber	parked
Effect4.Machine.driveStep	Effect4.Machine.Iter.fiber	Effect4.Machine.RunFiber	pending
Effect4.Machine.driveStep	Effect4.Machine.Iter.fiber	Effect4.Machine.RunFiber	finalizing
Effect4.Machine.driveStep	Effect4.Machine.Iter.fiber	Effect4.Machine.RunFiber	exit
Effect4.Machine.driveStep	Effect4.Machine.Iter.fiber	Effect4.Machine.RunFiber	currentOpCount
Effect4.Machine.driveStep	Effect4.Machine.Iter.fiber	Effect4.Machine.RunFiber	maxOpsBeforeYield
Effect4.Machine.driveStep	Effect4.Machine.Iter.fiber	Effect4.Machine.RunFiber	preventYield
Effect4.Machine.driveStep	Effect4.Machine.Iter.fiber	Effect4.Machine.RunFiber	yieldOverride
Effect4.Machine.driveStep	Effect4.Machine.Iter.fiber	Effect4.Machine.RunFiber	observers
Effect4.Machine.driveStep	Effect4.Machine.Iter.fiber	Effect4.Machine.RunFiber	children
Effect4.Machine.driveStep	Effect4.Machine.Iter.fiber	Effect4.Machine.RunFiber	dispatcher
Effect4.Machine.driveStep	Effect4.Machine.Iter.fiber	Effect4.Machine.RunFiber	context
Effect4.Machine.driveStep	Effect4.Machine.Iter.fiber	Effect4.Machine.RunFiber	origin
Effect4.Machine.driveStep	Effect4.Machine.injectYield	Effect4.Machine.RunFiber	preventYield
Effect4.Machine.driveStep	Effect4.Machine.injectYield	Effect4.Machine.RunFiber	id
Effect4.Machine.driveStep	Effect4.Machine.injectYield	Effect4.Machine.RunFiber	frame
Effect4.Machine.driveStep	Effect4.Machine.injectYield	Effect4.Machine.RunFiber	running
Effect4.Machine.driveStep	Effect4.Machine.injectYield	Effect4.Machine.RunFiber	parked
Effect4.Machine.driveStep	Effect4.Machine.injectYield	Effect4.Machine.RunFiber	pending
Effect4.Machine.driveStep	Effect4.Machine.injectYield	Effect4.Machine.RunFiber	finalizing
Effect4.Machine.driveStep	Effect4.Machine.injectYield	Effect4.Machine.RunFiber	exit
Effect4.Machine.driveStep	Effect4.Machine.injectYield	Effect4.Machine.RunFiber	currentOpCount
Effect4.Machine.driveStep	Effect4.Machine.injectYield	Effect4.Machine.RunFiber	maxOpsBeforeYield
Effect4.Machine.driveStep	Effect4.Machine.injectYield	Effect4.Machine.RunFiber	yieldOverride
Effect4.Machine.driveStep	Effect4.Machine.injectYield	Effect4.Machine.RunFiber	observers
Effect4.Machine.driveStep	Effect4.Machine.injectYield	Effect4.Machine.RunFiber	children
Effect4.Machine.driveStep	Effect4.Machine.injectYield	Effect4.Machine.RunFiber	dispatcher
Effect4.Machine.driveStep	Effect4.Machine.injectYield	Effect4.Machine.RunFiber	context
Effect4.Machine.driveStep	Effect4.Machine.injectYield	Effect4.Machine.RunFiber	origin
Effect4.Machine.driveStep	Effect4.Machine.injectYield	Effect4.Machine.RunEvent	forked.parent
Effect4.Machine.driveStep	Effect4.Machine.injectYield	Effect4.Machine.RunEvent	forked.child
Effect4.Machine.driveStep	Effect4.Machine.injectYield	Effect4.Machine.RunEvent	forked.daemon
Effect4.Machine.driveStep	Effect4.Machine.injectYield	Effect4.Machine.RunEvent	started.fiber
Effect4.Machine.driveStep	Effect4.Machine.injectYield	Effect4.Machine.RunEvent	scheduledTask.owner
Effect4.Machine.driveStep	Effect4.Machine.injectYield	Effect4.Machine.RunEvent	scheduledTask.priority
Effect4.Machine.driveStep	Effect4.Machine.injectYield	Effect4.Machine.RunEvent	scheduledTask.task
Effect4.Machine.driveStep	Effect4.Machine.injectYield	Effect4.Machine.RunEvent	ranTask.owner
Effect4.Machine.driveStep	Effect4.Machine.injectYield	Effect4.Machine.RunEvent	ranTask.task
Effect4.Machine.driveStep	Effect4.Machine.injectYield	Effect4.Machine.RunEvent	yieldInjected.fiber
Effect4.Machine.driveStep	Effect4.Machine.injectYield	Effect4.Machine.RunEvent	yieldInjected.atOp
Effect4.Machine.driveStep	Effect4.Machine.injectYield	Effect4.Machine.RunEvent	parkedOn.fiber
Effect4.Machine.driveStep	Effect4.Machine.injectYield	Effect4.Machine.RunEvent	parkedOn.token
Effect4.Machine.driveStep	Effect4.Machine.injectYield	Effect4.Machine.RunEvent	resumedWith.fiber
Effect4.Machine.driveStep	Effect4.Machine.injectYield	Effect4.Machine.RunEvent	resumedWith.token
Effect4.Machine.driveStep	Effect4.Machine.injectYield	Effect4.Machine.RunEvent	resumedWith.answer
Effect4.Machine.driveStep	Effect4.Machine.injectYield	Effect4.Machine.RunEvent	interruptRecorded.interruptor
Effect4.Machine.driveStep	Effect4.Machine.injectYield	Effect4.Machine.RunEvent	interruptRecorded.target
Effect4.Machine.driveStep	Effect4.Machine.injectYield	Effect4.Machine.RunEvent	interruptDeferred.target
Effect4.Machine.driveStep	Effect4.Machine.injectYield	Effect4.Machine.RunEvent	childrenInterrupted.parent
Effect4.Machine.driveStep	Effect4.Machine.injectYield	Effect4.Machine.RunEvent	childrenInterrupted.children
Effect4.Machine.driveStep	Effect4.Machine.injectYield	Effect4.Machine.RunEvent	observerFired.fiber
Effect4.Machine.driveStep	Effect4.Machine.injectYield	Effect4.Machine.RunEvent	observerFired.observer
Effect4.Machine.driveStep	Effect4.Machine.injectYield	Effect4.Machine.RunEvent	frame.fiber
Effect4.Machine.driveStep	Effect4.Machine.injectYield	Effect4.Machine.RunEvent	frame.event
Effect4.Machine.driveStep	Effect4.Machine.injectYield	Effect4.Machine.RunEvent	finalizerProgram.fiber
Effect4.Machine.driveStep	Effect4.Machine.injectYield	Effect4.Machine.RunEvent	finalizerProgram.finalizer
Effect4.Machine.driveStep	Effect4.Machine.injectYield	Effect4.Machine.RunEvent	finalizerProgram.exit
Effect4.Machine.driveStep	Effect4.Machine.injectYield	Effect4.Machine.RunEvent	scopeLinked.mode
Effect4.Machine.driveStep	Effect4.Machine.injectYield	Effect4.Machine.RunEvent	scopeLinked.scope
Effect4.Machine.driveStep	Effect4.Machine.injectYield	Effect4.Machine.RunEvent	scopeLinked.key
Effect4.Machine.driveStep	Effect4.Machine.injectYield	Effect4.Machine.RunEvent	scopeLinked.fiber
Effect4.Machine.driveStep	Effect4.Machine.injectYield	Effect4.Machine.RunEvent	scopeClosedOnLink.scope
Effect4.Machine.driveStep	Effect4.Machine.injectYield	Effect4.Machine.RunEvent	scopeClosedOnLink.fiber
Effect4.Machine.driveStep	Effect4.Machine.injectYield	Effect4.Machine.RunEvent	raceStarted.race
Effect4.Machine.driveStep	Effect4.Machine.injectYield	Effect4.Machine.RunEvent	raceStarted.host
Effect4.Machine.driveStep	Effect4.Machine.injectYield	Effect4.Machine.RunEvent	raceStarted.entrants
Effect4.Machine.driveStep	Effect4.Machine.injectYield	Effect4.Machine.RunEvent	raceLaunched.race
Effect4.Machine.driveStep	Effect4.Machine.injectYield	Effect4.Machine.RunEvent	raceLaunched.entrant
Effect4.Machine.driveStep	Effect4.Machine.injectYield	Effect4.Machine.RunEvent	raceSettled.race
Effect4.Machine.driveStep	Effect4.Machine.injectYield	Effect4.Machine.RunEvent	raceSettled.exit
Effect4.Machine.driveStep	Effect4.Machine.injectYield	Effect4.Machine.RunEvent	contextSet.fiber
Effect4.Machine.driveStep	Effect4.Machine.injectYield	Effect4.Machine.RunEvent	contextSet.context
Effect4.Machine.driveStep	Effect4.Machine.injectYield	Effect4.Machine.RunEvent	callback.key
Effect4.Machine.driveStep	Effect4.Machine.injectYield	Effect4.Machine.RunEvent	callback.exit
Effect4.Machine.driveStep	Effect4.Machine.injectYield	Effect4.Machine.RunEvent	exited.fiber
Effect4.Machine.driveStep	Effect4.Machine.injectYield	Effect4.Machine.RunEvent	exited.exit
Effect4.Machine.driveStep	Effect4.Machine.yieldVerdict	Effect4.Machine.RunFiber	yieldOverride
Effect4.Machine.driveStep	Effect4.Machine.yieldVerdict	Effect4.Machine.RunFiber	currentOpCount
Effect4.Machine.driveStep	Effect4.Machine.yieldVerdict	Effect4.Machine.RunFiber	maxOpsBeforeYield
Effect4.Machine.driveStep	Effect4.Machine.runloopTop	Effect4.Machine.RunFiber	id
Effect4.Machine.driveStep	Effect4.Machine.runloopTop	Effect4.Machine.RunFiber	frame
Effect4.Machine.driveStep	Effect4.Machine.runloopTop	Effect4.Machine.RunFiber	running
Effect4.Machine.driveStep	Effect4.Machine.runloopTop	Effect4.Machine.RunFiber	parked
Effect4.Machine.driveStep	Effect4.Machine.runloopTop	Effect4.Machine.RunFiber	pending
Effect4.Machine.driveStep	Effect4.Machine.runloopTop	Effect4.Machine.RunFiber	finalizing
Effect4.Machine.driveStep	Effect4.Machine.runloopTop	Effect4.Machine.RunFiber	exit
Effect4.Machine.driveStep	Effect4.Machine.runloopTop	Effect4.Machine.RunFiber	currentOpCount
Effect4.Machine.driveStep	Effect4.Machine.runloopTop	Effect4.Machine.RunFiber	maxOpsBeforeYield
Effect4.Machine.driveStep	Effect4.Machine.runloopTop	Effect4.Machine.RunFiber	preventYield
Effect4.Machine.driveStep	Effect4.Machine.runloopTop	Effect4.Machine.RunFiber	yieldOverride
Effect4.Machine.driveStep	Effect4.Machine.runloopTop	Effect4.Machine.RunFiber	observers
Effect4.Machine.driveStep	Effect4.Machine.runloopTop	Effect4.Machine.RunFiber	children
Effect4.Machine.driveStep	Effect4.Machine.runloopTop	Effect4.Machine.RunFiber	dispatcher
Effect4.Machine.driveStep	Effect4.Machine.runloopTop	Effect4.Machine.RunFiber	context
Effect4.Machine.driveStep	Effect4.Machine.runloopTop	Effect4.Machine.RunFiber	origin
Effect4.Machine.driveStep	Effect4.Machine.countOp	Effect4.Machine.RunFiber	id
Effect4.Machine.driveStep	Effect4.Machine.countOp	Effect4.Machine.RunFiber	frame
Effect4.Machine.driveStep	Effect4.Machine.countOp	Effect4.Machine.RunFiber	running
Effect4.Machine.driveStep	Effect4.Machine.countOp	Effect4.Machine.RunFiber	parked
Effect4.Machine.driveStep	Effect4.Machine.countOp	Effect4.Machine.RunFiber	pending
Effect4.Machine.driveStep	Effect4.Machine.countOp	Effect4.Machine.RunFiber	finalizing
Effect4.Machine.driveStep	Effect4.Machine.countOp	Effect4.Machine.RunFiber	exit
Effect4.Machine.driveStep	Effect4.Machine.countOp	Effect4.Machine.RunFiber	currentOpCount
Effect4.Machine.driveStep	Effect4.Machine.countOp	Effect4.Machine.RunFiber	maxOpsBeforeYield
Effect4.Machine.driveStep	Effect4.Machine.countOp	Effect4.Machine.RunFiber	preventYield
Effect4.Machine.driveStep	Effect4.Machine.countOp	Effect4.Machine.RunFiber	yieldOverride
Effect4.Machine.driveStep	Effect4.Machine.countOp	Effect4.Machine.RunFiber	observers
Effect4.Machine.driveStep	Effect4.Machine.countOp	Effect4.Machine.RunFiber	children
Effect4.Machine.driveStep	Effect4.Machine.countOp	Effect4.Machine.RunFiber	dispatcher
Effect4.Machine.driveStep	Effect4.Machine.countOp	Effect4.Machine.RunFiber	context
Effect4.Machine.driveStep	Effect4.Machine.countOp	Effect4.Machine.RunFiber	origin
Effect4.Machine.driveStep	Effect4.Machine.settle	Effect4.Machine.RunFiber	id
Effect4.Machine.driveStep	Effect4.Machine.settle	Effect4.Machine.RunFiber	frame
Effect4.Machine.driveStep	Effect4.Machine.settle	Effect4.Machine.RunFiber	running
Effect4.Machine.driveStep	Effect4.Machine.settle	Effect4.Machine.RunFiber	parked
Effect4.Machine.driveStep	Effect4.Machine.settle	Effect4.Machine.RunFiber	pending
Effect4.Machine.driveStep	Effect4.Machine.settle	Effect4.Machine.RunFiber	finalizing
Effect4.Machine.driveStep	Effect4.Machine.settle	Effect4.Machine.RunFiber	exit
Effect4.Machine.driveStep	Effect4.Machine.settle	Effect4.Machine.RunFiber	currentOpCount
Effect4.Machine.driveStep	Effect4.Machine.settle	Effect4.Machine.RunFiber	maxOpsBeforeYield
Effect4.Machine.driveStep	Effect4.Machine.settle	Effect4.Machine.RunFiber	preventYield
Effect4.Machine.driveStep	Effect4.Machine.settle	Effect4.Machine.RunFiber	yieldOverride
Effect4.Machine.driveStep	Effect4.Machine.settle	Effect4.Machine.RunFiber	observers
Effect4.Machine.driveStep	Effect4.Machine.settle	Effect4.Machine.RunFiber	children
Effect4.Machine.driveStep	Effect4.Machine.settle	Effect4.Machine.RunFiber	dispatcher
Effect4.Machine.driveStep	Effect4.Machine.settle	Effect4.Machine.RunFiber	context
Effect4.Machine.driveStep	Effect4.Machine.settle	Effect4.Machine.RunFiber	origin
Effect4.Machine.driveStep	Effect4.Machine.settle	Effect4.Machine.Cmd	evaluate.fiber
Effect4.Machine.driveStep	Effect4.Machine.settle	Effect4.Machine.Cmd	loop.fiber
Effect4.Machine.driveStep	Effect4.Machine.settle	Effect4.Machine.Cmd	loop.yielding
Effect4.Machine.driveStep	Effect4.Machine.settle	Effect4.Machine.Cmd	deliver.fiber
Effect4.Machine.driveStep	Effect4.Machine.settle	Effect4.Machine.Cmd	deliver.yielding
Effect4.Machine.driveStep	Effect4.Machine.settle	Effect4.Machine.Cmd	finish.fiber
Effect4.Machine.driveStep	Effect4.Machine.settle	Effect4.Machine.Cmd	finish.exit
Effect4.Machine.driveStep	Effect4.Machine.settle	Effect4.Machine.Cmd	resume.fiber
Effect4.Machine.driveStep	Effect4.Machine.settle	Effect4.Machine.Cmd	resume.token
Effect4.Machine.driveStep	Effect4.Machine.settle	Effect4.Machine.Cmd	resume.answer
Effect4.Machine.driveStep	Effect4.Machine.settle	Effect4.Machine.Cmd	launch.race
Effect4.Machine.driveStep	Effect4.Machine.settle	Effect4.Machine.Cmd	enrollRace.race
Effect4.Machine.driveStep	Effect4.Machine.settle	Effect4.Machine.Cmd	enrollRace.child
Effect4.Machine.driveStep	Effect4.Machine.settle	Effect4.Machine.Cmd	registrationDone.race
Effect4.Machine.driveStep	Effect4.Machine.settle	Effect4.Machine.Cmd	registrationDone.yielding
Effect4.Machine.driveStep	Effect4.Machine.settle	Effect4.Machine.Cmd	interruptTarget.target
Effect4.Machine.driveStep	Effect4.Machine.settle	Effect4.Machine.Cmd	interruptTarget.who
Effect4.Machine.driveStep	Effect4.Machine.settle	Effect4.Machine.Cmd	interruptTarget.extra
Effect4.Machine.driveStep	Effect4.Machine.settle	Effect4.Machine.Cmd	afterInterrupt.host
Effect4.Machine.driveStep	Effect4.Machine.settle	Effect4.Machine.Cmd	afterInterrupt.yielding
Effect4.Machine.driveStep	Effect4.Machine.settle	Effect4.Machine.Cmd	afterInterrupt.kind
Effect4.Machine.driveStep	Effect4.Machine.settle	Effect4.Machine.Cmd	raceCancel.race
Effect4.Machine.driveStep	Effect4.Machine.settle	Effect4.Machine.Cmd	raceCancel.host
Effect4.Machine.driveStep	Effect4.Machine.settle	Effect4.Machine.Cmd	raceCancel.yielding
Effect4.Machine.driveStep	Effect4.Machine.settle	Effect4.Machine.Cmd	raceCancel.remaining
Effect4.Machine.driveStep	Effect4.Machine.settle	Effect4.Machine.Cmd	raceCancel.visited
Effect4.Machine.driveStep	Effect4.Machine.settle	Effect4.Machine.Cmd	trackChild.parent
Effect4.Machine.driveStep	Effect4.Machine.settle	Effect4.Machine.Cmd	trackChild.child
Effect4.Machine.driveStep	Effect4.Machine.settle	Effect4.Machine.Cmd	observe.fiber
Effect4.Machine.driveStep	Effect4.Machine.settle	Effect4.Machine.Cmd	observe.exit
Effect4.Machine.driveStep	Effect4.Machine.settle	Effect4.Machine.Cmd	observe.observer
Effect4.Machine.driveStep	Effect4.Machine.settle	Effect4.Machine.Cmd	exitDone.fiber
Effect4.Machine.driveStep	Effect4.Machine.settle	Effect4.Machine.Cmd	closeParAwait.host
Effect4.Machine.driveStep	Effect4.Machine.settle	Effect4.Machine.Cmd	closeParAwait.yielding
Effect4.Machine.driveStep	Effect4.Machine.settle	Effect4.Machine.Cmd	closeParAwait.fibers
Effect4.Machine.driveStep	Effect4.Machine.settle	Effect4.Machine.Cmd	link.mode
Effect4.Machine.driveStep	Effect4.Machine.settle	Effect4.Machine.Cmd	link.scope
Effect4.Machine.driveStep	Effect4.Machine.settle	Effect4.Machine.Cmd	link.target
Effect4.Machine.driveStep	Effect4.Machine.settle	Effect4.Machine.Cmd	link.interruptor
Effect4.Machine.driveStep	Effect4.Machine.settle	Effect4.Machine.Cmd	link.extra
Effect4.Machine.driveStep	Effect4.Machine.settle	Effect4.Machine.Cmd	wake.list
Effect4.Machine.driveStep	Effect4.Machine.settle	Effect4.Machine.Cmd	wake.phase
Effect4.Machine.driveStep	Effect4.Machine.driveStep.match_11	Effect4.Machine.Cmd	evaluate.fiber
Effect4.Machine.driveStep	Effect4.Machine.driveStep.match_11	Effect4.Machine.Cmd	loop.fiber
Effect4.Machine.driveStep	Effect4.Machine.driveStep.match_11	Effect4.Machine.Cmd	loop.yielding
Effect4.Machine.driveStep	Effect4.Machine.driveStep.match_11	Effect4.Machine.Cmd	deliver.fiber
Effect4.Machine.driveStep	Effect4.Machine.driveStep.match_11	Effect4.Machine.Cmd	deliver.yielding
Effect4.Machine.driveStep	Effect4.Machine.driveStep.match_11	Effect4.Machine.Cmd	finish.fiber
Effect4.Machine.driveStep	Effect4.Machine.driveStep.match_11	Effect4.Machine.Cmd	finish.exit
Effect4.Machine.driveStep	Effect4.Machine.driveStep.match_11	Effect4.Machine.Cmd	resume.fiber
Effect4.Machine.driveStep	Effect4.Machine.driveStep.match_11	Effect4.Machine.Cmd	resume.token
Effect4.Machine.driveStep	Effect4.Machine.driveStep.match_11	Effect4.Machine.Cmd	resume.answer
Effect4.Machine.driveStep	Effect4.Machine.driveStep.match_11	Effect4.Machine.Cmd	launch.race
Effect4.Machine.driveStep	Effect4.Machine.driveStep.match_11	Effect4.Machine.Cmd	enrollRace.race
Effect4.Machine.driveStep	Effect4.Machine.driveStep.match_11	Effect4.Machine.Cmd	enrollRace.child
Effect4.Machine.driveStep	Effect4.Machine.driveStep.match_11	Effect4.Machine.Cmd	registrationDone.race
Effect4.Machine.driveStep	Effect4.Machine.driveStep.match_11	Effect4.Machine.Cmd	registrationDone.yielding
Effect4.Machine.driveStep	Effect4.Machine.driveStep.match_11	Effect4.Machine.Cmd	interruptTarget.target
Effect4.Machine.driveStep	Effect4.Machine.driveStep.match_11	Effect4.Machine.Cmd	interruptTarget.who
Effect4.Machine.driveStep	Effect4.Machine.driveStep.match_11	Effect4.Machine.Cmd	interruptTarget.extra
Effect4.Machine.driveStep	Effect4.Machine.driveStep.match_11	Effect4.Machine.Cmd	afterInterrupt.host
Effect4.Machine.driveStep	Effect4.Machine.driveStep.match_11	Effect4.Machine.Cmd	afterInterrupt.yielding
Effect4.Machine.driveStep	Effect4.Machine.driveStep.match_11	Effect4.Machine.Cmd	afterInterrupt.kind
Effect4.Machine.driveStep	Effect4.Machine.driveStep.match_11	Effect4.Machine.Cmd	raceCancel.race
Effect4.Machine.driveStep	Effect4.Machine.driveStep.match_11	Effect4.Machine.Cmd	raceCancel.host
Effect4.Machine.driveStep	Effect4.Machine.driveStep.match_11	Effect4.Machine.Cmd	raceCancel.yielding
Effect4.Machine.driveStep	Effect4.Machine.driveStep.match_11	Effect4.Machine.Cmd	raceCancel.remaining
Effect4.Machine.driveStep	Effect4.Machine.driveStep.match_11	Effect4.Machine.Cmd	raceCancel.visited
Effect4.Machine.driveStep	Effect4.Machine.driveStep.match_11	Effect4.Machine.Cmd	trackChild.parent
Effect4.Machine.driveStep	Effect4.Machine.driveStep.match_11	Effect4.Machine.Cmd	trackChild.child
Effect4.Machine.driveStep	Effect4.Machine.driveStep.match_11	Effect4.Machine.Cmd	observe.fiber
Effect4.Machine.driveStep	Effect4.Machine.driveStep.match_11	Effect4.Machine.Cmd	observe.exit
Effect4.Machine.driveStep	Effect4.Machine.driveStep.match_11	Effect4.Machine.Cmd	observe.observer
Effect4.Machine.driveStep	Effect4.Machine.driveStep.match_11	Effect4.Machine.Cmd	exitDone.fiber
Effect4.Machine.driveStep	Effect4.Machine.driveStep.match_11	Effect4.Machine.Cmd	closeParAwait.host
Effect4.Machine.driveStep	Effect4.Machine.driveStep.match_11	Effect4.Machine.Cmd	closeParAwait.yielding
Effect4.Machine.driveStep	Effect4.Machine.driveStep.match_11	Effect4.Machine.Cmd	closeParAwait.fibers
Effect4.Machine.driveStep	Effect4.Machine.driveStep.match_11	Effect4.Machine.Cmd	link.mode
Effect4.Machine.driveStep	Effect4.Machine.driveStep.match_11	Effect4.Machine.Cmd	link.scope
Effect4.Machine.driveStep	Effect4.Machine.driveStep.match_11	Effect4.Machine.Cmd	link.target
Effect4.Machine.driveStep	Effect4.Machine.driveStep.match_11	Effect4.Machine.Cmd	link.interruptor
Effect4.Machine.driveStep	Effect4.Machine.driveStep.match_11	Effect4.Machine.Cmd	link.extra
Effect4.Machine.driveStep	Effect4.Machine.driveStep.match_11	Effect4.Machine.Cmd	wake.list
Effect4.Machine.driveStep	Effect4.Machine.driveStep.match_11	Effect4.Machine.Cmd	wake.phase
Effect4.Machine.driveStep	Effect4.Machine.Cmd.casesOn	Effect4.Machine.Cmd	evaluate.fiber
Effect4.Machine.driveStep	Effect4.Machine.Cmd.casesOn	Effect4.Machine.Cmd	loop.fiber
Effect4.Machine.driveStep	Effect4.Machine.Cmd.casesOn	Effect4.Machine.Cmd	loop.yielding
Effect4.Machine.driveStep	Effect4.Machine.Cmd.casesOn	Effect4.Machine.Cmd	deliver.fiber
Effect4.Machine.driveStep	Effect4.Machine.Cmd.casesOn	Effect4.Machine.Cmd	deliver.yielding
Effect4.Machine.driveStep	Effect4.Machine.Cmd.casesOn	Effect4.Machine.Cmd	finish.fiber
Effect4.Machine.driveStep	Effect4.Machine.Cmd.casesOn	Effect4.Machine.Cmd	finish.exit
Effect4.Machine.driveStep	Effect4.Machine.Cmd.casesOn	Effect4.Machine.Cmd	resume.fiber
Effect4.Machine.driveStep	Effect4.Machine.Cmd.casesOn	Effect4.Machine.Cmd	resume.token
Effect4.Machine.driveStep	Effect4.Machine.Cmd.casesOn	Effect4.Machine.Cmd	resume.answer
Effect4.Machine.driveStep	Effect4.Machine.Cmd.casesOn	Effect4.Machine.Cmd	launch.race
Effect4.Machine.driveStep	Effect4.Machine.Cmd.casesOn	Effect4.Machine.Cmd	enrollRace.race
Effect4.Machine.driveStep	Effect4.Machine.Cmd.casesOn	Effect4.Machine.Cmd	enrollRace.child
Effect4.Machine.driveStep	Effect4.Machine.Cmd.casesOn	Effect4.Machine.Cmd	registrationDone.race
Effect4.Machine.driveStep	Effect4.Machine.Cmd.casesOn	Effect4.Machine.Cmd	registrationDone.yielding
Effect4.Machine.driveStep	Effect4.Machine.Cmd.casesOn	Effect4.Machine.Cmd	interruptTarget.target
Effect4.Machine.driveStep	Effect4.Machine.Cmd.casesOn	Effect4.Machine.Cmd	interruptTarget.who
Effect4.Machine.driveStep	Effect4.Machine.Cmd.casesOn	Effect4.Machine.Cmd	interruptTarget.extra
Effect4.Machine.driveStep	Effect4.Machine.Cmd.casesOn	Effect4.Machine.Cmd	afterInterrupt.host
Effect4.Machine.driveStep	Effect4.Machine.Cmd.casesOn	Effect4.Machine.Cmd	afterInterrupt.yielding
Effect4.Machine.driveStep	Effect4.Machine.Cmd.casesOn	Effect4.Machine.Cmd	afterInterrupt.kind
Effect4.Machine.driveStep	Effect4.Machine.Cmd.casesOn	Effect4.Machine.Cmd	raceCancel.race
Effect4.Machine.driveStep	Effect4.Machine.Cmd.casesOn	Effect4.Machine.Cmd	raceCancel.host
Effect4.Machine.driveStep	Effect4.Machine.Cmd.casesOn	Effect4.Machine.Cmd	raceCancel.yielding
Effect4.Machine.driveStep	Effect4.Machine.Cmd.casesOn	Effect4.Machine.Cmd	raceCancel.remaining
Effect4.Machine.driveStep	Effect4.Machine.Cmd.casesOn	Effect4.Machine.Cmd	raceCancel.visited
Effect4.Machine.driveStep	Effect4.Machine.Cmd.casesOn	Effect4.Machine.Cmd	trackChild.parent
Effect4.Machine.driveStep	Effect4.Machine.Cmd.casesOn	Effect4.Machine.Cmd	trackChild.child
Effect4.Machine.driveStep	Effect4.Machine.Cmd.casesOn	Effect4.Machine.Cmd	observe.fiber
Effect4.Machine.driveStep	Effect4.Machine.Cmd.casesOn	Effect4.Machine.Cmd	observe.exit
Effect4.Machine.driveStep	Effect4.Machine.Cmd.casesOn	Effect4.Machine.Cmd	observe.observer
Effect4.Machine.driveStep	Effect4.Machine.Cmd.casesOn	Effect4.Machine.Cmd	exitDone.fiber
Effect4.Machine.driveStep	Effect4.Machine.Cmd.casesOn	Effect4.Machine.Cmd	closeParAwait.host
Effect4.Machine.driveStep	Effect4.Machine.Cmd.casesOn	Effect4.Machine.Cmd	closeParAwait.yielding
Effect4.Machine.driveStep	Effect4.Machine.Cmd.casesOn	Effect4.Machine.Cmd	closeParAwait.fibers
Effect4.Machine.driveStep	Effect4.Machine.Cmd.casesOn	Effect4.Machine.Cmd	link.mode
Effect4.Machine.driveStep	Effect4.Machine.Cmd.casesOn	Effect4.Machine.Cmd	link.scope
Effect4.Machine.driveStep	Effect4.Machine.Cmd.casesOn	Effect4.Machine.Cmd	link.target
Effect4.Machine.driveStep	Effect4.Machine.Cmd.casesOn	Effect4.Machine.Cmd	link.interruptor
Effect4.Machine.driveStep	Effect4.Machine.Cmd.casesOn	Effect4.Machine.Cmd	link.extra
Effect4.Machine.driveStep	Effect4.Machine.Cmd.casesOn	Effect4.Machine.Cmd	wake.list
Effect4.Machine.driveStep	Effect4.Machine.Cmd.casesOn	Effect4.Machine.Cmd	wake.phase
# Effect4.Machine.driveStep: 378 definitions, 1473 read sites
info: Test/Audit/PositionCensus.lean:28:0: root	parent	field	wraps	child
Effect4.Program.Sched.RState	Effect4.Program.Sched.RState		[]	Effect4.Machine.RunMachine
Effect4.Program.Sched.RState	Effect4.Machine.RunMachine	fibers	[List]	Effect4.Machine.RunFiber
Effect4.Program.Sched.RState	Effect4.Machine.RunFiber	id	[]	Effect4.FiberId
Effect4.Program.Sched.RState	Effect4.Machine.RunFiber	frame	[]	Effect4.Program.Sched.RSaved
Effect4.Program.Sched.RState	Effect4.Program.Sched.RSaved	stack	[List]	Effect4.Program.Sched.ScopeFrame
Effect4.Program.Sched.RState	Effect4.Program.Sched.ScopeFrame	resume.kind	[]	Effect4.Program.Sched.GuardKind
Effect4.Program.Sched.RState	Effect4.Machine.RunFiber	parked	[]	Effect4.Machine.Parked
Effect4.Program.Sched.RState	Effect4.Machine.RunFiber	pending	[List]	Effect4.Machine.Pending
Effect4.Program.Sched.RState	Effect4.Machine.Pending	waitingOn	[Option]	Effect4.FiberId
Effect4.Program.Sched.RState	Effect4.Machine.Pending	remaining	[List]	Effect4.FiberId
Effect4.Program.Sched.RState	Effect4.Machine.Pending	resumeWith	[]	Effect4.Machine.Resume
Effect4.Program.Sched.RState	Effect4.Machine.RunFiber	observers	[List]	Effect4.Machine.Observer
Effect4.Program.Sched.RState	Effect4.Machine.Observer	resumeAwait.waiter	[]	Effect4.FiberId
Effect4.Program.Sched.RState	Effect4.Machine.Observer	resumeAwait.mode	[]	Effect4.Supervision.ObserverMode
Effect4.Program.Sched.RState	Effect4.Machine.Observer	untrackChild.parent	[]	Effect4.FiberId
Effect4.Program.Sched.RState	Effect4.Machine.Observer	countdown.waiter	[]	Effect4.FiberId
Effect4.Program.Sched.RState	Effect4.Machine.RunFiber	children	[List]	Effect4.FiberId
Effect4.Program.Sched.RState	Effect4.Machine.RunFiber	dispatcher	[]	Effect4.Machine.Dispatcher
Effect4.Program.Sched.RState	Effect4.Machine.Dispatcher	buckets	[List]	Effect4.Machine.Bucket
Effect4.Program.Sched.RState	Effect4.Machine.Bucket	tasks	[List]	Effect4.Machine.Task
Effect4.Program.Sched.RState	Effect4.Machine.Task	start.child	[]	Effect4.FiberId
Effect4.Program.Sched.RState	Effect4.Machine.Task	resume.target	[]	Effect4.FiberId
Effect4.Program.Sched.RState	Effect4.Machine.Task	wake.list	[]	Effect4.Machine.WakeKey
Effect4.Program.Sched.RState	Effect4.Machine.WakeKey	kind	[]	Effect4.Machine.HandleKind
Effect4.Program.Sched.RState	Effect4.Machine.RunFiber	context	[]	Effect4.Machine.Ctx
Effect4.Program.Sched.RState	Effect4.Machine.Ctx	services	[]	Effect4.Machine.Env.Context
Effect4.Program.Sched.RState	Effect4.Machine.Env.Context	entries	[List]	Effect4.Machine.Env.Service
Effect4.Program.Sched.RState	Effect4.Machine.Env.Service	key	[]	Effect4.ServiceKey
Effect4.Program.Sched.RState	Effect4.ServiceKey	name	[]	Effect4.ServiceName
Effect4.Program.Sched.RState	Effect4.ServiceKey	service	[]	Effect4.ServiceTypeCode
Effect4.Program.Sched.RState	Effect4.Machine.RunFiber	origin	[]	Effect4.Machine.Origin
Effect4.Program.Sched.RState	Effect4.Machine.Origin	forked.parent	[]	Effect4.FiberId
Effect4.Program.Sched.RState	Effect4.Machine.RunMachine	races	[List]	Effect4.Machine.Race
Effect4.Program.Sched.RState	Effect4.Machine.Race	host	[]	Effect4.FiberId
Effect4.Program.Sched.RState	Effect4.Machine.Race	state	[]	Effect4.Supervision.RaceAllState
Effect4.Program.Sched.RState	Effect4.Supervision.RaceAllState	unstarted	[List]	Effect4.FiberId
Effect4.Program.Sched.RState	Effect4.Supervision.RaceAllState	starting	[Option]	Effect4.FiberId
Effect4.Program.Sched.RState	Effect4.Supervision.RaceAllState	live	[List]	Effect4.FiberId
Effect4.Program.Sched.RState	Effect4.Supervision.RaceAllState	winner	[Option, Prod.1]	Effect4.FiberId
Effect4.Program.Sched.RState	Effect4.Supervision.RaceAllState	requests	[List]	Effect4.FiberId
Effect4.Program.Sched.RState	Effect4.Supervision.RaceAllState	cleanup	[Option]	Effect4.Supervision.WaitState
Effect4.Program.Sched.RState	Effect4.Supervision.WaitState	targets	[List]	Effect4.FiberId
Effect4.Program.Sched.RState	Effect4.Supervision.WaitState	published	[List]	Effect4.FiberId
Effect4.Program.Sched.RState	Effect4.Machine.RunMachine	armed	[List]	Effect4.FiberId
Effect4.Program.Sched.RState	Effect4.Machine.RunMachine	state	[]	Effect4.Machine.Stores
Effect4.Program.Sched.RState	Effect4.Machine.Stores	deferreds	[]	Effect4.Machine.DeferredStore
Effect4.Program.Sched.RState	Effect4.Machine.DeferredStore	cells	[List]	Effect4.Machine.DeferredCell
Effect4.Program.Sched.RState	Effect4.Machine.DeferredCell	completion	[Option]	Effect4.Machine.Completion
Effect4.Program.Sched.RState	Effect4.Machine.Completion	ofRefGet.cell	[]	Effect4.Machine.RefKey
Effect4.Program.Sched.RState	Effect4.Machine.DeferredCell	wake	[]	Effect4.Machine.WakeList
Effect4.Program.Sched.RState	Effect4.Machine.WakeList	waiters	[List]	Effect4.Machine.Waiter
Effect4.Program.Sched.RState	Effect4.Machine.Waiter	fiber	[]	Effect4.FiberId
Effect4.Program.Sched.RState	Effect4.Machine.WakeList	batch	[Option, List]	Effect4.Machine.Waiter
Effect4.Program.Sched.RState	Effect4.Machine.DeferredStore	due	[List]	Effect4.Machine.Owed
Effect4.Program.Sched.RState	Effect4.Machine.Owed	waiter	[]	Effect4.FiberId
Effect4.Program.Sched.RState	Effect4.Machine.Owed	code	[]	Effect4.Machine.Completion
Effect4.Program.Sched.RState	Effect4.Machine.Owed	mode	[]	Effect4.Machine.WakeMode
Effect4.Program.Sched.RState	Effect4.Machine.WakeMode	scheduled.owner	[]	Effect4.FiberId
Effect4.Program.Sched.RState	Effect4.Machine.Stores	scopes	[]	Effect4.Machine.ScopeStore
Effect4.Program.Sched.RState	Effect4.Machine.ScopeStore	entries	[List]	Effect4.Machine.ScopeEntry
Effect4.Program.Sched.RState	Effect4.Machine.ScopeEntry	scope	[]	Effect4.Scope
Effect4.Program.Sched.RState	Effect4.Scope	strategy	[]	Effect4.FinalizerStrategy
Effect4.Program.Sched.RState	Effect4.Scope	state	[]	Effect4.ScopeState
Effect4.Program.Sched.RState	Effect4.ScopeState	openInline.finalizer	[]	Effect4.Machine.FinName
Effect4.Program.Sched.RState	Effect4.Machine.FinName	interruptFiber.fiber	[]	Effect4.FiberId
Effect4.Program.Sched.RState	Effect4.Machine.FinName	awaitNewChildren.snapshot	[List]	Effect4.FiberId
Effect4.Program.Sched.RState	Effect4.Machine.FinName	foreign.capture	[]	Effect4.Machine.Capture
Effect4.Program.Sched.RState	Effect4.Machine.Capture	ctx	[]	Effect4.Machine.Ctx
Effect4.Program.Sched.RState	Effect4.Machine.FinName	memoEntry.memoMap	[]	Effect4.Machine.MemoMapId
Effect4.Program.Sched.RState	Effect4.Machine.FinName	memoDone.memoMap	[]	Effect4.Machine.MemoMapId
Effect4.Program.Sched.RState	Effect4.ScopeState	openMap.entries	[List, Prod.2]	Effect4.Machine.FinName
Effect4.Program.Sched.RState	Effect4.Machine.Stores	memo	[List]	Effect4.Machine.MemoMap
Effect4.Program.Sched.RState	Effect4.Machine.MemoMap	id	[]	Effect4.Machine.MemoMapId
Effect4.Program.Sched.RState	Effect4.Machine.MemoMap	parent	[Option]	Effect4.Machine.MemoMapId
Effect4.Program.Sched.RState	Effect4.Machine.MemoMap	entries	[List, Prod.2]	Effect4.Machine.MemoEntry
Effect4.Program.Sched.RState	Effect4.Machine.MemoEntry	deferred	[]	Effect4.Machine.DeferredKey
Effect4.Program.Sched.RState	Effect4.Machine.MemoEntry	finalizer	[]	Effect4.Machine.FinName
Effect4.Program.Sched.RState	Effect4.Machine.Stores	timers	[]	Effect4.Machine.TimerStore
Effect4.Program.Sched.RState	Effect4.Machine.TimerStore	now	[]	Effect4.ClockMillis
Effect4.Program.Sched.RState	Effect4.Machine.TimerStore	wake	[]	Effect4.Machine.WakeList
Effect4.Program.Sched.RState	Effect4.Machine.Waiter	payload	[]	Effect4.ClockMillis
Effect4.Program.Sched.RState	Effect4.Machine.TimerStore	target	[Option]	Effect4.ClockMillis
Effect4.Program.Sched.RState	Effect4.Machine.Stores	externals	[]	Effect4.Machine.ExternalStore
Effect4.Program.Sched.RState	Effect4.Machine.ExternalStore	answers	[List]	Effect4.Machine.Completion
Effect4.Program.Sched.RState	Effect4.Machine.ExternalStore	rejected	[Option, Prod.2, Prod.1]	Effect4.Machine.Completion
Effect4.Program.Sched.RState	Effect4.Machine.RunMachine	trace	[List]	Effect4.Machine.RunEvent
Effect4.Program.Sched.RState	Effect4.Machine.RunEvent	forked.parent	[]	Effect4.FiberId
Effect4.Program.Sched.RState	Effect4.Machine.RunEvent	forked.child	[]	Effect4.FiberId
Effect4.Program.Sched.RState	Effect4.Machine.RunEvent	started.fiber	[]	Effect4.FiberId
Effect4.Program.Sched.RState	Effect4.Machine.RunEvent	scheduledTask.owner	[]	Effect4.FiberId
Effect4.Program.Sched.RState	Effect4.Machine.RunEvent	scheduledTask.task	[]	Effect4.Machine.Task
Effect4.Program.Sched.RState	Effect4.Machine.RunEvent	ranTask.owner	[]	Effect4.FiberId
Effect4.Program.Sched.RState	Effect4.Machine.RunEvent	ranTask.task	[]	Effect4.Machine.Task
Effect4.Program.Sched.RState	Effect4.Machine.RunEvent	yieldInjected.fiber	[]	Effect4.FiberId
Effect4.Program.Sched.RState	Effect4.Machine.RunEvent	parkedOn.fiber	[]	Effect4.FiberId
Effect4.Program.Sched.RState	Effect4.Machine.RunEvent	resumedWith.fiber	[]	Effect4.FiberId
Effect4.Program.Sched.RState	Effect4.Machine.RunEvent	interruptRecorded.interruptor	[Option]	Effect4.FiberId
Effect4.Program.Sched.RState	Effect4.Machine.RunEvent	interruptRecorded.target	[]	Effect4.FiberId
Effect4.Program.Sched.RState	Effect4.Machine.RunEvent	interruptDeferred.target	[]	Effect4.FiberId
Effect4.Program.Sched.RState	Effect4.Machine.RunEvent	childrenInterrupted.parent	[]	Effect4.FiberId
Effect4.Program.Sched.RState	Effect4.Machine.RunEvent	childrenInterrupted.children	[List]	Effect4.FiberId
Effect4.Program.Sched.RState	Effect4.Machine.RunEvent	observerFired.fiber	[]	Effect4.FiberId
Effect4.Program.Sched.RState	Effect4.Machine.RunEvent	observerFired.observer	[]	Effect4.Machine.Observer
Effect4.Program.Sched.RState	Effect4.Machine.RunEvent	frame.fiber	[]	Effect4.FiberId
Effect4.Program.Sched.RState	Effect4.Machine.RunEvent	finalizerProgram.fiber	[]	Effect4.FiberId
Effect4.Program.Sched.RState	Effect4.Machine.RunEvent	scopeLinked.mode	[]	Effect4.Supervision.ScopeMode
Effect4.Program.Sched.RState	Effect4.Machine.RunEvent	scopeLinked.fiber	[]	Effect4.FiberId
Effect4.Program.Sched.RState	Effect4.Machine.RunEvent	scopeClosedOnLink.fiber	[]	Effect4.FiberId
Effect4.Program.Sched.RState	Effect4.Machine.RunEvent	raceStarted.host	[]	Effect4.FiberId
Effect4.Program.Sched.RState	Effect4.Machine.RunEvent	raceLaunched.entrant	[]	Effect4.FiberId
Effect4.Program.Sched.RState	Effect4.Machine.RunEvent	contextSet.fiber	[]	Effect4.FiberId
Effect4.Program.Sched.RState	Effect4.Machine.RunEvent	contextSet.context	[]	Effect4.Machine.Ctx
Effect4.Program.Sched.RState	Effect4.Machine.RunEvent	exited.fiber	[]	Effect4.FiberId
Effect4.Program.Sched.RState	Effect4.Machine.RunMachine	stuck	[Option]	Effect4.Machine.Stuck
Effect4.Program.Sched.RState	Effect4.Machine.Stuck	unknownFiber.id	[]	Effect4.FiberId
Effect4.Program.Sched.RCmd	Effect4.Program.Sched.RCmd		[]	Effect4.Machine.Cmd
Effect4.Program.Sched.RCmd	Effect4.Machine.Cmd	evaluate.fiber	[]	Effect4.FiberId
Effect4.Program.Sched.RCmd	Effect4.Machine.Cmd	loop.fiber	[]	Effect4.FiberId
Effect4.Program.Sched.RCmd	Effect4.Machine.Cmd	deliver.fiber	[]	Effect4.FiberId
Effect4.Program.Sched.RCmd	Effect4.Machine.Cmd	finish.fiber	[]	Effect4.FiberId
Effect4.Program.Sched.RCmd	Effect4.Machine.Cmd	resume.fiber	[]	Effect4.FiberId
Effect4.Program.Sched.RCmd	Effect4.Machine.Cmd	enrollRace.child	[]	Effect4.FiberId
Effect4.Program.Sched.RCmd	Effect4.Machine.Cmd	interruptTarget.target	[]	Effect4.FiberId
Effect4.Program.Sched.RCmd	Effect4.Machine.Cmd	interruptTarget.who	[Option]	Effect4.FiberId
Effect4.Program.Sched.RCmd	Effect4.Machine.Cmd	interruptTarget.extra	[]	Effect4.ReasonAnnotations
Effect4.Program.Sched.RCmd	Effect4.Machine.Cmd	afterInterrupt.host	[]	Effect4.FiberId
Effect4.Program.Sched.RCmd	Effect4.Machine.Cmd	afterInterrupt.kind	[]	Effect4.Machine.ParkKind
Effect4.Program.Sched.RCmd	Effect4.Machine.ParkKind	join.target	[]	Effect4.FiberId
Effect4.Program.Sched.RCmd	Effect4.Machine.ParkKind	join.mode	[]	Effect4.Supervision.ObserverMode
Effect4.Program.Sched.RCmd	Effect4.Machine.ParkKind	awaitAll.targets	[List]	Effect4.FiberId
Effect4.Program.Sched.RCmd	Effect4.Machine.Cmd	raceCancel.host	[]	Effect4.FiberId
Effect4.Program.Sched.RCmd	Effect4.Machine.Cmd	raceCancel.remaining	[List]	Effect4.FiberId
Effect4.Program.Sched.RCmd	Effect4.Machine.Cmd	raceCancel.visited	[List]	Effect4.FiberId
Effect4.Program.Sched.RCmd	Effect4.Machine.Cmd	trackChild.parent	[]	Effect4.FiberId
Effect4.Program.Sched.RCmd	Effect4.Machine.Cmd	trackChild.child	[]	Effect4.FiberId
Effect4.Program.Sched.RCmd	Effect4.Machine.Cmd	observe.fiber	[]	Effect4.FiberId
Effect4.Program.Sched.RCmd	Effect4.Machine.Cmd	observe.observer	[]	Effect4.Machine.Observer
Effect4.Program.Sched.RCmd	Effect4.Machine.Observer	resumeAwait.waiter	[]	Effect4.FiberId
Effect4.Program.Sched.RCmd	Effect4.Machine.Observer	resumeAwait.mode	[]	Effect4.Supervision.ObserverMode
Effect4.Program.Sched.RCmd	Effect4.Machine.Observer	untrackChild.parent	[]	Effect4.FiberId
Effect4.Program.Sched.RCmd	Effect4.Machine.Observer	countdown.waiter	[]	Effect4.FiberId
Effect4.Program.Sched.RCmd	Effect4.Machine.Cmd	exitDone.fiber	[]	Effect4.FiberId
Effect4.Program.Sched.RCmd	Effect4.Machine.Cmd	closeParAwait.host	[]	Effect4.FiberId
Effect4.Program.Sched.RCmd	Effect4.Machine.Cmd	closeParAwait.fibers	[List]	Effect4.FiberId
Effect4.Program.Sched.RCmd	Effect4.Machine.Cmd	link.mode	[]	Effect4.Supervision.ScopeMode
Effect4.Program.Sched.RCmd	Effect4.Machine.Cmd	link.target	[]	Effect4.FiberId
Effect4.Program.Sched.RCmd	Effect4.Machine.Cmd	link.interruptor	[Option]	Effect4.FiberId
Effect4.Program.Sched.RCmd	Effect4.Machine.Cmd	link.extra	[]	Effect4.ReasonAnnotations
Effect4.Program.Sched.RCmd	Effect4.Machine.Cmd	wake.list	[]	Effect4.Machine.WakeKey
Effect4.Program.Sched.RCmd	Effect4.Machine.WakeKey	kind	[]	Effect4.Machine.HandleKind
Effect4.Program.Sched.RIter	Effect4.Program.Sched.RIter		[]	Effect4.Machine.Iter
Effect4.Program.Sched.RIter	Effect4.Machine.Iter	machine	[]	Effect4.Machine.RunMachine
Effect4.Program.Sched.RIter	Effect4.Machine.RunMachine	fibers	[List]	Effect4.Machine.RunFiber
Effect4.Program.Sched.RIter	Effect4.Machine.RunFiber	id	[]	Effect4.FiberId
Effect4.Program.Sched.RIter	Effect4.Machine.RunFiber	frame	[]	Effect4.Program.Sched.RSaved
Effect4.Program.Sched.RIter	Effect4.Program.Sched.RSaved	stack	[List]	Effect4.Program.Sched.ScopeFrame
Effect4.Program.Sched.RIter	Effect4.Program.Sched.ScopeFrame	resume.kind	[]	Effect4.Program.Sched.GuardKind
Effect4.Program.Sched.RIter	Effect4.Machine.RunFiber	parked	[]	Effect4.Machine.Parked
Effect4.Program.Sched.RIter	Effect4.Machine.RunFiber	pending	[List]	Effect4.Machine.Pending
Effect4.Program.Sched.RIter	Effect4.Machine.Pending	waitingOn	[Option]	Effect4.FiberId
Effect4.Program.Sched.RIter	Effect4.Machine.Pending	remaining	[List]	Effect4.FiberId
Effect4.Program.Sched.RIter	Effect4.Machine.Pending	resumeWith	[]	Effect4.Machine.Resume
Effect4.Program.Sched.RIter	Effect4.Machine.RunFiber	observers	[List]	Effect4.Machine.Observer
Effect4.Program.Sched.RIter	Effect4.Machine.Observer	resumeAwait.waiter	[]	Effect4.FiberId
Effect4.Program.Sched.RIter	Effect4.Machine.Observer	resumeAwait.mode	[]	Effect4.Supervision.ObserverMode
Effect4.Program.Sched.RIter	Effect4.Machine.Observer	untrackChild.parent	[]	Effect4.FiberId
Effect4.Program.Sched.RIter	Effect4.Machine.Observer	countdown.waiter	[]	Effect4.FiberId
Effect4.Program.Sched.RIter	Effect4.Machine.RunFiber	children	[List]	Effect4.FiberId
Effect4.Program.Sched.RIter	Effect4.Machine.RunFiber	dispatcher	[]	Effect4.Machine.Dispatcher
Effect4.Program.Sched.RIter	Effect4.Machine.Dispatcher	buckets	[List]	Effect4.Machine.Bucket
Effect4.Program.Sched.RIter	Effect4.Machine.Bucket	tasks	[List]	Effect4.Machine.Task
Effect4.Program.Sched.RIter	Effect4.Machine.Task	start.child	[]	Effect4.FiberId
Effect4.Program.Sched.RIter	Effect4.Machine.Task	resume.target	[]	Effect4.FiberId
Effect4.Program.Sched.RIter	Effect4.Machine.Task	wake.list	[]	Effect4.Machine.WakeKey
Effect4.Program.Sched.RIter	Effect4.Machine.WakeKey	kind	[]	Effect4.Machine.HandleKind
Effect4.Program.Sched.RIter	Effect4.Machine.RunFiber	context	[]	Effect4.Machine.Ctx
Effect4.Program.Sched.RIter	Effect4.Machine.Ctx	services	[]	Effect4.Machine.Env.Context
Effect4.Program.Sched.RIter	Effect4.Machine.Env.Context	entries	[List]	Effect4.Machine.Env.Service
Effect4.Program.Sched.RIter	Effect4.Machine.Env.Service	key	[]	Effect4.ServiceKey
Effect4.Program.Sched.RIter	Effect4.ServiceKey	name	[]	Effect4.ServiceName
Effect4.Program.Sched.RIter	Effect4.ServiceKey	service	[]	Effect4.ServiceTypeCode
Effect4.Program.Sched.RIter	Effect4.Machine.RunFiber	origin	[]	Effect4.Machine.Origin
Effect4.Program.Sched.RIter	Effect4.Machine.Origin	forked.parent	[]	Effect4.FiberId
Effect4.Program.Sched.RIter	Effect4.Machine.RunMachine	races	[List]	Effect4.Machine.Race
Effect4.Program.Sched.RIter	Effect4.Machine.Race	host	[]	Effect4.FiberId
Effect4.Program.Sched.RIter	Effect4.Machine.Race	state	[]	Effect4.Supervision.RaceAllState
Effect4.Program.Sched.RIter	Effect4.Supervision.RaceAllState	unstarted	[List]	Effect4.FiberId
Effect4.Program.Sched.RIter	Effect4.Supervision.RaceAllState	starting	[Option]	Effect4.FiberId
Effect4.Program.Sched.RIter	Effect4.Supervision.RaceAllState	live	[List]	Effect4.FiberId
Effect4.Program.Sched.RIter	Effect4.Supervision.RaceAllState	winner	[Option, Prod.1]	Effect4.FiberId
Effect4.Program.Sched.RIter	Effect4.Supervision.RaceAllState	requests	[List]	Effect4.FiberId
Effect4.Program.Sched.RIter	Effect4.Supervision.RaceAllState	cleanup	[Option]	Effect4.Supervision.WaitState
Effect4.Program.Sched.RIter	Effect4.Supervision.WaitState	targets	[List]	Effect4.FiberId
Effect4.Program.Sched.RIter	Effect4.Supervision.WaitState	published	[List]	Effect4.FiberId
Effect4.Program.Sched.RIter	Effect4.Machine.RunMachine	armed	[List]	Effect4.FiberId
Effect4.Program.Sched.RIter	Effect4.Machine.RunMachine	state	[]	Effect4.Machine.Stores
Effect4.Program.Sched.RIter	Effect4.Machine.Stores	deferreds	[]	Effect4.Machine.DeferredStore
Effect4.Program.Sched.RIter	Effect4.Machine.DeferredStore	cells	[List]	Effect4.Machine.DeferredCell
Effect4.Program.Sched.RIter	Effect4.Machine.DeferredCell	completion	[Option]	Effect4.Machine.Completion
Effect4.Program.Sched.RIter	Effect4.Machine.Completion	ofRefGet.cell	[]	Effect4.Machine.RefKey
Effect4.Program.Sched.RIter	Effect4.Machine.DeferredCell	wake	[]	Effect4.Machine.WakeList
Effect4.Program.Sched.RIter	Effect4.Machine.WakeList	waiters	[List]	Effect4.Machine.Waiter
Effect4.Program.Sched.RIter	Effect4.Machine.Waiter	fiber	[]	Effect4.FiberId
Effect4.Program.Sched.RIter	Effect4.Machine.WakeList	batch	[Option, List]	Effect4.Machine.Waiter
Effect4.Program.Sched.RIter	Effect4.Machine.DeferredStore	due	[List]	Effect4.Machine.Owed
Effect4.Program.Sched.RIter	Effect4.Machine.Owed	waiter	[]	Effect4.FiberId
Effect4.Program.Sched.RIter	Effect4.Machine.Owed	code	[]	Effect4.Machine.Completion
Effect4.Program.Sched.RIter	Effect4.Machine.Owed	mode	[]	Effect4.Machine.WakeMode
Effect4.Program.Sched.RIter	Effect4.Machine.WakeMode	scheduled.owner	[]	Effect4.FiberId
Effect4.Program.Sched.RIter	Effect4.Machine.Stores	scopes	[]	Effect4.Machine.ScopeStore
Effect4.Program.Sched.RIter	Effect4.Machine.ScopeStore	entries	[List]	Effect4.Machine.ScopeEntry
Effect4.Program.Sched.RIter	Effect4.Machine.ScopeEntry	scope	[]	Effect4.Scope
Effect4.Program.Sched.RIter	Effect4.Scope	strategy	[]	Effect4.FinalizerStrategy
Effect4.Program.Sched.RIter	Effect4.Scope	state	[]	Effect4.ScopeState
Effect4.Program.Sched.RIter	Effect4.ScopeState	openInline.finalizer	[]	Effect4.Machine.FinName
Effect4.Program.Sched.RIter	Effect4.Machine.FinName	interruptFiber.fiber	[]	Effect4.FiberId
Effect4.Program.Sched.RIter	Effect4.Machine.FinName	awaitNewChildren.snapshot	[List]	Effect4.FiberId
Effect4.Program.Sched.RIter	Effect4.Machine.FinName	foreign.capture	[]	Effect4.Machine.Capture
Effect4.Program.Sched.RIter	Effect4.Machine.Capture	ctx	[]	Effect4.Machine.Ctx
Effect4.Program.Sched.RIter	Effect4.Machine.FinName	memoEntry.memoMap	[]	Effect4.Machine.MemoMapId
Effect4.Program.Sched.RIter	Effect4.Machine.FinName	memoDone.memoMap	[]	Effect4.Machine.MemoMapId
Effect4.Program.Sched.RIter	Effect4.ScopeState	openMap.entries	[List, Prod.2]	Effect4.Machine.FinName
Effect4.Program.Sched.RIter	Effect4.Machine.Stores	memo	[List]	Effect4.Machine.MemoMap
Effect4.Program.Sched.RIter	Effect4.Machine.MemoMap	id	[]	Effect4.Machine.MemoMapId
Effect4.Program.Sched.RIter	Effect4.Machine.MemoMap	parent	[Option]	Effect4.Machine.MemoMapId
Effect4.Program.Sched.RIter	Effect4.Machine.MemoMap	entries	[List, Prod.2]	Effect4.Machine.MemoEntry
Effect4.Program.Sched.RIter	Effect4.Machine.MemoEntry	deferred	[]	Effect4.Machine.DeferredKey
Effect4.Program.Sched.RIter	Effect4.Machine.MemoEntry	finalizer	[]	Effect4.Machine.FinName
Effect4.Program.Sched.RIter	Effect4.Machine.Stores	timers	[]	Effect4.Machine.TimerStore
Effect4.Program.Sched.RIter	Effect4.Machine.TimerStore	now	[]	Effect4.ClockMillis
Effect4.Program.Sched.RIter	Effect4.Machine.TimerStore	wake	[]	Effect4.Machine.WakeList
Effect4.Program.Sched.RIter	Effect4.Machine.Waiter	payload	[]	Effect4.ClockMillis
Effect4.Program.Sched.RIter	Effect4.Machine.TimerStore	target	[Option]	Effect4.ClockMillis
Effect4.Program.Sched.RIter	Effect4.Machine.Stores	externals	[]	Effect4.Machine.ExternalStore
Effect4.Program.Sched.RIter	Effect4.Machine.ExternalStore	answers	[List]	Effect4.Machine.Completion
Effect4.Program.Sched.RIter	Effect4.Machine.ExternalStore	rejected	[Option, Prod.2, Prod.1]	Effect4.Machine.Completion
Effect4.Program.Sched.RIter	Effect4.Machine.RunMachine	trace	[List]	Effect4.Machine.RunEvent
Effect4.Program.Sched.RIter	Effect4.Machine.RunEvent	forked.parent	[]	Effect4.FiberId
Effect4.Program.Sched.RIter	Effect4.Machine.RunEvent	forked.child	[]	Effect4.FiberId
Effect4.Program.Sched.RIter	Effect4.Machine.RunEvent	started.fiber	[]	Effect4.FiberId
Effect4.Program.Sched.RIter	Effect4.Machine.RunEvent	scheduledTask.owner	[]	Effect4.FiberId
Effect4.Program.Sched.RIter	Effect4.Machine.RunEvent	scheduledTask.task	[]	Effect4.Machine.Task
Effect4.Program.Sched.RIter	Effect4.Machine.RunEvent	ranTask.owner	[]	Effect4.FiberId
Effect4.Program.Sched.RIter	Effect4.Machine.RunEvent	ranTask.task	[]	Effect4.Machine.Task
Effect4.Program.Sched.RIter	Effect4.Machine.RunEvent	yieldInjected.fiber	[]	Effect4.FiberId
Effect4.Program.Sched.RIter	Effect4.Machine.RunEvent	parkedOn.fiber	[]	Effect4.FiberId
Effect4.Program.Sched.RIter	Effect4.Machine.RunEvent	resumedWith.fiber	[]	Effect4.FiberId
Effect4.Program.Sched.RIter	Effect4.Machine.RunEvent	interruptRecorded.interruptor	[Option]	Effect4.FiberId
Effect4.Program.Sched.RIter	Effect4.Machine.RunEvent	interruptRecorded.target	[]	Effect4.FiberId
Effect4.Program.Sched.RIter	Effect4.Machine.RunEvent	interruptDeferred.target	[]	Effect4.FiberId
Effect4.Program.Sched.RIter	Effect4.Machine.RunEvent	childrenInterrupted.parent	[]	Effect4.FiberId
Effect4.Program.Sched.RIter	Effect4.Machine.RunEvent	childrenInterrupted.children	[List]	Effect4.FiberId
Effect4.Program.Sched.RIter	Effect4.Machine.RunEvent	observerFired.fiber	[]	Effect4.FiberId
Effect4.Program.Sched.RIter	Effect4.Machine.RunEvent	observerFired.observer	[]	Effect4.Machine.Observer
Effect4.Program.Sched.RIter	Effect4.Machine.RunEvent	frame.fiber	[]	Effect4.FiberId
Effect4.Program.Sched.RIter	Effect4.Machine.RunEvent	finalizerProgram.fiber	[]	Effect4.FiberId
Effect4.Program.Sched.RIter	Effect4.Machine.RunEvent	scopeLinked.mode	[]	Effect4.Supervision.ScopeMode
Effect4.Program.Sched.RIter	Effect4.Machine.RunEvent	scopeLinked.fiber	[]	Effect4.FiberId
Effect4.Program.Sched.RIter	Effect4.Machine.RunEvent	scopeClosedOnLink.fiber	[]	Effect4.FiberId
Effect4.Program.Sched.RIter	Effect4.Machine.RunEvent	raceStarted.host	[]	Effect4.FiberId
Effect4.Program.Sched.RIter	Effect4.Machine.RunEvent	raceLaunched.entrant	[]	Effect4.FiberId
Effect4.Program.Sched.RIter	Effect4.Machine.RunEvent	contextSet.fiber	[]	Effect4.FiberId
Effect4.Program.Sched.RIter	Effect4.Machine.RunEvent	contextSet.context	[]	Effect4.Machine.Ctx
Effect4.Program.Sched.RIter	Effect4.Machine.RunEvent	exited.fiber	[]	Effect4.FiberId
Effect4.Program.Sched.RIter	Effect4.Machine.RunMachine	stuck	[Option]	Effect4.Machine.Stuck
Effect4.Program.Sched.RIter	Effect4.Machine.Stuck	unknownFiber.id	[]	Effect4.FiberId
Effect4.Program.Sched.RIter	Effect4.Machine.Iter	fiber	[]	Effect4.Machine.RunFiber
Effect4.Program.Sched.RIter	Effect4.Machine.Iter	outcome	[]	Effect4.Machine.Outcome
Effect4.Program.Sched.RIter	Effect4.Machine.Outcome	stuck.why	[]	Effect4.Machine.Stuck
Effect4.Program.Sched.RIter	Effect4.Machine.Iter	nested	[List]	Effect4.Machine.Cmd
Effect4.Program.Sched.RIter	Effect4.Machine.Cmd	evaluate.fiber	[]	Effect4.FiberId
Effect4.Program.Sched.RIter	Effect4.Machine.Cmd	loop.fiber	[]	Effect4.FiberId
Effect4.Program.Sched.RIter	Effect4.Machine.Cmd	deliver.fiber	[]	Effect4.FiberId
Effect4.Program.Sched.RIter	Effect4.Machine.Cmd	finish.fiber	[]	Effect4.FiberId
Effect4.Program.Sched.RIter	Effect4.Machine.Cmd	resume.fiber	[]	Effect4.FiberId
Effect4.Program.Sched.RIter	Effect4.Machine.Cmd	enrollRace.child	[]	Effect4.FiberId
Effect4.Program.Sched.RIter	Effect4.Machine.Cmd	interruptTarget.target	[]	Effect4.FiberId
Effect4.Program.Sched.RIter	Effect4.Machine.Cmd	interruptTarget.who	[Option]	Effect4.FiberId
Effect4.Program.Sched.RIter	Effect4.Machine.Cmd	interruptTarget.extra	[]	Effect4.ReasonAnnotations
Effect4.Program.Sched.RIter	Effect4.Machine.Cmd	afterInterrupt.host	[]	Effect4.FiberId
Effect4.Program.Sched.RIter	Effect4.Machine.Cmd	afterInterrupt.kind	[]	Effect4.Machine.ParkKind
Effect4.Program.Sched.RIter	Effect4.Machine.ParkKind	join.target	[]	Effect4.FiberId
Effect4.Program.Sched.RIter	Effect4.Machine.ParkKind	join.mode	[]	Effect4.Supervision.ObserverMode
Effect4.Program.Sched.RIter	Effect4.Machine.ParkKind	awaitAll.targets	[List]	Effect4.FiberId
Effect4.Program.Sched.RIter	Effect4.Machine.Cmd	raceCancel.host	[]	Effect4.FiberId
Effect4.Program.Sched.RIter	Effect4.Machine.Cmd	raceCancel.remaining	[List]	Effect4.FiberId
Effect4.Program.Sched.RIter	Effect4.Machine.Cmd	raceCancel.visited	[List]	Effect4.FiberId
Effect4.Program.Sched.RIter	Effect4.Machine.Cmd	trackChild.parent	[]	Effect4.FiberId
Effect4.Program.Sched.RIter	Effect4.Machine.Cmd	trackChild.child	[]	Effect4.FiberId
Effect4.Program.Sched.RIter	Effect4.Machine.Cmd	observe.fiber	[]	Effect4.FiberId
Effect4.Program.Sched.RIter	Effect4.Machine.Cmd	observe.observer	[]	Effect4.Machine.Observer
Effect4.Program.Sched.RIter	Effect4.Machine.Cmd	exitDone.fiber	[]	Effect4.FiberId
Effect4.Program.Sched.RIter	Effect4.Machine.Cmd	closeParAwait.host	[]	Effect4.FiberId
Effect4.Program.Sched.RIter	Effect4.Machine.Cmd	closeParAwait.fibers	[List]	Effect4.FiberId
Effect4.Program.Sched.RIter	Effect4.Machine.Cmd	link.mode	[]	Effect4.Supervision.ScopeMode
Effect4.Program.Sched.RIter	Effect4.Machine.Cmd	link.target	[]	Effect4.FiberId
Effect4.Program.Sched.RIter	Effect4.Machine.Cmd	link.interruptor	[Option]	Effect4.FiberId
Effect4.Program.Sched.RIter	Effect4.Machine.Cmd	link.extra	[]	Effect4.ReasonAnnotations
Effect4.Program.Sched.RIter	Effect4.Machine.Cmd	wake.list	[]	Effect4.Machine.WakeKey
ℹ [279/281] Replayed Test.Audit.IndexedColumns
info: Test/Audit/IndexedColumns.lean:23:0: typed state: 1 predicates, 2 carrier predicates, 0 refusals
info: Test/Audit/IndexedColumns.lean:65:0: typed state: 1 predicates, 2 carrier predicates, 0 refusals
info: Test/Audit/IndexedColumns.lean:123:0: typed state: 1 predicates, 1 carrier predicates, 0 refusals
info: Test/Audit/IndexedColumns.lean:147:0: typed state: 2 predicates, 1 carrier predicates, 0 refusals
info: Test/Audit/IndexedColumns.lean:160:0: Test.IndexedColumnDraft: 1 open, 7 proved, 8 total; ceiling 8
ℹ [280/281] Replayed Test.Audit.IndexedColumnActual
info: Test/Audit/IndexedColumnActual.lean:34:0: Test.IndexedColumnActual: 0 open, 4 proved, 4 total; ceiling 4
ℹ [281/281] Built Test.Audit.TypedStateDecl (4.0s)
info: Test/Audit/TypedStateDecl.lean:13:0: typed state: 1 predicates, 1 carrier predicates, 0 refusals
info: Test/Audit/TypedStateDecl.lean:54:0: typed state: 2 predicates, 1 carrier predicates, 0 refusals
info: Test/Audit/TypedStateDecl.lean:66:0: typed state: 1 predicates, 1 carrier predicates, 0 refusals
info: Test/Audit/TypedStateDecl.lean:78:0: typed state: 2 predicates, 1 carrier predicates, 0 refusals
info: Test/Audit/TypedStateDecl.lean:137:0: typed state: 1 predicates, 1 carrier predicates, 0 refusals
info: Test/Audit/TypedStateDecl.lean:159:0: typed state: 1 predicates, 1 carrier predicates, 0 refusals
info: Test/Audit/TypedStateDecl.lean:170:0: typed state: 1 predicates, 1 carrier predicates, 0 refusals
info: Test/Audit/TypedStateDecl.lean:187:0: typed state: 3 predicates, 2 carrier predicates, 0 refusals
info: Test/Audit/TypedStateDecl.lean:252:0: 'Test.TypedStateDecl.ActualOwners.resume_token_distinguished' depends on axioms: [propext]
info: Test/Audit/TypedStateDecl.lean:253:0: 'Test.TypedStateDecl.ActualOwners.resume_target_distinguished' depends on axioms: [propext]
info: Test/Audit/TypedStateDecl.lean:254:0: 'Test.TypedStateDecl.ActualOwners.capture_path_distinguished' depends on axioms: [propext]
info: Test/Audit/TypedStateDecl.lean:255:0: 'Test.TypedStateDecl.ActualOwners.capture_root_distinguished' depends on axioms: [propext]
info: Test/Audit/TypedStateDecl.lean:256:0: 'Test.TypedStateDecl.ActualOwners.saved_flag_distinguished' depends on axioms: [propext]
info: Test/Audit/TypedStateDecl.lean:292:0: 'Test.TypedStateDecl.TokenContracts.typed_resume' depends on axioms: [propext]
info: Test/Audit/TypedStateDecl.lean:293:0: 'Test.TypedStateDecl.TokenContracts.token_replacement_refused' depends on axioms: [propext, Quot.sound]
Build completed successfully (281 jobs).
