domain	archive	citing_file	citing_line	form	token	pin_file	start	end	resolution	check	status	strongest_hunk_class	release_file	new_start	new_end
extended	live	Makefile	165	full	vendor/effect-4.0.0-rc.112/src/unstable/sql/SqlClient.ts	unstable/sql/SqlClient.ts	0	0	full	n/a	file-only		sql/SqlClient.ts		
extended	live	Makefile	165	full	vendor/effect-4.0.0-rc.112/src/unstable/sql/Statement.ts	unstable/sql/Statement.ts	0	0	full	n/a	file-only		sql/Statement.ts		
extended	live	Makefile	166	full	vendor/effect-4.0.0-rc.112/src/unstable/persistence/KeyValueStore.ts	unstable/persistence/KeyValueStore.ts	0	0	full	n/a	file-only		persistence/KeyValueStore.ts		
extended	live	Makefile	600	full	vendor/effect-4.0.0-rc.112/src/SchemaRepresentation.ts	SchemaRepresentation.ts	0	0	full	n/a	file-only		SchemaRepresentation.ts		
brief	live	Test/Api/SupervisionContract.lean	19	bare	internal/effect.ts	internal/effect.ts	5406	5406	exact	unnamed	same		internal/effect.ts	5663	5663
brief	live	Test/Api/TraceOrigin.lean	44	cont	:925-933	-	925	933	read:-	read	not-a-pin-citation				
brief	live	Test/Api/TraceOrigin.lean	52	cont	:1191-1201	-	1191	1201	read:-	read	not-a-pin-citation				
brief	live	Test/Api/TraceOrigin.lean	63	cont	:1205	-	1205	1205	read:-	read	not-a-pin-citation				
brief	live	Test/Api/TraceOrigin.lean	63	cont	:5366	internal/effect.ts	5366	5366	read	read	same		internal/effect.ts	5623	5623
brief	live	Test/Api/TraceOrigin.lean	73	cont	:1213	-	1213	1213	read:-	read	not-a-pin-citation				
brief	live	Test/Api/TraceOrigin.lean	73	cont	:5406	internal/effect.ts	5406	5406	read	read	same		internal/effect.ts	5663	5663
brief	live	Test/Api/TraceOrigin.lean	85	cont	:1218-1221	-	1218	1221	read:-	read	not-a-pin-citation				
brief	live	Test/Api/TraceOrigin.lean	97	cont	:938-942	-	938	942	read:-	read	not-a-pin-citation				
brief	live	Test/Api/TraceOrigin.lean	97	cont	:1521	internal/effect.ts	1521	1521	read	read	same		internal/effect.ts	1645	1645
brief	live	Test/Api/TraceOrigin.lean	107	cont	:948-954	-	948	954	read:-	read	not-a-pin-citation				
brief	live	Test/Api/TraceOrigin.lean	107	cont	:3820	internal/effect.ts	3820	3820	read	read	changed	code	internal/effect.ts	3987	3987
brief	live	Test/Codegen/PayloadClasses.lean	187	full	vendor/effect-4.0.0-rc.112/src/internal/core.ts	internal/core.ts	0	0	full	n/a	file-only		internal/core.ts		
brief	live	Test/Codegen/PrintContract.lean	38	bare	Ref.ts	Ref.ts	200	200	exact	unnamed	same		Ref.ts	200	200
brief	live	Test/Codegen/PrintContract.lean	39	bare	Ref.ts	Ref.ts	210	210	exact	unnamed	same-comment		Ref.ts	210	210
brief	live	Test/Codegen/PrintContract.lean	41	bare	Deferred.ts	Deferred.ts	120	120	exact	unnamed	comment-changed		Deferred.ts	120	120
brief	live	Test/Codegen/PrintContract.lean	46	bare	Ref.ts	Ref.ts	1273	1276	exact	unnamed	same		Ref.ts	1273	1276
brief	live	Test/Codegen/PrintContract.lean	61	full	vendor/effect-4.0.0-rc.112/src/Deferred.ts	Deferred.ts	171	171	full	unnamed	same		Deferred.ts	172	172
brief	live	Test/Codegen/ReadContract.lean	66	bare	Ref.ts	Ref.ts	200	200	exact	unnamed	same		Ref.ts	200	200
brief	live	Test/Codegen/ReadContract.lean	67	bare	Ref.ts	Ref.ts	210	210	exact	unnamed	same-comment		Ref.ts	210	210
brief	live	Test/Codegen/ReadContract.lean	69	bare	Deferred.ts	Deferred.ts	120	120	exact	unnamed	comment-changed		Deferred.ts	120	120
brief	live	Test/Codegen/ReadContract.lean	71	bare	Ref.ts	Ref.ts	1273	1276	exact	unnamed	same		Ref.ts	1273	1276
brief	live	Test/Codegen/ReadContract.lean	130	full	vendor/effect-4.0.0-rc.112/src/Deferred.ts	Deferred.ts	171	171	full	unnamed	same		Deferred.ts	172	172
brief	live	Test/Codegen/ReadContract.lean	459	bare	internal/effect.ts	internal/effect.ts	5366	5366	exact	named	same		internal/effect.ts	5623	5623
brief	live	Test/Codegen/ReadContract.lean	459	cont	:5264-5269	internal/effect.ts	5264	5269	block	exact	same		internal/effect.ts	5517	5522
brief	live	Test/Codegen/ReadContract.lean	460	cont	:5406	internal/effect.ts	5406	5406	block	named	same		internal/effect.ts	5663	5663
brief	live	Test/Codegen/SchemaGenerationContract.lean	142	cont	:1754-1759	-	1754	1759	read:-	read	not-a-pin-citation				
brief	live	Test/Codegen/SchemaGenerationContract.lean	360	bare	Schema.ts	Schema.ts	8298	8304	exact	exact	same		Schema.ts	7645	7651
brief	archive	Test/Counterexamples/Archive/REGISTER.md	78	cont	:1005	SchemaRepresentation.ts	1005	1005	block	exact	same		SchemaRepresentation.ts	2687	2687
brief	archive	Test/Counterexamples/Archive/REGISTER.md	78	cont	:999	SchemaRepresentation.ts	999	999	block	exact	same		SchemaRepresentation.ts	2681	2681
brief	archive	Test/Counterexamples/Archive/REGISTER.md	78	cont	:1020	SchemaRepresentation.ts	1020	1020	block	exact	same		SchemaRepresentation.ts	2702	2702
brief	archive	Test/Counterexamples/Archive/REGISTER.md	80	cont	:67-75	-	67	75	carry:Prog.lean	outside	not-a-pin-citation				
brief	archive	Test/Counterexamples/Archive/REGISTER.md	81	cont	:1005	SchemaRepresentation.ts	1005	1005	block	unconfirmed	same		SchemaRepresentation.ts	2687	2687
brief	archive	Test/Counterexamples/Archive/REGISTER.md	81	cont	:999	SchemaRepresentation.ts	999	999	block	named	same		SchemaRepresentation.ts	2681	2681
brief	archive	Test/Counterexamples/Archive/REGISTER.md	81	cont	:919	SchemaRepresentation.ts	919	919	block	unconfirmed	same		SchemaRepresentation.ts	2599	2599
brief	archive	Test/Counterexamples/Archive/REGISTER.md	81	cont	:939-948	SchemaRepresentation.ts	939	948	block	unconfirmed	changed	code	SchemaRepresentation.ts	2619	2630
brief	archive	Test/Counterexamples/Archive/REGISTER.md	81	cont	:1448-1456	SchemaAST.ts	1448	1456	block	named	same		SchemaAST.ts	1912	1920
brief	archive	Test/Counterexamples/Archive/REGISTER.md	81	cont	:3341	SchemaAST.ts	3341	3341	block	unconfirmed	same		SchemaAST.ts	4158	4158
brief	archive	Test/Counterexamples/Archive/REGISTER.md	81	cont	:4271-4274	SchemaAST.ts	4271	4274	block	unconfirmed	same		SchemaAST.ts	5086	5089
brief	archive	Test/Counterexamples/Archive/REGISTER.md	82	bare	SchemaAST.ts	SchemaAST.ts	1448	1456	exact	named	same		SchemaAST.ts	1912	1920
brief	archive	Test/Counterexamples/Archive/REGISTER.md	82	cont	:3343-3349	SchemaAST.ts	3343	3349	block	exact	changed	code	SchemaAST.ts	4160	4166
brief	archive	Test/Counterexamples/Archive/REGISTER.md	82	cont	:3085-3089	SchemaAST.ts	3085	3089	block	exact	changed	code	SchemaAST.ts	3844	3848
brief	archive	Test/Counterexamples/Archive/REGISTER.md	83	cont	:1068	SchemaAST.ts	1068	1068	carry	unconfirmed	same-comment		SchemaAST.ts	1286	1286
brief	archive	Test/Counterexamples/Archive/REGISTER.md	83	cont	:1096	SchemaAST.ts	1096	1096	carry	unconfirmed	same-comment		SchemaAST.ts	1355	1355
brief	archive	Test/Counterexamples/Archive/REGISTER.md	84	cont	:987	SchemaAST.ts	987	987	carry	unconfirmed	same-comment		SchemaAST.ts	1163	1163
brief	archive	Test/Counterexamples/Archive/REGISTER.md	85	cont	:25-28	SchemaAST.ts	25	28	carry	unconfirmed	same		SchemaAST.ts	25	28
brief	archive	Test/Counterexamples/Archive/REGISTER.md	85	cont	:36-38	SchemaAST.ts	36	38	carry	unconfirmed	comment-changed		SchemaAST.ts	35	37
brief	archive	Test/Counterexamples/Archive/REGISTER.md	85	cont	:922-925	SchemaAST.ts	922	925	carry	unconfirmed	same		SchemaAST.ts	1077	1080
brief	archive	Test/Counterexamples/Archive/REGISTER.md	85	cont	:146	SchemaAST.ts	146	146	carry	unconfirmed	same-comment		SchemaAST.ts	145	145
brief	archive	Test/Counterexamples/Archive/REGISTER.md	85	cont	:979	SchemaAST.ts	979	979	carry	unconfirmed	same-comment		SchemaAST.ts	1155	1155
brief	archive	Test/Counterexamples/Archive/REGISTER.md	86	bare	internal/schema/toRepresentation.ts	internal/schema/toRepresentation.ts	174	174	exact	named	same		internal/schema/toRepresentation.ts	174	174
brief	archive	Test/Counterexamples/Archive/REGISTER.md	86	cont	:175	internal/schema/toRepresentation.ts	175	175	block	named	same		internal/schema/toRepresentation.ts	175	175
brief	archive	Test/Counterexamples/Archive/REGISTER.md	87	cont	:460	internal/effect.ts	460	460	dominant	unconfirmed	same		internal/effect.ts	424	424
brief	archive	Test/Counterexamples/Archive/REGISTER.md	87	cont	:965	internal/effect.ts	965	965	dominant	unconfirmed	same		internal/effect.ts	997	997
brief	archive	Test/Counterexamples/Archive/REGISTER.md	88	cont	:1018-1021	internal/effect.ts	1018	1021	dominant	unconfirmed	changed	code	internal/effect.ts	1050	1053
brief	archive	Test/Counterexamples/Archive/REGISTER.md	88	cont	:1036	internal/effect.ts	1036	1036	dominant	unconfirmed	same		internal/effect.ts	1068	1068
brief	archive	Test/Counterexamples/Archive/REGISTER.md	89	cont	:927-937	internal/effect.ts	927	937	dominant	unconfirmed	same		internal/effect.ts	959	969
brief	archive	Test/Counterexamples/Archive/REGISTER.md	89	cont	:940	internal/effect.ts	940	940	dominant	unconfirmed	same		internal/effect.ts	972	972
brief	archive	Test/Counterexamples/Archive/REGISTER.md	89	cont	:941	internal/effect.ts	941	941	dominant	unconfirmed	same		internal/effect.ts	973	973
brief	archive	Test/Counterexamples/Archive/REGISTER.md	90	cont	:1057	internal/effect.ts	1057	1057	dominant	unconfirmed	same		internal/effect.ts	1089	1089
brief	archive	Test/Counterexamples/Archive/REGISTER.md	91	cont	:67-75	internal/schema/toRepresentation.ts	67	75	carry	unconfirmed	same		internal/schema/toRepresentation.ts	67	75
brief	archive	Test/Counterexamples/Archive/REGISTER.md	91	cont	:64-87	internal/schema/fromRepresentation.ts	64	87	block	named;also:carry=internal/schema/toRepresentation.ts	same		internal/schema/fromRepresentation.ts	66	89
brief	archive	Test/Counterexamples/Archive/REGISTER.md	91	cont	:67-68	internal/schema/fromRepresentation.ts	67	68	block	exact	same		internal/schema/fromRepresentation.ts	69	70
brief	archive	Test/Counterexamples/Archive/REGISTER.md	91	cont	:19-31	internal/schema/fromRepresentation.ts	19	31	block	exact;also:carry=internal/schema/toRepresentation.ts	same		internal/schema/fromRepresentation.ts	21	33
brief	archive	Test/Counterexamples/Archive/REGISTER.md	91	cont	:76-77	internal/schema/fromRepresentation.ts	76	77	block	unconfirmed	same		internal/schema/fromRepresentation.ts	78	79
brief	archive	Test/Counterexamples/Archive/REGISTER.md	92	cont	:351-357	internal/schema/toRepresentation.ts	351	357	block	named	same		internal/schema/toRepresentation.ts	351	357
brief	archive	Test/Counterexamples/Archive/REGISTER.md	92	cont	:958	internal/effect.ts	958	958	dominant	unconfirmed	same		internal/effect.ts	990	990
brief	archive	Test/Counterexamples/Archive/REGISTER.md	111	bare	internal/effect.ts	internal/effect.ts	3815	3827	exact	named	changed	code	internal/effect.ts	3982	3994
brief	archive	Test/Counterexamples/Archive/REGISTER.md	111	cont	:3826	internal/effect.ts	3826	3826	block	named	same		internal/effect.ts	3993	3993
brief	archive	Test/Counterexamples/Archive/REGISTER.md	111	cont	:2025-2038	internal/effect.ts	2025	2038	block	named	same		internal/effect.ts	2127	2140
brief	archive	Test/Counterexamples/Archive/REGISTER.md	111	cont	:3971-3987	internal/effect.ts	3971	3987	block	named	same		internal/effect.ts	4134	4150
brief	archive	Test/Counterexamples/Archive/REGISTER.md	125	bare	Layer.ts	Layer.ts	3851	3851	exact	named	same		Layer.ts	3890	3890
brief	archive	Test/Counterexamples/Archive/REGISTER.md	125	bare	Layer.ts	Layer.ts	411	411	exact	named	removed	code	Layer.ts		
brief	archive	Test/Counterexamples/Archive/REGISTER.md	128	bare	Layer.ts	Layer.ts	411	411	exact	named	removed	code	Layer.ts		
brief	archive	Test/Counterexamples/Archive/REGISTER.md	128	cont	:438	Layer.ts	438	438	block	named	same		Layer.ts	422	422
brief	archive	Test/Counterexamples/Archive/REGISTER.md	129	bare	Context.ts	Context.ts	32	41	exact	unnamed	same		Context.ts	32	41
brief	archive	Test/Counterexamples/Archive/REGISTER.md	130	bare	Layer.ts	Layer.ts	2704	2704	exact	exact	same		Layer.ts	2701	2701
brief	archive	Test/Counterexamples/Archive/REGISTER.md	131	bare	Scheduler.ts	Scheduler.ts	269	272	exact	unnamed	same		Scheduler.ts	279	282
brief	archive	Test/Counterexamples/Archive/REGISTER.md	132	bare	OtlpTracer.ts	unstable/observability/OtlpTracer.ts	161	179	suffix	exact	changed	code	observability/OtlpTracer.ts	157	175
brief	archive	Test/Counterexamples/Archive/REGISTER.md	132	bare	OtlpLogger.ts	unstable/observability/OtlpLogger.ts	144	158	suffix	named	changed	code	observability/OtlpLogger.ts	148	162
brief	archive	Test/Counterexamples/Archive/REGISTER.md	132	bare	OtlpMetrics.ts	unstable/observability/OtlpMetrics.ts	506	524	suffix	named	changed	code	observability/OtlpMetrics.ts	512	530
brief	archive	Test/Counterexamples/Archive/REGISTER.md	132	bare	otlpEnv.ts	unstable/observability/internal/otlpEnv.ts	16	39	suffix	named	changed	code	observability/internal/otlpEnv.ts	13	36
brief	archive	Test/Counterexamples/Archive/REGISTER.md	132	bare	OtlpResource.ts	unstable/observability/OtlpResource.ts	102	115	suffix	named	changed	code	observability/OtlpResource.ts	106	120
brief	archive	Test/Counterexamples/Archive/REGISTER.md	132	bare	OtlpResource.ts	unstable/observability/OtlpResource.ts	111	111	suffix	named	changed	code	observability/OtlpResource.ts	116	116
brief	archive	Test/Counterexamples/Archive/REGISTER.md	132	cont	:131	unstable/observability/OtlpResource.ts	131	131	block	exact	same		observability/OtlpResource.ts	136	136
brief	archive	Test/Counterexamples/Archive/REGISTER.md	133	bare	ConfigProvider.ts	ConfigProvider.ts	1206	1207	exact	unnamed	same		ConfigProvider.ts	1207	1208
brief	archive	Test/Counterexamples/Archive/REGISTER.md	133	cont	:1227	internal/effect.ts	1227	1227	dominant	named;skipped:block=ConfigProvider.ts	same		internal/effect.ts	1271	1271
brief	archive	Test/Counterexamples/Archive/REGISTER.md	134	bare	Config.ts	Config.ts	847	852	exact	exact	changed	code	Config.ts	922	927
brief	archive	Test/Counterexamples/Archive/REGISTER.md	134	bare	Config.ts	Config.ts	1041	1041	exact	unnamed	changed	code	Config.ts	1117	1117
brief	archive	Test/Counterexamples/Archive/REGISTER.md	134	cont	:1211-1212	Config.ts	1211	1212	block	named	changed	code	Config.ts	1283	1285
brief	archive	Test/Counterexamples/Archive/REGISTER.md	134	bare	Config.ts	Config.ts	1224	1224	exact	named	changed	code	Config.ts	1294	1302
brief	archive	Test/Counterexamples/Archive/REGISTER.md	134	cont	:1227	Config.ts	1227	1227	block	named	changed	code	Config.ts	1294	1302
brief	archive	Test/Counterexamples/Archive/REGISTER.md	135	bare	HttpTraceContext.ts	unstable/http/HttpTraceContext.ts	97	97	suffix	exact	changed	code	http/HttpTraceContext.ts	102	102
brief	archive	Test/Counterexamples/Archive/REGISTER.md	135	bare	HttpTraceContext.ts	unstable/http/HttpTraceContext.ts	97	97	suffix	exact	changed	code	http/HttpTraceContext.ts	102	102
brief	archive	Test/Counterexamples/Archive/REGISTER.md	135	cont	:119	unstable/http/HttpTraceContext.ts	119	119	block	named	changed	code	http/HttpTraceContext.ts	125	126
brief	archive	Test/Counterexamples/Archive/REGISTER.md	137	cont	:2437	-	2437	2437	carry:config-schema.json	outside	not-a-pin-citation				
brief	archive	Test/Counterexamples/Archive/REGISTER.md	137	cont	:3128	-	3128	3128	carry:config-schema.json	outside	not-a-pin-citation				
brief	archive	Test/Counterexamples/Archive/REGISTER.md	140	cont	:1852-1903	-	1852	1903	carry:config-schema.json	outside	not-a-pin-citation				
brief	archive	Test/Counterexamples/Archive/REGISTER.md	142	cont	:1242-1245	-	1242	1245	block:config-schema.json	outside	not-a-pin-citation				
brief	archive	Test/Counterexamples/Archive/REGISTER.md	142	cont	:3029-3040	-	3029	3040	block:config-schema.json	outside	not-a-pin-citation				
brief	archive	Test/Counterexamples/Archive/REGISTER.md	142	cont	:1897-1899	-	1897	1899	block:config-schema.json	outside	not-a-pin-citation				
brief	archive	Test/Counterexamples/Archive/REGISTER.md	142	cont	:1822-1828	-	1822	1828	block:config-schema.json	outside	not-a-pin-citation				
brief	archive	Test/Counterexamples/Archive/REGISTER.md	143	bare	internal/effect.ts	internal/effect.ts	880	883	exact	exact	same		internal/effect.ts	912	915
brief	archive	Test/Counterexamples/Archive/REGISTER.md	143	cont	:892-895	internal/effect.ts	892	895	block	named	same		internal/effect.ts	924	927
brief	archive	Test/Counterexamples/Archive/REGISTER.md	143	cont	:910-913	internal/effect.ts	910	913	block	named	same		internal/effect.ts	942	945
brief	archive	Test/Counterexamples/Archive/REGISTER.md	144	bare	internal/effect.ts	internal/effect.ts	931	935	exact	exact	same		internal/effect.ts	963	967
brief	archive	Test/Counterexamples/Archive/REGISTER.md	144	bare	Deferred.ts	Deferred.ts	1655	1658	exact	unnamed	same		Deferred.ts	1656	1659
brief	archive	Test/Counterexamples/Archive/REGISTER.md	144	cont	:680-683	internal/effect.ts	680	683	dominant	exact;also:plain=src/Effect4/Laws/Machine/Witnesses.lean;skipped:block=Deferred.ts	same		internal/effect.ts	675	678
brief	archive	Test/Counterexamples/Archive/REGISTER.md	145	bare	internal/effect.ts	internal/effect.ts	773	773	exact	named	same		internal/effect.ts	798	798
brief	archive	Test/Counterexamples/Archive/REGISTER.md	145	cont	:812	internal/effect.ts	812	812	block	named	same-comment		internal/effect.ts	837	837
brief	archive	Test/Counterexamples/Archive/REGISTER.md	145	cont	:821	internal/effect.ts	821	821	block	unconfirmed	same		internal/effect.ts	846	846
brief	archive	Test/Counterexamples/Archive/REGISTER.md	145	cont	:1128-1141	internal/effect.ts	1128	1141	block	named	same		internal/effect.ts	1161	1174
brief	archive	Test/Counterexamples/Archive/REGISTER.md	145	cont	:1155-1159	internal/effect.ts	1155	1159	block	exact	changed	code	internal/effect.ts	1197	1201
brief	archive	Test/Counterexamples/Archive/REGISTER.md	146	bare	internal/effect.ts	internal/effect.ts	794	808	exact	unnamed	same		internal/effect.ts	819	833
brief	archive	Test/Counterexamples/Archive/REGISTER.md	147	bare	internal/effect.ts	internal/effect.ts	1530	1530	exact	exact	removed	code	internal/effect.ts		
brief	archive	Test/Counterexamples/Archive/REGISTER.md	147	cont	:1510-1514	internal/effect.ts	1510	1514	block	exact	changed	code	internal/effect.ts	1638	1638
brief	archive	Test/Counterexamples/Archive/REGISTER.md	148	bare	internal/effect.ts	internal/effect.ts	1520	1528	exact	named	same		internal/effect.ts	1644	1652
brief	archive	Test/Counterexamples/Archive/REGISTER.md	149	bare	internal/effect.ts	internal/effect.ts	5366	5376	exact	exact	same		internal/effect.ts	5623	5633
brief	archive	Test/Counterexamples/Archive/REGISTER.md	150	bare	internal/effect.ts	internal/effect.ts	5314	5333	exact	exact	changed	code	internal/effect.ts	5569	5590
brief	archive	Test/Counterexamples/Archive/REGISTER.md	151	bare	internal/effect.ts	internal/effect.ts	5542	5542	exact	exact	same		internal/effect.ts	5799	5799
brief	archive	Test/Counterexamples/Archive/REGISTER.md	151	cont	:552-554	internal/effect.ts	552	554	block	named	changed	code	internal/effect.ts	506	530
brief	archive	Test/Counterexamples/Archive/REGISTER.md	151	cont	:986	internal/effect.ts	986	986	block	named;also:plain=src/Effect4/Laws/Machine/Witnesses.lean	same		internal/effect.ts	1018	1018
brief	archive	Test/Counterexamples/Archive/REGISTER.md	152	bare	Scheduler.ts	Scheduler.ts	207	212	exact	exact	same		Scheduler.ts	217	222
brief	archive	Test/Counterexamples/Archive/REGISTER.md	153	bare	Queue.ts	Queue.ts	455	455	exact	unnamed	same		Queue.ts	474	474
brief	archive	Test/Counterexamples/Archive/REGISTER.md	153	bare	Scheduler.ts	Scheduler.ts	193	202	exact	unnamed	same		Scheduler.ts	203	212
brief	archive	Test/Counterexamples/Archive/REGISTER.md	154	bare	Semaphore.ts	Semaphore.ts	258	266	exact	unnamed	same		Semaphore.ts	265	273
brief	archive	Test/Counterexamples/Archive/REGISTER.md	155	cont	:178-185	-	178	185	carry:lit-lineage.md	outside	not-a-pin-citation				
brief	archive	Test/Counterexamples/Archive/REGISTER.md	155	bare	internal/effect.ts	internal/effect.ts	6063	6063	exact	exact	same		internal/effect.ts	6322	6322
brief	archive	Test/Counterexamples/Archive/REGISTER.md	156	bare	internal/effect.ts	internal/effect.ts	6054	6055	exact	named	same		internal/effect.ts	6313	6314
brief	archive	Test/Counterexamples/Archive/REGISTER.md	179	bare	HttpApiEndpoint.ts	unstable/httpapi/HttpApiEndpoint.ts	1258	1299	suffix	exact	same		http-api/HttpApiEndpoint.ts	1328	1369
brief	archive	Test/Counterexamples/Archive/REGISTER.md	183	bare	HttpApiEndpoint.ts	unstable/httpapi/HttpApiEndpoint.ts	1134	1134	suffix	named	same		http-api/HttpApiEndpoint.ts	1204	1204
brief	archive	Test/Counterexamples/Archive/REGISTER.md	184	cont	:1137	unstable/httpapi/HttpApiEndpoint.ts	1137	1137	carry	unconfirmed	same		http-api/HttpApiEndpoint.ts	1207	1207
brief	archive	Test/Counterexamples/Archive/REGISTER.md	185	cont	:1180	unstable/httpapi/HttpApiEndpoint.ts	1180	1180	carry	unconfirmed	same		http-api/HttpApiEndpoint.ts	1250	1250
brief	archive	Test/Counterexamples/Archive/REGISTER.md	186	cont	:1201	unstable/httpapi/HttpApiEndpoint.ts	1201	1201	carry	unconfirmed	same		http-api/HttpApiEndpoint.ts	1271	1271
brief	archive	Test/Counterexamples/Archive/REGISTER.md	187	cont	:1206	unstable/httpapi/HttpApiEndpoint.ts	1206	1206	carry	unconfirmed	same		http-api/HttpApiEndpoint.ts	1276	1276
brief	archive	Test/Counterexamples/Archive/REGISTER.md	188	cont	:1209	unstable/httpapi/HttpApiEndpoint.ts	1209	1209	carry	unconfirmed	same		http-api/HttpApiEndpoint.ts	1279	1279
brief	archive	Test/Counterexamples/Archive/REGISTER.md	189	cont	:1219	unstable/httpapi/HttpApiEndpoint.ts	1219	1219	carry	unconfirmed	same		http-api/HttpApiEndpoint.ts	1289	1289
brief	archive	Test/Counterexamples/Archive/REGISTER.md	189	cont	:1206	unstable/httpapi/HttpApiEndpoint.ts	1206	1206	carry	unconfirmed	same		http-api/HttpApiEndpoint.ts	1276	1276
brief	archive	Test/Counterexamples/Archive/REGISTER.md	190	cont	:1225	unstable/httpapi/HttpApiEndpoint.ts	1225	1225	carry	unconfirmed	same		http-api/HttpApiEndpoint.ts	1295	1295
brief	archive	Test/Counterexamples/Archive/REGISTER.md	190	cont	:1209	unstable/httpapi/HttpApiEndpoint.ts	1209	1209	carry	unconfirmed	same		http-api/HttpApiEndpoint.ts	1279	1279
brief	archive	Test/Counterexamples/Archive/REGISTER.md	191	cont	:1290	unstable/httpapi/HttpApiEndpoint.ts	1290	1290	carry	named	same		http-api/HttpApiEndpoint.ts	1360	1360
brief	archive	Test/Counterexamples/Archive/REGISTER.md	192	cont	:1303	unstable/httpapi/HttpApiEndpoint.ts	1303	1303	carry	unconfirmed	same		http-api/HttpApiEndpoint.ts	1373	1373
brief	archive	Test/Counterexamples/Archive/REGISTER.md	193	cont	:1306	internal/effect.ts	1306	1306	dominant	named;skipped:carry=unstable/httpapi/HttpApiEndpoint.ts	same		internal/effect.ts	1358	1358
brief	archive	Test/Counterexamples/Archive/REGISTER.md	219	bare	Schema.ts	Schema.ts	17105	17105	exact	exact	same		Schema.ts	16646	16646
brief	archive	Test/Counterexamples/Archive/REGISTER.md	232	bare	Effect.ts	Effect.ts	117	117	exact	exact	same		Effect.ts	116	116
brief	archive	Test/Counterexamples/Archive/REGISTER.md	232	cont	:154-157	internal/effect.ts	154	157	dominant	named;skipped:block=Effect.ts	same		internal/effect.ts	154	157
brief	archive	Test/Counterexamples/Archive/REGISTER.md	232	bare	HttpApiEndpoint.ts	unstable/httpapi/HttpApiEndpoint.ts	584	586	suffix	named	same		http-api/HttpApiEndpoint.ts	629	631
brief	archive	Test/Counterexamples/Archive/REGISTER.md	233	bare	HttpApiEndpoint.ts	unstable/httpapi/HttpApiEndpoint.ts	586	586	suffix	named	same		http-api/HttpApiEndpoint.ts	631	631
brief	archive	Test/Counterexamples/Archive/REGISTER.md	234	bare	HttpRouter.ts	unstable/http/HttpRouter.ts	853	857	suffix	exact	same		http/HttpRouter.ts	902	906
brief	archive	Test/Counterexamples/Archive/REGISTER.md	234	bare	HttpApiEndpoint.ts	unstable/httpapi/HttpApiEndpoint.ts	720	724	suffix	named	same		http-api/HttpApiEndpoint.ts	777	781
brief	archive	Test/Counterexamples/Archive/REGISTER.md	234	bare	HttpApiBuilder.ts	unstable/httpapi/HttpApiBuilder.ts	140	140	suffix	unnamed	same		http-api/HttpApiBuilder.ts	144	144
brief	archive	Test/Counterexamples/Archive/REGISTER.md	235	bare	HttpApiBuilder.ts	unstable/httpapi/HttpApiBuilder.ts	169	179	suffix	exact	same		http-api/HttpApiBuilder.ts	219	229
brief	archive	Test/Counterexamples/Archive/REGISTER.md	244	bare	HttpApiBuilder.ts	unstable/httpapi/HttpApiBuilder.ts	283	296	suffix	exact	same		http-api/HttpApiBuilder.ts	340	353
brief	archive	Test/Counterexamples/Archive/REGISTER.md	244	cont	:126-131	unstable/httpapi/HttpApiBuilder.ts	126	131	block	named	same		http-api/HttpApiBuilder.ts	130	135
brief	archive	Test/Counterexamples/Archive/REGISTER.md	245	bare	HttpApiBuilder.ts	unstable/httpapi/HttpApiBuilder.ts	219	221	suffix	exact	same		http-api/HttpApiBuilder.ts	271	273
brief	archive	Test/Counterexamples/Archive/REGISTER.md	245	cont	:286	unstable/httpapi/HttpApiBuilder.ts	286	286	block	named	same		http-api/HttpApiBuilder.ts	343	343
brief	archive	Test/Counterexamples/Archive/REGISTER.md	245	cont	:320	unstable/httpapi/HttpApiBuilder.ts	320	320	block	named	same		http-api/HttpApiBuilder.ts	377	377
brief	archive	Test/Counterexamples/Archive/REGISTER.md	245	cont	:277	unstable/httpapi/HttpApiBuilder.ts	277	277	block	exact	same		http-api/HttpApiBuilder.ts	334	334
brief	archive	Test/Counterexamples/Archive/REGISTER.md	246	bare	HttpApiBuilder.ts	unstable/httpapi/HttpApiBuilder.ts	246	252	suffix	unnamed	same		http-api/HttpApiBuilder.ts	298	304
brief	archive	Test/Counterexamples/Archive/REGISTER.md	250	bare	HttpApiEndpoint.ts	unstable/httpapi/HttpApiEndpoint.ts	586	586	suffix	exact	same		http-api/HttpApiEndpoint.ts	631	631
brief	archive	Test/Counterexamples/Archive/REGISTER.md	250	bare	HttpApiBuilder.ts	unstable/httpapi/HttpApiBuilder.ts	317	325	suffix	named	same		http-api/HttpApiBuilder.ts	374	382
brief	archive	Test/Counterexamples/Archive/REGISTER.md	263	bare	internal/effect.ts	internal/effect.ts	1175	1196	exact	exact	changed	code	internal/effect.ts	1217	1240
brief	archive	Test/Counterexamples/Archive/REGISTER.md	266	bare	internal/effect.ts	internal/effect.ts	767	822	exact	exact	same		internal/effect.ts	792	847
brief	archive	Test/Counterexamples/Archive/REGISTER.md	267	bare	internal/effect.ts	internal/effect.ts	1120	1126	exact	named	same		internal/effect.ts	1153	1159
brief	archive	Test/Counterexamples/Archive/REGISTER.md	273	bare	internal/effect.ts	internal/effect.ts	5440	5462	exact	unnamed	same		internal/effect.ts	5697	5719
brief	archive	Test/Counterexamples/Archive/REGISTER.md	277	bare	internal/effect.ts	internal/effect.ts	5366	5372	exact	named	same		internal/effect.ts	5623	5629
brief	archive	Test/Counterexamples/Archive/REGISTER.md	280	bare	internal/effect.ts	internal/effect.ts	157	165	exact	exact	same		internal/effect.ts	157	165
brief	archive	Test/Counterexamples/Archive/REGISTER.md	280	cont	:1018	internal/effect.ts	1018	1018	block	unconfirmed	same		internal/effect.ts	1050	1050
brief	archive	Test/Counterexamples/Archive/REGISTER.md	280	cont	:3289	internal/effect.ts	3289	3289	block	named	same		internal/effect.ts	3395	3395
brief	archive	Test/Counterexamples/Archive/flow/region-simulation-boundary.mjs	19	full	../../../vendor/effect-4.0.0-rc.112/src/internal/effect.ts	internal/effect.ts	0	0	full	n/a	file-only		internal/effect.ts		
brief	live	Test/Counterexamples/Machine/Runtime/Frames.lean	631	bare	internal/effect.ts	internal/effect.ts	1362	1377	exact	named	changed	code	internal/effect.ts	1414	1429
brief	live	Test/Counterexamples/Machine/Runtime/Frames.lean	682	bare	internal/effect.ts	internal/effect.ts	4624	4645	exact	named	same		internal/effect.ts	4900	4921
brief	live	Test/Counterexamples/Machine/Runtime/ScopeRestorationBoundary.lean	11	full	vendor/effect-4.0.0-rc.112/src/internal/core.ts	internal/core.ts	529	548	full	unnamed	changed	code	internal/core.ts	580	610
brief	live	Test/Counterexamples/Machine/Runtime/ScopeRestorationBoundary.lean	12	full	vendor/effect-4.0.0-rc.112/src/internal/effect.ts	internal/effect.ts	4302	4320	full	unnamed	same		internal/effect.ts	4550	4568
brief	live	Test/Counterexamples/Machine/Semantics/ATTACKS.md	87	bare	internal/effect.ts	internal/effect.ts	3800	3804	exact	named	same		internal/effect.ts	3967	3971
brief	live	Test/Counterexamples/Machine/Semantics/ATTACKS.md	88	bare	internal/effect.ts	internal/effect.ts	4023	4028	exact	named	changed	code	internal/effect.ts	4186	4196
brief	live	Test/Counterexamples/Machine/Semantics/CauseExit.lean	236	bare	internal/effect.ts	internal/effect.ts	3800	3804	exact	exact	same		internal/effect.ts	3967	3971
brief	live	Test/Counterexamples/Machine/Semantics/CauseExit.lean	271	bare	internal/effect.ts	internal/effect.ts	2024	2038	exact	exact	same		internal/effect.ts	2126	2140
brief	live	Test/Counterexamples/REGISTER.md	57	cont	:1068	SchemaRepresentation.ts	1068	1068	read	read	same		SchemaRepresentation.ts	2752	2752
brief	live	Test/Counterexamples/REGISTER.md	57	cont	:992	SchemaRepresentation.ts	992	992	read	read	same		SchemaRepresentation.ts	2674	2674
brief	live	Test/Counterexamples/REGISTER.md	57	cont	:998-1008	SchemaRepresentation.ts	998	1008	read	read	same		SchemaRepresentation.ts	2680	2690
brief	live	Test/Counterexamples/REGISTER.md	57	cont	:1043	SchemaRepresentation.ts	1043	1043	read	read	same		SchemaRepresentation.ts	2725	2725
brief	live	Test/Counterexamples/REGISTER.md	61	cont	:70	-	70	70	block:src/Effect4/Schema/Bridge.lean	named;also:plain=Test/Codegen/SchemaGenerationContract.lean	not-a-pin-citation				
brief	live	Test/Counterexamples/REGISTER.md	85	bare	internal/effect.ts	internal/effect.ts	3800	3804	exact	exact	same		internal/effect.ts	3967	3971
brief	live	Test/Counterexamples/REGISTER.md	85	cont	:4023-4028	internal/effect.ts	4023	4028	block	unconfirmed	changed	code	internal/effect.ts	4186	4196
brief	live	Test/Counterexamples/REGISTER.md	90	bare	Layer.ts	Layer.ts	3327	3327	exact	exact	same		Layer.ts	3366	3366
brief	live	Test/Counterexamples/REGISTER.md	92	bare	ConfigProvider.ts	ConfigProvider.ts	373	373	exact	exact	changed	code	ConfigProvider.ts	374	374
brief	live	Test/Counterexamples/REGISTER.md	93	bare	ConfigProvider.ts	ConfigProvider.ts	1206	1207	exact	named	same		ConfigProvider.ts	1207	1208
brief	live	Test/Counterexamples/REGISTER.md	93	cont	:1227	ConfigProvider.ts	1227	1227	read	read	same		ConfigProvider.ts	1226	1226
brief	live	Test/Counterexamples/REGISTER.md	94	bare	ConfigProvider.ts	ConfigProvider.ts	1396	1399	exact	unnamed	changed	code	ConfigProvider.ts	1395	1398
brief	live	Test/Counterexamples/REGISTER.md	95	bare	ConfigProvider.ts	ConfigProvider.ts	379	383	exact	named	same		ConfigProvider.ts	380	384
brief	live	Test/Counterexamples/REGISTER.md	96	bare	Config.ts	Config.ts	847	852	exact	exact	changed	code	Config.ts	922	927
brief	live	Test/Counterexamples/REGISTER.md	96	bare	Config.ts	Config.ts	674	675	exact	named	removed	code	Config.ts		
brief	live	Test/Counterexamples/REGISTER.md	96	cont	:589-593	Config.ts	589	593	block	named;also:dominant=internal/effect.ts	comment-changed		Config.ts	721	725
brief	live	Test/Counterexamples/REGISTER.md	96	bare	Config.ts	Config.ts	1041	1041	exact	unnamed	changed	code	Config.ts	1117	1117
brief	live	Test/Counterexamples/REGISTER.md	96	cont	:1211-1213	Config.ts	1211	1213	block	named	changed	code	Config.ts	1283	1285
brief	live	Test/Counterexamples/REGISTER.md	97	bare	ConfigProvider.ts	ConfigProvider.ts	883	886	exact	exact	same		ConfigProvider.ts	884	887
brief	live	Test/Counterexamples/REGISTER.md	97	cont	:373	ConfigProvider.ts	373	373	read	read	changed	code	ConfigProvider.ts	374	374
brief	live	Test/Counterexamples/REGISTER.md	97	cont	:767-772	ConfigProvider.ts	767	772	block	exact	same-comment		ConfigProvider.ts	768	773
brief	live	Test/Counterexamples/REGISTER.md	124	bare	internal/effect.ts	internal/effect.ts	4624	4645	exact	exact	same		internal/effect.ts	4900	4921
brief	live	Test/Counterexamples/REGISTER.md	125	bare	internal/effect.ts	internal/effect.ts	5253	5253	exact	exact	same		internal/effect.ts	5506	5506
brief	live	Test/Counterexamples/REGISTER.md	125	cont	:6656-6658	internal/effect.ts	6656	6658	block	named	same		internal/effect.ts	6925	6927
brief	live	Test/Counterexamples/REGISTER.md	126	bare	Deferred.ts	Deferred.ts	1655	1659	exact	unnamed	same		Deferred.ts	1656	1660
brief	live	Test/Counterexamples/REGISTER.md	126	bare	internal/effect.ts	internal/effect.ts	5583	5583	exact	exact	same		internal/effect.ts	5840	5840
brief	live	Test/Counterexamples/REGISTER.md	126	bare	Queue.ts	Queue.ts	1974	1974	exact	exact	changed	code	Queue.ts	2462	2465
brief	live	Test/Counterexamples/REGISTER.md	126	bare	Semaphore.ts	Semaphore.ts	260	260	exact	unnamed	same		Semaphore.ts	267	267
brief	live	Test/Counterexamples/REGISTER.md	126	bare	Pool.ts	Pool.ts	703	703	exact	unnamed	same		Pool.ts	727	727
brief	live	Test/Counterexamples/REGISTER.md	126	bare	Effect.ts	Effect.ts	24350	24350	exact	unnamed	same		Effect.ts	24923	24923
brief	live	Test/Counterexamples/REGISTER.md	127	bare	testing/TestClock.ts	testing/TestClock.ts	377	381	exact	exact	same		testing/TestClock.ts	377	381
brief	live	Test/Counterexamples/REGISTER.md	127	cont	:383-385	testing/TestClock.ts	383	385	block	exact	same		testing/TestClock.ts	383	385
brief	live	Test/Counterexamples/REGISTER.md	145	bare	Layer.ts	Layer.ts	396	411	exact	named	removed	code	Layer.ts		
brief	live	Test/Counterexamples/REGISTER.md	145	cont	:434-443	Layer.ts	434	443	read	read	changed	code	Layer.ts	418	428
brief	live	Test/Counterexamples/REGISTER.md	167	bare	internal/effect.ts	internal/effect.ts	3621	3622	exact	exact	same		internal/effect.ts	3769	3770
brief	live	Test/Counterexamples/REGISTER.md	264	cont	:32	-	32	32	plain:Test/Program/TypedProgBindRed.lean	exact;skipped:carry=Test/contracts/foundation-wave2.contract.md,dominant=internal/effect.ts	not-a-pin-citation				
brief	live	Test/Counterexamples/REGISTER.md	265	bare	Layer.ts	Layer.ts	3327	3328	exact	exact	same		Layer.ts	3366	3367
brief	live	Test/Counterexamples/Schema/ATTACKS.md	162	bare	SchemaRepresentation.ts	SchemaRepresentation.ts	162	162	exact	named	same		SchemaRepresentation.ts	213	213
brief	live	Test/Counterexamples/Schema/ATTACKS.md	163	cont	:988	SchemaRepresentation.ts	988	988	block	named	same		SchemaRepresentation.ts	2670	2670
brief	live	Test/Counterexamples/Schema/ATTACKS.md	171	bare	SchemaRepresentation.ts	SchemaRepresentation.ts	1005	1005	exact	exact	same		SchemaRepresentation.ts	2687	2687
brief	live	Test/Counterexamples/Schema/ATTACKS.md	172	cont	:999	SchemaRepresentation.ts	999	999	block	exact	same		SchemaRepresentation.ts	2681	2681
brief	live	Test/Counterexamples/Schema/ATTACKS.md	172	cont	:1020	SchemaRepresentation.ts	1020	1020	block	exact	same		SchemaRepresentation.ts	2702	2702
brief	live	Test/Counterexamples/Schema/ATTACKS.md	172	cont	:1042	SchemaRepresentation.ts	1042	1042	block	named	same		SchemaRepresentation.ts	2724	2724
brief	live	Test/Counterexamples/Schema/ATTACKS.md	312	cont	:1005	SchemaRepresentation.ts	1005	1005	default	named	same		SchemaRepresentation.ts	2687	2687
brief	live	Test/Counterexamples/Schema/ATTACKS.md	313	cont	:999	SchemaRepresentation.ts	999	999	default	named	same		SchemaRepresentation.ts	2681	2681
brief	live	Test/Counterexamples/Schema/ATTACKS.md	313	cont	:1020	SchemaRepresentation.ts	1020	1020	default	named	same		SchemaRepresentation.ts	2702	2702
brief	live	Test/Counterexamples/Schema/ATTACKS.md	313	cont	:1042	SchemaRepresentation.ts	1042	1042	default	named	same		SchemaRepresentation.ts	2724	2724
brief	live	Test/Counterexamples/Schema/ATTACKS.md	314	cont	:919	SchemaRepresentation.ts	919	919	default	exact	same		SchemaRepresentation.ts	2599	2599
brief	live	Test/Counterexamples/Schema/ATTACKS.md	314	cont	:922-925	SchemaRepresentation.ts	922	925	default	exact	same		SchemaRepresentation.ts	2602	2605
brief	live	Test/Counterexamples/Schema/ATTACKS.md	315	cont	:927-948	SchemaRepresentation.ts	927	948	default	unconfirmed	changed	code	SchemaRepresentation.ts	2607	2630
brief	live	Test/Counterexamples/Schema/ATTACKS.md	351	bare	SchemaAST.ts	SchemaAST.ts	1448	1456	exact	exact	same		SchemaAST.ts	1912	1920
brief	live	Test/Counterexamples/Schema/ATTACKS.md	353	cont	:3343-3349	SchemaAST.ts	3343	3349	block	exact	changed	code	SchemaAST.ts	4160	4166
brief	live	Test/Counterexamples/Schema/ATTACKS.md	355	cont	:3085-3089	SchemaAST.ts	3085	3089	block	exact	changed	code	SchemaAST.ts	3844	3848
brief	live	Test/Counterexamples/Schema/ATTACKS.md	366	bare	SchemaAST.ts	SchemaAST.ts	3341	3341	exact	named	same		SchemaAST.ts	4158	4158
brief	live	Test/Counterexamples/Schema/ATTACKS.md	371	cont	:1068	SchemaRepresentation.ts	1068	1068	default	exact	same		SchemaRepresentation.ts	2752	2752
brief	live	Test/Counterexamples/Schema/ATTACKS.md	372	cont	:1096	SchemaRepresentation.ts	1096	1096	default	exact	same		SchemaRepresentation.ts	2780	2780
brief	live	Test/Counterexamples/Schema/ATTACKS.md	386	cont	:987	SchemaRepresentation.ts	987	987	default	exact	same		SchemaRepresentation.ts	2669	2669
brief	live	Test/Counterexamples/Schema/ATTACKS.md	401	cont	:25-28	SchemaRepresentation.ts	25	28	default	exact	same		SchemaRepresentation.ts	24	27
brief	live	Test/Counterexamples/Schema/ATTACKS.md	402	cont	:36-38	SchemaRepresentation.ts	36	38	default	exact	same		SchemaRepresentation.ts	35	37
brief	live	Test/Counterexamples/Schema/ATTACKS.md	403	cont	:146	SchemaRepresentation.ts	146	146	default	named	same		SchemaRepresentation.ts	197	197
brief	live	Test/Counterexamples/Schema/ATTACKS.md	405	cont	:446	SchemaRepresentation.ts	446	446	default	named	same		SchemaRepresentation.ts	502	502
brief	live	Test/Counterexamples/Schema/ATTACKS.md	405	cont	:459	SchemaRepresentation.ts	459	459	default	named	same		SchemaRepresentation.ts	515	515
brief	live	Test/Counterexamples/Schema/ATTACKS.md	426	bare	internal/schema/toRepresentation.ts	internal/schema/toRepresentation.ts	172	177	exact	exact	same		internal/schema/toRepresentation.ts	172	177
brief	live	Test/Counterexamples/Schema/ATTACKS.md	427	cont	:174	internal/schema/toRepresentation.ts	174	174	block	exact	same		internal/schema/toRepresentation.ts	174	174
brief	live	Test/Counterexamples/Schema/ATTACKS.md	428	cont	:175	internal/schema/toRepresentation.ts	175	175	block	exact	same		internal/schema/toRepresentation.ts	175	175
brief	live	Test/Counterexamples/Schema/ATTACKS.md	444	cont	:460	SchemaRepresentation.ts	460	460	default	exact	same		SchemaRepresentation.ts	516	516
brief	live	Test/Counterexamples/Schema/ATTACKS.md	444	cont	:965	SchemaRepresentation.ts	965	965	default	exact	same		SchemaRepresentation.ts	2647	2647
brief	live	Test/Counterexamples/Schema/ATTACKS.md	458	cont	:1018-1021	SchemaRepresentation.ts	1018	1021	default	exact	same		SchemaRepresentation.ts	2700	2703
brief	live	Test/Counterexamples/Schema/ATTACKS.md	459	cont	:1036	SchemaRepresentation.ts	1036	1036	default	named	same		SchemaRepresentation.ts	2718	2718
brief	live	Test/Counterexamples/Schema/ATTACKS.md	472	cont	:927-937	SchemaRepresentation.ts	927	937	default	exact	same		SchemaRepresentation.ts	2607	2617
brief	live	Test/Counterexamples/Schema/ATTACKS.md	473	cont	:940	SchemaRepresentation.ts	940	940	default	exact	same		SchemaRepresentation.ts	2622	2622
brief	live	Test/Counterexamples/Schema/ATTACKS.md	474	cont	:941	SchemaRepresentation.ts	941	941	default	exact	changed	code	SchemaRepresentation.ts	2623	2624
brief	live	Test/Counterexamples/Schema/ATTACKS.md	494	cont	:1057	SchemaRepresentation.ts	1057	1057	default	exact	same		SchemaRepresentation.ts	2739	2739
brief	live	Test/Counterexamples/Schema/ATTACKS.md	513	cont	:480-483	SchemaRepresentation.ts	480	483	default	exact	same		SchemaRepresentation.ts	536	539
brief	live	Test/Counterexamples/Schema/ATTACKS.md	514	cont	:491-494	SchemaRepresentation.ts	491	494	default	exact	same		SchemaRepresentation.ts	547	550
brief	live	Test/Counterexamples/Schema/ATTACKS.md	528	cont	:1068	SchemaRepresentation.ts	1068	1068	default	exact	same		SchemaRepresentation.ts	2752	2752
brief	live	Test/Counterexamples/Schema/ATTACKS.md	529	cont	:1030	SchemaRepresentation.ts	1030	1030	default	exact	same		SchemaRepresentation.ts	2712	2712
brief	live	Test/Counterexamples/Schema/ATTACKS.md	529	cont	:1045	SchemaRepresentation.ts	1045	1045	default	exact	same		SchemaRepresentation.ts	2727	2727
brief	live	Test/Counterexamples/Schema/ATTACKS.md	529	cont	:1052	SchemaRepresentation.ts	1052	1052	default	exact	same		SchemaRepresentation.ts	2734	2734
brief	live	Test/Counterexamples/Schema/ATTACKS.md	530	cont	:992	SchemaRepresentation.ts	992	992	default	named	same		SchemaRepresentation.ts	2674	2674
brief	live	Test/Counterexamples/Schema/ATTACKS.md	531	cont	:998-1008	SchemaRepresentation.ts	998	1008	default	exact	same		SchemaRepresentation.ts	2680	2690
brief	live	Test/Counterexamples/Schema/ATTACKS.md	531	cont	:1043	SchemaRepresentation.ts	1043	1043	default	exact	same		SchemaRepresentation.ts	2725	2725
brief	live	Test/Counterexamples/Schema/ATTACKS.md	532	cont	:1107	SchemaRepresentation.ts	1107	1107	default	named;also:global=internal/effect.ts	same		SchemaRepresentation.ts	2791	2791
brief	live	Test/Counterexamples/Schema/ATTACKS.md	556	cont	:64-87	internal/schema/fromRepresentation.ts	64	87	block	exact	same		internal/schema/fromRepresentation.ts	66	89
brief	live	Test/Counterexamples/Schema/ATTACKS.md	556	cont	:67-68	internal/schema/fromRepresentation.ts	67	68	block	exact	same		internal/schema/fromRepresentation.ts	69	70
brief	live	Test/Counterexamples/Schema/ATTACKS.md	561	cont	:19-31	SchemaRepresentation.ts	19	31	default	named	same		SchemaRepresentation.ts	18	30
brief	live	Test/Counterexamples/Schema/ATTACKS.md	563	cont	:76-77	SchemaRepresentation.ts	76	77	default	unconfirmed	same		SchemaRepresentation.ts	127	128
brief	live	Test/Counterexamples/Schema/ATTACKS.md	565	cont	:26-27	SchemaRepresentation.ts	26	27	default	named	same		SchemaRepresentation.ts	25	26
brief	live	Test/Counterexamples/Schema/ATTACKS.md	567	bare	SchemaRepresentation.ts	SchemaRepresentation.ts	1250	1250	exact	named	same-comment		SchemaRepresentation.ts	2934	2934
brief	live	Test/Counterexamples/Schema/ATTACKS.md	606	cont	:351-357	internal/schema/toRepresentation.ts	351	357	block	named;also:default=SchemaRepresentation.ts	same		internal/schema/toRepresentation.ts	351	357
brief	live	Test/Counterexamples/Schema/ATTACKS.md	607	cont	:958	SchemaRepresentation.ts	958	958	default	named	same		SchemaRepresentation.ts	2640	2640
brief	live	Test/Dogfood/P1HttpCache.lean	69	full	vendor/effect-4.0.0-rc.112/src/internal/effect.ts	internal/effect.ts	3677	3727	full	named	changed	code	internal/effect.ts	3825	3881
brief	live	Test/Dogfood/P1HttpCache.lean	71	full	vendor/effect-4.0.0-rc.112/src/internal/effect.ts	internal/effect.ts	1477	1533	full	exact	changed	code	internal/effect.ts	1603	1654
brief	live	Test/Dogfood/P1HttpCache.lean	85	full	vendor/effect-4.0.0-rc.112/src/internal/schedule.ts	internal/schedule.ts	51	80	full	named	same		internal/schedule.ts	51	80
brief	live	Test/Dogfood/rc112/capture-cache-control.ts	2	bare	Cache.ts	Cache.ts	205	211	exact	named	same		Cache.ts	205	211
brief	live	Test/Dogfood/rc112/capture-cache-control.ts	3	bare	Context.ts	Context.ts	1816	1819	exact	named	same		Context.ts	1849	1852
brief	live	Test/Dogfood/rc112/p1-http-cache.ts	6	bare	Data.ts	Data.ts	1111	1111	exact	unnamed	same		Data.ts	1111	1111
brief	live	Test/Dogfood/rc112/p1-http-cache.ts	7	bare	Effect.ts	Effect.ts	1406	1410	exact	unnamed	changed	erased	Effect.ts	1403	1548
brief	live	Test/Dogfood/rc112/p1-http-cache.ts	7	bare	internal/effect.ts	internal/effect.ts	1062	1090	exact	unnamed	changed	code	internal/effect.ts	1094	1123
brief	live	Test/Dogfood/rc112/p1-http-cache.ts	10	bare	Effect.ts	Effect.ts	8293	8293	exact	unnamed	same		Effect.ts	8457	8457
brief	live	Test/Dogfood/rc112/p1-http-cache.ts	10	bare	internal/effect.ts	internal/effect.ts	3707	3727	exact	unnamed	changed	code	internal/effect.ts	3859	3881
brief	live	Test/Dogfood/rc112/p1-http-cache.ts	13	bare	Effect.ts	Effect.ts	7192	7192	exact	unnamed	same		Effect.ts	7353	7353
brief	live	Test/Dogfood/rc112/p1-http-cache.ts	13	bare	Effect.ts	Effect.ts	7097	7140	exact	unnamed	same		Effect.ts	7258	7301
brief	live	Test/Dogfood/rc112/p1-http-cache.ts	14	bare	internal/schedule.ts	internal/schedule.ts	131	176	exact	unnamed	same		internal/schedule.ts	131	176
brief	live	Test/Dogfood/rc112/p1-http-cache.ts	15	bare	Schedule.ts	Schedule.ts	1090	1099	exact	unnamed	same		Schedule.ts	1090	1099
brief	live	Test/Dogfood/rc112/p1-http-cache.ts	16	bare	Schedule.ts	Schedule.ts	1702	1702	exact	unnamed	same		Schedule.ts	1702	1702
brief	live	Test/Dogfood/rc112/p1-http-cache.ts	17	bare	Schedule.ts	Schedule.ts	377	411	exact	unnamed	same		Schedule.ts	377	411
brief	live	Test/Dogfood/rc112/p1-http-cache.ts	18	bare	Cache.ts	Cache.ts	288	309	exact	named	same		Cache.ts	288	309
brief	live	Test/Dogfood/rc112/p1-http-cache.ts	19	bare	Cache.ts	Cache.ts	420	420	exact	named	same		Cache.ts	420	420
brief	live	Test/Dogfood/rc112/p1-http-cache.ts	20	bare	Effect.ts	Effect.ts	1947	1947	exact	unnamed	same		Effect.ts	2085	2085
brief	live	Test/Dogfood/rc112/p1-http-cache.ts	71	bare	Cache.ts	Cache.ts	420	430	exact	unnamed	same		Cache.ts	420	430
brief	live	Test/Dogfood/rc112/p2-handler-layers.ts	8	bare	Context.ts	Context.ts	160	201	exact	unnamed	same		Context.ts	160	201
brief	live	Test/Dogfood/rc112/p2-handler-layers.ts	9	bare	Layer.ts	Layer.ts	1347	1347	exact	unnamed	same		Layer.ts	1345	1345
brief	live	Test/Dogfood/rc112/p2-handler-layers.ts	10	bare	Layer.ts	Layer.ts	1012	1012	exact	unnamed	same		Layer.ts	1010	1010
brief	live	Test/Dogfood/rc112/p2-handler-layers.ts	11	bare	Layer.ts	Layer.ts	2008	2008	exact	unnamed	same		Layer.ts	2005	2005
brief	live	Test/Dogfood/rc112/p2-handler-layers.ts	12	bare	Layer.ts	Layer.ts	1652	1652	exact	unnamed	same		Layer.ts	1649	1649
brief	live	Test/Dogfood/rc112/p2-handler-layers.ts	13	bare	Effect.ts	Effect.ts	11383	11383	exact	unnamed	same		Effect.ts	11508	11508
brief	live	Test/Dogfood/rc112/p2-handler-layers.ts	13	bare	internal/layer.ts	internal/layer.ts	8	22	exact	unnamed	same		internal/layer.ts	8	22
brief	live	Test/Dogfood/rc112/p2-handler-layers.ts	14	bare	Effect.ts	Effect.ts	12324	12324	exact	unnamed	same		Effect.ts	12449	12449
brief	live	Test/Dogfood/rc112/p2-handler-layers.ts	14	bare	internal/effect.ts	internal/effect.ts	2202	2232	exact	unnamed	same		internal/effect.ts	2307	2337
brief	live	Test/Dogfood/rc112/p2-handler-layers.ts	15	bare	Effect.ts	Effect.ts	4370	4370	exact	unnamed	same		Effect.ts	4530	4530
brief	live	Test/Dogfood/rc112/p2-handler-layers.ts	16	bare	Config.ts	Config.ts	1465	1465	exact	unnamed	changed	code	Config.ts	1745	1745
brief	live	Test/Dogfood/rc112/p2-handler-layers.ts	17	bare	Schema.ts	Schema.ts	3581	3581	exact	unnamed	same		Schema.ts	3454	3454
brief	live	Test/Dogfood/rc112/p2-handler-layers.ts	18	bare	unstable/sql/SqlClient.ts	unstable/sql/SqlClient.ts	30	100	exact	unnamed	same		sql/SqlClient.ts	33	105
brief	live	Test/Dogfood/rc112/p2-handler-layers.ts	18	bare	Statement.ts	unstable/sql/Statement.ts	431	445	suffix	unnamed	same		sql/Statement.ts	478	492
brief	live	Test/Dogfood/rc112/p3-worker-queue.ts	7	bare	Queue.ts	Queue.ts	500	500	exact	unnamed	same		Queue.ts	519	519
brief	live	Test/Dogfood/rc112/p3-worker-queue.ts	9	bare	Deferred.ts	Deferred.ts	171	171	exact	unnamed	same		Deferred.ts	172	172
brief	live	Test/Dogfood/rc112/p3-worker-queue.ts	10	bare	Ref.ts	Ref.ts	173	173	exact	unnamed	same		Ref.ts	173	173
brief	live	Test/Dogfood/rc112/p3-worker-queue.ts	11	bare	Effect.ts	Effect.ts	12928	12932	exact	unnamed	same		Effect.ts	13053	13057
brief	live	Test/Dogfood/rc112/p3-worker-queue.ts	12	bare	Effect.ts	Effect.ts	12815	12815	exact	unnamed	same		Effect.ts	12940	12940
brief	live	Test/Dogfood/rc112/p3-worker-queue.ts	13	bare	Effect.ts	Effect.ts	14227	14227	exact	unnamed	same		Effect.ts	14753	14753
brief	live	Test/Dogfood/rc112/p3-worker-queue.ts	14	bare	Effect.ts	Effect.ts	14480	14480	exact	unnamed	same		Effect.ts	15010	15010
brief	live	Test/Dogfood/rc112/p3-worker-queue.ts	15	bare	Effect.ts	Effect.ts	1088	1088	exact	unnamed	same		Effect.ts	1085	1085
brief	live	Test/Dogfood/rc112/p3-worker-queue.ts	15	bare	internal/effect.ts	internal/effect.ts	4648	4690	exact	unnamed	changed	code	internal/effect.ts	4924	4963
brief	live	Test/Dogfood/rc112/p3-worker-queue.ts	17	bare	Effect.ts	Effect.ts	16990	16990	exact	unnamed	same		Effect.ts	17520	17520
brief	live	Test/Dogfood/rc112/p3-worker-queue.ts	18	bare	Fiber.ts	Fiber.ts	354	354	exact	unnamed	same		Fiber.ts	379	379
brief	live	Test/Dogfood/rc112/p3-worker-queue.ts	19	bare	Effect.ts	Effect.ts	8696	8696	exact	unnamed	same		Effect.ts	8821	8821
brief	live	Test/Dogfood/rc112/p4-rate-limiter.ts	9	bare	Effect.ts	Effect.ts	17168	17168	exact	exact	same		Effect.ts	17698	17698
brief	live	Test/Dogfood/rc112/p4-rate-limiter.ts	14	bare	Ref.ts	Ref.ts	173	173	exact	named	same		Ref.ts	173	173
brief	live	Test/Dogfood/rc112/p4-rate-limiter.ts	15	bare	Effect.ts	Effect.ts	17168	17168	exact	named	same		Effect.ts	17698	17698
brief	live	Test/Dogfood/rc112/p4-rate-limiter.ts	16	bare	Effect.ts	Effect.ts	14480	14480	exact	named	same		Effect.ts	15010	15010
brief	live	Test/Dogfood/rc112/p4-rate-limiter.ts	17	bare	Effect.ts	Effect.ts	8696	8696	exact	named	same		Effect.ts	8821	8821
brief	live	Test/Dogfood/rc112/p4-rate-limiter.ts	17	bare	internal/effect.ts	internal/effect.ts	6114	6116	exact	named	same		internal/effect.ts	6373	6375
brief	live	Test/Dogfood/rc112/p4-rate-limiter.ts	18	bare	Effect.ts	Effect.ts	494	494	exact	named	same		Effect.ts	491	491
brief	live	Test/Dogfood/rc112/p4-rate-limiter.ts	18	bare	internal/effect.ts	internal/effect.ts	4383	4383	exact	named	same		internal/effect.ts	4659	4659
brief	live	Test/Dogfood/rc112/p4-rate-limiter.ts	19	bare	Fiber.ts	Fiber.ts	354	354	exact	named	same		Fiber.ts	379	379
brief	live	Test/Dogfood/rc112/p5-ledger-service.ts	8	bare	Context.ts	Context.ts	160	201	exact	unnamed	same		Context.ts	160	201
brief	live	Test/Dogfood/rc112/p5-ledger-service.ts	9	bare	Layer.ts	Layer.ts	1347	1347	exact	unnamed	same		Layer.ts	1345	1345
brief	live	Test/Dogfood/rc112/p5-ledger-service.ts	10	bare	Ref.ts	Ref.ts	173	173	exact	unnamed	same		Ref.ts	173	173
brief	live	Test/Dogfood/rc112/p5-ledger-service.ts	11	bare	Data.ts	Data.ts	1111	1111	exact	unnamed	same		Data.ts	1111	1111
brief	live	Test/Dogfood/rc112/p5-ledger-service.ts	12	bare	Effect.ts	Effect.ts	12928	12932	exact	unnamed	same		Effect.ts	13053	13057
brief	live	Test/Dogfood/rc112/p5-ledger-service.ts	13	bare	Effect.ts	Effect.ts	1088	1088	exact	unnamed	same		Effect.ts	1085	1085
brief	live	Test/Dogfood/rc112/p5-ledger-service.ts	14	bare	internal/effect.ts	internal/effect.ts	4675	4677	exact	unnamed	changed	code	internal/effect.ts	4951	4951
brief	live	Test/Dogfood/rc112/p5-ledger-service.ts	15	bare	Effect.ts	Effect.ts	1667	1673	exact	unnamed	same		Effect.ts	1805	1811
brief	live	Test/Dogfood/rc112/p5-ledger-service.ts	15	bare	internal/effect.ts	internal/effect.ts	1163	1170	exact	unnamed	changed	erased	internal/effect.ts	1205	1211
brief	live	Test/Dogfood/rc112/p5-ledger-service.ts	18	bare	Effect.ts	Effect.ts	12815	12815	exact	unnamed	same		Effect.ts	12940	12940
brief	live	Test/Machine/Runtime/FramesContract.lean	495	bare	internal/effect.ts	internal/effect.ts	649	655	exact	named	changed	code	internal/effect.ts	644	650
brief	live	Test/Machine/Runtime/SchedulerCoreContract.lean	389	bare	Queue.ts	Queue.ts	455	455	exact	unnamed	same		Queue.ts	474	474
brief	live	Test/Machine/Runtime/SchedulerCoreContract.lean	456	cont	:327-338	testing/TestClock.ts	327	338	block	exact	same		testing/TestClock.ts	327	338
brief	live	Test/Machine/Runtime/SchedulerCoreContract.lean	457	cont	:345-375	testing/TestClock.ts	345	375	block	named	same		testing/TestClock.ts	345	375
brief	live	Test/Machine/Runtime/SchedulerCoreContract.lean	457	cont	:377-381	testing/TestClock.ts	377	381	block	exact	same		testing/TestClock.ts	377	381
brief	live	Test/Machine/Runtime/SchedulerCoreContract.lean	457	bare	internal/effect.ts	internal/effect.ts	6052	6066	exact	named	same		internal/effect.ts	6311	6325
brief	live	Test/Machine/Runtime/SchedulerCoreContract.lean	502	cont	:362	testing/TestClock.ts	362	362	read	read	same		testing/TestClock.ts	362	362
brief	live	Test/Machine/Runtime/SchedulerCoreContract.lean	510	cont	:368	testing/TestClock.ts	368	368	read	read	same		testing/TestClock.ts	368	368
brief	live	Test/Machine/Runtime/SchedulerCoreContract.lean	521	cont	:337	testing/TestClock.ts	337	337	read	read	same		testing/TestClock.ts	337	337
brief	live	Test/Machine/Runtime/StoresLawsContract.lean	203	cont	:1210-1226	-	1210	1226	read:-	read	not-a-pin-citation				
brief	live	Test/Machine/Runtime/StoresLawsContract.lean	224	cont	:1227-1236	-	1227	1236	read:-	read	not-a-pin-citation				
brief	live	Test/Machine/Runtime/StoresLawsContract.lean	246	bare	Layer.ts	Layer.ts	396	458	exact	unnamed	changed	code	Layer.ts	405	456
brief	live	Test/Machine/Semantics/CauseExitContract.lean	72	bare	internal/effect.ts	internal/effect.ts	186	186	exact	named	same		internal/effect.ts	186	186
brief	live	Test/Machine/Semantics/CauseExitContract.lean	112	bare	internal/effect.ts	internal/effect.ts	3800	3804	exact	exact	same		internal/effect.ts	3967	3971
brief	live	Test/Machine/Semantics/CauseExitContract.lean	118	bare	internal/effect.ts	internal/effect.ts	4023	4028	exact	unnamed	changed	code	internal/effect.ts	4186	4196
brief	live	Test/Machine/Semantics/CauseExitContract.lean	120	bare	internal/effect.ts	internal/effect.ts	2024	2038	exact	exact	same		internal/effect.ts	2126	2140
brief	live	Test/Program/CatchIfContract.lean	12	bare	internal/effect.ts	internal/effect.ts	2798	2810	exact	unnamed	changed	code	internal/effect.ts	2900	2912
brief	live	Test/Program/CompileContract.lean	373	cont	:1527	internal/effect.ts	1527	1527	dominant	unconfirmed	same		internal/effect.ts	1651	1651
brief	live	Test/Program/CompileContract.lean	432	bare	internal/effect.ts	internal/effect.ts	5366	5366	exact	unnamed	same		internal/effect.ts	5623	5623
brief	live	Test/Program/CompileContract.lean	578	bare	internal/effect.ts	internal/effect.ts	3621	3622	exact	named	same		internal/effect.ts	3769	3770
brief	live	Test/Program/CompileContract.lean	579	cont	:1175-1196	internal/effect.ts	1175	1196	block	named	changed	code	internal/effect.ts	1217	1240
brief	live	Test/Program/CompileContract.lean	738	bare	internal/effect.ts	internal/effect.ts	2092	2092	exact	unnamed	changed	code	internal/effect.ts	2194	2194
brief	live	Test/Program/CompileContract.lean	763	bare	Layer.ts	Layer.ts	762	762	exact	exact	same		Layer.ts	760	760
brief	live	Test/Program/CompileContract.lean	765	bare	internal/effect.ts	internal/effect.ts	2196	2196	exact	named	same		internal/effect.ts	2301	2301
brief	live	Test/Program/CompileContract.lean	794	bare	internal/effect.ts	internal/effect.ts	6054	6054	exact	named	same		internal/effect.ts	6313	6313
brief	live	Test/Program/ConfigContract.lean	91	bare	ConfigProvider.ts	ConfigProvider.ts	373	373	exact	exact	changed	code	ConfigProvider.ts	374	374
brief	live	Test/Program/ConfigContract.lean	126	bare	ConfigProvider.ts	ConfigProvider.ts	1227	1227	exact	unnamed	same		ConfigProvider.ts	1226	1226
brief	live	Test/Program/ConfigContract.lean	127	cont	:1206-1207	ConfigProvider.ts	1206	1207	block	named	same		ConfigProvider.ts	1207	1208
brief	live	Test/Program/ConfigContract.lean	150	bare	ConfigProvider.ts	ConfigProvider.ts	1396	1399	exact	named	changed	code	ConfigProvider.ts	1395	1398
brief	live	Test/Program/ConfigContract.lean	194	bare	ConfigProvider.ts	ConfigProvider.ts	379	383	exact	named	same		ConfigProvider.ts	380	384
brief	live	Test/Program/ConfigContract.lean	243	bare	Config.ts	Config.ts	847	852	exact	unnamed	changed	code	Config.ts	922	927
brief	live	Test/Program/ConfigContract.lean	244	bare	Config.ts	Config.ts	674	675	exact	unnamed	removed	code	Config.ts		
brief	live	Test/Program/ConfigContract.lean	244	cont	:589-593	Config.ts	589	593	block	named	comment-changed		Config.ts	721	725
brief	live	Test/Program/ConfigContract.lean	261	bare	Config.ts	Config.ts	1041	1041	exact	unnamed	changed	code	Config.ts	1117	1117
brief	live	Test/Program/ConfigContract.lean	262	cont	:1211-1213	Config.ts	1211	1213	block	unconfirmed	changed	code	Config.ts	1283	1285
brief	live	Test/Program/ConfigContract.lean	273	bare	ConfigProvider.ts	ConfigProvider.ts	883	886	exact	named	same		ConfigProvider.ts	884	887
brief	live	Test/Program/ConfigContract.lean	273	cont	:373	ConfigProvider.ts	373	373	block	unconfirmed	changed	code	ConfigProvider.ts	374	374
brief	live	Test/Program/ConfigContract.lean	275	cont	:767-772	ConfigProvider.ts	767	772	block	named	same-comment		ConfigProvider.ts	768	773
brief	live	Test/Program/LayerDenotation.lean	34	bare	Layer.ts	Layer.ts	3327	3328	exact	named	same		Layer.ts	3366	3367
brief	live	Test/Program/ProtocolPosts.lean	441	bare	Ref.ts	Ref.ts	896	901	exact	unnamed	same		Ref.ts	896	901
brief	live	Test/Program/ProtocolPosts.lean	683	bare	internal/effect.ts	internal/effect.ts	3973	3973	exact	named	same		internal/effect.ts	4136	4136
brief	live	Test/Program/ProtocolPosts.lean	685	bare	internal/effect.ts	internal/effect.ts	3795	3795	exact	unnamed	changed	code	internal/effect.ts	3945	3951
brief	live	Test/Program/ProtocolPosts.lean	930	bare	Scope.ts	Scope.ts	567	567	exact	named	changed	erased	Scope.ts	568	595
brief	live	Test/Program/ProtocolPosts.lean	930	bare	internal/effect.ts	internal/effect.ts	3775	3776	exact	named	changed	code	internal/effect.ts	3929	3935
brief	live	Test/Program/ProtocolPosts.lean	931	cont	:3788-3789	internal/effect.ts	3788	3789	block	unconfirmed	changed	code	internal/effect.ts	3940	3943
brief	live	Test/Program/ProtocolPosts.lean	931	cont	:3794-3795	internal/effect.ts	3794	3795	block	unconfirmed	changed	code	internal/effect.ts	3945	3951
brief	live	Test/Program/ProvisionContract.lean	26	bare	Layer.ts	Layer.ts	3327	3327	exact	named	same		Layer.ts	3366	3366
brief	live	Test/Program/RuntimeRContract.lean	536	bare	internal/effect.ts	internal/effect.ts	1092	1100	exact	unnamed	same		internal/effect.ts	1126	1134
brief	live	Test/Program/RuntimeRContract.lean	726	bare	internal/core.ts	internal/core.ts	539	545	exact	unnamed	changed	code	internal/core.ts	590	608
brief	live	Test/Program/RuntimeRContract.lean	868	bare	internal/effect.ts	internal/effect.ts	662	667	exact	named	same		internal/effect.ts	657	662
brief	live	Test/Program/SimulationContract.lean	146	bare	internal/effect.ts	internal/effect.ts	5366	5372	exact	named	same		internal/effect.ts	5623	5629
brief	live	Test/Program/SimulationContract.lean	146	cont	:5457-5460	internal/effect.ts	5457	5460	block	named	same		internal/effect.ts	5714	5717
brief	archive	Test/contracts/archive/surface-agent.contract.md	21	bare	unstable/ai/Tool.ts	unstable/ai/Tool.ts	1204	1204	exact	unnamed	same		ai/Tool.ts	1264	1264
brief	archive	Test/contracts/archive/surface-agent.contract.md	22	bare	unstable/ai/McpServer.ts	unstable/ai/McpServer.ts	1609	1609	exact	unnamed	same		ai/McpServer.ts	1971	1971
brief	archive	Test/contracts/archive/surface-agent.contract.md	22	bare	unstable/ai/McpServer.ts	unstable/ai/McpServer.ts	1882	1882	exact	unnamed	same		ai/McpServer.ts	2250	2250
brief	archive	Test/contracts/archive/surface-agent.contract.md	22	bare	unstable/ai/McpServer.ts	unstable/ai/McpServer.ts	2106	2106	exact	unnamed	same		ai/McpServer.ts	2490	2490
brief	archive	Test/contracts/archive/surface-api.contract.md	36	bare	HttpApiEndpoint.ts	unstable/httpapi/HttpApiEndpoint.ts	1201	1201	suffix	unnamed	same		http-api/HttpApiEndpoint.ts	1271	1271
brief	archive	Test/contracts/archive/surface-api.contract.md	225	cont	:1206	unstable/httpapi/HttpApiEndpoint.ts	1206	1206	carry	unconfirmed	same		http-api/HttpApiEndpoint.ts	1276	1276
brief	archive	Test/contracts/archive/surface-api.contract.md	225	cont	:1219	unstable/httpapi/HttpApiEndpoint.ts	1219	1219	carry	unconfirmed	same		http-api/HttpApiEndpoint.ts	1289	1289
brief	archive	Test/contracts/archive/surface-api.contract.md	241	bare	HttpApiEndpoint.ts	unstable/httpapi/HttpApiEndpoint.ts	1134	1306	suffix	unnamed	changed	code	http-api/HttpApiEndpoint.ts	1204	1376
brief	archive	Test/contracts/archive/surface-deploy.contract.md	23	bare	unstable/httpapi/HttpApiBuilder.ts	unstable/httpapi/HttpApiBuilder.ts	63	63	exact	unnamed	same		http-api/HttpApiBuilder.ts	66	66
brief	archive	Test/contracts/archive/surface-emit.contract.md	119	bare	HttpApiBuilder.ts	unstable/httpapi/HttpApiBuilder.ts	63	63	suffix	unnamed	same		http-api/HttpApiBuilder.ts	66	66
brief	archive	Test/contracts/archive/surface-entity.contract.md	173	bare	Schema.ts	Schema.ts	17105	17105	exact	named	same		Schema.ts	16646	16646
brief	archive	Test/contracts/archive/surface-handler-fits.contract.md	55	bare	Effect.ts	Effect.ts	117	117	exact	exact	same		Effect.ts	116	116
brief	archive	Test/contracts/archive/surface-handler-fits.contract.md	56	bare	Effect.ts	Effect.ts	154	157	exact	unnamed	same		Effect.ts	153	156
brief	archive	Test/contracts/archive/surface-handler-fits.contract.md	64	bare	HttpApiEndpoint.ts	unstable/httpapi/HttpApiEndpoint.ts	584	586	suffix	unnamed	same		http-api/HttpApiEndpoint.ts	629	631
brief	archive	Test/contracts/archive/surface-handler-fits.contract.md	67	bare	HttpApiBuilder.ts	unstable/httpapi/HttpApiBuilder.ts	137	141	suffix	unnamed	same		http-api/HttpApiBuilder.ts	141	145
brief	archive	Test/contracts/archive/surface-handler-fits.contract.md	67	cont	:169-179	unstable/httpapi/HttpApiBuilder.ts	169	179	block	unconfirmed	same		http-api/HttpApiBuilder.ts	219	229
brief	archive	Test/contracts/archive/surface-handler-fits.contract.md	113	bare	Effect.ts	Effect.ts	117	117	exact	exact	same		Effect.ts	116	116
brief	archive	Test/contracts/archive/surface-handler-fits.contract.md	113	cont	:154-157	Effect.ts	154	157	block	unconfirmed	same		Effect.ts	153	156
brief	archive	Test/contracts/archive/surface-handler-fits.contract.md	120	bare	HttpApiEndpoint.ts	unstable/httpapi/HttpApiEndpoint.ts	586	586	suffix	named	same		http-api/HttpApiEndpoint.ts	631	631
brief	archive	Test/contracts/archive/surface-handler-fits.contract.md	121	bare	HttpApiBuilder.ts	unstable/httpapi/HttpApiBuilder.ts	139	139	suffix	named	same		http-api/HttpApiBuilder.ts	143	143
brief	archive	Test/contracts/archive/surface-handler-fits.contract.md	190	bare	HttpRouter.ts	unstable/http/HttpRouter.ts	853	857	suffix	exact	same		http/HttpRouter.ts	902	906
brief	archive	Test/contracts/archive/surface-handler-fits.contract.md	192	bare	HttpApiEndpoint.ts	unstable/httpapi/HttpApiEndpoint.ts	720	724	suffix	named	same		http-api/HttpApiEndpoint.ts	777	781
brief	archive	Test/contracts/archive/surface-handler-fits.contract.md	193	bare	HttpApiBuilder.ts	unstable/httpapi/HttpApiBuilder.ts	140	140	suffix	named	same		http-api/HttpApiBuilder.ts	144	144
brief	archive	Test/contracts/archive/surface-handler-fits.contract.md	223	bare	HttpApiBuilder.ts	unstable/httpapi/HttpApiBuilder.ts	139	139	suffix	unnamed	same		http-api/HttpApiBuilder.ts	143	143
brief	archive	Test/contracts/archive/surface-handler-fits.contract.md	269	bare	HttpApiBuilder.ts	unstable/httpapi/HttpApiBuilder.ts	126	126	suffix	named	same		http-api/HttpApiBuilder.ts	130	130
brief	archive	Test/contracts/archive/surface-handler-fits.contract.md	282	bare	HttpApiBuilder.ts	unstable/httpapi/HttpApiBuilder.ts	241	252	suffix	named	same		http-api/HttpApiBuilder.ts	293	304
brief	archive	Test/contracts/archive/surface-handler-fits.contract.md	385	bare	HttpApiBuilder.ts	unstable/httpapi/HttpApiBuilder.ts	179	179	suffix	named	same		http-api/HttpApiBuilder.ts	229	229
brief	archive	Test/contracts/archive/surface-handler-fits.contract.md	387	bare	HttpApiEndpoint.ts	unstable/httpapi/HttpApiEndpoint.ts	586	586	suffix	named	same		http-api/HttpApiEndpoint.ts	631	631
brief	archive	Test/contracts/archive/surface-handler-fits.contract.md	400	bare	HttpApiBuilder.ts	unstable/httpapi/HttpApiBuilder.ts	219	221	suffix	exact	same		http-api/HttpApiBuilder.ts	271	273
brief	archive	Test/contracts/archive/surface-handler-fits.contract.md	401	cont	:286	unstable/httpapi/HttpApiBuilder.ts	286	286	block	named	same		http-api/HttpApiBuilder.ts	343	343
brief	archive	Test/contracts/archive/surface-handler-fits.contract.md	401	cont	:320	unstable/httpapi/HttpApiBuilder.ts	320	320	block	named	same		http-api/HttpApiBuilder.ts	377	377
brief	archive	Test/contracts/archive/surface-handler-fits.contract.md	403	bare	HttpApiBuilder.ts	unstable/httpapi/HttpApiBuilder.ts	241	252	suffix	named	same		http-api/HttpApiBuilder.ts	293	304
brief	archive	Test/contracts/archive/surface-handler-fits.contract.md	414	bare	Effect.ts	Effect.ts	117	117	exact	named	same		Effect.ts	116	116
brief	archive	Test/contracts/archive/surface-handler-fits.contract.md	414	cont	:154-157	internal/effect.ts	154	157	global	named;skipped:block=Effect.ts,dominant=unstable/httpapi/HttpApiBuilder.ts	same		internal/effect.ts	154	157
brief	archive	Test/contracts/archive/surface-handler-fits.contract.md	415	bare	HttpApiEndpoint.ts	unstable/httpapi/HttpApiEndpoint.ts	584	586	suffix	named	same		http-api/HttpApiEndpoint.ts	629	631
brief	archive	Test/contracts/archive/surface-handler-fits.contract.md	416	bare	HttpApiEndpoint.ts	unstable/httpapi/HttpApiEndpoint.ts	720	724	suffix	named	same		http-api/HttpApiEndpoint.ts	777	781
brief	archive	Test/contracts/archive/surface-handler-fits.contract.md	417	bare	HttpRouter.ts	unstable/http/HttpRouter.ts	853	857	suffix	named	same		http/HttpRouter.ts	902	906
brief	archive	Test/contracts/archive/surface-handler-fits.contract.md	418	bare	HttpApiBuilder.ts	unstable/httpapi/HttpApiBuilder.ts	126	126	suffix	named	same		http-api/HttpApiBuilder.ts	130	130
brief	archive	Test/contracts/archive/surface-handler-fits.contract.md	419	bare	HttpApiBuilder.ts	unstable/httpapi/HttpApiBuilder.ts	137	141	suffix	named	same		http-api/HttpApiBuilder.ts	141	145
brief	archive	Test/contracts/archive/surface-handler-fits.contract.md	420	bare	HttpApiBuilder.ts	unstable/httpapi/HttpApiBuilder.ts	169	179	suffix	named	same		http-api/HttpApiBuilder.ts	219	229
brief	archive	Test/contracts/archive/surface-handler-fits.contract.md	421	bare	HttpApiBuilder.ts	unstable/httpapi/HttpApiBuilder.ts	219	221	suffix	named	same		http-api/HttpApiBuilder.ts	271	273
brief	archive	Test/contracts/archive/surface-handler-fits.contract.md	421	cont	:286	unstable/httpapi/HttpApiBuilder.ts	286	286	block	named	same		http-api/HttpApiBuilder.ts	343	343
brief	archive	Test/contracts/archive/surface-handler-fits.contract.md	421	cont	:320	unstable/httpapi/HttpApiBuilder.ts	320	320	block	named	same		http-api/HttpApiBuilder.ts	377	377
brief	archive	Test/contracts/archive/surface-handler-fits.contract.md	422	bare	HttpApiBuilder.ts	unstable/httpapi/HttpApiBuilder.ts	241	252	suffix	named	same		http-api/HttpApiBuilder.ts	293	304
brief	archive	Test/contracts/archive/surface-handler-fits.contract.md	423	bare	HttpApiBuilder.ts	unstable/httpapi/HttpApiBuilder.ts	283	296	suffix	named	same		http-api/HttpApiBuilder.ts	340	353
brief	archive	Test/contracts/archive/surface-handler-fits.contract.md	424	bare	HttpApiBuilder.ts	unstable/httpapi/HttpApiBuilder.ts	441	441	suffix	named	same		http-api/HttpApiBuilder.ts	504	504
brief	archive	Test/contracts/archive/surface-handler-fits.contract.md	425	bare	HttpApiBuilder.ts	unstable/httpapi/HttpApiBuilder.ts	95	98	suffix	named	same		http-api/HttpApiBuilder.ts	98	101
brief	archive	Test/contracts/archive/surface-handler-fits.contract.md	505	bare	Effect.ts	Effect.ts	117	117	exact	unnamed	same		Effect.ts	116	116
brief	archive	Test/contracts/archive/surface-handler-fits.contract.md	505	cont	:154-157	Effect.ts	154	157	block	unconfirmed	same		Effect.ts	153	156
brief	archive	Test/contracts/archive/surface-handler-fits.contract.md	505	bare	HttpApiEndpoint.ts	unstable/httpapi/HttpApiEndpoint.ts	584	586	suffix	named	same		http-api/HttpApiEndpoint.ts	629	631
brief	archive	Test/contracts/archive/surface-handler-fits.contract.md	528	bare	HttpApiEndpoint.ts	unstable/httpapi/HttpApiEndpoint.ts	586	586	suffix	exact	same		http-api/HttpApiEndpoint.ts	631	631
brief	archive	Test/contracts/archive/surface-handler-fits.contract.md	535	cont	:720-724	unstable/httpapi/HttpApiEndpoint.ts	720	724	carry	named	same		http-api/HttpApiEndpoint.ts	777	781
brief	archive	Test/contracts/archive/surface-handler-fits.contract.md	536	cont	:448-450	unstable/httpapi/HttpApiEndpoint.ts	448	450	carry	named	same		http-api/HttpApiEndpoint.ts	476	478
brief	archive	Test/contracts/archive/surface-handler.contract.md	25	bare	unstable/httpapi/HttpApiBuilder.ts	unstable/httpapi/HttpApiBuilder.ts	126	126	exact	named	same		http-api/HttpApiBuilder.ts	130	130
brief	archive	Test/contracts/archive/surface-handler.contract.md	25	cont	:441	unstable/httpapi/HttpApiBuilder.ts	441	441	block	named	same		http-api/HttpApiBuilder.ts	504	504
brief	archive	Test/contracts/archive/surface-handler.contract.md	26	cont	:620	unstable/httpapi/HttpApiBuilder.ts	620	620	block	named	same		http-api/HttpApiBuilder.ts	686	686
brief	archive	Test/contracts/archive/surface-handler.contract.md	272	bare	HttpApiBuilder.ts	unstable/httpapi/HttpApiBuilder.ts	620	620	suffix	unnamed	same		http-api/HttpApiBuilder.ts	686	686
brief	archive	Test/contracts/archive/surface-jsonschema.contract.md	77	bare	SchemaRepresentation.ts	SchemaRepresentation.ts	859	859	exact	exact	same		SchemaRepresentation.ts	2532	2532
brief	live	Test/contracts/cause-exit.contract.md	204	full	vendor/effect-4.0.0-rc.112/src/internal/effect.ts	internal/effect.ts	298	309	full	named	changed	code	internal/effect.ts	261	270
brief	live	Test/contracts/cause-exit.contract.md	270	bare	internal/core.ts	internal/core.ts	207	207	exact	unnamed	same		internal/core.ts	207	207
brief	live	Test/contracts/cause-exit.contract.md	288	bare	internal/core.ts	internal/core.ts	178	178	exact	exact	same		internal/core.ts	178	178
brief	live	Test/contracts/cause-exit.contract.md	288	cont	:197	internal/core.ts	197	197	block	named	same		internal/core.ts	197	197
brief	live	Test/contracts/cause-exit.contract.md	354	bare	internal/core.ts	internal/core.ts	166	172	exact	named	same		internal/core.ts	166	172
brief	live	Test/contracts/cause-exit.contract.md	395	bare	internal/effect.ts	internal/effect.ts	248	252	exact	unnamed	removed	code	internal/effect.ts		
brief	live	Test/contracts/cause-exit.contract.md	407	bare	internal/effect.ts	internal/effect.ts	256	256	exact	exact	removed	code	internal/effect.ts		
brief	live	Test/contracts/cause-exit.contract.md	416	full	vendor/effect-4.0.0-rc.112/src/Array.ts	Array.ts	0	0	full	n/a	file-only		Array.ts		
brief	live	Test/contracts/cause-exit.contract.md	416	bare	internal/effect.ts	internal/effect.ts	1	1	exact	unnamed	same		internal/effect.ts	1	1
brief	live	Test/contracts/cause-exit.contract.md	482	bare	internal/effect.ts	internal/effect.ts	3800	3804	exact	exact	same		internal/effect.ts	3967	3971
brief	live	Test/contracts/cause-exit.contract.md	505	bare	internal/effect.ts	internal/effect.ts	4023	4028	exact	exact	changed	code	internal/effect.ts	4186	4196
brief	live	Test/contracts/cause-exit.contract.md	527	bare	internal/effect.ts	internal/effect.ts	2024	2038	exact	exact	same		internal/effect.ts	2126	2140
brief	live	Test/contracts/frames.contract.md	173	bare	internal/effect.ts	internal/effect.ts	649	655	exact	exact	changed	code	internal/effect.ts	644	650
brief	live	Test/contracts/frames.contract.md	542	bare	internal/core.ts	internal/core.ts	540	540	exact	named	changed	code	internal/core.ts	591	597
brief	live	Test/contracts/frames.contract.md	793	full	vendor/effect-4.0.0-rc.112/src/internal/effect.ts	internal/effect.ts	649	655	full	named	changed	code	internal/effect.ts	644	650
brief	live	Test/contracts/machine-scheduler-core.contract.md	21	bare	internal/effect.ts	internal/effect.ts	647	655	exact	named	changed	code	internal/effect.ts	641	650
brief	live	Test/contracts/machine-scheduler-core.contract.md	28	bare	internal/effect.ts	internal/effect.ts	688	697	exact	unnamed	changed	code	internal/effect.ts	683	695
brief	live	Test/contracts/machine-scheduler-core.contract.md	41	bare	internal/effect.ts	internal/effect.ts	662	667	exact	unnamed	same		internal/effect.ts	657	662
brief	live	Test/contracts/program-denotation.contract.md	217	bare	internal/effect.ts	internal/effect.ts	3621	3622	exact	exact	same		internal/effect.ts	3769	3770
brief	live	Test/contracts/program-denote-r.contract.md	35	bare	internal/effect.ts	internal/effect.ts	3621	3622	exact	exact	same		internal/effect.ts	3769	3770
brief	live	Test/contracts/program-runtime-r.contract.md	62	bare	internal/effect.ts	internal/effect.ts	3800	3804	exact	exact	same		internal/effect.ts	3967	3971
brief	live	Test/contracts/program-runtime-r.contract.md	62	bare	internal/effect.ts	internal/effect.ts	4019	4030	exact	exact	changed	code	internal/effect.ts	4177	4197
brief	live	Test/contracts/program-runtime-r.contract.md	247	bare	internal/effect.ts	internal/effect.ts	1092	1100	exact	unnamed	same		internal/effect.ts	1126	1134
brief	live	Test/contracts/program-sched.contract.md	55	bare	Context.ts	Context.ts	423	423	exact	unnamed	same		Context.ts	423	423
brief	live	Test/contracts/schema-codec.contract.md	42	full	vendor/effect-4.0.0-rc.112/src/Schema.ts	Schema.ts	0	0	full	n/a	file-only		Schema.ts		
brief	live	Test/contracts/schema-payload.contract.md	194	cont	Declaration :976	SchemaRepresentation.ts	976	976	default	named	same-comment		SchemaRepresentation.ts	2658	2658
brief	live	Test/contracts/schema-payload.contract.md	194	cont	:977	SchemaRepresentation.ts	977	977	default	named	same		SchemaRepresentation.ts	2659	2659
brief	live	Test/contracts/schema-payload.contract.md	194	cont	:977-983	SchemaRepresentation.ts	977	983	default	named	same		SchemaRepresentation.ts	2659	2665
brief	live	Test/contracts/schema-payload.contract.md	195	cont	Suspend :985	SchemaRepresentation.ts	985	985	default	named	same		SchemaRepresentation.ts	2667	2667
brief	live	Test/contracts/schema-payload.contract.md	195	cont	:984	SchemaRepresentation.ts	984	984	default	named	same		SchemaRepresentation.ts	2666	2666
brief	live	Test/contracts/schema-payload.contract.md	195	cont	:985	SchemaRepresentation.ts	985	985	default	named	same		SchemaRepresentation.ts	2667	2667
brief	live	Test/contracts/schema-payload.contract.md	195	cont	:987	SchemaRepresentation.ts	987	987	default	exact	same		SchemaRepresentation.ts	2669	2669
brief	live	Test/contracts/schema-payload.contract.md	195	cont	:988	SchemaRepresentation.ts	988	988	default	exact	same		SchemaRepresentation.ts	2670	2670
brief	live	Test/contracts/schema-payload.contract.md	196	cont	PropertySig :1040	SchemaRepresentation.ts	1040	1040	default	named	same		SchemaRepresentation.ts	2722	2722
brief	live	Test/contracts/schema-payload.contract.md	196	cont	:1039	SchemaRepresentation.ts	1039	1039	default	named	same		SchemaRepresentation.ts	2721	2721
brief	live	Test/contracts/schema-payload.contract.md	196	cont	:1040	SchemaRepresentation.ts	1040	1040	default	named	same		SchemaRepresentation.ts	2722	2722
brief	live	Test/contracts/schema-payload.contract.md	197	cont	Reference :1065	SchemaRepresentation.ts	1065	1065	default	named	same		SchemaRepresentation.ts	2749	2749
brief	live	Test/contracts/schema-payload.contract.md	197	cont	:1066	SchemaRepresentation.ts	1066	1066	default	named	same		SchemaRepresentation.ts	2750	2750
brief	live	Test/contracts/schema-payload.contract.md	197	cont	:1065	SchemaRepresentation.ts	1065	1065	default	named	same		SchemaRepresentation.ts	2749	2749
brief	live	Test/contracts/schema-payload.contract.md	197	cont	:1068	SchemaRepresentation.ts	1068	1068	default	exact	same		SchemaRepresentation.ts	2752	2752
brief	live	Test/contracts/schema-payload.contract.md	198	cont	References :1093	SchemaRepresentation.ts	1093	1093	default	named	same		SchemaRepresentation.ts	2777	2777
brief	live	Test/contracts/schema-payload.contract.md	198	cont	:1096	SchemaRepresentation.ts	1096	1096	default	unconfirmed	same		SchemaRepresentation.ts	2780	2780
brief	live	Test/contracts/schema-payload.contract.md	198	cont	:1093	SchemaRepresentation.ts	1093	1093	default	named	same		SchemaRepresentation.ts	2777	2777
brief	live	Test/contracts/schema-payload.contract.md	199	cont	Document :1095	SchemaRepresentation.ts	1095	1095	default	unconfirmed	same-comment		SchemaRepresentation.ts	2779	2779
brief	live	Test/contracts/schema-payload.contract.md	199	cont	:1098	SchemaRepresentation.ts	1098	1098	default	named	same		SchemaRepresentation.ts	2782	2782
brief	live	Test/contracts/schema-payload.contract.md	199	cont	:1100-1101	SchemaRepresentation.ts	1100	1101	default	named	same		SchemaRepresentation.ts	2784	2785
brief	live	Test/contracts/schema-payload.contract.md	200	cont	MultiDocument :1103	SchemaRepresentation.ts	1103	1103	default	named	same		SchemaRepresentation.ts	2787	2787
brief	live	Test/contracts/schema-payload.contract.md	200	cont	:1105	SchemaRepresentation.ts	1105	1105	default	named	same		SchemaRepresentation.ts	2789	2789
brief	live	Test/contracts/schema-payload.contract.md	200	cont	:1107	SchemaRepresentation.ts	1107	1107	default	exact	same		SchemaRepresentation.ts	2791	2791
brief	live	Test/contracts/schema-payload.contract.md	202	cont	RepresentationAnnotation :917	SchemaRepresentation.ts	917	917	default	unconfirmed	same		SchemaRepresentation.ts	2597	2597
brief	live	Test/contracts/schema-payload.contract.md	202	cont	CheckRepresentationAnnotation :922	SchemaRepresentation.ts	922	922	default	unconfirmed	same		SchemaRepresentation.ts	2602	2602
brief	live	Test/contracts/schema-payload.contract.md	203	cont	Annotations :939	SchemaRepresentation.ts	939	939	default	unconfirmed	changed	layout	SchemaRepresentation.ts	2619	2621
brief	live	Test/contracts/schema-payload.contract.md	203	cont	KeywordFields :952	SchemaRepresentation.ts	952	952	default	named	same		SchemaRepresentation.ts	2634	2634
brief	live	Test/contracts/schema-payload.contract.md	203	cont	Filter :956	SchemaRepresentation.ts	956	956	default	named	same		SchemaRepresentation.ts	2638	2638
brief	live	Test/contracts/schema-payload.contract.md	203	cont	FilterGroup :962	SchemaRepresentation.ts	962	962	default	named	same		SchemaRepresentation.ts	2644	2644
brief	live	Test/contracts/schema-payload.contract.md	204	cont	:969	SchemaRepresentation.ts	969	969	default	named	same-comment		SchemaRepresentation.ts	2651	2651
brief	live	Test/contracts/schema-payload.contract.md	204	cont	Literal :1000	SchemaRepresentation.ts	1000	1000	default	named	same		SchemaRepresentation.ts	2682	2682
brief	live	Test/contracts/schema-payload.contract.md	204	cont	UniqueSymbol :1010	SchemaRepresentation.ts	1010	1010	default	named	same		SchemaRepresentation.ts	2692	2692
brief	live	Test/contracts/schema-payload.contract.md	204	cont	Enum :1015	SchemaRepresentation.ts	1015	1015	default	named	same		SchemaRepresentation.ts	2697	2697
brief	live	Test/contracts/schema-payload.contract.md	205	cont	TemplateLit :1023	SchemaRepresentation.ts	1023	1023	default	named	same		SchemaRepresentation.ts	2705	2705
brief	live	Test/contracts/schema-payload.contract.md	205	cont	Element :1028	SchemaRepresentation.ts	1028	1028	default	unconfirmed	same		SchemaRepresentation.ts	2710	2710
brief	live	Test/contracts/schema-payload.contract.md	205	cont	Arrays :1033	SchemaRepresentation.ts	1033	1033	default	named	same		SchemaRepresentation.ts	2715	2715
brief	live	Test/contracts/schema-payload.contract.md	205	cont	IndexSig :1050	SchemaRepresentation.ts	1050	1050	default	unconfirmed	same		SchemaRepresentation.ts	2732	2732
brief	live	Test/contracts/schema-payload.contract.md	206	cont	Objects :1054	SchemaRepresentation.ts	1054	1054	default	named	same		SchemaRepresentation.ts	2736	2736
brief	live	Test/contracts/schema-payload.contract.md	206	cont	Union :1060	SchemaRepresentation.ts	1060	1060	default	named	same		SchemaRepresentation.ts	2742	2742
brief	live	Test/contracts/schema-payload.contract.md	221	bare	SchemaAST.ts	SchemaAST.ts	1448	1456	exact	exact	same		SchemaAST.ts	1912	1920
brief	live	Test/contracts/schema-payload.contract.md	224	cont	:3343-3349	SchemaAST.ts	3343	3349	carry	exact	changed	code	SchemaAST.ts	4160	4166
brief	live	Test/contracts/schema-payload.contract.md	227	cont	:3085-3089	SchemaAST.ts	3085	3089	carry	exact	changed	code	SchemaAST.ts	3844	3848
brief	live	Test/contracts/schema-payload.contract.md	229	cont	:3341	SchemaAST.ts	3341	3341	carry	exact	same		SchemaAST.ts	4158	4158
brief	live	Test/contracts/schema-payload.contract.md	230	cont	:3323-3326	SchemaAST.ts	3323	3326	carry	exact	same		SchemaAST.ts	4143	4146
brief	live	Test/contracts/schema-payload.contract.md	234	bare	SchemaRepresentation.ts	SchemaRepresentation.ts	999	999	exact	named	same		SchemaRepresentation.ts	2681	2681
brief	live	Test/contracts/schema-payload.contract.md	234	cont	:1020	SchemaRepresentation.ts	1020	1020	block	named	same		SchemaRepresentation.ts	2702	2702
brief	live	Test/contracts/schema-payload.contract.md	235	cont	:1042	SchemaRepresentation.ts	1042	1042	block	named	same		SchemaRepresentation.ts	2724	2724
brief	live	Test/contracts/schema-payload.contract.md	237	bare	SchemaGetter.ts	SchemaGetter.ts	728	728	exact	exact	same		SchemaGetter.ts	1085	1085
brief	live	Test/contracts/schema-payload.contract.md	238	bare	SchemaRepresentation.ts	SchemaRepresentation.ts	1005	1005	exact	exact	same		SchemaRepresentation.ts	2687	2687
brief	live	Test/contracts/schema-payload.contract.md	243	cont	:990-997	SchemaRepresentation.ts	990	997	default	exact;also:dominant=SchemaAST.ts	changed	code	SchemaRepresentation.ts	2672	2679
brief	live	Test/contracts/schema-payload.contract.md	289	bare	SchemaAST.ts	SchemaAST.ts	4271	4274	exact	exact	same		SchemaAST.ts	5086	5089
brief	live	Test/contracts/schema-payload.contract.md	290	cont	:4352-4368	SchemaAST.ts	4352	4368	block	exact	changed	code	SchemaAST.ts	5167	5182
brief	live	Test/contracts/schema-payload.contract.md	292	bare	SchemaRepresentation.ts	SchemaRepresentation.ts	919	919	exact	named	same		SchemaRepresentation.ts	2599	2599
brief	live	Test/contracts/schema-payload.contract.md	302	cont	:1005	SchemaRepresentation.ts	1005	1005	default	named	same		SchemaRepresentation.ts	2687	2687
brief	live	Test/contracts/schema-payload.contract.md	303	cont	:999	SchemaRepresentation.ts	999	999	default	named	same		SchemaRepresentation.ts	2681	2681
brief	live	Test/contracts/schema-payload.contract.md	303	cont	:1020	SchemaRepresentation.ts	1020	1020	default	named	same		SchemaRepresentation.ts	2702	2702
brief	live	Test/contracts/schema-payload.contract.md	303	cont	:1042	SchemaRepresentation.ts	1042	1042	default	named	same		SchemaRepresentation.ts	2724	2724
brief	live	Test/contracts/schema-payload.contract.md	304	cont	:919	SchemaRepresentation.ts	919	919	default	exact	same		SchemaRepresentation.ts	2599	2599
brief	live	Test/contracts/schema-payload.contract.md	304	cont	:922-925	SchemaRepresentation.ts	922	925	default	exact	same		SchemaRepresentation.ts	2602	2605
brief	live	Test/contracts/schema-payload.contract.md	305	cont	:939-948	SchemaRepresentation.ts	939	948	default	exact	changed	code	SchemaRepresentation.ts	2619	2630
brief	live	Test/contracts/schema-payload.contract.md	305	cont	:927-937	SchemaRepresentation.ts	927	937	default	exact	same		SchemaRepresentation.ts	2607	2617
brief	live	Test/contracts/schema-payload.contract.md	321	cont	:3170	Schema.ts	3170	3170	block	exact	same		Schema.ts	3064	3064
brief	live	Test/contracts/schema-payload.contract.md	322	cont	:7684	Schema.ts	7684	7684	block	named	same		Schema.ts	7194	7194
brief	live	Test/contracts/schema-payload.contract.md	322	cont	:16807	Schema.ts	16807	16807	block	named	same		Schema.ts	16397	16397
brief	live	Test/contracts/schema-payload.contract.md	370	bare	SchemaRepresentation.ts	SchemaRepresentation.ts	1068	1068	exact	exact	same		SchemaRepresentation.ts	2752	2752
brief	live	Test/contracts/schema-payload.contract.md	372	cont	:1030	SchemaRepresentation.ts	1030	1030	block	named	same		SchemaRepresentation.ts	2712	2712
brief	live	Test/contracts/schema-payload.contract.md	372	cont	:1045	SchemaRepresentation.ts	1045	1045	block	named	same		SchemaRepresentation.ts	2727	2727
brief	live	Test/contracts/schema-payload.contract.md	373	cont	:1052	SchemaRepresentation.ts	1052	1052	block	named	same		SchemaRepresentation.ts	2734	2734
brief	live	Test/contracts/schema-payload.contract.md	374	cont	:992	SchemaRepresentation.ts	992	992	block	named	same		SchemaRepresentation.ts	2674	2674
brief	live	Test/contracts/schema-payload.contract.md	375	cont	:998-1008	SchemaRepresentation.ts	998	1008	block	exact;also:dominant=SchemaAST.ts,global=internal/effect.ts	same		SchemaRepresentation.ts	2680	2690
brief	live	Test/contracts/schema-payload.contract.md	375	cont	:1043	SchemaRepresentation.ts	1043	1043	block	exact;also:dominant=SchemaAST.ts	same		SchemaRepresentation.ts	2725	2725
brief	live	Test/contracts/schema-payload.contract.md	376	cont	:1107	SchemaRepresentation.ts	1107	1107	block	exact;also:global=internal/effect.ts	same		SchemaRepresentation.ts	2791	2791
brief	live	Test/contracts/schema-payload.contract.md	424	cont	:927-937	SchemaRepresentation.ts	927	937	default	exact	same		SchemaRepresentation.ts	2607	2617
brief	live	Test/contracts/schema-payload.contract.md	425	cont	:939-948	SchemaRepresentation.ts	939	948	default	exact;also:global=internal/effect.ts	changed	code	SchemaRepresentation.ts	2619	2630
brief	live	Test/contracts/schema-payload.contract.md	428	cont	:941	SchemaRepresentation.ts	941	941	default	exact	changed	code	SchemaRepresentation.ts	2623	2624
brief	live	Test/contracts/schema-payload.contract.md	456	cont	:25-28	SchemaRepresentation.ts	25	28	default	named	same		SchemaRepresentation.ts	24	27
brief	live	Test/contracts/schema-payload.contract.md	457	cont	:36-38	SchemaRepresentation.ts	36	38	default	exact	same		SchemaRepresentation.ts	35	37
brief	live	Test/contracts/schema-payload.contract.md	459	cont	:146	SchemaRepresentation.ts	146	146	default	named	same		SchemaRepresentation.ts	197	197
brief	live	Test/contracts/schema-payload.contract.md	460	cont	:446	SchemaRepresentation.ts	446	446	default	exact	same		SchemaRepresentation.ts	502	502
brief	live	Test/contracts/schema-payload.contract.md	460	cont	:459	SchemaRepresentation.ts	459	459	default	exact	same		SchemaRepresentation.ts	515	515
brief	live	Test/contracts/schema-payload.contract.md	467	cont	:171-173	SchemaRepresentation.ts	171	173	default	exact	same		SchemaRepresentation.ts	222	224
brief	live	Test/contracts/schema-payload.contract.md	476	cont	:446	SchemaRepresentation.ts	446	446	default	exact	same		SchemaRepresentation.ts	502	502
brief	live	Test/contracts/schema-payload.contract.md	476	cont	:958	SchemaRepresentation.ts	958	958	default	exact	same		SchemaRepresentation.ts	2640	2640
brief	live	Test/contracts/schema-payload.contract.md	476	cont	:924	SchemaRepresentation.ts	924	924	default	exact	same		SchemaRepresentation.ts	2604	2604
brief	live	Test/contracts/schema-payload.contract.md	478	cont	:459	SchemaRepresentation.ts	459	459	default	named	same		SchemaRepresentation.ts	515	515
brief	live	Test/contracts/schema-payload.contract.md	478	cont	:964	SchemaRepresentation.ts	964	964	default	named	same		SchemaRepresentation.ts	2646	2646
brief	live	Test/contracts/schema-payload.contract.md	478	cont	:924	SchemaRepresentation.ts	924	924	default	named	same		SchemaRepresentation.ts	2604	2604
brief	live	Test/contracts/schema-payload.contract.md	479	cont	:461	SchemaRepresentation.ts	461	461	default	exact	same		SchemaRepresentation.ts	517	517
brief	live	Test/contracts/schema-payload.contract.md	479	cont	:966	SchemaRepresentation.ts	966	966	default	exact	same		SchemaRepresentation.ts	2648	2648
brief	live	Test/contracts/schema-payload.contract.md	483	bare	internal/schema/toRepresentation.ts	internal/schema/toRepresentation.ts	172	177	exact	named	same		internal/schema/toRepresentation.ts	172	177
brief	live	Test/contracts/schema-payload.contract.md	484	cont	:174	internal/schema/toRepresentation.ts	174	174	block	exact	same		internal/schema/toRepresentation.ts	174	174
brief	live	Test/contracts/schema-payload.contract.md	485	cont	:175	internal/schema/toRepresentation.ts	175	175	block	exact	same		internal/schema/toRepresentation.ts	175	175
brief	live	Test/contracts/schema-payload.contract.md	571	bare	Schema.ts	Schema.ts	16773	16773	exact	named	same		Schema.ts	16366	16366
brief	live	Test/contracts/schema-payload.contract.md	584	bare	SchemaAST.ts	SchemaAST.ts	4271	4274	exact	exact	same		SchemaAST.ts	5086	5089
brief	live	Test/contracts/schema-payload.contract.md	620	cont	:173	SchemaRepresentation.ts	173	173	default	exact	same		SchemaRepresentation.ts	224	224
brief	live	Test/contracts/schema-payload.contract.md	620	cont	:1068	SchemaRepresentation.ts	1068	1068	default	exact;also:carry=SchemaAST.ts	same		SchemaRepresentation.ts	2752	2752
brief	live	Test/contracts/schema-payload.contract.md	622	bare	SchemaAST.ts	SchemaAST.ts	1541	1541	exact	named	same-comment		SchemaAST.ts	2026	2026
brief	live	Test/contracts/schema-payload.contract.md	622	cont	:1580	SchemaAST.ts	1580	1580	block	named	same-comment		SchemaAST.ts	2092	2092
brief	live	Test/contracts/schema-payload.contract.md	622	cont	:4093	SchemaAST.ts	4093	4093	block	named	same		SchemaAST.ts	4908	4908
brief	live	Test/contracts/schema-payload.contract.md	623	bare	SchemaAST.ts	SchemaAST.ts	1289	1289	exact	named	same		SchemaAST.ts	1662	1662
brief	live	Test/contracts/schema-payload.contract.md	624	cont	:307	SchemaRepresentation.ts	307	307	default	exact;also:block=SchemaAST.ts	same		SchemaRepresentation.ts	363	363
brief	live	Test/contracts/schema-payload.contract.md	625	cont	:360	SchemaRepresentation.ts	360	360	default	exact;skipped:block=SchemaAST.ts	same		SchemaRepresentation.ts	416	416
brief	live	Test/contracts/schema-payload.contract.md	626	cont	:1040-1044	SchemaRepresentation.ts	1040	1044	read	read	same		SchemaRepresentation.ts	2722	2726
brief	live	Test/contracts/schema-payload.contract.md	627	cont	:353-354	SchemaRepresentation.ts	353	354	read	read	same-comment		SchemaRepresentation.ts	409	410
brief	live	Test/contracts/schema-payload.contract.md	690	cont	:25-28	SchemaRepresentation.ts	25	28	default	unconfirmed	same		SchemaRepresentation.ts	24	27
brief	live	Test/contracts/schema-payload.contract.md	690	cont	:36-38	SchemaRepresentation.ts	36	38	default	unconfirmed	same		SchemaRepresentation.ts	35	37
brief	live	Test/contracts/schema-payload.contract.md	690	cont	:917-925	SchemaRepresentation.ts	917	925	default	unconfirmed	same		SchemaRepresentation.ts	2597	2605
brief	live	Test/contracts/schema-payload.contract.md	691	cont	:326-330	SchemaRepresentation.ts	326	330	default	named	same		SchemaRepresentation.ts	382	386
brief	live	Test/contracts/schema-payload.contract.md	691	cont	:1028-1032	SchemaRepresentation.ts	1028	1032	default	unconfirmed	same		SchemaRepresentation.ts	2710	2714
brief	live	Test/contracts/schema-payload.contract.md	691	cont	:359-365	SchemaRepresentation.ts	359	365	default	exact	same		SchemaRepresentation.ts	415	421
brief	live	Test/contracts/schema-payload.contract.md	692	cont	:1039-1049	SchemaRepresentation.ts	1039	1049	default	unconfirmed	same		SchemaRepresentation.ts	2721	2731
brief	live	Test/contracts/schema-payload.contract.md	692	cont	:373-376	SchemaRepresentation.ts	373	376	default	exact	same		SchemaRepresentation.ts	429	432
brief	live	Test/contracts/schema-payload.contract.md	692	cont	:1050-1053	SchemaRepresentation.ts	1050	1053	default	unconfirmed	same		SchemaRepresentation.ts	2732	2735
brief	live	Test/contracts/schema-payload.contract.md	742	cont	:1071-1094	SchemaRepresentation.ts	1071	1094	default	exact	same		SchemaRepresentation.ts	2755	2778
brief	live	Test/contracts/schema-payload.contract.md	750	cont	:162	SchemaRepresentation.ts	162	162	default	exact	same		SchemaRepresentation.ts	213	213
brief	live	Test/contracts/schema-payload.contract.md	751	cont	:988	SchemaRepresentation.ts	988	988	default	named	same		SchemaRepresentation.ts	2670	2670
brief	live	Test/contracts/schema-payload.contract.md	754	cont	:161	SchemaRepresentation.ts	161	161	default	exact	same		SchemaRepresentation.ts	212	212
brief	live	Test/contracts/schema-payload.contract.md	754	cont	:987	SchemaRepresentation.ts	987	987	default	exact	same		SchemaRepresentation.ts	2669	2669
brief	live	Test/contracts/schema-payload.contract.md	758	cont	:146	SchemaRepresentation.ts	146	146	default	exact	same		SchemaRepresentation.ts	197	197
brief	live	Test/contracts/schema-payload.contract.md	759	cont	:979	SchemaRepresentation.ts	979	979	default	named	same		SchemaRepresentation.ts	2661	2661
brief	live	Test/contracts/schema-payload.contract.md	760	cont	:446	SchemaRepresentation.ts	446	446	default	named	same		SchemaRepresentation.ts	502	502
brief	live	Test/contracts/schema-payload.contract.md	760	cont	:958	SchemaRepresentation.ts	958	958	default	named	same		SchemaRepresentation.ts	2640	2640
brief	live	Test/contracts/schema-payload.contract.md	761	cont	:459	SchemaRepresentation.ts	459	459	default	exact	same		SchemaRepresentation.ts	515	515
brief	live	Test/contracts/schema-payload.contract.md	761	cont	:964	SchemaRepresentation.ts	964	964	default	exact;also:global=internal/effect.ts	same		SchemaRepresentation.ts	2646	2646
brief	live	Test/contracts/schema-payload.contract.md	764	cont	:460	SchemaRepresentation.ts	460	460	default	exact	same		SchemaRepresentation.ts	516	516
brief	live	Test/contracts/schema-payload.contract.md	764	cont	:965	SchemaRepresentation.ts	965	965	default	exact	same		SchemaRepresentation.ts	2647	2647
brief	live	Test/contracts/schema-payload.contract.md	767	cont	:171-173	SchemaRepresentation.ts	171	173	default	named	same		SchemaRepresentation.ts	222	224
brief	live	Test/contracts/schema-payload.contract.md	768	cont	:1066-1069	SchemaRepresentation.ts	1066	1069	default	named	same		SchemaRepresentation.ts	2750	2753
brief	live	Test/contracts/schema-payload.contract.md	819	cont	:480-483	SchemaRepresentation.ts	480	483	default	exact	same		SchemaRepresentation.ts	536	539
brief	live	Test/contracts/schema-payload.contract.md	819	cont	:1098-1103	SchemaRepresentation.ts	1098	1103	default	exact	same		SchemaRepresentation.ts	2782	2787
brief	live	Test/contracts/schema-payload.contract.md	819	cont	:491-494	SchemaRepresentation.ts	491	494	default	exact	same		SchemaRepresentation.ts	547	550
brief	live	Test/contracts/schema-payload.contract.md	820	cont	:1105-1110	SchemaRepresentation.ts	1105	1110	default	named	same		SchemaRepresentation.ts	2789	2794
brief	live	Test/contracts/schema-payload.contract.md	820	cont	:470-472	SchemaRepresentation.ts	470	472	default	exact	same		SchemaRepresentation.ts	526	528
brief	live	Test/contracts/schema-payload.contract.md	821	cont	:1096	SchemaRepresentation.ts	1096	1096	default	named	same		SchemaRepresentation.ts	2780	2780
brief	live	Test/contracts/schema-payload.contract.md	827	cont	:1068	SchemaRepresentation.ts	1068	1068	default	exact	same		SchemaRepresentation.ts	2752	2752
brief	live	Test/contracts/schema-payload.contract.md	828	cont	:1096	SchemaRepresentation.ts	1096	1096	default	exact	same		SchemaRepresentation.ts	2780	2780
brief	live	Test/contracts/schema-payload.contract.md	834	cont	:1107	SchemaRepresentation.ts	1107	1107	default	exact	same		SchemaRepresentation.ts	2791	2791
brief	live	Test/contracts/schema-payload.contract.md	879	cont	:1068	SchemaRepresentation.ts	1068	1068	default	exact	same		SchemaRepresentation.ts	2752	2752
brief	live	Test/contracts/schema-payload.contract.md	880	cont	:918	SchemaRepresentation.ts	918	918	default	exact	same		SchemaRepresentation.ts	2598	2598
brief	live	Test/contracts/schema-payload.contract.md	881	cont	:919	SchemaRepresentation.ts	919	919	default	exact	same		SchemaRepresentation.ts	2599	2599
brief	live	Test/contracts/schema-payload.contract.md	881	bare	SchemaAST.ts	SchemaAST.ts	4273	4273	exact	named	same		SchemaAST.ts	5088	5088
brief	live	Test/contracts/schema-payload.contract.md	882	cont	:939-948	SchemaRepresentation.ts	939	948	default	exact	changed	code	SchemaRepresentation.ts	2619	2630
brief	live	Test/contracts/schema-payload.contract.md	883	cont	:1005	SchemaRepresentation.ts	1005	1005	default	exact	same		SchemaRepresentation.ts	2687	2687
brief	live	Test/contracts/schema-payload.contract.md	884	cont	:987	SchemaRepresentation.ts	987	987	default	exact	same		SchemaRepresentation.ts	2669	2669
brief	live	Test/contracts/schema-payload.contract.md	885	cont	:966	SchemaRepresentation.ts	966	966	default	exact	same		SchemaRepresentation.ts	2648	2648
brief	live	Test/contracts/schema-payload.contract.md	886	cont	:1107	SchemaRepresentation.ts	1107	1107	default	exact	same		SchemaRepresentation.ts	2791	2791
brief	live	Test/contracts/schema-payload.contract.md	1137	cont	:927-937	SchemaRepresentation.ts	927	937	default	named;also:global=internal/effect.ts	same		SchemaRepresentation.ts	2607	2617
brief	live	Test/contracts/schema-payload.contract.md	1138	cont	:940-941	SchemaRepresentation.ts	940	941	default	exact	changed	code	SchemaRepresentation.ts	2622	2624
brief	live	Test/contracts/schema-payload.contract.md	1139	cont	:936	SchemaRepresentation.ts	936	936	read	read	same		SchemaRepresentation.ts	2616	2616
brief	live	Test/contracts/schema-payload.contract.md	1233	cont	:67-75	SchemaRepresentation.ts	67	75	default	unconfirmed	changed	erased	SchemaRepresentation.ts	98	121
brief	live	Test/contracts/schema-payload.contract.md	1237	bare	internal/schema/fromRepresentation.ts	internal/schema/fromRepresentation.ts	64	87	exact	named	same		internal/schema/fromRepresentation.ts	66	89
brief	live	Test/contracts/schema-payload.contract.md	1238	cont	:67-68	internal/schema/fromRepresentation.ts	67	68	block	exact	same		internal/schema/fromRepresentation.ts	69	70
brief	live	Test/contracts/schema-payload.contract.md	1241	cont	:19-31	internal/schema/fromRepresentation.ts	19	31	block	exact;also:default=SchemaRepresentation.ts,dominant=SchemaAST.ts	same		internal/schema/fromRepresentation.ts	21	33
brief	live	Test/contracts/schema-payload.contract.md	1242	cont	:76-77	internal/schema/fromRepresentation.ts	76	77	block	exact	same		internal/schema/fromRepresentation.ts	78	79
brief	live	Test/contracts/schema-payload.contract.md	1244	bare	SchemaRepresentation.ts	SchemaRepresentation.ts	1250	1250	exact	named	same-comment		SchemaRepresentation.ts	2934	2934
brief	live	Test/contracts/schema-payload.contract.md	1253	cont	:19-31	SchemaRepresentation.ts	19	31	default	unconfirmed	same		SchemaRepresentation.ts	18	30
brief	live	Test/contracts/schema-payload.contract.md	1253	cont	:26-27	SchemaRepresentation.ts	26	27	default	unconfirmed	same		SchemaRepresentation.ts	25	26
brief	live	Test/contracts/schema-payload.contract.md	1264	bare	internal/schema/toRepresentation.ts	internal/schema/toRepresentation.ts	351	357	exact	named	same		internal/schema/toRepresentation.ts	351	357
brief	live	Test/contracts/schema-payload.contract.md	1266	cont	:958	SchemaRepresentation.ts	958	958	default	exact;also:dominant=SchemaAST.ts	same		SchemaRepresentation.ts	2640	2640
brief	live	Test/contracts/schema-payload.contract.md	1282	bare	SchemaAST.ts	SchemaAST.ts	1448	1456	exact	named	same		SchemaAST.ts	1912	1920
brief	live	Test/contracts/schema-payload.contract.md	1282	cont	:3343-3349	SchemaAST.ts	3343	3349	block	unconfirmed	changed	code	SchemaAST.ts	4160	4166
brief	live	Test/contracts/schema-payload.contract.md	1282	cont	:3085-3089	SchemaAST.ts	3085	3089	block	unconfirmed	changed	code	SchemaAST.ts	3844	3848
brief	live	Test/contracts/schema-payload.contract.md	1297	cont	:3169	Schema.ts	3169	3169	block	named	same-comment		Schema.ts	3063	3063
brief	live	Test/contracts/schema-payload.contract.md	1299	bare	SchemaRepresentation.ts	SchemaRepresentation.ts	999	999	exact	named	same		SchemaRepresentation.ts	2681	2681
brief	live	Test/contracts/schema-payload.contract.md	1300	cont	:1005	SchemaRepresentation.ts	1005	1005	block	named	same		SchemaRepresentation.ts	2687	2687
brief	live	Test/contracts/schema-payload.contract.md	1325	cont	:148-153	SchemaRepresentation.ts	148	153	default	unconfirmed	same		SchemaRepresentation.ts	199	204
brief	live	Test/contracts/schema-payload.contract.md	1325	cont	:982-987	SchemaRepresentation.ts	982	987	default	exact	same		SchemaRepresentation.ts	2664	2669
brief	live	Test/contracts/schema-payload.contract.md	1327	cont	:158-163	SchemaRepresentation.ts	158	163	default	named	same		SchemaRepresentation.ts	209	214
brief	live	Test/contracts/schema-payload.contract.md	1327	cont	:984-989	SchemaRepresentation.ts	984	989	default	named	same		SchemaRepresentation.ts	2666	2671
brief	live	Test/contracts/schema-payload.contract.md	1328	cont	:987	SchemaRepresentation.ts	987	987	default	exact	same		SchemaRepresentation.ts	2669	2669
brief	live	Test/contracts/schema-payload.contract.md	1328	cont	:988	SchemaRepresentation.ts	988	988	default	exact	same		SchemaRepresentation.ts	2670	2670
brief	live	Test/contracts/schema-payload.contract.md	1330	cont	:162	SchemaRepresentation.ts	162	162	default	unconfirmed	same		SchemaRepresentation.ts	213	213
brief	live	Test/contracts/schema-payload.contract.md	1330	cont	:987	SchemaRepresentation.ts	987	987	default	unconfirmed	same		SchemaRepresentation.ts	2669	2669
brief	live	Test/contracts/schema-payload.contract.md	1342	cont	:958	SchemaRepresentation.ts	958	958	default	exact	same		SchemaRepresentation.ts	2640	2640
brief	live	Test/contracts/schema-payload.contract.md	1343	cont	:37	SchemaRepresentation.ts	37	37	default	exact	same		SchemaRepresentation.ts	36	36
brief	live	Test/contracts/schema-payload.contract.md	1343	cont	:924	SchemaRepresentation.ts	924	924	default	named	same		SchemaRepresentation.ts	2604	2604
brief	live	Test/contracts/schema-payload.contract.md	1344	bare	internal/schema/toRepresentation.ts	internal/schema/toRepresentation.ts	174	174	exact	named	same		internal/schema/toRepresentation.ts	174	174
brief	live	Test/contracts/schema-payload.contract.md	1344	cont	:175	internal/schema/toRepresentation.ts	175	175	block	named	same		internal/schema/toRepresentation.ts	175	175
brief	live	Test/contracts/schema-subalphabets.contract.md	39	bare	SchemaRepresentation.ts	SchemaRepresentation.ts	998	998	exact	named	same		SchemaRepresentation.ts	2680	2680
brief	live	Test/contracts/schema-subalphabets.contract.md	39	cont	:999	SchemaRepresentation.ts	999	999	block	exact	same		SchemaRepresentation.ts	2681	2681
brief	live	Test/contracts/schema-subalphabets.contract.md	39	cont	:1005	SchemaRepresentation.ts	1005	1005	block	exact	same		SchemaRepresentation.ts	2687	2687
brief	live	Test/contracts/schema-subalphabets.contract.md	40	cont	:1006-1007	SchemaRepresentation.ts	1006	1007	block	exact	same		SchemaRepresentation.ts	2688	2689
brief	live	Test/contracts/schema-subalphabets.contract.md	40	cont	:1043	SchemaRepresentation.ts	1043	1043	block	exact	same		SchemaRepresentation.ts	2725	2725
brief	live	Test/contracts/schema-subalphabets.contract.md	182	bare	SchemaRepresentation.ts	SchemaRepresentation.ts	1005	1005	exact	named	same		SchemaRepresentation.ts	2687	2687
brief	live	Test/contracts/schema-subalphabets.contract.md	182	cont	:999	SchemaRepresentation.ts	999	999	block	exact	same		SchemaRepresentation.ts	2681	2681
brief	live	Test/contracts/schema-subalphabets.contract.md	183	cont	:1020	SchemaRepresentation.ts	1020	1020	block	named	same		SchemaRepresentation.ts	2702	2702
brief	live	Test/contracts/scope-machine.contract.md	11	full	vendor/effect-4.0.0-rc.112/src/internal/effect.ts	internal/effect.ts	0	0	full	n/a	file-only		internal/effect.ts		
brief	live	Test/contracts/scope-machine.contract.md	14	full	vendor/effect-4.0.0-rc.112/src/internal/effect.ts	internal/effect.ts	3779	3828	full	named	changed	code	internal/effect.ts	3938	3994
brief	live	Test/contracts/scope-restoration.contract.md	18	full	vendor/effect-4.0.0-rc.112/src/internal/effect.ts	internal/effect.ts	3779	3828	full	unnamed	changed	code	internal/effect.ts	3938	3994
brief	live	Test/contracts/scope-restoration.contract.md	20	full	vendor/effect-4.0.0-rc.112/src/internal/effect.ts	internal/effect.ts	4302	4320	full	unnamed	same		internal/effect.ts	4550	4568
brief	live	Test/contracts/scope-restoration.contract.md	23	full	vendor/effect-4.0.0-rc.112/src/internal/core.ts	internal/core.ts	529	548	full	unnamed	changed	code	internal/core.ts	580	610
brief	live	Test/contracts/scope-restoration.contract.md	26	full	vendor/effect-4.0.0-rc.112/src/internal/effect.ts	internal/effect.ts	574	596	full	unnamed	changed	code	internal/effect.ts	555	577
brief	live	Test/contracts/scope-restoration.contract.md	28	full	vendor/effect-4.0.0-rc.112/src/internal/effect.ts	internal/effect.ts	4002	4028	full	unnamed	changed	code	internal/effect.ts	4164	4196
brief	live	Test/fixtures/schema-representation/README.md	41	full	vendor/effect-4.0.0-rc.112/src/SchemaRepresentation.ts	SchemaRepresentation.ts	0	0	full	n/a	file-only		SchemaRepresentation.ts		
brief	live	Test/fixtures/schema-representation/README.md	42	full	vendor/effect-4.0.0-rc.112/src/SchemaAST.ts	SchemaAST.ts	0	0	full	n/a	file-only		SchemaAST.ts		
brief	live	Test/fixtures/schema-representation/README.md	43	full	vendor/effect-4.0.0-rc.112/src/Schema.ts	Schema.ts	0	0	full	n/a	file-only		Schema.ts		
brief	live	Test/fixtures/schema-representation/README.md	44	full	vendor/effect-4.0.0-rc.112/src/internal/schema/toRepresentation.ts	internal/schema/toRepresentation.ts	0	0	full	n/a	file-only		internal/schema/toRepresentation.ts		
brief	live	Test/fixtures/schema-representation/README.md	45	full	vendor/effect-4.0.0-rc.112/src/internal/schema/fromRepresentation.ts	internal/schema/fromRepresentation.ts	0	0	full	n/a	file-only		internal/schema/fromRepresentation.ts		
brief	live	Test/fixtures/schema-representation/README.md	162	bare	Schema.ts	Schema.ts	15870	15870	exact	named	changed	code	Schema.ts	15955	16018
brief	live	Test/fixtures/schema-representation/README.md	336	bare	SchemaAST.ts	SchemaAST.ts	3343	3343	exact	named	same		SchemaAST.ts	4160	4160
brief	live	Test/fixtures/schema-representation/README.md	339	bare	SchemaAST.ts	SchemaAST.ts	3085	3085	exact	named	same		SchemaAST.ts	3844	3844
brief	live	Test/fixtures/schema-representation/README.md	600	bare	SchemaRepresentation.ts	SchemaRepresentation.ts	927	927	exact	exact	same		SchemaRepresentation.ts	2607	2607
brief	live	Test/fixtures/schema-representation/README.md	602	cont	:939	SchemaRepresentation.ts	939	939	block	exact	changed	layout	SchemaRepresentation.ts	2619	2621
extended	live	docs/DESIGN-BASIS.md	831	full	vendor/effect-4.0.0-rc.112/src/Schema.ts	Schema.ts	0	0	full	n/a	file-only		Schema.ts		
extended	live	docs/DESIGN-BASIS.md	837	full	vendor/effect-4.0.0-rc.112/src/Schema.ts	Schema.ts	0	0	full	n/a	file-only		Schema.ts		
extended	live	docs/DESIGN-BASIS.md	1016	bare	internal/effect.ts	internal/effect.ts	726	727	exact	unnamed	changed	code	internal/effect.ts	732	732
extended	live	docs/DESIGN-BASIS.md	1028	bare	Layer.ts	Layer.ts	1587	1602	exact	named	same		Layer.ts	1584	1599
extended	live	docs/DESIGN-BASIS.md	1029	cont	:1905	Layer.ts	1905	1905	block	named	same		Layer.ts	1902	1902
extended	live	docs/DESIGN-BASIS.md	1033	bare	Layer.ts	Layer.ts	230	232	exact	exact	same		Layer.ts	230	232
extended	live	docs/DESIGN-BASIS.md	1042	bare	Layer.ts	Layer.ts	411	411	exact	unnamed	removed	code	Layer.ts		
extended	live	docs/DESIGN-BASIS.md	1042	cont	:438	Layer.ts	438	438	block	named;also:global=internal/effect.ts	same		Layer.ts	422	422
extended	live	docs/DESIGN-BASIS.md	1115	bare	internal/effect.ts	internal/effect.ts	5277	5277	exact	named	same		internal/effect.ts	5532	5532
extended	live	docs/DESIGN-BASIS.md	1116	bare	Scheduler.ts	Scheduler.ts	193	247	exact	exact	same		Scheduler.ts	203	257
extended	live	docs/DESIGN-BASIS.md	1129	bare	Queue.ts	Queue.ts	455	455	exact	unnamed	same		Queue.ts	474	474
extended	live	docs/DESIGN-BASIS.md	1137	bare	Queue.ts	Queue.ts	1955	1975	exact	unnamed	changed	code	Queue.ts	2443	2466
extended	live	docs/DESIGN-BASIS.md	1137	cont	:1432	Queue.ts	1432	1432	block	unconfirmed	changed	code	Queue.ts	1632	1845
extended	live	docs/DESIGN-BASIS.md	1178	bare	internal/effect.ts	internal/effect.ts	6052	6066	exact	named	same		internal/effect.ts	6311	6325
extended	live	docs/DESIGN-BASIS.md	1254	bare	unstable/sql/SqlError.ts	unstable/sql/SqlError.ts	31	329	exact	exact	same		sql/SqlError.ts	33	363
extended	live	docs/DESIGN-BASIS.md	1740	bare	Layer.ts	Layer.ts	2008	2089	exact	exact	same		Layer.ts	2005	2086
extended	live	docs/DESIGN-BASIS.md	1741	cont	:2089	Layer.ts	2089	2089	block	named	same		Layer.ts	2086	2086
extended	live	docs/DESIGN-ISSUES.md	82	full	vendor/effect-4.0.0-rc.112/src/internal/effect.ts	internal/effect.ts	157	157	full	exact	same		internal/effect.ts	157	157
extended	live	docs/DESIGN-ISSUES.md	131	bare	internal/effect.ts	internal/effect.ts	599	628	exact	exact	changed	code	internal/effect.ts	580	621
extended	live	docs/DESIGN-ISSUES.md	131	cont	:1118-1132	internal/effect.ts	1118	1132	block	named;also:plain=src/Effect4/Machine/Fibers.lean	same		internal/effect.ts	1151	1165
extended	live	docs/DESIGN-ISSUES.md	136	full	vendor/effect-4.0.0-rc.112/src/Effect.ts	Effect.ts	12815	12817	full	named	same		Effect.ts	12940	12942
extended	live	docs/DESIGN-ISSUES.md	144	full	vendor/effect-4.0.0-rc.112/src/Layer.ts	Layer.ts	0	0	full	n/a	file-only		Layer.ts		
extended	live	docs/DESIGN-ISSUES.md	148	bare	internal/effect.ts	internal/effect.ts	5279	5279	exact	named	same		internal/effect.ts	5534	5534
extended	live	docs/DESIGN-ISSUES.md	148	cont	:3820	internal/effect.ts	3820	3820	block	named	changed	code	internal/effect.ts	3987	3987
extended	live	docs/DESIGN-ISSUES.md	167	bare	Effect.ts	Effect.ts	12930	12930	exact	exact	same		Effect.ts	13055	13055
extended	live	docs/DESIGN-ISSUES.md	169	full	vendor/effect-4.0.0-rc.112/src/Deferred.ts	Deferred.ts	1382	1382	full	named	same		Deferred.ts	1383	1383
extended	live	docs/DESIGN-ISSUES.md	169	full	vendor/effect-4.0.0-rc.112/src/Deferred.ts	Deferred.ts	1366	1366	full	exact	same		Deferred.ts	1367	1367
extended	live	docs/DESIGN-ISSUES.md	169	full	vendor/effect-4.0.0-rc.112/src/Deferred.ts	Deferred.ts	1366	1366	full	named	same		Deferred.ts	1367	1367
extended	live	docs/DESIGN-ISSUES.md	170	full	vendor/effect-4.0.0-rc.112/src/Deferred.ts	Deferred.ts	1414	1414	full	exact	same		Deferred.ts	1415	1415
extended	live	docs/DESIGN-ISSUES.md	171	full	vendor/effect-4.0.0-rc.112/src/Ref.ts	Ref.ts	306	306	full	exact	same		Ref.ts	306	306
extended	live	docs/DESIGN-ISSUES.md	172	full	vendor/effect-4.0.0-rc.112/src/internal/effect.ts	internal/effect.ts	3914	3922	full	named	changed	code	internal/effect.ts	4070	4084
extended	live	docs/DESIGN-ISSUES.md	172	full	vendor/effect-4.0.0-rc.112/src/Scope.ts	Scope.ts	240	240	full	exact	same		Scope.ts	239	239
extended	live	docs/DESIGN-ISSUES.md	172	full	vendor/effect-4.0.0-rc.112/src/Scope.ts	Scope.ts	240	240	full	named	same		Scope.ts	239	239
extended	live	docs/DESIGN-ISSUES.md	173	full	vendor/effect-4.0.0-rc.112/src/Deferred.ts	Deferred.ts	173	186	full	named	same		Deferred.ts	174	187
extended	live	docs/DESIGN-ISSUES.md	173	full	vendor/effect-4.0.0-rc.112/src/Deferred.ts	Deferred.ts	223	223	full	exact	same		Deferred.ts	224	224
extended	live	docs/DESIGN-ISSUES.md	243	cont	:52	-	52	52	block:src/Effect4/Machine/Context.lean	named	not-a-pin-citation				
brief	live	docs/UPSTREAM-BACKLOG.md	13	bare	internal/core.ts	internal/core.ts	540	545	exact	named	changed	code	internal/core.ts	591	608
brief	live	docs/UPSTREAM-BACKLOG.md	13	bare	internal/effect.ts	internal/effect.ts	4312	4319	exact	named	same		internal/effect.ts	4560	4567
brief	live	docs/UPSTREAM-BACKLOG.md	13	bare	core.ts	internal/core.ts	538	543	suffix	named	changed	code	internal/core.ts	589	606
brief	live	docs/UPSTREAM-BACKLOG.md	13	bare	effect.ts	internal/effect.ts	4217	4225	suffix	named	same		internal/effect.ts	4412	4420
brief	live	docs/UPSTREAM-BACKLOG.md	14	bare	Scope.ts	Scope.ts	567	567	exact	exact	changed	erased	Scope.ts	568	595
brief	live	docs/UPSTREAM-BACKLOG.md	14	cont	:592	Scope.ts	592	592	block	exact	changed	erased	Scope.ts	568	595
brief	live	docs/UPSTREAM-BACKLOG.md	14	bare	internal/effect.ts	internal/effect.ts	3775	3776	exact	named	changed	code	internal/effect.ts	3929	3935
brief	live	docs/UPSTREAM-BACKLOG.md	14	cont	:3788-3789	internal/effect.ts	3788	3789	block	named	changed	code	internal/effect.ts	3940	3943
brief	live	docs/UPSTREAM-BACKLOG.md	14	cont	:3794-3795	internal/effect.ts	3794	3795	block	named	changed	code	internal/effect.ts	3945	3951
brief	live	docs/UPSTREAM-BACKLOG.md	14	cont	:3849	internal/effect.ts	3849	3849	block	exact	same		internal/effect.ts	4014	4014
brief	live	docs/UPSTREAM-BACKLOG.md	14	cont	:3973	internal/effect.ts	3973	3973	block	exact	same		internal/effect.ts	4136	4136
brief	live	docs/UPSTREAM-BACKLOG.md	14	cont	:3826	internal/effect.ts	3826	3826	block	exact	same		internal/effect.ts	3993	3993
brief	live	docs/UPSTREAM-BACKLOG.md	14	cont	:3945	-	3945	3945	block:dist/esm/internal/fiberRuntime.js	outside;also:dominant=internal/effect.ts	not-a-pin-citation				
brief	live	docs/core/api-surface.md	136	bare	SchemaRepresentation.ts	SchemaRepresentation.ts	574	574	exact	unnamed	changed	code	SchemaRepresentation.ts	630	630
brief	live	docs/core/decisions.md	94	bare	Effect.ts	Effect.ts	12930	12930	exact	exact	same		Effect.ts	13055	13055
brief	live	docs/core/decisions.md	94	cont	:203-205	-	203	205	read:-	read	not-a-pin-citation				
brief	live	docs/core/decisions.md	94	bare	Effect.ts	Effect.ts	12930	12930	exact	exact	same		Effect.ts	13055	13055
brief	live	docs/core/decisions.md	102	bare	Fiber.ts	Fiber.ts	70	70	exact	exact	same		Fiber.ts	71	71
brief	live	docs/core/decisions.md	102	bare	Ref.ts	Ref.ts	59	59	exact	unnamed	same		Ref.ts	59	59
brief	live	docs/core/decisions.md	102	bare	Deferred.ts	Deferred.ts	58	58	exact	exact	same		Deferred.ts	58	58
brief	live	docs/core/decisions.md	210	bare	Effect.ts	Effect.ts	17494	17497	exact	unnamed	same		Effect.ts	18028	18031
brief	live	docs/core/decisions.md	210	bare	Effect.ts	Effect.ts	17494	17497	exact	unnamed	same		Effect.ts	18028	18031
brief	live	docs/core/decisions.md	221	cont	:70	-	70	70	block:src/Effect4/Schema/Bridge.lean	unconfirmed	not-a-pin-citation				
brief	live	docs/core/decisions.md	223	bare	Types.ts	Types.ts	158	158	exact	named	same		Types.ts	160	160
brief	live	docs/core/decisions.md	244	bare	internal/effect.ts	internal/effect.ts	3795	3795	exact	unnamed	changed	code	internal/effect.ts	3945	3951
brief	live	docs/core/decisions.md	244	bare	Scope.ts	Scope.ts	567	567	exact	exact	changed	erased	Scope.ts	568	595
brief	live	docs/core/decisions.md	244	bare	Scope.ts	Scope.ts	567	567	exact	exact	changed	erased	Scope.ts	568	595
brief	live	docs/core/decisions.md	244	bare	internal/effect.ts	internal/effect.ts	3795	3795	exact	unnamed	changed	code	internal/effect.ts	3945	3951
brief	live	docs/core/decisions.md	244	bare	Scope.ts	Scope.ts	567	567	exact	exact	changed	erased	Scope.ts	568	595
brief	live	docs/core/decisions.md	249	cont	:97	-	97	97	block:Residual.lean	outside	not-a-pin-citation				
brief	live	docs/core/decisions.md	249	cont	:101	-	101	101	block:Residual.lean	outside	not-a-pin-citation				
brief	live	docs/core/decisions.md	249	cont	:104	-	104	104	block:Residual.lean	outside	not-a-pin-citation				
brief	live	docs/core/decisions.md	249	cont	:191	-	191	191	block:Residual.lean	outside	not-a-pin-citation				
brief	live	docs/core/decisions.md	249	cont	:132	-	132	132	block:src/Effect4/Laws/Program/Typed/Scheduler.lean	named;also:plain=Test/Counterexamples/Machine/Semantics/ScopePresence.lean	not-a-pin-citation				
brief	live	docs/core/decisions.md	265	cont	:344-353	-	344	353	block:Q/bin/conservativity.py	outside;also:global=internal/effect.ts	not-a-pin-citation				
brief	live	docs/core/decisions.md	270	cont	:1285	-	1285	1285	block:P3View.lean	outside	not-a-pin-citation				
brief	live	docs/core/decisions.md	272	cont	:93-96	-	93	96	block:P8Schema.lean	outside	not-a-pin-citation				
brief	live	docs/core/decisions.md	278	bare	Layer.ts	Layer.ts	3327	3328	exact	exact	same		Layer.ts	3366	3367
brief	live	docs/core/decisions.md	279	bare	internal/effect.ts	internal/effect.ts	4950	4951	exact	unnamed	same		internal/effect.ts	5203	5204
brief	live	docs/core/decisions.md	298	full	vendor/effect-4.0.0-rc.112/src/Pull.ts	Pull.ts	0	0	full	n/a	file-only		Pull.ts		
brief	live	docs/core/decisions.md	301	full	vendor/effect-4.0.0-rc.112/src/Deferred.ts	Deferred.ts	0	0	full	n/a	file-only		Deferred.ts		
brief	live	docs/core/decisions.md	341	full	vendor/effect-4.0.0-rc.112/src/internal/effect.ts	internal/effect.ts	0	0	full	n/a	file-only		internal/effect.ts		
brief	live	docs/core/host-boundary.md	40	cont	:204-215	-	204	215	block:Api/HostSession.lean	outside	not-a-pin-citation				
brief	live	docs/core/host-boundary.md	41	cont	:77	-	77	77	carry:Api/HostSession.lean	outside	not-a-pin-citation				
brief	live	docs/core/lcnf-route.md	39	cont	:656	-	656	656	carry:src/OCaml5/Lcnf/Translate.lean	unconfirmed	not-a-pin-citation				
brief	live	docs/core/lcnf-route.md	39	cont	:535	-	535	535	carry:src/OCaml5/Lcnf/Translate.lean	unconfirmed	not-a-pin-citation				
brief	live	docs/core/lcnf-route.md	40	cont	:875	-	875	875	carry:src/OCaml5/Lcnf/Translate.lean	unconfirmed	not-a-pin-citation				
brief	live	docs/core/lcnf-route.md	41	cont	:848-856	-	848	856	carry:src/OCaml5/Lcnf/Translate.lean	unconfirmed	not-a-pin-citation				
brief	live	docs/core/lcnf-route.md	42	cont	:777	-	777	777	carry:src/OCaml5/Lcnf/Translate.lean	unconfirmed	not-a-pin-citation				
brief	live	docs/core/lcnf-route.md	44	cont	:400-431	-	400	431	carry:src/OCaml5/Lcnf/Translate.lean	named	not-a-pin-citation				
brief	live	docs/core/lcnf-route.md	45	cont	:154	-	154	154	carry:src/OCaml5/Lcnf/Translate.lean	unconfirmed	not-a-pin-citation				
brief	live	docs/core/lcnf-route.md	45	cont	:140	-	140	140	carry:src/OCaml5/Lcnf/Translate.lean	unconfirmed	not-a-pin-citation				
brief	live	docs/core/lcnf-route.md	48	cont	:607	-	607	607	carry:src/OCaml5/Lcnf/Translate.lean	unconfirmed	not-a-pin-citation				
brief	live	docs/core/lcnf-route.md	48	cont	:500	-	500	500	carry:src/OCaml5/Lcnf/Translate.lean	unconfirmed	not-a-pin-citation				
brief	live	docs/core/lcnf-route.md	63	cont	:424	-	424	424	plain:tools/Conform/Lcnf/SemanticsTarget.lean	exact;skipped:carry=src/OCaml5/Lcnf/Translate.lean,global=internal/effect.ts	not-a-pin-citation				
brief	live	docs/core/semantics.md	282	bare	Effect.ts	Effect.ts	17494	17497	exact	exact	same		Effect.ts	18028	18031
extended	live	docs/design/design-language.md	36	cont	:223-230	-	223	230	carry:src/Effect4/Machine/Cause.lean	unconfirmed	not-a-pin-citation				
extended	live	docs/design/design-language.md	36	cont	:217-218	-	217	218	carry:src/Effect4/Machine/Cause.lean	unconfirmed	not-a-pin-citation				
extended	live	docs/design/design-language.md	39	cont	:287-291	-	287	291	block:Frames.lean	outside	not-a-pin-citation				
extended	live	docs/design/design-language.md	47	cont	:262	-	262	262	carry:src/Effect4/Api.lean	unconfirmed	not-a-pin-citation				
extended	live	docs/design/design-language.md	47	cont	:285	-	285	285	carry:src/Effect4/Api.lean	unconfirmed	not-a-pin-citation				
extended	live	docs/design/design-language.md	56	cont	:356	-	356	356	carry:src/Effect4/Program/Eff.lean	unconfirmed	not-a-pin-citation				
extended	live	docs/design/design-language.md	56	cont	:357	-	357	357	carry:src/Effect4/Program/Eff.lean	unconfirmed	not-a-pin-citation				
extended	live	docs/design/design-language.md	56	cont	:376	-	376	376	carry:src/Effect4/Program/Eff.lean	unconfirmed	not-a-pin-citation				
extended	live	docs/design/design-language.md	57	cont	:124-128	-	124	128	carry:src/Effect4/Program/Eff.lean	unconfirmed	not-a-pin-citation				
extended	live	docs/design/design-language.md	57	cont	:109-113	-	109	113	carry:src/Effect4/Program/Eff.lean	unconfirmed	not-a-pin-citation				
extended	live	docs/design/design-language.md	57	cont	:358-359	-	358	359	carry:src/Effect4/Program/Eff.lean	unconfirmed	not-a-pin-citation				
extended	live	docs/design/design-language.md	57	cont	:419-423	-	419	423	carry:src/Effect4/Program/Eff.lean	unconfirmed	not-a-pin-citation				
extended	live	docs/design/design-language.md	58	cont	:98-105	-	98	105	carry:src/Effect4/Program/Eff.lean	unconfirmed	not-a-pin-citation				
extended	live	docs/design/design-language.md	58	cont	:366	-	366	366	carry:src/Effect4/Program/Eff.lean	unconfirmed	not-a-pin-citation				
extended	live	docs/design/design-language.md	59	cont	:391-403	-	391	403	carry:src/Effect4/Program/Eff.lean	unconfirmed	not-a-pin-citation				
extended	live	docs/design/design-language.md	59	cont	:371-373	-	371	373	carry:src/Effect4/Program/Eff.lean	unconfirmed	not-a-pin-citation				
extended	live	docs/design/design-language.md	60	cont	:363-365	-	363	365	carry:src/Effect4/Program/Eff.lean	unconfirmed	not-a-pin-citation				
extended	live	docs/design/design-language.md	60	cont	:131-132	-	131	132	block:Frames.lean	outside	not-a-pin-citation				
extended	live	docs/design/design-language.md	61	cont	:415	-	415	415	carry:Frames.lean	outside	not-a-pin-citation				
extended	live	docs/design/design-language.md	66	cont	:39-44	-	39	44	block:Scope.lean	outside;also:dominant=src/Effect4/Program/Eff.lean	not-a-pin-citation				
extended	live	docs/design/design-language.md	67	cont	:2167-2168	-	2167	2168	read:-	read	not-a-pin-citation				
extended	live	docs/design/design-language.md	69	cont	:368	-	368	368	carry:Scope.lean	outside;also:dominant=src/Effect4/Program/Eff.lean	not-a-pin-citation				
extended	live	docs/design/design-language.md	76	cont	:687-691	-	687	691	carry:Scope.lean	outside;also:plain=src/Effect4/Machine/Cause.lean	not-a-pin-citation				
extended	live	docs/design/design-language.md	77	cont	:28-33	-	28	33	carry:Scope.lean	outside	not-a-pin-citation				
extended	live	docs/design/design-language.md	78	cont	:585-591	-	585	591	carry:Scope.lean	outside	not-a-pin-citation				
extended	live	docs/design/design-language.md	87	cont	:144-148	-	144	148	carry:src/Effect4/Program/Eff.lean	unconfirmed	not-a-pin-citation				
extended	live	docs/design/design-language.md	88	cont	:425	-	425	425	carry:src/Effect4/Program/Eff.lean	unconfirmed	not-a-pin-citation				
extended	live	docs/design/design-language.md	88	cont	:585-587	-	585	587	carry:src/Effect4/Program/Eff.lean	unconfirmed	not-a-pin-citation				
extended	live	docs/design/design-language.md	88	cont	:1989-1991	-	1989	1991	read:-	read	not-a-pin-citation				
extended	live	docs/design/design-language.md	106	cont	:132-136	-	132	136	block:src/Effect4/Machine/Timer.lean	unconfirmed	not-a-pin-citation				
extended	live	docs/design/design-language.md	107	cont	:133-135	-	133	135	plain:src/Effect4/Program/Compile.lean	named;skipped:carry=src/Effect4/Machine/Timer.lean,dominant=src/Effect4/Program/Eff.lean,global=internal/effect.ts	not-a-pin-citation				
extended	live	docs/design/design-language.md	278	cont	:431	-	431	431	carry:Fibers.lean	outside	not-a-pin-citation				
extended	live	docs/design/design-language.md	278	cont	:366	-	366	366	carry:Fibers.lean	outside	not-a-pin-citation				
extended	live	docs/design/design-language.md	281	cont	:66	-	66	66	carry:Fibers.lean	outside	not-a-pin-citation				
extended	live	docs/design/string-diagrams-notes.md	65	cont	:289	-	289	289	carry:src/Effect4/Program/Eff.lean	unconfirmed	not-a-pin-citation				
extended	live	docs/design/string-diagrams-notes.md	65	cont	:272	-	272	272	carry:src/Effect4/Program/Eff.lean	unconfirmed	not-a-pin-citation				
extended	live	docs/design/string-diagrams-notes.md	69	cont	:286	-	286	286	carry:src/Effect4/Program/Eff.lean	unconfirmed	not-a-pin-citation				
extended	live	docs/design/string-diagrams-notes.md	136	cont	:272	-	272	272	carry:src/Effect4/Machine/Fibers.lean	unconfirmed	not-a-pin-citation				
extended	live	docs/design/string-diagrams-notes.md	145	cont	:293	-	293	293	carry:src/Effect4/Machine/Fibers.lean	unconfirmed	not-a-pin-citation				
extended	live	docs/design/string-diagrams-notes.md	169	cont	:269	-	269	269	read:-	read	not-a-pin-citation				
extended	live	docs/design/string-diagrams-notes.md	462	cont	:223-230	-	223	230	carry:src/Effect4/Api.lean	unconfirmed	not-a-pin-citation				
extended	live	docs/design/string-diagrams-notes.md	473	cont	:275	-	275	275	carry:src/Effect4/Api.lean	unconfirmed	not-a-pin-citation				
extended	live	docs/design/string-diagrams-notes.md	473	cont	:293	-	293	293	carry:src/Effect4/Api.lean	unconfirmed	not-a-pin-citation				
brief	live	generated/effect-runtime-census.tsv	18	census-row	op.Success	internal/core.ts	508	516	table	census	same		internal/core.ts	559	567
brief	live	generated/effect-runtime-census.tsv	19	census-row	op.Failure	internal/core.ts	528	547	table	census	changed	code	internal/core.ts	580	610
brief	live	generated/effect-runtime-census.tsv	20	census-row	op.WithFiber	internal/core.ts	555	563	table	census	same		internal/core.ts	618	626
brief	live	generated/effect-runtime-census.tsv	21	census-row	op.YieldableError	internal/core.ts	565	583	table	census	same		internal/core.ts	645	663
brief	live	generated/effect-runtime-census.tsv	22	census-row	op.Sync	internal/effect.ts	928	936	table	census	same		internal/effect.ts	960	968
brief	live	generated/effect-runtime-census.tsv	23	census-row	op.Suspend	internal/effect.ts	938	946	table	census	same		internal/effect.ts	970	978
brief	live	generated/effect-runtime-census.tsv	24	census-row	op.Yield	internal/effect.ts	981	994	table	census	same		internal/effect.ts	1013	1026
brief	live	generated/effect-runtime-census.tsv	25	census-row	op.Async	internal/effect.ts	1102	1143	table	census	changed	code	internal/effect.ts	1136	1176
brief	live	generated/effect-runtime-census.tsv	26	census-row	op.AsyncFinalizer	internal/effect.ts	1145	1160	table	census	changed	code	internal/effect.ts	1187	1202
brief	live	generated/effect-runtime-census.tsv	27	census-row	op.Iterator	internal/effect.ts	1356	1379	table	census	changed	code	internal/effect.ts	1408	1431
brief	live	generated/effect-runtime-census.tsv	28	census-row	op.OnSuccess	internal/effect.ts	1662	1689	table	census	changed	code	internal/effect.ts	1776	1790
brief	live	generated/effect-runtime-census.tsv	29	census-row	op.OnFailure	internal/effect.ts	2474	2501	table	census	changed	code	internal/effect.ts	2580	2599
brief	live	generated/effect-runtime-census.tsv	30	census-row	op.OnSuccessAndFailure	internal/effect.ts	3426	3465	table	census	changed	code	internal/effect.ts	3533	3621
brief	live	generated/effect-runtime-census.tsv	31	census-row	op.Exit	internal/effect.ts	3620	3637	table	census	changed	code	internal/effect.ts	3769	3785
brief	live	generated/effect-runtime-census.tsv	32	census-row	op.OnExit	internal/effect.ts	4001	4029	table	census	changed	code	internal/effect.ts	4164	4197
brief	live	generated/effect-runtime-census.tsv	33	census-row	op.SetInterruptible	internal/effect.ts	4312	4322	table	census	same		internal/effect.ts	4560	4570
brief	live	generated/effect-runtime-census.tsv	34	census-row	op.While	internal/effect.ts	4623	4645	table	census	same		internal/effect.ts	4899	4921
brief	live	generated/effect-runtime-census.tsv	35	census-row	frame-arm.OnSuccess	internal/effect.ts	1677	1689	table	census	changed	code	internal/effect.ts	1789	1790
brief	live	generated/effect-runtime-census.tsv	36	census-row	frame-arm.OnFailure	internal/effect.ts	2489	2501	table	census	changed	code	internal/effect.ts	2593	2599
brief	live	generated/effect-runtime-census.tsv	37	census-row	frame-arm.OnSuccessAndFailure	internal/effect.ts	3450	3465	table	census	changed	code	internal/effect.ts	3555	3621
brief	live	generated/effect-runtime-census.tsv	38	census-row	frame-arm.Exit	internal/effect.ts	3627	3636	table	census	changed	code	internal/effect.ts	3775	3784
brief	live	generated/effect-runtime-census.tsv	39	census-row	frame-arm.OnExit	internal/effect.ts	4013	4028	table	census	changed	code	internal/effect.ts	4171	4196
brief	live	generated/effect-runtime-census.tsv	40	census-row	frame-arm.SetInterruptible	internal/effect.ts	4314	4319	table	census	same		internal/effect.ts	4562	4567
brief	live	generated/effect-runtime-census.tsv	41	census-row	frame-arm.AsyncFinalizer	internal/effect.ts	1149	1159	table	census	changed	code	internal/effect.ts	1191	1201
brief	live	generated/effect-runtime-census.tsv	42	census-row	frame-arm.While	internal/effect.ts	4630	4644	table	census	same		internal/effect.ts	4906	4920
brief	live	generated/effect-runtime-census.tsv	43	census-row	frame-arm.Iterator	internal/effect.ts	1362	1378	table	census	changed	code	internal/effect.ts	1414	1430
brief	live	generated/effect-runtime-census.tsv	44	census-row	checkpoint.runloop-top	internal/effect.ts	638	642	table	census	same		internal/effect.ts	631	635
brief	live	generated/effect-runtime-census.tsv	45	census-row	checkpoint.getcont-deferred	internal/effect.ts	684	687	table	census	same		internal/effect.ts	679	682
brief	live	generated/effect-runtime-census.tsv	46	census-row	checkpoint.post-yield-cancel	internal/effect.ts	656	668	table	census	same		internal/effect.ts	651	663
brief	live	generated/effect-runtime-census.tsv	47	census-row	checkpoint.exit-failcause-skip	internal/core.ts	539	545	table	census	changed	code	internal/core.ts	590	608
brief	live	generated/effect-runtime-census.tsv	48	census-row	checkpoint.set-fiber-interruptible	internal/effect.ts	4324	4328	table	census	same		internal/effect.ts	4572	4576
brief	live	generated/effect-runtime-census.tsv	49	census-row	checkpoint.set-interruptible-contall	internal/effect.ts	4316	4318	table	census	same		internal/effect.ts	4564	4566
brief	live	generated/effect-runtime-census.tsv	50	census-row	interrupt.unsafe-entry	internal/effect.ts	574	595	table	census	changed	code	internal/effect.ts	555	576
brief	live	generated/effect-runtime-census.tsv	51	census-row	interrupt.accumulate	internal/effect.ts	585	587	table	census	same		internal/effect.ts	566	568
brief	live	generated/effect-runtime-census.tsv	52	census-row	fork.unsafe	internal/effect.ts	5263	5284	table	census	changed	code	internal/effect.ts	5517	5539
brief	live	generated/effect-runtime-census.tsv	53	census-row	fork.child	internal/effect.ts	5227	5261	table	census	same		internal/effect.ts	5480	5514
brief	live	generated/effect-runtime-census.tsv	54	census-row	fork.detach	internal/effect.ts	5286	5311	table	census	same		internal/effect.ts	5541	5566
brief	live	generated/effect-runtime-census.tsv	55	census-row	fork.in	internal/effect.ts	5336	5379	table	census	same		internal/effect.ts	5593	5636
brief	live	generated/effect-runtime-census.tsv	56	census-row	fork.scoped	internal/effect.ts	5381	5406	table	census	same		internal/effect.ts	5638	5663
brief	live	generated/effect-runtime-census.tsv	57	census-row	fork.race-all	internal/effect.ts	1476	1532	table	census	changed	code	internal/effect.ts	1603	1654
brief	live	generated/effect-runtime-census.tsv	58	census-row	fork.await-all-children	internal/effect.ts	5313	5334	table	census	changed	code	internal/effect.ts	5569	5591
brief	live	generated/effect-runtime-census.tsv	59	census-row	fork.fiber-run-in	internal/effect.ts	5440	5461	table	census	same		internal/effect.ts	5697	5718
brief	live	generated/effect-runtime-census.tsv	60	census-row	fork.join	internal/effect.ts	813	821	table	census	same		internal/effect.ts	838	846
brief	live	generated/effect-runtime-census.tsv	61	census-row	fork.await	internal/effect.ts	766	776	table	census	same		internal/effect.ts	791	801
brief	live	generated/effect-runtime-census.tsv	62	census-row	fork.interrupt	internal/effect.ts	856	885	table	census	same		internal/effect.ts	888	917
brief	live	generated/effect-runtime-census.tsv	63	census-row	fork.interrupt-all	internal/effect.ts	887	899	table	census	same		internal/effect.ts	919	931
brief	live	generated/effect-runtime-census.tsv	64	census-row	scope.states	Scope.ts	99	187	table	census	same		Scope.ts	99	186
brief	live	generated/effect-runtime-census.tsv	65	census-row	scope.make	internal/effect.ts	3914	3922	table	census	changed	code	internal/effect.ts	4070	4084
brief	live	generated/effect-runtime-census.tsv	66	census-row	scope.add-finalizer	internal/effect.ts	3866	3888	table	census	changed	code	internal/effect.ts	4032	4050
brief	live	generated/effect-runtime-census.tsv	67	census-row	scope.add-after-closed	internal/effect.ts	3846	3858	table	census	same		internal/effect.ts	4011	4023
brief	live	generated/effect-runtime-census.tsv	68	census-row	scope.remove-finalizer	internal/effect.ts	3890	3904	table	census	changed	code	internal/effect.ts	4053	4067
brief	live	generated/effect-runtime-census.tsv	69	census-row	scope.close-state-first	internal/effect.ts	3778	3798	table	census	changed	code	internal/effect.ts	3938	3954
brief	live	generated/effect-runtime-census.tsv	70	census-row	scope.close-lifo	internal/effect.ts	3813	3822	table	census	changed	code	internal/effect.ts	3980	3989
brief	live	generated/effect-runtime-census.tsv	71	census-row	scope.close-sequential	internal/effect.ts	3817	3818	table	census	changed	code	internal/effect.ts	3984	3985
brief	live	generated/effect-runtime-census.tsv	72	census-row	scope.close-parallel	internal/effect.ts	3819	3821	table	census	changed	code	internal/effect.ts	3986	3988
brief	live	generated/effect-runtime-census.tsv	73	census-row	scope.close-merge	internal/effect.ts	3823	3826	table	census	same		internal/effect.ts	3990	3993
brief	live	generated/effect-runtime-census.tsv	74	census-row	scope.exit-as-void-all	internal/effect.ts	2024	2038	table	census	same		internal/effect.ts	2126	2140
brief	live	generated/effect-runtime-census.tsv	75	census-row	scope.fork-linkage	internal/effect.ts	3833	3844	table	census	changed	code	internal/effect.ts	4001	4009
brief	live	generated/effect-runtime-census.tsv	76	census-row	scope.scoped	internal/effect.ts	3937	3947	table	census	changed	code	internal/effect.ts	4100	4110
brief	live	generated/effect-runtime-census.tsv	77	census-row	scope.acquire-release	internal/effect.ts	3970	3987	table	census	same		internal/effect.ts	4133	4150
brief	live	generated/effect-runtime-census.tsv	78	census-row	scheduler.should-yield	Scheduler.ts	174	176	table	census	changed	code	Scheduler.ts	184	186
brief	live	generated/effect-runtime-census.tsv	79	census-row	scheduler.priority-buckets	Scheduler.ts	105	131	table	census	same		Scheduler.ts	115	141
brief	live	generated/effect-runtime-census.tsv	80	census-row	scheduler.dispatcher-arming	Scheduler.ts	207	212	table	census	same		Scheduler.ts	217	222
brief	live	generated/effect-runtime-census.tsv	81	census-row	scheduler.run-tasks-drain-once	Scheduler.ts	225	233	table	census	same		Scheduler.ts	235	243
brief	live	generated/effect-runtime-census.tsv	82	census-row	scheduler.flush	Scheduler.ts	238	246	table	census	same		Scheduler.ts	248	256
brief	live	generated/effect-runtime-census.tsv	83	census-row	scheduler.yield-now-resume-guard	internal/effect.ts	984	993	table	census	same		internal/effect.ts	1016	1025
brief	live	generated/effect-runtime-census.tsv	84	census-row	scheduler.max-ops-default	Scheduler.ts	269	272	table	census	same		Scheduler.ts	279	282
brief	live	generated/effect-runtime-census.tsv	85	census-row	scheduler.prevent-yield-default	Scheduler.ts	295	298	table	census	same		Scheduler.ts	305	308
brief	live	generated/effect-runtime-census.tsv	86	census-row	scheduler.host-loop	Scheduler.ts	83	103	table	census	changed	code	Scheduler.ts	83	91
brief	live	generated/effect-runtime-census.tsv	87	census-row	exit.success-failure	Exit.ts	118	157	table	census	same		Exit.ts	118	157
brief	live	generated/effect-runtime-census.tsv	88	census-row	exit.reason-alphabet	Cause.ts	144	144	table	census	same		Cause.ts	144	144
brief	live	generated/effect-runtime-census.tsv	89	census-row	cause.flat-reasons	internal/core.ts	137	176	table	census	changed	code	internal/core.ts	138	176
brief	live	generated/effect-runtime-census.tsv	90	census-row	cause.reason-fail	internal/core.ts	244	286	table	census	changed	code	internal/core.ts	245	328
brief	live	generated/effect-runtime-census.tsv	91	census-row	cause.reason-die	internal/core.ts	288	322	table	census	changed	code	internal/core.ts	331	364
brief	live	generated/effect-runtime-census.tsv	92	census-row	cause.reason-interrupt	internal/effect.ts	106	145	table	census	changed	code	internal/effect.ts	107	145
brief	live	generated/effect-runtime-census.tsv	93	census-row	cause.combine-union	internal/effect.ts	241	258	table	census	removed	code	internal/effect.ts		
brief	live	generated/effect-runtime-census.tsv	94	census-row	cause.finalizer-merge	internal/effect.ts	3800	3804	table	census	same		internal/effect.ts	3967	3971
brief	live	generated/effect-runtime-census.tsv	95	census-row	cause.squash	internal/effect.ts	298	309	table	census	changed	code	internal/effect.ts	261	270
brief	live	generated/effect-runtime-census.tsv	96	census-row	cause.union-first-occurrence	Array.ts	7009	7016	table	census	same		Array.ts	7060	7067
brief	live	generated/effect-runtime-census.tsv	97	census-row	cause.dedupe-first-occurrence	Array.ts	9242	9255	table	census	changed	code	Array.ts	9293	9302
brief	live	generated/effect-runtime-census.tsv	98	census-row	cause.annotations	internal/core.ts	178	239	table	census	same		internal/core.ts	178	239
brief	live	generated/effect-runtime-census.tsv	99	census-row	entry.run-fork-with	internal/effect.ts	5412	5438	table	census	same		internal/effect.ts	5669	5695
brief	live	generated/effect-runtime-census.tsv	100	census-row	entry.abort-signal	internal/effect.ts	5425	5433	table	census	same		internal/effect.ts	5682	5690
brief	live	generated/effect-runtime-census.tsv	101	census-row	entry.run-callback-with	internal/effect.ts	5469	5488	table	census	same		internal/effect.ts	5726	5745
brief	live	generated/effect-runtime-census.tsv	102	census-row	entry.run-promise-exit-with	internal/effect.ts	5493	5505	table	census	same		internal/effect.ts	5750	5762
brief	live	generated/effect-runtime-census.tsv	103	census-row	entry.run-promise-with	internal/effect.ts	5510	5525	table	census	same		internal/effect.ts	5767	5782
brief	live	generated/effect-runtime-census.tsv	104	census-row	entry.run-sync-exit-with	internal/effect.ts	5535	5545	table	census	same		internal/effect.ts	5792	5802
brief	live	generated/effect-runtime-census.tsv	105	census-row	entry.async-fiber-error	internal/effect.ts	6184	6196	table	census	same		internal/effect.ts	6443	6455
brief	live	generated/effect-runtime-census.tsv	106	census-row	entry.with-error-reporting	internal/effect.ts	6670	6696	table	census	changed	erased	internal/effect.ts	6940	6965
brief	live	generated/effect-runtime-census.tsv	107	census-row	rule.frames-are-primitives	internal/effect.ts	688	697	table	census	changed	code	internal/effect.ts	683	695
brief	live	generated/effect-runtime-census.tsv	108	census-row	rule.interrupt-bypasses-handlers	internal/core.ts	539	542	table	census	changed	code	internal/core.ts	590	599
brief	live	generated/effect-runtime-census.tsv	109	census-row	rule.yield-is-overloaded	internal/effect.ts	656	668	table	census	same		internal/effect.ts	651	663
brief	live	generated/effect-runtime-census.tsv	110	census-row	rule.only-fork-child-tracks	internal/effect.ts	5279	5282	table	census	changed	code	internal/effect.ts	5534	5537
brief	live	generated/effect-runtime-census.tsv	111	census-row	rule.children-interrupted-after-exit	internal/effect.ts	611	617	table	census	same		internal/effect.ts	597	603
brief	live	generated/effect-runtime-census.tsv	112	census-row	rule.scope-close-lifo-state-first	internal/effect.ts	3780	3787	table	census	changed	code	internal/effect.ts	3939	3943
brief	live	generated/effect-runtime-census.tsv	113	census-row	rule.cause-has-no-structure	internal/effect.ts	247	257	table	census	removed	code	internal/effect.ts		
brief	live	generated/effect-runtime-census.tsv	114	census-row	rule.start-is-asymmetric	internal/effect.ts	5274	5278	table	census	changed	code	internal/effect.ts	5527	5533
brief	live	generated/effect-runtime-census.tsv	115	census-row	rule.record-and-apply-separate	internal/effect.ts	585	594	table	census	same		internal/effect.ts	566	575
brief	live	generated/effect-runtime-census.tsv	116	census-row	rule.budget-per-runloop-entry	internal/effect.ts	634	652	table	census	changed	code	internal/effect.ts	627	647
brief	live	generated/effect-runtime-census.tsv	117	census-row	ref.make	Ref.ts	142	173	table	census	same		Ref.ts	142	173
brief	live	generated/effect-runtime-census.tsv	118	census-row	ref.get	Ref.ts	200	200	table	census	same		Ref.ts	200	200
brief	live	generated/effect-runtime-census.tsv	119	census-row	ref.set-void-returns-cell	Ref.ts	306	307	table	census	same		Ref.ts	306	307
brief	live	generated/effect-runtime-census.tsv	120	census-row	ref.cell-set-returns-self	MutableRef.ts	1063	1070	table	census	same		MutableRef.ts	1063	1070
brief	live	generated/effect-runtime-census.tsv	121	census-row	ref.get-and-set	Ref.ts	399	404	table	census	same		Ref.ts	399	404
brief	live	generated/effect-runtime-census.tsv	122	census-row	ref.set-and-get-assignment	Ref.ts	747	747	table	census	same		Ref.ts	747	747
brief	live	generated/effect-runtime-census.tsv	123	census-row	ref.update	Ref.ts	1273	1276	table	census	same		Ref.ts	1273	1276
brief	live	generated/effect-runtime-census.tsv	124	census-row	ref.modify	Ref.ts	896	901	table	census	same		Ref.ts	896	901
brief	live	generated/effect-runtime-census.tsv	125	census-row	ref.modify-some-no-reread	Ref.ts	1159	1163	table	census	same		Ref.ts	1159	1163
brief	live	generated/effect-runtime-census.tsv	126	census-row	ref.update-some-and-get-reread	Ref.ts	1639	1646	table	census	same		Ref.ts	1639	1646
brief	live	generated/effect-runtime-census.tsv	127	census-row	deferred.make	Deferred.ts	140	145	table	census	changed	code	Deferred.ts	120	146
brief	live	generated/effect-runtime-census.tsv	128	census-row	deferred.is-done	Deferred.ts	1382	1382	table	census	same		Deferred.ts	1383	1383
brief	live	generated/effect-runtime-census.tsv	129	census-row	deferred.await	Deferred.ts	173	186	table	census	same		Deferred.ts	174	187
brief	live	generated/effect-runtime-census.tsv	130	census-row	deferred.single-completion	Deferred.ts	1648	1650	table	census	same		Deferred.ts	1649	1651
brief	live	generated/effect-runtime-census.tsv	131	census-row	deferred.completion-order	Deferred.ts	1651	1662	table	census	same		Deferred.ts	1652	1663
brief	live	generated/effect-runtime-census.tsv	132	census-row	deferred.complete-with-stores-effect	Deferred.ts	456	461	table	census	same		Deferred.ts	457	462
brief	live	generated/effect-runtime-census.tsv	133	census-row	deferred.done-is-complete-with	Deferred.ts	570	571	table	census	same		Deferred.ts	571	572
brief	live	generated/effect-runtime-census.tsv	134	census-row	deferred.complete-runs-once	Deferred.ts	330	335	table	census	same		Deferred.ts	331	336
brief	live	generated/effect-runtime-census.tsv	135	census-row	deferred.into-uninterruptible	Deferred.ts	1774	1784	table	census	same		Deferred.ts	1775	1785
brief	live	generated/effect-runtime-census.tsv	136	census-row	deferred.interrupt	Deferred.ts	1231	1232	table	census	same		Deferred.ts	1232	1233
brief	live	generated/effect-runtime-census.tsv	137	census-row	deferred.interrupt-with	Deferred.ts	1332	1337	table	census	same		Deferred.ts	1333	1338
brief	live	generated/effect-runtime-census.tsv	138	census-row	deferred.poll	Deferred.ts	1414	1416	table	census	same		Deferred.ts	1415	1417
brief	live	generated/effect-runtime-census.tsv	139	census-row	layer.from-build-unsafe	Layer.ts	289	298	table	census	same		Layer.ts	304	313
brief	live	generated/effect-runtime-census.tsv	140	census-row	layer.from-build-child-scope	Layer.ts	333	345	table	census	same		Layer.ts	348	360
brief	live	generated/effect-runtime-census.tsv	141	census-row	layer.build-with-memo-map-service	Layer.ts	756	765	table	census	same		Layer.ts	754	763
brief	live	generated/effect-runtime-census.tsv	142	census-row	layer.memo-build-once	Layer.ts	390	419	table	census	removed	code	Layer.ts		
brief	live	generated/effect-runtime-census.tsv	143	census-row	layer.memo-finalizer-last-observer	Layer.ts	401	410	table	census	removed	code	Layer.ts		
brief	live	generated/effect-runtime-census.tsv	144	census-row	layer.memo-reuse-observer-count	Layer.ts	241	250	table	census	changed	code	Layer.ts	243	265
brief	live	generated/effect-runtime-census.tsv	145	census-row	layer.memo-map-parent-lookup	Layer.ts	434	443	table	census	changed	code	Layer.ts	418	428
brief	live	generated/effect-runtime-census.tsv	146	census-row	layer.memo-get-or-else	Layer.ts	445	457	table	census	changed	code	Layer.ts	430	455
brief	live	generated/effect-runtime-census.tsv	147	census-row	layer.current-memo-map-fork-or-create	Layer.ts	585	588	table	census	same		Layer.ts	583	586
brief	live	generated/effect-runtime-census.tsv	148	census-row	layer.build-uses-ambient-scope	Layer.ts	800	809	table	census	same		Layer.ts	798	807
brief	live	generated/effect-runtime-census.tsv	149	census-row	layer.build-with-scope-still-forks-memo	Layer.ts	970	980	table	census	same		Layer.ts	968	978
brief	live	generated/effect-runtime-census.tsv	150	census-row	layer.merge-parallel-scopes	Layer.ts	1587	1602	table	census	same		Layer.ts	1584	1599
brief	live	generated/effect-runtime-census.tsv	151	census-row	layer.provide-dependency-first	Layer.ts	1907	1926	table	census	same		Layer.ts	1904	1923
brief	live	generated/effect-runtime-census.tsv	152	census-row	layer.fresh-drops-memoization	Layer.ts	3850	3851	table	census	same		Layer.ts	3889	3890
brief	live	generated/effect-runtime-census.tsv	153	census-row	layer.launch-holds-scope	Layer.ts	3897	3898	table	census	same		Layer.ts	3936	3937
brief	live	generated/effect-runtime-census.tsv	154	census-row	layer.provide-effect-scope	internal/layer.ts	8	22	table	census	same		internal/layer.ts	8	22
brief	live	generated/effect-runtime-census.tsv	5	full	vendor/effect-4.0.0-rc.112/src/internal/effect.ts	internal/effect.ts	0	0	full	n/a	file-only		internal/effect.ts		
brief	live	generated/effect-runtime-census.tsv	6	full	vendor/effect-4.0.0-rc.112/src/internal/core.ts	internal/core.ts	0	0	full	n/a	file-only		internal/core.ts		
brief	live	generated/effect-runtime-census.tsv	7	full	vendor/effect-4.0.0-rc.112/src/Scheduler.ts	Scheduler.ts	0	0	full	n/a	file-only		Scheduler.ts		
brief	live	generated/effect-runtime-census.tsv	8	full	vendor/effect-4.0.0-rc.112/src/Scope.ts	Scope.ts	0	0	full	n/a	file-only		Scope.ts		
brief	live	generated/effect-runtime-census.tsv	9	full	vendor/effect-4.0.0-rc.112/src/Exit.ts	Exit.ts	0	0	full	n/a	file-only		Exit.ts		
brief	live	generated/effect-runtime-census.tsv	10	full	vendor/effect-4.0.0-rc.112/src/Cause.ts	Cause.ts	0	0	full	n/a	file-only		Cause.ts		
brief	live	generated/effect-runtime-census.tsv	11	full	vendor/effect-4.0.0-rc.112/src/Array.ts	Array.ts	0	0	full	n/a	file-only		Array.ts		
brief	live	generated/effect-runtime-census.tsv	12	full	vendor/effect-4.0.0-rc.112/src/Ref.ts	Ref.ts	0	0	full	n/a	file-only		Ref.ts		
brief	live	generated/effect-runtime-census.tsv	13	full	vendor/effect-4.0.0-rc.112/src/MutableRef.ts	MutableRef.ts	0	0	full	n/a	file-only		MutableRef.ts		
brief	live	generated/effect-runtime-census.tsv	14	full	vendor/effect-4.0.0-rc.112/src/Deferred.ts	Deferred.ts	0	0	full	n/a	file-only		Deferred.ts		
brief	live	generated/effect-runtime-census.tsv	15	full	vendor/effect-4.0.0-rc.112/src/Layer.ts	Layer.ts	0	0	full	n/a	file-only		Layer.ts		
brief	live	generated/effect-runtime-census.tsv	16	full	vendor/effect-4.0.0-rc.112/src/internal/layer.ts	internal/layer.ts	0	0	full	n/a	file-only		internal/layer.ts		
extended	live	generated/row-citations.tsv	7	bare	Ref.ts	Ref.ts	306	307	exact	exact	same		Ref.ts	306	307
extended	live	generated/row-citations.tsv	20	bare	Deferred.ts	Deferred.ts	1414	1416	exact	exact	same		Deferred.ts	1415	1417
extended	live	generated/semantics.md	1425	bare	Layer.ts	Layer.ts	3327	3328	exact	exact	same		Layer.ts	3366	3367
extended	live	generated/semantics.md	1437	bare	Layer.ts	Layer.ts	3327	3328	exact	exact	same		Layer.ts	3366	3367
extended	live	generated/semantics.md	1443	cont	:32	-	32	32	plain:Test/Program/TypedProgBindRed.lean	exact;skipped:carry=Layer.ts,global=internal/effect.ts	not-a-pin-citation				
extended	live	harness/truth/LANE.md	17	bare	internal/effect.ts	internal/effect.ts	5413	5438	exact	exact	same		internal/effect.ts	5670	5695
extended	live	harness/truth/LANE.md	19	cont	:653-655	internal/effect.ts	653	655	block	named	changed	code	internal/effect.ts	648	650
extended	live	harness/truth/LANE.md	19	cont	:729-730	internal/effect.ts	729	730	block	named	changed	code	internal/effect.ts	732	732
extended	live	harness/truth/LANE.md	23	cont	:5536-5545	internal/effect.ts	5536	5545	carry	exact	same		internal/effect.ts	5793	5802
extended	live	harness/truth/LANE.md	24	cont	:5539	internal/effect.ts	5539	5539	carry	exact	same		internal/effect.ts	5796	5796
extended	live	harness/truth/LANE.md	37	bare	internal/effect.ts	internal/effect.ts	5539	5539	exact	named	same		internal/effect.ts	5796	5796
extended	live	harness/truth/Truth.lean	115	bare	internal/effect.ts	internal/effect.ts	3851	3853	exact	named	same		internal/effect.ts	4016	4018
extended	live	harness/truth/Truth.lean	138	bare	internal/layer.ts	internal/layer.ts	8	22	exact	named	same		internal/layer.ts	8	22
extended	live	harness/truth/Truth.lean	149	bare	Layer.ts	Layer.ts	1587	1602	exact	named	same		Layer.ts	1584	1599
extended	live	harness/truth/Truth.lean	150	bare	internal/effect.ts	internal/effect.ts	3967	3967	exact	unnamed	same		internal/effect.ts	4130	4130
extended	live	harness/truth/Truth.lean	151	bare	Layer.ts	Layer.ts	404	408	exact	unnamed	removed	code	Layer.ts		
extended	live	harness/truth/Truth.lean	164	bare	Layer.ts	Layer.ts	411	411	exact	unnamed	removed	code	Layer.ts		
extended	live	harness/truth/Truth.lean	172	bare	Layer.ts	Layer.ts	411	411	exact	unnamed	removed	code	Layer.ts		
extended	live	harness/truth/Truth.lean	187	bare	Layer.ts	Layer.ts	1587	1602	exact	named	same		Layer.ts	1584	1599
extended	live	harness/truth/Truth.lean	317	bare	internal/effect.ts	internal/effect.ts	2798	2810	exact	unnamed	changed	code	internal/effect.ts	2900	2912
extended	live	harness/truth/Truth.lean	485	full	vendor/effect-4.0.0-rc.112/src/internal/core.ts	internal/core.ts	602	604	full	named	same		internal/core.ts	682	684
extended	live	harness/truth/Truth.lean	565	bare	internal/effect.ts	internal/effect.ts	5279	5279	exact	unnamed	same		internal/effect.ts	5534	5534
extended	live	harness/truth/Truth.lean	569	cont	:3820	internal/effect.ts	3820	3820	block	named	changed	code	internal/effect.ts	3987	3987
extended	live	harness/truth/Truth.lean	592	cont	:5280-5281	internal/effect.ts	5280	5281	carry	exact	changed	code	internal/effect.ts	5535	5536
extended	live	harness/truth/catch-if.test.ts	2	full	vendor/effect-4.0.0-rc.112/src/internal/effect.ts	internal/effect.ts	2803	2810	full	unnamed	changed	code	internal/effect.ts	2905	2912
extended	live	harness/truth/corpus-results.tsv	22	bare	internal/effect.ts	internal/effect.ts	5539	5539	exact	exact	same		internal/effect.ts	5796	5796
extended	live	harness/truth/corpus-results.tsv	35	bare	internal/effect.ts	internal/effect.ts	5539	5539	exact	exact	same		internal/effect.ts	5796	5796
extended	live	harness/truth/corpus-results.tsv	46	bare	internal/effect.ts	internal/effect.ts	5539	5539	exact	exact	same		internal/effect.ts	5796	5796
extended	live	harness/truth/corpus-results.tsv	59	bare	internal/effect.ts	internal/effect.ts	5539	5539	exact	exact	same		internal/effect.ts	5796	5796
extended	live	harness/truth/corpus-results.tsv	70	bare	internal/effect.ts	internal/effect.ts	5539	5539	exact	exact	same		internal/effect.ts	5796	5796
extended	live	harness/truth/corpus-results.tsv	74	bare	internal/effect.ts	internal/effect.ts	5539	5539	exact	exact	same		internal/effect.ts	5796	5796
extended	live	harness/truth/corpus-results.tsv	85	bare	internal/effect.ts	internal/effect.ts	5539	5539	exact	exact	same		internal/effect.ts	5796	5796
extended	live	harness/truth/corpus-results.tsv	98	bare	internal/effect.ts	internal/effect.ts	5539	5539	exact	exact	same		internal/effect.ts	5796	5796
extended	live	harness/truth/corpus-results.tsv	102	bare	internal/effect.ts	internal/effect.ts	5539	5539	exact	exact	same		internal/effect.ts	5796	5796
extended	live	harness/truth/corpus-results.tsv	124	bare	internal/effect.ts	internal/effect.ts	5539	5539	exact	exact	same		internal/effect.ts	5796	5796
extended	live	harness/truth/corpus-results.tsv	137	bare	internal/effect.ts	internal/effect.ts	5539	5539	exact	exact	same		internal/effect.ts	5796	5796
extended	live	harness/truth/corpus-results.tsv	148	bare	internal/effect.ts	internal/effect.ts	5539	5539	exact	exact	same		internal/effect.ts	5796	5796
extended	live	harness/truth/corpus-results.tsv	152	bare	internal/effect.ts	internal/effect.ts	5539	5539	exact	exact	same		internal/effect.ts	5796	5796
extended	live	harness/truth/corpus-results.tsv	165	bare	internal/effect.ts	internal/effect.ts	5539	5539	exact	exact	same		internal/effect.ts	5796	5796
extended	live	harness/truth/corpus-results.tsv	176	bare	internal/effect.ts	internal/effect.ts	5539	5539	exact	exact	same		internal/effect.ts	5796	5796
extended	live	harness/truth/corpus-results.tsv	181	bare	internal/effect.ts	internal/effect.ts	5539	5539	exact	exact	same		internal/effect.ts	5796	5796
extended	live	harness/truth/corpus-results.tsv	187	bare	internal/effect.ts	internal/effect.ts	5539	5539	exact	exact	same		internal/effect.ts	5796	5796
extended	live	harness/truth/corpus-results.tsv	191	bare	internal/effect.ts	internal/effect.ts	5539	5539	exact	exact	same		internal/effect.ts	5796	5796
extended	live	harness/truth/corpus-results.tsv	215	bare	internal/effect.ts	internal/effect.ts	5539	5539	exact	exact	same		internal/effect.ts	5796	5796
extended	live	harness/truth/corpus-results.tsv	219	bare	internal/effect.ts	internal/effect.ts	5539	5539	exact	exact	same		internal/effect.ts	5796	5796
extended	live	harness/truth/corpus-results.tsv	220	bare	internal/effect.ts	internal/effect.ts	5539	5539	exact	exact	same		internal/effect.ts	5796	5796
extended	live	harness/truth/corpus-results.tsv	244	bare	internal/effect.ts	internal/effect.ts	5539	5539	exact	exact	same		internal/effect.ts	5796	5796
extended	live	harness/truth/corpus-results.tsv	254	bare	internal/effect.ts	internal/effect.ts	5539	5539	exact	exact	same		internal/effect.ts	5796	5796
extended	live	harness/truth/corpus-results.tsv	258	bare	internal/effect.ts	internal/effect.ts	5539	5539	exact	exact	same		internal/effect.ts	5796	5796
extended	live	harness/truth/corpus-results.tsv	271	bare	internal/effect.ts	internal/effect.ts	5539	5539	exact	exact	same		internal/effect.ts	5796	5796
extended	live	harness/truth/corpus-results.tsv	293	bare	internal/effect.ts	internal/effect.ts	5539	5539	exact	exact	same		internal/effect.ts	5796	5796
extended	live	harness/truth/corpus-results.tsv	310	bare	internal/effect.ts	internal/effect.ts	5539	5539	exact	exact	same		internal/effect.ts	5796	5796
extended	live	harness/truth/corpus-results.tsv	336	bare	internal/effect.ts	internal/effect.ts	5539	5539	exact	exact	same		internal/effect.ts	5796	5796
extended	live	harness/truth/corpus-results.tsv	349	bare	internal/effect.ts	internal/effect.ts	5539	5539	exact	exact	same		internal/effect.ts	5796	5796
extended	live	harness/truth/corpus-results.tsv	360	bare	internal/effect.ts	internal/effect.ts	5539	5539	exact	exact	same		internal/effect.ts	5796	5796
extended	live	harness/truth/corpus-results.tsv	373	bare	internal/effect.ts	internal/effect.ts	5539	5539	exact	exact	same		internal/effect.ts	5796	5796
extended	live	harness/truth/corpus-results.tsv	377	bare	internal/effect.ts	internal/effect.ts	5539	5539	exact	exact	same		internal/effect.ts	5796	5796
extended	live	harness/truth/corpus-results.tsv	384	bare	internal/effect.ts	internal/effect.ts	5539	5539	exact	exact	same		internal/effect.ts	5796	5796
extended	live	harness/truth/corpus-results.tsv	388	bare	internal/effect.ts	internal/effect.ts	5539	5539	exact	exact	same		internal/effect.ts	5796	5796
extended	live	harness/truth/prelude-atoms.gen.ts	76	bare	internal/effect.ts	internal/effect.ts	148	148	exact	unnamed	same		internal/effect.ts	148	148
extended	live	harness/truth/prelude-atoms.gen.ts	82	bare	internal/effect.ts	internal/effect.ts	157	168	exact	unnamed	same		internal/effect.ts	157	168
extended	live	harness/truth/prelude-atoms.gen.ts	89	bare	internal/effect.ts	internal/effect.ts	171	171	exact	unnamed	same		internal/effect.ts	171	171
extended	live	harness/truth/prelude-atoms.gen.ts	95	bare	internal/effect.ts	internal/effect.ts	186	186	exact	unnamed	same		internal/effect.ts	186	186
extended	live	harness/truth/prelude-atoms.gen.ts	125	full	vendor/effect-4.0.0-rc.112/src/Option.ts	Option.ts	0	0	full	n/a	file-only		Option.ts		
extended	live	harness/truth/prelude-atoms.gen.ts	132	full	vendor/effect-4.0.0-rc.112/src/Option.ts	Option.ts	0	0	full	n/a	file-only		Option.ts		
extended	live	harness/truth/prelude-atoms.gen.ts	144	full	vendor/effect-4.0.0-rc.112/src/Option.ts	Option.ts	0	0	full	n/a	file-only		Option.ts		
extended	live	harness/truth/prelude-atoms.gen.ts	149	full	vendor/effect-4.0.0-rc.112/src/Option.ts	Option.ts	0	0	full	n/a	file-only		Option.ts		
extended	live	harness/truth/prelude-atoms.gen.ts	171	full	vendor/effect-4.0.0-rc.112/src/Array.ts	Array.ts	1698	1698	full	unnamed	same		Array.ts	1710	1710
extended	live	harness/truth/prelude.ts	219	full	vendor/effect-4.0.0-rc.112/src/Effect.ts	Effect.ts	12930	12930	full	named	same		Effect.ts	13055	13055
extended	live	harness/truth/prelude.ts	251	full	vendor/effect-4.0.0-rc.112/src/unstable/sql/SqlError.ts	unstable/sql/SqlError.ts	409	411	full	named	same		sql/SqlError.ts	449	451
extended	live	harness/truth/prelude.ts	267	full	vendor/effect-4.0.0-rc.112/src/unstable/persistence/KeyValueStore.ts	unstable/persistence/KeyValueStore.ts	182	195	full	named	same		persistence/KeyValueStore.ts	187	201
extended	live	harness/truth/prelude.ts	324	full	vendor/effect-4.0.0-rc.112/src/internal/core.ts	internal/core.ts	602	604	full	named	same		internal/core.ts	682	684
extended	live	harness/truth/result.json	19	bare	internal/effect.ts	internal/effect.ts	5539	5539	exact	exact	same		internal/effect.ts	5796	5796
extended	live	harness/truth/result.json	2850	bare	internal/effect.ts	internal/effect.ts	5539	5539	exact	exact	same		internal/effect.ts	5796	5796
extended	live	harness/truth/result.json	5007	bare	internal/effect.ts	internal/effect.ts	5539	5539	exact	exact	same		internal/effect.ts	5796	5796
extended	live	harness/truth/result.json	5064	bare	internal/effect.ts	internal/effect.ts	5539	5539	exact	exact	same		internal/effect.ts	5796	5796
extended	live	harness/truth/result.json	5915	bare	internal/effect.ts	internal/effect.ts	5539	5539	exact	exact	same		internal/effect.ts	5796	5796
extended	live	harness/truth/result.md	7	bare	internal/effect.ts	internal/effect.ts	5539	5539	exact	exact	same		internal/effect.ts	5796	5796
extended	live	harness/truth/result.md	24	bare	internal/effect.ts	internal/effect.ts	5539	5539	exact	exact	same		internal/effect.ts	5796	5796
extended	live	harness/truth/result.md	31	bare	internal/effect.ts	internal/effect.ts	5539	5539	exact	exact	same		internal/effect.ts	5796	5796
extended	live	harness/truth/result.md	32	bare	internal/effect.ts	internal/effect.ts	5539	5539	exact	exact	same		internal/effect.ts	5796	5796
extended	live	harness/truth/result.md	43	bare	internal/effect.ts	internal/effect.ts	5539	5539	exact	exact	same		internal/effect.ts	5796	5796
extended	live	harness/truth/run-truth.ts	29	bare	internal/effect.ts	internal/effect.ts	653	655	exact	named	changed	code	internal/effect.ts	648	650
extended	live	harness/truth/run-truth.ts	29	cont	:729-730	internal/effect.ts	729	730	block	named;also:plain=harness/truth/corpus.json	changed	code	internal/effect.ts	732	732
extended	live	harness/truth/run-truth.ts	30	cont	:5273	internal/effect.ts	5273	5273	block	named;also:plain=harness/truth/result.json	same		internal/effect.ts	5526	5526
extended	live	harness/truth/run-truth.ts	31	cont	:619-623	internal/effect.ts	619	623	block	named;also:plain=harness/truth/run-truth.ts,plain=harness/truth/corpus.json,plain=harness/truth/Truth.lean,plain=harness/truth/result.json	changed	code	internal/effect.ts	605	617
extended	live	harness/truth/run-truth.ts	31	cont	:560-573	internal/effect.ts	560	573	block	exact;also:plain=harness/truth/run-truth.ts,plain=harness/truth/corpus.json,plain=harness/truth/Truth.lean,plain=harness/truth/result.json	changed	code	internal/effect.ts	536	554
extended	live	harness/truth/run-truth.ts	33	bare	core.ts	internal/core.ts	61	61	suffix	named	same		internal/core.ts	61	61
extended	live	harness/truth/run-truth.ts	33	cont	:1128	internal/effect.ts	1128	1128	dominant	exact;also:plain=harness/truth/corpus.json,plain=harness/truth/result.json	same		internal/effect.ts	1161	1161
extended	live	harness/truth/run-truth.ts	33	cont	:990	internal/effect.ts	990	990	dominant	exact;also:plain=harness/truth/run-truth.ts	same		internal/effect.ts	1022	1022
extended	live	harness/truth/run-truth.ts	34	cont	:656-661	internal/effect.ts	656	661	dominant	named;also:plain=harness/truth/run-truth.ts,plain=harness/truth/corpus.json,plain=harness/truth/result.json;skipped:block=internal/core.ts	same		internal/effect.ts	651	656
extended	live	harness/truth/run-truth.ts	35	cont	:5279-5281	internal/effect.ts	5279	5281	dominant	exact	changed	code	internal/effect.ts	5534	5536
extended	live	harness/truth/run-truth.ts	37	cont	:772-774	internal/effect.ts	772	774	dominant	named;also:plain=harness/truth/run-truth.ts,plain=harness/truth/corpus.json,plain=harness/truth/Truth.lean	same		internal/effect.ts	797	799
extended	live	harness/truth/run-truth.ts	39	bare	Scheduler.ts	Scheduler.ts	207	212	exact	named	same		Scheduler.ts	217	222
extended	live	harness/truth/run-truth.ts	41	cont	:553-555	internal/effect.ts	553	555	dominant	exact;also:plain=harness/truth/corpus.json,plain=harness/truth/Truth.lean,plain=harness/truth/result.json	changed	code	internal/effect.ts	529	531
extended	live	harness/truth/run-truth.ts	43	cont	:5536-5545	internal/effect.ts	5536	5545	dominant	exact;also:plain=harness/truth/result.json	same		internal/effect.ts	5793	5802
extended	live	harness/truth/run-truth.ts	44	cont	:5494-5505	internal/effect.ts	5494	5505	dominant	exact	same		internal/effect.ts	5751	5762
extended	live	harness/truth/run-truth.ts	51	cont	:574	internal/effect.ts	574	574	dominant	exact;also:plain=harness/truth/run-truth.ts,plain=harness/truth/corpus.json,plain=harness/truth/Truth.lean,plain=harness/truth/result.json	same		internal/effect.ts	555	555
extended	live	harness/truth/run-truth.ts	59	cont	:5413-5438	internal/effect.ts	5413	5438	dominant	exact;also:plain=harness/truth/result.json	same		internal/effect.ts	5670	5695
extended	live	harness/truth/run-truth.ts	60	cont	:653-655	internal/effect.ts	653	655	dominant	named;also:plain=harness/truth/run-truth.ts,plain=harness/truth/corpus.json	changed	code	internal/effect.ts	648	650
extended	live	harness/truth/run-truth.ts	63	cont	:5539	internal/effect.ts	5539	5539	dominant	named;also:plain=harness/truth/result.json	same		internal/effect.ts	5796	5796
extended	live	harness/truth/run-truth.ts	102	bare	internal/core.ts	internal/core.ts	31	61	exact	unnamed	same		internal/core.ts	31	61
extended	live	harness/truth/run-truth.ts	102	bare	internal/effect.ts	internal/effect.ts	492	492	exact	unnamed	same		internal/effect.ts	456	456
extended	live	harness/truth/run-truth.ts	102	bare	Ref.ts	Ref.ts	21	21	exact	unnamed	same		Ref.ts	21	21
extended	live	harness/truth/run-truth.ts	103	bare	Deferred.ts	Deferred.ts	22	22	exact	unnamed	same		Deferred.ts	22	22
extended	live	harness/truth/run-truth.ts	103	bare	Exit.ts	Exit.ts	20	20	exact	unnamed	same		Exit.ts	20	20
extended	live	harness/truth/run-truth.ts	281	cont	:5279-5281	internal/effect.ts	5279	5281	dominant	unconfirmed	changed	code	internal/effect.ts	5534	5536
extended	live	harness/truth/run-truth.ts	292	bare	internal/effect.ts	internal/effect.ts	653	655	exact	unnamed	changed	code	internal/effect.ts	648	650
extended	live	harness/truth/run-truth.ts	296	bare	internal/effect.ts	internal/effect.ts	5279	5279	exact	unnamed	same		internal/effect.ts	5534	5534
extended	live	harness/truth/run-truth.ts	297	cont	:5280-5281	internal/effect.ts	5280	5281	block	unconfirmed	changed	code	internal/effect.ts	5535	5536
extended	live	harness/truth/run-truth.ts	574	bare	internal/effect.ts	internal/effect.ts	5536	5545	exact	exact	same		internal/effect.ts	5793	5802
extended	live	harness/truth/run-truth.ts	597	bare	internal/effect.ts	internal/effect.ts	5494	5505	exact	exact	same		internal/effect.ts	5751	5762
extended	live	harness/truth/run-truth.ts	598	cont	:574	internal/effect.ts	574	574	block	unconfirmed	same		internal/effect.ts	555	555
extended	live	harness/truth/run-truth.ts	603	bare	internal/effect.ts	internal/effect.ts	574	595	exact	unnamed	changed	code	internal/effect.ts	555	576
extended	live	harness/truth/run-truth.ts	886	bare	internal/effect.ts	internal/effect.ts	5539	5539	exact	exact	same		internal/effect.ts	5796	5796
extended	live	harness/truth/session/clock.ts	54	bare	Clock.ts	Clock.ts	51	153	exact	unnamed	same		Clock.ts	51	153
extended	live	ocaml/eff/test/test_val_frames.ml	121	cont	:1136	-	1136	1136	carry:Val.lean	outside	not-a-pin-citation				
extended	live	ocaml/eff/test/test_val_frames.ml	121	cont	:1147	-	1147	1147	carry:Val.lean	outside	not-a-pin-citation				
extended	live	ocaml/eff/test/test_val_frames.ml	121	cont	:1131	-	1131	1131	carry:Val.lean	outside	not-a-pin-citation				
extended	live	ocaml/engine/cas/e4_control.mli	7	cont	:243-278	-	243	278	read:-	read	not-a-pin-citation				
extended	live	ocaml/engine/cas/e4_control.mli	64	cont	:273-278	-	273	278	read:-	read	not-a-pin-citation				
extended	live	ocaml/engine/cas/e4_control.mli	101	cont	:527	-	527	527	read:-	read	not-a-pin-citation				
extended	live	ocaml/engine/e4_buckets.mli	4	bare	Scheduler.ts	Scheduler.ts	105	131	exact	unnamed	same		Scheduler.ts	115	141
extended	live	ocaml/engine/e4_buckets.mli	46	bare	Scheduler.ts	Scheduler.ts	225	233	exact	unnamed	same		Scheduler.ts	235	243
extended	live	ocaml/engine/e4_buckets.mli	67	bare	Scheduler.ts	Scheduler.ts	207	212	exact	unnamed	same		Scheduler.ts	217	222
extended	live	ocaml/engine/e4_time.mli	53	bare	Duration.ts	Duration.ts	788	794	exact	unnamed	same		Duration.ts	788	794
extended	live	ocaml/engine/e4_timers.mli	136	bare	TestClock.ts	testing/TestClock.ts	361	367	suffix	unnamed	same		testing/TestClock.ts	361	367
extended	live	ocaml/engine/e4_wake.mli	108	bare	Deferred.ts	Deferred.ts	173	177	exact	exact	same		Deferred.ts	174	178
extended	live	ocaml/engine/e4_wake.mli	113	bare	Deferred.ts	Deferred.ts	178	185	exact	unnamed	same		Deferred.ts	179	186
extended	live	ocaml/engine/e4_wake.mli	119	bare	Deferred.ts	Deferred.ts	1648	1662	exact	exact	same		Deferred.ts	1649	1663
extended	live	ocaml/engine/e4_wake.mli	129	bare	Deferred.ts	Deferred.ts	1414	1416	exact	exact	same		Deferred.ts	1415	1417
extended	live	ocaml/engine/e4_wake.mli	132	bare	Deferred.ts	Deferred.ts	1366	1366	exact	exact	same		Deferred.ts	1367	1367
extended	live	ocaml/engine/e4_wake.mli	134	bare	Deferred.ts	Deferred.ts	1382	1382	exact	exact	same		Deferred.ts	1383	1383
extended	live	ocaml/engine/test/test_timers.ml	169	bare	TestClock.ts	testing/TestClock.ts	201	204	suffix	unnamed	same		testing/TestClock.ts	201	204
extended	live	scripts/check-language.py	65	cont	:14	-	14	14	block:src/Effect4/Program/Eff.lean	unconfirmed	not-a-pin-citation				
extended	live	scripts/check-language.py	66	full	vendor/effect-4.0.0-rc.112/src/Effect.ts	Effect.ts	10	10	full	unnamed	same-comment		Effect.ts	10	10
extended	live	scripts/check-language.py	110	cont	:6	-	6	6	read:-	read	not-a-pin-citation				
extended	live	scripts/check-language.py	112	cont	:6	-	6	6	read:-	read	not-a-pin-citation				
brief	live	src/Effect4/Api.lean	199	bare	Layer.ts	Layer.ts	411	411	exact	unnamed	removed	code	Layer.ts		
brief	live	src/Effect4/Api/Frontier.lean	59	bare	Scheduler.ts	Scheduler.ts	207	212	exact	exact	same		Scheduler.ts	217	222
brief	live	src/Effect4/Api/Frontier.lean	59	cont	:217-220	Scheduler.ts	217	220	block	exact	same		Scheduler.ts	227	230
brief	live	src/Effect4/Api/Supervision.lean	21	cont	:961-990	-	961	990	block:src/Effect4/Machine/Fibers.lean	unconfirmed	not-a-pin-citation				
brief	live	src/Effect4/Api/Supervision.lean	49	bare	internal/effect.ts	internal/effect.ts	5366	5366	exact	unnamed	same		internal/effect.ts	5623	5623
brief	live	src/Effect4/Api/Supervision.lean	49	cont	:5406	internal/effect.ts	5406	5406	block	named	same		internal/effect.ts	5663	5663
brief	live	src/Effect4/Api/Supervision.lean	50	cont	:1213	-	1213	1213	block:src/Effect4/Machine/Fibers.lean	unconfirmed	not-a-pin-citation				
brief	live	src/Effect4/Api/Supervision.lean	51	cont	:1521	-	1521	1521	block:src/Effect4/Machine/Fibers.lean	unconfirmed	not-a-pin-citation				
brief	live	src/Effect4/Api/Supervision.lean	94	bare	internal/effect.ts	internal/effect.ts	1521	1521	exact	unnamed	same		internal/effect.ts	1645	1645
brief	live	src/Effect4/Api/Supervision.lean	179	cont	:1724	-	1724	1724	block:src/Effect4/Machine/Fibers.lean	named	not-a-pin-citation				
brief	live	src/Effect4/Api/Supervision.lean	182	cont	:988-990	-	988	990	carry:src/Effect4/Machine/Fibers.lean	unconfirmed	not-a-pin-citation				
brief	live	src/Effect4/Api/Supervision.lean	200	cont	:1616-1617	-	1616	1617	block:src/Effect4/Machine/Fibers.lean	unconfirmed	not-a-pin-citation				
brief	live	src/Effect4/Api/TestClock.lean	33	bare	testing/TestClock.ts	testing/TestClock.ts	507	507	exact	exact	same		testing/TestClock.ts	507	507
brief	live	src/Effect4/Codegen/Authoring/Forms.lean	15	bare	internal/effect.ts	internal/effect.ts	1024	1026	exact	exact	same		internal/effect.ts	1056	1058
brief	live	src/Effect4/Codegen/Authoring/Forms.lean	19	bare	internal/effect.ts	internal/effect.ts	1018	1018	exact	exact	same		internal/effect.ts	1050	1050
brief	live	src/Effect4/Codegen/Authoring/Forms.lean	23	bare	internal/effect.ts	internal/effect.ts	2059	2059	exact	unnamed	same		internal/effect.ts	2161	2161
brief	live	src/Effect4/Codegen/Authoring/Forms.lean	27	bare	internal/effect.ts	internal/effect.ts	1417	1439	exact	exact	changed	code	internal/effect.ts	1545	1566
brief	live	src/Effect4/Codegen/Authoring/Forms.lean	31	bare	internal/effect.ts	internal/effect.ts	1417	1439	exact	exact	changed	code	internal/effect.ts	1545	1566
brief	live	src/Effect4/Codegen/Authoring/Forms.lean	35	bare	internal/effect.ts	internal/effect.ts	1417	1439	exact	exact	changed	code	internal/effect.ts	1545	1566
brief	live	src/Effect4/Codegen/Authoring/Forms.lean	39	bare	internal/effect.ts	internal/effect.ts	1386	1414	exact	exact	changed	code	internal/effect.ts	1447	1542
brief	live	src/Effect4/Codegen/Authoring/Forms.lean	43	bare	internal/effect.ts	internal/effect.ts	1467	1467	exact	exact	same		internal/effect.ts	1593	1593
brief	live	src/Effect4/Codegen/Authoring/Forms.lean	47	bare	internal/effect.ts	internal/effect.ts	1442	1464	exact	exact	changed	code	internal/effect.ts	1569	1590
brief	live	src/Effect4/Codegen/Authoring/Forms.lean	51	bare	internal/effect.ts	internal/effect.ts	1442	1464	exact	exact	changed	code	internal/effect.ts	1569	1590
brief	live	src/Effect4/Codegen/Authoring/Forms.lean	55	bare	internal/effect.ts	internal/effect.ts	4043	4057	exact	exact	same		internal/effect.ts	4238	4252
brief	live	src/Effect4/Codegen/Authoring/Forms.lean	59	bare	internal/effect.ts	internal/effect.ts	3468	3495	exact	exact	changed	code	internal/effect.ts	3624	3645
brief	live	src/Effect4/Codegen/Authoring/Forms.lean	63	bare	internal/effect.ts	internal/effect.ts	3427	3460	exact	exact	changed	code	internal/effect.ts	3533	3565
brief	live	src/Effect4/Codegen/Authoring/Forms.lean	67	bare	internal/effect.ts	internal/effect.ts	997	997	exact	exact	same		internal/effect.ts	1029	1029
brief	live	src/Effect4/Codegen/Authoring/Forms.lean	71	bare	internal/effect.ts	internal/effect.ts	5228	5284	exact	exact	changed	code	internal/effect.ts	5481	5539
brief	live	src/Effect4/Codegen/Authoring/Forms.lean	75	bare	internal/effect.ts	internal/effect.ts	5287	5334	exact	exact	changed	code	internal/effect.ts	5542	5591
brief	live	src/Effect4/Codegen/Authoring/Forms.lean	79	bare	internal/effect.ts	internal/effect.ts	5337	5379	exact	exact	same		internal/effect.ts	5594	5636
brief	live	src/Effect4/Codegen/Authoring/Forms.lean	83	bare	internal/effect.ts	internal/effect.ts	5382	5406	exact	exact	same		internal/effect.ts	5639	5663
brief	live	src/Effect4/Codegen/Authoring/Forms.lean	87	bare	internal/effect.ts	internal/effect.ts	3971	4000	exact	exact	same		internal/effect.ts	4134	4163
brief	live	src/Effect4/Codegen/Classes.lean	18	full	vendor/effect-4.0.0-rc.112/src/Data.ts	Data.ts	0	0	full	n/a	file-only		Data.ts		
brief	live	src/Effect4/Codegen/Forms.lean	90	bare	internal/effect.ts	internal/effect.ts	1024	1026	exact	unnamed	same		internal/effect.ts	1056	1058
brief	live	src/Effect4/Codegen/Forms.lean	91	bare	internal/effect.ts	internal/effect.ts	1018	1018	exact	unnamed	same		internal/effect.ts	1050	1050
brief	live	src/Effect4/Codegen/Forms.lean	92	bare	internal/effect.ts	internal/effect.ts	2059	2059	exact	unnamed	same		internal/effect.ts	2161	2161
brief	live	src/Effect4/Codegen/Forms.lean	94	bare	internal/effect.ts	internal/effect.ts	1417	1439	exact	unnamed	changed	code	internal/effect.ts	1545	1566
brief	live	src/Effect4/Codegen/Forms.lean	96	bare	internal/effect.ts	internal/effect.ts	1417	1439	exact	unnamed	changed	code	internal/effect.ts	1545	1566
brief	live	src/Effect4/Codegen/Forms.lean	98	bare	internal/effect.ts	internal/effect.ts	1417	1439	exact	unnamed	changed	code	internal/effect.ts	1545	1566
brief	live	src/Effect4/Codegen/Forms.lean	100	bare	internal/effect.ts	internal/effect.ts	1386	1414	exact	unnamed	changed	code	internal/effect.ts	1447	1542
brief	live	src/Effect4/Codegen/Forms.lean	102	bare	internal/effect.ts	internal/effect.ts	1467	1467	exact	unnamed	same		internal/effect.ts	1593	1593
brief	live	src/Effect4/Codegen/Forms.lean	104	bare	internal/effect.ts	internal/effect.ts	1442	1464	exact	unnamed	changed	code	internal/effect.ts	1569	1590
brief	live	src/Effect4/Codegen/Forms.lean	106	bare	internal/effect.ts	internal/effect.ts	1442	1464	exact	unnamed	changed	code	internal/effect.ts	1569	1590
brief	live	src/Effect4/Codegen/Forms.lean	108	bare	internal/effect.ts	internal/effect.ts	4043	4057	exact	unnamed	same		internal/effect.ts	4238	4252
brief	live	src/Effect4/Codegen/Forms.lean	110	bare	internal/effect.ts	internal/effect.ts	3468	3495	exact	unnamed	changed	code	internal/effect.ts	3624	3645
brief	live	src/Effect4/Codegen/Forms.lean	112	bare	internal/effect.ts	internal/effect.ts	3427	3460	exact	unnamed	changed	code	internal/effect.ts	3533	3565
brief	live	src/Effect4/Codegen/Forms.lean	113	bare	internal/effect.ts	internal/effect.ts	997	997	exact	unnamed	same		internal/effect.ts	1029	1029
brief	live	src/Effect4/Codegen/Forms.lean	115	bare	internal/effect.ts	internal/effect.ts	5228	5284	exact	unnamed	changed	code	internal/effect.ts	5481	5539
brief	live	src/Effect4/Codegen/Forms.lean	117	bare	internal/effect.ts	internal/effect.ts	5287	5334	exact	unnamed	changed	code	internal/effect.ts	5542	5591
brief	live	src/Effect4/Codegen/Forms.lean	119	bare	internal/effect.ts	internal/effect.ts	5337	5379	exact	unnamed	same		internal/effect.ts	5594	5636
brief	live	src/Effect4/Codegen/Forms.lean	121	bare	internal/effect.ts	internal/effect.ts	5382	5406	exact	unnamed	same		internal/effect.ts	5639	5663
brief	live	src/Effect4/Codegen/Forms.lean	123	bare	internal/effect.ts	internal/effect.ts	3971	4000	exact	unnamed	same		internal/effect.ts	4134	4163
brief	live	src/Effect4/Codegen/PrintLeaf.lean	83	bare	internal/effect.ts	internal/effect.ts	4450	4470	exact	named	same		internal/effect.ts	4726	4746
brief	live	src/Effect4/Codegen/PrintLeaf.lean	352	bare	Context.ts	Context.ts	201	219	exact	unnamed	same		Context.ts	201	219
brief	live	src/Effect4/Codegen/PrintLeaf.lean	352	bare	internal/effect.ts	internal/effect.ts	3772	3772	exact	exact	same		internal/effect.ts	3926	3926
brief	live	src/Effect4/Codegen/Read.lean	470	bare	internal/effect.ts	internal/effect.ts	5366	5366	exact	unnamed	same		internal/effect.ts	5623	5623
brief	live	src/Effect4/Codegen/Read.lean	470	cont	:5406	internal/effect.ts	5406	5406	block	named	same		internal/effect.ts	5663	5663
brief	live	src/Effect4/Codegen/Templates.lean	119	bare	internal/effect.ts	internal/effect.ts	4450	4470	exact	named	same		internal/effect.ts	4726	4746
brief	live	src/Effect4/Codegen/Templates.lean	194	bare	internal/effect.ts	internal/effect.ts	5366	5366	exact	unnamed	same		internal/effect.ts	5623	5623
brief	live	src/Effect4/Codegen/Templates.lean	195	cont	:5406	internal/effect.ts	5406	5406	block	named	same		internal/effect.ts	5663	5663
brief	live	src/Effect4/Data/Json.lean	103	bare	SchemaAST.ts	SchemaAST.ts	4271	4274	exact	named	same		SchemaAST.ts	5086	5089
brief	live	src/Effect4/Data/Json.lean	468	bare	SchemaAST.ts	SchemaAST.ts	4271	4274	exact	exact	same		SchemaAST.ts	5086	5089
brief	live	src/Effect4/Data/Row.lean	591	full	vendor/effect-4.0.0-rc.112/src/Layer.ts	Layer.ts	2089	2089	full	named	same		Layer.ts	2086	2086
brief	live	src/Effect4/Laws/Api/Supervision.lean	302	cont	:1696-1704	-	1696	1704	carry:src/Effect4/Machine/Fibers.lean	unconfirmed	not-a-pin-citation				
brief	live	src/Effect4/Laws/Api/Supervision.lean	330	cont	:1903-1910	-	1903	1910	carry:src/Effect4/Machine/Fibers.lean	unconfirmed	not-a-pin-citation				
brief	live	src/Effect4/Laws/Api/Supervision.lean	331	cont	:1208	-	1208	1208	carry:src/Effect4/Machine/Fibers.lean	unconfirmed	not-a-pin-citation				
brief	live	src/Effect4/Laws/Machine/Clauses.lean	43	cont	:639-642	internal/effect.ts	639	642	tag	census	same		internal/effect.ts	632	635
brief	live	src/Effect4/Laws/Machine/Clauses.lean	51	cont	:639	internal/effect.ts	639	639	tag	census	same		internal/effect.ts	632	632
brief	live	src/Effect4/Laws/Machine/Clauses.lean	65	cont	:643	internal/effect.ts	643	643	tag	census	same		internal/effect.ts	636	636
brief	live	src/Effect4/Laws/Machine/Clauses.lean	70	cont	:599-628	internal/effect.ts	599	628	tag	exact	changed	code	internal/effect.ts	580	621
brief	live	src/Effect4/Laws/Machine/Clauses.lean	70	cont	:634	internal/effect.ts	634	634	tag	census	same		internal/effect.ts	627	627
brief	live	src/Effect4/Laws/Machine/Clauses.lean	83	cont	:600	internal/effect.ts	600	600	tag	named	same		internal/effect.ts	581	581
brief	live	src/Effect4/Laws/Machine/Clauses.lean	92	cont	:601	internal/effect.ts	601	601	tag	named	same		internal/effect.ts	582	582
brief	live	src/Effect4/Laws/Machine/Clauses.lean	102	bare	Scheduler.ts	Scheduler.ts	174	176	exact	census	changed	code	Scheduler.ts	184	186
brief	live	src/Effect4/Laws/Machine/Clauses.lean	108	bare	Scheduler.ts	Scheduler.ts	78	81	exact	unnamed	same		Scheduler.ts	78	81
brief	live	src/Effect4/Laws/Machine/Clauses.lean	114	cont	:648	internal/effect.ts	648	648	tag	census	same		internal/effect.ts	643	643
brief	live	src/Effect4/Laws/Machine/Clauses.lean	121	cont	:645	internal/effect.ts	645	645	default	unconfirmed	same		internal/effect.ts	640	640
brief	live	src/Effect4/Laws/Machine/Clauses.lean	121	bare	Scheduler.ts	Scheduler.ts	295	298	exact	census	same		Scheduler.ts	305	308
brief	live	src/Effect4/Laws/Machine/Clauses.lean	128	cont	:646	internal/effect.ts	646	646	default	unconfirmed	changed	code	internal/effect.ts	641	642
brief	live	src/Effect4/Laws/Machine/Clauses.lean	134	cont	:647-652	internal/effect.ts	647	652	tag	census	changed	code	internal/effect.ts	641	647
brief	live	src/Effect4/Laws/Machine/Clauses.lean	154	cont	:638-655	internal/effect.ts	638	655	tag	census	changed	code	internal/effect.ts	631	650
brief	live	src/Effect4/Laws/Machine/Clauses.lean	161	cont	:655	internal/effect.ts	655	655	tag	census	same		internal/effect.ts	650	650
brief	live	src/Effect4/Laws/Machine/Clauses.lean	172	bare	Scheduler.ts	Scheduler.ts	105	131	exact	census	same		Scheduler.ts	115	141
brief	live	src/Effect4/Laws/Machine/Clauses.lean	181	bare	Scheduler.ts	Scheduler.ts	105	131	exact	census	same		Scheduler.ts	115	141
brief	live	src/Effect4/Laws/Machine/Clauses.lean	196	bare	Scheduler.ts	Scheduler.ts	207	212	exact	census	same		Scheduler.ts	217	222
brief	live	src/Effect4/Laws/Machine/Clauses.lean	205	bare	Scheduler.ts	Scheduler.ts	225	233	exact	census	same		Scheduler.ts	235	243
brief	live	src/Effect4/Laws/Machine/Clauses.lean	223	bare	Scheduler.ts	Scheduler.ts	214	217	exact	unnamed	same		Scheduler.ts	224	227
brief	live	src/Effect4/Laws/Machine/Clauses.lean	238	bare	Scheduler.ts	Scheduler.ts	207	212	exact	census	same		Scheduler.ts	217	222
brief	live	src/Effect4/Laws/Machine/Clauses.lean	274	bare	Scheduler.ts	Scheduler.ts	207	212	exact	named	same		Scheduler.ts	217	222
brief	live	src/Effect4/Laws/Machine/Clauses.lean	284	bare	Scheduler.ts	Scheduler.ts	238	246	exact	exact	same		Scheduler.ts	248	256
brief	live	src/Effect4/Laws/Machine/Clauses.lean	302	bare	Scheduler.ts	Scheduler.ts	269	272	exact	unnamed	same		Scheduler.ts	279	282
brief	live	src/Effect4/Laws/Machine/Clauses.lean	303	cont	:295-298	Scheduler.ts	295	298	block	named	same		Scheduler.ts	305	308
brief	live	src/Effect4/Laws/Machine/Clauses.lean	308	cont	:982-990	internal/effect.ts	982	990	tag	census	same		internal/effect.ts	1014	1022
brief	live	src/Effect4/Laws/Machine/Clauses.lean	325	cont	:656-668	internal/effect.ts	656	668	tag	census	same		internal/effect.ts	651	663
brief	live	src/Effect4/Laws/Machine/Clauses.lean	342	cont	:662-667	internal/effect.ts	662	667	tag	census	same		internal/effect.ts	657	662
brief	live	src/Effect4/Laws/Machine/Clauses.lean	359	cont	:648	internal/effect.ts	648	648	tag	census	same		internal/effect.ts	643	643
brief	live	src/Effect4/Laws/Machine/Clauses.lean	359	cont	:667	internal/effect.ts	667	667	tag	census	same		internal/effect.ts	662	662
brief	live	src/Effect4/Laws/Machine/Clauses.lean	372	cont	:931-935	internal/effect.ts	931	935	tag	census	same		internal/effect.ts	963	967
brief	live	src/Effect4/Laws/Machine/Clauses.lean	400	cont	:932-933	internal/effect.ts	932	933	tag	census	same		internal/effect.ts	964	965
brief	live	src/Effect4/Laws/Machine/Clauses.lean	409	cont	:611-628	internal/effect.ts	611	628	tag	census	changed	code	internal/effect.ts	599	621
brief	live	src/Effect4/Laws/Machine/Clauses.lean	431	cont	:933-934	internal/effect.ts	933	934	tag	census	same		internal/effect.ts	965	966
brief	live	src/Effect4/Laws/Machine/Clauses.lean	443	cont	:611-628	internal/effect.ts	611	628	tag	unconfirmed	changed	code	internal/effect.ts	599	621
brief	live	src/Effect4/Laws/Machine/Clauses.lean	455	cont	:5279-5282	internal/effect.ts	5279	5282	tag	census	changed	code	internal/effect.ts	5534	5537
brief	live	src/Effect4/Laws/Machine/Clauses.lean	469	cont	:5279	internal/effect.ts	5279	5279	tag	census	same		internal/effect.ts	5534	5534
brief	live	src/Effect4/Laws/Machine/Clauses.lean	478	cont	:990-993	internal/effect.ts	990	993	tag	census	same		internal/effect.ts	1022	1025
brief	live	src/Effect4/Laws/Machine/Clauses.lean	478	cont	:1121	internal/effect.ts	1121	1121	tag	unconfirmed	same		internal/effect.ts	1154	1154
brief	live	src/Effect4/Laws/Machine/Clauses.lean	489	cont	:1121-1126	internal/effect.ts	1121	1126	tag	unconfirmed	same		internal/effect.ts	1154	1159
brief	live	src/Effect4/Laws/Machine/Clauses.lean	513	cont	:575-577	internal/effect.ts	575	577	tag	census	same		internal/effect.ts	556	558
brief	live	src/Effect4/Laws/Machine/Clauses.lean	520	cont	:578-587	internal/effect.ts	578	587	default	unconfirmed	changed	code	internal/effect.ts	559	568
brief	live	src/Effect4/Laws/Machine/Clauses.lean	530	cont	:578-587	internal/effect.ts	578	587	tag	census	changed	code	internal/effect.ts	559	568
brief	live	src/Effect4/Laws/Machine/Clauses.lean	543	cont	:585-587	internal/effect.ts	585	587	tag	census	same		internal/effect.ts	566	568
brief	live	src/Effect4/Laws/Machine/Clauses.lean	557	cont	:588-590	internal/effect.ts	588	590	tag	census	same		internal/effect.ts	569	571
brief	live	src/Effect4/Laws/Machine/Clauses.lean	570	cont	:591-594	internal/effect.ts	591	594	tag	census	same		internal/effect.ts	572	575
brief	live	src/Effect4/Laws/Machine/Clauses.lean	586	cont	:588	internal/effect.ts	588	588	tag	census	same		internal/effect.ts	569	569
brief	live	src/Effect4/Laws/Machine/Clauses.lean	586	cont	:595	internal/effect.ts	595	595	tag	census	same		internal/effect.ts	576	576
brief	live	src/Effect4/Laws/Machine/Clauses.lean	602	cont	:656-668	internal/effect.ts	656	668	tag	census	same		internal/effect.ts	651	663
brief	live	src/Effect4/Laws/Machine/Clauses.lean	616	cont	:5264-5284	internal/effect.ts	5264	5284	default	exact	changed	code	internal/effect.ts	5517	5539
brief	live	src/Effect4/Laws/Machine/Clauses.lean	629	cont	:5264-5284	internal/effect.ts	5264	5284	tag	census	changed	code	internal/effect.ts	5517	5539
brief	live	src/Effect4/Laws/Machine/Clauses.lean	631	cont	:5279-5282	internal/effect.ts	5279	5282	tag	census	changed	code	internal/effect.ts	5534	5537
brief	live	src/Effect4/Laws/Machine/Clauses.lean	644	cont	:5264-5284	internal/effect.ts	5264	5284	tag	census	changed	code	internal/effect.ts	5517	5539
brief	live	src/Effect4/Laws/Machine/Clauses.lean	665	cont	:5279-5282	internal/effect.ts	5279	5282	tag	census	changed	code	internal/effect.ts	5534	5537
brief	live	src/Effect4/Laws/Machine/Clauses.lean	674	cont	:5274-5278	internal/effect.ts	5274	5278	tag	census	changed	code	internal/effect.ts	5527	5533
brief	live	src/Effect4/Laws/Machine/Clauses.lean	684	cont	:5410-5430	internal/effect.ts	5410	5430	tag	census	same		internal/effect.ts	5667	5687
brief	live	src/Effect4/Laws/Machine/Clauses.lean	699	cont	:561-562	internal/effect.ts	561	562	tag	unconfirmed	same		internal/effect.ts	537	538
brief	live	src/Effect4/Laws/Machine/Clauses.lean	699	cont	:5291	internal/effect.ts	5291	5291	tag	unconfirmed	same		internal/effect.ts	5546	5546
brief	live	src/Effect4/Laws/Machine/Clauses.lean	699	cont	:5304	internal/effect.ts	5304	5304	tag	unconfirmed	same		internal/effect.ts	5559	5559
brief	live	src/Effect4/Laws/Machine/Clauses.lean	714	cont	:773	internal/effect.ts	773	773	tag	census	same		internal/effect.ts	798	798
brief	live	src/Effect4/Laws/Machine/Clauses.lean	715	cont	:821	internal/effect.ts	821	821	tag	named	same		internal/effect.ts	846	846
brief	live	src/Effect4/Laws/Machine/Clauses.lean	715	cont	:1128-1141	internal/effect.ts	1128	1141	tag	unconfirmed	same		internal/effect.ts	1161	1174
brief	live	src/Effect4/Laws/Machine/Clauses.lean	715	cont	:5291	internal/effect.ts	5291	5291	tag	unconfirmed	same		internal/effect.ts	5546	5546
brief	live	src/Effect4/Laws/Machine/Clauses.lean	715	cont	:5304	internal/effect.ts	5304	5304	tag	named	same		internal/effect.ts	5559	5559
brief	live	src/Effect4/Laws/Machine/Clauses.lean	715	cont	:565	internal/effect.ts	565	565	tag	unconfirmed	same		internal/effect.ts	544	544
brief	live	src/Effect4/Laws/Machine/Clauses.lean	747	cont	:5318	internal/effect.ts	5318	5318	tag	census	same		internal/effect.ts	5573	5573
brief	live	src/Effect4/Laws/Machine/Clauses.lean	755	cont	:5322-5331	internal/effect.ts	5322	5331	tag	census	changed	code	internal/effect.ts	5578	5588
brief	live	src/Effect4/Laws/Machine/Clauses.lean	767	cont	:5447-5461	internal/effect.ts	5447	5461	tag	census	same		internal/effect.ts	5704	5718
brief	live	src/Effect4/Laws/Machine/Clauses.lean	780	cont	:5374	internal/effect.ts	5374	5374	tag	unconfirmed	same		internal/effect.ts	5631	5631
brief	live	src/Effect4/Laws/Machine/Clauses.lean	780	cont	:5454	internal/effect.ts	5454	5454	tag	census	same		internal/effect.ts	5711	5711
brief	live	src/Effect4/Laws/Machine/Clauses.lean	804	cont	:5470-5490	internal/effect.ts	5470	5490	tag	census	same		internal/effect.ts	5727	5747
brief	live	src/Effect4/Laws/Machine/Clauses.lean	826	cont	:5425-5433	internal/effect.ts	5425	5433	tag	census	same		internal/effect.ts	5682	5690
brief	live	src/Effect4/Laws/Machine/Clauses.lean	841	cont	:5535-5545	internal/effect.ts	5535	5545	tag	census	same		internal/effect.ts	5792	5802
brief	live	src/Effect4/Laws/Machine/Clauses.lean	842	cont	:5542	internal/effect.ts	5542	5542	tag	census	same		internal/effect.ts	5799	5799
brief	live	src/Effect4/Laws/Machine/Clauses.lean	854	cont	:5543	internal/effect.ts	5543	5543	tag	named	same		internal/effect.ts	5800	5800
brief	live	src/Effect4/Laws/Machine/Clauses.lean	866	cont	:5493-5525	internal/effect.ts	5493	5525	tag	named	same		internal/effect.ts	5750	5782
brief	live	src/Effect4/Laws/Machine/Clauses.lean	873	cont	:5510-5525	internal/effect.ts	5510	5525	tag	census	same		internal/effect.ts	5767	5782
brief	live	src/Effect4/Laws/Machine/Clauses.lean	913	cont	:613-617	internal/effect.ts	613	617	default	unconfirmed	same		internal/effect.ts	599	603
brief	live	src/Effect4/Laws/Machine/Clauses.lean	913	cont	:892-896	internal/effect.ts	892	896	default	unconfirmed	same		internal/effect.ts	924	928
brief	live	src/Effect4/Laws/Machine/Clauses.lean	924	cont	:5449	internal/effect.ts	5449	5449	tag	unconfirmed	same		internal/effect.ts	5706	5706
brief	live	src/Effect4/Laws/Machine/Clauses.lean	941	cont	:892-895	internal/effect.ts	892	895	tag	census	same		internal/effect.ts	924	927
brief	live	src/Effect4/Laws/Machine/Clauses.lean	957	cont	:611-627	internal/effect.ts	611	627	tag	census	changed	code	internal/effect.ts	599	620
brief	live	src/Effect4/Laws/Machine/Clauses.lean	966	cont	:611	internal/effect.ts	611	611	tag	unconfirmed	same-comment		internal/effect.ts	597	597
brief	live	src/Effect4/Laws/Machine/Clauses.lean	977	cont	:613	internal/effect.ts	613	613	tag	unconfirmed	same		internal/effect.ts	599	599
brief	live	src/Effect4/Laws/Machine/Clauses.lean	985	cont	:612	internal/effect.ts	612	612	tag	census	same-comment		internal/effect.ts	598	598
brief	live	src/Effect4/Laws/Machine/Clauses.lean	996	cont	:613	internal/effect.ts	613	613	tag	census	same		internal/effect.ts	599	599
brief	live	src/Effect4/Laws/Machine/Clauses.lean	1005	cont	:619	internal/effect.ts	619	619	tag	unconfirmed	same		internal/effect.ts	605	605
brief	live	src/Effect4/Laws/Machine/Clauses.lean	1017	cont	:624-627	internal/effect.ts	624	627	tag	unconfirmed	changed	code	internal/effect.ts	618	620
brief	live	src/Effect4/Laws/Machine/Clauses.lean	1027	cont	:619-627	internal/effect.ts	619	627	tag	unconfirmed	changed	code	internal/effect.ts	605	620
brief	live	src/Effect4/Laws/Machine/Clauses.lean	1039	cont	:619-627	internal/effect.ts	619	627	tag	unconfirmed	changed	code	internal/effect.ts	605	620
brief	live	src/Effect4/Laws/Machine/Clauses.lean	1048	cont	:621-623	internal/effect.ts	621	623	tag	unconfirmed	changed	code	internal/effect.ts	606	617
brief	live	src/Effect4/Laws/Machine/Clauses.lean	1058	cont	:624-627	internal/effect.ts	624	627	tag	unconfirmed	changed	code	internal/effect.ts	618	620
brief	live	src/Effect4/Laws/Machine/Clauses.lean	1068	cont	:613-617	internal/effect.ts	613	617	tag	census	same		internal/effect.ts	599	603
brief	live	src/Effect4/Laws/Machine/Clauses.lean	1086	cont	:615	internal/effect.ts	615	615	tag	census	same		internal/effect.ts	601	601
brief	live	src/Effect4/Laws/Machine/Clauses.lean	1105	cont	:617	internal/effect.ts	617	617	tag	census	same		internal/effect.ts	603	603
brief	live	src/Effect4/Laws/Machine/Clauses.lean	1113	cont	:611	internal/effect.ts	611	611	tag	unconfirmed	same-comment		internal/effect.ts	597	597
brief	live	src/Effect4/Laws/Machine/Clauses.lean	1121	cont	:561-562	internal/effect.ts	561	562	tag	unconfirmed	same		internal/effect.ts	537	538
brief	live	src/Effect4/Laws/Machine/Clauses.lean	1121	cont	:5291	internal/effect.ts	5291	5291	tag	unconfirmed	same		internal/effect.ts	5546	5546
brief	live	src/Effect4/Laws/Machine/Clauses.lean	1121	cont	:5304	internal/effect.ts	5304	5304	tag	unconfirmed	same		internal/effect.ts	5559	5559
brief	live	src/Effect4/Laws/Machine/Clauses.lean	1130	cont	:5281	internal/effect.ts	5281	5281	tag	census	changed	code	internal/effect.ts	5536	5536
brief	live	src/Effect4/Laws/Machine/Clauses.lean	1139	cont	:5370-5372	internal/effect.ts	5370	5372	tag	census	same		internal/effect.ts	5627	5629
brief	live	src/Effect4/Laws/Machine/Clauses.lean	1150	cont	:794-808	internal/effect.ts	794	808	tag	unconfirmed	same		internal/effect.ts	819	833
brief	live	src/Effect4/Laws/Machine/Clauses.lean	1157	cont	:797-800	internal/effect.ts	797	800	tag	unconfirmed	same		internal/effect.ts	822	825
brief	live	src/Effect4/Laws/Machine/Clauses.lean	1167	cont	:802	internal/effect.ts	802	802	tag	unconfirmed	same		internal/effect.ts	827	827
brief	live	src/Effect4/Laws/Machine/Clauses.lean	1175	cont	:806	internal/effect.ts	806	806	tag	unconfirmed	same		internal/effect.ts	831	831
brief	live	src/Effect4/Laws/Machine/Clauses.lean	1189	cont	:812	internal/effect.ts	812	812	tag	unconfirmed	same-comment		internal/effect.ts	837	837
brief	live	src/Effect4/Laws/Machine/Clauses.lean	1189	cont	:1128-1141	internal/effect.ts	1128	1141	tag	unconfirmed	same		internal/effect.ts	1161	1174
brief	live	src/Effect4/Laws/Machine/Clauses.lean	1190	cont	:802	internal/effect.ts	802	802	tag	unconfirmed	same		internal/effect.ts	827	827
brief	live	src/Effect4/Laws/Machine/Clauses.lean	1208	cont	:806	internal/effect.ts	806	806	tag	unconfirmed	same		internal/effect.ts	831	831
brief	live	src/Effect4/Laws/Machine/Clauses.lean	1208	cont	:779	internal/effect.ts	779	779	tag	unconfirmed	same		internal/effect.ts	804	804
brief	live	src/Effect4/Laws/Machine/Clauses.lean	1208	cont	:5449	internal/effect.ts	5449	5449	tag	unconfirmed	same		internal/effect.ts	5706	5706
brief	live	src/Effect4/Laws/Machine/Clauses.lean	1228	cont	:802	internal/effect.ts	802	802	tag	named	same		internal/effect.ts	827	827
brief	live	src/Effect4/Laws/Machine/Clauses.lean	1228	cont	:804	internal/effect.ts	804	804	tag	named	same		internal/effect.ts	829	829
brief	live	src/Effect4/Laws/Machine/Clauses.lean	1247	cont	:1503-1514	internal/effect.ts	1503	1514	default	unconfirmed	changed	code	internal/effect.ts	1631	1638
brief	live	src/Effect4/Laws/Machine/Clauses.lean	1248	cont	:1120-1126	internal/effect.ts	1120	1126	default	unconfirmed	same		internal/effect.ts	1153	1159
brief	live	src/Effect4/Laws/Machine/Clauses.lean	1264	cont	:1510-1514	internal/effect.ts	1510	1514	tag	census	changed	code	internal/effect.ts	1638	1638
brief	live	src/Effect4/Laws/Machine/Clauses.lean	1318	cont	:1527	internal/effect.ts	1527	1527	tag	census	same		internal/effect.ts	1651	1651
brief	live	src/Effect4/Laws/Machine/Clauses.lean	1338	cont	:1521	internal/effect.ts	1521	1521	tag	census	same		internal/effect.ts	1645	1645
brief	live	src/Effect4/Laws/Machine/Clauses.lean	1338	cont	:1522-1526	internal/effect.ts	1522	1526	tag	census	same		internal/effect.ts	1646	1650
brief	live	src/Effect4/Laws/Machine/Clauses.lean	1339	cont	:1520-1528	internal/effect.ts	1520	1528	tag	census	same		internal/effect.ts	1644	1652
brief	live	src/Effect4/Laws/Machine/Clauses.lean	1355	cont	:1522-1526	internal/effect.ts	1522	1526	tag	census	same		internal/effect.ts	1646	1650
brief	live	src/Effect4/Laws/Machine/Clauses.lean	1370	cont	:557-559	internal/effect.ts	557	559	tag	named	same		internal/effect.ts	533	535
brief	live	src/Effect4/Laws/Machine/Clauses.lean	1384	cont	:1120-1126	internal/effect.ts	1120	1126	tag	unconfirmed	same		internal/effect.ts	1153	1159
brief	live	src/Effect4/Laws/Machine/Clauses.lean	1401	cont	:1128-1141	internal/effect.ts	1128	1141	tag	unconfirmed	same		internal/effect.ts	1161	1174
brief	live	src/Effect4/Laws/Machine/Clauses.lean	1421	cont	:5366-5376	internal/effect.ts	5366	5376	tag	census	same		internal/effect.ts	5623	5633
brief	live	src/Effect4/Laws/Machine/Clauses.lean	1432	cont	:5264-5284	internal/effect.ts	5264	5284	tag	unconfirmed	changed	code	internal/effect.ts	5517	5539
brief	live	src/Effect4/Laws/Machine/Clauses.lean	1433	cont	:5253	internal/effect.ts	5253	5253	tag	census	same		internal/effect.ts	5506	5506
brief	live	src/Effect4/Laws/Machine/Clauses.lean	1435	cont	:5279-5282	internal/effect.ts	5279	5282	tag	unconfirmed	changed	code	internal/effect.ts	5534	5537
brief	live	src/Effect4/Laws/Machine/Clauses.lean	1450	cont	:5364-5378	internal/effect.ts	5364	5378	tag	census	same		internal/effect.ts	5621	5635
brief	live	src/Effect4/Laws/Machine/Clauses.lean	1453	cont	:5366-5376	internal/effect.ts	5366	5376	tag	census	same		internal/effect.ts	5623	5633
brief	live	src/Effect4/Laws/Machine/Clauses.lean	1466	cont	:5400-5406	internal/effect.ts	5400	5406	tag	census	same		internal/effect.ts	5657	5663
brief	live	src/Effect4/Laws/Machine/Clauses.lean	1484	cont	:5400	internal/effect.ts	5400	5400	tag	census	same		internal/effect.ts	5657	5657
brief	live	src/Effect4/Laws/Machine/Clauses.lean	1498	cont	:5369-5372	internal/effect.ts	5369	5372	tag	census	same		internal/effect.ts	5626	5629
brief	live	src/Effect4/Laws/Machine/Clauses.lean	1498	cont	:5458	internal/effect.ts	5458	5458	tag	unconfirmed	same		internal/effect.ts	5715	5715
brief	live	src/Effect4/Laws/Machine/Clauses.lean	1513	cont	:5367	internal/effect.ts	5367	5367	tag	unconfirmed	same		internal/effect.ts	5624	5624
brief	live	src/Effect4/Laws/Machine/Clauses.lean	1513	cont	:5451-5452	internal/effect.ts	5451	5452	tag	census	same		internal/effect.ts	5708	5709
brief	live	src/Effect4/Laws/Machine/Clauses.lean	1544	cont	:857	internal/effect.ts	857	857	tag	census	same		internal/effect.ts	889	889
brief	live	src/Effect4/Laws/Machine/Clauses.lean	1553	cont	:871-884	internal/effect.ts	871	884	tag	census	same		internal/effect.ts	903	916
brief	live	src/Effect4/Laws/Machine/Clauses.lean	1554	cont	:880-883	internal/effect.ts	880	883	tag	census	same		internal/effect.ts	912	915
brief	live	src/Effect4/Laws/Machine/Clauses.lean	1576	cont	:574-595	internal/effect.ts	574	595	tag	exact	changed	code	internal/effect.ts	555	576
brief	live	src/Effect4/Laws/Machine/Clauses.lean	1597	cont	:884	internal/effect.ts	884	884	tag	census	same		internal/effect.ts	916	916
brief	live	src/Effect4/Laws/Machine/Clauses.lean	1597	cont	:896	internal/effect.ts	896	896	tag	census	same		internal/effect.ts	928	928
brief	live	src/Effect4/Laws/Machine/Clauses.lean	1612	cont	:1467	internal/effect.ts	1467	1467	tag	named	same		internal/effect.ts	1593	1593
brief	live	src/Effect4/Laws/Machine/Clauses.lean	1620	cont	:767-769	internal/effect.ts	767	769	tag	census	same		internal/effect.ts	792	794
brief	live	src/Effect4/Laws/Machine/Clauses.lean	1630	cont	:770-775	internal/effect.ts	770	775	tag	census	same		internal/effect.ts	795	800
brief	live	src/Effect4/Laws/Machine/Clauses.lean	1638	cont	:779	internal/effect.ts	779	779	tag	named	same		internal/effect.ts	804	804
brief	live	src/Effect4/Laws/Machine/Clauses.lean	1645	cont	:779-813	internal/effect.ts	779	813	tag	unconfirmed	same		internal/effect.ts	804	838
brief	live	src/Effect4/Laws/Machine/Clauses.lean	1646	cont	:806	internal/effect.ts	806	806	tag	unconfirmed	same		internal/effect.ts	831	831
brief	live	src/Effect4/Laws/Machine/Clauses.lean	1657	cont	:868	internal/effect.ts	868	868	tag	census	same		internal/effect.ts	900	900
brief	live	src/Effect4/Laws/Machine/Clauses.lean	1667	cont	:5368	internal/effect.ts	5368	5368	tag	named	same		internal/effect.ts	5625	5625
brief	live	src/Effect4/Laws/Machine/Clauses.lean	1676	cont	:888-915	internal/effect.ts	888	915	tag	exact	same		internal/effect.ts	920	947
brief	live	src/Effect4/Laws/Machine/Clauses.lean	1691	cont	:1521	internal/effect.ts	1521	1521	tag	exact	same		internal/effect.ts	1645	1645
brief	live	src/Effect4/Laws/Machine/Clauses.lean	1692	cont	:1523	internal/effect.ts	1523	1523	tag	named	same		internal/effect.ts	1647	1647
brief	live	src/Effect4/Laws/Machine/Clauses.lean	1700	cont	:1490-1531	internal/effect.ts	1490	1531	tag	census	changed	code	internal/effect.ts	1616	1653
brief	live	src/Effect4/Laws/Machine/Clauses.lean	1721	cont	:1117-1141	internal/effect.ts	1117	1141	tag	unconfirmed	changed	code	internal/effect.ts	1149	1174
brief	live	src/Effect4/Laws/Machine/Clauses.lean	1721	cont	:1520-1528	internal/effect.ts	1520	1528	tag	census	same		internal/effect.ts	1644	1652
brief	live	src/Effect4/Laws/Machine/Clauses.lean	1735	cont	:773	internal/effect.ts	773	773	tag	census	same		internal/effect.ts	798	798
brief	live	src/Effect4/Laws/Machine/Clauses.lean	1735	cont	:812	internal/effect.ts	812	812	tag	unconfirmed	same-comment		internal/effect.ts	837	837
brief	live	src/Effect4/Laws/Machine/Clauses.lean	1735	cont	:821	internal/effect.ts	821	821	tag	unconfirmed	same		internal/effect.ts	846	846
brief	live	src/Effect4/Laws/Machine/Clauses.lean	1749	cont	:1512	internal/effect.ts	1512	1512	tag	census	changed	code	internal/effect.ts	1638	1638
brief	live	src/Effect4/Laws/Machine/Clauses.lean	1749	cont	:1530	internal/effect.ts	1530	1530	tag	census	removed	code	internal/effect.ts		
brief	live	src/Effect4/Laws/Machine/Clauses.lean	1759	cont	:896	internal/effect.ts	896	896	tag	named	same		internal/effect.ts	928	928
brief	live	src/Effect4/Laws/Machine/Clauses.lean	1768	cont	:892-895	internal/effect.ts	892	895	tag	unconfirmed	same		internal/effect.ts	924	927
brief	live	src/Effect4/Laws/Machine/Clauses.lean	1782	cont	:1525	internal/effect.ts	1525	1525	tag	census	same		internal/effect.ts	1649	1649
brief	live	src/Effect4/Laws/Machine/Clauses.lean	1803	bare	Context.ts	Context.ts	423	423	exact	unnamed	same		Context.ts	423	423
brief	live	src/Effect4/Laws/Machine/Clauses.lean	1803	bare	effect.ts	internal/effect.ts	3929	3929	suffix	named	same		internal/effect.ts	4091	4091
brief	live	src/Effect4/Laws/Machine/Clauses.lean	1815	bare	Context.ts	Context.ts	423	423	exact	unnamed	same		Context.ts	423	423
brief	live	src/Effect4/Laws/Machine/Clauses.lean	1834	cont	:3820	internal/effect.ts	3820	3820	tag	census	changed	code	internal/effect.ts	3987	3987
brief	live	src/Effect4/Laws/Machine/Clauses.lean	1845	cont	:3819-3824	internal/effect.ts	3819	3824	tag	census	changed	code	internal/effect.ts	3986	3991
brief	live	src/Effect4/Laws/Machine/Clauses.lean	1858	cont	:3823-3826	internal/effect.ts	3823	3826	tag	census	same		internal/effect.ts	3990	3993
brief	live	src/Effect4/Laws/Machine/Clauses.lean	1881	cont	:1120-1126	internal/effect.ts	1120	1126	tag	census	same		internal/effect.ts	1153	1159
brief	live	src/Effect4/Laws/Machine/Clauses.lean	1897	cont	:1128-1141	internal/effect.ts	1128	1141	tag	census	same		internal/effect.ts	1161	1174
brief	live	src/Effect4/Laws/Machine/Handles.lean	66	bare	Layer.ts	Layer.ts	421	458	exact	unnamed	changed	code	Layer.ts	405	456
brief	live	src/Effect4/Laws/Machine/Handles.lean	780	bare	internal/effect.ts	internal/effect.ts	3851	3853	exact	unnamed	same		internal/effect.ts	4016	4018
brief	live	src/Effect4/Laws/Machine/Handshake.lean	89	full	vendor/effect-4.0.0-rc.112/src/internal/effect.ts	internal/effect.ts	1121	1126	full	unnamed	same		internal/effect.ts	1154	1159
brief	live	src/Effect4/Laws/Machine/Lift.lean	304	cont	:2042-2043	-	2042	2043	carry:src/Effect4/Machine/Fibers.lean	unconfirmed	not-a-pin-citation				
brief	live	src/Effect4/Laws/Machine/Lift.lean	304	cont	:2030	-	2030	2030	carry:src/Effect4/Machine/Fibers.lean	unconfirmed	not-a-pin-citation				
brief	live	src/Effect4/Laws/Machine/Lift.lean	304	cont	:2117-2118	-	2117	2118	carry:src/Effect4/Machine/Fibers.lean	named	not-a-pin-citation				
brief	live	src/Effect4/Laws/Machine/Lift.lean	305	cont	:2125-2133	-	2125	2133	carry:src/Effect4/Machine/Fibers.lean	unconfirmed	not-a-pin-citation				
brief	live	src/Effect4/Laws/Machine/Lift.lean	305	cont	:2135	-	2135	2135	carry:src/Effect4/Machine/Fibers.lean	unconfirmed	not-a-pin-citation				
brief	live	src/Effect4/Laws/Machine/Lift.lean	305	cont	:2072-2075	-	2072	2075	carry:src/Effect4/Machine/Fibers.lean	exact	not-a-pin-citation				
brief	live	src/Effect4/Laws/Machine/Lift.lean	306	cont	:2123-2124	-	2123	2124	carry:src/Effect4/Machine/Fibers.lean	unconfirmed	not-a-pin-citation				
brief	live	src/Effect4/Laws/Machine/Lift.lean	359	cont	:2042-2043	-	2042	2043	carry:src/Effect4/Machine/Fibers.lean	unconfirmed	not-a-pin-citation				
brief	live	src/Effect4/Laws/Machine/Lift.lean	359	cont	:2030	-	2030	2030	carry:src/Effect4/Machine/Fibers.lean	unconfirmed	not-a-pin-citation				
brief	live	src/Effect4/Laws/Machine/Lift.lean	360	cont	:2072-2076	-	2072	2076	carry:src/Effect4/Machine/Fibers.lean	named	not-a-pin-citation				
brief	live	src/Effect4/Laws/Machine/LiveStack.lean	27	bare	internal/effect.ts	internal/effect.ts	1149	1154	exact	named	same		internal/effect.ts	1191	1196
brief	live	src/Effect4/Laws/Machine/StoresLaws.lean	42	cont	:700-710	-	700	710	block:Stores.lean	outside	not-a-pin-citation				
brief	live	src/Effect4/Laws/Machine/StoresLaws.lean	43	cont	:906-912	-	906	912	block:Stores.lean	outside	not-a-pin-citation				
brief	live	src/Effect4/Laws/Machine/StoresLaws.lean	44	cont	:1225-1227	-	1225	1227	block:Stores.lean	outside	not-a-pin-citation				
brief	live	src/Effect4/Laws/Machine/StoresLaws.lean	174	cont	:1211-1224	-	1211	1224	block:Stores.lean	outside	not-a-pin-citation				
brief	live	src/Effect4/Laws/Machine/StoresLaws.lean	176	cont	:1228-1234	-	1228	1234	block:Stores.lean	outside	not-a-pin-citation				
brief	live	src/Effect4/Laws/Machine/StoresLaws.lean	223	bare	internal/effect.ts	internal/effect.ts	3851	3853	exact	unnamed	same		internal/effect.ts	4016	4018
brief	live	src/Effect4/Laws/Machine/StoresLaws.lean	249	cont	:1213	-	1213	1213	read:-	read	not-a-pin-citation				
brief	live	src/Effect4/Laws/Machine/StoresLaws.lean	249	cont	:1215	-	1215	1215	read:-	read	not-a-pin-citation				
brief	live	src/Effect4/Laws/Machine/StoresLaws.lean	249	cont	:1233	-	1233	1233	read:-	read	not-a-pin-citation				
brief	live	src/Effect4/Laws/Machine/StoresLaws.lean	573	bare	internal/effect.ts	internal/effect.ts	3846	3858	exact	exact	same		internal/effect.ts	4011	4023
brief	live	src/Effect4/Laws/Machine/StoresLaws.lean	598	cont	:3851-3853	internal/effect.ts	3851	3853	tag	census	same		internal/effect.ts	4016	4018
brief	live	src/Effect4/Laws/Machine/StoresLaws.lean	606	cont	:3855-3856	internal/effect.ts	3855	3856	tag	census	same		internal/effect.ts	4020	4021
brief	live	src/Effect4/Laws/Machine/StoresLaws.lean	631	bare	Layer.ts	Layer.ts	396	458	exact	unnamed	changed	code	Layer.ts	405	456
brief	live	src/Effect4/Laws/Machine/StoresLaws.lean	631	bare	internal/effect.ts	internal/effect.ts	3834	3844	exact	unnamed	changed	code	internal/effect.ts	4001	4009
brief	live	src/Effect4/Laws/Machine/StoresLaws.lean	662	bare	Layer.ts	Layer.ts	245	245	exact	unnamed	same		Layer.ts	262	262
brief	live	src/Effect4/Laws/Machine/StoresLaws.lean	662	cont	:438-442	Layer.ts	438	442	block	unconfirmed	changed	code	Layer.ts	422	427
brief	live	src/Effect4/Laws/Machine/StoresLaws.lean	671	bare	Layer.ts	Layer.ts	396	411	exact	census	removed	code	Layer.ts		
brief	live	src/Effect4/Laws/Machine/StoresLaws.lean	689	bare	Layer.ts	Layer.ts	414	417	exact	census	removed	code	Layer.ts		
brief	live	src/Effect4/Laws/Machine/StoresLaws.lean	703	bare	Layer.ts	Layer.ts	403	406	exact	unnamed	removed	code	Layer.ts		
brief	live	src/Effect4/Laws/Machine/StoresLaws.lean	712	cont	:408	Layer.ts	408	408	carry	unconfirmed	removed	code	Layer.ts		
brief	live	src/Effect4/Laws/Machine/StoresLaws.lean	739	bare	Layer.ts	Layer.ts	343	343	exact	unnamed	same		Layer.ts	358	358
brief	live	src/Effect4/Laws/Machine/StoresLaws.lean	739	cont	:401-417	Layer.ts	401	417	block	unconfirmed	removed	code	Layer.ts		
brief	live	src/Effect4/Laws/Machine/StoresLaws.lean	745	bare	Layer.ts	Layer.ts	343	343	exact	census	same		Layer.ts	358	358
brief	live	src/Effect4/Laws/Machine/StoresLaws.lean	758	cont	:401-410	Layer.ts	401	410	tag	census	removed	code	Layer.ts		
brief	live	src/Effect4/Laws/Machine/StoresLaws.lean	766	cont	:414-417	Layer.ts	414	417	tag	census	removed	code	Layer.ts		
brief	live	src/Effect4/Laws/Machine/StoresLaws.lean	773	cont	:406	Layer.ts	406	406	tag	census	removed	code	Layer.ts		
brief	live	src/Effect4/Laws/Machine/StoresLaws.lean	774	cont	:408	Layer.ts	408	408	tag	census	removed	code	Layer.ts		
brief	live	src/Effect4/Laws/Machine/StoresLaws.lean	1999	bare	Layer.ts	Layer.ts	396	411	exact	named	removed	code	Layer.ts		
brief	live	src/Effect4/Laws/Machine/StoresLaws.lean	1999	cont	:245	Layer.ts	245	245	block	named	same		Layer.ts	262	262
brief	live	src/Effect4/Laws/Machine/StoresLaws.lean	2000	cont	:456-463	Layer.ts	456	463	block	named	same		Layer.ts	454	461
brief	live	src/Effect4/Laws/Machine/StoresValue.lean	29	bare	internal/effect.ts	internal/effect.ts	534	534	exact	unnamed	changed	code	internal/effect.ts	506	528
brief	live	src/Effect4/Laws/Machine/StoresValue.lean	29	cont	:703-704	internal/effect.ts	703	704	block	named;also:plain=src/Effect4/Laws/Machine/Handles.lean	same		internal/effect.ts	712	713
brief	live	src/Effect4/Laws/Machine/Witnesses.lean	77	bare	internal/effect.ts	internal/effect.ts	579	580	exact	unnamed	changed	code	internal/effect.ts	560	561
brief	live	src/Effect4/Laws/Machine/Witnesses.lean	77	cont	:582-583	internal/effect.ts	582	583	block	unconfirmed	same		internal/effect.ts	563	564
brief	live	src/Effect4/Laws/Machine/Witnesses.lean	162	bare	internal/effect.ts	internal/effect.ts	619	619	exact	unnamed	same		internal/effect.ts	605	605
brief	live	src/Effect4/Laws/Machine/Witnesses.lean	162	cont	:621	internal/effect.ts	621	621	block	unconfirmed	changed	code	internal/effect.ts	606	616
brief	live	src/Effect4/Laws/Machine/Witnesses.lean	163	cont	:600-601	internal/effect.ts	600	601	block	unconfirmed	same		internal/effect.ts	581	582
brief	live	src/Effect4/Laws/Machine/Witnesses.lean	163	cont	:575-577	internal/effect.ts	575	577	block	unconfirmed	same		internal/effect.ts	556	558
brief	live	src/Effect4/Laws/Machine/Witnesses.lean	202	bare	internal/effect.ts	internal/effect.ts	613	617	exact	unnamed	same		internal/effect.ts	599	603
brief	live	src/Effect4/Laws/Machine/Witnesses.lean	238	cont	:5470-5490	internal/effect.ts	5470	5490	default	exact	same		internal/effect.ts	5727	5747
brief	live	src/Effect4/Laws/Machine/Witnesses.lean	244	bare	Scheduler.ts	Scheduler.ts	207	212	exact	unnamed	same		Scheduler.ts	217	222
brief	live	src/Effect4/Laws/Machine/Witnesses.lean	264	bare	internal/effect.ts	internal/effect.ts	5264	5272	exact	exact	same		internal/effect.ts	5517	5525
brief	live	src/Effect4/Laws/Machine/Witnesses.lean	267	cont	:5277	internal/effect.ts	5277	5277	default	unconfirmed	same		internal/effect.ts	5532	5532
brief	live	src/Effect4/Laws/Machine/Witnesses.lean	270	cont	:5366	internal/effect.ts	5366	5366	default	unconfirmed	same		internal/effect.ts	5623	5623
brief	live	src/Effect4/Laws/Machine/Witnesses.lean	273	cont	:5288-5294	internal/effect.ts	5288	5294	default	named	same		internal/effect.ts	5543	5549
brief	live	src/Effect4/Laws/Machine/Witnesses.lean	274	cont	:5253	internal/effect.ts	5253	5253	default	unconfirmed	same		internal/effect.ts	5506	5506
brief	live	src/Effect4/Laws/Machine/Witnesses.lean	292	cont	:561-562	internal/effect.ts	561	562	default	unconfirmed	same		internal/effect.ts	537	538
brief	live	src/Effect4/Laws/Machine/Witnesses.lean	299	cont	:5304	internal/effect.ts	5304	5304	default	unconfirmed	same		internal/effect.ts	5559	5559
brief	live	src/Effect4/Laws/Machine/Witnesses.lean	307	cont	:5291	internal/effect.ts	5291	5291	default	unconfirmed	same		internal/effect.ts	5546	5546
brief	live	src/Effect4/Laws/Machine/Witnesses.lean	323	cont	:5277	internal/effect.ts	5277	5277	default	unconfirmed	same		internal/effect.ts	5532	5532
brief	live	src/Effect4/Laws/Machine/Witnesses.lean	355	bare	internal/effect.ts	internal/effect.ts	4021	4021	exact	unnamed	changed	code	internal/effect.ts	4179	4184
brief	live	src/Effect4/Laws/Machine/Witnesses.lean	355	cont	:4312-4319	internal/effect.ts	4312	4319	block	named	same		internal/effect.ts	4560	4567
brief	live	src/Effect4/Laws/Machine/Witnesses.lean	426	cont	:1527	internal/effect.ts	1527	1527	default	named	same		internal/effect.ts	1651	1651
brief	live	src/Effect4/Laws/Machine/Witnesses.lean	512	bare	Deferred.ts	Deferred.ts	1655	1659	exact	unnamed	same		Deferred.ts	1656	1660
brief	live	src/Effect4/Laws/Machine/Witnesses.lean	557	bare	internal/effect.ts	internal/effect.ts	5318	5322	exact	unnamed	changed	code	internal/effect.ts	5573	5578
brief	live	src/Effect4/Laws/Machine/Witnesses.lean	565	cont	:892-895	internal/effect.ts	892	895	default	unconfirmed	same		internal/effect.ts	924	927
brief	live	src/Effect4/Laws/Machine/Witnesses.lean	566	cont	:613-617	internal/effect.ts	613	617	default	unconfirmed	same		internal/effect.ts	599	603
brief	live	src/Effect4/Laws/Machine/Witnesses.lean	576	cont	:5253	internal/effect.ts	5253	5253	default	exact	same		internal/effect.ts	5506	5506
brief	live	src/Effect4/Laws/Machine/Witnesses.lean	585	cont	:5288-5294	internal/effect.ts	5288	5294	default	named	same		internal/effect.ts	5543	5549
brief	live	src/Effect4/Laws/Machine/Witnesses.lean	596	cont	:5319-5333	internal/effect.ts	5319	5333	default	exact	changed	code	internal/effect.ts	5574	5590
brief	live	src/Effect4/Laws/Machine/Witnesses.lean	645	cont	:5370	internal/effect.ts	5370	5370	default	unconfirmed	same		internal/effect.ts	5627	5627
brief	live	src/Effect4/Laws/Machine/Witnesses.lean	668	cont	:5374	internal/effect.ts	5374	5374	default	unconfirmed	same		internal/effect.ts	5631	5631
brief	live	src/Effect4/Laws/Machine/Witnesses.lean	673	cont	:5372	internal/effect.ts	5372	5372	default	unconfirmed	same		internal/effect.ts	5629	5629
brief	live	src/Effect4/Laws/Machine/Witnesses.lean	679	cont	:5370	internal/effect.ts	5370	5370	default	named	same		internal/effect.ts	5627	5627
brief	live	src/Effect4/Laws/Machine/Witnesses.lean	685	cont	:880-883	internal/effect.ts	880	883	default	unconfirmed	same		internal/effect.ts	912	915
brief	live	src/Effect4/Laws/Machine/Witnesses.lean	697	cont	:880-883	internal/effect.ts	880	883	default	unconfirmed	same		internal/effect.ts	912	915
brief	live	src/Effect4/Laws/Machine/Witnesses.lean	706	bare	internal/effect.ts	internal/effect.ts	5454	5454	exact	unnamed	same		internal/effect.ts	5711	5711
brief	live	src/Effect4/Laws/Machine/Witnesses.lean	715	cont	:5374	internal/effect.ts	5374	5374	default	unconfirmed	same		internal/effect.ts	5631	5631
brief	live	src/Effect4/Laws/Machine/Witnesses.lean	734	cont	:5366-5376	internal/effect.ts	5366	5376	default	unconfirmed	same		internal/effect.ts	5623	5633
brief	live	src/Effect4/Laws/Machine/Witnesses.lean	770	bare	internal/effect.ts	internal/effect.ts	5366	5372	exact	exact	same		internal/effect.ts	5623	5629
brief	live	src/Effect4/Laws/Machine/Witnesses.lean	771	cont	:5457-5460	internal/effect.ts	5457	5460	block	named	same		internal/effect.ts	5714	5717
brief	live	src/Effect4/Laws/Machine/Witnesses.lean	842	cont	:5457-5460	internal/effect.ts	5457	5460	default	unconfirmed	same		internal/effect.ts	5714	5717
brief	live	src/Effect4/Laws/Machine/Witnesses.lean	887	bare	internal/effect.ts	internal/effect.ts	3813	3818	exact	unnamed	changed	code	internal/effect.ts	3980	3985
brief	live	src/Effect4/Laws/Machine/Witnesses.lean	888	cont	:3826	internal/effect.ts	3826	3826	block	unconfirmed	same		internal/effect.ts	3993	3993
brief	live	src/Effect4/Laws/Machine/Witnesses.lean	892	bare	internal/effect.ts	internal/effect.ts	3819	3826	exact	unnamed	changed	code	internal/effect.ts	3986	3993
brief	live	src/Effect4/Laws/Machine/Witnesses.lean	920	bare	internal/effect.ts	internal/effect.ts	4302	4310	exact	named	same		internal/effect.ts	4550	4558
brief	live	src/Effect4/Laws/Machine/Witnesses.lean	952	bare	Deferred.ts	Deferred.ts	1774	1784	exact	named	same		Deferred.ts	1775	1785
brief	live	src/Effect4/Laws/Machine/Witnesses.lean	967	bare	Deferred.ts	Deferred.ts	173	186	exact	named	same		Deferred.ts	174	187
brief	live	src/Effect4/Laws/Machine/Witnesses.lean	970	bare	internal/effect.ts	internal/effect.ts	1145	1160	exact	named	changed	code	internal/effect.ts	1187	1202
brief	live	src/Effect4/Laws/Machine/Witnesses.lean	999	bare	internal/effect.ts	internal/effect.ts	779	779	exact	named	same		internal/effect.ts	804	804
brief	live	src/Effect4/Laws/Machine/Witnesses.lean	1033	cont	:802	internal/effect.ts	802	802	default	unconfirmed	same		internal/effect.ts	827	827
brief	live	src/Effect4/Laws/Machine/Witnesses.lean	1044	cont	:794-808	internal/effect.ts	794	808	default	unconfirmed	same		internal/effect.ts	819	833
brief	live	src/Effect4/Laws/Machine/Witnesses.lean	1142	cont	:5500-5530	internal/effect.ts	5500	5530	default	unconfirmed	same		internal/effect.ts	5757	5787
brief	live	src/Effect4/Laws/Machine/Witnesses.lean	1151	cont	:5470-5490	internal/effect.ts	5470	5490	default	exact	same		internal/effect.ts	5727	5747
brief	live	src/Effect4/Laws/Machine/Witnesses.lean	1162	cont	:5542	internal/effect.ts	5542	5542	default	unconfirmed	same		internal/effect.ts	5799	5799
brief	live	src/Effect4/Laws/Machine/Witnesses.lean	1199	bare	Scheduler.ts	Scheduler.ts	225	233	exact	exact	same		Scheduler.ts	235	243
brief	live	src/Effect4/Laws/Machine/Witnesses.lean	1217	bare	Scheduler.ts	Scheduler.ts	207	212	exact	named	same		Scheduler.ts	217	222
brief	live	src/Effect4/Laws/Machine/Witnesses.lean	1246	bare	internal/effect.ts	internal/effect.ts	931	935	exact	exact	same		internal/effect.ts	963	967
brief	live	src/Effect4/Laws/Machine/Witnesses.lean	1247	bare	Deferred.ts	Deferred.ts	1655	1658	exact	unnamed	same		Deferred.ts	1656	1659
brief	live	src/Effect4/Laws/Machine/Witnesses.lean	1249	cont	:588-590	Deferred.ts	588	590	block	named;also:default=internal/effect.ts	same-comment		Deferred.ts	589	591
brief	live	src/Effect4/Laws/Machine/Witnesses.lean	1250	cont	:680-683	Deferred.ts	680	683	block	named;also:default=internal/effect.ts	same-comment		Deferred.ts	681	684
brief	live	src/Effect4/Laws/Machine/Witnesses.lean	1271	cont	:4021	internal/effect.ts	4021	4021	default	unconfirmed	changed	code	internal/effect.ts	4179	4184
brief	live	src/Effect4/Laws/Machine/Witnesses.lean	1293	cont	:883	internal/effect.ts	883	883	default	unconfirmed	same		internal/effect.ts	915	915
brief	live	src/Effect4/Laws/Machine/Witnesses.lean	1320	bare	internal/effect.ts	internal/effect.ts	773	773	exact	exact	same		internal/effect.ts	798	798
brief	live	src/Effect4/Laws/Machine/Witnesses.lean	1320	cont	:821	internal/effect.ts	821	821	block	named	same		internal/effect.ts	846	846
brief	live	src/Effect4/Laws/Machine/Witnesses.lean	1321	cont	:1128-1141	internal/effect.ts	1128	1141	block	unconfirmed	same		internal/effect.ts	1161	1174
brief	live	src/Effect4/Laws/Machine/Witnesses.lean	1322	cont	:1155-1159	internal/effect.ts	1155	1159	block	exact	changed	code	internal/effect.ts	1197	1201
brief	live	src/Effect4/Laws/Machine/Witnesses.lean	1376	cont	:1510-1514	internal/effect.ts	1510	1514	default	exact	changed	code	internal/effect.ts	1638	1638
brief	live	src/Effect4/Laws/Machine/Witnesses.lean	1410	bare	internal/effect.ts	internal/effect.ts	589	590	exact	unnamed	same		internal/effect.ts	570	571
brief	live	src/Effect4/Laws/Machine/Witnesses.lean	1411	cont	:639-642	internal/effect.ts	639	642	block	unconfirmed	same		internal/effect.ts	632	635
brief	live	src/Effect4/Laws/Program/Agreement.lean	111	bare	internal/effect.ts	internal/effect.ts	3800	3804	exact	unnamed	same		internal/effect.ts	3967	3971
brief	live	src/Effect4/Laws/Program/Agreement.lean	111	bare	internal/effect.ts	internal/effect.ts	4019	4030	exact	named	changed	code	internal/effect.ts	4177	4197
brief	live	src/Effect4/Laws/Program/Agreement.lean	323	bare	internal/effect.ts	internal/effect.ts	4019	4030	exact	named	changed	code	internal/effect.ts	4177	4197
brief	live	src/Effect4/Laws/Program/Agreement.lean	333	cont	:577	-	577	577	block:Compile.lean	outside	not-a-pin-citation				
brief	live	src/Effect4/Laws/Program/Agreement.lean	536	bare	internal/effect.ts	internal/effect.ts	3621	3622	exact	exact	same		internal/effect.ts	3769	3770
brief	live	src/Effect4/Laws/Program/Agreement.lean	625	bare	internal/effect.ts	internal/effect.ts	5381	5406	exact	census	same		internal/effect.ts	5638	5663
brief	live	src/Effect4/Laws/Program/Agreement.lean	1070	bare	Layer.ts	Layer.ts	1129	1129	exact	exact	same		Layer.ts	1127	1127
brief	live	src/Effect4/Laws/Program/Agreement.lean	1078	cont	:333-345	Layer.ts	333	345	tag	census	same		Layer.ts	348	360
brief	live	src/Effect4/Laws/Program/Agreement.lean	1093	cont	:1915	Layer.ts	1915	1915	tag	census	same		Layer.ts	1912	1912
brief	live	src/Effect4/Laws/Program/Agreement.lean	1108	cont	:1587	Layer.ts	1587	1587	tag	census	same		Layer.ts	1584	1584
brief	live	src/Effect4/Laws/Program/Agreement.lean	1117	cont	:3851	Layer.ts	3851	3851	tag	census	same		Layer.ts	3890	3890
brief	live	src/Effect4/Laws/Program/Agreement.lean	1123	cont	:3327	Layer.ts	3327	3327	carry	named	same		Layer.ts	3366	3366
brief	live	src/Effect4/Laws/Program/Agreement.lean	1128	cont	:1587	Layer.ts	1587	1587	carry	named	same		Layer.ts	1584	1584
brief	live	src/Effect4/Laws/Program/Agreement.lean	1141	bare	Layer.ts	Layer.ts	756	762	exact	census	same		Layer.ts	754	760
brief	live	src/Effect4/Laws/Program/Agreement.lean	1152	cont	:585-588	Layer.ts	585	588	tag	census	same		Layer.ts	583	586
brief	live	src/Effect4/Laws/Program/Agreement.lean	1164	bare	Layer.ts	Layer.ts	1920	1922	exact	census	same		Layer.ts	1917	1919
brief	live	src/Effect4/Laws/Program/Agreement.lean	1169	cont	:762	Layer.ts	762	762	tag	census	same		Layer.ts	760	760
brief	live	src/Effect4/Laws/Program/Agreement.lean	1186	cont	:974-979	Layer.ts	974	979	tag	census	same		Layer.ts	972	977
brief	live	src/Effect4/Laws/Program/Agreement.lean	1201	bare	internal/effect.ts	internal/effect.ts	2134	2134	exact	exact	same		internal/effect.ts	2237	2237
brief	live	src/Effect4/Laws/Program/Agreement.lean	1208	bare	Layer.ts	Layer.ts	1920	1923	exact	census	same		Layer.ts	1917	1920
brief	live	src/Effect4/Laws/Program/Agreement.lean	1218	cont	:2348	Layer.ts	2348	2348	tag	unconfirmed	same		Layer.ts	2345	2345
brief	live	src/Effect4/Laws/Program/Agreement.lean	1223	cont	:2800	Layer.ts	2800	2800	carry	named;also:dominant=internal/effect.ts	same		Layer.ts	2797	2797
brief	live	src/Effect4/Laws/Program/Agreement.lean	1229	bare	internal/effect.ts	internal/effect.ts	2088	2095	exact	named	changed	code	internal/effect.ts	2190	2197
brief	live	src/Effect4/Laws/Program/Agreement.lean	1260	bare	Layer.ts	Layer.ts	1600	1600	exact	census	same		Layer.ts	1597	1597
brief	live	src/Effect4/Laws/Program/Agreement.lean	1268	bare	internal/layer.ts	internal/layer.ts	8	22	exact	census	same		internal/layer.ts	8	22
brief	live	src/Effect4/Laws/Program/Agreement.lean	1287	bare	internal/layer.ts	internal/layer.ts	20	20	exact	census	same		internal/layer.ts	20	20
brief	live	src/Effect4/Laws/Program/Agreement.lean	1295	bare	internal/effect.ts	internal/effect.ts	2196	2196	exact	unnamed	same		internal/effect.ts	2301	2301
brief	live	src/Effect4/Laws/Program/Agreement.lean	1301	bare	internal/effect.ts	internal/effect.ts	3967	3967	exact	unnamed	same		internal/effect.ts	4130	4130
brief	live	src/Effect4/Laws/Program/Agreement.lean	1307	bare	internal/effect.ts	internal/effect.ts	3938	3948	exact	exact	changed	code	internal/effect.ts	4100	4110
brief	live	src/Effect4/Laws/Program/Agreement.lean	1326	cont	:3944-3947	internal/effect.ts	3944	3947	tag	unconfirmed	changed	code	internal/effect.ts	4106	4110
brief	live	src/Effect4/Laws/Program/Agreement/Machine.lean	812	bare	effect.ts	internal/effect.ts	647	655	suffix	unnamed	changed	code	internal/effect.ts	641	650
brief	live	src/Effect4/Laws/Program/Agreement/Machine.lean	812	bare	effect.ts	internal/effect.ts	982	990	suffix	unnamed	same		internal/effect.ts	1014	1022
brief	live	src/Effect4/Laws/Program/Agreement/Machine.lean	1475	bare	effect.ts	internal/effect.ts	647	655	suffix	unnamed	changed	code	internal/effect.ts	641	650
brief	live	src/Effect4/Laws/Program/Agreement/Machine.lean	1475	bare	effect.ts	internal/effect.ts	982	990	suffix	unnamed	same		internal/effect.ts	1014	1022
brief	live	src/Effect4/Laws/Program/Agreement/Machine.lean	1520	bare	effect.ts	internal/effect.ts	982	990	suffix	unnamed	same		internal/effect.ts	1014	1022
brief	live	src/Effect4/Laws/Program/Agreement/Machine.lean	1540	bare	effect.ts	internal/effect.ts	629	655	suffix	unnamed	changed	code	internal/effect.ts	622	650
brief	live	src/Effect4/Laws/Program/Denote.lean	17	cont	:593	-	593	593	block:src/Effect4/Program/Compile.lean	named	not-a-pin-citation				
brief	live	src/Effect4/Laws/Program/Denote.lean	18	cont	:602	-	602	602	block:src/Effect4/Program/Compile.lean	named	not-a-pin-citation				
brief	live	src/Effect4/Laws/Program/Denote.lean	18	cont	:552	-	552	552	block:src/Effect4/Program/Compile.lean	unconfirmed	not-a-pin-citation				
brief	live	src/Effect4/Laws/Program/Denote.lean	18	cont	:574	-	574	574	block:src/Effect4/Program/Compile.lean	named	not-a-pin-citation				
brief	live	src/Effect4/Laws/Program/Denote.lean	18	cont	:693	-	693	693	block:src/Effect4/Program/Compile.lean	named	not-a-pin-citation				
brief	live	src/Effect4/Laws/Program/Denote.lean	51	cont	:577	-	577	577	block:Compile.lean	outside	not-a-pin-citation				
brief	live	src/Effect4/Laws/Program/Denote.lean	67	cont	:286-289	-	286	289	carry:Compile.lean	outside	not-a-pin-citation				
brief	live	src/Effect4/Laws/Program/Denote.lean	70	cont	:290-293	-	290	293	read:-	read	not-a-pin-citation				
brief	live	src/Effect4/Laws/Program/Denote.lean	74	cont	:294-297	-	294	297	carry:Compile.lean	outside	not-a-pin-citation				
brief	live	src/Effect4/Laws/Program/Denote.lean	77	cont	:302	-	302	302	carry:Compile.lean	outside	not-a-pin-citation				
brief	live	src/Effect4/Laws/Program/Denote.lean	77	cont	:593-598	-	593	598	carry:Compile.lean	outside	not-a-pin-citation				
brief	live	src/Effect4/Laws/Program/Denote.lean	79	cont	:303	-	303	303	carry:Compile.lean	outside	not-a-pin-citation				
brief	live	src/Effect4/Laws/Program/Denote.lean	79	cont	:602-614	-	602	614	carry:Compile.lean	outside	not-a-pin-citation				
brief	live	src/Effect4/Laws/Program/Denote.lean	81	cont	:304-318	-	304	318	carry:Compile.lean	outside	not-a-pin-citation				
brief	live	src/Effect4/Laws/Program/Denote.lean	92	cont	:319	-	319	319	carry:Compile.lean	outside	not-a-pin-citation				
brief	live	src/Effect4/Laws/Program/Denote.lean	92	cont	:553	-	553	553	carry:Compile.lean	outside	not-a-pin-citation				
brief	live	src/Effect4/Laws/Program/Denote.lean	101	cont	:326	-	326	326	carry:Compile.lean	outside	not-a-pin-citation				
brief	live	src/Effect4/Laws/Program/Denote.lean	104	cont	:321	-	321	321	carry:Compile.lean	outside	not-a-pin-citation				
brief	live	src/Effect4/Laws/Program/Denote.lean	104	cont	:575	-	575	575	carry:Compile.lean	outside	not-a-pin-citation				
brief	live	src/Effect4/Laws/Program/Denote.lean	109	cont	:322-324	-	322	324	carry:Compile.lean	outside	not-a-pin-citation				
brief	live	src/Effect4/Laws/Program/Denote.lean	109	cont	:554	-	554	554	carry:Compile.lean	outside	not-a-pin-citation				
brief	live	src/Effect4/Laws/Program/Denote.lean	109	cont	:576	-	576	576	carry:Compile.lean	outside	not-a-pin-citation				
brief	live	src/Effect4/Laws/Program/Denote.lean	113	cont	:325	-	325	325	carry:Compile.lean	outside	not-a-pin-citation				
brief	live	src/Effect4/Laws/Program/Denote.lean	113	cont	:695	-	695	695	carry:Compile.lean	outside	not-a-pin-citation				
brief	live	src/Effect4/Laws/Program/Denote.lean	114	cont	:555	-	555	555	carry:Compile.lean	outside	not-a-pin-citation				
brief	live	src/Effect4/Laws/Program/Denote.lean	114	cont	:577	-	577	577	carry:Compile.lean	outside	not-a-pin-citation				
brief	live	src/Effect4/Laws/Program/DenoteR.lean	75	bare	internal/effect.ts	internal/effect.ts	4021	4029	exact	unnamed	changed	code	internal/effect.ts	4179	4197
brief	live	src/Effect4/Laws/Program/DenoteR.lean	201	cont	:5381-5406	internal/effect.ts	5381	5406	carry	exact	same		internal/effect.ts	5638	5663
brief	live	src/Effect4/Laws/Program/DenoteR.lean	257	bare	internal/effect.ts	internal/effect.ts	3983	3983	exact	unnamed	same		internal/effect.ts	4146	4146
brief	live	src/Effect4/Laws/Program/DenoteR.lean	257	cont	:2180-2199	internal/effect.ts	2180	2199	block	unconfirmed	same		internal/effect.ts	2285	2304
brief	live	src/Effect4/Laws/Program/DenoteR.lean	271	bare	Layer.ts	Layer.ts	343	343	exact	named	same		Layer.ts	358	358
brief	live	src/Effect4/Laws/Program/DenoteR.lean	275	bare	Layer.ts	Layer.ts	401	410	exact	named	removed	code	Layer.ts		
brief	live	src/Effect4/Laws/Program/DenoteR.lean	282	cont	:414-417	Layer.ts	414	417	carry	exact	removed	code	Layer.ts		
brief	live	src/Effect4/Laws/Program/DenoteR.lean	293	bare	internal/effect.ts	internal/effect.ts	2087	2096	exact	exact	changed	code	internal/effect.ts	2189	2199
brief	live	src/Effect4/Laws/Program/DenoteR.lean	294	cont	:2090	internal/effect.ts	2090	2090	block	named;also:dominant=Layer.ts	same		internal/effect.ts	2192	2192
brief	live	src/Effect4/Laws/Program/DenoteR.lean	295	cont	:2091-2095	internal/effect.ts	2091	2095	block	named;also:dominant=Layer.ts	changed	code	internal/effect.ts	2193	2197
brief	live	src/Effect4/Laws/Program/DenoteR.lean	307	bare	internal/effect.ts	internal/effect.ts	3847	3858	exact	exact	same		internal/effect.ts	4012	4023
brief	live	src/Effect4/Laws/Program/DenoteR.lean	317	bare	Layer.ts	Layer.ts	1440	1440	exact	named	same-comment		Layer.ts	1438	1438
brief	live	src/Effect4/Laws/Program/DenoteR.lean	317	cont	:1515	Layer.ts	1515	1515	block	named	same-comment		Layer.ts	1513	1513
brief	live	src/Effect4/Laws/Program/DenoteR.lean	324	bare	Layer.ts	Layer.ts	762	762	exact	exact	same		Layer.ts	760	760
brief	live	src/Effect4/Laws/Program/DenoteR.lean	332	bare	Layer.ts	Layer.ts	1923	1923	exact	exact	same		Layer.ts	1920	1920
brief	live	src/Effect4/Laws/Program/DenoteR.lean	343	bare	Layer.ts	Layer.ts	1600	1600	exact	exact	same		Layer.ts	1597	1597
brief	live	src/Effect4/Laws/Program/DenoteR.lean	344	bare	internal/effect.ts	internal/effect.ts	4950	4951	exact	unnamed	same		internal/effect.ts	5203	5204
brief	live	src/Effect4/Laws/Program/DenoteR.lean	359	bare	Layer.ts	Layer.ts	756	765	exact	named	same		Layer.ts	754	763
brief	live	src/Effect4/Laws/Program/DenoteR.lean	365	bare	Layer.ts	Layer.ts	333	345	exact	exact	same		Layer.ts	348	360
brief	live	src/Effect4/Laws/Program/DenoteR.lean	373	bare	Layer.ts	Layer.ts	445	457	exact	exact	changed	code	Layer.ts	430	455
brief	live	src/Effect4/Laws/Program/DenoteR.lean	374	cont	:439-440	Layer.ts	439	440	block	unconfirmed	changed	code	Layer.ts	423	425
brief	live	src/Effect4/Laws/Program/DenoteR.lean	375	cont	:400	Layer.ts	400	400	block	unconfirmed	removed	code	Layer.ts		
brief	live	src/Effect4/Laws/Program/DenoteR.lean	375	cont	:390-419	Layer.ts	390	419	block	exact	removed	code	Layer.ts		
brief	live	src/Effect4/Laws/Program/DenoteR.lean	394	bare	Layer.ts	Layer.ts	1915	1923	exact	named	same		Layer.ts	1912	1920
brief	live	src/Effect4/Laws/Program/DenoteR.lean	404	bare	Layer.ts	Layer.ts	1597	1597	exact	named	same		Layer.ts	1594	1594
brief	live	src/Effect4/Laws/Program/DenoteR.lean	405	bare	internal/effect.ts	internal/effect.ts	4851	4851	exact	unnamed	same		internal/effect.ts	5117	5117
brief	live	src/Effect4/Laws/Program/DenoteR.lean	409	bare	Layer.ts	Layer.ts	1597	1600	exact	unnamed	same		Layer.ts	1594	1597
brief	live	src/Effect4/Laws/Program/DenoteR.lean	432	bare	Layer.ts	Layer.ts	1587	1602	exact	exact	same		Layer.ts	1584	1599
brief	live	src/Effect4/Laws/Program/DenoteR.lean	440	bare	Layer.ts	Layer.ts	1597	1600	exact	exact	same		Layer.ts	1594	1597
brief	live	src/Effect4/Laws/Program/DenoteR.lean	460	bare	Layer.ts	Layer.ts	1587	1602	exact	named	same		Layer.ts	1584	1599
brief	live	src/Effect4/Laws/Program/DenoteR.lean	492	bare	internal/effect.ts	internal/effect.ts	3621	3622	exact	exact	same		internal/effect.ts	3769	3770
brief	live	src/Effect4/Laws/Program/DenoteR.lean	522	bare	internal/effect.ts	internal/effect.ts	3966	3967	exact	named	same		internal/effect.ts	4129	4130
brief	live	src/Effect4/Laws/Program/DenoteR.lean	522	bare	internal/layer.ts	internal/layer.ts	15	21	exact	named	same		internal/layer.ts	15	21
brief	live	src/Effect4/Laws/Program/DenoteR.lean	552	bare	internal/effect.ts	internal/effect.ts	2196	2196	exact	unnamed	same		internal/effect.ts	2301	2301
brief	live	src/Effect4/Laws/Program/DenoteR.lean	653	bare	internal/effect.ts	internal/effect.ts	3938	3948	exact	named	changed	code	internal/effect.ts	4100	4110
brief	live	src/Effect4/Laws/Program/DenoteR.lean	655	bare	internal/effect.ts	internal/effect.ts	3971	3987	exact	exact	same		internal/effect.ts	4134	4150
brief	live	src/Effect4/Laws/Program/DenoteR.lean	663	bare	internal/effect.ts	internal/effect.ts	3966	3966	exact	named	same		internal/effect.ts	4129	4129
brief	live	src/Effect4/Laws/Program/DenoteR.lean	665	bare	internal/layer.ts	internal/layer.ts	15	21	exact	exact	same		internal/layer.ts	15	21
brief	live	src/Effect4/Laws/Program/DenoteR.lean	670	bare	internal/effect.ts	internal/effect.ts	2059	2059	exact	exact	same		internal/effect.ts	2161	2161
brief	live	src/Effect4/Laws/Program/DenoteR.lean	673	cont	:2232	internal/effect.ts	2232	2232	carry	exact	same		internal/effect.ts	2337	2337
brief	live	src/Effect4/Laws/Program/DenoteR.lean	681	bare	Layer.ts	Layer.ts	1129	1129	exact	exact	same		Layer.ts	1127	1127
brief	live	src/Effect4/Laws/Program/DenoteR.lean	682	cont	:3851	Layer.ts	3851	3851	block	named;also:global=internal/effect.ts	same		Layer.ts	3890	3890
brief	live	src/Effect4/Laws/Program/DenoteR.lean	683	cont	:3327	Layer.ts	3327	3327	block	named;also:global=internal/effect.ts	same		Layer.ts	3366	3366
brief	live	src/Effect4/Laws/Program/DenoteR.lean	685	cont	:333-345	Layer.ts	333	345	block	named	same		Layer.ts	348	360
brief	live	src/Effect4/Laws/Program/DenoteR.lean	685	cont	:386	Layer.ts	386	386	block	named	same		Layer.ts	401	401
brief	live	src/Effect4/Laws/Program/DenoteR.lean	685	cont	:1482	Layer.ts	1482	1482	block	named	same-comment		Layer.ts	1480	1480
brief	live	src/Effect4/Laws/Program/DenoteR.lean	686	cont	:1915	Layer.ts	1915	1915	block	named;also:global=internal/effect.ts	same		Layer.ts	1912	1912
brief	live	src/Effect4/Laws/Program/DenoteR.lean	686	cont	:1587	Layer.ts	1587	1587	block	exact	same		Layer.ts	1584	1584
brief	live	src/Effect4/Laws/Program/DenoteR.lean	701	bare	Layer.ts	Layer.ts	3328	3328	exact	named	same		Layer.ts	3367	3367
brief	live	src/Effect4/Laws/Program/EvaluateR.lean	170	bare	internal/effect.ts	internal/effect.ts	3938	3948	exact	unnamed	changed	code	internal/effect.ts	4100	4110
brief	live	src/Effect4/Laws/Program/EvaluateR.lean	193	bare	internal/effect.ts	internal/effect.ts	4021	4029	exact	unnamed	changed	code	internal/effect.ts	4179	4197
brief	live	src/Effect4/Laws/Program/EvaluateR.lean	307	bare	internal/effect.ts	internal/effect.ts	3944	3947	exact	unnamed	changed	code	internal/effect.ts	4106	4110
brief	live	src/Effect4/Laws/Program/Handles/Alphabet.lean	30	bare	internal/effect.ts	internal/effect.ts	767	769	exact	unnamed	same		internal/effect.ts	792	794
brief	live	src/Effect4/Laws/Program/Handles/Alphabet.lean	30	bare	internal/effect.ts	internal/effect.ts	814	816	exact	unnamed	same		internal/effect.ts	839	841
brief	live	src/Effect4/Laws/Program/Handles/Evaluation.lean	169	bare	internal/effect.ts	internal/effect.ts	3938	3948	exact	unnamed	changed	code	internal/effect.ts	4100	4110
brief	live	src/Effect4/Laws/Program/Handles/Evaluation.lean	192	bare	internal/effect.ts	internal/effect.ts	3944	3947	exact	unnamed	changed	code	internal/effect.ts	4106	4110
brief	live	src/Effect4/Laws/Program/InterpR.lean	108	bare	internal/effect.ts	internal/effect.ts	3978	3986	exact	unnamed	same		internal/effect.ts	4141	4149
brief	live	src/Effect4/Laws/Program/InterpR.lean	131	bare	internal/effect.ts	internal/effect.ts	3617	3617	exact	unnamed	same		internal/effect.ts	3765	3765
brief	live	src/Effect4/Laws/Program/InterpR.lean	131	cont	:3621-3637	internal/effect.ts	3621	3637	block	named	changed	code	internal/effect.ts	3769	3785
brief	live	src/Effect4/Laws/Program/InterpR.lean	155	bare	internal/effect.ts	internal/effect.ts	3782	3797	exact	named	changed	code	internal/effect.ts	3939	3953
brief	live	src/Effect4/Laws/Program/InterpR.lean	157	cont	:3945	internal/effect.ts	3945	3945	block	unconfirmed	same		internal/effect.ts	4107	4107
brief	live	src/Effect4/Laws/Program/InterpR.lean	167	cont	:3775-3776	internal/effect.ts	3775	3776	carry	exact	changed	code	internal/effect.ts	3929	3935
brief	live	src/Effect4/Laws/Program/InterpR.lean	172	bare	Scope.ts	Scope.ts	567	567	exact	exact	changed	erased	Scope.ts	568	595
brief	live	src/Effect4/Laws/Program/InterpR.lean	173	cont	:3788-3789	internal/effect.ts	3788	3789	dominant	unconfirmed	changed	code	internal/effect.ts	3940	3943
brief	live	src/Effect4/Laws/Program/InterpR.lean	173	cont	:3794-3795	internal/effect.ts	3794	3795	dominant	unconfirmed	changed	code	internal/effect.ts	3945	3951
brief	live	src/Effect4/Laws/Program/InterpR.lean	199	bare	internal/effect.ts	internal/effect.ts	1510	1514	exact	unnamed	changed	code	internal/effect.ts	1638	1638
brief	live	src/Effect4/Laws/Program/Intro/AcquireRelease.lean	45	bare	internal/effect.ts	internal/effect.ts	2180	2199	exact	exact	same		internal/effect.ts	2285	2304
brief	live	src/Effect4/Laws/Program/Intro/AcquireRelease.lean	104	bare	internal/effect.ts	internal/effect.ts	3977	3986	exact	unnamed	same		internal/effect.ts	4140	4149
brief	live	src/Effect4/Laws/Program/Intro/Layer.lean	249	bare	internal/layer.ts	internal/layer.ts	15	21	exact	named	same		internal/layer.ts	15	21
brief	live	src/Effect4/Laws/Program/Intro/Memo.lean	16	bare	Layer.ts	Layer.ts	333	345	exact	exact	same		Layer.ts	348	360
brief	live	src/Effect4/Laws/Program/Intro/Memo.lean	55	bare	Layer.ts	Layer.ts	445	457	exact	exact	changed	code	Layer.ts	430	455
brief	live	src/Effect4/Laws/Program/Intro/Memo.lean	138	bare	Layer.ts	Layer.ts	756	765	exact	named	same		Layer.ts	754	763
brief	live	src/Effect4/Laws/Program/Intro/Memo.lean	182	bare	Layer.ts	Layer.ts	1915	1923	exact	unnamed	same		Layer.ts	1912	1920
brief	live	src/Effect4/Laws/Program/Intro/Merge.lean	16	bare	Layer.ts	Layer.ts	1587	1602	exact	exact	same		Layer.ts	1584	1599
brief	live	src/Effect4/Laws/Program/Intro/Merge.lean	144	bare	Layer.ts	Layer.ts	1597	1600	exact	exact	same		Layer.ts	1594	1597
brief	live	src/Effect4/Laws/Program/Intro/Merge.lean	230	bare	Layer.ts	Layer.ts	1587	1602	exact	exact	same		Layer.ts	1584	1599
brief	live	src/Effect4/Laws/Program/Intro/Region.lean	22	bare	Layer.ts	Layer.ts	408	408	exact	unnamed	removed	code	Layer.ts		
brief	live	src/Effect4/Laws/Program/Intro/Region.lean	27	bare	Layer.ts	Layer.ts	343	343	exact	named	same		Layer.ts	358	358
brief	live	src/Effect4/Laws/Program/Intro/Region.lean	39	bare	Layer.ts	Layer.ts	401	410	exact	named	removed	code	Layer.ts		
brief	live	src/Effect4/Laws/Program/Intro/Region.lean	62	bare	Layer.ts	Layer.ts	414	417	exact	exact	removed	code	Layer.ts		
brief	live	src/Effect4/Laws/Program/Intro/Region.lean	70	bare	internal/effect.ts	internal/effect.ts	2092	2095	exact	unnamed	changed	code	internal/effect.ts	2194	2197
brief	live	src/Effect4/Laws/Program/Intro/Region.lean	86	bare	internal/effect.ts	internal/effect.ts	2087	2096	exact	exact	changed	code	internal/effect.ts	2189	2199
brief	live	src/Effect4/Laws/Program/Intro/Region.lean	119	bare	internal/effect.ts	internal/effect.ts	3847	3858	exact	exact	same		internal/effect.ts	4012	4023
brief	live	src/Effect4/Laws/Program/Means.lean	115	bare	Layer.ts	Layer.ts	445	445	exact	exact	same		Layer.ts	430	430
brief	live	src/Effect4/Laws/Program/Sched.lean	70	bare	internal/effect.ts	internal/effect.ts	1510	1514	exact	unnamed	changed	code	internal/effect.ts	1638	1638
brief	live	src/Effect4/Laws/Program/Sched.lean	75	bare	internal/effect.ts	internal/effect.ts	3977	3986	exact	named	same		internal/effect.ts	4140	4149
brief	live	src/Effect4/Laws/Program/Sched.lean	79	cont	:2180-2199	internal/effect.ts	2180	2199	carry	exact	same		internal/effect.ts	2285	2304
brief	live	src/Effect4/Laws/Program/Sched.lean	82	bare	Layer.ts	Layer.ts	1597	1597	exact	unnamed	same		Layer.ts	1594	1594
brief	live	src/Effect4/Laws/Program/Sched.lean	107	bare	internal/effect.ts	internal/effect.ts	871	884	exact	unnamed	same		internal/effect.ts	903	916
brief	live	src/Effect4/Laws/Program/Sched.lean	123	bare	internal/effect.ts	internal/effect.ts	1493	1493	exact	unnamed	same		internal/effect.ts	1622	1622
brief	live	src/Effect4/Laws/Program/Sched.lean	135	bare	Context.ts	Context.ts	423	423	exact	unnamed	same		Context.ts	423	423
brief	live	src/Effect4/Laws/Program/Sched.lean	138	bare	internal/effect.ts	internal/effect.ts	1199	1208	exact	exact	same		internal/effect.ts	1243	1252
brief	live	src/Effect4/Laws/Program/Sched.lean	139	cont	:3806	internal/effect.ts	3806	3806	block	named	same		internal/effect.ts	3973	3973
brief	live	src/Effect4/Laws/Program/Sched.lean	141	cont	:1356-1372	internal/effect.ts	1356	1372	carry	exact	changed	code	internal/effect.ts	1408	1424
brief	live	src/Effect4/Laws/Program/ScopedTyping.lean	8	full	vendor/effect-4.0.0-rc.112/src/Effect.ts	Effect.ts	12815	12817	full	unnamed	same		Effect.ts	12940	12942
brief	live	src/Effect4/Laws/Program/Simulation/Deliver.lean	402	bare	internal/effect.ts	internal/effect.ts	3784	3784	exact	unnamed	removed	code	internal/effect.ts		
brief	live	src/Effect4/Laws/Program/TyView.lean	31	full	vendor/effect-4.0.0-rc.112/src/Option.ts	Option.ts	55	55	full	unnamed	same		Option.ts	55	55
brief	live	src/Effect4/Laws/Program/TyView.lean	35	full	vendor/effect-4.0.0-rc.112/src/Exit.ts	Exit.ts	59	59	full	unnamed	same		Exit.ts	59	59
brief	live	src/Effect4/Laws/Program/TyView.lean	36	full	vendor/effect-4.0.0-rc.112/src/Cause.ts	Cause.ts	75	75	full	unnamed	same		Cause.ts	75	75
brief	live	src/Effect4/Laws/Program/TyView.lean	37	full	vendor/effect-4.0.0-rc.112/src/Fiber.ts	Fiber.ts	70	70	full	unnamed	same		Fiber.ts	71	71
brief	live	src/Effect4/Laws/Program/TyView.lean	40	full	vendor/effect-4.0.0-rc.112/src/Ref.ts	Ref.ts	59	59	full	unnamed	same		Ref.ts	59	59
brief	live	src/Effect4/Laws/Program/TyView.lean	41	full	vendor/effect-4.0.0-rc.112/src/Deferred.ts	Deferred.ts	58	58	full	unnamed	same		Deferred.ts	58	58
brief	live	src/Effect4/Laws/Program/TyView.lean	1043	full	vendor/effect-4.0.0-rc.112/src/Option.ts	Option.ts	55	55	full	unnamed	same		Option.ts	55	55
brief	live	src/Effect4/Laws/Program/TyView.lean	1051	full	vendor/effect-4.0.0-rc.112/src/Exit.ts	Exit.ts	59	59	full	unnamed	same		Exit.ts	59	59
brief	live	src/Effect4/Laws/Program/TyView.lean	1053	full	vendor/effect-4.0.0-rc.112/src/Cause.ts	Cause.ts	75	75	full	unnamed	same		Cause.ts	75	75
brief	live	src/Effect4/Laws/Program/TyView.lean	1055	full	vendor/effect-4.0.0-rc.112/src/Fiber.ts	Fiber.ts	70	70	full	unnamed	same		Fiber.ts	71	71
brief	live	src/Effect4/Laws/Program/TyView.lean	1057	full	vendor/effect-4.0.0-rc.112/src/Ref.ts	Ref.ts	59	59	full	unnamed	same		Ref.ts	59	59
brief	live	src/Effect4/Laws/Program/TyView.lean	1059	full	vendor/effect-4.0.0-rc.112/src/Deferred.ts	Deferred.ts	58	58	full	unnamed	same		Deferred.ts	58	58
brief	live	src/Effect4/Laws/Program/Typed.lean	1880	cont	:232	-	232	232	block:Native.lean	outside	not-a-pin-citation				
brief	live	src/Effect4/Laws/Program/Typed/Adequacy.lean	1442	bare	internal/effect.ts	internal/effect.ts	3973	3973	exact	named	same		internal/effect.ts	4136	4136
brief	live	src/Effect4/Laws/Program/Typed/Adequacy.lean	1444	cont	:3849	internal/effect.ts	3849	3849	block	exact	same		internal/effect.ts	4014	4014
brief	live	src/Effect4/Laws/Program/Typed/Adequacy.lean	1459	bare	internal/effect.ts	internal/effect.ts	3849	3849	exact	exact	same		internal/effect.ts	4014	4014
brief	live	src/Effect4/Laws/Program/Typed/Adequacy.lean	1530	bare	internal/effect.ts	internal/effect.ts	3944	3947	exact	unnamed	changed	code	internal/effect.ts	4106	4110
brief	live	src/Effect4/Laws/Program/Typed/Admission.lean	171	bare	internal/effect.ts	internal/effect.ts	3849	3849	exact	exact	same		internal/effect.ts	4014	4014
brief	live	src/Effect4/Laws/Program/Typed/Admission.lean	174	cont	:3973	internal/effect.ts	3973	3973	block	exact	same		internal/effect.ts	4136	4136
brief	live	src/Effect4/Laws/Program/Typed/Admission.lean	188	bare	Layer.ts	Layer.ts	414	417	exact	exact	removed	code	Layer.ts		
brief	live	src/Effect4/Laws/Program/Typed/Assembly.lean	24	cont	:2139-2140	-	2139	2140	block:src/Effect4/Machine/Fibers.lean	named	not-a-pin-citation				
brief	live	src/Effect4/Laws/Program/Typed/Assembly.lean	46	cont	:1857-1860	-	1857	1860	dominant:src/Effect4/Machine/Fibers.lean	named	not-a-pin-citation				
brief	live	src/Effect4/Laws/Program/Typed/Assembly.lean	47	cont	:1861-1864	-	1861	1864	dominant:src/Effect4/Machine/Fibers.lean	exact	not-a-pin-citation				
brief	live	src/Effect4/Laws/Program/Typed/Assembly.lean	48	cont	:1983-1988	-	1983	1988	dominant:src/Effect4/Machine/Fibers.lean	named	not-a-pin-citation				
brief	live	src/Effect4/Laws/Program/Typed/Assembly.lean	48	cont	:1772-1803	-	1772	1803	dominant:src/Effect4/Machine/Fibers.lean	named	not-a-pin-citation				
brief	live	src/Effect4/Laws/Program/Typed/Assembly.lean	49	cont	:1912-1931	-	1912	1931	dominant:src/Effect4/Machine/Fibers.lean	named	not-a-pin-citation				
brief	live	src/Effect4/Laws/Program/Typed/Assembly.lean	50	cont	:1939-1944	-	1939	1944	dominant:src/Effect4/Machine/Fibers.lean	exact	not-a-pin-citation				
brief	live	src/Effect4/Laws/Program/Typed/Assembly.lean	51	cont	:1945-1955	-	1945	1955	dominant:src/Effect4/Machine/Fibers.lean	exact	not-a-pin-citation				
brief	live	src/Effect4/Laws/Program/Typed/Assembly.lean	52	cont	:1971-1979	-	1971	1979	dominant:src/Effect4/Machine/Fibers.lean	exact	not-a-pin-citation				
brief	live	src/Effect4/Laws/Program/Typed/Assembly.lean	55	cont	:1849-1856	-	1849	1856	dominant:src/Effect4/Machine/Fibers.lean	named	not-a-pin-citation				
brief	live	src/Effect4/Laws/Program/Typed/Assembly.lean	55	cont	:1865-1878	-	1865	1878	dominant:src/Effect4/Machine/Fibers.lean	exact	not-a-pin-citation				
brief	live	src/Effect4/Laws/Program/Typed/Assembly.lean	56	cont	:1879-1911	-	1879	1911	dominant:src/Effect4/Machine/Fibers.lean	named	not-a-pin-citation				
brief	live	src/Effect4/Laws/Program/Typed/Assembly.lean	58	cont	:803-824	-	803	824	dominant:src/Effect4/Machine/Fibers.lean	exact;also:block=src/Effect4/Laws/Machine/Lift.lean,global=internal/effect.ts,plain=Test/Counterexamples/Machine/Semantics/StaleCode.lean	not-a-pin-citation				
brief	live	src/Effect4/Laws/Program/Typed/Assembly.lean	345	cont	:1474-1489	-	1474	1489	block:src/Effect4/Machine/Fibers.lean	named	not-a-pin-citation				
brief	live	src/Effect4/Laws/Program/Typed/Assembly.lean	345	cont	:1005-1036	-	1005	1036	block:src/Effect4/Machine/Fibers.lean	exact	not-a-pin-citation				
brief	live	src/Effect4/Laws/Program/Typed/Assembly.lean	352	cont	:709-716	-	709	716	carry:src/Effect4/Machine/Fibers.lean	exact	not-a-pin-citation				
brief	live	src/Effect4/Laws/Program/Typed/Assembly.lean	394	cont	:1474-1489	-	1474	1489	carry:src/Effect4/Machine/Stores.lean	named;also:dominant=src/Effect4/Machine/Fibers.lean	not-a-pin-citation				
brief	live	src/Effect4/Laws/Program/Typed/Assembly.lean	394	cont	:1005-1036	-	1005	1036	dominant:src/Effect4/Machine/Fibers.lean	exact;skipped:carry=src/Effect4/Machine/Stores.lean	not-a-pin-citation				
brief	live	src/Effect4/Laws/Program/Typed/Assembly.lean	1000	bare	internal/effect.ts	internal/effect.ts	3973	3973	exact	named	same		internal/effect.ts	4136	4136
brief	live	src/Effect4/Laws/Program/Typed/Assembly.lean	1190	bare	Effect.ts	Effect.ts	17494	17497	exact	named	same		Effect.ts	18028	18031
brief	live	src/Effect4/Laws/Program/Typed/Assembly.lean	1209	bare	Effect.ts	Effect.ts	17494	17497	exact	exact	same		Effect.ts	18028	18031
brief	live	src/Effect4/Laws/Program/Typed/Assembly.lean	1707	bare	Effect.ts	Effect.ts	17494	17497	exact	exact	same		Effect.ts	18028	18031
brief	live	src/Effect4/Laws/Program/Typed/Body.lean	20	bare	internal/effect.ts	internal/effect.ts	3978	3986	exact	named	same		internal/effect.ts	4141	4149
brief	live	src/Effect4/Laws/Program/Typed/Commands/Bookkeeping.lean	1926	cont	:1831-1840	-	1831	1840	block:src/Effect4/Machine/Fibers.lean	exact	not-a-pin-citation				
brief	live	src/Effect4/Laws/Program/Typed/Commands/Bookkeeping.lean	2656	bare	internal/effect.ts	internal/effect.ts	3778	3798	exact	named	changed	code	internal/effect.ts	3938	3954
brief	live	src/Effect4/Laws/Program/Typed/Commands/Clauses/Answer.lean	54	cont	:857	internal/effect.ts	857	857	global	named	same		internal/effect.ts	889	889
brief	live	src/Effect4/Laws/Program/Typed/Commands/Clauses/Async.lean	11	bare	Deferred.ts	Deferred.ts	173	177	exact	exact	same		Deferred.ts	174	178
brief	live	src/Effect4/Laws/Program/Typed/Commands/Clauses/Async.lean	81	bare	internal/effect.ts	internal/effect.ts	6063	6063	exact	exact	same		internal/effect.ts	6322	6322
brief	live	src/Effect4/Laws/Program/Typed/Commands/Clauses/Async.lean	91	bare	Deferred.ts	Deferred.ts	178	185	exact	unnamed	same		Deferred.ts	179	186
brief	live	src/Effect4/Laws/Program/Typed/Commands/Clauses/Close.lean	9	bare	internal/effect.ts	internal/effect.ts	3800	3830	exact	exact	changed	code	internal/effect.ts	3967	3997
brief	live	src/Effect4/Laws/Program/Typed/Commands/Clauses/Close.lean	38	bare	internal/effect.ts	internal/effect.ts	3617	3617	exact	unnamed	same		internal/effect.ts	3765	3765
brief	live	src/Effect4/Laws/Program/Typed/Commands/Clauses/Close.lean	202	bare	internal/effect.ts	internal/effect.ts	3823	3826	exact	named	same		internal/effect.ts	3990	3993
brief	live	src/Effect4/Laws/Program/Typed/Commands/Clauses/Close.lean	267	bare	internal/effect.ts	internal/effect.ts	3819	3826	exact	unnamed	changed	code	internal/effect.ts	3986	3993
brief	live	src/Effect4/Laws/Program/Typed/Commands/Clauses/Command.lean	10	cont	:1005-1037	-	1005	1037	block:src/Effect4/Machine/Fibers.lean	exact	not-a-pin-citation				
brief	live	src/Effect4/Laws/Program/Typed/Commands/Clauses/Command.lean	11	cont	:1434-1441	-	1434	1441	block:src/Effect4/Machine/Fibers.lean	exact	not-a-pin-citation				
brief	live	src/Effect4/Laws/Program/Typed/Commands/Clauses/Command.lean	38	bare	internal/effect.ts	internal/effect.ts	888	915	exact	named	same		internal/effect.ts	920	947
brief	live	src/Effect4/Laws/Program/Typed/Commands/Clauses/Command.lean	246	bare	internal/effect.ts	internal/effect.ts	773	773	exact	unnamed	same		internal/effect.ts	798	798
brief	live	src/Effect4/Laws/Program/Typed/Commands/Clauses/Command.lean	300	cont	:1026-1027	-	1026	1027	carry:src/Effect4/Machine/Fibers.lean	unconfirmed	not-a-pin-citation				
brief	live	src/Effect4/Laws/Program/Typed/Commands/Clauses/Command.lean	310	cont	:1028-1037	-	1028	1037	carry:src/Effect4/Machine/Fibers.lean	unconfirmed	not-a-pin-citation				
brief	live	src/Effect4/Laws/Program/Typed/Commands/Clauses/Command.lean	331	bare	internal/effect.ts	internal/effect.ts	5447	5461	exact	unnamed	same		internal/effect.ts	5704	5718
brief	live	src/Effect4/Laws/Program/Typed/Commands/Clauses/Gen.lean	10	bare	internal/effect.ts	internal/effect.ts	1175	1196	exact	exact	changed	code	internal/effect.ts	1217	1240
brief	live	src/Effect4/Laws/Program/Typed/Commands/Clauses/Iter.lean	9	bare	internal/effect.ts	internal/effect.ts	1175	1196	exact	exact	changed	code	internal/effect.ts	1217	1240
brief	live	src/Effect4/Laws/Program/Typed/Commands/Clauses/Park.lean	388	bare	internal/effect.ts	internal/effect.ts	986	992	exact	unnamed	same		internal/effect.ts	1018	1024
brief	live	src/Effect4/Laws/Program/Typed/Commands/Clauses/Park.lean	486	cont	:662-667	internal/effect.ts	662	667	carry	unconfirmed	same		internal/effect.ts	657	662
brief	live	src/Effect4/Laws/Program/Typed/Commands/Clauses/Park.lean	703	bare	internal/effect.ts	internal/effect.ts	5291	5291	exact	unnamed	same		internal/effect.ts	5546	5546
brief	live	src/Effect4/Laws/Program/Typed/Commands/Clauses/Park.lean	703	cont	:5304	internal/effect.ts	5304	5304	block	unconfirmed	same		internal/effect.ts	5559	5559
brief	live	src/Effect4/Laws/Program/Typed/Commands/Clauses/Park.lean	799	bare	internal/effect.ts	internal/effect.ts	779	813	exact	exact	same		internal/effect.ts	804	838
brief	live	src/Effect4/Laws/Program/Typed/Commands/Clauses/Park.lean	1353	bare	internal/effect.ts	internal/effect.ts	5291	5291	exact	unnamed	same		internal/effect.ts	5546	5546
brief	live	src/Effect4/Laws/Program/Typed/Commands/Clauses/Park.lean	1353	cont	:5304	internal/effect.ts	5304	5304	block	unconfirmed	same		internal/effect.ts	5559	5559
brief	live	src/Effect4/Laws/Program/Typed/Commands/Clauses/Park.lean	1427	cont	:662-667	internal/effect.ts	662	667	carry	unconfirmed	same		internal/effect.ts	657	662
brief	live	src/Effect4/Laws/Program/Typed/Commands/Clauses/Park.lean	1521	bare	internal/effect.ts	internal/effect.ts	5291	5291	exact	unnamed	same		internal/effect.ts	5546	5546
brief	live	src/Effect4/Laws/Program/Typed/Commands/Clauses/Park.lean	1521	cont	:5304	internal/effect.ts	5304	5304	block	unconfirmed	same		internal/effect.ts	5559	5559
brief	live	src/Effect4/Laws/Program/Typed/Commands/Clauses/Park.lean	1551	bare	internal/effect.ts	internal/effect.ts	779	813	exact	unnamed	same		internal/effect.ts	804	838
brief	live	src/Effect4/Laws/Program/Typed/Commands/Clauses/Park.lean	1640	cont	:662-667	internal/effect.ts	662	667	carry	unconfirmed	same		internal/effect.ts	657	662
brief	live	src/Effect4/Laws/Program/Typed/Commands/Clauses/Park.lean	1924	bare	internal/effect.ts	internal/effect.ts	779	813	exact	exact	same		internal/effect.ts	804	838
brief	live	src/Effect4/Laws/Program/Typed/Commands/Clauses/Spawn.lean	10	cont	:948-966	-	948	966	block:src/Effect4/Machine/Fibers.lean	exact	not-a-pin-citation				
brief	live	src/Effect4/Laws/Program/Typed/Commands/Clauses/Spawn.lean	11	cont	:970-977	-	970	977	block:src/Effect4/Machine/Fibers.lean	exact	not-a-pin-citation				
brief	live	src/Effect4/Laws/Program/Typed/Commands/Clauses/Spawn.lean	235	bare	internal/effect.ts	internal/effect.ts	5264	5284	exact	unnamed	changed	code	internal/effect.ts	5517	5539
brief	live	src/Effect4/Laws/Program/Typed/Commands/Clauses/Spawn.lean	270	bare	internal/effect.ts	internal/effect.ts	5364	5378	exact	unnamed	same		internal/effect.ts	5621	5635
brief	live	src/Effect4/Laws/Program/Typed/Commands/Clauses/Spawn.lean	302	bare	internal/effect.ts	internal/effect.ts	5400	5406	exact	named	same		internal/effect.ts	5657	5663
brief	live	src/Effect4/Laws/Program/Typed/Commands/Clauses/Spawn.lean	352	cont	:1117-1141	-	1117	1141	block:src/Effect4/Machine/Fibers.lean	named	not-a-pin-citation				
brief	live	src/Effect4/Laws/Program/Typed/Commands/Clauses/Spawn.lean	677	cont	:1493	-	1493	1493	block:src/Effect4/Machine/Fibers.lean	unconfirmed	not-a-pin-citation				
brief	live	src/Effect4/Laws/Program/Typed/Commands/Clauses/StoreDeferred.lean	282	bare	Layer.ts	Layer.ts	396	411	exact	unnamed	removed	code	Layer.ts		
brief	live	src/Effect4/Laws/Program/Typed/Commands/Evaluate.lean	11	cont	:1650-1656	-	1650	1656	block:src/Effect4/Machine/Fibers.lean	exact	not-a-pin-citation				
brief	live	src/Effect4/Laws/Program/Typed/Commands/Evaluate.lean	1447	bare	internal/effect.ts	internal/effect.ts	3778	3798	exact	named	changed	code	internal/effect.ts	3938	3954
brief	live	src/Effect4/Laws/Program/Typed/Commands/Evaluate.lean	1511	bare	internal/effect.ts	internal/effect.ts	3775	3776	exact	exact	changed	code	internal/effect.ts	3929	3935
brief	live	src/Effect4/Laws/Program/Typed/Commands/Evaluate.lean	1585	bare	internal/effect.ts	internal/effect.ts	3944	3947	exact	unnamed	changed	code	internal/effect.ts	4106	4110
brief	live	src/Effect4/Laws/Program/Typed/Commands/Evaluate.lean	1854	bare	internal/effect.ts	internal/effect.ts	3938	3948	exact	exact	changed	code	internal/effect.ts	4100	4110
brief	live	src/Effect4/Laws/Program/Typed/Commands/Evaluate.lean	1961	cont	:5368	internal/effect.ts	5368	5368	carry	unconfirmed	same		internal/effect.ts	5625	5625
brief	live	src/Effect4/Laws/Program/Typed/Commands/Evaluate.lean	2027	cont	:871-884	internal/effect.ts	871	884	carry	unconfirmed	same		internal/effect.ts	903	916
brief	live	src/Effect4/Laws/Program/Typed/Commands/Finish.lean	7	cont	:1849-1856	-	1849	1856	dominant:src/Effect4/Machine/Fibers.lean	named	not-a-pin-citation				
brief	live	src/Effect4/Laws/Program/Typed/Commands/Finish.lean	8	cont	:1865-1878	-	1865	1878	dominant:src/Effect4/Machine/Fibers.lean	exact	not-a-pin-citation				
brief	live	src/Effect4/Laws/Program/Typed/Commands/Finish.lean	12	cont	:1983-1988	-	1983	1988	dominant:src/Effect4/Machine/Fibers.lean	exact	not-a-pin-citation				
brief	live	src/Effect4/Laws/Program/Typed/Commands/Finish.lean	12	cont	:1772-1803	-	1772	1803	dominant:src/Effect4/Machine/Fibers.lean	exact	not-a-pin-citation				
brief	live	src/Effect4/Laws/Program/Typed/Commands/Finish.lean	12	cont	:1967-1970	-	1967	1970	dominant:src/Effect4/Machine/Fibers.lean	exact	not-a-pin-citation				
brief	live	src/Effect4/Laws/Program/Typed/Commands/Finish.lean	697	cont	:1747	-	1747	1747	dominant:src/Effect4/Machine/Fibers.lean	unconfirmed	not-a-pin-citation				
brief	live	src/Effect4/Laws/Program/Typed/Commands/Launch.lean	626	cont	:1520-1528	-	1520	1528	block:src/Effect4/Machine/Fibers.lean	unconfirmed	not-a-pin-citation				
brief	live	src/Effect4/Laws/Program/Typed/Commands/Observe.lean	8	cont	:1669-1671	-	1669	1671	block:src/Effect4/Machine/Fibers.lean	unconfirmed	not-a-pin-citation				
brief	live	src/Effect4/Laws/Program/Typed/Commands/Observe.lean	11	cont	:1673-1705	-	1673	1705	plain:src/Effect4/Laws/Program/Typed/Commands/Bookkeeping.lean	named;skipped:block=src/Effect4/Machine/Fibers.lean,global=internal/effect.ts	not-a-pin-citation				
brief	live	src/Effect4/Laws/Program/Typed/Commands/Race.lean	7	cont	:1944-1955	-	1944	1955	block:src/Effect4/Machine/Fibers.lean	exact	not-a-pin-citation				
brief	live	src/Effect4/Laws/Program/Typed/Commands/Race.lean	7	cont	:1938-1943	-	1938	1943	block:src/Effect4/Machine/Fibers.lean	exact	not-a-pin-citation				
brief	live	src/Effect4/Laws/Program/Typed/Commands/Race.lean	7	cont	:1976-1983	-	1976	1983	block:src/Effect4/Machine/Fibers.lean	named	not-a-pin-citation				
brief	live	src/Effect4/Laws/Program/Typed/Commands/Race.lean	8	cont	:1897-1911	-	1897	1911	block:src/Effect4/Machine/Fibers.lean	exact	not-a-pin-citation				
brief	live	src/Effect4/Laws/Program/Typed/Commands/Race.lean	8	cont	:1879-1896	-	1879	1896	block:src/Effect4/Machine/Fibers.lean	exact	not-a-pin-citation				
brief	live	src/Effect4/Laws/Program/Typed/Commands/Race.lean	8	cont	:1912-1930	-	1912	1930	block:src/Effect4/Machine/Fibers.lean	exact	not-a-pin-citation				
brief	live	src/Effect4/Laws/Program/Typed/Commands/Registration.lean	262	cont	:362	-	362	362	block:src/Effect4/Laws/Program/InterpR.lean	exact	not-a-pin-citation				
brief	live	src/Effect4/Laws/Program/Typed/Commands/Registration.lean	365	cont	:1920-1926	-	1920	1926	carry:src/Effect4/Machine/Fibers.lean	unconfirmed	not-a-pin-citation				
brief	live	src/Effect4/Laws/Program/Typed/Commands/Registration.lean	428	cont	:1927-1931	-	1927	1931	carry:src/Effect4/Machine/Fibers.lean	unconfirmed	not-a-pin-citation				
brief	live	src/Effect4/Laws/Program/Typed/Commands/Registration.lean	436	cont	:662-667	internal/effect.ts	662	667	read	read	same		internal/effect.ts	657	662
brief	live	src/Effect4/Laws/Program/Typed/Contracts.lean	110	bare	internal/effect.ts	internal/effect.ts	575	594	exact	unnamed	changed	code	internal/effect.ts	556	575
brief	live	src/Effect4/Laws/Program/Typed/LayerArm.lean	107	bare	Layer.ts	Layer.ts	1600	1600	exact	exact	same		Layer.ts	1597	1597
brief	live	src/Effect4/Laws/Program/Typed/LayerArm.lean	160	bare	internal/effect.ts	internal/effect.ts	3847	3858	exact	exact	same		internal/effect.ts	4012	4023
brief	live	src/Effect4/Laws/Program/Typed/LayerArm.lean	189	bare	Layer.ts	Layer.ts	343	343	exact	unnamed	same		Layer.ts	358	358
brief	live	src/Effect4/Laws/Program/Typed/LayerArm.lean	199	bare	Layer.ts	Layer.ts	333	345	exact	exact	same		Layer.ts	348	360
brief	live	src/Effect4/Laws/Program/Typed/LayerArm.lean	216	bare	Layer.ts	Layer.ts	445	457	exact	exact	changed	code	Layer.ts	430	455
brief	live	src/Effect4/Laws/Program/Typed/LayerArm.lean	297	bare	internal/effect.ts	internal/effect.ts	2087	2096	exact	unnamed	changed	code	internal/effect.ts	2189	2199
brief	live	src/Effect4/Laws/Program/Typed/LayerArm.lean	375	bare	Layer.ts	Layer.ts	1923	1923	exact	exact	same		Layer.ts	1920	1920
brief	live	src/Effect4/Laws/Program/Typed/LayerArm.lean	415	bare	Layer.ts	Layer.ts	1915	1923	exact	named	same		Layer.ts	1912	1920
brief	live	src/Effect4/Laws/Program/Typed/LayerArm.lean	444	bare	Layer.ts	Layer.ts	756	765	exact	named	same		Layer.ts	754	763
brief	live	src/Effect4/Laws/Program/Typed/LayerArm.lean	541	bare	Layer.ts	Layer.ts	1600	1600	exact	named	same		Layer.ts	1597	1597
brief	live	src/Effect4/Laws/Program/Typed/LayerArm.lean	603	bare	Layer.ts	Layer.ts	1597	1597	exact	unnamed	same		Layer.ts	1594	1594
brief	live	src/Effect4/Laws/Program/Typed/LayerArm.lean	622	bare	Layer.ts	Layer.ts	1597	1600	exact	unnamed	same		Layer.ts	1594	1597
brief	live	src/Effect4/Laws/Program/Typed/LayerArm.lean	682	bare	Layer.ts	Layer.ts	1587	1602	exact	named	same		Layer.ts	1584	1599
brief	live	src/Effect4/Laws/Program/Typed/LayerArm.lean	762	bare	internal/effect.ts	internal/effect.ts	3289	3289	exact	exact	same		internal/effect.ts	3395	3395
brief	live	src/Effect4/Laws/Program/Typed/LayerArm.lean	800	bare	Layer.ts	Layer.ts	1482	1482	exact	unnamed	same-comment		Layer.ts	1480	1480
brief	live	src/Effect4/Laws/Program/Typed/LayerArm.lean	800	cont	:1440	Layer.ts	1440	1440	block	unconfirmed	same-comment		Layer.ts	1438	1438
brief	live	src/Effect4/Laws/Program/Typed/LayerArm.lean	800	cont	:1515	Layer.ts	1515	1515	block	unconfirmed	same-comment		Layer.ts	1513	1513
brief	live	src/Effect4/Laws/Program/Typed/LayerArm.lean	834	bare	Layer.ts	Layer.ts	1129	1129	exact	exact	same		Layer.ts	1127	1127
brief	live	src/Effect4/Laws/Program/Typed/LayerArm.lean	859	bare	Layer.ts	Layer.ts	3851	3851	exact	named	same		Layer.ts	3890	3890
brief	live	src/Effect4/Laws/Program/Typed/LayerArm.lean	879	bare	Layer.ts	Layer.ts	3327	3327	exact	exact	same		Layer.ts	3366	3366
brief	live	src/Effect4/Laws/Program/Typed/LayerArm.lean	894	bare	Layer.ts	Layer.ts	1482	1482	exact	named	same-comment		Layer.ts	1480	1480
brief	live	src/Effect4/Laws/Program/Typed/LayerArm.lean	924	bare	Layer.ts	Layer.ts	1440	1440	exact	named	same-comment		Layer.ts	1438	1438
brief	live	src/Effect4/Laws/Program/Typed/LayerArm.lean	948	bare	Layer.ts	Layer.ts	1915	1915	exact	named	same		Layer.ts	1912	1912
brief	live	src/Effect4/Laws/Program/Typed/LayerArm.lean	972	bare	Layer.ts	Layer.ts	1915	1923	exact	exact	same		Layer.ts	1912	1920
brief	live	src/Effect4/Laws/Program/Typed/LayerArm.lean	997	bare	Layer.ts	Layer.ts	1587	1602	exact	exact	same		Layer.ts	1584	1599
brief	live	src/Effect4/Laws/Program/Typed/LayerArm.lean	1038	bare	Layer.ts	Layer.ts	1652	1652	exact	unnamed	same		Layer.ts	1649	1649
brief	live	src/Effect4/Laws/Program/Typed/LayerArm.lean	1101	bare	Layer.ts	Layer.ts	1597	1600	exact	named	same		Layer.ts	1594	1597
brief	live	src/Effect4/Laws/Program/Typed/LayerArm.lean	1149	bare	Layer.ts	Layer.ts	1587	1600	exact	exact	same		Layer.ts	1584	1597
brief	live	src/Effect4/Laws/Program/Typed/Membership.lean	126	bare	Layer.ts	Layer.ts	1515	1515	exact	named	same-comment		Layer.ts	1513	1513
brief	live	src/Effect4/Laws/Program/Typed/Residual.lean	239	cont	:857	internal/effect.ts	857	857	global	named	same		internal/effect.ts	889	889
brief	live	src/Effect4/Laws/Program/Typed/Scheduler.lean	274	cont	:1056-1064	-	1056	1064	block:src/Effect4/Machine/Fibers.lean	exact	not-a-pin-citation				
brief	live	src/Effect4/Laws/Program/Typed/Sources.lean	57	bare	internal/effect.ts	internal/effect.ts	3849	3849	exact	named	same		internal/effect.ts	4014	4014
brief	live	src/Effect4/Laws/Program/Typing/HasTy.lean	47	full	vendor/effect-4.0.0-rc.112/src/internal/effect.ts	internal/effect.ts	0	0	full	n/a	file-only		internal/effect.ts		
brief	live	src/Effect4/Laws/Program/Typing/HasTy.lean	65	cont	:1275	internal/effect.ts	1275	1275	default	unconfirmed	same		internal/effect.ts	1326	1326
brief	live	src/Effect4/Laws/Program/Typing/HasTy.lean	69	cont	:1322	internal/effect.ts	1322	1322	read	read	same-comment		internal/effect.ts	1374	1374
brief	live	src/Effect4/Laws/Program/Typing/HasTy.lean	74	cont	:1330	internal/effect.ts	1330	1330	read	read	same-comment		internal/effect.ts	1382	1382
brief	live	src/Effect4/Laws/Program/Typing/HasTy.lean	79	cont	:929	internal/effect.ts	929	929	default	exact	same		internal/effect.ts	961	961
brief	live	src/Effect4/Laws/Program/Typing/HasTy.lean	83	cont	:1093	internal/effect.ts	1093	1093	default	exact	same		internal/effect.ts	1127	1127
brief	live	src/Effect4/Laws/Program/Typing/HasTy.lean	100	cont	:1590	internal/effect.ts	1590	1590	read	read	same		internal/effect.ts	1703	1703
brief	live	src/Effect4/Laws/Program/Typing/HasTy.lean	107	cont	:1184	internal/effect.ts	1184	1184	default	named;also:dominant=Layer.ts	same		internal/effect.ts	1226	1226
brief	live	src/Effect4/Laws/Program/Typing/HasTy.lean	113	cont	:2417	internal/effect.ts	2417	2417	default	named;also:dominant=Layer.ts	same		internal/effect.ts	2522	2522
brief	live	src/Effect4/Laws/Program/Typing/HasTy.lean	147	cont	:2645	internal/effect.ts	2645	2645	read	read	same		internal/effect.ts	2747	2747
brief	live	src/Effect4/Laws/Program/Typing/HasTy.lean	157	cont	:4006	internal/effect.ts	4006	4006	default	exact;also:dominant=Layer.ts	changed	code	internal/effect.ts	4164	4165
brief	live	src/Effect4/Laws/Program/Typing/HasTy.lean	164	cont	:2320	internal/effect.ts	2320	2320	default	named	same		internal/effect.ts	2425	2425
brief	live	src/Effect4/Laws/Program/Typing/HasTy.lean	168	cont	:4302-4310	internal/effect.ts	4302	4310	default	exact;also:dominant=Layer.ts	same		internal/effect.ts	4550	4558
brief	live	src/Effect4/Laws/Program/Typing/HasTy.lean	172	cont	:4331-4352	internal/effect.ts	4331	4352	default	exact;also:dominant=Layer.ts	same		internal/effect.ts	4607	4628
brief	live	src/Effect4/Laws/Program/Typing/HasTy.lean	190	cont	:982-990	internal/effect.ts	982	990	default	exact	same		internal/effect.ts	1014	1022
brief	live	src/Effect4/Laws/Program/Typing/HasTy.lean	193	cont	:5291	internal/effect.ts	5291	5291	default	unconfirmed	same		internal/effect.ts	5546	5546
brief	live	src/Effect4/Laws/Program/Typing/HasTy.lean	199	cont	:5304	internal/effect.ts	5304	5304	default	named	same		internal/effect.ts	5559	5559
brief	live	src/Effect4/Laws/Program/Typing/HasTy.lean	204	cont	:1147	internal/effect.ts	1147	1147	default	named;also:dominant=Layer.ts	same		internal/effect.ts	1189	1189
brief	live	src/Effect4/Laws/Program/Typing/HasTy.lean	208	cont	:3960	internal/effect.ts	3960	3960	read	read	same-comment		internal/effect.ts	4123	4123
brief	live	src/Effect4/Laws/Program/Typing/HasTy.lean	212	cont	:3978	internal/effect.ts	3978	3978	default	unconfirmed	same		internal/effect.ts	4141	4141
brief	live	src/Effect4/Laws/Program/Typing/HasTy.lean	212	bare	Effect.ts	Effect.ts	12930	12930	exact	exact	same		Effect.ts	13055	13055
brief	live	src/Effect4/Laws/Program/Typing/HasTy.lean	223	bare	internal/layer.ts	internal/layer.ts	8	22	exact	exact	same		internal/layer.ts	8	22
brief	live	src/Effect4/Laws/Program/Typing/HasTy.lean	233	cont	:2059	internal/effect.ts	2059	2059	default	exact;also:dominant=Layer.ts	same		internal/effect.ts	2161	2161
brief	live	src/Effect4/Laws/Program/Typing/HasTy.lean	238	cont	:2202-2232	internal/effect.ts	2202	2232	default	exact;also:dominant=Layer.ts	same		internal/effect.ts	2307	2337
brief	live	src/Effect4/Laws/Program/Typing/HasTy.lean	327	cont	:5264-5284	internal/effect.ts	5264	5284	default	exact	changed	code	internal/effect.ts	5517	5539
brief	live	src/Effect4/Laws/Program/Typing/HasTy.lean	333	cont	:5364-5378	internal/effect.ts	5364	5378	default	unconfirmed	same		internal/effect.ts	5621	5635
brief	live	src/Effect4/Laws/Program/Typing/HasTy.lean	340	cont	:5400-5406	internal/effect.ts	5400	5406	default	named	same		internal/effect.ts	5657	5663
brief	live	src/Effect4/Laws/Program/Typing/HasTy.lean	346	cont	:5447-5461	internal/effect.ts	5447	5461	default	unconfirmed	same		internal/effect.ts	5704	5718
brief	live	src/Effect4/Laws/Program/Typing/HasTy.lean	353	cont	:857	internal/effect.ts	857	857	default	exact	same		internal/effect.ts	889	889
brief	live	src/Effect4/Laws/Program/Typing/HasTy.lean	358	cont	:5368	internal/effect.ts	5368	5368	default	named	same		internal/effect.ts	5625	5625
brief	live	src/Effect4/Laws/Program/Typing/HasTy.lean	363	cont	:888-915	internal/effect.ts	888	915	default	exact	same		internal/effect.ts	920	947
brief	live	src/Effect4/Laws/Program/Typing/HasTy.lean	369	cont	:888-915	internal/effect.ts	888	915	default	exact	same		internal/effect.ts	920	947
brief	live	src/Effect4/Laws/Program/Typing/HasTy.lean	376	cont	:779	internal/effect.ts	779	779	default	exact;also:carry=src/Effect4/Machine/Fibers.lean	same		internal/effect.ts	804	804
brief	live	src/Effect4/Laws/Program/Typing/HasTy.lean	376	cont	:5318-5322	internal/effect.ts	5318	5322	default	unconfirmed	changed	code	internal/effect.ts	5573	5578
brief	live	src/Effect4/Laws/Program/Typing/HasTy.lean	381	bare	Layer.ts	Layer.ts	1597	1598	exact	exact	same		Layer.ts	1594	1595
brief	live	src/Effect4/Laws/Program/Typing/HasTy.lean	387	cont	:5318	internal/effect.ts	5318	5318	default	unconfirmed	same		internal/effect.ts	5573	5573
brief	live	src/Effect4/Laws/Program/Typing/HasTy.lean	402	cont	:709-727	internal/effect.ts	709	727	default	exact;also:carry=Layer.ts	changed	code	internal/effect.ts	718	732
brief	live	src/Effect4/Laws/Program/Typing/HasTy.lean	406	cont	:2153	internal/effect.ts	2153	2153	default	exact	same		internal/effect.ts	2258	2258
brief	live	src/Effect4/Laws/Program/Typing/HasTy.lean	412	cont	:3826	internal/effect.ts	3826	3826	default	unconfirmed	same		internal/effect.ts	3993	3993
brief	live	src/Effect4/Laws/Program/Typing/HasTy.lean	419	bare	Layer.ts	Layer.ts	1438	1438	exact	named	same		Layer.ts	1436	1436
brief	live	src/Effect4/Laws/Program/Typing/HasTy.lean	423	bare	Layer.ts	Layer.ts	1074	1074	exact	exact	same		Layer.ts	1072	1072
brief	live	src/Effect4/Laws/Program/Typing/HasTy.lean	431	bare	Layer.ts	Layer.ts	1427	1427	exact	exact	same		Layer.ts	1425	1425
brief	live	src/Effect4/Laws/Program/Typing/HasTy.lean	433	cont	:1438	Layer.ts	1438	1438	block	exact	same		Layer.ts	1436	1436
brief	live	src/Effect4/Laws/Program/Typing/HasTy.lean	439	bare	Layer.ts	Layer.ts	1512	1512	exact	exact	same		Layer.ts	1510	1510
brief	live	src/Effect4/Laws/Program/Typing/HasTy.lean	443	bare	Layer.ts	Layer.ts	2258	2258	exact	exact	same		Layer.ts	2255	2255
brief	live	src/Effect4/Laws/Program/Typing/HasTy.lean	449	bare	Layer.ts	Layer.ts	2704	2704	exact	exact	same		Layer.ts	2701	2701
brief	live	src/Effect4/Laws/Program/Typing/HasTy.lean	455	bare	Layer.ts	Layer.ts	1850	1850	exact	exact	same		Layer.ts	1847	1847
brief	live	src/Effect4/Laws/Program/Typing/HasTy.lean	461	bare	Layer.ts	Layer.ts	3850	3850	exact	exact	same		Layer.ts	3889	3889
brief	live	src/Effect4/Laws/Program/Typing/HasTy.lean	465	bare	Layer.ts	Layer.ts	3327	3327	exact	exact	same		Layer.ts	3366	3366
brief	live	src/Effect4/Laws/Program/Typing/HasTy.lean	469	bare	Layer.ts	Layer.ts	1652	1652	exact	exact	same		Layer.ts	1649	1649
brief	live	src/Effect4/Laws/Program/Typing/HasTy.lean	474	bare	Layer.ts	Layer.ts	1652	1652	exact	exact	same		Layer.ts	1649	1649
brief	live	src/Effect4/Machine/Alphabets.lean	100	bare	internal/effect.ts	internal/effect.ts	5400	5406	exact	named	same		internal/effect.ts	5657	5663
brief	live	src/Effect4/Machine/Alphabets.lean	109	bare	internal/effect.ts	internal/effect.ts	3289	3289	exact	named	same		internal/effect.ts	3395	3395
brief	live	src/Effect4/Machine/Alphabets.lean	122	bare	internal/effect.ts	internal/effect.ts	579	580	exact	unnamed	changed	code	internal/effect.ts	560	561
brief	live	src/Effect4/Machine/Alphabets.lean	133	bare	Layer.ts	Layer.ts	421	432	exact	exact	same		Layer.ts	405	416
brief	live	src/Effect4/Machine/Alphabets.lean	266	bare	internal/effect.ts	internal/effect.ts	988	988	exact	exact	same		internal/effect.ts	1020	1020
brief	live	src/Effect4/Machine/Alphabets.lean	267	bare	Ref.ts	Ref.ts	307	307	exact	exact	same		Ref.ts	307	307
brief	live	src/Effect4/Machine/Alphabets.lean	267	bare	MutableRef.ts	MutableRef.ts	1063	1070	exact	named	same		MutableRef.ts	1063	1070
brief	live	src/Effect4/Machine/Alphabets.lean	268	bare	Deferred.ts	Deferred.ts	140	145	exact	named	changed	code	Deferred.ts	120	146
brief	live	src/Effect4/Machine/Alphabets.lean	271	cont	:534	internal/effect.ts	534	534	block	named;also:carry=Deferred.ts	changed	code	internal/effect.ts	506	528
brief	live	src/Effect4/Machine/Alphabets.lean	271	cont	:703-704	internal/effect.ts	703	704	block	named	same		internal/effect.ts	712	713
brief	live	src/Effect4/Machine/Alphabets.lean	271	cont	:779	internal/effect.ts	779	779	block	exact;also:carry=Deferred.ts	same		internal/effect.ts	804	804
brief	live	src/Effect4/Machine/Alphabets.lean	287	bare	Ref.ts	Ref.ts	307	307	exact	exact	same		Ref.ts	307	307
brief	live	src/Effect4/Machine/Alphabets.lean	287	bare	MutableRef.ts	MutableRef.ts	1063	1070	exact	named	same		MutableRef.ts	1063	1070
brief	live	src/Effect4/Machine/Alphabets.lean	290	bare	Deferred.ts	Deferred.ts	140	145	exact	exact	changed	code	Deferred.ts	120	146
brief	live	src/Effect4/Machine/Alphabets.lean	294	bare	Layer.ts	Layer.ts	421	458	exact	exact	changed	code	Layer.ts	405	456
brief	live	src/Effect4/Machine/Alphabets.lean	297	bare	internal/effect.ts	internal/effect.ts	534	534	exact	unnamed	changed	code	internal/effect.ts	506	528
brief	live	src/Effect4/Machine/Alphabets.lean	377	bare	Layer.ts	Layer.ts	439	440	exact	unnamed	changed	code	Layer.ts	423	425
brief	live	src/Effect4/Machine/Alphabets.lean	451	bare	internal/effect.ts	internal/effect.ts	3800	3804	exact	exact	same		internal/effect.ts	3967	3971
brief	live	src/Effect4/Machine/Cause.lean	18	full	vendor/effect-4.0.0-rc.112/src/internal/core.ts	internal/core.ts	0	0	full	n/a	file-only		internal/core.ts		
brief	live	src/Effect4/Machine/Cause.lean	794	bare	internal/effect.ts	internal/effect.ts	186	186	exact	exact	same		internal/effect.ts	186	186
brief	live	src/Effect4/Machine/Cause.lean	831	bare	internal/core.ts	internal/core.ts	539	545	exact	census	changed	code	internal/core.ts	590	608
brief	live	src/Effect4/Machine/Completion.lean	24	bare	Ref.ts	Ref.ts	142	146	exact	unnamed	same		Ref.ts	142	146
brief	live	src/Effect4/Machine/Completion.lean	29	bare	Deferred.ts	Deferred.ts	456	461	exact	unnamed	same		Deferred.ts	457	462
brief	live	src/Effect4/Machine/Completion.lean	29	cont	:570-571	Deferred.ts	570	571	block	unconfirmed	same		Deferred.ts	571	572
brief	live	src/Effect4/Machine/Completion.lean	30	cont	:1650	Deferred.ts	1650	1650	block	unconfirmed	same		Deferred.ts	1651	1651
brief	live	src/Effect4/Machine/Context.lean	32	full	vendor/effect-4.0.0-rc.112/src/Context.ts	Context.ts	0	0	full	n/a	file-only		Context.ts		
brief	live	src/Effect4/Machine/Context.lean	33	bare	internal/effect.ts	internal/effect.ts	627	627	exact	exact	same		internal/effect.ts	620	620
brief	live	src/Effect4/Machine/Context.lean	33	cont	:2136	internal/effect.ts	2136	2136	block	exact	same		internal/effect.ts	2239	2239
brief	live	src/Effect4/Machine/Context.lean	33	cont	:2232	internal/effect.ts	2232	2232	block	exact	same		internal/effect.ts	2337	2337
brief	live	src/Effect4/Machine/Context.lean	34	cont	:3942	internal/effect.ts	3942	3942	block	named	same		internal/effect.ts	4104	4104
brief	live	src/Effect4/Machine/Context.lean	34	cont	:2197	internal/effect.ts	2197	2197	block	exact	same		internal/effect.ts	2302	2302
brief	live	src/Effect4/Machine/Context.lean	35	bare	Context.ts	Context.ts	1745	1745	exact	exact	same		Context.ts	1778	1778
brief	live	src/Effect4/Machine/Context.lean	36	cont	:2134	internal/effect.ts	2134	2134	dominant	exact	same		internal/effect.ts	2237	2237
brief	live	src/Effect4/Machine/Context.lean	36	bare	Layer.ts	Layer.ts	807	807	exact	exact	same		Layer.ts	805	805
brief	live	src/Effect4/Machine/Context.lean	37	bare	Layer.ts	Layer.ts	586	586	exact	exact	same		Layer.ts	584	584
brief	live	src/Effect4/Machine/Context.lean	38	cont	:715-727	internal/effect.ts	715	727	dominant	exact;also:block=Layer.ts,plain=src/Effect4/Machine/ContextMap.lean	changed	code	internal/effect.ts	727	732
brief	live	src/Effect4/Machine/Context.lean	38	bare	Scheduler.ts	Scheduler.ts	269	298	exact	exact	same		Scheduler.ts	279	308
brief	live	src/Effect4/Machine/Context.lean	38	bare	Layer.ts	Layer.ts	1600	1600	exact	exact	same		Layer.ts	1597	1597
brief	live	src/Effect4/Machine/Context.lean	41	cont	:2090	internal/effect.ts	2090	2090	dominant	exact;also:block=Layer.ts	same		internal/effect.ts	2192	2192
brief	live	src/Effect4/Machine/Context.lean	51	cont	:670-674	internal/effect.ts	670	674	dominant	exact;also:block=Layer.ts,plain=src/Effect4/Machine/ContextMap.lean	same		internal/effect.ts	665	669
brief	live	src/Effect4/Machine/Context.lean	187	bare	internal/effect.ts	internal/effect.ts	2073	2097	exact	named	changed	code	internal/effect.ts	2175	2200
brief	live	src/Effect4/Machine/Context.lean	190	cont	:2176	internal/effect.ts	2176	2176	carry	exact	same		internal/effect.ts	2281	2281
brief	live	src/Effect4/Machine/Context.lean	192	cont	:2197	internal/effect.ts	2197	2197	carry	exact	same		internal/effect.ts	2302	2302
brief	live	src/Effect4/Machine/Context.lean	194	cont	:2232	internal/effect.ts	2232	2232	carry	exact	same		internal/effect.ts	2337	2337
brief	live	src/Effect4/Machine/Context.lean	198	cont	:2089	internal/effect.ts	2089	2089	carry	exact	same		internal/effect.ts	2191	2191
brief	live	src/Effect4/Machine/Context.lean	218	bare	internal/effect.ts	internal/effect.ts	2197	2197	exact	named	same		internal/effect.ts	2302	2302
brief	live	src/Effect4/Machine/ContextMap.lean	68	bare	internal/effect.ts	internal/effect.ts	627	627	exact	exact	same		internal/effect.ts	620	620
brief	live	src/Effect4/Machine/ContextMap.lean	68	cont	:5467	internal/effect.ts	5467	5467	block	named	same		internal/effect.ts	5724	5724
brief	live	src/Effect4/Machine/ContextMap.lean	68	cont	:5491	internal/effect.ts	5491	5491	block	named	same		internal/effect.ts	5748	5748
brief	live	src/Effect4/Machine/ContextMap.lean	80	bare	Layer.ts	Layer.ts	586	586	exact	exact	same		Layer.ts	584	584
brief	live	src/Effect4/Machine/ContextMap.lean	247	bare	internal/effect.ts	internal/effect.ts	2136	2136	exact	exact	same		internal/effect.ts	2239	2239
brief	live	src/Effect4/Machine/ContextMap.lean	247	cont	:2232	internal/effect.ts	2232	2232	block	named	same		internal/effect.ts	2337	2337
brief	live	src/Effect4/Machine/ContextMap.lean	247	cont	:3942	internal/effect.ts	3942	3942	block	named	same		internal/effect.ts	4104	4104
brief	live	src/Effect4/Machine/ContextMap.lean	258	bare	internal/effect.ts	internal/effect.ts	2197	2197	exact	named	same		internal/effect.ts	2302	2302
brief	live	src/Effect4/Machine/ContextMap.lean	261	bare	Layer.ts	Layer.ts	1600	1600	exact	exact	same		Layer.ts	1597	1597
brief	live	src/Effect4/Machine/ContextMap.lean	270	bare	Scheduler.ts	Scheduler.ts	269	272	exact	exact	same		Scheduler.ts	279	282
brief	live	src/Effect4/Machine/ContextMap.lean	270	cont	:295-298	Scheduler.ts	295	298	block	named	same		Scheduler.ts	305	308
brief	live	src/Effect4/Machine/ContextMap.lean	275	bare	internal/effect.ts	internal/effect.ts	715	727	exact	exact	changed	code	internal/effect.ts	727	732
brief	live	src/Effect4/Machine/ContextMap.lean	280	bare	Context.ts	Context.ts	404	406	exact	unnamed	same		Context.ts	404	406
brief	live	src/Effect4/Machine/ContextMap.lean	280	cont	:838	Context.ts	838	838	block	exact	same		Context.ts	840	840
brief	live	src/Effect4/Machine/ContextMap.lean	293	bare	Context.ts	Context.ts	1708	1708	exact	named	same		Context.ts	1741	1741
brief	live	src/Effect4/Machine/ContextMap.lean	299	bare	Context.ts	Context.ts	1293	1293	exact	unnamed	same		Context.ts	1295	1295
brief	live	src/Effect4/Machine/ContextMap.lean	310	bare	Context.ts	Context.ts	1708	1708	exact	unnamed	same		Context.ts	1741	1741
brief	live	src/Effect4/Machine/ContextMap.lean	316	bare	Context.ts	Context.ts	1708	1708	exact	exact	same		Context.ts	1741	1741
brief	live	src/Effect4/Machine/ContextMap.lean	322	bare	Context.ts	Context.ts	1293	1293	exact	unnamed	same		Context.ts	1295	1295
brief	live	src/Effect4/Machine/ContextMap.lean	400	bare	Context.ts	Context.ts	1819	1819	exact	unnamed	same		Context.ts	1852	1852
brief	live	src/Effect4/Machine/ContextMap.lean	559	bare	internal/effect.ts	internal/effect.ts	988	988	exact	exact	same		internal/effect.ts	1020	1020
brief	live	src/Effect4/Machine/ContextMap.lean	560	bare	Layer.ts	Layer.ts	421	458	exact	exact	changed	code	Layer.ts	405	456
brief	live	src/Effect4/Machine/ContextMap.lean	561	bare	Deferred.ts	Deferred.ts	140	145	exact	named	changed	code	Deferred.ts	120	146
brief	live	src/Effect4/Machine/ContextMap.lean	564	bare	Layer.ts	Layer.ts	438	440	exact	named	changed	code	Layer.ts	422	425
brief	live	src/Effect4/Machine/ContextMap.lean	579	bare	Layer.ts	Layer.ts	421	458	exact	exact	changed	code	Layer.ts	405	456
brief	live	src/Effect4/Machine/ContextMap.lean	581	bare	Deferred.ts	Deferred.ts	140	145	exact	exact	changed	code	Deferred.ts	120	146
brief	live	src/Effect4/Machine/ContextMap.lean	665	bare	internal/effect.ts	internal/effect.ts	3772	3772	exact	exact	same		internal/effect.ts	3926	3926
brief	live	src/Effect4/Machine/ContextMap.lean	668	bare	Scheduler.ts	Scheduler.ts	269	272	exact	exact	same		Scheduler.ts	279	282
brief	live	src/Effect4/Machine/ContextMap.lean	671	bare	Scheduler.ts	Scheduler.ts	295	298	exact	exact	same		Scheduler.ts	305	308
brief	live	src/Effect4/Machine/ContextMap.lean	674	bare	Layer.ts	Layer.ts	584	584	exact	exact	same		Layer.ts	582	582
brief	live	src/Effect4/Machine/ContextMap.lean	678	bare	Scheduler.ts	Scheduler.ts	271	271	exact	exact	same		Scheduler.ts	281	281
brief	live	src/Effect4/Machine/ContextMap.lean	681	bare	Scheduler.ts	Scheduler.ts	297	297	exact	exact	same		Scheduler.ts	307	307
brief	live	src/Effect4/Machine/ContextMap.lean	702	bare	internal/effect.ts	internal/effect.ts	5406	5406	exact	named	same		internal/effect.ts	5663	5663
brief	live	src/Effect4/Machine/ContextMap.lean	705	bare	internal/effect.ts	internal/effect.ts	726	727	exact	unnamed	changed	code	internal/effect.ts	732	732
brief	live	src/Effect4/Machine/ContextMap.lean	724	bare	internal/effect.ts	internal/effect.ts	2153	2153	exact	exact	same		internal/effect.ts	2258	2258
brief	live	src/Effect4/Machine/ContextMap.lean	777	bare	internal/effect.ts	internal/effect.ts	3942	3942	exact	named	same		internal/effect.ts	4104	4104
brief	live	src/Effect4/Machine/Exit.lean	16	full	vendor/effect-4.0.0-rc.112/src/internal/effect.ts	internal/effect.ts	0	0	full	n/a	file-only		internal/effect.ts		
brief	live	src/Effect4/Machine/Fibers.lean	54	cont	:5291	internal/effect.ts	5291	5291	default	unconfirmed	same		internal/effect.ts	5546	5546
brief	live	src/Effect4/Machine/Fibers.lean	55	cont	:5304	internal/effect.ts	5304	5304	default	unconfirmed	same		internal/effect.ts	5559	5559
brief	live	src/Effect4/Machine/Fibers.lean	56	cont	:561-562	internal/effect.ts	561	562	default	unconfirmed	same		internal/effect.ts	537	538
brief	live	src/Effect4/Machine/Fibers.lean	59	cont	:1493-1531	internal/effect.ts	1493	1531	default	unconfirmed	changed	code	internal/effect.ts	1622	1653
brief	live	src/Effect4/Machine/Fibers.lean	62	cont	:779-813	internal/effect.ts	779	813	default	exact	same		internal/effect.ts	804	838
brief	live	src/Effect4/Machine/Fibers.lean	68	cont	:990-992	internal/effect.ts	990	992	default	exact	same		internal/effect.ts	1022	1024
brief	live	src/Effect4/Machine/Fibers.lean	68	cont	:1128-1130	internal/effect.ts	1128	1130	default	exact	same		internal/effect.ts	1161	1163
brief	live	src/Effect4/Machine/Fibers.lean	77	cont	:779	internal/effect.ts	779	779	default	exact	same		internal/effect.ts	804	804
brief	live	src/Effect4/Machine/Fibers.lean	85	cont	:5291	internal/effect.ts	5291	5291	default	unconfirmed	same		internal/effect.ts	5546	5546
brief	live	src/Effect4/Machine/Fibers.lean	85	cont	:5304	internal/effect.ts	5304	5304	default	unconfirmed	same		internal/effect.ts	5559	5559
brief	live	src/Effect4/Machine/Fibers.lean	86	cont	:779-811	internal/effect.ts	779	811	default	exact	same		internal/effect.ts	804	836
brief	live	src/Effect4/Machine/Fibers.lean	96	bare	Layer.ts	Layer.ts	1597	1598	exact	named	same		Layer.ts	1594	1595
brief	live	src/Effect4/Machine/Fibers.lean	100	cont	:565	internal/effect.ts	565	565	default	unconfirmed	same		internal/effect.ts	544	544
brief	live	src/Effect4/Machine/Fibers.lean	100	cont	:561-562	internal/effect.ts	561	562	default	named	same		internal/effect.ts	537	538
brief	live	src/Effect4/Machine/Fibers.lean	101	cont	:5281	internal/effect.ts	5281	5281	default	named	changed	code	internal/effect.ts	5536	5536
brief	live	src/Effect4/Machine/Fibers.lean	101	cont	:5370-5372	internal/effect.ts	5370	5372	default	named	same		internal/effect.ts	5627	5629
brief	live	src/Effect4/Machine/Fibers.lean	115	bare	internal/effect.ts	internal/effect.ts	5277	5277	exact	named	same		internal/effect.ts	5532	5532
brief	live	src/Effect4/Machine/Fibers.lean	115	cont	:986	internal/effect.ts	986	986	block	named	same		internal/effect.ts	1018	1018
brief	live	src/Effect4/Machine/Fibers.lean	116	bare	Effect.ts	Effect.ts	24350	24350	exact	named	same		Effect.ts	24923	24923
brief	live	src/Effect4/Machine/Fibers.lean	117	cont	:5591	internal/effect.ts	5591	5591	default	named;skipped:block=Effect.ts	same		internal/effect.ts	5848	5848
brief	live	src/Effect4/Machine/Fibers.lean	117	bare	Queue.ts	Queue.ts	1974	1974	exact	exact	changed	code	Queue.ts	2462	2465
brief	live	src/Effect4/Machine/Fibers.lean	118	bare	Semaphore.ts	Semaphore.ts	260	260	exact	named	same		Semaphore.ts	267	267
brief	live	src/Effect4/Machine/Fibers.lean	118	bare	Pool.ts	Pool.ts	703	703	exact	named	same		Pool.ts	727	727
brief	live	src/Effect4/Machine/Fibers.lean	119	cont	:1121	internal/effect.ts	1121	1121	default	exact	same		internal/effect.ts	1154	1154
brief	live	src/Effect4/Machine/Fibers.lean	127	bare	Scheduler.ts	Scheduler.ts	105	131	exact	unnamed	same		Scheduler.ts	115	141
brief	live	src/Effect4/Machine/Fibers.lean	134	bare	Scheduler.ts	Scheduler.ts	188	233	exact	exact	same		Scheduler.ts	198	243
brief	live	src/Effect4/Machine/Fibers.lean	135	cont	:552-555	internal/effect.ts	552	555	default	unconfirmed	changed	code	internal/effect.ts	506	531
brief	live	src/Effect4/Machine/Fibers.lean	135	bare	Scheduler.ts	Scheduler.ts	207	212	exact	unnamed	same		Scheduler.ts	217	222
brief	live	src/Effect4/Machine/Fibers.lean	156	bare	Scheduler.ts	Scheduler.ts	105	131	exact	unnamed	same		Scheduler.ts	115	141
brief	live	src/Effect4/Machine/Fibers.lean	156	cont	:207-212	Scheduler.ts	207	212	block	unconfirmed	same		Scheduler.ts	217	222
brief	live	src/Effect4/Machine/Fibers.lean	161	bare	Scheduler.ts	Scheduler.ts	225	233	exact	exact	same		Scheduler.ts	235	243
brief	live	src/Effect4/Machine/Fibers.lean	188	bare	internal/effect.ts	internal/effect.ts	1366	1366	exact	unnamed	same		internal/effect.ts	1418	1418
brief	live	src/Effect4/Machine/Fibers.lean	196	bare	effect.ts	internal/effect.ts	647	651	suffix	exact	changed	code	internal/effect.ts	641	646
brief	live	src/Effect4/Machine/Fibers.lean	229	bare	internal/effect.ts	internal/effect.ts	5279	5282	exact	unnamed	changed	code	internal/effect.ts	5534	5537
brief	live	src/Effect4/Machine/Fibers.lean	238	bare	internal/effect.ts	internal/effect.ts	5264	5284	exact	unnamed	changed	code	internal/effect.ts	5517	5539
brief	live	src/Effect4/Machine/Fibers.lean	247	cont	:505-555	internal/effect.ts	505	555	default	exact	changed	code	internal/effect.ts	484	531
brief	live	src/Effect4/Machine/Fibers.lean	248	cont	:537	internal/effect.ts	537	537	default	unconfirmed	changed	code	internal/effect.ts	506	528
brief	live	src/Effect4/Machine/Fibers.lean	248	cont	:536	internal/effect.ts	536	536	default	named	changed	code	internal/effect.ts	506	528
brief	live	src/Effect4/Machine/Fibers.lean	249	cont	:613-617	internal/effect.ts	613	617	default	named	same		internal/effect.ts	599	603
brief	live	src/Effect4/Machine/Fibers.lean	250	cont	:533	internal/effect.ts	533	533	default	named	changed	code	internal/effect.ts	506	528
brief	live	src/Effect4/Machine/Fibers.lean	250	cont	:530	internal/effect.ts	530	530	default	named	changed	code	internal/effect.ts	506	528
brief	live	src/Effect4/Machine/Fibers.lean	250	cont	:549-550	internal/effect.ts	549	550	default	unconfirmed	changed	code	internal/effect.ts	506	528
brief	live	src/Effect4/Machine/Fibers.lean	251	bare	Scheduler.ts	Scheduler.ts	78	81	exact	named	same		Scheduler.ts	78	81
brief	live	src/Effect4/Machine/Fibers.lean	251	cont	:532	internal/effect.ts	532	532	default	named	changed	code	internal/effect.ts	506	528
brief	live	src/Effect4/Machine/Fibers.lean	252	cont	:534	internal/effect.ts	534	534	default	named	changed	code	internal/effect.ts	506	528
brief	live	src/Effect4/Machine/Fibers.lean	252	cont	:552	internal/effect.ts	552	552	default	unconfirmed	changed	code	internal/effect.ts	506	528
brief	live	src/Effect4/Machine/Fibers.lean	252	cont	:541	internal/effect.ts	541	541	default	exact	changed	code	internal/effect.ts	506	528
brief	live	src/Effect4/Machine/Fibers.lean	281	cont	:512-514	internal/effect.ts	512	514	default	exact	same		internal/effect.ts	490	492
brief	live	src/Effect4/Machine/Fibers.lean	282	cont	:726-727	internal/effect.ts	726	727	default	named	changed	code	internal/effect.ts	732	732
brief	live	src/Effect4/Machine/Fibers.lean	310	cont	:1147	internal/effect.ts	1147	1147	default	unconfirmed	same		internal/effect.ts	1189	1189
brief	live	src/Effect4/Machine/Fibers.lean	314	cont	:5264-5284	internal/effect.ts	5264	5284	default	exact	changed	code	internal/effect.ts	5517	5539
brief	live	src/Effect4/Machine/Fibers.lean	316	cont	:5364-5378	internal/effect.ts	5364	5378	default	unconfirmed	same		internal/effect.ts	5621	5635
brief	live	src/Effect4/Machine/Fibers.lean	317	cont	:5366	internal/effect.ts	5366	5366	default	unconfirmed	same		internal/effect.ts	5623	5623
brief	live	src/Effect4/Machine/Fibers.lean	320	cont	:5400-5406	internal/effect.ts	5400	5406	default	named	same		internal/effect.ts	5657	5663
brief	live	src/Effect4/Machine/Fibers.lean	322	bare	Context.ts	Context.ts	423	423	exact	unnamed	same		Context.ts	423	423
brief	live	src/Effect4/Machine/Fibers.lean	322	bare	effect.ts	internal/effect.ts	3929	3929	suffix	named	same		internal/effect.ts	4091	4091
brief	live	src/Effect4/Machine/Fibers.lean	325	cont	:5447-5461	internal/effect.ts	5447	5461	default	unconfirmed	same		internal/effect.ts	5704	5718
brief	live	src/Effect4/Machine/Fibers.lean	326	cont	:5457	internal/effect.ts	5457	5457	default	unconfirmed	same		internal/effect.ts	5714	5714
brief	live	src/Effect4/Machine/Fibers.lean	328	cont	:857	internal/effect.ts	857	857	default	exact	same		internal/effect.ts	889	889
brief	live	src/Effect4/Machine/Fibers.lean	331	cont	:871-884	internal/effect.ts	871	884	default	named	same		internal/effect.ts	903	916
brief	live	src/Effect4/Machine/Fibers.lean	334	cont	:5368	internal/effect.ts	5368	5368	default	named	same		internal/effect.ts	5625	5625
brief	live	src/Effect4/Machine/Fibers.lean	337	cont	:888-915	internal/effect.ts	888	915	default	exact	same		internal/effect.ts	920	947
brief	live	src/Effect4/Machine/Fibers.lean	341	cont	:779	internal/effect.ts	779	779	default	exact	same		internal/effect.ts	804	804
brief	live	src/Effect4/Machine/Fibers.lean	341	cont	:5318-5322	internal/effect.ts	5318	5322	default	unconfirmed	changed	code	internal/effect.ts	5573	5578
brief	live	src/Effect4/Machine/Fibers.lean	344	bare	Layer.ts	Layer.ts	1597	1598	exact	exact	same		Layer.ts	1594	1595
brief	live	src/Effect4/Machine/Fibers.lean	347	cont	:5318	internal/effect.ts	5318	5318	default	unconfirmed	same		internal/effect.ts	5573	5573
brief	live	src/Effect4/Machine/Fibers.lean	354	cont	:4302-4310	internal/effect.ts	4302	4310	default	exact	same		internal/effect.ts	4550	4558
brief	live	src/Effect4/Machine/Fibers.lean	354	cont	:4331-4352	internal/effect.ts	4331	4352	default	exact	same		internal/effect.ts	4607	4628
brief	live	src/Effect4/Machine/Fibers.lean	357	cont	:709-727	internal/effect.ts	709	727	default	exact	changed	code	internal/effect.ts	718	732
brief	live	src/Effect4/Machine/Fibers.lean	359	cont	:2153	internal/effect.ts	2153	2153	default	exact	same		internal/effect.ts	2258	2258
brief	live	src/Effect4/Machine/Fibers.lean	363	cont	:3826	internal/effect.ts	3826	3826	default	unconfirmed	same		internal/effect.ts	3993	3993
brief	live	src/Effect4/Machine/Fibers.lean	367	cont	:3819-3824	internal/effect.ts	3819	3824	default	unconfirmed	changed	code	internal/effect.ts	3986	3991
brief	live	src/Effect4/Machine/Fibers.lean	374	cont	:773	internal/effect.ts	773	773	default	named	same		internal/effect.ts	798	798
brief	live	src/Effect4/Machine/Fibers.lean	374	cont	:821	internal/effect.ts	821	821	default	named	same		internal/effect.ts	846	846
brief	live	src/Effect4/Machine/Fibers.lean	374	cont	:812	internal/effect.ts	812	812	default	named	same-comment		internal/effect.ts	837	837
brief	live	src/Effect4/Machine/Fibers.lean	377	cont	:1530	internal/effect.ts	1530	1530	default	exact	removed	code	internal/effect.ts		
brief	live	src/Effect4/Machine/Fibers.lean	430	cont	:1520-1528	internal/effect.ts	1520	1528	default	unconfirmed	same		internal/effect.ts	1644	1652
brief	live	src/Effect4/Machine/Fibers.lean	433	cont	:1120-1126	internal/effect.ts	1120	1126	default	unconfirmed	same		internal/effect.ts	1153	1159
brief	live	src/Effect4/Machine/Fibers.lean	440	cont	:6656-6658	internal/effect.ts	6656	6658	default	unconfirmed	same		internal/effect.ts	6925	6927
brief	live	src/Effect4/Machine/Fibers.lean	455	bare	Scheduler.ts	Scheduler.ts	207	212	exact	named	same		Scheduler.ts	217	222
brief	live	src/Effect4/Machine/Fibers.lean	469	bare	Scheduler.ts	Scheduler.ts	207	212	exact	unnamed	same		Scheduler.ts	217	222
brief	live	src/Effect4/Machine/Fibers.lean	471	cont	:5423	internal/effect.ts	5423	5423	default	unconfirmed	same		internal/effect.ts	5680	5680
brief	live	src/Effect4/Machine/Fibers.lean	475	cont	:1121	internal/effect.ts	1121	1121	default	unconfirmed	same		internal/effect.ts	1154	1154
brief	live	src/Effect4/Machine/Fibers.lean	478	cont	:574	internal/effect.ts	574	574	default	exact	same		internal/effect.ts	555	555
brief	live	src/Effect4/Machine/Fibers.lean	479	cont	:5427-5429	internal/effect.ts	5427	5429	default	named	same		internal/effect.ts	5684	5686
brief	live	src/Effect4/Machine/Fibers.lean	482	cont	:6656-6658	internal/effect.ts	6656	6658	default	exact	same		internal/effect.ts	6925	6927
brief	live	src/Effect4/Machine/Fibers.lean	485	bare	testing/TestClock.ts	testing/TestClock.ts	377	381	exact	named	same		testing/TestClock.ts	377	381
brief	live	src/Effect4/Machine/Fibers.lean	487	cont	:361-367	testing/TestClock.ts	361	367	block	unconfirmed	same		testing/TestClock.ts	361	367
brief	live	src/Effect4/Machine/Fibers.lean	487	cont	:368	testing/TestClock.ts	368	368	block	unconfirmed	same		testing/TestClock.ts	368	368
brief	live	src/Effect4/Machine/Fibers.lean	504	cont	:1493	internal/effect.ts	1493	1493	default	unconfirmed	same		internal/effect.ts	1622	1622
brief	live	src/Effect4/Machine/Fibers.lean	506	cont	:857	internal/effect.ts	857	857	default	exact	same		internal/effect.ts	889	889
brief	live	src/Effect4/Machine/Fibers.lean	509	cont	:871-884	internal/effect.ts	871	884	default	named	same		internal/effect.ts	903	916
brief	live	src/Effect4/Machine/Fibers.lean	512	cont	:888-898	internal/effect.ts	888	898	default	exact	same		internal/effect.ts	920	930
brief	live	src/Effect4/Machine/Fibers.lean	513	cont	:613-617	internal/effect.ts	613	617	default	exact	same		internal/effect.ts	599	603
brief	live	src/Effect4/Machine/Fibers.lean	520	cont	:1117	internal/effect.ts	1117	1117	default	exact	changed	code	internal/effect.ts	1149	1150
brief	live	src/Effect4/Machine/Fibers.lean	521	cont	:1120-1126	internal/effect.ts	1120	1126	default	named	same		internal/effect.ts	1153	1159
brief	live	src/Effect4/Machine/Fibers.lean	526	bare	Deferred.ts	Deferred.ts	1655	1659	exact	unnamed	same		Deferred.ts	1656	1660
brief	live	src/Effect4/Machine/Fibers.lean	530	bare	internal/effect.ts	internal/effect.ts	5591	5598	exact	named	same		internal/effect.ts	5848	5855
brief	live	src/Effect4/Machine/Fibers.lean	533	bare	testing/TestClock.ts	testing/TestClock.ts	345	375	exact	unnamed	same		testing/TestClock.ts	345	375
brief	live	src/Effect4/Machine/Fibers.lean	539	bare	Deferred.ts	Deferred.ts	181	184	exact	unnamed	same		Deferred.ts	182	185
brief	live	src/Effect4/Machine/Fibers.lean	542	cont	:1134-1140	internal/effect.ts	1134	1140	default	unconfirmed	same		internal/effect.ts	1167	1173
brief	live	src/Effect4/Machine/Fibers.lean	545	cont	:773	internal/effect.ts	773	773	default	named;also:carry=Deferred.ts	same		internal/effect.ts	798	798
brief	live	src/Effect4/Machine/Fibers.lean	545	cont	:821	internal/effect.ts	821	821	default	named	same		internal/effect.ts	846	846
brief	live	src/Effect4/Machine/Fibers.lean	546	cont	:812	internal/effect.ts	812	812	default	named	same-comment		internal/effect.ts	837	837
brief	live	src/Effect4/Machine/Fibers.lean	548	cont	:1530	internal/effect.ts	1530	1530	default	exact	removed	code	internal/effect.ts		
brief	live	src/Effect4/Machine/Fibers.lean	551	cont	:1510-1514	internal/effect.ts	1510	1514	default	named	changed	code	internal/effect.ts	1638	1638
brief	live	src/Effect4/Machine/Fibers.lean	557	cont	:4021	internal/effect.ts	4021	4021	default	unconfirmed	changed	code	internal/effect.ts	4179	4184
brief	live	src/Effect4/Machine/Fibers.lean	566	cont	:5370	internal/effect.ts	5370	5370	default	named	same		internal/effect.ts	5627	5627
brief	live	src/Effect4/Machine/Fibers.lean	567	cont	:5458	internal/effect.ts	5458	5458	default	named	same		internal/effect.ts	5715	5715
brief	live	src/Effect4/Machine/Fibers.lean	568	cont	:5366	internal/effect.ts	5366	5366	default	exact	same		internal/effect.ts	5623	5623
brief	live	src/Effect4/Machine/Fibers.lean	568	cont	:5457	internal/effect.ts	5457	5457	default	exact	same		internal/effect.ts	5714	5714
brief	live	src/Effect4/Machine/Fibers.lean	572	cont	:5370-5372	internal/effect.ts	5370	5372	default	unconfirmed	same		internal/effect.ts	5627	5629
brief	live	src/Effect4/Machine/Fibers.lean	579	cont	:5400-5406	internal/effect.ts	5400	5406	default	named	same		internal/effect.ts	5657	5663
brief	live	src/Effect4/Machine/Fibers.lean	581	cont	:726-727	internal/effect.ts	726	727	default	exact	changed	code	internal/effect.ts	732	732
brief	live	src/Effect4/Machine/Fibers.lean	583	cont	:627	internal/effect.ts	627	627	default	exact	same		internal/effect.ts	620	620
brief	live	src/Effect4/Machine/Fibers.lean	587	cont	:5304	internal/effect.ts	5304	5304	default	unconfirmed	same		internal/effect.ts	5559	5559
brief	live	src/Effect4/Machine/Fibers.lean	588	cont	:5291	internal/effect.ts	5291	5291	default	unconfirmed	same		internal/effect.ts	5546	5546
brief	live	src/Effect4/Machine/Fibers.lean	592	bare	internal/effect.ts	internal/effect.ts	1092	1100	exact	exact	same		internal/effect.ts	1126	1134
brief	live	src/Effect4/Machine/Fibers.lean	597	cont	:779	internal/effect.ts	779	779	default	exact	same		internal/effect.ts	804	804
brief	live	src/Effect4/Machine/Fibers.lean	599	cont	:988	internal/effect.ts	988	988	default	exact	same		internal/effect.ts	1020	1020
brief	live	src/Effect4/Machine/Fibers.lean	602	cont	:5406	internal/effect.ts	5406	5406	default	exact	same		internal/effect.ts	5663	5663
brief	live	src/Effect4/Machine/Fibers.lean	604	cont	:2024-2038	internal/effect.ts	2024	2038	default	exact	same		internal/effect.ts	2126	2140
brief	live	src/Effect4/Machine/Fibers.lean	605	cont	:3823-3826	internal/effect.ts	3823	3826	default	named	same		internal/effect.ts	3990	3993
brief	live	src/Effect4/Machine/Fibers.lean	609	cont	:579-580	internal/effect.ts	579	580	default	exact	changed	code	internal/effect.ts	560	561
brief	live	src/Effect4/Machine/Fibers.lean	614	cont	:5400-5406	internal/effect.ts	5400	5406	default	named	same		internal/effect.ts	5657	5663
brief	live	src/Effect4/Machine/Fibers.lean	698	bare	Scheduler.ts	Scheduler.ts	207	212	exact	unnamed	same		Scheduler.ts	217	222
brief	live	src/Effect4/Machine/Fibers.lean	710	bare	Queue.ts	Queue.ts	1974	1974	exact	named	changed	code	Queue.ts	2462	2465
brief	live	src/Effect4/Machine/Fibers.lean	710	bare	internal/effect.ts	internal/effect.ts	5583	5583	exact	named	same		internal/effect.ts	5840	5840
brief	live	src/Effect4/Machine/Fibers.lean	711	bare	Scheduler.ts	Scheduler.ts	207	212	exact	named	same		Scheduler.ts	217	222
brief	live	src/Effect4/Machine/Fibers.lean	726	cont	:5270-5271	internal/effect.ts	5270	5271	default	unconfirmed	same		internal/effect.ts	5523	5524
brief	live	src/Effect4/Machine/Fibers.lean	727	cont	:1121	internal/effect.ts	1121	1121	default	unconfirmed	same		internal/effect.ts	1154	1154
brief	live	src/Effect4/Machine/Fibers.lean	727	bare	Deferred.ts	Deferred.ts	1655	1659	exact	named	same		Deferred.ts	1656	1660
brief	live	src/Effect4/Machine/Fibers.lean	732	cont	:599-628	internal/effect.ts	599	628	default	exact	changed	code	internal/effect.ts	580	621
brief	live	src/Effect4/Machine/Fibers.lean	736	cont	:933-934	internal/effect.ts	933	934	default	named	same		internal/effect.ts	965	966
brief	live	src/Effect4/Machine/Fibers.lean	741	cont	:611-628	internal/effect.ts	611	628	default	exact;also:carry=Deferred.ts	changed	code	internal/effect.ts	599	621
brief	live	src/Effect4/Machine/Fibers.lean	745	cont	:1121	internal/effect.ts	1121	1121	default	exact	same		internal/effect.ts	1154	1154
brief	live	src/Effect4/Machine/Fibers.lean	747	cont	:1520-1528	internal/effect.ts	1520	1528	default	unconfirmed	same		internal/effect.ts	1644	1652
brief	live	src/Effect4/Machine/Fibers.lean	751	cont	:1522-1526	internal/effect.ts	1522	1526	default	unconfirmed	same		internal/effect.ts	1646	1650
brief	live	src/Effect4/Machine/Fibers.lean	754	cont	:1120-1141	internal/effect.ts	1120	1141	default	unconfirmed	same		internal/effect.ts	1153	1174
brief	live	src/Effect4/Machine/Fibers.lean	757	cont	:574-595	internal/effect.ts	574	595	default	exact	changed	code	internal/effect.ts	555	576
brief	live	src/Effect4/Machine/Fibers.lean	760	cont	:884	internal/effect.ts	884	884	default	named	same		internal/effect.ts	916	916
brief	live	src/Effect4/Machine/Fibers.lean	760	cont	:896	internal/effect.ts	896	896	default	named	same		internal/effect.ts	928	928
brief	live	src/Effect4/Machine/Fibers.lean	764	cont	:889-896	internal/effect.ts	889	896	default	named	same		internal/effect.ts	921	928
brief	live	src/Effect4/Machine/Fibers.lean	764	cont	:1512	internal/effect.ts	1512	1512	default	named	changed	code	internal/effect.ts	1638	1638
brief	live	src/Effect4/Machine/Fibers.lean	769	cont	:5279-5282	internal/effect.ts	5279	5282	default	unconfirmed	changed	code	internal/effect.ts	5534	5537
brief	live	src/Effect4/Machine/Fibers.lean	773	cont	:621-623	internal/effect.ts	621	623	default	unconfirmed	changed	code	internal/effect.ts	606	617
brief	live	src/Effect4/Machine/Fibers.lean	776	cont	:624-627	internal/effect.ts	624	627	default	unconfirmed	changed	code	internal/effect.ts	618	620
brief	live	src/Effect4/Machine/Fibers.lean	779	cont	:3823-3824	internal/effect.ts	3823	3824	default	named	same		internal/effect.ts	3990	3991
brief	live	src/Effect4/Machine/Fibers.lean	783	cont	:5366-5376	internal/effect.ts	5366	5376	default	named	same		internal/effect.ts	5623	5633
brief	live	src/Effect4/Machine/Fibers.lean	785	cont	:5366	internal/effect.ts	5366	5366	default	exact	same		internal/effect.ts	5623	5623
brief	live	src/Effect4/Machine/Fibers.lean	800	cont	:574-595	internal/effect.ts	574	595	default	exact	changed	code	internal/effect.ts	555	576
brief	live	src/Effect4/Machine/Fibers.lean	802	cont	:578-584	internal/effect.ts	578	584	default	named	changed	code	internal/effect.ts	559	565
brief	live	src/Effect4/Machine/Fibers.lean	805	cont	:1155-1159	internal/effect.ts	1155	1159	default	named	changed	code	internal/effect.ts	1197	1201
brief	live	src/Effect4/Machine/Fibers.lean	829	cont	:892-896	internal/effect.ts	892	896	default	named	same		internal/effect.ts	924	928
brief	live	src/Effect4/Machine/Fibers.lean	830	cont	:910-913	internal/effect.ts	910	913	default	named	same		internal/effect.ts	942	945
brief	live	src/Effect4/Machine/Fibers.lean	830	cont	:5449	internal/effect.ts	5449	5449	default	unconfirmed	same		internal/effect.ts	5706	5706
brief	live	src/Effect4/Machine/Fibers.lean	845	cont	:794-808	internal/effect.ts	794	808	default	unconfirmed	same		internal/effect.ts	819	833
brief	live	src/Effect4/Machine/Fibers.lean	846	cont	:797-800	internal/effect.ts	797	800	default	unconfirmed	same		internal/effect.ts	822	825
brief	live	src/Effect4/Machine/Fibers.lean	847	cont	:802	internal/effect.ts	802	802	default	unconfirmed	same		internal/effect.ts	827	827
brief	live	src/Effect4/Machine/Fibers.lean	847	cont	:806	internal/effect.ts	806	806	default	unconfirmed	same		internal/effect.ts	831	831
brief	live	src/Effect4/Machine/Fibers.lean	861	cont	:779-813	internal/effect.ts	779	813	default	exact	same		internal/effect.ts	804	838
brief	live	src/Effect4/Machine/Fibers.lean	863	cont	:812	internal/effect.ts	812	812	default	unconfirmed	same-comment		internal/effect.ts	837	837
brief	live	src/Effect4/Machine/Fibers.lean	863	cont	:1128-1141	internal/effect.ts	1128	1141	default	unconfirmed	same		internal/effect.ts	1161	1174
brief	live	src/Effect4/Machine/Fibers.lean	864	cont	:806	internal/effect.ts	806	806	default	unconfirmed	same		internal/effect.ts	831	831
brief	live	src/Effect4/Machine/Fibers.lean	897	cont	:932	internal/effect.ts	932	932	default	named	same		internal/effect.ts	964	964
brief	live	src/Effect4/Machine/Fibers.lean	898	cont	:933	internal/effect.ts	933	933	default	unconfirmed	same		internal/effect.ts	965	965
brief	live	src/Effect4/Machine/Fibers.lean	901	cont	:1117-1141	internal/effect.ts	1117	1141	default	unconfirmed	changed	code	internal/effect.ts	1149	1174
brief	live	src/Effect4/Machine/Fibers.lean	919	cont	:1493	internal/effect.ts	1493	1493	default	unconfirmed	same		internal/effect.ts	1622	1622
brief	live	src/Effect4/Machine/Fibers.lean	936	cont	:1117-1141	internal/effect.ts	1117	1141	default	unconfirmed	changed	code	internal/effect.ts	1149	1174
brief	live	src/Effect4/Machine/Fibers.lean	936	cont	:1520-1528	internal/effect.ts	1520	1528	default	unconfirmed	same		internal/effect.ts	1644	1652
brief	live	src/Effect4/Machine/Fibers.lean	949	cont	:5264-5284	internal/effect.ts	5264	5284	default	unconfirmed	changed	code	internal/effect.ts	5517	5539
brief	live	src/Effect4/Machine/Fibers.lean	949	cont	:5272	internal/effect.ts	5272	5272	default	unconfirmed	same		internal/effect.ts	5525	5525
brief	live	src/Effect4/Machine/Fibers.lean	950	cont	:5273	internal/effect.ts	5273	5273	default	unconfirmed	same		internal/effect.ts	5526	5526
brief	live	src/Effect4/Machine/Fibers.lean	950	cont	:5280-5281	internal/effect.ts	5280	5281	default	unconfirmed	changed	code	internal/effect.ts	5535	5536
brief	live	src/Effect4/Machine/Fibers.lean	963	cont	:5279-5282	internal/effect.ts	5279	5282	default	unconfirmed	changed	code	internal/effect.ts	5534	5537
brief	live	src/Effect4/Machine/Fibers.lean	971	cont	:5270-5271	internal/effect.ts	5270	5271	default	unconfirmed	same		internal/effect.ts	5523	5524
brief	live	src/Effect4/Machine/Fibers.lean	972	cont	:5277	internal/effect.ts	5277	5277	default	unconfirmed	same		internal/effect.ts	5532	5532
brief	live	src/Effect4/Machine/Fibers.lean	982	cont	:1521	internal/effect.ts	1521	1521	default	unconfirmed	same		internal/effect.ts	1645	1645
brief	live	src/Effect4/Machine/Fibers.lean	984	cont	:1522-1526	internal/effect.ts	1522	1526	default	unconfirmed	same		internal/effect.ts	1646	1650
brief	live	src/Effect4/Machine/Fibers.lean	992	cont	:3820	internal/effect.ts	3820	3820	default	named	changed	code	internal/effect.ts	3987	3987
brief	live	src/Effect4/Machine/Fibers.lean	1003	cont	:5364-5378	internal/effect.ts	5364	5378	default	named	same		internal/effect.ts	5621	5635
brief	live	src/Effect4/Machine/Fibers.lean	1003	cont	:5447-5461	internal/effect.ts	5447	5461	default	unconfirmed	same		internal/effect.ts	5704	5718
brief	live	src/Effect4/Machine/Fibers.lean	1006	cont	:5374	internal/effect.ts	5374	5374	default	unconfirmed	same		internal/effect.ts	5631	5631
brief	live	src/Effect4/Machine/Fibers.lean	1027	cont	:5367	internal/effect.ts	5367	5367	default	unconfirmed	same		internal/effect.ts	5624	5624
brief	live	src/Effect4/Machine/Fibers.lean	1027	cont	:5451-5452	internal/effect.ts	5451	5452	default	unconfirmed	same		internal/effect.ts	5708	5709
brief	live	src/Effect4/Machine/Fibers.lean	1039	cont	:639-642	internal/effect.ts	639	642	default	unconfirmed	same		internal/effect.ts	632	635
brief	live	src/Effect4/Machine/Fibers.lean	1046	cont	:643	internal/effect.ts	643	643	default	unconfirmed	same		internal/effect.ts	636	636
brief	live	src/Effect4/Machine/Fibers.lean	1050	bare	Scheduler.ts	Scheduler.ts	174	176	exact	exact	changed	code	Scheduler.ts	184	186
brief	live	src/Effect4/Machine/Fibers.lean	1051	bare	Scheduler.ts	Scheduler.ts	78	81	exact	unnamed	same		Scheduler.ts	78	81
brief	live	src/Effect4/Machine/Fibers.lean	1055	cont	:644-652	internal/effect.ts	644	652	default	named	changed	code	internal/effect.ts	639	647
brief	live	src/Effect4/Machine/Fibers.lean	1071	bare	internal/core.ts	internal/core.ts	508	516	exact	named	same		internal/core.ts	559	567
brief	live	src/Effect4/Machine/Fibers.lean	1071	bare	internal/core.ts	internal/core.ts	539	545	exact	named	changed	code	internal/core.ts	590	608
brief	live	src/Effect4/Machine/Fibers.lean	1072	bare	internal/effect.ts	internal/effect.ts	688	697	exact	unnamed	changed	code	internal/effect.ts	683	695
brief	live	src/Effect4/Machine/Fibers.lean	1080	bare	internal/effect.ts	internal/effect.ts	3800	3804	exact	named	same		internal/effect.ts	3967	3971
brief	live	src/Effect4/Machine/Fibers.lean	1080	bare	internal/effect.ts	internal/effect.ts	4019	4030	exact	named	changed	code	internal/effect.ts	4177	4197
brief	live	src/Effect4/Machine/Fibers.lean	1090	cont	:655	internal/effect.ts	655	655	default	exact	same		internal/effect.ts	650	650
brief	live	src/Effect4/Machine/Fibers.lean	1133	cont	:806	internal/effect.ts	806	806	default	unconfirmed	same		internal/effect.ts	831	831
brief	live	src/Effect4/Machine/Fibers.lean	1150	cont	:773	internal/effect.ts	773	773	default	named	same		internal/effect.ts	798	798
brief	live	src/Effect4/Machine/Fibers.lean	1150	cont	:821	internal/effect.ts	821	821	default	named	same		internal/effect.ts	846	846
brief	live	src/Effect4/Machine/Fibers.lean	1150	cont	:1128-1141	internal/effect.ts	1128	1141	default	unconfirmed	same		internal/effect.ts	1161	1174
brief	live	src/Effect4/Machine/Fibers.lean	1163	cont	:931-935	internal/effect.ts	931	935	default	exact	same		internal/effect.ts	963	967
brief	live	src/Effect4/Machine/Fibers.lean	1164	bare	Deferred.ts	Deferred.ts	1655	1658	exact	unnamed	same		Deferred.ts	1656	1659
brief	live	src/Effect4/Machine/Fibers.lean	1181	cont	:4021	internal/effect.ts	4021	4021	default	unconfirmed	changed	code	internal/effect.ts	4179	4184
brief	live	src/Effect4/Machine/Fibers.lean	1190	cont	:2334	-	2334	2334	block:Runtime.lean	outside	not-a-pin-citation				
brief	live	src/Effect4/Machine/Fibers.lean	1214	cont	:655	internal/effect.ts	655	655	default	exact	same		internal/effect.ts	650	650
brief	live	src/Effect4/Machine/Fibers.lean	1228	bare	internal/effect.ts	internal/effect.ts	688	697	exact	unnamed	changed	code	internal/effect.ts	683	695
brief	live	src/Effect4/Machine/Fibers.lean	1244	cont	:5253	internal/effect.ts	5253	5253	default	exact	same		internal/effect.ts	5506	5506
brief	live	src/Effect4/Machine/Fibers.lean	1244	cont	:6656-6658	internal/effect.ts	6656	6658	default	exact	same		internal/effect.ts	6925	6927
brief	live	src/Effect4/Machine/Fibers.lean	1250	cont	:5279-5282	internal/effect.ts	5279	5282	default	unconfirmed	changed	code	internal/effect.ts	5534	5537
brief	live	src/Effect4/Machine/Fibers.lean	1254	cont	:5366-5376	internal/effect.ts	5366	5376	default	unconfirmed	same		internal/effect.ts	5623	5633
brief	live	src/Effect4/Machine/Fibers.lean	1273	bare	Context.ts	Context.ts	423	423	exact	unnamed	same		Context.ts	423	423
brief	live	src/Effect4/Machine/Fibers.lean	1297	cont	:892-895	internal/effect.ts	892	895	default	named	same		internal/effect.ts	924	927
brief	live	src/Effect4/Machine/Fibers.lean	1297	cont	:910-913	internal/effect.ts	910	913	default	named	same		internal/effect.ts	942	945
brief	live	src/Effect4/Machine/Fibers.lean	1306	bare	Layer.ts	Layer.ts	1597	1598	exact	unnamed	same		Layer.ts	1594	1595
brief	live	src/Effect4/Machine/Fibers.lean	1365	cont	:871-884	internal/effect.ts	871	884	default	named	same		internal/effect.ts	903	916
brief	live	src/Effect4/Machine/Fibers.lean	1366	cont	:880-883	internal/effect.ts	880	883	default	named	same		internal/effect.ts	912	915
brief	live	src/Effect4/Machine/Fibers.lean	1526	cont	:857	internal/effect.ts	857	857	default	exact	same		internal/effect.ts	889	889
brief	live	src/Effect4/Machine/Fibers.lean	1534	cont	:871-884	internal/effect.ts	871	884	default	named	same		internal/effect.ts	903	916
brief	live	src/Effect4/Machine/Fibers.lean	1549	cont	:5368	internal/effect.ts	5368	5368	default	unconfirmed	same		internal/effect.ts	5625	5625
brief	live	src/Effect4/Machine/Fibers.lean	1559	cont	:888-915	internal/effect.ts	888	915	default	exact	same		internal/effect.ts	920	947
brief	live	src/Effect4/Machine/Fibers.lean	1638	bare	internal/effect.ts	internal/effect.ts	767	769	exact	unnamed	same		internal/effect.ts	792	794
brief	live	src/Effect4/Machine/Fibers.lean	1638	bare	internal/effect.ts	internal/effect.ts	814	816	exact	unnamed	same		internal/effect.ts	839	841
brief	live	src/Effect4/Machine/Fibers.lean	1651	cont	:638-668	internal/effect.ts	638	668	default	named	changed	code	internal/effect.ts	631	663
brief	live	src/Effect4/Machine/Fibers.lean	1652	cont	:634	internal/effect.ts	634	634	default	named	same		internal/effect.ts	627	627
brief	live	src/Effect4/Machine/Fibers.lean	1652	cont	:648	internal/effect.ts	648	648	default	named	same		internal/effect.ts	643	643
brief	live	src/Effect4/Machine/Fibers.lean	1661	cont	:621-623	internal/effect.ts	621	623	default	named	changed	code	internal/effect.ts	606	617
brief	live	src/Effect4/Machine/Fibers.lean	1662	cont	:1121	internal/effect.ts	1121	1121	default	unconfirmed	same		internal/effect.ts	1154	1154
brief	live	src/Effect4/Machine/Fibers.lean	1691	cont	:804	internal/effect.ts	804	804	default	named	same		internal/effect.ts	829	829
brief	live	src/Effect4/Machine/Fibers.lean	1718	cont	:1503-1514	internal/effect.ts	1503	1514	default	unconfirmed	changed	code	internal/effect.ts	1631	1638
brief	live	src/Effect4/Machine/Fibers.lean	1719	cont	:1120-1126	internal/effect.ts	1120	1126	default	unconfirmed	same		internal/effect.ts	1153	1159
brief	live	src/Effect4/Machine/Fibers.lean	1731	cont	:1467	internal/effect.ts	1467	1467	default	exact	same		internal/effect.ts	1593	1593
brief	live	src/Effect4/Machine/Fibers.lean	1737	cont	:767-769	internal/effect.ts	767	769	default	exact	same		internal/effect.ts	792	794
brief	live	src/Effect4/Machine/Fibers.lean	1738	cont	:779	internal/effect.ts	779	779	default	exact	same		internal/effect.ts	804	804
brief	live	src/Effect4/Machine/Fibers.lean	1747	cont	:619	internal/effect.ts	619	619	default	unconfirmed	same		internal/effect.ts	605	605
brief	live	src/Effect4/Machine/Fibers.lean	1748	cont	:659	internal/effect.ts	659	659	default	unconfirmed	same		internal/effect.ts	654	654
brief	live	src/Effect4/Machine/Fibers.lean	1760	cont	:624-627	internal/effect.ts	624	627	default	unconfirmed	changed	code	internal/effect.ts	618	620
brief	live	src/Effect4/Machine/Fibers.lean	1769	cont	:611-627	internal/effect.ts	611	627	default	named	changed	code	internal/effect.ts	599	620
brief	live	src/Effect4/Machine/Fibers.lean	1771	cont	:613-617	internal/effect.ts	613	617	default	exact	same		internal/effect.ts	599	603
brief	live	src/Effect4/Machine/Fibers.lean	1773	cont	:619-623	internal/effect.ts	619	623	default	named	changed	code	internal/effect.ts	605	617
brief	live	src/Effect4/Machine/Fibers.lean	1774	cont	:624-627	internal/effect.ts	624	627	default	named	changed	code	internal/effect.ts	618	620
brief	live	src/Effect4/Machine/Fibers.lean	1782	cont	:613-617	internal/effect.ts	613	617	default	unconfirmed	same		internal/effect.ts	599	603
brief	live	src/Effect4/Machine/Fibers.lean	1783	cont	:659	internal/effect.ts	659	659	default	unconfirmed	same		internal/effect.ts	654	654
brief	live	src/Effect4/Machine/Fibers.lean	1793	cont	:619-627	internal/effect.ts	619	627	default	unconfirmed	changed	code	internal/effect.ts	605	620
brief	live	src/Effect4/Machine/Fibers.lean	1847	bare	internal/effect.ts	internal/effect.ts	599	628	exact	unnamed	changed	code	internal/effect.ts	580	621
brief	live	src/Effect4/Machine/Fibers.lean	1847	cont	:933-934	internal/effect.ts	933	934	block	unconfirmed	same		internal/effect.ts	965	966
brief	live	src/Effect4/Machine/Fibers.lean	1847	cont	:1121-1126	internal/effect.ts	1121	1126	block	unconfirmed	same		internal/effect.ts	1154	1159
brief	live	src/Effect4/Machine/Fibers.lean	1848	cont	:1520-1528	internal/effect.ts	1520	1528	block	unconfirmed	same		internal/effect.ts	1644	1652
brief	live	src/Effect4/Machine/Fibers.lean	1848	cont	:5366-5376	internal/effect.ts	5366	5376	block	unconfirmed	same		internal/effect.ts	5623	5633
brief	live	src/Effect4/Machine/Fibers.lean	1902	cont	:557-559	internal/effect.ts	557	559	default	unconfirmed	same		internal/effect.ts	533	535
brief	live	src/Effect4/Machine/Fibers.lean	2037	bare	Scheduler.ts	Scheduler.ts	214	233	exact	unnamed	same		Scheduler.ts	224	243
brief	live	src/Effect4/Machine/Fibers.lean	2048	bare	Scheduler.ts	Scheduler.ts	207	212	exact	unnamed	same		Scheduler.ts	217	222
brief	live	src/Effect4/Machine/Fibers.lean	2062	bare	testing/TestClock.ts	testing/TestClock.ts	345	375	exact	named	same		testing/TestClock.ts	345	375
brief	live	src/Effect4/Machine/Fibers.lean	2064	cont	:365	testing/TestClock.ts	365	365	block	exact	same		testing/TestClock.ts	365	365
brief	live	src/Effect4/Machine/Fibers.lean	2064	cont	:366	testing/TestClock.ts	366	366	block	exact	same		testing/TestClock.ts	366	366
brief	live	src/Effect4/Machine/Fibers.lean	2066	cont	:368	testing/TestClock.ts	368	368	block	named	same		testing/TestClock.ts	368	368
brief	live	src/Effect4/Machine/Fibers.lean	2085	bare	Scheduler.ts	Scheduler.ts	238	246	exact	unnamed	same		Scheduler.ts	248	256
brief	live	src/Effect4/Machine/Fibers.lean	2152	bare	Scheduler.ts	Scheduler.ts	214	217	exact	exact	same		Scheduler.ts	224	227
brief	live	src/Effect4/Machine/Fibers.lean	2153	cont	:225-233	Scheduler.ts	225	233	block	exact	same		Scheduler.ts	235	243
brief	live	src/Effect4/Machine/Fibers.lean	2159	bare	Scheduler.ts	Scheduler.ts	207	212	exact	named	same		Scheduler.ts	217	222
brief	live	src/Effect4/Machine/Fibers.lean	2163	bare	Scheduler.ts	Scheduler.ts	238	246	exact	exact	same		Scheduler.ts	248	256
brief	live	src/Effect4/Machine/Fibers.lean	2165	cont	:5542	internal/effect.ts	5542	5542	default	named	same		internal/effect.ts	5799	5799
brief	live	src/Effect4/Machine/Fibers.lean	2211	cont	:5410-5430	internal/effect.ts	5410	5430	default	exact	same		internal/effect.ts	5667	5687
brief	live	src/Effect4/Machine/Fibers.lean	2221	cont	:5470-5490	internal/effect.ts	5470	5490	default	exact	same		internal/effect.ts	5727	5747
brief	live	src/Effect4/Machine/Fibers.lean	2232	cont	:5535-5545	internal/effect.ts	5535	5545	default	exact	same		internal/effect.ts	5792	5802
brief	live	src/Effect4/Machine/Fibers.lean	2233	cont	:5542	internal/effect.ts	5542	5542	default	exact	same		internal/effect.ts	5799	5799
brief	live	src/Effect4/Machine/Frames.lean	39	full	vendor/effect-4.0.0-rc.112/src/internal/core.ts	internal/core.ts	0	0	full	n/a	file-only		internal/core.ts		
brief	live	src/Effect4/Machine/Frames.lean	100	bare	internal/effect.ts	internal/effect.ts	651	651	exact	unnamed	same		internal/effect.ts	646	646
brief	live	src/Effect4/Machine/Frames.lean	122	bare	internal/effect.ts	internal/effect.ts	649	655	exact	exact	changed	code	internal/effect.ts	644	650
brief	live	src/Effect4/Machine/Frames.lean	138	bare	internal/effect.ts	internal/effect.ts	982	994	exact	exact	same		internal/effect.ts	1014	1026
brief	live	src/Effect4/Machine/Frames.lean	143	bare	internal/effect.ts	internal/effect.ts	1102	1143	exact	exact	changed	code	internal/effect.ts	1136	1176
brief	live	src/Effect4/Machine/Frames.lean	151	bare	internal/effect.ts	internal/effect.ts	1145	1160	exact	named	changed	code	internal/effect.ts	1187	1202
brief	live	src/Effect4/Machine/Frames.lean	160	bare	internal/effect.ts	internal/effect.ts	651	651	exact	unnamed	same		internal/effect.ts	646	646
brief	live	src/Effect4/Machine/Frames.lean	268	bare	internal/effect.ts	internal/effect.ts	1362	1377	exact	named	changed	code	internal/effect.ts	1414	1429
brief	live	src/Effect4/Machine/Frames.lean	300	bare	internal/effect.ts	internal/effect.ts	1157	1157	exact	named	changed	code	internal/effect.ts	1199	1199
brief	live	src/Effect4/Machine/Frames.lean	416	bare	internal/core.ts	internal/core.ts	540	540	exact	unnamed	changed	code	internal/core.ts	591	597
brief	live	src/Effect4/Machine/Frames.lean	556	bare	internal/effect.ts	internal/effect.ts	651	651	exact	unnamed	same		internal/effect.ts	646	646
brief	live	src/Effect4/Machine/Frames.lean	591	bare	internal/effect.ts	internal/effect.ts	1145	1160	exact	census	changed	code	internal/effect.ts	1187	1202
brief	live	src/Effect4/Machine/Frames.lean	702	bare	internal/effect.ts	internal/effect.ts	1149	1154	exact	unnamed	same		internal/effect.ts	1191	1196
brief	live	src/Effect4/Machine/Frames.lean	759	bare	internal/effect.ts	internal/effect.ts	651	651	exact	unnamed	same		internal/effect.ts	646	646
brief	live	src/Effect4/Machine/Frames.lean	795	bare	internal/effect.ts	internal/effect.ts	1149	1154	exact	census	same		internal/effect.ts	1191	1196
brief	live	src/Effect4/Machine/Frames.lean	947	bare	internal/effect.ts	internal/effect.ts	1155	1159	exact	unnamed	changed	code	internal/effect.ts	1197	1201
brief	live	src/Effect4/Machine/Frames.lean	1060	bare	internal/effect.ts	internal/effect.ts	651	651	exact	unnamed	same		internal/effect.ts	646	646
brief	live	src/Effect4/Machine/Frames.lean	1097	bare	internal/effect.ts	internal/effect.ts	651	651	exact	unnamed	same		internal/effect.ts	646	646
brief	live	src/Effect4/Machine/Frames.lean	1474	bare	internal/core.ts	internal/core.ts	539	545	exact	census	changed	code	internal/core.ts	590	608
brief	live	src/Effect4/Machine/Frames.lean	1916	bare	internal/effect.ts	internal/effect.ts	4312	4320	exact	census	same		internal/effect.ts	4560	4568
brief	live	src/Effect4/Machine/Frames.lean	2667	bare	internal/effect.ts	internal/effect.ts	651	651	exact	unnamed	same		internal/effect.ts	646	646
brief	live	src/Effect4/Machine/Frames.lean	2984	bare	internal/effect.ts	internal/effect.ts	649	655	exact	unnamed	changed	code	internal/effect.ts	644	650
brief	live	src/Effect4/Machine/Frames.lean	2997	bare	internal/effect.ts	internal/effect.ts	651	651	exact	unnamed	same		internal/effect.ts	646	646
brief	live	src/Effect4/Machine/Scope.lean	27	full	vendor/effect-4.0.0-rc.112/src/Scope.ts	Scope.ts	0	0	full	n/a	file-only		Scope.ts		
brief	live	src/Effect4/Machine/Scope.lean	1240	bare	internal/effect.ts	internal/effect.ts	5366	5372	exact	exact	same		internal/effect.ts	5623	5629
brief	live	src/Effect4/Machine/Scope.lean	1240	cont	:5457-5460	internal/effect.ts	5457	5460	block	named	same		internal/effect.ts	5714	5717
brief	live	src/Effect4/Machine/Stores.lean	31	bare	Ref.ts	Ref.ts	173	173	exact	named	same		Ref.ts	173	173
brief	live	src/Effect4/Machine/Stores.lean	34	bare	Deferred.ts	Deferred.ts	1655	1659	exact	unnamed	same		Deferred.ts	1656	1660
brief	live	src/Effect4/Machine/Stores.lean	36	bare	internal/effect.ts	internal/effect.ts	5370	5370	exact	named	same		internal/effect.ts	5627	5627
brief	live	src/Effect4/Machine/Stores.lean	37	cont	:3833-3844	internal/effect.ts	3833	3844	block	named	changed	code	internal/effect.ts	4001	4009
brief	live	src/Effect4/Machine/Stores.lean	84	bare	internal/effect.ts	internal/effect.ts	2152	2152	exact	exact	same		internal/effect.ts	2257	2257
brief	live	src/Effect4/Machine/Stores.lean	85	cont	:726-727	internal/effect.ts	726	727	block	named	changed	code	internal/effect.ts	732	732
brief	live	src/Effect4/Machine/Stores.lean	86	cont	:5400-5406	internal/effect.ts	5400	5406	block	named	same		internal/effect.ts	5657	5663
brief	live	src/Effect4/Machine/Stores.lean	103	cont	:726-727	internal/effect.ts	726	727	carry	unconfirmed	changed	code	internal/effect.ts	732	732
brief	live	src/Effect4/Machine/Stores.lean	107	cont	:5406	internal/effect.ts	5406	5406	carry	exact	same		internal/effect.ts	5663	5663
brief	live	src/Effect4/Machine/Stores.lean	118	bare	internal/effect.ts	internal/effect.ts	2232	2232	exact	named	same		internal/effect.ts	2337	2337
brief	live	src/Effect4/Machine/Stores.lean	122	bare	internal/effect.ts	internal/effect.ts	3942	3942	exact	named	same		internal/effect.ts	4104	4104
brief	live	src/Effect4/Machine/Stores.lean	138	bare	internal/effect.ts	internal/effect.ts	3976	3976	exact	named	same		internal/effect.ts	4139	4139
brief	live	src/Effect4/Machine/Stores.lean	138	bare	internal/effect.ts	internal/effect.ts	3983	3983	exact	unnamed	same		internal/effect.ts	4146	4146
brief	live	src/Effect4/Machine/Stores.lean	158	bare	internal/effect.ts	internal/effect.ts	5369	5371	exact	unnamed	same		internal/effect.ts	5626	5628
brief	live	src/Effect4/Machine/Stores.lean	159	cont	:5458	internal/effect.ts	5458	5458	block	unconfirmed	same		internal/effect.ts	5715	5715
brief	live	src/Effect4/Machine/Stores.lean	161	bare	internal/effect.ts	internal/effect.ts	3833	3844	exact	exact	changed	code	internal/effect.ts	4001	4009
brief	live	src/Effect4/Machine/Stores.lean	168	bare	internal/effect.ts	internal/effect.ts	5319	5333	exact	unnamed	changed	code	internal/effect.ts	5574	5590
brief	live	src/Effect4/Machine/Stores.lean	173	bare	internal/effect.ts	internal/effect.ts	4021	4021	exact	unnamed	changed	code	internal/effect.ts	4179	4184
brief	live	src/Effect4/Machine/Stores.lean	175	bare	internal/effect.ts	internal/effect.ts	3983	3983	exact	unnamed	same		internal/effect.ts	4146	4146
brief	live	src/Effect4/Machine/Stores.lean	178	bare	Layer.ts	Layer.ts	343	343	exact	named	same		Layer.ts	358	358
brief	live	src/Effect4/Machine/Stores.lean	180	bare	Layer.ts	Layer.ts	401	410	exact	named	removed	code	Layer.ts		
brief	live	src/Effect4/Machine/Stores.lean	183	bare	Layer.ts	Layer.ts	414	417	exact	exact	removed	code	Layer.ts		
brief	live	src/Effect4/Machine/Stores.lean	251	bare	Ref.ts	Ref.ts	173	173	exact	exact	same		Ref.ts	173	173
brief	live	src/Effect4/Machine/Stores.lean	251	cont	:142-146	Ref.ts	142	146	block	exact	same		Ref.ts	142	146
brief	live	src/Effect4/Machine/Stores.lean	253	bare	Ref.ts	Ref.ts	200	200	exact	unnamed	same		Ref.ts	200	200
brief	live	src/Effect4/Machine/Stores.lean	255	bare	Ref.ts	Ref.ts	306	307	exact	unnamed	same		Ref.ts	306	307
brief	live	src/Effect4/Machine/Stores.lean	257	bare	Ref.ts	Ref.ts	399	404	exact	unnamed	same		Ref.ts	399	404
brief	live	src/Effect4/Machine/Stores.lean	259	bare	Ref.ts	Ref.ts	747	747	exact	unnamed	same		Ref.ts	747	747
brief	live	src/Effect4/Machine/Stores.lean	261	bare	Ref.ts	Ref.ts	1273	1276	exact	named	same		Ref.ts	1273	1276
brief	live	src/Effect4/Machine/Stores.lean	264	bare	Ref.ts	Ref.ts	496	501	exact	unnamed	same		Ref.ts	496	501
brief	live	src/Effect4/Machine/Stores.lean	266	bare	Ref.ts	Ref.ts	1368	1368	exact	unnamed	same		Ref.ts	1368	1368
brief	live	src/Effect4/Machine/Stores.lean	268	bare	Ref.ts	Ref.ts	1502	1508	exact	unnamed	same		Ref.ts	1502	1508
brief	live	src/Effect4/Machine/Stores.lean	270	bare	Ref.ts	Ref.ts	635	643	exact	unnamed	same		Ref.ts	635	643
brief	live	src/Effect4/Machine/Stores.lean	272	bare	Ref.ts	Ref.ts	1639	1646	exact	unnamed	same		Ref.ts	1639	1646
brief	live	src/Effect4/Machine/Stores.lean	274	bare	Ref.ts	Ref.ts	896	901	exact	unnamed	same		Ref.ts	896	901
brief	live	src/Effect4/Machine/Stores.lean	276	bare	Ref.ts	Ref.ts	1159	1163	exact	named	same		Ref.ts	1159	1163
brief	live	src/Effect4/Machine/Stores.lean	279	bare	Deferred.ts	Deferred.ts	171	171	exact	exact	same		Deferred.ts	172	172
brief	live	src/Effect4/Machine/Stores.lean	281	bare	Deferred.ts	Deferred.ts	1382	1382	exact	exact	same		Deferred.ts	1383	1383
brief	live	src/Effect4/Machine/Stores.lean	283	bare	Deferred.ts	Deferred.ts	1414	1416	exact	exact	same		Deferred.ts	1415	1417
brief	live	src/Effect4/Machine/Stores.lean	285	bare	Deferred.ts	Deferred.ts	456	461	exact	exact	same		Deferred.ts	457	462
brief	live	src/Effect4/Machine/Stores.lean	286	cont	:570-571	Deferred.ts	570	571	block	named	same		Deferred.ts	571	572
brief	live	src/Effect4/Machine/Stores.lean	286	cont	:1514	Deferred.ts	1514	1514	block	named	same		Deferred.ts	1515	1515
brief	live	src/Effect4/Machine/Stores.lean	286	cont	:669	Deferred.ts	669	669	block	named	same		Deferred.ts	670	670
brief	live	src/Effect4/Machine/Stores.lean	286	cont	:877	Deferred.ts	877	877	block	named	same		Deferred.ts	878	878
brief	live	src/Effect4/Machine/Stores.lean	286	cont	:1087	Deferred.ts	1087	1087	block	named	same		Deferred.ts	1088	1088
brief	live	src/Effect4/Machine/Stores.lean	288	bare	Deferred.ts	Deferred.ts	1332	1337	exact	exact	same		Deferred.ts	1333	1338
brief	live	src/Effect4/Machine/Stores.lean	290	bare	Deferred.ts	Deferred.ts	178	185	exact	unnamed	same		Deferred.ts	179	186
brief	live	src/Effect4/Machine/Stores.lean	293	bare	internal/effect.ts	internal/effect.ts	6043	6043	exact	exact	same		internal/effect.ts	6302	6302
brief	live	src/Effect4/Machine/Stores.lean	293	bare	testing/TestClock.ts	testing/TestClock.ts	262	262	exact	unnamed	same		testing/TestClock.ts	262	262
brief	live	src/Effect4/Machine/Stores.lean	296	bare	internal/effect.ts	internal/effect.ts	6063	6063	exact	exact	same		internal/effect.ts	6322	6322
brief	live	src/Effect4/Machine/Stores.lean	299	bare	internal/effect.ts	internal/effect.ts	3914	3922	exact	exact	changed	code	internal/effect.ts	4070	4084
brief	live	src/Effect4/Machine/Stores.lean	301	bare	internal/effect.ts	internal/effect.ts	3846	3858	exact	exact	same		internal/effect.ts	4011	4023
brief	live	src/Effect4/Machine/Stores.lean	302	cont	:3855	internal/effect.ts	3855	3855	block	unconfirmed	same		internal/effect.ts	4020	4020
brief	live	src/Effect4/Machine/Stores.lean	304	cont	:3851-3853	internal/effect.ts	3851	3853	block	unconfirmed	same		internal/effect.ts	4016	4018
brief	live	src/Effect4/Machine/Stores.lean	306	bare	internal/effect.ts	internal/effect.ts	3890	3904	exact	exact	changed	code	internal/effect.ts	4053	4067
brief	live	src/Effect4/Machine/Stores.lean	308	bare	Scope.ts	Scope.ts	99	187	exact	unnamed	same		Scope.ts	99	186
brief	live	src/Effect4/Machine/Stores.lean	310	bare	internal/effect.ts	internal/effect.ts	3834	3844	exact	exact	changed	code	internal/effect.ts	4001	4009
brief	live	src/Effect4/Machine/Stores.lean	314	bare	Layer.ts	Layer.ts	492	492	exact	exact	same		Layer.ts	490	490
brief	live	src/Effect4/Machine/Stores.lean	314	cont	:511	Layer.ts	511	511	block	exact	same		Layer.ts	509	509
brief	live	src/Effect4/Machine/Stores.lean	316	cont	:434-443	Layer.ts	434	443	carry	exact	changed	code	Layer.ts	418	428
brief	live	src/Effect4/Machine/Stores.lean	317	cont	:245	Layer.ts	245	245	carry	named	same		Layer.ts	262	262
brief	live	src/Effect4/Machine/Stores.lean	319	cont	:396-411	Layer.ts	396	411	carry	unconfirmed	removed	code	Layer.ts		
brief	live	src/Effect4/Machine/Stores.lean	322	cont	:414-417	Layer.ts	414	417	carry	exact;also:dominant=internal/effect.ts	removed	code	Layer.ts		
brief	live	src/Effect4/Machine/Stores.lean	324	cont	:402-408	Layer.ts	402	408	carry	exact	removed	code	Layer.ts		
brief	live	src/Effect4/Machine/Stores.lean	346	bare	internal/effect.ts	internal/effect.ts	1530	1530	exact	unnamed	removed	code	internal/effect.ts		
brief	live	src/Effect4/Machine/Stores.lean	349	cont	:1510-1514	internal/effect.ts	1510	1514	carry	unconfirmed	changed	code	internal/effect.ts	1638	1638
brief	live	src/Effect4/Machine/Stores.lean	362	bare	internal/effect.ts	internal/effect.ts	982	990	exact	exact	same		internal/effect.ts	1014	1022
brief	live	src/Effect4/Machine/Stores.lean	365	bare	internal/effect.ts	internal/effect.ts	1109	1143	exact	named	changed	code	internal/effect.ts	1143	1176
brief	live	src/Effect4/Machine/Stores.lean	367	bare	Deferred.ts	Deferred.ts	173	186	exact	exact	same		Deferred.ts	174	187
brief	live	src/Effect4/Machine/Stores.lean	370	bare	Deferred.ts	Deferred.ts	1774	1784	exact	exact	same		Deferred.ts	1775	1785
brief	live	src/Effect4/Machine/Stores.lean	374	bare	Deferred.ts	Deferred.ts	1779	1782	exact	named	same		Deferred.ts	1780	1783
brief	live	src/Effect4/Machine/Stores.lean	376	bare	internal/effect.ts	internal/effect.ts	4302	4310	exact	unnamed	same		internal/effect.ts	4550	4558
brief	live	src/Effect4/Machine/Stores.lean	378	bare	internal/effect.ts	internal/effect.ts	779	779	exact	exact	same		internal/effect.ts	804	804
brief	live	src/Effect4/Machine/Stores.lean	382	bare	Deferred.ts	Deferred.ts	1231	1232	exact	exact	same		Deferred.ts	1232	1233
brief	live	src/Effect4/Machine/Stores.lean	385	bare	internal/effect.ts	internal/effect.ts	4021	4021	exact	unnamed	changed	code	internal/effect.ts	4179	4184
brief	live	src/Effect4/Machine/Stores.lean	389	cont	:5264-5284	internal/effect.ts	5264	5284	carry	unconfirmed	changed	code	internal/effect.ts	5517	5539
brief	live	src/Effect4/Machine/Stores.lean	389	cont	:5291	internal/effect.ts	5291	5291	carry	unconfirmed	same		internal/effect.ts	5546	5546
brief	live	src/Effect4/Machine/Stores.lean	389	cont	:5304	internal/effect.ts	5304	5304	carry	unconfirmed	same		internal/effect.ts	5559	5559
brief	live	src/Effect4/Machine/Stores.lean	392	cont	:5264-5284	internal/effect.ts	5264	5284	carry	exact	changed	code	internal/effect.ts	5517	5539
brief	live	src/Effect4/Machine/Stores.lean	394	cont	:5364-5378	internal/effect.ts	5364	5378	carry	unconfirmed	same		internal/effect.ts	5621	5635
brief	live	src/Effect4/Machine/Stores.lean	395	cont	:5366	internal/effect.ts	5366	5366	carry	unconfirmed	same		internal/effect.ts	5623	5623
brief	live	src/Effect4/Machine/Stores.lean	397	cont	:5447-5461	internal/effect.ts	5447	5461	carry	named	same		internal/effect.ts	5704	5718
brief	live	src/Effect4/Machine/Stores.lean	398	cont	:5454	internal/effect.ts	5454	5454	carry	exact	same		internal/effect.ts	5711	5711
brief	live	src/Effect4/Machine/Stores.lean	400	cont	:5400-5406	internal/effect.ts	5400	5406	carry	unconfirmed	same		internal/effect.ts	5657	5663
brief	live	src/Effect4/Machine/Stores.lean	404	bare	internal/effect.ts	internal/effect.ts	3826	3826	exact	unnamed	same		internal/effect.ts	3993	3993
brief	live	src/Effect4/Machine/Stores.lean	406	cont	:5314-5322	internal/effect.ts	5314	5322	carry	exact	changed	code	internal/effect.ts	5569	5578
brief	live	src/Effect4/Machine/Stores.lean	408	cont	:889-896	internal/effect.ts	889	896	carry	named	same		internal/effect.ts	921	928
brief	live	src/Effect4/Machine/Stores.lean	411	bare	internal/effect.ts	internal/effect.ts	1510	1514	exact	named	changed	code	internal/effect.ts	1638	1638
brief	live	src/Effect4/Machine/Stores.lean	413	cont	:5291	internal/effect.ts	5291	5291	carry	unconfirmed	same		internal/effect.ts	5546	5546
brief	live	src/Effect4/Machine/Stores.lean	413	cont	:5304	internal/effect.ts	5304	5304	carry	unconfirmed	same		internal/effect.ts	5559	5559
brief	live	src/Effect4/Machine/Stores.lean	415	bare	internal/effect.ts	internal/effect.ts	3806	3827	exact	exact	changed	code	internal/effect.ts	3973	3994
brief	live	src/Effect4/Machine/Stores.lean	428	bare	internal/effect.ts	internal/effect.ts	3800	3804	exact	exact	same		internal/effect.ts	3967	3971
brief	live	src/Effect4/Machine/Stores.lean	432	cont	:5291	internal/effect.ts	5291	5291	carry	unconfirmed	same		internal/effect.ts	5546	5546
brief	live	src/Effect4/Machine/Stores.lean	432	cont	:5304	internal/effect.ts	5304	5304	carry	unconfirmed	same		internal/effect.ts	5559	5559
brief	live	src/Effect4/Machine/Stores.lean	434	bare	Deferred.ts	Deferred.ts	1231	1232	exact	exact	same		Deferred.ts	1232	1233
brief	live	src/Effect4/Machine/Stores.lean	436	bare	Deferred.ts	Deferred.ts	1781	1781	exact	unnamed	same		Deferred.ts	1782	1782
brief	live	src/Effect4/Machine/Stores.lean	443	cont	:5319-5333	internal/effect.ts	5319	5333	dominant	named	changed	code	internal/effect.ts	5574	5590
brief	live	src/Effect4/Machine/Stores.lean	445	bare	Deferred.ts	Deferred.ts	173	177	exact	exact	same		Deferred.ts	174	178
brief	live	src/Effect4/Machine/Stores.lean	447	bare	Deferred.ts	Deferred.ts	178	185	exact	unnamed	same		Deferred.ts	179	186
brief	live	src/Effect4/Machine/Stores.lean	450	bare	internal/effect.ts	internal/effect.ts	6057	6062	exact	named	same		internal/effect.ts	6316	6321
brief	live	src/Effect4/Machine/Stores.lean	453	bare	internal/effect.ts	internal/effect.ts	6063	6063	exact	exact	same		internal/effect.ts	6322	6322
brief	live	src/Effect4/Machine/Stores.lean	459	bare	internal/effect.ts	internal/effect.ts	1134	1140	exact	unnamed	same		internal/effect.ts	1167	1173
brief	live	src/Effect4/Machine/Stores.lean	462	cont	:773	internal/effect.ts	773	773	carry	unconfirmed	same		internal/effect.ts	798	798
brief	live	src/Effect4/Machine/Stores.lean	462	cont	:821	internal/effect.ts	821	821	carry	unconfirmed	same		internal/effect.ts	846	846
brief	live	src/Effect4/Machine/Stores.lean	462	cont	:812	internal/effect.ts	812	812	carry	named	same-comment		internal/effect.ts	837	837
brief	live	src/Effect4/Machine/Stores.lean	465	cont	:1530	internal/effect.ts	1530	1530	carry	named	removed	code	internal/effect.ts		
brief	live	src/Effect4/Machine/Stores.lean	469	bare	Deferred.ts	Deferred.ts	181	184	exact	unnamed	same		Deferred.ts	182	185
brief	live	src/Effect4/Machine/Stores.lean	472	bare	internal/effect.ts	internal/effect.ts	1157	1157	exact	named	changed	code	internal/effect.ts	1199	1199
brief	live	src/Effect4/Machine/Stores.lean	476	bare	internal/effect.ts	internal/effect.ts	3813	3818	exact	unnamed	changed	code	internal/effect.ts	3980	3985
brief	live	src/Effect4/Machine/Stores.lean	480	bare	internal/effect.ts	internal/effect.ts	3823	3826	exact	named	same		internal/effect.ts	3990	3993
brief	live	src/Effect4/Machine/Stores.lean	483	bare	Layer.ts	Layer.ts	403	408	exact	unnamed	removed	code	Layer.ts		
brief	live	src/Effect4/Machine/Stores.lean	494	bare	Context.ts	Context.ts	423	423	exact	unnamed	same		Context.ts	423	423
brief	live	src/Effect4/Machine/Stores.lean	499	bare	internal/effect.ts	internal/effect.ts	871	884	exact	named	same		internal/effect.ts	903	916
brief	live	src/Effect4/Machine/Stores.lean	512	bare	internal/effect.ts	internal/effect.ts	4302	4310	exact	exact	same		internal/effect.ts	4550	4558
brief	live	src/Effect4/Machine/Stores.lean	513	cont	:4331-4352	internal/effect.ts	4331	4352	block	named	same		internal/effect.ts	4607	4628
brief	live	src/Effect4/Machine/Stores.lean	521	bare	internal/effect.ts	internal/effect.ts	3819	3824	exact	unnamed	changed	code	internal/effect.ts	3986	3991
brief	live	src/Effect4/Machine/Stores.lean	548	bare	Layer.ts	Layer.ts	235	239	exact	unnamed	changed	erased	Layer.ts	235	240
brief	live	src/Effect4/Machine/Stores.lean	548	cont	:421-458	Layer.ts	421	458	block	named	changed	code	Layer.ts	405	456
brief	live	src/Effect4/Machine/Stores.lean	558	cont	:235-239	Layer.ts	235	239	carry	exact	changed	erased	Layer.ts	235	240
brief	live	src/Effect4/Machine/Stores.lean	558	cont	:396-397	Layer.ts	396	397	carry	named	removed	code	Layer.ts		
brief	live	src/Effect4/Machine/Stores.lean	560	cont	:236	Layer.ts	236	236	carry	exact	same		Layer.ts	236	236
brief	live	src/Effect4/Machine/Stores.lean	562	cont	:396	Layer.ts	396	396	carry	unconfirmed	removed	code	Layer.ts		
brief	live	src/Effect4/Machine/Stores.lean	564	cont	:397	Layer.ts	397	397	carry	unconfirmed	removed	code	Layer.ts		
brief	live	src/Effect4/Machine/Stores.lean	566	cont	:238	Layer.ts	238	238	carry	exact	same		Layer.ts	239	239
brief	live	src/Effect4/Machine/Stores.lean	570	cont	:421-432	Layer.ts	421	432	carry	exact	same		Layer.ts	405	416
brief	live	src/Effect4/Machine/Stores.lean	588	cont	:438	Layer.ts	438	438	carry	exact	same		Layer.ts	422	422
brief	live	src/Effect4/Machine/Stores.lean	598	cont	:411	Layer.ts	411	411	carry	exact	removed	code	Layer.ts		
brief	live	src/Effect4/Machine/Stores.lean	605	cont	:405	Layer.ts	405	405	carry	exact	removed	code	Layer.ts		
brief	live	src/Effect4/Machine/Stores.lean	611	cont	:434-443	Layer.ts	434	443	carry	unconfirmed	changed	code	Layer.ts	418	428
brief	live	src/Effect4/Machine/Stores.lean	632	bare	Layer.ts	Layer.ts	411	411	exact	unnamed	removed	code	Layer.ts		
brief	live	src/Effect4/Machine/Stores.lean	632	cont	:438	Layer.ts	438	438	block	unconfirmed	same		Layer.ts	422	422
brief	live	src/Effect4/Machine/Stores.lean	728	bare	Layer.ts	Layer.ts	438	442	exact	census	changed	code	Layer.ts	422	427
brief	live	src/Effect4/Machine/Stores.lean	734	cont	:443	Layer.ts	443	443	tag	census	same		Layer.ts	428	428
brief	live	src/Effect4/Machine/Stores.lean	851	bare	Ref.ts	Ref.ts	200	200	exact	exact	same		Ref.ts	200	200
brief	live	src/Effect4/Machine/Stores.lean	855	bare	MutableRef.ts	MutableRef.ts	1068	1068	exact	exact	same		MutableRef.ts	1068	1068
brief	live	src/Effect4/Machine/Stores.lean	873	bare	Ref.ts	Ref.ts	898	898	exact	unnamed	same		Ref.ts	898	898
brief	live	src/Effect4/Machine/Stores.lean	878	bare	Ref.ts	Ref.ts	1161	1161	exact	unnamed	same		Ref.ts	1161	1161
brief	live	src/Effect4/Machine/Stores.lean	954	bare	Ref.ts	Ref.ts	400	404	exact	named	same		Ref.ts	400	404
brief	live	src/Effect4/Machine/Stores.lean	1032	bare	Ref.ts	Ref.ts	173	173	exact	census	same		Ref.ts	173	173
brief	live	src/Effect4/Machine/Stores.lean	1052	bare	MutableRef.ts	MutableRef.ts	1068	1068	exact	named	same		MutableRef.ts	1068	1068
brief	live	src/Effect4/Machine/Stores.lean	1138	bare	Ref.ts	Ref.ts	1160	1162	exact	census	same		Ref.ts	1160	1162
brief	live	src/Effect4/Machine/Stores.lean	1181	bare	Deferred.ts	Deferred.ts	58	61	exact	exact	same		Deferred.ts	58	61
brief	live	src/Effect4/Machine/Stores.lean	1187	bare	Deferred.ts	Deferred.ts	60	60	exact	exact	same		Deferred.ts	60	60
brief	live	src/Effect4/Machine/Stores.lean	1194	bare	Deferred.ts	Deferred.ts	1655	1656	exact	exact	same		Deferred.ts	1656	1657
brief	live	src/Effect4/Machine/Stores.lean	1199	bare	Deferred.ts	Deferred.ts	1657	1658	exact	unnamed	same		Deferred.ts	1658	1659
brief	live	src/Effect4/Machine/Stores.lean	1207	bare	Deferred.ts	Deferred.ts	140	145	exact	exact	changed	code	Deferred.ts	120	146
brief	live	src/Effect4/Machine/Stores.lean	1219	bare	Deferred.ts	Deferred.ts	1382	1382	exact	exact	same		Deferred.ts	1383	1383
brief	live	src/Effect4/Machine/Stores.lean	1223	bare	Deferred.ts	Deferred.ts	1414	1416	exact	exact	same		Deferred.ts	1415	1417
brief	live	src/Effect4/Machine/Stores.lean	1227	bare	Deferred.ts	Deferred.ts	173	177	exact	exact	same		Deferred.ts	174	178
brief	live	src/Effect4/Machine/Stores.lean	1238	bare	Deferred.ts	Deferred.ts	178	185	exact	unnamed	same		Deferred.ts	179	186
brief	live	src/Effect4/Machine/Stores.lean	1247	bare	Deferred.ts	Deferred.ts	1648	1662	exact	exact	same		Deferred.ts	1649	1663
brief	live	src/Effect4/Machine/Stores.lean	1405	bare	internal/effect.ts	internal/effect.ts	3778	3947	exact	unnamed	changed	code	internal/effect.ts	3938	4110
brief	live	src/Effect4/Machine/Stores.lean	1440	bare	internal/effect.ts	internal/effect.ts	3914	3922	exact	exact	changed	code	internal/effect.ts	4070	4084
brief	live	src/Effect4/Machine/Stores.lean	1444	bare	internal/effect.ts	internal/effect.ts	3846	3858	exact	exact	same		internal/effect.ts	4011	4023
brief	live	src/Effect4/Machine/Stores.lean	1454	bare	internal/effect.ts	internal/effect.ts	3890	3904	exact	exact	changed	code	internal/effect.ts	4053	4067
brief	live	src/Effect4/Machine/Stores.lean	1461	bare	internal/effect.ts	internal/effect.ts	3833	3844	exact	exact	changed	code	internal/effect.ts	4001	4009
brief	live	src/Effect4/Machine/Stores.lean	1480	bare	internal/effect.ts	internal/effect.ts	3778	3798	exact	exact	changed	code	internal/effect.ts	3938	3954
brief	live	src/Effect4/Machine/Stores.lean	1491	bare	internal/effect.ts	internal/effect.ts	5366	5372	exact	named	same		internal/effect.ts	5623	5629
brief	live	src/Effect4/Machine/Stores.lean	1491	cont	:5457-5460	internal/effect.ts	5457	5460	block	named	same		internal/effect.ts	5714	5717
brief	live	src/Effect4/Machine/Stores.lean	1629	bare	internal/effect.ts	internal/effect.ts	3841	3842	exact	unnamed	changed	code	internal/effect.ts	4007	4008
brief	live	src/Effect4/Machine/Stores.lean	1708	bare	internal/effect.ts	internal/effect.ts	2024	2038	exact	exact	same		internal/effect.ts	2126	2140
brief	live	src/Effect4/Machine/Stores.lean	1719	bare	internal/effect.ts	internal/effect.ts	1362	1372	exact	unnamed	changed	code	internal/effect.ts	1414	1424
brief	live	src/Effect4/Machine/Stores.lean	1725	cont	:3826	internal/effect.ts	3826	3826	carry	named	same		internal/effect.ts	3993	3993
brief	live	src/Effect4/Machine/Stores.lean	1725	cont	:2024-2038	internal/effect.ts	2024	2038	carry	named	same		internal/effect.ts	2126	2140
brief	live	src/Effect4/Machine/Stores.lean	1754	bare	internal/effect.ts	internal/effect.ts	779	779	exact	exact	same		internal/effect.ts	804	804
brief	live	src/Effect4/Machine/Stores.lean	1835	bare	Layer.ts	Layer.ts	421	458	exact	unnamed	changed	code	Layer.ts	405	456
brief	live	src/Effect4/Machine/Stores.lean	1876	bare	internal/effect.ts	internal/effect.ts	4021	4021	exact	unnamed	changed	code	internal/effect.ts	4179	4184
brief	live	src/Effect4/Machine/Stores.lean	1893	cont	:3983	internal/effect.ts	3983	3983	carry	unconfirmed	same		internal/effect.ts	4146	4146
brief	live	src/Effect4/Machine/Stores.lean	1896	bare	Layer.ts	Layer.ts	343	343	exact	unnamed	same		Layer.ts	358	358
brief	live	src/Effect4/Machine/Stores.lean	1899	bare	Layer.ts	Layer.ts	401	410	exact	named	removed	code	Layer.ts		
brief	live	src/Effect4/Machine/Stores.lean	1906	bare	internal/effect.ts	internal/effect.ts	3813	3818	exact	named	changed	code	internal/effect.ts	3980	3985
brief	live	src/Effect4/Machine/Stores.lean	1908	cont	:3621-3637	internal/effect.ts	3621	3637	block	exact	changed	code	internal/effect.ts	3769	3785
brief	live	src/Effect4/Machine/Stores.lean	1910	cont	:3826	internal/effect.ts	3826	3826	block	exact	same		internal/effect.ts	3993	3993
brief	live	src/Effect4/Machine/Stores.lean	1921	bare	Deferred.ts	Deferred.ts	570	571	exact	named	same		Deferred.ts	571	572
brief	live	src/Effect4/Machine/Stores.lean	1921	cont	:456-461	Deferred.ts	456	461	block	unconfirmed	same		Deferred.ts	457	462
brief	live	src/Effect4/Machine/Stores.lean	1933	cont	:1128-1141	internal/effect.ts	1128	1141	read	read	same		internal/effect.ts	1161	1174
brief	live	src/Effect4/Machine/Stores.lean	1936	bare	Deferred.ts	Deferred.ts	178	185	exact	unnamed	same		Deferred.ts	179	186
brief	live	src/Effect4/Machine/Stores.lean	1940	bare	Deferred.ts	Deferred.ts	1778	1778	exact	exact	same		Deferred.ts	1779	1779
brief	live	src/Effect4/Machine/Stores.lean	1943	bare	Deferred.ts	Deferred.ts	1779	1782	exact	exact	same		Deferred.ts	1780	1783
brief	live	src/Effect4/Machine/Stores.lean	1977	cont	:3806-3827	internal/effect.ts	3806	3827	dominant	exact	changed	code	internal/effect.ts	3973	3994
brief	live	src/Effect4/Machine/Stores.lean	1984	bare	internal/effect.ts	internal/effect.ts	1510	1514	exact	named	changed	code	internal/effect.ts	1638	1638
brief	live	src/Effect4/Machine/Stores.lean	1998	bare	Deferred.ts	Deferred.ts	178	185	exact	unnamed	same		Deferred.ts	179	186
brief	live	src/Effect4/Machine/Stores.lean	2012	bare	internal/effect.ts	internal/effect.ts	3782	3797	exact	unnamed	changed	code	internal/effect.ts	3939	3953
brief	live	src/Effect4/Machine/Stores.lean	2020	bare	internal/effect.ts	internal/effect.ts	3782	3797	exact	named	changed	code	internal/effect.ts	3939	3953
brief	live	src/Effect4/Machine/Stores.lean	2021	cont	:3806-3827	internal/effect.ts	3806	3827	block	exact	changed	code	internal/effect.ts	3973	3994
brief	live	src/Effect4/Machine/Stores.lean	2025	cont	:3784	internal/effect.ts	3784	3784	block	unconfirmed	removed	code	internal/effect.ts		
brief	live	src/Effect4/Machine/Stores.lean	2026	cont	:3945	internal/effect.ts	3945	3945	block	unconfirmed	same		internal/effect.ts	4107	4107
brief	live	src/Effect4/Machine/Stores.lean	2036	bare	internal/effect.ts	internal/effect.ts	3775	3776	exact	exact	changed	code	internal/effect.ts	3929	3935
brief	live	src/Effect4/Machine/Stores.lean	2038	cont	:3826	internal/effect.ts	3826	3826	block	exact	same		internal/effect.ts	3993	3993
brief	live	src/Effect4/Machine/Stores.lean	2042	bare	Scope.ts	Scope.ts	567	567	exact	exact	changed	erased	Scope.ts	568	595
brief	live	src/Effect4/Machine/Stores.lean	2043	cont	:3788-3789	internal/effect.ts	3788	3789	dominant	unconfirmed	changed	code	internal/effect.ts	3940	3943
brief	live	src/Effect4/Machine/Stores.lean	2043	cont	:3794-3795	internal/effect.ts	3794	3795	dominant	unconfirmed	changed	code	internal/effect.ts	3945	3951
brief	live	src/Effect4/Machine/Stores.lean	2099	bare	internal/effect.ts	internal/effect.ts	3846	3858	exact	exact	same		internal/effect.ts	4011	4023
brief	live	src/Effect4/Machine/Stores.lean	2101	cont	:3851-3853	internal/effect.ts	3851	3853	block	unconfirmed	same		internal/effect.ts	4016	4018
brief	live	src/Effect4/Machine/Stores.lean	2101	cont	:3855-3856	internal/effect.ts	3855	3856	block	unconfirmed	same		internal/effect.ts	4020	4021
brief	live	src/Effect4/Machine/Stores.lean	2119	bare	internal/effect.ts	internal/effect.ts	3834	3844	exact	exact	changed	code	internal/effect.ts	4001	4009
brief	live	src/Effect4/Machine/Stores.lean	2130	bare	Layer.ts	Layer.ts	492	492	exact	unnamed	same		Layer.ts	490	490
brief	live	src/Effect4/Machine/Stores.lean	2201	cont	:5319-5333	internal/effect.ts	5319	5333	dominant	exact	changed	code	internal/effect.ts	5574	5590
brief	live	src/Effect4/Machine/Stores.lean	2210	bare	Layer.ts	Layer.ts	406	406	exact	unnamed	removed	code	Layer.ts		
brief	live	src/Effect4/Machine/Stores.lean	2256	bare	Scheduler.ts	Scheduler.ts	174	176	exact	unnamed	changed	code	Scheduler.ts	184	186
brief	live	src/Effect4/Machine/Stores.lean	2260	bare	internal/effect.ts	internal/effect.ts	627	627	exact	named	same		internal/effect.ts	620	620
brief	live	src/Effect4/Machine/Stores.lean	2278	bare	internal/effect.ts	internal/effect.ts	579	580	exact	named	changed	code	internal/effect.ts	560	561
brief	live	src/Effect4/Machine/Stores.lean	2280	cont	:579-580	internal/effect.ts	579	580	block	named	changed	code	internal/effect.ts	560	561
brief	live	src/Effect4/Machine/Stores.lean	2280	cont	:582-583	internal/effect.ts	582	583	block	named	same		internal/effect.ts	563	564
brief	live	src/Effect4/Machine/Stores.lean	2313	cont	:3806-3827	internal/effect.ts	3806	3827	carry	exact	changed	code	internal/effect.ts	3973	3994
brief	live	src/Effect4/Machine/Stores.lean	2323	bare	internal/effect.ts	internal/effect.ts	1157	1157	exact	exact	changed	code	internal/effect.ts	1199	1199
brief	live	src/Effect4/Machine/Stores.lean	2351	bare	internal/effect.ts	internal/effect.ts	6062	6062	exact	unnamed	same		internal/effect.ts	6321	6321
brief	live	src/Effect4/Machine/Stores.lean	2371	cont	:5370	internal/effect.ts	5370	5370	carry	named	same		internal/effect.ts	5627	5627
brief	live	src/Effect4/Machine/Stores.lean	2372	cont	:5458	internal/effect.ts	5458	5458	carry	named	same		internal/effect.ts	5715	5715
brief	live	src/Effect4/Machine/Stores.lean	2373	cont	:5366	internal/effect.ts	5366	5366	carry	exact	same		internal/effect.ts	5623	5623
brief	live	src/Effect4/Machine/Stores.lean	2374	cont	:5457	internal/effect.ts	5457	5457	carry	named	same		internal/effect.ts	5714	5714
brief	live	src/Effect4/Machine/Stores.lean	2452	bare	Deferred.ts	Deferred.ts	1780	1781	exact	census	same		Deferred.ts	1781	1782
brief	live	src/Effect4/Machine/Stores.lean	2461	bare	Deferred.ts	Deferred.ts	1778	1781	exact	named	same		Deferred.ts	1779	1782
brief	live	src/Effect4/Machine/Stores.lean	2486	bare	Deferred.ts	Deferred.ts	181	184	exact	unnamed	same		Deferred.ts	182	185
brief	live	src/Effect4/Machine/Stores.lean	2492	bare	internal/effect.ts	internal/effect.ts	1157	1157	exact	unnamed	changed	code	internal/effect.ts	1199	1199
brief	live	src/Effect4/Machine/Stores.lean	2506	bare	internal/effect.ts	internal/effect.ts	3806	3827	exact	census	changed	code	internal/effect.ts	3973	3994
brief	live	src/Effect4/Machine/Stores.lean	2515	cont	:3617	internal/effect.ts	3617	3617	tag	unconfirmed	same		internal/effect.ts	3765	3765
brief	live	src/Effect4/Machine/Stores.lean	2515	cont	:3621-3637	internal/effect.ts	3621	3637	tag	exact	changed	code	internal/effect.ts	3769	3785
brief	live	src/Effect4/Machine/Stores.lean	2534	cont	:3826	internal/effect.ts	3826	3826	tag	census	same		internal/effect.ts	3993	3993
brief	live	src/Effect4/Machine/Stores.lean	2534	cont	:2024-2038	internal/effect.ts	2024	2038	tag	named	same		internal/effect.ts	2126	2140
brief	live	src/Effect4/Machine/Stores.lean	2542	cont	:3819-3821	internal/effect.ts	3819	3821	tag	census	changed	code	internal/effect.ts	3986	3988
brief	live	src/Effect4/Machine/Stores.lean	2601	bare	internal/effect.ts	internal/effect.ts	5370	5370	exact	named	same		internal/effect.ts	5627	5627
brief	live	src/Effect4/Machine/Stores.lean	2602	cont	:5366	internal/effect.ts	5366	5366	block	exact	same		internal/effect.ts	5623	5623
brief	live	src/Effect4/Machine/Stores.lean	2614	bare	internal/effect.ts	internal/effect.ts	5458	5458	exact	unnamed	same		internal/effect.ts	5715	5715
brief	live	src/Effect4/Machine/Stores.lean	2615	cont	:5457	internal/effect.ts	5457	5457	block	unconfirmed	same		internal/effect.ts	5714	5714
brief	live	src/Effect4/Machine/Stores.lean	2634	bare	internal/effect.ts	internal/effect.ts	5366	5372	exact	unnamed	same		internal/effect.ts	5623	5629
brief	live	src/Effect4/Machine/Stores.lean	2634	cont	:5457-5460	internal/effect.ts	5457	5460	block	unconfirmed	same		internal/effect.ts	5714	5717
brief	live	src/Effect4/Machine/Stores.lean	2734	cont	:5369-5371	internal/effect.ts	5369	5371	tag	unconfirmed	same		internal/effect.ts	5626	5628
brief	live	src/Effect4/Machine/Timer.lean	10	bare	testing/TestClock.ts	testing/TestClock.ts	249	253	exact	named	same		testing/TestClock.ts	249	253
brief	live	src/Effect4/Machine/Timer.lean	10	cont	:327-338	testing/TestClock.ts	327	338	block	named;also:plain=src/Effect4/Machine/Wake.lean	same		testing/TestClock.ts	327	338
brief	live	src/Effect4/Machine/Timer.lean	10	cont	:345-375	testing/TestClock.ts	345	375	block	named	same		testing/TestClock.ts	345	375
brief	live	src/Effect4/Machine/Timer.lean	12	cont	:337	testing/TestClock.ts	337	337	block	exact	same		testing/TestClock.ts	337	337
brief	live	src/Effect4/Machine/Timer.lean	14	cont	:366	testing/TestClock.ts	366	366	block	named	same		testing/TestClock.ts	366	366
brief	live	src/Effect4/Machine/Timer.lean	15	bare	internal/effect.ts	internal/effect.ts	6052	6066	exact	named	same		internal/effect.ts	6311	6325
brief	live	src/Effect4/Machine/Timer.lean	16	cont	:6063	internal/effect.ts	6063	6063	block	exact	same		internal/effect.ts	6322	6322
brief	live	src/Effect4/Machine/Timer.lean	16	cont	:178-185	-	178	185	read:-	read	not-a-pin-citation				
brief	live	src/Effect4/Machine/Timer.lean	18	cont	:6054-6055	internal/effect.ts	6054	6055	block	named	same		internal/effect.ts	6313	6314
brief	live	src/Effect4/Machine/Timer.lean	23	cont	:345	testing/TestClock.ts	345	345	dominant	named;skipped:block=internal/effect.ts	same		testing/TestClock.ts	345	345
brief	live	src/Effect4/Machine/Timer.lean	23	cont	:375	testing/TestClock.ts	375	375	dominant	exact;skipped:block=internal/effect.ts	same		testing/TestClock.ts	375	375
brief	live	src/Effect4/Machine/Timer.lean	27	cont	:365	testing/TestClock.ts	365	365	dominant	exact;skipped:block=internal/effect.ts	same		testing/TestClock.ts	365	365
brief	live	src/Effect4/Machine/Timer.lean	50	bare	testing/TestClock.ts	testing/TestClock.ts	257	257	exact	exact	same		testing/TestClock.ts	257	257
brief	live	src/Effect4/Machine/Timer.lean	52	cont	:249-253	testing/TestClock.ts	249	253	carry	exact	same		testing/TestClock.ts	249	253
brief	live	src/Effect4/Machine/Timer.lean	54	cont	:355	testing/TestClock.ts	355	355	carry	unconfirmed	same		testing/TestClock.ts	355	355
brief	live	src/Effect4/Machine/Timer.lean	60	cont	:257	testing/TestClock.ts	257	257	carry	exact	same		testing/TestClock.ts	257	257
brief	live	src/Effect4/Machine/Timer.lean	63	cont	:327-338	testing/TestClock.ts	327	338	carry	named	same		testing/TestClock.ts	327	338
brief	live	src/Effect4/Machine/Timer.lean	63	cont	:6057-6062	internal/effect.ts	6057	6062	global	unconfirmed	same		internal/effect.ts	6316	6321
brief	live	src/Effect4/Machine/Timer.lean	68	bare	internal/effect.ts	internal/effect.ts	6063	6063	exact	exact	same		internal/effect.ts	6322	6322
brief	live	src/Effect4/Machine/Timer.lean	73	cont	:337	testing/TestClock.ts	337	337	dominant	exact;skipped:carry=internal/effect.ts	same		testing/TestClock.ts	337	337
brief	live	src/Effect4/Machine/Timer.lean	83	cont	:361-367	testing/TestClock.ts	361	367	dominant	named;skipped:carry=internal/effect.ts	same		testing/TestClock.ts	361	367
brief	live	src/Effect4/Machine/Timer.lean	94	cont	:355	testing/TestClock.ts	355	355	read	read	same		testing/TestClock.ts	355	355
brief	live	src/Effect4/Machine/Timer.lean	94	cont	:378	testing/TestClock.ts	378	378	dominant	named;skipped:carry=internal/effect.ts	same		testing/TestClock.ts	378	378
brief	live	src/Effect4/Machine/Timer.lean	96	cont	:368	testing/TestClock.ts	368	368	dominant	exact;skipped:carry=internal/effect.ts	same		testing/TestClock.ts	368	368
brief	live	src/Effect4/Machine/Value.lean	28	bare	internal/effect.ts	internal/effect.ts	534	534	exact	named	changed	code	internal/effect.ts	506	528
brief	live	src/Effect4/Machine/Value.lean	28	bare	Ref.ts	Ref.ts	142	146	exact	unnamed	same		Ref.ts	142	146
brief	live	src/Effect4/Machine/Value.lean	28	bare	Deferred.ts	Deferred.ts	140	145	exact	exact	changed	code	Deferred.ts	120	146
brief	live	src/Effect4/Machine/Value.lean	29	bare	internal/effect.ts	internal/effect.ts	3914	3922	exact	exact	changed	code	internal/effect.ts	4070	4084
brief	live	src/Effect4/Machine/Value.lean	29	bare	Layer.ts	Layer.ts	421	458	exact	exact	changed	code	Layer.ts	405	456
brief	live	src/Effect4/Machine/Value.lean	39	bare	Exit.ts	Exit.ts	119	119	exact	exact	same		Exit.ts	119	119
brief	live	src/Effect4/Machine/Value.lean	39	cont	:155	Exit.ts	155	155	block	named;also:plain=src/Effect4/Program/ConfigValue.lean,plain=src/Effect4/Laws/Program/Typed.lean,plain=src/Effect4/Laws/Machine/Handles.lean	same		Exit.ts	155	155
brief	live	src/Effect4/Machine/Value.lean	209	bare	Result.ts	Result.ts	66	66	exact	unnamed	same		Result.ts	66	66
brief	live	src/Effect4/Machine/Value.lean	211	bare	Result.ts	Result.ts	66	66	exact	unnamed	same		Result.ts	66	66
brief	live	src/Effect4/Machine/Value.lean	213	bare	internal/effect.ts	internal/effect.ts	779	779	exact	exact	same		internal/effect.ts	804	804
brief	live	src/Effect4/Machine/Value.lean	221	bare	internal/effect.ts	internal/effect.ts	534	534	exact	unnamed	changed	code	internal/effect.ts	506	528
brief	live	src/Effect4/Machine/Value.lean	221	cont	:703-704	internal/effect.ts	703	704	block	named	same		internal/effect.ts	712	713
brief	live	src/Effect4/Machine/Wake.lean	20	bare	Deferred.ts	Deferred.ts	1655	1659	exact	unnamed	same		Deferred.ts	1656	1660
brief	live	src/Effect4/Machine/Wake.lean	21	bare	Pool.ts	Pool.ts	703	712	exact	unnamed	changed	erased	Pool.ts	727	736
brief	live	src/Effect4/Machine/Wake.lean	23	bare	Semaphore.ts	Semaphore.ts	258	266	exact	unnamed	same		Semaphore.ts	265	273
brief	live	src/Effect4/Machine/Wake.lean	24	bare	internal/effect.ts	internal/effect.ts	5575	5590	exact	named	same		internal/effect.ts	5832	5847
brief	live	src/Effect4/Machine/Wake.lean	51	bare	Deferred.ts	Deferred.ts	140	145	exact	unnamed	changed	code	Deferred.ts	120	146
brief	live	src/Effect4/Machine/Wake.lean	62	bare	Deferred.ts	Deferred.ts	1655	1659	exact	unnamed	same		Deferred.ts	1656	1660
brief	live	src/Effect4/Machine/Wake.lean	64	bare	Queue.ts	Queue.ts	455	455	exact	unnamed	same		Queue.ts	474	474
brief	live	src/Effect4/Machine/Wake.lean	136	bare	Deferred.ts	Deferred.ts	173	177	exact	exact	same		Deferred.ts	174	178
brief	live	src/Effect4/Machine/Wake.lean	142	bare	Queue.ts	Queue.ts	1955	1975	exact	named	changed	code	Queue.ts	2443	2466
brief	live	src/Effect4/Machine/Wake.lean	143	cont	:1432	Queue.ts	1432	1432	block	exact	changed	code	Queue.ts	1632	1845
brief	live	src/Effect4/Machine/Wake.lean	154	bare	Deferred.ts	Deferred.ts	178	185	exact	unnamed	same		Deferred.ts	179	186
brief	live	src/Effect4/Machine/Wake.lean	172	bare	Pool.ts	Pool.ts	700	712	exact	exact	changed	erased	Pool.ts	724	736
brief	live	src/Effect4/Machine/Wake.lean	179	bare	testing/TestClock.ts	testing/TestClock.ts	337	337	exact	named	same		testing/TestClock.ts	337	337
brief	live	src/Effect4/Machine/Wake.lean	189	bare	Semaphore.ts	Semaphore.ts	258	266	exact	named	same		Semaphore.ts	265	273
brief	live	src/Effect4/Machine/Wake.lean	214	bare	internal/effect.ts	internal/effect.ts	5575	5590	exact	exact	same		internal/effect.ts	5832	5847
brief	live	src/Effect4/Machine/Wake.lean	227	cont	:5591-5598	internal/effect.ts	5591	5598	carry	exact	same		internal/effect.ts	5848	5855
brief	live	src/Effect4/Program/Authoring/Loops.lean	26	full	vendor/effect-4.0.0-rc.112/src/Effect.ts	Effect.ts	1282	1282	full	named	same		Effect.ts	1279	1279
brief	live	src/Effect4/Program/Authoring/Rows.lean	21	full	vendor/effect-4.0.0-rc.112/src/Ref.ts	Ref.ts	173	173	full	exact	same		Ref.ts	173	173
brief	live	src/Effect4/Program/Authoring/Rows.lean	25	full	vendor/effect-4.0.0-rc.112/src/Ref.ts	Ref.ts	200	200	full	unnamed	same		Ref.ts	200	200
brief	live	src/Effect4/Program/Authoring/Rows.lean	29	full	vendor/effect-4.0.0-rc.112/src/Ref.ts	Ref.ts	306	307	full	unnamed	same		Ref.ts	306	307
brief	live	src/Effect4/Program/Authoring/Rows.lean	33	full	vendor/effect-4.0.0-rc.112/src/Ref.ts	Ref.ts	399	404	full	unnamed	same		Ref.ts	399	404
brief	live	src/Effect4/Program/Authoring/Rows.lean	37	full	vendor/effect-4.0.0-rc.112/src/Ref.ts	Ref.ts	747	747	full	unnamed	same		Ref.ts	747	747
brief	live	src/Effect4/Program/Authoring/Rows.lean	41	full	vendor/effect-4.0.0-rc.112/src/Ref.ts	Ref.ts	1273	1276	full	unnamed	same		Ref.ts	1273	1276
brief	live	src/Effect4/Program/Authoring/Rows.lean	45	full	vendor/effect-4.0.0-rc.112/src/Ref.ts	Ref.ts	496	501	full	unnamed	same		Ref.ts	496	501
brief	live	src/Effect4/Program/Authoring/Rows.lean	49	full	vendor/effect-4.0.0-rc.112/src/Ref.ts	Ref.ts	1368	1368	full	unnamed	same		Ref.ts	1368	1368
brief	live	src/Effect4/Program/Authoring/Rows.lean	53	full	vendor/effect-4.0.0-rc.112/src/Ref.ts	Ref.ts	1502	1508	full	unnamed	same		Ref.ts	1502	1508
brief	live	src/Effect4/Program/Authoring/Rows.lean	57	full	vendor/effect-4.0.0-rc.112/src/Ref.ts	Ref.ts	635	643	full	unnamed	same		Ref.ts	635	643
brief	live	src/Effect4/Program/Authoring/Rows.lean	61	full	vendor/effect-4.0.0-rc.112/src/Ref.ts	Ref.ts	1639	1646	full	unnamed	same		Ref.ts	1639	1646
brief	live	src/Effect4/Program/Authoring/Rows.lean	65	full	vendor/effect-4.0.0-rc.112/src/Ref.ts	Ref.ts	896	901	full	unnamed	same		Ref.ts	896	901
brief	live	src/Effect4/Program/Authoring/Rows.lean	69	full	vendor/effect-4.0.0-rc.112/src/Ref.ts	Ref.ts	1159	1163	full	unnamed	same		Ref.ts	1159	1163
brief	live	src/Effect4/Program/Authoring/Rows.lean	77	full	vendor/effect-4.0.0-rc.112/src/Deferred.ts	Deferred.ts	171	171	full	exact	same		Deferred.ts	172	172
brief	live	src/Effect4/Program/Authoring/Rows.lean	81	full	vendor/effect-4.0.0-rc.112/src/Deferred.ts	Deferred.ts	1366	1366	full	exact	same		Deferred.ts	1367	1367
brief	live	src/Effect4/Program/Authoring/Rows.lean	85	full	vendor/effect-4.0.0-rc.112/src/Deferred.ts	Deferred.ts	1414	1416	full	exact	same		Deferred.ts	1415	1417
brief	live	src/Effect4/Program/Authoring/Rows.lean	89	full	vendor/effect-4.0.0-rc.112/src/Deferred.ts	Deferred.ts	1514	1514	full	exact	same		Deferred.ts	1515	1515
brief	live	src/Effect4/Program/Authoring/Rows.lean	93	full	vendor/effect-4.0.0-rc.112/src/Deferred.ts	Deferred.ts	669	669	full	exact	same		Deferred.ts	670	670
brief	live	src/Effect4/Program/Authoring/Rows.lean	97	full	vendor/effect-4.0.0-rc.112/src/Deferred.ts	Deferred.ts	223	223	full	exact	same		Deferred.ts	224	224
brief	live	src/Effect4/Program/Authoring/Rows.lean	105	full	vendor/effect-4.0.0-rc.112/src/Scope.ts	Scope.ts	240	240	full	exact	same		Scope.ts	239	239
brief	live	src/Effect4/Program/Authoring/Rows.lean	113	full	vendor/effect-4.0.0-rc.112/src/internal/effect.ts	internal/effect.ts	6114	6116	full	exact	same		internal/effect.ts	6373	6375
brief	live	src/Effect4/Program/Authoring/Rows.lean	117	full	vendor/effect-4.0.0-rc.112/src/internal/effect.ts	internal/effect.ts	6118	6118	full	exact	same		internal/effect.ts	6377	6377
brief	live	src/Effect4/Program/Authoring/Services.lean	22	bare	Layer.ts	Layer.ts	1191	1191	exact	named	same		Layer.ts	1189	1189
brief	live	src/Effect4/Program/Authoring/Services.lean	22	cont	:1155	Layer.ts	1155	1155	block	exact	same		Layer.ts	1153	1153
brief	live	src/Effect4/Program/Authoring/Services.lean	23	cont	:1652	Layer.ts	1652	1652	block	exact;also:global=internal/effect.ts	same		Layer.ts	1649	1649
brief	live	src/Effect4/Program/Authoring/Services.lean	99	bare	Layer.ts	Layer.ts	1191	1191	exact	exact	same		Layer.ts	1189	1189
brief	live	src/Effect4/Program/Authoring/Services.lean	106	bare	Layer.ts	Layer.ts	1155	1155	exact	exact	same		Layer.ts	1153	1153
brief	live	src/Effect4/Program/Checker.lean	93	bare	Layer.ts	Layer.ts	1652	1652	exact	exact	same		Layer.ts	1649	1649
brief	live	src/Effect4/Program/Checker.lean	235	bare	Effect.ts	Effect.ts	12930	12930	exact	named	same		Effect.ts	13055	13055
brief	live	src/Effect4/Program/Checker.lean	292	bare	Layer.ts	Layer.ts	1652	1652	exact	unnamed	same		Layer.ts	1649	1649
brief	live	src/Effect4/Program/Compile.lean	16	bare	internal/effect.ts	internal/effect.ts	3971	3987	exact	named	same		internal/effect.ts	4134	4150
brief	live	src/Effect4/Program/Compile.lean	36	full	vendor/effect-4.0.0-rc.112/src/internal/effect.ts	internal/effect.ts	3621	3622	full	named	same		internal/effect.ts	3769	3770
brief	live	src/Effect4/Program/Compile.lean	37	cont	:1175-1196	internal/effect.ts	1175	1196	block	exact;also:plain=src/Effect4/Machine/Stores.lean	changed	code	internal/effect.ts	1217	1240
brief	live	src/Effect4/Program/Compile.lean	67	bare	internal/effect.ts	internal/effect.ts	767	777	exact	unnamed	same		internal/effect.ts	792	802
brief	live	src/Effect4/Program/Compile.lean	67	bare	internal/effect.ts	internal/effect.ts	814	822	exact	unnamed	same		internal/effect.ts	839	847
brief	live	src/Effect4/Program/Compile.lean	103	bare	internal/effect.ts	internal/effect.ts	3976	3976	exact	named	same		internal/effect.ts	4139	4139
brief	live	src/Effect4/Program/Compile.lean	103	bare	internal/effect.ts	internal/effect.ts	3983	3983	exact	named	same		internal/effect.ts	4146	4146
brief	live	src/Effect4/Program/Compile.lean	135	bare	internal/effect.ts	internal/effect.ts	767	769	exact	unnamed	same		internal/effect.ts	792	794
brief	live	src/Effect4/Program/Compile.lean	135	bare	internal/effect.ts	internal/effect.ts	814	816	exact	unnamed	same		internal/effect.ts	839	841
brief	live	src/Effect4/Program/Compile.lean	148	bare	Layer.ts	Layer.ts	1923	1923	exact	named	same		Layer.ts	1920	1920
brief	live	src/Effect4/Program/Compile.lean	149	cont	:2348	Layer.ts	2348	2348	block	named;also:default=internal/effect.ts	same		Layer.ts	2345	2345
brief	live	src/Effect4/Program/Compile.lean	149	cont	:2800	Layer.ts	2800	2800	block	named;also:default=internal/effect.ts	same		Layer.ts	2797	2797
brief	live	src/Effect4/Program/Compile.lean	155	bare	internal/effect.ts	internal/effect.ts	2087	2096	exact	named	changed	code	internal/effect.ts	2189	2199
brief	live	src/Effect4/Program/Compile.lean	157	bare	Layer.ts	Layer.ts	1920	1922	exact	exact	same		Layer.ts	1917	1919
brief	live	src/Effect4/Program/Compile.lean	158	cont	:762	Layer.ts	762	762	block	named	same		Layer.ts	760	760
brief	live	src/Effect4/Program/Compile.lean	160	cont	:1440	Layer.ts	1440	1440	block	named;also:default=internal/effect.ts	same-comment		Layer.ts	1438	1438
brief	live	src/Effect4/Program/Compile.lean	161	cont	:1515	Layer.ts	1515	1515	block	named	same-comment		Layer.ts	1513	1513
brief	live	src/Effect4/Program/Compile.lean	203	bare	internal/effect.ts	internal/effect.ts	3944	3947	exact	unnamed	changed	code	internal/effect.ts	4106	4110
brief	live	src/Effect4/Program/Compile.lean	210	bare	internal/effect.ts	internal/effect.ts	5406	5406	exact	exact	same		internal/effect.ts	5663	5663
brief	live	src/Effect4/Program/Compile.lean	216	bare	internal/effect.ts	internal/effect.ts	3971	3987	exact	exact	same		internal/effect.ts	4134	4150
brief	live	src/Effect4/Program/Compile.lean	217	cont	:2156-2158	internal/effect.ts	2156	2158	block	named	same		internal/effect.ts	2261	2263
brief	live	src/Effect4/Program/Compile.lean	219	cont	:3929	internal/effect.ts	3929	3929	default	exact	same		internal/effect.ts	4091	4091
brief	live	src/Effect4/Program/Compile.lean	222	cont	:1442-1465	internal/effect.ts	1442	1465	default	unconfirmed	changed	code	internal/effect.ts	1569	1590
brief	live	src/Effect4/Program/Compile.lean	225	cont	:3855-3856	internal/effect.ts	3855	3856	default	unconfirmed	same		internal/effect.ts	4020	4021
brief	live	src/Effect4/Program/Compile.lean	226	cont	:3851-3853	internal/effect.ts	3851	3853	default	unconfirmed	same		internal/effect.ts	4016	4018
brief	live	src/Effect4/Program/Compile.lean	229	cont	:3983	internal/effect.ts	3983	3983	default	named	same		internal/effect.ts	4146	4146
brief	live	src/Effect4/Program/Compile.lean	229	cont	:2180-2199	internal/effect.ts	2180	2199	default	named	same		internal/effect.ts	2285	2304
brief	live	src/Effect4/Program/Compile.lean	238	bare	internal/effect.ts	internal/effect.ts	3966	3966	exact	unnamed	same		internal/effect.ts	4129	4129
brief	live	src/Effect4/Program/Compile.lean	241	bare	internal/layer.ts	internal/layer.ts	15	21	exact	named	same		internal/layer.ts	15	21
brief	live	src/Effect4/Program/Compile.lean	242	cont	:3967	internal/effect.ts	3967	3967	default	unconfirmed	same		internal/effect.ts	4130	4130
brief	live	src/Effect4/Program/Compile.lean	245	bare	internal/layer.ts	internal/layer.ts	20	20	exact	named	same		internal/layer.ts	20	20
brief	live	src/Effect4/Program/Compile.lean	247	bare	internal/effect.ts	internal/effect.ts	2089	2089	exact	unnamed	same		internal/effect.ts	2191	2191
brief	live	src/Effect4/Program/Compile.lean	250	cont	:2091	internal/effect.ts	2091	2091	default	unconfirmed	same		internal/effect.ts	2193	2193
brief	live	src/Effect4/Program/Compile.lean	251	cont	:2092-2095	internal/effect.ts	2092	2095	default	unconfirmed	changed	code	internal/effect.ts	2194	2197
brief	live	src/Effect4/Program/Compile.lean	253	bare	Layer.ts	Layer.ts	974	979	exact	named	same		Layer.ts	972	977
brief	live	src/Effect4/Program/Compile.lean	254	cont	:585-592	Layer.ts	585	592	block	exact	same		Layer.ts	583	590
brief	live	src/Effect4/Program/Compile.lean	256	bare	Layer.ts	Layer.ts	756	765	exact	named	same		Layer.ts	754	763
brief	live	src/Effect4/Program/Compile.lean	259	bare	Layer.ts	Layer.ts	762	762	exact	exact	same		Layer.ts	760	760
brief	live	src/Effect4/Program/Compile.lean	261	bare	Layer.ts	Layer.ts	333	345	exact	exact	same		Layer.ts	348	360
brief	live	src/Effect4/Program/Compile.lean	262	cont	:343	Layer.ts	343	343	block	unconfirmed	same		Layer.ts	358	358
brief	live	src/Effect4/Program/Compile.lean	264	bare	Layer.ts	Layer.ts	445	457	exact	named	changed	code	Layer.ts	430	455
brief	live	src/Effect4/Program/Compile.lean	267	bare	Layer.ts	Layer.ts	400	400	exact	exact	removed	code	Layer.ts		
brief	live	src/Effect4/Program/Compile.lean	267	cont	:248	Layer.ts	248	248	block	named	changed	code	Layer.ts	263	264
brief	live	src/Effect4/Program/Compile.lean	269	bare	Layer.ts	Layer.ts	392	411	exact	named	removed	code	Layer.ts		
brief	live	src/Effect4/Program/Compile.lean	270	cont	:412	Layer.ts	412	412	block	unconfirmed	removed	code	Layer.ts		
brief	live	src/Effect4/Program/Compile.lean	273	bare	Layer.ts	Layer.ts	413	417	exact	exact	removed	code	Layer.ts		
brief	live	src/Effect4/Program/Compile.lean	275	bare	Layer.ts	Layer.ts	3851	3851	exact	named	same		Layer.ts	3890	3890
brief	live	src/Effect4/Program/Compile.lean	278	bare	Layer.ts	Layer.ts	1916	1919	exact	named	same		Layer.ts	1913	1916
brief	live	src/Effect4/Program/Compile.lean	281	bare	Layer.ts	Layer.ts	1923	1923	exact	exact	same		Layer.ts	1920	1920
brief	live	src/Effect4/Program/Compile.lean	283	bare	Layer.ts	Layer.ts	1596	1596	exact	unnamed	same		Layer.ts	1593	1593
brief	live	src/Effect4/Program/Compile.lean	284	cont	:1597	Layer.ts	1597	1597	block	unconfirmed	same		Layer.ts	1594	1594
brief	live	src/Effect4/Program/Compile.lean	286	bare	Layer.ts	Layer.ts	1597	1597	exact	unnamed	same		Layer.ts	1594	1594
brief	live	src/Effect4/Program/Compile.lean	292	bare	Layer.ts	Layer.ts	1600	1600	exact	exact	same		Layer.ts	1597	1597
brief	live	src/Effect4/Program/Compile.lean	296	bare	internal/effect.ts	internal/effect.ts	2134	2134	exact	exact	same		internal/effect.ts	2237	2237
brief	live	src/Effect4/Program/Compile.lean	296	cont	:670-674	internal/effect.ts	670	674	block	unconfirmed	same		internal/effect.ts	665	669
brief	live	src/Effect4/Program/Compile.lean	299	bare	Layer.ts	Layer.ts	1440	1440	exact	named	same-comment		Layer.ts	1438	1438
brief	live	src/Effect4/Program/Compile.lean	300	cont	:1515	Layer.ts	1515	1515	block	named	same-comment		Layer.ts	1513	1513
brief	live	src/Effect4/Program/Compile.lean	302	bare	Layer.ts	Layer.ts	3327	3327	exact	named	same		Layer.ts	3366	3366
brief	live	src/Effect4/Program/Compile.lean	302	bare	internal/effect.ts	internal/effect.ts	3289	3289	exact	named	same		internal/effect.ts	3395	3395
brief	live	src/Effect4/Program/Compile.lean	306	bare	Layer.ts	Layer.ts	1596	1596	exact	unnamed	same		Layer.ts	1593	1593
brief	live	src/Effect4/Program/Compile.lean	307	cont	:1597	Layer.ts	1597	1597	block	unconfirmed	same		Layer.ts	1594	1594
brief	live	src/Effect4/Program/Compile.lean	310	bare	Layer.ts	Layer.ts	1597	1597	exact	unnamed	same		Layer.ts	1594	1594
brief	live	src/Effect4/Program/Compile.lean	340	bare	internal/effect.ts	internal/effect.ts	3977	3977	exact	exact	same		internal/effect.ts	4140	4140
brief	live	src/Effect4/Program/Compile.lean	340	cont	:4340-4351	internal/effect.ts	4340	4351	block	named	same		internal/effect.ts	4616	4627
brief	live	src/Effect4/Program/Compile.lean	346	cont	:2180-2199	internal/effect.ts	2180	2199	default	exact	same		internal/effect.ts	2285	2304
brief	live	src/Effect4/Program/Compile.lean	347	cont	:4021	internal/effect.ts	4021	4021	default	unconfirmed	changed	code	internal/effect.ts	4179	4184
brief	live	src/Effect4/Program/Compile.lean	350	bare	Layer.ts	Layer.ts	445	457	exact	exact	changed	code	Layer.ts	430	455
brief	live	src/Effect4/Program/Compile.lean	353	bare	Layer.ts	Layer.ts	1597	1597	exact	named	same		Layer.ts	1594	1594
brief	live	src/Effect4/Program/Compile.lean	354	bare	internal/effect.ts	internal/effect.ts	4851	4851	exact	unnamed	same		internal/effect.ts	5117	5117
brief	live	src/Effect4/Program/Compile.lean	356	bare	Layer.ts	Layer.ts	1597	1597	exact	exact	same		Layer.ts	1594	1594
brief	live	src/Effect4/Program/Compile.lean	477	bare	Layer.ts	Layer.ts	584	592	exact	exact	same		Layer.ts	582	590
brief	live	src/Effect4/Program/Compile.lean	483	bare	internal/effect.ts	internal/effect.ts	2087	2096	exact	exact	changed	code	internal/effect.ts	2189	2199
brief	live	src/Effect4/Program/Compile.lean	488	bare	internal/effect.ts	internal/effect.ts	3847	3858	exact	exact	same		internal/effect.ts	4012	4023
brief	live	src/Effect4/Program/Compile.lean	495	bare	internal/effect.ts	internal/effect.ts	2090	2090	exact	named	same		internal/effect.ts	2192	2192
brief	live	src/Effect4/Program/Compile.lean	497	bare	Context.ts	Context.ts	1817	1819	exact	exact	same		Context.ts	1850	1852
brief	live	src/Effect4/Program/Compile.lean	503	bare	internal/effect.ts	internal/effect.ts	3289	3289	exact	named	same		internal/effect.ts	3395	3395
brief	live	src/Effect4/Program/Compile.lean	503	cont	:2558-2572	internal/effect.ts	2558	2572	block	named	same		internal/effect.ts	2661	2675
brief	live	src/Effect4/Program/Compile.lean	533	bare	internal/effect.ts	internal/effect.ts	4950	4951	exact	named	same		internal/effect.ts	5203	5204
brief	live	src/Effect4/Program/Compile.lean	541	bare	Layer.ts	Layer.ts	1600	1600	exact	exact	same		Layer.ts	1597	1597
brief	live	src/Effect4/Program/Compile.lean	554	cont	:1272	internal/effect.ts	1272	1272	default	unconfirmed	same		internal/effect.ts	1321	1321
brief	live	src/Effect4/Program/Compile.lean	557	bare	internal/effect.ts	internal/effect.ts	6052	6066	exact	named	same		internal/effect.ts	6311	6325
brief	live	src/Effect4/Program/Compile.lean	605	bare	internal/effect.ts	internal/effect.ts	1175	1196	exact	exact	changed	code	internal/effect.ts	1217	1240
brief	live	src/Effect4/Program/Compile.lean	623	bare	internal/effect.ts	internal/effect.ts	1175	1196	exact	exact	changed	code	internal/effect.ts	1217	1240
brief	live	src/Effect4/Program/Compile.lean	633	bare	internal/effect.ts	internal/effect.ts	3621	3622	exact	named	same		internal/effect.ts	3769	3770
brief	live	src/Effect4/Program/Compile.lean	652	cont	:5381-5406	internal/effect.ts	5381	5406	default	exact	same		internal/effect.ts	5638	5663
brief	live	src/Effect4/Program/Compile.lean	659	cont	:3971-3987	internal/effect.ts	3971	3987	default	unconfirmed	same		internal/effect.ts	4134	4150
brief	live	src/Effect4/Program/Compile.lean	662	bare	internal/layer.ts	internal/layer.ts	15	15	exact	exact	same		internal/layer.ts	15	15
brief	live	src/Effect4/Program/Compile.lean	663	bare	internal/effect.ts	internal/effect.ts	3960	3968	exact	named	same		internal/effect.ts	4123	4131
brief	live	src/Effect4/Program/Compile.lean	665	bare	internal/effect.ts	internal/effect.ts	2059	2059	exact	exact	same		internal/effect.ts	2161	2161
brief	live	src/Effect4/Program/Compile.lean	668	bare	internal/effect.ts	internal/effect.ts	2232	2232	exact	exact	same		internal/effect.ts	2337	2337
brief	live	src/Effect4/Program/Compile.lean	687	bare	Layer.ts	Layer.ts	230	232	exact	named	same		Layer.ts	230	232
brief	live	src/Effect4/Program/Compile.lean	691	cont	:1129-1130	Layer.ts	1129	1130	block	exact	same		Layer.ts	1127	1128
brief	live	src/Effect4/Program/Compile.lean	693	cont	:3851	Layer.ts	3851	3851	block	named;also:default=internal/effect.ts	same		Layer.ts	3890	3890
brief	live	src/Effect4/Program/Compile.lean	693	cont	:3327	Layer.ts	3327	3327	block	named;also:default=internal/effect.ts	same		Layer.ts	3366	3366
brief	live	src/Effect4/Program/Compile.lean	694	cont	:333-345	Layer.ts	333	345	block	exact	same		Layer.ts	348	360
brief	live	src/Effect4/Program/Compile.lean	694	cont	:386	Layer.ts	386	386	block	exact	same		Layer.ts	401	401
brief	live	src/Effect4/Program/Compile.lean	694	cont	:1915	Layer.ts	1915	1915	block	exact;also:default=internal/effect.ts	same		Layer.ts	1912	1912
brief	live	src/Effect4/Program/Compile.lean	726	bare	Layer.ts	Layer.ts	3327	3328	exact	exact	same		Layer.ts	3366	3367
brief	live	src/Effect4/Program/Compile.lean	768	bare	Layer.ts	Layer.ts	386	386	exact	named	same		Layer.ts	401	401
brief	live	src/Effect4/Program/Compile.lean	769	cont	:1916-1919	Layer.ts	1916	1919	block	named	same		Layer.ts	1913	1916
brief	live	src/Effect4/Program/Compile.lean	770	cont	:1596	Layer.ts	1596	1596	block	unconfirmed	same		Layer.ts	1593	1593
brief	live	src/Effect4/Program/Compile.lean	785	bare	Layer.ts	Layer.ts	1596	1596	exact	named	same		Layer.ts	1593	1593
brief	live	src/Effect4/Program/Compile.lean	794	bare	Layer.ts	Layer.ts	1482	1482	exact	named	same-comment		Layer.ts	1480	1480
brief	live	src/Effect4/Program/Compile.lean	795	bare	internal/effect.ts	internal/effect.ts	3932	3935	exact	unnamed	same		internal/effect.ts	4094	4097
brief	live	src/Effect4/Program/Compile.lean	796	cont	:1440	Layer.ts	1440	1440	read	read	same-comment		Layer.ts	1438	1438
brief	live	src/Effect4/Program/Compile.lean	797	cont	:1515	Layer.ts	1515	1515	read	read	same-comment		Layer.ts	1513	1513
brief	live	src/Effect4/Program/Compile.lean	823	bare	internal/layer.ts	internal/layer.ts	15	21	exact	exact	same		internal/layer.ts	15	21
brief	live	src/Effect4/Program/Compile.lean	824	bare	internal/effect.ts	internal/effect.ts	3967	3967	exact	unnamed	same		internal/effect.ts	4130	4130
brief	live	src/Effect4/Program/Compile.lean	841	bare	internal/layer.ts	internal/layer.ts	20	20	exact	exact	same		internal/layer.ts	20	20
brief	live	src/Effect4/Program/Compile.lean	842	bare	internal/effect.ts	internal/effect.ts	2196	2196	exact	named	same		internal/effect.ts	2301	2301
brief	live	src/Effect4/Program/Compile.lean	851	bare	internal/effect.ts	internal/effect.ts	2088	2095	exact	named	changed	code	internal/effect.ts	2190	2197
brief	live	src/Effect4/Program/Compile.lean	852	cont	:2090	internal/effect.ts	2090	2090	block	named	same		internal/effect.ts	2192	2192
brief	live	src/Effect4/Program/Compile.lean	864	bare	Layer.ts	Layer.ts	974	979	exact	named	same		Layer.ts	972	977
brief	live	src/Effect4/Program/Compile.lean	872	bare	Layer.ts	Layer.ts	762	762	exact	exact	same		Layer.ts	760	760
brief	live	src/Effect4/Program/Compile.lean	879	bare	Layer.ts	Layer.ts	1920	1923	exact	named	same		Layer.ts	1917	1920
brief	live	src/Effect4/Program/Compile.lean	890	bare	Layer.ts	Layer.ts	1923	1923	exact	exact	same		Layer.ts	1920	1920
brief	live	src/Effect4/Program/Compile.lean	890	cont	:2348	Layer.ts	2348	2348	block	named;also:default=internal/effect.ts	same		Layer.ts	2345	2345
brief	live	src/Effect4/Program/Compile.lean	892	cont	:2800	Layer.ts	2800	2800	block	named;also:default=internal/effect.ts	same		Layer.ts	2797	2797
brief	live	src/Effect4/Program/Compile.lean	901	bare	Layer.ts	Layer.ts	1440	1440	exact	named	same-comment		Layer.ts	1438	1438
brief	live	src/Effect4/Program/Compile.lean	902	cont	:1515	Layer.ts	1515	1515	block	named	same-comment		Layer.ts	1513	1513
brief	live	src/Effect4/Program/Compile.lean	909	bare	internal/effect.ts	internal/effect.ts	2134	2134	exact	exact	same		internal/effect.ts	2237	2237
brief	live	src/Effect4/Program/Compile.lean	1054	bare	Context.ts	Context.ts	423	423	exact	unnamed	same		Context.ts	423	423
brief	live	src/Effect4/Program/Compile.lean	1110	bare	internal/effect.ts	internal/effect.ts	5406	5406	exact	exact	same		internal/effect.ts	5663	5663
brief	live	src/Effect4/Program/Compile.lean	1113	cont	:5366	internal/effect.ts	5366	5366	block	named	same		internal/effect.ts	5623	5623
brief	live	src/Effect4/Program/Compile.lean	1145	bare	internal/effect.ts	internal/effect.ts	3971	3987	exact	exact	same		internal/effect.ts	4134	4150
brief	live	src/Effect4/Program/Compile.lean	1150	cont	:3929	internal/effect.ts	3929	3929	default	exact	same		internal/effect.ts	4091	4091
brief	live	src/Effect4/Program/Compile.lean	1154	cont	:3983	internal/effect.ts	3983	3983	default	unconfirmed	same		internal/effect.ts	4146	4146
brief	live	src/Effect4/Program/Compile.lean	1158	cont	:3856	internal/effect.ts	3856	3856	default	unconfirmed	same		internal/effect.ts	4021	4021
brief	live	src/Effect4/Program/Compile.lean	1158	cont	:3853	internal/effect.ts	3853	3853	default	unconfirmed	same		internal/effect.ts	4018	4018
brief	live	src/Effect4/Program/Compile.lean	1167	cont	:2180-2199	internal/effect.ts	2180	2199	default	exact	same		internal/effect.ts	2285	2304
brief	live	src/Effect4/Program/Compile.lean	1176	bare	internal/effect.ts	internal/effect.ts	3966	3966	exact	unnamed	same		internal/effect.ts	4129	4129
brief	live	src/Effect4/Program/Compile.lean	1176	bare	internal/layer.ts	internal/layer.ts	15	21	exact	named	same		internal/layer.ts	15	21
brief	live	src/Effect4/Program/Compile.lean	1184	bare	Layer.ts	Layer.ts	756	765	exact	unnamed	same		Layer.ts	754	763
brief	live	src/Effect4/Program/Compile.lean	1190	bare	Layer.ts	Layer.ts	339	344	exact	unnamed	same		Layer.ts	354	359
brief	live	src/Effect4/Program/Compile.lean	1195	bare	Layer.ts	Layer.ts	451	455	exact	named	changed	code	Layer.ts	441	453
brief	live	src/Effect4/Program/Compile.lean	1196	cont	:439-440	Layer.ts	439	440	block	unconfirmed	changed	code	Layer.ts	423	425
brief	live	src/Effect4/Program/Compile.lean	1196	cont	:246-249	Layer.ts	246	249	block	unconfirmed	changed	code	Layer.ts	263	264
brief	live	src/Effect4/Program/Compile.lean	1218	bare	Layer.ts	Layer.ts	1596	1600	exact	unnamed	same		Layer.ts	1593	1597
brief	live	src/Effect4/Program/Compile.lean	1238	bare	Layer.ts	Layer.ts	1596	1600	exact	exact	same		Layer.ts	1593	1597
brief	live	src/Effect4/Program/Compile.lean	1320	bare	internal/effect.ts	internal/effect.ts	1175	1196	exact	named	changed	code	internal/effect.ts	1217	1240
brief	live	src/Effect4/Program/Compile.lean	1342	bare	internal/effect.ts	internal/effect.ts	3966	3967	exact	unnamed	same		internal/effect.ts	4129	4130
brief	live	src/Effect4/Program/Compile.lean	1349	bare	Layer.ts	Layer.ts	451	451	exact	unnamed	same		Layer.ts	441	441
brief	live	src/Effect4/Program/Compile.lean	1354	bare	internal/effect.ts	internal/effect.ts	3983	3983	exact	named	same		internal/effect.ts	4146	4146
brief	live	src/Effect4/Program/Compile.lean	1503	cont	:3977-3986	internal/effect.ts	3977	3986	default	exact	same		internal/effect.ts	4140	4149
brief	live	src/Effect4/Program/Compile.lean	1509	cont	:2180-2199	internal/effect.ts	2180	2199	default	unconfirmed	same		internal/effect.ts	2285	2304
brief	live	src/Effect4/Program/Compile.lean	1513	bare	Layer.ts	Layer.ts	1597	1597	exact	named	same		Layer.ts	1594	1594
brief	live	src/Effect4/Program/Compile.lean	1515	bare	internal/effect.ts	internal/effect.ts	4851	4851	exact	unnamed	same		internal/effect.ts	5117	5117
brief	live	src/Effect4/Program/Compile.lean	1574	bare	internal/effect.ts	internal/effect.ts	5366	5366	exact	exact	same		internal/effect.ts	5623	5623
brief	live	src/Effect4/Program/Compile.lean	1574	cont	:5457	internal/effect.ts	5457	5457	block	named	same		internal/effect.ts	5714	5714
brief	live	src/Effect4/Program/Compile.lean	1614	bare	internal/effect.ts	internal/effect.ts	767	777	exact	unnamed	same		internal/effect.ts	792	802
brief	live	src/Effect4/Program/Compile.lean	1614	bare	internal/effect.ts	internal/effect.ts	814	822	exact	unnamed	same		internal/effect.ts	839	847
brief	live	src/Effect4/Program/Compile.lean	1648	bare	internal/effect.ts	internal/effect.ts	3938	3948	exact	unnamed	changed	code	internal/effect.ts	4100	4110
brief	live	src/Effect4/Program/Compile.lean	1668	bare	internal/effect.ts	internal/effect.ts	3944	3947	exact	unnamed	changed	code	internal/effect.ts	4106	4110
brief	live	src/Effect4/Program/Config.lean	16	full	vendor/effect-4.0.0-rc.112/src/ConfigProvider.ts	ConfigProvider.ts	0	0	full	n/a	file-only		ConfigProvider.ts		
brief	live	src/Effect4/Program/Config.lean	18	bare	ConfigProvider.ts	ConfigProvider.ts	367	375	exact	exact	changed	code	ConfigProvider.ts	368	376
brief	live	src/Effect4/Program/Config.lean	19	cont	:373	ConfigProvider.ts	373	373	block	named;also:global=internal/effect.ts,plain=Test/Program/ConfigContract.lean	changed	code	ConfigProvider.ts	374	374
brief	live	src/Effect4/Program/Config.lean	20	cont	:384	ConfigProvider.ts	384	384	block	named;also:global=internal/effect.ts,plain=Test/Program/ConfigContract.lean	same		ConfigProvider.ts	385	385
brief	live	src/Effect4/Program/Config.lean	35	bare	ConfigProvider.ts	ConfigProvider.ts	207	210	exact	named	same		ConfigProvider.ts	208	211
brief	live	src/Effect4/Program/Config.lean	38	bare	Config.ts	Config.ts	1041	1041	exact	exact	changed	code	Config.ts	1117	1117
brief	live	src/Effect4/Program/Config.lean	39	bare	Config.ts	Config.ts	1211	1213	exact	exact	changed	code	Config.ts	1283	1285
brief	live	src/Effect4/Program/Config.lean	43	bare	Config.ts	Config.ts	2050	2051	exact	named	same		Config.ts	2112	2113
brief	live	src/Effect4/Program/Config.lean	44	bare	ConfigProvider.ts	ConfigProvider.ts	883	886	exact	named	same		ConfigProvider.ts	884	887
brief	live	src/Effect4/Program/Config.lean	46	bare	Config.ts	Config.ts	1209	1209	exact	named	same		Config.ts	1281	1281
brief	live	src/Effect4/Program/Config.lean	69	bare	ConfigProvider.ts	ConfigProvider.ts	212	230	exact	exact	same-comment		ConfigProvider.ts	213	231
brief	live	src/Effect4/Program/Config.lean	70	bare	ConfigProvider.ts	ConfigProvider.ts	55	72	exact	exact	same		ConfigProvider.ts	56	73
brief	live	src/Effect4/Program/Config.lean	74	bare	ConfigProvider.ts	ConfigProvider.ts	212	215	exact	unnamed	same-comment		ConfigProvider.ts	213	216
brief	live	src/Effect4/Program/Config.lean	82	bare	ConfigProvider.ts	ConfigProvider.ts	227	227	exact	unnamed	same-comment		ConfigProvider.ts	228	228
brief	live	src/Effect4/Program/Config.lean	86	bare	ConfigProvider.ts	ConfigProvider.ts	55	72	exact	named	same		ConfigProvider.ts	56	73
brief	live	src/Effect4/Program/Config.lean	87	cont	:44-46	ConfigProvider.ts	44	46	block	named	same-comment		ConfigProvider.ts	45	47
brief	live	src/Effect4/Program/Config.lean	89	bare	ConfigProvider.ts	ConfigProvider.ts	56	60	exact	unnamed	same		ConfigProvider.ts	57	61
brief	live	src/Effect4/Program/Config.lean	91	bare	ConfigProvider.ts	ConfigProvider.ts	61	66	exact	exact	same		ConfigProvider.ts	62	67
brief	live	src/Effect4/Program/Config.lean	93	bare	ConfigProvider.ts	ConfigProvider.ts	67	72	exact	unnamed	same		ConfigProvider.ts	68	73
brief	live	src/Effect4/Program/Config.lean	97	bare	Config.ts	Config.ts	1041	1041	exact	exact	changed	code	Config.ts	1117	1117
brief	live	src/Effect4/Program/Config.lean	103	bare	ConfigProvider.ts	ConfigProvider.ts	207	210	exact	named	same		ConfigProvider.ts	208	211
brief	live	src/Effect4/Program/Config.lean	112	bare	ConfigProvider.ts	ConfigProvider.ts	286	286	exact	unnamed	same		ConfigProvider.ts	287	287
brief	live	src/Effect4/Program/Config.lean	115	bare	ConfigProvider.ts	ConfigProvider.ts	368	368	exact	unnamed	same		ConfigProvider.ts	369	369
brief	live	src/Effect4/Program/Config.lean	127	bare	ConfigProvider.ts	ConfigProvider.ts	373	373	exact	unnamed	changed	code	ConfigProvider.ts	374	374
brief	live	src/Effect4/Program/Config.lean	127	cont	:384	ConfigProvider.ts	384	384	block	named	same		ConfigProvider.ts	385	385
brief	live	src/Effect4/Program/Config.lean	129	bare	ConfigProvider.ts	ConfigProvider.ts	367	375	exact	exact	changed	code	ConfigProvider.ts	368	376
brief	live	src/Effect4/Program/Config.lean	131	bare	ConfigProvider.ts	ConfigProvider.ts	377	386	exact	exact	same		ConfigProvider.ts	378	387
brief	live	src/Effect4/Program/Config.lean	136	bare	ConfigProvider.ts	ConfigProvider.ts	355	355	exact	unnamed	same		ConfigProvider.ts	356	356
brief	live	src/Effect4/Program/Config.lean	136	cont	:389-402	ConfigProvider.ts	389	402	block	named	same-comment		ConfigProvider.ts	390	403
brief	live	src/Effect4/Program/Config.lean	142	bare	ConfigProvider.ts	ConfigProvider.ts	286	286	exact	exact	same		ConfigProvider.ts	287	287
brief	live	src/Effect4/Program/Config.lean	142	cont	:372	ConfigProvider.ts	372	372	block	unconfirmed	same		ConfigProvider.ts	373	373
brief	live	src/Effect4/Program/Config.lean	142	cont	:379-383	ConfigProvider.ts	379	383	block	named	same		ConfigProvider.ts	380	384
brief	live	src/Effect4/Program/Config.lean	143	cont	:498-499	ConfigProvider.ts	498	499	block	exact	same-comment		ConfigProvider.ts	499	500
brief	live	src/Effect4/Program/Config.lean	152	bare	ConfigProvider.ts	ConfigProvider.ts	373	373	exact	unnamed	changed	code	ConfigProvider.ts	374	374
brief	live	src/Effect4/Program/Config.lean	152	cont	:384	ConfigProvider.ts	384	384	block	named	same		ConfigProvider.ts	385	385
brief	live	src/Effect4/Program/Config.lean	152	cont	:709-713	ConfigProvider.ts	709	713	block	named	same		ConfigProvider.ts	710	714
brief	live	src/Effect4/Program/Config.lean	158	bare	ConfigProvider.ts	ConfigProvider.ts	883	886	exact	exact	same		ConfigProvider.ts	884	887
brief	live	src/Effect4/Program/Config.lean	178	bare	ConfigProvider.ts	ConfigProvider.ts	379	383	exact	unnamed	same		ConfigProvider.ts	380	384
brief	live	src/Effect4/Program/Config.lean	227	bare	ConfigProvider.ts	ConfigProvider.ts	628	631	exact	unnamed	same-comment		ConfigProvider.ts	629	632
brief	live	src/Effect4/Program/Config.lean	240	bare	ConfigProvider.ts	ConfigProvider.ts	384	384	exact	unnamed	same		ConfigProvider.ts	385	385
brief	live	src/Effect4/Program/Config.lean	244	bare	ConfigProvider.ts	ConfigProvider.ts	767	772	exact	exact	same-comment		ConfigProvider.ts	768	773
brief	live	src/Effect4/Program/Config.lean	270	bare	String.ts	String.ts	1760	1761	exact	exact	same		String.ts	1771	1772
brief	live	src/Effect4/Program/Config.lean	273	bare	String.ts	String.ts	1628	1654	exact	named	same		String.ts	1639	1665
brief	live	src/Effect4/Program/Config.lean	274	bare	String.ts	String.ts	1661	1661	exact	named	same		String.ts	1672	1672
brief	live	src/Effect4/Program/Config.lean	275	bare	String.ts	String.ts	1753	1754	exact	unnamed	same-comment		String.ts	1764	1765
brief	live	src/Effect4/Program/Config.lean	276	bare	String.ts	String.ts	1664	1664	exact	named	same		String.ts	1675	1675
brief	live	src/Effect4/Program/Config.lean	285	bare	String.ts	String.ts	1661	1661	exact	named	same		String.ts	1672	1672
brief	live	src/Effect4/Program/Config.lean	305	bare	String.ts	String.ts	1760	1761	exact	exact	same		String.ts	1771	1772
brief	live	src/Effect4/Program/Config.lean	312	bare	String.ts	String.ts	1754	1754	exact	unnamed	same-comment		String.ts	1765	1765
brief	live	src/Effect4/Program/Config.lean	316	bare	ConfigProvider.ts	ConfigProvider.ts	749	749	exact	unnamed	same		ConfigProvider.ts	750	750
brief	live	src/Effect4/Program/Config.lean	321	bare	ConfigProvider.ts	ConfigProvider.ts	748	750	exact	exact	same		ConfigProvider.ts	749	751
brief	live	src/Effect4/Program/Config.lean	327	bare	ConfigProvider.ts	ConfigProvider.ts	373	373	exact	exact	changed	code	ConfigProvider.ts	374	374
brief	live	src/Effect4/Program/Config.lean	345	bare	ConfigProvider.ts	ConfigProvider.ts	379	383	exact	named	same		ConfigProvider.ts	380	384
brief	live	src/Effect4/Program/Config.lean	363	bare	ConfigProvider.ts	ConfigProvider.ts	1089	1091	exact	named	same		ConfigProvider.ts	1090	1092
brief	live	src/Effect4/Program/Config.lean	363	cont	:1084-1087	ConfigProvider.ts	1084	1087	block	named	same		ConfigProvider.ts	1085	1088
brief	live	src/Effect4/Program/Config.lean	396	bare	ConfigProvider.ts	ConfigProvider.ts	1200	1217	exact	exact	same		ConfigProvider.ts	1201	1218
brief	live	src/Effect4/Program/Config.lean	396	cont	:1246-1256	ConfigProvider.ts	1246	1256	block	named	same		ConfigProvider.ts	1245	1255
brief	live	src/Effect4/Program/Config.lean	405	bare	ConfigProvider.ts	ConfigProvider.ts	1230	1231	exact	unnamed	same		ConfigProvider.ts	1229	1230
brief	live	src/Effect4/Program/Config.lean	410	cont	:1219	ConfigProvider.ts	1219	1219	carry	exact	removed	code	ConfigProvider.ts		
brief	live	src/Effect4/Program/Config.lean	410	cont	:1237	ConfigProvider.ts	1237	1237	carry	exact	changed	code	ConfigProvider.ts	1236	1236
brief	live	src/Effect4/Program/Config.lean	416	bare	ConfigProvider.ts	ConfigProvider.ts	1221	1244	exact	exact	changed	code	ConfigProvider.ts	1220	1243
brief	live	src/Effect4/Program/Config.lean	419	bare	ConfigProvider.ts	ConfigProvider.ts	1227	1227	exact	named	same		ConfigProvider.ts	1226	1226
brief	live	src/Effect4/Program/Config.lean	436	bare	ConfigProvider.ts	ConfigProvider.ts	1227	1227	exact	named	same		ConfigProvider.ts	1226	1226
brief	live	src/Effect4/Program/Config.lean	441	cont	:1219	ConfigProvider.ts	1219	1219	carry	unconfirmed	removed	code	ConfigProvider.ts		
brief	live	src/Effect4/Program/Config.lean	447	bare	ConfigProvider.ts	ConfigProvider.ts	1206	1207	exact	unnamed	same		ConfigProvider.ts	1207	1208
brief	live	src/Effect4/Program/Config.lean	451	bare	ConfigProvider.ts	ConfigProvider.ts	1121	1128	exact	exact	same		ConfigProvider.ts	1122	1129
brief	live	src/Effect4/Program/Config.lean	464	bare	ConfigProvider.ts	ConfigProvider.ts	1089	1091	exact	unnamed	same		ConfigProvider.ts	1090	1092
brief	live	src/Effect4/Program/Config.lean	469	bare	ConfigProvider.ts	ConfigProvider.ts	1227	1227	exact	unnamed	same		ConfigProvider.ts	1226	1226
brief	live	src/Effect4/Program/Config.lean	470	cont	:1206-1207	ConfigProvider.ts	1206	1207	block	named	same		ConfigProvider.ts	1207	1208
brief	live	src/Effect4/Program/Config.lean	485	bare	ConfigProvider.ts	ConfigProvider.ts	767	772	exact	named	same-comment		ConfigProvider.ts	768	773
brief	live	src/Effect4/Program/Config.lean	486	cont	:883-886	ConfigProvider.ts	883	886	block	unconfirmed	same		ConfigProvider.ts	884	887
brief	live	src/Effect4/Program/Config.lean	504	bare	ConfigProvider.ts	ConfigProvider.ts	1070	1082	exact	exact	same		ConfigProvider.ts	1071	1083
brief	live	src/Effect4/Program/Config.lean	508	bare	ConfigProvider.ts	ConfigProvider.ts	1074	1074	exact	exact	same		ConfigProvider.ts	1075	1075
brief	live	src/Effect4/Program/Config.lean	512	bare	ConfigProvider.ts	ConfigProvider.ts	1076	1076	exact	unnamed	same		ConfigProvider.ts	1077	1077
brief	live	src/Effect4/Program/Config.lean	514	bare	ConfigProvider.ts	ConfigProvider.ts	1077	1079	exact	unnamed	same		ConfigProvider.ts	1078	1080
brief	live	src/Effect4/Program/Config.lean	522	bare	ConfigProvider.ts	ConfigProvider.ts	1050	1064	exact	unnamed	same		ConfigProvider.ts	1051	1065
brief	live	src/Effect4/Program/Config.lean	529	bare	ConfigProvider.ts	ConfigProvider.ts	1044	1065	exact	exact	same		ConfigProvider.ts	1045	1066
brief	live	src/Effect4/Program/Config.lean	537	bare	ConfigProvider.ts	ConfigProvider.ts	1070	1082	exact	exact	same		ConfigProvider.ts	1071	1083
brief	live	src/Effect4/Program/Config.lean	545	bare	ConfigProvider.ts	ConfigProvider.ts	1037	1042	exact	exact	same		ConfigProvider.ts	1038	1043
brief	live	src/Effect4/Program/Config.lean	564	bare	Config.ts	Config.ts	136	139	exact	named	changed	erased	Config.ts	117	120
brief	live	src/Effect4/Program/Config.lean	566	bare	Config.ts	Config.ts	113	134	exact	named	changed	erased	Config.ts	115	115
brief	live	src/Effect4/Program/Config.lean	578	bare	Config.ts	Config.ts	887	888	exact	exact	same		Config.ts	963	964
brief	live	src/Effect4/Program/Config.lean	580	bare	Config.ts	Config.ts	887	888	exact	exact	same		Config.ts	963	964
brief	live	src/Effect4/Program/Config.lean	588	bare	Config.ts	Config.ts	1208	1210	exact	unnamed	same		Config.ts	1280	1282
brief	live	src/Effect4/Program/Config.lean	590	bare	Config.ts	Config.ts	205	206	exact	unnamed	changed	code	Config.ts	155	155
brief	live	src/Effect4/Program/Config.lean	594	bare	Config.ts	Config.ts	118	129	exact	exact	changed	erased	Config.ts	115	115
brief	live	src/Effect4/Program/Config.lean	596	bare	Config.ts	Config.ts	118	122	exact	unnamed	changed	erased	Config.ts	115	115
brief	live	src/Effect4/Program/Config.lean	598	bare	Config.ts	Config.ts	124	127	exact	unnamed	changed	erased	Config.ts	115	115
brief	live	src/Effect4/Program/Config.lean	602	bare	Config.ts	Config.ts	131	134	exact	exact	changed	erased	Config.ts	115	115
brief	live	src/Effect4/Program/Config.lean	611	bare	Config.ts	Config.ts	136	139	exact	unnamed	changed	erased	Config.ts	117	120
brief	live	src/Effect4/Program/Config.lean	634	bare	Config.ts	Config.ts	1192	1220	exact	named	changed	code	Config.ts	1266	1291
brief	live	src/Effect4/Program/Config.lean	636	bare	Config.ts	Config.ts	1224	1227	exact	unnamed	changed	code	Config.ts	1294	1302
brief	live	src/Effect4/Program/Config.lean	639	bare	Config.ts	Config.ts	1224	1224	exact	exact	changed	code	Config.ts	1294	1302
brief	live	src/Effect4/Program/Config.lean	642	bare	Config.ts	Config.ts	1227	1227	exact	exact	changed	code	Config.ts	1294	1302
brief	live	src/Effect4/Program/Config.lean	642	bare	Config.ts	Config.ts	1239	1240	exact	unnamed	comment-changed		Config.ts		
brief	live	src/Effect4/Program/Config.lean	663	bare	Config.ts	Config.ts	1041	1041	exact	exact	changed	code	Config.ts	1117	1117
brief	live	src/Effect4/Program/Config.lean	664	bare	Config.ts	Config.ts	1211	1212	exact	named	changed	code	Config.ts	1283	1285
brief	live	src/Effect4/Program/Config.lean	681	bare	Config.ts	Config.ts	1041	1041	exact	exact	changed	code	Config.ts	1117	1117
brief	live	src/Effect4/Program/Config.lean	683	bare	Config.ts	Config.ts	1211	1213	exact	named	changed	code	Config.ts	1283	1285
brief	live	src/Effect4/Program/Config.lean	684	bare	Config.ts	Config.ts	205	206	exact	named	changed	code	Config.ts	155	155
brief	live	src/Effect4/Program/Config.lean	699	bare	Config.ts	Config.ts	847	852	exact	named	changed	code	Config.ts	922	927
brief	live	src/Effect4/Program/Config.lean	706	bare	Config.ts	Config.ts	887	888	exact	exact	same		Config.ts	963	964
brief	live	src/Effect4/Program/Config.lean	712	bare	Config.ts	Config.ts	211	224	exact	exact	changed	code	Config.ts	155	155
brief	live	src/Effect4/Program/Config.lean	720	bare	Config.ts	Config.ts	562	574	exact	unnamed	changed	code	Config.ts	695	703
brief	live	src/Effect4/Program/Config.lean	727	bare	Config.ts	Config.ts	640	678	exact	exact	removed	code	Config.ts		
brief	live	src/Effect4/Program/Config.lean	730	bare	Config.ts	Config.ts	589	593	exact	unnamed	comment-changed		Config.ts	721	725
brief	live	src/Effect4/Program/Config.lean	754	bare	Config.ts	Config.ts	744	744	exact	exact	same		Config.ts	813	813
brief	live	src/Effect4/Program/Config.lean	756	bare	Config.ts	Config.ts	444	444	exact	exact	same		Config.ts	568	568
brief	live	src/Effect4/Program/Config.lean	758	bare	Config.ts	Config.ts	887	887	exact	exact	same		Config.ts	963	963
brief	live	src/Effect4/Program/Config.lean	760	bare	Config.ts	Config.ts	1943	1943	exact	exact	same		Config.ts	2005	2005
brief	live	src/Effect4/Program/Config.lean	766	bare	Config.ts	Config.ts	136	139	exact	unnamed	changed	erased	Config.ts	117	120
brief	live	src/Effect4/Program/Config.lean	788	bare	Config.ts	Config.ts	850	850	exact	unnamed	changed	code	Config.ts	925	925
brief	live	src/Effect4/Program/Config.lean	794	bare	Config.ts	Config.ts	850	850	exact	unnamed	changed	code	Config.ts	925	925
brief	live	src/Effect4/Program/Config.lean	801	bare	Config.ts	Config.ts	570	572	exact	unnamed	changed	code	Config.ts	697	701
brief	live	src/Effect4/Program/Config.lean	808	bare	Config.ts	Config.ts	564	568	exact	unnamed	changed	code	Config.ts	697	700
brief	live	src/Effect4/Program/Config.lean	808	cont	:211-224	Config.ts	211	224	block	unconfirmed	changed	code	Config.ts	155	155
brief	live	src/Effect4/Program/Config.lean	814	bare	Config.ts	Config.ts	215	215	exact	unnamed	changed	code	Config.ts	155	155
brief	live	src/Effect4/Program/Config.lean	824	bare	Config.ts	Config.ts	887	888	exact	exact	same		Config.ts	963	964
brief	live	src/Effect4/Program/Config.lean	830	bare	Config.ts	Config.ts	2050	2051	exact	exact	same		Config.ts	2112	2113
brief	live	src/Effect4/Program/Config.lean	838	bare	Config.ts	Config.ts	2050	2051	exact	exact	same		Config.ts	2112	2113
brief	live	src/Effect4/Program/Config.lean	839	bare	ConfigProvider.ts	ConfigProvider.ts	883	886	exact	exact	same		ConfigProvider.ts	884	887
brief	live	src/Effect4/Program/Config.lean	841	bare	Config.ts	Config.ts	1209	1209	exact	unnamed	same		Config.ts	1281	1281
brief	live	src/Effect4/Program/Config.lean	982	bare	Config.ts	Config.ts	847	852	exact	unnamed	changed	code	Config.ts	922	927
brief	live	src/Effect4/Program/Config.lean	984	bare	Config.ts	Config.ts	674	675	exact	named	removed	code	Config.ts		
brief	live	src/Effect4/Program/Config.lean	984	cont	:589-593	Config.ts	589	593	block	named;also:global=internal/effect.ts	comment-changed		Config.ts	721	725
brief	live	src/Effect4/Program/Config.lean	1009	bare	Config.ts	Config.ts	1041	1041	exact	unnamed	changed	code	Config.ts	1117	1117
brief	live	src/Effect4/Program/Config.lean	1010	cont	:1211-1213	Config.ts	1211	1213	block	unconfirmed	changed	code	Config.ts	1283	1285
brief	live	src/Effect4/Program/Config.lean	1017	bare	ConfigProvider.ts	ConfigProvider.ts	1364	1408	exact	named	changed	code	ConfigProvider.ts	1363	1407
brief	live	src/Effect4/Program/Config.lean	1020	cont	:1396-1399	ConfigProvider.ts	1396	1399	block	named	changed	code	ConfigProvider.ts	1395	1398
brief	live	src/Effect4/Program/Config.lean	1028	bare	ConfigProvider.ts	ConfigProvider.ts	1387	1387	exact	unnamed	same		ConfigProvider.ts	1386	1386
brief	live	src/Effect4/Program/Config.lean	1068	bare	ConfigProvider.ts	ConfigProvider.ts	1392	1394	exact	unnamed	same		ConfigProvider.ts	1391	1393
brief	live	src/Effect4/Program/Config.lean	1078	bare	ConfigProvider.ts	ConfigProvider.ts	1392	1394	exact	unnamed	same		ConfigProvider.ts	1391	1393
brief	live	src/Effect4/Program/Config.lean	1090	bare	ConfigProvider.ts	ConfigProvider.ts	1396	1399	exact	unnamed	changed	code	ConfigProvider.ts	1395	1398
brief	live	src/Effect4/Program/Config.lean	1187	cont	:1392-1394	ConfigProvider.ts	1392	1394	carry	unconfirmed	same		ConfigProvider.ts	1391	1393
brief	live	src/Effect4/Program/Eff.lean	368	bare	internal/layer.ts	internal/layer.ts	8	22	exact	exact	same		internal/layer.ts	8	22
brief	live	src/Effect4/Program/Eff.lean	373	bare	internal/effect.ts	internal/effect.ts	2059	2059	exact	exact	same		internal/effect.ts	2161	2161
brief	live	src/Effect4/Program/Eff.lean	376	bare	internal/effect.ts	internal/effect.ts	2202	2232	exact	exact	same		internal/effect.ts	2307	2337
brief	live	src/Effect4/Program/Eff.lean	379	bare	internal/effect.ts	internal/effect.ts	2798	2810	exact	exact	changed	code	internal/effect.ts	2900	2912
brief	live	src/Effect4/Program/Eff.lean	398	bare	internal/effect.ts	internal/effect.ts	4450	4470	exact	named	same		internal/effect.ts	4726	4746
brief	live	src/Effect4/Program/Eff.lean	442	bare	Layer.ts	Layer.ts	1438	1438	exact	unnamed	same		Layer.ts	1436	1436
brief	live	src/Effect4/Program/Eff.lean	444	bare	Layer.ts	Layer.ts	411	411	exact	unnamed	removed	code	Layer.ts		
brief	live	src/Effect4/Program/Eff.lean	444	cont	:438	Layer.ts	438	438	block	unconfirmed	same		Layer.ts	422	422
brief	live	src/Effect4/Program/Eff.lean	449	bare	Layer.ts	Layer.ts	1074	1074	exact	exact	same		Layer.ts	1072	1072
brief	live	src/Effect4/Program/Eff.lean	451	bare	Layer.ts	Layer.ts	1427	1427	exact	exact	same		Layer.ts	1425	1425
brief	live	src/Effect4/Program/Eff.lean	452	cont	:1438	Layer.ts	1438	1438	block	exact	same		Layer.ts	1436	1436
brief	live	src/Effect4/Program/Eff.lean	454	bare	Layer.ts	Layer.ts	1512	1512	exact	exact	same		Layer.ts	1510	1510
brief	live	src/Effect4/Program/Eff.lean	456	bare	Layer.ts	Layer.ts	2258	2258	exact	exact	same		Layer.ts	2255	2255
brief	live	src/Effect4/Program/Eff.lean	458	bare	Layer.ts	Layer.ts	2704	2704	exact	exact	same		Layer.ts	2701	2701
brief	live	src/Effect4/Program/Eff.lean	460	bare	Layer.ts	Layer.ts	1850	1850	exact	exact	same		Layer.ts	1847	1847
brief	live	src/Effect4/Program/Eff.lean	462	bare	Layer.ts	Layer.ts	3850	3850	exact	exact	same		Layer.ts	3889	3889
brief	live	src/Effect4/Program/Eff.lean	464	bare	Layer.ts	Layer.ts	3327	3327	exact	exact	same		Layer.ts	3366	3366
brief	live	src/Effect4/Program/Eff.lean	466	bare	Layer.ts	Layer.ts	411	411	exact	unnamed	removed	code	Layer.ts		
brief	live	src/Effect4/Program/Eff.lean	466	cont	:438	Layer.ts	438	438	block	named;also:default=internal/effect.ts	same		Layer.ts	422	422
brief	live	src/Effect4/Program/Eff.lean	472	bare	Layer.ts	Layer.ts	1652	1652	exact	exact	same		Layer.ts	1649	1649
brief	live	src/Effect4/Program/Eff.lean	472	cont	:1587-1602	Layer.ts	1587	1602	block	exact	same		Layer.ts	1584	1599
brief	live	src/Effect4/Program/Eff.lean	475	cont	:1600	Layer.ts	1600	1600	block	exact	same		Layer.ts	1597	1597
brief	live	src/Effect4/Program/Eff.lean	475	cont	:1905	Layer.ts	1905	1905	block	named	same		Layer.ts	1902	1902
brief	live	src/Effect4/Program/Eff.lean	551	full	vendor/effect-4.0.0-rc.112/src/internal/effect.ts	internal/effect.ts	0	0	full	n/a	file-only		internal/effect.ts		
brief	live	src/Effect4/Program/Eff.lean	556	bare	internal/effect.ts	internal/effect.ts	1275	1275	exact	unnamed	same		internal/effect.ts	1326	1326
brief	live	src/Effect4/Program/Eff.lean	557	bare	internal/effect.ts	internal/effect.ts	1322	1322	exact	unnamed	same-comment		internal/effect.ts	1374	1374
brief	live	src/Effect4/Program/Eff.lean	558	bare	internal/effect.ts	internal/effect.ts	1330	1330	exact	unnamed	same-comment		internal/effect.ts	1382	1382
brief	live	src/Effect4/Program/Eff.lean	559	bare	internal/effect.ts	internal/effect.ts	929	929	exact	unnamed	same		internal/effect.ts	961	961
brief	live	src/Effect4/Program/Eff.lean	560	bare	internal/effect.ts	internal/effect.ts	1093	1093	exact	unnamed	same		internal/effect.ts	1127	1127
brief	live	src/Effect4/Program/Eff.lean	562	bare	internal/effect.ts	internal/effect.ts	1590	1590	exact	unnamed	same		internal/effect.ts	1703	1703
brief	live	src/Effect4/Program/Eff.lean	563	bare	internal/effect.ts	internal/effect.ts	1184	1184	exact	unnamed	same		internal/effect.ts	1226	1226
brief	live	src/Effect4/Program/Eff.lean	564	bare	internal/effect.ts	internal/effect.ts	2417	2417	exact	unnamed	same		internal/effect.ts	2522	2522
brief	live	src/Effect4/Program/Eff.lean	565	bare	internal/effect.ts	internal/effect.ts	2645	2645	exact	unnamed	same		internal/effect.ts	2747	2747
brief	live	src/Effect4/Program/Eff.lean	566	bare	internal/effect.ts	internal/effect.ts	4006	4006	exact	unnamed	changed	code	internal/effect.ts	4164	4165
brief	live	src/Effect4/Program/Eff.lean	567	bare	internal/effect.ts	internal/effect.ts	2320	2320	exact	unnamed	same		internal/effect.ts	2425	2425
brief	live	src/Effect4/Program/Eff.lean	568	bare	internal/effect.ts	internal/effect.ts	4302	4310	exact	unnamed	same		internal/effect.ts	4550	4558
brief	live	src/Effect4/Program/Eff.lean	569	bare	internal/effect.ts	internal/effect.ts	4331	4352	exact	unnamed	same		internal/effect.ts	4607	4628
brief	live	src/Effect4/Program/Eff.lean	570	bare	internal/effect.ts	internal/effect.ts	982	990	exact	unnamed	same		internal/effect.ts	1014	1022
brief	live	src/Effect4/Program/Eff.lean	571	bare	internal/effect.ts	internal/effect.ts	5291	5291	exact	unnamed	same		internal/effect.ts	5546	5546
brief	live	src/Effect4/Program/Eff.lean	572	bare	internal/effect.ts	internal/effect.ts	1147	1147	exact	unnamed	same		internal/effect.ts	1189	1189
brief	live	src/Effect4/Program/Eff.lean	573	bare	internal/effect.ts	internal/effect.ts	3960	3960	exact	unnamed	same-comment		internal/effect.ts	4123	4123
brief	live	src/Effect4/Program/Eff.lean	574	bare	internal/effect.ts	internal/effect.ts	3978	3978	exact	unnamed	same		internal/effect.ts	4141	4141
brief	live	src/Effect4/Program/Eff.lean	575	bare	internal/layer.ts	internal/layer.ts	8	22	exact	unnamed	same		internal/layer.ts	8	22
brief	live	src/Effect4/Program/Eff.lean	576	bare	internal/effect.ts	internal/effect.ts	2059	2059	exact	unnamed	same		internal/effect.ts	2161	2161
brief	live	src/Effect4/Program/Eff.lean	577	bare	internal/effect.ts	internal/effect.ts	2202	2232	exact	unnamed	same		internal/effect.ts	2307	2337
brief	live	src/Effect4/Program/Eff.lean	578	bare	internal/effect.ts	internal/effect.ts	2798	2810	exact	unnamed	changed	code	internal/effect.ts	2900	2912
brief	live	src/Effect4/Program/Eff.lean	580	bare	internal/effect.ts	internal/effect.ts	4450	4470	exact	unnamed	same		internal/effect.ts	4726	4746
brief	live	src/Effect4/Program/Native.lean	82	bare	internal/effect.ts	internal/effect.ts	6114	6116	exact	exact	same		internal/effect.ts	6373	6375
brief	live	src/Effect4/Program/Native.lean	83	cont	:6052-6066	internal/effect.ts	6052	6066	block	named	same		internal/effect.ts	6311	6325
brief	live	src/Effect4/Program/Native.lean	86	bare	internal/effect.ts	internal/effect.ts	6118	6118	exact	exact	same		internal/effect.ts	6377	6377
brief	live	src/Effect4/Program/Native.lean	91	full	vendor/effect-4.0.0-rc.112/src/Deferred.ts	Deferred.ts	171	171	full	exact	same		Deferred.ts	172	172
brief	live	src/Effect4/Program/Native.lean	120	bare	Deferred.ts	Deferred.ts	171	171	exact	named	same		Deferred.ts	172	172
brief	live	src/Effect4/Program/Native.lean	190	full	vendor/effect-4.0.0-rc.112/src/Ref.ts	Ref.ts	173	173	full	unnamed	same		Ref.ts	173	173
brief	live	src/Effect4/Program/Native.lean	193	full	vendor/effect-4.0.0-rc.112/src/Ref.ts	Ref.ts	200	200	full	unnamed	same		Ref.ts	200	200
brief	live	src/Effect4/Program/Native.lean	196	full	vendor/effect-4.0.0-rc.112/src/Ref.ts	Ref.ts	306	307	full	unnamed	same		Ref.ts	306	307
brief	live	src/Effect4/Program/Native.lean	199	full	vendor/effect-4.0.0-rc.112/src/Ref.ts	Ref.ts	399	404	full	unnamed	same		Ref.ts	399	404
brief	live	src/Effect4/Program/Native.lean	202	full	vendor/effect-4.0.0-rc.112/src/Ref.ts	Ref.ts	747	747	full	unnamed	same		Ref.ts	747	747
brief	live	src/Effect4/Program/Native.lean	205	full	vendor/effect-4.0.0-rc.112/src/Ref.ts	Ref.ts	1273	1276	full	unnamed	same		Ref.ts	1273	1276
brief	live	src/Effect4/Program/Native.lean	208	full	vendor/effect-4.0.0-rc.112/src/Ref.ts	Ref.ts	496	501	full	unnamed	same		Ref.ts	496	501
brief	live	src/Effect4/Program/Native.lean	211	full	vendor/effect-4.0.0-rc.112/src/Ref.ts	Ref.ts	1368	1368	full	unnamed	same		Ref.ts	1368	1368
brief	live	src/Effect4/Program/Native.lean	214	full	vendor/effect-4.0.0-rc.112/src/Ref.ts	Ref.ts	1502	1508	full	unnamed	same		Ref.ts	1502	1508
brief	live	src/Effect4/Program/Native.lean	217	full	vendor/effect-4.0.0-rc.112/src/Ref.ts	Ref.ts	635	643	full	unnamed	same		Ref.ts	635	643
brief	live	src/Effect4/Program/Native.lean	220	full	vendor/effect-4.0.0-rc.112/src/Ref.ts	Ref.ts	1639	1646	full	unnamed	same		Ref.ts	1639	1646
brief	live	src/Effect4/Program/Native.lean	223	full	vendor/effect-4.0.0-rc.112/src/Ref.ts	Ref.ts	896	901	full	unnamed	same		Ref.ts	896	901
brief	live	src/Effect4/Program/Native.lean	226	full	vendor/effect-4.0.0-rc.112/src/Ref.ts	Ref.ts	1159	1163	full	unnamed	same		Ref.ts	1159	1163
brief	live	src/Effect4/Program/Native.lean	229	full	vendor/effect-4.0.0-rc.112/src/Deferred.ts	Deferred.ts	171	171	full	unnamed	same		Deferred.ts	172	172
brief	live	src/Effect4/Program/Native.lean	233	full	vendor/effect-4.0.0-rc.112/src/Deferred.ts	Deferred.ts	1366	1366	full	unnamed	same		Deferred.ts	1367	1367
brief	live	src/Effect4/Program/Native.lean	236	full	vendor/effect-4.0.0-rc.112/src/Deferred.ts	Deferred.ts	1414	1416	full	unnamed	same		Deferred.ts	1415	1417
brief	live	src/Effect4/Program/Native.lean	240	full	vendor/effect-4.0.0-rc.112/src/Deferred.ts	Deferred.ts	1514	1514	full	unnamed	same		Deferred.ts	1515	1515
brief	live	src/Effect4/Program/Native.lean	244	full	vendor/effect-4.0.0-rc.112/src/Deferred.ts	Deferred.ts	669	669	full	unnamed	same		Deferred.ts	670	670
brief	live	src/Effect4/Program/Native.lean	247	full	vendor/effect-4.0.0-rc.112/src/Deferred.ts	Deferred.ts	223	223	full	unnamed	same		Deferred.ts	224	224
brief	live	src/Effect4/Program/Native.lean	250	full	vendor/effect-4.0.0-rc.112/src/Scope.ts	Scope.ts	240	240	full	unnamed	same		Scope.ts	239	239
brief	live	src/Effect4/Program/Native.lean	253	full	vendor/effect-4.0.0-rc.112/src/Scope.ts	Scope.ts	240	240	full	unnamed	same		Scope.ts	239	239
brief	live	src/Effect4/Program/Native.lean	256	full	vendor/effect-4.0.0-rc.112/src/internal/effect.ts	internal/effect.ts	6114	6116	full	unnamed	same		internal/effect.ts	6373	6375
brief	live	src/Effect4/Program/Native.lean	259	full	vendor/effect-4.0.0-rc.112/src/internal/effect.ts	internal/effect.ts	6118	6118	full	unnamed	same		internal/effect.ts	6377	6377
brief	live	src/Effect4/Program/NativeAtom.lean	222	bare	internal/effect.ts	internal/effect.ts	148	148	exact	unnamed	same		internal/effect.ts	148	148
brief	live	src/Effect4/Program/NativeAtom.lean	226	bare	internal/effect.ts	internal/effect.ts	157	168	exact	unnamed	same		internal/effect.ts	157	168
brief	live	src/Effect4/Program/NativeAtom.lean	231	bare	internal/effect.ts	internal/effect.ts	171	171	exact	unnamed	same		internal/effect.ts	171	171
brief	live	src/Effect4/Program/NativeAtom.lean	234	bare	internal/effect.ts	internal/effect.ts	186	186	exact	unnamed	same		internal/effect.ts	186	186
brief	live	src/Effect4/Program/NativeAtom.lean	250	full	vendor/effect-4.0.0-rc.112/src/Option.ts	Option.ts	0	0	full	n/a	file-only		Option.ts		
brief	live	src/Effect4/Program/NativeAtom.lean	256	full	vendor/effect-4.0.0-rc.112/src/Option.ts	Option.ts	0	0	full	n/a	file-only		Option.ts		
brief	live	src/Effect4/Program/NativeAtom.lean	263	full	vendor/effect-4.0.0-rc.112/src/Option.ts	Option.ts	0	0	full	n/a	file-only		Option.ts		
brief	live	src/Effect4/Program/NativeAtom.lean	266	full	vendor/effect-4.0.0-rc.112/src/Option.ts	Option.ts	0	0	full	n/a	file-only		Option.ts		
brief	live	src/Effect4/Program/NativeAtom.lean	280	full	vendor/effect-4.0.0-rc.112/src/Array.ts	Array.ts	1698	1698	full	unnamed	same		Array.ts	1710	1710
brief	live	src/Effect4/Program/Packages/KeyValueStoreMemory.lean	9	full	vendor/effect-4.0.0-rc.112/src/unstable/persistence/KeyValueStore.ts	unstable/persistence/KeyValueStore.ts	0	0	full	n/a	file-only		persistence/KeyValueStore.ts		
brief	live	src/Effect4/Program/Packages/KeyValueStoreMemory.lean	10	cont	:38-95	unstable/persistence/KeyValueStore.ts	38	95	block	named;also:global=internal/effect.ts	same		persistence/KeyValueStore.ts	40	97
brief	live	src/Effect4/Program/Packages/KeyValueStoreMemory.lean	10	cont	:208-211	unstable/persistence/KeyValueStore.ts	208	211	block	unconfirmed	same		persistence/KeyValueStore.ts	215	218
brief	live	src/Effect4/Program/Packages/KeyValueStoreMemory.lean	10	cont	:331-352	unstable/persistence/KeyValueStore.ts	331	352	block	exact;also:global=internal/effect.ts	changed	code	persistence/KeyValueStore.ts	344	364
brief	live	src/Effect4/Program/Packages/KeyValueStoreMemory.lean	27	cont	:183-195	unstable/persistence/KeyValueStore.ts	183	195	block	named	same		persistence/KeyValueStore.ts	188	201
brief	live	src/Effect4/Program/Packages/KeyValueStoreMemory.lean	34	bare	unstable/persistence/KeyValueStore.ts	unstable/persistence/KeyValueStore.ts	208	208	exact	unnamed	same		persistence/KeyValueStore.ts	215	215
brief	live	src/Effect4/Program/Packages/KeyValueStoreMemory.lean	43	full	vendor/effect-4.0.0-rc.112/src/unstable/persistence/KeyValueStore.ts	unstable/persistence/KeyValueStore.ts	331	352	full	unnamed	changed	code	persistence/KeyValueStore.ts	344	364
brief	live	src/Effect4/Program/Packages/KeyValueStoreMemory.lean	47	full	vendor/effect-4.0.0-rc.112/src/unstable/persistence/KeyValueStore.ts	unstable/persistence/KeyValueStore.ts	40	43	full	unnamed	same		persistence/KeyValueStore.ts	42	45
brief	live	src/Effect4/Program/Packages/KeyValueStoreMemory.lean	51	full	vendor/effect-4.0.0-rc.112/src/unstable/persistence/KeyValueStore.ts	unstable/persistence/KeyValueStore.ts	50	53	full	unnamed	same		persistence/KeyValueStore.ts	52	55
brief	live	src/Effect4/Program/Packages/KeyValueStoreMemory.lean	55	full	vendor/effect-4.0.0-rc.112/src/unstable/persistence/KeyValueStore.ts	unstable/persistence/KeyValueStore.ts	55	58	full	unnamed	same		persistence/KeyValueStore.ts	57	60
brief	live	src/Effect4/Program/Packages/KeyValueStoreMemory.lean	59	full	vendor/effect-4.0.0-rc.112/src/unstable/persistence/KeyValueStore.ts	unstable/persistence/KeyValueStore.ts	86	89	full	unnamed	same		persistence/KeyValueStore.ts	88	91
brief	live	src/Effect4/Program/Packages/SqliteBun.lean	18	full	vendor/effect-4.0.0-rc.112/src/unstable/sql/Statement.ts	unstable/sql/Statement.ts	71	71	full	named	same		sql/Statement.ts	76	76
brief	live	src/Effect4/Program/Packages/SqliteBun.lean	18	cont	:442-445	unstable/sql/Statement.ts	442	445	block	named;also:global=internal/effect.ts	same		sql/Statement.ts	489	492
brief	live	src/Effect4/Program/Packages/SqliteBun.lean	18	cont	:1383-1391	unstable/sql/Statement.ts	1383	1391	block	named;also:global=internal/effect.ts	same		sql/Statement.ts	1460	1468
brief	live	src/Effect4/Program/Packages/SqliteBun.lean	49	bare	unstable/sql/SqlClient.ts	unstable/sql/SqlClient.ts	95	95	exact	unnamed	same		sql/SqlClient.ts	100	100
brief	live	src/Effect4/Program/Packages/SqliteBun.lean	68	full	vendor/effect-4.0.0-rc.112/src/unstable/sql/SqlClient.ts	unstable/sql/SqlClient.ts	95	95	full	unnamed	same		sql/SqlClient.ts	100	100
brief	live	src/Effect4/Program/Packages/SqliteBun.lean	73	full	vendor/effect-4.0.0-rc.112/src/unstable/sql/Statement.ts	unstable/sql/Statement.ts	442	445	full	unnamed	same		sql/Statement.ts	489	492
brief	live	src/Effect4/Program/Packages/SqliteBun.lean	77	full	vendor/effect-4.0.0-rc.112/src/unstable/sql/SqlClient.ts	unstable/sql/SqlClient.ts	39	84	full	unnamed	same		sql/SqlClient.ts	43	88
brief	live	src/Effect4/Program/Provision.lean	20	full	vendor/effect-4.0.0-rc.112/src/Layer.ts	Layer.ts	2089	2089	full	named	same		Layer.ts	2086	2086
brief	live	src/Effect4/Program/Provision.lean	22	bare	Layer.ts	Layer.ts	54	54	exact	exact	same		Layer.ts	54	54
brief	live	src/Effect4/Program/Provision.lean	25	bare	unstable/httpapi/HttpApiMiddleware.ts	unstable/httpapi/HttpApiMiddleware.ts	199	199	exact	exact	same		http-api/HttpApiMiddleware.ts	211	211
brief	live	src/Effect4/Program/Provision.lean	33	bare	internal/layer.ts	internal/layer.ts	8	22	exact	exact	same		internal/layer.ts	8	22
brief	live	src/Effect4/Program/Provision.lean	61	bare	Layer.ts	Layer.ts	54	54	exact	exact	same		Layer.ts	54	54
brief	live	src/Effect4/Program/Provision.lean	247	bare	internal/layer.ts	internal/layer.ts	8	22	exact	exact	same		internal/layer.ts	8	22
brief	live	src/Effect4/Program/Provision.lean	255	bare	internal/layer.ts	internal/layer.ts	14	14	exact	exact	same		internal/layer.ts	14	14
brief	live	src/Effect4/Program/Provision.lean	309	bare	Layer.ts	Layer.ts	1600	1600	exact	named	same		Layer.ts	1597	1597
brief	live	src/Effect4/Program/Provision.lean	343	bare	Layer.ts	Layer.ts	1600	1600	exact	named	same		Layer.ts	1597	1597
brief	live	src/Effect4/Program/Provision.lean	355	bare	Context.ts	Context.ts	485	485	exact	exact	same		Context.ts	485	485
brief	live	src/Effect4/Program/Provision.lean	355	cont	:2002	Context.ts	2002	2002	block	named	same		Context.ts	2035	2035
brief	live	src/Effect4/Program/Provision.lean	356	bare	Context.ts	Context.ts	1636	1636	exact	named	same		Context.ts	1669	1669
brief	live	src/Effect4/Program/Provision.lean	358	bare	ConfigProvider.ts	ConfigProvider.ts	341	341	exact	exact	same		ConfigProvider.ts	342	342
brief	live	src/Effect4/Program/Provision.lean	359	bare	Config.ts	Config.ts	108	108	exact	named	same		Config.ts	108	108
brief	live	src/Effect4/Program/Provision.lean	434	bare	internal/effect.ts	internal/effect.ts	2197	2197	exact	named	same		internal/effect.ts	2302	2302
brief	live	src/Effect4/Program/Provision.lean	436	bare	Layer.ts	Layer.ts	762	762	exact	named	same		Layer.ts	760	760
brief	live	src/Effect4/Program/Provision.lean	447	bare	internal/layer.ts	internal/layer.ts	8	22	exact	named	same		internal/layer.ts	8	22
brief	live	src/Effect4/Program/Provision.lean	583	bare	internal/effect.ts	internal/effect.ts	2134	2134	exact	named	same		internal/effect.ts	2237	2237
brief	live	src/Effect4/Program/Provision.lean	583	cont	:670-674	internal/effect.ts	670	674	block	unconfirmed	same		internal/effect.ts	665	669
brief	live	src/Effect4/Program/Provision.lean	644	bare	Scheduler.ts	Scheduler.ts	269	298	exact	exact	same		Scheduler.ts	279	308
brief	live	src/Effect4/Program/Provision.lean	658	bare	Layer.ts	Layer.ts	3327	3327	exact	named	same		Layer.ts	3366	3366
brief	live	src/Effect4/Program/Provision.lean	658	bare	internal/effect.ts	internal/effect.ts	3289	3289	exact	named	same		internal/effect.ts	3395	3395
brief	live	src/Effect4/Program/Refs.lean	18	bare	Layer.ts	Layer.ts	411	411	exact	unnamed	removed	code	Layer.ts		
brief	live	src/Effect4/Program/Refs.lean	18	cont	:438	Layer.ts	438	438	block	named;also:global=internal/effect.ts,plain=src/Effect4/Machine/Stores.lean	same		Layer.ts	422	422
brief	live	src/Effect4/Program/Stream.lean	8	full	vendor/effect-4.0.0-rc.112/src/Stream.ts	Stream.ts	0	0	full	n/a	file-only		Stream.ts		
brief	live	src/Effect4/Program/Stream.lean	23	full	vendor/effect-4.0.0-rc.112/src/Stream.ts	Stream.ts	19200	19225	full	unnamed	same		Stream.ts	20069	20094
brief	live	src/Effect4/Program/Stream.lean	33	full	vendor/effect-4.0.0-rc.112/src/Stream.ts	Stream.ts	19200	19225	full	unnamed	same		Stream.ts	20069	20094
brief	live	src/Effect4/Program/Stream.lean	42	full	vendor/effect-4.0.0-rc.112/src/Scope.ts	Scope.ts	545	567	full	unnamed	changed	erased	Scope.ts	568	595
brief	live	src/Effect4/Program/Ty.lean	36	bare	Result.ts	Result.ts	66	66	exact	exact	same		Result.ts	66	66
brief	live	src/Effect4/Program/Ty.lean	40	bare	Exit.ts	Exit.ts	59	59	exact	exact	same		Exit.ts	59	59
brief	live	src/Effect4/Program/Ty.lean	42	bare	Fiber.ts	Fiber.ts	70	70	exact	exact	same		Fiber.ts	71	71
brief	live	src/Effect4/Program/Ty.lean	44	bare	Cause.ts	Cause.ts	75	75	exact	exact	same		Cause.ts	75	75
brief	live	src/Effect4/Program/Ty.lean	262	bare	Duration.ts	Duration.ts	84	84	exact	exact	same		Duration.ts	84	84
brief	live	src/Effect4/Program/Ty.lean	266	bare	DateTime.ts	DateTime.ts	37	37	exact	exact	same		DateTime.ts	37	37
brief	live	src/Effect4/Program/Ty.lean	270	bare	Take.ts	Take.ts	29	29	exact	exact	same		Take.ts	29	29
brief	live	src/Effect4/Program/Ty.lean	703	bare	Ref.ts	Ref.ts	59	59	exact	unnamed	same		Ref.ts	59	59
brief	live	src/Effect4/Program/Ty.lean	703	bare	Deferred.ts	Deferred.ts	58	58	exact	named	same		Deferred.ts	58	58
brief	live	src/Effect4/Program/Ty.lean	1401	bare	Chunk.ts	Chunk.ts	51	51	exact	exact	same		Chunk.ts	52	52
brief	live	src/Effect4/Program/TyCore.lean	66	bare	Effect.ts	Effect.ts	12930	12930	exact	exact	same		Effect.ts	13055	13055
brief	live	src/Effect4/Program/Typing.lean	40	bare	Layer.ts	Layer.ts	1652	1652	exact	named	same		Layer.ts	1649	1649
brief	live	src/Effect4/Program/Typing/Blame.lean	50	bare	Effect.ts	Effect.ts	12930	12930	exact	named	same		Effect.ts	13055	13055
brief	live	src/Effect4/Program/Typing/Rules.lean	257	cont	:1184	Layer.ts	1184	1184	dominant	named;also:global=internal/effect.ts	same-comment		Layer.ts	1182	1182
brief	live	src/Effect4/Program/Typing/Rules.lean	310	bare	Layer.ts	Layer.ts	54	54	exact	exact	same		Layer.ts	54	54
brief	live	src/Effect4/Program/Typing/Rules.lean	323	bare	Layer.ts	Layer.ts	54	54	exact	exact	same		Layer.ts	54	54
brief	live	src/Effect4/Program/Typing/Rules.lean	332	bare	Layer.ts	Layer.ts	2258	2258	exact	exact	same		Layer.ts	2255	2255
brief	live	src/Effect4/Program/Typing/Rules.lean	338	bare	Layer.ts	Layer.ts	2704	2704	exact	exact	same		Layer.ts	2701	2701
brief	live	src/Effect4/Program/Typing/Rules.lean	344	bare	Layer.ts	Layer.ts	1850	1850	exact	exact	same		Layer.ts	1847	1847
brief	live	src/Effect4/Program/Typing/Rules.lean	349	bare	Layer.ts	Layer.ts	3327	3327	exact	exact	same		Layer.ts	3366	3366
brief	live	src/Effect4/Program/Typing/Rules.lean	359	bare	Layer.ts	Layer.ts	1438	1438	exact	exact	same		Layer.ts	1436	1436
brief	live	src/Effect4/Program/Typing/Rules.lean	360	cont	:1512	Layer.ts	1512	1512	block	named	same		Layer.ts	1510	1510
brief	live	src/Effect4/Schema/Bridge.lean	43	bare	Schema.ts	Schema.ts	8298	8304	exact	exact	same		Schema.ts	7645	7651
brief	live	src/Effect4/Schema/Bridge.lean	51	bare	Schema.ts	Schema.ts	10844	10853	exact	exact	moved		Schema.ts	9019	9028
brief	live	src/Effect4/Schema/Bridge.lean	52	bare	SchemaAST.ts	SchemaAST.ts	4352	4362	exact	named	same		SchemaAST.ts	5167	5177
brief	live	src/Effect4/Schema/Codec.lean	19	full	vendor/effect-4.0.0-rc.112/src/Schema.ts	Schema.ts	0	0	full	n/a	file-only		Schema.ts		
brief	live	src/Effect4/Schema/Document.lean	113	bare	SchemaRepresentation.ts	SchemaRepresentation.ts	1096	1096	exact	exact	same		SchemaRepresentation.ts	2780	2780
brief	live	src/Effect4/Schema/Document.lean	114	cont	:1068	SchemaRepresentation.ts	1068	1068	block	exact	same		SchemaRepresentation.ts	2752	2752
brief	live	src/Effect4/Schema/Document.lean	129	bare	SchemaRepresentation.ts	SchemaRepresentation.ts	480	483	exact	unnamed	same		SchemaRepresentation.ts	536	539
brief	live	src/Effect4/Schema/Document.lean	129	cont	:1098-1103	SchemaRepresentation.ts	1098	1103	block	unconfirmed	same		SchemaRepresentation.ts	2782	2787
brief	live	src/Effect4/Schema/Document.lean	141	bare	SchemaRepresentation.ts	SchemaRepresentation.ts	491	494	exact	named	same		SchemaRepresentation.ts	547	550
brief	live	src/Effect4/Schema/Document.lean	141	cont	:1105-1110	SchemaRepresentation.ts	1105	1110	block	named	same		SchemaRepresentation.ts	2789	2794
brief	live	src/Effect4/Schema/Document.lean	143	cont	:1107	SchemaRepresentation.ts	1107	1107	block	named	same		SchemaRepresentation.ts	2791	2791
brief	live	src/Effect4/Schema/Representation.lean	239	bare	SchemaRepresentation.ts	SchemaRepresentation.ts	998	998	exact	unnamed	same		SchemaRepresentation.ts	2680	2680
brief	live	src/Effect4/Schema/Representation.lean	239	bare	SchemaRepresentation.ts	SchemaRepresentation.ts	1005	1007	exact	unnamed	same		SchemaRepresentation.ts	2687	2689
brief	live	src/Effect4/Schema/Representation.lean	239	cont	:998-999	SchemaRepresentation.ts	998	999	block	named	same		SchemaRepresentation.ts	2680	2681
brief	live	src/Effect4/Schema/Representation.lean	240	cont	:1020	SchemaRepresentation.ts	1020	1020	block	unconfirmed	same		SchemaRepresentation.ts	2702	2702
brief	live	src/Effect4/Schema/Representation.lean	240	cont	:1041-1043	SchemaRepresentation.ts	1041	1043	block	named	same		SchemaRepresentation.ts	2723	2725
brief	live	src/Effect4/Schema/Representation.lean	427	bare	SchemaRepresentation.ts	SchemaRepresentation.ts	1005	1005	exact	named	same		SchemaRepresentation.ts	2687	2687
brief	live	src/Effect4/Schema/Representation.lean	428	cont	:999	SchemaRepresentation.ts	999	999	block	exact	same		SchemaRepresentation.ts	2681	2681
brief	live	src/Effect4/Schema/Representation.lean	428	cont	:1020	SchemaRepresentation.ts	1020	1020	block	exact	same		SchemaRepresentation.ts	2702	2702
brief	live	src/Effect4/Schema/Representation.lean	465	bare	SchemaRepresentation.ts	SchemaRepresentation.ts	1013	1013	exact	exact	same		SchemaRepresentation.ts	2695	2695
brief	live	src/Effect4/Schema/Representation.lean	676	bare	SchemaRepresentation.ts	SchemaRepresentation.ts	461	461	exact	exact	same		SchemaRepresentation.ts	517	517
brief	live	src/Effect4/Schema/Representation.lean	676	cont	:966	SchemaRepresentation.ts	966	966	block	named	same		SchemaRepresentation.ts	2648	2648
brief	live	src/Effect4/Schema/Representation.lean	677	cont	:37	SchemaRepresentation.ts	37	37	block	exact	same		SchemaRepresentation.ts	36	36
brief	live	src/Effect4/Schema/Representation.lean	677	cont	:924	SchemaRepresentation.ts	924	924	block	exact	same		SchemaRepresentation.ts	2604	2604
brief	live	src/Effect4/Schema/Representation.lean	678	cont	:958	SchemaRepresentation.ts	958	958	block	named	same		SchemaRepresentation.ts	2640	2640
brief	live	src/Effect4/Schema/Representation.lean	701	cont	:146	SchemaRepresentation.ts	146	146	carry	exact	same		SchemaRepresentation.ts	197	197
brief	live	src/Effect4/Schema/Representation.lean	702	cont	:979	SchemaRepresentation.ts	979	979	carry	named	same		SchemaRepresentation.ts	2661	2661
brief	live	src/Effect4/Schema/Representation.lean	766	cont	:446	SchemaRepresentation.ts	446	446	carry	named	same		SchemaRepresentation.ts	502	502
brief	live	src/Effect4/Schema/Representation.lean	766	cont	:958	SchemaRepresentation.ts	958	958	carry	named	same		SchemaRepresentation.ts	2640	2640
brief	live	src/Effect4/Schema/Representation.lean	768	cont	:459	SchemaRepresentation.ts	459	459	carry	named	same		SchemaRepresentation.ts	515	515
brief	live	src/Effect4/Schema/Representation.lean	768	cont	:964	SchemaRepresentation.ts	964	964	carry	named;also:global=internal/effect.ts	same		SchemaRepresentation.ts	2646	2646
brief	live	src/Effect4/Schema/Representation.lean	770	cont	:460	SchemaRepresentation.ts	460	460	carry	exact	same		SchemaRepresentation.ts	516	516
brief	live	src/Effect4/Schema/Representation.lean	770	cont	:965	SchemaRepresentation.ts	965	965	carry	exact;also:global=internal/effect.ts	same		SchemaRepresentation.ts	2647	2647
brief	live	src/OCaml5/Lcnf/Dump.lean	12	cont	:218	-	218	218	block:PhaseExt.lean	outside	not-a-pin-citation				
brief	live	src/OCaml5/Ml/Check.lean	63	cont	:636-639	-	636	639	block:bytegen.ml	outside	not-a-pin-citation				
brief	live	src/OCaml5/Ml/Check.lean	64	cont	:910-911	-	910	911	block:bytegen.ml	outside;also:global=internal/effect.ts	not-a-pin-citation				
brief	live	src/OCaml5/Ml/Check.lean	65	cont	:78-83	-	78	83	block:bytegen.ml	outside	not-a-pin-citation				
brief	live	src/OCaml5/Ml/Check.lean	66	cont	:895-907	-	895	907	block:bytegen.ml	outside;also:global=internal/effect.ts	not-a-pin-citation				
brief	live	src/OCaml5/Ml/Syntax.lean	290	cont	:110-160	-	110	160	block:effect.ml	outside	not-a-pin-citation				
brief	live	tools/Drivers/TsGen.lean	772	full	vendor/effect-4.0.0-rc.112/src/unstable/sql/SqlClient.ts	unstable/sql/SqlClient.ts	0	0	full	n/a	file-only		sql/SqlClient.ts		
brief	live	tools/Drivers/TsGen.lean	773	full	vendor/effect-4.0.0-rc.112/src/unstable/sql/Statement.ts	unstable/sql/Statement.ts	0	0	full	n/a	file-only		sql/Statement.ts		
brief	live	tools/Drivers/TsGen.lean	774	full	vendor/effect-4.0.0-rc.112/src/unstable/persistence/KeyValueStore.ts	unstable/persistence/KeyValueStore.ts	0	0	full	n/a	file-only		persistence/KeyValueStore.ts		
brief	live	tools/Effect4Gen/View.lean	336	cont	:1140-1160	-	1140	1160	block:P2Ty.lean	outside	not-a-pin-citation				
brief	live	tools/Effect4Gen/variances.json	23	full	vendor/effect-4.0.0-rc.112/src/Option.ts	Option.ts	75	75	full	unnamed	same		Option.ts	75	75
brief	live	tools/Effect4Gen/variances.json	23	full	vendor/effect-4.0.0-rc.112/src/Option.ts	Option.ts	128	128	full	unnamed	same		Option.ts	128	128
brief	live	tools/Effect4Gen/variances.json	26	full	vendor/effect-4.0.0-rc.112/src/Option.ts	Option.ts	55	55	full	unnamed	same		Option.ts	55	55
brief	live	tools/Effect4Gen/variances.json	50	full	vendor/effect-4.0.0-rc.112/src/Exit.ts	Exit.ts	118	118	full	unnamed	same		Exit.ts	118	118
brief	live	tools/Effect4Gen/variances.json	50	full	vendor/effect-4.0.0-rc.112/src/Exit.ts	Exit.ts	154	154	full	unnamed	same		Exit.ts	154	154
brief	live	tools/Effect4Gen/variances.json	53	full	vendor/effect-4.0.0-rc.112/src/Exit.ts	Exit.ts	59	59	full	unnamed	same		Exit.ts	59	59
brief	live	tools/Effect4Gen/variances.json	60	full	vendor/effect-4.0.0-rc.112/src/Cause.ts	Cause.ts	75	75	full	unnamed	same		Cause.ts	75	75
brief	live	tools/Effect4Gen/variances.json	67	full	vendor/effect-4.0.0-rc.112/src/Fiber.ts	Fiber.ts	70	70	full	unnamed	same		Fiber.ts	71	71
brief	live	tools/Effect4Gen/variances.json	80	full	vendor/effect-4.0.0-rc.112/src/Ref.ts	Ref.ts	59	59	full	unnamed	same		Ref.ts	59	59
brief	live	tools/Effect4Gen/variances.json	87	full	vendor/effect-4.0.0-rc.112/src/Deferred.ts	Deferred.ts	58	58	full	unnamed	same		Deferred.ts	58	58
brief	live	tools/Effect4Gen/variances.json	99	bare	HashMap.ts	HashMap.ts	50	50	exact	exact	same		HashMap.ts	50	50
brief	live	tools/Effect4Gen/variances.json	123	full	vendor/effect-4.0.0-rc.112/src/Ref.ts	Ref.ts	59	59	full	unnamed	same		Ref.ts	59	59
brief	live	tools/Effect4Gen/variances.json	134	full	vendor/effect-4.0.0-rc.112/src/Deferred.ts	Deferred.ts	58	58	full	unnamed	same		Deferred.ts	58	58
brief	live	tools/Effect4Gen/variances.json	144	full	vendor/effect-4.0.0-rc.112/src/Fiber.ts	Fiber.ts	70	70	full	unnamed	same		Fiber.ts	71	71
brief	live	tools/Effect4Gen/variances.json	152	full	vendor/effect-4.0.0-rc.112/src/Cause.ts	Cause.ts	75	75	full	unnamed	same		Cause.ts	75	75
brief	live	tools/Effect4Gen/variances.json	165	full	vendor/effect-4.0.0-rc.112/src/Cause.ts	Cause.ts	361	361	full	unnamed	same		Cause.ts	361	361
brief	live	tools/Effect4Gen/variances.json	170	full	vendor/effect-4.0.0-rc.112/src/Cause.ts	Cause.ts	326	326	full	unnamed	same		Cause.ts	326	326
brief	live	tools/Effect4Gen/variances.json	175	full	vendor/effect-4.0.0-rc.112/src/Cause.ts	Cause.ts	388	388	full	unnamed	same		Cause.ts	388	388
brief	live	tools/Effect4Gen/variances.json	176	full	vendor/effect-4.0.0-rc.112/src/Cause.ts	Cause.ts	144	144	full	unnamed	same		Cause.ts	144	144
brief	live	tools/Effect4Gen/variances.json	184	full	vendor/effect-4.0.0-rc.112/src/Cause.ts	Cause.ts	326	326	full	unnamed	same		Cause.ts	326	326
brief	live	tools/Effect4Gen/variances.json	192	full	vendor/effect-4.0.0-rc.112/src/Cause.ts	Cause.ts	361	361	full	unnamed	same		Cause.ts	361	361
brief	live	tools/Effect4Gen/variances.json	200	full	vendor/effect-4.0.0-rc.112/src/Cause.ts	Cause.ts	388	388	full	unnamed	same		Cause.ts	388	388
brief	live	tools/Effect4Gen/variances.json	208	full	vendor/effect-4.0.0-rc.112/src/Cause.ts	Cause.ts	1267	1267	full	unnamed	same		Cause.ts	1267	1267
brief	live	tools/Effect4Gen/variances.json	216	full	vendor/effect-4.0.0-rc.112/src/Cause.ts	Cause.ts	1319	1319	full	unnamed	same		Cause.ts	1319	1319
brief	live	tools/Effect4Gen/variances.json	224	full	vendor/effect-4.0.0-rc.112/src/Cause.ts	Cause.ts	1408	1408	full	unnamed	same		Cause.ts	1408	1408
brief	live	tools/Effect4Gen/variances.json	232	full	vendor/effect-4.0.0-rc.112/src/Cause.ts	Cause.ts	1513	1513	full	unnamed	same		Cause.ts	1513	1513
brief	live	tools/Effect4Gen/variances.json	240	full	vendor/effect-4.0.0-rc.112/src/Cause.ts	Cause.ts	1570	1570	full	unnamed	same		Cause.ts	1570	1570
brief	live	tools/Effect4Gen/variances.json	248	full	vendor/effect-4.0.0-rc.112/src/Cause.ts	Cause.ts	1632	1632	full	unnamed	same		Cause.ts	1632	1632
brief	live	tools/Effect4Gen/variances.json	256	full	vendor/effect-4.0.0-rc.112/src/Cause.ts	Cause.ts	1716	1716	full	unnamed	same		Cause.ts	1716	1716
brief	live	tools/Effect4Gen/variances.json	264	full	vendor/effect-4.0.0-rc.112/src/Cause.ts	Cause.ts	1785	1785	full	unnamed	same		Cause.ts	1785	1785
brief	live	tools/Effect4Gen/variances.json	281	full	vendor/effect-4.0.0-rc.112/src/Exit.ts	Exit.ts	118	118	full	unnamed	same		Exit.ts	118	118
brief	live	tools/Effect4Gen/variances.json	288	full	vendor/effect-4.0.0-rc.112/src/Exit.ts	Exit.ts	154	154	full	unnamed	same		Exit.ts	154	154
brief	live	tools/Effect4Gen/variances.json	289	full	vendor/effect-4.0.0-rc.112/src/Exit.ts	Exit.ts	59	59	full	unnamed	same		Exit.ts	59	59
brief	live	tools/Effect4Gen/variances.json	299	full	vendor/effect-4.0.0-rc.112/src/Exit.ts	Exit.ts	118	118	full	unnamed	same		Exit.ts	118	118
brief	live	tools/Effect4Gen/variances.json	309	full	vendor/effect-4.0.0-rc.112/src/Exit.ts	Exit.ts	154	154	full	unnamed	same		Exit.ts	154	154
brief	live	tools/Effect4Gen/variances.json	317	full	vendor/effect-4.0.0-rc.112/src/Effect.ts	Effect.ts	83	83	full	unnamed	same		Effect.ts	82	82
brief	live	tools/Effect4Gen/variances.json	329	full	vendor/effect-4.0.0-rc.112/src/Effect.ts	Effect.ts	117	117	full	unnamed	same		Effect.ts	116	116
brief	live	tools/Effect4Gen/variances.json	337	full	vendor/effect-4.0.0-rc.112/src/Effect.ts	Effect.ts	131	131	full	unnamed	same		Effect.ts	130	130
brief	live	tools/Effect4Gen/variances.json	345	full	vendor/effect-4.0.0-rc.112/src/Effect.ts	Effect.ts	144	144	full	unnamed	same		Effect.ts	143	143
brief	live	tools/Effect4Gen/variances.json	356	full	vendor/effect-4.0.0-rc.112/src/Effect.ts	Effect.ts	154	154	full	unnamed	same		Effect.ts	153	153
brief	live	tools/Effect4Gen/variances.json	373	full	vendor/effect-4.0.0-rc.112/src/Effect.ts	Effect.ts	117	117	full	unnamed	same		Effect.ts	116	116
brief	live	tools/Effect4Gen/variances.json	374	full	vendor/effect-4.0.0-rc.112/src/Effect.ts	Effect.ts	174	174	full	unnamed	same		Effect.ts	173	173
brief	live	tools/Effect4Gen/variances.json	391	full	vendor/effect-4.0.0-rc.112/src/Effect.ts	Effect.ts	117	117	full	unnamed	same		Effect.ts	116	116
brief	live	tools/Effect4Gen/variances.json	392	full	vendor/effect-4.0.0-rc.112/src/Effect.ts	Effect.ts	195	195	full	unnamed	same		Effect.ts	194	194
brief	live	tools/Effect4Gen/variances.json	409	full	vendor/effect-4.0.0-rc.112/src/Effect.ts	Effect.ts	117	117	full	unnamed	same		Effect.ts	116	116
brief	live	tools/Effect4Gen/variances.json	410	full	vendor/effect-4.0.0-rc.112/src/Effect.ts	Effect.ts	212	212	full	unnamed	same		Effect.ts	211	211
brief	live	tools/Effect4Gen/variances.json	418	full	vendor/effect-4.0.0-rc.112/src/Effect.ts	Effect.ts	245	245	full	unnamed	same		Effect.ts	244	244
brief	live	tools/Effect4Gen/variances.json	426	full	vendor/effect-4.0.0-rc.112/src/Effect.ts	Effect.ts	5149	5149	full	unnamed	same		Effect.ts	5309	5309
brief	live	tools/Effect4Gen/variances.json	434	full	vendor/effect-4.0.0-rc.112/src/Effect.ts	Effect.ts	17276	17276	full	unnamed	same		Effect.ts	17810	17810
brief	live	tools/Effect4Gen/variances.json	442	full	vendor/effect-4.0.0-rc.112/src/Scope.ts	Scope.ts	45	45	full	unnamed	same		Scope.ts	45	45
brief	live	tools/Effect4Gen/variances.json	450	full	vendor/effect-4.0.0-rc.112/src/Scope.ts	Scope.ts	73	73	full	unnamed	same		Scope.ts	74	74
brief	live	tools/Effect4Gen/variances.json	458	full	vendor/effect-4.0.0-rc.112/src/Context.ts	Context.ts	32	32	full	unnamed	same		Context.ts	32	32
brief	live	tools/Effect4Gen/variances.json	469	full	vendor/effect-4.0.0-rc.112/src/Context.ts	Context.ts	64	64	full	unnamed	same		Context.ts	64	64
brief	live	tools/Effect4Gen/variances.json	480	full	vendor/effect-4.0.0-rc.112/src/Context.ts	Context.ts	98	98	full	unnamed	same		Context.ts	98	98
brief	live	tools/Effect4Gen/variances.json	492	full	vendor/effect-4.0.0-rc.112/src/Context.ts	Context.ts	123	123	full	unnamed	same		Context.ts	123	123
brief	live	tools/Effect4Gen/variances.json	500	full	vendor/effect-4.0.0-rc.112/src/Context.ts	Context.ts	485	485	full	unnamed	same		Context.ts	485	485
brief	live	tools/Effect4Gen/variances.json	509	full	vendor/effect-4.0.0-rc.112/src/Context.ts	Context.ts	617	617	full	unnamed	same		Context.ts	617	617
brief	live	tools/Effect4Gen/variances.json	521	full	vendor/effect-4.0.0-rc.112/src/Layer.ts	Layer.ts	54	54	full	unnamed	same		Layer.ts	54	54
brief	live	tools/Effect4Gen/variances.json	529	full	vendor/effect-4.0.0-rc.112/src/Layer.ts	Layer.ts	74	74	full	unnamed	same		Layer.ts	74	74
brief	live	tools/Effect4Gen/variances.json	537	full	vendor/effect-4.0.0-rc.112/src/Layer.ts	Layer.ts	90	90	full	unnamed	same		Layer.ts	90	90
brief	live	tools/Effect4Gen/variances.json	548	full	vendor/effect-4.0.0-rc.112/src/Layer.ts	Layer.ts	98	98	full	unnamed	same		Layer.ts	98	98
brief	live	tools/Effect4Gen/variances.json	556	full	vendor/effect-4.0.0-rc.112/src/Layer.ts	Layer.ts	127	127	full	unnamed	same		Layer.ts	127	127
brief	live	tools/Effect4Gen/variances.json	564	full	vendor/effect-4.0.0-rc.112/src/Layer.ts	Layer.ts	148	148	full	unnamed	same		Layer.ts	148	148
brief	live	tools/Effect4Gen/variances.json	582	full	vendor/effect-4.0.0-rc.112/src/Layer.ts	Layer.ts	54	54	full	unnamed	same		Layer.ts	54	54
brief	live	tools/Effect4Gen/variances.json	583	full	vendor/effect-4.0.0-rc.112/src/Layer.ts	Layer.ts	165	165	full	unnamed	same		Layer.ts	165	165
brief	live	tools/Effect4Gen/variances.json	601	full	vendor/effect-4.0.0-rc.112/src/Layer.ts	Layer.ts	54	54	full	unnamed	same		Layer.ts	54	54
brief	live	tools/Effect4Gen/variances.json	602	full	vendor/effect-4.0.0-rc.112/src/Layer.ts	Layer.ts	180	180	full	unnamed	same		Layer.ts	180	180
brief	live	tools/Effect4Gen/variances.json	610	full	vendor/effect-4.0.0-rc.112/src/Layer.ts	Layer.ts	222	222	full	unnamed	same		Layer.ts	222	222
brief	live	tools/Effect4Gen/variances.json	618	full	vendor/effect-4.0.0-rc.112/src/Layer.ts	Layer.ts	3920	3920	full	unnamed	same		Layer.ts	3959	3959
brief	live	tools/Effect4Gen/variances.json	626	full	vendor/effect-4.0.0-rc.112/src/Layer.ts	Layer.ts	4279	4279	full	unnamed	same		Layer.ts	4318	4318
brief	live	tools/Effect4Gen/variances.json	636	full	vendor/effect-4.0.0-rc.112/src/Queue.ts	Queue.ts	167	167	full	unnamed	same		Queue.ts	168	168
brief	live	tools/Effect4Gen/variances.json	646	full	vendor/effect-4.0.0-rc.112/src/Queue.ts	Queue.ts	235	235	full	unnamed	same		Queue.ts	236	236
brief	live	tools/Effect4Gen/variances.json	657	full	vendor/effect-4.0.0-rc.112/src/Queue.ts	Queue.ts	303	303	full	unnamed	same		Queue.ts	304	304
brief	live	tools/Effect4Gen/variances.json	665	full	vendor/effect-4.0.0-rc.112/src/PubSub.ts	PubSub.ts	64	64	full	unnamed	same		PubSub.ts	66	66
brief	live	tools/Effect4Gen/variances.json	673	full	vendor/effect-4.0.0-rc.112/src/PubSub.ts	PubSub.ts	236	236	full	unnamed	same		PubSub.ts	265	265
brief	live	tools/Effect4Gen/variances.json	686	full	vendor/effect-4.0.0-rc.112/src/Option.ts	Option.ts	75	75	full	unnamed	same		Option.ts	75	75
brief	live	tools/Effect4Gen/variances.json	691	full	vendor/effect-4.0.0-rc.112/src/Option.ts	Option.ts	128	128	full	unnamed	same		Option.ts	128	128
brief	live	tools/Effect4Gen/variances.json	692	full	vendor/effect-4.0.0-rc.112/src/Option.ts	Option.ts	55	55	full	unnamed	same		Option.ts	55	55
brief	live	tools/Effect4Gen/variances.json	700	full	vendor/effect-4.0.0-rc.112/src/Option.ts	Option.ts	75	75	full	unnamed	same		Option.ts	75	75
brief	live	tools/Effect4Gen/variances.json	708	full	vendor/effect-4.0.0-rc.112/src/Option.ts	Option.ts	102	102	full	unnamed	same		Option.ts	102	102
brief	live	tools/Effect4Gen/variances.json	716	full	vendor/effect-4.0.0-rc.112/src/Option.ts	Option.ts	128	128	full	unnamed	same		Option.ts	128	128
brief	live	tools/Effect4Gen/variances.json	724	full	vendor/effect-4.0.0-rc.112/src/Option.ts	Option.ts	158	158	full	unnamed	same		Option.ts	158	158
brief	live	tools/Effect4Gen/variances.json	732	full	vendor/effect-4.0.0-rc.112/src/Option.ts	Option.ts	211	211	full	unnamed	same		Option.ts	211	211
brief	live	tools/Effect4Gen/variances.json	740	full	vendor/effect-4.0.0-rc.112/src/Option.ts	Option.ts	224	224	full	unnamed	same		Option.ts	224	224
brief	live	tools/Tools/SemanticsRegistry.lean	629	bare	Effect.ts	Effect.ts	17494	17497	exact	unnamed	same		Effect.ts	18028	18031
brief	live	tools/Tools/SemanticsRegistry.lean	677	bare	Effect.ts	Effect.ts	17494	17497	exact	unnamed	same		Effect.ts	18028	18031
brief	live	tools/Tools/SemanticsRegistry.lean	702	bare	Effect.ts	Effect.ts	17494	17497	exact	unnamed	same		Effect.ts	18028	18031
brief	live	tools/Tools/Variances.lean	11	bare	Ref.ts	Ref.ts	59	59	exact	named	same		Ref.ts	59	59
brief	live	tools/Tools/Variances.lean	11	bare	Fiber.ts	Fiber.ts	70	70	exact	exact	same		Fiber.ts	71	71
brief	live	tools/Tools/Variances.lean	12	bare	Layer.ts	Layer.ts	54	54	exact	exact	same		Layer.ts	54	54
brief	live	tools/Tools/Variances.lean	34	bare	Exit.ts	Exit.ts	59	59	exact	exact	same		Exit.ts	59	59
brief	live	tools/Tools/Variances.lean	34	bare	Option.ts	Option.ts	55	55	exact	exact	same		Option.ts	55	55
brief	live	tools/Tools/Variances.lean	39	bare	Exit.ts	Exit.ts	118	118	exact	exact	same		Exit.ts	118	118
brief	live	tools/Tools/Variances.lean	39	cont	:154	Exit.ts	154	154	block	exact;also:dominant=src/Effect4/Program/Ty.lean,plain=tools/Effect4Gen/variances.json	same		Exit.ts	154	154
brief	live	tools/Tools/Variances.lean	40	bare	Option.ts	Option.ts	75	75	exact	exact	same		Option.ts	75	75
brief	live	tools/Tools/Variances.lean	40	cont	:128	Option.ts	128	128	block	exact;also:plain=tools/Tools/Variances.lean,plain=tools/Effect4Gen/variances.json	same		Option.ts	128	128
brief	live	tools/Tools/Variances.lean	176	bare	Types.ts	Types.ts	672	672	exact	exact	same		Types.ts	687	687
brief	live	tools/Tools/Variances.lean	406	bare	HashMap.ts	HashMap.ts	50	50	exact	unnamed	same		HashMap.ts	50	50
brief	live	tools/Tools/Variances.lean	588	bare	Exit.ts	Exit.ts	86	86	exact	named	same		Exit.ts	86	86
brief	live	tools/target/rows.ts	37	bare	Deferred.ts	Deferred.ts	1414	1416	exact	exact	same		Deferred.ts	1415	1417
brief	live	tools/target/rows.ts	39	bare	Ref.ts	Ref.ts	306	307	exact	exact	same		Ref.ts	306	307
extended	live	ts/eff/forms.gen.ts	13	bare	internal/effect.ts	internal/effect.ts	1024	1026	exact	unnamed	same		internal/effect.ts	1056	1058
extended	live	ts/eff/forms.gen.ts	13	bare	internal/effect.ts	internal/effect.ts	1018	1018	exact	unnamed	same		internal/effect.ts	1050	1050
extended	live	ts/eff/forms.gen.ts	13	bare	internal/effect.ts	internal/effect.ts	2059	2059	exact	unnamed	same		internal/effect.ts	2161	2161
extended	live	ts/eff/forms.gen.ts	13	bare	internal/effect.ts	internal/effect.ts	1417	1439	exact	unnamed	changed	code	internal/effect.ts	1545	1566
extended	live	ts/eff/forms.gen.ts	13	bare	internal/effect.ts	internal/effect.ts	1417	1439	exact	unnamed	changed	code	internal/effect.ts	1545	1566
extended	live	ts/eff/forms.gen.ts	13	bare	internal/effect.ts	internal/effect.ts	1417	1439	exact	unnamed	changed	code	internal/effect.ts	1545	1566
extended	live	ts/eff/forms.gen.ts	13	bare	internal/effect.ts	internal/effect.ts	1386	1414	exact	unnamed	changed	code	internal/effect.ts	1447	1542
extended	live	ts/eff/forms.gen.ts	13	bare	internal/effect.ts	internal/effect.ts	1467	1467	exact	unnamed	same		internal/effect.ts	1593	1593
extended	live	ts/eff/forms.gen.ts	13	bare	internal/effect.ts	internal/effect.ts	1442	1464	exact	unnamed	changed	code	internal/effect.ts	1569	1590
extended	live	ts/eff/forms.gen.ts	13	bare	internal/effect.ts	internal/effect.ts	1442	1464	exact	unnamed	changed	code	internal/effect.ts	1569	1590
extended	live	ts/eff/forms.gen.ts	13	bare	internal/effect.ts	internal/effect.ts	4043	4057	exact	unnamed	same		internal/effect.ts	4238	4252
extended	live	ts/eff/forms.gen.ts	13	bare	internal/effect.ts	internal/effect.ts	3468	3495	exact	unnamed	changed	code	internal/effect.ts	3624	3645
extended	live	ts/eff/forms.gen.ts	13	bare	internal/effect.ts	internal/effect.ts	3427	3460	exact	unnamed	changed	code	internal/effect.ts	3533	3565
extended	live	ts/eff/forms.gen.ts	13	bare	internal/effect.ts	internal/effect.ts	997	997	exact	unnamed	same		internal/effect.ts	1029	1029
extended	live	ts/eff/forms.gen.ts	13	bare	internal/effect.ts	internal/effect.ts	5228	5284	exact	unnamed	changed	code	internal/effect.ts	5481	5539
extended	live	ts/eff/forms.gen.ts	13	bare	internal/effect.ts	internal/effect.ts	5287	5334	exact	unnamed	changed	code	internal/effect.ts	5542	5591
extended	live	ts/eff/forms.gen.ts	13	bare	internal/effect.ts	internal/effect.ts	5337	5379	exact	unnamed	same		internal/effect.ts	5594	5636
extended	live	ts/eff/forms.gen.ts	13	bare	internal/effect.ts	internal/effect.ts	5382	5406	exact	unnamed	same		internal/effect.ts	5639	5663
extended	live	ts/eff/forms.gen.ts	13	bare	internal/effect.ts	internal/effect.ts	3971	4000	exact	unnamed	same		internal/effect.ts	4134	4163
extended	live	ts/eff/ingest/README.md	182	bare	internal/effect.ts	internal/effect.ts	1024	1026	exact	unnamed	same		internal/effect.ts	1056	1058
extended	live	ts/eff/ingest/README.md	183	bare	internal/effect.ts	internal/effect.ts	1018	1018	exact	unnamed	same		internal/effect.ts	1050	1050
extended	live	ts/eff/ingest/README.md	184	bare	internal/effect.ts	internal/effect.ts	2059	2059	exact	unnamed	same		internal/effect.ts	2161	2161
extended	live	ts/eff/ingest/README.md	185	bare	internal/effect.ts	internal/effect.ts	1417	1439	exact	unnamed	changed	code	internal/effect.ts	1545	1566
extended	live	ts/eff/ingest/README.md	186	bare	internal/effect.ts	internal/effect.ts	1417	1439	exact	unnamed	changed	code	internal/effect.ts	1545	1566
extended	live	ts/eff/ingest/README.md	187	bare	internal/effect.ts	internal/effect.ts	1417	1439	exact	unnamed	changed	code	internal/effect.ts	1545	1566
extended	live	ts/eff/ingest/README.md	188	bare	internal/effect.ts	internal/effect.ts	1386	1414	exact	unnamed	changed	code	internal/effect.ts	1447	1542
extended	live	ts/eff/ingest/README.md	189	bare	internal/effect.ts	internal/effect.ts	1467	1467	exact	unnamed	same		internal/effect.ts	1593	1593
extended	live	ts/eff/ingest/README.md	190	bare	internal/effect.ts	internal/effect.ts	1442	1464	exact	unnamed	changed	code	internal/effect.ts	1569	1590
extended	live	ts/eff/ingest/README.md	191	bare	internal/effect.ts	internal/effect.ts	1442	1464	exact	unnamed	changed	code	internal/effect.ts	1569	1590
extended	live	ts/eff/ingest/README.md	192	bare	internal/effect.ts	internal/effect.ts	4043	4057	exact	unnamed	same		internal/effect.ts	4238	4252
extended	live	ts/eff/ingest/README.md	193	bare	internal/effect.ts	internal/effect.ts	3468	3495	exact	unnamed	changed	code	internal/effect.ts	3624	3645
extended	live	ts/eff/ingest/README.md	194	bare	internal/effect.ts	internal/effect.ts	3427	3460	exact	unnamed	changed	code	internal/effect.ts	3533	3565
extended	live	ts/eff/ingest/README.md	195	bare	internal/effect.ts	internal/effect.ts	997	997	exact	unnamed	same		internal/effect.ts	1029	1029
extended	live	ts/eff/ingest/README.md	196	bare	internal/effect.ts	internal/effect.ts	5228	5284	exact	unnamed	changed	code	internal/effect.ts	5481	5539
extended	live	ts/eff/ingest/README.md	197	bare	internal/effect.ts	internal/effect.ts	5287	5334	exact	unnamed	changed	code	internal/effect.ts	5542	5591
extended	live	ts/eff/ingest/README.md	198	bare	internal/effect.ts	internal/effect.ts	5337	5379	exact	unnamed	same		internal/effect.ts	5594	5636
extended	live	ts/eff/ingest/README.md	199	bare	internal/effect.ts	internal/effect.ts	5382	5406	exact	unnamed	same		internal/effect.ts	5639	5663
extended	live	ts/eff/ingest/README.md	200	bare	internal/effect.ts	internal/effect.ts	3971	4000	exact	unnamed	same		internal/effect.ts	4134	4163
extended	live	ts/eff/ingest/sql-fold.ts	3	full	vendor/effect-4.0.0-rc.112/src/unstable/sql/Statement.ts	unstable/sql/Statement.ts	0	0	full	n/a	file-only		sql/Statement.ts		
extended	live	ts/eff/ingest/sql-fold.ts	54	bare	Statement.ts	unstable/sql/Statement.ts	1101	1108	suffix	exact	same		sql/Statement.ts	1165	1172
extended	live	ts/eff/ingest/sql-fold.ts	54	cont	:1515	unstable/sql/Statement.ts	1515	1515	block	named	same		sql/Statement.ts	1592	1592
extended	live	ts/eff/ingest/sql-fold.ts	66	bare	Statement.ts	unstable/sql/Statement.ts	891	891	suffix	named	same-comment		sql/Statement.ts	953	953
extended	live	ts/eff/ingest/sql-fold.ts	107	bare	Statement.ts	unstable/sql/Statement.ts	648	682	suffix	exact	same		sql/Statement.ts	702	736
extended	live	ts/eff/ingest/sql-fold.ts	126	bare	Statement.ts	unstable/sql/Statement.ts	616	643	suffix	exact	changed	code	sql/Statement.ts	670	695
extended	live	ts/eff/ingest/test/services.test.ts	108	full	vendor/effect-4.0.0-rc.112/src/Context.ts	Context.ts	864	868	full	unnamed	same-comment		Context.ts	866	870
extended	live	ts/eff/ingest/test/services.test.ts	123	full	vendor/effect-4.0.0-rc.112/src/Context.ts	Context.ts	183	185	full	unnamed	same-comment		Context.ts	183	185
extended	live	ts/eff/ingest/test/services.test.ts	138	full	vendor/effect-4.0.0-rc.112/src/unstable/sql/SqlClient.ts	unstable/sql/SqlClient.ts	12	12	full	unnamed	same		sql/SqlClient.ts	14	14
extended	live	ts/eff/ingest/test/services.test.ts	138	full	vendor/effect-4.0.0-rc.112/src/unstable/sql/SqlClient.ts	unstable/sql/SqlClient.ts	95	95	full	unnamed	same		sql/SqlClient.ts	100	100
extended	live	ts/eff/ingest/test/services.test.ts	155	bare	Context.ts	Context.ts	178	180	exact	unnamed	same-comment		Context.ts	178	180
extended	live	ts/eff/ingest/test/sql-fold.test.ts	12	bare	Statement.ts	unstable/sql/Statement.ts	513	542	suffix	unnamed	changed	code	sql/Statement.ts	560	591
extended	live	ts/eff/ingest/test/sql-fold.test.ts	12	cont	:1394-1399	unstable/sql/Statement.ts	1394	1399	block	unconfirmed	same		sql/Statement.ts	1471	1476
extended	live	ts/eff/packages.gen.ts	10	full	vendor/effect-4.0.0-rc.112/src/unstable/sql/SqlClient.ts	unstable/sql/SqlClient.ts	0	0	full	n/a	file-only		sql/SqlClient.ts		
extended	live	ts/eff/packages.gen.ts	11	full	vendor/effect-4.0.0-rc.112/src/unstable/sql/Statement.ts	unstable/sql/Statement.ts	0	0	full	n/a	file-only		sql/Statement.ts		
extended	live	ts/eff/packages.gen.ts	12	full	vendor/effect-4.0.0-rc.112/src/unstable/persistence/KeyValueStore.ts	unstable/persistence/KeyValueStore.ts	0	0	full	n/a	file-only		persistence/KeyValueStore.ts		
extended	live	ts/eff/packages.gen.ts	30	full	vendor/effect-4.0.0-rc.112/src/unstable/sql/SqlClient.ts	unstable/sql/SqlClient.ts	95	95	full	unnamed	same		sql/SqlClient.ts	100	100
extended	live	ts/eff/packages.gen.ts	30	full	vendor/effect-4.0.0-rc.112/src/unstable/sql/Statement.ts	unstable/sql/Statement.ts	442	445	full	unnamed	same		sql/Statement.ts	489	492
extended	live	ts/eff/packages.gen.ts	30	full	vendor/effect-4.0.0-rc.112/src/unstable/sql/SqlClient.ts	unstable/sql/SqlClient.ts	39	84	full	unnamed	same		sql/SqlClient.ts	43	88
extended	live	ts/eff/packages.gen.ts	30	full	vendor/effect-4.0.0-rc.112/src/unstable/persistence/KeyValueStore.ts	unstable/persistence/KeyValueStore.ts	331	352	full	unnamed	changed	code	persistence/KeyValueStore.ts	344	364
extended	live	ts/eff/packages.gen.ts	30	full	vendor/effect-4.0.0-rc.112/src/unstable/persistence/KeyValueStore.ts	unstable/persistence/KeyValueStore.ts	40	43	full	unnamed	same		persistence/KeyValueStore.ts	42	45
extended	live	ts/eff/packages.gen.ts	30	full	vendor/effect-4.0.0-rc.112/src/unstable/persistence/KeyValueStore.ts	unstable/persistence/KeyValueStore.ts	50	53	full	unnamed	same		persistence/KeyValueStore.ts	52	55
extended	live	ts/eff/packages.gen.ts	30	full	vendor/effect-4.0.0-rc.112/src/unstable/persistence/KeyValueStore.ts	unstable/persistence/KeyValueStore.ts	55	58	full	unnamed	same		persistence/KeyValueStore.ts	57	60
extended	live	ts/eff/packages.gen.ts	30	full	vendor/effect-4.0.0-rc.112/src/unstable/persistence/KeyValueStore.ts	unstable/persistence/KeyValueStore.ts	86	89	full	unnamed	same		persistence/KeyValueStore.ts	88	91
extended	live	ts/eff/profile.gen.ts	113	full	vendor/effect-4.0.0-rc.112/src/Ref.ts	Ref.ts	173	173	full	unnamed	same		Ref.ts	173	173
extended	live	ts/eff/profile.gen.ts	113	full	vendor/effect-4.0.0-rc.112/src/Ref.ts	Ref.ts	200	200	full	unnamed	same		Ref.ts	200	200
extended	live	ts/eff/profile.gen.ts	113	full	vendor/effect-4.0.0-rc.112/src/Ref.ts	Ref.ts	306	307	full	unnamed	same		Ref.ts	306	307
extended	live	ts/eff/profile.gen.ts	113	full	vendor/effect-4.0.0-rc.112/src/Ref.ts	Ref.ts	399	404	full	unnamed	same		Ref.ts	399	404
extended	live	ts/eff/profile.gen.ts	113	full	vendor/effect-4.0.0-rc.112/src/Ref.ts	Ref.ts	747	747	full	unnamed	same		Ref.ts	747	747
extended	live	ts/eff/profile.gen.ts	113	full	vendor/effect-4.0.0-rc.112/src/Ref.ts	Ref.ts	1273	1276	full	unnamed	same		Ref.ts	1273	1276
extended	live	ts/eff/profile.gen.ts	113	full	vendor/effect-4.0.0-rc.112/src/Ref.ts	Ref.ts	1273	1276	full	unnamed	same		Ref.ts	1273	1276
extended	live	ts/eff/profile.gen.ts	113	full	vendor/effect-4.0.0-rc.112/src/Ref.ts	Ref.ts	1273	1276	full	unnamed	same		Ref.ts	1273	1276
extended	live	ts/eff/profile.gen.ts	113	full	vendor/effect-4.0.0-rc.112/src/Ref.ts	Ref.ts	1273	1276	full	unnamed	same		Ref.ts	1273	1276
extended	live	ts/eff/profile.gen.ts	113	full	vendor/effect-4.0.0-rc.112/src/Ref.ts	Ref.ts	1273	1276	full	unnamed	same		Ref.ts	1273	1276
extended	live	ts/eff/profile.gen.ts	113	full	vendor/effect-4.0.0-rc.112/src/Ref.ts	Ref.ts	496	501	full	unnamed	same		Ref.ts	496	501
extended	live	ts/eff/profile.gen.ts	113	full	vendor/effect-4.0.0-rc.112/src/Ref.ts	Ref.ts	496	501	full	unnamed	same		Ref.ts	496	501
extended	live	ts/eff/profile.gen.ts	113	full	vendor/effect-4.0.0-rc.112/src/Ref.ts	Ref.ts	496	501	full	unnamed	same		Ref.ts	496	501
extended	live	ts/eff/profile.gen.ts	113	full	vendor/effect-4.0.0-rc.112/src/Ref.ts	Ref.ts	496	501	full	unnamed	same		Ref.ts	496	501
extended	live	ts/eff/profile.gen.ts	113	full	vendor/effect-4.0.0-rc.112/src/Ref.ts	Ref.ts	496	501	full	unnamed	same		Ref.ts	496	501
extended	live	ts/eff/profile.gen.ts	113	full	vendor/effect-4.0.0-rc.112/src/Ref.ts	Ref.ts	1368	1368	full	unnamed	same		Ref.ts	1368	1368
extended	live	ts/eff/profile.gen.ts	113	full	vendor/effect-4.0.0-rc.112/src/Ref.ts	Ref.ts	1368	1368	full	unnamed	same		Ref.ts	1368	1368
extended	live	ts/eff/profile.gen.ts	113	full	vendor/effect-4.0.0-rc.112/src/Ref.ts	Ref.ts	1368	1368	full	unnamed	same		Ref.ts	1368	1368
extended	live	ts/eff/profile.gen.ts	113	full	vendor/effect-4.0.0-rc.112/src/Ref.ts	Ref.ts	1368	1368	full	unnamed	same		Ref.ts	1368	1368
extended	live	ts/eff/profile.gen.ts	113	full	vendor/effect-4.0.0-rc.112/src/Ref.ts	Ref.ts	1368	1368	full	unnamed	same		Ref.ts	1368	1368
extended	live	ts/eff/profile.gen.ts	113	full	vendor/effect-4.0.0-rc.112/src/Ref.ts	Ref.ts	1502	1508	full	unnamed	same		Ref.ts	1502	1508
extended	live	ts/eff/profile.gen.ts	113	full	vendor/effect-4.0.0-rc.112/src/Ref.ts	Ref.ts	1502	1508	full	unnamed	same		Ref.ts	1502	1508
extended	live	ts/eff/profile.gen.ts	113	full	vendor/effect-4.0.0-rc.112/src/Ref.ts	Ref.ts	1502	1508	full	unnamed	same		Ref.ts	1502	1508
extended	live	ts/eff/profile.gen.ts	113	full	vendor/effect-4.0.0-rc.112/src/Ref.ts	Ref.ts	1502	1508	full	unnamed	same		Ref.ts	1502	1508
extended	live	ts/eff/profile.gen.ts	113	full	vendor/effect-4.0.0-rc.112/src/Ref.ts	Ref.ts	1502	1508	full	unnamed	same		Ref.ts	1502	1508
extended	live	ts/eff/profile.gen.ts	113	full	vendor/effect-4.0.0-rc.112/src/Ref.ts	Ref.ts	635	643	full	unnamed	same		Ref.ts	635	643
extended	live	ts/eff/profile.gen.ts	113	full	vendor/effect-4.0.0-rc.112/src/Ref.ts	Ref.ts	635	643	full	unnamed	same		Ref.ts	635	643
extended	live	ts/eff/profile.gen.ts	113	full	vendor/effect-4.0.0-rc.112/src/Ref.ts	Ref.ts	635	643	full	unnamed	same		Ref.ts	635	643
extended	live	ts/eff/profile.gen.ts	113	full	vendor/effect-4.0.0-rc.112/src/Ref.ts	Ref.ts	635	643	full	unnamed	same		Ref.ts	635	643
extended	live	ts/eff/profile.gen.ts	113	full	vendor/effect-4.0.0-rc.112/src/Ref.ts	Ref.ts	635	643	full	unnamed	same		Ref.ts	635	643
extended	live	ts/eff/profile.gen.ts	113	full	vendor/effect-4.0.0-rc.112/src/Ref.ts	Ref.ts	1639	1646	full	unnamed	same		Ref.ts	1639	1646
extended	live	ts/eff/profile.gen.ts	113	full	vendor/effect-4.0.0-rc.112/src/Ref.ts	Ref.ts	1639	1646	full	unnamed	same		Ref.ts	1639	1646
extended	live	ts/eff/profile.gen.ts	113	full	vendor/effect-4.0.0-rc.112/src/Ref.ts	Ref.ts	1639	1646	full	unnamed	same		Ref.ts	1639	1646
extended	live	ts/eff/profile.gen.ts	113	full	vendor/effect-4.0.0-rc.112/src/Ref.ts	Ref.ts	1639	1646	full	unnamed	same		Ref.ts	1639	1646
extended	live	ts/eff/profile.gen.ts	113	full	vendor/effect-4.0.0-rc.112/src/Ref.ts	Ref.ts	1639	1646	full	unnamed	same		Ref.ts	1639	1646
extended	live	ts/eff/profile.gen.ts	113	full	vendor/effect-4.0.0-rc.112/src/Ref.ts	Ref.ts	896	901	full	unnamed	same		Ref.ts	896	901
extended	live	ts/eff/profile.gen.ts	113	full	vendor/effect-4.0.0-rc.112/src/Ref.ts	Ref.ts	896	901	full	unnamed	same		Ref.ts	896	901
extended	live	ts/eff/profile.gen.ts	113	full	vendor/effect-4.0.0-rc.112/src/Ref.ts	Ref.ts	896	901	full	unnamed	same		Ref.ts	896	901
extended	live	ts/eff/profile.gen.ts	113	full	vendor/effect-4.0.0-rc.112/src/Ref.ts	Ref.ts	896	901	full	unnamed	same		Ref.ts	896	901
extended	live	ts/eff/profile.gen.ts	113	full	vendor/effect-4.0.0-rc.112/src/Ref.ts	Ref.ts	896	901	full	unnamed	same		Ref.ts	896	901
extended	live	ts/eff/profile.gen.ts	113	full	vendor/effect-4.0.0-rc.112/src/Ref.ts	Ref.ts	1159	1163	full	unnamed	same		Ref.ts	1159	1163
extended	live	ts/eff/profile.gen.ts	113	full	vendor/effect-4.0.0-rc.112/src/Ref.ts	Ref.ts	1159	1163	full	unnamed	same		Ref.ts	1159	1163
extended	live	ts/eff/profile.gen.ts	113	full	vendor/effect-4.0.0-rc.112/src/Ref.ts	Ref.ts	1159	1163	full	unnamed	same		Ref.ts	1159	1163
extended	live	ts/eff/profile.gen.ts	113	full	vendor/effect-4.0.0-rc.112/src/Ref.ts	Ref.ts	1159	1163	full	unnamed	same		Ref.ts	1159	1163
extended	live	ts/eff/profile.gen.ts	113	full	vendor/effect-4.0.0-rc.112/src/Ref.ts	Ref.ts	1159	1163	full	unnamed	same		Ref.ts	1159	1163
extended	live	ts/eff/profile.gen.ts	113	full	vendor/effect-4.0.0-rc.112/src/Deferred.ts	Deferred.ts	171	171	full	unnamed	same		Deferred.ts	172	172
extended	live	ts/eff/profile.gen.ts	113	full	vendor/effect-4.0.0-rc.112/src/Deferred.ts	Deferred.ts	1366	1366	full	unnamed	same		Deferred.ts	1367	1367
extended	live	ts/eff/profile.gen.ts	113	full	vendor/effect-4.0.0-rc.112/src/Deferred.ts	Deferred.ts	1414	1416	full	unnamed	same		Deferred.ts	1415	1417
extended	live	ts/eff/profile.gen.ts	113	full	vendor/effect-4.0.0-rc.112/src/Deferred.ts	Deferred.ts	1514	1514	full	unnamed	same		Deferred.ts	1515	1515
extended	live	ts/eff/profile.gen.ts	113	full	vendor/effect-4.0.0-rc.112/src/Deferred.ts	Deferred.ts	669	669	full	unnamed	same		Deferred.ts	670	670
extended	live	ts/eff/profile.gen.ts	113	full	vendor/effect-4.0.0-rc.112/src/Deferred.ts	Deferred.ts	223	223	full	unnamed	same		Deferred.ts	224	224
extended	live	ts/eff/profile.gen.ts	113	full	vendor/effect-4.0.0-rc.112/src/Scope.ts	Scope.ts	240	240	full	unnamed	same		Scope.ts	239	239
extended	live	ts/eff/profile.gen.ts	113	full	vendor/effect-4.0.0-rc.112/src/Scope.ts	Scope.ts	240	240	full	unnamed	same		Scope.ts	239	239
extended	live	ts/eff/profile.gen.ts	113	full	vendor/effect-4.0.0-rc.112/src/internal/effect.ts	internal/effect.ts	6114	6116	full	unnamed	same		internal/effect.ts	6373	6375
extended	live	ts/eff/profile.gen.ts	113	full	vendor/effect-4.0.0-rc.112/src/internal/effect.ts	internal/effect.ts	6118	6118	full	unnamed	same		internal/effect.ts	6377	6377
extended	live	ts/eff/read.ts	1092	bare	internal/effect.ts	internal/effect.ts	5366	5366	exact	named	same		internal/effect.ts	5623	5623
extended	live	ts/eff/read.ts	1093	cont	:5406	internal/effect.ts	5406	5406	block	named	same		internal/effect.ts	5663	5663
