pin_file	hunk	class	pin_lines	release_lines	removed	added	cited_ranges	pin_units	release_units
Array.ts	1	code	before 19	19-19	0	1	0		import ./internal/count.ts=absent
Array.ts	2	code	176-176	178-178	1	1	0	allocate=code	allocate=code
Array.ts	3	code	263-263	265-265	1	1	0	makeBy=code	makeBy=code
Array.ts	4	code	before 1663	1671-1674	0	4	0		isCanonicalArrayIndex=absent
Array.ts	5	code	1667-1667	before 1710	1	0	0	clamp=absent	
Array.ts	6	code	before 2153	2139-2139	0	1	0		clampCount=absent
Array.ts	7	code	2210-2210	2227-2227	1	1	0	take=code	take=code
Array.ts	8	code	2293-2293	2313-2313	1	1	0	takeRight=code	takeRight=code
Array.ts	9	code	2800-2800	2820-2820	1	1	0	drop=code	drop=code
Array.ts	10	code	2883-2883	2903-2903	1	1	0	dropRight=code	dropRight=code
Array.ts	11	code	5772-5772	5792-5792	1	1	0	splitAt=code	splitAt=code
Array.ts	12	code	5852-5852	5884-5884	1	1	0	splitAtNonEmpty=code	splitAtNonEmpty=code
Array.ts	13	code	5935-5935	5970-5970	1	1	0	split=code	split=code
Array.ts	14	code	6195-6196	6233-6235	2	3	0	pad=code	pad=code
Array.ts	15	code	6200-6200	6239-6239	1	1	0	pad=code	pad=code
Array.ts	16	code	6419-6419	6469-6470	1	2	0	window=code	window=code
Array.ts	17	code	6421-6422	6472-6473	2	2	0	window=code	window=code
Array.ts	18	erased	8082-8112	8133-8163	2	2	0	partition=code	partition=code
Array.ts	19	code	8118-8120	8169-8171	3	3	0	partition=code	partition=code
Array.ts	20	code	8125-8125	8176-8176	1	1	0	partition=code	partition=code
Array.ts	21	code	8127-8127	8178-8178	1	1	0	partition=code	partition=code
Array.ts	22	code	8130-8130	8181-8181	1	1	0	partition=code	partition=code
Array.ts	23	erased	8164-8165	8215-8216	2	2	0	separate=erased	separate=erased
Array.ts	24	code	9243-9248	9294-9298	6	5	1	dedupeWith=code	dedupeWith=code
Array.ts	25	code	9251-9251	before 9301	1	0	1	dedupeWith=code	
Array.ts	26	code	9254-9255	before 9303	2	0	1	dedupeWith=code	
Cache.ts	1	code	618-618	618-618	1	1	0	get=code	get=code
Cache.ts	2	code	before 621	620-620	0	1	0		get=code
Cache.ts	3	code	624-629	before 625	6	0	0	get=code	
Cache.ts	4	code	before 631	626-633	0	7	0		get=code
Cache.ts	5	code	634-634	637-640	1	4	0	get=code	get=code
Cache.ts	6	code	636-637	before 642	2	0	0	get=code	
Cache.ts	7	code	before 640	644-645	0	2	0		get=code
Cache.ts	8	code	before 641	647-647	0	1	0		get=code
Cache.ts	9	code	before 653	659-659	0	1	0		EntryImpl.onInterrupt=absent
Cache.ts	10	code	before 669	679-679	0	1	0		EntryImpl.await=code
Cache.ts	11	code	before 674	685-690	0	6	0		removeEntry=absent
Cache.ts	12	code	before 2112	2130-2133	0	4	0		invalidateWhen=code
Cache.ts	13	code	before 2427	2449-2449	0	1	0		refresh=code
Cache.ts	14	code	before 2433	2457-2457	0	1	0		refresh=code
Cache.ts	15	code	2434-2434	2459-2459	1	1	0	refresh=code	refresh=code
Cache.ts	16	code	2439-2439	2464-2465	1	2	0	refresh=code	refresh=code
Cache.ts	17	code	before 2447	2473-2473	0	1	0		refresh=code
Cause.ts	1	erased	264-264	264-264	1	1	0	Cause#2=type-decl	Cause#2=type-decl
Cause.ts	2	code	817-817	817-817	1	1	0	combine=code	combine=code
Chunk.ts	1	code	before 22	22-22	0	1	0		import ./internal/count.ts=absent
Chunk.ts	2	code	33-33	34-34	1	1	0	TypeId=code	TypeId=code
Chunk.ts	3	code	171-173	172-184	3	13	0	makeEquivalence=code	makeEquivalence=code
Chunk.ts	4	code	251-251	262-262	1	1	0	makeChunk=code	makeChunk=code
Chunk.ts	5	code	406-412	417-417	7	1	0	copyToArray=code	copyToArray=code
Chunk.ts	6	code	994-994	1002-1002	1	1	0	take=code	take=code
Chunk.ts	7	code	1081-1081	1092-1092	1	1	0	drop=code	drop=code
Chunk.ts	8	code	1166-1166	1180-1183	1	4	0	dropRight=code	dropRight=code
Chunk.ts	9	code	1609-1609	1626-1626	1	1	0	filterMap=code	filterMap=code
Chunk.ts	10	code	1733-1733	1750-1750	1	1	0	filter=code	filter=code
Chunk.ts	11	code	1966-1969	1983-1986	4	4	0	flatMap=code	flatMap=code
Chunk.ts	12	code	1971-1971	1988-1993	1	6	0	flatMap=code	flatMap=code
Chunk.ts	13	code	before 2216	2241-2241	0	1	0		chunksOf=code
Chunk.ts	14	code	2220-2220	2246-2246	1	1	0	chunksOf=code	chunksOf=code
Chunk.ts	15	erased	2877-2901	2903-2927	2	2	0	partition=code	partition=code
Chunk.ts	16	code	2907-2909	2933-2935	3	3	0	partition=code	partition=code
Chunk.ts	17	erased	2949-2949	2975-2975	1	1	0	separate=erased	separate=erased
Chunk.ts	18	code	3329-3329	3355-3355	1	1	0	splitNonEmptyAt=code	splitNonEmptyAt=code
Chunk.ts	19	code	3428-3428	3457-3457	1	1	0	split=code	split=code
Chunk.ts	20	code	3640-3640	3672-3675	1	4	0	takeRight=code	takeRight=code
Chunk.ts	21	code	3919-3919	3954-3954	1	1	0	unzip=code	unzip=code
Chunk.ts	22	code	3992-3992	4027-4027	1	1	0	zipWith=code	zipWith=code
Chunk.ts	23	code	4813-4813	4851-4851	1	1	0	findLast=code	findLast=code
Chunk.ts	24	code	4883-4883	4921-4921	1	1	0	findLastIndex=code	findLastIndex=code
Chunk.ts	25	code	5018-5019	5056-5064	2	9	0	every=code	every=code
Chunk.ts	26	code	5096-5096	5141-5149	1	9	0	some=code	some=code
Chunk.ts	27	code	5174-5174	5227-5227	1	1	0	join=code	join=code
Chunk.ts	28	code	5450-5450	5503-5503	1	1	0	difference=code	difference=code
Config.ts	1	erased	118-134	115-115	14	1	5	Resolved=absent;Absent=absent;Resolution=type-decl;EvaluationFailure=absent	Resolution=type-decl
Config.ts	2	erased	139-139	120-120	1	1	1	Evaluator=type-decl	Evaluator=type-decl
Config.ts	3	code	166-171	147-147	6	1	0	make=code	make=code
Config.ts	4	code	179-224	155-155	40	1	3	evaluateAt=erased;resolved=absent;absent=absent;evaluationFailure=absent;isSourceError=same;catchSourceError=absent;preserveInputEvidence=absent	evaluateAt=erased
Config.ts	5	code	before 308	239-425	0	6	0		map=code;flatMap=absent
Config.ts	6	code	309-312	427-433	4	7	0	map=code	flatMap=absent
Config.ts	7	code	341-341	462-462	1	1	0	mapOrFail=absent	mapEffect=absent
Config.ts	8	code	396-400	517-522	5	6	0	mapOrFail=absent	mapEffect=absent
Config.ts	9	code	402-402	before 524	1	0	0	mapOrFail=absent	
Config.ts	10	code	564-571	697-700	8	4	3	orElse=code	orElse=code
Config.ts	11	code	628-628	760-760	1	1	0	all=code	all=code
Config.ts	12	code	633-637	765-773	5	9	0	all=code	all=code
Config.ts	13	code	640-708	before 776	67	0	2	all=code;resolveArray=absent;resolveRecord=absent	
Config.ts	14	code	850-850	925-925	1	1	2	withDefault=code	withDefault=code
Config.ts	15	erased	before 985	1061-1061	0	1	0		isSourceError=same
Config.ts	16	code	999-999	before 1077	1	0	0	getScalar=absent	
Config.ts	17	code	1009-1009	1085-1085	1	1	0	decodeFromCursor=code	decodeFromCursor=code
Config.ts	18	code	1041-1041	1117-1117	1	1	1	hasProviderInput=code	hasProviderInput=code
Config.ts	19	code	1092-1094	1168-1169	3	2	0	toConfigCursorAST=code	toConfigCursorAST=code
Config.ts	20	code	1104-1105	before 1179	2	0	0	toConfigCursorAST=code	
Config.ts	21	code	before 1107	1180-1180	0	1	0		toConfigCursorAST=code
Config.ts	22	code	1201-1204	1275-1276	4	2	1	schema=code	schema=code
Config.ts	23	code	1206-1206	1278-1278	1	1	1	schema=code	schema=code
Config.ts	24	code	1211-1213	1283-1285	3	3	3	schema=code	schema=code
Config.ts	25	code	1215-1216	before 1287	2	0	1	schema=code	
Config.ts	26	code	1218-1218	1288-1289	1	2	1	schema=code	schema=code
Config.ts	27	code	1224-1333	1294-1302	14	6	3	TrueValues=absent;FalseValues=absent;Boolean=code;Port=code;LogLevel=code;Record=code	PortSchema=absent;LogLevelSchema=absent;ArrayOptions=absent;RecordOptions=absent
Config.ts	28	code	1336-1348	before 1305	12	0	0	Record=code	
Config.ts	29	code	1351-1353	1307-1576	3	44	0	ArrayConfig=absent	isPath=absent;fail=code;succeed=code;String=absent;NonEmptyString=absent;Number=absent;Finite=absent;Int=absent;Literal=absent;Literals=absent;Array=absent;Array#2=absent;Array#3=absent
Config.ts	30	code	1355-1355	1578-1578	1	1	0	ArrayConfig=absent	Array#3=absent
Config.ts	31	code	1358-1359	1581-1583	2	3	0	ArrayConfig=absent	Array#3=absent
Config.ts	32	code	1365-1365	1588-1588	1	1	0	ArrayConfig=absent	Array#3=absent
Config.ts	33	code	1368-1387	1628-1666	2	39	0	export {Array}=absent	Record=code;Record#2=code;Record#3=code
Config.ts	34	code	1405-1406	1703-1704	2	2	0	fail=code	Boolean=code
Config.ts	35	code	1433-1693	1745-1745	28	1	1	succeed=code;string=absent;nonEmptyString=absent;number=absent;finite=absent;int=absent;literal=absent;literals=absent;boolean=absent;duration=absent	Duration=absent
Config.ts	36	code	1732-1733	1760-1761	2	2	0	port=absent	ByteSize=absent
Config.ts	37	code	1773-1774	1798-1799	2	2	0	logLevel=absent	Port=code
Config.ts	38	code	1813-1813	1835-1875	1	4	0	redacted=absent	LogLevel=code;Redacted=absent
Config.ts	39	code	1855-1855	1917-1917	1	1	0	url=absent	URL=absent
Config.ts	40	code	1888-1888	1950-1950	1	1	0	date=absent	Date=absent
ConfigProvider.ts	1	code	before 12	12-12	0	1	0		import ./Array.ts=absent
ConfigProvider.ts	2	import	17-17	18-18	1	1	0	import ./Function.ts=import	import ./Function.ts=import
ConfigProvider.ts	3	code	373-373	374-374	1	1	2	makeSource=code	makeSource=code
ConfigProvider.ts	4	code	1219-1219	before 1220	1	0	1	NUMERIC_INDEX=absent	
ConfigProvider.ts	5	code	1237-1237	1236-1236	1	1	2	nodeAtEnv=code	nodeAtEnv=code
ConfigProvider.ts	6	code	1397-1397	1396-1396	1	1	2	interpolate=code	interpolate=code
Context.ts	1	code	691-691	693-693	1	1	0	lookup=code	lookup=code
Context.ts	2	erased	before 1548	1550-1550	0	1	0		get=erased
Deferred.ts	1	code	140-145	120-146	6	6	1	makeUnsafe=code	DeferredImpl=absent;statement=absent;makeUnsafe=code
Duration.ts	1	code	26-26	26-26	1	1	0	TypeId=code	TypeId=code
Effect.ts	1	import	43-43	43-43	1	1	0	import ./Schedule.ts=import	import ./Schedule.ts=import
Effect.ts	2	code	75-75	before 82	1	0	0	import ./Utils.ts=absent	
Effect.ts	3	erased	230-230	229-229	1	1	0	isEffect=erased	isEffect=erased
Effect.ts	4	erased	334-340	334-335	7	2	0	All=type-decl	All=type-decl
Effect.ts	5	erased	before 380	376-376	0	1	0		All=type-decl
Effect.ts	6	erased	566-566	563-563	1	1	0	partition=erased	partition=erased
Effect.ts	7	erased	598-598	595-595	1	1	0	partition=erased	partition=erased
Effect.ts	8	erased	1406-1410	1403-1548	5	6	1	tryPromise=erased	tryPromise=erased
Effect.ts	9	erased	2254-2255	2393-2395	2	3	0	try_=erased	try_=erased
Effect.ts	10	erased	2258-2259	2398-2399	2	2	0	try_=erased	try_=erased
Effect.ts	11	code	before 2423	2552-2554	0	3	0		withFiberSucceed=absent
Effect.ts	12	erased	7015-7015	7175-7175	1	1	0	tapDefect=erased	tapDefect=erased
Effect.ts	13	erased	8083-8084	8244-8245	2	2	0	withErrorReporting=erased	withErrorReporting=erased
Effect.ts	14	erased	8163-8202	8326-8366	2	2	0	orElseSucceed=erased	orElseSucceed=erased
Effect.ts	15	erased	before 13922	14122-14122	0	1	0		cachedWithTTL=erased
Effect.ts	16	erased	13975-13975	14292-14380	1	5	0	cachedWithTTL=erased	cachedWithTTL=erased
Effect.ts	17	erased	before 14095	14500-14500	0	1	0		cachedInvalidateWithTTL=erased
Effect.ts	18	erased	14154-14154	14618-14680	1	5	0	cachedInvalidateWithTTL=erased	cachedInvalidateWithTTL=erased
Effect.ts	19	erased	14427-14427	14954-14956	1	3	0	Repeat=type-decl	Repeat=type-decl
Effect.ts	20	erased	14429-14429	14958-14959	1	2	0	Repeat=type-decl	Repeat=type-decl
Effect.ts	21	erased	15180-15180	15710-15710	1	1	0	repeatOrElse=erased	repeatOrElse=erased
Effect.ts	22	erased	15236-15236	15766-15766	1	1	0	repeatOrElse=erased	repeatOrElse=erased
Effect.ts	23	erased	22411-22472	22946-23010	4	7	0	withLogger=erased	withLogger=erased
Effect.ts	24	erased	22514-22605	23052-23197	22	6	0	annotateLogs=erased	annotateLogs=erased
Effect.ts	25	erased	22779-22852	23371-23444	4	4	0	withLogSpan=erased	withLogSpan=erased
Effect.ts	26	erased	22854-22854	23446-23446	1	1	0	withLogSpan=erased	withLogSpan=erased
Effect.ts	27	erased	22973-22973	23555-23555	1	1	0	track=code	track=code
Effect.ts	28	code	23157-23157	23724-23724	1	1	0	track=code	track=code
Effect.ts	29	code	23661-23661	24228-24228	1	1	0	trackErrors=code	trackErrors=code
Effect.ts	30	code	23919-23919	24486-24486	1	1	0	trackDefects=code	trackDefects=code
Effect.ts	31	code	24171-24171	24738-24738	1	1	0	trackDuration=code	trackDuration=code
Effect.ts	32	erased	before 24220	24787-24787	0	1	0		Transaction=erased
Effect.ts	33	code	24323-24323	24891-24897	1	4	0	awaitPendingTransaction=code	awaitPendingTransaction=code
Effect.ts	34	code	24331-24331	before 24905	1	0	0	awaitPendingTransaction=code	
Effect.ts	35	code	24341-24341	before 24915	1	0	0	awaitPendingTransaction=code	
Effect.ts	36	code	24344-24345	24916-24918	2	3	0	commitTransaction=code	commitTransaction=code
Effect.ts	37	erased	before 24702	25224-25225	0	2	0		EffectifyArgs=absent
Effect.ts	38	erased	24810-24810	25387-25387	1	1	0	effectify=erased	effectify=erased
Effect.ts	39	erased	24866-24867	25443-25444	2	2	0	effectify=erased	effectify=erased
Fiber.ts	1	erased	before 16	16-16	0	1	0		import ./Metric.ts=absent
Fiber.ts	2	import	21-21	22-22	1	1	0	import ./Tracer.ts=import	import ./Tracer.ts=import
Fiber.ts	3	erased	78-78	79-79	1	1	0	Fiber=type-decl	Fiber=type-decl
Fiber.ts	4	erased	80-85	before 81	6	0	0	Fiber=type-decl	
Fiber.ts	5	erased	before 158	170-182	0	13	0		Fiber#2=type-decl
Layer.ts	1	erased	237-237	237-238	1	2	1	MemoMapEntry=type-decl	MemoMapEntry=type-decl
Layer.ts	2	code	241-244	243-261	4	16	1	memoMapReuse=absent	makeMemoMapEntry=absent;memoMapObserve=absent
Layer.ts	3	code	246-249	263-264	4	2	3	memoMapReuse=absent	memoMapObserve=absent
Layer.ts	4	code	390-419	before 405	30	0	21	memoMapBuild=absent	
Layer.ts	5	code	440-440	424-425	1	2	6	MemoMapImpl.get=code	MemoMapImpl.get=code
Layer.ts	6	code	before 451	438-440	0	3	3		MemoMapImpl.getOrElseMemoize=code
Layer.ts	7	code	452-453	442-451	2	9	4	MemoMapImpl.getOrElseMemoize=code	MemoMapImpl.getOrElseMemoize=code
Layer.ts	8	code	455-455	453-453	1	1	4	MemoMapImpl.getOrElseMemoize=code	MemoMapImpl.getOrElseMemoize=code
Layer.ts	9	code	before 1580	1544-1544	0	1	0		unwrapKey=absent
Layer.ts	10	code	1582-1585	1582-1582	4	1	0	unwrap=code	unwrap=code
Layer.ts	11	erased	3167-3189	3164-3207	3	4	0	tapError=erased	tapError=erased
Layer.ts	12	erased	3191-3191	3209-3209	1	1	0	tapError=erased	tapError=erased
Layer.ts	13	erased	3196-3196	3214-3214	1	1	0	tapError=erased	tapError=erased
Layer.ts	14	erased	3243-3265	3261-3305	2	3	0	tapCause=erased	tapCause=erased
Layer.ts	15	erased	3267-3267	3307-3307	1	1	0	tapCause=erased	tapCause=erased
Layer.ts	16	erased	3269-3269	3309-3309	1	1	0	tapCause=erased	tapCause=erased
Layer.ts	17	erased	3271-3271	3311-3311	1	1	0	tapCause=erased	tapCause=erased
Layer.ts	18	erased	3276-3277	3316-3316	2	1	0	tapCause=erased	tapCause=erased
Layer.ts	19	code	4599-4599	4638-4638	1	1	0	withSpan=code	withSpan=code
Layer.ts	20	code	4612-4612	4651-4651	1	1	0	withSpan=code	withSpan=code
Option.ts	1	code	36-36	36-36	1	1	0	TypeId=code	TypeId=code
Option.ts	2	code	2704-2704	2704-2767	1	6	0	product=code	product=code
Option.ts	3	code	2739-2742	2769-2870	4	5	0	productMany=code	product=code;productMany=code
Option.ts	4	code	2754-2754	2882-2882	1	1	0	productMany=code	productMany=code
Option.ts	5	erased	3124-3159	3252-3287	2	2	0	partitionMap=code	partitionMap=code
Option.ts	6	erased	3163-3163	3291-3291	1	1	0	partitionMap=code	partitionMap=code
Option.ts	7	code	3168-3168	3296-3296	1	1	0	partitionMap=code	partitionMap=code
Pool.ts	1	code	22-22	before 22	1	0	0	import ./Iterable.ts=absent	
Pool.ts	2	code	before 35	33-33	0	1	0		PoolClock=absent
Pool.ts	3	erased	before 38	38-38	0	1	0		PoolImpl=type-decl
Pool.ts	4	erased	126-126	127-127	1	1	0	State=type-decl	State=type-decl
Pool.ts	5	erased	before 154	156-156	0	1	0		PoolItem=type-decl
Pool.ts	6	code	before 376	381-381	0	1	0		makeWithStrategy=code
Pool.ts	7	code	450-450	456-456	1	1	0	get=code	get=code
Pool.ts	8	code	551-551	557-557	1	1	0	use=code	use=code
Pool.ts	9	code	554-554	560-560	1	1	0	use=code	use=code
Pool.ts	10	code	557-557	563-563	1	1	0	use=code	use=code
Pool.ts	11	code	561-561	567-567	1	1	0	use=code	use=code
Pool.ts	12	code	before 568	575-575	0	1	0		useItem=code
Pool.ts	13	code	570-572	578-579	3	2	0	useItem=code	useItem=code
Pool.ts	14	code	577-577	584-584	1	1	0	useItem=code	useItem=code
Pool.ts	15	code	579-579	586-586	1	1	0	useItem=code	useItem=code
Pool.ts	16	code	595-595	602-602	1	1	0	getSlowWith=code	getSlowWith=code
Pool.ts	17	code	609-611	617-619	3	3	0	getSlowWith=code	getSlowWith=code
Pool.ts	18	code	before 613	621-626	0	6	0		getSlowWith=code
Pool.ts	19	code	631-639	645-645	9	1	0	leaseItemBookkeeping=code	leaseItemBookkeeping=code
Pool.ts	20	code	644-644	650-655	1	5	0	leaseItemBookkeeping=code	leaseItemBookkeeping=code;removeFailedItem=absent
Pool.ts	21	code	652-654	663-663	3	1	0	leaseItem=code	leaseItem=code
Pool.ts	22	code	657-658	666-667	2	2	0	leaseItem=code	leaseItem=code
Pool.ts	23	code	before 660	669-669	0	1	0		leaseItem=code
Pool.ts	24	code	before 674	684-686	0	3	0		releaseItem=code
Pool.ts	25	code	677-678	695-696	2	2	0	releaseItem=code	releaseItem=code
Pool.ts	26	code	684-684	702-708	1	6	0	waitForItem=code	firstHealthyAvailable=absent;waitForItem=code
Pool.ts	27	code	687-687	711-711	1	1	0	waitForItem=code	waitForItem=code
Pool.ts	28	code	690-690	714-714	1	1	0	waitForItem=code	waitForItem=code
Pool.ts	29	code	692-692	716-716	1	1	0	waitForItem=code	waitForItem=code
Pool.ts	30	erased	705-705	729-729	1	1	2	wakeWaiters=erased	wakeWaiters=erased
Pool.ts	31	code	before 722	747-747	0	1	0		reservations=absent
Pool.ts	32	code	723-723	751-751	1	1	0	addAvailable=code	addAvailable=code
Pool.ts	33	code	before 735	776-787	0	12	0		addAvailableFront=absent
Pool.ts	34	erased	791-812	845-866	3	3	0	invalidate=erased	invalidate=erased
Pool.ts	35	code	before 824	889-952	0	42	0		reserve=absent
Pool.ts	36	code	839-839	973-975	1	3	0	invalidatePoolItem=code	invalidatePoolItem=code
Pool.ts	37	code	before 889	1025-1025	0	1	0		allocate=code
Pool.ts	38	code	before 896	1033-1046	0	12	0		allocate=code
Pool.ts	39	code	898-899	before 1049	2	0	0	allocate=code	
Pool.ts	40	code	902-904	1052-1052	3	1	0	allocate=code	allocate=code
Pool.ts	41	code	975-975	1123-1124	1	2	0	strategyUsageTTL=code	strategyUsageTTL=code
Pool.ts	42	code	979-984	1128-1136	6	9	0	strategyUsageTTL=code	strategyUsageTTL=code
Pool.ts	43	code	991-1009	1143-1144	19	2	0	strategyUsageTTL=code	strategyUsageTTL=code
PubSub.ts	1	code	before 20	20-20	0	1	0		import ./internal/count.ts=absent
PubSub.ts	2	code	before 26	27-27	0	1	0		import ./Predicate.ts=absent
PubSub.ts	3	erased	before 74	76-76	0	1	0		PubSub=type-decl
PubSub.ts	4	code	before 202	229-229	0	1	0		isPubSub=absent
PubSub.ts	5	erased	before 248	277-277	0	1	0		Subscription=type-decl
PubSub.ts	6	code	291-291	321-322	1	2	0	make=code	make=code
PubSub.ts	7	code	before 511	542-544	0	3	0		makeAtomicBounded=code
PubSub.ts	8	code	before 796	861-1040	0	27	0		end=absent;endUnsafe=absent
PubSub.ts	9	code	996-996	1271-1271	1	1	0	publish=code	publish=code
PubSub.ts	10	code	1119-1119	1394-1394	1	1	0	publishUnsafe=code	publishUnsafe=code
PubSub.ts	11	code	1237-1237	1512-1512	1	1	0	publishAll=code	publishAll=code
PubSub.ts	12	code	1309-1309	1584-1584	1	1	0	subscribe=code	subscribe=code
PubSub.ts	13	code	1439-1439	1714-1717	1	4	0	pollForItem=code	pollForItem=code
PubSub.ts	14	code	1454-1461	1732-1735	8	4	0	pollForItem=code	pollForItem=code
PubSub.ts	15	code	before 1571	1851-1851	0	1	0		takeUpTo=code
PubSub.ts	16	code	1684-1684	1971-1971	1	1	0	takeBetween=code	takeBetween=code
PubSub.ts	17	code	1846-1846	2133-2134	1	2	0	makeSubscriptionUnsafe=code	makeSubscriptionUnsafe=code
PubSub.ts	18	code	1856-1856	2144-2145	1	2	0	makeSubscriptionUnsafe=code	makeSubscriptionUnsafe=code
PubSub.ts	19	code	before 2009	2298-2298	0	1	0		BoundedPubSubArbSubscription.pollUpTo=code
PubSub.ts	20	code	before 2205	2495-2495	0	1	0		BoundedPubSubPow2Subscription.pollUpTo=code
PubSub.ts	21	code	2367-2367	2658-2658	1	1	0	BoundedPubSubSingleSubscription.poll=code	BoundedPubSubSingleSubscription.poll=code
PubSub.ts	22	code	2372-2372	2663-2663	1	1	0	BoundedPubSubSingleSubscription.pollUpTo=code	BoundedPubSubSingleSubscription.pollUpTo=code
PubSub.ts	23	code	2375-2381	2666-2666	7	1	0	BoundedPubSubSingleSubscription.pollUpTo=code	BoundedPubSubSingleSubscription.pollUpTo=code
PubSub.ts	24	code	2388-2388	2673-2673	1	1	0	BoundedPubSubSingleSubscription.unsubscribe=code	BoundedPubSubSingleSubscription.unsubscribe=code
PubSub.ts	25	code	before 2565	2850-2850	0	1	0		UnboundedPubSubSubscription.pollUpTo=code
PubSub.ts	26	code	before 2612	2897-2897	0	1	0		SubscriptionImpl.ended=absent
PubSub.ts	27	code	2620-2620	2907-2908	1	2	0	SubscriptionImpl.constructor=code	SubscriptionImpl.constructor=code
PubSub.ts	28	code	before 2630	2918-2918	0	1	0		SubscriptionImpl.constructor=code
PubSub.ts	29	code	before 2649	2937-2937	0	1	0		PubSubImpl.ended=absent
PubSub.ts	30	code	2655-2655	2945-2946	1	2	0	PubSubImpl.constructor=code	PubSubImpl.constructor=code
PubSub.ts	31	code	before 2663	2954-2954	0	1	0		PubSubImpl.constructor=code
PubSub.ts	32	code	2676-2677	2968-2970	2	3	0	makePubSubUnsafe=code	makePubSubUnsafe=code
PubSub.ts	33	code	2735-2735	3028-3028	1	1	0	BackPressureStrategy.handleSurplus=code	BackPressureStrategy.handleSurplus=code
PubSub.ts	34	code	2740-2741	3033-3033	2	1	0	BackPressureStrategy.handleSurplus=code	BackPressureStrategy.handleSurplus=code
PubSub.ts	35	code	2743-2745	3035-3039	3	5	0	BackPressureStrategy.handleSurplus=code	BackPressureStrategy.handleSurplus=code
PubSub.ts	36	code	before 3146	3440-3440	0	1	0		ReplayWindowImpl.takeN=code
Queue.ts	1	code	before 19	19-19	0	1	0		import ./internal/count.ts=absent
Queue.ts	2	erased	346-346	347-347	1	1	0	Queue#2=type-decl	Queue#2=type-decl
Queue.ts	3	erased	352-352	353-353	1	1	0	Queue#2=type-decl	Queue#2=type-decl
Queue.ts	4	erased	before 386	401-404	0	4	0		Queue#2=type-decl
Queue.ts	5	code	645-669	664-741	25	14	0	offer=code	offer=code
Queue.ts	6	code	762-765	834-945	4	9	0	offerAll=code	offerAll=code
Queue.ts	7	code	767-774	947-948	8	2	0	offerAll=code	offerAll=code
Queue.ts	8	code	872-872	1046-1101	1	4	0	fail=code	fail=code
Queue.ts	9	code	before 1014	1244-1244	0	1	0		failCauseUnsafe=code
Queue.ts	10	code	1191-1192	1423-1446	2	2	0	shutdown=code	shutdown=code;shutdownUnsafe=absent
Queue.ts	11	code	1194-1194	1448-1448	1	1	0	shutdown=code	shutdownUnsafe=absent
Queue.ts	12	code	1199-1199	before 1453	1	0	0	shutdown=code	
Queue.ts	13	code	1201-1207	1454-1454	7	1	0	shutdown=code	shutdownUnsafe=absent
Queue.ts	14	code	1210-1210	1457-1457	1	1	0	shutdown=code	shutdownUnsafe=absent
Queue.ts	15	code	1383-1432	1632-1845	11	13	1	takeN=code;takeBetween=code	takeN=code;takeBetween=code
Queue.ts	16	code	before 1474	1847-1847	0	1	0		takeBetween=code
Queue.ts	17	code	1475-1476	1889-1890	2	2	0	take=code	take=code
Queue.ts	18	code	1560-1560	1975-1975	1	1	0	peek=code	peek=code
Queue.ts	19	code	1615-1618	2030-2030	4	1	0	takeUnsafe=code	takeUnsafe=code
Queue.ts	20	code	before 1625	2073-2111	0	2	0		flushUnsafe=absent;flush=absent
Queue.ts	21	code	1956-1956	before 2444	1	0	1	releaseTakers=code	
Queue.ts	22	code	before 1961	2448-2448	0	1	1		releaseTakers=code
Queue.ts	23	code	1962-1962	2450-2450	1	1	1	releaseTakers=code	releaseTakers=code
Queue.ts	24	code	1974-1974	2462-2465	1	4	2	scheduleReleaseTaker=code	scheduleReleaseTaker=code
Queue.ts	25	code	1986-1990	2477-2482	5	6	0	takeBetweenUnsafe=code	takeBetweenUnsafe=code
Queue.ts	26	code	1994-2008	2489-2501	14	9	0	takeBetweenUnsafe=code;offerRemainingSingle=absent	canTake=absent;awaitTake=code
Queue.ts	27	code	2010-2012	2503-2503	3	1	0	offerRemainingSingle=absent	awaitTake=code
Queue.ts	28	code	2015-2028	2507-2515	13	8	0	offerRemainingSingle=absent;offerRemainingArray=absent	offerOrWait=absent;waitToOffer=absent
Queue.ts	29	code	2030-2031	2517-2520	2	4	0	offerRemainingArray=absent	waitToOffer=absent
Queue.ts	30	code	2034-2034	2523-2543	1	18	0	offerRemainingArray=absent	waitToOffer=absent;resumeUnoffered=absent;takeOfferUnsafe=absent
Queue.ts	31	code	2050-2050	before 2560	1	0	0	releaseCapacity=code	
Queue.ts	32	code	2052-2052	2561-2562	1	2	0	releaseCapacity=code	releaseCapacity=code
Queue.ts	33	code	2055-2056	before 2565	2	0	0	releaseCapacity=code	
Queue.ts	34	code	before 2058	2566-2566	0	1	0		releaseCapacity=code
Queue.ts	35	code	2064-2064	before 2573	1	0	0	releaseCapacity=code	
Queue.ts	36	code	before 2066	2574-2574	0	1	0		releaseCapacity=code
Queue.ts	37	code	2071-2082	before 2580	12	0	0	awaitTake=code	
Queue.ts	38	code	2090-2093	2586-2586	4	1	0	takeAllUnsafe=code	takeAllUnsafe=code
Queue.ts	39	code	2107-2107	2600-2600	1	1	0	finalize=code	finalize=code
Result.ts	1	code	30-30	30-30	1	1	0	TypeId=code	TypeId=code
Schedule.ts	1	code	before 1952	1964-1964	0	1	0		once=absent
Scheduler.ts	1	code	83-93	before 83	9	0	1	setImmediate=code	
Scheduler.ts	2	code	before 105	93-113	0	16	0		setTimer=absent;setImmediate=code
Scheduler.ts	3	code	175-175	185-185	1	1	1	MixedScheduler.shouldYield=code	MixedScheduler.shouldYield=code
Schema.ts	1	code	before 19	18-18	0	1	0		import ./ByteSize.ts=absent
Schema.ts	2	code	26-26	26-26	1	1	0	import ./Encoding.ts=absent	import ./encoding/Base64.ts=absent
Schema.ts	3	import	28-28	28-28	1	1	0	import ./Equivalence.ts=import	import ./Equivalence.ts=import
Schema.ts	4	import	32-33	32-33	2	2	0	import ./Function.ts=import;import ./Graph.ts=import	import ./Function.ts=import;import ./Graph.ts=import
Schema.ts	5	code	before 36	36-38	0	3	0		import ./http/Cookies.ts=absent;import ./http/Headers.ts=absent;import ./http/UrlParams.ts=absent
Schema.ts	6	code	41-42	44-48	2	5	0	import ./internal/schema/schema.ts=absent;import ./internal/schema/toArbitrary.ts=absent	import ./internal/schema/make.ts=absent;import ./internal/schema/standardSchema.ts=absent;import ./internal/schema/toCodec.ts=absent;import ./internal/schema/toDifferJsonPatch.ts=absent;import ./internal/schema/toEncoderXml.ts=absent
Schema.ts	7	code	before 44	50-51	0	2	0		import ./internal/schema/toFormatter.ts=absent;import ./internal/schema/toIso.ts=absent
Schema.ts	8	code	before 46	54-54	0	1	0		import ./internal/schemaError.ts=absent
Schema.ts	9	code	47-48	56-60	2	5	0	import ./JsonPatch.ts=import;import ./JsonSchema.ts=import	import ./JsonPatch.ts=import;import ./JsonSchema.ts=import;import ./net/IpInterface.ts=absent;import ./net/IpNetwork.ts=absent;import ./net/NetAddress.ts=absent
Schema.ts	10	import	50-50	62-62	1	1	0	import ./Optic.ts=import	import ./Optic.ts=import
Schema.ts	11	code	59-59	before 71	1	0	0	import ./Scheduler.ts=absent	
Schema.ts	12	erased	69-70	80-80	2	1	0	import ./testing/FastCheck.ts=absent;import ./Types.ts=import	import ./Types.ts=import
Schema.ts	13	code	73-73	83-83	1	1	0	TypeId=code	TypeId=code
Schema.ts	14	erased	908-908	900-903	1	4	0	Schema=type-decl	Schema=type-decl
Schema.ts	15	erased	968-1004	961-1004	3	12	0	Codec=type-decl	Codec=type-decl
Schema.ts	16	code	1148-1148	before 1172	1	0	0	SchemaErrorTypeId=absent	
Schema.ts	17	code	1222-1523	1213-1213	111	1	0	isSchemaError=code;makeStandardResult=absent;toStandardSchemaV1=code;toBaseStandardJSONSchemaV1=absent;toStandardJSONSchemaV1=code;is=erased;asserts=same;decodeUnknownEffect=same	isSchemaError=code
Schema.ts	18	erased	1559-1565	1228-1232	7	5	0	decodeEffect=same	fromIssueExit=same
Schema.ts	19	code	before 1635	1339-1509	0	34	0		toStandardSchemaV1=code;toStandardJSONSchemaV1=code;is=erased;asserts=same;decodeUnknownEffect=same;decodeEffect=same
Schema.ts	20	erased	1642-1646	before 1576	5	0	0	fromIssueExit=same	
Schema.ts	21	code	2377-2377	2254-2254	1	1	0	make=code	make=code
Schema.ts	22	erased	2444-2444	2317-2317	1	1	0	optionalKey#2=erased	optionalKey#2=erased
Schema.ts	23	erased	2465-2465	2336-2336	1	1	0	requiredKey=erased	requiredKey=erased
Schema.ts	24	erased	2511-2511	2379-2379	1	1	0	optional#2=erased	optional#2=erased
Schema.ts	25	erased	2537-2537	2403-2403	1	1	0	required=erased	required=erased
Schema.ts	26	erased	2579-2579	2442-2442	1	1	0	mutableKey#2=erased	mutableKey#2=erased
Schema.ts	27	erased	2600-2600	2461-2461	1	1	0	readonlyKey=erased	readonlyKey=erased
Schema.ts	28	erased	2642-2642	2500-2502	1	3	0	toType#2=erased	toType#2=erased
Schema.ts	29	erased	2684-2684	2541-2543	1	3	0	toEncoded#2=erased	toEncoded#2=erased
Schema.ts	30	erased	2815-2815	2670-2670	1	1	0	TemplateLiteral=type-decl	TemplateLiteral=type-decl
Schema.ts	31	erased	2825-2859	2679-2706	11	8	0	TemplateLiteral=type-decl	TemplateLiteral=type-decl
Schema.ts	32	code	2881-2884	2727-2728	4	2	0	templateLiteralFromParts=absent	templateLiteralParts=absent
Schema.ts	33	code	2916-2916	2766-2766	1	1	0	TemplateLiteral#3=code	TemplateLiteral#3=code
Schema.ts	34	erased	2936-2939	2785-2786	4	2	0	TemplateLiteralParser=type-decl	TemplateLiteralParser=type-decl
Schema.ts	35	layout	2941-2942	2788-2789	2	2	0	TemplateLiteralParser=type-decl	TemplateLiteralParser=type-decl
Schema.ts	36	erased	2959-2960	2805-2806	2	2	0	TemplateLiteralParser#2=type-decl	TemplateLiteralParser#2=type-decl
Schema.ts	37	code	2997-2997	2850-2850	1	1	0	TemplateLiteralParser#3=code	TemplateLiteralParser#3=code
Schema.ts	38	code	before 3154	2998-3042	0	11	0		StringForLiteralAutocomplete=absent;StringForLiteralAutocomplete#2=absent
Schema.ts	39	erased	3335-3335	3222-3224	1	3	0	Struct=type-decl	Struct=type-decl
Schema.ts	40	erased	3399-3445	3275-3321	5	9	0	Struct=type-decl	Struct=type-decl
Schema.ts	41	erased	3470-3470	3342-3342	1	1	0	Struct=type-decl	Struct=type-decl
Schema.ts	42	erased	3801-3801	3666-3666	1	1	0	Record=type-decl	Record=type-decl
Schema.ts	43	erased	3819-3866	3683-3763	19	55	0	Record=type-decl	Record=type-decl
Schema.ts	44	erased	3877-3877	3773-3773	1	1	0	Record=type-decl	Record=type-decl
Schema.ts	45	erased	3893-3898	3788-3805	6	18	0	Record=type-decl	Record=type-decl
Schema.ts	46	erased	3986-3995	3891-3901	2	4	0	StructWithRest=type-decl	StructWithRest=type-decl
Schema.ts	47	erased	4016-4044	3919-3944	4	4	0	StructWithRest=type-decl	StructWithRest=type-decl
Schema.ts	48	erased	4061-4061	3959-3959	1	1	0	StructWithRest=type-decl	StructWithRest=type-decl
Schema.ts	49	erased	4074-4074	3971-3971	1	1	0	StructWithRest=type-decl	StructWithRest=type-decl
Schema.ts	50	erased	4132-4136	4025-4026	5	2	0	StructWithRest=type-decl	StructWithRest=type-decl
Schema.ts	51	erased	4225-4225	4112-4112	1	1	0	Tuple=type-decl	Tuple=type-decl
Schema.ts	52	erased	4248-4248	4133-4133	1	1	0	Tuple=type-decl	Tuple=type-decl
Schema.ts	53	erased	4267-4267	4150-4150	1	1	0	Tuple=type-decl	Tuple=type-decl
Schema.ts	54	erased	4290-4308	4171-4187	3	3	0	Tuple=type-decl	Tuple=type-decl
Schema.ts	55	erased	4333-4333	4210-4210	1	1	0	Tuple=type-decl	Tuple=type-decl
Schema.ts	56	erased	4436-4436	4310-4310	1	1	0	TupleWithRest=type-decl	TupleWithRest=type-decl
Schema.ts	57	erased	4455-4469	4328-4341	2	2	0	TupleWithRest=type-decl	TupleWithRest=type-decl
Schema.ts	58	layout	4473-4473	4345-4347	1	3	0	TupleWithRest=type-decl	TupleWithRest=type-decl
Schema.ts	59	erased	4489-4489	4362-4362	1	1	0	TupleWithRest=type-decl	TupleWithRest=type-decl
Schema.ts	60	layout	4493-4493	4366-4368	1	3	0	TupleWithRest=type-decl	TupleWithRest=type-decl
Schema.ts	61	erased	4509-4509	4383-4383	1	1	0	TupleWithRest=type-decl	TupleWithRest=type-decl
Schema.ts	62	layout	4513-4513	4387-4389	1	3	0	TupleWithRest=type-decl	TupleWithRest=type-decl
Schema.ts	63	erased	4529-4529	4404-4404	1	1	0	TupleWithRest=type-decl	TupleWithRest=type-decl
Schema.ts	64	layout	4533-4533	4408-4410	1	3	0	TupleWithRest=type-decl	TupleWithRest=type-decl
Schema.ts	65	erased	4630-4630	4502-4502	1	1	0	ArraySchema=erased	ArraySchema=erased
Schema.ts	66	code	before 4660	4526-4537	0	12	0		withArrayLengthConstraints=absent
Schema.ts	67	erased	4698-4698	4580-4580	1	1	0	NonEmptyArray#2=erased	NonEmptyArray#2=erased
Schema.ts	68	code	4739-4740	4619-4622	2	4	0	ArrayEnsure#2=code	ArrayEnsure#2=code
Schema.ts	69	code	4742-4743	4624-4625	2	2	0	ArrayEnsure#2=code	ArrayEnsure#2=code
Schema.ts	70	code	4745-4745	4627-4628	1	2	0	ArrayEnsure#2=code	ArrayEnsure#2=code
Schema.ts	71	layout	4779-4779	4659-4663	1	5	0	mutable=same	mutable=same
Schema.ts	72	code	4829-4831	4716-4718	3	3	0	mutable#2=code	mutable#2=code
Schema.ts	73	code	4892-4892	4778-4778	1	1	0	makeUnion=code	makeUnion=code
Schema.ts	74	erased	4925-4925	4810-4810	1	1	0	Union#2=code	Union#2=code
Schema.ts	75	code	4927-4927	4812-4812	1	1	0	Union#2=code	Union#2=code
Schema.ts	76	code	4971-4971	4854-4854	1	1	0	Literals#2=code	Literals#2=code
Schema.ts	77	erased	5012-5012	4892-4892	1	1	0	NullOr#2=erased	NullOr#2=erased
Schema.ts	78	erased	5035-5035	4912-4912	1	1	0	UndefinedOr#2=erased	UndefinedOr#2=erased
Schema.ts	79	erased	5058-5058	4932-4932	1	1	0	NullishOr#2=erased	NullishOr#2=erased
Schema.ts	80	erased	5187-5187	5056-5056	1	1	0	refine#2=erased	refine#2=erased
Schema.ts	81	erased	5192-5200	5061-5072	2	5	0	DistributeBrands=absent;brand=type-decl	EnsureSingleBrandKey=absent;FromBrandKeys=absent;brand=type-decl
Schema.ts	82	erased	5212-5212	5084-5084	1	1	0	brand=type-decl	brand=type-decl
Schema.ts	83	erased	5217-5218	5089-5090	2	2	0	brand=type-decl	brand=type-decl
Schema.ts	84	erased	5242-5242	5118-5118	1	1	0	brand#2=code	brand#2=code
Schema.ts	85	code	5244-5244	5120-5120	1	1	0	brand#2=code	brand#2=code
Schema.ts	86	erased	5254-5254	5141-5145	1	5	0	fromBrand=code	fromBrand=code
Schema.ts	87	code	5257-5259	5148-5150	3	2	0	fromBrand=code	fromBrand=code
Schema.ts	88	code	5605-5605	5485-5485	1	1	0	decodeTo#4=code	decodeTo#4=code
Schema.ts	89	code	before 5657	5500-5525	0	20	0		linkDecoding=absent;TrueLiterals=absent;FalseLiterals=absent;BooleanLiterals=absent
Schema.ts	90	erased	5698-5698	5608-5608	1	1	0	encodeTo=erased	encodeTo=erased
Schema.ts	91	erased	5832-5836	before 5743	5	0	0	toIssueEffect=same	
Schema.ts	92	erased	before 5899	5764-5768	0	5	0		toIssueEffect=same
Schema.ts	93	erased	5902-5902	5805-5805	1	1	0	withDecodingDefaultKey#2=erased	withDecodingDefaultKey#2=erased
Schema.ts	94	erased	5949-5949	5850-5850	1	1	0	withDecodingDefaultTypeKey#2=erased	withDecodingDefaultTypeKey#2=erased
Schema.ts	95	erased	6009-6009	5908-5908	1	1	0	withDecodingDefault#2=erased	withDecodingDefault#2=erased
Schema.ts	96	erased	6061-6061	5958-5958	1	1	0	withDecodingDefaultType#2=erased	withDecodingDefaultType#2=erased
Schema.ts	97	erased	6200-6200	6092-6092	1	1	0	TaggedStruct#2=erased	TaggedStruct#2=erased
Schema.ts	98	code	6353-6353	6239-6239	1	1	0	toTaggedUnion#2=code	toTaggedUnion#2=code
Schema.ts	99	code	6538-6540	6420-6422	3	3	0	Opaque#2=code	Opaque#2=code
Schema.ts	100	code	6593-6593	6472-6472	1	1	0	link=code	link=code
Schema.ts	101	erased	6712-6716	6584-6584	5	1	0	FilterOutput=same	FilterOutput=same
Schema.ts	102	code	6732-6741	before 6599	10	0	0	makeFixedDeclarationReviver=absent	
Schema.ts	103	code	6775-6778	6630-6631	4	2	0	isTrimmed=code	isTrimmed=code
Schema.ts	104	code	6797-6801	before 6656	5	0	0	isTrimmedReviver=absent	
Schema.ts	105	code	before 6826	6662-6662	0	1	0		isPattern=code
Schema.ts	106	code	before 6830	6667-6667	0	1	0		isPattern=code
Schema.ts	107	code	6835-6864	before 6690	17	0	0	IsPatternPayload=absent;isPatternReviver=absent	
Schema.ts	108	code	6903-6907	before 6713	5	0	0	isStringFiniteReviver=absent	
Schema.ts	109	code	6945-6949	before 6731	5	0	0	isStringBigIntReviver=absent	
Schema.ts	110	code	6982-6986	before 6738	5	0	0	isStringSymbolReviver=absent	
Schema.ts	111	code	7061-7067	before 6793	7	0	0	isUUIDReviver=absent	
Schema.ts	112	code	7123-7127	before 6852	5	0	0	isGUIDReviver=absent	
Schema.ts	113	code	7176-7180	before 6885	5	0	0	isULIDReviver=absent	
Schema.ts	114	code	7229-7233	before 6920	5	0	0	isBase64Reviver=absent	
Schema.ts	115	code	7283-7300	6937-6959	6	10	0	isBase64UrlReviver=absent;isStartsWith=absent	literalToJsonSchema=absent;isStartingWith=absent
Schema.ts	116	code	before 7303	6962-6962	0	1	0		isStartingWith=absent
Schema.ts	117	code	7308-7308	6968-6968	1	1	0	isStartsWith=absent	isStartingWith=absent
Schema.ts	118	code	7311-7316	6971-6974	6	4	0	isStartsWith=absent	isStartingWith=absent
Schema.ts	119	code	7335-7354	6992-6992	8	1	0	isStartsWithReviver=absent;isEndsWith=absent	isEndingWith=absent
Schema.ts	120	code	before 7357	6995-6995	0	1	0		isEndingWith=absent
Schema.ts	121	code	7362-7362	7001-7001	1	1	0	isEndsWith=absent	isEndingWith=absent
Schema.ts	122	code	7365-7370	7004-7007	6	4	0	isEndsWith=absent	isEndingWith=absent
Schema.ts	123	code	7389-7409	7026-7026	8	1	0	isEndsWithReviver=absent;isIncludes=absent	isIncluding=absent
Schema.ts	124	code	before 7412	7029-7029	0	1	0		isIncluding=absent
Schema.ts	125	code	7417-7417	7035-7035	1	1	0	isIncludes=absent	isIncluding=absent
Schema.ts	126	code	7420-7425	7038-7041	6	4	0	isIncludes=absent	isIncluding=absent
Schema.ts	127	code	7444-7450	before 7048	7	0	0	isIncludesReviver=absent	
Schema.ts	128	code	7476-7476	7071-7071	1	1	0	isUppercased=code	isUppercased=code
Schema.ts	129	code	7478-7481	7073-7074	4	2	0	isUppercased=code	isUppercased=code
Schema.ts	130	code	7500-7504	before 7081	5	0	0	isUppercasedReviver=absent	
Schema.ts	131	code	7530-7530	7104-7104	1	1	0	isLowercased=code	isLowercased=code
Schema.ts	132	code	7532-7535	7106-7107	4	2	0	isLowercased=code	isLowercased=code
Schema.ts	133	code	7554-7560	7114-7114	6	1	0	isLowercasedReviver=absent;CAPITALIZED_PATTERN=code	CAPITALIZED_PATTERN=code
Schema.ts	134	code	7584-7584	7137-7137	1	1	0	isCapitalized=code	isCapitalized=code
Schema.ts	135	code	7586-7589	7139-7140	4	2	0	isCapitalized=code	isCapitalized=code
Schema.ts	136	code	7608-7614	7147-7147	6	1	0	isCapitalizedReviver=absent;UNCAPITALIZED_PATTERN=code	UNCAPITALIZED_PATTERN=code
Schema.ts	137	code	7638-7638	7170-7170	1	1	0	isUncapitalized=code	isUncapitalized=code
Schema.ts	138	code	7640-7643	7172-7173	4	2	0	isUncapitalized=code	isUncapitalized=code
Schema.ts	139	code	7662-7666	before 7185	5	0	0	isUncapitalizedReviver=absent	
Schema.ts	140	code	7718-7722	before 7220	5	0	0	isFiniteReviver=absent	
Schema.ts	141	code	7743-7745	7232-7232	3	1	0	makeIsGreaterThan=code	makeIsGreaterThan=code
Schema.ts	142	erased	7749-7750	before 7236	2	0	0	makeIsGreaterThan=code	
Schema.ts	143	code	7778-7780	7262-7262	3	1	0	makeIsGreaterThanOrEqualTo=code	makeIsGreaterThanOrEqualTo=code
Schema.ts	144	erased	7783-7784	before 7265	2	0	0	makeIsGreaterThanOrEqualTo=code	
Schema.ts	145	code	7812-7814	7291-7291	3	1	0	makeIsLessThan=code	makeIsLessThan=code
Schema.ts	146	erased	7818-7819	before 7295	2	0	0	makeIsLessThan=code	
Schema.ts	147	code	7847-7849	7321-7321	3	1	0	makeIsLessThanOrEqualTo=code	makeIsLessThanOrEqualTo=code
Schema.ts	148	erased	7852-7853	before 7324	2	0	0	makeIsLessThanOrEqualTo=code	
Schema.ts	149	code	7900-7902	7369-7369	3	1	0	makeIsBetween=code	makeIsBetween=code
Schema.ts	150	erased	7908-7909	before 7375	2	0	0	makeIsBetween=code	
Schema.ts	151	erased	7969-7969	7432-7433	1	2	0	isGreaterThan=erased	isGreaterThan=erased
Schema.ts	152	code	7993-8019	7462-7463	8	2	0	isGreaterThanReviver=absent;isGreaterThanOrEqualTo=erased	isGreaterThanOrEqualTo=erased
Schema.ts	153	code	8043-8069	7492-7493	8	2	0	isGreaterThanOrEqualToReviver=absent;isLessThan=erased	isLessThan=erased
Schema.ts	154	code	8093-8119	7522-7523	8	2	0	isLessThanReviver=absent;isLessThanOrEqualTo=erased	isLessThanOrEqualTo=erased
Schema.ts	155	code	8143-8143	7555-7556	1	2	0	isLessThanOrEqualToReviver=absent	isBetween=erased
Schema.ts	156	code	8145-8172	7558-7560	6	3	0	isLessThanOrEqualToReviver=absent;isBetween=erased	isBetween=erased
Schema.ts	157	code	8213-8249	7606-7616	19	11	0	isBetweenReviver=absent;isMultipleOf=code	isMultipleOf=code
Schema.ts	158	code	8256-8277	7623-7625	9	3	0	isMultipleOf=code;isMultipleOfReviver=absent	isMultipleOf=code
Schema.ts	159	code	before 8298	7627-7627	0	1	0		isMultipleOf=code
Schema.ts	160	code	8307-8307	7654-7654	1	1	0	isInt=code	isInt=code
Schema.ts	161	code	8309-8312	7656-7657	4	2	0	isInt=code	isInt=code
Schema.ts	162	code	8331-8335	before 7669	5	0	0	isIntReviver=absent	
Schema.ts	163	erased	8468-8468	7786-7789	1	4	0	isGreaterThanDate=code	isGreaterThanDate=code
Schema.ts	164	code	8477-8477	7798-7798	1	1	0	isGreaterThanDate=code	isGreaterThanDate=code
Schema.ts	165	erased	8503-8503	7821-7824	1	4	0	isGreaterThanOrEqualToDate=code	isGreaterThanOrEqualToDate=code
Schema.ts	166	code	8512-8512	7833-7833	1	1	0	isGreaterThanOrEqualToDate=code	isGreaterThanOrEqualToDate=code
Schema.ts	167	erased	8532-8532	7850-7853	1	4	0	isLessThanDate=code	isLessThanDate=code
Schema.ts	168	code	8541-8541	7862-7862	1	1	0	isLessThanDate=code	isLessThanDate=code
Schema.ts	169	erased	8567-8567	7885-7888	1	4	0	isLessThanOrEqualToDate=code	isLessThanOrEqualToDate=code
Schema.ts	170	code	8576-8576	7897-7897	1	1	0	isLessThanOrEqualToDate=code	isLessThanOrEqualToDate=code
Schema.ts	171	erased	8602-8602	7920-7925	1	6	0	isBetweenDate=code	isBetweenDate=code
Schema.ts	172	code	8618-8618	7941-7941	1	1	0	isBetweenDate=code	isBetweenDate=code
Schema.ts	173	erased	8642-8642	7962-7965	1	4	0	isGreaterThanBigInt=code	isGreaterThanBigInt=code
Schema.ts	174	code	8651-8651	7974-7974	1	1	0	isGreaterThanBigInt=code	isGreaterThanBigInt=code
Schema.ts	175	erased	8672-8672	7992-7995	1	4	0	isGreaterThanOrEqualToBigInt=code	isGreaterThanOrEqualToBigInt=code
Schema.ts	176	code	8681-8681	8004-8004	1	1	0	isGreaterThanOrEqualToBigInt=code	isGreaterThanOrEqualToBigInt=code
Schema.ts	177	erased	8701-8701	8021-8024	1	4	0	isLessThanBigInt=code	isLessThanBigInt=code
Schema.ts	178	code	8710-8710	8033-8033	1	1	0	isLessThanBigInt=code	isLessThanBigInt=code
Schema.ts	179	erased	8731-8731	8051-8054	1	4	0	isLessThanOrEqualToBigInt=code	isLessThanOrEqualToBigInt=code
Schema.ts	180	code	8740-8740	8063-8063	1	1	0	isLessThanOrEqualToBigInt=code	isLessThanOrEqualToBigInt=code
Schema.ts	181	erased	8761-8761	8081-8086	1	6	0	isBetweenBigInt=code	isBetweenBigInt=code
Schema.ts	182	code	8777-8777	8102-8102	1	1	0	isBetweenBigInt=code	isBetweenBigInt=code
Schema.ts	183	erased	8793-8847	before 8146	20	0	0	isGreaterThanBigDecimal=erased;isGreaterThanOrEqualToBigDecimal=erased;isLessThanBigDecimal=erased;isLessThanOrEqualToBigDecimal=erased;isBetweenBigDecimal=erased	
Schema.ts	184	code	8881-8881	8147-8151	1	4	0	isMinLength=code	isMinLength=code;makeIsMinLength=absent
Schema.ts	185	code	8890-8890	8160-8169	1	10	0	isMinLength=code	makeIsMinLength=absent
Schema.ts	186	code	8893-8894	8172-8172	2	1	0	isMinLength=code	makeIsMinLength=absent
Schema.ts	187	erased	8896-8896	before 8174	1	0	0	isMinLength=code	
Schema.ts	188	code	8915-8921	before 8198	7	0	0	isMinLengthReviver=absent	
Schema.ts	189	code	8943-8943	8199-8199	1	1	0	isNonEmpty=code	isNonEmpty=code
Schema.ts	190	code	8967-8967	8224-8224	1	1	0	isMaxLength=code	isMaxLength=code
Schema.ts	191	code	8976-8976	8233-8240	1	8	0	isMaxLength=code	isMaxLength=code
Schema.ts	192	code	8979-8980	8243-8243	2	1	0	isMaxLength=code	isMaxLength=code
Schema.ts	193	erased	8982-8982	before 8245	1	0	0	isMaxLength=code	
Schema.ts	194	code	9001-9031	8273-8275	10	3	0	isMaxLengthReviver=absent;isLengthBetween=absent	isBetweenLength=absent
Schema.ts	195	code	9040-9040	8284-8284	1	1	0	isLengthBetween=absent	isBetweenLength=absent
Schema.ts	196	code	9044-9047	8288-8302	4	15	0	isLengthBetween=absent	isBetweenLength=absent
Schema.ts	197	code	9049-9050	8304-8304	2	1	0	isLengthBetween=absent	isBetweenLength=absent
Schema.ts	198	erased	9053-9053	before 8307	1	0	0	isLengthBetween=absent	
Schema.ts	199	code	9072-9078	8333-8347	7	15	0	isLengthBetweenReviver=absent	isMinCodePoints=absent
Schema.ts	200	code	before 9101	8349-8447	0	55	0		isMinCodePoints=absent;isMaxCodePoints=absent;isBetweenCodePoints=absent;countCodePointsUpTo=absent;normalizeCardinality=absent
Schema.ts	201	code	9102-9102	8470-8470	1	1	0	isMinSize=code	isMinSize=code
Schema.ts	202	code	9111-9111	8479-8479	1	1	0	isMinSize=code	isMinSize=code
Schema.ts	203	code	9114-9117	8482-8483	4	2	0	isMinSize=code	isMinSize=code
Schema.ts	204	code	9136-9142	before 8509	7	0	0	isMinSizeReviver=absent	
Schema.ts	205	code	9165-9165	8510-8510	1	1	0	isMaxSize=code	isMaxSize=code
Schema.ts	206	code	9174-9174	8519-8519	1	1	0	isMaxSize=code	isMaxSize=code
Schema.ts	207	code	9177-9180	8522-8523	4	2	0	isMaxSize=code	isMaxSize=code
Schema.ts	208	code	9199-9229	8549-8551	10	3	0	isMaxSizeReviver=absent;isSizeBetween=absent	isBetweenSize=absent
Schema.ts	209	code	9238-9238	8560-8560	1	1	0	isSizeBetween=absent	isBetweenSize=absent
Schema.ts	210	code	9241-9242	8563-8564	2	2	0	isSizeBetween=absent	isBetweenSize=absent
Schema.ts	211	code	9244-9248	8566-8568	5	3	0	isSizeBetween=absent	isBetweenSize=absent
Schema.ts	212	code	9267-9274	before 8597	8	0	0	isSizeBetweenReviver=absent	
Schema.ts	213	code	9297-9297	8598-8598	1	1	0	isMinProperties=code	isMinProperties=code
Schema.ts	214	code	9306-9306	8607-8607	1	1	0	isMinProperties=code	isMinProperties=code
Schema.ts	215	code	9309-9312	8610-8611	4	2	0	isMinProperties=code	isMinProperties=code
Schema.ts	216	code	9331-9337	before 8639	7	0	0	isMinPropertiesReviver=absent	
Schema.ts	217	code	9359-9359	8640-8640	1	1	0	isMaxProperties=code	isMaxProperties=code
Schema.ts	218	code	9368-9368	8649-8649	1	1	0	isMaxProperties=code	isMaxProperties=code
Schema.ts	219	code	9371-9374	8652-8653	4	2	0	isMaxProperties=code	isMaxProperties=code
Schema.ts	220	code	9393-9423	8681-8683	10	3	0	isMaxPropertiesReviver=absent;isPropertiesLengthBetween=absent	isBetweenProperties=absent
Schema.ts	221	code	9432-9432	8692-8692	1	1	0	isPropertiesLengthBetween=absent	isBetweenProperties=absent
Schema.ts	222	code	9435-9436	8695-8699	2	5	0	isPropertiesLengthBetween=absent	isBetweenProperties=absent
Schema.ts	223	code	9438-9442	8701-8703	5	3	0	isPropertiesLengthBetween=absent	isBetweenProperties=absent
Schema.ts	224	code	9461-9468	before 8727	8	0	0	isPropertiesLengthBetweenReviver=absent	
Schema.ts	225	code	9512-9512	8753-8754	1	2	0	isPropertyNames=code	isPropertyNames=code
Schema.ts	226	code	9532-9536	before 8776	5	0	0	isPropertyNamesReviver=absent	
Schema.ts	227	code	9565-9568	8787-8788	4	2	0	isUnique=code	isUnique=code
Schema.ts	228	code	9587-9590	8809-8823	4	15	0	isUniqueReviver=absent	isUniqueKey=absent
Schema.ts	229	erased	before 9603	8825-8825	0	1	0		isUniqueKey=absent
Schema.ts	230	code	9645-9662	8871-8879	11	3	0	Char#2=code;Option=same	Char#2=code;ErrorInstance=same
Schema.ts	231	code	9676-9696	8887-8900	14	3	0	OptionIso=same;Option#2=code	ErrorOptions=same
Schema.ts	232	code	9698-10138	8903-8914	256	9	0	Option#2=code;OptionReviver=absent;OptionFromNullOr=same;OptionFromNullOr#2=same;OptionFromUndefinedOr=same;OptionFromUndefinedOr#2=same;OptionFromNullishOr=same;OptionFromNullishOr#2=same;OptionFromOptionalKey=same;OptionFromOptionalKey#2=same;OptionFromOptional=same;OptionFromOptional#2=same;OptionFromOptionalNullOr=same;OptionFromOptionalNullOr#2=same;Result=same;ResultIso=same;Result#2=code;ResultReviver=absent;Redacted=same;RedactedRepresentationOptions=absent;NormalizedRedactedOptions=same;RedactedRepresentationPayload=absent;RedactedOptionsPayload=absent	NormalizedErrorOptions=same;ErrorOptionsKey=same;getErrorOptionsKey=same;getErrorOptions=same
Schema.ts	233	code	10140-10212	8916-8923	53	8	0	RedactedOptionsPayload=absent;RedactedRepresentationPayload#2=absent;Redacted#2=code	getErrorOptions=same
Schema.ts	234	code	10215-10216	8927-8947	2	6	0	Redacted#2=code	errorSchemaCache=same;ErrorInstance#2=code
Schema.ts	235	code	10218-10220	8949-8950	3	2	0	Redacted#2=code	ErrorInstance#2=code
Schema.ts	236	code	10222-10222	8952-8952	1	1	0	Redacted#2=code	ErrorInstance#2=code
Schema.ts	237	code	10225-10225	8955-8955	1	1	0	Redacted#2=code	ErrorInstance#2=code
Schema.ts	238	code	10227-10230	8957-8959	4	3	0	Redacted#2=code	ErrorInstance#2=code
Schema.ts	239	code	10232-10243	8961-8965	12	5	0	Redacted#2=code	ErrorInstance#2=code
Schema.ts	240	code	10245-10248	8973-9096	4	62	0	Redacted#2=code	Defect=same;defectSchemaCache=same;Defect#2=same;$ReadonlyMap=same;ReadonlyMapIso=same;ReadonlyMap=code
Schema.ts	241	code	10250-10251	9098-9181	2	65	0	Redacted#2=code	ReadonlyMap=code;$ReadonlySet=same;ReadonlySetIso=same;ReadonlySet=code
Schema.ts	242	code	10269-10274	9192-9240	6	39	0	RedactedReviver=absent	RegExp=same;RegExp#2=code
Schema.ts	243	erased	10284-10285	9249-9250	2	2	0	RedactedFromValue=same	URL=same
Schema.ts	244	code	10297-10305	9253-9267	9	3	0	RedactedFromValue#2=same	URLString=same;URL#2=code
Schema.ts	245	code	10307-10313	9269-9282	7	14	0	RedactedFromValue#2=same	URL#2=code
Schema.ts	246	code	10315-10315	9284-9292	1	3	0	RedactedFromValue#2=same	URL#2=code;URLFromString=same
Schema.ts	247	code	before 10324	9308-10659	0	475	0		URLFromString#2=same;Date=same;DateString=same;Date#2=code;DateFromString=same;DateFromString#2=same;DateFromMillis=same;DateFromMillis#2=same;fromJsonString=same;JsonString=same;fromJsonString#2=same;UnknownFromJsonString=same;File=same;File#2=code;FormData=same;FormData#2=code;fromFormData=same;fromFormData#2=same;URLSearchParams=same;URLSearchParams#2=same;fromURLSearchParams=same;fromURLSearchParams#2=same;NumberFromString=same;NumberFromString#2=same;FiniteFromString=same;FiniteFromString#2=same;BigIntFromString=same;BigIntFromString#2=same;Trimmed=same;Trimmed#2=same;Trim=same;Trim#2=same;StringFromBase64=same;StringFromBase64#2=same;StringFromBase64Url=same;StringFromBase64Url#2=same;StringFromHex=same;StringFromHex#2=same;StringFromUriComponent=same;StringFromUriComponent#2=same;PropertyKey=erased;StandardSchemaV1FailureResult=erased;BooleanFromBit=same;BooleanFromBit#2=same;Uint8Array=same;Base64String=same;Uint8Array#2=code;Uint8ArrayFromBase64=same;Uint8ArrayFromBase64#2=same;Uint8ArrayFromBase64Url=same;Uint8ArrayFromBase64Url#2=same;Uint8ArrayFromHex=same;Uint8ArrayFromHex#2=same;bigDecimalFromString=absent;isGreaterThanBigDecimal=erased;isGreaterThanOrEqualToBigDecimal=erased;isLessThanBigDecimal=erased;isLessThanOrEqualToBigDecimal=erased;isBetweenBigDecimal=erased;BigDecimal=same;BigDecimalString=same;BigDecimal#2=code;BigDecimalFromString=same;BigDecimalFromString#2=code;ByteSize=absent;ByteSize#2=absent;ByteSizeString=absent;ByteSizeFromString=absent;ByteSizeFromString#2=absent;ByteSizeFromBigInt=absent;ByteSizeFromBigInt#2=absent;ByteSizeFromNumber=absent;ByteSizeFromNumber#2=absent
Schema.ts	248	layout	10379-10380	10724-10732	2	9	0	CauseReason#2=code	CauseReason#2=code
Schema.ts	249	layout	10423-10423	10775-10778	1	4	0	CauseReason#2=code	CauseReason#2=code
Schema.ts	250	code	10436-10436	10791-10800	1	10	0	CauseReason#2=code	CauseReason#2=code
Schema.ts	251	code	10438-10441	10802-10802	4	1	0	CauseReason#2=code	CauseReason#2=code
Schema.ts	252	code	10459-10509	before 10813	48	0	0	CauseReasonReviver=absent;causeReasonToArbitrary=absent;causeReasonToEquivalence=absent;causeReasonToFormatter=absent	
Schema.ts	253	code	10601-10604	10895-10895	4	1	0	Cause#2=code	Cause#2=code
Schema.ts	254	code	10622-10627	10905-10967	6	37	0	CauseReviver=absent	chunkLink=absent;Chunk=same;ChunkIso=same;Chunk#2=code
Schema.ts	255	code	10631-10639	before 10970	9	0	0	causeToArbitrary=absent	
Schema.ts	256	erased	before 10641	10971-10971	0	1	0		Chunk#2=code
Schema.ts	257	code	10643-10751	10973-10974	58	2	0	causeToEquivalence=absent;causeToFormatter=absent;ErrorInstance=same;ErrorOptions=same;ErrorRepresentationOptions=absent;NormalizedErrorOptions=same;ErrorRepresentationPayload=absent;ErrorOptionsPayload=absent;ErrorRepresentationPayload#2=absent;ErrorOptionsKey=same;getErrorOptionsKey=same;getErrorOptions=same;errorSchemaCache=same;ErrorInstance#2=code	Chunk#2=code
Schema.ts	258	code	10753-10754	10976-11163	2	156	0	ErrorInstance#2=code	Chunk#2=code;dateTimeUtcFromInput=absent;timeZoneOffsetFromNumber=absent;timeZoneNamedFromString=absent;timeZoneFromString=absent;dateTimeUtcFromString=absent;dateTimeZonedFromString=absent;arbitraryMinimumDateTimestamp=absent;arbitraryMaximumDateTimestamp=absent;arbitraryMinimumZonedDateTimeTimestamp=absent;arbitraryMaximumZonedDateTimeTimestamp=absent;arbitraryMinimumTimeZoneOffset=absent;arbitraryMaximumTimeZoneOffset=absent;arbitraryNamedTimeZones=absent;dateTimeArbitraryBounds=absent;dateTimeArbitraryInteger=absent;timeZoneArbitrarySchema=absent;DateTimeUtc=same;DateTimeUtc#2=code
Schema.ts	259	code	10757-10760	11166-11168	4	3	0	ErrorInstance#2=code	DateTimeUtc#2=code
Schema.ts	260	code	10762-10787	11170-11187	13	18	0	ErrorInstance#2=code;ErrorInstanceReviver=absent	DateTimeUtc#2=code
Schema.ts	261	erased	10797-10798	11196-11197	2	2	0	Defect=same	DateTimeUtcFromDate=same
Schema.ts	262	code	10801-10848	11223-11236	6	8	0	defectSchemaCache=same;Defect#2=same	DateTimeUtcFromDate#2=code;DateTimeUtcFromString=same
Schema.ts	263	code	10850-10852	11259-11274	3	10	0	Defect#2=same	DateTimeUtcFromString#2=code;DateTimeUtcFromMillis=same
Schema.ts	264	code	before 10861	11294-13148	0	758	0		DateTimeUtcFromMillis#2=code;TimeZoneOffset=same;TimeZoneOffset#2=code;TimeZoneNamed=same;TimeZoneNamedString=same;TimeZoneNamed#2=code;TimeZoneNamedFromString=same;TimeZoneNamedFromString#2=code;TimeZone=same;TimeZoneString=same;TimeZone#2=code;TimeZoneFromString=same;TimeZoneFromString#2=code;DateTimeZoned=same;DateTimeZonedString=same;DateTimeZoned#2=code;DateTimeZonedFromString=same;DateTimeZonedFromString#2=code;netAddressFromString=absent;MacAddress=absent;MacAddress#2=absent;MacAddressFromString=absent;MacAddressFromString#2=absent;Ipv4Address=absent;Ipv4Address#2=absent;Ipv4AddressFromString=absent;Ipv4AddressFromString#2=absent;Ipv6Address=absent;Ipv6Address#2=absent;Ipv6AddressFromString=absent;Ipv6AddressFromString#2=absent;IpAddress=absent;IpAddress#2=absent;IpAddressFromString=absent;IpAddressFromString#2=absent;netAddressRefinement=absent;IpMulticastAddress=absent;IpMulticastAddress#2=absent;IpMulticastAddressFromString=absent;IpMulticastAddressFromString#2=absent;MacMulticastAddress=absent;MacMulticastAddress#2=absent;MacMulticastAddressFromString=absent;MacMulticastAddressFromString#2=absent;IpUnicastAddress=absent;IpUnicastAddress#2=absent;IpUnicastAddressFromString=absent;IpUnicastAddressFromString#2=absent;MacUnicastAddress=absent;MacUnicastAddress#2=absent;MacUnicastAddressFromString=absent;MacUnicastAddressFromString#2=absent;Ipv4BroadcastAddress=absent;Ipv4BroadcastAddress#2=absent;Ipv4BroadcastAddressFromString=absent;Ipv4BroadcastAddressFromString#2=absent;MacBroadcastAddress=absent;MacBroadcastAddress#2=absent;MacBroadcastAddressFromString=absent;MacBroadcastAddressFromString#2=absent;IpLoopbackAddress=absent;IpLoopbackAddress#2=absent;IpLoopbackAddressFromString=absent;IpLoopbackAddressFromString#2=absent;IpLinkLocalAddress=absent;IpLinkLocalAddress#2=absent;IpLinkLocalAddressFromString=absent;IpLinkLocalAddressFromString#2=absent;IpUnspecifiedAddress=absent;IpUnspecifiedAddress#2=absent;IpUnspecifiedAddressFromString=absent;IpUnspecifiedAddressFromString#2=absent;Ipv4PrivateAddress=absent;Ipv4PrivateAddress#2=absent;Ipv4PrivateAddressFromString=absent;Ipv4PrivateAddressFromString#2=absent;Ipv6UniqueLocalAddress=absent;Ipv6UniqueLocalAddress#2=absent;Ipv6UniqueLocalAddressFromString=absent;Ipv6UniqueLocalAddressFromString#2=absent;MacLocallyAdministeredAddress=absent;MacLocallyAdministeredAddress#2=absent;MacLocallyAdministeredAddressFromString=absent;MacLocallyAdministeredAddressFromString#2=absent;MacUniversallyAdministeredAddress=absent;MacUniversallyAdministeredAddress#2=absent;MacUniversallyAdministeredAddressFromString=absent;MacUniversallyAdministeredAddressFromString#2=absent;Ipv4Interface=absent;Ipv4Interface#2=absent;Ipv4InterfaceFromString=absent;Ipv4InterfaceFromString#2=absent;Ipv6Interface=absent;Ipv6Interface#2=absent;Ipv6InterfaceFromString=absent;Ipv6InterfaceFromString#2=absent;IpInterface=absent;IpInterface#2=absent;IpInterfaceFromString=absent;IpInterfaceFromString#2=absent;Ipv4Network=absent;Ipv4Network#2=absent;Ipv4NetworkFromString=absent;Ipv4NetworkFromString#2=absent;Ipv6Network=absent;Ipv6Network#2=absent;Ipv6NetworkFromString=absent;Ipv6NetworkFromString#2=absent;IpNetwork=absent;IpNetwork#2=absent;IpNetworkFromString=absent;IpNetworkFromString#2=absent;InetAddressV4=absent;InetAddressV4#2=absent;InetAddressV6=absent;InetAddressV6#2=absent;InetAddress=absent;InetAddress#2=absent;InetAddressFromString=absent;InetAddressFromString#2=absent;UnixPathAddress=absent;UnixPathAddress#2=absent;UnixPathAddressFromString=absent;UnixPathAddressFromString#2=absent;SocketAddress=absent;SocketAddress#2=absent;durationFromString=absent;durationFromNanos=absent;durationFromMillis=absent;Duration=same;Duration#2=code;DurationString=same;DurationFromString=same;DurationFromString#2=code;DurationFromNanos=same;DurationFromNanos#2=code;DurationFromMillis=same;DurationFromMillis#2=code
Schema.ts	265	layout	10906-10906	13203-13207	1	5	0	Exit#2=code	Exit#2=code
Schema.ts	266	layout	10960-10960	13261-13264	1	4	0	Exit#2=code	Exit#2=code
Schema.ts	267	code	10970-10976	before 13274	7	0	0	Exit#2=code	
Schema.ts	268	code	10978-11006	before 13275	29	0	0	Exit#2=code	
Schema.ts	269	code	11024-11237	before 13290	173	0	0	ExitReviver=absent;$ReadonlyMap=same;ReadonlyMapIso=same;oneOfArbitraries=absent;withRecursion=absent;arrayFromItems=absent;collectionArbitrary=absent;entriesArbitrary=absent;ReadonlyMap=code;ReadonlyMapReviver=absent	
Schema.ts	270	code	11350-11350	13390-13390	1	1	0	graphEncode=code	graphEncode=code
Schema.ts	271	erased	before 11382	13420-13423	0	4	0		GraphArbitraryRepresentation=absent
Schema.ts	272	code	11384-11385	13426-13427	2	2	0	graphToArbitrary=code	graphToArbitrary=code
Schema.ts	273	code	11387-11395	13429-13440	9	12	0	graphToArbitrary=code	graphToArbitrary=code
Schema.ts	274	code	11398-11398	13443-13449	1	7	0	graphToArbitrary=code	graphToArbitrary=code
Schema.ts	275	code	11401-11403	before 13452	3	0	0	graphToArbitrary=code	
Schema.ts	276	code	11466-11466	13515-13515	1	1	0	Graph#5=code	Graph#5=code
Schema.ts	277	code	11489-11489	13538-13538	1	1	0	Graph#5=code	Graph#5=code
Schema.ts	278	code	11494-11496	13543-13544	3	2	0	Graph#5=code	Graph#5=code
Schema.ts	279	code	11508-11514	13554-13560	7	7	0	GraphReviver=absent	hashMapLink=absent
Schema.ts	280	code	before 11523	13562-13562	0	1	0		hashMapLink=absent
Schema.ts	281	code	11586-11592	13630-13637	7	8	0	HashMap#2=code	HashMap#2=code
Schema.ts	282	code	11594-11603	13639-13639	10	1	0	HashMap#2=code	HashMap#2=code
Schema.ts	283	code	11621-11697	13649-13651	55	3	0	HashMapReviver=absent;$ReadonlySet=same;ReadonlySetIso=same;ReadonlySet=code	hashSetLink=absent
Schema.ts	284	code	11699-11700	13653-13654	2	2	0	ReadonlySet=code	hashSetLink=absent
Schema.ts	285	code	11702-11714	before 13656	13	0	0	ReadonlySet=code	
Schema.ts	286	code	11716-11716	before 13657	1	0	0	ReadonlySet=code	
Schema.ts	287	code	11731-11738	before 13664	8	0	0	ReadonlySetReviver=absent	
Schema.ts	288	code	11805-11811	13721-13728	7	8	0	HashSet#2=code	HashSet#2=code
Schema.ts	289	code	11813-11823	13730-13730	11	1	0	HashSet#2=code	HashSet#2=code
Schema.ts	290	code	11841-11856	13746-13746	9	1	0	HashSetReviver=absent;Chunk=same	Option=same
Schema.ts	291	erased	11858-11861	13748-13751	4	4	0	Chunk=same	Option=same
Schema.ts	292	erased	11864-11865	13754-13755	2	2	0	Chunk=same	Option=same
Schema.ts	293	code	11882-11890	13768-13780	2	7	0	ChunkIso=same;Chunk#2=code	OptionIso=same;Option#2=code
Schema.ts	294	erased	11892-11894	13782-13784	3	3	0	Chunk#2=code	Option#2=code
Schema.ts	295	code	11897-11900	13787-13791	4	5	0	Chunk#2=code	Option#2=code
Schema.ts	296	code	11902-11902	13793-13793	1	1	0	Chunk#2=code	Option#2=code
Schema.ts	297	code	11904-11905	13795-13796	2	2	0	Chunk#2=code	Option#2=code
Schema.ts	298	erased	11910-11910	before 13801	1	0	0	Chunk#2=code	
Schema.ts	299	code	11914-11914	13804-13804	1	1	0	Chunk#2=code	Option#2=code
Schema.ts	300	code	11918-11919	13808-13810	2	3	0	Chunk#2=code	Option#2=code
Schema.ts	301	code	11921-11921	13812-13812	1	1	0	Chunk#2=code	Option#2=code
Schema.ts	302	code	11923-11924	13814-13818	2	5	0	Chunk#2=code	Option#2=code
Schema.ts	303	code	11926-11927	13820-13821	2	2	0	Chunk#2=code	Option#2=code
Schema.ts	304	code	11929-11940	13823-13823	12	1	0	Chunk#2=code	Option#2=code
Schema.ts	305	code	11958-11963	13834-13835	6	2	0	ChunkReviver=absent	OptionFromNullOr=same
Schema.ts	306	code	11965-12238	13848-13851	149	4	0	ChunkReviver=absent;RegExp=same;RegExp#2=code;RegExpReviver=absent;URL=same;URLString=same;URL#2=code;URLReviver=absent;URLFromString=same;URLFromString#2=same;Date=same;dateArbitraryConstraints=absent;DateString=same;Date#2=code	OptionFromNullOr#2=same
Schema.ts	307	code	12241-12267	13860-13861	7	2	0	Date#2=code;DateReviver=absent;DateFromString=same	OptionFromUndefinedOr=same
Schema.ts	308	erased	12295-12304	13875-13879	3	5	0	DateFromString#2=same;DateFromMillis=same	OptionFromUndefinedOr#2=same
Schema.ts	309	erased	12335-12346	13887-13888	5	2	0	DateFromMillis#2=same;Duration=same	OptionFromNullishOr=same
Schema.ts	310	code	12369-12789	13903-13903	209	1	0	Duration#2=code;DurationReviver=absent;DurationString=same;DurationFromString=same;DurationFromString#2=code;DurationFromNanos=same;DurationFromNanos#2=code;DurationFromMillis=same;DurationFromMillis#2=code;BigDecimal=same;BigDecimalString=same;bigDecimalDefaultMaxScale=absent;bigDecimalInvalidOrderedConstraintsError=absent;bigDecimalScaleValueAtScale=absent;bigDecimalMinValueAtScale=absent;bigDecimalMaxValueAtScale=absent;bigDecimalMaxScale=absent;bigDecimalValueConstraintsAtScale=absent;bigDecimalScaleConstraints=absent;BigDecimal#2=code;BigDecimalReviver=absent;BigDecimalFromString=same;BigDecimalFromString#2=code;JsonString=same;fromJsonString=same;fromJsonString#2=same	OptionFromNullishOr#2=same
Schema.ts	311	erased	12792-12794	13906-13906	3	1	0	fromJsonString#2=same	OptionFromNullishOr#2=same
Schema.ts	312	code	12796-13790	13908-13911	318	4	0	fromJsonString#2=same;UnknownFromJsonString=same;File=same;File#2=code;FileReviver=absent;FormData=same;FormData#2=code;FormDataReviver=absent;fromFormData=same;fromFormData#2=same;URLSearchParams=same;URLSearchParams#2=same;URLSearchParamsReviver=absent;fromURLSearchParams=same;fromURLSearchParams#2=same;NumberFromString=same;NumberFromString#2=same;FiniteFromString=same;FiniteFromString#2=same;BigIntFromString=same;BigIntFromString#2=same;Trimmed=same;Trimmed#2=same;Trim=same;Trim#2=same;StringFromBase64=same;StringFromBase64#2=same;StringFromBase64Url=same;StringFromBase64Url#2=same;StringFromHex=same;StringFromHex#2=same;StringFromUriComponent=same;StringFromUriComponent#2=same;PropertyKey=erased;StandardSchemaV1FailureResult=erased;BooleanFromBit=same;BooleanFromBit#2=same;Uint8Array=same;Base64String=same;Uint8Array#2=code;Uint8ArrayReviver=absent;Uint8ArrayFromBase64=same;Uint8ArrayFromBase64#2=same;Uint8ArrayFromBase64Url=same;Uint8ArrayFromBase64Url#2=same;Uint8ArrayFromHex=same;Uint8ArrayFromHex#2=same;DateTimeUtc=same;DateTimeUtc#2=code	OptionFromNullishOr#2=same
Schema.ts	313	code	13792-13794	13913-13945	3	17	0	DateTimeUtc#2=code	OptionFromNullishOr#2=same;Cookie=absent;Cookie#2=absent
Schema.ts	314	code	13810-13822	13956-13962	6	7	0	DateTimeUtcReviver=absent;DateTimeUtcFromDate=same	Cookies=absent
Schema.ts	315	code	13849-13852	13977-14003	4	27	0	DateTimeUtcFromDate#2=code	Cookies#2=absent
Schema.ts	316	erased	13862-13863	before 14006	2	0	0	DateTimeUtcFromString=same	
Schema.ts	317	code	13887-13889	14007-14028	3	5	0	DateTimeUtcFromString#2=code	Cookies#2=absent;RecordFromCookies=absent;RecordFromCookies#2=absent
Schema.ts	318	code	13891-13892	14030-14035	2	6	0	DateTimeUtcFromString#2=code	RecordFromCookies#2=absent
Schema.ts	319	code	13894-13927	before 14037	8	0	0	DateTimeUtcFromString#2=code;DateTimeUtcFromMillis=same;DateTimeUtcFromMillis#2=code	
Schema.ts	320	code	13937-13938	14039-14049	2	3	0	TimeZoneOffset=same	RecordFromCookies#2=absent;Headers=absent
Schema.ts	321	code	13953-13954	14063-14064	2	2	0	TimeZoneOffset#2=code	Headers#2=absent
Schema.ts	322	code	13957-13957	14067-14067	1	1	0	TimeZoneOffset#2=code	Headers#2=absent
Schema.ts	323	code	13961-13963	14071-14073	3	3	0	TimeZoneOffset#2=code	Headers#2=absent
Schema.ts	324	code	13965-14104	14075-14082	63	8	0	TimeZoneOffset#2=code;TimeZoneOffsetReviver=absent;TimeZoneNamed=same;TimeZoneNamedString=same;TimeZoneNamed#2=code;TimeZoneNamedReviver=absent;TimeZoneNamedFromString=same;TimeZoneNamedFromString#2=code;TimeZone=same;TimeZoneString=same	Headers#2=absent
Schema.ts	325	code	14120-14121	14084-14116	2	13	0	TimeZone#2=code	Headers#2=absent;UrlParams=absent;UrlParams#2=absent
Schema.ts	326	code	14124-14124	14119-14119	1	1	0	TimeZone#2=code	UrlParams#2=absent
Schema.ts	327	code	14128-14130	14123-14125	3	3	0	TimeZone#2=code	UrlParams#2=absent
Schema.ts	328	code	14132-14208	14127-14134	34	8	0	TimeZone#2=code;TimeZoneReviver=absent;TimeZoneFromString=same;TimeZoneFromString#2=code;DateTimeZoned=same;DateTimeZonedString=same	UrlParams#2=absent
Schema.ts	329	code	14226-14227	14136-14453	2	152	0	DateTimeZoned#2=code	UrlParams#2=absent;JsonFromUrlParamsField=absent;JsonFromUrlParamsField#2=absent;RecordFromUrlParams=absent;RecordFromUrlParams#2=absent;OptionFromOptionalKey=same;OptionFromOptionalKey#2=same;OptionFromOptional=same;OptionFromOptional#2=same;OptionFromOptionalNullOr=same;OptionFromOptionalNullOr#2=same;Redacted=same;NormalizedRedactedOptions=same;Redacted#2=code
Schema.ts	330	code	14230-14230	14456-14599	1	101	0	DateTimeZoned#2=code	Redacted#2=code;RedactedFromValue=same;RedactedFromValue#2=same;Result=same;ResultIso=same;Result#2=code
Schema.ts	331	code	14233-14236	14602-14605	4	4	0	DateTimeZoned#2=code	Result#2=code
Schema.ts	332	code	14238-14258	14607-14622	21	16	0	DateTimeZoned#2=code	Result#2=code
Schema.ts	333	code	14274-14286	14625-14625	6	1	0	DateTimeZonedReviver=absent;DateTimeZonedFromString=same	Result#2=code
Schema.ts	334	code	14303-14305	before 14634	3	0	0	DateTimeZonedFromString#2=code	
Schema.ts	335	erased	before 14416	14733-14734	0	2	0		MissingSelfGeneric=same
Schema.ts	336	code	14465-14465	14785-14785	1	1	0	makeClass=code	makeClass=code
Schema.ts	337	code	14570-14573	14890-14890	4	1	0	getClassSchemaFactory=code	getClassSchemaFactory=code
Schema.ts	338	erased	14588-14589	before 14973	2	0	0	MissingSelfGeneric=same	
Schema.ts	339	code	15345-15382	before 15651	5	0	0	Arbitrary=absent;toArbitrary=absent	
Schema.ts	340	code	15401-15403	15652-15652	3	1	0	overrideToFormatter=code	overrideToFormatter=code
Schema.ts	341	code	15424-15554	15672-15672	103	1	0	toFormatter=code	toFormatter=code
Schema.ts	342	erased	15663-15663	15773-15773	1	1	0	ToJsonSchemaOptions=type-decl	ToJsonSchemaOptions=type-decl
Schema.ts	343	code	15757-15757	15899-15899	1	1	0	toJsonSchemaDocument=code	toJsonSchemaDocument=code
Schema.ts	344	code	15819-15977	15955-16018	124	6	1	toCodecJson#2=code;toCodecJsonAST=absent;withoutConstructorDefault=absent;validateCanonicalObjectPropertyNames=absent;makeReorder=absent;toCodecJsonReorder=absent;toCodecJsonASTStep=absent;toCodecIso=code;toCodecIsoAST=absent;toCodecIsoASTStep=absent	toCodecJson#2=code;toCodecIso=code
Schema.ts	345	code	16036-16038	16074-16096	3	3	0	toCodecStringTree#2=code	toCodecStringTree#2=code
Schema.ts	346	code	16085-16087	16141-16161	3	3	0	toCodecArrayFromSingle#2=code	toCodecArrayFromSingle#2=code
Schema.ts	347	code	16117-16121	16189-16190	5	2	0	toEncoderXml=code	toEncoderXml=code
Schema.ts	348	code	16124-16567	before 16212	294	0	0	stringTreeToXml=absent;xml=absent;toStringTreeReorder=absent;toCodecStringTreeASTStep=absent;nullToString=absent;booleanToString=absent;arrayFromSingleTransformation=absent;isCodecArrayFromSingleLink=absent;toCodecStringTreeAST=absent;toArrayFromSingleInputElement=absent;toCodecArrayFromSingleAST=absent;toCodecArrayFromSingleASTStep=absent;isGreaterThanDateReviver=absent;isGreaterThanOrEqualToDateReviver=absent;isLessThanDateReviver=absent;isLessThanOrEqualToDateReviver=absent;isBetweenDateReviver=absent;isGreaterThanBigIntReviver=absent;isGreaterThanOrEqualToBigIntReviver=absent;isLessThanBigIntReviver=absent;isLessThanOrEqualToBigIntReviver=absent;isBetweenBigIntReviver=absent	
Schema.ts	349	code	16594-16595	16213-16213	2	1	0	toIso=code	toIso=code
Schema.ts	350	code	16604-16605	16221-16222	2	2	0	toIsoSource=code	toIsoSource=code
Schema.ts	351	code	16614-16615	16230-16231	2	2	0	toIsoFocus=code	toIsoFocus=code
Schema.ts	352	code	16673-16673	16287-16287	1	1	0	overrideToCodecIso#2=code	overrideToCodecIso#2=code
Schema.ts	353	code	16706-16718	16315-16315	13	1	0	toDifferJsonPatch=code	toDifferJsonPatch=code
Schema.ts	354	code	16834-16851	16423-16447	5	6	0	JsonObject#2=erased;JsonReviver=absent	JsonObject#2=erased;MutableJson=same;MutableJsonArray=same;MutableJsonObject=same
Schema.ts	355	erased	16867-16885	before 16462	5	0	0	MutableJson=same;MutableJsonArray=same;MutableJsonObject=same	
Schema.ts	356	code	16913-16916	before 16477	4	0	0	MutableJsonReviver=absent	
Schema.ts	357	erased	17004-17004	16549-16549	1	1	0	Annotations=type-decl	Annotations=type-decl
Schema.ts	358	erased	17015-17015	16559-16559	1	1	0	Annotations=type-decl	Annotations=type-decl
Schema.ts	359	erased	17045-17045	16588-16588	1	1	0	Annotations=type-decl	Annotations=type-decl
Schema.ts	360	erased	17058-17058	16600-16600	1	1	0	Annotations=type-decl	Annotations=type-decl
Schema.ts	361	erased	17074-17074	16615-16615	1	1	0	Annotations=type-decl	Annotations=type-decl
Schema.ts	362	erased	17106-17113	before 16647	5	0	0	Annotations=type-decl	
Schema.ts	363	erased	17122-17130	16654-16662	2	2	0	Annotations=type-decl	Annotations=type-decl
Schema.ts	364	erased	17139-17139	16671-16671	1	1	0	Annotations=type-decl	Annotations=type-decl
Schema.ts	365	erased	17154-17154	16685-16685	1	1	0	Annotations=type-decl	Annotations=type-decl
Schema.ts	366	erased	17157-17168	16688-16697	6	2	0	Annotations=type-decl	Annotations=type-decl
Schema.ts	367	erased	17195-17198	16730-16745	4	2	0	Annotations=type-decl	Annotations=type-decl
Schema.ts	368	erased	17218-17221	16764-16765	4	2	0	Annotations=type-decl	Annotations=type-decl
Schema.ts	369	erased	17262-17264	16817-16817	3	1	0	Annotations=type-decl	Annotations=type-decl
Schema.ts	370	erased	17285-17301	16836-16845	4	4	0	Annotations=type-decl	Annotations=type-decl
Schema.ts	371	erased	17319-17340	16857-16857	9	1	0	Annotations=type-decl	Annotations=type-decl
Schema.ts	372	erased	17342-17342	16859-16859	1	1	0	Annotations=type-decl	Annotations=type-decl
Schema.ts	373	erased	17344-17368	16861-16861	3	1	0	Annotations=type-decl	Annotations=type-decl
Schema.ts	374	erased	17371-17376	16864-16872	6	9	0	Annotations=type-decl	Annotations=type-decl
Schema.ts	375	erased	17391-17393	16885-16886	3	2	0	Annotations=type-decl	Annotations=type-decl
Schema.ts	376	erased	17409-17411	16894-16896	3	3	0	Annotations=type-decl	Annotations=type-decl
Schema.ts	377	erased	17427-17429	16904-16905	3	2	0	Annotations=type-decl	Annotations=type-decl
Schema.ts	378	erased	17444-17446	before 16907	3	0	0	Annotations=type-decl	
Schema.ts	379	erased	17461-17476	16914-16925	2	2	0	Annotations=type-decl	Annotations=type-decl
Schema.ts	380	erased	17479-17480	16927-16928	2	2	0	Annotations=type-decl	Annotations=type-decl
Schema.ts	381	erased	17482-17504	before 16930	5	0	0	Annotations=type-decl	
Schema.ts	382	erased	17515-17526	16939-16950	2	2	0	Annotations=type-decl	Annotations=type-decl
Schema.ts	383	layout	17529-17529	16952-16954	1	3	0	Annotations=type-decl	Annotations=type-decl
Schema.ts	384	erased	17547-17547	16971-16971	1	1	0	Annotations=type-decl	Annotations=type-decl
SchemaAST.ts	1	import	20-20	20-20	1	1	0	import ./internal/effect.ts=import	import ./internal/effect.ts=import
SchemaAST.ts	2	erased	33-33	33-33	1	1	0	import ./testing/FastCheck.ts=absent	import ./Types.ts=absent
SchemaAST.ts	3	code	401-401	400-418	1	12	0	Link=code	Link=type-decl;Link#2=code
SchemaAST.ts	4	erased	484-507	511-511	2	1	0	ParseOptions=type-decl	ParseOptions=type-decl
SchemaAST.ts	5	erased	520-520	542-542	1	1	0	ParseOptions=type-decl	ParseOptions=type-decl
SchemaAST.ts	6	code	576-576	597-597	1	1	0	Context=code	Context=type-decl
SchemaAST.ts	7	code	580-580	601-620	1	12	0	Context.constructorDefault=absent	Context=type-decl;Context#2=code
SchemaAST.ts	8	erased	587-587	627-627	1	1	0	Context.constructor=absent	Context#2=code
SchemaAST.ts	9	code	636-636	655-665	1	10	0	Base=absent	ASTNode=absent;ASTNodeImpl=absent
SchemaAST.ts	10	erased	666-666	689-689	1	1	0	DeclarationRun=type-decl	DeclarationRun=type-decl
SchemaAST.ts	11	code	668-689	691-752	2	22	0	DeclarationRun=type-decl;Declaration=code	DeclarationRun=type-decl;Declaration=type-decl;Declaration#2=code
SchemaAST.ts	12	code	765-765	828-849	1	11	0	Null=code	Null=type-decl;Null#2=code
SchemaAST.ts	13	code	805-805	889-913	1	12	0	Undefined=code	Undefined=type-decl;Undefined#2=code
SchemaAST.ts	14	code	865-865	973-999	1	14	0	Void=code	Void=type-decl;Void#2=code
SchemaAST.ts	15	code	920-920	1054-1075	1	11	0	Never=code	Never=type-decl;Never#2=code
SchemaAST.ts	16	code	957-957	1112-1133	1	11	0	Any=code	Any=type-decl;Any#2=code
SchemaAST.ts	17	code	997-997	1173-1194	1	11	0	Unknown=code	Unknown=type-decl;Unknown#2=code
SchemaAST.ts	18	code	1034-1034	1231-1252	1	11	0	ObjectKeyword=code	ObjectKeyword=type-decl;ObjectKeyword#2=code
SchemaAST.ts	19	code	1074-1074	1292-1328	1	24	0	Enum=code	Enum=type-decl;Enum#2=code
SchemaAST.ts	20	code	before 1086	1340-1344	0	5	0		Enum#2=code
SchemaAST.ts	21	code	1102-1102	1361-1361	1	1	0	Enum.toCodecStringTree=absent	Enum#2=code
SchemaAST.ts	22	code	1126-1126	1385-1398	1	13	0	isTemplateLiteralPart=code	formatTemplateLiteralPath=absent;isTemplateLiteralPart=code
SchemaAST.ts	23	code	1131-1131	1403-1404	1	2	0	isTemplateLiteralPart=code	isTemplateLiteralPart=code
SchemaAST.ts	24	code	1133-1136	1406-1419	4	14	0	isTemplateLiteralPart=code	isTemplateLiteralPart=code
SchemaAST.ts	25	code	before 1140	1423-1424	0	2	0		isTemplateLiteralPart=code
SchemaAST.ts	26	code	1155-1155	1440-1477	1	17	0	TemplateLiteral=code	TemplateLiteral=type-decl;TemplateLiteral#2=code
SchemaAST.ts	27	code	1175-1181	1497-1501	7	5	0	TemplateLiteral.constructor=absent	TemplateLiteral#2=code
SchemaAST.ts	28	code	before 1183	1503-1504	0	2	0		TemplateLiteral#2=code
SchemaAST.ts	29	code	1196-1196	1518-1519	1	2	0	TemplateLiteral.getParser=absent	TemplateLiteral#2=code
SchemaAST.ts	30	code	1218-1225	1540-1568	8	24	0	TemplateLiteral.asTemplateLiteralParser=absent	TemplateLiteral#2=code;templateLiteralParser=absent;templateLiteralTransformation=absent
SchemaAST.ts	31	code	1235-1236	1578-1578	2	1	0	TemplateLiteral.asTemplateLiteralParser=absent	templateLiteralTransformation=absent
SchemaAST.ts	32	erased	before 1239	1594-1605	0	6	0		UniqueSymbol=type-decl
SchemaAST.ts	33	code	1253-1253	1614-1620	1	7	0	UniqueSymbol=code	UniqueSymbol#2=code
SchemaAST.ts	34	code	1273-1273	1640-1646	1	7	0	UniqueSymbol.toCodecStringTree=absent	UniqueSymbol#2=code
SchemaAST.ts	35	code	1315-1315	1690-1722	1	16	0	Literal=code	Literal=type-decl;Literal#2=code
SchemaAST.ts	36	code	1376-1376	1783-1807	1	12	0	String=code	String=type-decl;String#2=code
SchemaAST.ts	37	code	1427-1427	1858-1891	1	15	0	Number=code	Number=type-decl;Number#2=code
SchemaAST.ts	38	code	1502-1502	1966-1987	1	11	0	Boolean=code	Boolean=type-decl;Boolean#2=code
SchemaAST.ts	39	code	1548-1548	2033-2060	1	13	0	Symbol=code	Symbol=type-decl;Symbol#2=code
SchemaAST.ts	40	code	1602-1602	2114-2141	1	13	0	BigInt=code	BigInt=type-decl;BigInt#2=code
SchemaAST.ts	41	code	1683-1683	2222-2260	1	24	0	Arrays=code	Arrays=type-decl;Arrays#2=code
SchemaAST.ts	42	code	1728-1728	2305-2305	1	1	0	Arrays.getParser=absent	Arrays#2=code
SchemaAST.ts	43	code	1750-1780	2327-2328	28	2	0	Arrays.getParser=absent	Arrays#2=code
SchemaAST.ts	44	code	1786-1786	2330-2330	1	1	0	Arrays.getParser=absent	Arrays#2=code
SchemaAST.ts	45	code	1793-1795	2337-2337	3	1	0	Arrays.getParser=absent	Arrays#2=code
SchemaAST.ts	46	code	1800-1802	2342-2342	3	1	0	Arrays.getParser=absent	Arrays#2=code
SchemaAST.ts	47	code	1804-1804	2344-2374	1	29	0	Arrays.getParser=absent	Arrays#2=code
SchemaAST.ts	48	code	before 1807	2378-2393	0	16	0		Arrays#2=code
SchemaAST.ts	49	code	1837-1837	2425-2425	1	1	0	parseArray=code	ArrayParserState=absent
SchemaAST.ts	50	erased	1839-1839	2427-2427	1	1	0	parseArray=code	ArrayParserState=absent
SchemaAST.ts	51	code	1848-1854	2436-2445	7	8	0	parseArray=code	ArrayParserState=absent;stepArray=absent
SchemaAST.ts	52	code	1877-1881	2469-2474	4	6	0	parseArray=code;resolveConcurrency=absent	parseArrayOptions=absent
SchemaAST.ts	53	code	before 1884	2478-2479	0	2	0		parseArray=code;parseArrayConcurrent=absent
SchemaAST.ts	54	code	1950-1950	2547-2547	1	1	0	getIndexSignatureKeys=code	getIndexSignatureKeys=code
SchemaAST.ts	55	code	1974-1974	2571-2582	1	5	0	PropertySignature=code	PropertySignature=type-decl;PropertySignature#2=code
SchemaAST.ts	56	code	2008-2009	2616-2627	2	12	0	isIndexSignatureParameter=code	isIndexSignatureParameterEncodedSide=absent
SchemaAST.ts	57	code	2036-2036	2629-2670	1	9	0	IndexSignature=code	isIndexSignatureParameterEncodedSide=absent;isIndexSignatureParameter=code;IndexSignature=type-decl;IndexSignature#2=code
SchemaAST.ts	58	code	2097-2097	2731-2767	1	22	0	Objects=code	Objects=type-decl;Objects#2=code
SchemaAST.ts	59	code	2118-2121	before 2786	4	0	0	Objects.constructor=absent	
SchemaAST.ts	60	code	2126-2126	2790-2790	1	1	0	Objects.getParser=absent	Objects#2=code
SchemaAST.ts	61	code	2130-2134	2794-2794	5	1	0	Objects.getParser=absent	Objects#2=code
SchemaAST.ts	62	code	2136-2136	before 2799	1	0	0	Objects.getParser=absent	
SchemaAST.ts	63	code	before 2153	2812-2833	0	21	0		Objects#2=code
SchemaAST.ts	64	code	2167-2167	2848-2851	1	4	0	Objects.getParser=absent	Objects#2=code
SchemaAST.ts	65	code	2208-2227	2892-2897	19	6	0	Objects.getParser=absent	Objects#2=code
SchemaAST.ts	66	code	2229-2233	2899-2899	4	1	0	Objects.getParser=absent	Objects#2=code
SchemaAST.ts	67	code	2255-2263	2921-2938	5	12	0	Objects.getParser=absent	Objects#2=code
SchemaAST.ts	68	code	2266-2268	2941-2941	2	1	0	Objects.getParser=absent	Objects#2=code
SchemaAST.ts	69	code	2283-2285	before 2957	2	0	0	Objects.getParser=absent	
SchemaAST.ts	70	code	2289-2291	before 2964	2	0	0	Objects.getParser=absent	
SchemaAST.ts	71	code	2297-2297	2965-2967	1	3	0	Objects.getParser=absent	Objects#2=code
SchemaAST.ts	72	code	2304-2304	2974-2974	1	1	0	Objects.getParser=absent	Objects#2=code
SchemaAST.ts	73	code	2308-2308	2978-2978	1	1	0	Objects.getParser=absent	Objects#2=code
SchemaAST.ts	74	code	2310-2310	2980-2980	1	1	0	Objects.getParser=absent	Objects#2=code
SchemaAST.ts	75	erased	2318-2318	2988-2988	1	1	0	Objects.getParser=absent	Objects#2=code
SchemaAST.ts	76	code	2321-2321	2991-2993	1	3	0	Objects.getParser=absent	Objects#2=code
SchemaAST.ts	77	code	2326-2326	2998-2998	1	1	0	Objects.getParser=absent	Objects#2=code
SchemaAST.ts	78	code	2335-2345	before 3007	10	0	0	Objects.getParser=absent	
SchemaAST.ts	79	code	2349-2349	3009-3013	1	3	0	Objects.getParser=absent	Objects#2=code
SchemaAST.ts	80	code	2375-2376	3039-3039	2	1	0	Objects.getParser=absent	Objects#2=code
SchemaAST.ts	81	code	2378-2378	3041-3041	1	1	0	Objects.getParser=absent	Objects#2=code
SchemaAST.ts	82	code	2391-2391	3054-3054	1	1	0	Objects.getParser=absent	Objects#2=code
SchemaAST.ts	83	erased	2463-2463	3125-3125	1	1	0	ObjectParserState=type-decl	ObjectParserState=type-decl
SchemaAST.ts	84	code	2472-2472	3135-3135	1	1	0	stepProperty=code	stepProperty=code
SchemaAST.ts	85	code	2501-2503	3164-3166	3	3	0	parseProperties=code	parsePropertiesOptions=absent
SchemaAST.ts	86	code	2511-2511	3174-3178	1	3	0	parseProperties=code	parsePropertiesOptions=absent;parseProperties=code;parsePropertiesConcurrent=absent
SchemaAST.ts	87	code	2551-2551	3218-3218	1	1	0	union=code	union=code
SchemaAST.ts	88	code	2554-2554	3221-3221	1	1	0	union=code	union=code
SchemaAST.ts	89	code	before 2566	3233-3237	0	5	0		structWithRest=code
SchemaAST.ts	90	code	before 2581	3254-3268	0	15	0		mutable=absent
SchemaAST.ts	91	erased	2708-2708	3398-3398	1	1	0	CandidateIndex=type-decl	CandidateIndex=type-decl
SchemaAST.ts	92	code	2718-2718	3408-3414	1	4	0	getIndex=absent	getRuntimeType=absent;hasPropertySignature=absent;getCandidateIndex=absent
SchemaAST.ts	93	erased	2725-2725	3421-3421	1	1	0	getIndex=absent	getCandidateIndex=absent
SchemaAST.ts	94	code	before 2727	3423-3423	0	1	0		getCandidateIndex=absent
SchemaAST.ts	95	code	2732-2732	before 3429	1	0	0	getIndex=absent	
SchemaAST.ts	96	code	before 2736	3432-3432	0	1	0		getCandidateIndex=absent
SchemaAST.ts	97	code	2738-2738	3435-3435	1	1	0	getIndex=absent	getCandidateIndex=absent
SchemaAST.ts	98	code	2742-2742	before 3440	1	0	0	getIndex=absent	
SchemaAST.ts	99	code	before 2764	3461-3463	0	3	0		getCandidateIndex=absent
SchemaAST.ts	100	code	2769-2769	3470-3470	1	1	0	getIndex=absent	getCandidateIndex=absent
SchemaAST.ts	101	code	2771-2771	3472-3472	1	1	0	getIndex=absent	getCandidateIndex=absent
SchemaAST.ts	102	code	before 2773	3474-3474	0	1	0		getCandidateIndex=absent
SchemaAST.ts	103	code	2775-2775	3477-3477	1	1	0	getIndex=absent	getCandidateIndex=absent
SchemaAST.ts	104	code	2777-2777	3479-3479	1	1	0	getIndex=absent	getCandidateIndex=absent
SchemaAST.ts	105	code	2796-2801	3498-3502	4	3	0	getIndex=absent	getCandidateIndex=absent
SchemaAST.ts	106	code	2807-2807	3508-3508	1	1	0	getIndex=absent	getCandidateIndex=absent
SchemaAST.ts	107	code	2811-2811	3512-3512	1	1	0	getIndex=absent	getCandidateIndex=absent
SchemaAST.ts	108	code	2821-2821	3522-3522	1	1	0	getIndex=absent	getCandidateIndex=absent
SchemaAST.ts	109	code	2836-2836	3537-3537	1	1	0	getIndex=absent	getCandidateIndex=absent
SchemaAST.ts	110	code	2845-2845	3546-3546	1	1	0	getIndex=absent	getCandidateIndex=absent
SchemaAST.ts	111	code	2849-2850	3550-3551	2	2	0	getIndex=absent	getCandidateIndex=absent
SchemaAST.ts	112	code	2858-2865	3589-3608	8	10	0	filterLiterals=absent	Union=type-decl
SchemaAST.ts	113	erased	before 2867	3617-3619	0	2	0		UnionOptions=absent
SchemaAST.ts	114	code	2875-2913	3628-3636	8	9	0	getCandidates=absent;Union=code	Union#2=code
SchemaAST.ts	115	code	2916-2916	3639-3639	1	1	0	Union.mode=absent	Union#2=code
SchemaAST.ts	116	code	2921-2921	3644-3644	1	1	0	Union.constructor=absent	Union#2=code
SchemaAST.ts	117	code	2930-2930	3653-3653	1	1	0	Union.constructor=absent	Union#2=code
SchemaAST.ts	118	code	2936-2936	3659-3659	1	1	0	Union.getParser=absent	Union#2=code
SchemaAST.ts	119	code	before 2941	3663-3666	0	4	0		Union#2=code
SchemaAST.ts	120	code	2945-2945	3672-3676	1	4	0	Union.getParser=absent	Union#2=code
SchemaAST.ts	121	code	2948-2948	3678-3678	1	1	0	Union.getParser=absent	Union#2=code
SchemaAST.ts	122	code	2952-2952	3682-3682	1	1	0	Union.getParser=absent	Union#2=code
SchemaAST.ts	123	code	2955-2974	3684-3684	20	1	0	Union.getParser=absent	Union#2=code
SchemaAST.ts	124	erased	2977-2977	3687-3691	1	5	0	Union._rebuild=absent	Union#2=code
SchemaAST.ts	125	code	2981-2981	3695-3695	1	1	0	Union._rebuild=absent	Union#2=code
SchemaAST.ts	126	erased	2984-2984	3698-3698	1	1	0	Union.recur=absent	Union#2=code
SchemaAST.ts	127	erased	2988-2988	3702-3702	1	1	0	Union.flip=absent	Union#2=code
SchemaAST.ts	128	code	3049-3050	3763-3773	2	10	0	parseUnion=code	catchSingleUnionCandidate=absent;UnionParserState=absent
SchemaAST.ts	129	code	3057-3060	3780-3819	4	37	0	parseUnion=code	UnionParserState=absent;parseUnionCandidates=absent;resumeUnion=absent;parseUnion=code
SchemaAST.ts	130	code	3062-3062	3821-3821	1	1	0	parseUnion=code	parseUnion=code
SchemaAST.ts	131	code	3072-3072	3831-3831	1	1	0	parseUnion=code	parseUnion=code
SchemaAST.ts	132	code	3077-3077	3836-3836	1	1	0	parseUnion=code	parseUnion=code
SchemaAST.ts	133	code	3089-3089	3848-3848	1	1	1	nonFiniteLiterals=code	nonFiniteLiterals=code
SchemaAST.ts	134	code	3100-3105	3889-3900	6	6	0	memoizeThunk=absent	Suspend=type-decl
SchemaAST.ts	135	code	3107-3144	3909-3915	6	7	0	memoizeThunk=absent;Suspend=code	Suspend#2=code
SchemaAST.ts	136	code	3159-3159	3930-3931	1	2	0	Suspend.constructor=absent	Suspend#2=code
SchemaAST.ts	137	code	3207-3207	3979-4004	1	14	0	Filter=code	Filter=type-decl;Filter#2=code
SchemaAST.ts	138	code	3255-3255	4052-4075	1	17	0	FilterGroup=code	FilterGroup=type-decl;FilterGroup#2=code
SchemaAST.ts	139	code	3329-3333	4149-4150	5	2	0	isFinite=code	isFinite=code
SchemaAST.ts	140	code	3344-3344	4161-4161	1	1	1	numberToJson=code	numberToJson=code
SchemaAST.ts	141	code	3388-3389	4209-4210	2	2	0	isPattern=code	isPattern=code
SchemaAST.ts	142	code	3392-3393	4213-4214	2	2	0	isPattern=code	isPattern=code
SchemaAST.ts	143	code	3396-3396	4217-4217	1	1	0	isPattern=code	isPattern=code
SchemaAST.ts	144	code	3399-3399	4220-4220	1	1	0	isPattern=code	isPattern=code
SchemaAST.ts	145	code	3401-3405	4224-4226	5	3	0	isPattern=code	isPattern=code
SchemaAST.ts	146	code	3412-3420	4235-4241	9	5	0	modifyOwnPropertyDescriptors=absent	bodyOwners=absent;copy=absent
SchemaAST.ts	147	code	3423-3427	4243-4254	3	9	0	contextOwners=absent;getContextOwner=code	copy=absent;getContextOwner=code
SchemaAST.ts	148	code	3432-3437	4259-4259	6	1	0	replaceEncoding=code	replaceEncoding=code
SchemaAST.ts	149	code	3446-3447	4268-4269	2	2	0	replaceContext=code	replaceContext=code
SchemaAST.ts	150	code	3449-3453	4271-4271	5	1	0	replaceContext=code	replaceContext=code
SchemaAST.ts	151	code	3467-3469	4285-4285	3	1	0	annotate=code	annotate=code
SchemaAST.ts	152	code	3480-3482	4296-4296	3	1	0	replaceChecks=code	replaceChecks=code
SchemaAST.ts	153	code	3564-3568	before 4381	5	0	0	brand=absent	
SchemaAST.ts	154	code	3577-3578	4384-4384	2	1	0	mapOrSame#3=code	mapOrSame#3=code
SchemaAST.ts	155	code	3582-3583	4388-4393	2	6	0	mapOrSame#3=code	mapOrSame#3=code
SchemaAST.ts	156	code	3587-3587	4397-4398	1	2	0	mapOrSame#3=code	mapOrSame#3=code
SchemaAST.ts	157	code	3617-3617	4428-4428	1	1	0	optional=code	optional=code
SchemaAST.ts	158	code	3637-3641	before 4448	5	0	0	withConstructorDefault=code	
SchemaAST.ts	159	code	3643-3644	4449-4450	2	2	0	withConstructorDefault=code	withConstructorDefault=code
SchemaAST.ts	160	code	3683-3683	4488-4488	1	1	0	parseParameter=code	parseParameter=code
SchemaAST.ts	161	code	before 3688	4493-4493	0	1	0		parseParameter=code
SchemaAST.ts	162	code	before 3689	4495-4495	0	1	0		parseParameter=code
SchemaAST.ts	163	code	3779-3781	4561-4566	3	6	0	toType=code	canPreserveEncodingChecks=absent
SchemaAST.ts	164	code	3783-3788	4568-4606	6	13	0	toType=code	canPreserveEncodingChecks=absent;toType=code
SchemaAST.ts	165	code	3790-3790	4608-4608	1	1	0	toType=code	toType=code
SchemaAST.ts	166	code	3792-3794	4610-4612	3	3	0	toType=code	toType=code
SchemaAST.ts	167	code	3869-3870	4687-4692	2	6	0	flip=code	flip=code
SchemaAST.ts	168	code	3889-3889	4711-4711	1	1	0	fromConst=code	fromConst=code
SchemaAST.ts	169	code	3963-3970	4785-4785	7	1	0	enumsToLiterals=absent;parameterFromPropertyKey=code	parameterFromPropertyKey=code
SchemaAST.ts	170	code	4041-4041	4856-4856	1	1	0	numberToString=code	numberToString=code
SchemaAST.ts	171	code	4078-4078	4893-4893	1	1	0	REGEXP_PATTERN=code	REGEXP_PATTERN=code
SchemaAST.ts	172	code	4092-4092	4907-4907	1	1	0	symbolToString=code	symbolToString=code
SchemaAST.ts	173	code	4365-4366	5180-5180	2	1	1	Json=code	Json=code
SchemaAST.ts	174	code	4389-4389	5203-5203	1	1	0	objectKeywordToJson=code	objectKeywordToJson=code
SchemaGetter.ts	1	code	before 14	14-14	0	1	0		import ./Array.ts=absent
SchemaGetter.ts	2	code	16-16	17-20	1	4	0	import ./Encoding.ts=absent	import ./encoding/Base64.ts=absent;import ./encoding/Base64Url.ts=absent;import ./encoding/Hex.ts=absent;import ./Function.ts=absent
SchemaGetter.ts	3	code	64-65	37-85	2	21	0	Getter.run=absent	Passthrough=absent;Transform=absent;TransformOptional=absent;TransformEffect=absent;TransformOptionalEffect=absent
SchemaGetter.ts	4	code	70-71	89-136	2	9	0	Getter.constructor=absent	TransformOptionalEffect=absent;Getter=type-decl;runGetter=absent
SchemaGetter.ts	5	code	74-89	139-152	16	14	0	Getter.constructor=absent;Getter.map=absent;Getter.compose=absent	runGetter=absent
SchemaGetter.ts	6	code	before 121	181-478	0	73	0		run=absent;makeGetter=absent;composeOptionalEffect=absent;compose=absent;map=absent
SchemaGetter.ts	7	code	122-122	509-509	1	1	0	succeed=code	succeed=code
SchemaGetter.ts	8	code	160-160	549-549	1	1	0	fail=code	fail=code
SchemaGetter.ts	9	code	203-207	622-624	4	2	0	passthrough_=code;isPassthrough=absent	forbiddenEncoding=absent;passthrough_=code
SchemaGetter.ts	10	code	351-355	before 766	5	0	0	onNone=absent	
SchemaGetter.ts	11	code	388-427	767-769	6	3	0	required=code;onSome=absent	required=code
SchemaGetter.ts	12	code	474-474	816-816	1	1	0	checkEffect=code	checkEffect=code
SchemaGetter.ts	13	code	479-479	821-821	1	1	0	checkEffect=code	checkEffect=code
SchemaGetter.ts	14	code	522-522	864-864	1	1	0	transform=code	transform=code
SchemaGetter.ts	15	code	561-561	903-903	1	1	0	transformOrFail=absent	transformEffect=absent
SchemaGetter.ts	16	code	564-564	906-906	1	1	0	transformOrFail=absent	transformEffect=absent
SchemaGetter.ts	17	code	598-598	940-955	1	9	0	transformOptional=code	transformOptional=code;transformOptionalEffect=absent
SchemaGetter.ts	18	code	630-630	987-987	1	1	0	omit=code	omit=code
SchemaGetter.ts	19	code	665-665	1022-1022	1	1	0	withDefault=code	withDefault=code
SchemaGetter.ts	20	code	1028-1028	1386-1386	1	1	0	parseJson#3=code	parseJson#3=code
SchemaGetter.ts	21	code	1030-1030	1388-1388	1	1	0	parseJson#3=code	parseJson#3=code
SchemaGetter.ts	22	code	1088-1088	1447-1447	1	1	0	stringifyJson=code	stringifyJson=code
SchemaGetter.ts	23	code	1095-1095	1454-1454	1	1	0	stringifyJson=code	stringifyJson=code
SchemaGetter.ts	24	code	1250-1250	1613-1613	1	1	0	encodeBase64=code	encodeBase64=code
SchemaGetter.ts	25	code	1277-1277	1641-1641	1	1	0	encodeBase64Url=code	encodeBase64Url=code
SchemaGetter.ts	26	code	1303-1303	1668-1668	1	1	0	encodeHex=code	encodeHex=code
SchemaGetter.ts	27	code	1330-1330	1695-1695	1	1	0	decodeBase64=code	decodeBase64=code
SchemaGetter.ts	28	code	1332-1332	1697-1697	1	1	0	decodeBase64=code	decodeBase64=code
SchemaGetter.ts	29	code	1366-1367	1732-1733	2	2	0	decodeBase64String=code	decodeBase64String=code
SchemaGetter.ts	30	code	1405-1406	1771-1772	2	2	0	decodeBase64Url=code	decodeBase64Url=code
SchemaGetter.ts	31	code	1443-1444	1810-1811	2	2	0	decodeBase64UrlString=code	decodeBase64UrlString=code
SchemaGetter.ts	32	code	1482-1483	1849-1850	2	2	0	decodeHex=code	decodeHex=code
SchemaGetter.ts	33	code	1520-1521	1888-1889	2	2	0	decodeHexString=code	decodeHexString=code
SchemaGetter.ts	34	code	1584-1584	1954-1954	1	1	0	decodeUriComponent=code	decodeUriComponent=code
SchemaGetter.ts	35	code	1632-1632	2004-2004	1	1	0	dateTimeUtcFromInput=code	dateTimeUtcFromInput=code
SchemaGetter.ts	36	code	1803-1803	before 2177	1	0	0	INDEX_REGEXP=absent	
SchemaGetter.ts	37	code	1818-1818	2190-2190	1	1	0	bracketPathToTokens=code	bracketPathToTokens=code
SchemaGetter.ts	38	code	before 1873	2246-2246	0	1	0		makeTreeRecord=code
SchemaGetter.ts	39	code	1905-1905	2280-2280	1	1	0	makeTreeRecord=code	makeTreeRecord=code
SchemaGetter.ts	40	code	1908-1908	2283-2285	1	3	0	makeTreeRecord=code	makeTreeRecord=code
SchemaRepresentation.ts	1	code	9-9	before 9	1	0	0	import ./internal/schema/schema.ts=absent	
SchemaRepresentation.ts	2	import	17-17	16-16	1	1	0	import ./SchemaGetter.ts=import	import ./SchemaGetter.ts=import
SchemaRepresentation.ts	3	erased	69-69	98-120	1	2	1	ToJsonSchema=type-decl	ToJsonSchema=type-decl
SchemaRepresentation.ts	4	erased	397-397	453-453	1	1	0	Union=type-decl	Union=type-decl
SchemaRepresentation.ts	5	code	574-574	630-630	1	1	1	makeDeclarationReviver=absent	makeReviverDeclaration=absent
SchemaRepresentation.ts	6	code	578-586	634-642	2	2	0	makeDeclarationReviver=absent;makeFilterReviver=absent	makeReviverDeclaration=absent;makeReviverFilter=absent
SchemaRepresentation.ts	7	code	590-598	646-654	2	2	0	makeFilterReviver=absent;makeFilterGroupReviver=absent	makeReviverFilter=absent;makeReviverFilterGroup=absent
SchemaRepresentation.ts	8	code	602-602	658-2257	1	583	0	makeFilterGroupReviver=absent	makeReviverFilterGroup=absent;makeFixedDeclarationReviver=absent;IsPatternPayload=absent;ErrorRepresentationOptions=absent;ErrorRepresentationPayload=absent;ErrorOptionsPayload=absent;ErrorRepresentationPayload#2=absent;RedactedRepresentationOptions=absent;RedactedRepresentationPayload=absent;RedactedOptionsPayload=absent;RedactedRepresentationPayload#2=absent;isTrimmedReviver=absent;isPatternReviver=absent;isStringFiniteReviver=absent;isStringBigIntReviver=absent;isStringSymbolReviver=absent;isUUIDReviver=absent;isGUIDReviver=absent;isULIDReviver=absent;isBase64Reviver=absent;isBase64UrlReviver=absent;isStartingWithReviver=absent;isEndingWithReviver=absent;isIncludingReviver=absent;isUppercasedReviver=absent;isLowercasedReviver=absent;isCapitalizedReviver=absent;isUncapitalizedReviver=absent;isFiniteReviver=absent;isGreaterThanReviver=absent;isGreaterThanOrEqualToReviver=absent;isLessThanReviver=absent;isLessThanOrEqualToReviver=absent;isBetweenReviver=absent;isMultipleOfReviver=absent;isIntReviver=absent;isMinLengthReviver=absent;isMaxLengthReviver=absent;isBetweenLengthReviver=absent;isMinCodePointsReviver=absent;isMaxCodePointsReviver=absent;isBetweenCodePointsReviver=absent;isMinSizeReviver=absent;isMaxSizeReviver=absent;isBetweenSizeReviver=absent;isMinPropertiesReviver=absent;isMaxPropertiesReviver=absent;isBetweenPropertiesReviver=absent;isPropertyNamesReviver=absent;isUniqueReviver=absent;isUniqueKeyReviver=absent;OptionReviver=absent;ResultReviver=absent;RedactedReviver=absent;CauseReasonReviver=absent;CauseReviver=absent;ErrorInstanceReviver=absent;ExitReviver=absent;ReadonlyMapReviver=absent;GraphReviver=absent;HashMapReviver=absent;ReadonlySetReviver=absent;HashSetReviver=absent;ChunkReviver=absent;RegExpReviver=absent;URLReviver=absent;DateReviver=absent;DurationReviver=absent;ByteSizeReviver=absent;BigDecimalReviver=absent;FileReviver=absent;FormDataReviver=absent;URLSearchParamsReviver=absent;Uint8ArrayReviver=absent;DateTimeUtcReviver=absent;TimeZoneOffsetReviver=absent;TimeZoneNamedReviver=absent;TimeZoneReviver=absent;DateTimeZonedReviver=absent;isGreaterThanDateReviver=absent;isGreaterThanOrEqualToDateReviver=absent;isLessThanDateReviver=absent;isLessThanOrEqualToDateReviver=absent;isBetweenDateReviver=absent;isGreaterThanBigIntReviver=absent;isGreaterThanOrEqualToBigIntReviver=absent;isLessThanBigIntReviver=absent;isLessThanOrEqualToBigIntReviver=absent;isBetweenBigIntReviver=absent;JsonReviver=absent;MutableJsonReviver=absent;jsonSchemaRevivers=absent
SchemaRepresentation.ts	9	layout	939-939	2619-2621	1	3	3	AnnotationsSchema=code	AnnotationsSchema=code
SchemaRepresentation.ts	10	code	941-942	2623-2624	2	2	4	AnnotationsSchema=code	AnnotationsSchema=code
SchemaRepresentation.ts	11	code	993-994	2675-2676	2	2	1	makeValueSchema=code	makeValueSchema=code
SchemaRepresentation.ts	12	code	1064-1064	2746-2748	1	3	0	UnionSchema=code	UnionSchema=code
SchemaRepresentation.ts	13	code	1310-1310	3007-3007	1	1	0	fromJsonSchemaDocument=code	fromJsonSchemaDocument=code
SchemaRepresentation.ts	14	code	1347-1347	3050-3050	1	1	0	fromJsonSchemaMultiDocument=code	fromJsonSchemaMultiDocument=code
Scope.ts	1	erased	before 48	48-48	0	1	0		Scope=type-decl
Scope.ts	2	erased	567-592	568-595	2	2	3	close=erased;closeUnsafe=erased	close=erased;closeUnsafe=erased
Stream.ts	1	code	before 15	15-15	0	1	0		import ./ByteSize.ts=absent
Stream.ts	2	erased	25-25	before 26	1	0	0	import ./FileSystem.ts=absent	
Stream.ts	3	code	before 30	30-30	0	1	0		import ./internal/count.ts=absent
Stream.ts	4	import	before 56	57-57	0	1	0		import ./Types.ts=import
Stream.ts	5	import	before 64	66-66	0	1	0		import ./Types.ts=import
Stream.ts	6	import	before 65	68-68	0	1	0		import ./Types.ts=import
Stream.ts	7	erased	219-260	223-263	4	3	0	Success=type-decl;Error=type-decl;Services=type-decl	Success=type-decl;Error=type-decl;Services=type-decl
Stream.ts	8	erased	1353-1353	1360-1360	1	1	0	EventListener=type-decl	EventListener=type-decl
Stream.ts	9	erased	1406-1406	1413-1413	1	1	0	fromEventListener=code	fromEventListener=code
Stream.ts	10	code	1416-1416	1423-1425	1	2	0	fromEventListener=code	fromEventListener=code
Stream.ts	11	code	before 1418	1427-1427	0	1	0		fromEventListener=code
Stream.ts	12	code	1573-1573	1584-1584	1	1	0	range=code	range=code
Stream.ts	13	code	before 1761	1762-1813	0	4	0		as=absent
Stream.ts	14	erased	1796-1797	1884-1885	2	2	0	mapBoth=code	mapBoth=code
Stream.ts	15	erased	1833-1833	1921-1921	1	1	0	mapBoth=code	mapBoth=code
Stream.ts	16	erased	1835-1835	1923-1923	1	1	0	mapBoth=code	mapBoth=code
Stream.ts	17	code	1837-1837	1925-1925	1	1	0	mapBoth=code	mapBoth=code
Stream.ts	18	code	1839-1839	1927-1927	1	1	0	mapBoth=code	mapBoth=code
Stream.ts	19	code	1842-1843	1930-1931	2	2	0	mapBoth=code	mapBoth=code
Stream.ts	20	erased	2006-2006	2094-2094	1	1	0	mapEffect=erased	mapEffect=erased
Stream.ts	21	erased	2051-2051	2139-2139	1	1	0	mapEffect=erased	mapEffect=erased
Stream.ts	22	erased	2059-2059	2147-2147	1	1	0	mapEffect=erased	mapEffect=erased
Stream.ts	23	erased	2098-2098	2186-2186	1	1	0	flattenEffect=erased	flattenEffect=erased
Stream.ts	24	erased	2101-2101	2189-2189	1	1	0	flattenEffect=erased	flattenEffect=erased
Stream.ts	25	erased	2107-2107	2195-2195	1	1	0	flattenEffect=erased	flattenEffect=erased
Stream.ts	26	erased	2117-2117	2205-2205	1	1	0	flattenEffect=erased	flattenEffect=erased
Stream.ts	27	erased	2321-2321	2409-2409	1	1	0	tap=erased	tap=erased
Stream.ts	28	erased	2355-2355	2443-2443	1	1	0	tap=erased	tap=erased
Stream.ts	29	erased	2362-2362	2450-2450	1	1	0	tap=erased	tap=erased
Stream.ts	30	erased	2434-2434	2522-2522	1	1	0	tapBoth=erased	tapBoth=erased
Stream.ts	31	erased	2471-2471	2559-2559	1	1	0	tapBoth=erased	tapBoth=erased
Stream.ts	32	erased	2479-2479	2567-2567	1	1	0	tapBoth=erased	tapBoth=erased
Stream.ts	33	erased	2701-2701	2789-2789	1	1	0	flatMap=erased	flatMap=erased
Stream.ts	34	erased	2738-2738	2826-2826	1	1	0	flatMap=erased	flatMap=erased
Stream.ts	35	erased	2746-2746	2834-2834	1	1	0	flatMap=erased	flatMap=erased
Stream.ts	36	erased	2806-2806	2894-2894	1	1	0	switchMap=erased	switchMap=erased
Stream.ts	37	erased	2837-2837	2925-2925	1	1	0	switchMap=erased	switchMap=erased
Stream.ts	38	erased	2845-2845	2933-2933	1	1	0	switchMap=erased	switchMap=erased
Stream.ts	39	erased	2889-2889	2977-2977	1	1	0	flatten=erased	flatten=erased
Stream.ts	40	erased	2892-2892	2980-2980	1	1	0	flatten=erased	flatten=erased
Stream.ts	41	erased	2898-2898	2986-2986	1	1	0	flatten=erased	flatten=erased
Stream.ts	42	erased	2907-2907	2995-2995	1	1	0	flatten=erased	flatten=erased
Stream.ts	43	code	3708-3729	3796-3858	3	6	0	concat=code	concat=code
Stream.ts	44	code	before 3755	3860-3878	0	14	0		concat=code;concatParts=absent;concatChannels=absent
Stream.ts	45	erased	4472-4472	4620-4620	1	1	0	mergeAll=erased	mergeAll=erased
Stream.ts	46	erased	4519-4519	4667-4667	1	1	0	mergeAll=erased	mergeAll=erased
Stream.ts	47	erased	4526-4526	4674-4674	1	1	0	mergeAll=erased	mergeAll=erased
Stream.ts	48	erased	4611-4611	4759-4759	1	1	0	cross=erased	cross=erased
Stream.ts	49	erased	6701-6701	6849-6849	1	1	0	partitionEffect=erased	partitionEffect=erased
Stream.ts	50	erased	6738-6738	6886-6886	1	1	0	partitionEffect=erased	partitionEffect=erased
Stream.ts	51	erased	6755-6755	6903-6903	1	1	0	partitionEffect=erased	partitionEffect=erased
Stream.ts	52	erased	6950-6950	7102-7104	1	3	0	partition=code	partition=code
Stream.ts	53	erased	6954-6954	7108-7108	1	1	0	partition=code	partition=code
Stream.ts	54	erased	6992-6992	7148-7150	1	3	0	partition=code	partition=code
Stream.ts	55	erased	6994-6994	7152-7152	1	1	0	partition=code	partition=code
Stream.ts	56	erased	7003-7003	7161-7163	1	3	0	partition=code	partition=code
Stream.ts	57	erased	7005-7005	7165-7165	1	1	0	partition=code	partition=code
Stream.ts	58	code	7010-7011	7170-7171	2	2	0	partition=code	partition=code
Stream.ts	59	code	before 7565	7720-7776	0	11	0		catchDefect=absent
Stream.ts	60	code	before 7803	8049-8277	0	59	0		tapErrorTag=absent;tapDefect=absent
Stream.ts	61	erased	8350-8353	8859-8861	4	3	0	catchTags=erased	catchTags=erased
Stream.ts	62	erased	8418-8421	8926-8928	4	3	0	catchTags=erased	catchTags=erased
Stream.ts	63	code	before 8951	9478-9596	0	33	0		unwrapReason=absent
Stream.ts	64	code	10037-10038	10722-10725	2	4	0	take=code	take=code
Stream.ts	65	erased	10090-10090	10777-10777	1	1	0	limitBytes=code	limitBytes=code
Stream.ts	66	erased	10117-10117	10804-10804	1	1	0	limitBytes=code	limitBytes=code
Stream.ts	67	erased	10122-10122	10809-10809	1	1	0	limitBytes=code	limitBytes=code
Stream.ts	68	code	10126-10126	10813-10813	1	1	0	limitBytes=code	limitBytes=code
Stream.ts	69	code	10214-10215	10916-10919	2	4	0	takeRight=code	takeRight=code
Stream.ts	70	code	10217-10218	10921-10922	2	2	0	takeRight=code	takeRight=code
Stream.ts	71	code	before 10226	10930-10930	0	1	0		takeRight=code
Stream.ts	72	code	10893-10894	11613-11616	2	4	0	drop=code	drop=code
Stream.ts	73	code	10899-10899	11621-11621	1	1	0	drop=code	drop=code
Stream.ts	74	code	10901-10902	11623-11624	2	2	0	drop=code	drop=code
Stream.ts	75	code	before 10907	11629-11629	0	1	0		drop=code
Stream.ts	76	code	11440-11440	12169-12170	1	2	0	dropRight=code	dropRight=code
Stream.ts	77	code	11472-11472	12204-12204	1	1	0	dropRight=code	dropRight=code
Stream.ts	78	code	11595-11595	12330-12330	1	1	0	rechunk=code	rechunk=code
Stream.ts	79	code	11637-11637	12373-12375	1	3	0	rechunk=code	rechunk=code
Stream.ts	80	code	11810-11811	12578-12581	2	4	0	slidingSize=code	slidingSize=code
Stream.ts	81	code	11850-11850	12625-12625	1	1	0	slidingSize=code	slidingSize=code
Stream.ts	82	code	11853-11859	12628-12630	7	3	0	slidingSize=code	slidingSize=code
Stream.ts	83	code	before 11861	12632-12632	0	1	0		slidingSize=code
Stream.ts	84	code	11862-11864	12634-12635	3	2	0	slidingSize=code	slidingSize=code
Stream.ts	85	code	11870-11870	12641-12641	1	1	0	slidingSize=code	slidingSize=code
Stream.ts	86	code	11878-11878	12649-12650	1	2	0	slidingSize=code	slidingSize=code
Stream.ts	87	erased	12626-12626	13398-13398	1	1	0	mapAccumArray=erased	mapAccumArray=erased
Stream.ts	88	erased	13062-13085	13834-13857	2	2	0	scan=code	scan=code
Stream.ts	89	erased	13088-13088	13860-13860	1	1	0	scan=code	scan=code
Stream.ts	90	code	13092-13093	13864-13867	2	4	0	scan=code	scan=code
Stream.ts	91	code	13117-13120	before 13891	4	0	0	scan=code	
Stream.ts	92	code	13126-13126	13896-13897	1	2	0	scan=code	scan=code
Stream.ts	93	erased	13172-13172	13943-13943	1	1	0	scanEffect=code	scanEffect=code
Stream.ts	94	erased	13196-13196	13967-13967	1	1	0	scanEffect=code	scanEffect=code
Stream.ts	95	code	13201-13201	13972-13972	1	1	0	scanEffect=code	scanEffect=code
Stream.ts	96	code	before 13204	13975-13975	0	1	0		scanEffect=code
Stream.ts	97	code	13206-13206	13978-13978	1	1	0	scanEffect=code	scanEffect=code
Stream.ts	98	code	before 13209	13981-13981	0	1	0		scanEffect=code
Stream.ts	99	code	13558-13558	14331-14331	1	1	0	throttleShapeEffect=code	throttleShapeEffect=code
Stream.ts	100	code	13562-13563	14335-14336	2	2	0	throttleShapeEffect=code	throttleShapeEffect=code
Stream.ts	101	code	13566-13566	14339-14339	1	1	0	throttleShapeEffect=code	throttleShapeEffect=code
Stream.ts	102	code	13571-13571	14344-14344	1	1	0	throttleShapeEffect=code	throttleShapeEffect=code
Stream.ts	103	code	13582-13582	14354-14354	1	1	0	throttleShapeEffect=code	throttleShapeEffect=code
Stream.ts	104	code	13588-13588	14360-14360	1	1	0	throttleShapeEffect=code	throttleShapeEffect=code
Stream.ts	105	code	13925-13925	14721-14721	1	1	0	groupedWithin=code	groupedWithin=code
Stream.ts	106	erased	14463-14510	15259-15306	4	4	0	transduce=erased	transduce=erased
Stream.ts	107	code	before 14818	15673-15677	0	5	0		aggregateWithin=code
Stream.ts	108	code	14848-14865	15720-15722	16	3	0	aggregateWithin=code	aggregateWithin=code
Stream.ts	109	code	14867-14869	15724-15732	3	8	0	aggregateWithin=code	aggregateWithin=code
Stream.ts	110	code	14876-14877	15739-15739	2	1	0	aggregateWithin=code	aggregateWithin=code
Stream.ts	111	code	before 14879	15741-15741	0	1	0		aggregateWithin=code
Stream.ts	112	code	14880-14880	15743-15744	1	2	0	aggregateWithin=code	aggregateWithin=code
Stream.ts	113	code	14882-14884	15746-15751	2	6	0	aggregateWithin=code	aggregateWithin=code
Stream.ts	114	erased	14890-14890	15757-15757	1	1	0	aggregateWithin=code	aggregateWithin=code
Stream.ts	115	code	14895-14899	15761-15764	5	4	0	aggregateWithin=code	aggregateWithin=code
Stream.ts	116	code	before 15057	15925-15925	0	1	0		broadcastN=code
Stream.ts	117	code	15096-15096	15966-15966	1	1	0	broadcastN=code	broadcastN=code
Stream.ts	118	code	15098-15098	15968-15968	1	1	0	broadcastN=code	broadcastN=code
Stream.ts	119	code	15109-15109	15979-15979	1	1	0	broadcastN=code	broadcastN=code
Stream.ts	120	erased	18206-18207	19076-19077	2	2	0	let_=erased	let_=erased
Stream.ts	121	erased	18209-18210	19079-19080	2	2	0	let_=erased	let_=erased
Stream.ts	122	erased	18212-18212	19082-19082	1	1	0	let_=erased	let_=erased
Stream.ts	123	erased	18214-18215	19084-19085	2	2	0	let_=erased	let_=erased
Stream.ts	124	erased	18217-18217	19087-19087	1	1	0	let_=erased	let_=erased
Stream.ts	125	erased	18219-18220	19089-19089	2	1	0	let_=erased	let_=erased
Stream.ts	126	erased	18292-18294	19161-19163	3	3	0	bind=code	bind=code
Stream.ts	127	erased	18296-18296	19165-19165	1	1	0	bind=code	bind=code
Stream.ts	128	erased	18299-18321	19168-19190	2	2	0	bind=code	bind=code
Stream.ts	129	erased	18323-18324	19192-19193	2	2	0	bind=code	bind=code
Stream.ts	130	erased	18326-18326	19195-19195	1	1	0	bind=code	bind=code
Stream.ts	131	code	18329-18330	19198-19199	2	2	0	bind=code	bind=code
Stream.ts	132	code	18332-18333	19201-19202	2	2	0	bind=code	bind=code
Stream.ts	133	erased	18335-18335	19204-19204	1	1	0	bind=code	bind=code
Stream.ts	134	code	18338-18339	19207-19208	2	2	0	bind=code	bind=code
Stream.ts	135	erased	18390-18392	19259-19261	3	3	0	bindEffect=code	bindEffect=code
Stream.ts	136	code	18394-18438	19263-19263	21	1	0	bindEffect=code	bindEffect=code
Stream.ts	137	code	18442-18443	19267-19312	2	22	0	bindEffect=code	bindEffect=code
Stream.ts	138	erased	19338-19338	20207-20207	1	1	0	toReadableStreamWith=erased	toReadableStreamWith=erased
Stream.ts	139	erased	19368-19368	20237-20237	1	1	0	toReadableStreamWith=erased	toReadableStreamWith=erased
Stream.ts	140	erased	19399-19400	20268-20269	2	2	0	toReadableStreamWith=erased	toReadableStreamWith=erased
Stream.ts	141	erased	19969-19969	20838-20838	1	1	0	runIntoPubSub=erased	runIntoPubSub=erased
String.ts	1	code	before 16	16-16	0	1	0		import ./internal/count.ts=absent
String.ts	2	code	971-971	976-976	1	1	0	repeat=code	repeat=code
String.ts	3	code	1159-1159	1167-1167	1	1	0	takeLeft=code	takeLeft=code
String.ts	4	code	1235-1235	1246-1246	1	1	0	takeRight=code	takeRight=code
Types.ts	1	erased	17-17	17-17	1	1	0	TupleOf_=type-decl	TupleOf_=type-decl
Types.ts	2	erased	before 54	19-19	0	1	0		TupleOf_=type-decl
Types.ts	3	erased	before 530	499-501	0	3	0		DeepMutableIsOpaque=absent
Types.ts	4	erased	before 532	545-545	0	1	0		DeepMutable=type-decl
Types.ts	5	erased	before 533	547-547	0	1	0		DeepMutable=type-decl
Types.ts	6	erased	1178-1178	1183-1201	1	10	0	RequiredKeys=type-decl	RequiredKeysFrom_=absent;IsIndexKey_=absent;WithoutIndexSignature_=absent;RequiredKeys=type-decl
internal/core.ts	1	erased	116-116	116-116	1	1	0	isEffect=erased	isEffect=erased
internal/core.ts	2	code	139-140	139-140	2	2	1	CauseImpl.CauseTypeId=code;CauseImpl.reasons=code	CauseImpl.CauseTypeId=code;CauseImpl.reasons=code
internal/core.ts	3	code	246-246	246-246	1	1	1	Fail.error=code	Fail.error=code
internal/core.ts	4	code	before 283	282-322	0	37	1		dedupeReasons=absent;causeCombine=absent
internal/core.ts	5	code	290-290	332-332	1	1	1	Die.defect=code	Die.defect=code
internal/core.ts	6	erased	before 383	425-428	0	4	0		PrimitiveClass=absent
internal/core.ts	7	erased	396-396	443-444	1	2	0	makePrimitiveProto=erased	makePrimitiveProto=erased
internal/core.ts	8	erased	401-401	449-450	1	2	0	makePrimitiveProto=erased	makePrimitiveProto=erased
internal/core.ts	9	erased	419-420	468-468	2	1	0	makePrimitive=code	makePrimitive=code
internal/core.ts	10	erased	423-423	before 471	1	0	0	makePrimitive=code	
internal/core.ts	11	erased	426-426	473-473	1	1	0	makePrimitive=code	makePrimitive=code
internal/core.ts	12	erased	432-432	479-479	1	1	0	makePrimitive=code	makePrimitive=code
internal/core.ts	13	erased	440-440	487-487	1	1	0	makePrimitive=code	makePrimitive=code
internal/core.ts	14	erased	448-448	495-495	1	1	0	makePrimitive=code	makePrimitive=code
internal/core.ts	15	code	454-457	501-506	4	6	0	makePrimitive=code	makePrimitive=code
internal/core.ts	16	code	before 501	550-553	0	4	0		makeExit=code
internal/core.ts	17	code	502-504	555-555	3	1	0	makeExit=code	makeExit=code
internal/core.ts	18	code	535-536	586-587	2	2	2	exitFailCause=code	exitFailCause=code
internal/core.ts	19	code	540-540	591-597	1	5	7	exitFailCause=code	exitFailCause=code
internal/core.ts	20	code	before 543	600-605	0	6	5		exitFailCause=code
internal/core.ts	21	code	before 566	634-643	0	10	0		withFiberSucceed=absent
internal/effect.ts	1	erased	21-21	before 21	1	0	0	import ../Metric.ts=absent	
internal/effect.ts	2	import	before 54	53-53	0	1	0		import ./core.ts#2=import
internal/effect.ts	3	code	108-108	108-108	1	1	1	Interrupt.fiberId=code	Interrupt.fiberId=code
internal/effect.ts	4	code	242-258	before 242	17	0	4	causeCombine=absent	
internal/effect.ts	5	code	280-296	before 261	17	0	0	causePartition=absent	
internal/effect.ts	6	code	300-306	262-265	7	4	1	causeSquash=code	causeSquash=code
internal/effect.ts	7	code	before 308	267-268	0	2	1		causeSquash=code
internal/effect.ts	8	code	320-320	281-283	1	2	0	causePrettyErrors=code	causePrettyErrors=code
internal/effect.ts	9	code	345-345	306-308	1	3	0	causePrettyErrors=code	causePrettyErrors=code
internal/effect.ts	10	code	416-416	380-380	1	1	0	cleanErrorStack=code	cleanErrorStack=code
internal/effect.ts	11	code	before 502	465-478	0	12	0		AsyncContext=absent;AsyncResource=absent;captureAsyncContext=absent
internal/effect.ts	12	code	510-510	before 489	1	0	1	FiberImpl.constructor=code	
internal/effect.ts	13	code	516-516	494-494	1	1	1	FiberImpl.constructor=code	FiberImpl.constructor=code
internal/effect.ts	14	code	523-523	501-503	1	3	1	FiberImpl.constructor=code	FiberImpl.constructor=code
internal/effect.ts	15	code	526-552	506-528	23	19	12	FiberImpl.FiberTypeId=absent;FiberImpl.id=code;FiberImpl.interruptible=code;FiberImpl.currentOpCount=code;FiberImpl._stack=code;FiberImpl._observers=code;FiberImpl._exit=code;FiberImpl._children=code;FiberImpl._interruptedCause=code;FiberImpl._yielded=code;FiberImpl._running=code;FiberImpl._deferredInterrupt=code;FiberImpl.context=code;FiberImpl.currentScheduler=absent;FiberImpl.currentTracerContext=absent;FiberImpl.currentSpan=absent;FiberImpl.currentLogLevel=absent;FiberImpl.minimumLogLevel=absent;FiberImpl.currentStackFrame=absent;FiberImpl.runtimeMetrics=absent;FiberImpl.maxOpsBeforeYield=absent;FiberImpl.currentPreventYield=absent;FiberImpl._dispatcher=code	get FiberImpl.FiberTypeId=absent;FiberImpl.id=code;FiberImpl.interruptible=code;FiberImpl.currentOpCount=code;FiberImpl._stack=code;FiberImpl._observers=code;FiberImpl._exit=code;FiberImpl._children=code;FiberImpl._interruptedCause=code;FiberImpl._yielded=code;FiberImpl._running=code;FiberImpl._deferredInterrupt=code;FiberImpl._parent=absent;FiberImpl._asyncContext=absent;FiberImpl.context=code;FiberImpl.cache=absent;FiberImpl._dispatcher=code
internal/effect.ts	16	code	554-554	530-530	1	1	4	get FiberImpl.currentDispatcher=code	get FiberImpl.currentDispatcher=code
internal/effect.ts	17	code	before 565	541-543	0	3	1		FiberImpl.addObserver=code
internal/effect.ts	18	code	566-567	545-549	2	5	1	FiberImpl.addObserver=code	FiberImpl.addObserver=code;FiberImpl.removeObserver=absent
internal/effect.ts	19	erased	573-573	before 555	1	0	1	FiberImpl.addObserver=code	
internal/effect.ts	20	code	579-580	560-561	2	2	6	FiberImpl.interruptUnsafe=code	FiberImpl.interruptUnsafe=code
internal/effect.ts	21	code	before 602	583-586	0	4	1		FiberImpl.evaluate=code
internal/effect.ts	22	code	before 609	594-594	0	1	1		FiberImpl.evaluate=code
internal/effect.ts	23	code	620-622	606-616	3	11	7	FiberImpl.evaluate=code	FiberImpl.evaluate=code
internal/effect.ts	24	code	624-624	before 618	1	0	5	FiberImpl.evaluate=code	
internal/effect.ts	25	code	before 644	638-638	0	1	4		FiberImpl.runLoop=code
internal/effect.ts	26	code	646-647	641-642	2	2	9	FiberImpl.runLoop=code	FiberImpl.runLoop=code
internal/effect.ts	27	code	653-654	648-649	2	2	6	FiberImpl.runLoop=code	FiberImpl.runLoop=code
internal/effect.ts	28	code	691-691	686-688	1	3	1	FiberImpl.getCont=code	FiberImpl.getCont=code
internal/effect.ts	29	code	before 696	693-693	0	1	1		FiberImpl.getCont=code
internal/effect.ts	30	code	before 699	701-707	0	7	0		FiberImpl.succeedWith=absent
internal/effect.ts	31	code	715-717	727-729	3	3	2	FiberImpl.setContext=code	FiberImpl.setContext=code
internal/effect.ts	32	code	722-730	732-732	9	1	4	FiberImpl.setContext=code	FiberImpl.setContext=code
internal/effect.ts	33	code	733-733	735-755	1	18	0	get FiberImpl.currentSpanLocal=code	get FiberImpl.currentSpanLocal=code;makeFiberContextCache=absent
internal/effect.ts	34	code	before 746	769-769	0	1	0		maxInlineSteps=absent
internal/effect.ts	35	code	753-753	778-778	1	1	0	fiberStackAnnotations=code	fiberStackAnnotations=code
internal/effect.ts	36	code	755-755	780-780	1	1	0	fiberStackAnnotations=code	fiberStackAnnotations=code
internal/effect.ts	37	erased	829-829	854-854	1	1	0	fiberJoinAll=code	fiberJoinAll=code
internal/effect.ts	38	code	832-832	857-862	1	6	0	fiberJoinAll=code	fiberJoinAll=code
internal/effect.ts	39	code	837-837	867-867	1	1	0	fiberJoinAll=code	fiberJoinAll=code
internal/effect.ts	40	code	841-841	871-871	1	1	0	fiberJoinAll=code	fiberJoinAll=code
internal/effect.ts	41	code	848-848	878-880	1	3	0	fiberJoinAll=code	fiberJoinAll=code
internal/effect.ts	42	code	852-852	884-884	1	1	0	fiberJoinAll=code	fiberJoinAll=code
internal/effect.ts	43	code	1015-1015	1047-1047	1	1	0	failCauseSync=code	failCauseSync=code
internal/effect.ts	44	code	1021-1021	1053-1053	1	1	1	failSync=code	failSync=code
internal/effect.ts	45	code	1041-1041	1073-1073	1	1	0	try_=code	try_=code
internal/effect.ts	46	code	1043-1043	1075-1075	1	1	0	try_=code	try_=code
internal/effect.ts	47	code	1055-1055	1087-1087	1	1	0	promise=code	promise=code
internal/effect.ts	48	code	1073-1073	1106-1107	1	2	1	tryPromise=code	tryPromise=code
internal/effect.ts	49	code	1075-1075	1109-1109	1	1	1	tryPromise=code	tryPromise=code
internal/effect.ts	50	code	1077-1078	1111-1111	2	1	1	tryPromise=code	tryPromise=code
internal/effect.ts	51	code	before 1080	1113-1113	0	1	1		tryPromise=code
internal/effect.ts	52	code	1081-1081	1115-1115	1	1	1	tryPromise=code	tryPromise=code
internal/effect.ts	53	code	1083-1083	1117-1117	1	1	1	tryPromise=code	tryPromise=code
internal/effect.ts	54	code	1086-1086	1120-1120	1	1	1	tryPromise=code	tryPromise=code
internal/effect.ts	55	erased	1107-1107	1141-1141	1	1	1	callbackOptions=code	callbackOptions=code
internal/effect.ts	56	code	1109-1109	1143-1144	1	2	2	callbackOptions=code	callbackOptions=code
internal/effect.ts	57	code	1111-1113	1146-1146	3	1	2	callbackOptions=code	callbackOptions=code
internal/effect.ts	58	code	1116-1117	1149-1150	2	2	4	callbackOptions=code	callbackOptions=code
internal/effect.ts	59	code	before 1145	1177-1185	0	9	0		callbackOptions=code
internal/effect.ts	60	code	1157-1157	1199-1199	1	1	4	asyncFinalizer=code	asyncFinalizer=code
internal/effect.ts	61	erased	1168-1168	1210-1210	1	1	1	callback=erased	callback=erased
internal/effect.ts	62	code	1191-1196	1233-1240	6	8	1	gen=code	gen=code
internal/effect.ts	63	code	before 1232	1276-1277	0	2	0		fn=code
internal/effect.ts	64	code	1233-1233	1279-1279	1	1	0	fn=code	fn=code
internal/effect.ts	65	code	before 1236	1281-1281	0	1	0		fn=code
internal/effect.ts	66	erased	1254-1254	1301-1301	1	1	0	makeFn=code	makeFn=code
internal/effect.ts	67	code	before 1263	1309-1310	0	2	0		makeFn=code
internal/effect.ts	68	code	before 1275	1324-1325	0	2	0		makeFn=code
internal/effect.ts	69	code	1276-1276	1327-1327	1	1	0	makeFn=code	makeFn=code
internal/effect.ts	70	code	before 1278	1329-1329	0	1	0		makeFn=code
internal/effect.ts	71	code	1285-1285	1337-1337	1	1	0	makeFn=code	makeFn=code
internal/effect.ts	72	code	1287-1288	1339-1340	2	2	0	makeFn=code	makeFn=code
internal/effect.ts	73	code	1310-1310	1362-1362	1	1	0	fnUntracedEager=code	fnUntracedEager=code
internal/effect.ts	74	code	1359-1359	1411-1412	1	2	2	fromIteratorUnsafe=code	fromIteratorUnsafe=code
internal/effect.ts	75	code	1361-1363	1414-1415	3	2	5	fromIteratorUnsafe=code	fromIteratorUnsafe=code
internal/effect.ts	76	code	1377-1377	1429-1429	1	1	3	fromIteratorUnsafe=code	fromIteratorUnsafe=code
internal/effect.ts	77	code	before 1386	1432-1440	0	9	0		fromIteratorUnsafe=code
internal/effect.ts	78	code	1396-1399	1457-1457	4	1	1	as=code	as=code
internal/effect.ts	79	code	before 1403	1460-1528	0	59	1		evaluateCont=absent;PrimitiveCtor=absent;OnSuccessProto=code;ContImpl=absent;statement=absent;returnPayload=absent;succeedPayload=absent;continuationMarksStack=absent;mapCont=absent;andThenCont=absent;tapCont=absent;tapEffectCont=absent
internal/effect.ts	80	code	1437-1438	1565-1565	2	1	1	andThen=code	andThen=code
internal/effect.ts	81	code	1462-1463	1589-1589	2	1	2	tap=code	tap=code
internal/effect.ts	82	code	1469-1469	1595-1595	1	1	0	asVoid=code	asVoid=code
internal/effect.ts	83	code	1491-1492	1617-1621	2	4	3	raceAll=code	raceAll=code
internal/effect.ts	84	code	1497-1497	before 1626	1	0	4	raceAll=code	
internal/effect.ts	85	code	1510-1514	1638-1638	5	1	7	raceAll=code	raceAll=code
internal/effect.ts	86	code	1530-1530	before 1653	1	0	5	raceAll=code	
internal/effect.ts	87	code	1532-1532	1654-1654	1	1	2	raceAll=code	raceAll=code
internal/effect.ts	88	code	1549-1551	1671-1671	3	1	0	raceAllFirst=code	raceAllFirst=code
internal/effect.ts	89	code	1553-1560	1673-1675	8	3	0	raceAllFirst=code	raceAllFirst=code
internal/effect.ts	90	code	1571-1571	1685-1686	1	2	0	raceAllFirst=code	raceAllFirst=code
internal/effect.ts	91	code	1578-1578	before 1692	1	0	0	raceAllFirst=code	
internal/effect.ts	92	code	1580-1580	1693-1693	1	1	0	raceAllFirst=code	raceAllFirst=code
internal/effect.ts	93	code	1676-1681	1789-1789	6	1	2	flatMap=code	flatMap=code
internal/effect.ts	94	code	1683-1689	before 1793	7	0	2	OnSuccessProto=code	
internal/effect.ts	95	code	1725-1725	1826-1827	1	2	0	effectIsExit=code	effectIsExit=code
internal/effect.ts	96	code	1772-1772	1874-1874	1	1	0	map=code	map=code
internal/effect.ts	97	code	2092-2092	2194-2194	1	1	6	updateContext=code	updateContext=code
internal/effect.ts	98	code	before 2096	2198-2198	0	1	2		updateContext=code
internal/effect.ts	99	code	2138-2138	2241-2243	1	3	0	updateServiceScoped=code	updateServiceScoped=code
internal/effect.ts	100	code	2306-2307	2411-2412	2	2	0	zipWith=code	zipWith=code
internal/effect.ts	101	code	2488-2493	2593-2594	6	2	2	catchCause=code	catchCause=code
internal/effect.ts	102	code	2497-2500	2598-2598	4	1	2	OnFailureProto=code	OnFailureProto=code
internal/effect.ts	103	code	before 2504	2600-2604	0	5	0		OnFailureImpl=absent;statement#2=absent
internal/effect.ts	104	code	2527-2527	2630-2630	1	1	0	catchCauseIf=code	catchCauseIf=code
internal/effect.ts	105	code	2553-2553	2656-2656	1	1	0	catchCauseFilter=code	catchCauseFilter=code
internal/effect.ts	106	code	2619-2620	2722-2722	2	1	0	tapCause=code	tapCause=code
internal/effect.ts	107	code	2644-2644	2746-2746	1	1	0	tapCauseIf=code	tapCauseIf=code
internal/effect.ts	108	code	2671-2671	2773-2773	1	1	0	tapCauseFilter=code	tapCauseFilter=code
internal/effect.ts	109	erased	2744-2744	2846-2846	1	1	0	tapDefect=erased	tapDefect=erased
internal/effect.ts	110	erased	2746-2746	2848-2848	1	1	0	tapDefect=erased	tapDefect=erased
internal/effect.ts	111	code	2807-2807	2909-2909	1	1	2	catchIf=code	catchIf=code
internal/effect.ts	112	code	2809-2809	2911-2911	1	1	2	catchIf=code	catchIf=code
internal/effect.ts	113	code	2841-2841	2943-2943	1	1	0	catchFilter=code	catchFilter=code
internal/effect.ts	114	code	2843-2843	2945-2945	1	1	0	catchFilter=code	catchFilter=code
internal/effect.ts	115	code	3001-3001	3103-3103	1	1	0	catchTags=code	catchTags=code
internal/effect.ts	116	code	3101-3101	3203-3206	1	4	0	catchReason=code	catchReason=code
internal/effect.ts	117	code	3105-3105	3210-3210	1	1	0	catchReason=code	catchReason=code
internal/effect.ts	118	code	3201-3201	3306-3307	1	2	0	catchReasons=code	catchReasons=code
internal/effect.ts	119	code	3206-3206	3312-3312	1	1	0	catchReasons=code	catchReasons=code
internal/effect.ts	120	code	3208-3208	3314-3314	1	1	0	catchReasons=code	catchReasons=code
internal/effect.ts	121	erased	3295-3297	3401-3403	3	3	0	orElseSucceed=code	orElseSucceed=code
internal/effect.ts	122	erased	3300-3300	3406-3406	1	1	0	orElseSucceed=code	orElseSucceed=code
internal/effect.ts	123	code	3306-3307	3412-3413	2	2	0	orElseSucceed=code	orElseSucceed=code
internal/effect.ts	124	code	3449-3453	3555-3559	5	5	3	matchCauseEffect=code	matchCauseEffect=code
internal/effect.ts	125	code	3456-3457	3562-3562	2	1	3	matchCauseEffect=code	matchCauseEffect=code
internal/effect.ts	126	code	3461-3463	3566-3586	3	18	2	OnSuccessAndFailureProto=code	OnSuccessAndFailureProto=code;OnSuccessAndFailureImpl=absent;statement#3=absent;matchSuccess=absent
internal/effect.ts	127	code	before 3465	3588-3620	0	33	2		makeMatch=absent;MatchImpl=absent;MatchCauseImpl=absent
internal/effect.ts	128	code	3488-3492	3644-3644	5	1	1	matchCause=code	matchCause=code
internal/effect.ts	129	code	3523-3523	3675-3675	1	1	0	matchEffect=code	matchEffect=code
internal/effect.ts	130	code	3551-3555	3703-3703	5	1	0	match=code	match=code
internal/effect.ts	131	code	3631-3632	3779-3780	2	2	3	exitPrimitive=code	exitPrimitive=code
internal/effect.ts	132	code	3634-3635	3782-3783	2	2	3	exitPrimitive=code	exitPrimitive=code
internal/effect.ts	133	code	3700-3702	3848-3850	3	3	1	timeoutOrElse=code	timeoutOrElse=code
internal/effect.ts	134	code	before 3707	3855-3856	0	2	1		timeoutErrorFromDuration=absent
internal/effect.ts	135	code	3722-3725	3874-3878	4	5	2	timeout=code	timeout=code
internal/effect.ts	136	code	before 3727	3880-3880	0	1	2		timeout=code
internal/effect.ts	137	code	3776-3776	3930-3935	1	6	1	scopeClose=code	scopeClose=code
internal/effect.ts	138	code	3780-3785	before 3939	6	0	6	scopeCloseUnsafe=code	
internal/effect.ts	139	code	3787-3789	3940-3943	3	4	6	scopeCloseUnsafe=code	scopeCloseUnsafe=code
internal/effect.ts	140	code	3791-3795	3945-3951	5	7	6	scopeCloseUnsafe=code	scopeCloseUnsafe=code
internal/effect.ts	141	code	before 3800	3956-3965	0	10	2		runFinalizer=absent
internal/effect.ts	142	code	3818-3818	3985-3985	1	1	8	scopeCloseFinalizers=code	scopeCloseFinalizers=code
internal/effect.ts	143	code	3820-3820	3987-3987	1	1	10	scopeCloseFinalizers=code	scopeCloseFinalizers=code
internal/effect.ts	144	code	3835-3835	4002-4002	1	1	3	scopeForkUnsafe=code	scopeForkUnsafe=code
internal/effect.ts	145	code	3837-3838	4004-4005	2	2	3	scopeForkUnsafe=code	scopeForkUnsafe=code
internal/effect.ts	146	code	3840-3843	4007-4008	4	2	4	scopeForkUnsafe=code	scopeForkUnsafe=code
internal/effect.ts	147	code	3881-3883	before 4046	3	0	2	scopeAddFinalizerUnsafe=code	
internal/effect.ts	148	erased	3885-3885	4047-4047	1	1	2	scopeAddFinalizerUnsafe=code	scopeAddFinalizerUnsafe=code
internal/effect.ts	149	code	3895-3895	4057-4057	1	1	2	scopeRemoveFinalizerUnsafe=code	scopeRemoveFinalizerUnsafe=code
internal/effect.ts	150	code	3898-3899	4060-4060	2	1	2	scopeRemoveFinalizerUnsafe=code	scopeRemoveFinalizerUnsafe=code
internal/effect.ts	151	code	before 3902	4063-4064	0	2	2		scopeRemoveFinalizerUnsafe=code
internal/effect.ts	152	code	3907-3915	4070-4076	7	6	2	scopeFinalizerCountUnsafe=absent;scopeMakeUnsafe=code	scopeMakeUnsafe=code;makeScope=absent
internal/effect.ts	153	code	before 3919	4080-4080	0	1	2		makeScope=absent
internal/effect.ts	154	code	3943-3943	4105-4105	1	1	3	scoped=code	scoped=code
internal/effect.ts	155	code	before 3947	4109-4109	0	1	4		scoped=code
internal/effect.ts	156	code	4002-4006	4164-4165	5	2	3	onExitPrimitive=code	OnExitImpl=absent
internal/effect.ts	157	code	4008-4009	4167-4167	2	1	2	onExitPrimitive=code	OnExitImpl=absent
internal/effect.ts	158	code	4011-4011	4169-4169	1	1	2	onExitPrimitive=code	OnExitImpl=absent
internal/effect.ts	159	code	4013-4014	4171-4172	2	2	3	onExitPrimitive=code	OnExitImpl=absent
internal/effect.ts	160	erased	4019-4019	4177-4177	1	1	4	onExitPrimitive=code	OnExitImpl=absent
internal/effect.ts	161	code	4021-4021	4179-4184	1	6	6	onExitPrimitive=code	OnExitImpl=absent
internal/effect.ts	162	erased	4024-4024	4187-4187	1	1	6	onExitPrimitive=code	OnExitImpl=absent
internal/effect.ts	163	code	4026-4026	4189-4194	1	6	6	onExitPrimitive=code	OnExitImpl=absent
internal/effect.ts	164	code	before 4032	4198-4224	0	20	0		OnExitImpl=absent;onExitPrimitive=code;onExitUnsafe=absent
internal/effect.ts	165	code	4209-4209	4404-4404	1	1	0	acquireUseRelease=code	acquireUseRelease=code
internal/effect.ts	166	erased	before 4230	4425-4427	0	3	0		cachedInvalidateWithTTL=code
internal/effect.ts	167	erased	before 4233	4431-4433	0	3	0		cachedInvalidateWithTTL=code
internal/effect.ts	168	erased	4235-4235	4436-4436	1	1	0	cachedInvalidateWithTTL=code	cachedInvalidateWithTTL=code
internal/effect.ts	169	code	4239-4239	4440-4440	1	1	0	cachedInvalidateWithTTL=code	cachedInvalidateWithTTL=code
internal/effect.ts	170	code	4241-4244	4442-4461	4	17	0	cachedInvalidateWithTTL=code	cachedInvalidateWithTTL=code;infiniteTTL=absent;CachedRun=absent;makeCachedUnsafe=absent
internal/effect.ts	171	code	4246-4246	before 4463	1	0	0	cachedInvalidateWithTTL=code	
internal/effect.ts	172	code	4248-4248	4464-4477	1	10	0	cachedInvalidateWithTTL=code	makeCachedUnsafe=absent
internal/effect.ts	173	code	4251-4255	4481-4487	5	7	0	cachedInvalidateWithTTL=code	makeCachedUnsafe=absent
internal/effect.ts	174	code	4257-4260	4489-4501	4	11	0	cachedInvalidateWithTTL=code	makeCachedUnsafe=absent
internal/effect.ts	175	code	4262-4263	4503-4507	2	5	0	cachedInvalidateWithTTL=code	makeCachedUnsafe=absent
internal/effect.ts	176	code	4266-4267	before 4510	2	0	0	cachedInvalidateWithTTL=code	
internal/effect.ts	177	code	4271-4271	4513-4513	1	1	0	cachedInvalidateWithTTL=code	makeCachedUnsafe=absent
internal/effect.ts	178	erased	before 4275	4517-4519	0	3	0		cachedWithTTL=erased
internal/effect.ts	179	erased	before 4278	4523-4525	0	3	0		cachedWithTTL=erased
internal/effect.ts	180	erased	4280-4280	4528-4528	1	1	0	cachedWithTTL=erased	cachedWithTTL=erased
internal/effect.ts	181	erased	4286-4286	4534-4534	1	1	0	cachedWithTTL=erased	cachedWithTTL=erased
internal/effect.ts	182	code	4292-4292	4540-4540	1	1	0	cached=code	cached=code
internal/effect.ts	183	code	before 4331	4584-4604	0	13	0		fiberEnterUninterruptibleUnsafe=absent;fiberEnterInterruptibleUnsafe=absent
internal/effect.ts	184	erased	4429-4429	4705-4705	1	1	0	partition=erased	partition=erased
internal/effect.ts	185	erased	4434-4434	4710-4710	1	1	0	partition=erased	partition=erased
internal/effect.ts	186	erased	4441-4441	4717-4717	1	1	0	partition=erased	partition=erased
internal/effect.ts	187	code	4530-4532	4806-4808	3	3	0	validate=code	validate=code
internal/effect.ts	188	code	4534-4534	4810-4810	1	1	0	validate=code	validate=code
internal/effect.ts	189	code	4675-4678	4951-4951	4	1	2	forEach=code	forEach=code
internal/effect.ts	190	code	4731-4737	5005-5008	6	3	0	IterateEagerOptions=absent;iterateEagerImpl=absent	resolveConcurrency=absent;IterateOptions=absent
internal/effect.ts	191	code	4740-4740	5011-5015	1	3	0	iterateEagerImpl=absent	IterateOptions=absent;iterateEager=code
internal/effect.ts	192	erased	4743-4743	5018-5019	1	2	0	iterateEagerImpl=absent	iterateEager=code
internal/effect.ts	193	code	4748-4748	5024-5024	1	1	0	iterateEagerImpl=absent	iterateEager=code
internal/effect.ts	194	code	4752-4752	5028-5040	1	12	0	iterateEagerImpl=absent	iterateEager=code
internal/effect.ts	195	code	4758-4761	5046-5046	4	1	0	iterateEagerImpl=absent	iterateEager=code
internal/effect.ts	196	code	before 4768	5053-5058	0	5	0		iterateEager=code;iterateConcurrentImpl=absent
internal/effect.ts	197	erased	4771-4771	5062-5062	1	1	0	iterateEagerImpl=absent	iterateConcurrentImpl=absent
internal/effect.ts	198	code	4774-4779	5065-5066	6	2	0	iterateEagerImpl=absent	iterateConcurrentImpl=absent
internal/effect.ts	199	code	4784-4784	before 5071	1	0	0	iterateEagerImpl=absent	
internal/effect.ts	200	code	4787-4788	before 5074	2	0	0	iterateEagerImpl=absent	
internal/effect.ts	201	code	4794-4794	before 5078	1	0	0	iterateEagerImpl=absent	
internal/effect.ts	202	code	4796-4796	5079-5079	1	1	0	iterateEagerImpl=absent	iterateConcurrentImpl=absent
internal/effect.ts	203	code	4800-4812	before 5083	13	0	0	iterateEagerImpl=absent	
internal/effect.ts	204	code	4822-4822	5090-5090	1	1	0	iterateEagerImpl=absent	iterateConcurrentImpl=absent
internal/effect.ts	205	code	4840-4842	5106-5110	3	5	0	iterateEagerImpl=absent	iterateConcurrentImpl=absent
internal/effect.ts	206	code	4853-4853	5119-5119	1	1	0	iterateEagerImpl=absent	iterateConcurrentImpl=absent
internal/effect.ts	207	code	4866-4873	5131-5135	8	5	0	iterateEagerImpl=absent	iterateConcurrentImpl=absent
internal/effect.ts	208	code	4877-4877	5139-5139	1	1	0	iterateEagerImpl=absent	iterateConcurrentImpl=absent
internal/effect.ts	209	code	4879-4881	5141-5141	3	1	0	iterateEagerImpl=absent	iterateConcurrentImpl=absent
internal/effect.ts	210	code	4930-4939	5189-5192	9	3	0	iterateEager=code;forEachConcurrent=code	iterateConcurrent=absent;forEachConcurrent=code
internal/effect.ts	211	code	before 5277	5531-5531	0	1	4		forkUnsafe=code
internal/effect.ts	212	code	5281-5281	5536-5536	1	1	7	forkUnsafe=code	forkUnsafe=code
internal/effect.ts	213	code	5319-5319	5574-5575	1	2	6	awaitAllChildren=code	awaitAllChildren=code
internal/effect.ts	214	code	5331-5331	5587-5588	1	2	5	awaitAllChildren=code	awaitAllChildren=code
internal/effect.ts	215	code	5730-5730	5987-5987	1	1	0	makeSpanUnsafe=code	makeSpanUnsafe=code
internal/effect.ts	216	code	5736-5736	5993-5993	1	1	0	makeSpanUnsafe=code	makeSpanUnsafe=code
internal/effect.ts	217	code	5751-5751	6009-6009	1	1	0	makeSpanUnsafe=code	makeSpanUnsafe=code
internal/effect.ts	218	code	5769-5769	6027-6027	1	1	0	makeSpanUnsafe=code	makeSpanUnsafe=code
internal/effect.ts	219	code	5913-5913	6171-6172	1	2	0	useSpan=code	useSpan=code
internal/effect.ts	220	code	6223-6223	6482-6482	1	1	0	ConsoleRef=code	ConsoleRef=code
internal/effect.ts	221	code	6266-6266	6525-6525	1	1	0	CurrentLoggers=code	CurrentLoggers=code
internal/effect.ts	222	code	6296-6296	6555-6555	1	1	0	annotateLogsScoped=code	annotateLogsScoped=code
internal/effect.ts	223	code	6384-6385	6643-6644	2	2	0	logWithLevel=code	logWithLevel=code
internal/effect.ts	224	code	before 6461	6720-6734	0	12	0		consolePretty=code;prettyLoggerTty=code
internal/effect.ts	225	erased	6462-6462	6738-6741	1	4	0	consolePretty=code	prettyLoggerTty=code
internal/effect.ts	226	code	6465-6483	6745-6749	18	4	0	consolePretty=code;prettyLoggerTty=code	prettyLoggerTty=code
internal/effect.ts	227	code	6492-6492	6758-6758	1	1	0	prettyLoggerTty=code	prettyLoggerTty=code
internal/effect.ts	228	code	6537-6539	6804-6806	3	3	0	prettyLoggerBrowser=code	prettyLoggerBrowser=code
internal/effect.ts	229	code	6541-6541	6808-6810	1	3	0	prettyLoggerBrowser=code	prettyLoggerBrowser=code
internal/effect.ts	230	code	6548-6548	6817-6817	1	1	0	prettyLoggerBrowser=code	prettyLoggerBrowser=code
internal/effect.ts	231	code	6550-6550	6819-6819	1	1	0	prettyLoggerBrowser=code	prettyLoggerBrowser=code
internal/effect.ts	232	code	6554-6554	6823-6823	1	1	0	prettyLoggerBrowser=code	prettyLoggerBrowser=code
internal/effect.ts	233	code	6571-6571	6840-6840	1	1	0	prettyLoggerBrowser=code	prettyLoggerBrowser=code
internal/effect.ts	234	code	6596-6596	6865-6865	1	1	0	prettyLoggerBrowser=code	prettyLoggerBrowser=code
internal/effect.ts	235	code	6637-6637	6906-6906	1	1	0	tracerLogger=code	tracerLogger=code
internal/effect.ts	236	erased	6682-6682	6951-6951	1	1	1	withErrorReporting=erased	withErrorReporting=erased
internal/schema/fromRepresentation.ts	1	code	before 5	5-5	0	1	0		import ../../SchemaParser.ts=absent
internal/schema/fromRepresentation.ts	2	code	before 9	9-9	0	1	0		import ./toCodec.ts=absent
internal/schema/fromRepresentation.ts	3	code	46-46	48-48	1	1	0	makeReviverMap=code	makeReviverMap=code
internal/schema/fromRepresentation.ts	4	code	105-105	107-107	1	1	0	revivePersisted=code	revivePersisted=code
internal/schema/fromRepresentation.ts	5	code	317-317	319-319	1	1	0	revivePersisted=code	revivePersisted=code
internal/schema/toRepresentation.ts	1	code	286-286	286-286	1	1	0	toRepresentations=code	toRepresentations=code
unstable/ai/McpServer.ts	1	code	before 17	18-18	0	1	0		import ../Deferred.ts=absent
unstable/ai/McpServer.ts	2	code	before 18	20-20	0	1	0		import ../ErrorReporter.ts=absent
unstable/ai/McpServer.ts	3	code	20-32	before 23	13	0	0	import ../../Layer.ts=absent;import ../../LogLevel.ts=absent;import ../../Option.ts=absent;import ../../Predicate.ts=absent;import ../../Queue.ts=absent;import ../../RcMap.ts=absent;import ../../References.ts=absent;import ../../Result.ts=absent;import ../../Schema.ts=absent;import ../../SchemaAST.ts=absent;import ../../Sink.ts=absent;import ../../Stdio.ts=absent;import ../../Stream.ts=absent	
unstable/ai/McpServer.ts	4	code	before 39	29-37	0	9	0		import ../JsonSchema.ts=absent;import ../Layer.ts=absent;import ../Option.ts=absent;import ../Predicate.ts=absent;import ../PubSub.ts=absent;import ../Queue.ts=absent;import ../RcMap.ts=absent;import ../References.ts=absent;import ../Result.ts=absent
unstable/ai/McpServer.ts	5	import	41-41	40-40	1	1	0	import ../rpc/RpcGroup.ts=import	import ../rpc/RpcGroup.ts=import
unstable/ai/McpServer.ts	6	code	before 45	44-48	0	5	0		import ../Schema.ts=absent;import ../SchemaAST.ts=absent;import ../Scope.ts=absent;import ../Stdio.ts=absent;import ../Stream.ts=absent
unstable/ai/McpServer.ts	7	code	48-48	52-53	1	2	0	import ./internal/mcpProtocolRegistry.ts=absent	import ./internal/mcpRuntime.ts=absent;import ./internal/structured-output.ts=absent
unstable/ai/McpServer.ts	8	import	56-56	before 61	1	0	0	import ./McpSchema.ts#2=import	
unstable/ai/McpServer.ts	9	import	before 61	65-65	0	1	0		import ./McpSchema.ts#2=import
unstable/ai/McpServer.ts	10	import	64-64	before 69	1	0	0	import ./McpSchema.ts#2=import	
unstable/ai/McpServer.ts	11	import	71-71	75-75	1	1	0	import ./McpSchema.ts#2=import	import ./McpSchema.ts#2=import
unstable/ai/McpServer.ts	12	import	87-87	91-91	1	1	0	import ./Toolkit.ts=import	import ./Toolkit.ts=import
unstable/ai/McpServer.ts	13	erased	before 94	98-100	0	3	0		QueuedServerNotification=type-decl
unstable/ai/McpServer.ts	14	erased	before 99	106-106	0	1	0		internalState=erased
unstable/ai/McpServer.ts	15	erased	100-100	108-108	1	1	0	ServerExtensions=type-decl	ServerExtensions=type-decl
unstable/ai/McpServer.ts	16	code	107-118	114-114	12	1	0	validateStructuredContent=absent	isLoggingLevel=absent
unstable/ai/McpServer.ts	17	code	before 173	158-188	0	30	0		omitRequestServices=absent;provideInvocationContext=absent
unstable/ai/McpServer.ts	18	erased	179-179	before 209	1	0	0	McpServer=code	
unstable/ai/McpServer.ts	19	erased	187-187	216-222	1	7	0	McpServer=code	McpServer=code
unstable/ai/McpServer.ts	20	erased	200-200	235-239	1	5	0	McpServer=code	McpServer=code
unstable/ai/McpServer.ts	21	erased	223-223	262-262	1	1	0	McpServer=code	McpServer=code
unstable/ai/McpServer.ts	22	erased	225-225	264-264	1	1	0	McpServer=code	McpServer=code
unstable/ai/McpServer.ts	23	erased	232-232	271-271	1	1	0	McpServer=code	McpServer=code
unstable/ai/McpServer.ts	24	erased	246-246	285-285	1	1	0	McpServer=code	McpServer=code
unstable/ai/McpServer.ts	25	erased	250-250	289-289	1	1	0	McpServer=code	McpServer=code
unstable/ai/McpServer.ts	26	code	284-284	324-326	1	3	0	McpServer.make=code	McpServer.make=code
unstable/ai/McpServer.ts	27	code	288-288	330-331	1	2	0	McpServer.make=code	McpServer.make=code
unstable/ai/McpServer.ts	28	code	before 297	340-346	0	7	0		McpServer.make=code
unstable/ai/McpServer.ts	29	code	298-303	348-353	6	6	0	McpServer.make=code	McpServer.make=code
unstable/ai/McpServer.ts	30	code	305-305	355-355	1	1	0	McpServer.make=code	McpServer.make=code
unstable/ai/McpServer.ts	31	code	308-308	358-359	1	2	0	McpServer.make=code	McpServer.make=code
unstable/ai/McpServer.ts	32	code	310-310	362-363	1	2	0	McpServer.make=code	McpServer.make=code
unstable/ai/McpServer.ts	33	code	before 316	369-372	0	4	0		McpServer.make=code
unstable/ai/McpServer.ts	34	code	before 317	374-374	0	1	0		McpServer.make=code
unstable/ai/McpServer.ts	35	code	before 322	380-381	0	2	0		McpServer.make=code
unstable/ai/McpServer.ts	36	code	324-326	384-392	3	9	0	McpServer.make=code	McpServer.make=code
unstable/ai/McpServer.ts	37	code	353-357	419-419	5	1	0	McpServer.make=code	McpServer.make=code
unstable/ai/McpServer.ts	38	code	368-368	430-433	1	4	0	McpServer.make=code	McpServer.make=code
unstable/ai/McpServer.ts	39	code	374-379	439-442	6	4	0	McpServer.make=code	McpServer.make=code
unstable/ai/McpServer.ts	40	code	388-396	451-454	9	4	0	McpServer.make=code	McpServer.make=code
unstable/ai/McpServer.ts	41	code	405-405	463-466	1	4	0	McpServer.make=code	McpServer.make=code
unstable/ai/McpServer.ts	42	code	431-434	492-492	4	1	0	McpServer.make=code	McpServer.make=code
unstable/ai/McpServer.ts	43	code	471-474	529-529	4	1	0	McpServer.make=code	McpServer.make=code
unstable/ai/McpServer.ts	44	code	479-480	534-535	2	2	0	McpServer.make=code	McpServer.make=code
unstable/ai/McpServer.ts	45	code	495-504	550-553	10	4	0	McpServer.make=code	McpServer.make=code
unstable/ai/McpServer.ts	46	code	531-532	580-585	2	6	0	McpServer.make=code	McpServer.make=code
unstable/ai/McpServer.ts	47	code	539-543	592-592	5	1	0	McpServer.make=code	McpServer.make=code
unstable/ai/McpServer.ts	48	code	557-557	606-606	1	1	0	McpServer.make=code	McpServer.make=code
unstable/ai/McpServer.ts	49	code	before 564	613-615	0	3	0		McpServer.make=code
unstable/ai/McpServer.ts	50	code	585-585	637-637	1	1	0	McpServer.make=code	McpServer.make=code
unstable/ai/McpServer.ts	51	code	before 600	653-653	0	1	0		cancelledResponses=absent
unstable/ai/McpServer.ts	52	erased	602-616	656-658	13	3	0	SessionLogLevel=absent;Session=absent;Sessions=absent	ActiveRequest=absent
unstable/ai/McpServer.ts	53	erased	621-621	663-663	1	1	0	McpClientKey=erased	McpClientKey=erased
unstable/ai/McpServer.ts	54	code	624-647	before 679	19	0	0	McpProtocolState=absent;makeMcpProtocolState=absent;layerMcpProtocolState=absent	
unstable/ai/McpServer.ts	55	erased	before 664	682-682	0	1	0		run=code
unstable/ai/McpServer.ts	56	erased	before 676	695-695	0	1	0		run=code
unstable/ai/McpServer.ts	57	code	682-686	702-706	5	5	0	run=code	run=code
unstable/ai/McpServer.ts	58	code	689-689	709-710	1	2	0	runWithProtocolState=absent	runWithRuntime=absent
unstable/ai/McpServer.ts	59	erased	before 692	713-713	0	1	0		runWithRuntime=absent
unstable/ai/McpServer.ts	60	code	696-698	718-721	3	4	0	runWithProtocolState=absent	runWithRuntime=absent
unstable/ai/McpServer.ts	61	code	702-710	725-821	9	95	0	runWithProtocolState=absent	runWithRuntime=absent
unstable/ai/McpServer.ts	62	code	714-714	825-825	1	1	0	runWithProtocolState=absent	runWithRuntime=absent
unstable/ai/McpServer.ts	63	code	before 723	834-837	0	4	0		runWithRuntime=absent
unstable/ai/McpServer.ts	64	code	729-729	844-848	1	4	0	runWithProtocolState=absent	runWithRuntime=absent
unstable/ai/McpServer.ts	65	code	751-751	870-870	1	1	0	runWithProtocolState=absent	runWithRuntime=absent
unstable/ai/McpServer.ts	66	code	769-774	891-899	3	9	0	runWithProtocolState=absent	runWithRuntime=absent
unstable/ai/McpServer.ts	67	code	779-779	904-911	1	8	0	runWithProtocolState=absent	runWithRuntime=absent
unstable/ai/McpServer.ts	68	code	before 782	914-914	0	1	0		runWithRuntime=absent
unstable/ai/McpServer.ts	69	code	786-786	919-919	1	1	0	runWithProtocolState=absent	runWithRuntime=absent
unstable/ai/McpServer.ts	70	code	before 790	923-925	0	3	0		runWithRuntime=absent
unstable/ai/McpServer.ts	71	code	before 801	937-939	0	3	0		runWithRuntime=absent
unstable/ai/McpServer.ts	72	code	802-802	941-941	1	1	0	runWithProtocolState=absent	runWithRuntime=absent
unstable/ai/McpServer.ts	73	code	812-812	951-951	1	1	0	runWithProtocolState=absent	runWithRuntime=absent
unstable/ai/McpServer.ts	74	code	817-817	956-958	1	3	0	runWithProtocolState=absent	runWithRuntime=absent
unstable/ai/McpServer.ts	75	code	868-885	1009-1025	16	16	0	runWithProtocolState=absent	runWithRuntime=absent
unstable/ai/McpServer.ts	76	code	before 887	1027-1036	0	8	0		runWithRuntime=absent
unstable/ai/McpServer.ts	77	code	before 888	1038-1043	0	6	0		runWithRuntime=absent
unstable/ai/McpServer.ts	78	code	889-892	1045-1045	4	1	0	runWithProtocolState=absent	runWithRuntime=absent
unstable/ai/McpServer.ts	79	code	902-909	1055-1059	8	5	0	runWithProtocolState=absent	runWithRuntime=absent
unstable/ai/McpServer.ts	80	code	921-921	1071-1071	1	1	0	runWithProtocolState=absent	runWithRuntime=absent
unstable/ai/McpServer.ts	81	code	924-944	1074-1075	21	2	0	runWithProtocolState=absent	runWithRuntime=absent
unstable/ai/McpServer.ts	82	code	946-947	1077-1077	2	1	0	runWithProtocolState=absent	runWithRuntime=absent
unstable/ai/McpServer.ts	83	code	949-951	1079-1082	3	4	0	runWithProtocolState=absent	runWithRuntime=absent
unstable/ai/McpServer.ts	84	code	953-958	1085-1086	6	2	0	runWithProtocolState=absent	runWithRuntime=absent
unstable/ai/McpServer.ts	85	code	before 960	1088-1099	0	12	0		runWithRuntime=absent
unstable/ai/McpServer.ts	86	code	962-962	1102-1102	1	1	0	runWithProtocolState=absent	runWithRuntime=absent
unstable/ai/McpServer.ts	87	code	970-971	1110-1122	2	13	0	runWithProtocolState=absent	runWithRuntime=absent
unstable/ai/McpServer.ts	88	code	974-976	1125-1129	3	5	0	runWithProtocolState=absent	runWithRuntime=absent
unstable/ai/McpServer.ts	89	code	978-989	before 1131	12	0	0	runWithProtocolState=absent	
unstable/ai/McpServer.ts	90	code	991-992	1132-1133	2	2	0	runWithProtocolState=absent	runWithRuntime=absent
unstable/ai/McpServer.ts	91	code	995-997	1136-1141	3	6	0	runWithProtocolState=absent	runWithRuntime=absent
unstable/ai/McpServer.ts	92	code	1000-1008	1144-1151	9	8	0	runWithProtocolState=absent	runWithRuntime=absent
unstable/ai/McpServer.ts	93	code	1016-1018	before 1159	3	0	0	runWithProtocolState=absent	
unstable/ai/McpServer.ts	94	code	1020-1020	1160-1160	1	1	0	runWithProtocolState=absent	runWithRuntime=absent
unstable/ai/McpServer.ts	95	code	1028-1029	1168-1190	2	23	0	runWithProtocolState=absent	runWithRuntime=absent
unstable/ai/McpServer.ts	96	code	1037-1037	1198-1198	1	1	0	runWithProtocolState=absent	runWithRuntime=absent
unstable/ai/McpServer.ts	97	code	1049-1050	1210-1226	2	17	0	runWithProtocolState=absent	runWithRuntime=absent
unstable/ai/McpServer.ts	98	code	1052-1052	1228-1228	1	1	0	runWithProtocolState=absent	runWithRuntime=absent
unstable/ai/McpServer.ts	99	code	1054-1058	1230-1232	4	2	0	runWithProtocolState=absent	runWithRuntime=absent
unstable/ai/McpServer.ts	100	code	1061-1062	1235-1243	2	9	0	runWithProtocolState=absent	runWithRuntime=absent
unstable/ai/McpServer.ts	101	code	1067-1067	1248-1248	1	1	0	runWithProtocolState=absent	runWithRuntime=absent
unstable/ai/McpServer.ts	102	code	1075-1075	1256-1258	1	3	0	runWithProtocolState=absent	runWithRuntime=absent
unstable/ai/McpServer.ts	103	code	1079-1079	1263-1270	1	7	0	runWithProtocolState=absent	runWithRuntime=absent
unstable/ai/McpServer.ts	104	code	1084-1084	before 1275	1	0	0	runWithProtocolState=absent	
unstable/ai/McpServer.ts	105	code	1086-1087	1276-1277	2	2	0	runWithProtocolState=absent	runWithRuntime=absent
unstable/ai/McpServer.ts	106	code	before 1091	1281-1285	0	5	0		runWithRuntime=absent
unstable/ai/McpServer.ts	107	code	1092-1093	1288-1302	2	15	0	runWithProtocolState=absent	runWithRuntime=absent
unstable/ai/McpServer.ts	108	code	1110-1110	1319-1326	1	8	0	runWithProtocolState=absent	runWithRuntime=absent
unstable/ai/McpServer.ts	109	code	before 1112	1328-1331	0	4	0		runWithRuntime=absent
unstable/ai/McpServer.ts	110	code	1113-1113	1333-1333	1	1	0	runWithProtocolState=absent	runWithRuntime=absent
unstable/ai/McpServer.ts	111	code	1118-1118	1338-1338	1	1	0	runWithProtocolState=absent	runWithRuntime=absent
unstable/ai/McpServer.ts	112	erased	before 1160	1382-1382	0	1	0		layer=code
unstable/ai/McpServer.ts	113	code	1166-1167	1389-1390	2	2	0	layer=code	layer=code
unstable/ai/McpServer.ts	114	code	1170-1170	1393-1393	1	1	0	layerWithProtocolState=absent	layerWithRuntime=absent
unstable/ai/McpServer.ts	115	erased	before 1173	1396-1396	0	1	0		layerWithRuntime=absent
unstable/ai/McpServer.ts	116	code	1177-1177	1401-1405	1	5	0	layerWithProtocolState=absent	layerWithRuntime=absent
unstable/ai/McpServer.ts	117	code	1180-1181	1408-1409	2	2	0	layerWithProtocolState=absent	layerWithRuntime=absent
unstable/ai/McpServer.ts	118	erased	before 1210	1440-1440	0	1	0		layerStdio=code
unstable/ai/McpServer.ts	119	code	1216-1216	1447-1448	1	2	0	layerStdio=code	layerStdio=code
unstable/ai/McpServer.ts	120	code	1227-1227	1459-1459	1	1	0	mcpStdioSerialization=code	mcpStdioSerialization=code
unstable/ai/McpServer.ts	121	code	1243-1243	1475-1475	1	1	0	mcpStdioSerialization=code	mcpStdioSerialization=code
unstable/ai/McpServer.ts	122	code	before 1247	1479-1479	0	1	0		mcpStdioSerialization=code
unstable/ai/McpServer.ts	123	code	1260-1261	1493-1493	2	1	0	mcpStdioSerialization=code	mcpStdioSerialization=code
unstable/ai/McpServer.ts	124	code	1274-1274	before 1506	1	0	0	mcpStdioSerialization=code	
unstable/ai/McpServer.ts	125	code	1276-1277	1507-1507	2	1	0	mcpStdioSerialization=code	mcpStdioSerialization=code
unstable/ai/McpServer.ts	126	erased	before 1320	1553-1553	0	1	0		layerHttp=code
unstable/ai/McpServer.ts	127	code	1328-1328	1562-1562	1	1	0	layerHttp=code	layerHttp=code
unstable/ai/McpServer.ts	128	code	1344-1344	1578-1578	1	1	0	layerHttp=code	layerHttp=code
unstable/ai/McpServer.ts	129	code	1346-1346	1580-1580	1	1	0	layerHttp=code	layerHttp=code
unstable/ai/McpServer.ts	130	erased	1357-1357	1591-1591	1	1	0	layerMcpProtocolHttp=code	layerMcpProtocolHttp=code
unstable/ai/McpServer.ts	131	code	1360-1361	1594-1597	2	4	0	layerMcpProtocolHttp=code	layerMcpProtocolHttp=code
unstable/ai/McpServer.ts	132	code	1374-1452	1610-1612	76	3	0	layerMcpProtocolHttp=code	layerMcpProtocolHttp=code
unstable/ai/McpServer.ts	133	code	before 1454	1614-1629	0	15	0		layerMcpProtocolHttp=code
unstable/ai/McpServer.ts	134	code	before 1458	1634-1744	0	103	0		mcpHttpSerialization=absent;isEncodedMcpFailureCause=absent;normalizeMcpJsonRpcResponse=absent;mcpJsonRpcSerialization=absent;toServerSentEvents=absent
unstable/ai/McpServer.ts	135	code	before 1515	1797-1798	0	2	0		toolResultContent=absent
unstable/ai/McpServer.ts	136	erased	1520-1520	1812-1812	1	1	0	registerToolkit=code	registerToolkit=code
unstable/ai/McpServer.ts	137	code	1528-1530	1820-1844	3	23	0	registerToolkit=code	registerToolkit=code
unstable/ai/McpServer.ts	138	code	before 1532	1846-1856	0	11	0		registerToolkit=code
unstable/ai/McpServer.ts	139	code	1535-1540	1860-1883	6	24	0	registerToolkit=code	registerToolkit=code
unstable/ai/McpServer.ts	140	code	before 1542	1885-1897	0	13	0		registerToolkit=code
unstable/ai/McpServer.ts	141	code	1546-1546	1902-1902	1	1	0	registerToolkit=code	registerToolkit=code
unstable/ai/McpServer.ts	142	code	1559-1559	1915-1915	1	1	0	registerToolkit=code	registerToolkit=code
unstable/ai/McpServer.ts	143	code	1563-1563	1919-1919	1	1	0	registerToolkit=code	registerToolkit=code
unstable/ai/McpServer.ts	144	code	1565-1565	1921-1921	1	1	0	registerToolkit=code	registerToolkit=code
unstable/ai/McpServer.ts	145	code	1567-1570	1923-1930	4	7	0	registerToolkit=code	registerToolkit=code
unstable/ai/McpServer.ts	146	code	1572-1577	1932-1934	6	3	0	registerToolkit=code	registerToolkit=code
unstable/ai/McpServer.ts	147	code	before 1579	1936-1936	0	1	0		registerToolkit=code
unstable/ai/McpServer.ts	148	code	1580-1596	1938-1939	17	2	0	registerToolkit=code	registerToolkit=code
unstable/ai/McpServer.ts	149	code	before 1601	1944-1946	0	3	0		registerToolkit=code
unstable/ai/McpServer.ts	150	code	before 1609	1949-1962	0	12	0		isParameterValidationError=absent;toolJsonSchema=absent
unstable/ai/McpServer.ts	151	erased	1614-1614	1976-1976	1	1	0	toolkit=erased	toolkit=erased
unstable/ai/McpServer.ts	152	erased	1697-1697	2063-2063	1	1	0	registerResource=code	registerResource=code
unstable/ai/McpServer.ts	153	erased	1703-1703	2069-2069	1	1	0	registerResource=code	registerResource=code
unstable/ai/McpServer.ts	154	erased	1730-1730	2097-2097	1	1	0	registerResource=code	registerResource=code
unstable/ai/McpServer.ts	155	erased	1745-1745	2112-2112	1	1	0	registerResource=code	registerResource=code
unstable/ai/McpServer.ts	156	erased	1758-1758	2125-2125	1	1	0	registerResource=code	registerResource=code
unstable/ai/McpServer.ts	157	code	1762-1762	2129-2129	1	1	0	registerResource=code	registerResource=code
unstable/ai/McpServer.ts	158	erased	1803-1803	2170-2170	1	1	0	registerResource=code	registerResource=code
unstable/ai/McpServer.ts	159	code	1809-1809	2176-2176	1	1	0	registerResource=code	registerResource=code
unstable/ai/McpServer.ts	160	erased	1904-1904	2273-2273	1	1	0	resource=erased	resource=erased
unstable/ai/McpServer.ts	161	erased	1909-1909	2278-2278	1	1	0	resource=erased	resource=erased
unstable/ai/McpServer.ts	162	erased	1934-1934	2304-2304	1	1	0	resource=erased	resource=erased
unstable/ai/McpServer.ts	163	erased	1946-1946	2316-2316	1	1	0	resource=erased	resource=erased
unstable/ai/McpServer.ts	164	erased	1989-1989	2360-2360	1	1	0	registerPrompt=code	registerPrompt=code
unstable/ai/McpServer.ts	165	erased	before 1994	2365-2365	0	1	0		registerPrompt=code
unstable/ai/McpServer.ts	166	erased	1997-1997	2369-2371	1	3	0	registerPrompt=code	registerPrompt=code
unstable/ai/McpServer.ts	167	erased	2000-2001	2374-2379	2	6	0	registerPrompt=code	registerPrompt=code
unstable/ai/McpServer.ts	168	code	before 2012	2390-2390	0	1	0		registerPrompt=code
unstable/ai/McpServer.ts	169	code	2027-2027	2406-2410	1	5	0	registerPrompt=code	registerPrompt=code
unstable/ai/McpServer.ts	170	erased	2033-2033	2416-2416	1	1	0	registerPrompt=code	registerPrompt=code
unstable/ai/McpServer.ts	171	erased	before 2119	2503-2503	0	1	0		prompt=erased
unstable/ai/McpServer.ts	172	erased	2124-2124	2509-2509	1	1	0	prompt=erased	prompt=erased
unstable/ai/McpServer.ts	173	erased	2127-2127	2512-2516	1	5	0	prompt=erased	prompt=erased
unstable/ai/McpServer.ts	174	code	2161-2161	2551-2551	1	1	0	elicit=code	elicit=code
unstable/ai/McpServer.ts	175	code	2185-2186	2576-2577	2	2	0	clientCapabilities=code	clientCapabilities=code
unstable/ai/McpServer.ts	176	code	2199-2199	2590-2590	1	1	0	makeUriMatcher=code	makeUriMatcher=code
unstable/ai/McpServer.ts	177	code	2201-2201	2592-2592	1	1	0	makeUriMatcher=code	makeUriMatcher=code
unstable/ai/McpServer.ts	178	code	2234-2378	before 2625	143	0	0	PingRpcs=absent;layerHandlers=absent	
unstable/ai/McpServer.ts	179	erased	2382-2383	2627-2628	2	2	0	resolveResourceContent=erased	resolveResourceContent=erased
unstable/ai/McpServer.ts	180	code	2402-2415	2647-2647	13	1	0	getClientSession=absent;InvalidBatchExit=code	InvalidBatchExit=code
unstable/ai/McpServer.ts	181	code	2417-2418	2649-2649	2	1	0	InvalidBatchExit=code	InvalidBatchExit=code
unstable/ai/McpServer.ts	182	code	2425-2482	2656-2661	52	6	0	mcpLogLevels=absent;effectLogLevel=absent;isMcpLogLevelEnabled=absent;OfferedProtocolVersion=absent;getOfferedProtocolVersion=absent;protocolForInternalTag=absent;getProtocolForClient=absent	isProtocolVersion=absent
unstable/ai/Tool.ts	1	import	25-25	26-26	1	1	0	import ./AiError.ts=import	import ./AiError.ts=import
unstable/ai/Tool.ts	2	erased	832-833	861-865	2	5	0	FailureResult=type-decl	FailureResult=type-decl
unstable/ai/Tool.ts	3	erased	846-885	879-883	16	5	0	FailureResultEncoded=type-decl;Result=type-decl;ResultEncoded=type-decl	FailureResultEncoded=type-decl
unstable/ai/Tool.ts	4	erased	before 894	893-902	0	2	0		Result=type-decl;ResultEncoded=type-decl
unstable/ai/Tool.ts	5	erased	before 941	961-966	0	6	0		ParametersEncodingServices=absent
unstable/ai/Tool.ts	6	erased	before 954	995-995	0	1	0		FailureOrigin=absent
unstable/ai/Tool.ts	7	erased	before 974	1023-1023	0	1	0		HandlerResult=type-decl
unstable/ai/Tool.ts	8	code	1054-1054	1113-1113	1	1	0	Proto=code	Proto=code
unstable/ai/Tool.ts	9	code	before 2053	2125-2145	0	8	0		ExecutionFailure=absent;failureResultSchema=absent
unstable/http/HttpRouter.ts	1	code	before 16	17-17	0	1	0		import ../internal/effect.ts=absent
unstable/http/HttpRouter.ts	2	erased	54-54	57-57	1	1	0	HttpRouter=type-decl	HttpRouter=type-decl
unstable/http/HttpRouter.ts	3	code	before 166	172-172	0	1	0		make=code
unstable/http/HttpRouter.ts	4	code	168-168	175-175	1	1	0	make=code	make=code
unstable/http/HttpRouter.ts	5	code	before 221	228-228	0	1	0		make=code
unstable/http/HttpRouter.ts	6	code	222-222	230-230	1	1	0	make=code	make=code
unstable/http/HttpRouter.ts	7	code	225-228	233-240	4	7	0	make=code	make=code
unstable/http/HttpRouter.ts	8	code	231-233	243-243	3	1	0	make=code	make=code
unstable/http/HttpRouter.ts	9	code	296-296	309-311	1	3	0	params=code	params=code
unstable/http/HttpRouter.ts	10	erased	505-505	526-526	1	1	0	add=erased	add=erased
unstable/http/HttpRouter.ts	11	code	593-594	622-625	2	4	0	toHttpEffect=code	toHttpEffect=code
unstable/http/HttpRouter.ts	12	erased	before 598	628-628	0	1	0		toHttpEffect=code
unstable/http/HttpRouter.ts	13	code	794-794	837-837	1	1	0	prefixRoute=code	prefixRoute=code
unstable/http/HttpRouter.ts	14	code	1307-1307	1376-1378	1	3	0	serve=code	serve=code
unstable/http/HttpRouter.ts	15	code	1310-1313	1381-1384	4	4	0	serve=code	serve=code
unstable/http/HttpRouter.ts	16	code	before 1315	1386-1393	0	8	0		serve=code
unstable/http/HttpRouter.ts	17	code	1316-1317	before 1395	2	0	0	serve=code	
unstable/http/HttpRouter.ts	18	layout	1390-1390	1472-1474	1	3	0	toWebHandler=same	toWebHandler=same
unstable/http/HttpRouter.ts	19	layout	1394-1394	1478-1479	1	2	0	toWebHandler=same	toWebHandler=same
unstable/http/HttpTraceContext.ts	1	code	97-97	102-102	1	1	1	b3=code	b3=code
unstable/http/HttpTraceContext.ts	2	code	119-119	125-126	1	2	1	xb3=code	xb3=code
unstable/http/HttpTraceContext.ts	3	code	147-147	155-158	1	4	0	w3c=code	w3c=code
unstable/httpapi/HttpApiBuilder.ts	1	code	15-15	16-17	1	2	0	import ../../Encoding.ts=absent	import ../encoding/Base64.ts=absent;import ../encoding/Sse.ts=same
unstable/httpapi/HttpApiBuilder.ts	2	erased	before 19	21-32	0	12	0		import ../http/Cookies.ts=same;import ../http/Etag.ts=same;import ../http/HttpEffect.ts=same;import ../http/HttpMethod.ts=same;import ../http/HttpPlatform.ts=same;import ../http/HttpRouter.ts=same;import ../http/HttpServerRequest.ts=same;import ../http/HttpServerRequest.ts#2=same;import ../http/HttpServerResponse.ts=same;import ../http/HttpServerResponse.ts#2=same;import ../http/Multipart.ts=same;import ../http/UrlParams.ts=same
unstable/httpapi/HttpApiBuilder.ts	3	erased	34-47	48-48	14	1	0	import ../encoding/Sse.ts=same;import ../http/Cookies.ts=same;import ../http/Etag.ts=same;import ../http/HttpEffect.ts=same;import ../http/HttpMethod.ts=same;import ../http/HttpPlatform.ts=same;import ../http/HttpRouter.ts=same;import ../http/HttpServerRequest.ts=same;import ../http/HttpServerRequest.ts#2=same;import ../http/HttpServerResponse.ts=same;import ../http/HttpServerResponse.ts#2=same;import ../http/Multipart.ts=same;import ../http/UrlParams.ts=same;import ./HttpApi.ts=import	import ./HttpApi.ts=import
unstable/httpapi/HttpApiBuilder.ts	4	code	before 55	56-56	0	1	0		import ./internal/path.ts=absent
unstable/httpapi/HttpApiBuilder.ts	5	code	88-88	91-91	1	1	0	layer=code	layer=code
unstable/httpapi/HttpApiBuilder.ts	6	code	153-153	157-157	1	1	0	group=code	group=code
unstable/httpapi/HttpApiBuilder.ts	7	code	163-163	180-213	1	33	0	HandlersTypeId=code	handler=absent;HandlersTypeId=code
unstable/httpapi/HttpApiBuilder.ts	8	code	before 466	529-529	0	1	0		endpoint=code
unstable/httpapi/HttpApiBuilder.ts	9	code	525-525	590-590	1	1	0	securityDecode=code	securityDecode=code
unstable/httpapi/HttpApiBuilder.ts	10	code	678-678	744-745	1	2	0	buildPayloadDecoders=code	buildPayloadDecoders=code
unstable/httpapi/HttpApiBuilder.ts	11	code	682-682	749-749	1	1	0	buildPayloadDecoders=code	buildPayloadDecoders=code
unstable/httpapi/HttpApiBuilder.ts	12	code	before 757	824-824	0	1	0		handlerToHttpEffect=code
unstable/httpapi/HttpApiBuilder.ts	13	code	763-766	831-839	4	9	0	handlerToHttpEffect=code	handlerToHttpEffect=code
unstable/httpapi/HttpApiBuilder.ts	14	code	769-769	842-842	1	1	0	handlerToHttpEffect=code	handlerToHttpEffect=code
unstable/httpapi/HttpApiBuilder.ts	15	code	771-772	844-845	2	2	0	handlerToHttpEffect=code	handlerToHttpEffect=code
unstable/httpapi/HttpApiBuilder.ts	16	code	775-775	848-848	1	1	0	handlerToHttpEffect=code	handlerToHttpEffect=code
unstable/httpapi/HttpApiBuilder.ts	17	code	before 843	918-918	0	1	0		handlerToRoute=code
unstable/httpapi/HttpApiBuilder.ts	18	code	850-851	926-927	2	2	0	handlerToRoute=code	handlerToRoute=code
unstable/httpapi/HttpApiBuilder.ts	19	code	926-926	1002-1002	1	1	0	HandlerErrorTypeId=code	HandlerErrorTypeId=code
unstable/httpapi/HttpApiBuilder.ts	20	code	949-949	1025-1029	1	5	0	makeWithHeadersEncoder=code	makeWithHeadersEncoder=code
unstable/httpapi/HttpApiBuilder.ts	21	code	954-954	1034-1037	1	4	0	makeWithHeadersEncoder=code	makeWithHeadersEncoder=code
unstable/httpapi/HttpApiBuilder.ts	22	code	956-956	1039-1039	1	1	0	makeWithHeadersEncoder=code	makeWithHeadersEncoder=code
unstable/httpapi/HttpApiBuilder.ts	23	code	968-968	1051-1051	1	1	0	makeWithHeadersEncoder=code	makeWithHeadersEncoder=code
unstable/httpapi/HttpApiBuilder.ts	24	code	973-975	1056-1061	3	6	0	makeStreamEncoder=code	makeStreamEncoder=code
unstable/httpapi/HttpApiBuilder.ts	25	code	before 979	1065-1065	0	1	0		makeStreamEncoder=code
unstable/httpapi/HttpApiBuilder.ts	26	code	980-980	1067-1067	1	1	0	makeStreamEncoder=code	makeStreamEncoder=code
unstable/httpapi/HttpApiBuilder.ts	27	code	1001-1001	1088-1088	1	1	0	makeStreamEncoder=code	makeStreamEncoder=code
unstable/httpapi/HttpApiBuilder.ts	28	code	1024-1024	1111-1111	1	1	0	getStreamSuccessSchema=code	getStreamSuccessSchema=code
unstable/httpapi/HttpApiBuilder.ts	29	code	1046-1046	1133-1134	1	2	0	makeSseEncoder=code	makeSseEncoder=code
unstable/httpapi/HttpApiBuilder.ts	30	code	1051-1052	1139-1140	2	2	0	makeSseEncoder=code	makeSseEncoder=code
unstable/httpapi/HttpApiBuilder.ts	31	code	1086-1086	1174-1174	1	1	0	reservedStreamFailureEvent=code	reservedStreamFailureEvent=code
unstable/httpapi/HttpApiBuilder.ts	32	code	1101-1101	1189-1190	1	2	0	toResponseErrorSchema=code	toResponseErrorSchema=code
unstable/httpapi/HttpApiBuilder.ts	33	code	1103-1120	1192-1201	17	10	0	toResponseErrorSchema=code	toResponseErrorSchema=code
unstable/httpapi/HttpApiBuilder.ts	34	code	1124-1124	1205-1206	1	2	0	makeSuccessSchema=code	makeSuccessSchema=code
unstable/httpapi/HttpApiBuilder.ts	35	code	1126-1126	1208-1210	1	3	0	makeSuccessSchema=code	makeSuccessSchema=code
unstable/httpapi/HttpApiBuilder.ts	36	code	1131-1131	1215-1216	1	2	0	makeErrorSchema=code	makeErrorSchema=code
unstable/httpapi/HttpApiBuilder.ts	37	code	1133-1133	1218-1220	1	3	0	makeErrorSchema=code	makeErrorSchema=code
unstable/httpapi/HttpApiBuilder.ts	38	code	1142-1142	1229-1245	1	16	0	toResponseSchema=code	toResponseSchema=code
unstable/httpapi/HttpApiBuilder.ts	39	code	1161-1169	before 1264	9	0	0	getResponseTransformation=code	
unstable/httpapi/HttpApiBuilder.ts	40	code	1178-1178	1271-1271	1	1	0	getResponseTransformation=code	getResponseTransformation=code
unstable/httpapi/HttpApiBuilder.ts	41	code	1187-1197	1282-1299	11	18	0	withHeadersTransformation=absent	toWithHeadersResponseSchema=absent
unstable/httpapi/HttpApiBuilder.ts	42	code	1202-1204	1304-1309	3	6	0	withHeadersTransformation=absent	toWithHeadersResponseSchema=absent
unstable/httpapi/HttpApiBuilder.ts	43	code	1206-1206	1311-1311	1	1	0	withHeadersTransformation=absent	toWithHeadersResponseSchema=absent
unstable/httpapi/HttpApiBuilder.ts	44	code	1208-1208	1313-1315	1	3	0	withHeadersTransformation=absent	toWithHeadersResponseSchema=absent
unstable/httpapi/HttpApiBuilder.ts	45	code	before 1211	1318-1318	0	1	0		toWithHeadersResponseSchema=absent
unstable/httpapi/HttpApiEndpoint.ts	1	code	18-18	19-25	1	7	0	import ../../Function.ts=absent	import ../encoding/Sse.ts=absent;import ../Function.ts=absent;import ../http/HttpMethod.ts=same;import ../http/HttpRouter.ts=same;import ../http/HttpServerRequest.ts=same;import ../http/HttpServerResponse.ts=same;import ../http/Multipart.ts=same
unstable/httpapi/HttpApiEndpoint.ts	2	erased	26-30	before 33	5	0	0	import ../http/HttpMethod.ts=same;import ../http/HttpRouter.ts=same;import ../http/HttpServerRequest.ts=same;import ../http/HttpServerResponse.ts=same;import ../http/Multipart.ts=same	
unstable/httpapi/HttpApiEndpoint.ts	3	code	36-36	38-38	1	1	0	TypeId=code	TypeId=code
unstable/httpapi/HttpApiEndpoint.ts	4	erased	before 194	195-195	0	1	0		HttpApiEndpoint=type-decl
unstable/httpapi/HttpApiEndpoint.ts	5	code	before 285	297-297	0	1	0		getErrorSchemas=code
unstable/httpapi/HttpApiEndpoint.ts	6	code	288-288	301-301	1	1	0	getErrorSchemas=code	getErrorSchemas=code
unstable/httpapi/HttpApiEndpoint.ts	7	erased	510-511	543-550	2	8	0	ClientRequest=type-decl	ClientRequest=type-decl
unstable/httpapi/HttpApiEndpoint.ts	8	code	836-836	895-896	1	2	0	optionsFromEndpoint=code	optionsFromEndpoint=code
unstable/httpapi/HttpApiEndpoint.ts	9	erased	before 863	923-923	0	1	0		makeProto=erased
unstable/httpapi/HttpApiEndpoint.ts	10	code	1093-1093	1162-1163	1	2	0	make=code	make=code
unstable/httpapi/HttpApiEndpoint.ts	11	code	1147-1147	1217-1217	1	1	1	reservedStreamFailureEvent=code	reservedStreamFailureEvent=code
unstable/httpapi/HttpApiEndpoint.ts	12	code	1160-1160	1230-1230	1	1	1	transformResponseSchema=code	transformResponseSchema=code
unstable/httpapi/HttpApiEndpoint.ts	13	code	1169-1169	1239-1239	1	1	1	transformResponseSchema=code	transformResponseSchema=code
unstable/httpapi/HttpApiEndpoint.ts	14	code	1353-1357	1423-1423	5	1	0	transformResponse=code	transformResponse=code
unstable/httpapi/HttpApiEndpoint.ts	15	code	1360-1360	1426-1427	1	2	0	transformResponse=code	transformResponse=code
unstable/httpapi/HttpApiEndpoint.ts	16	code	before 1405	1474-1474	0	1	0		query=absent
unstable/httpapi/HttpApiMiddleware.ts	1	erased	before 18	19-23	0	5	0		import ../http/HttpClientError.ts=same;import ../http/HttpClientRequest.ts=same;import ../http/HttpClientResponse.ts=same;import ../http/HttpRouter.ts=same;import ../http/HttpServerResponse.ts=same
unstable/httpapi/HttpApiMiddleware.ts	2	erased	24-28	before 30	5	0	0	import ../http/HttpClientError.ts=same;import ../http/HttpClientRequest.ts=same;import ../http/HttpClientResponse.ts=same;import ../http/HttpRouter.ts=same;import ../http/HttpServerResponse.ts=same	
unstable/httpapi/HttpApiMiddleware.ts	3	code	34-36	35-37	2	2	0	TypeId=code;SecurityTypeId=code	TypeId=code;SecurityTypeId=code
unstable/httpapi/HttpApiMiddleware.ts	4	code	355-355	before 375	1	0	0	Service=code	
unstable/httpapi/HttpApiMiddleware.ts	5	code	before 357	376-377	0	2	0		Service=code
unstable/httpapi/HttpApiMiddleware.ts	6	code	358-358	379-379	1	1	0	Service=code	Service=code
unstable/httpapi/HttpApiMiddleware.ts	7	code	before 361	381-381	0	1	0		Service=code
unstable/httpapi/HttpApiMiddleware.ts	8	code	365-365	387-387	1	1	0	Service=code	Service=code
unstable/observability/OtlpLogger.ts	1	erased	before 17	18-19	0	2	0		import ../http/Headers.ts=same;import ../http/HttpClient.ts=same
unstable/observability/OtlpLogger.ts	2	erased	23-24	before 26	2	0	0	import ../http/Headers.ts=same;import ../http/HttpClient.ts=same	
unstable/observability/OtlpLogger.ts	3	code	144-144	148-148	1	1	1	layerFromConfig=code	layerFromConfig=code
unstable/observability/OtlpLogger.ts	4	code	154-158	158-162	5	5	1	layerFromConfig=code	layerFromConfig=code
unstable/observability/OtlpLogger.ts	5	code	230-232	235-237	3	3	0	makeLogRecord=code	makeLogRecord=code
unstable/observability/OtlpMetrics.ts	1	erased	before 19	20-22	0	3	0		import ../http/Headers.ts=same;import ../http/HttpBody.ts=same;import ../http/HttpClient.ts=same
unstable/observability/OtlpMetrics.ts	2	erased	23-25	before 27	3	0	0	import ../http/Headers.ts=same;import ../http/HttpBody.ts=same;import ../http/HttpClient.ts=same	
unstable/observability/OtlpMetrics.ts	3	code	159-159	162-162	1	1	0	make=code	make=code
unstable/observability/OtlpMetrics.ts	4	code	167-167	170-170	1	1	0	make=code	make=code
unstable/observability/OtlpMetrics.ts	5	code	before 464	467-467	0	1	0		make=code
unstable/observability/OtlpMetrics.ts	6	code	506-506	512-512	1	1	1	layerFromConfig=code	layerFromConfig=code
unstable/observability/OtlpMetrics.ts	7	code	515-517	521-523	3	3	1	layerFromConfig=code	layerFromConfig=code
unstable/observability/OtlpMetrics.ts	8	code	519-519	525-525	1	1	1	layerFromConfig=code	layerFromConfig=code
unstable/observability/OtlpMetrics.ts	9	code	524-524	530-530	1	1	1	layerFromConfig=code	layerFromConfig=code
unstable/observability/OtlpResource.ts	1	code	102-103	106-108	2	3	1	fromConfig=code	fromConfig=code
unstable/observability/OtlpResource.ts	2	code	105-105	110-110	1	1	1	fromConfig=code	fromConfig=code
unstable/observability/OtlpResource.ts	3	code	111-111	116-116	1	1	2	fromConfig=code	fromConfig=code
unstable/observability/OtlpTracer.ts	1	code	18-18	19-19	1	1	0	import ../../Encoding.ts=absent	import ../encoding/Hex.ts=absent
unstable/observability/OtlpTracer.ts	2	erased	before 21	22-23	0	2	0		import ../http/Headers.ts=same;import ../http/HttpClient.ts=same
unstable/observability/OtlpTracer.ts	3	erased	25-27	28-28	3	1	0	import ../../Types.ts=absent;import ../http/Headers.ts=same;import ../http/HttpClient.ts=same	import ../Types.ts=absent
unstable/observability/OtlpTracer.ts	4	code	99-107	101-101	9	1	0	make=code	make=code
unstable/observability/OtlpTracer.ts	5	code	111-111	105-105	1	1	0	make=code	make=code
unstable/observability/OtlpTracer.ts	6	code	114-114	108-108	1	1	0	make=code	make=code
unstable/observability/OtlpTracer.ts	7	code	161-161	157-157	1	1	1	layerFromConfig=code	layerFromConfig=code
unstable/observability/OtlpTracer.ts	8	code	171-173	167-169	3	3	1	layerFromConfig=code	layerFromConfig=code
unstable/observability/OtlpTracer.ts	9	code	175-175	171-171	1	1	1	layerFromConfig=code	layerFromConfig=code
unstable/observability/OtlpTracer.ts	10	code	179-179	175-175	1	1	1	layerFromConfig=code	layerFromConfig=code
unstable/observability/OtlpTracer.ts	11	code	199-201	195-199	3	5	0	SpanImpl=type-decl	SpanImpl._tag=absent;SpanImpl.name=absent;SpanImpl.parent=absent;SpanImpl.annotations=absent
unstable/observability/OtlpTracer.ts	12	code	203-203	201-203	1	3	0	SpanImpl=type-decl	SpanImpl.kind=absent;SpanImpl.sampled=absent;SpanImpl.export=absent
unstable/observability/OtlpTracer.ts	13	code	before 205	205-232	0	27	0		SpanImpl._traceId=absent;SpanImpl._spanId=absent;SpanImpl._attributes=absent;SpanImpl._events=absent;SpanImpl.constructor=absent
unstable/observability/OtlpTracer.ts	14	code	207-209	234-252	3	14	0	SpanProto=absent	SpanImpl.constructor=absent;get SpanImpl.traceId=absent;get SpanImpl.spanId=absent;get SpanImpl.attributes=absent;get SpanImpl.events=absent;SpanImpl.end=absent
unstable/observability/OtlpTracer.ts	15	code	217-218	260-262	2	2	0	SpanProto=absent	SpanImpl.end=absent;SpanImpl.attribute=absent
unstable/observability/OtlpTracer.ts	16	code	220-221	264-266	2	2	0	SpanProto=absent	SpanImpl.attribute=absent;SpanImpl.event=absent
unstable/observability/OtlpTracer.ts	17	code	223-224	268-270	2	2	0	SpanProto=absent	SpanImpl.event=absent;SpanImpl.addLinks=absent
unstable/observability/OtlpTracer.ts	18	code	228-253	before 276	25	0	0	RemainingSpanImpl=absent;makeSpan=absent	
unstable/observability/OtlpTracer.ts	19	code	257-258	278-283	2	6	0	makeOtlpSpan=code	makeOtlpSpan=code
unstable/observability/OtlpTracer.ts	20	code	265-265	290-292	1	3	0	makeOtlpSpan=code	makeOtlpSpan=code
unstable/observability/OtlpTracer.ts	21	code	269-269	296-296	1	1	0	makeOtlpSpan=code	makeOtlpSpan=code
unstable/observability/OtlpTracer.ts	22	code	before 321	348-357	0	10	0		makeOtlpSpan=code
unstable/observability/OtlpTracer.ts	23	code	324-327	362-362	4	1	0	makeOtlpSpan=code	makeOtlpSpan=code
unstable/observability/OtlpTracer.ts	24	code	337-342	372-372	6	1	0	makeOtlpSpan=code	makeOtlpSpan=code
unstable/observability/OtlpTracer.ts	25	code	438-440	before end	3	0	0	constOtelStatusSuccess=absent	
unstable/observability/internal/otlpEnv.ts	1	code	3-3	before 4	1	0	0	import ../../../SchemaGetter.ts=absent	
unstable/observability/internal/otlpEnv.ts	2	code	7-11	6-8	5	3	0	ExporterList=absent	exporterList=absent
unstable/observability/internal/otlpEnv.ts	3	code	14-14	11-11	1	1	0	HeadersRecord=absent	headersRecord=absent
unstable/observability/internal/otlpEnv.ts	4	code	17-18	14-15	2	2	1	headers=code	headers=code
unstable/observability/internal/otlpEnv.ts	5	code	23-23	20-20	1	1	1	endpoint=code	endpoint=code
unstable/observability/internal/otlpEnv.ts	6	code	25-25	22-22	1	1	1	endpoint=code	endpoint=code
unstable/observability/internal/otlpEnv.ts	7	code	37-37	34-34	1	1	1	exporters=code	exporters=code
unstable/persistence/KeyValueStore.ts	1	code	16-16	17-17	1	1	0	import ../../Encoding.ts=absent	import ../encoding/Base64.ts=absent
unstable/persistence/KeyValueStore.ts	2	code	26-26	before 27	1	0	0	import ../../UndefinedOr.ts=absent	
unstable/persistence/KeyValueStore.ts	3	code	before 30	29-29	0	1	0		import ../UndefinedOr.ts=absent
unstable/persistence/KeyValueStore.ts	4	code	277-277	286-286	1	1	0	makeStringOnly=code	makeStringOnly=code
unstable/persistence/KeyValueStore.ts	5	code	286-286	295-295	1	1	0	makeStringOnly=code	makeStringOnly=code
unstable/persistence/KeyValueStore.ts	6	code	339-339	352-352	1	1	1	layerMemory=code	layerMemory=code
unstable/persistence/KeyValueStore.ts	7	code	618-618	634-634	1	1	0	layerSql=code	layerSql=code
unstable/sql/SqlClient.ts	1	erased	before 11	12-12	0	1	0		import ../Cause.ts=absent
unstable/sql/SqlClient.ts	2	code	before 17	19-19	0	1	0		import ../Predicate.ts=absent
unstable/sql/SqlClient.ts	3	erased	before 18	21-21	0	1	0		import ../reactivity/Reactivity.ts=same
unstable/sql/SqlClient.ts	4	erased	24-24	before 28	1	0	0	import ../reactivity/Reactivity.ts=same	
unstable/sql/SqlClient.ts	5	import	26-26	29-29	1	1	0	import ./SqlError.ts=import	import ./SqlError.ts=import
unstable/sql/SqlClient.ts	6	erased	before 113	126-126	0	1	0		SqlClient#3=type-decl
unstable/sql/SqlClient.ts	7	erased	before 117	143-143	0	1	0		SqlClient#3=type-decl
unstable/sql/SqlClient.ts	8	erased	119-119	147-149	1	2	0	SqlClient#3=type-decl	SqlClient#3=type-decl
unstable/sql/SqlClient.ts	9	erased	before 121	156-156	0	1	0		SqlClient#3=type-decl
unstable/sql/SqlClient.ts	10	code	before 154	191-191	0	1	0		make=code
unstable/sql/SqlClient.ts	11	code	before 157	195-197	0	3	0		make=code
unstable/sql/SqlClient.ts	12	code	162-162	203-207	1	5	0	make=code	make=code
unstable/sql/SqlClient.ts	13	code	164-168	209-217	5	9	0	make=code	make=code
unstable/sql/SqlClient.ts	14	code	before 172	223-230	0	8	0		make=code
unstable/sql/SqlClient.ts	15	code	173-173	233-233	1	1	0	make=code	make=code
unstable/sql/SqlClient.ts	16	code	188-188	248-249	1	2	0	make=code	make=code
unstable/sql/SqlClient.ts	17	code	before 224	298-360	0	59	0		makeSqliteAcquirers=absent;isNoTransactionError=absent
unstable/sql/SqlClient.ts	18	erased	before 230	383-383	0	1	0		makeWithTransaction=code
unstable/sql/SqlClient.ts	19	erased	before 231	386-386	0	1	0		makeWithTransaction=code
unstable/sql/SqlClient.ts	20	code	before 275	431-431	0	1	0		makeWithTransaction=code
unstable/sql/SqlClient.ts	21	code	before 276	433-435	0	3	0		makeWithTransaction=code
unstable/sql/SqlClient.ts	22	code	before 288	448-450	0	3	0		makeWithTransaction=code
unstable/sql/Statement.ts	1	code	24-25	25-26	2	2	0	import ../../Tracer.ts=absent;import ./SqlConnection.ts=import	import ../Tracer.ts=absent;import ./SqlConnection.ts=import
unstable/sql/Statement.ts	2	code	28-28	29-29	1	1	0	FragmentTypeId=code	FragmentTypeId=code
unstable/sql/Statement.ts	3	code	before 115	124-126	0	3	0		SpanPropagationEnabled=absent
unstable/sql/Statement.ts	4	code	259-259	292-292	1	1	0	RecordInsertHelperProto=code	RecordInsertHelperProto=code
unstable/sql/Statement.ts	5	code	536-536	584-585	1	2	1	make=code	make=code
unstable/sql/Statement.ts	6	code	553-553	602-603	1	2	0	make=code	make=code
unstable/sql/Statement.ts	7	code	569-569	619-620	1	2	0	make=code	make=code
unstable/sql/Statement.ts	8	code	624-624	676-677	1	2	1	statement=code	statement=code
unstable/sql/Statement.ts	9	code	644-644	697-697	1	1	0	statement=code	statement=code
unstable/sql/Statement.ts	10	code	846-846	908-908	1	1	0	CompilerProto=code	CompilerProto=code
unstable/sql/Statement.ts	11	erased	before 1234	1299-1299	0	1	0		StatementImpl=type-decl
unstable/sql/Statement.ts	12	code	1260-1260	1327-1328	1	2	0	makeUnsafe=code	makeUnsafe=code
unstable/sql/Statement.ts	13	code	before 1268	1336-1336	0	1	0		makeUnsafe=code
unstable/sql/Statement.ts	14	erased	1274-1274	1343-1343	1	1	0	StatementProto=code	StatementProto=code
unstable/sql/Statement.ts	15	code	1310-1310	1379-1379	1	1	0	StatementProto=code	StatementProto=code
unstable/sql/Statement.ts	16	code	1317-1317	1386-1391	1	6	0	StatementProto=code	StatementProto=code
unstable/sql/Statement.ts	17	code	1342-1342	1416-1416	1	1	0	StatementProto=code	StatementProto=code
unstable/sql/Statement.ts	18	code	1349-1349	1423-1426	1	4	0	StatementProto=code	StatementProto=code
unstable/sql/Statement.ts	19	erased	1417-1417	1494-1494	1	1	0	withStatement=code	withStatement=code
unstable/sql/Statement.ts	20	code	1422-1422	1499-1499	1	1	0	withStatement=code	withStatement=code
unstable/sql/Statement.ts	21	code	1427-1427	1504-1504	1	1	0	withStatement=code	withStatement=code
unstable/sql/Statement.ts	22	code	1431-1431	1508-1508	1	1	0	withStatement=code	withStatement=code
