# probe: docs/research/2026-10-01-type-language-probe/S/probes/RefDedupe.lean
# date: 2026-10-01T19:47:38Z
# command: LEAN_NUM_THREADS=1 lake env lean -M6144 -DwarningAsError=true docs/research/2026-10-01-type-language-probe/S/probes/RefDedupe.lean
# toolchain: leanprover/lean4:v4.33.1
# sha256: 0e924fd1c96d75648fb101d9b99bba382dd0eb567598221b1863133f2bc1d07c
=====BEGIN Person.generated.ts
// GENERATED by harness/schema-generation/EmitFixture.lean; do not edit
/**
 * Generated by Effect4 Schema.
 *
 * Do not edit.
 */
import * as Schema from "effect/Schema"
import * as SchemaRepresentation from "effect/SchemaRepresentation"

/** Raw Effect Schema document. */
export const PersonSchemaJson: Schema.Json = {
  "representation": {
    "_tag": "Objects",
    "checks": [],
    "propertySignatures": [
      {
        "name": { "type": "string", "value": "name" },
        "type": {
          "_tag": "String",
          "checks": [
            {
              "_tag": "Filter",
              "representation": { "id": "effect/schema/isTrimmed", "payload": null },
              "aborted": false,
            },
          ],
        },
        "isOptional": false,
        "isMutable": false,
      },
      {
        "name": { "type": "string", "value": "active" },
        "type": { "_tag": "Boolean", "checks": [] },
        "isOptional": false,
        "isMutable": false,
      },
    ],
    "indexSignatures": [],
  },
  "references": {},
}

/** Effect Schema document decoded from the generated raw value. */
export const PersonSchema: SchemaRepresentation.Document = SchemaRepresentation.fromJson(PersonSchemaJson)

/** Data associated with the generated schema. */
export const ada: Schema.Json = { "name": "Ada", "active": true }

/** Data associated with the generated schema. */
export const prototypeData: Schema.Json = Object.fromEntries([["__proto__", "data"]])
=====END
=====BEGIN AllRepresentations.generated.ts
// GENERATED by harness/schema-generation/EmitCoverageFixture.lean; do not edit
/**
 * Generated by Effect4 Schema.
 *
 * Do not edit.
 */
import * as Schema from "effect/Schema"
import * as SchemaRepresentation from "effect/SchemaRepresentation"

/** Raw Effect Schema document. */
export const AllRepresentationsSchemaJson: Schema.Json = {
  "representation": { "_tag": "String", "checks": [] },
  "references": {
    "case/Declaration": {
      "_tag": "Declaration",
      "representation": { "id": "effect4/schema/declaration", "payload": null },
      "typeParameters": [{ "_tag": "String", "checks": [] }],
      "checks": [
        {
          "_tag": "Filter",
          "representation": {
            "id": "effect/schema/isTrimmed",
            "payload": null,
            "schemas": [{ "_tag": "String", "checks": [] }],
          },
          "aborted": false,
        },
        {
          "_tag": "FilterGroup",
          "representation": {
            "id": "effect/schema/isTrimmed",
            "payload": null,
            "schemas": [{ "_tag": "String", "checks": [] }],
          },
          "annotations": Object.fromEntries([["__proto__", "annotation"]]),
          "checks": [
            {
              "_tag": "Filter",
              "representation": { "id": "effect/schema/isTrimmed", "payload": null },
              "aborted": false,
            },
          ],
        },
      ],
    },
    "case/Reference": { "_tag": "Reference", "$ref": "StringRef" },
    "case/Suspend": {
      "_tag": "Suspend",
      "checks": [],
      "thunk": { "_tag": "Reference", "$ref": "StringRef" },
    },
    "case/Null": { "_tag": "Null", "checks": [] },
    "case/Undefined": { "_tag": "Undefined", "checks": [] },
    "case/Void": { "_tag": "Void", "checks": [] },
    "case/Never": { "_tag": "Never", "checks": [] },
    "case/Unknown": { "_tag": "Unknown", "checks": [] },
    "case/Any": { "_tag": "Any", "checks": [] },
    "case/String": { "_tag": "String", "checks": [] },
    "case/Number": { "_tag": "Number", "checks": [] },
    "case/Boolean": { "_tag": "Boolean", "checks": [] },
    "case/BigInt": { "_tag": "BigInt", "checks": [] },
    "case/Symbol": { "_tag": "Symbol", "checks": [] },
    "case/Literal": {
      "_tag": "Literal",
      "checks": [],
      "literal": { "type": "number", "value": new DataView(Uint8Array.of(128, 0, 0, 0, 0, 0, 0, 0).buffer).getFloat64(0, false) },
    },
    "case/UniqueSymbol": {
      "_tag": "UniqueSymbol",
      "checks": [],
      "symbol": "Symbol(effect4/global-symbol)",
    },
    "case/ObjectKeyword": { "_tag": "ObjectKeyword", "checks": [] },
    "case/Enum": {
      "_tag": "Enum",
      "checks": [],
      "enums": [["word", { "type": "string", "value": "word" }], ["not-a-number", { "type": "number", "value": "NaN" }]],
    },
    "case/TemplateLiteral": {
      "_tag": "TemplateLiteral",
      "checks": [],
      "parts": [
        {
          "_tag": "Literal",
          "checks": [],
          "literal": { "type": "string", "value": "prefix" },
        },
        {
          "_tag": "Literal",
          "checks": [],
          "literal": { "type": "number", "value": new DataView(Uint8Array.of(0, 0, 0, 0, 0, 0, 0, 0).buffer).getFloat64(0, false) },
        },
        {
          "_tag": "Literal",
          "checks": [],
          "literal": { "type": "bigint", "value": "42" },
        },
        {
          "_tag": "Literal",
          "checks": [],
          "literal": { "type": "boolean", "value": true },
        },
      ],
    },
    "case/Arrays": {
      "_tag": "Arrays",
      "checks": [],
      "elements": [
        {
          "isOptional": false,
          "type": { "_tag": "String", "checks": [] },
        },
      ],
      "rest": [{ "_tag": "Number", "checks": [] }],
    },
    "case/Objects": {
      "_tag": "Objects",
      "checks": [],
      "propertySignatures": [
        {
          "name": { "type": "symbol", "value": "Symbol(effect4/property-key)" },
          "type": { "_tag": "Boolean", "checks": [] },
          "isOptional": false,
          "isMutable": false,
          "annotations": Object.fromEntries([["__proto__", "property-annotation"]]),
        },
      ],
      "indexSignatures": [{ "parameter": { "_tag": "String", "checks": [] }, "type": { "_tag": "Unknown", "checks": [] } }],
    },
    "case/Union": {
      "_tag": "Union",
      "checks": [],
      "types": [
        { "_tag": "String", "checks": [] },
        {
          "_tag": "Union",
          "checks": [],
          "types": [{ "_tag": "Number", "checks": [] }, { "_tag": "Boolean", "checks": [] }],
          "mode": "oneOf",
        },
      ],
      "mode": "anyOf",
    },
    "StringRef": { "_tag": "String", "checks": [] },
  },
}

/** Effect Schema document decoded from the generated raw value. */
export const AllRepresentationsSchema: SchemaRepresentation.Document = SchemaRepresentation.fromJson(AllRepresentationsSchemaJson)
=====END
=====BEGIN TwoRoots.generated.ts
// GENERATED by harness/schema-generation/EmitMultiFixture.lean; do not edit
/**
 * Generated by Effect4 Schema.
 *
 * Do not edit.
 */
import * as Schema from "effect/Schema"

/** Raw Effect Schema multi-root document. */
export const TwoRootsSchemaJson: Schema.Json = {
  "representations": [{ "_tag": "String", "checks": [] }, { "_tag": "Boolean", "checks": [] }],
  "references": { "shared": { "_tag": "Number", "checks": [] } },
}
=====END
=====BEGIN meta-raw.ts
/**
 * Generated by Effect4 Schema.
 *
 * Do not edit.
 */
import * as Schema from "effect/Schema"
import * as SchemaRepresentation from "effect/SchemaRepresentation"

/** Raw Effect Schema document. */
export const MetaSchemaJson: Schema.Json = {
  "representation": {
    "_tag": "Objects",
    "annotations": { "identifier": "Document" },
    "checks": [],
    "propertySignatures": [
      {
        "name": { "type": "string", "value": "representation" },
        "type": { "_tag": "Reference", "$ref": "Representation" },
        "isOptional": false,
        "isMutable": false,
      },
      {
        "name": { "type": "string", "value": "references" },
        "type": {
          "_tag": "Arrays",
          "checks": [],
          "elements": [],
          "rest": [
            {
              "_tag": "Objects",
              "annotations": { "identifier": "ReferenceEntry" },
              "checks": [],
              "propertySignatures": [
                {
                  "name": { "type": "string", "value": "key" },
                  "type": { "_tag": "String", "checks": [] },
                  "isOptional": false,
                  "isMutable": false,
                },
                {
                  "name": { "type": "string", "value": "representation" },
                  "type": { "_tag": "Reference", "$ref": "Representation" },
                  "isOptional": false,
                  "isMutable": false,
                },
              ],
              "indexSignatures": [],
            },
          ],
        },
        "isOptional": false,
        "isMutable": false,
      },
    ],
    "indexSignatures": [],
  },
  "references": {
    "Representation": {
      "_tag": "Union",
      "annotations": { "identifier": "Representation" },
      "checks": [],
      "types": [
        {
          "_tag": "Objects",
          "checks": [],
          "propertySignatures": [
            {
              "name": { "type": "string", "value": "_tag" },
              "type": {
                "_tag": "Literal",
                "checks": [],
                "literal": { "type": "string", "value": "declaration" },
              },
              "isOptional": false,
              "isMutable": false,
            },
            {
              "name": { "type": "string", "value": "representation" },
              "type": {
                "_tag": "Objects",
                "annotations": { "identifier": "RepresentationAnnotation" },
                "checks": [],
                "propertySignatures": [
                  {
                    "name": { "type": "string", "value": "id" },
                    "type": { "_tag": "String", "checks": [] },
                    "isOptional": false,
                    "isMutable": false,
                  },
                  {
                    "name": { "type": "string", "value": "payload" },
                    "type": { "_tag": "Reference", "$ref": "Json" },
                    "isOptional": false,
                    "isMutable": false,
                  },
                ],
                "indexSignatures": [],
              },
              "isOptional": false,
              "isMutable": false,
            },
            {
              "name": { "type": "string", "value": "annotations" },
              "type": {
                "_tag": "Union",
                "checks": [],
                "types": [
                  {
                    "_tag": "Arrays",
                    "checks": [],
                    "elements": [],
                    "rest": [
                      {
                        "_tag": "Objects",
                        "annotations": { "identifier": "AnnotationEntry" },
                        "checks": [],
                        "propertySignatures": [
                          {
                            "name": { "type": "string", "value": "key" },
                            "type": { "_tag": "String", "checks": [] },
                            "isOptional": false,
                            "isMutable": false,
                          },
                          {
                            "name": { "type": "string", "value": "payload" },
                            "type": { "_tag": "Reference", "$ref": "Json" },
                            "isOptional": false,
                            "isMutable": false,
                          },
                        ],
                        "indexSignatures": [],
                      },
                    ],
                  },
                  { "_tag": "Null", "checks": [] },
                ],
                "mode": "anyOf",
              },
              "isOptional": false,
              "isMutable": false,
            },
            {
              "name": { "type": "string", "value": "typeParameters" },
              "type": {
                "_tag": "Arrays",
                "checks": [],
                "elements": [],
                "rest": [{ "_tag": "Reference", "$ref": "Representation" }],
              },
              "isOptional": false,
              "isMutable": false,
            },
            {
              "name": { "type": "string", "value": "checks" },
              "type": {
                "_tag": "Arrays",
                "checks": [],
                "elements": [],
                "rest": [{ "_tag": "Reference", "$ref": "Check" }],
              },
              "isOptional": false,
              "isMutable": false,
            },
          ],
          "indexSignatures": [],
        },
        {
          "_tag": "Objects",
          "checks": [],
          "propertySignatures": [
            {
              "name": { "type": "string", "value": "_tag" },
              "type": {
                "_tag": "Literal",
                "checks": [],
                "literal": { "type": "string", "value": "reference" },
              },
              "isOptional": false,
              "isMutable": false,
            },
            {
              "name": { "type": "string", "value": "ref" },
              "type": {
                "_tag": "Objects",
                "annotations": { "identifier": "ReferenceKey" },
                "checks": [],
                "propertySignatures": [
                  {
                    "name": { "type": "string", "value": "value" },
                    "type": { "_tag": "String", "checks": [] },
                    "isOptional": false,
                    "isMutable": false,
                  },
                ],
                "indexSignatures": [],
              },
              "isOptional": false,
              "isMutable": false,
            },
          ],
          "indexSignatures": [],
        },
        {
          "_tag": "Objects",
          "checks": [],
          "propertySignatures": [
            {
              "name": { "type": "string", "value": "_tag" },
              "type": {
                "_tag": "Literal",
                "checks": [],
                "literal": { "type": "string", "value": "suspend" },
              },
              "isOptional": false,
              "isMutable": false,
            },
            {
              "name": { "type": "string", "value": "annotations" },
              "type": {
                "_tag": "Union",
                "checks": [],
                "types": [
                  {
                    "_tag": "Arrays",
                    "checks": [],
                    "elements": [],
                    "rest": [
                      {
                        "_tag": "Objects",
                        "annotations": { "identifier": "AnnotationEntry" },
                        "checks": [],
                        "propertySignatures": [
                          {
                            "name": { "type": "string", "value": "key" },
                            "type": { "_tag": "String", "checks": [] },
                            "isOptional": false,
                            "isMutable": false,
                          },
                          {
                            "name": { "type": "string", "value": "payload" },
                            "type": { "_tag": "Reference", "$ref": "Json" },
                            "isOptional": false,
                            "isMutable": false,
                          },
                        ],
                        "indexSignatures": [],
                      },
                    ],
                  },
                  { "_tag": "Null", "checks": [] },
                ],
                "mode": "anyOf",
              },
              "isOptional": false,
              "isMutable": false,
            },
            {
              "name": { "type": "string", "value": "checks" },
              "type": {
                "_tag": "Arrays",
                "checks": [],
                "elements": [],
                "rest": [{ "_tag": "Reference", "$ref": "Check" }],
              },
              "isOptional": false,
              "isMutable": false,
            },
            {
              "name": { "type": "string", "value": "thunk" },
              "type": { "_tag": "Reference", "$ref": "Representation" },
              "isOptional": false,
              "isMutable": false,
            },
          ],
          "indexSignatures": [],
        },
        {
          "_tag": "Objects",
          "checks": [],
          "propertySignatures": [
            {
              "name": { "type": "string", "value": "_tag" },
              "type": {
                "_tag": "Literal",
                "checks": [],
                "literal": { "type": "string", "value": "null" },
              },
              "isOptional": false,
              "isMutable": false,
            },
            {
              "name": { "type": "string", "value": "annotations" },
              "type": {
                "_tag": "Union",
                "checks": [],
                "types": [
                  {
                    "_tag": "Arrays",
                    "checks": [],
                    "elements": [],
                    "rest": [
                      {
                        "_tag": "Objects",
                        "annotations": { "identifier": "AnnotationEntry" },
                        "checks": [],
                        "propertySignatures": [
                          {
                            "name": { "type": "string", "value": "key" },
                            "type": { "_tag": "String", "checks": [] },
                            "isOptional": false,
                            "isMutable": false,
                          },
                          {
                            "name": { "type": "string", "value": "payload" },
                            "type": { "_tag": "Reference", "$ref": "Json" },
                            "isOptional": false,
                            "isMutable": false,
                          },
                        ],
                        "indexSignatures": [],
                      },
                    ],
                  },
                  { "_tag": "Null", "checks": [] },
                ],
                "mode": "anyOf",
              },
              "isOptional": false,
              "isMutable": false,
            },
            {
              "name": { "type": "string", "value": "checks" },
              "type": {
                "_tag": "Arrays",
                "checks": [],
                "elements": [],
                "rest": [{ "_tag": "Reference", "$ref": "Check" }],
              },
              "isOptional": false,
              "isMutable": false,
            },
          ],
          "indexSignatures": [],
        },
        {
          "_tag": "Objects",
          "checks": [],
          "propertySignatures": [
            {
              "name": { "type": "string", "value": "_tag" },
              "type": {
                "_tag": "Literal",
                "checks": [],
                "literal": { "type": "string", "value": "undefined" },
              },
              "isOptional": false,
              "isMutable": false,
            },
            {
              "name": { "type": "string", "value": "annotations" },
              "type": {
                "_tag": "Union",
                "checks": [],
                "types": [
                  {
                    "_tag": "Arrays",
                    "checks": [],
                    "elements": [],
                    "rest": [
                      {
                        "_tag": "Objects",
                        "annotations": { "identifier": "AnnotationEntry" },
                        "checks": [],
                        "propertySignatures": [
                          {
                            "name": { "type": "string", "value": "key" },
                            "type": { "_tag": "String", "checks": [] },
                            "isOptional": false,
                            "isMutable": false,
                          },
                          {
                            "name": { "type": "string", "value": "payload" },
                            "type": { "_tag": "Reference", "$ref": "Json" },
                            "isOptional": false,
                            "isMutable": false,
                          },
                        ],
                        "indexSignatures": [],
                      },
                    ],
                  },
                  { "_tag": "Null", "checks": [] },
                ],
                "mode": "anyOf",
              },
              "isOptional": false,
              "isMutable": false,
            },
            {
              "name": { "type": "string", "value": "checks" },
              "type": {
                "_tag": "Arrays",
                "checks": [],
                "elements": [],
                "rest": [{ "_tag": "Reference", "$ref": "Check" }],
              },
              "isOptional": false,
              "isMutable": false,
            },
          ],
          "indexSignatures": [],
        },
        {
          "_tag": "Objects",
          "checks": [],
          "propertySignatures": [
            {
              "name": { "type": "string", "value": "_tag" },
              "type": {
                "_tag": "Literal",
                "checks": [],
                "literal": { "type": "string", "value": "void" },
              },
              "isOptional": false,
              "isMutable": false,
            },
            {
              "name": { "type": "string", "value": "annotations" },
              "type": {
                "_tag": "Union",
                "checks": [],
                "types": [
                  {
                    "_tag": "Arrays",
                    "checks": [],
                    "elements": [],
                    "rest": [
                      {
                        "_tag": "Objects",
                        "annotations": { "identifier": "AnnotationEntry" },
                        "checks": [],
                        "propertySignatures": [
                          {
                            "name": { "type": "string", "value": "key" },
                            "type": { "_tag": "String", "checks": [] },
                            "isOptional": false,
                            "isMutable": false,
                          },
                          {
                            "name": { "type": "string", "value": "payload" },
                            "type": { "_tag": "Reference", "$ref": "Json" },
                            "isOptional": false,
                            "isMutable": false,
                          },
                        ],
                        "indexSignatures": [],
                      },
                    ],
                  },
                  { "_tag": "Null", "checks": [] },
                ],
                "mode": "anyOf",
              },
              "isOptional": false,
              "isMutable": false,
            },
            {
              "name": { "type": "string", "value": "checks" },
              "type": {
                "_tag": "Arrays",
                "checks": [],
                "elements": [],
                "rest": [{ "_tag": "Reference", "$ref": "Check" }],
              },
              "isOptional": false,
              "isMutable": false,
            },
          ],
          "indexSignatures": [],
        },
        {
          "_tag": "Objects",
          "checks": [],
          "propertySignatures": [
            {
              "name": { "type": "string", "value": "_tag" },
              "type": {
                "_tag": "Literal",
                "checks": [],
                "literal": { "type": "string", "value": "never" },
              },
              "isOptional": false,
              "isMutable": false,
            },
            {
              "name": { "type": "string", "value": "annotations" },
              "type": {
                "_tag": "Union",
                "checks": [],
                "types": [
                  {
                    "_tag": "Arrays",
                    "checks": [],
                    "elements": [],
                    "rest": [
                      {
                        "_tag": "Objects",
                        "annotations": { "identifier": "AnnotationEntry" },
                        "checks": [],
                        "propertySignatures": [
                          {
                            "name": { "type": "string", "value": "key" },
                            "type": { "_tag": "String", "checks": [] },
                            "isOptional": false,
                            "isMutable": false,
                          },
                          {
                            "name": { "type": "string", "value": "payload" },
                            "type": { "_tag": "Reference", "$ref": "Json" },
                            "isOptional": false,
                            "isMutable": false,
                          },
                        ],
                        "indexSignatures": [],
                      },
                    ],
                  },
                  { "_tag": "Null", "checks": [] },
                ],
                "mode": "anyOf",
              },
              "isOptional": false,
              "isMutable": false,
            },
            {
              "name": { "type": "string", "value": "checks" },
              "type": {
                "_tag": "Arrays",
                "checks": [],
                "elements": [],
                "rest": [{ "_tag": "Reference", "$ref": "Check" }],
              },
              "isOptional": false,
              "isMutable": false,
            },
          ],
          "indexSignatures": [],
        },
        {
          "_tag": "Objects",
          "checks": [],
          "propertySignatures": [
            {
              "name": { "type": "string", "value": "_tag" },
              "type": {
                "_tag": "Literal",
                "checks": [],
                "literal": { "type": "string", "value": "unknown" },
              },
              "isOptional": false,
              "isMutable": false,
            },
            {
              "name": { "type": "string", "value": "annotations" },
              "type": {
                "_tag": "Union",
                "checks": [],
                "types": [
                  {
                    "_tag": "Arrays",
                    "checks": [],
                    "elements": [],
                    "rest": [
                      {
                        "_tag": "Objects",
                        "annotations": { "identifier": "AnnotationEntry" },
                        "checks": [],
                        "propertySignatures": [
                          {
                            "name": { "type": "string", "value": "key" },
                            "type": { "_tag": "String", "checks": [] },
                            "isOptional": false,
                            "isMutable": false,
                          },
                          {
                            "name": { "type": "string", "value": "payload" },
                            "type": { "_tag": "Reference", "$ref": "Json" },
                            "isOptional": false,
                            "isMutable": false,
                          },
                        ],
                        "indexSignatures": [],
                      },
                    ],
                  },
                  { "_tag": "Null", "checks": [] },
                ],
                "mode": "anyOf",
              },
              "isOptional": false,
              "isMutable": false,
            },
            {
              "name": { "type": "string", "value": "checks" },
              "type": {
                "_tag": "Arrays",
                "checks": [],
                "elements": [],
                "rest": [{ "_tag": "Reference", "$ref": "Check" }],
              },
              "isOptional": false,
              "isMutable": false,
            },
          ],
          "indexSignatures": [],
        },
        {
          "_tag": "Objects",
          "checks": [],
          "propertySignatures": [
            {
              "name": { "type": "string", "value": "_tag" },
              "type": {
                "_tag": "Literal",
                "checks": [],
                "literal": { "type": "string", "value": "any" },
              },
              "isOptional": false,
              "isMutable": false,
            },
            {
              "name": { "type": "string", "value": "annotations" },
              "type": {
                "_tag": "Union",
                "checks": [],
                "types": [
                  {
                    "_tag": "Arrays",
                    "checks": [],
                    "elements": [],
                    "rest": [
                      {
                        "_tag": "Objects",
                        "annotations": { "identifier": "AnnotationEntry" },
                        "checks": [],
                        "propertySignatures": [
                          {
                            "name": { "type": "string", "value": "key" },
                            "type": { "_tag": "String", "checks": [] },
                            "isOptional": false,
                            "isMutable": false,
                          },
                          {
                            "name": { "type": "string", "value": "payload" },
                            "type": { "_tag": "Reference", "$ref": "Json" },
                            "isOptional": false,
                            "isMutable": false,
                          },
                        ],
                        "indexSignatures": [],
                      },
                    ],
                  },
                  { "_tag": "Null", "checks": [] },
                ],
                "mode": "anyOf",
              },
              "isOptional": false,
              "isMutable": false,
            },
            {
              "name": { "type": "string", "value": "checks" },
              "type": {
                "_tag": "Arrays",
                "checks": [],
                "elements": [],
                "rest": [{ "_tag": "Reference", "$ref": "Check" }],
              },
              "isOptional": false,
              "isMutable": false,
            },
          ],
          "indexSignatures": [],
        },
        {
          "_tag": "Objects",
          "checks": [],
          "propertySignatures": [
            {
              "name": { "type": "string", "value": "_tag" },
              "type": {
                "_tag": "Literal",
                "checks": [],
                "literal": { "type": "string", "value": "string" },
              },
              "isOptional": false,
              "isMutable": false,
            },
            {
              "name": { "type": "string", "value": "annotations" },
              "type": {
                "_tag": "Union",
                "checks": [],
                "types": [
                  {
                    "_tag": "Arrays",
                    "checks": [],
                    "elements": [],
                    "rest": [
                      {
                        "_tag": "Objects",
                        "annotations": { "identifier": "AnnotationEntry" },
                        "checks": [],
                        "propertySignatures": [
                          {
                            "name": { "type": "string", "value": "key" },
                            "type": { "_tag": "String", "checks": [] },
                            "isOptional": false,
                            "isMutable": false,
                          },
                          {
                            "name": { "type": "string", "value": "payload" },
                            "type": { "_tag": "Reference", "$ref": "Json" },
                            "isOptional": false,
                            "isMutable": false,
                          },
                        ],
                        "indexSignatures": [],
                      },
                    ],
                  },
                  { "_tag": "Null", "checks": [] },
                ],
                "mode": "anyOf",
              },
              "isOptional": false,
              "isMutable": false,
            },
            {
              "name": { "type": "string", "value": "checks" },
              "type": {
                "_tag": "Arrays",
                "checks": [],
                "elements": [],
                "rest": [{ "_tag": "Reference", "$ref": "Check" }],
              },
              "isOptional": false,
              "isMutable": false,
            },
          ],
          "indexSignatures": [],
        },
        {
          "_tag": "Objects",
          "checks": [],
          "propertySignatures": [
            {
              "name": { "type": "string", "value": "_tag" },
              "type": {
                "_tag": "Literal",
                "checks": [],
                "literal": { "type": "string", "value": "number" },
              },
              "isOptional": false,
              "isMutable": false,
            },
            {
              "name": { "type": "string", "value": "annotations" },
              "type": {
                "_tag": "Union",
                "checks": [],
                "types": [
                  {
                    "_tag": "Arrays",
                    "checks": [],
                    "elements": [],
                    "rest": [
                      {
                        "_tag": "Objects",
                        "annotations": { "identifier": "AnnotationEntry" },
                        "checks": [],
                        "propertySignatures": [
                          {
                            "name": { "type": "string", "value": "key" },
                            "type": { "_tag": "String", "checks": [] },
                            "isOptional": false,
                            "isMutable": false,
                          },
                          {
                            "name": { "type": "string", "value": "payload" },
                            "type": { "_tag": "Reference", "$ref": "Json" },
                            "isOptional": false,
                            "isMutable": false,
                          },
                        ],
                        "indexSignatures": [],
                      },
                    ],
                  },
                  { "_tag": "Null", "checks": [] },
                ],
                "mode": "anyOf",
              },
              "isOptional": false,
              "isMutable": false,
            },
            {
              "name": { "type": "string", "value": "checks" },
              "type": {
                "_tag": "Arrays",
                "checks": [],
                "elements": [],
                "rest": [{ "_tag": "Reference", "$ref": "Check" }],
              },
              "isOptional": false,
              "isMutable": false,
            },
          ],
          "indexSignatures": [],
        },
        {
          "_tag": "Objects",
          "checks": [],
          "propertySignatures": [
            {
              "name": { "type": "string", "value": "_tag" },
              "type": {
                "_tag": "Literal",
                "checks": [],
                "literal": { "type": "string", "value": "boolean" },
              },
              "isOptional": false,
              "isMutable": false,
            },
            {
              "name": { "type": "string", "value": "annotations" },
              "type": {
                "_tag": "Union",
                "checks": [],
                "types": [
                  {
                    "_tag": "Arrays",
                    "checks": [],
                    "elements": [],
                    "rest": [
                      {
                        "_tag": "Objects",
                        "annotations": { "identifier": "AnnotationEntry" },
                        "checks": [],
                        "propertySignatures": [
                          {
                            "name": { "type": "string", "value": "key" },
                            "type": { "_tag": "String", "checks": [] },
                            "isOptional": false,
                            "isMutable": false,
                          },
                          {
                            "name": { "type": "string", "value": "payload" },
                            "type": { "_tag": "Reference", "$ref": "Json" },
                            "isOptional": false,
                            "isMutable": false,
                          },
                        ],
                        "indexSignatures": [],
                      },
                    ],
                  },
                  { "_tag": "Null", "checks": [] },
                ],
                "mode": "anyOf",
              },
              "isOptional": false,
              "isMutable": false,
            },
            {
              "name": { "type": "string", "value": "checks" },
              "type": {
                "_tag": "Arrays",
                "checks": [],
                "elements": [],
                "rest": [{ "_tag": "Reference", "$ref": "Check" }],
              },
              "isOptional": false,
              "isMutable": false,
            },
          ],
          "indexSignatures": [],
        },
        {
          "_tag": "Objects",
          "checks": [],
          "propertySignatures": [
            {
              "name": { "type": "string", "value": "_tag" },
              "type": {
                "_tag": "Literal",
                "checks": [],
                "literal": { "type": "string", "value": "bigint" },
              },
              "isOptional": false,
              "isMutable": false,
            },
            {
              "name": { "type": "string", "value": "annotations" },
              "type": {
                "_tag": "Union",
                "checks": [],
                "types": [
                  {
                    "_tag": "Arrays",
                    "checks": [],
                    "elements": [],
                    "rest": [
                      {
                        "_tag": "Objects",
                        "annotations": { "identifier": "AnnotationEntry" },
                        "checks": [],
                        "propertySignatures": [
                          {
                            "name": { "type": "string", "value": "key" },
                            "type": { "_tag": "String", "checks": [] },
                            "isOptional": false,
                            "isMutable": false,
                          },
                          {
                            "name": { "type": "string", "value": "payload" },
                            "type": { "_tag": "Reference", "$ref": "Json" },
                            "isOptional": false,
                            "isMutable": false,
                          },
                        ],
                        "indexSignatures": [],
                      },
                    ],
                  },
                  { "_tag": "Null", "checks": [] },
                ],
                "mode": "anyOf",
              },
              "isOptional": false,
              "isMutable": false,
            },
            {
              "name": { "type": "string", "value": "checks" },
              "type": {
                "_tag": "Arrays",
                "checks": [],
                "elements": [],
                "rest": [{ "_tag": "Reference", "$ref": "Check" }],
              },
              "isOptional": false,
              "isMutable": false,
            },
          ],
          "indexSignatures": [],
        },
        {
          "_tag": "Objects",
          "checks": [],
          "propertySignatures": [
            {
              "name": { "type": "string", "value": "_tag" },
              "type": {
                "_tag": "Literal",
                "checks": [],
                "literal": { "type": "string", "value": "symbol" },
              },
              "isOptional": false,
              "isMutable": false,
            },
            {
              "name": { "type": "string", "value": "annotations" },
              "type": {
                "_tag": "Union",
                "checks": [],
                "types": [
                  {
                    "_tag": "Arrays",
                    "checks": [],
                    "elements": [],
                    "rest": [
                      {
                        "_tag": "Objects",
                        "annotations": { "identifier": "AnnotationEntry" },
                        "checks": [],
                        "propertySignatures": [
                          {
                            "name": { "type": "string", "value": "key" },
                            "type": { "_tag": "String", "checks": [] },
                            "isOptional": false,
                            "isMutable": false,
                          },
                          {
                            "name": { "type": "string", "value": "payload" },
                            "type": { "_tag": "Reference", "$ref": "Json" },
                            "isOptional": false,
                            "isMutable": false,
                          },
                        ],
                        "indexSignatures": [],
                      },
                    ],
                  },
                  { "_tag": "Null", "checks": [] },
                ],
                "mode": "anyOf",
              },
              "isOptional": false,
              "isMutable": false,
            },
            {
              "name": { "type": "string", "value": "checks" },
              "type": {
                "_tag": "Arrays",
                "checks": [],
                "elements": [],
                "rest": [{ "_tag": "Reference", "$ref": "Check" }],
              },
              "isOptional": false,
              "isMutable": false,
            },
          ],
          "indexSignatures": [],
        },
        {
          "_tag": "Objects",
          "checks": [],
          "propertySignatures": [
            {
              "name": { "type": "string", "value": "_tag" },
              "type": {
                "_tag": "Literal",
                "checks": [],
                "literal": { "type": "string", "value": "literal" },
              },
              "isOptional": false,
              "isMutable": false,
            },
            {
              "name": { "type": "string", "value": "annotations" },
              "type": {
                "_tag": "Union",
                "checks": [],
                "types": [
                  {
                    "_tag": "Arrays",
                    "checks": [],
                    "elements": [],
                    "rest": [
                      {
                        "_tag": "Objects",
                        "annotations": { "identifier": "AnnotationEntry" },
                        "checks": [],
                        "propertySignatures": [
                          {
                            "name": { "type": "string", "value": "key" },
                            "type": { "_tag": "String", "checks": [] },
                            "isOptional": false,
                            "isMutable": false,
                          },
                          {
                            "name": { "type": "string", "value": "payload" },
                            "type": { "_tag": "Reference", "$ref": "Json" },
                            "isOptional": false,
                            "isMutable": false,
                          },
                        ],
                        "indexSignatures": [],
                      },
                    ],
                  },
                  { "_tag": "Null", "checks": [] },
                ],
                "mode": "anyOf",
              },
              "isOptional": false,
              "isMutable": false,
            },
            {
              "name": { "type": "string", "value": "checks" },
              "type": {
                "_tag": "Arrays",
                "checks": [],
                "elements": [],
                "rest": [{ "_tag": "Reference", "$ref": "Check" }],
              },
              "isOptional": false,
              "isMutable": false,
            },
            {
              "name": { "type": "string", "value": "literal" },
              "type": {
                "_tag": "Union",
                "annotations": { "identifier": "LiteralValue" },
                "checks": [],
                "types": [
                  {
                    "_tag": "Objects",
                    "checks": [],
                    "propertySignatures": [
                      {
                        "name": { "type": "string", "value": "_tag" },
                        "type": {
                          "_tag": "Literal",
                          "checks": [],
                          "literal": { "type": "string", "value": "string" },
                        },
                        "isOptional": false,
                        "isMutable": false,
                      },
                      {
                        "name": { "type": "string", "value": "value" },
                        "type": { "_tag": "String", "checks": [] },
                        "isOptional": false,
                        "isMutable": false,
                      },
                    ],
                    "indexSignatures": [],
                  },
                  {
                    "_tag": "Objects",
                    "checks": [],
                    "propertySignatures": [
                      {
                        "name": { "type": "string", "value": "_tag" },
                        "type": {
                          "_tag": "Literal",
                          "checks": [],
                          "literal": { "type": "string", "value": "number" },
                        },
                        "isOptional": false,
                        "isMutable": false,
                      },
                      {
                        "name": { "type": "string", "value": "value" },
                        "type": {
                          "_tag": "Objects",
                          "annotations": { "identifier": "Float64" },
                          "checks": [],
                          "propertySignatures": [
                            {
                              "name": { "type": "string", "value": "bits" },
                              "type": { "_tag": "Reference", "$ref": "UInt64" },
                              "isOptional": false,
                              "isMutable": false,
                            },
                          ],
                          "indexSignatures": [],
                        },
                        "isOptional": false,
                        "isMutable": false,
                      },
                    ],
                    "indexSignatures": [],
                  },
                  {
                    "_tag": "Objects",
                    "checks": [],
                    "propertySignatures": [
                      {
                        "name": { "type": "string", "value": "_tag" },
                        "type": {
                          "_tag": "Literal",
                          "checks": [],
                          "literal": { "type": "string", "value": "bigint" },
                        },
                        "isOptional": false,
                        "isMutable": false,
                      },
                      {
                        "name": { "type": "string", "value": "value" },
                        "type": {
                          "_tag": "Union",
                          "annotations": { "identifier": "Int" },
                          "checks": [],
                          "types": [
                            {
                              "_tag": "Objects",
                              "checks": [],
                              "propertySignatures": [
                                {
                                  "name": { "type": "string", "value": "_tag" },
                                  "type": {
                                    "_tag": "Literal",
                                    "checks": [],
                                    "literal": { "type": "string", "value": "ofNat" },
                                  },
                                  "isOptional": false,
                                  "isMutable": false,
                                },
                                {
                                  "name": { "type": "string", "value": "n" },
                                  "type": {
                                    "_tag": "Number",
                                    "checks": [
                                      {
                                        "_tag": "Filter",
                                        "representation": { "id": "effect/schema/isInt", "payload": null },
                                        "aborted": false,
                                      },
                                    ],
                                  },
                                  "isOptional": false,
                                  "isMutable": false,
                                },
                              ],
                              "indexSignatures": [],
                            },
                            {
                              "_tag": "Objects",
                              "checks": [],
                              "propertySignatures": [
                                {
                                  "name": { "type": "string", "value": "_tag" },
                                  "type": {
                                    "_tag": "Literal",
                                    "checks": [],
                                    "literal": { "type": "string", "value": "negSucc" },
                                  },
                                  "isOptional": false,
                                  "isMutable": false,
                                },
                                {
                                  "name": { "type": "string", "value": "n" },
                                  "type": {
                                    "_tag": "Number",
                                    "checks": [
                                      {
                                        "_tag": "Filter",
                                        "representation": { "id": "effect/schema/isInt", "payload": null },
                                        "aborted": false,
                                      },
                                    ],
                                  },
                                  "isOptional": false,
                                  "isMutable": false,
                                },
                              ],
                              "indexSignatures": [],
                            },
                          ],
                          "mode": "anyOf",
                        },
                        "isOptional": false,
                        "isMutable": false,
                      },
                    ],
                    "indexSignatures": [],
                  },
                  {
                    "_tag": "Objects",
                    "checks": [],
                    "propertySignatures": [
                      {
                        "name": { "type": "string", "value": "_tag" },
                        "type": {
                          "_tag": "Literal",
                          "checks": [],
                          "literal": { "type": "string", "value": "boolean" },
                        },
                        "isOptional": false,
                        "isMutable": false,
                      },
                      {
                        "name": { "type": "string", "value": "value" },
                        "type": { "_tag": "Boolean", "checks": [] },
                        "isOptional": false,
                        "isMutable": false,
                      },
                    ],
                    "indexSignatures": [],
                  },
                ],
                "mode": "anyOf",
              },
              "isOptional": false,
              "isMutable": false,
            },
          ],
          "indexSignatures": [],
        },
        {
          "_tag": "Objects",
          "checks": [],
          "propertySignatures": [
            {
              "name": { "type": "string", "value": "_tag" },
              "type": {
                "_tag": "Literal",
                "checks": [],
                "literal": { "type": "string", "value": "uniqueSymbol" },
              },
              "isOptional": false,
              "isMutable": false,
            },
            {
              "name": { "type": "string", "value": "annotations" },
              "type": {
                "_tag": "Union",
                "checks": [],
                "types": [
                  {
                    "_tag": "Arrays",
                    "checks": [],
                    "elements": [],
                    "rest": [
                      {
                        "_tag": "Objects",
                        "annotations": { "identifier": "AnnotationEntry" },
                        "checks": [],
                        "propertySignatures": [
                          {
                            "name": { "type": "string", "value": "key" },
                            "type": { "_tag": "String", "checks": [] },
                            "isOptional": false,
                            "isMutable": false,
                          },
                          {
                            "name": { "type": "string", "value": "payload" },
                            "type": { "_tag": "Reference", "$ref": "Json" },
                            "isOptional": false,
                            "isMutable": false,
                          },
                        ],
                        "indexSignatures": [],
                      },
                    ],
                  },
                  { "_tag": "Null", "checks": [] },
                ],
                "mode": "anyOf",
              },
              "isOptional": false,
              "isMutable": false,
            },
            {
              "name": { "type": "string", "value": "checks" },
              "type": {
                "_tag": "Arrays",
                "checks": [],
                "elements": [],
                "rest": [{ "_tag": "Reference", "$ref": "Check" }],
              },
              "isOptional": false,
              "isMutable": false,
            },
            {
              "name": { "type": "string", "value": "symbol" },
              "type": {
                "_tag": "Objects",
                "annotations": { "identifier": "GlobalSymbolKey" },
                "checks": [],
                "propertySignatures": [
                  {
                    "name": { "type": "string", "value": "key" },
                    "type": { "_tag": "String", "checks": [] },
                    "isOptional": false,
                    "isMutable": false,
                  },
                ],
                "indexSignatures": [],
              },
              "isOptional": false,
              "isMutable": false,
            },
          ],
          "indexSignatures": [],
        },
        {
          "_tag": "Objects",
          "checks": [],
          "propertySignatures": [
            {
              "name": { "type": "string", "value": "_tag" },
              "type": {
                "_tag": "Literal",
                "checks": [],
                "literal": { "type": "string", "value": "objectKeyword" },
              },
              "isOptional": false,
              "isMutable": false,
            },
            {
              "name": { "type": "string", "value": "annotations" },
              "type": {
                "_tag": "Union",
                "checks": [],
                "types": [
                  {
                    "_tag": "Arrays",
                    "checks": [],
                    "elements": [],
                    "rest": [
                      {
                        "_tag": "Objects",
                        "annotations": { "identifier": "AnnotationEntry" },
                        "checks": [],
                        "propertySignatures": [
                          {
                            "name": { "type": "string", "value": "key" },
                            "type": { "_tag": "String", "checks": [] },
                            "isOptional": false,
                            "isMutable": false,
                          },
                          {
                            "name": { "type": "string", "value": "payload" },
                            "type": { "_tag": "Reference", "$ref": "Json" },
                            "isOptional": false,
                            "isMutable": false,
                          },
                        ],
                        "indexSignatures": [],
                      },
                    ],
                  },
                  { "_tag": "Null", "checks": [] },
                ],
                "mode": "anyOf",
              },
              "isOptional": false,
              "isMutable": false,
            },
            {
              "name": { "type": "string", "value": "checks" },
              "type": {
                "_tag": "Arrays",
                "checks": [],
                "elements": [],
                "rest": [{ "_tag": "Reference", "$ref": "Check" }],
              },
              "isOptional": false,
              "isMutable": false,
            },
          ],
          "indexSignatures": [],
        },
        {
          "_tag": "Objects",
          "checks": [],
          "propertySignatures": [
            {
              "name": { "type": "string", "value": "_tag" },
              "type": {
                "_tag": "Literal",
                "checks": [],
                "literal": { "type": "string", "value": "enum" },
              },
              "isOptional": false,
              "isMutable": false,
            },
            {
              "name": { "type": "string", "value": "annotations" },
              "type": {
                "_tag": "Union",
                "checks": [],
                "types": [
                  {
                    "_tag": "Arrays",
                    "checks": [],
                    "elements": [],
                    "rest": [
                      {
                        "_tag": "Objects",
                        "annotations": { "identifier": "AnnotationEntry" },
                        "checks": [],
                        "propertySignatures": [
                          {
                            "name": { "type": "string", "value": "key" },
                            "type": { "_tag": "String", "checks": [] },
                            "isOptional": false,
                            "isMutable": false,
                          },
                          {
                            "name": { "type": "string", "value": "payload" },
                            "type": { "_tag": "Reference", "$ref": "Json" },
                            "isOptional": false,
                            "isMutable": false,
                          },
                        ],
                        "indexSignatures": [],
                      },
                    ],
                  },
                  { "_tag": "Null", "checks": [] },
                ],
                "mode": "anyOf",
              },
              "isOptional": false,
              "isMutable": false,
            },
            {
              "name": { "type": "string", "value": "checks" },
              "type": {
                "_tag": "Arrays",
                "checks": [],
                "elements": [],
                "rest": [{ "_tag": "Reference", "$ref": "Check" }],
              },
              "isOptional": false,
              "isMutable": false,
            },
            {
              "name": { "type": "string", "value": "enums" },
              "type": {
                "_tag": "Arrays",
                "checks": [],
                "elements": [],
                "rest": [
                  {
                    "_tag": "Objects",
                    "annotations": { "identifier": "EnumEntry" },
                    "checks": [],
                    "propertySignatures": [
                      {
                        "name": { "type": "string", "value": "name" },
                        "type": { "_tag": "String", "checks": [] },
                        "isOptional": false,
                        "isMutable": false,
                      },
                      {
                        "name": { "type": "string", "value": "value" },
                        "type": {
                          "_tag": "Union",
                          "annotations": { "identifier": "EnumValue" },
                          "checks": [],
                          "types": [
                            {
                              "_tag": "Objects",
                              "checks": [],
                              "propertySignatures": [
                                {
                                  "name": { "type": "string", "value": "_tag" },
                                  "type": {
                                    "_tag": "Literal",
                                    "checks": [],
                                    "literal": { "type": "string", "value": "string" },
                                  },
                                  "isOptional": false,
                                  "isMutable": false,
                                },
                                {
                                  "name": { "type": "string", "value": "value" },
                                  "type": { "_tag": "String", "checks": [] },
                                  "isOptional": false,
                                  "isMutable": false,
                                },
                              ],
                              "indexSignatures": [],
                            },
                            {
                              "_tag": "Objects",
                              "checks": [],
                              "propertySignatures": [
                                {
                                  "name": { "type": "string", "value": "_tag" },
                                  "type": {
                                    "_tag": "Literal",
                                    "checks": [],
                                    "literal": { "type": "string", "value": "number" },
                                  },
                                  "isOptional": false,
                                  "isMutable": false,
                                },
                                {
                                  "name": { "type": "string", "value": "value" },
                                  "type": {
                                    "_tag": "Objects",
                                    "annotations": { "identifier": "Float64" },
                                    "checks": [],
                                    "propertySignatures": [
                                      {
                                        "name": { "type": "string", "value": "bits" },
                                        "type": { "_tag": "Reference", "$ref": "UInt64" },
                                        "isOptional": false,
                                        "isMutable": false,
                                      },
                                    ],
                                    "indexSignatures": [],
                                  },
                                  "isOptional": false,
                                  "isMutable": false,
                                },
                              ],
                              "indexSignatures": [],
                            },
                          ],
                          "mode": "anyOf",
                        },
                        "isOptional": false,
                        "isMutable": false,
                      },
                    ],
                    "indexSignatures": [],
                  },
                ],
              },
              "isOptional": false,
              "isMutable": false,
            },
          ],
          "indexSignatures": [],
        },
        {
          "_tag": "Objects",
          "checks": [],
          "propertySignatures": [
            {
              "name": { "type": "string", "value": "_tag" },
              "type": {
                "_tag": "Literal",
                "checks": [],
                "literal": { "type": "string", "value": "templateLiteral" },
              },
              "isOptional": false,
              "isMutable": false,
            },
            {
              "name": { "type": "string", "value": "annotations" },
              "type": {
                "_tag": "Union",
                "checks": [],
                "types": [
                  {
                    "_tag": "Arrays",
                    "checks": [],
                    "elements": [],
                    "rest": [
                      {
                        "_tag": "Objects",
                        "annotations": { "identifier": "AnnotationEntry" },
                        "checks": [],
                        "propertySignatures": [
                          {
                            "name": { "type": "string", "value": "key" },
                            "type": { "_tag": "String", "checks": [] },
                            "isOptional": false,
                            "isMutable": false,
                          },
                          {
                            "name": { "type": "string", "value": "payload" },
                            "type": { "_tag": "Reference", "$ref": "Json" },
                            "isOptional": false,
                            "isMutable": false,
                          },
                        ],
                        "indexSignatures": [],
                      },
                    ],
                  },
                  { "_tag": "Null", "checks": [] },
                ],
                "mode": "anyOf",
              },
              "isOptional": false,
              "isMutable": false,
            },
            {
              "name": { "type": "string", "value": "checks" },
              "type": {
                "_tag": "Arrays",
                "checks": [],
                "elements": [],
                "rest": [{ "_tag": "Reference", "$ref": "Check" }],
              },
              "isOptional": false,
              "isMutable": false,
            },
            {
              "name": { "type": "string", "value": "parts" },
              "type": {
                "_tag": "Arrays",
                "checks": [],
                "elements": [],
                "rest": [{ "_tag": "Reference", "$ref": "Representation" }],
              },
              "isOptional": false,
              "isMutable": false,
            },
          ],
          "indexSignatures": [],
        },
        {
          "_tag": "Objects",
          "checks": [],
          "propertySignatures": [
            {
              "name": { "type": "string", "value": "_tag" },
              "type": {
                "_tag": "Literal",
                "checks": [],
                "literal": { "type": "string", "value": "arrays" },
              },
              "isOptional": false,
              "isMutable": false,
            },
            {
              "name": { "type": "string", "value": "annotations" },
              "type": {
                "_tag": "Union",
                "checks": [],
                "types": [
                  {
                    "_tag": "Arrays",
                    "checks": [],
                    "elements": [],
                    "rest": [
                      {
                        "_tag": "Objects",
                        "annotations": { "identifier": "AnnotationEntry" },
                        "checks": [],
                        "propertySignatures": [
                          {
                            "name": { "type": "string", "value": "key" },
                            "type": { "_tag": "String", "checks": [] },
                            "isOptional": false,
                            "isMutable": false,
                          },
                          {
                            "name": { "type": "string", "value": "payload" },
                            "type": { "_tag": "Reference", "$ref": "Json" },
                            "isOptional": false,
                            "isMutable": false,
                          },
                        ],
                        "indexSignatures": [],
                      },
                    ],
                  },
                  { "_tag": "Null", "checks": [] },
                ],
                "mode": "anyOf",
              },
              "isOptional": false,
              "isMutable": false,
            },
            {
              "name": { "type": "string", "value": "checks" },
              "type": {
                "_tag": "Arrays",
                "checks": [],
                "elements": [],
                "rest": [{ "_tag": "Reference", "$ref": "Check" }],
              },
              "isOptional": false,
              "isMutable": false,
            },
            {
              "name": { "type": "string", "value": "elements" },
              "type": {
                "_tag": "Arrays",
                "checks": [],
                "elements": [],
                "rest": [{ "_tag": "Reference", "$ref": "ElementOf" }],
              },
              "isOptional": false,
              "isMutable": false,
            },
            {
              "name": { "type": "string", "value": "rest" },
              "type": {
                "_tag": "Arrays",
                "checks": [],
                "elements": [],
                "rest": [{ "_tag": "Reference", "$ref": "Representation" }],
              },
              "isOptional": false,
              "isMutable": false,
            },
          ],
          "indexSignatures": [],
        },
        {
          "_tag": "Objects",
          "checks": [],
          "propertySignatures": [
            {
              "name": { "type": "string", "value": "_tag" },
              "type": {
                "_tag": "Literal",
                "checks": [],
                "literal": { "type": "string", "value": "objects" },
              },
              "isOptional": false,
              "isMutable": false,
            },
            {
              "name": { "type": "string", "value": "annotations" },
              "type": {
                "_tag": "Union",
                "checks": [],
                "types": [
                  {
                    "_tag": "Arrays",
                    "checks": [],
                    "elements": [],
                    "rest": [
                      {
                        "_tag": "Objects",
                        "annotations": { "identifier": "AnnotationEntry" },
                        "checks": [],
                        "propertySignatures": [
                          {
                            "name": { "type": "string", "value": "key" },
                            "type": { "_tag": "String", "checks": [] },
                            "isOptional": false,
                            "isMutable": false,
                          },
                          {
                            "name": { "type": "string", "value": "payload" },
                            "type": { "_tag": "Reference", "$ref": "Json" },
                            "isOptional": false,
                            "isMutable": false,
                          },
                        ],
                        "indexSignatures": [],
                      },
                    ],
                  },
                  { "_tag": "Null", "checks": [] },
                ],
                "mode": "anyOf",
              },
              "isOptional": false,
              "isMutable": false,
            },
            {
              "name": { "type": "string", "value": "checks" },
              "type": {
                "_tag": "Arrays",
                "checks": [],
                "elements": [],
                "rest": [{ "_tag": "Reference", "$ref": "Check" }],
              },
              "isOptional": false,
              "isMutable": false,
            },
            {
              "name": { "type": "string", "value": "propertySignatures" },
              "type": {
                "_tag": "Arrays",
                "checks": [],
                "elements": [],
                "rest": [{ "_tag": "Reference", "$ref": "PropertySignatureOf" }],
              },
              "isOptional": false,
              "isMutable": false,
            },
            {
              "name": { "type": "string", "value": "indexSignatures" },
              "type": {
                "_tag": "Arrays",
                "checks": [],
                "elements": [],
                "rest": [{ "_tag": "Reference", "$ref": "IndexSignatureOf" }],
              },
              "isOptional": false,
              "isMutable": false,
            },
          ],
          "indexSignatures": [],
        },
        {
          "_tag": "Objects",
          "checks": [],
          "propertySignatures": [
            {
              "name": { "type": "string", "value": "_tag" },
              "type": {
                "_tag": "Literal",
                "checks": [],
                "literal": { "type": "string", "value": "union" },
              },
              "isOptional": false,
              "isMutable": false,
            },
            {
              "name": { "type": "string", "value": "annotations" },
              "type": {
                "_tag": "Union",
                "checks": [],
                "types": [
                  {
                    "_tag": "Arrays",
                    "checks": [],
                    "elements": [],
                    "rest": [
                      {
                        "_tag": "Objects",
                        "annotations": { "identifier": "AnnotationEntry" },
                        "checks": [],
                        "propertySignatures": [
                          {
                            "name": { "type": "string", "value": "key" },
                            "type": { "_tag": "String", "checks": [] },
                            "isOptional": false,
                            "isMutable": false,
                          },
                          {
                            "name": { "type": "string", "value": "payload" },
                            "type": { "_tag": "Reference", "$ref": "Json" },
                            "isOptional": false,
                            "isMutable": false,
                          },
                        ],
                        "indexSignatures": [],
                      },
                    ],
                  },
                  { "_tag": "Null", "checks": [] },
                ],
                "mode": "anyOf",
              },
              "isOptional": false,
              "isMutable": false,
            },
            {
              "name": { "type": "string", "value": "checks" },
              "type": {
                "_tag": "Arrays",
                "checks": [],
                "elements": [],
                "rest": [{ "_tag": "Reference", "$ref": "Check" }],
              },
              "isOptional": false,
              "isMutable": false,
            },
            {
              "name": { "type": "string", "value": "types" },
              "type": {
                "_tag": "Arrays",
                "checks": [],
                "elements": [],
                "rest": [{ "_tag": "Reference", "$ref": "Representation" }],
              },
              "isOptional": false,
              "isMutable": false,
            },
            {
              "name": { "type": "string", "value": "mode" },
              "type": {
                "_tag": "Union",
                "annotations": { "identifier": "UnionMode" },
                "checks": [],
                "types": [
                  {
                    "_tag": "Literal",
                    "checks": [],
                    "literal": { "type": "string", "value": "anyOf" },
                  },
                  {
                    "_tag": "Literal",
                    "checks": [],
                    "literal": { "type": "string", "value": "oneOf" },
                  },
                ],
                "mode": "anyOf",
              },
              "isOptional": false,
              "isMutable": false,
            },
          ],
          "indexSignatures": [],
        },
      ],
      "mode": "anyOf",
    },
    "Check": {
      "_tag": "Union",
      "annotations": { "identifier": "Check" },
      "checks": [],
      "types": [
        {
          "_tag": "Objects",
          "checks": [],
          "propertySignatures": [
            {
              "name": { "type": "string", "value": "_tag" },
              "type": {
                "_tag": "Literal",
                "checks": [],
                "literal": { "type": "string", "value": "filter" },
              },
              "isOptional": false,
              "isMutable": false,
            },
            {
              "name": { "type": "string", "value": "representation" },
              "type": { "_tag": "Reference", "$ref": "CheckRepresentationAnnotationOf" },
              "isOptional": false,
              "isMutable": false,
            },
            {
              "name": { "type": "string", "value": "annotations" },
              "type": {
                "_tag": "Union",
                "checks": [],
                "types": [
                  {
                    "_tag": "Arrays",
                    "checks": [],
                    "elements": [],
                    "rest": [
                      {
                        "_tag": "Objects",
                        "annotations": { "identifier": "AnnotationEntry" },
                        "checks": [],
                        "propertySignatures": [
                          {
                            "name": { "type": "string", "value": "key" },
                            "type": { "_tag": "String", "checks": [] },
                            "isOptional": false,
                            "isMutable": false,
                          },
                          {
                            "name": { "type": "string", "value": "payload" },
                            "type": { "_tag": "Reference", "$ref": "Json" },
                            "isOptional": false,
                            "isMutable": false,
                          },
                        ],
                        "indexSignatures": [],
                      },
                    ],
                  },
                  { "_tag": "Null", "checks": [] },
                ],
                "mode": "anyOf",
              },
              "isOptional": false,
              "isMutable": false,
            },
            {
              "name": { "type": "string", "value": "aborted" },
              "type": { "_tag": "Boolean", "checks": [] },
              "isOptional": false,
              "isMutable": false,
            },
          ],
          "indexSignatures": [],
        },
        {
          "_tag": "Objects",
          "checks": [],
          "propertySignatures": [
            {
              "name": { "type": "string", "value": "_tag" },
              "type": {
                "_tag": "Literal",
                "checks": [],
                "literal": { "type": "string", "value": "filterGroup" },
              },
              "isOptional": false,
              "isMutable": false,
            },
            {
              "name": { "type": "string", "value": "representation" },
              "type": {
                "_tag": "Union",
                "checks": [],
                "types": [{ "_tag": "Reference", "$ref": "CheckRepresentationAnnotationOf" }, { "_tag": "Null", "checks": [] }],
                "mode": "anyOf",
              },
              "isOptional": false,
              "isMutable": false,
            },
            {
              "name": { "type": "string", "value": "annotations" },
              "type": {
                "_tag": "Union",
                "checks": [],
                "types": [
                  {
                    "_tag": "Arrays",
                    "checks": [],
                    "elements": [],
                    "rest": [
                      {
                        "_tag": "Objects",
                        "annotations": { "identifier": "AnnotationEntry" },
                        "checks": [],
                        "propertySignatures": [
                          {
                            "name": { "type": "string", "value": "key" },
                            "type": { "_tag": "String", "checks": [] },
                            "isOptional": false,
                            "isMutable": false,
                          },
                          {
                            "name": { "type": "string", "value": "payload" },
                            "type": { "_tag": "Reference", "$ref": "Json" },
                            "isOptional": false,
                            "isMutable": false,
                          },
                        ],
                        "indexSignatures": [],
                      },
                    ],
                  },
                  { "_tag": "Null", "checks": [] },
                ],
                "mode": "anyOf",
              },
              "isOptional": false,
              "isMutable": false,
            },
            {
              "name": { "type": "string", "value": "checks" },
              "type": {
                "_tag": "Arrays",
                "checks": [],
                "elements": [],
                "rest": [{ "_tag": "Reference", "$ref": "Check" }],
              },
              "isOptional": false,
              "isMutable": false,
            },
          ],
          "indexSignatures": [],
        },
      ],
      "mode": "anyOf",
    },
    "CheckRepresentationAnnotationOf": {
      "_tag": "Objects",
      "annotations": { "identifier": "CheckRepresentationAnnotationOf" },
      "checks": [],
      "propertySignatures": [
        {
          "name": { "type": "string", "value": "id" },
          "type": { "_tag": "String", "checks": [] },
          "isOptional": false,
          "isMutable": false,
        },
        {
          "name": { "type": "string", "value": "payload" },
          "type": { "_tag": "Reference", "$ref": "Json" },
          "isOptional": false,
          "isMutable": false,
        },
        {
          "name": { "type": "string", "value": "schemas" },
          "type": {
            "_tag": "Union",
            "checks": [],
            "types": [
              {
                "_tag": "Arrays",
                "checks": [],
                "elements": [],
                "rest": [{ "_tag": "Reference", "$ref": "Representation" }],
              },
              { "_tag": "Null", "checks": [] },
            ],
            "mode": "anyOf",
          },
          "isOptional": false,
          "isMutable": false,
        },
      ],
      "indexSignatures": [],
    },
    "ElementOf": {
      "_tag": "Objects",
      "annotations": { "identifier": "ElementOf" },
      "checks": [],
      "propertySignatures": [
        {
          "name": { "type": "string", "value": "isOptional" },
          "type": { "_tag": "Boolean", "checks": [] },
          "isOptional": false,
          "isMutable": false,
        },
        {
          "name": { "type": "string", "value": "type" },
          "type": { "_tag": "Reference", "$ref": "Representation" },
          "isOptional": false,
          "isMutable": false,
        },
        {
          "name": { "type": "string", "value": "annotations" },
          "type": {
            "_tag": "Union",
            "checks": [],
            "types": [
              {
                "_tag": "Arrays",
                "checks": [],
                "elements": [],
                "rest": [
                  {
                    "_tag": "Objects",
                    "annotations": { "identifier": "AnnotationEntry" },
                    "checks": [],
                    "propertySignatures": [
                      {
                        "name": { "type": "string", "value": "key" },
                        "type": { "_tag": "String", "checks": [] },
                        "isOptional": false,
                        "isMutable": false,
                      },
                      {
                        "name": { "type": "string", "value": "payload" },
                        "type": { "_tag": "Reference", "$ref": "Json" },
                        "isOptional": false,
                        "isMutable": false,
                      },
                    ],
                    "indexSignatures": [],
                  },
                ],
              },
              { "_tag": "Null", "checks": [] },
            ],
            "mode": "anyOf",
          },
          "isOptional": false,
          "isMutable": false,
        },
      ],
      "indexSignatures": [],
    },
    "PropertySignatureOf": {
      "_tag": "Objects",
      "annotations": { "identifier": "PropertySignatureOf" },
      "checks": [],
      "propertySignatures": [
        {
          "name": { "type": "string", "value": "name" },
          "type": {
            "_tag": "Union",
            "annotations": { "identifier": "PropertyKey" },
            "checks": [],
            "types": [
              {
                "_tag": "Objects",
                "checks": [],
                "propertySignatures": [
                  {
                    "name": { "type": "string", "value": "_tag" },
                    "type": {
                      "_tag": "Literal",
                      "checks": [],
                      "literal": { "type": "string", "value": "string" },
                    },
                    "isOptional": false,
                    "isMutable": false,
                  },
                  {
                    "name": { "type": "string", "value": "value" },
                    "type": { "_tag": "String", "checks": [] },
                    "isOptional": false,
                    "isMutable": false,
                  },
                ],
                "indexSignatures": [],
              },
              {
                "_tag": "Objects",
                "checks": [],
                "propertySignatures": [
                  {
                    "name": { "type": "string", "value": "_tag" },
                    "type": {
                      "_tag": "Literal",
                      "checks": [],
                      "literal": { "type": "string", "value": "number" },
                    },
                    "isOptional": false,
                    "isMutable": false,
                  },
                  {
                    "name": { "type": "string", "value": "value" },
                    "type": {
                      "_tag": "Objects",
                      "annotations": { "identifier": "Float64" },
                      "checks": [],
                      "propertySignatures": [
                        {
                          "name": { "type": "string", "value": "bits" },
                          "type": { "_tag": "Reference", "$ref": "UInt64" },
                          "isOptional": false,
                          "isMutable": false,
                        },
                      ],
                      "indexSignatures": [],
                    },
                    "isOptional": false,
                    "isMutable": false,
                  },
                ],
                "indexSignatures": [],
              },
              {
                "_tag": "Objects",
                "checks": [],
                "propertySignatures": [
                  {
                    "name": { "type": "string", "value": "_tag" },
                    "type": {
                      "_tag": "Literal",
                      "checks": [],
                      "literal": { "type": "string", "value": "globalSymbol" },
                    },
                    "isOptional": false,
                    "isMutable": false,
                  },
                  {
                    "name": { "type": "string", "value": "value" },
                    "type": {
                      "_tag": "Objects",
                      "annotations": { "identifier": "GlobalSymbolKey" },
                      "checks": [],
                      "propertySignatures": [
                        {
                          "name": { "type": "string", "value": "key" },
                          "type": { "_tag": "String", "checks": [] },
                          "isOptional": false,
                          "isMutable": false,
                        },
                      ],
                      "indexSignatures": [],
                    },
                    "isOptional": false,
                    "isMutable": false,
                  },
                ],
                "indexSignatures": [],
              },
            ],
            "mode": "anyOf",
          },
          "isOptional": false,
          "isMutable": false,
        },
        {
          "name": { "type": "string", "value": "type" },
          "type": { "_tag": "Reference", "$ref": "Representation" },
          "isOptional": false,
          "isMutable": false,
        },
        {
          "name": { "type": "string", "value": "isOptional" },
          "type": { "_tag": "Boolean", "checks": [] },
          "isOptional": false,
          "isMutable": false,
        },
        {
          "name": { "type": "string", "value": "isMutable" },
          "type": { "_tag": "Boolean", "checks": [] },
          "isOptional": false,
          "isMutable": false,
        },
        {
          "name": { "type": "string", "value": "annotations" },
          "type": {
            "_tag": "Union",
            "checks": [],
            "types": [
              {
                "_tag": "Arrays",
                "checks": [],
                "elements": [],
                "rest": [
                  {
                    "_tag": "Objects",
                    "annotations": { "identifier": "AnnotationEntry" },
                    "checks": [],
                    "propertySignatures": [
                      {
                        "name": { "type": "string", "value": "key" },
                        "type": { "_tag": "String", "checks": [] },
                        "isOptional": false,
                        "isMutable": false,
                      },
                      {
                        "name": { "type": "string", "value": "payload" },
                        "type": { "_tag": "Reference", "$ref": "Json" },
                        "isOptional": false,
                        "isMutable": false,
                      },
                    ],
                    "indexSignatures": [],
                  },
                ],
              },
              { "_tag": "Null", "checks": [] },
            ],
            "mode": "anyOf",
          },
          "isOptional": false,
          "isMutable": false,
        },
      ],
      "indexSignatures": [],
    },
    "IndexSignatureOf": {
      "_tag": "Objects",
      "annotations": { "identifier": "IndexSignatureOf" },
      "checks": [],
      "propertySignatures": [
        {
          "name": { "type": "string", "value": "parameter" },
          "type": { "_tag": "Reference", "$ref": "Representation" },
          "isOptional": false,
          "isMutable": false,
        },
        {
          "name": { "type": "string", "value": "type" },
          "type": { "_tag": "Reference", "$ref": "Representation" },
          "isOptional": false,
          "isMutable": false,
        },
      ],
      "indexSignatures": [],
    },
    "Json": {
      "_tag": "Union",
      "annotations": { "identifier": "Json" },
      "checks": [],
      "types": [
        {
          "_tag": "Objects",
          "checks": [],
          "propertySignatures": [
            {
              "name": { "type": "string", "value": "_tag" },
              "type": {
                "_tag": "Literal",
                "checks": [],
                "literal": { "type": "string", "value": "null" },
              },
              "isOptional": false,
              "isMutable": false,
            },
          ],
          "indexSignatures": [],
        },
        {
          "_tag": "Objects",
          "checks": [],
          "propertySignatures": [
            {
              "name": { "type": "string", "value": "_tag" },
              "type": {
                "_tag": "Literal",
                "checks": [],
                "literal": { "type": "string", "value": "bool" },
              },
              "isOptional": false,
              "isMutable": false,
            },
            {
              "name": { "type": "string", "value": "value" },
              "type": { "_tag": "Boolean", "checks": [] },
              "isOptional": false,
              "isMutable": false,
            },
          ],
          "indexSignatures": [],
        },
        {
          "_tag": "Objects",
          "checks": [],
          "propertySignatures": [
            {
              "name": { "type": "string", "value": "_tag" },
              "type": {
                "_tag": "Literal",
                "checks": [],
                "literal": { "type": "string", "value": "number" },
              },
              "isOptional": false,
              "isMutable": false,
            },
            {
              "name": { "type": "string", "value": "value" },
              "type": {
                "_tag": "Objects",
                "annotations": { "identifier": "Float64" },
                "checks": [],
                "propertySignatures": [
                  {
                    "name": { "type": "string", "value": "bits" },
                    "type": { "_tag": "Reference", "$ref": "UInt64" },
                    "isOptional": false,
                    "isMutable": false,
                  },
                ],
                "indexSignatures": [],
              },
              "isOptional": false,
              "isMutable": false,
            },
          ],
          "indexSignatures": [],
        },
        {
          "_tag": "Objects",
          "checks": [],
          "propertySignatures": [
            {
              "name": { "type": "string", "value": "_tag" },
              "type": {
                "_tag": "Literal",
                "checks": [],
                "literal": { "type": "string", "value": "str" },
              },
              "isOptional": false,
              "isMutable": false,
            },
            {
              "name": { "type": "string", "value": "value" },
              "type": { "_tag": "String", "checks": [] },
              "isOptional": false,
              "isMutable": false,
            },
          ],
          "indexSignatures": [],
        },
        {
          "_tag": "Objects",
          "checks": [],
          "propertySignatures": [
            {
              "name": { "type": "string", "value": "_tag" },
              "type": {
                "_tag": "Literal",
                "checks": [],
                "literal": { "type": "string", "value": "arr" },
              },
              "isOptional": false,
              "isMutable": false,
            },
            {
              "name": { "type": "string", "value": "elements" },
              "type": {
                "_tag": "Arrays",
                "checks": [],
                "elements": [],
                "rest": [{ "_tag": "Reference", "$ref": "Json" }],
              },
              "isOptional": false,
              "isMutable": false,
            },
          ],
          "indexSignatures": [],
        },
        {
          "_tag": "Objects",
          "checks": [],
          "propertySignatures": [
            {
              "name": { "type": "string", "value": "_tag" },
              "type": {
                "_tag": "Literal",
                "checks": [],
                "literal": { "type": "string", "value": "obj" },
              },
              "isOptional": false,
              "isMutable": false,
            },
            {
              "name": { "type": "string", "value": "entries" },
              "type": {
                "_tag": "Arrays",
                "checks": [],
                "elements": [],
                "rest": [
                  {
                    "_tag": "Arrays",
                    "checks": [],
                    "elements": [
                      {
                        "isOptional": false,
                        "type": { "_tag": "String", "checks": [] },
                      },
                      {
                        "isOptional": false,
                        "type": { "_tag": "Reference", "$ref": "Json" },
                      },
                    ],
                    "rest": [],
                  },
                ],
              },
              "isOptional": false,
              "isMutable": false,
            },
          ],
          "indexSignatures": [],
        },
      ],
      "mode": "anyOf",
    },
    "UInt64": {
      "_tag": "Number",
      "annotations": { "identifier": "UInt64" },
      "checks": [
        {
          "_tag": "Filter",
          "representation": { "id": "effect/schema/isInt", "payload": null },
          "aborted": false,
        },
      ],
    },
    "Json": {
      "_tag": "Union",
      "annotations": { "identifier": "Json" },
      "checks": [],
      "types": [
        {
          "_tag": "Objects",
          "checks": [],
          "propertySignatures": [
            {
              "name": { "type": "string", "value": "_tag" },
              "type": {
                "_tag": "Literal",
                "checks": [],
                "literal": { "type": "string", "value": "null" },
              },
              "isOptional": false,
              "isMutable": false,
            },
          ],
          "indexSignatures": [],
        },
        {
          "_tag": "Objects",
          "checks": [],
          "propertySignatures": [
            {
              "name": { "type": "string", "value": "_tag" },
              "type": {
                "_tag": "Literal",
                "checks": [],
                "literal": { "type": "string", "value": "bool" },
              },
              "isOptional": false,
              "isMutable": false,
            },
            {
              "name": { "type": "string", "value": "value" },
              "type": { "_tag": "Boolean", "checks": [] },
              "isOptional": false,
              "isMutable": false,
            },
          ],
          "indexSignatures": [],
        },
        {
          "_tag": "Objects",
          "checks": [],
          "propertySignatures": [
            {
              "name": { "type": "string", "value": "_tag" },
              "type": {
                "_tag": "Literal",
                "checks": [],
                "literal": { "type": "string", "value": "number" },
              },
              "isOptional": false,
              "isMutable": false,
            },
            {
              "name": { "type": "string", "value": "value" },
              "type": {
                "_tag": "Objects",
                "annotations": { "identifier": "Float64" },
                "checks": [],
                "propertySignatures": [
                  {
                    "name": { "type": "string", "value": "bits" },
                    "type": { "_tag": "Reference", "$ref": "UInt64" },
                    "isOptional": false,
                    "isMutable": false,
                  },
                ],
                "indexSignatures": [],
              },
              "isOptional": false,
              "isMutable": false,
            },
          ],
          "indexSignatures": [],
        },
        {
          "_tag": "Objects",
          "checks": [],
          "propertySignatures": [
            {
              "name": { "type": "string", "value": "_tag" },
              "type": {
                "_tag": "Literal",
                "checks": [],
                "literal": { "type": "string", "value": "str" },
              },
              "isOptional": false,
              "isMutable": false,
            },
            {
              "name": { "type": "string", "value": "value" },
              "type": { "_tag": "String", "checks": [] },
              "isOptional": false,
              "isMutable": false,
            },
          ],
          "indexSignatures": [],
        },
        {
          "_tag": "Objects",
          "checks": [],
          "propertySignatures": [
            {
              "name": { "type": "string", "value": "_tag" },
              "type": {
                "_tag": "Literal",
                "checks": [],
                "literal": { "type": "string", "value": "arr" },
              },
              "isOptional": false,
              "isMutable": false,
            },
            {
              "name": { "type": "string", "value": "elements" },
              "type": {
                "_tag": "Arrays",
                "checks": [],
                "elements": [],
                "rest": [{ "_tag": "Reference", "$ref": "Json" }],
              },
              "isOptional": false,
              "isMutable": false,
            },
          ],
          "indexSignatures": [],
        },
        {
          "_tag": "Objects",
          "checks": [],
          "propertySignatures": [
            {
              "name": { "type": "string", "value": "_tag" },
              "type": {
                "_tag": "Literal",
                "checks": [],
                "literal": { "type": "string", "value": "obj" },
              },
              "isOptional": false,
              "isMutable": false,
            },
            {
              "name": { "type": "string", "value": "entries" },
              "type": {
                "_tag": "Arrays",
                "checks": [],
                "elements": [],
                "rest": [
                  {
                    "_tag": "Arrays",
                    "checks": [],
                    "elements": [
                      {
                        "isOptional": false,
                        "type": { "_tag": "String", "checks": [] },
                      },
                      {
                        "isOptional": false,
                        "type": { "_tag": "Reference", "$ref": "Json" },
                      },
                    ],
                    "rest": [],
                  },
                ],
              },
              "isOptional": false,
              "isMutable": false,
            },
          ],
          "indexSignatures": [],
        },
      ],
      "mode": "anyOf",
    },
    "UInt64": {
      "_tag": "Number",
      "annotations": { "identifier": "UInt64" },
      "checks": [
        {
          "_tag": "Filter",
          "representation": { "id": "effect/schema/isInt", "payload": null },
          "aborted": false,
        },
      ],
    },
    "UInt64": {
      "_tag": "Number",
      "annotations": { "identifier": "UInt64" },
      "checks": [
        {
          "_tag": "Filter",
          "representation": { "id": "effect/schema/isInt", "payload": null },
          "aborted": false,
        },
      ],
    },
    "UInt64": {
      "_tag": "Number",
      "annotations": { "identifier": "UInt64" },
      "checks": [
        {
          "_tag": "Filter",
          "representation": { "id": "effect/schema/isInt", "payload": null },
          "aborted": false,
        },
      ],
    },
    "Json": {
      "_tag": "Union",
      "annotations": { "identifier": "Json" },
      "checks": [],
      "types": [
        {
          "_tag": "Objects",
          "checks": [],
          "propertySignatures": [
            {
              "name": { "type": "string", "value": "_tag" },
              "type": {
                "_tag": "Literal",
                "checks": [],
                "literal": { "type": "string", "value": "null" },
              },
              "isOptional": false,
              "isMutable": false,
            },
          ],
          "indexSignatures": [],
        },
        {
          "_tag": "Objects",
          "checks": [],
          "propertySignatures": [
            {
              "name": { "type": "string", "value": "_tag" },
              "type": {
                "_tag": "Literal",
                "checks": [],
                "literal": { "type": "string", "value": "bool" },
              },
              "isOptional": false,
              "isMutable": false,
            },
            {
              "name": { "type": "string", "value": "value" },
              "type": { "_tag": "Boolean", "checks": [] },
              "isOptional": false,
              "isMutable": false,
            },
          ],
          "indexSignatures": [],
        },
        {
          "_tag": "Objects",
          "checks": [],
          "propertySignatures": [
            {
              "name": { "type": "string", "value": "_tag" },
              "type": {
                "_tag": "Literal",
                "checks": [],
                "literal": { "type": "string", "value": "number" },
              },
              "isOptional": false,
              "isMutable": false,
            },
            {
              "name": { "type": "string", "value": "value" },
              "type": {
                "_tag": "Objects",
                "annotations": { "identifier": "Float64" },
                "checks": [],
                "propertySignatures": [
                  {
                    "name": { "type": "string", "value": "bits" },
                    "type": { "_tag": "Reference", "$ref": "UInt64" },
                    "isOptional": false,
                    "isMutable": false,
                  },
                ],
                "indexSignatures": [],
              },
              "isOptional": false,
              "isMutable": false,
            },
          ],
          "indexSignatures": [],
        },
        {
          "_tag": "Objects",
          "checks": [],
          "propertySignatures": [
            {
              "name": { "type": "string", "value": "_tag" },
              "type": {
                "_tag": "Literal",
                "checks": [],
                "literal": { "type": "string", "value": "str" },
              },
              "isOptional": false,
              "isMutable": false,
            },
            {
              "name": { "type": "string", "value": "value" },
              "type": { "_tag": "String", "checks": [] },
              "isOptional": false,
              "isMutable": false,
            },
          ],
          "indexSignatures": [],
        },
        {
          "_tag": "Objects",
          "checks": [],
          "propertySignatures": [
            {
              "name": { "type": "string", "value": "_tag" },
              "type": {
                "_tag": "Literal",
                "checks": [],
                "literal": { "type": "string", "value": "arr" },
              },
              "isOptional": false,
              "isMutable": false,
            },
            {
              "name": { "type": "string", "value": "elements" },
              "type": {
                "_tag": "Arrays",
                "checks": [],
                "elements": [],
                "rest": [{ "_tag": "Reference", "$ref": "Json" }],
              },
              "isOptional": false,
              "isMutable": false,
            },
          ],
          "indexSignatures": [],
        },
        {
          "_tag": "Objects",
          "checks": [],
          "propertySignatures": [
            {
              "name": { "type": "string", "value": "_tag" },
              "type": {
                "_tag": "Literal",
                "checks": [],
                "literal": { "type": "string", "value": "obj" },
              },
              "isOptional": false,
              "isMutable": false,
            },
            {
              "name": { "type": "string", "value": "entries" },
              "type": {
                "_tag": "Arrays",
                "checks": [],
                "elements": [],
                "rest": [
                  {
                    "_tag": "Arrays",
                    "checks": [],
                    "elements": [
                      {
                        "isOptional": false,
                        "type": { "_tag": "String", "checks": [] },
                      },
                      {
                        "isOptional": false,
                        "type": { "_tag": "Reference", "$ref": "Json" },
                      },
                    ],
                    "rest": [],
                  },
                ],
              },
              "isOptional": false,
              "isMutable": false,
            },
          ],
          "indexSignatures": [],
        },
      ],
      "mode": "anyOf",
    },
    "UInt64": {
      "_tag": "Number",
      "annotations": { "identifier": "UInt64" },
      "checks": [
        {
          "_tag": "Filter",
          "representation": { "id": "effect/schema/isInt", "payload": null },
          "aborted": false,
        },
      ],
    },
    "UInt64": {
      "_tag": "Number",
      "annotations": { "identifier": "UInt64" },
      "checks": [
        {
          "_tag": "Filter",
          "representation": { "id": "effect/schema/isInt", "payload": null },
          "aborted": false,
        },
      ],
    },
    "Representation": {
      "_tag": "Union",
      "annotations": { "identifier": "Representation" },
      "checks": [],
      "types": [
        {
          "_tag": "Objects",
          "checks": [],
          "propertySignatures": [
            {
              "name": { "type": "string", "value": "_tag" },
              "type": {
                "_tag": "Literal",
                "checks": [],
                "literal": { "type": "string", "value": "declaration" },
              },
              "isOptional": false,
              "isMutable": false,
            },
            {
              "name": { "type": "string", "value": "representation" },
              "type": {
                "_tag": "Objects",
                "annotations": { "identifier": "RepresentationAnnotation" },
                "checks": [],
                "propertySignatures": [
                  {
                    "name": { "type": "string", "value": "id" },
                    "type": { "_tag": "String", "checks": [] },
                    "isOptional": false,
                    "isMutable": false,
                  },
                  {
                    "name": { "type": "string", "value": "payload" },
                    "type": { "_tag": "Reference", "$ref": "Json" },
                    "isOptional": false,
                    "isMutable": false,
                  },
                ],
                "indexSignatures": [],
              },
              "isOptional": false,
              "isMutable": false,
            },
            {
              "name": { "type": "string", "value": "annotations" },
              "type": {
                "_tag": "Union",
                "checks": [],
                "types": [
                  {
                    "_tag": "Arrays",
                    "checks": [],
                    "elements": [],
                    "rest": [
                      {
                        "_tag": "Objects",
                        "annotations": { "identifier": "AnnotationEntry" },
                        "checks": [],
                        "propertySignatures": [
                          {
                            "name": { "type": "string", "value": "key" },
                            "type": { "_tag": "String", "checks": [] },
                            "isOptional": false,
                            "isMutable": false,
                          },
                          {
                            "name": { "type": "string", "value": "payload" },
                            "type": { "_tag": "Reference", "$ref": "Json" },
                            "isOptional": false,
                            "isMutable": false,
                          },
                        ],
                        "indexSignatures": [],
                      },
                    ],
                  },
                  { "_tag": "Null", "checks": [] },
                ],
                "mode": "anyOf",
              },
              "isOptional": false,
              "isMutable": false,
            },
            {
              "name": { "type": "string", "value": "typeParameters" },
              "type": {
                "_tag": "Arrays",
                "checks": [],
                "elements": [],
                "rest": [{ "_tag": "Reference", "$ref": "Representation" }],
              },
              "isOptional": false,
              "isMutable": false,
            },
            {
              "name": { "type": "string", "value": "checks" },
              "type": {
                "_tag": "Arrays",
                "checks": [],
                "elements": [],
                "rest": [{ "_tag": "Reference", "$ref": "Check" }],
              },
              "isOptional": false,
              "isMutable": false,
            },
          ],
          "indexSignatures": [],
        },
        {
          "_tag": "Objects",
          "checks": [],
          "propertySignatures": [
            {
              "name": { "type": "string", "value": "_tag" },
              "type": {
                "_tag": "Literal",
                "checks": [],
                "literal": { "type": "string", "value": "reference" },
              },
              "isOptional": false,
              "isMutable": false,
            },
            {
              "name": { "type": "string", "value": "ref" },
              "type": {
                "_tag": "Objects",
                "annotations": { "identifier": "ReferenceKey" },
                "checks": [],
                "propertySignatures": [
                  {
                    "name": { "type": "string", "value": "value" },
                    "type": { "_tag": "String", "checks": [] },
                    "isOptional": false,
                    "isMutable": false,
                  },
                ],
                "indexSignatures": [],
              },
              "isOptional": false,
              "isMutable": false,
            },
          ],
          "indexSignatures": [],
        },
        {
          "_tag": "Objects",
          "checks": [],
          "propertySignatures": [
            {
              "name": { "type": "string", "value": "_tag" },
              "type": {
                "_tag": "Literal",
                "checks": [],
                "literal": { "type": "string", "value": "suspend" },
              },
              "isOptional": false,
              "isMutable": false,
            },
            {
              "name": { "type": "string", "value": "annotations" },
              "type": {
                "_tag": "Union",
                "checks": [],
                "types": [
                  {
                    "_tag": "Arrays",
                    "checks": [],
                    "elements": [],
                    "rest": [
                      {
                        "_tag": "Objects",
                        "annotations": { "identifier": "AnnotationEntry" },
                        "checks": [],
                        "propertySignatures": [
                          {
                            "name": { "type": "string", "value": "key" },
                            "type": { "_tag": "String", "checks": [] },
                            "isOptional": false,
                            "isMutable": false,
                          },
                          {
                            "name": { "type": "string", "value": "payload" },
                            "type": { "_tag": "Reference", "$ref": "Json" },
                            "isOptional": false,
                            "isMutable": false,
                          },
                        ],
                        "indexSignatures": [],
                      },
                    ],
                  },
                  { "_tag": "Null", "checks": [] },
                ],
                "mode": "anyOf",
              },
              "isOptional": false,
              "isMutable": false,
            },
            {
              "name": { "type": "string", "value": "checks" },
              "type": {
                "_tag": "Arrays",
                "checks": [],
                "elements": [],
                "rest": [{ "_tag": "Reference", "$ref": "Check" }],
              },
              "isOptional": false,
              "isMutable": false,
            },
            {
              "name": { "type": "string", "value": "thunk" },
              "type": { "_tag": "Reference", "$ref": "Representation" },
              "isOptional": false,
              "isMutable": false,
            },
          ],
          "indexSignatures": [],
        },
        {
          "_tag": "Objects",
          "checks": [],
          "propertySignatures": [
            {
              "name": { "type": "string", "value": "_tag" },
              "type": {
                "_tag": "Literal",
                "checks": [],
                "literal": { "type": "string", "value": "null" },
              },
              "isOptional": false,
              "isMutable": false,
            },
            {
              "name": { "type": "string", "value": "annotations" },
              "type": {
                "_tag": "Union",
                "checks": [],
                "types": [
                  {
                    "_tag": "Arrays",
                    "checks": [],
                    "elements": [],
                    "rest": [
                      {
                        "_tag": "Objects",
                        "annotations": { "identifier": "AnnotationEntry" },
                        "checks": [],
                        "propertySignatures": [
                          {
                            "name": { "type": "string", "value": "key" },
                            "type": { "_tag": "String", "checks": [] },
                            "isOptional": false,
                            "isMutable": false,
                          },
                          {
                            "name": { "type": "string", "value": "payload" },
                            "type": { "_tag": "Reference", "$ref": "Json" },
                            "isOptional": false,
                            "isMutable": false,
                          },
                        ],
                        "indexSignatures": [],
                      },
                    ],
                  },
                  { "_tag": "Null", "checks": [] },
                ],
                "mode": "anyOf",
              },
              "isOptional": false,
              "isMutable": false,
            },
            {
              "name": { "type": "string", "value": "checks" },
              "type": {
                "_tag": "Arrays",
                "checks": [],
                "elements": [],
                "rest": [{ "_tag": "Reference", "$ref": "Check" }],
              },
              "isOptional": false,
              "isMutable": false,
            },
          ],
          "indexSignatures": [],
        },
        {
          "_tag": "Objects",
          "checks": [],
          "propertySignatures": [
            {
              "name": { "type": "string", "value": "_tag" },
              "type": {
                "_tag": "Literal",
                "checks": [],
                "literal": { "type": "string", "value": "undefined" },
              },
              "isOptional": false,
              "isMutable": false,
            },
            {
              "name": { "type": "string", "value": "annotations" },
              "type": {
                "_tag": "Union",
                "checks": [],
                "types": [
                  {
                    "_tag": "Arrays",
                    "checks": [],
                    "elements": [],
                    "rest": [
                      {
                        "_tag": "Objects",
                        "annotations": { "identifier": "AnnotationEntry" },
                        "checks": [],
                        "propertySignatures": [
                          {
                            "name": { "type": "string", "value": "key" },
                            "type": { "_tag": "String", "checks": [] },
                            "isOptional": false,
                            "isMutable": false,
                          },
                          {
                            "name": { "type": "string", "value": "payload" },
                            "type": { "_tag": "Reference", "$ref": "Json" },
                            "isOptional": false,
                            "isMutable": false,
                          },
                        ],
                        "indexSignatures": [],
                      },
                    ],
                  },
                  { "_tag": "Null", "checks": [] },
                ],
                "mode": "anyOf",
              },
              "isOptional": false,
              "isMutable": false,
            },
            {
              "name": { "type": "string", "value": "checks" },
              "type": {
                "_tag": "Arrays",
                "checks": [],
                "elements": [],
                "rest": [{ "_tag": "Reference", "$ref": "Check" }],
              },
              "isOptional": false,
              "isMutable": false,
            },
          ],
          "indexSignatures": [],
        },
        {
          "_tag": "Objects",
          "checks": [],
          "propertySignatures": [
            {
              "name": { "type": "string", "value": "_tag" },
              "type": {
                "_tag": "Literal",
                "checks": [],
                "literal": { "type": "string", "value": "void" },
              },
              "isOptional": false,
              "isMutable": false,
            },
            {
              "name": { "type": "string", "value": "annotations" },
              "type": {
                "_tag": "Union",
                "checks": [],
                "types": [
                  {
                    "_tag": "Arrays",
                    "checks": [],
                    "elements": [],
                    "rest": [
                      {
                        "_tag": "Objects",
                        "annotations": { "identifier": "AnnotationEntry" },
                        "checks": [],
                        "propertySignatures": [
                          {
                            "name": { "type": "string", "value": "key" },
                            "type": { "_tag": "String", "checks": [] },
                            "isOptional": false,
                            "isMutable": false,
                          },
                          {
                            "name": { "type": "string", "value": "payload" },
                            "type": { "_tag": "Reference", "$ref": "Json" },
                            "isOptional": false,
                            "isMutable": false,
                          },
                        ],
                        "indexSignatures": [],
                      },
                    ],
                  },
                  { "_tag": "Null", "checks": [] },
                ],
                "mode": "anyOf",
              },
              "isOptional": false,
              "isMutable": false,
            },
            {
              "name": { "type": "string", "value": "checks" },
              "type": {
                "_tag": "Arrays",
                "checks": [],
                "elements": [],
                "rest": [{ "_tag": "Reference", "$ref": "Check" }],
              },
              "isOptional": false,
              "isMutable": false,
            },
          ],
          "indexSignatures": [],
        },
        {
          "_tag": "Objects",
          "checks": [],
          "propertySignatures": [
            {
              "name": { "type": "string", "value": "_tag" },
              "type": {
                "_tag": "Literal",
                "checks": [],
                "literal": { "type": "string", "value": "never" },
              },
              "isOptional": false,
              "isMutable": false,
            },
            {
              "name": { "type": "string", "value": "annotations" },
              "type": {
                "_tag": "Union",
                "checks": [],
                "types": [
                  {
                    "_tag": "Arrays",
                    "checks": [],
                    "elements": [],
                    "rest": [
                      {
                        "_tag": "Objects",
                        "annotations": { "identifier": "AnnotationEntry" },
                        "checks": [],
                        "propertySignatures": [
                          {
                            "name": { "type": "string", "value": "key" },
                            "type": { "_tag": "String", "checks": [] },
                            "isOptional": false,
                            "isMutable": false,
                          },
                          {
                            "name": { "type": "string", "value": "payload" },
                            "type": { "_tag": "Reference", "$ref": "Json" },
                            "isOptional": false,
                            "isMutable": false,
                          },
                        ],
                        "indexSignatures": [],
                      },
                    ],
                  },
                  { "_tag": "Null", "checks": [] },
                ],
                "mode": "anyOf",
              },
              "isOptional": false,
              "isMutable": false,
            },
            {
              "name": { "type": "string", "value": "checks" },
              "type": {
                "_tag": "Arrays",
                "checks": [],
                "elements": [],
                "rest": [{ "_tag": "Reference", "$ref": "Check" }],
              },
              "isOptional": false,
              "isMutable": false,
            },
          ],
          "indexSignatures": [],
        },
        {
          "_tag": "Objects",
          "checks": [],
          "propertySignatures": [
            {
              "name": { "type": "string", "value": "_tag" },
              "type": {
                "_tag": "Literal",
                "checks": [],
                "literal": { "type": "string", "value": "unknown" },
              },
              "isOptional": false,
              "isMutable": false,
            },
            {
              "name": { "type": "string", "value": "annotations" },
              "type": {
                "_tag": "Union",
                "checks": [],
                "types": [
                  {
                    "_tag": "Arrays",
                    "checks": [],
                    "elements": [],
                    "rest": [
                      {
                        "_tag": "Objects",
                        "annotations": { "identifier": "AnnotationEntry" },
                        "checks": [],
                        "propertySignatures": [
                          {
                            "name": { "type": "string", "value": "key" },
                            "type": { "_tag": "String", "checks": [] },
                            "isOptional": false,
                            "isMutable": false,
                          },
                          {
                            "name": { "type": "string", "value": "payload" },
                            "type": { "_tag": "Reference", "$ref": "Json" },
                            "isOptional": false,
                            "isMutable": false,
                          },
                        ],
                        "indexSignatures": [],
                      },
                    ],
                  },
                  { "_tag": "Null", "checks": [] },
                ],
                "mode": "anyOf",
              },
              "isOptional": false,
              "isMutable": false,
            },
            {
              "name": { "type": "string", "value": "checks" },
              "type": {
                "_tag": "Arrays",
                "checks": [],
                "elements": [],
                "rest": [{ "_tag": "Reference", "$ref": "Check" }],
              },
              "isOptional": false,
              "isMutable": false,
            },
          ],
          "indexSignatures": [],
        },
        {
          "_tag": "Objects",
          "checks": [],
          "propertySignatures": [
            {
              "name": { "type": "string", "value": "_tag" },
              "type": {
                "_tag": "Literal",
                "checks": [],
                "literal": { "type": "string", "value": "any" },
              },
              "isOptional": false,
              "isMutable": false,
            },
            {
              "name": { "type": "string", "value": "annotations" },
              "type": {
                "_tag": "Union",
                "checks": [],
                "types": [
                  {
                    "_tag": "Arrays",
                    "checks": [],
                    "elements": [],
                    "rest": [
                      {
                        "_tag": "Objects",
                        "annotations": { "identifier": "AnnotationEntry" },
                        "checks": [],
                        "propertySignatures": [
                          {
                            "name": { "type": "string", "value": "key" },
                            "type": { "_tag": "String", "checks": [] },
                            "isOptional": false,
                            "isMutable": false,
                          },
                          {
                            "name": { "type": "string", "value": "payload" },
                            "type": { "_tag": "Reference", "$ref": "Json" },
                            "isOptional": false,
                            "isMutable": false,
                          },
                        ],
                        "indexSignatures": [],
                      },
                    ],
                  },
                  { "_tag": "Null", "checks": [] },
                ],
                "mode": "anyOf",
              },
              "isOptional": false,
              "isMutable": false,
            },
            {
              "name": { "type": "string", "value": "checks" },
              "type": {
                "_tag": "Arrays",
                "checks": [],
                "elements": [],
                "rest": [{ "_tag": "Reference", "$ref": "Check" }],
              },
              "isOptional": false,
              "isMutable": false,
            },
          ],
          "indexSignatures": [],
        },
        {
          "_tag": "Objects",
          "checks": [],
          "propertySignatures": [
            {
              "name": { "type": "string", "value": "_tag" },
              "type": {
                "_tag": "Literal",
                "checks": [],
                "literal": { "type": "string", "value": "string" },
              },
              "isOptional": false,
              "isMutable": false,
            },
            {
              "name": { "type": "string", "value": "annotations" },
              "type": {
                "_tag": "Union",
                "checks": [],
                "types": [
                  {
                    "_tag": "Arrays",
                    "checks": [],
                    "elements": [],
                    "rest": [
                      {
                        "_tag": "Objects",
                        "annotations": { "identifier": "AnnotationEntry" },
                        "checks": [],
                        "propertySignatures": [
                          {
                            "name": { "type": "string", "value": "key" },
                            "type": { "_tag": "String", "checks": [] },
                            "isOptional": false,
                            "isMutable": false,
                          },
                          {
                            "name": { "type": "string", "value": "payload" },
                            "type": { "_tag": "Reference", "$ref": "Json" },
                            "isOptional": false,
                            "isMutable": false,
                          },
                        ],
                        "indexSignatures": [],
                      },
                    ],
                  },
                  { "_tag": "Null", "checks": [] },
                ],
                "mode": "anyOf",
              },
              "isOptional": false,
              "isMutable": false,
            },
            {
              "name": { "type": "string", "value": "checks" },
              "type": {
                "_tag": "Arrays",
                "checks": [],
                "elements": [],
                "rest": [{ "_tag": "Reference", "$ref": "Check" }],
              },
              "isOptional": false,
              "isMutable": false,
            },
          ],
          "indexSignatures": [],
        },
        {
          "_tag": "Objects",
          "checks": [],
          "propertySignatures": [
            {
              "name": { "type": "string", "value": "_tag" },
              "type": {
                "_tag": "Literal",
                "checks": [],
                "literal": { "type": "string", "value": "number" },
              },
              "isOptional": false,
              "isMutable": false,
            },
            {
              "name": { "type": "string", "value": "annotations" },
              "type": {
                "_tag": "Union",
                "checks": [],
                "types": [
                  {
                    "_tag": "Arrays",
                    "checks": [],
                    "elements": [],
                    "rest": [
                      {
                        "_tag": "Objects",
                        "annotations": { "identifier": "AnnotationEntry" },
                        "checks": [],
                        "propertySignatures": [
                          {
                            "name": { "type": "string", "value": "key" },
                            "type": { "_tag": "String", "checks": [] },
                            "isOptional": false,
                            "isMutable": false,
                          },
                          {
                            "name": { "type": "string", "value": "payload" },
                            "type": { "_tag": "Reference", "$ref": "Json" },
                            "isOptional": false,
                            "isMutable": false,
                          },
                        ],
                        "indexSignatures": [],
                      },
                    ],
                  },
                  { "_tag": "Null", "checks": [] },
                ],
                "mode": "anyOf",
              },
              "isOptional": false,
              "isMutable": false,
            },
            {
              "name": { "type": "string", "value": "checks" },
              "type": {
                "_tag": "Arrays",
                "checks": [],
                "elements": [],
                "rest": [{ "_tag": "Reference", "$ref": "Check" }],
              },
              "isOptional": false,
              "isMutable": false,
            },
          ],
          "indexSignatures": [],
        },
        {
          "_tag": "Objects",
          "checks": [],
          "propertySignatures": [
            {
              "name": { "type": "string", "value": "_tag" },
              "type": {
                "_tag": "Literal",
                "checks": [],
                "literal": { "type": "string", "value": "boolean" },
              },
              "isOptional": false,
              "isMutable": false,
            },
            {
              "name": { "type": "string", "value": "annotations" },
              "type": {
                "_tag": "Union",
                "checks": [],
                "types": [
                  {
                    "_tag": "Arrays",
                    "checks": [],
                    "elements": [],
                    "rest": [
                      {
                        "_tag": "Objects",
                        "annotations": { "identifier": "AnnotationEntry" },
                        "checks": [],
                        "propertySignatures": [
                          {
                            "name": { "type": "string", "value": "key" },
                            "type": { "_tag": "String", "checks": [] },
                            "isOptional": false,
                            "isMutable": false,
                          },
                          {
                            "name": { "type": "string", "value": "payload" },
                            "type": { "_tag": "Reference", "$ref": "Json" },
                            "isOptional": false,
                            "isMutable": false,
                          },
                        ],
                        "indexSignatures": [],
                      },
                    ],
                  },
                  { "_tag": "Null", "checks": [] },
                ],
                "mode": "anyOf",
              },
              "isOptional": false,
              "isMutable": false,
            },
            {
              "name": { "type": "string", "value": "checks" },
              "type": {
                "_tag": "Arrays",
                "checks": [],
                "elements": [],
                "rest": [{ "_tag": "Reference", "$ref": "Check" }],
              },
              "isOptional": false,
              "isMutable": false,
            },
          ],
          "indexSignatures": [],
        },
        {
          "_tag": "Objects",
          "checks": [],
          "propertySignatures": [
            {
              "name": { "type": "string", "value": "_tag" },
              "type": {
                "_tag": "Literal",
                "checks": [],
                "literal": { "type": "string", "value": "bigint" },
              },
              "isOptional": false,
              "isMutable": false,
            },
            {
              "name": { "type": "string", "value": "annotations" },
              "type": {
                "_tag": "Union",
                "checks": [],
                "types": [
                  {
                    "_tag": "Arrays",
                    "checks": [],
                    "elements": [],
                    "rest": [
                      {
                        "_tag": "Objects",
                        "annotations": { "identifier": "AnnotationEntry" },
                        "checks": [],
                        "propertySignatures": [
                          {
                            "name": { "type": "string", "value": "key" },
                            "type": { "_tag": "String", "checks": [] },
                            "isOptional": false,
                            "isMutable": false,
                          },
                          {
                            "name": { "type": "string", "value": "payload" },
                            "type": { "_tag": "Reference", "$ref": "Json" },
                            "isOptional": false,
                            "isMutable": false,
                          },
                        ],
                        "indexSignatures": [],
                      },
                    ],
                  },
                  { "_tag": "Null", "checks": [] },
                ],
                "mode": "anyOf",
              },
              "isOptional": false,
              "isMutable": false,
            },
            {
              "name": { "type": "string", "value": "checks" },
              "type": {
                "_tag": "Arrays",
                "checks": [],
                "elements": [],
                "rest": [{ "_tag": "Reference", "$ref": "Check" }],
              },
              "isOptional": false,
              "isMutable": false,
            },
          ],
          "indexSignatures": [],
        },
        {
          "_tag": "Objects",
          "checks": [],
          "propertySignatures": [
            {
              "name": { "type": "string", "value": "_tag" },
              "type": {
                "_tag": "Literal",
                "checks": [],
                "literal": { "type": "string", "value": "symbol" },
              },
              "isOptional": false,
              "isMutable": false,
            },
            {
              "name": { "type": "string", "value": "annotations" },
              "type": {
                "_tag": "Union",
                "checks": [],
                "types": [
                  {
                    "_tag": "Arrays",
                    "checks": [],
                    "elements": [],
                    "rest": [
                      {
                        "_tag": "Objects",
                        "annotations": { "identifier": "AnnotationEntry" },
                        "checks": [],
                        "propertySignatures": [
                          {
                            "name": { "type": "string", "value": "key" },
                            "type": { "_tag": "String", "checks": [] },
                            "isOptional": false,
                            "isMutable": false,
                          },
                          {
                            "name": { "type": "string", "value": "payload" },
                            "type": { "_tag": "Reference", "$ref": "Json" },
                            "isOptional": false,
                            "isMutable": false,
                          },
                        ],
                        "indexSignatures": [],
                      },
                    ],
                  },
                  { "_tag": "Null", "checks": [] },
                ],
                "mode": "anyOf",
              },
              "isOptional": false,
              "isMutable": false,
            },
            {
              "name": { "type": "string", "value": "checks" },
              "type": {
                "_tag": "Arrays",
                "checks": [],
                "elements": [],
                "rest": [{ "_tag": "Reference", "$ref": "Check" }],
              },
              "isOptional": false,
              "isMutable": false,
            },
          ],
          "indexSignatures": [],
        },
        {
          "_tag": "Objects",
          "checks": [],
          "propertySignatures": [
            {
              "name": { "type": "string", "value": "_tag" },
              "type": {
                "_tag": "Literal",
                "checks": [],
                "literal": { "type": "string", "value": "literal" },
              },
              "isOptional": false,
              "isMutable": false,
            },
            {
              "name": { "type": "string", "value": "annotations" },
              "type": {
                "_tag": "Union",
                "checks": [],
                "types": [
                  {
                    "_tag": "Arrays",
                    "checks": [],
                    "elements": [],
                    "rest": [
                      {
                        "_tag": "Objects",
                        "annotations": { "identifier": "AnnotationEntry" },
                        "checks": [],
                        "propertySignatures": [
                          {
                            "name": { "type": "string", "value": "key" },
                            "type": { "_tag": "String", "checks": [] },
                            "isOptional": false,
                            "isMutable": false,
                          },
                          {
                            "name": { "type": "string", "value": "payload" },
                            "type": { "_tag": "Reference", "$ref": "Json" },
                            "isOptional": false,
                            "isMutable": false,
                          },
                        ],
                        "indexSignatures": [],
                      },
                    ],
                  },
                  { "_tag": "Null", "checks": [] },
                ],
                "mode": "anyOf",
              },
              "isOptional": false,
              "isMutable": false,
            },
            {
              "name": { "type": "string", "value": "checks" },
              "type": {
                "_tag": "Arrays",
                "checks": [],
                "elements": [],
                "rest": [{ "_tag": "Reference", "$ref": "Check" }],
              },
              "isOptional": false,
              "isMutable": false,
            },
            {
              "name": { "type": "string", "value": "literal" },
              "type": {
                "_tag": "Union",
                "annotations": { "identifier": "LiteralValue" },
                "checks": [],
                "types": [
                  {
                    "_tag": "Objects",
                    "checks": [],
                    "propertySignatures": [
                      {
                        "name": { "type": "string", "value": "_tag" },
                        "type": {
                          "_tag": "Literal",
                          "checks": [],
                          "literal": { "type": "string", "value": "string" },
                        },
                        "isOptional": false,
                        "isMutable": false,
                      },
                      {
                        "name": { "type": "string", "value": "value" },
                        "type": { "_tag": "String", "checks": [] },
                        "isOptional": false,
                        "isMutable": false,
                      },
                    ],
                    "indexSignatures": [],
                  },
                  {
                    "_tag": "Objects",
                    "checks": [],
                    "propertySignatures": [
                      {
                        "name": { "type": "string", "value": "_tag" },
                        "type": {
                          "_tag": "Literal",
                          "checks": [],
                          "literal": { "type": "string", "value": "number" },
                        },
                        "isOptional": false,
                        "isMutable": false,
                      },
                      {
                        "name": { "type": "string", "value": "value" },
                        "type": {
                          "_tag": "Objects",
                          "annotations": { "identifier": "Float64" },
                          "checks": [],
                          "propertySignatures": [
                            {
                              "name": { "type": "string", "value": "bits" },
                              "type": { "_tag": "Reference", "$ref": "UInt64" },
                              "isOptional": false,
                              "isMutable": false,
                            },
                          ],
                          "indexSignatures": [],
                        },
                        "isOptional": false,
                        "isMutable": false,
                      },
                    ],
                    "indexSignatures": [],
                  },
                  {
                    "_tag": "Objects",
                    "checks": [],
                    "propertySignatures": [
                      {
                        "name": { "type": "string", "value": "_tag" },
                        "type": {
                          "_tag": "Literal",
                          "checks": [],
                          "literal": { "type": "string", "value": "bigint" },
                        },
                        "isOptional": false,
                        "isMutable": false,
                      },
                      {
                        "name": { "type": "string", "value": "value" },
                        "type": {
                          "_tag": "Union",
                          "annotations": { "identifier": "Int" },
                          "checks": [],
                          "types": [
                            {
                              "_tag": "Objects",
                              "checks": [],
                              "propertySignatures": [
                                {
                                  "name": { "type": "string", "value": "_tag" },
                                  "type": {
                                    "_tag": "Literal",
                                    "checks": [],
                                    "literal": { "type": "string", "value": "ofNat" },
                                  },
                                  "isOptional": false,
                                  "isMutable": false,
                                },
                                {
                                  "name": { "type": "string", "value": "n" },
                                  "type": {
                                    "_tag": "Number",
                                    "checks": [
                                      {
                                        "_tag": "Filter",
                                        "representation": { "id": "effect/schema/isInt", "payload": null },
                                        "aborted": false,
                                      },
                                    ],
                                  },
                                  "isOptional": false,
                                  "isMutable": false,
                                },
                              ],
                              "indexSignatures": [],
                            },
                            {
                              "_tag": "Objects",
                              "checks": [],
                              "propertySignatures": [
                                {
                                  "name": { "type": "string", "value": "_tag" },
                                  "type": {
                                    "_tag": "Literal",
                                    "checks": [],
                                    "literal": { "type": "string", "value": "negSucc" },
                                  },
                                  "isOptional": false,
                                  "isMutable": false,
                                },
                                {
                                  "name": { "type": "string", "value": "n" },
                                  "type": {
                                    "_tag": "Number",
                                    "checks": [
                                      {
                                        "_tag": "Filter",
                                        "representation": { "id": "effect/schema/isInt", "payload": null },
                                        "aborted": false,
                                      },
                                    ],
                                  },
                                  "isOptional": false,
                                  "isMutable": false,
                                },
                              ],
                              "indexSignatures": [],
                            },
                          ],
                          "mode": "anyOf",
                        },
                        "isOptional": false,
                        "isMutable": false,
                      },
                    ],
                    "indexSignatures": [],
                  },
                  {
                    "_tag": "Objects",
                    "checks": [],
                    "propertySignatures": [
                      {
                        "name": { "type": "string", "value": "_tag" },
                        "type": {
                          "_tag": "Literal",
                          "checks": [],
                          "literal": { "type": "string", "value": "boolean" },
                        },
                        "isOptional": false,
                        "isMutable": false,
                      },
                      {
                        "name": { "type": "string", "value": "value" },
                        "type": { "_tag": "Boolean", "checks": [] },
                        "isOptional": false,
                        "isMutable": false,
                      },
                    ],
                    "indexSignatures": [],
                  },
                ],
                "mode": "anyOf",
              },
              "isOptional": false,
              "isMutable": false,
            },
          ],
          "indexSignatures": [],
        },
        {
          "_tag": "Objects",
          "checks": [],
          "propertySignatures": [
            {
              "name": { "type": "string", "value": "_tag" },
              "type": {
                "_tag": "Literal",
                "checks": [],
                "literal": { "type": "string", "value": "uniqueSymbol" },
              },
              "isOptional": false,
              "isMutable": false,
            },
            {
              "name": { "type": "string", "value": "annotations" },
              "type": {
                "_tag": "Union",
                "checks": [],
                "types": [
                  {
                    "_tag": "Arrays",
                    "checks": [],
                    "elements": [],
                    "rest": [
                      {
                        "_tag": "Objects",
                        "annotations": { "identifier": "AnnotationEntry" },
                        "checks": [],
                        "propertySignatures": [
                          {
                            "name": { "type": "string", "value": "key" },
                            "type": { "_tag": "String", "checks": [] },
                            "isOptional": false,
                            "isMutable": false,
                          },
                          {
                            "name": { "type": "string", "value": "payload" },
                            "type": { "_tag": "Reference", "$ref": "Json" },
                            "isOptional": false,
                            "isMutable": false,
                          },
                        ],
                        "indexSignatures": [],
                      },
                    ],
                  },
                  { "_tag": "Null", "checks": [] },
                ],
                "mode": "anyOf",
              },
              "isOptional": false,
              "isMutable": false,
            },
            {
              "name": { "type": "string", "value": "checks" },
              "type": {
                "_tag": "Arrays",
                "checks": [],
                "elements": [],
                "rest": [{ "_tag": "Reference", "$ref": "Check" }],
              },
              "isOptional": false,
              "isMutable": false,
            },
            {
              "name": { "type": "string", "value": "symbol" },
              "type": {
                "_tag": "Objects",
                "annotations": { "identifier": "GlobalSymbolKey" },
                "checks": [],
                "propertySignatures": [
                  {
                    "name": { "type": "string", "value": "key" },
                    "type": { "_tag": "String", "checks": [] },
                    "isOptional": false,
                    "isMutable": false,
                  },
                ],
                "indexSignatures": [],
              },
              "isOptional": false,
              "isMutable": false,
            },
          ],
          "indexSignatures": [],
        },
        {
          "_tag": "Objects",
          "checks": [],
          "propertySignatures": [
            {
              "name": { "type": "string", "value": "_tag" },
              "type": {
                "_tag": "Literal",
                "checks": [],
                "literal": { "type": "string", "value": "objectKeyword" },
              },
              "isOptional": false,
              "isMutable": false,
            },
            {
              "name": { "type": "string", "value": "annotations" },
              "type": {
                "_tag": "Union",
                "checks": [],
                "types": [
                  {
                    "_tag": "Arrays",
                    "checks": [],
                    "elements": [],
                    "rest": [
                      {
                        "_tag": "Objects",
                        "annotations": { "identifier": "AnnotationEntry" },
                        "checks": [],
                        "propertySignatures": [
                          {
                            "name": { "type": "string", "value": "key" },
                            "type": { "_tag": "String", "checks": [] },
                            "isOptional": false,
                            "isMutable": false,
                          },
                          {
                            "name": { "type": "string", "value": "payload" },
                            "type": { "_tag": "Reference", "$ref": "Json" },
                            "isOptional": false,
                            "isMutable": false,
                          },
                        ],
                        "indexSignatures": [],
                      },
                    ],
                  },
                  { "_tag": "Null", "checks": [] },
                ],
                "mode": "anyOf",
              },
              "isOptional": false,
              "isMutable": false,
            },
            {
              "name": { "type": "string", "value": "checks" },
              "type": {
                "_tag": "Arrays",
                "checks": [],
                "elements": [],
                "rest": [{ "_tag": "Reference", "$ref": "Check" }],
              },
              "isOptional": false,
              "isMutable": false,
            },
          ],
          "indexSignatures": [],
        },
        {
          "_tag": "Objects",
          "checks": [],
          "propertySignatures": [
            {
              "name": { "type": "string", "value": "_tag" },
              "type": {
                "_tag": "Literal",
                "checks": [],
                "literal": { "type": "string", "value": "enum" },
              },
              "isOptional": false,
              "isMutable": false,
            },
            {
              "name": { "type": "string", "value": "annotations" },
              "type": {
                "_tag": "Union",
                "checks": [],
                "types": [
                  {
                    "_tag": "Arrays",
                    "checks": [],
                    "elements": [],
                    "rest": [
                      {
                        "_tag": "Objects",
                        "annotations": { "identifier": "AnnotationEntry" },
                        "checks": [],
                        "propertySignatures": [
                          {
                            "name": { "type": "string", "value": "key" },
                            "type": { "_tag": "String", "checks": [] },
                            "isOptional": false,
                            "isMutable": false,
                          },
                          {
                            "name": { "type": "string", "value": "payload" },
                            "type": { "_tag": "Reference", "$ref": "Json" },
                            "isOptional": false,
                            "isMutable": false,
                          },
                        ],
                        "indexSignatures": [],
                      },
                    ],
                  },
                  { "_tag": "Null", "checks": [] },
                ],
                "mode": "anyOf",
              },
              "isOptional": false,
              "isMutable": false,
            },
            {
              "name": { "type": "string", "value": "checks" },
              "type": {
                "_tag": "Arrays",
                "checks": [],
                "elements": [],
                "rest": [{ "_tag": "Reference", "$ref": "Check" }],
              },
              "isOptional": false,
              "isMutable": false,
            },
            {
              "name": { "type": "string", "value": "enums" },
              "type": {
                "_tag": "Arrays",
                "checks": [],
                "elements": [],
                "rest": [
                  {
                    "_tag": "Objects",
                    "annotations": { "identifier": "EnumEntry" },
                    "checks": [],
                    "propertySignatures": [
                      {
                        "name": { "type": "string", "value": "name" },
                        "type": { "_tag": "String", "checks": [] },
                        "isOptional": false,
                        "isMutable": false,
                      },
                      {
                        "name": { "type": "string", "value": "value" },
                        "type": {
                          "_tag": "Union",
                          "annotations": { "identifier": "EnumValue" },
                          "checks": [],
                          "types": [
                            {
                              "_tag": "Objects",
                              "checks": [],
                              "propertySignatures": [
                                {
                                  "name": { "type": "string", "value": "_tag" },
                                  "type": {
                                    "_tag": "Literal",
                                    "checks": [],
                                    "literal": { "type": "string", "value": "string" },
                                  },
                                  "isOptional": false,
                                  "isMutable": false,
                                },
                                {
                                  "name": { "type": "string", "value": "value" },
                                  "type": { "_tag": "String", "checks": [] },
                                  "isOptional": false,
                                  "isMutable": false,
                                },
                              ],
                              "indexSignatures": [],
                            },
                            {
                              "_tag": "Objects",
                              "checks": [],
                              "propertySignatures": [
                                {
                                  "name": { "type": "string", "value": "_tag" },
                                  "type": {
                                    "_tag": "Literal",
                                    "checks": [],
                                    "literal": { "type": "string", "value": "number" },
                                  },
                                  "isOptional": false,
                                  "isMutable": false,
                                },
                                {
                                  "name": { "type": "string", "value": "value" },
                                  "type": {
                                    "_tag": "Objects",
                                    "annotations": { "identifier": "Float64" },
                                    "checks": [],
                                    "propertySignatures": [
                                      {
                                        "name": { "type": "string", "value": "bits" },
                                        "type": { "_tag": "Reference", "$ref": "UInt64" },
                                        "isOptional": false,
                                        "isMutable": false,
                                      },
                                    ],
                                    "indexSignatures": [],
                                  },
                                  "isOptional": false,
                                  "isMutable": false,
                                },
                              ],
                              "indexSignatures": [],
                            },
                          ],
                          "mode": "anyOf",
                        },
                        "isOptional": false,
                        "isMutable": false,
                      },
                    ],
                    "indexSignatures": [],
                  },
                ],
              },
              "isOptional": false,
              "isMutable": false,
            },
          ],
          "indexSignatures": [],
        },
        {
          "_tag": "Objects",
          "checks": [],
          "propertySignatures": [
            {
              "name": { "type": "string", "value": "_tag" },
              "type": {
                "_tag": "Literal",
                "checks": [],
                "literal": { "type": "string", "value": "templateLiteral" },
              },
              "isOptional": false,
              "isMutable": false,
            },
            {
              "name": { "type": "string", "value": "annotations" },
              "type": {
                "_tag": "Union",
                "checks": [],
                "types": [
                  {
                    "_tag": "Arrays",
                    "checks": [],
                    "elements": [],
                    "rest": [
                      {
                        "_tag": "Objects",
                        "annotations": { "identifier": "AnnotationEntry" },
                        "checks": [],
                        "propertySignatures": [
                          {
                            "name": { "type": "string", "value": "key" },
                            "type": { "_tag": "String", "checks": [] },
                            "isOptional": false,
                            "isMutable": false,
                          },
                          {
                            "name": { "type": "string", "value": "payload" },
                            "type": { "_tag": "Reference", "$ref": "Json" },
                            "isOptional": false,
                            "isMutable": false,
                          },
                        ],
                        "indexSignatures": [],
                      },
                    ],
                  },
                  { "_tag": "Null", "checks": [] },
                ],
                "mode": "anyOf",
              },
              "isOptional": false,
              "isMutable": false,
            },
            {
              "name": { "type": "string", "value": "checks" },
              "type": {
                "_tag": "Arrays",
                "checks": [],
                "elements": [],
                "rest": [{ "_tag": "Reference", "$ref": "Check" }],
              },
              "isOptional": false,
              "isMutable": false,
            },
            {
              "name": { "type": "string", "value": "parts" },
              "type": {
                "_tag": "Arrays",
                "checks": [],
                "elements": [],
                "rest": [{ "_tag": "Reference", "$ref": "Representation" }],
              },
              "isOptional": false,
              "isMutable": false,
            },
          ],
          "indexSignatures": [],
        },
        {
          "_tag": "Objects",
          "checks": [],
          "propertySignatures": [
            {
              "name": { "type": "string", "value": "_tag" },
              "type": {
                "_tag": "Literal",
                "checks": [],
                "literal": { "type": "string", "value": "arrays" },
              },
              "isOptional": false,
              "isMutable": false,
            },
            {
              "name": { "type": "string", "value": "annotations" },
              "type": {
                "_tag": "Union",
                "checks": [],
                "types": [
                  {
                    "_tag": "Arrays",
                    "checks": [],
                    "elements": [],
                    "rest": [
                      {
                        "_tag": "Objects",
                        "annotations": { "identifier": "AnnotationEntry" },
                        "checks": [],
                        "propertySignatures": [
                          {
                            "name": { "type": "string", "value": "key" },
                            "type": { "_tag": "String", "checks": [] },
                            "isOptional": false,
                            "isMutable": false,
                          },
                          {
                            "name": { "type": "string", "value": "payload" },
                            "type": { "_tag": "Reference", "$ref": "Json" },
                            "isOptional": false,
                            "isMutable": false,
                          },
                        ],
                        "indexSignatures": [],
                      },
                    ],
                  },
                  { "_tag": "Null", "checks": [] },
                ],
                "mode": "anyOf",
              },
              "isOptional": false,
              "isMutable": false,
            },
            {
              "name": { "type": "string", "value": "checks" },
              "type": {
                "_tag": "Arrays",
                "checks": [],
                "elements": [],
                "rest": [{ "_tag": "Reference", "$ref": "Check" }],
              },
              "isOptional": false,
              "isMutable": false,
            },
            {
              "name": { "type": "string", "value": "elements" },
              "type": {
                "_tag": "Arrays",
                "checks": [],
                "elements": [],
                "rest": [{ "_tag": "Reference", "$ref": "ElementOf" }],
              },
              "isOptional": false,
              "isMutable": false,
            },
            {
              "name": { "type": "string", "value": "rest" },
              "type": {
                "_tag": "Arrays",
                "checks": [],
                "elements": [],
                "rest": [{ "_tag": "Reference", "$ref": "Representation" }],
              },
              "isOptional": false,
              "isMutable": false,
            },
          ],
          "indexSignatures": [],
        },
        {
          "_tag": "Objects",
          "checks": [],
          "propertySignatures": [
            {
              "name": { "type": "string", "value": "_tag" },
              "type": {
                "_tag": "Literal",
                "checks": [],
                "literal": { "type": "string", "value": "objects" },
              },
              "isOptional": false,
              "isMutable": false,
            },
            {
              "name": { "type": "string", "value": "annotations" },
              "type": {
                "_tag": "Union",
                "checks": [],
                "types": [
                  {
                    "_tag": "Arrays",
                    "checks": [],
                    "elements": [],
                    "rest": [
                      {
                        "_tag": "Objects",
                        "annotations": { "identifier": "AnnotationEntry" },
                        "checks": [],
                        "propertySignatures": [
                          {
                            "name": { "type": "string", "value": "key" },
                            "type": { "_tag": "String", "checks": [] },
                            "isOptional": false,
                            "isMutable": false,
                          },
                          {
                            "name": { "type": "string", "value": "payload" },
                            "type": { "_tag": "Reference", "$ref": "Json" },
                            "isOptional": false,
                            "isMutable": false,
                          },
                        ],
                        "indexSignatures": [],
                      },
                    ],
                  },
                  { "_tag": "Null", "checks": [] },
                ],
                "mode": "anyOf",
              },
              "isOptional": false,
              "isMutable": false,
            },
            {
              "name": { "type": "string", "value": "checks" },
              "type": {
                "_tag": "Arrays",
                "checks": [],
                "elements": [],
                "rest": [{ "_tag": "Reference", "$ref": "Check" }],
              },
              "isOptional": false,
              "isMutable": false,
            },
            {
              "name": { "type": "string", "value": "propertySignatures" },
              "type": {
                "_tag": "Arrays",
                "checks": [],
                "elements": [],
                "rest": [{ "_tag": "Reference", "$ref": "PropertySignatureOf" }],
              },
              "isOptional": false,
              "isMutable": false,
            },
            {
              "name": { "type": "string", "value": "indexSignatures" },
              "type": {
                "_tag": "Arrays",
                "checks": [],
                "elements": [],
                "rest": [{ "_tag": "Reference", "$ref": "IndexSignatureOf" }],
              },
              "isOptional": false,
              "isMutable": false,
            },
          ],
          "indexSignatures": [],
        },
        {
          "_tag": "Objects",
          "checks": [],
          "propertySignatures": [
            {
              "name": { "type": "string", "value": "_tag" },
              "type": {
                "_tag": "Literal",
                "checks": [],
                "literal": { "type": "string", "value": "union" },
              },
              "isOptional": false,
              "isMutable": false,
            },
            {
              "name": { "type": "string", "value": "annotations" },
              "type": {
                "_tag": "Union",
                "checks": [],
                "types": [
                  {
                    "_tag": "Arrays",
                    "checks": [],
                    "elements": [],
                    "rest": [
                      {
                        "_tag": "Objects",
                        "annotations": { "identifier": "AnnotationEntry" },
                        "checks": [],
                        "propertySignatures": [
                          {
                            "name": { "type": "string", "value": "key" },
                            "type": { "_tag": "String", "checks": [] },
                            "isOptional": false,
                            "isMutable": false,
                          },
                          {
                            "name": { "type": "string", "value": "payload" },
                            "type": { "_tag": "Reference", "$ref": "Json" },
                            "isOptional": false,
                            "isMutable": false,
                          },
                        ],
                        "indexSignatures": [],
                      },
                    ],
                  },
                  { "_tag": "Null", "checks": [] },
                ],
                "mode": "anyOf",
              },
              "isOptional": false,
              "isMutable": false,
            },
            {
              "name": { "type": "string", "value": "checks" },
              "type": {
                "_tag": "Arrays",
                "checks": [],
                "elements": [],
                "rest": [{ "_tag": "Reference", "$ref": "Check" }],
              },
              "isOptional": false,
              "isMutable": false,
            },
            {
              "name": { "type": "string", "value": "types" },
              "type": {
                "_tag": "Arrays",
                "checks": [],
                "elements": [],
                "rest": [{ "_tag": "Reference", "$ref": "Representation" }],
              },
              "isOptional": false,
              "isMutable": false,
            },
            {
              "name": { "type": "string", "value": "mode" },
              "type": {
                "_tag": "Union",
                "annotations": { "identifier": "UnionMode" },
                "checks": [],
                "types": [
                  {
                    "_tag": "Literal",
                    "checks": [],
                    "literal": { "type": "string", "value": "anyOf" },
                  },
                  {
                    "_tag": "Literal",
                    "checks": [],
                    "literal": { "type": "string", "value": "oneOf" },
                  },
                ],
                "mode": "anyOf",
              },
              "isOptional": false,
              "isMutable": false,
            },
          ],
          "indexSignatures": [],
        },
      ],
      "mode": "anyOf",
    },
    "Check": {
      "_tag": "Union",
      "annotations": { "identifier": "Check" },
      "checks": [],
      "types": [
        {
          "_tag": "Objects",
          "checks": [],
          "propertySignatures": [
            {
              "name": { "type": "string", "value": "_tag" },
              "type": {
                "_tag": "Literal",
                "checks": [],
                "literal": { "type": "string", "value": "filter" },
              },
              "isOptional": false,
              "isMutable": false,
            },
            {
              "name": { "type": "string", "value": "representation" },
              "type": { "_tag": "Reference", "$ref": "CheckRepresentationAnnotationOf" },
              "isOptional": false,
              "isMutable": false,
            },
            {
              "name": { "type": "string", "value": "annotations" },
              "type": {
                "_tag": "Union",
                "checks": [],
                "types": [
                  {
                    "_tag": "Arrays",
                    "checks": [],
                    "elements": [],
                    "rest": [
                      {
                        "_tag": "Objects",
                        "annotations": { "identifier": "AnnotationEntry" },
                        "checks": [],
                        "propertySignatures": [
                          {
                            "name": { "type": "string", "value": "key" },
                            "type": { "_tag": "String", "checks": [] },
                            "isOptional": false,
                            "isMutable": false,
                          },
                          {
                            "name": { "type": "string", "value": "payload" },
                            "type": { "_tag": "Reference", "$ref": "Json" },
                            "isOptional": false,
                            "isMutable": false,
                          },
                        ],
                        "indexSignatures": [],
                      },
                    ],
                  },
                  { "_tag": "Null", "checks": [] },
                ],
                "mode": "anyOf",
              },
              "isOptional": false,
              "isMutable": false,
            },
            {
              "name": { "type": "string", "value": "aborted" },
              "type": { "_tag": "Boolean", "checks": [] },
              "isOptional": false,
              "isMutable": false,
            },
          ],
          "indexSignatures": [],
        },
        {
          "_tag": "Objects",
          "checks": [],
          "propertySignatures": [
            {
              "name": { "type": "string", "value": "_tag" },
              "type": {
                "_tag": "Literal",
                "checks": [],
                "literal": { "type": "string", "value": "filterGroup" },
              },
              "isOptional": false,
              "isMutable": false,
            },
            {
              "name": { "type": "string", "value": "representation" },
              "type": {
                "_tag": "Union",
                "checks": [],
                "types": [{ "_tag": "Reference", "$ref": "CheckRepresentationAnnotationOf" }, { "_tag": "Null", "checks": [] }],
                "mode": "anyOf",
              },
              "isOptional": false,
              "isMutable": false,
            },
            {
              "name": { "type": "string", "value": "annotations" },
              "type": {
                "_tag": "Union",
                "checks": [],
                "types": [
                  {
                    "_tag": "Arrays",
                    "checks": [],
                    "elements": [],
                    "rest": [
                      {
                        "_tag": "Objects",
                        "annotations": { "identifier": "AnnotationEntry" },
                        "checks": [],
                        "propertySignatures": [
                          {
                            "name": { "type": "string", "value": "key" },
                            "type": { "_tag": "String", "checks": [] },
                            "isOptional": false,
                            "isMutable": false,
                          },
                          {
                            "name": { "type": "string", "value": "payload" },
                            "type": { "_tag": "Reference", "$ref": "Json" },
                            "isOptional": false,
                            "isMutable": false,
                          },
                        ],
                        "indexSignatures": [],
                      },
                    ],
                  },
                  { "_tag": "Null", "checks": [] },
                ],
                "mode": "anyOf",
              },
              "isOptional": false,
              "isMutable": false,
            },
            {
              "name": { "type": "string", "value": "checks" },
              "type": {
                "_tag": "Arrays",
                "checks": [],
                "elements": [],
                "rest": [{ "_tag": "Reference", "$ref": "Check" }],
              },
              "isOptional": false,
              "isMutable": false,
            },
          ],
          "indexSignatures": [],
        },
      ],
      "mode": "anyOf",
    },
    "CheckRepresentationAnnotationOf": {
      "_tag": "Objects",
      "annotations": { "identifier": "CheckRepresentationAnnotationOf" },
      "checks": [],
      "propertySignatures": [
        {
          "name": { "type": "string", "value": "id" },
          "type": { "_tag": "String", "checks": [] },
          "isOptional": false,
          "isMutable": false,
        },
        {
          "name": { "type": "string", "value": "payload" },
          "type": { "_tag": "Reference", "$ref": "Json" },
          "isOptional": false,
          "isMutable": false,
        },
        {
          "name": { "type": "string", "value": "schemas" },
          "type": {
            "_tag": "Union",
            "checks": [],
            "types": [
              {
                "_tag": "Arrays",
                "checks": [],
                "elements": [],
                "rest": [{ "_tag": "Reference", "$ref": "Representation" }],
              },
              { "_tag": "Null", "checks": [] },
            ],
            "mode": "anyOf",
          },
          "isOptional": false,
          "isMutable": false,
        },
      ],
      "indexSignatures": [],
    },
    "ElementOf": {
      "_tag": "Objects",
      "annotations": { "identifier": "ElementOf" },
      "checks": [],
      "propertySignatures": [
        {
          "name": { "type": "string", "value": "isOptional" },
          "type": { "_tag": "Boolean", "checks": [] },
          "isOptional": false,
          "isMutable": false,
        },
        {
          "name": { "type": "string", "value": "type" },
          "type": { "_tag": "Reference", "$ref": "Representation" },
          "isOptional": false,
          "isMutable": false,
        },
        {
          "name": { "type": "string", "value": "annotations" },
          "type": {
            "_tag": "Union",
            "checks": [],
            "types": [
              {
                "_tag": "Arrays",
                "checks": [],
                "elements": [],
                "rest": [
                  {
                    "_tag": "Objects",
                    "annotations": { "identifier": "AnnotationEntry" },
                    "checks": [],
                    "propertySignatures": [
                      {
                        "name": { "type": "string", "value": "key" },
                        "type": { "_tag": "String", "checks": [] },
                        "isOptional": false,
                        "isMutable": false,
                      },
                      {
                        "name": { "type": "string", "value": "payload" },
                        "type": { "_tag": "Reference", "$ref": "Json" },
                        "isOptional": false,
                        "isMutable": false,
                      },
                    ],
                    "indexSignatures": [],
                  },
                ],
              },
              { "_tag": "Null", "checks": [] },
            ],
            "mode": "anyOf",
          },
          "isOptional": false,
          "isMutable": false,
        },
      ],
      "indexSignatures": [],
    },
    "PropertySignatureOf": {
      "_tag": "Objects",
      "annotations": { "identifier": "PropertySignatureOf" },
      "checks": [],
      "propertySignatures": [
        {
          "name": { "type": "string", "value": "name" },
          "type": {
            "_tag": "Union",
            "annotations": { "identifier": "PropertyKey" },
            "checks": [],
            "types": [
              {
                "_tag": "Objects",
                "checks": [],
                "propertySignatures": [
                  {
                    "name": { "type": "string", "value": "_tag" },
                    "type": {
                      "_tag": "Literal",
                      "checks": [],
                      "literal": { "type": "string", "value": "string" },
                    },
                    "isOptional": false,
                    "isMutable": false,
                  },
                  {
                    "name": { "type": "string", "value": "value" },
                    "type": { "_tag": "String", "checks": [] },
                    "isOptional": false,
                    "isMutable": false,
                  },
                ],
                "indexSignatures": [],
              },
              {
                "_tag": "Objects",
                "checks": [],
                "propertySignatures": [
                  {
                    "name": { "type": "string", "value": "_tag" },
                    "type": {
                      "_tag": "Literal",
                      "checks": [],
                      "literal": { "type": "string", "value": "number" },
                    },
                    "isOptional": false,
                    "isMutable": false,
                  },
                  {
                    "name": { "type": "string", "value": "value" },
                    "type": {
                      "_tag": "Objects",
                      "annotations": { "identifier": "Float64" },
                      "checks": [],
                      "propertySignatures": [
                        {
                          "name": { "type": "string", "value": "bits" },
                          "type": { "_tag": "Reference", "$ref": "UInt64" },
                          "isOptional": false,
                          "isMutable": false,
                        },
                      ],
                      "indexSignatures": [],
                    },
                    "isOptional": false,
                    "isMutable": false,
                  },
                ],
                "indexSignatures": [],
              },
              {
                "_tag": "Objects",
                "checks": [],
                "propertySignatures": [
                  {
                    "name": { "type": "string", "value": "_tag" },
                    "type": {
                      "_tag": "Literal",
                      "checks": [],
                      "literal": { "type": "string", "value": "globalSymbol" },
                    },
                    "isOptional": false,
                    "isMutable": false,
                  },
                  {
                    "name": { "type": "string", "value": "value" },
                    "type": {
                      "_tag": "Objects",
                      "annotations": { "identifier": "GlobalSymbolKey" },
                      "checks": [],
                      "propertySignatures": [
                        {
                          "name": { "type": "string", "value": "key" },
                          "type": { "_tag": "String", "checks": [] },
                          "isOptional": false,
                          "isMutable": false,
                        },
                      ],
                      "indexSignatures": [],
                    },
                    "isOptional": false,
                    "isMutable": false,
                  },
                ],
                "indexSignatures": [],
              },
            ],
            "mode": "anyOf",
          },
          "isOptional": false,
          "isMutable": false,
        },
        {
          "name": { "type": "string", "value": "type" },
          "type": { "_tag": "Reference", "$ref": "Representation" },
          "isOptional": false,
          "isMutable": false,
        },
        {
          "name": { "type": "string", "value": "isOptional" },
          "type": { "_tag": "Boolean", "checks": [] },
          "isOptional": false,
          "isMutable": false,
        },
        {
          "name": { "type": "string", "value": "isMutable" },
          "type": { "_tag": "Boolean", "checks": [] },
          "isOptional": false,
          "isMutable": false,
        },
        {
          "name": { "type": "string", "value": "annotations" },
          "type": {
            "_tag": "Union",
            "checks": [],
            "types": [
              {
                "_tag": "Arrays",
                "checks": [],
                "elements": [],
                "rest": [
                  {
                    "_tag": "Objects",
                    "annotations": { "identifier": "AnnotationEntry" },
                    "checks": [],
                    "propertySignatures": [
                      {
                        "name": { "type": "string", "value": "key" },
                        "type": { "_tag": "String", "checks": [] },
                        "isOptional": false,
                        "isMutable": false,
                      },
                      {
                        "name": { "type": "string", "value": "payload" },
                        "type": { "_tag": "Reference", "$ref": "Json" },
                        "isOptional": false,
                        "isMutable": false,
                      },
                    ],
                    "indexSignatures": [],
                  },
                ],
              },
              { "_tag": "Null", "checks": [] },
            ],
            "mode": "anyOf",
          },
          "isOptional": false,
          "isMutable": false,
        },
      ],
      "indexSignatures": [],
    },
    "IndexSignatureOf": {
      "_tag": "Objects",
      "annotations": { "identifier": "IndexSignatureOf" },
      "checks": [],
      "propertySignatures": [
        {
          "name": { "type": "string", "value": "parameter" },
          "type": { "_tag": "Reference", "$ref": "Representation" },
          "isOptional": false,
          "isMutable": false,
        },
        {
          "name": { "type": "string", "value": "type" },
          "type": { "_tag": "Reference", "$ref": "Representation" },
          "isOptional": false,
          "isMutable": false,
        },
      ],
      "indexSignatures": [],
    },
    "Json": {
      "_tag": "Union",
      "annotations": { "identifier": "Json" },
      "checks": [],
      "types": [
        {
          "_tag": "Objects",
          "checks": [],
          "propertySignatures": [
            {
              "name": { "type": "string", "value": "_tag" },
              "type": {
                "_tag": "Literal",
                "checks": [],
                "literal": { "type": "string", "value": "null" },
              },
              "isOptional": false,
              "isMutable": false,
            },
          ],
          "indexSignatures": [],
        },
        {
          "_tag": "Objects",
          "checks": [],
          "propertySignatures": [
            {
              "name": { "type": "string", "value": "_tag" },
              "type": {
                "_tag": "Literal",
                "checks": [],
                "literal": { "type": "string", "value": "bool" },
              },
              "isOptional": false,
              "isMutable": false,
            },
            {
              "name": { "type": "string", "value": "value" },
              "type": { "_tag": "Boolean", "checks": [] },
              "isOptional": false,
              "isMutable": false,
            },
          ],
          "indexSignatures": [],
        },
        {
          "_tag": "Objects",
          "checks": [],
          "propertySignatures": [
            {
              "name": { "type": "string", "value": "_tag" },
              "type": {
                "_tag": "Literal",
                "checks": [],
                "literal": { "type": "string", "value": "number" },
              },
              "isOptional": false,
              "isMutable": false,
            },
            {
              "name": { "type": "string", "value": "value" },
              "type": {
                "_tag": "Objects",
                "annotations": { "identifier": "Float64" },
                "checks": [],
                "propertySignatures": [
                  {
                    "name": { "type": "string", "value": "bits" },
                    "type": { "_tag": "Reference", "$ref": "UInt64" },
                    "isOptional": false,
                    "isMutable": false,
                  },
                ],
                "indexSignatures": [],
              },
              "isOptional": false,
              "isMutable": false,
            },
          ],
          "indexSignatures": [],
        },
        {
          "_tag": "Objects",
          "checks": [],
          "propertySignatures": [
            {
              "name": { "type": "string", "value": "_tag" },
              "type": {
                "_tag": "Literal",
                "checks": [],
                "literal": { "type": "string", "value": "str" },
              },
              "isOptional": false,
              "isMutable": false,
            },
            {
              "name": { "type": "string", "value": "value" },
              "type": { "_tag": "String", "checks": [] },
              "isOptional": false,
              "isMutable": false,
            },
          ],
          "indexSignatures": [],
        },
        {
          "_tag": "Objects",
          "checks": [],
          "propertySignatures": [
            {
              "name": { "type": "string", "value": "_tag" },
              "type": {
                "_tag": "Literal",
                "checks": [],
                "literal": { "type": "string", "value": "arr" },
              },
              "isOptional": false,
              "isMutable": false,
            },
            {
              "name": { "type": "string", "value": "elements" },
              "type": {
                "_tag": "Arrays",
                "checks": [],
                "elements": [],
                "rest": [{ "_tag": "Reference", "$ref": "Json" }],
              },
              "isOptional": false,
              "isMutable": false,
            },
          ],
          "indexSignatures": [],
        },
        {
          "_tag": "Objects",
          "checks": [],
          "propertySignatures": [
            {
              "name": { "type": "string", "value": "_tag" },
              "type": {
                "_tag": "Literal",
                "checks": [],
                "literal": { "type": "string", "value": "obj" },
              },
              "isOptional": false,
              "isMutable": false,
            },
            {
              "name": { "type": "string", "value": "entries" },
              "type": {
                "_tag": "Arrays",
                "checks": [],
                "elements": [],
                "rest": [
                  {
                    "_tag": "Arrays",
                    "checks": [],
                    "elements": [
                      {
                        "isOptional": false,
                        "type": { "_tag": "String", "checks": [] },
                      },
                      {
                        "isOptional": false,
                        "type": { "_tag": "Reference", "$ref": "Json" },
                      },
                    ],
                    "rest": [],
                  },
                ],
              },
              "isOptional": false,
              "isMutable": false,
            },
          ],
          "indexSignatures": [],
        },
      ],
      "mode": "anyOf",
    },
    "UInt64": {
      "_tag": "Number",
      "annotations": { "identifier": "UInt64" },
      "checks": [
        {
          "_tag": "Filter",
          "representation": { "id": "effect/schema/isInt", "payload": null },
          "aborted": false,
        },
      ],
    },
    "Json": {
      "_tag": "Union",
      "annotations": { "identifier": "Json" },
      "checks": [],
      "types": [
        {
          "_tag": "Objects",
          "checks": [],
          "propertySignatures": [
            {
              "name": { "type": "string", "value": "_tag" },
              "type": {
                "_tag": "Literal",
                "checks": [],
                "literal": { "type": "string", "value": "null" },
              },
              "isOptional": false,
              "isMutable": false,
            },
          ],
          "indexSignatures": [],
        },
        {
          "_tag": "Objects",
          "checks": [],
          "propertySignatures": [
            {
              "name": { "type": "string", "value": "_tag" },
              "type": {
                "_tag": "Literal",
                "checks": [],
                "literal": { "type": "string", "value": "bool" },
              },
              "isOptional": false,
              "isMutable": false,
            },
            {
              "name": { "type": "string", "value": "value" },
              "type": { "_tag": "Boolean", "checks": [] },
              "isOptional": false,
              "isMutable": false,
            },
          ],
          "indexSignatures": [],
        },
        {
          "_tag": "Objects",
          "checks": [],
          "propertySignatures": [
            {
              "name": { "type": "string", "value": "_tag" },
              "type": {
                "_tag": "Literal",
                "checks": [],
                "literal": { "type": "string", "value": "number" },
              },
              "isOptional": false,
              "isMutable": false,
            },
            {
              "name": { "type": "string", "value": "value" },
              "type": {
                "_tag": "Objects",
                "annotations": { "identifier": "Float64" },
                "checks": [],
                "propertySignatures": [
                  {
                    "name": { "type": "string", "value": "bits" },
                    "type": { "_tag": "Reference", "$ref": "UInt64" },
                    "isOptional": false,
                    "isMutable": false,
                  },
                ],
                "indexSignatures": [],
              },
              "isOptional": false,
              "isMutable": false,
            },
          ],
          "indexSignatures": [],
        },
        {
          "_tag": "Objects",
          "checks": [],
          "propertySignatures": [
            {
              "name": { "type": "string", "value": "_tag" },
              "type": {
                "_tag": "Literal",
                "checks": [],
                "literal": { "type": "string", "value": "str" },
              },
              "isOptional": false,
              "isMutable": false,
            },
            {
              "name": { "type": "string", "value": "value" },
              "type": { "_tag": "String", "checks": [] },
              "isOptional": false,
              "isMutable": false,
            },
          ],
          "indexSignatures": [],
        },
        {
          "_tag": "Objects",
          "checks": [],
          "propertySignatures": [
            {
              "name": { "type": "string", "value": "_tag" },
              "type": {
                "_tag": "Literal",
                "checks": [],
                "literal": { "type": "string", "value": "arr" },
              },
              "isOptional": false,
              "isMutable": false,
            },
            {
              "name": { "type": "string", "value": "elements" },
              "type": {
                "_tag": "Arrays",
                "checks": [],
                "elements": [],
                "rest": [{ "_tag": "Reference", "$ref": "Json" }],
              },
              "isOptional": false,
              "isMutable": false,
            },
          ],
          "indexSignatures": [],
        },
        {
          "_tag": "Objects",
          "checks": [],
          "propertySignatures": [
            {
              "name": { "type": "string", "value": "_tag" },
              "type": {
                "_tag": "Literal",
                "checks": [],
                "literal": { "type": "string", "value": "obj" },
              },
              "isOptional": false,
              "isMutable": false,
            },
            {
              "name": { "type": "string", "value": "entries" },
              "type": {
                "_tag": "Arrays",
                "checks": [],
                "elements": [],
                "rest": [
                  {
                    "_tag": "Arrays",
                    "checks": [],
                    "elements": [
                      {
                        "isOptional": false,
                        "type": { "_tag": "String", "checks": [] },
                      },
                      {
                        "isOptional": false,
                        "type": { "_tag": "Reference", "$ref": "Json" },
                      },
                    ],
                    "rest": [],
                  },
                ],
              },
              "isOptional": false,
              "isMutable": false,
            },
          ],
          "indexSignatures": [],
        },
      ],
      "mode": "anyOf",
    },
    "UInt64": {
      "_tag": "Number",
      "annotations": { "identifier": "UInt64" },
      "checks": [
        {
          "_tag": "Filter",
          "representation": { "id": "effect/schema/isInt", "payload": null },
          "aborted": false,
        },
      ],
    },
    "UInt64": {
      "_tag": "Number",
      "annotations": { "identifier": "UInt64" },
      "checks": [
        {
          "_tag": "Filter",
          "representation": { "id": "effect/schema/isInt", "payload": null },
          "aborted": false,
        },
      ],
    },
    "UInt64": {
      "_tag": "Number",
      "annotations": { "identifier": "UInt64" },
      "checks": [
        {
          "_tag": "Filter",
          "representation": { "id": "effect/schema/isInt", "payload": null },
          "aborted": false,
        },
      ],
    },
    "Json": {
      "_tag": "Union",
      "annotations": { "identifier": "Json" },
      "checks": [],
      "types": [
        {
          "_tag": "Objects",
          "checks": [],
          "propertySignatures": [
            {
              "name": { "type": "string", "value": "_tag" },
              "type": {
                "_tag": "Literal",
                "checks": [],
                "literal": { "type": "string", "value": "null" },
              },
              "isOptional": false,
              "isMutable": false,
            },
          ],
          "indexSignatures": [],
        },
        {
          "_tag": "Objects",
          "checks": [],
          "propertySignatures": [
            {
              "name": { "type": "string", "value": "_tag" },
              "type": {
                "_tag": "Literal",
                "checks": [],
                "literal": { "type": "string", "value": "bool" },
              },
              "isOptional": false,
              "isMutable": false,
            },
            {
              "name": { "type": "string", "value": "value" },
              "type": { "_tag": "Boolean", "checks": [] },
              "isOptional": false,
              "isMutable": false,
            },
          ],
          "indexSignatures": [],
        },
        {
          "_tag": "Objects",
          "checks": [],
          "propertySignatures": [
            {
              "name": { "type": "string", "value": "_tag" },
              "type": {
                "_tag": "Literal",
                "checks": [],
                "literal": { "type": "string", "value": "number" },
              },
              "isOptional": false,
              "isMutable": false,
            },
            {
              "name": { "type": "string", "value": "value" },
              "type": {
                "_tag": "Objects",
                "annotations": { "identifier": "Float64" },
                "checks": [],
                "propertySignatures": [
                  {
                    "name": { "type": "string", "value": "bits" },
                    "type": { "_tag": "Reference", "$ref": "UInt64" },
                    "isOptional": false,
                    "isMutable": false,
                  },
                ],
                "indexSignatures": [],
              },
              "isOptional": false,
              "isMutable": false,
            },
          ],
          "indexSignatures": [],
        },
        {
          "_tag": "Objects",
          "checks": [],
          "propertySignatures": [
            {
              "name": { "type": "string", "value": "_tag" },
              "type": {
                "_tag": "Literal",
                "checks": [],
                "literal": { "type": "string", "value": "str" },
              },
              "isOptional": false,
              "isMutable": false,
            },
            {
              "name": { "type": "string", "value": "value" },
              "type": { "_tag": "String", "checks": [] },
              "isOptional": false,
              "isMutable": false,
            },
          ],
          "indexSignatures": [],
        },
        {
          "_tag": "Objects",
          "checks": [],
          "propertySignatures": [
            {
              "name": { "type": "string", "value": "_tag" },
              "type": {
                "_tag": "Literal",
                "checks": [],
                "literal": { "type": "string", "value": "arr" },
              },
              "isOptional": false,
              "isMutable": false,
            },
            {
              "name": { "type": "string", "value": "elements" },
              "type": {
                "_tag": "Arrays",
                "checks": [],
                "elements": [],
                "rest": [{ "_tag": "Reference", "$ref": "Json" }],
              },
              "isOptional": false,
              "isMutable": false,
            },
          ],
          "indexSignatures": [],
        },
        {
          "_tag": "Objects",
          "checks": [],
          "propertySignatures": [
            {
              "name": { "type": "string", "value": "_tag" },
              "type": {
                "_tag": "Literal",
                "checks": [],
                "literal": { "type": "string", "value": "obj" },
              },
              "isOptional": false,
              "isMutable": false,
            },
            {
              "name": { "type": "string", "value": "entries" },
              "type": {
                "_tag": "Arrays",
                "checks": [],
                "elements": [],
                "rest": [
                  {
                    "_tag": "Arrays",
                    "checks": [],
                    "elements": [
                      {
                        "isOptional": false,
                        "type": { "_tag": "String", "checks": [] },
                      },
                      {
                        "isOptional": false,
                        "type": { "_tag": "Reference", "$ref": "Json" },
                      },
                    ],
                    "rest": [],
                  },
                ],
              },
              "isOptional": false,
              "isMutable": false,
            },
          ],
          "indexSignatures": [],
        },
      ],
      "mode": "anyOf",
    },
    "UInt64": {
      "_tag": "Number",
      "annotations": { "identifier": "UInt64" },
      "checks": [
        {
          "_tag": "Filter",
          "representation": { "id": "effect/schema/isInt", "payload": null },
          "aborted": false,
        },
      ],
    },
    "UInt64": {
      "_tag": "Number",
      "annotations": { "identifier": "UInt64" },
      "checks": [
        {
          "_tag": "Filter",
          "representation": { "id": "effect/schema/isInt", "payload": null },
          "aborted": false,
        },
      ],
    },
  },
}

/** Effect Schema document decoded from the generated raw value. */
export const MetaSchema: SchemaRepresentation.Document = SchemaRepresentation.fromJson(MetaSchemaJson)
=====END
=====BEGIN meta-deduped.ts
/**
 * Generated by Effect4 Schema.
 *
 * Do not edit.
 */
import * as Schema from "effect/Schema"
import * as SchemaRepresentation from "effect/SchemaRepresentation"

/** Raw Effect Schema document. */
export const MetaSchemaJson: Schema.Json = {
  "representation": {
    "_tag": "Objects",
    "annotations": { "identifier": "Document" },
    "checks": [],
    "propertySignatures": [
      {
        "name": { "type": "string", "value": "representation" },
        "type": { "_tag": "Reference", "$ref": "Representation" },
        "isOptional": false,
        "isMutable": false,
      },
      {
        "name": { "type": "string", "value": "references" },
        "type": {
          "_tag": "Arrays",
          "checks": [],
          "elements": [],
          "rest": [
            {
              "_tag": "Objects",
              "annotations": { "identifier": "ReferenceEntry" },
              "checks": [],
              "propertySignatures": [
                {
                  "name": { "type": "string", "value": "key" },
                  "type": { "_tag": "String", "checks": [] },
                  "isOptional": false,
                  "isMutable": false,
                },
                {
                  "name": { "type": "string", "value": "representation" },
                  "type": { "_tag": "Reference", "$ref": "Representation" },
                  "isOptional": false,
                  "isMutable": false,
                },
              ],
              "indexSignatures": [],
            },
          ],
        },
        "isOptional": false,
        "isMutable": false,
      },
    ],
    "indexSignatures": [],
  },
  "references": {
    "Representation": {
      "_tag": "Union",
      "annotations": { "identifier": "Representation" },
      "checks": [],
      "types": [
        {
          "_tag": "Objects",
          "checks": [],
          "propertySignatures": [
            {
              "name": { "type": "string", "value": "_tag" },
              "type": {
                "_tag": "Literal",
                "checks": [],
                "literal": { "type": "string", "value": "declaration" },
              },
              "isOptional": false,
              "isMutable": false,
            },
            {
              "name": { "type": "string", "value": "representation" },
              "type": {
                "_tag": "Objects",
                "annotations": { "identifier": "RepresentationAnnotation" },
                "checks": [],
                "propertySignatures": [
                  {
                    "name": { "type": "string", "value": "id" },
                    "type": { "_tag": "String", "checks": [] },
                    "isOptional": false,
                    "isMutable": false,
                  },
                  {
                    "name": { "type": "string", "value": "payload" },
                    "type": { "_tag": "Reference", "$ref": "Json" },
                    "isOptional": false,
                    "isMutable": false,
                  },
                ],
                "indexSignatures": [],
              },
              "isOptional": false,
              "isMutable": false,
            },
            {
              "name": { "type": "string", "value": "annotations" },
              "type": {
                "_tag": "Union",
                "checks": [],
                "types": [
                  {
                    "_tag": "Arrays",
                    "checks": [],
                    "elements": [],
                    "rest": [
                      {
                        "_tag": "Objects",
                        "annotations": { "identifier": "AnnotationEntry" },
                        "checks": [],
                        "propertySignatures": [
                          {
                            "name": { "type": "string", "value": "key" },
                            "type": { "_tag": "String", "checks": [] },
                            "isOptional": false,
                            "isMutable": false,
                          },
                          {
                            "name": { "type": "string", "value": "payload" },
                            "type": { "_tag": "Reference", "$ref": "Json" },
                            "isOptional": false,
                            "isMutable": false,
                          },
                        ],
                        "indexSignatures": [],
                      },
                    ],
                  },
                  { "_tag": "Null", "checks": [] },
                ],
                "mode": "anyOf",
              },
              "isOptional": false,
              "isMutable": false,
            },
            {
              "name": { "type": "string", "value": "typeParameters" },
              "type": {
                "_tag": "Arrays",
                "checks": [],
                "elements": [],
                "rest": [{ "_tag": "Reference", "$ref": "Representation" }],
              },
              "isOptional": false,
              "isMutable": false,
            },
            {
              "name": { "type": "string", "value": "checks" },
              "type": {
                "_tag": "Arrays",
                "checks": [],
                "elements": [],
                "rest": [{ "_tag": "Reference", "$ref": "Check" }],
              },
              "isOptional": false,
              "isMutable": false,
            },
          ],
          "indexSignatures": [],
        },
        {
          "_tag": "Objects",
          "checks": [],
          "propertySignatures": [
            {
              "name": { "type": "string", "value": "_tag" },
              "type": {
                "_tag": "Literal",
                "checks": [],
                "literal": { "type": "string", "value": "reference" },
              },
              "isOptional": false,
              "isMutable": false,
            },
            {
              "name": { "type": "string", "value": "ref" },
              "type": {
                "_tag": "Objects",
                "annotations": { "identifier": "ReferenceKey" },
                "checks": [],
                "propertySignatures": [
                  {
                    "name": { "type": "string", "value": "value" },
                    "type": { "_tag": "String", "checks": [] },
                    "isOptional": false,
                    "isMutable": false,
                  },
                ],
                "indexSignatures": [],
              },
              "isOptional": false,
              "isMutable": false,
            },
          ],
          "indexSignatures": [],
        },
        {
          "_tag": "Objects",
          "checks": [],
          "propertySignatures": [
            {
              "name": { "type": "string", "value": "_tag" },
              "type": {
                "_tag": "Literal",
                "checks": [],
                "literal": { "type": "string", "value": "suspend" },
              },
              "isOptional": false,
              "isMutable": false,
            },
            {
              "name": { "type": "string", "value": "annotations" },
              "type": {
                "_tag": "Union",
                "checks": [],
                "types": [
                  {
                    "_tag": "Arrays",
                    "checks": [],
                    "elements": [],
                    "rest": [
                      {
                        "_tag": "Objects",
                        "annotations": { "identifier": "AnnotationEntry" },
                        "checks": [],
                        "propertySignatures": [
                          {
                            "name": { "type": "string", "value": "key" },
                            "type": { "_tag": "String", "checks": [] },
                            "isOptional": false,
                            "isMutable": false,
                          },
                          {
                            "name": { "type": "string", "value": "payload" },
                            "type": { "_tag": "Reference", "$ref": "Json" },
                            "isOptional": false,
                            "isMutable": false,
                          },
                        ],
                        "indexSignatures": [],
                      },
                    ],
                  },
                  { "_tag": "Null", "checks": [] },
                ],
                "mode": "anyOf",
              },
              "isOptional": false,
              "isMutable": false,
            },
            {
              "name": { "type": "string", "value": "checks" },
              "type": {
                "_tag": "Arrays",
                "checks": [],
                "elements": [],
                "rest": [{ "_tag": "Reference", "$ref": "Check" }],
              },
              "isOptional": false,
              "isMutable": false,
            },
            {
              "name": { "type": "string", "value": "thunk" },
              "type": { "_tag": "Reference", "$ref": "Representation" },
              "isOptional": false,
              "isMutable": false,
            },
          ],
          "indexSignatures": [],
        },
        {
          "_tag": "Objects",
          "checks": [],
          "propertySignatures": [
            {
              "name": { "type": "string", "value": "_tag" },
              "type": {
                "_tag": "Literal",
                "checks": [],
                "literal": { "type": "string", "value": "null" },
              },
              "isOptional": false,
              "isMutable": false,
            },
            {
              "name": { "type": "string", "value": "annotations" },
              "type": {
                "_tag": "Union",
                "checks": [],
                "types": [
                  {
                    "_tag": "Arrays",
                    "checks": [],
                    "elements": [],
                    "rest": [
                      {
                        "_tag": "Objects",
                        "annotations": { "identifier": "AnnotationEntry" },
                        "checks": [],
                        "propertySignatures": [
                          {
                            "name": { "type": "string", "value": "key" },
                            "type": { "_tag": "String", "checks": [] },
                            "isOptional": false,
                            "isMutable": false,
                          },
                          {
                            "name": { "type": "string", "value": "payload" },
                            "type": { "_tag": "Reference", "$ref": "Json" },
                            "isOptional": false,
                            "isMutable": false,
                          },
                        ],
                        "indexSignatures": [],
                      },
                    ],
                  },
                  { "_tag": "Null", "checks": [] },
                ],
                "mode": "anyOf",
              },
              "isOptional": false,
              "isMutable": false,
            },
            {
              "name": { "type": "string", "value": "checks" },
              "type": {
                "_tag": "Arrays",
                "checks": [],
                "elements": [],
                "rest": [{ "_tag": "Reference", "$ref": "Check" }],
              },
              "isOptional": false,
              "isMutable": false,
            },
          ],
          "indexSignatures": [],
        },
        {
          "_tag": "Objects",
          "checks": [],
          "propertySignatures": [
            {
              "name": { "type": "string", "value": "_tag" },
              "type": {
                "_tag": "Literal",
                "checks": [],
                "literal": { "type": "string", "value": "undefined" },
              },
              "isOptional": false,
              "isMutable": false,
            },
            {
              "name": { "type": "string", "value": "annotations" },
              "type": {
                "_tag": "Union",
                "checks": [],
                "types": [
                  {
                    "_tag": "Arrays",
                    "checks": [],
                    "elements": [],
                    "rest": [
                      {
                        "_tag": "Objects",
                        "annotations": { "identifier": "AnnotationEntry" },
                        "checks": [],
                        "propertySignatures": [
                          {
                            "name": { "type": "string", "value": "key" },
                            "type": { "_tag": "String", "checks": [] },
                            "isOptional": false,
                            "isMutable": false,
                          },
                          {
                            "name": { "type": "string", "value": "payload" },
                            "type": { "_tag": "Reference", "$ref": "Json" },
                            "isOptional": false,
                            "isMutable": false,
                          },
                        ],
                        "indexSignatures": [],
                      },
                    ],
                  },
                  { "_tag": "Null", "checks": [] },
                ],
                "mode": "anyOf",
              },
              "isOptional": false,
              "isMutable": false,
            },
            {
              "name": { "type": "string", "value": "checks" },
              "type": {
                "_tag": "Arrays",
                "checks": [],
                "elements": [],
                "rest": [{ "_tag": "Reference", "$ref": "Check" }],
              },
              "isOptional": false,
              "isMutable": false,
            },
          ],
          "indexSignatures": [],
        },
        {
          "_tag": "Objects",
          "checks": [],
          "propertySignatures": [
            {
              "name": { "type": "string", "value": "_tag" },
              "type": {
                "_tag": "Literal",
                "checks": [],
                "literal": { "type": "string", "value": "void" },
              },
              "isOptional": false,
              "isMutable": false,
            },
            {
              "name": { "type": "string", "value": "annotations" },
              "type": {
                "_tag": "Union",
                "checks": [],
                "types": [
                  {
                    "_tag": "Arrays",
                    "checks": [],
                    "elements": [],
                    "rest": [
                      {
                        "_tag": "Objects",
                        "annotations": { "identifier": "AnnotationEntry" },
                        "checks": [],
                        "propertySignatures": [
                          {
                            "name": { "type": "string", "value": "key" },
                            "type": { "_tag": "String", "checks": [] },
                            "isOptional": false,
                            "isMutable": false,
                          },
                          {
                            "name": { "type": "string", "value": "payload" },
                            "type": { "_tag": "Reference", "$ref": "Json" },
                            "isOptional": false,
                            "isMutable": false,
                          },
                        ],
                        "indexSignatures": [],
                      },
                    ],
                  },
                  { "_tag": "Null", "checks": [] },
                ],
                "mode": "anyOf",
              },
              "isOptional": false,
              "isMutable": false,
            },
            {
              "name": { "type": "string", "value": "checks" },
              "type": {
                "_tag": "Arrays",
                "checks": [],
                "elements": [],
                "rest": [{ "_tag": "Reference", "$ref": "Check" }],
              },
              "isOptional": false,
              "isMutable": false,
            },
          ],
          "indexSignatures": [],
        },
        {
          "_tag": "Objects",
          "checks": [],
          "propertySignatures": [
            {
              "name": { "type": "string", "value": "_tag" },
              "type": {
                "_tag": "Literal",
                "checks": [],
                "literal": { "type": "string", "value": "never" },
              },
              "isOptional": false,
              "isMutable": false,
            },
            {
              "name": { "type": "string", "value": "annotations" },
              "type": {
                "_tag": "Union",
                "checks": [],
                "types": [
                  {
                    "_tag": "Arrays",
                    "checks": [],
                    "elements": [],
                    "rest": [
                      {
                        "_tag": "Objects",
                        "annotations": { "identifier": "AnnotationEntry" },
                        "checks": [],
                        "propertySignatures": [
                          {
                            "name": { "type": "string", "value": "key" },
                            "type": { "_tag": "String", "checks": [] },
                            "isOptional": false,
                            "isMutable": false,
                          },
                          {
                            "name": { "type": "string", "value": "payload" },
                            "type": { "_tag": "Reference", "$ref": "Json" },
                            "isOptional": false,
                            "isMutable": false,
                          },
                        ],
                        "indexSignatures": [],
                      },
                    ],
                  },
                  { "_tag": "Null", "checks": [] },
                ],
                "mode": "anyOf",
              },
              "isOptional": false,
              "isMutable": false,
            },
            {
              "name": { "type": "string", "value": "checks" },
              "type": {
                "_tag": "Arrays",
                "checks": [],
                "elements": [],
                "rest": [{ "_tag": "Reference", "$ref": "Check" }],
              },
              "isOptional": false,
              "isMutable": false,
            },
          ],
          "indexSignatures": [],
        },
        {
          "_tag": "Objects",
          "checks": [],
          "propertySignatures": [
            {
              "name": { "type": "string", "value": "_tag" },
              "type": {
                "_tag": "Literal",
                "checks": [],
                "literal": { "type": "string", "value": "unknown" },
              },
              "isOptional": false,
              "isMutable": false,
            },
            {
              "name": { "type": "string", "value": "annotations" },
              "type": {
                "_tag": "Union",
                "checks": [],
                "types": [
                  {
                    "_tag": "Arrays",
                    "checks": [],
                    "elements": [],
                    "rest": [
                      {
                        "_tag": "Objects",
                        "annotations": { "identifier": "AnnotationEntry" },
                        "checks": [],
                        "propertySignatures": [
                          {
                            "name": { "type": "string", "value": "key" },
                            "type": { "_tag": "String", "checks": [] },
                            "isOptional": false,
                            "isMutable": false,
                          },
                          {
                            "name": { "type": "string", "value": "payload" },
                            "type": { "_tag": "Reference", "$ref": "Json" },
                            "isOptional": false,
                            "isMutable": false,
                          },
                        ],
                        "indexSignatures": [],
                      },
                    ],
                  },
                  { "_tag": "Null", "checks": [] },
                ],
                "mode": "anyOf",
              },
              "isOptional": false,
              "isMutable": false,
            },
            {
              "name": { "type": "string", "value": "checks" },
              "type": {
                "_tag": "Arrays",
                "checks": [],
                "elements": [],
                "rest": [{ "_tag": "Reference", "$ref": "Check" }],
              },
              "isOptional": false,
              "isMutable": false,
            },
          ],
          "indexSignatures": [],
        },
        {
          "_tag": "Objects",
          "checks": [],
          "propertySignatures": [
            {
              "name": { "type": "string", "value": "_tag" },
              "type": {
                "_tag": "Literal",
                "checks": [],
                "literal": { "type": "string", "value": "any" },
              },
              "isOptional": false,
              "isMutable": false,
            },
            {
              "name": { "type": "string", "value": "annotations" },
              "type": {
                "_tag": "Union",
                "checks": [],
                "types": [
                  {
                    "_tag": "Arrays",
                    "checks": [],
                    "elements": [],
                    "rest": [
                      {
                        "_tag": "Objects",
                        "annotations": { "identifier": "AnnotationEntry" },
                        "checks": [],
                        "propertySignatures": [
                          {
                            "name": { "type": "string", "value": "key" },
                            "type": { "_tag": "String", "checks": [] },
                            "isOptional": false,
                            "isMutable": false,
                          },
                          {
                            "name": { "type": "string", "value": "payload" },
                            "type": { "_tag": "Reference", "$ref": "Json" },
                            "isOptional": false,
                            "isMutable": false,
                          },
                        ],
                        "indexSignatures": [],
                      },
                    ],
                  },
                  { "_tag": "Null", "checks": [] },
                ],
                "mode": "anyOf",
              },
              "isOptional": false,
              "isMutable": false,
            },
            {
              "name": { "type": "string", "value": "checks" },
              "type": {
                "_tag": "Arrays",
                "checks": [],
                "elements": [],
                "rest": [{ "_tag": "Reference", "$ref": "Check" }],
              },
              "isOptional": false,
              "isMutable": false,
            },
          ],
          "indexSignatures": [],
        },
        {
          "_tag": "Objects",
          "checks": [],
          "propertySignatures": [
            {
              "name": { "type": "string", "value": "_tag" },
              "type": {
                "_tag": "Literal",
                "checks": [],
                "literal": { "type": "string", "value": "string" },
              },
              "isOptional": false,
              "isMutable": false,
            },
            {
              "name": { "type": "string", "value": "annotations" },
              "type": {
                "_tag": "Union",
                "checks": [],
                "types": [
                  {
                    "_tag": "Arrays",
                    "checks": [],
                    "elements": [],
                    "rest": [
                      {
                        "_tag": "Objects",
                        "annotations": { "identifier": "AnnotationEntry" },
                        "checks": [],
                        "propertySignatures": [
                          {
                            "name": { "type": "string", "value": "key" },
                            "type": { "_tag": "String", "checks": [] },
                            "isOptional": false,
                            "isMutable": false,
                          },
                          {
                            "name": { "type": "string", "value": "payload" },
                            "type": { "_tag": "Reference", "$ref": "Json" },
                            "isOptional": false,
                            "isMutable": false,
                          },
                        ],
                        "indexSignatures": [],
                      },
                    ],
                  },
                  { "_tag": "Null", "checks": [] },
                ],
                "mode": "anyOf",
              },
              "isOptional": false,
              "isMutable": false,
            },
            {
              "name": { "type": "string", "value": "checks" },
              "type": {
                "_tag": "Arrays",
                "checks": [],
                "elements": [],
                "rest": [{ "_tag": "Reference", "$ref": "Check" }],
              },
              "isOptional": false,
              "isMutable": false,
            },
          ],
          "indexSignatures": [],
        },
        {
          "_tag": "Objects",
          "checks": [],
          "propertySignatures": [
            {
              "name": { "type": "string", "value": "_tag" },
              "type": {
                "_tag": "Literal",
                "checks": [],
                "literal": { "type": "string", "value": "number" },
              },
              "isOptional": false,
              "isMutable": false,
            },
            {
              "name": { "type": "string", "value": "annotations" },
              "type": {
                "_tag": "Union",
                "checks": [],
                "types": [
                  {
                    "_tag": "Arrays",
                    "checks": [],
                    "elements": [],
                    "rest": [
                      {
                        "_tag": "Objects",
                        "annotations": { "identifier": "AnnotationEntry" },
                        "checks": [],
                        "propertySignatures": [
                          {
                            "name": { "type": "string", "value": "key" },
                            "type": { "_tag": "String", "checks": [] },
                            "isOptional": false,
                            "isMutable": false,
                          },
                          {
                            "name": { "type": "string", "value": "payload" },
                            "type": { "_tag": "Reference", "$ref": "Json" },
                            "isOptional": false,
                            "isMutable": false,
                          },
                        ],
                        "indexSignatures": [],
                      },
                    ],
                  },
                  { "_tag": "Null", "checks": [] },
                ],
                "mode": "anyOf",
              },
              "isOptional": false,
              "isMutable": false,
            },
            {
              "name": { "type": "string", "value": "checks" },
              "type": {
                "_tag": "Arrays",
                "checks": [],
                "elements": [],
                "rest": [{ "_tag": "Reference", "$ref": "Check" }],
              },
              "isOptional": false,
              "isMutable": false,
            },
          ],
          "indexSignatures": [],
        },
        {
          "_tag": "Objects",
          "checks": [],
          "propertySignatures": [
            {
              "name": { "type": "string", "value": "_tag" },
              "type": {
                "_tag": "Literal",
                "checks": [],
                "literal": { "type": "string", "value": "boolean" },
              },
              "isOptional": false,
              "isMutable": false,
            },
            {
              "name": { "type": "string", "value": "annotations" },
              "type": {
                "_tag": "Union",
                "checks": [],
                "types": [
                  {
                    "_tag": "Arrays",
                    "checks": [],
                    "elements": [],
                    "rest": [
                      {
                        "_tag": "Objects",
                        "annotations": { "identifier": "AnnotationEntry" },
                        "checks": [],
                        "propertySignatures": [
                          {
                            "name": { "type": "string", "value": "key" },
                            "type": { "_tag": "String", "checks": [] },
                            "isOptional": false,
                            "isMutable": false,
                          },
                          {
                            "name": { "type": "string", "value": "payload" },
                            "type": { "_tag": "Reference", "$ref": "Json" },
                            "isOptional": false,
                            "isMutable": false,
                          },
                        ],
                        "indexSignatures": [],
                      },
                    ],
                  },
                  { "_tag": "Null", "checks": [] },
                ],
                "mode": "anyOf",
              },
              "isOptional": false,
              "isMutable": false,
            },
            {
              "name": { "type": "string", "value": "checks" },
              "type": {
                "_tag": "Arrays",
                "checks": [],
                "elements": [],
                "rest": [{ "_tag": "Reference", "$ref": "Check" }],
              },
              "isOptional": false,
              "isMutable": false,
            },
          ],
          "indexSignatures": [],
        },
        {
          "_tag": "Objects",
          "checks": [],
          "propertySignatures": [
            {
              "name": { "type": "string", "value": "_tag" },
              "type": {
                "_tag": "Literal",
                "checks": [],
                "literal": { "type": "string", "value": "bigint" },
              },
              "isOptional": false,
              "isMutable": false,
            },
            {
              "name": { "type": "string", "value": "annotations" },
              "type": {
                "_tag": "Union",
                "checks": [],
                "types": [
                  {
                    "_tag": "Arrays",
                    "checks": [],
                    "elements": [],
                    "rest": [
                      {
                        "_tag": "Objects",
                        "annotations": { "identifier": "AnnotationEntry" },
                        "checks": [],
                        "propertySignatures": [
                          {
                            "name": { "type": "string", "value": "key" },
                            "type": { "_tag": "String", "checks": [] },
                            "isOptional": false,
                            "isMutable": false,
                          },
                          {
                            "name": { "type": "string", "value": "payload" },
                            "type": { "_tag": "Reference", "$ref": "Json" },
                            "isOptional": false,
                            "isMutable": false,
                          },
                        ],
                        "indexSignatures": [],
                      },
                    ],
                  },
                  { "_tag": "Null", "checks": [] },
                ],
                "mode": "anyOf",
              },
              "isOptional": false,
              "isMutable": false,
            },
            {
              "name": { "type": "string", "value": "checks" },
              "type": {
                "_tag": "Arrays",
                "checks": [],
                "elements": [],
                "rest": [{ "_tag": "Reference", "$ref": "Check" }],
              },
              "isOptional": false,
              "isMutable": false,
            },
          ],
          "indexSignatures": [],
        },
        {
          "_tag": "Objects",
          "checks": [],
          "propertySignatures": [
            {
              "name": { "type": "string", "value": "_tag" },
              "type": {
                "_tag": "Literal",
                "checks": [],
                "literal": { "type": "string", "value": "symbol" },
              },
              "isOptional": false,
              "isMutable": false,
            },
            {
              "name": { "type": "string", "value": "annotations" },
              "type": {
                "_tag": "Union",
                "checks": [],
                "types": [
                  {
                    "_tag": "Arrays",
                    "checks": [],
                    "elements": [],
                    "rest": [
                      {
                        "_tag": "Objects",
                        "annotations": { "identifier": "AnnotationEntry" },
                        "checks": [],
                        "propertySignatures": [
                          {
                            "name": { "type": "string", "value": "key" },
                            "type": { "_tag": "String", "checks": [] },
                            "isOptional": false,
                            "isMutable": false,
                          },
                          {
                            "name": { "type": "string", "value": "payload" },
                            "type": { "_tag": "Reference", "$ref": "Json" },
                            "isOptional": false,
                            "isMutable": false,
                          },
                        ],
                        "indexSignatures": [],
                      },
                    ],
                  },
                  { "_tag": "Null", "checks": [] },
                ],
                "mode": "anyOf",
              },
              "isOptional": false,
              "isMutable": false,
            },
            {
              "name": { "type": "string", "value": "checks" },
              "type": {
                "_tag": "Arrays",
                "checks": [],
                "elements": [],
                "rest": [{ "_tag": "Reference", "$ref": "Check" }],
              },
              "isOptional": false,
              "isMutable": false,
            },
          ],
          "indexSignatures": [],
        },
        {
          "_tag": "Objects",
          "checks": [],
          "propertySignatures": [
            {
              "name": { "type": "string", "value": "_tag" },
              "type": {
                "_tag": "Literal",
                "checks": [],
                "literal": { "type": "string", "value": "literal" },
              },
              "isOptional": false,
              "isMutable": false,
            },
            {
              "name": { "type": "string", "value": "annotations" },
              "type": {
                "_tag": "Union",
                "checks": [],
                "types": [
                  {
                    "_tag": "Arrays",
                    "checks": [],
                    "elements": [],
                    "rest": [
                      {
                        "_tag": "Objects",
                        "annotations": { "identifier": "AnnotationEntry" },
                        "checks": [],
                        "propertySignatures": [
                          {
                            "name": { "type": "string", "value": "key" },
                            "type": { "_tag": "String", "checks": [] },
                            "isOptional": false,
                            "isMutable": false,
                          },
                          {
                            "name": { "type": "string", "value": "payload" },
                            "type": { "_tag": "Reference", "$ref": "Json" },
                            "isOptional": false,
                            "isMutable": false,
                          },
                        ],
                        "indexSignatures": [],
                      },
                    ],
                  },
                  { "_tag": "Null", "checks": [] },
                ],
                "mode": "anyOf",
              },
              "isOptional": false,
              "isMutable": false,
            },
            {
              "name": { "type": "string", "value": "checks" },
              "type": {
                "_tag": "Arrays",
                "checks": [],
                "elements": [],
                "rest": [{ "_tag": "Reference", "$ref": "Check" }],
              },
              "isOptional": false,
              "isMutable": false,
            },
            {
              "name": { "type": "string", "value": "literal" },
              "type": {
                "_tag": "Union",
                "annotations": { "identifier": "LiteralValue" },
                "checks": [],
                "types": [
                  {
                    "_tag": "Objects",
                    "checks": [],
                    "propertySignatures": [
                      {
                        "name": { "type": "string", "value": "_tag" },
                        "type": {
                          "_tag": "Literal",
                          "checks": [],
                          "literal": { "type": "string", "value": "string" },
                        },
                        "isOptional": false,
                        "isMutable": false,
                      },
                      {
                        "name": { "type": "string", "value": "value" },
                        "type": { "_tag": "String", "checks": [] },
                        "isOptional": false,
                        "isMutable": false,
                      },
                    ],
                    "indexSignatures": [],
                  },
                  {
                    "_tag": "Objects",
                    "checks": [],
                    "propertySignatures": [
                      {
                        "name": { "type": "string", "value": "_tag" },
                        "type": {
                          "_tag": "Literal",
                          "checks": [],
                          "literal": { "type": "string", "value": "number" },
                        },
                        "isOptional": false,
                        "isMutable": false,
                      },
                      {
                        "name": { "type": "string", "value": "value" },
                        "type": {
                          "_tag": "Objects",
                          "annotations": { "identifier": "Float64" },
                          "checks": [],
                          "propertySignatures": [
                            {
                              "name": { "type": "string", "value": "bits" },
                              "type": { "_tag": "Reference", "$ref": "UInt64" },
                              "isOptional": false,
                              "isMutable": false,
                            },
                          ],
                          "indexSignatures": [],
                        },
                        "isOptional": false,
                        "isMutable": false,
                      },
                    ],
                    "indexSignatures": [],
                  },
                  {
                    "_tag": "Objects",
                    "checks": [],
                    "propertySignatures": [
                      {
                        "name": { "type": "string", "value": "_tag" },
                        "type": {
                          "_tag": "Literal",
                          "checks": [],
                          "literal": { "type": "string", "value": "bigint" },
                        },
                        "isOptional": false,
                        "isMutable": false,
                      },
                      {
                        "name": { "type": "string", "value": "value" },
                        "type": {
                          "_tag": "Union",
                          "annotations": { "identifier": "Int" },
                          "checks": [],
                          "types": [
                            {
                              "_tag": "Objects",
                              "checks": [],
                              "propertySignatures": [
                                {
                                  "name": { "type": "string", "value": "_tag" },
                                  "type": {
                                    "_tag": "Literal",
                                    "checks": [],
                                    "literal": { "type": "string", "value": "ofNat" },
                                  },
                                  "isOptional": false,
                                  "isMutable": false,
                                },
                                {
                                  "name": { "type": "string", "value": "n" },
                                  "type": {
                                    "_tag": "Number",
                                    "checks": [
                                      {
                                        "_tag": "Filter",
                                        "representation": { "id": "effect/schema/isInt", "payload": null },
                                        "aborted": false,
                                      },
                                    ],
                                  },
                                  "isOptional": false,
                                  "isMutable": false,
                                },
                              ],
                              "indexSignatures": [],
                            },
                            {
                              "_tag": "Objects",
                              "checks": [],
                              "propertySignatures": [
                                {
                                  "name": { "type": "string", "value": "_tag" },
                                  "type": {
                                    "_tag": "Literal",
                                    "checks": [],
                                    "literal": { "type": "string", "value": "negSucc" },
                                  },
                                  "isOptional": false,
                                  "isMutable": false,
                                },
                                {
                                  "name": { "type": "string", "value": "n" },
                                  "type": {
                                    "_tag": "Number",
                                    "checks": [
                                      {
                                        "_tag": "Filter",
                                        "representation": { "id": "effect/schema/isInt", "payload": null },
                                        "aborted": false,
                                      },
                                    ],
                                  },
                                  "isOptional": false,
                                  "isMutable": false,
                                },
                              ],
                              "indexSignatures": [],
                            },
                          ],
                          "mode": "anyOf",
                        },
                        "isOptional": false,
                        "isMutable": false,
                      },
                    ],
                    "indexSignatures": [],
                  },
                  {
                    "_tag": "Objects",
                    "checks": [],
                    "propertySignatures": [
                      {
                        "name": { "type": "string", "value": "_tag" },
                        "type": {
                          "_tag": "Literal",
                          "checks": [],
                          "literal": { "type": "string", "value": "boolean" },
                        },
                        "isOptional": false,
                        "isMutable": false,
                      },
                      {
                        "name": { "type": "string", "value": "value" },
                        "type": { "_tag": "Boolean", "checks": [] },
                        "isOptional": false,
                        "isMutable": false,
                      },
                    ],
                    "indexSignatures": [],
                  },
                ],
                "mode": "anyOf",
              },
              "isOptional": false,
              "isMutable": false,
            },
          ],
          "indexSignatures": [],
        },
        {
          "_tag": "Objects",
          "checks": [],
          "propertySignatures": [
            {
              "name": { "type": "string", "value": "_tag" },
              "type": {
                "_tag": "Literal",
                "checks": [],
                "literal": { "type": "string", "value": "uniqueSymbol" },
              },
              "isOptional": false,
              "isMutable": false,
            },
            {
              "name": { "type": "string", "value": "annotations" },
              "type": {
                "_tag": "Union",
                "checks": [],
                "types": [
                  {
                    "_tag": "Arrays",
                    "checks": [],
                    "elements": [],
                    "rest": [
                      {
                        "_tag": "Objects",
                        "annotations": { "identifier": "AnnotationEntry" },
                        "checks": [],
                        "propertySignatures": [
                          {
                            "name": { "type": "string", "value": "key" },
                            "type": { "_tag": "String", "checks": [] },
                            "isOptional": false,
                            "isMutable": false,
                          },
                          {
                            "name": { "type": "string", "value": "payload" },
                            "type": { "_tag": "Reference", "$ref": "Json" },
                            "isOptional": false,
                            "isMutable": false,
                          },
                        ],
                        "indexSignatures": [],
                      },
                    ],
                  },
                  { "_tag": "Null", "checks": [] },
                ],
                "mode": "anyOf",
              },
              "isOptional": false,
              "isMutable": false,
            },
            {
              "name": { "type": "string", "value": "checks" },
              "type": {
                "_tag": "Arrays",
                "checks": [],
                "elements": [],
                "rest": [{ "_tag": "Reference", "$ref": "Check" }],
              },
              "isOptional": false,
              "isMutable": false,
            },
            {
              "name": { "type": "string", "value": "symbol" },
              "type": {
                "_tag": "Objects",
                "annotations": { "identifier": "GlobalSymbolKey" },
                "checks": [],
                "propertySignatures": [
                  {
                    "name": { "type": "string", "value": "key" },
                    "type": { "_tag": "String", "checks": [] },
                    "isOptional": false,
                    "isMutable": false,
                  },
                ],
                "indexSignatures": [],
              },
              "isOptional": false,
              "isMutable": false,
            },
          ],
          "indexSignatures": [],
        },
        {
          "_tag": "Objects",
          "checks": [],
          "propertySignatures": [
            {
              "name": { "type": "string", "value": "_tag" },
              "type": {
                "_tag": "Literal",
                "checks": [],
                "literal": { "type": "string", "value": "objectKeyword" },
              },
              "isOptional": false,
              "isMutable": false,
            },
            {
              "name": { "type": "string", "value": "annotations" },
              "type": {
                "_tag": "Union",
                "checks": [],
                "types": [
                  {
                    "_tag": "Arrays",
                    "checks": [],
                    "elements": [],
                    "rest": [
                      {
                        "_tag": "Objects",
                        "annotations": { "identifier": "AnnotationEntry" },
                        "checks": [],
                        "propertySignatures": [
                          {
                            "name": { "type": "string", "value": "key" },
                            "type": { "_tag": "String", "checks": [] },
                            "isOptional": false,
                            "isMutable": false,
                          },
                          {
                            "name": { "type": "string", "value": "payload" },
                            "type": { "_tag": "Reference", "$ref": "Json" },
                            "isOptional": false,
                            "isMutable": false,
                          },
                        ],
                        "indexSignatures": [],
                      },
                    ],
                  },
                  { "_tag": "Null", "checks": [] },
                ],
                "mode": "anyOf",
              },
              "isOptional": false,
              "isMutable": false,
            },
            {
              "name": { "type": "string", "value": "checks" },
              "type": {
                "_tag": "Arrays",
                "checks": [],
                "elements": [],
                "rest": [{ "_tag": "Reference", "$ref": "Check" }],
              },
              "isOptional": false,
              "isMutable": false,
            },
          ],
          "indexSignatures": [],
        },
        {
          "_tag": "Objects",
          "checks": [],
          "propertySignatures": [
            {
              "name": { "type": "string", "value": "_tag" },
              "type": {
                "_tag": "Literal",
                "checks": [],
                "literal": { "type": "string", "value": "enum" },
              },
              "isOptional": false,
              "isMutable": false,
            },
            {
              "name": { "type": "string", "value": "annotations" },
              "type": {
                "_tag": "Union",
                "checks": [],
                "types": [
                  {
                    "_tag": "Arrays",
                    "checks": [],
                    "elements": [],
                    "rest": [
                      {
                        "_tag": "Objects",
                        "annotations": { "identifier": "AnnotationEntry" },
                        "checks": [],
                        "propertySignatures": [
                          {
                            "name": { "type": "string", "value": "key" },
                            "type": { "_tag": "String", "checks": [] },
                            "isOptional": false,
                            "isMutable": false,
                          },
                          {
                            "name": { "type": "string", "value": "payload" },
                            "type": { "_tag": "Reference", "$ref": "Json" },
                            "isOptional": false,
                            "isMutable": false,
                          },
                        ],
                        "indexSignatures": [],
                      },
                    ],
                  },
                  { "_tag": "Null", "checks": [] },
                ],
                "mode": "anyOf",
              },
              "isOptional": false,
              "isMutable": false,
            },
            {
              "name": { "type": "string", "value": "checks" },
              "type": {
                "_tag": "Arrays",
                "checks": [],
                "elements": [],
                "rest": [{ "_tag": "Reference", "$ref": "Check" }],
              },
              "isOptional": false,
              "isMutable": false,
            },
            {
              "name": { "type": "string", "value": "enums" },
              "type": {
                "_tag": "Arrays",
                "checks": [],
                "elements": [],
                "rest": [
                  {
                    "_tag": "Objects",
                    "annotations": { "identifier": "EnumEntry" },
                    "checks": [],
                    "propertySignatures": [
                      {
                        "name": { "type": "string", "value": "name" },
                        "type": { "_tag": "String", "checks": [] },
                        "isOptional": false,
                        "isMutable": false,
                      },
                      {
                        "name": { "type": "string", "value": "value" },
                        "type": {
                          "_tag": "Union",
                          "annotations": { "identifier": "EnumValue" },
                          "checks": [],
                          "types": [
                            {
                              "_tag": "Objects",
                              "checks": [],
                              "propertySignatures": [
                                {
                                  "name": { "type": "string", "value": "_tag" },
                                  "type": {
                                    "_tag": "Literal",
                                    "checks": [],
                                    "literal": { "type": "string", "value": "string" },
                                  },
                                  "isOptional": false,
                                  "isMutable": false,
                                },
                                {
                                  "name": { "type": "string", "value": "value" },
                                  "type": { "_tag": "String", "checks": [] },
                                  "isOptional": false,
                                  "isMutable": false,
                                },
                              ],
                              "indexSignatures": [],
                            },
                            {
                              "_tag": "Objects",
                              "checks": [],
                              "propertySignatures": [
                                {
                                  "name": { "type": "string", "value": "_tag" },
                                  "type": {
                                    "_tag": "Literal",
                                    "checks": [],
                                    "literal": { "type": "string", "value": "number" },
                                  },
                                  "isOptional": false,
                                  "isMutable": false,
                                },
                                {
                                  "name": { "type": "string", "value": "value" },
                                  "type": {
                                    "_tag": "Objects",
                                    "annotations": { "identifier": "Float64" },
                                    "checks": [],
                                    "propertySignatures": [
                                      {
                                        "name": { "type": "string", "value": "bits" },
                                        "type": { "_tag": "Reference", "$ref": "UInt64" },
                                        "isOptional": false,
                                        "isMutable": false,
                                      },
                                    ],
                                    "indexSignatures": [],
                                  },
                                  "isOptional": false,
                                  "isMutable": false,
                                },
                              ],
                              "indexSignatures": [],
                            },
                          ],
                          "mode": "anyOf",
                        },
                        "isOptional": false,
                        "isMutable": false,
                      },
                    ],
                    "indexSignatures": [],
                  },
                ],
              },
              "isOptional": false,
              "isMutable": false,
            },
          ],
          "indexSignatures": [],
        },
        {
          "_tag": "Objects",
          "checks": [],
          "propertySignatures": [
            {
              "name": { "type": "string", "value": "_tag" },
              "type": {
                "_tag": "Literal",
                "checks": [],
                "literal": { "type": "string", "value": "templateLiteral" },
              },
              "isOptional": false,
              "isMutable": false,
            },
            {
              "name": { "type": "string", "value": "annotations" },
              "type": {
                "_tag": "Union",
                "checks": [],
                "types": [
                  {
                    "_tag": "Arrays",
                    "checks": [],
                    "elements": [],
                    "rest": [
                      {
                        "_tag": "Objects",
                        "annotations": { "identifier": "AnnotationEntry" },
                        "checks": [],
                        "propertySignatures": [
                          {
                            "name": { "type": "string", "value": "key" },
                            "type": { "_tag": "String", "checks": [] },
                            "isOptional": false,
                            "isMutable": false,
                          },
                          {
                            "name": { "type": "string", "value": "payload" },
                            "type": { "_tag": "Reference", "$ref": "Json" },
                            "isOptional": false,
                            "isMutable": false,
                          },
                        ],
                        "indexSignatures": [],
                      },
                    ],
                  },
                  { "_tag": "Null", "checks": [] },
                ],
                "mode": "anyOf",
              },
              "isOptional": false,
              "isMutable": false,
            },
            {
              "name": { "type": "string", "value": "checks" },
              "type": {
                "_tag": "Arrays",
                "checks": [],
                "elements": [],
                "rest": [{ "_tag": "Reference", "$ref": "Check" }],
              },
              "isOptional": false,
              "isMutable": false,
            },
            {
              "name": { "type": "string", "value": "parts" },
              "type": {
                "_tag": "Arrays",
                "checks": [],
                "elements": [],
                "rest": [{ "_tag": "Reference", "$ref": "Representation" }],
              },
              "isOptional": false,
              "isMutable": false,
            },
          ],
          "indexSignatures": [],
        },
        {
          "_tag": "Objects",
          "checks": [],
          "propertySignatures": [
            {
              "name": { "type": "string", "value": "_tag" },
              "type": {
                "_tag": "Literal",
                "checks": [],
                "literal": { "type": "string", "value": "arrays" },
              },
              "isOptional": false,
              "isMutable": false,
            },
            {
              "name": { "type": "string", "value": "annotations" },
              "type": {
                "_tag": "Union",
                "checks": [],
                "types": [
                  {
                    "_tag": "Arrays",
                    "checks": [],
                    "elements": [],
                    "rest": [
                      {
                        "_tag": "Objects",
                        "annotations": { "identifier": "AnnotationEntry" },
                        "checks": [],
                        "propertySignatures": [
                          {
                            "name": { "type": "string", "value": "key" },
                            "type": { "_tag": "String", "checks": [] },
                            "isOptional": false,
                            "isMutable": false,
                          },
                          {
                            "name": { "type": "string", "value": "payload" },
                            "type": { "_tag": "Reference", "$ref": "Json" },
                            "isOptional": false,
                            "isMutable": false,
                          },
                        ],
                        "indexSignatures": [],
                      },
                    ],
                  },
                  { "_tag": "Null", "checks": [] },
                ],
                "mode": "anyOf",
              },
              "isOptional": false,
              "isMutable": false,
            },
            {
              "name": { "type": "string", "value": "checks" },
              "type": {
                "_tag": "Arrays",
                "checks": [],
                "elements": [],
                "rest": [{ "_tag": "Reference", "$ref": "Check" }],
              },
              "isOptional": false,
              "isMutable": false,
            },
            {
              "name": { "type": "string", "value": "elements" },
              "type": {
                "_tag": "Arrays",
                "checks": [],
                "elements": [],
                "rest": [{ "_tag": "Reference", "$ref": "ElementOf" }],
              },
              "isOptional": false,
              "isMutable": false,
            },
            {
              "name": { "type": "string", "value": "rest" },
              "type": {
                "_tag": "Arrays",
                "checks": [],
                "elements": [],
                "rest": [{ "_tag": "Reference", "$ref": "Representation" }],
              },
              "isOptional": false,
              "isMutable": false,
            },
          ],
          "indexSignatures": [],
        },
        {
          "_tag": "Objects",
          "checks": [],
          "propertySignatures": [
            {
              "name": { "type": "string", "value": "_tag" },
              "type": {
                "_tag": "Literal",
                "checks": [],
                "literal": { "type": "string", "value": "objects" },
              },
              "isOptional": false,
              "isMutable": false,
            },
            {
              "name": { "type": "string", "value": "annotations" },
              "type": {
                "_tag": "Union",
                "checks": [],
                "types": [
                  {
                    "_tag": "Arrays",
                    "checks": [],
                    "elements": [],
                    "rest": [
                      {
                        "_tag": "Objects",
                        "annotations": { "identifier": "AnnotationEntry" },
                        "checks": [],
                        "propertySignatures": [
                          {
                            "name": { "type": "string", "value": "key" },
                            "type": { "_tag": "String", "checks": [] },
                            "isOptional": false,
                            "isMutable": false,
                          },
                          {
                            "name": { "type": "string", "value": "payload" },
                            "type": { "_tag": "Reference", "$ref": "Json" },
                            "isOptional": false,
                            "isMutable": false,
                          },
                        ],
                        "indexSignatures": [],
                      },
                    ],
                  },
                  { "_tag": "Null", "checks": [] },
                ],
                "mode": "anyOf",
              },
              "isOptional": false,
              "isMutable": false,
            },
            {
              "name": { "type": "string", "value": "checks" },
              "type": {
                "_tag": "Arrays",
                "checks": [],
                "elements": [],
                "rest": [{ "_tag": "Reference", "$ref": "Check" }],
              },
              "isOptional": false,
              "isMutable": false,
            },
            {
              "name": { "type": "string", "value": "propertySignatures" },
              "type": {
                "_tag": "Arrays",
                "checks": [],
                "elements": [],
                "rest": [{ "_tag": "Reference", "$ref": "PropertySignatureOf" }],
              },
              "isOptional": false,
              "isMutable": false,
            },
            {
              "name": { "type": "string", "value": "indexSignatures" },
              "type": {
                "_tag": "Arrays",
                "checks": [],
                "elements": [],
                "rest": [{ "_tag": "Reference", "$ref": "IndexSignatureOf" }],
              },
              "isOptional": false,
              "isMutable": false,
            },
          ],
          "indexSignatures": [],
        },
        {
          "_tag": "Objects",
          "checks": [],
          "propertySignatures": [
            {
              "name": { "type": "string", "value": "_tag" },
              "type": {
                "_tag": "Literal",
                "checks": [],
                "literal": { "type": "string", "value": "union" },
              },
              "isOptional": false,
              "isMutable": false,
            },
            {
              "name": { "type": "string", "value": "annotations" },
              "type": {
                "_tag": "Union",
                "checks": [],
                "types": [
                  {
                    "_tag": "Arrays",
                    "checks": [],
                    "elements": [],
                    "rest": [
                      {
                        "_tag": "Objects",
                        "annotations": { "identifier": "AnnotationEntry" },
                        "checks": [],
                        "propertySignatures": [
                          {
                            "name": { "type": "string", "value": "key" },
                            "type": { "_tag": "String", "checks": [] },
                            "isOptional": false,
                            "isMutable": false,
                          },
                          {
                            "name": { "type": "string", "value": "payload" },
                            "type": { "_tag": "Reference", "$ref": "Json" },
                            "isOptional": false,
                            "isMutable": false,
                          },
                        ],
                        "indexSignatures": [],
                      },
                    ],
                  },
                  { "_tag": "Null", "checks": [] },
                ],
                "mode": "anyOf",
              },
              "isOptional": false,
              "isMutable": false,
            },
            {
              "name": { "type": "string", "value": "checks" },
              "type": {
                "_tag": "Arrays",
                "checks": [],
                "elements": [],
                "rest": [{ "_tag": "Reference", "$ref": "Check" }],
              },
              "isOptional": false,
              "isMutable": false,
            },
            {
              "name": { "type": "string", "value": "types" },
              "type": {
                "_tag": "Arrays",
                "checks": [],
                "elements": [],
                "rest": [{ "_tag": "Reference", "$ref": "Representation" }],
              },
              "isOptional": false,
              "isMutable": false,
            },
            {
              "name": { "type": "string", "value": "mode" },
              "type": {
                "_tag": "Union",
                "annotations": { "identifier": "UnionMode" },
                "checks": [],
                "types": [
                  {
                    "_tag": "Literal",
                    "checks": [],
                    "literal": { "type": "string", "value": "anyOf" },
                  },
                  {
                    "_tag": "Literal",
                    "checks": [],
                    "literal": { "type": "string", "value": "oneOf" },
                  },
                ],
                "mode": "anyOf",
              },
              "isOptional": false,
              "isMutable": false,
            },
          ],
          "indexSignatures": [],
        },
      ],
      "mode": "anyOf",
    },
    "Check": {
      "_tag": "Union",
      "annotations": { "identifier": "Check" },
      "checks": [],
      "types": [
        {
          "_tag": "Objects",
          "checks": [],
          "propertySignatures": [
            {
              "name": { "type": "string", "value": "_tag" },
              "type": {
                "_tag": "Literal",
                "checks": [],
                "literal": { "type": "string", "value": "filter" },
              },
              "isOptional": false,
              "isMutable": false,
            },
            {
              "name": { "type": "string", "value": "representation" },
              "type": { "_tag": "Reference", "$ref": "CheckRepresentationAnnotationOf" },
              "isOptional": false,
              "isMutable": false,
            },
            {
              "name": { "type": "string", "value": "annotations" },
              "type": {
                "_tag": "Union",
                "checks": [],
                "types": [
                  {
                    "_tag": "Arrays",
                    "checks": [],
                    "elements": [],
                    "rest": [
                      {
                        "_tag": "Objects",
                        "annotations": { "identifier": "AnnotationEntry" },
                        "checks": [],
                        "propertySignatures": [
                          {
                            "name": { "type": "string", "value": "key" },
                            "type": { "_tag": "String", "checks": [] },
                            "isOptional": false,
                            "isMutable": false,
                          },
                          {
                            "name": { "type": "string", "value": "payload" },
                            "type": { "_tag": "Reference", "$ref": "Json" },
                            "isOptional": false,
                            "isMutable": false,
                          },
                        ],
                        "indexSignatures": [],
                      },
                    ],
                  },
                  { "_tag": "Null", "checks": [] },
                ],
                "mode": "anyOf",
              },
              "isOptional": false,
              "isMutable": false,
            },
            {
              "name": { "type": "string", "value": "aborted" },
              "type": { "_tag": "Boolean", "checks": [] },
              "isOptional": false,
              "isMutable": false,
            },
          ],
          "indexSignatures": [],
        },
        {
          "_tag": "Objects",
          "checks": [],
          "propertySignatures": [
            {
              "name": { "type": "string", "value": "_tag" },
              "type": {
                "_tag": "Literal",
                "checks": [],
                "literal": { "type": "string", "value": "filterGroup" },
              },
              "isOptional": false,
              "isMutable": false,
            },
            {
              "name": { "type": "string", "value": "representation" },
              "type": {
                "_tag": "Union",
                "checks": [],
                "types": [{ "_tag": "Reference", "$ref": "CheckRepresentationAnnotationOf" }, { "_tag": "Null", "checks": [] }],
                "mode": "anyOf",
              },
              "isOptional": false,
              "isMutable": false,
            },
            {
              "name": { "type": "string", "value": "annotations" },
              "type": {
                "_tag": "Union",
                "checks": [],
                "types": [
                  {
                    "_tag": "Arrays",
                    "checks": [],
                    "elements": [],
                    "rest": [
                      {
                        "_tag": "Objects",
                        "annotations": { "identifier": "AnnotationEntry" },
                        "checks": [],
                        "propertySignatures": [
                          {
                            "name": { "type": "string", "value": "key" },
                            "type": { "_tag": "String", "checks": [] },
                            "isOptional": false,
                            "isMutable": false,
                          },
                          {
                            "name": { "type": "string", "value": "payload" },
                            "type": { "_tag": "Reference", "$ref": "Json" },
                            "isOptional": false,
                            "isMutable": false,
                          },
                        ],
                        "indexSignatures": [],
                      },
                    ],
                  },
                  { "_tag": "Null", "checks": [] },
                ],
                "mode": "anyOf",
              },
              "isOptional": false,
              "isMutable": false,
            },
            {
              "name": { "type": "string", "value": "checks" },
              "type": {
                "_tag": "Arrays",
                "checks": [],
                "elements": [],
                "rest": [{ "_tag": "Reference", "$ref": "Check" }],
              },
              "isOptional": false,
              "isMutable": false,
            },
          ],
          "indexSignatures": [],
        },
      ],
      "mode": "anyOf",
    },
    "CheckRepresentationAnnotationOf": {
      "_tag": "Objects",
      "annotations": { "identifier": "CheckRepresentationAnnotationOf" },
      "checks": [],
      "propertySignatures": [
        {
          "name": { "type": "string", "value": "id" },
          "type": { "_tag": "String", "checks": [] },
          "isOptional": false,
          "isMutable": false,
        },
        {
          "name": { "type": "string", "value": "payload" },
          "type": { "_tag": "Reference", "$ref": "Json" },
          "isOptional": false,
          "isMutable": false,
        },
        {
          "name": { "type": "string", "value": "schemas" },
          "type": {
            "_tag": "Union",
            "checks": [],
            "types": [
              {
                "_tag": "Arrays",
                "checks": [],
                "elements": [],
                "rest": [{ "_tag": "Reference", "$ref": "Representation" }],
              },
              { "_tag": "Null", "checks": [] },
            ],
            "mode": "anyOf",
          },
          "isOptional": false,
          "isMutable": false,
        },
      ],
      "indexSignatures": [],
    },
    "ElementOf": {
      "_tag": "Objects",
      "annotations": { "identifier": "ElementOf" },
      "checks": [],
      "propertySignatures": [
        {
          "name": { "type": "string", "value": "isOptional" },
          "type": { "_tag": "Boolean", "checks": [] },
          "isOptional": false,
          "isMutable": false,
        },
        {
          "name": { "type": "string", "value": "type" },
          "type": { "_tag": "Reference", "$ref": "Representation" },
          "isOptional": false,
          "isMutable": false,
        },
        {
          "name": { "type": "string", "value": "annotations" },
          "type": {
            "_tag": "Union",
            "checks": [],
            "types": [
              {
                "_tag": "Arrays",
                "checks": [],
                "elements": [],
                "rest": [
                  {
                    "_tag": "Objects",
                    "annotations": { "identifier": "AnnotationEntry" },
                    "checks": [],
                    "propertySignatures": [
                      {
                        "name": { "type": "string", "value": "key" },
                        "type": { "_tag": "String", "checks": [] },
                        "isOptional": false,
                        "isMutable": false,
                      },
                      {
                        "name": { "type": "string", "value": "payload" },
                        "type": { "_tag": "Reference", "$ref": "Json" },
                        "isOptional": false,
                        "isMutable": false,
                      },
                    ],
                    "indexSignatures": [],
                  },
                ],
              },
              { "_tag": "Null", "checks": [] },
            ],
            "mode": "anyOf",
          },
          "isOptional": false,
          "isMutable": false,
        },
      ],
      "indexSignatures": [],
    },
    "PropertySignatureOf": {
      "_tag": "Objects",
      "annotations": { "identifier": "PropertySignatureOf" },
      "checks": [],
      "propertySignatures": [
        {
          "name": { "type": "string", "value": "name" },
          "type": {
            "_tag": "Union",
            "annotations": { "identifier": "PropertyKey" },
            "checks": [],
            "types": [
              {
                "_tag": "Objects",
                "checks": [],
                "propertySignatures": [
                  {
                    "name": { "type": "string", "value": "_tag" },
                    "type": {
                      "_tag": "Literal",
                      "checks": [],
                      "literal": { "type": "string", "value": "string" },
                    },
                    "isOptional": false,
                    "isMutable": false,
                  },
                  {
                    "name": { "type": "string", "value": "value" },
                    "type": { "_tag": "String", "checks": [] },
                    "isOptional": false,
                    "isMutable": false,
                  },
                ],
                "indexSignatures": [],
              },
              {
                "_tag": "Objects",
                "checks": [],
                "propertySignatures": [
                  {
                    "name": { "type": "string", "value": "_tag" },
                    "type": {
                      "_tag": "Literal",
                      "checks": [],
                      "literal": { "type": "string", "value": "number" },
                    },
                    "isOptional": false,
                    "isMutable": false,
                  },
                  {
                    "name": { "type": "string", "value": "value" },
                    "type": {
                      "_tag": "Objects",
                      "annotations": { "identifier": "Float64" },
                      "checks": [],
                      "propertySignatures": [
                        {
                          "name": { "type": "string", "value": "bits" },
                          "type": { "_tag": "Reference", "$ref": "UInt64" },
                          "isOptional": false,
                          "isMutable": false,
                        },
                      ],
                      "indexSignatures": [],
                    },
                    "isOptional": false,
                    "isMutable": false,
                  },
                ],
                "indexSignatures": [],
              },
              {
                "_tag": "Objects",
                "checks": [],
                "propertySignatures": [
                  {
                    "name": { "type": "string", "value": "_tag" },
                    "type": {
                      "_tag": "Literal",
                      "checks": [],
                      "literal": { "type": "string", "value": "globalSymbol" },
                    },
                    "isOptional": false,
                    "isMutable": false,
                  },
                  {
                    "name": { "type": "string", "value": "value" },
                    "type": {
                      "_tag": "Objects",
                      "annotations": { "identifier": "GlobalSymbolKey" },
                      "checks": [],
                      "propertySignatures": [
                        {
                          "name": { "type": "string", "value": "key" },
                          "type": { "_tag": "String", "checks": [] },
                          "isOptional": false,
                          "isMutable": false,
                        },
                      ],
                      "indexSignatures": [],
                    },
                    "isOptional": false,
                    "isMutable": false,
                  },
                ],
                "indexSignatures": [],
              },
            ],
            "mode": "anyOf",
          },
          "isOptional": false,
          "isMutable": false,
        },
        {
          "name": { "type": "string", "value": "type" },
          "type": { "_tag": "Reference", "$ref": "Representation" },
          "isOptional": false,
          "isMutable": false,
        },
        {
          "name": { "type": "string", "value": "isOptional" },
          "type": { "_tag": "Boolean", "checks": [] },
          "isOptional": false,
          "isMutable": false,
        },
        {
          "name": { "type": "string", "value": "isMutable" },
          "type": { "_tag": "Boolean", "checks": [] },
          "isOptional": false,
          "isMutable": false,
        },
        {
          "name": { "type": "string", "value": "annotations" },
          "type": {
            "_tag": "Union",
            "checks": [],
            "types": [
              {
                "_tag": "Arrays",
                "checks": [],
                "elements": [],
                "rest": [
                  {
                    "_tag": "Objects",
                    "annotations": { "identifier": "AnnotationEntry" },
                    "checks": [],
                    "propertySignatures": [
                      {
                        "name": { "type": "string", "value": "key" },
                        "type": { "_tag": "String", "checks": [] },
                        "isOptional": false,
                        "isMutable": false,
                      },
                      {
                        "name": { "type": "string", "value": "payload" },
                        "type": { "_tag": "Reference", "$ref": "Json" },
                        "isOptional": false,
                        "isMutable": false,
                      },
                    ],
                    "indexSignatures": [],
                  },
                ],
              },
              { "_tag": "Null", "checks": [] },
            ],
            "mode": "anyOf",
          },
          "isOptional": false,
          "isMutable": false,
        },
      ],
      "indexSignatures": [],
    },
    "IndexSignatureOf": {
      "_tag": "Objects",
      "annotations": { "identifier": "IndexSignatureOf" },
      "checks": [],
      "propertySignatures": [
        {
          "name": { "type": "string", "value": "parameter" },
          "type": { "_tag": "Reference", "$ref": "Representation" },
          "isOptional": false,
          "isMutable": false,
        },
        {
          "name": { "type": "string", "value": "type" },
          "type": { "_tag": "Reference", "$ref": "Representation" },
          "isOptional": false,
          "isMutable": false,
        },
      ],
      "indexSignatures": [],
    },
    "Json": {
      "_tag": "Union",
      "annotations": { "identifier": "Json" },
      "checks": [],
      "types": [
        {
          "_tag": "Objects",
          "checks": [],
          "propertySignatures": [
            {
              "name": { "type": "string", "value": "_tag" },
              "type": {
                "_tag": "Literal",
                "checks": [],
                "literal": { "type": "string", "value": "null" },
              },
              "isOptional": false,
              "isMutable": false,
            },
          ],
          "indexSignatures": [],
        },
        {
          "_tag": "Objects",
          "checks": [],
          "propertySignatures": [
            {
              "name": { "type": "string", "value": "_tag" },
              "type": {
                "_tag": "Literal",
                "checks": [],
                "literal": { "type": "string", "value": "bool" },
              },
              "isOptional": false,
              "isMutable": false,
            },
            {
              "name": { "type": "string", "value": "value" },
              "type": { "_tag": "Boolean", "checks": [] },
              "isOptional": false,
              "isMutable": false,
            },
          ],
          "indexSignatures": [],
        },
        {
          "_tag": "Objects",
          "checks": [],
          "propertySignatures": [
            {
              "name": { "type": "string", "value": "_tag" },
              "type": {
                "_tag": "Literal",
                "checks": [],
                "literal": { "type": "string", "value": "number" },
              },
              "isOptional": false,
              "isMutable": false,
            },
            {
              "name": { "type": "string", "value": "value" },
              "type": {
                "_tag": "Objects",
                "annotations": { "identifier": "Float64" },
                "checks": [],
                "propertySignatures": [
                  {
                    "name": { "type": "string", "value": "bits" },
                    "type": { "_tag": "Reference", "$ref": "UInt64" },
                    "isOptional": false,
                    "isMutable": false,
                  },
                ],
                "indexSignatures": [],
              },
              "isOptional": false,
              "isMutable": false,
            },
          ],
          "indexSignatures": [],
        },
        {
          "_tag": "Objects",
          "checks": [],
          "propertySignatures": [
            {
              "name": { "type": "string", "value": "_tag" },
              "type": {
                "_tag": "Literal",
                "checks": [],
                "literal": { "type": "string", "value": "str" },
              },
              "isOptional": false,
              "isMutable": false,
            },
            {
              "name": { "type": "string", "value": "value" },
              "type": { "_tag": "String", "checks": [] },
              "isOptional": false,
              "isMutable": false,
            },
          ],
          "indexSignatures": [],
        },
        {
          "_tag": "Objects",
          "checks": [],
          "propertySignatures": [
            {
              "name": { "type": "string", "value": "_tag" },
              "type": {
                "_tag": "Literal",
                "checks": [],
                "literal": { "type": "string", "value": "arr" },
              },
              "isOptional": false,
              "isMutable": false,
            },
            {
              "name": { "type": "string", "value": "elements" },
              "type": {
                "_tag": "Arrays",
                "checks": [],
                "elements": [],
                "rest": [{ "_tag": "Reference", "$ref": "Json" }],
              },
              "isOptional": false,
              "isMutable": false,
            },
          ],
          "indexSignatures": [],
        },
        {
          "_tag": "Objects",
          "checks": [],
          "propertySignatures": [
            {
              "name": { "type": "string", "value": "_tag" },
              "type": {
                "_tag": "Literal",
                "checks": [],
                "literal": { "type": "string", "value": "obj" },
              },
              "isOptional": false,
              "isMutable": false,
            },
            {
              "name": { "type": "string", "value": "entries" },
              "type": {
                "_tag": "Arrays",
                "checks": [],
                "elements": [],
                "rest": [
                  {
                    "_tag": "Arrays",
                    "checks": [],
                    "elements": [
                      {
                        "isOptional": false,
                        "type": { "_tag": "String", "checks": [] },
                      },
                      {
                        "isOptional": false,
                        "type": { "_tag": "Reference", "$ref": "Json" },
                      },
                    ],
                    "rest": [],
                  },
                ],
              },
              "isOptional": false,
              "isMutable": false,
            },
          ],
          "indexSignatures": [],
        },
      ],
      "mode": "anyOf",
    },
    "UInt64": {
      "_tag": "Number",
      "annotations": { "identifier": "UInt64" },
      "checks": [
        {
          "_tag": "Filter",
          "representation": { "id": "effect/schema/isInt", "payload": null },
          "aborted": false,
        },
      ],
    },
  },
}

/** Effect Schema document decoded from the generated raw value. */
export const MetaSchema: SchemaRepresentation.Document = SchemaRepresentation.fromJson(MetaSchemaJson)
=====END
REPEATS Document 30 entries, 22 repeats
REPEATS MultiDocument 30 entries, 22 repeats
REPEATS Representation 15 entries, 7 repeats
REPEATS Check 15 entries, 7 repeats
REPEATS ReferenceEntry 15 entries, 7 repeats
REPEATS ShapeDoc 2 entries, 1 repeats
'SeatS.RefDedupe.find?_none_of_not_mem' depends on axioms: [propext, Quot.sound]
'SeatS.RefDedupe.dedupeFrom_distinct' depends on axioms: [propext, Quot.sound]
'SeatS.RefDedupe.dedupeRefs_distinct' depends on axioms: [propext, Quot.sound]
'SeatS.RefDedupe.dedupeFrom_nodup' depends on axioms: [propext, Quot.sound]
'SeatS.RefDedupe.dedupeRefs_nodup' depends on axioms: [propext, Quot.sound]
'SeatS.RefDedupe.moduleSyntaxChecked_distinct' depends on axioms: [propext, Quot.sound]
'SeatS.RefDedupe.dedupeRefs' depends on axioms: [propext, Quot.sound]
'SeatS.RefDedupe.moduleSyntaxChecked' depends on axioms: [propext, Quot.sound]
# exit=0 seconds=13
