STATEMENT Effect4.Api.M1Origin.forkScoped_none_origins ∀ {ν σ : Type u} {β : Type v} {ε δ ι α χ : Type u}
  {St : Type (max u v)} [inst : DecidableEq.{u + 1} ε] [inst_1 : DecidableEq.{u + 1} δ] [inst_2 : DecidableEq.{u + 1} ι]
  [inst_3 : DecidableEq.{u + 1} α]
  (interp : Effect4.Machine.RunInterp.{u, v} ν σ β ε δ ι α χ St (Effect4.Prim.{u, v} ν σ β ε δ ι α))
  (m :
    Effect4.Machine.RunMachine.{u, v} ν σ β ε δ ι α χ St (Effect4.Prim.{u, v} ν σ β ε δ ι α)
      (Effect4.FrameFiber.{u, v} ν σ β ε δ ι α) (Effect4.FrameEvent.{u, v} ν σ β ε δ ι α))
  (f :
    Effect4.Machine.RunFiber.{u, v} ν σ β ε δ ι α χ (Effect4.Prim.{u, v} ν σ β ε δ ι α)
      (Effect4.FrameFiber.{u, v} ν σ β ε δ ι α))
  (yielding : Bool) (program : Effect4.Prim.{u, v} ν σ β ε δ ι α) (options : Effect4.Supervision.ForkOptions)
  (site : List.{0} Nat),
  @Eq.{1} (Option.{0} Nat)
      (@Effect4.Machine.RunInterp.ambientScope.{u, v} ν σ β ε δ ι α χ St (Effect4.Prim.{u, v} ν σ β ε δ ι α) interp
        (@Effect4.Machine.RunFiber.context.{u, v} ν σ β ε δ ι α χ (Effect4.Prim.{u, v} ν σ β ε δ ι α)
          (Effect4.FrameFiber.{u, v} ν σ β ε δ ι α) f))
      (@Option.none.{0} Nat) →
    @Eq.{1} (List.{0} (Prod.{0, 0} Effect4.FiberId Effect4.Machine.Origin))
      (@Effect4.Api.originEntries.{u, v} ν σ β ε δ ι α χ St (Effect4.Prim.{u, v} ν σ β ε δ ι α)
        (Effect4.FrameFiber.{u, v} ν σ β ε δ ι α) (Effect4.FrameEvent.{u, v} ν σ β ε δ ι α)
        (@Effect4.Machine.Iter.machine.{u, v} ν σ β ε δ ι α χ St (Effect4.Prim.{u, v} ν σ β ε δ ι α)
          (Effect4.FrameFiber.{u, v} ν σ β ε δ ι α) (Effect4.FrameEvent.{u, v} ν σ β ε δ ι α)
          (@Effect4.Machine.evaluatePrim.withFiber.{u, v} ν σ β ε δ ι α χ St inst inst_1 inst_2 inst_3 interp m f
            yielding
            (@Effect4.Machine.WithFiberAction.forkScoped.{u, v} ν σ β ε δ ι α χ (Effect4.Prim.{u, v} ν σ β ε δ ι α)
              program options site))))
      (@Effect4.Api.originEntries.{u, v} ν σ β ε δ ι α χ St (Effect4.Prim.{u, v} ν σ β ε δ ι α)
        (Effect4.FrameFiber.{u, v} ν σ β ε δ ι α) (Effect4.FrameEvent.{u, v} ν σ β ε δ ι α) m)
STATEMENT Effect4.Api.M1Origin.load_origins ∀ (program : Effect4.Program.NativeEff) (fuel : Nat)
  (answers :
    List.{0}
      (Effect4.Machine.Completion.{0, 0} Effect4.Machine.Val Effect4.Machine.Err Effect4.Machine.Defect Effect4.FiberId
        Effect4.Machine.Ann)),
  @Eq.{1} (List.{0} (Prod.{0, 0} Effect4.FiberId Effect4.Machine.Origin))
    (@Effect4.Api.originEntries.{0, 0} Effect4.Program.EffName Effect4.Program.EffThunk Effect4.Machine.Val
      Effect4.Machine.Err Effect4.Machine.Defect Effect4.FiberId Effect4.Machine.Ann Effect4.Machine.Ctx
      Effect4.Machine.Stores
      (Effect4.Prim.{0, 0} Effect4.Program.EffName Effect4.Program.EffThunk Effect4.Machine.Val Effect4.Machine.Err
        Effect4.Machine.Defect Effect4.FiberId Effect4.Machine.Ann)
      (Effect4.FrameFiber.{0, 0} Effect4.Program.EffName Effect4.Program.EffThunk Effect4.Machine.Val
        Effect4.Machine.Err Effect4.Machine.Defect Effect4.FiberId Effect4.Machine.Ann)
      (Effect4.FrameEvent.{0, 0} Effect4.Program.EffName Effect4.Program.EffThunk Effect4.Machine.Val
        Effect4.Machine.Err Effect4.Machine.Defect Effect4.FiberId Effect4.Machine.Ann)
      (Effect4.Api.load program fuel answers))
    (@List.cons.{0} (Prod.{0, 0} Effect4.FiberId Effect4.Machine.Origin)
      (@Prod.mk.{0, 0} Effect4.FiberId Effect4.Machine.Origin Effect4.Api.root Effect4.Machine.Origin.root)
      (@List.nil.{0} (Prod.{0, 0} Effect4.FiberId Effect4.Machine.Origin)))
STATEMENT Effect4.Api.M1Origin.race_launch_origins ∀
  (interp :
    Effect4.Machine.RunInterp.{0, 0} Effect4.Program.EffName Effect4.Program.EffThunk Effect4.Machine.Val
      Effect4.Machine.Err Effect4.Machine.Defect Effect4.FiberId Effect4.Machine.Ann Effect4.Machine.Ctx
      Effect4.Machine.Stores
      (Effect4.Prim.{0, 0} Effect4.Program.EffName Effect4.Program.EffThunk Effect4.Machine.Val Effect4.Machine.Err
        Effect4.Machine.Defect Effect4.FiberId Effect4.Machine.Ann))
  (m : Effect4.Api.Machine) (raceId : Nat)
  (race :
    Effect4.Machine.Race.{0, 0} Effect4.Program.EffName Effect4.Program.EffThunk Effect4.Machine.Val Effect4.Machine.Err
      Effect4.Machine.Defect Effect4.FiberId Effect4.Machine.Ann
      (Effect4.Prim.{0, 0} Effect4.Program.EffName Effect4.Program.EffThunk Effect4.Machine.Val Effect4.Machine.Err
        Effect4.Machine.Defect Effect4.FiberId Effect4.Machine.Ann))
  (parent : Effect4.Api.Fiber) (code : Effect4.Program.NCode) (remaining : List.{0} Effect4.Program.NCode)
  (rest :
    List.{0}
      (Effect4.Machine.Cmd.{0, 0} Effect4.Program.EffName Effect4.Program.EffThunk Effect4.Machine.Val
        Effect4.Machine.Err Effect4.Machine.Defect Effect4.FiberId Effect4.Machine.Ann
        (Effect4.Prim.{0, 0} Effect4.Program.EffName Effect4.Program.EffThunk Effect4.Machine.Val Effect4.Machine.Err
          Effect4.Machine.Defect Effect4.FiberId Effect4.Machine.Ann))),
  @Eq.{1}
      (Option.{0}
        (Effect4.Machine.Race.{0, 0} Effect4.Program.EffName Effect4.Program.EffThunk Effect4.Machine.Val
          Effect4.Machine.Err Effect4.Machine.Defect Effect4.FiberId Effect4.Machine.Ann
          (Effect4.Prim.{0, 0} Effect4.Program.EffName Effect4.Program.EffThunk Effect4.Machine.Val Effect4.Machine.Err
            Effect4.Machine.Defect Effect4.FiberId Effect4.Machine.Ann)))
      (@Effect4.Machine.RunMachine.race?.{0, 0} Effect4.Program.EffName Effect4.Program.EffThunk Effect4.Machine.Val
        Effect4.Machine.Err Effect4.Machine.Defect Effect4.FiberId Effect4.Machine.Ann Effect4.Machine.Ctx
        Effect4.Machine.Stores
        (Effect4.Prim.{0, 0} Effect4.Program.EffName Effect4.Program.EffThunk Effect4.Machine.Val Effect4.Machine.Err
          Effect4.Machine.Defect Effect4.FiberId Effect4.Machine.Ann)
        (Effect4.FrameFiber.{0, 0} Effect4.Program.EffName Effect4.Program.EffThunk Effect4.Machine.Val
          Effect4.Machine.Err Effect4.Machine.Defect Effect4.FiberId Effect4.Machine.Ann)
        (Effect4.FrameEvent.{0, 0} Effect4.Program.EffName Effect4.Program.EffThunk Effect4.Machine.Val
          Effect4.Machine.Err Effect4.Machine.Defect Effect4.FiberId Effect4.Machine.Ann)
        m raceId)
      (@Option.some.{0}
        (Effect4.Machine.Race.{0, 0} Effect4.Program.EffName Effect4.Program.EffThunk Effect4.Machine.Val
          Effect4.Machine.Err Effect4.Machine.Defect Effect4.FiberId Effect4.Machine.Ann
          (Effect4.Prim.{0, 0} Effect4.Program.EffName Effect4.Program.EffThunk Effect4.Machine.Val Effect4.Machine.Err
            Effect4.Machine.Defect Effect4.FiberId Effect4.Machine.Ann))
        race) →
    @Eq.{1}
        (List.{0}
          (Effect4.Prim.{0, 0} Effect4.Program.EffName Effect4.Program.EffThunk Effect4.Machine.Val Effect4.Machine.Err
            Effect4.Machine.Defect Effect4.FiberId Effect4.Machine.Ann))
        (@Effect4.Machine.Race.programs.{0, 0} Effect4.Program.EffName Effect4.Program.EffThunk Effect4.Machine.Val
          Effect4.Machine.Err Effect4.Machine.Defect Effect4.FiberId Effect4.Machine.Ann
          (Effect4.Prim.{0, 0} Effect4.Program.EffName Effect4.Program.EffThunk Effect4.Machine.Val Effect4.Machine.Err
            Effect4.Machine.Defect Effect4.FiberId Effect4.Machine.Ann)
          race)
        (@List.cons.{0} Effect4.Program.NCode code remaining) →
      @Eq.{1} Bool
          (@Option.isSome.{0}
            (Effect4.Exit.{0, 0} Effect4.Machine.Val Effect4.Machine.Err Effect4.Machine.Defect Effect4.FiberId
              Effect4.Machine.Ann)
            (@Effect4.Supervision.RaceAllState.accepted.{0, 0} Effect4.Machine.Val Effect4.Machine.Err
              Effect4.Machine.Defect Effect4.FiberId Effect4.Machine.Ann
              (@Effect4.Machine.Race.state.{0, 0} Effect4.Program.EffName Effect4.Program.EffThunk Effect4.Machine.Val
                Effect4.Machine.Err Effect4.Machine.Defect Effect4.FiberId Effect4.Machine.Ann
                (Effect4.Prim.{0, 0} Effect4.Program.EffName Effect4.Program.EffThunk Effect4.Machine.Val
                  Effect4.Machine.Err Effect4.Machine.Defect Effect4.FiberId Effect4.Machine.Ann)
                race)))
          Bool.false →
        @Eq.{1}
            (Option.{0}
              (Effect4.Machine.RunFiber.{0, 0} Effect4.Program.EffName Effect4.Program.EffThunk Effect4.Machine.Val
                Effect4.Machine.Err Effect4.Machine.Defect Effect4.FiberId Effect4.Machine.Ann Effect4.Machine.Ctx
                (Effect4.Prim.{0, 0} Effect4.Program.EffName Effect4.Program.EffThunk Effect4.Machine.Val
                  Effect4.Machine.Err Effect4.Machine.Defect Effect4.FiberId Effect4.Machine.Ann)
                (Effect4.FrameFiber.{0, 0} Effect4.Program.EffName Effect4.Program.EffThunk Effect4.Machine.Val
                  Effect4.Machine.Err Effect4.Machine.Defect Effect4.FiberId Effect4.Machine.Ann)))
            (@Effect4.Machine.RunMachine.fiber?.{0, 0} Effect4.Program.EffName Effect4.Program.EffThunk
              Effect4.Machine.Val Effect4.Machine.Err Effect4.Machine.Defect Effect4.FiberId Effect4.Machine.Ann
              Effect4.Machine.Ctx Effect4.Machine.Stores
              (Effect4.Prim.{0, 0} Effect4.Program.EffName Effect4.Program.EffThunk Effect4.Machine.Val
                Effect4.Machine.Err Effect4.Machine.Defect Effect4.FiberId Effect4.Machine.Ann)
              (Effect4.FrameFiber.{0, 0} Effect4.Program.EffName Effect4.Program.EffThunk Effect4.Machine.Val
                Effect4.Machine.Err Effect4.Machine.Defect Effect4.FiberId Effect4.Machine.Ann)
              (Effect4.FrameEvent.{0, 0} Effect4.Program.EffName Effect4.Program.EffThunk Effect4.Machine.Val
                Effect4.Machine.Err Effect4.Machine.Defect Effect4.FiberId Effect4.Machine.Ann)
              m
              (@Effect4.Machine.Race.host.{0, 0} Effect4.Program.EffName Effect4.Program.EffThunk Effect4.Machine.Val
                Effect4.Machine.Err Effect4.Machine.Defect Effect4.FiberId Effect4.Machine.Ann
                (Effect4.Prim.{0, 0} Effect4.Program.EffName Effect4.Program.EffThunk Effect4.Machine.Val
                  Effect4.Machine.Err Effect4.Machine.Defect Effect4.FiberId Effect4.Machine.Ann)
                race))
            (@Option.some.{0} Effect4.Api.Fiber parent) →
          And
            (@Eq.{1} (List.{0} (Prod.{0, 0} Effect4.FiberId Effect4.Machine.Origin))
              (@Effect4.Api.originEntries.{0, 0} Effect4.Program.EffName Effect4.Program.EffThunk Effect4.Machine.Val
                Effect4.Machine.Err Effect4.Machine.Defect Effect4.FiberId Effect4.Machine.Ann Effect4.Machine.Ctx
                Effect4.Machine.Stores
                (Effect4.Prim.{0, 0} Effect4.Program.EffName Effect4.Program.EffThunk Effect4.Machine.Val
                  Effect4.Machine.Err Effect4.Machine.Defect Effect4.FiberId Effect4.Machine.Ann)
                (Effect4.FrameFiber.{0, 0} Effect4.Program.EffName Effect4.Program.EffThunk Effect4.Machine.Val
                  Effect4.Machine.Err Effect4.Machine.Defect Effect4.FiberId Effect4.Machine.Ann)
                (Effect4.FrameEvent.{0, 0} Effect4.Program.EffName Effect4.Program.EffThunk Effect4.Machine.Val
                  Effect4.Machine.Err Effect4.Machine.Defect Effect4.FiberId Effect4.Machine.Ann)
                (@Prod.fst.{0, 0}
                  (Effect4.Machine.RunMachine.{0, 0} Effect4.Program.EffName Effect4.Program.EffThunk
                    Effect4.Machine.Val Effect4.Machine.Err Effect4.Machine.Defect Effect4.FiberId Effect4.Machine.Ann
                    Effect4.Machine.Ctx Effect4.Machine.Stores
                    (Effect4.Prim.{0, 0} Effect4.Program.EffName Effect4.Program.EffThunk Effect4.Machine.Val
                      Effect4.Machine.Err Effect4.Machine.Defect Effect4.FiberId Effect4.Machine.Ann)
                    (Effect4.FrameFiber.{0, 0} Effect4.Program.EffName Effect4.Program.EffThunk Effect4.Machine.Val
                      Effect4.Machine.Err Effect4.Machine.Defect Effect4.FiberId Effect4.Machine.Ann)
                    (Effect4.FrameEvent.{0, 0} Effect4.Program.EffName Effect4.Program.EffThunk Effect4.Machine.Val
                      Effect4.Machine.Err Effect4.Machine.Defect Effect4.FiberId Effect4.Machine.Ann))
                  (List.{0}
                    (Effect4.Machine.Cmd.{0, 0} Effect4.Program.EffName Effect4.Program.EffThunk Effect4.Machine.Val
                      Effect4.Machine.Err Effect4.Machine.Defect Effect4.FiberId Effect4.Machine.Ann
                      (Effect4.Prim.{0, 0} Effect4.Program.EffName Effect4.Program.EffThunk Effect4.Machine.Val
                        Effect4.Machine.Err Effect4.Machine.Defect Effect4.FiberId Effect4.Machine.Ann)))
                  (@Effect4.Machine.driveStep.{0, 0} Effect4.Program.EffName Effect4.Program.EffThunk
                    Effect4.Machine.Val Effect4.Machine.Err Effect4.Machine.Defect Effect4.FiberId Effect4.Machine.Ann
                    Effect4.Machine.Ctx Effect4.Machine.Stores Effect4.Machine.instDecidableEqErr
                    Effect4.Machine.instDecidableEqDefect Effect4.instDecidableEqFiberId instDecidableEqPUnit.{1}
                    (Effect4.Prim.{0, 0} Effect4.Program.EffName Effect4.Program.EffThunk Effect4.Machine.Val
                      Effect4.Machine.Err Effect4.Machine.Defect Effect4.FiberId Effect4.Machine.Ann)
                    (Effect4.FrameFiber.{0, 0} Effect4.Program.EffName Effect4.Program.EffThunk Effect4.Machine.Val
                      Effect4.Machine.Err Effect4.Machine.Defect Effect4.FiberId Effect4.Machine.Ann)
                    (Effect4.FrameEvent.{0, 0} Effect4.Program.EffName Effect4.Program.EffThunk Effect4.Machine.Val
                      Effect4.Machine.Err Effect4.Machine.Defect Effect4.FiberId Effect4.Machine.Ann)
                    (@Effect4.Machine.frameCore.{0, 0} Effect4.Program.EffName Effect4.Program.EffThunk
                      Effect4.Machine.Val Effect4.Machine.Err Effect4.Machine.Defect Effect4.FiberId
                      Effect4.Machine.Ann)
                    (@Effect4.Machine.frameEvaluator.{0, 0} Effect4.Program.EffName Effect4.Program.EffThunk
                      Effect4.Machine.Val Effect4.Machine.Err Effect4.Machine.Defect Effect4.FiberId Effect4.Machine.Ann
                      Effect4.Machine.Ctx Effect4.Machine.Stores Effect4.Machine.instDecidableEqErr
                      Effect4.Machine.instDecidableEqDefect Effect4.instDecidableEqFiberId instDecidableEqPUnit.{1})
                    interp m
                    (@Effect4.Machine.Cmd.launch.{0, 0} Effect4.Program.EffName Effect4.Program.EffThunk
                      Effect4.Machine.Val Effect4.Machine.Err Effect4.Machine.Defect Effect4.FiberId Effect4.Machine.Ann
                      (Effect4.Prim.{0, 0} Effect4.Program.EffName Effect4.Program.EffThunk Effect4.Machine.Val
                        Effect4.Machine.Err Effect4.Machine.Defect Effect4.FiberId Effect4.Machine.Ann)
                      raceId)
                    rest)))
              (@HAppend.hAppend.{0, 0, 0} (List.{0} (Prod.{0, 0} Effect4.FiberId Effect4.Machine.Origin))
                (List.{0} (Prod.{0, 0} Effect4.FiberId Effect4.Machine.Origin))
                (List.{0} (Prod.{0, 0} Effect4.FiberId Effect4.Machine.Origin))
                (@instHAppendOfAppend.{0} (List.{0} (Prod.{0, 0} Effect4.FiberId Effect4.Machine.Origin))
                  (@List.instAppend.{0} (Prod.{0, 0} Effect4.FiberId Effect4.Machine.Origin)))
                (@Effect4.Api.originEntries.{0, 0} Effect4.Program.EffName Effect4.Program.EffThunk Effect4.Machine.Val
                  Effect4.Machine.Err Effect4.Machine.Defect Effect4.FiberId Effect4.Machine.Ann Effect4.Machine.Ctx
                  Effect4.Machine.Stores
                  (Effect4.Prim.{0, 0} Effect4.Program.EffName Effect4.Program.EffThunk Effect4.Machine.Val
                    Effect4.Machine.Err Effect4.Machine.Defect Effect4.FiberId Effect4.Machine.Ann)
                  (Effect4.FrameFiber.{0, 0} Effect4.Program.EffName Effect4.Program.EffThunk Effect4.Machine.Val
                    Effect4.Machine.Err Effect4.Machine.Defect Effect4.FiberId Effect4.Machine.Ann)
                  (Effect4.FrameEvent.{0, 0} Effect4.Program.EffName Effect4.Program.EffThunk Effect4.Machine.Val
                    Effect4.Machine.Err Effect4.Machine.Defect Effect4.FiberId Effect4.Machine.Ann)
                  m)
                (@List.cons.{0} (Prod.{0, 0} Effect4.FiberId Effect4.Machine.Origin)
                  (@Prod.mk.{0, 0} Effect4.FiberId Effect4.Machine.Origin
                    {
                      value :=
                        @Effect4.Machine.RunMachine.nextId.{0, 0} Effect4.Program.EffName Effect4.Program.EffThunk
                          Effect4.Machine.Val Effect4.Machine.Err Effect4.Machine.Defect Effect4.FiberId
                          Effect4.Machine.Ann Effect4.Machine.Ctx Effect4.Machine.Stores
                          (Effect4.Prim.{0, 0} Effect4.Program.EffName Effect4.Program.EffThunk Effect4.Machine.Val
                            Effect4.Machine.Err Effect4.Machine.Defect Effect4.FiberId Effect4.Machine.Ann)
                          (Effect4.FrameFiber.{0, 0} Effect4.Program.EffName Effect4.Program.EffThunk
                            Effect4.Machine.Val Effect4.Machine.Err Effect4.Machine.Defect Effect4.FiberId
                            Effect4.Machine.Ann)
                          (Effect4.FrameEvent.{0, 0} Effect4.Program.EffName Effect4.Program.EffThunk
                            Effect4.Machine.Val Effect4.Machine.Err Effect4.Machine.Defect Effect4.FiberId
                            Effect4.Machine.Ann)
                          m }
                    (Effect4.Machine.Origin.forked
                      (@Effect4.Machine.RunFiber.id.{0, 0} Effect4.Program.EffName Effect4.Program.EffThunk
                        Effect4.Machine.Val Effect4.Machine.Err Effect4.Machine.Defect Effect4.FiberId
                        Effect4.Machine.Ann Effect4.Machine.Ctx
                        (Effect4.Prim.{0, 0} Effect4.Program.EffName Effect4.Program.EffThunk Effect4.Machine.Val
                          Effect4.Machine.Err Effect4.Machine.Defect Effect4.FiberId Effect4.Machine.Ann)
                        (Effect4.FrameFiber.{0, 0} Effect4.Program.EffName Effect4.Program.EffThunk Effect4.Machine.Val
                          Effect4.Machine.Err Effect4.Machine.Defect Effect4.FiberId Effect4.Machine.Ann)
                        parent)
                      Bool.true
                      (@Option.getD.{0} (List.{0} Nat)
                        (@Effect4.Machine.Race.nextSite.{0, 0} Effect4.Program.EffName Effect4.Program.EffThunk
                          Effect4.Machine.Val Effect4.Machine.Err Effect4.Machine.Defect Effect4.FiberId
                          Effect4.Machine.Ann
                          (Effect4.Prim.{0, 0} Effect4.Program.EffName Effect4.Program.EffThunk Effect4.Machine.Val
                            Effect4.Machine.Err Effect4.Machine.Defect Effect4.FiberId Effect4.Machine.Ann)
                          race)
                        (@List.nil.{0} Nat))))
                  (@List.nil.{0} (Prod.{0, 0} Effect4.FiberId Effect4.Machine.Origin)))))
            (@Eq.{1} (Option.{0} (Option.{0} (List.{0} Nat)))
              (@Option.map.{0, 0}
                (Effect4.Machine.Race.{0, 0} Effect4.Program.EffName Effect4.Program.EffThunk Effect4.Machine.Val
                  Effect4.Machine.Err Effect4.Machine.Defect Effect4.FiberId Effect4.Machine.Ann
                  (Effect4.Prim.{0, 0} Effect4.Program.EffName Effect4.Program.EffThunk Effect4.Machine.Val
                    Effect4.Machine.Err Effect4.Machine.Defect Effect4.FiberId Effect4.Machine.Ann))
                (Option.{0} (List.{0} Nat))
                (fun r =>
                  @Effect4.Machine.Race.nextSite.{0, 0} Effect4.Program.EffName Effect4.Program.EffThunk
                    Effect4.Machine.Val Effect4.Machine.Err Effect4.Machine.Defect Effect4.FiberId Effect4.Machine.Ann
                    (Effect4.Prim.{0, 0} Effect4.Program.EffName Effect4.Program.EffThunk Effect4.Machine.Val
                      Effect4.Machine.Err Effect4.Machine.Defect Effect4.FiberId Effect4.Machine.Ann)
                    r)
                (@Effect4.Machine.RunMachine.race?.{0, 0} Effect4.Program.EffName Effect4.Program.EffThunk
                  Effect4.Machine.Val Effect4.Machine.Err Effect4.Machine.Defect Effect4.FiberId Effect4.Machine.Ann
                  Effect4.Machine.Ctx Effect4.Machine.Stores
                  (Effect4.Prim.{0, 0} Effect4.Program.EffName Effect4.Program.EffThunk Effect4.Machine.Val
                    Effect4.Machine.Err Effect4.Machine.Defect Effect4.FiberId Effect4.Machine.Ann)
                  (Effect4.FrameFiber.{0, 0} Effect4.Program.EffName Effect4.Program.EffThunk Effect4.Machine.Val
                    Effect4.Machine.Err Effect4.Machine.Defect Effect4.FiberId Effect4.Machine.Ann)
                  (Effect4.FrameEvent.{0, 0} Effect4.Program.EffName Effect4.Program.EffThunk Effect4.Machine.Val
                    Effect4.Machine.Err Effect4.Machine.Defect Effect4.FiberId Effect4.Machine.Ann)
                  (@Prod.fst.{0, 0}
                    (Effect4.Machine.RunMachine.{0, 0} Effect4.Program.EffName Effect4.Program.EffThunk
                      Effect4.Machine.Val Effect4.Machine.Err Effect4.Machine.Defect Effect4.FiberId Effect4.Machine.Ann
                      Effect4.Machine.Ctx Effect4.Machine.Stores
                      (Effect4.Prim.{0, 0} Effect4.Program.EffName Effect4.Program.EffThunk Effect4.Machine.Val
                        Effect4.Machine.Err Effect4.Machine.Defect Effect4.FiberId Effect4.Machine.Ann)
                      (Effect4.FrameFiber.{0, 0} Effect4.Program.EffName Effect4.Program.EffThunk Effect4.Machine.Val
                        Effect4.Machine.Err Effect4.Machine.Defect Effect4.FiberId Effect4.Machine.Ann)
                      (Effect4.FrameEvent.{0, 0} Effect4.Program.EffName Effect4.Program.EffThunk Effect4.Machine.Val
                        Effect4.Machine.Err Effect4.Machine.Defect Effect4.FiberId Effect4.Machine.Ann))
                    (List.{0}
                      (Effect4.Machine.Cmd.{0, 0} Effect4.Program.EffName Effect4.Program.EffThunk Effect4.Machine.Val
                        Effect4.Machine.Err Effect4.Machine.Defect Effect4.FiberId Effect4.Machine.Ann
                        (Effect4.Prim.{0, 0} Effect4.Program.EffName Effect4.Program.EffThunk Effect4.Machine.Val
                          Effect4.Machine.Err Effect4.Machine.Defect Effect4.FiberId Effect4.Machine.Ann)))
                    (@Effect4.Machine.driveStep.{0, 0} Effect4.Program.EffName Effect4.Program.EffThunk
                      Effect4.Machine.Val Effect4.Machine.Err Effect4.Machine.Defect Effect4.FiberId Effect4.Machine.Ann
                      Effect4.Machine.Ctx Effect4.Machine.Stores Effect4.Machine.instDecidableEqErr
                      Effect4.Machine.instDecidableEqDefect Effect4.instDecidableEqFiberId instDecidableEqPUnit.{1}
                      (Effect4.Prim.{0, 0} Effect4.Program.EffName Effect4.Program.EffThunk Effect4.Machine.Val
                        Effect4.Machine.Err Effect4.Machine.Defect Effect4.FiberId Effect4.Machine.Ann)
                      (Effect4.FrameFiber.{0, 0} Effect4.Program.EffName Effect4.Program.EffThunk Effect4.Machine.Val
                        Effect4.Machine.Err Effect4.Machine.Defect Effect4.FiberId Effect4.Machine.Ann)
                      (Effect4.FrameEvent.{0, 0} Effect4.Program.EffName Effect4.Program.EffThunk Effect4.Machine.Val
                        Effect4.Machine.Err Effect4.Machine.Defect Effect4.FiberId Effect4.Machine.Ann)
                      (@Effect4.Machine.frameCore.{0, 0} Effect4.Program.EffName Effect4.Program.EffThunk
                        Effect4.Machine.Val Effect4.Machine.Err Effect4.Machine.Defect Effect4.FiberId
                        Effect4.Machine.Ann)
                      (@Effect4.Machine.frameEvaluator.{0, 0} Effect4.Program.EffName Effect4.Program.EffThunk
                        Effect4.Machine.Val Effect4.Machine.Err Effect4.Machine.Defect Effect4.FiberId
                        Effect4.Machine.Ann Effect4.Machine.Ctx Effect4.Machine.Stores
                        Effect4.Machine.instDecidableEqErr Effect4.Machine.instDecidableEqDefect
                        Effect4.instDecidableEqFiberId instDecidableEqPUnit.{1})
                      interp m
                      (@Effect4.Machine.Cmd.launch.{0, 0} Effect4.Program.EffName Effect4.Program.EffThunk
                        Effect4.Machine.Val Effect4.Machine.Err Effect4.Machine.Defect Effect4.FiberId
                        Effect4.Machine.Ann
                        (Effect4.Prim.{0, 0} Effect4.Program.EffName Effect4.Program.EffThunk Effect4.Machine.Val
                          Effect4.Machine.Err Effect4.Machine.Defect Effect4.FiberId Effect4.Machine.Ann)
                        raceId)
                      rest))
                  raceId))
              (@Option.some.{0} (Option.{0} (List.{0} Nat))
                (@Option.map.{0, 0} (List.{0} Nat) (List.{0} Nat)
                  (fun path =>
                    @HAppend.hAppend.{0, 0, 0} (List.{0} Nat) (List.{0} Nat) (List.{0} Nat)
                      (@instHAppendOfAppend.{0} (List.{0} Nat) (@List.instAppend.{0} Nat)) path
                      (@List.cons.{0} Nat (@OfNat.ofNat.{0} Nat (nat_lit 1) (instOfNatNat (nat_lit 1)))
                        (@List.nil.{0} Nat)))
                  (@Effect4.Machine.Race.nextSite.{0, 0} Effect4.Program.EffName Effect4.Program.EffThunk
                    Effect4.Machine.Val Effect4.Machine.Err Effect4.Machine.Defect Effect4.FiberId Effect4.Machine.Ann
                    (Effect4.Prim.{0, 0} Effect4.Program.EffName Effect4.Program.EffThunk Effect4.Machine.Val
                      Effect4.Machine.Err Effect4.Machine.Defect Effect4.FiberId Effect4.Machine.Ann)
                    race))))
STATEMENT Effect4.Api.M1Origin.source_fork ∀ (program body : Effect4.Program.NativeEff) (point : Effect4.Program.Point)
  (options : Effect4.Supervision.ForkOptions),
  @Eq.{1} (Option.{0} (Effect4.Program.Node Effect4.Program.NativeOp))
      (@Effect4.Program.Node.at_ Effect4.Program.NativeOp (@Effect4.Program.Node.eff Effect4.Program.NativeOp program)
        point.path)
      (@Option.some.{0} (Effect4.Program.Node Effect4.Program.NativeOp)
        (@Effect4.Program.Node.eff Effect4.Program.NativeOp
          (@Effect4.Program.Eff.withFiber Effect4.Program.NativeOp
            (@Effect4.Program.ActionTerm.fork Effect4.Program.NativeOp body options)))) →
    ∀ (table : Effect4.Program.RowTable) (m : Effect4.Api.Machine) (parent : Effect4.Api.Fiber) (yielding : Bool),
      have q := point.child (@OfNat.ofNat.{0} Nat (nat_lit 0) (instOfNatNat (nat_lit 0)));
      have action :=
        @Effect4.Machine.WithFiberAction.fork.{0, 0} Effect4.Program.EffName Effect4.Program.EffThunk
          Effect4.Machine.Val Effect4.Machine.Err Effect4.Machine.Defect Effect4.FiberId Effect4.Machine.Ann
          Effect4.Machine.Ctx
          (Effect4.Prim.{0, 0} Effect4.Program.EffName Effect4.Program.EffThunk Effect4.Machine.Val Effect4.Machine.Err
            Effect4.Machine.Defect Effect4.FiberId Effect4.Machine.Ann)
          (Effect4.Program.resolve program (q.child (@OfNat.ofNat.{0} Nat (nat_lit 0) (instOfNatNat (nat_lit 0)))))
          options q.path;
      have site :=
        { path := q.path,
          kind :=
            @ite.{1} Effect4.Api.ForkKind (@Eq.{1} Bool options.daemon Bool.true)
              (instDecidableEqBool options.daemon Bool.true) Effect4.Api.ForkKind.daemon Effect4.Api.ForkKind.child,
          options := options };
      And
        (@Eq.{1} (Option.{0} Effect4.Program.NAction) (Effect4.Program.actionAt program point)
          (@Option.some.{0} Effect4.Program.NAction action))
        (@Eq.{1} (List.{0} (Prod.{0, 0} Effect4.FiberId Effect4.Machine.Origin))
          (@Effect4.Api.originEntries.{0, 0} Effect4.Program.EffName Effect4.Program.EffThunk Effect4.Machine.Val
            Effect4.Machine.Err Effect4.Machine.Defect Effect4.FiberId Effect4.Machine.Ann Effect4.Machine.Ctx
            Effect4.Machine.Stores
            (Effect4.Prim.{0, 0} Effect4.Program.EffName Effect4.Program.EffThunk Effect4.Machine.Val
              Effect4.Machine.Err Effect4.Machine.Defect Effect4.FiberId Effect4.Machine.Ann)
            (Effect4.FrameFiber.{0, 0} Effect4.Program.EffName Effect4.Program.EffThunk Effect4.Machine.Val
              Effect4.Machine.Err Effect4.Machine.Defect Effect4.FiberId Effect4.Machine.Ann)
            (Effect4.FrameEvent.{0, 0} Effect4.Program.EffName Effect4.Program.EffThunk Effect4.Machine.Val
              Effect4.Machine.Err Effect4.Machine.Defect Effect4.FiberId Effect4.Machine.Ann)
            (@Effect4.Machine.Iter.machine.{0, 0} Effect4.Program.EffName Effect4.Program.EffThunk Effect4.Machine.Val
              Effect4.Machine.Err Effect4.Machine.Defect Effect4.FiberId Effect4.Machine.Ann Effect4.Machine.Ctx
              Effect4.Machine.Stores
              (Effect4.Prim.{0, 0} Effect4.Program.EffName Effect4.Program.EffThunk Effect4.Machine.Val
                Effect4.Machine.Err Effect4.Machine.Defect Effect4.FiberId Effect4.Machine.Ann)
              (Effect4.FrameFiber.{0, 0} Effect4.Program.EffName Effect4.Program.EffThunk Effect4.Machine.Val
                Effect4.Machine.Err Effect4.Machine.Defect Effect4.FiberId Effect4.Machine.Ann)
              (Effect4.FrameEvent.{0, 0} Effect4.Program.EffName Effect4.Program.EffThunk Effect4.Machine.Val
                Effect4.Machine.Err Effect4.Machine.Defect Effect4.FiberId Effect4.Machine.Ann)
              (@Effect4.Machine.evaluatePrim.withFiber.{0, 0} Effect4.Program.EffName Effect4.Program.EffThunk
                Effect4.Machine.Val Effect4.Machine.Err Effect4.Machine.Defect Effect4.FiberId Effect4.Machine.Ann
                Effect4.Machine.Ctx Effect4.Machine.Stores Effect4.Machine.instDecidableEqErr
                Effect4.Machine.instDecidableEqDefect Effect4.instDecidableEqFiberId instDecidableEqPUnit.{1}
                (Effect4.Program.interpOf program table) m parent yielding action)))
          (@HAppend.hAppend.{0, 0, 0} (List.{0} (Prod.{0, 0} Effect4.FiberId Effect4.Machine.Origin))
            (List.{0} (Prod.{0, 0} Effect4.FiberId Effect4.Machine.Origin))
            (List.{0} (Prod.{0, 0} Effect4.FiberId Effect4.Machine.Origin))
            (@instHAppendOfAppend.{0} (List.{0} (Prod.{0, 0} Effect4.FiberId Effect4.Machine.Origin))
              (@List.instAppend.{0} (Prod.{0, 0} Effect4.FiberId Effect4.Machine.Origin)))
            (@Effect4.Api.originEntries.{0, 0} Effect4.Program.EffName Effect4.Program.EffThunk Effect4.Machine.Val
              Effect4.Machine.Err Effect4.Machine.Defect Effect4.FiberId Effect4.Machine.Ann Effect4.Machine.Ctx
              Effect4.Machine.Stores
              (Effect4.Prim.{0, 0} Effect4.Program.EffName Effect4.Program.EffThunk Effect4.Machine.Val
                Effect4.Machine.Err Effect4.Machine.Defect Effect4.FiberId Effect4.Machine.Ann)
              (Effect4.FrameFiber.{0, 0} Effect4.Program.EffName Effect4.Program.EffThunk Effect4.Machine.Val
                Effect4.Machine.Err Effect4.Machine.Defect Effect4.FiberId Effect4.Machine.Ann)
              (Effect4.FrameEvent.{0, 0} Effect4.Program.EffName Effect4.Program.EffThunk Effect4.Machine.Val
                Effect4.Machine.Err Effect4.Machine.Defect Effect4.FiberId Effect4.Machine.Ann)
              m)
            (@List.cons.{0} (Prod.{0, 0} Effect4.FiberId Effect4.Machine.Origin)
              (@Prod.mk.{0, 0} Effect4.FiberId Effect4.Machine.Origin
                {
                  value :=
                    @Effect4.Machine.RunMachine.nextId.{0, 0} Effect4.Program.EffName Effect4.Program.EffThunk
                      Effect4.Machine.Val Effect4.Machine.Err Effect4.Machine.Defect Effect4.FiberId Effect4.Machine.Ann
                      Effect4.Machine.Ctx Effect4.Machine.Stores
                      (Effect4.Prim.{0, 0} Effect4.Program.EffName Effect4.Program.EffThunk Effect4.Machine.Val
                        Effect4.Machine.Err Effect4.Machine.Defect Effect4.FiberId Effect4.Machine.Ann)
                      (Effect4.FrameFiber.{0, 0} Effect4.Program.EffName Effect4.Program.EffThunk Effect4.Machine.Val
                        Effect4.Machine.Err Effect4.Machine.Defect Effect4.FiberId Effect4.Machine.Ann)
                      (Effect4.FrameEvent.{0, 0} Effect4.Program.EffName Effect4.Program.EffThunk Effect4.Machine.Val
                        Effect4.Machine.Err Effect4.Machine.Defect Effect4.FiberId Effect4.Machine.Ann)
                      m }
                (Effect4.Machine.Origin.forked
                  (@Effect4.Machine.RunFiber.id.{0, 0} Effect4.Program.EffName Effect4.Program.EffThunk
                    Effect4.Machine.Val Effect4.Machine.Err Effect4.Machine.Defect Effect4.FiberId Effect4.Machine.Ann
                    Effect4.Machine.Ctx
                    (Effect4.Prim.{0, 0} Effect4.Program.EffName Effect4.Program.EffThunk Effect4.Machine.Val
                      Effect4.Machine.Err Effect4.Machine.Defect Effect4.FiberId Effect4.Machine.Ann)
                    (Effect4.FrameFiber.{0, 0} Effect4.Program.EffName Effect4.Program.EffThunk Effect4.Machine.Val
                      Effect4.Machine.Err Effect4.Machine.Defect Effect4.FiberId Effect4.Machine.Ann)
                    parent)
                  site.isDaemon site.path))
              (@List.nil.{0} (Prod.{0, 0} Effect4.FiberId Effect4.Machine.Origin)))))
STATEMENT Effect4.Api.M1Origin.source_forkIn ∀ (program body : Effect4.Program.NativeEff)
  (point : Effect4.Program.Point) (options : Effect4.Supervision.ForkOptions) (scopeTerm : Effect4.Program.Term)
  (scope : Nat),
  @Eq.{1} (Option.{0} (Effect4.Program.Node Effect4.Program.NativeOp))
      (@Effect4.Program.Node.at_ Effect4.Program.NativeOp (@Effect4.Program.Node.eff Effect4.Program.NativeOp program)
        point.path)
      (@Option.some.{0} (Effect4.Program.Node Effect4.Program.NativeOp)
        (@Effect4.Program.Node.eff Effect4.Program.NativeOp
          (@Effect4.Program.Eff.withFiber Effect4.Program.NativeOp
            (@Effect4.Program.ActionTerm.forkIn Effect4.Program.NativeOp body options scopeTerm)))) →
    @Eq.{1} (Option.{0} Effect4.Machine.Val) (Effect4.Program.evalTerm point.env scopeTerm)
        (@Option.some.{0} Effect4.Machine.Val (Effect4.Machine.Val.scopeHandle scope)) →
      ∀ (table : Effect4.Program.RowTable) (m : Effect4.Api.Machine) (parent : Effect4.Api.Fiber) (yielding : Bool),
        have q := point.child (@OfNat.ofNat.{0} Nat (nat_lit 0) (instOfNatNat (nat_lit 0)));
        have action :=
          @Effect4.Machine.WithFiberAction.forkIn.{0, 0} Effect4.Program.EffName Effect4.Program.EffThunk
            Effect4.Machine.Val Effect4.Machine.Err Effect4.Machine.Defect Effect4.FiberId Effect4.Machine.Ann
            Effect4.Machine.Ctx
            (Effect4.Prim.{0, 0} Effect4.Program.EffName Effect4.Program.EffThunk Effect4.Machine.Val
              Effect4.Machine.Err Effect4.Machine.Defect Effect4.FiberId Effect4.Machine.Ann)
            (Effect4.Program.resolve program (q.child (@OfNat.ofNat.{0} Nat (nat_lit 0) (instOfNatNat (nat_lit 0)))))
            options scope q.path;
        have site :=
          { path := q.path, kind := Effect4.Api.ForkKind.pinned (@Option.some.{0} Effect4.Program.Term scopeTerm),
            options := options };
        And
          (@Eq.{1} (Option.{0} Effect4.Program.NAction) (Effect4.Program.actionAt program point)
            (@Option.some.{0} Effect4.Program.NAction action))
          (@Eq.{1} (List.{0} (Prod.{0, 0} Effect4.FiberId Effect4.Machine.Origin))
            (@Effect4.Api.originEntries.{0, 0} Effect4.Program.EffName Effect4.Program.EffThunk Effect4.Machine.Val
              Effect4.Machine.Err Effect4.Machine.Defect Effect4.FiberId Effect4.Machine.Ann Effect4.Machine.Ctx
              Effect4.Machine.Stores
              (Effect4.Prim.{0, 0} Effect4.Program.EffName Effect4.Program.EffThunk Effect4.Machine.Val
                Effect4.Machine.Err Effect4.Machine.Defect Effect4.FiberId Effect4.Machine.Ann)
              (Effect4.FrameFiber.{0, 0} Effect4.Program.EffName Effect4.Program.EffThunk Effect4.Machine.Val
                Effect4.Machine.Err Effect4.Machine.Defect Effect4.FiberId Effect4.Machine.Ann)
              (Effect4.FrameEvent.{0, 0} Effect4.Program.EffName Effect4.Program.EffThunk Effect4.Machine.Val
                Effect4.Machine.Err Effect4.Machine.Defect Effect4.FiberId Effect4.Machine.Ann)
              (@Effect4.Machine.Iter.machine.{0, 0} Effect4.Program.EffName Effect4.Program.EffThunk Effect4.Machine.Val
                Effect4.Machine.Err Effect4.Machine.Defect Effect4.FiberId Effect4.Machine.Ann Effect4.Machine.Ctx
                Effect4.Machine.Stores
                (Effect4.Prim.{0, 0} Effect4.Program.EffName Effect4.Program.EffThunk Effect4.Machine.Val
                  Effect4.Machine.Err Effect4.Machine.Defect Effect4.FiberId Effect4.Machine.Ann)
                (Effect4.FrameFiber.{0, 0} Effect4.Program.EffName Effect4.Program.EffThunk Effect4.Machine.Val
                  Effect4.Machine.Err Effect4.Machine.Defect Effect4.FiberId Effect4.Machine.Ann)
                (Effect4.FrameEvent.{0, 0} Effect4.Program.EffName Effect4.Program.EffThunk Effect4.Machine.Val
                  Effect4.Machine.Err Effect4.Machine.Defect Effect4.FiberId Effect4.Machine.Ann)
                (@Effect4.Machine.evaluatePrim.withFiber.{0, 0} Effect4.Program.EffName Effect4.Program.EffThunk
                  Effect4.Machine.Val Effect4.Machine.Err Effect4.Machine.Defect Effect4.FiberId Effect4.Machine.Ann
                  Effect4.Machine.Ctx Effect4.Machine.Stores Effect4.Machine.instDecidableEqErr
                  Effect4.Machine.instDecidableEqDefect Effect4.instDecidableEqFiberId instDecidableEqPUnit.{1}
                  (Effect4.Program.interpOf program table) m parent yielding action)))
            (@HAppend.hAppend.{0, 0, 0} (List.{0} (Prod.{0, 0} Effect4.FiberId Effect4.Machine.Origin))
              (List.{0} (Prod.{0, 0} Effect4.FiberId Effect4.Machine.Origin))
              (List.{0} (Prod.{0, 0} Effect4.FiberId Effect4.Machine.Origin))
              (@instHAppendOfAppend.{0} (List.{0} (Prod.{0, 0} Effect4.FiberId Effect4.Machine.Origin))
                (@List.instAppend.{0} (Prod.{0, 0} Effect4.FiberId Effect4.Machine.Origin)))
              (@Effect4.Api.originEntries.{0, 0} Effect4.Program.EffName Effect4.Program.EffThunk Effect4.Machine.Val
                Effect4.Machine.Err Effect4.Machine.Defect Effect4.FiberId Effect4.Machine.Ann Effect4.Machine.Ctx
                Effect4.Machine.Stores
                (Effect4.Prim.{0, 0} Effect4.Program.EffName Effect4.Program.EffThunk Effect4.Machine.Val
                  Effect4.Machine.Err Effect4.Machine.Defect Effect4.FiberId Effect4.Machine.Ann)
                (Effect4.FrameFiber.{0, 0} Effect4.Program.EffName Effect4.Program.EffThunk Effect4.Machine.Val
                  Effect4.Machine.Err Effect4.Machine.Defect Effect4.FiberId Effect4.Machine.Ann)
                (Effect4.FrameEvent.{0, 0} Effect4.Program.EffName Effect4.Program.EffThunk Effect4.Machine.Val
                  Effect4.Machine.Err Effect4.Machine.Defect Effect4.FiberId Effect4.Machine.Ann)
                m)
              (@List.cons.{0} (Prod.{0, 0} Effect4.FiberId Effect4.Machine.Origin)
                (@Prod.mk.{0, 0} Effect4.FiberId Effect4.Machine.Origin
                  {
                    value :=
                      @Effect4.Machine.RunMachine.nextId.{0, 0} Effect4.Program.EffName Effect4.Program.EffThunk
                        Effect4.Machine.Val Effect4.Machine.Err Effect4.Machine.Defect Effect4.FiberId
                        Effect4.Machine.Ann Effect4.Machine.Ctx Effect4.Machine.Stores
                        (Effect4.Prim.{0, 0} Effect4.Program.EffName Effect4.Program.EffThunk Effect4.Machine.Val
                          Effect4.Machine.Err Effect4.Machine.Defect Effect4.FiberId Effect4.Machine.Ann)
                        (Effect4.FrameFiber.{0, 0} Effect4.Program.EffName Effect4.Program.EffThunk Effect4.Machine.Val
                          Effect4.Machine.Err Effect4.Machine.Defect Effect4.FiberId Effect4.Machine.Ann)
                        (Effect4.FrameEvent.{0, 0} Effect4.Program.EffName Effect4.Program.EffThunk Effect4.Machine.Val
                          Effect4.Machine.Err Effect4.Machine.Defect Effect4.FiberId Effect4.Machine.Ann)
                        m }
                  (Effect4.Machine.Origin.forked
                    (@Effect4.Machine.RunFiber.id.{0, 0} Effect4.Program.EffName Effect4.Program.EffThunk
                      Effect4.Machine.Val Effect4.Machine.Err Effect4.Machine.Defect Effect4.FiberId Effect4.Machine.Ann
                      Effect4.Machine.Ctx
                      (Effect4.Prim.{0, 0} Effect4.Program.EffName Effect4.Program.EffThunk Effect4.Machine.Val
                        Effect4.Machine.Err Effect4.Machine.Defect Effect4.FiberId Effect4.Machine.Ann)
                      (Effect4.FrameFiber.{0, 0} Effect4.Program.EffName Effect4.Program.EffThunk Effect4.Machine.Val
                        Effect4.Machine.Err Effect4.Machine.Defect Effect4.FiberId Effect4.Machine.Ann)
                      parent)
                    site.isDaemon site.path))
                (@List.nil.{0} (Prod.{0, 0} Effect4.FiberId Effect4.Machine.Origin)))))
STATEMENT Effect4.Api.M1Origin.source_forkIn_site ∀ (program body : Effect4.Program.NativeEff)
  (point : Effect4.Program.Point) (options : Effect4.Supervision.ForkOptions) (scopeTerm : Effect4.Program.Term)
  (scope : Nat),
  @Eq.{1} (Option.{0} (Effect4.Program.Node Effect4.Program.NativeOp))
      (@Effect4.Program.Node.at_ Effect4.Program.NativeOp (@Effect4.Program.Node.eff Effect4.Program.NativeOp program)
        point.path)
      (@Option.some.{0} (Effect4.Program.Node Effect4.Program.NativeOp)
        (@Effect4.Program.Node.eff Effect4.Program.NativeOp
          (@Effect4.Program.Eff.withFiber Effect4.Program.NativeOp
            (@Effect4.Program.ActionTerm.forkIn Effect4.Program.NativeOp body options scopeTerm)))) →
    @Eq.{1} (Option.{0} Effect4.Machine.Val) (Effect4.Program.evalTerm point.env scopeTerm)
        (@Option.some.{0} Effect4.Machine.Val (Effect4.Machine.Val.scopeHandle scope)) →
      ∀ (_table : Effect4.Program.RowTable) (_m : Effect4.Api.Machine) (_parent : Effect4.Api.Fiber) (_yielding : Bool),
        have q := point.child (@OfNat.ofNat.{0} Nat (nat_lit 0) (instOfNatNat (nat_lit 0)));
        have site :=
          { path := q.path, kind := Effect4.Api.ForkKind.pinned (@Option.some.{0} Effect4.Program.Term scopeTerm),
            options := options };
        @Membership.mem.{0, 0} Effect4.Api.ForkSite (List.{0} Effect4.Api.ForkSite)
          (@List.instMembership.{0} Effect4.Api.ForkSite) (@Effect4.Api.supervision Effect4.Program.NativeOp program)
          site
STATEMENT Effect4.Api.M1Origin.source_forkScoped ∀ (program body : Effect4.Program.NativeEff)
  (point : Effect4.Program.Point) (options : Effect4.Supervision.ForkOptions) (scope : Nat),
  @Eq.{1} (Option.{0} (Effect4.Program.Node Effect4.Program.NativeOp))
      (@Effect4.Program.Node.at_ Effect4.Program.NativeOp (@Effect4.Program.Node.eff Effect4.Program.NativeOp program)
        point.path)
      (@Option.some.{0} (Effect4.Program.Node Effect4.Program.NativeOp)
        (@Effect4.Program.Node.eff Effect4.Program.NativeOp
          (@Effect4.Program.Eff.withFiber Effect4.Program.NativeOp
            (@Effect4.Program.ActionTerm.forkScoped Effect4.Program.NativeOp body options)))) →
    ∀ (table : Effect4.Program.RowTable) (m : Effect4.Api.Machine) (parent : Effect4.Api.Fiber) (yielding : Bool),
      have q := point.child (@OfNat.ofNat.{0} Nat (nat_lit 0) (instOfNatNat (nat_lit 0)));
      have action :=
        @Effect4.Machine.WithFiberAction.forkIn.{0, 0} Effect4.Program.EffName Effect4.Program.EffThunk
          Effect4.Machine.Val Effect4.Machine.Err Effect4.Machine.Defect Effect4.FiberId Effect4.Machine.Ann
          Effect4.Machine.Ctx
          (Effect4.Prim.{0, 0} Effect4.Program.EffName Effect4.Program.EffThunk Effect4.Machine.Val Effect4.Machine.Err
            Effect4.Machine.Defect Effect4.FiberId Effect4.Machine.Ann)
          (Effect4.Program.resolve program (q.child (@OfNat.ofNat.{0} Nat (nat_lit 0) (instOfNatNat (nat_lit 0)))))
          options scope q.path;
      have site :=
        { path := q.path, kind := Effect4.Api.ForkKind.pinned (@Option.none.{0} Effect4.Program.Term),
          options := options };
      And
        (@Eq.{1} (Option.{0} Effect4.Program.NAction) (Effect4.Program.actionAt program point)
          (@Option.some.{0} Effect4.Program.NAction
            (@Effect4.Machine.WithFiberAction.ambientScope.{0, 0} Effect4.Program.EffName Effect4.Program.EffThunk
              Effect4.Machine.Val Effect4.Machine.Err Effect4.Machine.Defect Effect4.FiberId Effect4.Machine.Ann
              Effect4.Machine.Ctx
              (Effect4.Prim.{0, 0} Effect4.Program.EffName Effect4.Program.EffThunk Effect4.Machine.Val
                Effect4.Machine.Err Effect4.Machine.Defect Effect4.FiberId Effect4.Machine.Ann))))
        (And
          (@Eq.{1} (Option.{0} Effect4.Program.NAction) (Effect4.Program.forkScopedAt program point scope)
            (@Option.some.{0} Effect4.Program.NAction action))
          (@Eq.{1} (List.{0} (Prod.{0, 0} Effect4.FiberId Effect4.Machine.Origin))
            (@Effect4.Api.originEntries.{0, 0} Effect4.Program.EffName Effect4.Program.EffThunk Effect4.Machine.Val
              Effect4.Machine.Err Effect4.Machine.Defect Effect4.FiberId Effect4.Machine.Ann Effect4.Machine.Ctx
              Effect4.Machine.Stores
              (Effect4.Prim.{0, 0} Effect4.Program.EffName Effect4.Program.EffThunk Effect4.Machine.Val
                Effect4.Machine.Err Effect4.Machine.Defect Effect4.FiberId Effect4.Machine.Ann)
              (Effect4.FrameFiber.{0, 0} Effect4.Program.EffName Effect4.Program.EffThunk Effect4.Machine.Val
                Effect4.Machine.Err Effect4.Machine.Defect Effect4.FiberId Effect4.Machine.Ann)
              (Effect4.FrameEvent.{0, 0} Effect4.Program.EffName Effect4.Program.EffThunk Effect4.Machine.Val
                Effect4.Machine.Err Effect4.Machine.Defect Effect4.FiberId Effect4.Machine.Ann)
              (@Effect4.Machine.Iter.machine.{0, 0} Effect4.Program.EffName Effect4.Program.EffThunk Effect4.Machine.Val
                Effect4.Machine.Err Effect4.Machine.Defect Effect4.FiberId Effect4.Machine.Ann Effect4.Machine.Ctx
                Effect4.Machine.Stores
                (Effect4.Prim.{0, 0} Effect4.Program.EffName Effect4.Program.EffThunk Effect4.Machine.Val
                  Effect4.Machine.Err Effect4.Machine.Defect Effect4.FiberId Effect4.Machine.Ann)
                (Effect4.FrameFiber.{0, 0} Effect4.Program.EffName Effect4.Program.EffThunk Effect4.Machine.Val
                  Effect4.Machine.Err Effect4.Machine.Defect Effect4.FiberId Effect4.Machine.Ann)
                (Effect4.FrameEvent.{0, 0} Effect4.Program.EffName Effect4.Program.EffThunk Effect4.Machine.Val
                  Effect4.Machine.Err Effect4.Machine.Defect Effect4.FiberId Effect4.Machine.Ann)
                (@Effect4.Machine.evaluatePrim.withFiber.{0, 0} Effect4.Program.EffName Effect4.Program.EffThunk
                  Effect4.Machine.Val Effect4.Machine.Err Effect4.Machine.Defect Effect4.FiberId Effect4.Machine.Ann
                  Effect4.Machine.Ctx Effect4.Machine.Stores Effect4.Machine.instDecidableEqErr
                  Effect4.Machine.instDecidableEqDefect Effect4.instDecidableEqFiberId instDecidableEqPUnit.{1}
                  (Effect4.Program.interpOf program table) m parent yielding action)))
            (@HAppend.hAppend.{0, 0, 0} (List.{0} (Prod.{0, 0} Effect4.FiberId Effect4.Machine.Origin))
              (List.{0} (Prod.{0, 0} Effect4.FiberId Effect4.Machine.Origin))
              (List.{0} (Prod.{0, 0} Effect4.FiberId Effect4.Machine.Origin))
              (@instHAppendOfAppend.{0} (List.{0} (Prod.{0, 0} Effect4.FiberId Effect4.Machine.Origin))
                (@List.instAppend.{0} (Prod.{0, 0} Effect4.FiberId Effect4.Machine.Origin)))
              (@Effect4.Api.originEntries.{0, 0} Effect4.Program.EffName Effect4.Program.EffThunk Effect4.Machine.Val
                Effect4.Machine.Err Effect4.Machine.Defect Effect4.FiberId Effect4.Machine.Ann Effect4.Machine.Ctx
                Effect4.Machine.Stores
                (Effect4.Prim.{0, 0} Effect4.Program.EffName Effect4.Program.EffThunk Effect4.Machine.Val
                  Effect4.Machine.Err Effect4.Machine.Defect Effect4.FiberId Effect4.Machine.Ann)
                (Effect4.FrameFiber.{0, 0} Effect4.Program.EffName Effect4.Program.EffThunk Effect4.Machine.Val
                  Effect4.Machine.Err Effect4.Machine.Defect Effect4.FiberId Effect4.Machine.Ann)
                (Effect4.FrameEvent.{0, 0} Effect4.Program.EffName Effect4.Program.EffThunk Effect4.Machine.Val
                  Effect4.Machine.Err Effect4.Machine.Defect Effect4.FiberId Effect4.Machine.Ann)
                m)
              (@List.cons.{0} (Prod.{0, 0} Effect4.FiberId Effect4.Machine.Origin)
                (@Prod.mk.{0, 0} Effect4.FiberId Effect4.Machine.Origin
                  {
                    value :=
                      @Effect4.Machine.RunMachine.nextId.{0, 0} Effect4.Program.EffName Effect4.Program.EffThunk
                        Effect4.Machine.Val Effect4.Machine.Err Effect4.Machine.Defect Effect4.FiberId
                        Effect4.Machine.Ann Effect4.Machine.Ctx Effect4.Machine.Stores
                        (Effect4.Prim.{0, 0} Effect4.Program.EffName Effect4.Program.EffThunk Effect4.Machine.Val
                          Effect4.Machine.Err Effect4.Machine.Defect Effect4.FiberId Effect4.Machine.Ann)
                        (Effect4.FrameFiber.{0, 0} Effect4.Program.EffName Effect4.Program.EffThunk Effect4.Machine.Val
                          Effect4.Machine.Err Effect4.Machine.Defect Effect4.FiberId Effect4.Machine.Ann)
                        (Effect4.FrameEvent.{0, 0} Effect4.Program.EffName Effect4.Program.EffThunk Effect4.Machine.Val
                          Effect4.Machine.Err Effect4.Machine.Defect Effect4.FiberId Effect4.Machine.Ann)
                        m }
                  (Effect4.Machine.Origin.forked
                    (@Effect4.Machine.RunFiber.id.{0, 0} Effect4.Program.EffName Effect4.Program.EffThunk
                      Effect4.Machine.Val Effect4.Machine.Err Effect4.Machine.Defect Effect4.FiberId Effect4.Machine.Ann
                      Effect4.Machine.Ctx
                      (Effect4.Prim.{0, 0} Effect4.Program.EffName Effect4.Program.EffThunk Effect4.Machine.Val
                        Effect4.Machine.Err Effect4.Machine.Defect Effect4.FiberId Effect4.Machine.Ann)
                      (Effect4.FrameFiber.{0, 0} Effect4.Program.EffName Effect4.Program.EffThunk Effect4.Machine.Val
                        Effect4.Machine.Err Effect4.Machine.Defect Effect4.FiberId Effect4.Machine.Ann)
                      parent)
                    site.isDaemon site.path))
                (@List.nil.{0} (Prod.{0, 0} Effect4.FiberId Effect4.Machine.Origin))))))
STATEMENT Effect4.Api.M1Origin.source_forkScoped_site ∀ (program body : Effect4.Program.NativeEff)
  (point : Effect4.Program.Point) (options : Effect4.Supervision.ForkOptions) (_scope : Nat),
  @Eq.{1} (Option.{0} (Effect4.Program.Node Effect4.Program.NativeOp))
      (@Effect4.Program.Node.at_ Effect4.Program.NativeOp (@Effect4.Program.Node.eff Effect4.Program.NativeOp program)
        point.path)
      (@Option.some.{0} (Effect4.Program.Node Effect4.Program.NativeOp)
        (@Effect4.Program.Node.eff Effect4.Program.NativeOp
          (@Effect4.Program.Eff.withFiber Effect4.Program.NativeOp
            (@Effect4.Program.ActionTerm.forkScoped Effect4.Program.NativeOp body options)))) →
    ∀ (_table : Effect4.Program.RowTable) (_m : Effect4.Api.Machine) (_parent : Effect4.Api.Fiber) (_yielding : Bool),
      have q := point.child (@OfNat.ofNat.{0} Nat (nat_lit 0) (instOfNatNat (nat_lit 0)));
      have site :=
        { path := q.path, kind := Effect4.Api.ForkKind.pinned (@Option.none.{0} Effect4.Program.Term),
          options := options };
      @Membership.mem.{0, 0} Effect4.Api.ForkSite (List.{0} Effect4.Api.ForkSite)
        (@List.instMembership.{0} Effect4.Api.ForkSite) (@Effect4.Api.supervision Effect4.Program.NativeOp program) site
STATEMENT Effect4.Api.M1Origin.source_fork_site ∀ (program body : Effect4.Program.NativeEff)
  (point : Effect4.Program.Point) (options : Effect4.Supervision.ForkOptions),
  @Eq.{1} (Option.{0} (Effect4.Program.Node Effect4.Program.NativeOp))
      (@Effect4.Program.Node.at_ Effect4.Program.NativeOp (@Effect4.Program.Node.eff Effect4.Program.NativeOp program)
        point.path)
      (@Option.some.{0} (Effect4.Program.Node Effect4.Program.NativeOp)
        (@Effect4.Program.Node.eff Effect4.Program.NativeOp
          (@Effect4.Program.Eff.withFiber Effect4.Program.NativeOp
            (@Effect4.Program.ActionTerm.fork Effect4.Program.NativeOp body options)))) →
    ∀ (_table : Effect4.Program.RowTable) (_m : Effect4.Api.Machine) (_parent : Effect4.Api.Fiber) (_yielding : Bool),
      have q := point.child (@OfNat.ofNat.{0} Nat (nat_lit 0) (instOfNatNat (nat_lit 0)));
      have site :=
        { path := q.path,
          kind :=
            @ite.{1} Effect4.Api.ForkKind (@Eq.{1} Bool options.daemon Bool.true)
              (instDecidableEqBool options.daemon Bool.true) Effect4.Api.ForkKind.daemon Effect4.Api.ForkKind.child,
          options := options };
      @Membership.mem.{0, 0} Effect4.Api.ForkSite (List.{0} Effect4.Api.ForkSite)
        (@List.instMembership.{0} Effect4.Api.ForkSite) (@Effect4.Api.supervision Effect4.Program.NativeOp program) site
STATEMENT Effect4.Api.M1Origin.source_race ∀ (program : Effect4.Program.NativeEff) (point : Effect4.Program.Point)
  (entrants : Effect4.Program.Effs Effect4.Program.NativeOp),
  @Eq.{1} (Option.{0} (Effect4.Program.Node Effect4.Program.NativeOp))
      (@Effect4.Program.Node.at_ Effect4.Program.NativeOp (@Effect4.Program.Node.eff Effect4.Program.NativeOp program)
        point.path)
      (@Option.some.{0} (Effect4.Program.Node Effect4.Program.NativeOp)
        (@Effect4.Program.Node.eff Effect4.Program.NativeOp
          (@Effect4.Program.Eff.withFiber Effect4.Program.NativeOp
            (@Effect4.Program.ActionTerm.raceAll Effect4.Program.NativeOp entrants)))) →
    ∀ (table : Effect4.Program.RowTable) (m : Effect4.Api.Machine) (parent : Effect4.Api.Fiber) (yielding : Bool),
      have q :=
        (point.child (@OfNat.ofNat.{0} Nat (nat_lit 0) (instOfNatNat (nat_lit 0)))).child
          (@OfNat.ofNat.{0} Nat (nat_lit 0) (instOfNatNat (nat_lit 0)));
      have codes := Effect4.Program.actionAt.entrants entrants q;
      And
        (@Eq.{1} (Option.{0} Effect4.Program.NAction) (Effect4.Program.actionAt program point)
          (@Option.some.{0} Effect4.Program.NAction
            (@Effect4.Machine.WithFiberAction.raceAll.{0, 0} Effect4.Program.EffName Effect4.Program.EffThunk
              Effect4.Machine.Val Effect4.Machine.Err Effect4.Machine.Defect Effect4.FiberId Effect4.Machine.Ann
              Effect4.Machine.Ctx
              (Effect4.Prim.{0, 0} Effect4.Program.EffName Effect4.Program.EffThunk Effect4.Machine.Val
                Effect4.Machine.Err Effect4.Machine.Defect Effect4.FiberId Effect4.Machine.Ann)
              codes (@Option.some.{0} (List.{0} Nat) q.path))))
        (And
          (@Eq.{1} (List.{0} (Prod.{0, 0} Effect4.FiberId Effect4.Machine.Origin))
            (@Effect4.Api.originEntries.{0, 0} Effect4.Program.EffName Effect4.Program.EffThunk Effect4.Machine.Val
              Effect4.Machine.Err Effect4.Machine.Defect Effect4.FiberId Effect4.Machine.Ann Effect4.Machine.Ctx
              Effect4.Machine.Stores
              (Effect4.Prim.{0, 0} Effect4.Program.EffName Effect4.Program.EffThunk Effect4.Machine.Val
                Effect4.Machine.Err Effect4.Machine.Defect Effect4.FiberId Effect4.Machine.Ann)
              (Effect4.FrameFiber.{0, 0} Effect4.Program.EffName Effect4.Program.EffThunk Effect4.Machine.Val
                Effect4.Machine.Err Effect4.Machine.Defect Effect4.FiberId Effect4.Machine.Ann)
              (Effect4.FrameEvent.{0, 0} Effect4.Program.EffName Effect4.Program.EffThunk Effect4.Machine.Val
                Effect4.Machine.Err Effect4.Machine.Defect Effect4.FiberId Effect4.Machine.Ann)
              (@Effect4.Machine.Iter.machine.{0, 0} Effect4.Program.EffName Effect4.Program.EffThunk Effect4.Machine.Val
                Effect4.Machine.Err Effect4.Machine.Defect Effect4.FiberId Effect4.Machine.Ann Effect4.Machine.Ctx
                Effect4.Machine.Stores
                (Effect4.Prim.{0, 0} Effect4.Program.EffName Effect4.Program.EffThunk Effect4.Machine.Val
                  Effect4.Machine.Err Effect4.Machine.Defect Effect4.FiberId Effect4.Machine.Ann)
                (Effect4.FrameFiber.{0, 0} Effect4.Program.EffName Effect4.Program.EffThunk Effect4.Machine.Val
                  Effect4.Machine.Err Effect4.Machine.Defect Effect4.FiberId Effect4.Machine.Ann)
                (Effect4.FrameEvent.{0, 0} Effect4.Program.EffName Effect4.Program.EffThunk Effect4.Machine.Val
                  Effect4.Machine.Err Effect4.Machine.Defect Effect4.FiberId Effect4.Machine.Ann)
                (@Effect4.Machine.beginRace.{0, 0} Effect4.Program.EffName Effect4.Program.EffThunk Effect4.Machine.Val
                  Effect4.Machine.Err Effect4.Machine.Defect Effect4.FiberId Effect4.Machine.Ann Effect4.Machine.Ctx
                  Effect4.Machine.Stores
                  (Effect4.Prim.{0, 0} Effect4.Program.EffName Effect4.Program.EffThunk Effect4.Machine.Val
                    Effect4.Machine.Err Effect4.Machine.Defect Effect4.FiberId Effect4.Machine.Ann)
                  (Effect4.FrameFiber.{0, 0} Effect4.Program.EffName Effect4.Program.EffThunk Effect4.Machine.Val
                    Effect4.Machine.Err Effect4.Machine.Defect Effect4.FiberId Effect4.Machine.Ann)
                  (Effect4.FrameEvent.{0, 0} Effect4.Program.EffName Effect4.Program.EffThunk Effect4.Machine.Val
                    Effect4.Machine.Err Effect4.Machine.Defect Effect4.FiberId Effect4.Machine.Ann)
                  (@Effect4.Machine.frameCore.{0, 0} Effect4.Program.EffName Effect4.Program.EffThunk
                    Effect4.Machine.Val Effect4.Machine.Err Effect4.Machine.Defect Effect4.FiberId Effect4.Machine.Ann)
                  (Effect4.Program.interpOf program table) m parent yielding codes
                  (@Option.some.{0} (List.{0} Nat) q.path))))
            (@Effect4.Api.originEntries.{0, 0} Effect4.Program.EffName Effect4.Program.EffThunk Effect4.Machine.Val
              Effect4.Machine.Err Effect4.Machine.Defect Effect4.FiberId Effect4.Machine.Ann Effect4.Machine.Ctx
              Effect4.Machine.Stores
              (Effect4.Prim.{0, 0} Effect4.Program.EffName Effect4.Program.EffThunk Effect4.Machine.Val
                Effect4.Machine.Err Effect4.Machine.Defect Effect4.FiberId Effect4.Machine.Ann)
              (Effect4.FrameFiber.{0, 0} Effect4.Program.EffName Effect4.Program.EffThunk Effect4.Machine.Val
                Effect4.Machine.Err Effect4.Machine.Defect Effect4.FiberId Effect4.Machine.Ann)
              (Effect4.FrameEvent.{0, 0} Effect4.Program.EffName Effect4.Program.EffThunk Effect4.Machine.Val
                Effect4.Machine.Err Effect4.Machine.Defect Effect4.FiberId Effect4.Machine.Ann)
              m))
          (@Eq.{1} (List.{0} (Option.{0} (List.{0} Nat)))
            (@List.map.{0, 0}
              (Effect4.Machine.Race.{0, 0} Effect4.Program.EffName Effect4.Program.EffThunk Effect4.Machine.Val
                Effect4.Machine.Err Effect4.Machine.Defect Effect4.FiberId Effect4.Machine.Ann
                (Effect4.Prim.{0, 0} Effect4.Program.EffName Effect4.Program.EffThunk Effect4.Machine.Val
                  Effect4.Machine.Err Effect4.Machine.Defect Effect4.FiberId Effect4.Machine.Ann))
              (Option.{0} (List.{0} Nat))
              (fun r =>
                @Effect4.Machine.Race.nextSite.{0, 0} Effect4.Program.EffName Effect4.Program.EffThunk
                  Effect4.Machine.Val Effect4.Machine.Err Effect4.Machine.Defect Effect4.FiberId Effect4.Machine.Ann
                  (Effect4.Prim.{0, 0} Effect4.Program.EffName Effect4.Program.EffThunk Effect4.Machine.Val
                    Effect4.Machine.Err Effect4.Machine.Defect Effect4.FiberId Effect4.Machine.Ann)
                  r)
              (@Effect4.Machine.RunMachine.races.{0, 0} Effect4.Program.EffName Effect4.Program.EffThunk
                Effect4.Machine.Val Effect4.Machine.Err Effect4.Machine.Defect Effect4.FiberId Effect4.Machine.Ann
                Effect4.Machine.Ctx Effect4.Machine.Stores
                (Effect4.Prim.{0, 0} Effect4.Program.EffName Effect4.Program.EffThunk Effect4.Machine.Val
                  Effect4.Machine.Err Effect4.Machine.Defect Effect4.FiberId Effect4.Machine.Ann)
                (Effect4.FrameFiber.{0, 0} Effect4.Program.EffName Effect4.Program.EffThunk Effect4.Machine.Val
                  Effect4.Machine.Err Effect4.Machine.Defect Effect4.FiberId Effect4.Machine.Ann)
                (Effect4.FrameEvent.{0, 0} Effect4.Program.EffName Effect4.Program.EffThunk Effect4.Machine.Val
                  Effect4.Machine.Err Effect4.Machine.Defect Effect4.FiberId Effect4.Machine.Ann)
                (@Effect4.Machine.Iter.machine.{0, 0} Effect4.Program.EffName Effect4.Program.EffThunk
                  Effect4.Machine.Val Effect4.Machine.Err Effect4.Machine.Defect Effect4.FiberId Effect4.Machine.Ann
                  Effect4.Machine.Ctx Effect4.Machine.Stores
                  (Effect4.Prim.{0, 0} Effect4.Program.EffName Effect4.Program.EffThunk Effect4.Machine.Val
                    Effect4.Machine.Err Effect4.Machine.Defect Effect4.FiberId Effect4.Machine.Ann)
                  (Effect4.FrameFiber.{0, 0} Effect4.Program.EffName Effect4.Program.EffThunk Effect4.Machine.Val
                    Effect4.Machine.Err Effect4.Machine.Defect Effect4.FiberId Effect4.Machine.Ann)
                  (Effect4.FrameEvent.{0, 0} Effect4.Program.EffName Effect4.Program.EffThunk Effect4.Machine.Val
                    Effect4.Machine.Err Effect4.Machine.Defect Effect4.FiberId Effect4.Machine.Ann)
                  (@Effect4.Machine.beginRace.{0, 0} Effect4.Program.EffName Effect4.Program.EffThunk
                    Effect4.Machine.Val Effect4.Machine.Err Effect4.Machine.Defect Effect4.FiberId Effect4.Machine.Ann
                    Effect4.Machine.Ctx Effect4.Machine.Stores
                    (Effect4.Prim.{0, 0} Effect4.Program.EffName Effect4.Program.EffThunk Effect4.Machine.Val
                      Effect4.Machine.Err Effect4.Machine.Defect Effect4.FiberId Effect4.Machine.Ann)
                    (Effect4.FrameFiber.{0, 0} Effect4.Program.EffName Effect4.Program.EffThunk Effect4.Machine.Val
                      Effect4.Machine.Err Effect4.Machine.Defect Effect4.FiberId Effect4.Machine.Ann)
                    (Effect4.FrameEvent.{0, 0} Effect4.Program.EffName Effect4.Program.EffThunk Effect4.Machine.Val
                      Effect4.Machine.Err Effect4.Machine.Defect Effect4.FiberId Effect4.Machine.Ann)
                    (@Effect4.Machine.frameCore.{0, 0} Effect4.Program.EffName Effect4.Program.EffThunk
                      Effect4.Machine.Val Effect4.Machine.Err Effect4.Machine.Defect Effect4.FiberId
                      Effect4.Machine.Ann)
                    (Effect4.Program.interpOf program table) m parent yielding codes
                    (@Option.some.{0} (List.{0} Nat) q.path)))))
            (@HAppend.hAppend.{0, 0, 0} (List.{0} (Option.{0} (List.{0} Nat))) (List.{0} (Option.{0} (List.{0} Nat)))
              (List.{0} (Option.{0} (List.{0} Nat)))
              (@instHAppendOfAppend.{0} (List.{0} (Option.{0} (List.{0} Nat)))
                (@List.instAppend.{0} (Option.{0} (List.{0} Nat))))
              (@List.map.{0, 0}
                (Effect4.Machine.Race.{0, 0} Effect4.Program.EffName Effect4.Program.EffThunk Effect4.Machine.Val
                  Effect4.Machine.Err Effect4.Machine.Defect Effect4.FiberId Effect4.Machine.Ann
                  (Effect4.Prim.{0, 0} Effect4.Program.EffName Effect4.Program.EffThunk Effect4.Machine.Val
                    Effect4.Machine.Err Effect4.Machine.Defect Effect4.FiberId Effect4.Machine.Ann))
                (Option.{0} (List.{0} Nat))
                (fun r =>
                  @Effect4.Machine.Race.nextSite.{0, 0} Effect4.Program.EffName Effect4.Program.EffThunk
                    Effect4.Machine.Val Effect4.Machine.Err Effect4.Machine.Defect Effect4.FiberId Effect4.Machine.Ann
                    (Effect4.Prim.{0, 0} Effect4.Program.EffName Effect4.Program.EffThunk Effect4.Machine.Val
                      Effect4.Machine.Err Effect4.Machine.Defect Effect4.FiberId Effect4.Machine.Ann)
                    r)
                (@Effect4.Machine.RunMachine.races.{0, 0} Effect4.Program.EffName Effect4.Program.EffThunk
                  Effect4.Machine.Val Effect4.Machine.Err Effect4.Machine.Defect Effect4.FiberId Effect4.Machine.Ann
                  Effect4.Machine.Ctx Effect4.Machine.Stores
                  (Effect4.Prim.{0, 0} Effect4.Program.EffName Effect4.Program.EffThunk Effect4.Machine.Val
                    Effect4.Machine.Err Effect4.Machine.Defect Effect4.FiberId Effect4.Machine.Ann)
                  (Effect4.FrameFiber.{0, 0} Effect4.Program.EffName Effect4.Program.EffThunk Effect4.Machine.Val
                    Effect4.Machine.Err Effect4.Machine.Defect Effect4.FiberId Effect4.Machine.Ann)
                  (Effect4.FrameEvent.{0, 0} Effect4.Program.EffName Effect4.Program.EffThunk Effect4.Machine.Val
                    Effect4.Machine.Err Effect4.Machine.Defect Effect4.FiberId Effect4.Machine.Ann)
                  m))
              (@List.cons.{0} (Option.{0} (List.{0} Nat)) (@Option.some.{0} (List.{0} Nat) q.path)
                (@List.nil.{0} (Option.{0} (List.{0} Nat)))))))
STATEMENT Effect4.Api.M1Origin.source_race_site ∀ (program body : Effect4.Program.NativeEff)
  (rest : Effect4.Program.Effs Effect4.Program.NativeOp) (path : List.{0} Nat),
  @Eq.{1} (Option.{0} (Effect4.Program.Node Effect4.Program.NativeOp))
      (@Effect4.Program.Node.at_ Effect4.Program.NativeOp (@Effect4.Program.Node.eff Effect4.Program.NativeOp program)
        path)
      (@Option.some.{0} (Effect4.Program.Node Effect4.Program.NativeOp)
        (@Effect4.Program.Node.effs Effect4.Program.NativeOp
          (@Effect4.Program.Effs.cons Effect4.Program.NativeOp body rest))) →
    @Membership.mem.{0, 0} Effect4.Api.ForkSite (List.{0} Effect4.Api.ForkSite)
      (@List.instMembership.{0} Effect4.Api.ForkSite) (@Effect4.Api.supervision Effect4.Program.NativeOp program)
      { path := path, kind := Effect4.Api.ForkKind.raceEntrant, options := Effect4.Api.raceEntrantOptions }
STATEMENT Effect4.Api.M1Origin.source_two_race_paths ∀ (program first second : Effect4.Program.NativeEff)
  (point : Effect4.Program.Point),
  @Eq.{1} (Option.{0} (Effect4.Program.Node Effect4.Program.NativeOp))
      (@Effect4.Program.Node.at_ Effect4.Program.NativeOp (@Effect4.Program.Node.eff Effect4.Program.NativeOp program)
        point.path)
      (@Option.some.{0} (Effect4.Program.Node Effect4.Program.NativeOp)
        (@Effect4.Program.Node.eff Effect4.Program.NativeOp
          (@Effect4.Program.Eff.withFiber Effect4.Program.NativeOp
            (@Effect4.Program.ActionTerm.raceAll Effect4.Program.NativeOp
              (@Effect4.Program.Effs.cons Effect4.Program.NativeOp first
                (@Effect4.Program.Effs.cons Effect4.Program.NativeOp second
                  (@Effect4.Program.Effs.nil Effect4.Program.NativeOp))))))) →
    have q :=
      (point.child (@OfNat.ofNat.{0} Nat (nat_lit 0) (instOfNatNat (nat_lit 0)))).child
        (@OfNat.ofNat.{0} Nat (nat_lit 0) (instOfNatNat (nat_lit 0)));
    @Eq.{1} (Option.{0} Effect4.Program.NAction) (Effect4.Program.actionAt program point)
      (@Option.some.{0} Effect4.Program.NAction
        (@Effect4.Machine.WithFiberAction.raceAll.{0, 0} Effect4.Program.EffName Effect4.Program.EffThunk
          Effect4.Machine.Val Effect4.Machine.Err Effect4.Machine.Defect Effect4.FiberId Effect4.Machine.Ann
          Effect4.Machine.Ctx
          (Effect4.Prim.{0, 0} Effect4.Program.EffName Effect4.Program.EffThunk Effect4.Machine.Val Effect4.Machine.Err
            Effect4.Machine.Defect Effect4.FiberId Effect4.Machine.Ann)
          (@List.cons.{0}
            (Effect4.Prim.{0, 0} Effect4.Program.EffName Effect4.Program.EffThunk Effect4.Machine.Val
              Effect4.Machine.Err Effect4.Machine.Defect Effect4.FiberId Effect4.Machine.Ann)
            (Effect4.Program.compileEff first (q.child (@OfNat.ofNat.{0} Nat (nat_lit 0) (instOfNatNat (nat_lit 0)))))
            (@List.cons.{0}
              (Effect4.Prim.{0, 0} Effect4.Program.EffName Effect4.Program.EffThunk Effect4.Machine.Val
                Effect4.Machine.Err Effect4.Machine.Defect Effect4.FiberId Effect4.Machine.Ann)
              (Effect4.Program.compileEff second
                ((q.child (@OfNat.ofNat.{0} Nat (nat_lit 1) (instOfNatNat (nat_lit 1)))).child
                  (@OfNat.ofNat.{0} Nat (nat_lit 0) (instOfNatNat (nat_lit 0)))))
              (@List.nil.{0}
                (Effect4.Prim.{0, 0} Effect4.Program.EffName Effect4.Program.EffThunk Effect4.Machine.Val
                  Effect4.Machine.Err Effect4.Machine.Defect Effect4.FiberId Effect4.Machine.Ann))))
          (@Option.some.{0} (List.{0} Nat) q.path)))
STATEMENT Effect4.Api.M1Origin.source_two_race_sites ∀ (program first second : Effect4.Program.NativeEff)
  (point : Effect4.Program.Point),
  @Eq.{1} (Option.{0} (Effect4.Program.Node Effect4.Program.NativeOp))
      (@Effect4.Program.Node.at_ Effect4.Program.NativeOp (@Effect4.Program.Node.eff Effect4.Program.NativeOp program)
        point.path)
      (@Option.some.{0} (Effect4.Program.Node Effect4.Program.NativeOp)
        (@Effect4.Program.Node.eff Effect4.Program.NativeOp
          (@Effect4.Program.Eff.withFiber Effect4.Program.NativeOp
            (@Effect4.Program.ActionTerm.raceAll Effect4.Program.NativeOp
              (@Effect4.Program.Effs.cons Effect4.Program.NativeOp first
                (@Effect4.Program.Effs.cons Effect4.Program.NativeOp second
                  (@Effect4.Program.Effs.nil Effect4.Program.NativeOp))))))) →
    have q :=
      (point.child (@OfNat.ofNat.{0} Nat (nat_lit 0) (instOfNatNat (nat_lit 0)))).child
        (@OfNat.ofNat.{0} Nat (nat_lit 0) (instOfNatNat (nat_lit 0)));
    And
      (@Membership.mem.{0, 0} Effect4.Api.ForkSite (List.{0} Effect4.Api.ForkSite)
        (@List.instMembership.{0} Effect4.Api.ForkSite) (@Effect4.Api.supervision Effect4.Program.NativeOp program)
        { path := q.path, kind := Effect4.Api.ForkKind.raceEntrant, options := Effect4.Api.raceEntrantOptions })
      (@Membership.mem.{0, 0} Effect4.Api.ForkSite (List.{0} Effect4.Api.ForkSite)
        (@List.instMembership.{0} Effect4.Api.ForkSite) (@Effect4.Api.supervision Effect4.Program.NativeOp program)
        { path := (q.child (@OfNat.ofNat.{0} Nat (nat_lit 1) (instOfNatNat (nat_lit 1)))).path,
          kind := Effect4.Api.ForkKind.raceEntrant, options := Effect4.Api.raceEntrantOptions })
STATEMENT Effect4.Api.M1Origin.spawn_fibers ∀ {ν σ : Type u} {β : Type v} {ε δ ι α χ : Type u}
  {St κ φ η : Type (max u v)} [core : Effect4.Machine.FiberCore.{u, v} ν β ε δ ι α κ φ]
  (interp : Effect4.Machine.RunInterp.{u, v} ν σ β ε δ ι α χ St κ)
  (m : Effect4.Machine.RunMachine.{u, v} ν σ β ε δ ι α χ St κ φ η)
  (parent : Effect4.Machine.RunFiber.{u, v} ν σ β ε δ ι α χ κ φ) (program : κ)
  (options : Effect4.Supervision.ForkOptions),
  @Exists.{max (u + 1) (v + 1)} (Effect4.Machine.RunFiber.{u, v} ν σ β ε δ ι α χ κ φ) fun child =>
    And
      (@Eq.{max (u + 1) (v + 1)} (List.{max v u} (Effect4.Machine.RunFiber.{u, v} ν σ β ε δ ι α χ κ φ))
        (@Effect4.Machine.RunMachine.fibers.{u, v} ν σ β ε δ ι α χ St κ φ η
          (@Prod.fst.{max u v, max u v} (Effect4.Machine.RunMachine.{u, v} ν σ β ε δ ι α χ St κ φ η)
            (Prod.{max v u, 0} (Effect4.Machine.RunFiber.{u, v} ν σ β ε δ ι α χ κ φ) Effect4.FiberId)
            (@Effect4.Machine.spawn.{u, v} ν σ β ε δ ι α χ St κ φ η core interp m parent program options
              (@List.nil.{0} Nat))))
        (@HAppend.hAppend.{max u v, max u v, max u v}
          (List.{max v u} (Effect4.Machine.RunFiber.{u, v} ν σ β ε δ ι α χ κ φ))
          (List.{max u v} (Effect4.Machine.RunFiber.{u, v} ν σ β ε δ ι α χ κ φ))
          (List.{max v u} (Effect4.Machine.RunFiber.{u, v} ν σ β ε δ ι α χ κ φ))
          (@instHAppendOfAppend.{max u v} (List.{max v u} (Effect4.Machine.RunFiber.{u, v} ν σ β ε δ ι α χ κ φ))
            (@List.instAppend.{max u v} (Effect4.Machine.RunFiber.{u, v} ν σ β ε δ ι α χ κ φ)))
          (@Effect4.Machine.RunMachine.fibers.{u, v} ν σ β ε δ ι α χ St κ φ η m)
          (@List.cons.{max u v} (Effect4.Machine.RunFiber.{u, v} ν σ β ε δ ι α χ κ φ) child
            (@List.nil.{max u v} (Effect4.Machine.RunFiber.{u, v} ν σ β ε δ ι α χ κ φ)))))
      (And
        (@Eq.{1} Effect4.FiberId (@Effect4.Machine.RunFiber.id.{u, v} ν σ β ε δ ι α χ κ φ child)
          { value := @Effect4.Machine.RunMachine.nextId.{u, v} ν σ β ε δ ι α χ St κ φ η m })
        (And
          (@Eq.{max (u + 1) (v + 1)} (Option.{max v u} (Effect4.Exit.{u, v} β ε δ ι α))
            (@Effect4.Machine.RunFiber.exit.{u, v} ν σ β ε δ ι α χ κ φ child)
            (@Option.none.{max u v} (Effect4.Exit.{u, v} β ε δ ι α)))
          (And
            (@Eq.{1} (List.{0} Effect4.Machine.Observer)
              (@Effect4.Machine.RunFiber.observers.{u, v} ν σ β ε δ ι α χ κ φ child)
              (@List.nil.{0} Effect4.Machine.Observer))
            (And
              (@Eq.{1} (List.{0} Effect4.FiberId) (@Effect4.Machine.RunFiber.children.{u, v} ν σ β ε δ ι α χ κ φ child)
                (@List.nil.{0} Effect4.FiberId))
              (@Eq.{1} Effect4.Machine.Origin (@Effect4.Machine.RunFiber.origin.{u, v} ν σ β ε δ ι α χ κ φ child)
                (Effect4.Machine.Origin.forked (@Effect4.Machine.RunFiber.id.{u, v} ν σ β ε δ ι α χ κ φ parent)
                  options.daemon (@List.nil.{0} Nat)))))))
STATEMENT Effect4.Api.M1Origin.spawn_origins ∀ {ν σ : Type u} {β : Type v} {ε δ ι α χ : Type u}
  {St κ φ η : Type (max u v)} [inst : Effect4.Machine.FiberCore.{u, v} ν β ε δ ι α κ φ]
  (interp : Effect4.Machine.RunInterp.{u, v} ν σ β ε δ ι α χ St κ)
  (m : Effect4.Machine.RunMachine.{u, v} ν σ β ε δ ι α χ St κ φ η)
  (parent : Effect4.Machine.RunFiber.{u, v} ν σ β ε δ ι α χ κ φ) (program : κ)
  (options : Effect4.Supervision.ForkOptions) (site : List.{0} Nat),
  @Eq.{1} (List.{0} (Prod.{0, 0} Effect4.FiberId Effect4.Machine.Origin))
    (@Effect4.Api.originEntries.{u, v} ν σ β ε δ ι α χ St κ φ η
      (@Prod.fst.{max u v, max u v} (Effect4.Machine.RunMachine.{u, v} ν σ β ε δ ι α χ St κ φ η)
        (Prod.{max v u, 0} (Effect4.Machine.RunFiber.{u, v} ν σ β ε δ ι α χ κ φ) Effect4.FiberId)
        (@Effect4.Machine.spawn.{u, v} ν σ β ε δ ι α χ St κ φ η inst interp m parent program options site)))
    (@HAppend.hAppend.{0, 0, 0} (List.{0} (Prod.{0, 0} Effect4.FiberId Effect4.Machine.Origin))
      (List.{0} (Prod.{0, 0} Effect4.FiberId Effect4.Machine.Origin))
      (List.{0} (Prod.{0, 0} Effect4.FiberId Effect4.Machine.Origin))
      (@instHAppendOfAppend.{0} (List.{0} (Prod.{0, 0} Effect4.FiberId Effect4.Machine.Origin))
        (@List.instAppend.{0} (Prod.{0, 0} Effect4.FiberId Effect4.Machine.Origin)))
      (@Effect4.Api.originEntries.{u, v} ν σ β ε δ ι α χ St κ φ η m)
      (@List.cons.{0} (Prod.{0, 0} Effect4.FiberId Effect4.Machine.Origin)
        (@Prod.mk.{0, 0} Effect4.FiberId Effect4.Machine.Origin
          { value := @Effect4.Machine.RunMachine.nextId.{u, v} ν σ β ε δ ι α χ St κ φ η m }
          (Effect4.Machine.Origin.forked (@Effect4.Machine.RunFiber.id.{u, v} ν σ β ε δ ι α χ κ φ parent) options.daemon
            site))
        (@List.nil.{0} (Prod.{0, 0} Effect4.FiberId Effect4.Machine.Origin))))
STATEMENT Effect4.Api.M1Origin.start_origins ∀ {ν σ : Type u} {β : Type v} {ε δ ι α χ : Type u}
  {St κ φ η : Type (max u v)} (m : Effect4.Machine.RunMachine.{u, v} ν σ β ε δ ι α χ St κ φ η)
  (parent : Effect4.Machine.RunFiber.{u, v} ν σ β ε δ ι α χ κ φ) (child : Effect4.FiberId) (immediate : Bool),
  @Eq.{1} (List.{0} (Prod.{0, 0} Effect4.FiberId Effect4.Machine.Origin))
    (@Effect4.Api.originEntries.{u, v} ν σ β ε δ ι α χ St κ φ η
      (@Prod.fst.{max u v, max u v} (Effect4.Machine.RunMachine.{u, v} ν σ β ε δ ι α χ St κ φ η)
        (Prod.{max v u, max v u} (Effect4.Machine.RunFiber.{u, v} ν σ β ε δ ι α χ κ φ)
          (List.{max v u} (Effect4.Machine.Cmd.{u, v} ν σ β ε δ ι α κ)))
        (@Effect4.Machine.start.{u, v} ν σ β ε δ ι α χ St κ φ η m parent child immediate)))
    (@Effect4.Api.originEntries.{u, v} ν σ β ε δ ι α χ St κ φ η m)
STATEMENT Effect4.Api.M1Origin.status_persists ∀ (m m' : Effect4.Api.Machine) (f f' : Effect4.Api.Fiber),
  @Eq.{1}
      (Option.{0}
        (Effect4.Exit.{0, 0} Effect4.Machine.Val Effect4.Machine.Err Effect4.Machine.Defect Effect4.FiberId
          Effect4.Machine.Ann))
      (@Effect4.Machine.RunFiber.exit.{0, 0} Effect4.Program.EffName Effect4.Program.EffThunk Effect4.Machine.Val
        Effect4.Machine.Err Effect4.Machine.Defect Effect4.FiberId Effect4.Machine.Ann Effect4.Machine.Ctx
        (Effect4.Prim.{0, 0} Effect4.Program.EffName Effect4.Program.EffThunk Effect4.Machine.Val Effect4.Machine.Err
          Effect4.Machine.Defect Effect4.FiberId Effect4.Machine.Ann)
        (Effect4.FrameFiber.{0, 0} Effect4.Program.EffName Effect4.Program.EffThunk Effect4.Machine.Val
          Effect4.Machine.Err Effect4.Machine.Defect Effect4.FiberId Effect4.Machine.Ann)
        f')
      (@Effect4.Machine.RunFiber.exit.{0, 0} Effect4.Program.EffName Effect4.Program.EffThunk Effect4.Machine.Val
        Effect4.Machine.Err Effect4.Machine.Defect Effect4.FiberId Effect4.Machine.Ann Effect4.Machine.Ctx
        (Effect4.Prim.{0, 0} Effect4.Program.EffName Effect4.Program.EffThunk Effect4.Machine.Val Effect4.Machine.Err
          Effect4.Machine.Defect Effect4.FiberId Effect4.Machine.Ann)
        (Effect4.FrameFiber.{0, 0} Effect4.Program.EffName Effect4.Program.EffThunk Effect4.Machine.Val
          Effect4.Machine.Err Effect4.Machine.Defect Effect4.FiberId Effect4.Machine.Ann)
        f) →
    @Eq.{1} (Option.{0} Effect4.FiberId)
        (Effect4.Api.parentOf m'
          (@Effect4.Machine.RunFiber.id.{0, 0} Effect4.Program.EffName Effect4.Program.EffThunk Effect4.Machine.Val
            Effect4.Machine.Err Effect4.Machine.Defect Effect4.FiberId Effect4.Machine.Ann Effect4.Machine.Ctx
            (Effect4.Prim.{0, 0} Effect4.Program.EffName Effect4.Program.EffThunk Effect4.Machine.Val
              Effect4.Machine.Err Effect4.Machine.Defect Effect4.FiberId Effect4.Machine.Ann)
            (Effect4.FrameFiber.{0, 0} Effect4.Program.EffName Effect4.Program.EffThunk Effect4.Machine.Val
              Effect4.Machine.Err Effect4.Machine.Defect Effect4.FiberId Effect4.Machine.Ann)
            f'))
        (Effect4.Api.parentOf m
          (@Effect4.Machine.RunFiber.id.{0, 0} Effect4.Program.EffName Effect4.Program.EffThunk Effect4.Machine.Val
            Effect4.Machine.Err Effect4.Machine.Defect Effect4.FiberId Effect4.Machine.Ann Effect4.Machine.Ctx
            (Effect4.Prim.{0, 0} Effect4.Program.EffName Effect4.Program.EffThunk Effect4.Machine.Val
              Effect4.Machine.Err Effect4.Machine.Defect Effect4.FiberId Effect4.Machine.Ann)
            (Effect4.FrameFiber.{0, 0} Effect4.Program.EffName Effect4.Program.EffThunk Effect4.Machine.Val
              Effect4.Machine.Err Effect4.Machine.Defect Effect4.FiberId Effect4.Machine.Ann)
            f)) →
      @Eq.{1} (Option.{0} (Prod.{0, 0} Nat Nat)) (Effect4.Api.pinOf f') (Effect4.Api.pinOf f) →
        @Eq.{1} Effect4.Machine.Origin
            (@Effect4.Machine.RunFiber.origin.{0, 0} Effect4.Program.EffName Effect4.Program.EffThunk
              Effect4.Machine.Val Effect4.Machine.Err Effect4.Machine.Defect Effect4.FiberId Effect4.Machine.Ann
              Effect4.Machine.Ctx
              (Effect4.Prim.{0, 0} Effect4.Program.EffName Effect4.Program.EffThunk Effect4.Machine.Val
                Effect4.Machine.Err Effect4.Machine.Defect Effect4.FiberId Effect4.Machine.Ann)
              (Effect4.FrameFiber.{0, 0} Effect4.Program.EffName Effect4.Program.EffThunk Effect4.Machine.Val
                Effect4.Machine.Err Effect4.Machine.Defect Effect4.FiberId Effect4.Machine.Ann)
              f')
            (@Effect4.Machine.RunFiber.origin.{0, 0} Effect4.Program.EffName Effect4.Program.EffThunk
              Effect4.Machine.Val Effect4.Machine.Err Effect4.Machine.Defect Effect4.FiberId Effect4.Machine.Ann
              Effect4.Machine.Ctx
              (Effect4.Prim.{0, 0} Effect4.Program.EffName Effect4.Program.EffThunk Effect4.Machine.Val
                Effect4.Machine.Err Effect4.Machine.Defect Effect4.FiberId Effect4.Machine.Ann)
              (Effect4.FrameFiber.{0, 0} Effect4.Program.EffName Effect4.Program.EffThunk Effect4.Machine.Val
                Effect4.Machine.Err Effect4.Machine.Defect Effect4.FiberId Effect4.Machine.Ann)
              f) →
          @Eq.{1} Effect4.Api.FiberStatus (Effect4.Api.statusOf m' f') (Effect4.Api.statusOf m f)
STATEMENT Effect4.Api.M1Origin.supervision_static ∀ {ν σ : Type u} {β : Type v} {ε δ ι α χ : Type u}
  {St : Type (max u v)} [inst : DecidableEq.{u + 1} ε] [inst_1 : DecidableEq.{u + 1} δ] [inst_2 : DecidableEq.{u + 1} ι]
  [inst_3 : DecidableEq.{u + 1} α]
  (interp : Effect4.Machine.RunInterp.{u, v} ν σ β ε δ ι α χ St (Effect4.Prim.{u, v} ν σ β ε δ ι α))
  (m :
    Effect4.Machine.RunMachine.{u, v} ν σ β ε δ ι α χ St (Effect4.Prim.{u, v} ν σ β ε δ ι α)
      (Effect4.FrameFiber.{u, v} ν σ β ε δ ι α) (Effect4.FrameEvent.{u, v} ν σ β ε δ ι α))
  (f :
    Effect4.Machine.RunFiber.{u, v} ν σ β ε δ ι α χ (Effect4.Prim.{u, v} ν σ β ε δ ι α)
      (Effect4.FrameFiber.{u, v} ν σ β ε δ ι α))
  (yielding : Bool) (program : Effect4.Prim.{u, v} ν σ β ε δ ι α) (options : Effect4.Supervision.ForkOptions)
  (scope raceId : Nat) (site entrantSite : List.{0} Nat),
  @Eq.{1} (Option.{0} Nat)
      (@Effect4.Machine.RunInterp.ambientScope.{u, v} ν σ β ε δ ι α χ St (Effect4.Prim.{u, v} ν σ β ε δ ι α) interp
        (@Effect4.Machine.RunFiber.context.{u, v} ν σ β ε δ ι α χ (Effect4.Prim.{u, v} ν σ β ε δ ι α)
          (Effect4.FrameFiber.{u, v} ν σ β ε δ ι α) f))
      (@Option.some.{0} Nat scope) →
    And
      (@Eq.{1} (List.{0} (Prod.{0, 0} Effect4.FiberId Effect4.Machine.Origin))
        (@Effect4.Api.originEntries.{u, v} ν σ β ε δ ι α χ St (Effect4.Prim.{u, v} ν σ β ε δ ι α)
          (Effect4.FrameFiber.{u, v} ν σ β ε δ ι α) (Effect4.FrameEvent.{u, v} ν σ β ε δ ι α)
          (@Effect4.Machine.Iter.machine.{u, v} ν σ β ε δ ι α χ St (Effect4.Prim.{u, v} ν σ β ε δ ι α)
            (Effect4.FrameFiber.{u, v} ν σ β ε δ ι α) (Effect4.FrameEvent.{u, v} ν σ β ε δ ι α)
            (@Effect4.Machine.evaluatePrim.withFiber.{u, v} ν σ β ε δ ι α χ St inst inst_1 inst_2 inst_3 interp m f
              yielding
              (@Effect4.Machine.WithFiberAction.fork.{u, v} ν σ β ε δ ι α χ (Effect4.Prim.{u, v} ν σ β ε δ ι α) program
                options site))))
        (@HAppend.hAppend.{0, 0, 0} (List.{0} (Prod.{0, 0} Effect4.FiberId Effect4.Machine.Origin))
          (List.{0} (Prod.{0, 0} Effect4.FiberId Effect4.Machine.Origin))
          (List.{0} (Prod.{0, 0} Effect4.FiberId Effect4.Machine.Origin))
          (@instHAppendOfAppend.{0} (List.{0} (Prod.{0, 0} Effect4.FiberId Effect4.Machine.Origin))
            (@List.instAppend.{0} (Prod.{0, 0} Effect4.FiberId Effect4.Machine.Origin)))
          (@Effect4.Api.originEntries.{u, v} ν σ β ε δ ι α χ St (Effect4.Prim.{u, v} ν σ β ε δ ι α)
            (Effect4.FrameFiber.{u, v} ν σ β ε δ ι α) (Effect4.FrameEvent.{u, v} ν σ β ε δ ι α) m)
          (@List.cons.{0} (Prod.{0, 0} Effect4.FiberId Effect4.Machine.Origin)
            (@Prod.mk.{0, 0} Effect4.FiberId Effect4.Machine.Origin
              {
                value :=
                  @Effect4.Machine.RunMachine.nextId.{u, v} ν σ β ε δ ι α χ St (Effect4.Prim.{u, v} ν σ β ε δ ι α)
                    (Effect4.FrameFiber.{u, v} ν σ β ε δ ι α) (Effect4.FrameEvent.{u, v} ν σ β ε δ ι α) m }
              (Effect4.Machine.Origin.forked
                (@Effect4.Machine.RunFiber.id.{u, v} ν σ β ε δ ι α χ (Effect4.Prim.{u, v} ν σ β ε δ ι α)
                  (Effect4.FrameFiber.{u, v} ν σ β ε δ ι α) f)
                options.daemon site))
            (@List.nil.{0} (Prod.{0, 0} Effect4.FiberId Effect4.Machine.Origin)))))
      (And
        (@Eq.{1} (List.{0} (Prod.{0, 0} Effect4.FiberId Effect4.Machine.Origin))
          (@Effect4.Api.originEntries.{u, v} ν σ β ε δ ι α χ St (Effect4.Prim.{u, v} ν σ β ε δ ι α)
            (Effect4.FrameFiber.{u, v} ν σ β ε δ ι α) (Effect4.FrameEvent.{u, v} ν σ β ε δ ι α)
            (@Effect4.Machine.Iter.machine.{u, v} ν σ β ε δ ι α χ St (Effect4.Prim.{u, v} ν σ β ε δ ι α)
              (Effect4.FrameFiber.{u, v} ν σ β ε δ ι α) (Effect4.FrameEvent.{u, v} ν σ β ε δ ι α)
              (@Effect4.Machine.evaluatePrim.withFiber.{u, v} ν σ β ε δ ι α χ St inst inst_1 inst_2 inst_3 interp m f
                yielding
                (@Effect4.Machine.WithFiberAction.forkIn.{u, v} ν σ β ε δ ι α χ (Effect4.Prim.{u, v} ν σ β ε δ ι α)
                  program options scope site))))
          (@HAppend.hAppend.{0, 0, 0} (List.{0} (Prod.{0, 0} Effect4.FiberId Effect4.Machine.Origin))
            (List.{0} (Prod.{0, 0} Effect4.FiberId Effect4.Machine.Origin))
            (List.{0} (Prod.{0, 0} Effect4.FiberId Effect4.Machine.Origin))
            (@instHAppendOfAppend.{0} (List.{0} (Prod.{0, 0} Effect4.FiberId Effect4.Machine.Origin))
              (@List.instAppend.{0} (Prod.{0, 0} Effect4.FiberId Effect4.Machine.Origin)))
            (@Effect4.Api.originEntries.{u, v} ν σ β ε δ ι α χ St (Effect4.Prim.{u, v} ν σ β ε δ ι α)
              (Effect4.FrameFiber.{u, v} ν σ β ε δ ι α) (Effect4.FrameEvent.{u, v} ν σ β ε δ ι α) m)
            (@List.cons.{0} (Prod.{0, 0} Effect4.FiberId Effect4.Machine.Origin)
              (@Prod.mk.{0, 0} Effect4.FiberId Effect4.Machine.Origin
                {
                  value :=
                    @Effect4.Machine.RunMachine.nextId.{u, v} ν σ β ε δ ι α χ St (Effect4.Prim.{u, v} ν σ β ε δ ι α)
                      (Effect4.FrameFiber.{u, v} ν σ β ε δ ι α) (Effect4.FrameEvent.{u, v} ν σ β ε δ ι α) m }
                (Effect4.Machine.Origin.forked
                  (@Effect4.Machine.RunFiber.id.{u, v} ν σ β ε δ ι α χ (Effect4.Prim.{u, v} ν σ β ε δ ι α)
                    (Effect4.FrameFiber.{u, v} ν σ β ε δ ι α) f)
                  Bool.true site))
              (@List.nil.{0} (Prod.{0, 0} Effect4.FiberId Effect4.Machine.Origin)))))
        (And
          (@Eq.{1} (List.{0} (Prod.{0, 0} Effect4.FiberId Effect4.Machine.Origin))
            (@Effect4.Api.originEntries.{u, v} ν σ β ε δ ι α χ St (Effect4.Prim.{u, v} ν σ β ε δ ι α)
              (Effect4.FrameFiber.{u, v} ν σ β ε δ ι α) (Effect4.FrameEvent.{u, v} ν σ β ε δ ι α)
              (@Effect4.Machine.Iter.machine.{u, v} ν σ β ε δ ι α χ St (Effect4.Prim.{u, v} ν σ β ε δ ι α)
                (Effect4.FrameFiber.{u, v} ν σ β ε δ ι α) (Effect4.FrameEvent.{u, v} ν σ β ε δ ι α)
                (@Effect4.Machine.evaluatePrim.withFiber.{u, v} ν σ β ε δ ι α χ St inst inst_1 inst_2 inst_3 interp m f
                  yielding
                  (@Effect4.Machine.WithFiberAction.forkScoped.{u, v} ν σ β ε δ ι α χ
                    (Effect4.Prim.{u, v} ν σ β ε δ ι α) program options site))))
            (@HAppend.hAppend.{0, 0, 0} (List.{0} (Prod.{0, 0} Effect4.FiberId Effect4.Machine.Origin))
              (List.{0} (Prod.{0, 0} Effect4.FiberId Effect4.Machine.Origin))
              (List.{0} (Prod.{0, 0} Effect4.FiberId Effect4.Machine.Origin))
              (@instHAppendOfAppend.{0} (List.{0} (Prod.{0, 0} Effect4.FiberId Effect4.Machine.Origin))
                (@List.instAppend.{0} (Prod.{0, 0} Effect4.FiberId Effect4.Machine.Origin)))
              (@Effect4.Api.originEntries.{u, v} ν σ β ε δ ι α χ St (Effect4.Prim.{u, v} ν σ β ε δ ι α)
                (Effect4.FrameFiber.{u, v} ν σ β ε δ ι α) (Effect4.FrameEvent.{u, v} ν σ β ε δ ι α) m)
              (@List.cons.{0} (Prod.{0, 0} Effect4.FiberId Effect4.Machine.Origin)
                (@Prod.mk.{0, 0} Effect4.FiberId Effect4.Machine.Origin
                  {
                    value :=
                      @Effect4.Machine.RunMachine.nextId.{u, v} ν σ β ε δ ι α χ St (Effect4.Prim.{u, v} ν σ β ε δ ι α)
                        (Effect4.FrameFiber.{u, v} ν σ β ε δ ι α) (Effect4.FrameEvent.{u, v} ν σ β ε δ ι α) m }
                  (Effect4.Machine.Origin.forked
                    (@Effect4.Machine.RunFiber.id.{u, v} ν σ β ε δ ι α χ (Effect4.Prim.{u, v} ν σ β ε δ ι α)
                      (Effect4.FrameFiber.{u, v} ν σ β ε δ ι α) f)
                    Bool.true site))
                (@List.nil.{0} (Prod.{0, 0} Effect4.FiberId Effect4.Machine.Origin)))))
          (@Eq.{1} (List.{0} (Prod.{0, 0} Effect4.FiberId Effect4.Machine.Origin))
            (@Effect4.Api.originEntries.{u, v} ν σ β ε δ ι α χ St (Effect4.Prim.{u, v} ν σ β ε δ ι α)
              (Effect4.FrameFiber.{u, v} ν σ β ε δ ι α) (Effect4.FrameEvent.{u, v} ν σ β ε δ ι α)
              (@Prod.fst.{max u v, 0}
                (Effect4.Machine.RunMachine.{u, v} ν σ β ε δ ι α χ St (Effect4.Prim.{u, v} ν σ β ε δ ι α)
                  (Effect4.FrameFiber.{u, v} ν σ β ε δ ι α) (Effect4.FrameEvent.{u, v} ν σ β ε δ ι α))
                Effect4.FiberId
                (@Effect4.Machine.launchEntrant.{u, v} ν σ β ε δ ι α χ St (Effect4.Prim.{u, v} ν σ β ε δ ι α)
                  (Effect4.FrameFiber.{u, v} ν σ β ε δ ι α) (Effect4.FrameEvent.{u, v} ν σ β ε δ ι α)
                  (@Effect4.Machine.frameCore.{u, v} ν σ β ε δ ι α) interp raceId m f program entrantSite)))
            (@HAppend.hAppend.{0, 0, 0} (List.{0} (Prod.{0, 0} Effect4.FiberId Effect4.Machine.Origin))
              (List.{0} (Prod.{0, 0} Effect4.FiberId Effect4.Machine.Origin))
              (List.{0} (Prod.{0, 0} Effect4.FiberId Effect4.Machine.Origin))
              (@instHAppendOfAppend.{0} (List.{0} (Prod.{0, 0} Effect4.FiberId Effect4.Machine.Origin))
                (@List.instAppend.{0} (Prod.{0, 0} Effect4.FiberId Effect4.Machine.Origin)))
              (@Effect4.Api.originEntries.{u, v} ν σ β ε δ ι α χ St (Effect4.Prim.{u, v} ν σ β ε δ ι α)
                (Effect4.FrameFiber.{u, v} ν σ β ε δ ι α) (Effect4.FrameEvent.{u, v} ν σ β ε δ ι α) m)
              (@List.cons.{0} (Prod.{0, 0} Effect4.FiberId Effect4.Machine.Origin)
                (@Prod.mk.{0, 0} Effect4.FiberId Effect4.Machine.Origin
                  {
                    value :=
                      @Effect4.Machine.RunMachine.nextId.{u, v} ν σ β ε δ ι α χ St (Effect4.Prim.{u, v} ν σ β ε δ ι α)
                        (Effect4.FrameFiber.{u, v} ν σ β ε δ ι α) (Effect4.FrameEvent.{u, v} ν σ β ε δ ι α) m }
                  (Effect4.Machine.Origin.forked
                    (@Effect4.Machine.RunFiber.id.{u, v} ν σ β ε δ ι α χ (Effect4.Prim.{u, v} ν σ β ε δ ι α)
                      (Effect4.FrameFiber.{u, v} ν σ β ε δ ι α) f)
                    Bool.true entrantSite))
                (@List.nil.{0} (Prod.{0, 0} Effect4.FiberId Effect4.Machine.Origin)))))))
STATEMENT Effect4.Api.M1Trace.action_forkIn_forked ∀ {ν σ : Type u} {β : Type v} {ε δ ι α χ : Type u}
  {St κ φ η : Type (max u v)} [core : Effect4.Machine.FiberCore.{u, v} ν β ε δ ι α κ φ]
  (interp : Effect4.Machine.RunInterp.{u, v} ν σ β ε δ ι α χ St κ)
  (m : Effect4.Machine.RunMachine.{u, v} ν σ β ε δ ι α χ St κ φ η)
  (f : Effect4.Machine.RunFiber.{u, v} ν σ β ε δ ι α χ κ φ) (yielding : Bool) (program : κ)
  (options : Effect4.Supervision.ForkOptions) (scope : Nat)
  (answer : Effect4.Machine.FiberAction.Answer.{u, v} ν σ β ε δ ι α χ κ φ),
  @Eq.{1} (List.{0} (Prod.{0, 0} Effect4.FiberId (Prod.{0, 0} Effect4.FiberId Bool)))
    (@Effect4.Api.TraceFacts.forkedOf.{u, v} ν σ β ε δ ι α χ κ η
      (@Effect4.Machine.RunMachine.trace.{u, v} ν σ β ε δ ι α χ St κ φ η
        (@Effect4.Machine.Iter.machine.{u, v} ν σ β ε δ ι α χ St κ φ η
          (@Effect4.Machine.FiberAction.forkIn.{u, v} ν σ β ε δ ι α χ St κ φ η core interp m f yielding program options
            scope answer (@List.nil.{0} Nat)))))
    (@HAppend.hAppend.{0, 0, 0} (List.{0} (Prod.{0, 0} Effect4.FiberId (Prod.{0, 0} Effect4.FiberId Bool)))
      (List.{0} (Prod.{0, 0} Effect4.FiberId (Prod.{0, 0} Effect4.FiberId Bool)))
      (List.{0} (Prod.{0, 0} Effect4.FiberId (Prod.{0, 0} Effect4.FiberId Bool)))
      (@instHAppendOfAppend.{0} (List.{0} (Prod.{0, 0} Effect4.FiberId (Prod.{0, 0} Effect4.FiberId Bool)))
        (@List.instAppend.{0} (Prod.{0, 0} Effect4.FiberId (Prod.{0, 0} Effect4.FiberId Bool))))
      (@Effect4.Api.TraceFacts.forkedOf.{u, v} ν σ β ε δ ι α χ κ η
        (@Effect4.Machine.RunMachine.trace.{u, v} ν σ β ε δ ι α χ St κ φ η m))
      (@List.cons.{0} (Prod.{0, 0} Effect4.FiberId (Prod.{0, 0} Effect4.FiberId Bool))
        (@Prod.mk.{0, 0} Effect4.FiberId (Prod.{0, 0} Effect4.FiberId Bool)
          (@Effect4.Machine.RunFiber.id.{u, v} ν σ β ε δ ι α χ κ φ f)
          (@Prod.mk.{0, 0} Effect4.FiberId Bool
            { value := @Effect4.Machine.RunMachine.nextId.{u, v} ν σ β ε δ ι α χ St κ φ η m } Bool.true))
        (@List.nil.{0} (Prod.{0, 0} Effect4.FiberId (Prod.{0, 0} Effect4.FiberId Bool)))))
STATEMENT Effect4.Api.M1Trace.action_forkScoped_forked ∀ {ν σ : Type u} {β : Type v} {ε δ ι α χ : Type u}
  {St κ φ η : Type (max u v)} [core : Effect4.Machine.FiberCore.{u, v} ν β ε δ ι α κ φ]
  (interp : Effect4.Machine.RunInterp.{u, v} ν σ β ε δ ι α χ St κ)
  (m : Effect4.Machine.RunMachine.{u, v} ν σ β ε δ ι α χ St κ φ η)
  (f : Effect4.Machine.RunFiber.{u, v} ν σ β ε δ ι α χ κ φ) (yielding : Bool) (program : κ)
  (options : Effect4.Supervision.ForkOptions) (scope : Nat)
  (answer : Effect4.Machine.FiberAction.Answer.{u, v} ν σ β ε δ ι α χ κ φ),
  @Eq.{1} (Option.{0} Nat)
      (@Effect4.Machine.RunInterp.ambientScope.{u, v} ν σ β ε δ ι α χ St κ interp
        (@Effect4.Machine.RunFiber.context.{u, v} ν σ β ε δ ι α χ κ φ f))
      (@Option.some.{0} Nat scope) →
    @Eq.{1} (List.{0} (Prod.{0, 0} Effect4.FiberId (Prod.{0, 0} Effect4.FiberId Bool)))
      (@Effect4.Api.TraceFacts.forkedOf.{u, v} ν σ β ε δ ι α χ κ η
        (@Effect4.Machine.RunMachine.trace.{u, v} ν σ β ε δ ι α χ St κ φ η
          (@Effect4.Machine.Iter.machine.{u, v} ν σ β ε δ ι α χ St κ φ η
            (@Effect4.Machine.FiberAction.forkScoped.{u, v} ν σ β ε δ ι α χ St κ φ η core interp m f yielding program
              options answer (@List.nil.{0} Nat)))))
      (@HAppend.hAppend.{0, 0, 0} (List.{0} (Prod.{0, 0} Effect4.FiberId (Prod.{0, 0} Effect4.FiberId Bool)))
        (List.{0} (Prod.{0, 0} Effect4.FiberId (Prod.{0, 0} Effect4.FiberId Bool)))
        (List.{0} (Prod.{0, 0} Effect4.FiberId (Prod.{0, 0} Effect4.FiberId Bool)))
        (@instHAppendOfAppend.{0} (List.{0} (Prod.{0, 0} Effect4.FiberId (Prod.{0, 0} Effect4.FiberId Bool)))
          (@List.instAppend.{0} (Prod.{0, 0} Effect4.FiberId (Prod.{0, 0} Effect4.FiberId Bool))))
        (@Effect4.Api.TraceFacts.forkedOf.{u, v} ν σ β ε δ ι α χ κ η
          (@Effect4.Machine.RunMachine.trace.{u, v} ν σ β ε δ ι α χ St κ φ η m))
        (@List.cons.{0} (Prod.{0, 0} Effect4.FiberId (Prod.{0, 0} Effect4.FiberId Bool))
          (@Prod.mk.{0, 0} Effect4.FiberId (Prod.{0, 0} Effect4.FiberId Bool)
            (@Effect4.Machine.RunFiber.id.{u, v} ν σ β ε δ ι α χ κ φ f)
            (@Prod.mk.{0, 0} Effect4.FiberId Bool
              { value := @Effect4.Machine.RunMachine.nextId.{u, v} ν σ β ε δ ι α χ St κ φ η m } Bool.true))
          (@List.nil.{0} (Prod.{0, 0} Effect4.FiberId (Prod.{0, 0} Effect4.FiberId Bool)))))
STATEMENT Effect4.Api.M1Trace.action_fork_forked ∀ {ν σ : Type u} {β : Type v} {ε δ ι α χ : Type u}
  {St κ φ η : Type (max u v)} [core : Effect4.Machine.FiberCore.{u, v} ν β ε δ ι α κ φ]
  (interp : Effect4.Machine.RunInterp.{u, v} ν σ β ε δ ι α χ St κ)
  (m : Effect4.Machine.RunMachine.{u, v} ν σ β ε δ ι α χ St κ φ η)
  (f : Effect4.Machine.RunFiber.{u, v} ν σ β ε δ ι α χ κ φ) (yielding : Bool) (program : κ)
  (options : Effect4.Supervision.ForkOptions) (answer : Effect4.Machine.FiberAction.Answer.{u, v} ν σ β ε δ ι α χ κ φ),
  @Eq.{1} (List.{0} (Prod.{0, 0} Effect4.FiberId (Prod.{0, 0} Effect4.FiberId Bool)))
    (@Effect4.Api.TraceFacts.forkedOf.{u, v} ν σ β ε δ ι α χ κ η
      (@Effect4.Machine.RunMachine.trace.{u, v} ν σ β ε δ ι α χ St κ φ η
        (@Effect4.Machine.Iter.machine.{u, v} ν σ β ε δ ι α χ St κ φ η
          (@Effect4.Machine.FiberAction.fork.{u, v} ν σ β ε δ ι α χ St κ φ η core interp m f yielding program options
            answer (@List.nil.{0} Nat)))))
    (@HAppend.hAppend.{0, 0, 0} (List.{0} (Prod.{0, 0} Effect4.FiberId (Prod.{0, 0} Effect4.FiberId Bool)))
      (List.{0} (Prod.{0, 0} Effect4.FiberId (Prod.{0, 0} Effect4.FiberId Bool)))
      (List.{0} (Prod.{0, 0} Effect4.FiberId (Prod.{0, 0} Effect4.FiberId Bool)))
      (@instHAppendOfAppend.{0} (List.{0} (Prod.{0, 0} Effect4.FiberId (Prod.{0, 0} Effect4.FiberId Bool)))
        (@List.instAppend.{0} (Prod.{0, 0} Effect4.FiberId (Prod.{0, 0} Effect4.FiberId Bool))))
      (@Effect4.Api.TraceFacts.forkedOf.{u, v} ν σ β ε δ ι α χ κ η
        (@Effect4.Machine.RunMachine.trace.{u, v} ν σ β ε δ ι α χ St κ φ η m))
      (@List.cons.{0} (Prod.{0, 0} Effect4.FiberId (Prod.{0, 0} Effect4.FiberId Bool))
        (@Prod.mk.{0, 0} Effect4.FiberId (Prod.{0, 0} Effect4.FiberId Bool)
          (@Effect4.Machine.RunFiber.id.{u, v} ν σ β ε δ ι α χ κ φ f)
          (@Prod.mk.{0, 0} Effect4.FiberId Bool
            { value := @Effect4.Machine.RunMachine.nextId.{u, v} ν σ β ε δ ι α χ St κ φ η m } options.daemon))
        (@List.nil.{0} (Prod.{0, 0} Effect4.FiberId (Prod.{0, 0} Effect4.FiberId Bool)))))
STATEMENT Effect4.Api.M1Trace.fiberStatuses_replace_trace ∀ (m : Effect4.Api.Machine)
  (trace :
    List.{0}
      (Effect4.Machine.RunEvent.{0, 0} Effect4.Program.EffName Effect4.Program.EffThunk Effect4.Machine.Val
        Effect4.Machine.Err Effect4.Machine.Defect Effect4.FiberId Effect4.Machine.Ann Effect4.Machine.Ctx
        (Effect4.Prim.{0, 0} Effect4.Program.EffName Effect4.Program.EffThunk Effect4.Machine.Val Effect4.Machine.Err
          Effect4.Machine.Defect Effect4.FiberId Effect4.Machine.Ann)
        (Effect4.FrameEvent.{0, 0} Effect4.Program.EffName Effect4.Program.EffThunk Effect4.Machine.Val
          Effect4.Machine.Err Effect4.Machine.Defect Effect4.FiberId Effect4.Machine.Ann))),
  @Eq.{1} (List.{0} (Prod.{0, 0} Effect4.FiberId Effect4.Api.FiberStatus))
    (Effect4.Api.fiberStatuses
      (@Effect4.Machine.RunMachine.mk.{0, 0} Effect4.Program.EffName Effect4.Program.EffThunk Effect4.Machine.Val
        Effect4.Machine.Err Effect4.Machine.Defect Effect4.FiberId Effect4.Machine.Ann Effect4.Machine.Ctx
        Effect4.Machine.Stores
        (Effect4.Prim.{0, 0} Effect4.Program.EffName Effect4.Program.EffThunk Effect4.Machine.Val Effect4.Machine.Err
          Effect4.Machine.Defect Effect4.FiberId Effect4.Machine.Ann)
        (Effect4.FrameFiber.{0, 0} Effect4.Program.EffName Effect4.Program.EffThunk Effect4.Machine.Val
          Effect4.Machine.Err Effect4.Machine.Defect Effect4.FiberId Effect4.Machine.Ann)
        (Effect4.FrameEvent.{0, 0} Effect4.Program.EffName Effect4.Program.EffThunk Effect4.Machine.Val
          Effect4.Machine.Err Effect4.Machine.Defect Effect4.FiberId Effect4.Machine.Ann)
        (@Effect4.Machine.RunMachine.fibers.{0, 0} Effect4.Program.EffName Effect4.Program.EffThunk Effect4.Machine.Val
          Effect4.Machine.Err Effect4.Machine.Defect Effect4.FiberId Effect4.Machine.Ann Effect4.Machine.Ctx
          Effect4.Machine.Stores
          (Effect4.Prim.{0, 0} Effect4.Program.EffName Effect4.Program.EffThunk Effect4.Machine.Val Effect4.Machine.Err
            Effect4.Machine.Defect Effect4.FiberId Effect4.Machine.Ann)
          (Effect4.FrameFiber.{0, 0} Effect4.Program.EffName Effect4.Program.EffThunk Effect4.Machine.Val
            Effect4.Machine.Err Effect4.Machine.Defect Effect4.FiberId Effect4.Machine.Ann)
          (Effect4.FrameEvent.{0, 0} Effect4.Program.EffName Effect4.Program.EffThunk Effect4.Machine.Val
            Effect4.Machine.Err Effect4.Machine.Defect Effect4.FiberId Effect4.Machine.Ann)
          m)
        (@Effect4.Machine.RunMachine.races.{0, 0} Effect4.Program.EffName Effect4.Program.EffThunk Effect4.Machine.Val
          Effect4.Machine.Err Effect4.Machine.Defect Effect4.FiberId Effect4.Machine.Ann Effect4.Machine.Ctx
          Effect4.Machine.Stores
          (Effect4.Prim.{0, 0} Effect4.Program.EffName Effect4.Program.EffThunk Effect4.Machine.Val Effect4.Machine.Err
            Effect4.Machine.Defect Effect4.FiberId Effect4.Machine.Ann)
          (Effect4.FrameFiber.{0, 0} Effect4.Program.EffName Effect4.Program.EffThunk Effect4.Machine.Val
            Effect4.Machine.Err Effect4.Machine.Defect Effect4.FiberId Effect4.Machine.Ann)
          (Effect4.FrameEvent.{0, 0} Effect4.Program.EffName Effect4.Program.EffThunk Effect4.Machine.Val
            Effect4.Machine.Err Effect4.Machine.Defect Effect4.FiberId Effect4.Machine.Ann)
          m)
        (@Effect4.Machine.RunMachine.nextId.{0, 0} Effect4.Program.EffName Effect4.Program.EffThunk Effect4.Machine.Val
          Effect4.Machine.Err Effect4.Machine.Defect Effect4.FiberId Effect4.Machine.Ann Effect4.Machine.Ctx
          Effect4.Machine.Stores
          (Effect4.Prim.{0, 0} Effect4.Program.EffName Effect4.Program.EffThunk Effect4.Machine.Val Effect4.Machine.Err
            Effect4.Machine.Defect Effect4.FiberId Effect4.Machine.Ann)
          (Effect4.FrameFiber.{0, 0} Effect4.Program.EffName Effect4.Program.EffThunk Effect4.Machine.Val
            Effect4.Machine.Err Effect4.Machine.Defect Effect4.FiberId Effect4.Machine.Ann)
          (Effect4.FrameEvent.{0, 0} Effect4.Program.EffName Effect4.Program.EffThunk Effect4.Machine.Val
            Effect4.Machine.Err Effect4.Machine.Defect Effect4.FiberId Effect4.Machine.Ann)
          m)
        (@Effect4.Machine.RunMachine.nextToken.{0, 0} Effect4.Program.EffName Effect4.Program.EffThunk
          Effect4.Machine.Val Effect4.Machine.Err Effect4.Machine.Defect Effect4.FiberId Effect4.Machine.Ann
          Effect4.Machine.Ctx Effect4.Machine.Stores
          (Effect4.Prim.{0, 0} Effect4.Program.EffName Effect4.Program.EffThunk Effect4.Machine.Val Effect4.Machine.Err
            Effect4.Machine.Defect Effect4.FiberId Effect4.Machine.Ann)
          (Effect4.FrameFiber.{0, 0} Effect4.Program.EffName Effect4.Program.EffThunk Effect4.Machine.Val
            Effect4.Machine.Err Effect4.Machine.Defect Effect4.FiberId Effect4.Machine.Ann)
          (Effect4.FrameEvent.{0, 0} Effect4.Program.EffName Effect4.Program.EffThunk Effect4.Machine.Val
            Effect4.Machine.Err Effect4.Machine.Defect Effect4.FiberId Effect4.Machine.Ann)
          m)
        (@Effect4.Machine.RunMachine.nextRace.{0, 0} Effect4.Program.EffName Effect4.Program.EffThunk
          Effect4.Machine.Val Effect4.Machine.Err Effect4.Machine.Defect Effect4.FiberId Effect4.Machine.Ann
          Effect4.Machine.Ctx Effect4.Machine.Stores
          (Effect4.Prim.{0, 0} Effect4.Program.EffName Effect4.Program.EffThunk Effect4.Machine.Val Effect4.Machine.Err
            Effect4.Machine.Defect Effect4.FiberId Effect4.Machine.Ann)
          (Effect4.FrameFiber.{0, 0} Effect4.Program.EffName Effect4.Program.EffThunk Effect4.Machine.Val
            Effect4.Machine.Err Effect4.Machine.Defect Effect4.FiberId Effect4.Machine.Ann)
          (Effect4.FrameEvent.{0, 0} Effect4.Program.EffName Effect4.Program.EffThunk Effect4.Machine.Val
            Effect4.Machine.Err Effect4.Machine.Defect Effect4.FiberId Effect4.Machine.Ann)
          m)
        (@Effect4.Machine.RunMachine.middlewareInstalled.{0, 0} Effect4.Program.EffName Effect4.Program.EffThunk
          Effect4.Machine.Val Effect4.Machine.Err Effect4.Machine.Defect Effect4.FiberId Effect4.Machine.Ann
          Effect4.Machine.Ctx Effect4.Machine.Stores
          (Effect4.Prim.{0, 0} Effect4.Program.EffName Effect4.Program.EffThunk Effect4.Machine.Val Effect4.Machine.Err
            Effect4.Machine.Defect Effect4.FiberId Effect4.Machine.Ann)
          (Effect4.FrameFiber.{0, 0} Effect4.Program.EffName Effect4.Program.EffThunk Effect4.Machine.Val
            Effect4.Machine.Err Effect4.Machine.Defect Effect4.FiberId Effect4.Machine.Ann)
          (Effect4.FrameEvent.{0, 0} Effect4.Program.EffName Effect4.Program.EffThunk Effect4.Machine.Val
            Effect4.Machine.Err Effect4.Machine.Defect Effect4.FiberId Effect4.Machine.Ann)
          m)
        (@Effect4.Machine.RunMachine.armed.{0, 0} Effect4.Program.EffName Effect4.Program.EffThunk Effect4.Machine.Val
          Effect4.Machine.Err Effect4.Machine.Defect Effect4.FiberId Effect4.Machine.Ann Effect4.Machine.Ctx
          Effect4.Machine.Stores
          (Effect4.Prim.{0, 0} Effect4.Program.EffName Effect4.Program.EffThunk Effect4.Machine.Val Effect4.Machine.Err
            Effect4.Machine.Defect Effect4.FiberId Effect4.Machine.Ann)
          (Effect4.FrameFiber.{0, 0} Effect4.Program.EffName Effect4.Program.EffThunk Effect4.Machine.Val
            Effect4.Machine.Err Effect4.Machine.Defect Effect4.FiberId Effect4.Machine.Ann)
          (Effect4.FrameEvent.{0, 0} Effect4.Program.EffName Effect4.Program.EffThunk Effect4.Machine.Val
            Effect4.Machine.Err Effect4.Machine.Defect Effect4.FiberId Effect4.Machine.Ann)
          m)
        (@Effect4.Machine.RunMachine.state.{0, 0} Effect4.Program.EffName Effect4.Program.EffThunk Effect4.Machine.Val
          Effect4.Machine.Err Effect4.Machine.Defect Effect4.FiberId Effect4.Machine.Ann Effect4.Machine.Ctx
          Effect4.Machine.Stores
          (Effect4.Prim.{0, 0} Effect4.Program.EffName Effect4.Program.EffThunk Effect4.Machine.Val Effect4.Machine.Err
            Effect4.Machine.Defect Effect4.FiberId Effect4.Machine.Ann)
          (Effect4.FrameFiber.{0, 0} Effect4.Program.EffName Effect4.Program.EffThunk Effect4.Machine.Val
            Effect4.Machine.Err Effect4.Machine.Defect Effect4.FiberId Effect4.Machine.Ann)
          (Effect4.FrameEvent.{0, 0} Effect4.Program.EffName Effect4.Program.EffThunk Effect4.Machine.Val
            Effect4.Machine.Err Effect4.Machine.Defect Effect4.FiberId Effect4.Machine.Ann)
          m)
        trace
        (@Effect4.Machine.RunMachine.stuck.{0, 0} Effect4.Program.EffName Effect4.Program.EffThunk Effect4.Machine.Val
          Effect4.Machine.Err Effect4.Machine.Defect Effect4.FiberId Effect4.Machine.Ann Effect4.Machine.Ctx
          Effect4.Machine.Stores
          (Effect4.Prim.{0, 0} Effect4.Program.EffName Effect4.Program.EffThunk Effect4.Machine.Val Effect4.Machine.Err
            Effect4.Machine.Defect Effect4.FiberId Effect4.Machine.Ann)
          (Effect4.FrameFiber.{0, 0} Effect4.Program.EffName Effect4.Program.EffThunk Effect4.Machine.Val
            Effect4.Machine.Err Effect4.Machine.Defect Effect4.FiberId Effect4.Machine.Ann)
          (Effect4.FrameEvent.{0, 0} Effect4.Program.EffName Effect4.Program.EffThunk Effect4.Machine.Val
            Effect4.Machine.Err Effect4.Machine.Defect Effect4.FiberId Effect4.Machine.Ann)
          m)))
    (Effect4.Api.fiberStatuses m)
STATEMENT Effect4.Api.M1Trace.forkFinalizers_forked ∀ {ν σ : Type u} {β : Type v} {ε δ ι α χ : Type u}
  {St κ φ η : Type (max u v)} [core : Effect4.Machine.FiberCore.{u, v} ν β ε δ ι α κ φ]
  (interp : Effect4.Machine.RunInterp.{u, v} ν σ β ε δ ι α χ St κ)
  (host : Effect4.Machine.RunFiber.{u, v} ν σ β ε δ ι α χ κ φ) (programs : List.{max u v} κ)
  (m : Effect4.Machine.RunMachine.{u, v} ν σ β ε δ ι α χ St κ φ η),
  @Exists.{1} (List.{0} (Prod.{0, 0} Effect4.FiberId (Prod.{0, 0} Effect4.FiberId Bool))) fun new =>
    And
      (@Eq.{1} (List.{0} (Prod.{0, 0} Effect4.FiberId (Prod.{0, 0} Effect4.FiberId Bool)))
        (@Effect4.Api.TraceFacts.forkedOf.{u, v} ν σ β ε δ ι α χ κ η
          (@Effect4.Machine.RunMachine.trace.{u, v} ν σ β ε δ ι α χ St κ φ η
            (@Prod.fst.{max u v, 0} (Effect4.Machine.RunMachine.{u, v} ν σ β ε δ ι α χ St κ φ η)
              (List.{0} Effect4.FiberId)
              (@Effect4.Machine.forkFinalizers.{u, v} ν σ β ε δ ι α χ St κ φ η core interp m host programs))))
        (@HAppend.hAppend.{0, 0, 0} (List.{0} (Prod.{0, 0} Effect4.FiberId (Prod.{0, 0} Effect4.FiberId Bool)))
          (List.{0} (Prod.{0, 0} Effect4.FiberId (Prod.{0, 0} Effect4.FiberId Bool)))
          (List.{0} (Prod.{0, 0} Effect4.FiberId (Prod.{0, 0} Effect4.FiberId Bool)))
          (@instHAppendOfAppend.{0} (List.{0} (Prod.{0, 0} Effect4.FiberId (Prod.{0, 0} Effect4.FiberId Bool)))
            (@List.instAppend.{0} (Prod.{0, 0} Effect4.FiberId (Prod.{0, 0} Effect4.FiberId Bool))))
          (@Effect4.Api.TraceFacts.forkedOf.{u, v} ν σ β ε δ ι α χ κ η
            (@Effect4.Machine.RunMachine.trace.{u, v} ν σ β ε δ ι α χ St κ φ η m))
          new))
      (@Eq.{1} Bool
        (@List.all.{0} (Prod.{0, 0} Effect4.FiberId (Prod.{0, 0} Effect4.FiberId Bool)) new fun e =>
          @Prod.snd.{0, 0} Effect4.FiberId Bool (@Prod.snd.{0, 0} Effect4.FiberId (Prod.{0, 0} Effect4.FiberId Bool) e))
        Bool.true)
STATEMENT Effect4.Api.M1Trace.forkIn_forked ∀ {ν σ : Type u} {β : Type v} {ε δ ι α χ : Type u} {St : Type (max u v)}
  [inst : DecidableEq.{u + 1} ε] [inst_1 : DecidableEq.{u + 1} δ] [inst_2 : DecidableEq.{u + 1} ι]
  [inst_3 : DecidableEq.{u + 1} α]
  (interp : Effect4.Machine.RunInterp.{u, v} ν σ β ε δ ι α χ St (Effect4.Prim.{u, v} ν σ β ε δ ι α))
  (m :
    Effect4.Machine.RunMachine.{u, v} ν σ β ε δ ι α χ St (Effect4.Prim.{u, v} ν σ β ε δ ι α)
      (Effect4.FrameFiber.{u, v} ν σ β ε δ ι α) (Effect4.FrameEvent.{u, v} ν σ β ε δ ι α))
  (f :
    Effect4.Machine.RunFiber.{u, v} ν σ β ε δ ι α χ (Effect4.Prim.{u, v} ν σ β ε δ ι α)
      (Effect4.FrameFiber.{u, v} ν σ β ε δ ι α))
  (yielding : Bool) (program : Effect4.Prim.{u, v} ν σ β ε δ ι α) (options : Effect4.Supervision.ForkOptions)
  (scope : Nat),
  @Eq.{1} (List.{0} (Prod.{0, 0} Effect4.FiberId (Prod.{0, 0} Effect4.FiberId Bool)))
    (@Effect4.Api.TraceFacts.forkedOf.{u, v} ν σ β ε δ ι α χ (Effect4.Prim.{u, v} ν σ β ε δ ι α)
      (Effect4.FrameEvent.{u, v} ν σ β ε δ ι α)
      (@Effect4.Machine.RunMachine.trace.{u, v} ν σ β ε δ ι α χ St (Effect4.Prim.{u, v} ν σ β ε δ ι α)
        (Effect4.FrameFiber.{u, v} ν σ β ε δ ι α) (Effect4.FrameEvent.{u, v} ν σ β ε δ ι α)
        (@Effect4.Machine.Iter.machine.{u, v} ν σ β ε δ ι α χ St (Effect4.Prim.{u, v} ν σ β ε δ ι α)
          (Effect4.FrameFiber.{u, v} ν σ β ε δ ι α) (Effect4.FrameEvent.{u, v} ν σ β ε δ ι α)
          (@Effect4.Machine.evaluatePrim.withFiber.{u, v} ν σ β ε δ ι α χ St inst inst_1 inst_2 inst_3 interp m f
            yielding
            (@Effect4.Machine.WithFiberAction.forkIn.{u, v} ν σ β ε δ ι α χ (Effect4.Prim.{u, v} ν σ β ε δ ι α) program
              options scope (@List.nil.{0} Nat))))))
    (@HAppend.hAppend.{0, 0, 0} (List.{0} (Prod.{0, 0} Effect4.FiberId (Prod.{0, 0} Effect4.FiberId Bool)))
      (List.{0} (Prod.{0, 0} Effect4.FiberId (Prod.{0, 0} Effect4.FiberId Bool)))
      (List.{0} (Prod.{0, 0} Effect4.FiberId (Prod.{0, 0} Effect4.FiberId Bool)))
      (@instHAppendOfAppend.{0} (List.{0} (Prod.{0, 0} Effect4.FiberId (Prod.{0, 0} Effect4.FiberId Bool)))
        (@List.instAppend.{0} (Prod.{0, 0} Effect4.FiberId (Prod.{0, 0} Effect4.FiberId Bool))))
      (@Effect4.Api.TraceFacts.forkedOf.{u, v} ν σ β ε δ ι α χ (Effect4.Prim.{u, v} ν σ β ε δ ι α)
        (Effect4.FrameEvent.{u, v} ν σ β ε δ ι α)
        (@Effect4.Machine.RunMachine.trace.{u, v} ν σ β ε δ ι α χ St (Effect4.Prim.{u, v} ν σ β ε δ ι α)
          (Effect4.FrameFiber.{u, v} ν σ β ε δ ι α) (Effect4.FrameEvent.{u, v} ν σ β ε δ ι α) m))
      (@List.cons.{0} (Prod.{0, 0} Effect4.FiberId (Prod.{0, 0} Effect4.FiberId Bool))
        (@Prod.mk.{0, 0} Effect4.FiberId (Prod.{0, 0} Effect4.FiberId Bool)
          (@Effect4.Machine.RunFiber.id.{u, v} ν σ β ε δ ι α χ (Effect4.Prim.{u, v} ν σ β ε δ ι α)
            (Effect4.FrameFiber.{u, v} ν σ β ε δ ι α) f)
          (@Prod.mk.{0, 0} Effect4.FiberId Bool
            {
              value :=
                @Effect4.Machine.RunMachine.nextId.{u, v} ν σ β ε δ ι α χ St (Effect4.Prim.{u, v} ν σ β ε δ ι α)
                  (Effect4.FrameFiber.{u, v} ν σ β ε δ ι α) (Effect4.FrameEvent.{u, v} ν σ β ε δ ι α) m }
            Bool.true))
        (@List.nil.{0} (Prod.{0, 0} Effect4.FiberId (Prod.{0, 0} Effect4.FiberId Bool)))))
STATEMENT Effect4.Api.M1Trace.forkScoped_forked ∀ {ν σ : Type u} {β : Type v} {ε δ ι α χ : Type u} {St : Type (max u v)}
  [inst : DecidableEq.{u + 1} ε] [inst_1 : DecidableEq.{u + 1} δ] [inst_2 : DecidableEq.{u + 1} ι]
  [inst_3 : DecidableEq.{u + 1} α]
  (interp : Effect4.Machine.RunInterp.{u, v} ν σ β ε δ ι α χ St (Effect4.Prim.{u, v} ν σ β ε δ ι α))
  (m :
    Effect4.Machine.RunMachine.{u, v} ν σ β ε δ ι α χ St (Effect4.Prim.{u, v} ν σ β ε δ ι α)
      (Effect4.FrameFiber.{u, v} ν σ β ε δ ι α) (Effect4.FrameEvent.{u, v} ν σ β ε δ ι α))
  (f :
    Effect4.Machine.RunFiber.{u, v} ν σ β ε δ ι α χ (Effect4.Prim.{u, v} ν σ β ε δ ι α)
      (Effect4.FrameFiber.{u, v} ν σ β ε δ ι α))
  (yielding : Bool) (program : Effect4.Prim.{u, v} ν σ β ε δ ι α) (options : Effect4.Supervision.ForkOptions)
  (scope : Nat),
  @Eq.{1} (Option.{0} Nat)
      (@Effect4.Machine.RunInterp.ambientScope.{u, v} ν σ β ε δ ι α χ St (Effect4.Prim.{u, v} ν σ β ε δ ι α) interp
        (@Effect4.Machine.RunFiber.context.{u, v} ν σ β ε δ ι α χ (Effect4.Prim.{u, v} ν σ β ε δ ι α)
          (Effect4.FrameFiber.{u, v} ν σ β ε δ ι α) f))
      (@Option.some.{0} Nat scope) →
    @Eq.{1} (List.{0} (Prod.{0, 0} Effect4.FiberId (Prod.{0, 0} Effect4.FiberId Bool)))
      (@Effect4.Api.TraceFacts.forkedOf.{u, v} ν σ β ε δ ι α χ (Effect4.Prim.{u, v} ν σ β ε δ ι α)
        (Effect4.FrameEvent.{u, v} ν σ β ε δ ι α)
        (@Effect4.Machine.RunMachine.trace.{u, v} ν σ β ε δ ι α χ St (Effect4.Prim.{u, v} ν σ β ε δ ι α)
          (Effect4.FrameFiber.{u, v} ν σ β ε δ ι α) (Effect4.FrameEvent.{u, v} ν σ β ε δ ι α)
          (@Effect4.Machine.Iter.machine.{u, v} ν σ β ε δ ι α χ St (Effect4.Prim.{u, v} ν σ β ε δ ι α)
            (Effect4.FrameFiber.{u, v} ν σ β ε δ ι α) (Effect4.FrameEvent.{u, v} ν σ β ε δ ι α)
            (@Effect4.Machine.evaluatePrim.withFiber.{u, v} ν σ β ε δ ι α χ St inst inst_1 inst_2 inst_3 interp m f
              yielding
              (@Effect4.Machine.WithFiberAction.forkScoped.{u, v} ν σ β ε δ ι α χ (Effect4.Prim.{u, v} ν σ β ε δ ι α)
                program options (@List.nil.{0} Nat))))))
      (@HAppend.hAppend.{0, 0, 0} (List.{0} (Prod.{0, 0} Effect4.FiberId (Prod.{0, 0} Effect4.FiberId Bool)))
        (List.{0} (Prod.{0, 0} Effect4.FiberId (Prod.{0, 0} Effect4.FiberId Bool)))
        (List.{0} (Prod.{0, 0} Effect4.FiberId (Prod.{0, 0} Effect4.FiberId Bool)))
        (@instHAppendOfAppend.{0} (List.{0} (Prod.{0, 0} Effect4.FiberId (Prod.{0, 0} Effect4.FiberId Bool)))
          (@List.instAppend.{0} (Prod.{0, 0} Effect4.FiberId (Prod.{0, 0} Effect4.FiberId Bool))))
        (@Effect4.Api.TraceFacts.forkedOf.{u, v} ν σ β ε δ ι α χ (Effect4.Prim.{u, v} ν σ β ε δ ι α)
          (Effect4.FrameEvent.{u, v} ν σ β ε δ ι α)
          (@Effect4.Machine.RunMachine.trace.{u, v} ν σ β ε δ ι α χ St (Effect4.Prim.{u, v} ν σ β ε δ ι α)
            (Effect4.FrameFiber.{u, v} ν σ β ε δ ι α) (Effect4.FrameEvent.{u, v} ν σ β ε δ ι α) m))
        (@List.cons.{0} (Prod.{0, 0} Effect4.FiberId (Prod.{0, 0} Effect4.FiberId Bool))
          (@Prod.mk.{0, 0} Effect4.FiberId (Prod.{0, 0} Effect4.FiberId Bool)
            (@Effect4.Machine.RunFiber.id.{u, v} ν σ β ε δ ι α χ (Effect4.Prim.{u, v} ν σ β ε δ ι α)
              (Effect4.FrameFiber.{u, v} ν σ β ε δ ι α) f)
            (@Prod.mk.{0, 0} Effect4.FiberId Bool
              {
                value :=
                  @Effect4.Machine.RunMachine.nextId.{u, v} ν σ β ε δ ι α χ St (Effect4.Prim.{u, v} ν σ β ε δ ι α)
                    (Effect4.FrameFiber.{u, v} ν σ β ε δ ι α) (Effect4.FrameEvent.{u, v} ν σ β ε δ ι α) m }
              Bool.true))
          (@List.nil.{0} (Prod.{0, 0} Effect4.FiberId (Prod.{0, 0} Effect4.FiberId Bool)))))
STATEMENT Effect4.Api.M1Trace.forkScoped_none_forked ∀ {ν σ : Type u} {β : Type v} {ε δ ι α χ : Type u}
  {St : Type (max u v)} [inst : DecidableEq.{u + 1} ε] [inst_1 : DecidableEq.{u + 1} δ] [inst_2 : DecidableEq.{u + 1} ι]
  [inst_3 : DecidableEq.{u + 1} α]
  (interp : Effect4.Machine.RunInterp.{u, v} ν σ β ε δ ι α χ St (Effect4.Prim.{u, v} ν σ β ε δ ι α))
  (m :
    Effect4.Machine.RunMachine.{u, v} ν σ β ε δ ι α χ St (Effect4.Prim.{u, v} ν σ β ε δ ι α)
      (Effect4.FrameFiber.{u, v} ν σ β ε δ ι α) (Effect4.FrameEvent.{u, v} ν σ β ε δ ι α))
  (f :
    Effect4.Machine.RunFiber.{u, v} ν σ β ε δ ι α χ (Effect4.Prim.{u, v} ν σ β ε δ ι α)
      (Effect4.FrameFiber.{u, v} ν σ β ε δ ι α))
  (yielding : Bool) (program : Effect4.Prim.{u, v} ν σ β ε δ ι α) (options : Effect4.Supervision.ForkOptions),
  @Eq.{1} (Option.{0} Nat)
      (@Effect4.Machine.RunInterp.ambientScope.{u, v} ν σ β ε δ ι α χ St (Effect4.Prim.{u, v} ν σ β ε δ ι α) interp
        (@Effect4.Machine.RunFiber.context.{u, v} ν σ β ε δ ι α χ (Effect4.Prim.{u, v} ν σ β ε δ ι α)
          (Effect4.FrameFiber.{u, v} ν σ β ε δ ι α) f))
      (@Option.none.{0} Nat) →
    @Eq.{1} (List.{0} (Prod.{0, 0} Effect4.FiberId (Prod.{0, 0} Effect4.FiberId Bool)))
      (@Effect4.Api.TraceFacts.forkedOf.{u, v} ν σ β ε δ ι α χ (Effect4.Prim.{u, v} ν σ β ε δ ι α)
        (Effect4.FrameEvent.{u, v} ν σ β ε δ ι α)
        (@Effect4.Machine.RunMachine.trace.{u, v} ν σ β ε δ ι α χ St (Effect4.Prim.{u, v} ν σ β ε δ ι α)
          (Effect4.FrameFiber.{u, v} ν σ β ε δ ι α) (Effect4.FrameEvent.{u, v} ν σ β ε δ ι α)
          (@Effect4.Machine.Iter.machine.{u, v} ν σ β ε δ ι α χ St (Effect4.Prim.{u, v} ν σ β ε δ ι α)
            (Effect4.FrameFiber.{u, v} ν σ β ε δ ι α) (Effect4.FrameEvent.{u, v} ν σ β ε δ ι α)
            (@Effect4.Machine.evaluatePrim.withFiber.{u, v} ν σ β ε δ ι α χ St inst inst_1 inst_2 inst_3 interp m f
              yielding
              (@Effect4.Machine.WithFiberAction.forkScoped.{u, v} ν σ β ε δ ι α χ (Effect4.Prim.{u, v} ν σ β ε δ ι α)
                program options (@List.nil.{0} Nat))))))
      (@Effect4.Api.TraceFacts.forkedOf.{u, v} ν σ β ε δ ι α χ (Effect4.Prim.{u, v} ν σ β ε δ ι α)
        (Effect4.FrameEvent.{u, v} ν σ β ε δ ι α)
        (@Effect4.Machine.RunMachine.trace.{u, v} ν σ β ε δ ι α χ St (Effect4.Prim.{u, v} ν σ β ε δ ι α)
          (Effect4.FrameFiber.{u, v} ν σ β ε δ ι α) (Effect4.FrameEvent.{u, v} ν σ β ε δ ι α) m))
STATEMENT Effect4.Api.M1Trace.fork_forked ∀ {ν σ : Type u} {β : Type v} {ε δ ι α χ : Type u} {St : Type (max u v)}
  [inst : DecidableEq.{u + 1} ε] [inst_1 : DecidableEq.{u + 1} δ] [inst_2 : DecidableEq.{u + 1} ι]
  [inst_3 : DecidableEq.{u + 1} α]
  (interp : Effect4.Machine.RunInterp.{u, v} ν σ β ε δ ι α χ St (Effect4.Prim.{u, v} ν σ β ε δ ι α))
  (m :
    Effect4.Machine.RunMachine.{u, v} ν σ β ε δ ι α χ St (Effect4.Prim.{u, v} ν σ β ε δ ι α)
      (Effect4.FrameFiber.{u, v} ν σ β ε δ ι α) (Effect4.FrameEvent.{u, v} ν σ β ε δ ι α))
  (f :
    Effect4.Machine.RunFiber.{u, v} ν σ β ε δ ι α χ (Effect4.Prim.{u, v} ν σ β ε δ ι α)
      (Effect4.FrameFiber.{u, v} ν σ β ε δ ι α))
  (yielding : Bool) (program : Effect4.Prim.{u, v} ν σ β ε δ ι α) (options : Effect4.Supervision.ForkOptions),
  @Eq.{1} (List.{0} (Prod.{0, 0} Effect4.FiberId (Prod.{0, 0} Effect4.FiberId Bool)))
    (@Effect4.Api.TraceFacts.forkedOf.{u, v} ν σ β ε δ ι α χ (Effect4.Prim.{u, v} ν σ β ε δ ι α)
      (Effect4.FrameEvent.{u, v} ν σ β ε δ ι α)
      (@Effect4.Machine.RunMachine.trace.{u, v} ν σ β ε δ ι α χ St (Effect4.Prim.{u, v} ν σ β ε δ ι α)
        (Effect4.FrameFiber.{u, v} ν σ β ε δ ι α) (Effect4.FrameEvent.{u, v} ν σ β ε δ ι α)
        (@Effect4.Machine.Iter.machine.{u, v} ν σ β ε δ ι α χ St (Effect4.Prim.{u, v} ν σ β ε δ ι α)
          (Effect4.FrameFiber.{u, v} ν σ β ε δ ι α) (Effect4.FrameEvent.{u, v} ν σ β ε δ ι α)
          (@Effect4.Machine.evaluatePrim.withFiber.{u, v} ν σ β ε δ ι α χ St inst inst_1 inst_2 inst_3 interp m f
            yielding
            (@Effect4.Machine.WithFiberAction.fork.{u, v} ν σ β ε δ ι α χ (Effect4.Prim.{u, v} ν σ β ε δ ι α) program
              options (@List.nil.{0} Nat))))))
    (@HAppend.hAppend.{0, 0, 0} (List.{0} (Prod.{0, 0} Effect4.FiberId (Prod.{0, 0} Effect4.FiberId Bool)))
      (List.{0} (Prod.{0, 0} Effect4.FiberId (Prod.{0, 0} Effect4.FiberId Bool)))
      (List.{0} (Prod.{0, 0} Effect4.FiberId (Prod.{0, 0} Effect4.FiberId Bool)))
      (@instHAppendOfAppend.{0} (List.{0} (Prod.{0, 0} Effect4.FiberId (Prod.{0, 0} Effect4.FiberId Bool)))
        (@List.instAppend.{0} (Prod.{0, 0} Effect4.FiberId (Prod.{0, 0} Effect4.FiberId Bool))))
      (@Effect4.Api.TraceFacts.forkedOf.{u, v} ν σ β ε δ ι α χ (Effect4.Prim.{u, v} ν σ β ε δ ι α)
        (Effect4.FrameEvent.{u, v} ν σ β ε δ ι α)
        (@Effect4.Machine.RunMachine.trace.{u, v} ν σ β ε δ ι α χ St (Effect4.Prim.{u, v} ν σ β ε δ ι α)
          (Effect4.FrameFiber.{u, v} ν σ β ε δ ι α) (Effect4.FrameEvent.{u, v} ν σ β ε δ ι α) m))
      (@List.cons.{0} (Prod.{0, 0} Effect4.FiberId (Prod.{0, 0} Effect4.FiberId Bool))
        (@Prod.mk.{0, 0} Effect4.FiberId (Prod.{0, 0} Effect4.FiberId Bool)
          (@Effect4.Machine.RunFiber.id.{u, v} ν σ β ε δ ι α χ (Effect4.Prim.{u, v} ν σ β ε δ ι α)
            (Effect4.FrameFiber.{u, v} ν σ β ε δ ι α) f)
          (@Prod.mk.{0, 0} Effect4.FiberId Bool
            {
              value :=
                @Effect4.Machine.RunMachine.nextId.{u, v} ν σ β ε δ ι α χ St (Effect4.Prim.{u, v} ν σ β ε δ ι α)
                  (Effect4.FrameFiber.{u, v} ν σ β ε δ ι α) (Effect4.FrameEvent.{u, v} ν σ β ε δ ι α) m }
            options.daemon))
        (@List.nil.{0} (Prod.{0, 0} Effect4.FiberId (Prod.{0, 0} Effect4.FiberId Bool)))))
STATEMENT Effect4.Api.M1Trace.forkedOf_append ∀ {ν σ : Type u} {β : Type v} {ε δ ι α χ : Type u} {κ η : Type (max u v)}
  (a b : List.{max v u} (Effect4.Machine.RunEvent.{u, v} ν σ β ε δ ι α χ κ η)),
  @Eq.{1} (List.{0} (Prod.{0, 0} Effect4.FiberId (Prod.{0, 0} Effect4.FiberId Bool)))
    (@Effect4.Api.TraceFacts.forkedOf.{u, v} ν σ β ε δ ι α χ κ η
      (@HAppend.hAppend.{max u v, max u v, max u v}
        (List.{max v u} (Effect4.Machine.RunEvent.{u, v} ν σ β ε δ ι α χ κ η))
        (List.{max v u} (Effect4.Machine.RunEvent.{u, v} ν σ β ε δ ι α χ κ η))
        (List.{max v u} (Effect4.Machine.RunEvent.{u, v} ν σ β ε δ ι α χ κ η))
        (@instHAppendOfAppend.{max u v} (List.{max v u} (Effect4.Machine.RunEvent.{u, v} ν σ β ε δ ι α χ κ η))
          (@List.instAppend.{max u v} (Effect4.Machine.RunEvent.{u, v} ν σ β ε δ ι α χ κ η)))
        a b))
    (@HAppend.hAppend.{0, 0, 0} (List.{0} (Prod.{0, 0} Effect4.FiberId (Prod.{0, 0} Effect4.FiberId Bool)))
      (List.{0} (Prod.{0, 0} Effect4.FiberId (Prod.{0, 0} Effect4.FiberId Bool)))
      (List.{0} (Prod.{0, 0} Effect4.FiberId (Prod.{0, 0} Effect4.FiberId Bool)))
      (@instHAppendOfAppend.{0} (List.{0} (Prod.{0, 0} Effect4.FiberId (Prod.{0, 0} Effect4.FiberId Bool)))
        (@List.instAppend.{0} (Prod.{0, 0} Effect4.FiberId (Prod.{0, 0} Effect4.FiberId Bool))))
      (@Effect4.Api.TraceFacts.forkedOf.{u, v} ν σ β ε δ ι α χ κ η a)
      (@Effect4.Api.TraceFacts.forkedOf.{u, v} ν σ β ε δ ι α χ κ η b))
STATEMENT Effect4.Api.M1Trace.launchEntrant_forked ∀ {ν σ : Type u} {β : Type v} {ε δ ι α χ : Type u}
  {St κ φ η : Type (max u v)} [core : Effect4.Machine.FiberCore.{u, v} ν β ε δ ι α κ φ]
  (interp : Effect4.Machine.RunInterp.{u, v} ν σ β ε δ ι α χ St κ) (raceId : Nat)
  (m : Effect4.Machine.RunMachine.{u, v} ν σ β ε δ ι α χ St κ φ η)
  (host : Effect4.Machine.RunFiber.{u, v} ν σ β ε δ ι α χ κ φ) (program : κ),
  @Eq.{1} (List.{0} (Prod.{0, 0} Effect4.FiberId (Prod.{0, 0} Effect4.FiberId Bool)))
    (@Effect4.Api.TraceFacts.forkedOf.{u, v} ν σ β ε δ ι α χ κ η
      (@Effect4.Machine.RunMachine.trace.{u, v} ν σ β ε δ ι α χ St κ φ η
        (@Prod.fst.{max u v, 0} (Effect4.Machine.RunMachine.{u, v} ν σ β ε δ ι α χ St κ φ η) Effect4.FiberId
          (@Effect4.Machine.launchEntrant.{u, v} ν σ β ε δ ι α χ St κ φ η core interp raceId m host program
            (@List.nil.{0} Nat)))))
    (@HAppend.hAppend.{0, 0, 0} (List.{0} (Prod.{0, 0} Effect4.FiberId (Prod.{0, 0} Effect4.FiberId Bool)))
      (List.{0} (Prod.{0, 0} Effect4.FiberId (Prod.{0, 0} Effect4.FiberId Bool)))
      (List.{0} (Prod.{0, 0} Effect4.FiberId (Prod.{0, 0} Effect4.FiberId Bool)))
      (@instHAppendOfAppend.{0} (List.{0} (Prod.{0, 0} Effect4.FiberId (Prod.{0, 0} Effect4.FiberId Bool)))
        (@List.instAppend.{0} (Prod.{0, 0} Effect4.FiberId (Prod.{0, 0} Effect4.FiberId Bool))))
      (@Effect4.Api.TraceFacts.forkedOf.{u, v} ν σ β ε δ ι α χ κ η
        (@Effect4.Machine.RunMachine.trace.{u, v} ν σ β ε δ ι α χ St κ φ η m))
      (@List.cons.{0} (Prod.{0, 0} Effect4.FiberId (Prod.{0, 0} Effect4.FiberId Bool))
        (@Prod.mk.{0, 0} Effect4.FiberId (Prod.{0, 0} Effect4.FiberId Bool)
          (@Effect4.Machine.RunFiber.id.{u, v} ν σ β ε δ ι α χ κ φ host)
          (@Prod.mk.{0, 0} Effect4.FiberId Bool
            { value := @Effect4.Machine.RunMachine.nextId.{u, v} ν σ β ε δ ι α χ St κ φ η m } Bool.true))
        (@List.nil.{0} (Prod.{0, 0} Effect4.FiberId (Prod.{0, 0} Effect4.FiberId Bool)))))
STATEMENT Effect4.Api.M1Trace.spawn_forked ∀ {ν σ : Type u} {β : Type v} {ε δ ι α χ : Type u}
  {St κ φ η : Type (max u v)} [core : Effect4.Machine.FiberCore.{u, v} ν β ε δ ι α κ φ]
  (interp : Effect4.Machine.RunInterp.{u, v} ν σ β ε δ ι α χ St κ)
  (m : Effect4.Machine.RunMachine.{u, v} ν σ β ε δ ι α χ St κ φ η)
  (parent : Effect4.Machine.RunFiber.{u, v} ν σ β ε δ ι α χ κ φ) (program : κ)
  (options : Effect4.Supervision.ForkOptions),
  @Eq.{1} (List.{0} (Prod.{0, 0} Effect4.FiberId (Prod.{0, 0} Effect4.FiberId Bool)))
    (@Effect4.Api.TraceFacts.forkedOf.{u, v} ν σ β ε δ ι α χ κ η
      (@Effect4.Machine.RunMachine.trace.{u, v} ν σ β ε δ ι α χ St κ φ η
        (@Prod.fst.{max u v, max u v} (Effect4.Machine.RunMachine.{u, v} ν σ β ε δ ι α χ St κ φ η)
          (Prod.{max v u, 0} (Effect4.Machine.RunFiber.{u, v} ν σ β ε δ ι α χ κ φ) Effect4.FiberId)
          (@Effect4.Machine.spawn.{u, v} ν σ β ε δ ι α χ St κ φ η core interp m parent program options
            (@List.nil.{0} Nat)))))
    (@HAppend.hAppend.{0, 0, 0} (List.{0} (Prod.{0, 0} Effect4.FiberId (Prod.{0, 0} Effect4.FiberId Bool)))
      (List.{0} (Prod.{0, 0} Effect4.FiberId (Prod.{0, 0} Effect4.FiberId Bool)))
      (List.{0} (Prod.{0, 0} Effect4.FiberId (Prod.{0, 0} Effect4.FiberId Bool)))
      (@instHAppendOfAppend.{0} (List.{0} (Prod.{0, 0} Effect4.FiberId (Prod.{0, 0} Effect4.FiberId Bool)))
        (@List.instAppend.{0} (Prod.{0, 0} Effect4.FiberId (Prod.{0, 0} Effect4.FiberId Bool))))
      (@Effect4.Api.TraceFacts.forkedOf.{u, v} ν σ β ε δ ι α χ κ η
        (@Effect4.Machine.RunMachine.trace.{u, v} ν σ β ε δ ι α χ St κ φ η m))
      (@List.cons.{0} (Prod.{0, 0} Effect4.FiberId (Prod.{0, 0} Effect4.FiberId Bool))
        (@Prod.mk.{0, 0} Effect4.FiberId (Prod.{0, 0} Effect4.FiberId Bool)
          (@Effect4.Machine.RunFiber.id.{u, v} ν σ β ε δ ι α χ κ φ parent)
          (@Prod.mk.{0, 0} Effect4.FiberId Bool
            { value := @Effect4.Machine.RunMachine.nextId.{u, v} ν σ β ε δ ι α χ St κ φ η m } options.daemon))
        (@List.nil.{0} (Prod.{0, 0} Effect4.FiberId (Prod.{0, 0} Effect4.FiberId Bool)))))
STATEMENT Effect4.Api.M1Trace.start_forked ∀ {ν σ : Type u} {β : Type v} {ε δ ι α χ : Type u}
  {St κ φ η : Type (max u v)} (m : Effect4.Machine.RunMachine.{u, v} ν σ β ε δ ι α χ St κ φ η)
  (parent : Effect4.Machine.RunFiber.{u, v} ν σ β ε δ ι α χ κ φ) (child : Effect4.FiberId) (immediately : Bool),
  @Eq.{1} (List.{0} (Prod.{0, 0} Effect4.FiberId (Prod.{0, 0} Effect4.FiberId Bool)))
    (@Effect4.Api.TraceFacts.forkedOf.{u, v} ν σ β ε δ ι α χ κ η
      (@Effect4.Machine.RunMachine.trace.{u, v} ν σ β ε δ ι α χ St κ φ η
        (@Prod.fst.{max u v, max u v} (Effect4.Machine.RunMachine.{u, v} ν σ β ε δ ι α χ St κ φ η)
          (Prod.{max v u, max v u} (Effect4.Machine.RunFiber.{u, v} ν σ β ε δ ι α χ κ φ)
            (List.{max v u} (Effect4.Machine.Cmd.{u, v} ν σ β ε δ ι α κ)))
          (@Effect4.Machine.start.{u, v} ν σ β ε δ ι α χ St κ φ η m parent child immediately))))
    (@Effect4.Api.TraceFacts.forkedOf.{u, v} ν σ β ε δ ι α χ κ η
      (@Effect4.Machine.RunMachine.trace.{u, v} ν σ β ε δ ι α χ St κ φ η m))
STATEMENT Effect4.Api.M1Trace.statusOf_replace_trace ∀ (m : Effect4.Api.Machine) (f : Effect4.Api.Fiber)
  (trace :
    List.{0}
      (Effect4.Machine.RunEvent.{0, 0} Effect4.Program.EffName Effect4.Program.EffThunk Effect4.Machine.Val
        Effect4.Machine.Err Effect4.Machine.Defect Effect4.FiberId Effect4.Machine.Ann Effect4.Machine.Ctx
        (Effect4.Prim.{0, 0} Effect4.Program.EffName Effect4.Program.EffThunk Effect4.Machine.Val Effect4.Machine.Err
          Effect4.Machine.Defect Effect4.FiberId Effect4.Machine.Ann)
        (Effect4.FrameEvent.{0, 0} Effect4.Program.EffName Effect4.Program.EffThunk Effect4.Machine.Val
          Effect4.Machine.Err Effect4.Machine.Defect Effect4.FiberId Effect4.Machine.Ann))),
  @Eq.{1} Effect4.Api.FiberStatus
    (Effect4.Api.statusOf
      (@Effect4.Machine.RunMachine.mk.{0, 0} Effect4.Program.EffName Effect4.Program.EffThunk Effect4.Machine.Val
        Effect4.Machine.Err Effect4.Machine.Defect Effect4.FiberId Effect4.Machine.Ann Effect4.Machine.Ctx
        Effect4.Machine.Stores
        (Effect4.Prim.{0, 0} Effect4.Program.EffName Effect4.Program.EffThunk Effect4.Machine.Val Effect4.Machine.Err
          Effect4.Machine.Defect Effect4.FiberId Effect4.Machine.Ann)
        (Effect4.FrameFiber.{0, 0} Effect4.Program.EffName Effect4.Program.EffThunk Effect4.Machine.Val
          Effect4.Machine.Err Effect4.Machine.Defect Effect4.FiberId Effect4.Machine.Ann)
        (Effect4.FrameEvent.{0, 0} Effect4.Program.EffName Effect4.Program.EffThunk Effect4.Machine.Val
          Effect4.Machine.Err Effect4.Machine.Defect Effect4.FiberId Effect4.Machine.Ann)
        (@Effect4.Machine.RunMachine.fibers.{0, 0} Effect4.Program.EffName Effect4.Program.EffThunk Effect4.Machine.Val
          Effect4.Machine.Err Effect4.Machine.Defect Effect4.FiberId Effect4.Machine.Ann Effect4.Machine.Ctx
          Effect4.Machine.Stores
          (Effect4.Prim.{0, 0} Effect4.Program.EffName Effect4.Program.EffThunk Effect4.Machine.Val Effect4.Machine.Err
            Effect4.Machine.Defect Effect4.FiberId Effect4.Machine.Ann)
          (Effect4.FrameFiber.{0, 0} Effect4.Program.EffName Effect4.Program.EffThunk Effect4.Machine.Val
            Effect4.Machine.Err Effect4.Machine.Defect Effect4.FiberId Effect4.Machine.Ann)
          (Effect4.FrameEvent.{0, 0} Effect4.Program.EffName Effect4.Program.EffThunk Effect4.Machine.Val
            Effect4.Machine.Err Effect4.Machine.Defect Effect4.FiberId Effect4.Machine.Ann)
          m)
        (@Effect4.Machine.RunMachine.races.{0, 0} Effect4.Program.EffName Effect4.Program.EffThunk Effect4.Machine.Val
          Effect4.Machine.Err Effect4.Machine.Defect Effect4.FiberId Effect4.Machine.Ann Effect4.Machine.Ctx
          Effect4.Machine.Stores
          (Effect4.Prim.{0, 0} Effect4.Program.EffName Effect4.Program.EffThunk Effect4.Machine.Val Effect4.Machine.Err
            Effect4.Machine.Defect Effect4.FiberId Effect4.Machine.Ann)
          (Effect4.FrameFiber.{0, 0} Effect4.Program.EffName Effect4.Program.EffThunk Effect4.Machine.Val
            Effect4.Machine.Err Effect4.Machine.Defect Effect4.FiberId Effect4.Machine.Ann)
          (Effect4.FrameEvent.{0, 0} Effect4.Program.EffName Effect4.Program.EffThunk Effect4.Machine.Val
            Effect4.Machine.Err Effect4.Machine.Defect Effect4.FiberId Effect4.Machine.Ann)
          m)
        (@Effect4.Machine.RunMachine.nextId.{0, 0} Effect4.Program.EffName Effect4.Program.EffThunk Effect4.Machine.Val
          Effect4.Machine.Err Effect4.Machine.Defect Effect4.FiberId Effect4.Machine.Ann Effect4.Machine.Ctx
          Effect4.Machine.Stores
          (Effect4.Prim.{0, 0} Effect4.Program.EffName Effect4.Program.EffThunk Effect4.Machine.Val Effect4.Machine.Err
            Effect4.Machine.Defect Effect4.FiberId Effect4.Machine.Ann)
          (Effect4.FrameFiber.{0, 0} Effect4.Program.EffName Effect4.Program.EffThunk Effect4.Machine.Val
            Effect4.Machine.Err Effect4.Machine.Defect Effect4.FiberId Effect4.Machine.Ann)
          (Effect4.FrameEvent.{0, 0} Effect4.Program.EffName Effect4.Program.EffThunk Effect4.Machine.Val
            Effect4.Machine.Err Effect4.Machine.Defect Effect4.FiberId Effect4.Machine.Ann)
          m)
        (@Effect4.Machine.RunMachine.nextToken.{0, 0} Effect4.Program.EffName Effect4.Program.EffThunk
          Effect4.Machine.Val Effect4.Machine.Err Effect4.Machine.Defect Effect4.FiberId Effect4.Machine.Ann
          Effect4.Machine.Ctx Effect4.Machine.Stores
          (Effect4.Prim.{0, 0} Effect4.Program.EffName Effect4.Program.EffThunk Effect4.Machine.Val Effect4.Machine.Err
            Effect4.Machine.Defect Effect4.FiberId Effect4.Machine.Ann)
          (Effect4.FrameFiber.{0, 0} Effect4.Program.EffName Effect4.Program.EffThunk Effect4.Machine.Val
            Effect4.Machine.Err Effect4.Machine.Defect Effect4.FiberId Effect4.Machine.Ann)
          (Effect4.FrameEvent.{0, 0} Effect4.Program.EffName Effect4.Program.EffThunk Effect4.Machine.Val
            Effect4.Machine.Err Effect4.Machine.Defect Effect4.FiberId Effect4.Machine.Ann)
          m)
        (@Effect4.Machine.RunMachine.nextRace.{0, 0} Effect4.Program.EffName Effect4.Program.EffThunk
          Effect4.Machine.Val Effect4.Machine.Err Effect4.Machine.Defect Effect4.FiberId Effect4.Machine.Ann
          Effect4.Machine.Ctx Effect4.Machine.Stores
          (Effect4.Prim.{0, 0} Effect4.Program.EffName Effect4.Program.EffThunk Effect4.Machine.Val Effect4.Machine.Err
            Effect4.Machine.Defect Effect4.FiberId Effect4.Machine.Ann)
          (Effect4.FrameFiber.{0, 0} Effect4.Program.EffName Effect4.Program.EffThunk Effect4.Machine.Val
            Effect4.Machine.Err Effect4.Machine.Defect Effect4.FiberId Effect4.Machine.Ann)
          (Effect4.FrameEvent.{0, 0} Effect4.Program.EffName Effect4.Program.EffThunk Effect4.Machine.Val
            Effect4.Machine.Err Effect4.Machine.Defect Effect4.FiberId Effect4.Machine.Ann)
          m)
        (@Effect4.Machine.RunMachine.middlewareInstalled.{0, 0} Effect4.Program.EffName Effect4.Program.EffThunk
          Effect4.Machine.Val Effect4.Machine.Err Effect4.Machine.Defect Effect4.FiberId Effect4.Machine.Ann
          Effect4.Machine.Ctx Effect4.Machine.Stores
          (Effect4.Prim.{0, 0} Effect4.Program.EffName Effect4.Program.EffThunk Effect4.Machine.Val Effect4.Machine.Err
            Effect4.Machine.Defect Effect4.FiberId Effect4.Machine.Ann)
          (Effect4.FrameFiber.{0, 0} Effect4.Program.EffName Effect4.Program.EffThunk Effect4.Machine.Val
            Effect4.Machine.Err Effect4.Machine.Defect Effect4.FiberId Effect4.Machine.Ann)
          (Effect4.FrameEvent.{0, 0} Effect4.Program.EffName Effect4.Program.EffThunk Effect4.Machine.Val
            Effect4.Machine.Err Effect4.Machine.Defect Effect4.FiberId Effect4.Machine.Ann)
          m)
        (@Effect4.Machine.RunMachine.armed.{0, 0} Effect4.Program.EffName Effect4.Program.EffThunk Effect4.Machine.Val
          Effect4.Machine.Err Effect4.Machine.Defect Effect4.FiberId Effect4.Machine.Ann Effect4.Machine.Ctx
          Effect4.Machine.Stores
          (Effect4.Prim.{0, 0} Effect4.Program.EffName Effect4.Program.EffThunk Effect4.Machine.Val Effect4.Machine.Err
            Effect4.Machine.Defect Effect4.FiberId Effect4.Machine.Ann)
          (Effect4.FrameFiber.{0, 0} Effect4.Program.EffName Effect4.Program.EffThunk Effect4.Machine.Val
            Effect4.Machine.Err Effect4.Machine.Defect Effect4.FiberId Effect4.Machine.Ann)
          (Effect4.FrameEvent.{0, 0} Effect4.Program.EffName Effect4.Program.EffThunk Effect4.Machine.Val
            Effect4.Machine.Err Effect4.Machine.Defect Effect4.FiberId Effect4.Machine.Ann)
          m)
        (@Effect4.Machine.RunMachine.state.{0, 0} Effect4.Program.EffName Effect4.Program.EffThunk Effect4.Machine.Val
          Effect4.Machine.Err Effect4.Machine.Defect Effect4.FiberId Effect4.Machine.Ann Effect4.Machine.Ctx
          Effect4.Machine.Stores
          (Effect4.Prim.{0, 0} Effect4.Program.EffName Effect4.Program.EffThunk Effect4.Machine.Val Effect4.Machine.Err
            Effect4.Machine.Defect Effect4.FiberId Effect4.Machine.Ann)
          (Effect4.FrameFiber.{0, 0} Effect4.Program.EffName Effect4.Program.EffThunk Effect4.Machine.Val
            Effect4.Machine.Err Effect4.Machine.Defect Effect4.FiberId Effect4.Machine.Ann)
          (Effect4.FrameEvent.{0, 0} Effect4.Program.EffName Effect4.Program.EffThunk Effect4.Machine.Val
            Effect4.Machine.Err Effect4.Machine.Defect Effect4.FiberId Effect4.Machine.Ann)
          m)
        trace
        (@Effect4.Machine.RunMachine.stuck.{0, 0} Effect4.Program.EffName Effect4.Program.EffThunk Effect4.Machine.Val
          Effect4.Machine.Err Effect4.Machine.Defect Effect4.FiberId Effect4.Machine.Ann Effect4.Machine.Ctx
          Effect4.Machine.Stores
          (Effect4.Prim.{0, 0} Effect4.Program.EffName Effect4.Program.EffThunk Effect4.Machine.Val Effect4.Machine.Err
            Effect4.Machine.Defect Effect4.FiberId Effect4.Machine.Ann)
          (Effect4.FrameFiber.{0, 0} Effect4.Program.EffName Effect4.Program.EffThunk Effect4.Machine.Val
            Effect4.Machine.Err Effect4.Machine.Defect Effect4.FiberId Effect4.Machine.Ann)
          (Effect4.FrameEvent.{0, 0} Effect4.Program.EffName Effect4.Program.EffThunk Effect4.Machine.Val
            Effect4.Machine.Err Effect4.Machine.Defect Effect4.FiberId Effect4.Machine.Ann)
          m))
      f)
    (Effect4.Api.statusOf m f)
STATEMENT Effect4.Api.M1Trace.supervision_static ∀ {ν σ : Type u} {β : Type v} {ε δ ι α χ : Type u}
  {St : Type (max u v)} [inst : DecidableEq.{u + 1} ε] [inst_1 : DecidableEq.{u + 1} δ] [inst_2 : DecidableEq.{u + 1} ι]
  [inst_3 : DecidableEq.{u + 1} α]
  (interp : Effect4.Machine.RunInterp.{u, v} ν σ β ε δ ι α χ St (Effect4.Prim.{u, v} ν σ β ε δ ι α))
  (m :
    Effect4.Machine.RunMachine.{u, v} ν σ β ε δ ι α χ St (Effect4.Prim.{u, v} ν σ β ε δ ι α)
      (Effect4.FrameFiber.{u, v} ν σ β ε δ ι α) (Effect4.FrameEvent.{u, v} ν σ β ε δ ι α))
  (f :
    Effect4.Machine.RunFiber.{u, v} ν σ β ε δ ι α χ (Effect4.Prim.{u, v} ν σ β ε δ ι α)
      (Effect4.FrameFiber.{u, v} ν σ β ε δ ι α))
  (yielding : Bool) (program : Effect4.Prim.{u, v} ν σ β ε δ ι α) (options : Effect4.Supervision.ForkOptions)
  (scope raceId : Nat),
  @Eq.{1} (Option.{0} Nat)
      (@Effect4.Machine.RunInterp.ambientScope.{u, v} ν σ β ε δ ι α χ St (Effect4.Prim.{u, v} ν σ β ε δ ι α) interp
        (@Effect4.Machine.RunFiber.context.{u, v} ν σ β ε δ ι α χ (Effect4.Prim.{u, v} ν σ β ε δ ι α)
          (Effect4.FrameFiber.{u, v} ν σ β ε δ ι α) f))
      (@Option.some.{0} Nat scope) →
    And
      (@Eq.{1} (List.{0} (Prod.{0, 0} Effect4.FiberId (Prod.{0, 0} Effect4.FiberId Bool)))
        (@Effect4.Api.TraceFacts.forkedOf.{u, v} ν σ β ε δ ι α χ (Effect4.Prim.{u, v} ν σ β ε δ ι α)
          (Effect4.FrameEvent.{u, v} ν σ β ε δ ι α)
          (@Effect4.Machine.RunMachine.trace.{u, v} ν σ β ε δ ι α χ St (Effect4.Prim.{u, v} ν σ β ε δ ι α)
            (Effect4.FrameFiber.{u, v} ν σ β ε δ ι α) (Effect4.FrameEvent.{u, v} ν σ β ε δ ι α)
            (@Effect4.Machine.Iter.machine.{u, v} ν σ β ε δ ι α χ St (Effect4.Prim.{u, v} ν σ β ε δ ι α)
              (Effect4.FrameFiber.{u, v} ν σ β ε δ ι α) (Effect4.FrameEvent.{u, v} ν σ β ε δ ι α)
              (@Effect4.Machine.evaluatePrim.withFiber.{u, v} ν σ β ε δ ι α χ St inst inst_1 inst_2 inst_3 interp m f
                yielding
                (@Effect4.Machine.WithFiberAction.fork.{u, v} ν σ β ε δ ι α χ (Effect4.Prim.{u, v} ν σ β ε δ ι α)
                  program options (@List.nil.{0} Nat))))))
        (@HAppend.hAppend.{0, 0, 0} (List.{0} (Prod.{0, 0} Effect4.FiberId (Prod.{0, 0} Effect4.FiberId Bool)))
          (List.{0} (Prod.{0, 0} Effect4.FiberId (Prod.{0, 0} Effect4.FiberId Bool)))
          (List.{0} (Prod.{0, 0} Effect4.FiberId (Prod.{0, 0} Effect4.FiberId Bool)))
          (@instHAppendOfAppend.{0} (List.{0} (Prod.{0, 0} Effect4.FiberId (Prod.{0, 0} Effect4.FiberId Bool)))
            (@List.instAppend.{0} (Prod.{0, 0} Effect4.FiberId (Prod.{0, 0} Effect4.FiberId Bool))))
          (@Effect4.Api.TraceFacts.forkedOf.{u, v} ν σ β ε δ ι α χ (Effect4.Prim.{u, v} ν σ β ε δ ι α)
            (Effect4.FrameEvent.{u, v} ν σ β ε δ ι α)
            (@Effect4.Machine.RunMachine.trace.{u, v} ν σ β ε δ ι α χ St (Effect4.Prim.{u, v} ν σ β ε δ ι α)
              (Effect4.FrameFiber.{u, v} ν σ β ε δ ι α) (Effect4.FrameEvent.{u, v} ν σ β ε δ ι α) m))
          (@List.cons.{0} (Prod.{0, 0} Effect4.FiberId (Prod.{0, 0} Effect4.FiberId Bool))
            (@Prod.mk.{0, 0} Effect4.FiberId (Prod.{0, 0} Effect4.FiberId Bool)
              (@Effect4.Machine.RunFiber.id.{u, v} ν σ β ε δ ι α χ (Effect4.Prim.{u, v} ν σ β ε δ ι α)
                (Effect4.FrameFiber.{u, v} ν σ β ε δ ι α) f)
              (@Prod.mk.{0, 0} Effect4.FiberId Bool
                {
                  value :=
                    @Effect4.Machine.RunMachine.nextId.{u, v} ν σ β ε δ ι α χ St (Effect4.Prim.{u, v} ν σ β ε δ ι α)
                      (Effect4.FrameFiber.{u, v} ν σ β ε δ ι α) (Effect4.FrameEvent.{u, v} ν σ β ε δ ι α) m }
                options.daemon))
            (@List.nil.{0} (Prod.{0, 0} Effect4.FiberId (Prod.{0, 0} Effect4.FiberId Bool))))))
      (And
        (@Eq.{1} (List.{0} (Prod.{0, 0} Effect4.FiberId (Prod.{0, 0} Effect4.FiberId Bool)))
          (@Effect4.Api.TraceFacts.forkedOf.{u, v} ν σ β ε δ ι α χ (Effect4.Prim.{u, v} ν σ β ε δ ι α)
            (Effect4.FrameEvent.{u, v} ν σ β ε δ ι α)
            (@Effect4.Machine.RunMachine.trace.{u, v} ν σ β ε δ ι α χ St (Effect4.Prim.{u, v} ν σ β ε δ ι α)
              (Effect4.FrameFiber.{u, v} ν σ β ε δ ι α) (Effect4.FrameEvent.{u, v} ν σ β ε δ ι α)
              (@Effect4.Machine.Iter.machine.{u, v} ν σ β ε δ ι α χ St (Effect4.Prim.{u, v} ν σ β ε δ ι α)
                (Effect4.FrameFiber.{u, v} ν σ β ε δ ι α) (Effect4.FrameEvent.{u, v} ν σ β ε δ ι α)
                (@Effect4.Machine.evaluatePrim.withFiber.{u, v} ν σ β ε δ ι α χ St inst inst_1 inst_2 inst_3 interp m f
                  yielding
                  (@Effect4.Machine.WithFiberAction.forkIn.{u, v} ν σ β ε δ ι α χ (Effect4.Prim.{u, v} ν σ β ε δ ι α)
                    program options scope (@List.nil.{0} Nat))))))
          (@HAppend.hAppend.{0, 0, 0} (List.{0} (Prod.{0, 0} Effect4.FiberId (Prod.{0, 0} Effect4.FiberId Bool)))
            (List.{0} (Prod.{0, 0} Effect4.FiberId (Prod.{0, 0} Effect4.FiberId Bool)))
            (List.{0} (Prod.{0, 0} Effect4.FiberId (Prod.{0, 0} Effect4.FiberId Bool)))
            (@instHAppendOfAppend.{0} (List.{0} (Prod.{0, 0} Effect4.FiberId (Prod.{0, 0} Effect4.FiberId Bool)))
              (@List.instAppend.{0} (Prod.{0, 0} Effect4.FiberId (Prod.{0, 0} Effect4.FiberId Bool))))
            (@Effect4.Api.TraceFacts.forkedOf.{u, v} ν σ β ε δ ι α χ (Effect4.Prim.{u, v} ν σ β ε δ ι α)
              (Effect4.FrameEvent.{u, v} ν σ β ε δ ι α)
              (@Effect4.Machine.RunMachine.trace.{u, v} ν σ β ε δ ι α χ St (Effect4.Prim.{u, v} ν σ β ε δ ι α)
                (Effect4.FrameFiber.{u, v} ν σ β ε δ ι α) (Effect4.FrameEvent.{u, v} ν σ β ε δ ι α) m))
            (@List.cons.{0} (Prod.{0, 0} Effect4.FiberId (Prod.{0, 0} Effect4.FiberId Bool))
              (@Prod.mk.{0, 0} Effect4.FiberId (Prod.{0, 0} Effect4.FiberId Bool)
                (@Effect4.Machine.RunFiber.id.{u, v} ν σ β ε δ ι α χ (Effect4.Prim.{u, v} ν σ β ε δ ι α)
                  (Effect4.FrameFiber.{u, v} ν σ β ε δ ι α) f)
                (@Prod.mk.{0, 0} Effect4.FiberId Bool
                  {
                    value :=
                      @Effect4.Machine.RunMachine.nextId.{u, v} ν σ β ε δ ι α χ St (Effect4.Prim.{u, v} ν σ β ε δ ι α)
                        (Effect4.FrameFiber.{u, v} ν σ β ε δ ι α) (Effect4.FrameEvent.{u, v} ν σ β ε δ ι α) m }
                  Bool.true))
              (@List.nil.{0} (Prod.{0, 0} Effect4.FiberId (Prod.{0, 0} Effect4.FiberId Bool))))))
        (And
          (@Eq.{1} (List.{0} (Prod.{0, 0} Effect4.FiberId (Prod.{0, 0} Effect4.FiberId Bool)))
            (@Effect4.Api.TraceFacts.forkedOf.{u, v} ν σ β ε δ ι α χ (Effect4.Prim.{u, v} ν σ β ε δ ι α)
              (Effect4.FrameEvent.{u, v} ν σ β ε δ ι α)
              (@Effect4.Machine.RunMachine.trace.{u, v} ν σ β ε δ ι α χ St (Effect4.Prim.{u, v} ν σ β ε δ ι α)
                (Effect4.FrameFiber.{u, v} ν σ β ε δ ι α) (Effect4.FrameEvent.{u, v} ν σ β ε δ ι α)
                (@Effect4.Machine.Iter.machine.{u, v} ν σ β ε δ ι α χ St (Effect4.Prim.{u, v} ν σ β ε δ ι α)
                  (Effect4.FrameFiber.{u, v} ν σ β ε δ ι α) (Effect4.FrameEvent.{u, v} ν σ β ε δ ι α)
                  (@Effect4.Machine.evaluatePrim.withFiber.{u, v} ν σ β ε δ ι α χ St inst inst_1 inst_2 inst_3 interp m
                    f yielding
                    (@Effect4.Machine.WithFiberAction.forkScoped.{u, v} ν σ β ε δ ι α χ
                      (Effect4.Prim.{u, v} ν σ β ε δ ι α) program options (@List.nil.{0} Nat))))))
            (@HAppend.hAppend.{0, 0, 0} (List.{0} (Prod.{0, 0} Effect4.FiberId (Prod.{0, 0} Effect4.FiberId Bool)))
              (List.{0} (Prod.{0, 0} Effect4.FiberId (Prod.{0, 0} Effect4.FiberId Bool)))
              (List.{0} (Prod.{0, 0} Effect4.FiberId (Prod.{0, 0} Effect4.FiberId Bool)))
              (@instHAppendOfAppend.{0} (List.{0} (Prod.{0, 0} Effect4.FiberId (Prod.{0, 0} Effect4.FiberId Bool)))
                (@List.instAppend.{0} (Prod.{0, 0} Effect4.FiberId (Prod.{0, 0} Effect4.FiberId Bool))))
              (@Effect4.Api.TraceFacts.forkedOf.{u, v} ν σ β ε δ ι α χ (Effect4.Prim.{u, v} ν σ β ε δ ι α)
                (Effect4.FrameEvent.{u, v} ν σ β ε δ ι α)
                (@Effect4.Machine.RunMachine.trace.{u, v} ν σ β ε δ ι α χ St (Effect4.Prim.{u, v} ν σ β ε δ ι α)
                  (Effect4.FrameFiber.{u, v} ν σ β ε δ ι α) (Effect4.FrameEvent.{u, v} ν σ β ε δ ι α) m))
              (@List.cons.{0} (Prod.{0, 0} Effect4.FiberId (Prod.{0, 0} Effect4.FiberId Bool))
                (@Prod.mk.{0, 0} Effect4.FiberId (Prod.{0, 0} Effect4.FiberId Bool)
                  (@Effect4.Machine.RunFiber.id.{u, v} ν σ β ε δ ι α χ (Effect4.Prim.{u, v} ν σ β ε δ ι α)
                    (Effect4.FrameFiber.{u, v} ν σ β ε δ ι α) f)
                  (@Prod.mk.{0, 0} Effect4.FiberId Bool
                    {
                      value :=
                        @Effect4.Machine.RunMachine.nextId.{u, v} ν σ β ε δ ι α χ St (Effect4.Prim.{u, v} ν σ β ε δ ι α)
                          (Effect4.FrameFiber.{u, v} ν σ β ε δ ι α) (Effect4.FrameEvent.{u, v} ν σ β ε δ ι α) m }
                    Bool.true))
                (@List.nil.{0} (Prod.{0, 0} Effect4.FiberId (Prod.{0, 0} Effect4.FiberId Bool))))))
          (@Eq.{1} (List.{0} (Prod.{0, 0} Effect4.FiberId (Prod.{0, 0} Effect4.FiberId Bool)))
            (@Effect4.Api.TraceFacts.forkedOf.{u, v} ν σ β ε δ ι α χ (Effect4.Prim.{u, v} ν σ β ε δ ι α)
              (Effect4.FrameEvent.{u, v} ν σ β ε δ ι α)
              (@Effect4.Machine.RunMachine.trace.{u, v} ν σ β ε δ ι α χ St (Effect4.Prim.{u, v} ν σ β ε δ ι α)
                (Effect4.FrameFiber.{u, v} ν σ β ε δ ι α) (Effect4.FrameEvent.{u, v} ν σ β ε δ ι α)
                (@Prod.fst.{max u v, 0}
                  (Effect4.Machine.RunMachine.{u, v} ν σ β ε δ ι α χ St (Effect4.Prim.{u, v} ν σ β ε δ ι α)
                    (Effect4.FrameFiber.{u, v} ν σ β ε δ ι α) (Effect4.FrameEvent.{u, v} ν σ β ε δ ι α))
                  Effect4.FiberId
                  (@Effect4.Machine.launchEntrant.{u, v} ν σ β ε δ ι α χ St (Effect4.Prim.{u, v} ν σ β ε δ ι α)
                    (Effect4.FrameFiber.{u, v} ν σ β ε δ ι α) (Effect4.FrameEvent.{u, v} ν σ β ε δ ι α)
                    (@Effect4.Machine.frameCore.{u, v} ν σ β ε δ ι α) interp raceId m f program (@List.nil.{0} Nat)))))
            (@HAppend.hAppend.{0, 0, 0} (List.{0} (Prod.{0, 0} Effect4.FiberId (Prod.{0, 0} Effect4.FiberId Bool)))
              (List.{0} (Prod.{0, 0} Effect4.FiberId (Prod.{0, 0} Effect4.FiberId Bool)))
              (List.{0} (Prod.{0, 0} Effect4.FiberId (Prod.{0, 0} Effect4.FiberId Bool)))
              (@instHAppendOfAppend.{0} (List.{0} (Prod.{0, 0} Effect4.FiberId (Prod.{0, 0} Effect4.FiberId Bool)))
                (@List.instAppend.{0} (Prod.{0, 0} Effect4.FiberId (Prod.{0, 0} Effect4.FiberId Bool))))
              (@Effect4.Api.TraceFacts.forkedOf.{u, v} ν σ β ε δ ι α χ (Effect4.Prim.{u, v} ν σ β ε δ ι α)
                (Effect4.FrameEvent.{u, v} ν σ β ε δ ι α)
                (@Effect4.Machine.RunMachine.trace.{u, v} ν σ β ε δ ι α χ St (Effect4.Prim.{u, v} ν σ β ε δ ι α)
                  (Effect4.FrameFiber.{u, v} ν σ β ε δ ι α) (Effect4.FrameEvent.{u, v} ν σ β ε δ ι α) m))
              (@List.cons.{0} (Prod.{0, 0} Effect4.FiberId (Prod.{0, 0} Effect4.FiberId Bool))
                (@Prod.mk.{0, 0} Effect4.FiberId (Prod.{0, 0} Effect4.FiberId Bool)
                  (@Effect4.Machine.RunFiber.id.{u, v} ν σ β ε δ ι α χ (Effect4.Prim.{u, v} ν σ β ε δ ι α)
                    (Effect4.FrameFiber.{u, v} ν σ β ε δ ι α) f)
                  (@Prod.mk.{0, 0} Effect4.FiberId Bool
                    {
                      value :=
                        @Effect4.Machine.RunMachine.nextId.{u, v} ν σ β ε δ ι α χ St (Effect4.Prim.{u, v} ν σ β ε δ ι α)
                          (Effect4.FrameFiber.{u, v} ν σ β ε δ ι α) (Effect4.FrameEvent.{u, v} ν σ β ε δ ι α) m }
                    Bool.true))
                (@List.nil.{0} (Prod.{0, 0} Effect4.FiberId (Prod.{0, 0} Effect4.FiberId Bool))))))))
STATEMENT Effect4.Api.TraceFacts.M1Trace.load_agrees ∀ (program : Effect4.Program.NativeEff) (compileFuel : Nat)
  (answers :
    List.{0}
      (Effect4.Machine.Completion.{0, 0} Effect4.Machine.Val Effect4.Machine.Err Effect4.Machine.Defect Effect4.FiberId
        Effect4.Machine.Ann)),
  @Effect4.Api.TraceFacts.Agrees.{0, 0} Effect4.Program.EffName Effect4.Program.EffThunk Effect4.Machine.Val
    Effect4.Machine.Err Effect4.Machine.Defect Effect4.FiberId Effect4.Machine.Ann Effect4.Machine.Ctx
    Effect4.Machine.Stores
    (Effect4.Prim.{0, 0} Effect4.Program.EffName Effect4.Program.EffThunk Effect4.Machine.Val Effect4.Machine.Err
      Effect4.Machine.Defect Effect4.FiberId Effect4.Machine.Ann)
    (Effect4.FrameFiber.{0, 0} Effect4.Program.EffName Effect4.Program.EffThunk Effect4.Machine.Val Effect4.Machine.Err
      Effect4.Machine.Defect Effect4.FiberId Effect4.Machine.Ann)
    (Effect4.FrameEvent.{0, 0} Effect4.Program.EffName Effect4.Program.EffThunk Effect4.Machine.Val Effect4.Machine.Err
      Effect4.Machine.Defect Effect4.FiberId Effect4.Machine.Ann)
    (Effect4.Api.load program compileFuel answers)
STATEMENT Effect4.Api.TraceFacts.M1Trace.reachable_agrees ∀ (program : Effect4.Program.NativeEff)
  (table : Effect4.Program.RowTable) (compileFuel : Nat)
  (answers :
    List.{0}
      (Effect4.Machine.Completion.{0, 0} Effect4.Machine.Val Effect4.Machine.Err Effect4.Machine.Defect Effect4.FiberId
        Effect4.Machine.Ann))
  (m : Effect4.Program.NativeMachine),
  Effect4.Program.Guard.Reachable program table compileFuel answers m →
    @Eq.{1} (List.{0} (Prod.{0, 0} Effect4.FiberId (Prod.{0, 0} Effect4.FiberId Bool)))
      (@Effect4.Api.TraceFacts.forkedOf.{0, 0} Effect4.Program.EffName Effect4.Program.EffThunk Effect4.Machine.Val
        Effect4.Machine.Err Effect4.Machine.Defect Effect4.FiberId Effect4.Machine.Ann Effect4.Machine.Ctx
        (Effect4.Prim.{0, 0} Effect4.Program.EffName Effect4.Program.EffThunk Effect4.Machine.Val Effect4.Machine.Err
          Effect4.Machine.Defect Effect4.FiberId Effect4.Machine.Ann)
        (Effect4.FrameEvent.{0, 0} Effect4.Program.EffName Effect4.Program.EffThunk Effect4.Machine.Val
          Effect4.Machine.Err Effect4.Machine.Defect Effect4.FiberId Effect4.Machine.Ann)
        (@Effect4.Machine.RunMachine.trace.{0, 0} Effect4.Program.EffName Effect4.Program.EffThunk Effect4.Machine.Val
          Effect4.Machine.Err Effect4.Machine.Defect Effect4.FiberId Effect4.Machine.Ann Effect4.Machine.Ctx
          Effect4.Machine.Stores
          (Effect4.Prim.{0, 0} Effect4.Program.EffName Effect4.Program.EffThunk Effect4.Machine.Val Effect4.Machine.Err
            Effect4.Machine.Defect Effect4.FiberId Effect4.Machine.Ann)
          (Effect4.FrameFiber.{0, 0} Effect4.Program.EffName Effect4.Program.EffThunk Effect4.Machine.Val
            Effect4.Machine.Err Effect4.Machine.Defect Effect4.FiberId Effect4.Machine.Ann)
          (Effect4.FrameEvent.{0, 0} Effect4.Program.EffName Effect4.Program.EffThunk Effect4.Machine.Val
            Effect4.Machine.Err Effect4.Machine.Defect Effect4.FiberId Effect4.Machine.Ann)
          m))
      (@Effect4.Api.TraceFacts.originForks.{0, 0} Effect4.Program.EffName Effect4.Program.EffThunk Effect4.Machine.Val
        Effect4.Machine.Err Effect4.Machine.Defect Effect4.FiberId Effect4.Machine.Ann Effect4.Machine.Ctx
        Effect4.Machine.Stores
        (Effect4.Prim.{0, 0} Effect4.Program.EffName Effect4.Program.EffThunk Effect4.Machine.Val Effect4.Machine.Err
          Effect4.Machine.Defect Effect4.FiberId Effect4.Machine.Ann)
        (Effect4.FrameFiber.{0, 0} Effect4.Program.EffName Effect4.Program.EffThunk Effect4.Machine.Val
          Effect4.Machine.Err Effect4.Machine.Defect Effect4.FiberId Effect4.Machine.Ann)
        (Effect4.FrameEvent.{0, 0} Effect4.Program.EffName Effect4.Program.EffThunk Effect4.Machine.Val
          Effect4.Machine.Err Effect4.Machine.Defect Effect4.FiberId Effect4.Machine.Ann)
        m)
STATEMENT Effect4.Api.TraceFacts.M1Trace.step_agrees ∀ (program : Effect4.Program.NativeEff)
  (table : Effect4.Program.RowTable) (compileFuel : Nat)
  (answers :
    List.{0}
      (Effect4.Machine.Completion.{0, 0} Effect4.Machine.Val Effect4.Machine.Err Effect4.Machine.Defect Effect4.FiberId
        Effect4.Machine.Ann))
  (m : Effect4.Program.NativeMachine),
  Effect4.Program.Guard.Reachable program table compileFuel answers m →
    @Effect4.Api.TraceFacts.Agrees.{0, 0} Effect4.Program.EffName Effect4.Program.EffThunk Effect4.Machine.Val
        Effect4.Machine.Err Effect4.Machine.Defect Effect4.FiberId Effect4.Machine.Ann Effect4.Machine.Ctx
        Effect4.Machine.Stores
        (Effect4.Prim.{0, 0} Effect4.Program.EffName Effect4.Program.EffThunk Effect4.Machine.Val Effect4.Machine.Err
          Effect4.Machine.Defect Effect4.FiberId Effect4.Machine.Ann)
        (Effect4.FrameFiber.{0, 0} Effect4.Program.EffName Effect4.Program.EffThunk Effect4.Machine.Val
          Effect4.Machine.Err Effect4.Machine.Defect Effect4.FiberId Effect4.Machine.Ann)
        (Effect4.FrameEvent.{0, 0} Effect4.Program.EffName Effect4.Program.EffThunk Effect4.Machine.Val
          Effect4.Machine.Err Effect4.Machine.Defect Effect4.FiberId Effect4.Machine.Ann)
        m →
      ∀ (fuel : Nat) (decision : Effect4.Program.NativeDecision),
        @Effect4.Api.TraceFacts.Agrees.{0, 0} Effect4.Program.EffName Effect4.Program.EffThunk Effect4.Machine.Val
          Effect4.Machine.Err Effect4.Machine.Defect Effect4.FiberId Effect4.Machine.Ann Effect4.Machine.Ctx
          Effect4.Machine.Stores
          (Effect4.Prim.{0, 0} Effect4.Program.EffName Effect4.Program.EffThunk Effect4.Machine.Val Effect4.Machine.Err
            Effect4.Machine.Defect Effect4.FiberId Effect4.Machine.Ann)
          (Effect4.FrameFiber.{0, 0} Effect4.Program.EffName Effect4.Program.EffThunk Effect4.Machine.Val
            Effect4.Machine.Err Effect4.Machine.Defect Effect4.FiberId Effect4.Machine.Ann)
          (Effect4.FrameEvent.{0, 0} Effect4.Program.EffName Effect4.Program.EffThunk Effect4.Machine.Val
            Effect4.Machine.Err Effect4.Machine.Defect Effect4.FiberId Effect4.Machine.Ann)
          (Effect4.Program.steppedBy program fuel table m decision)
STATEMENT Effect4.ClockMillis.M1.ofNat_toNat ∀ (a : Effect4.ClockMillis),
  @Eq.{1} Effect4.ClockMillis (Effect4.ClockMillis.ofNat a.toNat) a
STATEMENT Effect4.ClockMillis.M1.toNat_add ∀ (a b : Effect4.ClockMillis),
  @Eq.{1} Nat
    (@HAdd.hAdd.{0, 0, 0} Effect4.ClockMillis Effect4.ClockMillis Effect4.ClockMillis
        (@instHAdd.{0} Effect4.ClockMillis Effect4.ClockMillis.instAdd) a b).toNat
    (@HAdd.hAdd.{0, 0, 0} Nat Nat Nat (@instHAdd.{0} Nat instAddNat) a.toNat b.toNat)
STATEMENT Effect4.ClockMillis.M1.toNat_ofNat ∀ (n : Nat), @Eq.{1} Nat (Effect4.ClockMillis.ofNat n).toNat n
STATEMENT Effect4.ClockMillis.M1Decimal.ofDecimal_exact ∀ (text : String) (a : Effect4.ClockMillis),
  @Eq.{1} (Option.{0} Effect4.ClockMillis) (Effect4.ClockMillis.ofDecimal text)
      (@Option.some.{0} Effect4.ClockMillis a) →
    @Eq.{1} String text a.toDecimal
STATEMENT Effect4.ClockMillis.M1Decimal.ofDecimal_toDecimal ∀ (a : Effect4.ClockMillis),
  @Eq.{1} (Option.{0} Effect4.ClockMillis) (Effect4.ClockMillis.ofDecimal a.toDecimal)
    (@Option.some.{0} Effect4.ClockMillis a)
STATEMENT Effect4.ClockMillis.M1Decimal.readBytes_digits ∀ (chars : List.{0} Char) (initial : Nat),
  (∀ (c : Char),
      @Membership.mem.{0, 0} Char (List.{0} Char) (@List.instMembership.{0} Char) chars c →
        @Eq.{1} Bool c.isDigit Bool.true) →
    @Eq.{1} Nat
      (Effect4.ClockMillis.Decimal.readBytes (@List.flatMap.{0, 0} Char UInt8 String.utf8EncodeChar chars) initial)
      (Nat.ofDigitChars (@OfNat.ofNat.{0} Nat (nat_lit 10) (instOfNatNat (nat_lit 10))) chars initial)
STATEMENT Effect4.ClockMillis.M1Decimal.readBytes_repr ∀ (n : Nat),
  @Eq.{1} Nat
    (Effect4.ClockMillis.Decimal.readBytes (@Array.toList.{0} UInt8 n.repr.toByteArray.data)
      (@OfNat.ofNat.{0} Nat (nat_lit 0) (instOfNatNat (nat_lit 0))))
    n
STATEMENT Effect4.ClockMillis.M1Decimal.readChars_core ∀ (fuel n : Nat) (tail : List.{0} Char),
  @LT.lt.{0} Nat instLTNat n fuel →
    @Eq.{1} Nat
      (Nat.ofDigitChars (@OfNat.ofNat.{0} Nat (nat_lit 10) (instOfNatNat (nat_lit 10)))
        (Nat.toDigitsCore (@OfNat.ofNat.{0} Nat (nat_lit 10) (instOfNatNat (nat_lit 10))) fuel n tail)
        (@OfNat.ofNat.{0} Nat (nat_lit 0) (instOfNatNat (nat_lit 0))))
      (Nat.ofDigitChars (@OfNat.ofNat.{0} Nat (nat_lit 10) (instOfNatNat (nat_lit 10))) tail n)
STATEMENT Effect4.Machine.ArenaObligations.deferred_cellAt ∀ {κ : Type} (d : Effect4.Machine.DeferredStore κ)
  (cell : Effect4.Machine.DeferredKey),
  @Eq.{1} (Option.{0} (Effect4.Machine.DeferredCell κ)) (@Effect4.Machine.DeferredStore.cellAt κ d cell)
    (@Effect4.Machine.Arena.peek (List.{0} (Effect4.Machine.DeferredCell κ)) (Effect4.Machine.DeferredCell κ)
      (@Effect4.Machine.instArenaList (Effect4.Machine.DeferredCell κ)) (@Effect4.Machine.DeferredStore.cells κ d)
      cell.index)
STATEMENT Effect4.Machine.ArenaObligations.deferred_make ∀ {κ : Type} (d : Effect4.Machine.DeferredStore κ),
  @Eq.{1} (Prod.{0, 0} Effect4.Machine.DeferredKey (Effect4.Machine.DeferredStore κ))
    (@Effect4.Machine.DeferredStore.make κ d)
    (@Prod.mk.{0, 0} Effect4.Machine.DeferredKey (Effect4.Machine.DeferredStore κ)
      {
        index :=
          @Prod.fst.{0, 0} Nat (List.{0} (Effect4.Machine.DeferredCell κ))
            (@Effect4.Machine.Arena.alloc (List.{0} (Effect4.Machine.DeferredCell κ)) (Effect4.Machine.DeferredCell κ)
              (@Effect4.Machine.instArenaList (Effect4.Machine.DeferredCell κ))
              (@Effect4.Machine.DeferredStore.cells κ d)
              (@Effect4.Machine.DeferredCell.mk κ (@Option.none.{0} κ) (@Effect4.Machine.WakeList.empty.{0} Unit))) }
      (@Effect4.Machine.DeferredStore.mk κ
        (@Prod.snd.{0, 0} Nat (List.{0} (Effect4.Machine.DeferredCell κ))
          (@Effect4.Machine.Arena.alloc (List.{0} (Effect4.Machine.DeferredCell κ)) (Effect4.Machine.DeferredCell κ)
            (@Effect4.Machine.instArenaList (Effect4.Machine.DeferredCell κ)) (@Effect4.Machine.DeferredStore.cells κ d)
            (@Effect4.Machine.DeferredCell.mk κ (@Option.none.{0} κ) (@Effect4.Machine.WakeList.empty.{0} Unit))))
        (@Effect4.Machine.DeferredStore.due κ d)))
STATEMENT Effect4.Machine.ArenaObligations.deferred_setCell ∀ {κ : Type} (d : Effect4.Machine.DeferredStore κ)
  (cell : Effect4.Machine.DeferredKey) (value : Effect4.Machine.DeferredCell κ),
  @Eq.{1} (Effect4.Machine.DeferredStore κ) (@Effect4.Machine.DeferredStore.setCell κ d cell value)
    (@Effect4.Machine.DeferredStore.mk κ
      (@Effect4.Machine.Arena.poke (List.{0} (Effect4.Machine.DeferredCell κ)) (Effect4.Machine.DeferredCell κ)
        (@Effect4.Machine.instArenaList (Effect4.Machine.DeferredCell κ)) (@Effect4.Machine.DeferredStore.cells κ d)
        cell.index value)
      (@Effect4.Machine.DeferredStore.due κ d))
STATEMENT Effect4.Machine.ArenaObligations.list_lawful ∀ (α : Type),
  @Effect4.Machine.LawfulArena (List.{0} α) α (@Effect4.Machine.instArenaList α)
STATEMENT Effect4.Machine.ArenaObligations.peek_toList ∀ {σ α : Type} [inst : Effect4.Machine.Arena σ α]
  [inst_1 : @Effect4.Machine.LawfulArena σ α inst] (s : σ) (i : Nat),
  @Eq.{1} (Option.{0} α) (@Effect4.Machine.Arena.peek σ α inst s i)
    (@GetElem?.getElem?.{0, 0, 0} (List.{0} α) Nat α (fun as i => @LT.lt.{0} Nat instLTNat i (@List.length.{0} α as))
      (@List.instGetElem?NatLtLength.{0} α) (@Effect4.Machine.Arena.toList σ α inst inst_1 s) i)
STATEMENT Effect4.Machine.ArenaObligations.projects ∀ {σ : Type} [inst : Effect4.Machine.Arena σ Effect4.Machine.Val]
  [inst_1 : @Effect4.Machine.LawfulArena σ Effect4.Machine.Val inst],
  @Effect4.Machine.Refinement.Projects.{0, 0, 0, 0} σ (List.{0} Effect4.Machine.Val)
    (Prod.{0, 0} Effect4.Machine.RefKey Effect4.Machine.RefKernel) Effect4.Machine.Val
    (@Effect4.Machine.Arena.toList σ Effect4.Machine.Val inst inst_1) (@Effect4.Machine.arenaStepState σ inst)
    Effect4.Machine.listStepState fun x => True
STATEMENT Effect4.Machine.ArenaObligations.refStepOfA_keeps ∀ {σ : Type}
  [inst : Effect4.Machine.Arena σ Effect4.Machine.Val] [@Effect4.Machine.LawfulArena σ Effect4.Machine.Val inst]
  {P Q : Effect4.Machine.Val → Prop} {cell : Effect4.Machine.RefKey} {k : Effect4.Machine.RefKernel} {s s' : σ}
  {a : Effect4.Machine.Val},
  (∀ (i : Nat) (v : Effect4.Machine.Val),
      @Eq.{1} (Option.{0} Effect4.Machine.Val) (@Effect4.Machine.Arena.peek σ Effect4.Machine.Val inst s i)
          (@Option.some.{0} Effect4.Machine.Val v) →
        P v) →
    Effect4.Machine.RefKernel.Keeps P Q k →
      @Eq.{1} (Option.{0} (Prod.{0, 0} Effect4.Machine.Val σ)) (@Effect4.Machine.refStepOfA σ inst cell k s)
          (@Option.some.{0} (Prod.{0, 0} Effect4.Machine.Val σ) (@Prod.mk.{0, 0} Effect4.Machine.Val σ a s')) →
        And (Q a)
          (∀ (i : Nat) (v : Effect4.Machine.Val),
            @Eq.{1} (Option.{0} Effect4.Machine.Val) (@Effect4.Machine.Arena.peek σ Effect4.Machine.Val inst s' i)
                (@Option.some.{0} Effect4.Machine.Val v) →
              P v)
STATEMENT Effect4.Machine.ArenaObligations.refStepOfA_list ∀ (cell : Effect4.Machine.RefKey)
  (k : Effect4.Machine.RefKernel) (xs : List.{0} Effect4.Machine.Val),
  @Eq.{1} (Option.{0} (Prod.{0, 0} Effect4.Machine.Val (List.{0} Effect4.Machine.Val)))
    (@Effect4.Machine.refStepOfA (List.{0} Effect4.Machine.Val) (@Effect4.Machine.instArenaList Effect4.Machine.Val)
      cell k xs)
    (Effect4.Machine.refStepOf cell k xs)
STATEMENT Effect4.Machine.ArenaObligations.refStepOfA_size ∀ {σ : Type}
  [inst : Effect4.Machine.Arena σ Effect4.Machine.Val] [@Effect4.Machine.LawfulArena σ Effect4.Machine.Val inst]
  {cell : Effect4.Machine.RefKey} {k : Effect4.Machine.RefKernel} {s s' : σ} {a : Effect4.Machine.Val},
  @Eq.{1} (Option.{0} (Prod.{0, 0} Effect4.Machine.Val σ)) (@Effect4.Machine.refStepOfA σ inst cell k s)
      (@Option.some.{0} (Prod.{0, 0} Effect4.Machine.Val σ) (@Prod.mk.{0, 0} Effect4.Machine.Val σ a s')) →
    @Eq.{1} Nat (@Effect4.Machine.Arena.size σ Effect4.Machine.Val inst s')
      (@Effect4.Machine.Arena.size σ Effect4.Machine.Val inst s)
STATEMENT Effect4.Machine.ArenaObligations.toList_alloc ∀ {σ α : Type} [inst : Effect4.Machine.Arena σ α]
  [inst_1 : @Effect4.Machine.LawfulArena σ α inst] (s : σ) (v : α),
  @Eq.{1} (List.{0} α)
    (@Effect4.Machine.Arena.toList σ α inst inst_1 (@Prod.snd.{0, 0} Nat σ (@Effect4.Machine.Arena.alloc σ α inst s v)))
    (@HAppend.hAppend.{0, 0, 0} (List.{0} α) (List.{0} α) (List.{0} α)
      (@instHAppendOfAppend.{0} (List.{0} α) (@List.instAppend.{0} α)) (@Effect4.Machine.Arena.toList σ α inst inst_1 s)
      (@List.cons.{0} α v (@List.nil.{0} α)))
STATEMENT Effect4.Machine.ArenaObligations.toList_empty ∀ {σ α : Type} [inst : Effect4.Machine.Arena σ α]
  [inst_1 : @Effect4.Machine.LawfulArena σ α inst],
  @Eq.{1} (List.{0} α) (@Effect4.Machine.Arena.toList σ α inst inst_1 (@Effect4.Machine.Arena.empty σ α inst))
    (@List.nil.{0} α)
STATEMENT Effect4.Machine.ArenaObligations.toList_length ∀ {σ α : Type} [inst : Effect4.Machine.Arena σ α]
  [inst_1 : @Effect4.Machine.LawfulArena σ α inst] (s : σ),
  @Eq.{1} Nat (@List.length.{0} α (@Effect4.Machine.Arena.toList σ α inst inst_1 s))
    (@Effect4.Machine.Arena.size σ α inst s)
STATEMENT Effect4.Machine.ArenaObligations.toList_list ∀ {α : Type}
  [inst : @Effect4.Machine.LawfulArena (List.{0} α) α (@Effect4.Machine.instArenaList α)] (xs : List.{0} α),
  @Eq.{1} (List.{0} α) (@Effect4.Machine.Arena.toList (List.{0} α) α (@Effect4.Machine.instArenaList α) inst xs) xs
STATEMENT Effect4.Machine.ArenaObligations.toList_poke ∀ {σ α : Type} [inst : Effect4.Machine.Arena σ α]
  [inst_1 : @Effect4.Machine.LawfulArena σ α inst] (s : σ) (i : Nat) (v : α),
  @Eq.{1} (List.{0} α) (@Effect4.Machine.Arena.toList σ α inst inst_1 (@Effect4.Machine.Arena.poke σ α inst s i v))
    (@List.set.{0} α (@Effect4.Machine.Arena.toList σ α inst inst_1 s) i v)
STATEMENT Effect4.Machine.ArenaObligations.toList_refStepOf ∀ {σ : Type}
  [inst : Effect4.Machine.Arena σ Effect4.Machine.Val]
  [inst_1 : @Effect4.Machine.LawfulArena σ Effect4.Machine.Val inst] (cell : Effect4.Machine.RefKey)
  (k : Effect4.Machine.RefKernel) (s : σ),
  @Eq.{1} (Option.{0} (Prod.{0, 0} Effect4.Machine.Val (List.{0} Effect4.Machine.Val)))
    (@Option.map.{0, 0} (Prod.{0, 0} Effect4.Machine.Val σ)
      (Prod.{0, 0} Effect4.Machine.Val (List.{0} Effect4.Machine.Val))
      (@Prod.map.{0, 0, 0, 0} Effect4.Machine.Val Effect4.Machine.Val σ (List.{0} Effect4.Machine.Val)
        (@id.{1} Effect4.Machine.Val) (@Effect4.Machine.Arena.toList σ Effect4.Machine.Val inst inst_1))
      (@Effect4.Machine.refStepOfA σ inst cell k s))
    (Effect4.Machine.refStepOf cell k (@Effect4.Machine.Arena.toList σ Effect4.Machine.Val inst inst_1 s))
STATEMENT Effect4.Machine.ArenaSupportWanted.lookup_filterMap ∀ {α β : Type} (xs : List.{0} α) (f : α → Option.{0} β)
  (i : Nat) (a : α),
  (∀ (x : α),
      @Membership.mem.{0, 0} α (List.{0} α) (@List.instMembership.{0} α) xs x →
        @Eq.{1} Bool (@Option.isSome.{0} β (f x)) Bool.true) →
    @Eq.{1} (Option.{0} α)
        (@GetElem?.getElem?.{0, 0, 0} (List.{0} α) Nat α
          (fun as i => @LT.lt.{0} Nat instLTNat i (@List.length.{0} α as)) (@List.instGetElem?NatLtLength.{0} α) xs i)
        (@Option.some.{0} α a) →
      @Eq.{1} (Option.{0} β)
        (@GetElem?.getElem?.{0, 0, 0} (List.{0} β) Nat β
          (fun as i => @LT.lt.{0} Nat instLTNat i (@List.length.{0} β as)) (@List.instGetElem?NatLtLength.{0} β)
          (@List.filterMap.{0, 0} α β f xs) i)
        (f a)
STATEMENT Effect4.Machine.ArenaSupportWanted.map_some_filterMap ∀ {α β : Type} (xs : List.{0} α) (f : α → Option.{0} β),
  (∀ (a : α),
      @Membership.mem.{0, 0} α (List.{0} α) (@List.instMembership.{0} α) xs a →
        @Eq.{1} Bool (@Option.isSome.{0} β (f a)) Bool.true) →
    @Eq.{1} (List.{0} (Option.{0} β))
      (@List.map.{0, 0} β (Option.{0} β) (@Option.some.{0} β) (@List.filterMap.{0, 0} α β f xs))
      (@List.map.{0, 0} α (Option.{0} β) f xs)
STATEMENT Effect4.Machine.ArenaSupportWanted.peek_none ∀ {σ α : Type} [inst : Effect4.Machine.Arena σ α]
  [@Effect4.Machine.LawfulArena σ α inst] (s : σ) (i : Nat),
  @LE.le.{0} Nat instLENat (@Effect4.Machine.Arena.size σ α inst s) i →
    @Eq.{1} (Option.{0} α) (@Effect4.Machine.Arena.peek σ α inst s i) (@Option.none.{0} α)
STATEMENT Effect4.Machine.M1.CellMapWanted.id_fun ∀ {κ : Type},
  @Eq.{1} (Effect4.Machine.DeferredCell κ → Effect4.Machine.DeferredCell κ)
    (@Effect4.Machine.DeferredCell.map κ κ (@id.{1} κ)) (@id.{1} (Effect4.Machine.DeferredCell κ))
STATEMENT Effect4.Machine.M1.CompletionSupport.poll_reads_cell ∀
  (s :
    Effect4.Machine.DeferredStore
      (Effect4.Machine.Completion.{0, 0} Effect4.Machine.Val Effect4.Machine.Err Effect4.Machine.Defect Effect4.FiberId
        Effect4.Machine.Ann))
  (k : Effect4.Machine.DeferredKey)
  (c :
    Effect4.Machine.DeferredCell
      (Effect4.Machine.Completion.{0, 0} Effect4.Machine.Val Effect4.Machine.Err Effect4.Machine.Defect Effect4.FiberId
        Effect4.Machine.Ann)),
  @Eq.{1}
      (Option.{0}
        (Effect4.Machine.DeferredCell
          (Effect4.Machine.Completion.{0, 0} Effect4.Machine.Val Effect4.Machine.Err Effect4.Machine.Defect
            Effect4.FiberId Effect4.Machine.Ann)))
      (@Effect4.Machine.DeferredStore.cellAt
        (Effect4.Machine.Completion.{0, 0} Effect4.Machine.Val Effect4.Machine.Err Effect4.Machine.Defect
          Effect4.FiberId Effect4.Machine.Ann)
        s k)
      (@Option.some.{0}
        (Effect4.Machine.DeferredCell
          (Effect4.Machine.Completion.{0, 0} Effect4.Machine.Val Effect4.Machine.Err Effect4.Machine.Defect
            Effect4.FiberId Effect4.Machine.Ann))
        c) →
    @Eq.{1}
      (Option.{0}
        (Option.{0}
          (Effect4.Machine.Completion.{0, 0} Effect4.Machine.Val Effect4.Machine.Err Effect4.Machine.Defect
            Effect4.FiberId Effect4.Machine.Ann)))
      (@Effect4.Machine.DeferredStore.poll
        (Effect4.Machine.Completion.{0, 0} Effect4.Machine.Val Effect4.Machine.Err Effect4.Machine.Defect
          Effect4.FiberId Effect4.Machine.Ann)
        s k)
      (@Option.some.{0}
        (Option.{0}
          (Effect4.Machine.Completion.{0, 0} Effect4.Machine.Val Effect4.Machine.Err Effect4.Machine.Defect
            Effect4.FiberId Effect4.Machine.Ann))
        (@Effect4.Machine.DeferredCell.completion
          (Effect4.Machine.Completion.{0, 0} Effect4.Machine.Val Effect4.Machine.Err Effect4.Machine.Defect
            Effect4.FiberId Effect4.Machine.Ann)
          c))
STATEMENT Effect4.Machine.M1.CompletionSupport.store_lookup_lt ∀ {α : Type} {xs : List.{0} α} {i : Nat} {a : α},
  @Eq.{1} (Option.{0} α)
      (@GetElem?.getElem?.{0, 0, 0} (List.{0} α) Nat α (fun as i => @LT.lt.{0} Nat instLTNat i (@List.length.{0} α as))
        (@List.instGetElem?NatLtLength.{0} α) xs i)
      (@Option.some.{0} α a) →
    @LT.lt.{0} Nat instLTNat i (@List.length.{0} α xs)
STATEMENT Effect4.Machine.M1.Core.deferredStore_complete_done ∀
  (self :
    Effect4.Machine.DeferredStore
      (Effect4.Machine.Completion.{0, 0} Effect4.Machine.Val Effect4.Machine.Err Effect4.Machine.Defect Effect4.FiberId
        Effect4.Machine.Ann))
  (cell : Effect4.Machine.DeferredKey)
  (c :
    Effect4.Machine.DeferredCell
      (Effect4.Machine.Completion.{0, 0} Effect4.Machine.Val Effect4.Machine.Err Effect4.Machine.Defect Effect4.FiberId
        Effect4.Machine.Ann))
  (e e' :
    Effect4.Machine.Completion.{0, 0} Effect4.Machine.Val Effect4.Machine.Err Effect4.Machine.Defect Effect4.FiberId
      Effect4.Machine.Ann),
  @Eq.{1}
      (Option.{0}
        (Effect4.Machine.DeferredCell
          (Effect4.Machine.Completion.{0, 0} Effect4.Machine.Val Effect4.Machine.Err Effect4.Machine.Defect
            Effect4.FiberId Effect4.Machine.Ann)))
      (@Effect4.Machine.DeferredStore.cellAt
        (Effect4.Machine.Completion.{0, 0} Effect4.Machine.Val Effect4.Machine.Err Effect4.Machine.Defect
          Effect4.FiberId Effect4.Machine.Ann)
        self cell)
      (@Option.some.{0}
        (Effect4.Machine.DeferredCell
          (Effect4.Machine.Completion.{0, 0} Effect4.Machine.Val Effect4.Machine.Err Effect4.Machine.Defect
            Effect4.FiberId Effect4.Machine.Ann))
        c) →
    @Eq.{1}
        (Option.{0}
          (Effect4.Machine.Completion.{0, 0} Effect4.Machine.Val Effect4.Machine.Err Effect4.Machine.Defect
            Effect4.FiberId Effect4.Machine.Ann))
        (@Effect4.Machine.DeferredCell.completion
          (Effect4.Machine.Completion.{0, 0} Effect4.Machine.Val Effect4.Machine.Err Effect4.Machine.Defect
            Effect4.FiberId Effect4.Machine.Ann)
          c)
        (@Option.some.{0}
          (Effect4.Machine.Completion.{0, 0} Effect4.Machine.Val Effect4.Machine.Err Effect4.Machine.Defect
            Effect4.FiberId Effect4.Machine.Ann)
          e) →
      @Eq.{1}
        (Prod.{0, 0}
          (Effect4.Machine.DeferredStore
            (Effect4.Machine.Completion.{0, 0} Effect4.Machine.Val Effect4.Machine.Err Effect4.Machine.Defect
              Effect4.FiberId Effect4.Machine.Ann))
          Bool)
        (@Effect4.Machine.DeferredStore.complete
          (Effect4.Machine.Completion.{0, 0} Effect4.Machine.Val Effect4.Machine.Err Effect4.Machine.Defect
            Effect4.FiberId Effect4.Machine.Ann)
          self cell e')
        (@Prod.mk.{0, 0}
          (Effect4.Machine.DeferredStore
            (Effect4.Machine.Completion.{0, 0} Effect4.Machine.Val Effect4.Machine.Err Effect4.Machine.Defect
              Effect4.FiberId Effect4.Machine.Ann))
          Bool self Bool.false)
STATEMENT Effect4.Machine.M1.Core.deferredStore_complete_pending ∀
  (self :
    Effect4.Machine.DeferredStore
      (Effect4.Machine.Completion.{0, 0} Effect4.Machine.Val Effect4.Machine.Err Effect4.Machine.Defect Effect4.FiberId
        Effect4.Machine.Ann))
  (cell : Effect4.Machine.DeferredKey)
  (c :
    Effect4.Machine.DeferredCell
      (Effect4.Machine.Completion.{0, 0} Effect4.Machine.Val Effect4.Machine.Err Effect4.Machine.Defect Effect4.FiberId
        Effect4.Machine.Ann))
  (e :
    Effect4.Machine.Completion.{0, 0} Effect4.Machine.Val Effect4.Machine.Err Effect4.Machine.Defect Effect4.FiberId
      Effect4.Machine.Ann),
  @Eq.{1}
      (Option.{0}
        (Effect4.Machine.DeferredCell
          (Effect4.Machine.Completion.{0, 0} Effect4.Machine.Val Effect4.Machine.Err Effect4.Machine.Defect
            Effect4.FiberId Effect4.Machine.Ann)))
      (@Effect4.Machine.DeferredStore.cellAt
        (Effect4.Machine.Completion.{0, 0} Effect4.Machine.Val Effect4.Machine.Err Effect4.Machine.Defect
          Effect4.FiberId Effect4.Machine.Ann)
        self cell)
      (@Option.some.{0}
        (Effect4.Machine.DeferredCell
          (Effect4.Machine.Completion.{0, 0} Effect4.Machine.Val Effect4.Machine.Err Effect4.Machine.Defect
            Effect4.FiberId Effect4.Machine.Ann))
        c) →
    @Eq.{1}
        (Option.{0}
          (Effect4.Machine.Completion.{0, 0} Effect4.Machine.Val Effect4.Machine.Err Effect4.Machine.Defect
            Effect4.FiberId Effect4.Machine.Ann))
        (@Effect4.Machine.DeferredCell.completion
          (Effect4.Machine.Completion.{0, 0} Effect4.Machine.Val Effect4.Machine.Err Effect4.Machine.Defect
            Effect4.FiberId Effect4.Machine.Ann)
          c)
        (@Option.none.{0}
          (Effect4.Machine.Completion.{0, 0} Effect4.Machine.Val Effect4.Machine.Err Effect4.Machine.Defect
            Effect4.FiberId Effect4.Machine.Ann)) →
      @Eq.{1}
        (Prod.{0, 0}
          (Effect4.Machine.DeferredStore
            (Effect4.Machine.Completion.{0, 0} Effect4.Machine.Val Effect4.Machine.Err Effect4.Machine.Defect
              Effect4.FiberId Effect4.Machine.Ann))
          Bool)
        (@Effect4.Machine.DeferredStore.complete
          (Effect4.Machine.Completion.{0, 0} Effect4.Machine.Val Effect4.Machine.Err Effect4.Machine.Defect
            Effect4.FiberId Effect4.Machine.Ann)
          self cell e)
        (@Prod.mk.{0, 0}
          (Effect4.Machine.DeferredStore
            (Effect4.Machine.Completion.{0, 0} Effect4.Machine.Val Effect4.Machine.Err Effect4.Machine.Defect
              Effect4.FiberId Effect4.Machine.Ann))
          Bool
          (have __src :=
            @Effect4.Machine.DeferredStore.setCell
              (Effect4.Machine.Completion.{0, 0} Effect4.Machine.Val Effect4.Machine.Err Effect4.Machine.Defect
                Effect4.FiberId Effect4.Machine.Ann)
              self cell
              (@Effect4.Machine.DeferredCell.mk
                (Effect4.Machine.Completion.{0, 0} Effect4.Machine.Val Effect4.Machine.Err Effect4.Machine.Defect
                  Effect4.FiberId Effect4.Machine.Ann)
                (@Option.some.{0}
                  (Effect4.Machine.Completion.{0, 0} Effect4.Machine.Val Effect4.Machine.Err Effect4.Machine.Defect
                    Effect4.FiberId Effect4.Machine.Ann)
                  e)
                (@Prod.snd.{0, 0} (List.{0} (Effect4.Machine.Waiter.{0} Unit)) (Effect4.Machine.WakeList.{0} Unit)
                  (@Effect4.Machine.WakeList.wakeAll.{0} Unit
                    (@Effect4.Machine.DeferredCell.wake
                      (Effect4.Machine.Completion.{0, 0} Effect4.Machine.Val Effect4.Machine.Err Effect4.Machine.Defect
                        Effect4.FiberId Effect4.Machine.Ann)
                      c))));
          @Effect4.Machine.DeferredStore.mk
            (Effect4.Machine.Completion.{0, 0} Effect4.Machine.Val Effect4.Machine.Err Effect4.Machine.Defect
              Effect4.FiberId Effect4.Machine.Ann)
            (@Effect4.Machine.DeferredStore.cells
              (Effect4.Machine.Completion.{0, 0} Effect4.Machine.Val Effect4.Machine.Err Effect4.Machine.Defect
                Effect4.FiberId Effect4.Machine.Ann)
              __src)
            (@HAppend.hAppend.{0, 0, 0}
              (List.{0}
                (Effect4.Machine.Owed.{0}
                  (Effect4.Machine.Completion.{0, 0} Effect4.Machine.Val Effect4.Machine.Err Effect4.Machine.Defect
                    Effect4.FiberId Effect4.Machine.Ann)))
              (List.{0}
                (Effect4.Machine.Owed.{0}
                  (Effect4.Machine.Completion.{0, 0} Effect4.Machine.Val Effect4.Machine.Err Effect4.Machine.Defect
                    Effect4.FiberId Effect4.Machine.Ann)))
              (List.{0}
                (Effect4.Machine.Owed.{0}
                  (Effect4.Machine.Completion.{0, 0} Effect4.Machine.Val Effect4.Machine.Err Effect4.Machine.Defect
                    Effect4.FiberId Effect4.Machine.Ann)))
              (@instHAppendOfAppend.{0}
                (List.{0}
                  (Effect4.Machine.Owed.{0}
                    (Effect4.Machine.Completion.{0, 0} Effect4.Machine.Val Effect4.Machine.Err Effect4.Machine.Defect
                      Effect4.FiberId Effect4.Machine.Ann)))
                (@List.instAppend.{0}
                  (Effect4.Machine.Owed.{0}
                    (Effect4.Machine.Completion.{0, 0} Effect4.Machine.Val Effect4.Machine.Err Effect4.Machine.Defect
                      Effect4.FiberId Effect4.Machine.Ann))))
              (@Effect4.Machine.DeferredStore.due
                (Effect4.Machine.Completion.{0, 0} Effect4.Machine.Val Effect4.Machine.Err Effect4.Machine.Defect
                  Effect4.FiberId Effect4.Machine.Ann)
                self)
              (@List.map.{0, 0} (Effect4.Machine.Waiter.{0} Unit)
                (Effect4.Machine.Owed.{0}
                  (Effect4.Machine.Completion.{0, 0} Effect4.Machine.Val Effect4.Machine.Err Effect4.Machine.Defect
                    Effect4.FiberId Effect4.Machine.Ann))
                (fun w =>
                  @Effect4.Machine.Owed.mk.{0}
                    (Effect4.Machine.Completion.{0, 0} Effect4.Machine.Val Effect4.Machine.Err Effect4.Machine.Defect
                      Effect4.FiberId Effect4.Machine.Ann)
                    (@Effect4.Machine.Waiter.fiber.{0} Unit w) (@Effect4.Machine.Waiter.token.{0} Unit w) e
                    Effect4.Machine.WakeMode.now)
                (@Prod.fst.{0, 0} (List.{0} (Effect4.Machine.Waiter.{0} Unit)) (Effect4.Machine.WakeList.{0} Unit)
                  (@Effect4.Machine.WakeList.wakeAll.{0} Unit
                    (@Effect4.Machine.DeferredCell.wake
                      (Effect4.Machine.Completion.{0, 0} Effect4.Machine.Val Effect4.Machine.Err Effect4.Machine.Defect
                        Effect4.FiberId Effect4.Machine.Ann)
                      c))))))
          Bool.true)
STATEMENT Effect4.Machine.M1.Core.deferredStore_complete_stores_argument ∀
  (self :
    Effect4.Machine.DeferredStore
      (Effect4.Machine.Completion.{0, 0} Effect4.Machine.Val Effect4.Machine.Err Effect4.Machine.Defect Effect4.FiberId
        Effect4.Machine.Ann))
  (cell : Effect4.Machine.DeferredKey)
  (c :
    Effect4.Machine.DeferredCell
      (Effect4.Machine.Completion.{0, 0} Effect4.Machine.Val Effect4.Machine.Err Effect4.Machine.Defect Effect4.FiberId
        Effect4.Machine.Ann))
  (e :
    Effect4.Machine.Completion.{0, 0} Effect4.Machine.Val Effect4.Machine.Err Effect4.Machine.Defect Effect4.FiberId
      Effect4.Machine.Ann),
  @Eq.{1}
      (Option.{0}
        (Effect4.Machine.DeferredCell
          (Effect4.Machine.Completion.{0, 0} Effect4.Machine.Val Effect4.Machine.Err Effect4.Machine.Defect
            Effect4.FiberId Effect4.Machine.Ann)))
      (@Effect4.Machine.DeferredStore.cellAt
        (Effect4.Machine.Completion.{0, 0} Effect4.Machine.Val Effect4.Machine.Err Effect4.Machine.Defect
          Effect4.FiberId Effect4.Machine.Ann)
        self cell)
      (@Option.some.{0}
        (Effect4.Machine.DeferredCell
          (Effect4.Machine.Completion.{0, 0} Effect4.Machine.Val Effect4.Machine.Err Effect4.Machine.Defect
            Effect4.FiberId Effect4.Machine.Ann))
        c) →
    @Eq.{1}
        (Option.{0}
          (Effect4.Machine.Completion.{0, 0} Effect4.Machine.Val Effect4.Machine.Err Effect4.Machine.Defect
            Effect4.FiberId Effect4.Machine.Ann))
        (@Effect4.Machine.DeferredCell.completion
          (Effect4.Machine.Completion.{0, 0} Effect4.Machine.Val Effect4.Machine.Err Effect4.Machine.Defect
            Effect4.FiberId Effect4.Machine.Ann)
          c)
        (@Option.none.{0}
          (Effect4.Machine.Completion.{0, 0} Effect4.Machine.Val Effect4.Machine.Err Effect4.Machine.Defect
            Effect4.FiberId Effect4.Machine.Ann)) →
      @Eq.{1}
        (Option.{0}
          (Option.{0}
            (Effect4.Machine.Completion.{0, 0} Effect4.Machine.Val Effect4.Machine.Err Effect4.Machine.Defect
              Effect4.FiberId Effect4.Machine.Ann)))
        (@Option.map.{0, 0}
          (Effect4.Machine.DeferredCell
            (Effect4.Machine.Completion.{0, 0} Effect4.Machine.Val Effect4.Machine.Err Effect4.Machine.Defect
              Effect4.FiberId Effect4.Machine.Ann))
          (Option.{0}
            (Effect4.Machine.Completion.{0, 0} Effect4.Machine.Val Effect4.Machine.Err Effect4.Machine.Defect
              Effect4.FiberId Effect4.Machine.Ann))
          (@Effect4.Machine.DeferredCell.completion
            (Effect4.Machine.Completion.{0, 0} Effect4.Machine.Val Effect4.Machine.Err Effect4.Machine.Defect
              Effect4.FiberId Effect4.Machine.Ann))
          (@Effect4.Machine.DeferredStore.cellAt
            (Effect4.Machine.Completion.{0, 0} Effect4.Machine.Val Effect4.Machine.Err Effect4.Machine.Defect
              Effect4.FiberId Effect4.Machine.Ann)
            (@Prod.fst.{0, 0}
              (Effect4.Machine.DeferredStore
                (Effect4.Machine.Completion.{0, 0} Effect4.Machine.Val Effect4.Machine.Err Effect4.Machine.Defect
                  Effect4.FiberId Effect4.Machine.Ann))
              Bool
              (@Effect4.Machine.DeferredStore.complete
                (Effect4.Machine.Completion.{0, 0} Effect4.Machine.Val Effect4.Machine.Err Effect4.Machine.Defect
                  Effect4.FiberId Effect4.Machine.Ann)
                self cell e))
            cell))
        (@Option.some.{0}
          (Option.{0}
            (Effect4.Machine.Completion.{0, 0} Effect4.Machine.Val Effect4.Machine.Err Effect4.Machine.Defect
              Effect4.FiberId Effect4.Machine.Ann))
          (@Option.some.{0}
            (Effect4.Machine.Completion.{0, 0} Effect4.Machine.Val Effect4.Machine.Err Effect4.Machine.Defect
              Effect4.FiberId Effect4.Machine.Ann)
            e))
STATEMENT Effect4.Machine.M1.Core.deferredStore_register_done ∀
  (self :
    Effect4.Machine.DeferredStore
      (Effect4.Machine.Completion.{0, 0} Effect4.Machine.Val Effect4.Machine.Err Effect4.Machine.Defect Effect4.FiberId
        Effect4.Machine.Ann))
  (cell : Effect4.Machine.DeferredKey)
  (c :
    Effect4.Machine.DeferredCell
      (Effect4.Machine.Completion.{0, 0} Effect4.Machine.Val Effect4.Machine.Err Effect4.Machine.Defect Effect4.FiberId
        Effect4.Machine.Ann))
  (e :
    Effect4.Machine.Completion.{0, 0} Effect4.Machine.Val Effect4.Machine.Err Effect4.Machine.Defect Effect4.FiberId
      Effect4.Machine.Ann)
  (waiter : Effect4.FiberId) (token : Nat),
  @Eq.{1}
      (Option.{0}
        (Effect4.Machine.DeferredCell
          (Effect4.Machine.Completion.{0, 0} Effect4.Machine.Val Effect4.Machine.Err Effect4.Machine.Defect
            Effect4.FiberId Effect4.Machine.Ann)))
      (@Effect4.Machine.DeferredStore.cellAt
        (Effect4.Machine.Completion.{0, 0} Effect4.Machine.Val Effect4.Machine.Err Effect4.Machine.Defect
          Effect4.FiberId Effect4.Machine.Ann)
        self cell)
      (@Option.some.{0}
        (Effect4.Machine.DeferredCell
          (Effect4.Machine.Completion.{0, 0} Effect4.Machine.Val Effect4.Machine.Err Effect4.Machine.Defect
            Effect4.FiberId Effect4.Machine.Ann))
        c) →
    @Eq.{1}
        (Option.{0}
          (Effect4.Machine.Completion.{0, 0} Effect4.Machine.Val Effect4.Machine.Err Effect4.Machine.Defect
            Effect4.FiberId Effect4.Machine.Ann))
        (@Effect4.Machine.DeferredCell.completion
          (Effect4.Machine.Completion.{0, 0} Effect4.Machine.Val Effect4.Machine.Err Effect4.Machine.Defect
            Effect4.FiberId Effect4.Machine.Ann)
          c)
        (@Option.some.{0}
          (Effect4.Machine.Completion.{0, 0} Effect4.Machine.Val Effect4.Machine.Err Effect4.Machine.Defect
            Effect4.FiberId Effect4.Machine.Ann)
          e) →
      @Eq.{1}
        (Prod.{0, 0}
          (Effect4.Machine.DeferredStore
            (Effect4.Machine.Completion.{0, 0} Effect4.Machine.Val Effect4.Machine.Err Effect4.Machine.Defect
              Effect4.FiberId Effect4.Machine.Ann))
          (Option.{0}
            (Effect4.Machine.Completion.{0, 0} Effect4.Machine.Val Effect4.Machine.Err Effect4.Machine.Defect
              Effect4.FiberId Effect4.Machine.Ann)))
        (@Effect4.Machine.DeferredStore.register
          (Effect4.Machine.Completion.{0, 0} Effect4.Machine.Val Effect4.Machine.Err Effect4.Machine.Defect
            Effect4.FiberId Effect4.Machine.Ann)
          self cell waiter token)
        (@Prod.mk.{0, 0}
          (Effect4.Machine.DeferredStore
            (Effect4.Machine.Completion.{0, 0} Effect4.Machine.Val Effect4.Machine.Err Effect4.Machine.Defect
              Effect4.FiberId Effect4.Machine.Ann))
          (Option.{0}
            (Effect4.Machine.Completion.{0, 0} Effect4.Machine.Val Effect4.Machine.Err Effect4.Machine.Defect
              Effect4.FiberId Effect4.Machine.Ann))
          self
          (@Option.some.{0}
            (Effect4.Machine.Completion.{0, 0} Effect4.Machine.Val Effect4.Machine.Err Effect4.Machine.Defect
              Effect4.FiberId Effect4.Machine.Ann)
            e))
STATEMENT Effect4.Machine.M1.Core.deferredStore_waiter_receives_stored ∀
  (self :
    Effect4.Machine.DeferredStore
      (Effect4.Machine.Completion.{0, 0} Effect4.Machine.Val Effect4.Machine.Err Effect4.Machine.Defect Effect4.FiberId
        Effect4.Machine.Ann))
  (cell : Effect4.Machine.DeferredKey)
  (c :
    Effect4.Machine.DeferredCell
      (Effect4.Machine.Completion.{0, 0} Effect4.Machine.Val Effect4.Machine.Err Effect4.Machine.Defect Effect4.FiberId
        Effect4.Machine.Ann))
  (e :
    Effect4.Machine.Completion.{0, 0} Effect4.Machine.Val Effect4.Machine.Err Effect4.Machine.Defect Effect4.FiberId
      Effect4.Machine.Ann)
  (waiter : Effect4.FiberId) (token : Nat) (phase : Effect4.Machine.WakePhase),
  @Eq.{1}
      (Option.{0}
        (Effect4.Machine.DeferredCell
          (Effect4.Machine.Completion.{0, 0} Effect4.Machine.Val Effect4.Machine.Err Effect4.Machine.Defect
            Effect4.FiberId Effect4.Machine.Ann)))
      (@Effect4.Machine.DeferredStore.cellAt
        (Effect4.Machine.Completion.{0, 0} Effect4.Machine.Val Effect4.Machine.Err Effect4.Machine.Defect
          Effect4.FiberId Effect4.Machine.Ann)
        self cell)
      (@Option.some.{0}
        (Effect4.Machine.DeferredCell
          (Effect4.Machine.Completion.{0, 0} Effect4.Machine.Val Effect4.Machine.Err Effect4.Machine.Defect
            Effect4.FiberId Effect4.Machine.Ann))
        c) →
    @Eq.{1}
        (Option.{0}
          (Effect4.Machine.Completion.{0, 0} Effect4.Machine.Val Effect4.Machine.Err Effect4.Machine.Defect
            Effect4.FiberId Effect4.Machine.Ann))
        (@Effect4.Machine.DeferredCell.completion
          (Effect4.Machine.Completion.{0, 0} Effect4.Machine.Val Effect4.Machine.Err Effect4.Machine.Defect
            Effect4.FiberId Effect4.Machine.Ann)
          c)
        (@Option.none.{0}
          (Effect4.Machine.Completion.{0, 0} Effect4.Machine.Val Effect4.Machine.Err Effect4.Machine.Defect
            Effect4.FiberId Effect4.Machine.Ann)) →
      @Eq.{1} (List.{0} (Effect4.Machine.Waiter.{0} Unit))
          (@Effect4.Machine.WakeList.waiters.{0} Unit
            (@Effect4.Machine.DeferredCell.wake
              (Effect4.Machine.Completion.{0, 0} Effect4.Machine.Val Effect4.Machine.Err Effect4.Machine.Defect
                Effect4.FiberId Effect4.Machine.Ann)
              c))
          (@List.cons.{0} (Effect4.Machine.Waiter.{0} Unit)
            (@Effect4.Machine.Waiter.mk.{0} Unit waiter token phase Unit.unit)
            (@List.nil.{0} (Effect4.Machine.Waiter.{0} Unit))) →
        @Eq.{1}
          (List.{0}
            (Effect4.Machine.Owed.{0}
              (Effect4.Machine.Completion.{0, 0} Effect4.Machine.Val Effect4.Machine.Err Effect4.Machine.Defect
                Effect4.FiberId Effect4.Machine.Ann)))
          (@Effect4.Machine.DeferredStore.due
            (Effect4.Machine.Completion.{0, 0} Effect4.Machine.Val Effect4.Machine.Err Effect4.Machine.Defect
              Effect4.FiberId Effect4.Machine.Ann)
            (@Prod.fst.{0, 0}
              (Effect4.Machine.DeferredStore
                (Effect4.Machine.Completion.{0, 0} Effect4.Machine.Val Effect4.Machine.Err Effect4.Machine.Defect
                  Effect4.FiberId Effect4.Machine.Ann))
              Bool
              (@Effect4.Machine.DeferredStore.complete
                (Effect4.Machine.Completion.{0, 0} Effect4.Machine.Val Effect4.Machine.Err Effect4.Machine.Defect
                  Effect4.FiberId Effect4.Machine.Ann)
                self cell e)))
          (@HAppend.hAppend.{0, 0, 0}
            (List.{0}
              (Effect4.Machine.Owed.{0}
                (Effect4.Machine.Completion.{0, 0} Effect4.Machine.Val Effect4.Machine.Err Effect4.Machine.Defect
                  Effect4.FiberId Effect4.Machine.Ann)))
            (List.{0}
              (Effect4.Machine.Owed.{0}
                (Effect4.Machine.Completion.{0, 0} Effect4.Machine.Val Effect4.Machine.Err Effect4.Machine.Defect
                  Effect4.FiberId Effect4.Machine.Ann)))
            (List.{0}
              (Effect4.Machine.Owed.{0}
                (Effect4.Machine.Completion.{0, 0} Effect4.Machine.Val Effect4.Machine.Err Effect4.Machine.Defect
                  Effect4.FiberId Effect4.Machine.Ann)))
            (@instHAppendOfAppend.{0}
              (List.{0}
                (Effect4.Machine.Owed.{0}
                  (Effect4.Machine.Completion.{0, 0} Effect4.Machine.Val Effect4.Machine.Err Effect4.Machine.Defect
                    Effect4.FiberId Effect4.Machine.Ann)))
              (@List.instAppend.{0}
                (Effect4.Machine.Owed.{0}
                  (Effect4.Machine.Completion.{0, 0} Effect4.Machine.Val Effect4.Machine.Err Effect4.Machine.Defect
                    Effect4.FiberId Effect4.Machine.Ann))))
            (@Effect4.Machine.DeferredStore.due
              (Effect4.Machine.Completion.{0, 0} Effect4.Machine.Val Effect4.Machine.Err Effect4.Machine.Defect
                Effect4.FiberId Effect4.Machine.Ann)
              self)
            (@List.cons.{0}
              (Effect4.Machine.Owed.{0}
                (Effect4.Machine.Completion.{0, 0} Effect4.Machine.Val Effect4.Machine.Err Effect4.Machine.Defect
                  Effect4.FiberId Effect4.Machine.Ann))
              (@Effect4.Machine.Owed.mk.{0}
                (Effect4.Machine.Completion.{0, 0} Effect4.Machine.Val Effect4.Machine.Err Effect4.Machine.Defect
                  Effect4.FiberId Effect4.Machine.Ann)
                waiter token e Effect4.Machine.WakeMode.now)
              (@List.nil.{0}
                (Effect4.Machine.Owed.{0}
                  (Effect4.Machine.Completion.{0, 0} Effect4.Machine.Val Effect4.Machine.Err Effect4.Machine.Defect
                    Effect4.FiberId Effect4.Machine.Ann)))))
STATEMENT Effect4.Machine.M1.DeferredImageSupportWanted.cell_image_iff ∀ {κ κ' : Type} (f : κ → κ')
  (cell : Effect4.Machine.DeferredCell κ'),
  Iff
    (∀ (p : κ'),
      @Eq.{1} (Option.{0} κ') (@Effect4.Machine.DeferredCell.completion κ' cell) (@Option.some.{0} κ' p) →
        @Exists.{1} κ fun c => @Eq.{1} κ' p (f c))
    (@Exists.{1} (Effect4.Machine.DeferredCell κ) fun pre =>
      @Eq.{1} (Effect4.Machine.DeferredCell κ') cell (@Effect4.Machine.DeferredCell.map κ κ' f pre))
STATEMENT Effect4.Machine.M1.DeferredImageSupportWanted.list_image_iff ∀ {α : Type u} {β : Type v} (f : α → β)
  (xs : List.{v} β),
  Iff
    (∀ (x : β),
      @Membership.mem.{v, v} β (List.{v} β) (@List.instMembership.{v} β) xs x →
        @Exists.{u + 1} α fun y => @Eq.{v + 1} β x (f y))
    (@Exists.{u + 1} (List.{u} α) fun ys => @Eq.{v + 1} (List.{v} β) xs (@List.map.{u, v} α β f ys))
STATEMENT Effect4.Machine.M1.DeferredImageSupportWanted.owed_image_iff ∀ {κ : Type u} {κ' : Type v} (f : κ → κ')
  (owed : Effect4.Machine.Owed.{v} κ'),
  Iff (@Exists.{u + 1} κ fun c => @Eq.{v + 1} κ' (@Effect4.Machine.Owed.code.{v} κ' owed) (f c))
    (@Exists.{u + 1} (Effect4.Machine.Owed.{u} κ) fun pre =>
      @Eq.{v + 1} (Effect4.Machine.Owed.{v} κ') owed (@Effect4.Machine.Owed.mapCode.{u, v} κ κ' f pre))
STATEMENT Effect4.Machine.M1.DeferredWanted.cell_map_comp ∀ {κ κ' κ'' : Type} (f : κ → κ') (g : κ' → κ'')
  (c : Effect4.Machine.DeferredCell κ),
  @Eq.{1} (Effect4.Machine.DeferredCell κ'')
    (@Effect4.Machine.DeferredCell.map κ' κ'' g (@Effect4.Machine.DeferredCell.map κ κ' f c))
    (@Effect4.Machine.DeferredCell.map κ κ'' (@Function.comp.{1, 1, 1} κ κ' κ'' g f) c)
STATEMENT Effect4.Machine.M1.DeferredWanted.cell_map_id ∀ {κ : Type} (c : Effect4.Machine.DeferredCell κ),
  @Eq.{1} (Effect4.Machine.DeferredCell κ) (@Effect4.Machine.DeferredCell.map κ κ (@id.{1} κ) c) c
STATEMENT Effect4.Machine.M1.DeferredWanted.completionPrim_injective @Function.Injective.{1, 1}
  (Effect4.Machine.Completion.{0, 0} Effect4.Machine.Val Effect4.Machine.Err Effect4.Machine.Defect Effect4.FiberId
    Effect4.Machine.Ann)
  Effect4.Machine.Program Effect4.Machine.completionPrim
STATEMENT Effect4.Machine.M1.DeferredWanted.deferredOk_iff_image ∀
  (d : Effect4.Machine.DeferredStore Effect4.Machine.Program),
  Iff (Effect4.Machine.Refinement.DeferredOk d)
    (@Exists.{1}
      (Effect4.Machine.DeferredStore
        (Effect4.Machine.Completion.{0, 0} Effect4.Machine.Val Effect4.Machine.Err Effect4.Machine.Defect
          Effect4.FiberId Effect4.Machine.Ann))
      fun d' =>
      @Eq.{1} (Effect4.Machine.DeferredStore Effect4.Machine.Program) d
        (@Effect4.Machine.DeferredStore.map
          (Effect4.Machine.Completion.{0, 0} Effect4.Machine.Val Effect4.Machine.Err Effect4.Machine.Defect
            Effect4.FiberId Effect4.Machine.Ann)
          Effect4.Machine.Program Effect4.Machine.completionPrim d'))
STATEMENT Effect4.Machine.M1.DeferredWanted.factors_deferreds ∀ {Observation : Type u}
  (observe : Effect4.Machine.DeferredStore Effect4.Machine.Program → Observation),
  @Effect4.Machine.Refinement.Factors.{0, 0, u} Effect4.Machine.Stores
    (Effect4.Machine.DeferredStore
      (Effect4.Machine.Completion.{0, 0} Effect4.Machine.Val Effect4.Machine.Err Effect4.Machine.Defect Effect4.FiberId
        Effect4.Machine.Ann))
    Observation Effect4.Machine.Stores.deferreds fun s =>
    observe
      (@Effect4.Machine.DeferredStore.map
        (Effect4.Machine.Completion.{0, 0} Effect4.Machine.Val Effect4.Machine.Err Effect4.Machine.Defect
          Effect4.FiberId Effect4.Machine.Ann)
        Effect4.Machine.Program Effect4.Machine.completionPrim s.deferreds)
STATEMENT Effect4.Machine.M1.DeferredWanted.factors_respects_eq ∀ {State : Type u} {Fine : Type v} {Coarse : Type w}
  (fine : State → Fine) (coarse : State → Coarse) (a b : State),
  @Effect4.Machine.Refinement.Factors.{u, v, w} State Fine Coarse fine coarse →
    @Eq.{v + 1} Fine (fine a) (fine b) → @Eq.{w + 1} Coarse (coarse a) (coarse b)
STATEMENT Effect4.Machine.M1.DeferredWanted.factors_through_deferreds ∀ {Fine : Type u} {Observation : Type v}
  (fine : Effect4.Machine.Stores → Fine),
  @Effect4.Machine.Refinement.Factors.{0, u, 0} Effect4.Machine.Stores Fine
      (Effect4.Machine.DeferredStore
        (Effect4.Machine.Completion.{0, 0} Effect4.Machine.Val Effect4.Machine.Err Effect4.Machine.Defect
          Effect4.FiberId Effect4.Machine.Ann))
      fine Effect4.Machine.Stores.deferreds →
    ∀ (observe : Effect4.Machine.DeferredStore Effect4.Machine.Program → Observation),
      @Effect4.Machine.Refinement.Factors.{0, u, v} Effect4.Machine.Stores Fine Observation fine fun s =>
        observe
          (@Effect4.Machine.DeferredStore.map
            (Effect4.Machine.Completion.{0, 0} Effect4.Machine.Val Effect4.Machine.Err Effect4.Machine.Defect
              Effect4.FiberId Effect4.Machine.Ann)
            Effect4.Machine.Program Effect4.Machine.completionPrim s.deferreds)
STATEMENT Effect4.Machine.M1.DeferredWanted.factors_trans ∀ {State : Type u} {A : Type v} {B : Type w} {C : Type z}
  (a : State → A) (b : State → B) (c : State → C),
  @Effect4.Machine.Refinement.Factors.{u, v, w} State A B a b →
    @Effect4.Machine.Refinement.Factors.{u, w, z} State B C b c →
      @Effect4.Machine.Refinement.Factors.{u, v, z} State A C a c
STATEMENT Effect4.Machine.M1.DeferredWanted.map_cancel ∀ {κ κ' : Type} (f : κ → κ')
  (d : Effect4.Machine.DeferredStore κ) (cell : Effect4.Machine.DeferredKey) (waiter : Effect4.FiberId) (token : Nat),
  @Eq.{1} (Effect4.Machine.DeferredStore κ')
    (@Effect4.Machine.DeferredStore.cancel κ' (@Effect4.Machine.DeferredStore.map κ κ' f d) cell waiter token)
    (@Effect4.Machine.DeferredStore.map κ κ' f (@Effect4.Machine.DeferredStore.cancel κ d cell waiter token))
STATEMENT Effect4.Machine.M1.DeferredWanted.map_cellAt ∀ {κ κ' : Type} (f : κ → κ')
  (d : Effect4.Machine.DeferredStore κ) (cell : Effect4.Machine.DeferredKey),
  @Eq.{1} (Option.{0} (Effect4.Machine.DeferredCell κ'))
    (@Effect4.Machine.DeferredStore.cellAt κ' (@Effect4.Machine.DeferredStore.map κ κ' f d) cell)
    (@Option.map.{0, 0} (Effect4.Machine.DeferredCell κ) (Effect4.Machine.DeferredCell κ')
      (@Effect4.Machine.DeferredCell.map κ κ' f) (@Effect4.Machine.DeferredStore.cellAt κ d cell))
STATEMENT Effect4.Machine.M1.DeferredWanted.map_comp ∀ {κ κ' κ'' : Type} (f : κ → κ') (g : κ' → κ'')
  (d : Effect4.Machine.DeferredStore κ),
  @Eq.{1} (Effect4.Machine.DeferredStore κ'')
    (@Effect4.Machine.DeferredStore.map κ' κ'' g (@Effect4.Machine.DeferredStore.map κ κ' f d))
    (@Effect4.Machine.DeferredStore.map κ κ'' (@Function.comp.{1, 1, 1} κ κ' κ'' g f) d)
STATEMENT Effect4.Machine.M1.DeferredWanted.map_complete ∀ {κ κ' : Type} (f : κ → κ')
  (d : Effect4.Machine.DeferredStore κ) (cell : Effect4.Machine.DeferredKey) (completion : κ),
  @Eq.{1} (Prod.{0, 0} (Effect4.Machine.DeferredStore κ') Bool)
    (@Effect4.Machine.DeferredStore.complete κ' (@Effect4.Machine.DeferredStore.map κ κ' f d) cell (f completion))
    (@Prod.mk.{0, 0} (Effect4.Machine.DeferredStore κ') Bool
      (@Effect4.Machine.DeferredStore.map κ κ' f
        (@Prod.fst.{0, 0} (Effect4.Machine.DeferredStore κ) Bool
          (@Effect4.Machine.DeferredStore.complete κ d cell completion)))
      (@Prod.snd.{0, 0} (Effect4.Machine.DeferredStore κ) Bool
        (@Effect4.Machine.DeferredStore.complete κ d cell completion)))
STATEMENT Effect4.Machine.M1.DeferredWanted.map_drainDue ∀ {κ κ' : Type} (f : κ → κ')
  (d : Effect4.Machine.DeferredStore κ),
  @Eq.{1} (Prod.{0, 0} (List.{0} (Effect4.Machine.Owed.{0} κ')) (Effect4.Machine.DeferredStore κ'))
    (@Effect4.Machine.DeferredStore.drainDue κ' (@Effect4.Machine.DeferredStore.map κ κ' f d))
    (@Prod.mk.{0, 0} (List.{0} (Effect4.Machine.Owed.{0} κ')) (Effect4.Machine.DeferredStore κ')
      (@List.map.{0, 0} (Effect4.Machine.Owed.{0} κ) (Effect4.Machine.Owed.{0} κ')
        (@Effect4.Machine.Owed.mapCode.{0, 0} κ κ' f)
        (@Prod.fst.{0, 0} (List.{0} (Effect4.Machine.Owed.{0} κ)) (Effect4.Machine.DeferredStore κ)
          (@Effect4.Machine.DeferredStore.drainDue κ d)))
      (@Effect4.Machine.DeferredStore.map κ κ' f
        (@Prod.snd.{0, 0} (List.{0} (Effect4.Machine.Owed.{0} κ)) (Effect4.Machine.DeferredStore κ)
          (@Effect4.Machine.DeferredStore.drainDue κ d))))
STATEMENT Effect4.Machine.M1.DeferredWanted.map_id ∀ {κ : Type} (d : Effect4.Machine.DeferredStore κ),
  @Eq.{1} (Effect4.Machine.DeferredStore κ) (@Effect4.Machine.DeferredStore.map κ κ (@id.{1} κ) d) d
STATEMENT Effect4.Machine.M1.DeferredWanted.map_isDone ∀ {κ κ' : Type} (f : κ → κ')
  (d : Effect4.Machine.DeferredStore κ) (cell : Effect4.Machine.DeferredKey),
  @Eq.{1} (Option.{0} Bool)
    (@Effect4.Machine.DeferredStore.isDone κ' (@Effect4.Machine.DeferredStore.map κ κ' f d) cell)
    (@Effect4.Machine.DeferredStore.isDone κ d cell)
STATEMENT Effect4.Machine.M1.DeferredWanted.map_make ∀ {κ κ' : Type} (f : κ → κ') (d : Effect4.Machine.DeferredStore κ),
  @Eq.{1} (Prod.{0, 0} Effect4.Machine.DeferredKey (Effect4.Machine.DeferredStore κ'))
    (@Effect4.Machine.DeferredStore.make κ' (@Effect4.Machine.DeferredStore.map κ κ' f d))
    (@Prod.mk.{0, 0} Effect4.Machine.DeferredKey (Effect4.Machine.DeferredStore κ')
      (@Prod.fst.{0, 0} Effect4.Machine.DeferredKey (Effect4.Machine.DeferredStore κ)
        (@Effect4.Machine.DeferredStore.make κ d))
      (@Effect4.Machine.DeferredStore.map κ κ' f
        (@Prod.snd.{0, 0} Effect4.Machine.DeferredKey (Effect4.Machine.DeferredStore κ)
          (@Effect4.Machine.DeferredStore.make κ d))))
STATEMENT Effect4.Machine.M1.DeferredWanted.map_poll ∀ {κ κ' : Type} (f : κ → κ') (d : Effect4.Machine.DeferredStore κ)
  (cell : Effect4.Machine.DeferredKey),
  @Eq.{1} (Option.{0} (Option.{0} κ'))
    (@Effect4.Machine.DeferredStore.poll κ' (@Effect4.Machine.DeferredStore.map κ κ' f d) cell)
    (@Option.map.{0, 0} (Option.{0} κ) (Option.{0} κ') (@Option.map.{0, 0} κ κ' f)
      (@Effect4.Machine.DeferredStore.poll κ d cell))
STATEMENT Effect4.Machine.M1.DeferredWanted.map_register ∀ {κ κ' : Type} (f : κ → κ')
  (d : Effect4.Machine.DeferredStore κ) (cell : Effect4.Machine.DeferredKey) (waiter : Effect4.FiberId) (token : Nat),
  @Eq.{1} (Prod.{0, 0} (Effect4.Machine.DeferredStore κ') (Option.{0} κ'))
    (@Effect4.Machine.DeferredStore.register κ' (@Effect4.Machine.DeferredStore.map κ κ' f d) cell waiter token)
    (@Prod.mk.{0, 0} (Effect4.Machine.DeferredStore κ') (Option.{0} κ')
      (@Effect4.Machine.DeferredStore.map κ κ' f
        (@Prod.fst.{0, 0} (Effect4.Machine.DeferredStore κ) (Option.{0} κ)
          (@Effect4.Machine.DeferredStore.register κ d cell waiter token)))
      (@Option.map.{0, 0} κ κ' f
        (@Prod.snd.{0, 0} (Effect4.Machine.DeferredStore κ) (Option.{0} κ)
          (@Effect4.Machine.DeferredStore.register κ d cell waiter token))))
STATEMENT Effect4.Machine.M1.DeferredWanted.map_setCell ∀ {κ κ' : Type} (f : κ → κ')
  (d : Effect4.Machine.DeferredStore κ) (cell : Effect4.Machine.DeferredKey) (value : Effect4.Machine.DeferredCell κ),
  @Eq.{1} (Effect4.Machine.DeferredStore κ')
    (@Effect4.Machine.DeferredStore.setCell κ' (@Effect4.Machine.DeferredStore.map κ κ' f d) cell
      (@Effect4.Machine.DeferredCell.map κ κ' f value))
    (@Effect4.Machine.DeferredStore.map κ κ' f (@Effect4.Machine.DeferredStore.setCell κ d cell value))
STATEMENT Effect4.Machine.M1.DeferredWanted.map_wakeBatch ∀ {κ κ' : Type} (f : κ → κ')
  (d : Effect4.Machine.DeferredStore κ) (cell : Effect4.Machine.DeferredKey),
  @Eq.{1} (Effect4.Machine.DeferredStore κ')
    (@Effect4.Machine.DeferredStore.wakeBatch κ' (@Effect4.Machine.DeferredStore.map κ κ' f d) cell)
    (@Effect4.Machine.DeferredStore.map κ κ' f (@Effect4.Machine.DeferredStore.wakeBatch κ d cell))
STATEMENT Effect4.Machine.M1.DeferredWanted.memoEntry_keys ∀ (entry : Effect4.Machine.MemoEntry),
  @Membership.mem.{0, 0} Effect4.Machine.Handle (List.{0} Effect4.Machine.Handle)
    (@List.instMembership.{0} Effect4.Machine.Handle) entry.keys (Effect4.Machine.Handle.promise entry.deferred)
STATEMENT Effect4.Machine.M1.DeferredWanted.projects_cancel ∀ {κ κ' : Type} (f : κ → κ')
  (cell : Effect4.Machine.DeferredKey) (waiter : Effect4.FiberId) (token : Nat),
  @Effect4.Machine.Refinement.Projects.{0, 0, 0, 0} (Effect4.Machine.DeferredStore κ) (Effect4.Machine.DeferredStore κ')
    Unit Unit (@Effect4.Machine.DeferredStore.map κ κ' f)
    (fun x d =>
      @Option.some.{0} (Prod.{0, 0} (Effect4.Machine.DeferredStore κ) Unit)
        (@Prod.mk.{0, 0} (Effect4.Machine.DeferredStore κ) Unit
          (@Effect4.Machine.DeferredStore.cancel κ d cell waiter token) Unit.unit))
    (fun x d =>
      @Option.some.{0} (Prod.{0, 0} (Effect4.Machine.DeferredStore κ') Unit)
        (@Prod.mk.{0, 0} (Effect4.Machine.DeferredStore κ') Unit
          (@Effect4.Machine.DeferredStore.cancel κ' d cell waiter token) Unit.unit))
    fun x => True
STATEMENT Effect4.Machine.M1.DeferredWanted.projects_cellAt ∀ {κ κ' : Type} (f : κ → κ')
  (cell : Effect4.Machine.DeferredKey),
  @Effect4.Machine.Refinement.Projects.{0, 0, 0, 0} (Effect4.Machine.DeferredStore κ) (Effect4.Machine.DeferredStore κ')
    Unit (Effect4.Machine.DeferredCell κ') (@Effect4.Machine.DeferredStore.map κ κ' f)
    (fun x d =>
      @Option.map.{0, 0} (Effect4.Machine.DeferredCell κ)
        (Prod.{0, 0} (Effect4.Machine.DeferredStore κ) (Effect4.Machine.DeferredCell κ'))
        (fun c =>
          @Prod.mk.{0, 0} (Effect4.Machine.DeferredStore κ) (Effect4.Machine.DeferredCell κ') d
            (@Effect4.Machine.DeferredCell.map κ κ' f c))
        (@Effect4.Machine.DeferredStore.cellAt κ d cell))
    (fun x d =>
      @Option.map.{0, 0} (Effect4.Machine.DeferredCell κ')
        (Prod.{0, 0} (Effect4.Machine.DeferredStore κ') (Effect4.Machine.DeferredCell κ'))
        (fun c => @Prod.mk.{0, 0} (Effect4.Machine.DeferredStore κ') (Effect4.Machine.DeferredCell κ') d c)
        (@Effect4.Machine.DeferredStore.cellAt κ' d cell))
    fun x => True
STATEMENT Effect4.Machine.M1.DeferredWanted.projects_complete ∀ {κ κ' : Type} (f : κ → κ')
  (cell : Effect4.Machine.DeferredKey) (completion : κ),
  @Effect4.Machine.Refinement.Projects.{0, 0, 0, 0} (Effect4.Machine.DeferredStore κ) (Effect4.Machine.DeferredStore κ')
    Unit Bool (@Effect4.Machine.DeferredStore.map κ κ' f)
    (fun x d =>
      @Option.some.{0} (Prod.{0, 0} (Effect4.Machine.DeferredStore κ) Bool)
        (@Effect4.Machine.DeferredStore.complete κ d cell completion))
    (fun x d =>
      @Option.some.{0} (Prod.{0, 0} (Effect4.Machine.DeferredStore κ') Bool)
        (@Effect4.Machine.DeferredStore.complete κ' d cell (f completion)))
    fun x => True
STATEMENT Effect4.Machine.M1.DeferredWanted.projects_drainDue ∀ {κ κ' : Type} (f : κ → κ'),
  @Effect4.Machine.Refinement.Projects.{0, 0, 0, 0} (Effect4.Machine.DeferredStore κ) (Effect4.Machine.DeferredStore κ')
    Unit (List.{0} (Effect4.Machine.Owed.{0} κ')) (@Effect4.Machine.DeferredStore.map κ κ' f)
    (fun x d =>
      @Option.some.{0} (Prod.{0, 0} (Effect4.Machine.DeferredStore κ) (List.{0} (Effect4.Machine.Owed.{0} κ')))
        (@Prod.mk.{0, 0} (Effect4.Machine.DeferredStore κ) (List.{0} (Effect4.Machine.Owed.{0} κ'))
          (@Prod.snd.{0, 0} (List.{0} (Effect4.Machine.Owed.{0} κ)) (Effect4.Machine.DeferredStore κ)
            (@Effect4.Machine.DeferredStore.drainDue κ d))
          (@List.map.{0, 0} (Effect4.Machine.Owed.{0} κ) (Effect4.Machine.Owed.{0} κ')
            (@Effect4.Machine.Owed.mapCode.{0, 0} κ κ' f)
            (@Prod.fst.{0, 0} (List.{0} (Effect4.Machine.Owed.{0} κ)) (Effect4.Machine.DeferredStore κ)
              (@Effect4.Machine.DeferredStore.drainDue κ d)))))
    (fun x d =>
      @Option.some.{0} (Prod.{0, 0} (Effect4.Machine.DeferredStore κ') (List.{0} (Effect4.Machine.Owed.{0} κ')))
        (@Prod.mk.{0, 0} (Effect4.Machine.DeferredStore κ') (List.{0} (Effect4.Machine.Owed.{0} κ'))
          (@Prod.snd.{0, 0} (List.{0} (Effect4.Machine.Owed.{0} κ')) (Effect4.Machine.DeferredStore κ')
            (@Effect4.Machine.DeferredStore.drainDue κ' d))
          (@Prod.fst.{0, 0} (List.{0} (Effect4.Machine.Owed.{0} κ')) (Effect4.Machine.DeferredStore κ')
            (@Effect4.Machine.DeferredStore.drainDue κ' d))))
    fun x => True
STATEMENT Effect4.Machine.M1.DeferredWanted.projects_isDone ∀ {κ κ' : Type} (f : κ → κ')
  (cell : Effect4.Machine.DeferredKey),
  @Effect4.Machine.Refinement.Projects.{0, 0, 0, 0} (Effect4.Machine.DeferredStore κ) (Effect4.Machine.DeferredStore κ')
    Unit Bool (@Effect4.Machine.DeferredStore.map κ κ' f)
    (fun x d =>
      @Option.map.{0, 0} Bool (Prod.{0, 0} (Effect4.Machine.DeferredStore κ) Bool)
        (fun done => @Prod.mk.{0, 0} (Effect4.Machine.DeferredStore κ) Bool d done)
        (@Effect4.Machine.DeferredStore.isDone κ d cell))
    (fun x d =>
      @Option.map.{0, 0} Bool (Prod.{0, 0} (Effect4.Machine.DeferredStore κ') Bool)
        (fun done => @Prod.mk.{0, 0} (Effect4.Machine.DeferredStore κ') Bool d done)
        (@Effect4.Machine.DeferredStore.isDone κ' d cell))
    fun x => True
STATEMENT Effect4.Machine.M1.DeferredWanted.projects_make ∀ {κ κ' : Type} (f : κ → κ'),
  @Effect4.Machine.Refinement.Projects.{0, 0, 0, 0} (Effect4.Machine.DeferredStore κ) (Effect4.Machine.DeferredStore κ')
    Unit Effect4.Machine.DeferredKey (@Effect4.Machine.DeferredStore.map κ κ' f)
    (fun x d =>
      @Option.some.{0} (Prod.{0, 0} (Effect4.Machine.DeferredStore κ) Effect4.Machine.DeferredKey)
        (@Prod.mk.{0, 0} (Effect4.Machine.DeferredStore κ) Effect4.Machine.DeferredKey
          (@Prod.snd.{0, 0} Effect4.Machine.DeferredKey (Effect4.Machine.DeferredStore κ)
            (@Effect4.Machine.DeferredStore.make κ d))
          (@Prod.fst.{0, 0} Effect4.Machine.DeferredKey (Effect4.Machine.DeferredStore κ)
            (@Effect4.Machine.DeferredStore.make κ d))))
    (fun x d =>
      @Option.some.{0} (Prod.{0, 0} (Effect4.Machine.DeferredStore κ') Effect4.Machine.DeferredKey)
        (@Prod.mk.{0, 0} (Effect4.Machine.DeferredStore κ') Effect4.Machine.DeferredKey
          (@Prod.snd.{0, 0} Effect4.Machine.DeferredKey (Effect4.Machine.DeferredStore κ')
            (@Effect4.Machine.DeferredStore.make κ' d))
          (@Prod.fst.{0, 0} Effect4.Machine.DeferredKey (Effect4.Machine.DeferredStore κ')
            (@Effect4.Machine.DeferredStore.make κ' d))))
    fun x => True
STATEMENT Effect4.Machine.M1.DeferredWanted.projects_poll ∀ {κ κ' : Type} (f : κ → κ')
  (cell : Effect4.Machine.DeferredKey),
  @Effect4.Machine.Refinement.Projects.{0, 0, 0, 0} (Effect4.Machine.DeferredStore κ) (Effect4.Machine.DeferredStore κ')
    Unit (Option.{0} κ') (@Effect4.Machine.DeferredStore.map κ κ' f)
    (fun x d =>
      @Option.map.{0, 0} (Option.{0} κ) (Prod.{0, 0} (Effect4.Machine.DeferredStore κ) (Option.{0} κ'))
        (fun c => @Prod.mk.{0, 0} (Effect4.Machine.DeferredStore κ) (Option.{0} κ') d (@Option.map.{0, 0} κ κ' f c))
        (@Effect4.Machine.DeferredStore.poll κ d cell))
    (fun x d =>
      @Option.map.{0, 0} (Option.{0} κ') (Prod.{0, 0} (Effect4.Machine.DeferredStore κ') (Option.{0} κ'))
        (fun c => @Prod.mk.{0, 0} (Effect4.Machine.DeferredStore κ') (Option.{0} κ') d c)
        (@Effect4.Machine.DeferredStore.poll κ' d cell))
    fun x => True
STATEMENT Effect4.Machine.M1.DeferredWanted.projects_register ∀ {κ κ' : Type} (f : κ → κ')
  (cell : Effect4.Machine.DeferredKey) (waiter : Effect4.FiberId) (token : Nat),
  @Effect4.Machine.Refinement.Projects.{0, 0, 0, 0} (Effect4.Machine.DeferredStore κ) (Effect4.Machine.DeferredStore κ')
    Unit (Option.{0} κ') (@Effect4.Machine.DeferredStore.map κ κ' f)
    (fun x d =>
      @Option.some.{0} (Prod.{0, 0} (Effect4.Machine.DeferredStore κ) (Option.{0} κ'))
        (@Prod.mk.{0, 0} (Effect4.Machine.DeferredStore κ) (Option.{0} κ')
          (@Prod.fst.{0, 0} (Effect4.Machine.DeferredStore κ) (Option.{0} κ)
            (@Effect4.Machine.DeferredStore.register κ d cell waiter token))
          (@Option.map.{0, 0} κ κ' f
            (@Prod.snd.{0, 0} (Effect4.Machine.DeferredStore κ) (Option.{0} κ)
              (@Effect4.Machine.DeferredStore.register κ d cell waiter token)))))
    (fun x d =>
      @Option.some.{0} (Prod.{0, 0} (Effect4.Machine.DeferredStore κ') (Option.{0} κ'))
        (@Effect4.Machine.DeferredStore.register κ' d cell waiter token))
    fun x => True
STATEMENT Effect4.Machine.M1.DeferredWanted.projects_setCell ∀ {κ κ' : Type} (f : κ → κ')
  (cell : Effect4.Machine.DeferredKey) (value : Effect4.Machine.DeferredCell κ),
  @Effect4.Machine.Refinement.Projects.{0, 0, 0, 0} (Effect4.Machine.DeferredStore κ) (Effect4.Machine.DeferredStore κ')
    Unit Unit (@Effect4.Machine.DeferredStore.map κ κ' f)
    (fun x d =>
      @Option.some.{0} (Prod.{0, 0} (Effect4.Machine.DeferredStore κ) Unit)
        (@Prod.mk.{0, 0} (Effect4.Machine.DeferredStore κ) Unit (@Effect4.Machine.DeferredStore.setCell κ d cell value)
          Unit.unit))
    (fun x d =>
      @Option.some.{0} (Prod.{0, 0} (Effect4.Machine.DeferredStore κ') Unit)
        (@Prod.mk.{0, 0} (Effect4.Machine.DeferredStore κ') Unit
          (@Effect4.Machine.DeferredStore.setCell κ' d cell (@Effect4.Machine.DeferredCell.map κ κ' f value))
          Unit.unit))
    fun x => True
STATEMENT Effect4.Machine.M1.DeferredWanted.projects_wakeBatch ∀ {κ κ' : Type} (f : κ → κ')
  (cell : Effect4.Machine.DeferredKey),
  @Effect4.Machine.Refinement.Projects.{0, 0, 0, 0} (Effect4.Machine.DeferredStore κ) (Effect4.Machine.DeferredStore κ')
    Unit Unit (@Effect4.Machine.DeferredStore.map κ κ' f)
    (fun x d =>
      @Option.some.{0} (Prod.{0, 0} (Effect4.Machine.DeferredStore κ) Unit)
        (@Prod.mk.{0, 0} (Effect4.Machine.DeferredStore κ) Unit (@Effect4.Machine.DeferredStore.wakeBatch κ d cell)
          Unit.unit))
    (fun x d =>
      @Option.some.{0} (Prod.{0, 0} (Effect4.Machine.DeferredStore κ') Unit)
        (@Prod.mk.{0, 0} (Effect4.Machine.DeferredStore κ') Unit (@Effect4.Machine.DeferredStore.wakeBatch κ' d cell)
          Unit.unit))
    fun x => True
STATEMENT Effect4.Machine.M1.Handles.cellAt_keys_subset ∀
  {self :
    Effect4.Machine.DeferredStore
      (Effect4.Machine.Completion.{0, 0} Effect4.Machine.Val Effect4.Machine.Err Effect4.Machine.Defect Effect4.FiberId
        Effect4.Machine.Ann)}
  {cell : Effect4.Machine.DeferredKey}
  {c :
    Effect4.Machine.DeferredCell
      (Effect4.Machine.Completion.{0, 0} Effect4.Machine.Val Effect4.Machine.Err Effect4.Machine.Defect Effect4.FiberId
        Effect4.Machine.Ann)},
  @Eq.{1}
      (Option.{0}
        (Effect4.Machine.DeferredCell
          (Effect4.Machine.Completion.{0, 0} Effect4.Machine.Val Effect4.Machine.Err Effect4.Machine.Defect
            Effect4.FiberId Effect4.Machine.Ann)))
      (@Effect4.Machine.DeferredStore.cellAt
        (Effect4.Machine.Completion.{0, 0} Effect4.Machine.Val Effect4.Machine.Err Effect4.Machine.Defect
          Effect4.FiberId Effect4.Machine.Ann)
        self cell)
      (@Option.some.{0}
        (Effect4.Machine.DeferredCell
          (Effect4.Machine.Completion.{0, 0} Effect4.Machine.Val Effect4.Machine.Err Effect4.Machine.Defect
            Effect4.FiberId Effect4.Machine.Ann))
        c) →
    @HasSubset.Subset.{0} (List.{0} Effect4.Machine.Handle) (@List.instHasSubset.{0} Effect4.Machine.Handle) c.keys
      self.keys
STATEMENT Effect4.Machine.M1.Handles.complete_keys ∀
  (self :
    Effect4.Machine.DeferredStore
      (Effect4.Machine.Completion.{0, 0} Effect4.Machine.Val Effect4.Machine.Err Effect4.Machine.Defect Effect4.FiberId
        Effect4.Machine.Ann))
  (cell : Effect4.Machine.DeferredKey)
  (e :
    Effect4.Machine.Completion.{0, 0} Effect4.Machine.Val Effect4.Machine.Err Effect4.Machine.Defect Effect4.FiberId
      Effect4.Machine.Ann),
  And
    (@HasSubset.Subset.{0} (List.{0} Effect4.Machine.Handle) (@List.instHasSubset.{0} Effect4.Machine.Handle)
      (@Prod.fst.{0, 0}
          (Effect4.Machine.DeferredStore
            (Effect4.Machine.Completion.{0, 0} Effect4.Machine.Val Effect4.Machine.Err Effect4.Machine.Defect
              Effect4.FiberId Effect4.Machine.Ann))
          Bool
          (@Effect4.Machine.DeferredStore.complete
            (Effect4.Machine.Completion.{0, 0} Effect4.Machine.Val Effect4.Machine.Err Effect4.Machine.Defect
              Effect4.FiberId Effect4.Machine.Ann)
            self cell e)).keys
      (@HAppend.hAppend.{0, 0, 0} (List.{0} Effect4.Machine.Handle) (List.{0} Effect4.Machine.Handle)
        (List.{0} Effect4.Machine.Handle)
        (@instHAppendOfAppend.{0} (List.{0} Effect4.Machine.Handle) (@List.instAppend.{0} Effect4.Machine.Handle))
        self.keys e.keys))
    (@LE.le.{0} Nat instLENat
      (@List.length.{0}
        (Effect4.Machine.DeferredCell
          (Effect4.Machine.Completion.{0, 0} Effect4.Machine.Val Effect4.Machine.Err Effect4.Machine.Defect
            Effect4.FiberId Effect4.Machine.Ann))
        (@Effect4.Machine.DeferredStore.cells
          (Effect4.Machine.Completion.{0, 0} Effect4.Machine.Val Effect4.Machine.Err Effect4.Machine.Defect
            Effect4.FiberId Effect4.Machine.Ann)
          self))
      (@List.length.{0}
        (Effect4.Machine.DeferredCell
          (Effect4.Machine.Completion.{0, 0} Effect4.Machine.Val Effect4.Machine.Err Effect4.Machine.Defect
            Effect4.FiberId Effect4.Machine.Ann))
        (@Effect4.Machine.DeferredStore.cells
          (Effect4.Machine.Completion.{0, 0} Effect4.Machine.Val Effect4.Machine.Err Effect4.Machine.Defect
            Effect4.FiberId Effect4.Machine.Ann)
          (@Prod.fst.{0, 0}
            (Effect4.Machine.DeferredStore
              (Effect4.Machine.Completion.{0, 0} Effect4.Machine.Val Effect4.Machine.Err Effect4.Machine.Defect
                Effect4.FiberId Effect4.Machine.Ann))
            Bool
            (@Effect4.Machine.DeferredStore.complete
              (Effect4.Machine.Completion.{0, 0} Effect4.Machine.Val Effect4.Machine.Err Effect4.Machine.Defect
                Effect4.FiberId Effect4.Machine.Ann)
              self cell e)))))
STATEMENT Effect4.Machine.M1.Handles.drainDue_keys ∀
  (self :
    Effect4.Machine.DeferredStore
      (Effect4.Machine.Completion.{0, 0} Effect4.Machine.Val Effect4.Machine.Err Effect4.Machine.Defect Effect4.FiberId
        Effect4.Machine.Ann)),
  And
    (@HasSubset.Subset.{0} (List.{0} Effect4.Machine.Handle) (@List.instHasSubset.{0} Effect4.Machine.Handle)
      (@Prod.snd.{0, 0}
          (List.{0}
            (Effect4.Machine.Owed.{0}
              (Effect4.Machine.Completion.{0, 0} Effect4.Machine.Val Effect4.Machine.Err Effect4.Machine.Defect
                Effect4.FiberId Effect4.Machine.Ann)))
          (Effect4.Machine.DeferredStore
            (Effect4.Machine.Completion.{0, 0} Effect4.Machine.Val Effect4.Machine.Err Effect4.Machine.Defect
              Effect4.FiberId Effect4.Machine.Ann))
          (@Effect4.Machine.DeferredStore.drainDue
            (Effect4.Machine.Completion.{0, 0} Effect4.Machine.Val Effect4.Machine.Err Effect4.Machine.Defect
              Effect4.FiberId Effect4.Machine.Ann)
            self)).keys
      self.keys)
    (@HasSubset.Subset.{0} (List.{0} Effect4.Machine.Handle) (@List.instHasSubset.{0} Effect4.Machine.Handle)
      (@List.flatMap.{0, 0}
        (Effect4.Machine.Owed.{0}
          (Effect4.Machine.Completion.{0, 0} Effect4.Machine.Val Effect4.Machine.Err Effect4.Machine.Defect
            Effect4.FiberId Effect4.Machine.Ann))
        Effect4.Machine.Handle
        (@Effect4.Machine.Owed.keys
          (Effect4.Machine.Completion.{0, 0} Effect4.Machine.Val Effect4.Machine.Err Effect4.Machine.Defect
            Effect4.FiberId Effect4.Machine.Ann)
          Effect4.Machine.Completion.keys)
        (@Prod.fst.{0, 0}
          (List.{0}
            (Effect4.Machine.Owed.{0}
              (Effect4.Machine.Completion.{0, 0} Effect4.Machine.Val Effect4.Machine.Err Effect4.Machine.Defect
                Effect4.FiberId Effect4.Machine.Ann)))
          (Effect4.Machine.DeferredStore
            (Effect4.Machine.Completion.{0, 0} Effect4.Machine.Val Effect4.Machine.Err Effect4.Machine.Defect
              Effect4.FiberId Effect4.Machine.Ann))
          (@Effect4.Machine.DeferredStore.drainDue
            (Effect4.Machine.Completion.{0, 0} Effect4.Machine.Val Effect4.Machine.Err Effect4.Machine.Defect
              Effect4.FiberId Effect4.Machine.Ann)
            self)))
      self.keys)
STATEMENT Effect4.Machine.M1.Handles.flatMap_resumes_const ∀ (ws : List.{0} (Effect4.Machine.Waiter.{0} Unit))
  (e :
    Effect4.Machine.Completion.{0, 0} Effect4.Machine.Val Effect4.Machine.Err Effect4.Machine.Defect Effect4.FiberId
      Effect4.Machine.Ann),
  @HasSubset.Subset.{0} (List.{0} Effect4.Machine.Handle) (@List.instHasSubset.{0} Effect4.Machine.Handle)
    (@List.flatMap.{0, 0}
      (Effect4.Machine.Owed.{0}
        (Effect4.Machine.Completion.{0, 0} Effect4.Machine.Val Effect4.Machine.Err Effect4.Machine.Defect
          Effect4.FiberId Effect4.Machine.Ann))
      Effect4.Machine.Handle
      (@Effect4.Machine.Owed.keys
        (Effect4.Machine.Completion.{0, 0} Effect4.Machine.Val Effect4.Machine.Err Effect4.Machine.Defect
          Effect4.FiberId Effect4.Machine.Ann)
        Effect4.Machine.Completion.keys)
      (@List.map.{0, 0} (Effect4.Machine.Waiter.{0} Unit)
        (Effect4.Machine.Owed.{0}
          (Effect4.Machine.Completion.{0, 0} Effect4.Machine.Val Effect4.Machine.Err Effect4.Machine.Defect
            Effect4.FiberId Effect4.Machine.Ann))
        (fun w =>
          @Effect4.Machine.Owed.mk.{0}
            (Effect4.Machine.Completion.{0, 0} Effect4.Machine.Val Effect4.Machine.Err Effect4.Machine.Defect
              Effect4.FiberId Effect4.Machine.Ann)
            (@Effect4.Machine.Waiter.fiber.{0} Unit w) (@Effect4.Machine.Waiter.token.{0} Unit w) e
            Effect4.Machine.WakeMode.now)
        ws))
    e.keys
STATEMENT Effect4.Machine.M1.Handles.owed_flatMap_mapCode_keys_subset ∀ {κ κ' : Type} (f : κ → κ')
  (sourceKeys : κ → List.{0} Effect4.Machine.Handle) (targetKeys : κ' → List.{0} Effect4.Machine.Handle),
  (∀ (c : κ),
      @HasSubset.Subset.{0} (List.{0} Effect4.Machine.Handle) (@List.instHasSubset.{0} Effect4.Machine.Handle)
        (targetKeys (f c)) (sourceKeys c)) →
    ∀ (ds : List.{0} (Effect4.Machine.Owed.{0} κ)),
      @HasSubset.Subset.{0} (List.{0} Effect4.Machine.Handle) (@List.instHasSubset.{0} Effect4.Machine.Handle)
        (@List.flatMap.{0, 0} (Effect4.Machine.Owed.{0} κ') Effect4.Machine.Handle
          (@Effect4.Machine.Owed.keys κ' targetKeys)
          (@List.map.{0, 0} (Effect4.Machine.Owed.{0} κ) (Effect4.Machine.Owed.{0} κ')
            (@Effect4.Machine.Owed.mapCode.{0, 0} κ κ' f) ds))
        (@List.flatMap.{0, 0} (Effect4.Machine.Owed.{0} κ) Effect4.Machine.Handle
          (@Effect4.Machine.Owed.keys κ sourceKeys) ds)
STATEMENT Effect4.Machine.M1.Handles.owed_mapCode_keys_subset ∀ {κ κ' : Type} (f : κ → κ')
  (sourceKeys : κ → List.{0} Effect4.Machine.Handle) (targetKeys : κ' → List.{0} Effect4.Machine.Handle),
  (∀ (c : κ),
      @HasSubset.Subset.{0} (List.{0} Effect4.Machine.Handle) (@List.instHasSubset.{0} Effect4.Machine.Handle)
        (targetKeys (f c)) (sourceKeys c)) →
    ∀ (d : Effect4.Machine.Owed.{0} κ),
      @HasSubset.Subset.{0} (List.{0} Effect4.Machine.Handle) (@List.instHasSubset.{0} Effect4.Machine.Handle)
        (@Effect4.Machine.Owed.keys κ' targetKeys (@Effect4.Machine.Owed.mapCode.{0, 0} κ κ' f d))
        (@Effect4.Machine.Owed.keys κ sourceKeys d)
STATEMENT Effect4.Machine.M1.Handles.register_keys ∀
  (self :
    Effect4.Machine.DeferredStore
      (Effect4.Machine.Completion.{0, 0} Effect4.Machine.Val Effect4.Machine.Err Effect4.Machine.Defect Effect4.FiberId
        Effect4.Machine.Ann))
  (cell : Effect4.Machine.DeferredKey) (waiter : Effect4.FiberId) (token : Nat),
  And
    (@HasSubset.Subset.{0} (List.{0} Effect4.Machine.Handle) (@List.instHasSubset.{0} Effect4.Machine.Handle)
      (@Prod.fst.{0, 0}
          (Effect4.Machine.DeferredStore
            (Effect4.Machine.Completion.{0, 0} Effect4.Machine.Val Effect4.Machine.Err Effect4.Machine.Defect
              Effect4.FiberId Effect4.Machine.Ann))
          (Option.{0}
            (Effect4.Machine.Completion.{0, 0} Effect4.Machine.Val Effect4.Machine.Err Effect4.Machine.Defect
              Effect4.FiberId Effect4.Machine.Ann))
          (@Effect4.Machine.DeferredStore.register
            (Effect4.Machine.Completion.{0, 0} Effect4.Machine.Val Effect4.Machine.Err Effect4.Machine.Defect
              Effect4.FiberId Effect4.Machine.Ann)
            self cell waiter token)).keys
      self.keys)
    (And
      (∀
        (p :
          Effect4.Machine.Completion.{0, 0} Effect4.Machine.Val Effect4.Machine.Err Effect4.Machine.Defect
            Effect4.FiberId Effect4.Machine.Ann),
        @Eq.{1}
            (Option.{0}
              (Effect4.Machine.Completion.{0, 0} Effect4.Machine.Val Effect4.Machine.Err Effect4.Machine.Defect
                Effect4.FiberId Effect4.Machine.Ann))
            (@Prod.snd.{0, 0}
              (Effect4.Machine.DeferredStore
                (Effect4.Machine.Completion.{0, 0} Effect4.Machine.Val Effect4.Machine.Err Effect4.Machine.Defect
                  Effect4.FiberId Effect4.Machine.Ann))
              (Option.{0}
                (Effect4.Machine.Completion.{0, 0} Effect4.Machine.Val Effect4.Machine.Err Effect4.Machine.Defect
                  Effect4.FiberId Effect4.Machine.Ann))
              (@Effect4.Machine.DeferredStore.register
                (Effect4.Machine.Completion.{0, 0} Effect4.Machine.Val Effect4.Machine.Err Effect4.Machine.Defect
                  Effect4.FiberId Effect4.Machine.Ann)
                self cell waiter token))
            (@Option.some.{0}
              (Effect4.Machine.Completion.{0, 0} Effect4.Machine.Val Effect4.Machine.Err Effect4.Machine.Defect
                Effect4.FiberId Effect4.Machine.Ann)
              p) →
          @HasSubset.Subset.{0} (List.{0} Effect4.Machine.Handle) (@List.instHasSubset.{0} Effect4.Machine.Handle)
            p.keys self.keys)
      (@LE.le.{0} Nat instLENat
        (@List.length.{0}
          (Effect4.Machine.DeferredCell
            (Effect4.Machine.Completion.{0, 0} Effect4.Machine.Val Effect4.Machine.Err Effect4.Machine.Defect
              Effect4.FiberId Effect4.Machine.Ann))
          (@Effect4.Machine.DeferredStore.cells
            (Effect4.Machine.Completion.{0, 0} Effect4.Machine.Val Effect4.Machine.Err Effect4.Machine.Defect
              Effect4.FiberId Effect4.Machine.Ann)
            self))
        (@List.length.{0}
          (Effect4.Machine.DeferredCell
            (Effect4.Machine.Completion.{0, 0} Effect4.Machine.Val Effect4.Machine.Err Effect4.Machine.Defect
              Effect4.FiberId Effect4.Machine.Ann))
          (@Effect4.Machine.DeferredStore.cells
            (Effect4.Machine.Completion.{0, 0} Effect4.Machine.Val Effect4.Machine.Err Effect4.Machine.Defect
              Effect4.FiberId Effect4.Machine.Ann)
            (@Prod.fst.{0, 0}
              (Effect4.Machine.DeferredStore
                (Effect4.Machine.Completion.{0, 0} Effect4.Machine.Val Effect4.Machine.Err Effect4.Machine.Defect
                  Effect4.FiberId Effect4.Machine.Ann))
              (Option.{0}
                (Effect4.Machine.Completion.{0, 0} Effect4.Machine.Val Effect4.Machine.Err Effect4.Machine.Defect
                  Effect4.FiberId Effect4.Machine.Ann))
              (@Effect4.Machine.DeferredStore.register
                (Effect4.Machine.Completion.{0, 0} Effect4.Machine.Val Effect4.Machine.Err Effect4.Machine.Defect
                  Effect4.FiberId Effect4.Machine.Ann)
                self cell waiter token))))))
STATEMENT Effect4.Machine.M1.Handles.setCell_appendDue_keys ∀
  (self :
    Effect4.Machine.DeferredStore
      (Effect4.Machine.Completion.{0, 0} Effect4.Machine.Val Effect4.Machine.Err Effect4.Machine.Defect Effect4.FiberId
        Effect4.Machine.Ann))
  (cell : Effect4.Machine.DeferredKey)
  (c :
    Effect4.Machine.DeferredCell
      (Effect4.Machine.Completion.{0, 0} Effect4.Machine.Val Effect4.Machine.Err Effect4.Machine.Defect Effect4.FiberId
        Effect4.Machine.Ann))
  (due :
    List.{0}
      (Effect4.Machine.Owed.{0}
        (Effect4.Machine.Completion.{0, 0} Effect4.Machine.Val Effect4.Machine.Err Effect4.Machine.Defect
          Effect4.FiberId Effect4.Machine.Ann)))
  (extra : List.{0} Effect4.Machine.Handle),
  @HasSubset.Subset.{0} (List.{0} Effect4.Machine.Handle) (@List.instHasSubset.{0} Effect4.Machine.Handle) c.keys
      extra →
    @HasSubset.Subset.{0} (List.{0} Effect4.Machine.Handle) (@List.instHasSubset.{0} Effect4.Machine.Handle)
        (@List.flatMap.{0, 0}
          (Effect4.Machine.Owed.{0}
            (Effect4.Machine.Completion.{0, 0} Effect4.Machine.Val Effect4.Machine.Err Effect4.Machine.Defect
              Effect4.FiberId Effect4.Machine.Ann))
          Effect4.Machine.Handle
          (@Effect4.Machine.Owed.keys
            (Effect4.Machine.Completion.{0, 0} Effect4.Machine.Val Effect4.Machine.Err Effect4.Machine.Defect
              Effect4.FiberId Effect4.Machine.Ann)
            Effect4.Machine.Completion.keys)
          due)
        extra →
      @HasSubset.Subset.{0} (List.{0} Effect4.Machine.Handle) (@List.instHasSubset.{0} Effect4.Machine.Handle)
        (have __src :=
            @Effect4.Machine.DeferredStore.setCell
              (Effect4.Machine.Completion.{0, 0} Effect4.Machine.Val Effect4.Machine.Err Effect4.Machine.Defect
                Effect4.FiberId Effect4.Machine.Ann)
              self cell c;
          @Effect4.Machine.DeferredStore.mk
            (Effect4.Machine.Completion.{0, 0} Effect4.Machine.Val Effect4.Machine.Err Effect4.Machine.Defect
              Effect4.FiberId Effect4.Machine.Ann)
            (@Effect4.Machine.DeferredStore.cells
              (Effect4.Machine.Completion.{0, 0} Effect4.Machine.Val Effect4.Machine.Err Effect4.Machine.Defect
                Effect4.FiberId Effect4.Machine.Ann)
              __src)
            (@HAppend.hAppend.{0, 0, 0}
              (List.{0}
                (Effect4.Machine.Owed.{0}
                  (Effect4.Machine.Completion.{0, 0} Effect4.Machine.Val Effect4.Machine.Err Effect4.Machine.Defect
                    Effect4.FiberId Effect4.Machine.Ann)))
              (List.{0}
                (Effect4.Machine.Owed.{0}
                  (Effect4.Machine.Completion.{0, 0} Effect4.Machine.Val Effect4.Machine.Err Effect4.Machine.Defect
                    Effect4.FiberId Effect4.Machine.Ann)))
              (List.{0}
                (Effect4.Machine.Owed.{0}
                  (Effect4.Machine.Completion.{0, 0} Effect4.Machine.Val Effect4.Machine.Err Effect4.Machine.Defect
                    Effect4.FiberId Effect4.Machine.Ann)))
              (@instHAppendOfAppend.{0}
                (List.{0}
                  (Effect4.Machine.Owed.{0}
                    (Effect4.Machine.Completion.{0, 0} Effect4.Machine.Val Effect4.Machine.Err Effect4.Machine.Defect
                      Effect4.FiberId Effect4.Machine.Ann)))
                (@List.instAppend.{0}
                  (Effect4.Machine.Owed.{0}
                    (Effect4.Machine.Completion.{0, 0} Effect4.Machine.Val Effect4.Machine.Err Effect4.Machine.Defect
                      Effect4.FiberId Effect4.Machine.Ann))))
              (@Effect4.Machine.DeferredStore.due
                (Effect4.Machine.Completion.{0, 0} Effect4.Machine.Val Effect4.Machine.Err Effect4.Machine.Defect
                  Effect4.FiberId Effect4.Machine.Ann)
                self)
              due)).keys
        (@HAppend.hAppend.{0, 0, 0} (List.{0} Effect4.Machine.Handle) (List.{0} Effect4.Machine.Handle)
          (List.{0} Effect4.Machine.Handle)
          (@instHAppendOfAppend.{0} (List.{0} Effect4.Machine.Handle) (@List.instAppend.{0} Effect4.Machine.Handle))
          self.keys extra)
STATEMENT Effect4.Machine.M1.Handles.setCell_keys_of_subset ∀
  (self :
    Effect4.Machine.DeferredStore
      (Effect4.Machine.Completion.{0, 0} Effect4.Machine.Val Effect4.Machine.Err Effect4.Machine.Defect Effect4.FiberId
        Effect4.Machine.Ann))
  (cell : Effect4.Machine.DeferredKey)
  (c :
    Effect4.Machine.DeferredCell
      (Effect4.Machine.Completion.{0, 0} Effect4.Machine.Val Effect4.Machine.Err Effect4.Machine.Defect Effect4.FiberId
        Effect4.Machine.Ann)),
  @HasSubset.Subset.{0} (List.{0} Effect4.Machine.Handle) (@List.instHasSubset.{0} Effect4.Machine.Handle) c.keys
      self.keys →
    @HasSubset.Subset.{0} (List.{0} Effect4.Machine.Handle) (@List.instHasSubset.{0} Effect4.Machine.Handle)
      (@Effect4.Machine.DeferredStore.setCell
          (Effect4.Machine.Completion.{0, 0} Effect4.Machine.Val Effect4.Machine.Err Effect4.Machine.Defect
            Effect4.FiberId Effect4.Machine.Ann)
          self cell c).keys
      self.keys
STATEMENT Effect4.Machine.M1.OwedMapWanted.code ∀ {κ : Type u} {κ' : Type v} (f : κ → κ')
  (d : Effect4.Machine.Owed.{u} κ),
  @Eq.{v + 1} κ' (@Effect4.Machine.Owed.code.{v} κ' (@Effect4.Machine.Owed.mapCode.{u, v} κ κ' f d))
    (f (@Effect4.Machine.Owed.code.{u} κ d))
STATEMENT Effect4.Machine.M1.OwedMapWanted.comp ∀ {κ : Type u} {κ' : Type v} {κ'' : Type w} (f : κ → κ') (g : κ' → κ'')
  (d : Effect4.Machine.Owed.{u} κ),
  @Eq.{w + 1} (Effect4.Machine.Owed.{w} κ'')
    (@Effect4.Machine.Owed.mapCode.{v, w} κ' κ'' g (@Effect4.Machine.Owed.mapCode.{u, v} κ κ' f d))
    (@Effect4.Machine.Owed.mapCode.{u, w} κ κ'' (@Function.comp.{u + 1, v + 1, w + 1} κ κ' κ'' g f) d)
STATEMENT Effect4.Machine.M1.OwedMapWanted.id ∀ {κ : Type u} (d : Effect4.Machine.Owed.{u} κ),
  @Eq.{u + 1} (Effect4.Machine.Owed.{u} κ) (@Effect4.Machine.Owed.mapCode.{u, u} κ κ (@id.{u + 1} κ) d) d
STATEMENT Effect4.Machine.M1.OwedMapWanted.id_fun ∀ {κ : Type u},
  @Eq.{u + 1} (Effect4.Machine.Owed.{u} κ → Effect4.Machine.Owed.{u} κ)
    (@Effect4.Machine.Owed.mapCode.{u, u} κ κ (@id.{u + 1} κ)) (@id.{u + 1} (Effect4.Machine.Owed.{u} κ))
STATEMENT Effect4.Machine.M1.RefKernelSupport.toList_writeBackA ∀ {σ : Type}
  [inst : Effect4.Machine.Arena σ Effect4.Machine.Val]
  [inst_1 : @Effect4.Machine.LawfulArena σ Effect4.Machine.Val inst] (s : σ) (cell : Effect4.Machine.RefKey)
  (next : Option.{0} Effect4.Machine.Val),
  @Eq.{1} (List.{0} Effect4.Machine.Val)
    (@Effect4.Machine.Arena.toList σ Effect4.Machine.Val inst inst_1
      (@Effect4.Machine.writeBackA σ Effect4.Machine.Val inst s cell next))
    (Effect4.Machine.refWriteBack (@Effect4.Machine.Arena.toList σ Effect4.Machine.Val inst inst_1 s) cell next)
STATEMENT Effect4.Machine.M1.StoresLaws.DeferredStore.complete_cells_length ∀
  (self :
    Effect4.Machine.DeferredStore
      (Effect4.Machine.Completion.{0, 0} Effect4.Machine.Val Effect4.Machine.Err Effect4.Machine.Defect Effect4.FiberId
        Effect4.Machine.Ann))
  (cell : Effect4.Machine.DeferredKey)
  (e :
    Effect4.Machine.Completion.{0, 0} Effect4.Machine.Val Effect4.Machine.Err Effect4.Machine.Defect Effect4.FiberId
      Effect4.Machine.Ann),
  @Eq.{1} Nat
    (@List.length.{0}
      (Effect4.Machine.DeferredCell
        (Effect4.Machine.Completion.{0, 0} Effect4.Machine.Val Effect4.Machine.Err Effect4.Machine.Defect
          Effect4.FiberId Effect4.Machine.Ann))
      (@Effect4.Machine.DeferredStore.cells
        (Effect4.Machine.Completion.{0, 0} Effect4.Machine.Val Effect4.Machine.Err Effect4.Machine.Defect
          Effect4.FiberId Effect4.Machine.Ann)
        (@Prod.fst.{0, 0}
          (Effect4.Machine.DeferredStore
            (Effect4.Machine.Completion.{0, 0} Effect4.Machine.Val Effect4.Machine.Err Effect4.Machine.Defect
              Effect4.FiberId Effect4.Machine.Ann))
          Bool
          (@Effect4.Machine.DeferredStore.complete
            (Effect4.Machine.Completion.{0, 0} Effect4.Machine.Val Effect4.Machine.Err Effect4.Machine.Defect
              Effect4.FiberId Effect4.Machine.Ann)
            self cell e))))
    (@List.length.{0}
      (Effect4.Machine.DeferredCell
        (Effect4.Machine.Completion.{0, 0} Effect4.Machine.Val Effect4.Machine.Err Effect4.Machine.Defect
          Effect4.FiberId Effect4.Machine.Ann))
      (@Effect4.Machine.DeferredStore.cells
        (Effect4.Machine.Completion.{0, 0} Effect4.Machine.Val Effect4.Machine.Err Effect4.Machine.Defect
          Effect4.FiberId Effect4.Machine.Ann)
        self))
STATEMENT Effect4.Machine.M1.StoresLaws.syncOpStep_deferredCompleteWith ∀ (s : Effect4.Machine.Stores)
  (cell : Effect4.Machine.DeferredKey)
  (c :
    Effect4.Machine.Completion.{0, 0} Effect4.Machine.Val Effect4.Machine.Err Effect4.Machine.Defect Effect4.FiberId
      Effect4.Machine.Ann),
  @Eq.{1} (Option.{0} (Prod.{0, 0} Effect4.Machine.Stores Effect4.Machine.Val))
    (Effect4.Machine.syncOpStep (Effect4.Machine.SyncOp.deferredCompleteWith cell c) s)
    (@Option.some.{0} (Prod.{0, 0} Effect4.Machine.Stores Effect4.Store.Val)
      (@Prod.mk.{0, 0} Effect4.Machine.Stores Effect4.Store.Val
        { refs := s.refs,
          deferreds :=
            @Prod.fst.{0, 0}
              (Effect4.Machine.DeferredStore
                (Effect4.Machine.Completion.{0, 0} Effect4.Machine.Val Effect4.Machine.Err Effect4.Machine.Defect
                  Effect4.FiberId Effect4.Machine.Ann))
              Bool
              (@Effect4.Machine.DeferredStore.complete
                (Effect4.Machine.Completion.{0, 0} Effect4.Machine.Val Effect4.Machine.Err Effect4.Machine.Defect
                  Effect4.FiberId Effect4.Machine.Ann)
                s.deferreds cell c),
          scopes := s.scopes, memo := s.memo, timers := s.timers, nextName := s.nextName, externals := s.externals }
        (Effect4.Store.Val.bool
          (@Prod.snd.{0, 0}
            (Effect4.Machine.DeferredStore
              (Effect4.Machine.Completion.{0, 0} Effect4.Machine.Val Effect4.Machine.Err Effect4.Machine.Defect
                Effect4.FiberId Effect4.Machine.Ann))
            Bool
            (@Effect4.Machine.DeferredStore.complete
              (Effect4.Machine.Completion.{0, 0} Effect4.Machine.Val Effect4.Machine.Err Effect4.Machine.Defect
                Effect4.FiberId Effect4.Machine.Ann)
              s.deferreds cell c)))))
STATEMENT Effect4.Machine.M1.StoresLaws.syncOpStep_deferredInterruptWith ∀ (s : Effect4.Machine.Stores)
  (cell : Effect4.Machine.DeferredKey) (interruptor : Effect4.FiberId),
  @Eq.{1} (Option.{0} (Prod.{0, 0} Effect4.Machine.Stores Effect4.Machine.Val))
    (Effect4.Machine.syncOpStep (Effect4.Machine.SyncOp.deferredInterruptWith cell interruptor) s)
    (@Option.some.{0} (Prod.{0, 0} Effect4.Machine.Stores Effect4.Store.Val)
      (@Prod.mk.{0, 0} Effect4.Machine.Stores Effect4.Store.Val
        { refs := s.refs,
          deferreds :=
            @Prod.fst.{0, 0}
              (Effect4.Machine.DeferredStore
                (Effect4.Machine.Completion.{0, 0} Effect4.Machine.Val Effect4.Machine.Err Effect4.Machine.Defect
                  Effect4.FiberId Effect4.Machine.Ann))
              Bool
              (@Effect4.Machine.DeferredStore.complete
                (Effect4.Machine.Completion.{0, 0} Effect4.Machine.Val Effect4.Machine.Err Effect4.Machine.Defect
                  Effect4.FiberId Effect4.Machine.Ann)
                s.deferreds cell
                (@Effect4.Machine.Completion.ofExit.{0, 0} Effect4.Machine.Val Effect4.Machine.Err
                  Effect4.Machine.Defect Effect4.FiberId Effect4.Machine.Ann
                  (@Effect4.Exit.failure.{0, 0} Effect4.Machine.Val Effect4.Machine.Err Effect4.Machine.Defect
                    Effect4.FiberId Effect4.Machine.Ann
                    (@Effect4.Cause.interrupt.{0} Effect4.Machine.Err Effect4.Machine.Defect Effect4.FiberId
                      Effect4.Machine.Ann (@Option.some.{0} Effect4.FiberId interruptor))))),
          scopes := s.scopes, memo := s.memo, timers := s.timers, nextName := s.nextName, externals := s.externals }
        (Effect4.Store.Val.bool
          (@Prod.snd.{0, 0}
            (Effect4.Machine.DeferredStore
              (Effect4.Machine.Completion.{0, 0} Effect4.Machine.Val Effect4.Machine.Err Effect4.Machine.Defect
                Effect4.FiberId Effect4.Machine.Ann))
            Bool
            (@Effect4.Machine.DeferredStore.complete
              (Effect4.Machine.Completion.{0, 0} Effect4.Machine.Val Effect4.Machine.Err Effect4.Machine.Defect
                Effect4.FiberId Effect4.Machine.Ann)
              s.deferreds cell
              (@Effect4.Machine.Completion.ofExit.{0, 0} Effect4.Machine.Val Effect4.Machine.Err Effect4.Machine.Defect
                Effect4.FiberId Effect4.Machine.Ann
                (@Effect4.Exit.failure.{0, 0} Effect4.Machine.Val Effect4.Machine.Err Effect4.Machine.Defect
                  Effect4.FiberId Effect4.Machine.Ann
                  (@Effect4.Cause.interrupt.{0} Effect4.Machine.Err Effect4.Machine.Defect Effect4.FiberId
                    Effect4.Machine.Ann (@Option.some.{0} Effect4.FiberId interruptor)))))))))
STATEMENT Effect4.Machine.M1.StoresLaws.syncOpStep_memoBuild ∀ (s : Effect4.Machine.Stores)
  (layer : Effect4.Machine.LayerId) (memoMap : Effect4.Machine.MemoMapId),
  @Eq.{1} (Option.{0} (Prod.{0, 0} Effect4.Machine.Stores Effect4.Machine.Val))
    (Effect4.Machine.syncOpStep (Effect4.Machine.SyncOp.memoBuild layer memoMap) s)
    (@Option.some.{0} (Prod.{0, 0} Effect4.Machine.Stores Effect4.Machine.Val)
      (@Prod.mk.{0, 0} Effect4.Machine.Stores Effect4.Machine.Val
        { refs := s.refs,
          deferreds :=
            @Prod.snd.{0, 0} Effect4.Machine.DeferredKey
              (Effect4.Machine.DeferredStore
                (Effect4.Machine.Completion.{0, 0} Effect4.Machine.Val Effect4.Machine.Err Effect4.Machine.Defect
                  Effect4.FiberId Effect4.Machine.Ann))
              (@Effect4.Machine.DeferredStore.make
                (Effect4.Machine.Completion.{0, 0} Effect4.Machine.Val Effect4.Machine.Err Effect4.Machine.Defect
                  Effect4.FiberId Effect4.Machine.Ann)
                s.deferreds),
          scopes := s.scopes.make s.nextName Effect4.FinalizerStrategy.sequential,
          memo :=
            s.memo.insertEntry memoMap layer
              { observers := @OfNat.ofNat.{0} Nat (nat_lit 1) (instOfNatNat (nat_lit 1)), layerScope := s.nextName,
                deferred :=
                  @Prod.fst.{0, 0} Effect4.Machine.DeferredKey
                    (Effect4.Machine.DeferredStore
                      (Effect4.Machine.Completion.{0, 0} Effect4.Machine.Val Effect4.Machine.Err Effect4.Machine.Defect
                        Effect4.FiberId Effect4.Machine.Ann))
                    (@Effect4.Machine.DeferredStore.make
                      (Effect4.Machine.Completion.{0, 0} Effect4.Machine.Val Effect4.Machine.Err Effect4.Machine.Defect
                        Effect4.FiberId Effect4.Machine.Ann)
                      s.deferreds),
                finalizer := Effect4.Machine.FinName.memoEntry layer memoMap },
          timers := s.timers,
          nextName :=
            @HAdd.hAdd.{0, 0, 0} Nat Nat Nat (@instHAdd.{0} Nat instAddNat) s.nextName
              (@OfNat.ofNat.{0} Nat (nat_lit 1) (instOfNatNat (nat_lit 1))),
          externals := s.externals }
        (Effect4.Machine.Val.scopeHandle s.nextName)))
STATEMENT Effect4.Machine.M1.StoresLaws.syncOpStep_memoComplete_some ∀ (s : Effect4.Machine.Stores)
  (layer : Effect4.Machine.LayerId) (memoMap : Effect4.Machine.MemoMapId) (exit : Effect4.Machine.ExitV)
  {entry : Effect4.Machine.MemoEntry},
  @Eq.{1} (Option.{0} Effect4.Machine.MemoEntry) (s.memo.entryAt memoMap layer)
      (@Option.some.{0} Effect4.Machine.MemoEntry entry) →
    @Eq.{1} (Option.{0} (Prod.{0, 0} Effect4.Machine.Stores Effect4.Machine.Val))
      (Effect4.Machine.syncOpStep (Effect4.Machine.SyncOp.memoComplete layer memoMap exit) s)
      (@Option.some.{0} (Prod.{0, 0} Effect4.Machine.Stores Effect4.Store.Val)
        (@Prod.mk.{0, 0} Effect4.Machine.Stores Effect4.Store.Val
          { refs := s.refs,
            deferreds :=
              @Prod.fst.{0, 0}
                (Effect4.Machine.DeferredStore
                  (Effect4.Machine.Completion.{0, 0} Effect4.Machine.Val Effect4.Machine.Err Effect4.Machine.Defect
                    Effect4.FiberId Effect4.Machine.Ann))
                Bool
                (@Effect4.Machine.DeferredStore.complete
                  (Effect4.Machine.Completion.{0, 0} Effect4.Machine.Val Effect4.Machine.Err Effect4.Machine.Defect
                    Effect4.FiberId Effect4.Machine.Ann)
                  s.deferreds entry.deferred
                  (@Effect4.Machine.Completion.ofExit.{0, 0} Effect4.Machine.Val Effect4.Machine.Err
                    Effect4.Machine.Defect Effect4.FiberId Effect4.Machine.Ann exit)),
            scopes := s.scopes, memo := s.memo.updateEntry memoMap layer (@id.{1} Effect4.Machine.MemoEntry),
            timers := s.timers, nextName := s.nextName, externals := s.externals }
          Effect4.Store.Val.unit))
STATEMENT Effect4.Machine.M1Clock.advanceState_minted_of_evaluator ∀ {ν σ : Type}
  (nk : ν → List.{0} Effect4.Machine.Handle) (sk : σ → List.{0} Effect4.Machine.Handle)
  {interp :
    Effect4.Machine.RunInterp.{0, 0} ν σ Effect4.Machine.Val Effect4.Machine.Err Effect4.Machine.Defect Effect4.FiberId
      Effect4.Machine.Ann Effect4.Machine.Ctx Effect4.Machine.Stores
      (Effect4.Prim.{0, 0} ν σ Effect4.Machine.Val Effect4.Machine.Err Effect4.Machine.Defect Effect4.FiberId
        Effect4.Machine.Ann)}
  [evaluator :
    Effect4.Machine.FiberEvaluator.{0, 0} ν σ Effect4.Machine.Val Effect4.Machine.Err Effect4.Machine.Defect
      Effect4.FiberId Effect4.Machine.Ann Effect4.Machine.Ctx Effect4.Machine.Stores
      (Effect4.Prim.{0, 0} ν σ Effect4.Machine.Val Effect4.Machine.Err Effect4.Machine.Defect Effect4.FiberId
        Effect4.Machine.Ann)
      (Effect4.FrameFiber.{0, 0} ν σ Effect4.Machine.Val Effect4.Machine.Err Effect4.Machine.Defect Effect4.FiberId
        Effect4.Machine.Ann)
      (Effect4.FrameEvent.{0, 0} ν σ Effect4.Machine.Val Effect4.Machine.Err Effect4.Machine.Defect Effect4.FiberId
        Effect4.Machine.Ann)],
  @Effect4.Machine.KeyBounded ν σ nk sk interp (@List.nil.{0} Effect4.Machine.Handle) →
    @Effect4.Machine.EvaluatorMinted ν σ nk sk evaluator interp →
      ∀ (fuel : Nat) (millis : Effect4.ClockMillis) (rounds : Nat)
        (m :
          Effect4.Machine.RunMachine.{0, 0} ν σ Effect4.Machine.Val Effect4.Machine.Err Effect4.Machine.Defect
            Effect4.FiberId Effect4.Machine.Ann Effect4.Machine.Ctx Effect4.Machine.Stores
            (Effect4.Prim.{0, 0} ν σ Effect4.Machine.Val Effect4.Machine.Err Effect4.Machine.Defect Effect4.FiberId
              Effect4.Machine.Ann)
            (Effect4.FrameFiber.{0, 0} ν σ Effect4.Machine.Val Effect4.Machine.Err Effect4.Machine.Defect
              Effect4.FiberId Effect4.Machine.Ann)
            (Effect4.FrameEvent.{0, 0} ν σ Effect4.Machine.Val Effect4.Machine.Err Effect4.Machine.Defect
              Effect4.FiberId Effect4.Machine.Ann)),
        @Effect4.Machine.MintedAt ν σ nk sk m →
          And
            ((@Effect4.Machine.RunMachine.world ν σ m).le
              (@Effect4.Machine.RunMachine.world ν σ
                (@Prod.fst.{0, 0}
                  (Effect4.Machine.RunMachine.{0, 0} ν σ Effect4.Machine.Val Effect4.Machine.Err Effect4.Machine.Defect
                    Effect4.FiberId Effect4.Machine.Ann Effect4.Machine.Ctx Effect4.Machine.Stores
                    (Effect4.Prim.{0, 0} ν σ Effect4.Machine.Val Effect4.Machine.Err Effect4.Machine.Defect
                      Effect4.FiberId Effect4.Machine.Ann)
                    (Effect4.FrameFiber.{0, 0} ν σ Effect4.Machine.Val Effect4.Machine.Err Effect4.Machine.Defect
                      Effect4.FiberId Effect4.Machine.Ann)
                    (Effect4.FrameEvent.{0, 0} ν σ Effect4.Machine.Val Effect4.Machine.Err Effect4.Machine.Defect
                      Effect4.FiberId Effect4.Machine.Ann))
                  Bool
                  (@Effect4.Machine.advanceState.{0, 0} ν σ Effect4.Machine.Val Effect4.Machine.Err
                    Effect4.Machine.Defect Effect4.FiberId Effect4.Machine.Ann Effect4.Machine.Ctx
                    Effect4.Machine.Stores Effect4.Machine.instDecidableEqErr Effect4.Machine.instDecidableEqDefect
                    Effect4.instDecidableEqFiberId instDecidableEqPUnit.{1}
                    (Effect4.Prim.{0, 0} ν σ Effect4.Machine.Val Effect4.Machine.Err Effect4.Machine.Defect
                      Effect4.FiberId Effect4.Machine.Ann)
                    (Effect4.FrameFiber.{0, 0} ν σ Effect4.Machine.Val Effect4.Machine.Err Effect4.Machine.Defect
                      Effect4.FiberId Effect4.Machine.Ann)
                    (Effect4.FrameEvent.{0, 0} ν σ Effect4.Machine.Val Effect4.Machine.Err Effect4.Machine.Defect
                      Effect4.FiberId Effect4.Machine.Ann)
                    (@Effect4.Machine.frameCore.{0, 0} ν σ Effect4.Machine.Val Effect4.Machine.Err
                      Effect4.Machine.Defect Effect4.FiberId Effect4.Machine.Ann)
                    evaluator interp fuel millis rounds m))))
            (@Effect4.Machine.MintedAt ν σ nk sk
              (@Prod.fst.{0, 0}
                (Effect4.Machine.RunMachine.{0, 0} ν σ Effect4.Machine.Val Effect4.Machine.Err Effect4.Machine.Defect
                  Effect4.FiberId Effect4.Machine.Ann Effect4.Machine.Ctx Effect4.Machine.Stores
                  (Effect4.Prim.{0, 0} ν σ Effect4.Machine.Val Effect4.Machine.Err Effect4.Machine.Defect
                    Effect4.FiberId Effect4.Machine.Ann)
                  (Effect4.FrameFiber.{0, 0} ν σ Effect4.Machine.Val Effect4.Machine.Err Effect4.Machine.Defect
                    Effect4.FiberId Effect4.Machine.Ann)
                  (Effect4.FrameEvent.{0, 0} ν σ Effect4.Machine.Val Effect4.Machine.Err Effect4.Machine.Defect
                    Effect4.FiberId Effect4.Machine.Ann))
                Bool
                (@Effect4.Machine.advanceState.{0, 0} ν σ Effect4.Machine.Val Effect4.Machine.Err Effect4.Machine.Defect
                  Effect4.FiberId Effect4.Machine.Ann Effect4.Machine.Ctx Effect4.Machine.Stores
                  Effect4.Machine.instDecidableEqErr Effect4.Machine.instDecidableEqDefect
                  Effect4.instDecidableEqFiberId instDecidableEqPUnit.{1}
                  (Effect4.Prim.{0, 0} ν σ Effect4.Machine.Val Effect4.Machine.Err Effect4.Machine.Defect
                    Effect4.FiberId Effect4.Machine.Ann)
                  (Effect4.FrameFiber.{0, 0} ν σ Effect4.Machine.Val Effect4.Machine.Err Effect4.Machine.Defect
                    Effect4.FiberId Effect4.Machine.Ann)
                  (Effect4.FrameEvent.{0, 0} ν σ Effect4.Machine.Val Effect4.Machine.Err Effect4.Machine.Defect
                    Effect4.FiberId Effect4.Machine.Ann)
                  (@Effect4.Machine.frameCore.{0, 0} ν σ Effect4.Machine.Val Effect4.Machine.Err Effect4.Machine.Defect
                    Effect4.FiberId Effect4.Machine.Ann)
                  evaluator interp fuel millis rounds m)))
STATEMENT Effect4.Machine.M1Clock.advanceState_stable ∀ {ν σ : Type u} {β : Type v} {ε δ ι α χ : Type u}
  {St : Type (max u v)} [inst : DecidableEq.{u + 1} ε] [inst_1 : DecidableEq.{u + 1} δ] [inst_2 : DecidableEq.{u + 1} ι]
  [inst_3 : DecidableEq.{u + 1} α] {κ φ η : Type (max u v)} [core : Effect4.Machine.FiberCore.{u, v} ν β ε δ ι α κ φ]
  [evaluator : Effect4.Machine.FiberEvaluator.{u, v} ν σ β ε δ ι α χ St κ φ η]
  (interp : Effect4.Machine.RunInterp.{u, v} ν σ β ε δ ι α χ St κ) (fuel : Nat) (millis : Effect4.ClockMillis)
  (rounds : Nat) (m : Effect4.Machine.RunMachine.{u, v} ν σ β ε δ ι α χ St κ φ η),
  @Eq.{1} Bool
      (@Prod.snd.{max u v, 0} (Effect4.Machine.RunMachine.{u, v} ν σ β ε δ ι α χ St κ φ η) Bool
        (@Effect4.Machine.advanceState.{u, v} ν σ β ε δ ι α χ St inst inst_1 inst_2 inst_3 κ φ η core evaluator interp
          fuel millis rounds m))
      Bool.true →
    ∀ (k j : Nat),
      @Eq.{max (u + 1) (v + 1)} (Prod.{max v u, 0} (Effect4.Machine.RunMachine.{u, v} ν σ β ε δ ι α χ St κ φ η) Bool)
        (@Effect4.Machine.advanceState.{u, v} ν σ β ε δ ι α χ St inst inst_1 inst_2 inst_3 κ φ η core evaluator interp
          (@HAdd.hAdd.{0, 0, 0} Nat Nat Nat (@instHAdd.{0} Nat instAddNat) fuel k) millis
          (@HAdd.hAdd.{0, 0, 0} Nat Nat Nat (@instHAdd.{0} Nat instAddNat) rounds j) m)
        (@Effect4.Machine.advanceState.{u, v} ν σ β ε δ ι α χ St inst inst_1 inst_2 inst_3 κ φ η core evaluator interp
          fuel millis rounds m)
STATEMENT Effect4.Machine.M1Clock.advance_extends ∀ {ν σ : Type u} {β : Type v} {ε δ ι α χ : Type u}
  {St : Type (max u v)} [inst : DecidableEq.{u + 1} ε] [inst_1 : DecidableEq.{u + 1} δ] [inst_2 : DecidableEq.{u + 1} ι]
  [inst_3 : DecidableEq.{u + 1} α]
  {interp : Effect4.Machine.RunInterp.{u, v} ν σ β ε δ ι α χ St (Effect4.Prim.{u, v} ν σ β ε δ ι α)} {fuel : Nat}
  {millis : Effect4.ClockMillis} {rounds : Nat}
  {m :
    Effect4.Machine.RunMachine.{u, v} ν σ β ε δ ι α χ St (Effect4.Prim.{u, v} ν σ β ε δ ι α)
      (Effect4.FrameFiber.{u, v} ν σ β ε δ ι α) (Effect4.FrameEvent.{u, v} ν σ β ε δ ι α)},
  @Effect4.Machine.RunMachine.Extends.{u, v} ν σ β ε δ ι α χ St (Effect4.Prim.{u, v} ν σ β ε δ ι α)
    (Effect4.FrameFiber.{u, v} ν σ β ε δ ι α) (Effect4.FrameEvent.{u, v} ν σ β ε δ ι α) m
    (@Prod.fst.{max u v, 0}
      (Effect4.Machine.RunMachine.{u, v} ν σ β ε δ ι α χ St (Effect4.Prim.{u, v} ν σ β ε δ ι α)
        (Effect4.FrameFiber.{u, v} ν σ β ε δ ι α) (Effect4.FrameEvent.{u, v} ν σ β ε δ ι α))
      Bool
      (@Effect4.Machine.advanceState.{u, v} ν σ β ε δ ι α χ St inst inst_1 inst_2 inst_3
        (Effect4.Prim.{u, v} ν σ β ε δ ι α) (Effect4.FrameFiber.{u, v} ν σ β ε δ ι α)
        (Effect4.FrameEvent.{u, v} ν σ β ε δ ι α) (@Effect4.Machine.frameCore.{u, v} ν σ β ε δ ι α)
        (@Effect4.Machine.frameEvaluator.{u, v} ν σ β ε δ ι α χ St inst inst_1 inst_2 inst_3) interp fuel millis rounds
        m))
STATEMENT Effect4.Machine.M1Clock.advance_trace_mono ∀ {ν σ : Type u} {β : Type v} {ε δ ι α χ : Type u}
  {St : Type (max u v)} [inst : DecidableEq.{u + 1} ε] [inst_1 : DecidableEq.{u + 1} δ] [inst_2 : DecidableEq.{u + 1} ι]
  [inst_3 : DecidableEq.{u + 1} α]
  (interp : Effect4.Machine.RunInterp.{u, v} ν σ β ε δ ι α χ St (Effect4.Prim.{u, v} ν σ β ε δ ι α)) (fuel : Nat)
  (millis : Effect4.ClockMillis) (rounds : Nat)
  (m :
    Effect4.Machine.RunMachine.{u, v} ν σ β ε δ ι α χ St (Effect4.Prim.{u, v} ν σ β ε δ ι α)
      (Effect4.FrameFiber.{u, v} ν σ β ε δ ι α) (Effect4.FrameEvent.{u, v} ν σ β ε δ ι α))
  (k j : Nat),
  @Effect4.Machine.RunMachine.Extends.{u, v} ν σ β ε δ ι α χ St (Effect4.Prim.{u, v} ν σ β ε δ ι α)
    (Effect4.FrameFiber.{u, v} ν σ β ε δ ι α) (Effect4.FrameEvent.{u, v} ν σ β ε δ ι α)
    (@Prod.fst.{max u v, 0}
      (Effect4.Machine.RunMachine.{u, v} ν σ β ε δ ι α χ St (Effect4.Prim.{u, v} ν σ β ε δ ι α)
        (Effect4.FrameFiber.{u, v} ν σ β ε δ ι α) (Effect4.FrameEvent.{u, v} ν σ β ε δ ι α))
      Bool
      (@Effect4.Machine.advanceState.{u, v} ν σ β ε δ ι α χ St inst inst_1 inst_2 inst_3
        (Effect4.Prim.{u, v} ν σ β ε δ ι α) (Effect4.FrameFiber.{u, v} ν σ β ε δ ι α)
        (Effect4.FrameEvent.{u, v} ν σ β ε δ ι α) (@Effect4.Machine.frameCore.{u, v} ν σ β ε δ ι α)
        (@Effect4.Machine.frameEvaluator.{u, v} ν σ β ε δ ι α χ St inst inst_1 inst_2 inst_3) interp fuel millis rounds
        m))
    (@Prod.fst.{max u v, 0}
      (Effect4.Machine.RunMachine.{u, v} ν σ β ε δ ι α χ St (Effect4.Prim.{u, v} ν σ β ε δ ι α)
        (Effect4.FrameFiber.{u, v} ν σ β ε δ ι α) (Effect4.FrameEvent.{u, v} ν σ β ε δ ι α))
      Bool
      (@Effect4.Machine.advanceState.{u, v} ν σ β ε δ ι α χ St inst inst_1 inst_2 inst_3
        (Effect4.Prim.{u, v} ν σ β ε δ ι α) (Effect4.FrameFiber.{u, v} ν σ β ε δ ι α)
        (Effect4.FrameEvent.{u, v} ν σ β ε δ ι α) (@Effect4.Machine.frameCore.{u, v} ν σ β ε δ ι α)
        (@Effect4.Machine.frameEvaluator.{u, v} ν σ β ε δ ι α χ St inst inst_1 inst_2 inst_3) interp
        (@HAdd.hAdd.{0, 0, 0} Nat Nat Nat (@instHAdd.{0} Nat instAddNat) fuel k) millis
        (@HAdd.hAdd.{0, 0, 0} Nat Nat Nat (@instHAdd.{0} Nat instAddNat) rounds j) m))
STATEMENT Effect4.Machine.M1Clock.book_advanceState ∀ {ν σ : Type u} {β : Type v} {ε δ ι α χ : Type u}
  {St : Type (max u v)} [inst : DecidableEq.{u + 1} ε] [inst_1 : DecidableEq.{u + 1} δ] [inst_2 : DecidableEq.{u + 1} ι]
  [inst_3 : DecidableEq.{u + 1} α] {κ₁ φ₁ η₁ κ₂ φ₂ η₂ : Type (max u v)}
  [core₁ : Effect4.Machine.FiberCore.{u, v} ν β ε δ ι α κ₁ φ₁]
  [core₂ : Effect4.Machine.FiberCore.{u, v} ν β ε δ ι α κ₂ φ₂] {C : κ₁ → κ₂ → Prop} {S : φ₁ → φ₂ → Prop}
  {StOk : St → Prop} [inst_4 : Effect4.Machine.FiberEvaluator.{u, v} ν σ β ε δ ι α χ St κ₁ φ₁ η₁]
  [inst_5 : Effect4.Machine.FiberEvaluator.{u, v} ν σ β ε δ ι α χ St κ₂ φ₂ η₂]
  (i₁ : Effect4.Machine.RunInterp.{u, v} ν σ β ε δ ι α χ St κ₁)
  (i₂ : Effect4.Machine.RunInterp.{u, v} ν σ β ε δ ι α χ St κ₂),
  @Effect4.Machine.StepAgrees.{u, v} ν σ β ε δ ι α χ St inst inst_1 inst_2 inst_3 κ₁ φ₁ η₁ κ₂ φ₂ η₂ core₁ core₂ inst_4
      inst_5 i₁ i₂ StOk C S →
    (∀ (millis : Effect4.ClockMillis) (s : St),
        StOk s →
          And
            (StOk
              (@Prod.snd.{max u v, max u v} (Option.{max u v} (Effect4.Machine.Owed.{max u v} κ₁)) St
                (@Effect4.Machine.RunInterp.clockStep.{u, v} ν σ β ε δ ι α χ St κ₁ i₁ millis s)))
            (And
              (@Eq.{max (u + 1) (v + 1)} St
                (@Prod.snd.{max u v, max u v} (Option.{max u v} (Effect4.Machine.Owed.{max u v} κ₁)) St
                  (@Effect4.Machine.RunInterp.clockStep.{u, v} ν σ β ε δ ι α χ St κ₁ i₁ millis s))
                (@Prod.snd.{max u v, max u v} (Option.{max u v} (Effect4.Machine.Owed.{max u v} κ₂)) St
                  (@Effect4.Machine.RunInterp.clockStep.{u, v} ν σ β ε δ ι α χ St κ₂ i₂ millis s)))
              (@Effect4.Machine.ListRel.{max u v} (Effect4.Machine.Owed.{max u v} κ₁)
                (Effect4.Machine.Owed.{max u v} κ₂) (@Effect4.Machine.OwedMeans.{max u v} κ₁ κ₂ C)
                (@Option.toList.{max u v} (Effect4.Machine.Owed.{max u v} κ₁)
                  (@Prod.fst.{max u v, max u v} (Option.{max u v} (Effect4.Machine.Owed.{max u v} κ₁)) St
                    (@Effect4.Machine.RunInterp.clockStep.{u, v} ν σ β ε δ ι α χ St κ₁ i₁ millis s)))
                (@Option.toList.{max u v} (Effect4.Machine.Owed.{max u v} κ₂)
                  (@Prod.fst.{max u v, max u v} (Option.{max u v} (Effect4.Machine.Owed.{max u v} κ₂)) St
                    (@Effect4.Machine.RunInterp.clockStep.{u, v} ν σ β ε δ ι α χ St κ₂ i₂ millis s)))))) →
      ∀ (fuel : Nat) (millis : Effect4.ClockMillis) (rounds : Nat)
        (a : Effect4.Machine.RunMachine.{u, v} ν σ β ε δ ι α χ St κ₁ φ₁ η₁)
        (b : Effect4.Machine.RunMachine.{u, v} ν σ β ε δ ι α χ St κ₂ φ₂ η₂),
        @Effect4.Machine.MachineOk.{u, v} ν σ β ε δ ι α χ St κ₁ φ₁ η₁ StOk a →
          @Effect4.Machine.BookMeans.{u, v} ν σ β ε δ ι α χ St κ₁ φ₁ η₁ κ₂ φ₂ η₂ core₁ core₂ C S a b →
            And
              (@Effect4.Machine.MachineOk.{u, v} ν σ β ε δ ι α χ St κ₁ φ₁ η₁ StOk
                (@Prod.fst.{max u v, 0} (Effect4.Machine.RunMachine.{u, v} ν σ β ε δ ι α χ St κ₁ φ₁ η₁) Bool
                  (@Effect4.Machine.advanceState.{u, v} ν σ β ε δ ι α χ St inst inst_1 inst_2 inst_3 κ₁ φ₁ η₁ core₁
                    inst_4 i₁ fuel millis rounds a)))
              (And
                (@Effect4.Machine.BookMeans.{u, v} ν σ β ε δ ι α χ St κ₁ φ₁ η₁ κ₂ φ₂ η₂ core₁ core₂ C S
                  (@Prod.fst.{max u v, 0} (Effect4.Machine.RunMachine.{u, v} ν σ β ε δ ι α χ St κ₁ φ₁ η₁) Bool
                    (@Effect4.Machine.advanceState.{u, v} ν σ β ε δ ι α χ St inst inst_1 inst_2 inst_3 κ₁ φ₁ η₁ core₁
                      inst_4 i₁ fuel millis rounds a))
                  (@Prod.fst.{max u v, 0} (Effect4.Machine.RunMachine.{u, v} ν σ β ε δ ι α χ St κ₂ φ₂ η₂) Bool
                    (@Effect4.Machine.advanceState.{u, v} ν σ β ε δ ι α χ St inst inst_1 inst_2 inst_3 κ₂ φ₂ η₂ core₂
                      inst_5 i₂ fuel millis rounds b)))
                (@Eq.{1} Bool
                  (@Prod.snd.{max u v, 0} (Effect4.Machine.RunMachine.{u, v} ν σ β ε δ ι α χ St κ₁ φ₁ η₁) Bool
                    (@Effect4.Machine.advanceState.{u, v} ν σ β ε δ ι α χ St inst inst_1 inst_2 inst_3 κ₁ φ₁ η₁ core₁
                      inst_4 i₁ fuel millis rounds a))
                  (@Prod.snd.{max u v, 0} (Effect4.Machine.RunMachine.{u, v} ν σ β ε δ ι α χ St κ₂ φ₂ η₂) Bool
                    (@Effect4.Machine.advanceState.{u, v} ν σ β ε δ ι α χ St inst inst_1 inst_2 inst_3 κ₂ φ₂ η₂ core₂
                      inst_5 i₂ fuel millis rounds b))))
STATEMENT Effect4.Machine.M1Clock.syncOpStep_clockNow ∀ (s : Effect4.Machine.Stores),
  @Eq.{1} (Option.{0} (Prod.{0, 0} Effect4.Machine.Stores Effect4.Machine.Val))
    (Effect4.Machine.syncOpStep Effect4.Machine.SyncOp.clockNow s)
    (@Option.some.{0} (Prod.{0, 0} Effect4.Machine.Stores Effect4.Store.Val)
      (@Prod.mk.{0, 0} Effect4.Machine.Stores Effect4.Store.Val s (Effect4.Store.Val.nat s.timers.now.toNat)))
STATEMENT Effect4.Machine.M1Origin.fork_arm_minted ∀ {ν σ : Type} (nk : ν → List.{0} Effect4.Machine.Handle)
  (sk : σ → List.{0} Effect4.Machine.Handle)
  {interp :
    Effect4.Machine.RunInterp.{0, 0} ν σ Effect4.Machine.Val Effect4.Machine.Err Effect4.Machine.Defect Effect4.FiberId
      Effect4.Machine.Ann Effect4.Machine.Ctx Effect4.Machine.Stores
      (Effect4.Prim.{0, 0} ν σ Effect4.Machine.Val Effect4.Machine.Err Effect4.Machine.Defect Effect4.FiberId
        Effect4.Machine.Ann)}
  {ambient : List.{0} Effect4.Machine.Handle},
  @Effect4.Machine.KeyBounded ν σ nk sk interp ambient →
    ∀
      (m M :
        Effect4.Machine.RunMachine.{0, 0} ν σ Effect4.Machine.Val Effect4.Machine.Err Effect4.Machine.Defect
          Effect4.FiberId Effect4.Machine.Ann Effect4.Machine.Ctx Effect4.Machine.Stores
          (Effect4.Prim.{0, 0} ν σ Effect4.Machine.Val Effect4.Machine.Err Effect4.Machine.Defect Effect4.FiberId
            Effect4.Machine.Ann)
          (Effect4.FrameFiber.{0, 0} ν σ Effect4.Machine.Val Effect4.Machine.Err Effect4.Machine.Defect Effect4.FiberId
            Effect4.Machine.Ann)
          (Effect4.FrameEvent.{0, 0} ν σ Effect4.Machine.Val Effect4.Machine.Err Effect4.Machine.Defect Effect4.FiberId
            Effect4.Machine.Ann)),
      @Eq.{1} Effect4.Machine.World (@Effect4.Machine.RunMachine.world ν σ M)
          (@Effect4.Machine.RunMachine.world ν σ m) →
        ∀
          (f :
            Effect4.Machine.RunFiber.{0, 0} ν σ Effect4.Machine.Val Effect4.Machine.Err Effect4.Machine.Defect
              Effect4.FiberId Effect4.Machine.Ann Effect4.Machine.Ctx
              (Effect4.Prim.{0, 0} ν σ Effect4.Machine.Val Effect4.Machine.Err Effect4.Machine.Defect Effect4.FiberId
                Effect4.Machine.Ann)
              (Effect4.FrameFiber.{0, 0} ν σ Effect4.Machine.Val Effect4.Machine.Err Effect4.Machine.Defect
                Effect4.FiberId Effect4.Machine.Ann))
          (program :
            Effect4.Prim.{0, 0} ν σ Effect4.Machine.Val Effect4.Machine.Err Effect4.Machine.Defect Effect4.FiberId
              Effect4.Machine.Ann)
          (options : Effect4.Supervision.ForkOptions) {site : List.{0} Nat}
          (S :
            Prod.{0, 0}
              (Effect4.Machine.RunMachine.{0, 0} ν σ Effect4.Machine.Val Effect4.Machine.Err Effect4.Machine.Defect
                Effect4.FiberId Effect4.Machine.Ann Effect4.Machine.Ctx Effect4.Machine.Stores
                (Effect4.Prim.{0, 0} ν σ Effect4.Machine.Val Effect4.Machine.Err Effect4.Machine.Defect Effect4.FiberId
                  Effect4.Machine.Ann)
                (Effect4.FrameFiber.{0, 0} ν σ Effect4.Machine.Val Effect4.Machine.Err Effect4.Machine.Defect
                  Effect4.FiberId Effect4.Machine.Ann)
                (Effect4.FrameEvent.{0, 0} ν σ Effect4.Machine.Val Effect4.Machine.Err Effect4.Machine.Defect
                  Effect4.FiberId Effect4.Machine.Ann))
              (Prod.{0, 0}
                (Effect4.Machine.RunFiber.{0, 0} ν σ Effect4.Machine.Val Effect4.Machine.Err Effect4.Machine.Defect
                  Effect4.FiberId Effect4.Machine.Ann Effect4.Machine.Ctx
                  (Effect4.Prim.{0, 0} ν σ Effect4.Machine.Val Effect4.Machine.Err Effect4.Machine.Defect
                    Effect4.FiberId Effect4.Machine.Ann)
                  (Effect4.FrameFiber.{0, 0} ν σ Effect4.Machine.Val Effect4.Machine.Err Effect4.Machine.Defect
                    Effect4.FiberId Effect4.Machine.Ann))
                Effect4.FiberId))
          (T :
            Prod.{0, 0}
              (Effect4.Machine.RunMachine.{0, 0} ν σ Effect4.Machine.Val Effect4.Machine.Err Effect4.Machine.Defect
                Effect4.FiberId Effect4.Machine.Ann Effect4.Machine.Ctx Effect4.Machine.Stores
                (Effect4.Prim.{0, 0} ν σ Effect4.Machine.Val Effect4.Machine.Err Effect4.Machine.Defect Effect4.FiberId
                  Effect4.Machine.Ann)
                (Effect4.FrameFiber.{0, 0} ν σ Effect4.Machine.Val Effect4.Machine.Err Effect4.Machine.Defect
                  Effect4.FiberId Effect4.Machine.Ann)
                (Effect4.FrameEvent.{0, 0} ν σ Effect4.Machine.Val Effect4.Machine.Err Effect4.Machine.Defect
                  Effect4.FiberId Effect4.Machine.Ann))
              (Prod.{0, 0}
                (Effect4.Machine.RunFiber.{0, 0} ν σ Effect4.Machine.Val Effect4.Machine.Err Effect4.Machine.Defect
                  Effect4.FiberId Effect4.Machine.Ann Effect4.Machine.Ctx
                  (Effect4.Prim.{0, 0} ν σ Effect4.Machine.Val Effect4.Machine.Err Effect4.Machine.Defect
                    Effect4.FiberId Effect4.Machine.Ann)
                  (Effect4.FrameFiber.{0, 0} ν σ Effect4.Machine.Val Effect4.Machine.Err Effect4.Machine.Defect
                    Effect4.FiberId Effect4.Machine.Ann))
                (List.{0}
                  (Effect4.Machine.Cmd.{0, 0} ν σ Effect4.Machine.Val Effect4.Machine.Err Effect4.Machine.Defect
                    Effect4.FiberId Effect4.Machine.Ann
                    (Effect4.Prim.{0, 0} ν σ Effect4.Machine.Val Effect4.Machine.Err Effect4.Machine.Defect
                      Effect4.FiberId Effect4.Machine.Ann))))),
          @Eq.{1}
              (Prod.{0, 0}
                (Effect4.Machine.RunMachine.{0, 0} ν σ Effect4.Machine.Val Effect4.Machine.Err Effect4.Machine.Defect
                  Effect4.FiberId Effect4.Machine.Ann Effect4.Machine.Ctx Effect4.Machine.Stores
                  (Effect4.Prim.{0, 0} ν σ Effect4.Machine.Val Effect4.Machine.Err Effect4.Machine.Defect
                    Effect4.FiberId Effect4.Machine.Ann)
                  (Effect4.FrameFiber.{0, 0} ν σ Effect4.Machine.Val Effect4.Machine.Err Effect4.Machine.Defect
                    Effect4.FiberId Effect4.Machine.Ann)
                  (Effect4.FrameEvent.{0, 0} ν σ Effect4.Machine.Val Effect4.Machine.Err Effect4.Machine.Defect
                    Effect4.FiberId Effect4.Machine.Ann))
                (Prod.{0, 0}
                  (Effect4.Machine.RunFiber.{0, 0} ν σ Effect4.Machine.Val Effect4.Machine.Err Effect4.Machine.Defect
                    Effect4.FiberId Effect4.Machine.Ann Effect4.Machine.Ctx
                    (Effect4.Prim.{0, 0} ν σ Effect4.Machine.Val Effect4.Machine.Err Effect4.Machine.Defect
                      Effect4.FiberId Effect4.Machine.Ann)
                    (Effect4.FrameFiber.{0, 0} ν σ Effect4.Machine.Val Effect4.Machine.Err Effect4.Machine.Defect
                      Effect4.FiberId Effect4.Machine.Ann))
                  Effect4.FiberId))
              (@Effect4.Machine.spawn.{0, 0} ν σ Effect4.Machine.Val Effect4.Machine.Err Effect4.Machine.Defect
                Effect4.FiberId Effect4.Machine.Ann Effect4.Machine.Ctx Effect4.Machine.Stores
                (Effect4.Prim.{0, 0} ν σ Effect4.Machine.Val Effect4.Machine.Err Effect4.Machine.Defect Effect4.FiberId
                  Effect4.Machine.Ann)
                (Effect4.FrameFiber.{0, 0} ν σ Effect4.Machine.Val Effect4.Machine.Err Effect4.Machine.Defect
                  Effect4.FiberId Effect4.Machine.Ann)
                (Effect4.FrameEvent.{0, 0} ν σ Effect4.Machine.Val Effect4.Machine.Err Effect4.Machine.Defect
                  Effect4.FiberId Effect4.Machine.Ann)
                (@Effect4.Machine.frameCore.{0, 0} ν σ Effect4.Machine.Val Effect4.Machine.Err Effect4.Machine.Defect
                  Effect4.FiberId Effect4.Machine.Ann)
                interp M f program options site)
              S →
            @Eq.{1}
                (Prod.{0, 0}
                  (Effect4.Machine.RunMachine.{0, 0} ν σ Effect4.Machine.Val Effect4.Machine.Err Effect4.Machine.Defect
                    Effect4.FiberId Effect4.Machine.Ann Effect4.Machine.Ctx Effect4.Machine.Stores
                    (Effect4.Prim.{0, 0} ν σ Effect4.Machine.Val Effect4.Machine.Err Effect4.Machine.Defect
                      Effect4.FiberId Effect4.Machine.Ann)
                    (Effect4.FrameFiber.{0, 0} ν σ Effect4.Machine.Val Effect4.Machine.Err Effect4.Machine.Defect
                      Effect4.FiberId Effect4.Machine.Ann)
                    (Effect4.FrameEvent.{0, 0} ν σ Effect4.Machine.Val Effect4.Machine.Err Effect4.Machine.Defect
                      Effect4.FiberId Effect4.Machine.Ann))
                  (Prod.{0, 0}
                    (Effect4.Machine.RunFiber.{0, 0} ν σ Effect4.Machine.Val Effect4.Machine.Err Effect4.Machine.Defect
                      Effect4.FiberId Effect4.Machine.Ann Effect4.Machine.Ctx
                      (Effect4.Prim.{0, 0} ν σ Effect4.Machine.Val Effect4.Machine.Err Effect4.Machine.Defect
                        Effect4.FiberId Effect4.Machine.Ann)
                      (Effect4.FrameFiber.{0, 0} ν σ Effect4.Machine.Val Effect4.Machine.Err Effect4.Machine.Defect
                        Effect4.FiberId Effect4.Machine.Ann))
                    (List.{0}
                      (Effect4.Machine.Cmd.{0, 0} ν σ Effect4.Machine.Val Effect4.Machine.Err Effect4.Machine.Defect
                        Effect4.FiberId Effect4.Machine.Ann
                        (Effect4.Prim.{0, 0} ν σ Effect4.Machine.Val Effect4.Machine.Err Effect4.Machine.Defect
                          Effect4.FiberId Effect4.Machine.Ann)))))
                (@Effect4.Machine.start.{0, 0} ν σ Effect4.Machine.Val Effect4.Machine.Err Effect4.Machine.Defect
                  Effect4.FiberId Effect4.Machine.Ann Effect4.Machine.Ctx Effect4.Machine.Stores
                  (Effect4.Prim.{0, 0} ν σ Effect4.Machine.Val Effect4.Machine.Err Effect4.Machine.Defect
                    Effect4.FiberId Effect4.Machine.Ann)
                  (Effect4.FrameFiber.{0, 0} ν σ Effect4.Machine.Val Effect4.Machine.Err Effect4.Machine.Defect
                    Effect4.FiberId Effect4.Machine.Ann)
                  (Effect4.FrameEvent.{0, 0} ν σ Effect4.Machine.Val Effect4.Machine.Err Effect4.Machine.Defect
                    Effect4.FiberId Effect4.Machine.Ann)
                  (@Prod.fst.{0, 0}
                    (Effect4.Machine.RunMachine.{0, 0} ν σ Effect4.Machine.Val Effect4.Machine.Err
                      Effect4.Machine.Defect Effect4.FiberId Effect4.Machine.Ann Effect4.Machine.Ctx
                      Effect4.Machine.Stores
                      (Effect4.Prim.{0, 0} ν σ Effect4.Machine.Val Effect4.Machine.Err Effect4.Machine.Defect
                        Effect4.FiberId Effect4.Machine.Ann)
                      (Effect4.FrameFiber.{0, 0} ν σ Effect4.Machine.Val Effect4.Machine.Err Effect4.Machine.Defect
                        Effect4.FiberId Effect4.Machine.Ann)
                      (Effect4.FrameEvent.{0, 0} ν σ Effect4.Machine.Val Effect4.Machine.Err Effect4.Machine.Defect
                        Effect4.FiberId Effect4.Machine.Ann))
                    (Prod.{0, 0}
                      (Effect4.Machine.RunFiber.{0, 0} ν σ Effect4.Machine.Val Effect4.Machine.Err
                        Effect4.Machine.Defect Effect4.FiberId Effect4.Machine.Ann Effect4.Machine.Ctx
                        (Effect4.Prim.{0, 0} ν σ Effect4.Machine.Val Effect4.Machine.Err Effect4.Machine.Defect
                          Effect4.FiberId Effect4.Machine.Ann)
                        (Effect4.FrameFiber.{0, 0} ν σ Effect4.Machine.Val Effect4.Machine.Err Effect4.Machine.Defect
                          Effect4.FiberId Effect4.Machine.Ann))
                      Effect4.FiberId)
                    S)
                  (@Prod.fst.{0, 0}
                    (Effect4.Machine.RunFiber.{0, 0} ν σ Effect4.Machine.Val Effect4.Machine.Err Effect4.Machine.Defect
                      Effect4.FiberId Effect4.Machine.Ann Effect4.Machine.Ctx
                      (Effect4.Prim.{0, 0} ν σ Effect4.Machine.Val Effect4.Machine.Err Effect4.Machine.Defect
                        Effect4.FiberId Effect4.Machine.Ann)
                      (Effect4.FrameFiber.{0, 0} ν σ Effect4.Machine.Val Effect4.Machine.Err Effect4.Machine.Defect
                        Effect4.FiberId Effect4.Machine.Ann))
                    Effect4.FiberId
                    (@Prod.snd.{0, 0}
                      (Effect4.Machine.RunMachine.{0, 0} ν σ Effect4.Machine.Val Effect4.Machine.Err
                        Effect4.Machine.Defect Effect4.FiberId Effect4.Machine.Ann Effect4.Machine.Ctx
                        Effect4.Machine.Stores
                        (Effect4.Prim.{0, 0} ν σ Effect4.Machine.Val Effect4.Machine.Err Effect4.Machine.Defect
                          Effect4.FiberId Effect4.Machine.Ann)
                        (Effect4.FrameFiber.{0, 0} ν σ Effect4.Machine.Val Effect4.Machine.Err Effect4.Machine.Defect
                          Effect4.FiberId Effect4.Machine.Ann)
                        (Effect4.FrameEvent.{0, 0} ν σ Effect4.Machine.Val Effect4.Machine.Err Effect4.Machine.Defect
                          Effect4.FiberId Effect4.Machine.Ann))
                      (Prod.{0, 0}
                        (Effect4.Machine.RunFiber.{0, 0} ν σ Effect4.Machine.Val Effect4.Machine.Err
                          Effect4.Machine.Defect Effect4.FiberId Effect4.Machine.Ann Effect4.Machine.Ctx
                          (Effect4.Prim.{0, 0} ν σ Effect4.Machine.Val Effect4.Machine.Err Effect4.Machine.Defect
                            Effect4.FiberId Effect4.Machine.Ann)
                          (Effect4.FrameFiber.{0, 0} ν σ Effect4.Machine.Val Effect4.Machine.Err Effect4.Machine.Defect
                            Effect4.FiberId Effect4.Machine.Ann))
                        Effect4.FiberId)
                      S))
                  (@Prod.snd.{0, 0}
                    (Effect4.Machine.RunFiber.{0, 0} ν σ Effect4.Machine.Val Effect4.Machine.Err Effect4.Machine.Defect
                      Effect4.FiberId Effect4.Machine.Ann Effect4.Machine.Ctx
                      (Effect4.Prim.{0, 0} ν σ Effect4.Machine.Val Effect4.Machine.Err Effect4.Machine.Defect
                        Effect4.FiberId Effect4.Machine.Ann)
                      (Effect4.FrameFiber.{0, 0} ν σ Effect4.Machine.Val Effect4.Machine.Err Effect4.Machine.Defect
                        Effect4.FiberId Effect4.Machine.Ann))
                    Effect4.FiberId
                    (@Prod.snd.{0, 0}
                      (Effect4.Machine.RunMachine.{0, 0} ν σ Effect4.Machine.Val Effect4.Machine.Err
                        Effect4.Machine.Defect Effect4.FiberId Effect4.Machine.Ann Effect4.Machine.Ctx
                        Effect4.Machine.Stores
                        (Effect4.Prim.{0, 0} ν σ Effect4.Machine.Val Effect4.Machine.Err Effect4.Machine.Defect
                          Effect4.FiberId Effect4.Machine.Ann)
                        (Effect4.FrameFiber.{0, 0} ν σ Effect4.Machine.Val Effect4.Machine.Err Effect4.Machine.Defect
                          Effect4.FiberId Effect4.Machine.Ann)
                        (Effect4.FrameEvent.{0, 0} ν σ Effect4.Machine.Val Effect4.Machine.Err Effect4.Machine.Defect
                          Effect4.FiberId Effect4.Machine.Ann))
                      (Prod.{0, 0}
                        (Effect4.Machine.RunFiber.{0, 0} ν σ Effect4.Machine.Val Effect4.Machine.Err
                          Effect4.Machine.Defect Effect4.FiberId Effect4.Machine.Ann Effect4.Machine.Ctx
                          (Effect4.Prim.{0, 0} ν σ Effect4.Machine.Val Effect4.Machine.Err Effect4.Machine.Defect
                            Effect4.FiberId Effect4.Machine.Ann)
                          (Effect4.FrameFiber.{0, 0} ν σ Effect4.Machine.Val Effect4.Machine.Err Effect4.Machine.Defect
                            Effect4.FiberId Effect4.Machine.Ann))
                        Effect4.FiberId)
                      S))
                  options.startImmediately)
                T →
              @Effect4.Machine.MintedIn ν σ M
                  (@HAppend.hAppend.{0, 0, 0} (List.{0} Effect4.Machine.Handle) (List.{0} Effect4.Machine.Handle)
                    (List.{0} Effect4.Machine.Handle)
                    (@instHAppendOfAppend.{0} (List.{0} Effect4.Machine.Handle)
                      (@List.instAppend.{0} Effect4.Machine.Handle))
                    (@HAppend.hAppend.{0, 0, 0} (List.{0} Effect4.Machine.Handle) (List.{0} Effect4.Machine.Handle)
                      (List.{0} Effect4.Machine.Handle)
                      (@instHAppendOfAppend.{0} (List.{0} Effect4.Machine.Handle)
                        (@List.instAppend.{0} Effect4.Machine.Handle))
                      (@List.cons.{0} Effect4.Machine.Handle
                        (Effect4.Machine.Handle.fiber
                          (@Effect4.Machine.RunFiber.id.{0, 0} ν σ Effect4.Machine.Val Effect4.Machine.Err
                            Effect4.Machine.Defect Effect4.FiberId Effect4.Machine.Ann Effect4.Machine.Ctx
                            (Effect4.Prim.{0, 0} ν σ Effect4.Machine.Val Effect4.Machine.Err Effect4.Machine.Defect
                              Effect4.FiberId Effect4.Machine.Ann)
                            (Effect4.FrameFiber.{0, 0} ν σ Effect4.Machine.Val Effect4.Machine.Err
                              Effect4.Machine.Defect Effect4.FiberId Effect4.Machine.Ann)
                            f))
                        (@Effect4.Machine.RunMachine.keys ν σ nk sk M))
                      (@Effect4.Machine.RunFiber.keys ν σ nk sk f))
                    (@Effect4.Machine.primKeys ν σ nk sk program)) →
                ∀
                  (it :
                    Effect4.Machine.Iter.{0, 0} ν σ Effect4.Machine.Val Effect4.Machine.Err Effect4.Machine.Defect
                      Effect4.FiberId Effect4.Machine.Ann Effect4.Machine.Ctx Effect4.Machine.Stores
                      (Effect4.Prim.{0, 0} ν σ Effect4.Machine.Val Effect4.Machine.Err Effect4.Machine.Defect
                        Effect4.FiberId Effect4.Machine.Ann)
                      (Effect4.FrameFiber.{0, 0} ν σ Effect4.Machine.Val Effect4.Machine.Err Effect4.Machine.Defect
                        Effect4.FiberId Effect4.Machine.Ann)
                      (Effect4.FrameEvent.{0, 0} ν σ Effect4.Machine.Val Effect4.Machine.Err Effect4.Machine.Defect
                        Effect4.FiberId Effect4.Machine.Ann)),
                  @Eq.{1}
                      (Effect4.Machine.RunMachine.{0, 0} ν σ Effect4.Machine.Val Effect4.Machine.Err
                        Effect4.Machine.Defect Effect4.FiberId Effect4.Machine.Ann Effect4.Machine.Ctx
                        Effect4.Machine.Stores
                        (Effect4.Prim.{0, 0} ν σ Effect4.Machine.Val Effect4.Machine.Err Effect4.Machine.Defect
                          Effect4.FiberId Effect4.Machine.Ann)
                        (Effect4.FrameFiber.{0, 0} ν σ Effect4.Machine.Val Effect4.Machine.Err Effect4.Machine.Defect
                          Effect4.FiberId Effect4.Machine.Ann)
                        (Effect4.FrameEvent.{0, 0} ν σ Effect4.Machine.Val Effect4.Machine.Err Effect4.Machine.Defect
                          Effect4.FiberId Effect4.Machine.Ann))
                      (@Effect4.Machine.Iter.machine.{0, 0} ν σ Effect4.Machine.Val Effect4.Machine.Err
                        Effect4.Machine.Defect Effect4.FiberId Effect4.Machine.Ann Effect4.Machine.Ctx
                        Effect4.Machine.Stores
                        (Effect4.Prim.{0, 0} ν σ Effect4.Machine.Val Effect4.Machine.Err Effect4.Machine.Defect
                          Effect4.FiberId Effect4.Machine.Ann)
                        (Effect4.FrameFiber.{0, 0} ν σ Effect4.Machine.Val Effect4.Machine.Err Effect4.Machine.Defect
                          Effect4.FiberId Effect4.Machine.Ann)
                        (Effect4.FrameEvent.{0, 0} ν σ Effect4.Machine.Val Effect4.Machine.Err Effect4.Machine.Defect
                          Effect4.FiberId Effect4.Machine.Ann)
                        it)
                      (@Prod.fst.{0, 0}
                        (Effect4.Machine.RunMachine.{0, 0} ν σ Effect4.Machine.Val Effect4.Machine.Err
                          Effect4.Machine.Defect Effect4.FiberId Effect4.Machine.Ann Effect4.Machine.Ctx
                          Effect4.Machine.Stores
                          (Effect4.Prim.{0, 0} ν σ Effect4.Machine.Val Effect4.Machine.Err Effect4.Machine.Defect
                            Effect4.FiberId Effect4.Machine.Ann)
                          (Effect4.FrameFiber.{0, 0} ν σ Effect4.Machine.Val Effect4.Machine.Err Effect4.Machine.Defect
                            Effect4.FiberId Effect4.Machine.Ann)
                          (Effect4.FrameEvent.{0, 0} ν σ Effect4.Machine.Val Effect4.Machine.Err Effect4.Machine.Defect
                            Effect4.FiberId Effect4.Machine.Ann))
                        (Prod.{0, 0}
                          (Effect4.Machine.RunFiber.{0, 0} ν σ Effect4.Machine.Val Effect4.Machine.Err
                            Effect4.Machine.Defect Effect4.FiberId Effect4.Machine.Ann Effect4.Machine.Ctx
                            (Effect4.Prim.{0, 0} ν σ Effect4.Machine.Val Effect4.Machine.Err Effect4.Machine.Defect
                              Effect4.FiberId Effect4.Machine.Ann)
                            (Effect4.FrameFiber.{0, 0} ν σ Effect4.Machine.Val Effect4.Machine.Err
                              Effect4.Machine.Defect Effect4.FiberId Effect4.Machine.Ann))
                          (List.{0}
                            (Effect4.Machine.Cmd.{0, 0} ν σ Effect4.Machine.Val Effect4.Machine.Err
                              Effect4.Machine.Defect Effect4.FiberId Effect4.Machine.Ann
                              (Effect4.Prim.{0, 0} ν σ Effect4.Machine.Val Effect4.Machine.Err Effect4.Machine.Defect
                                Effect4.FiberId Effect4.Machine.Ann))))
                        T) →
                    @HasSubset.Subset.{0} (List.{0} Effect4.Machine.Handle)
                        (@List.instHasSubset.{0} Effect4.Machine.Handle)
                        (@Effect4.Machine.RunFiber.keys ν σ nk sk
                          (@Effect4.Machine.Iter.fiber.{0, 0} ν σ Effect4.Machine.Val Effect4.Machine.Err
                            Effect4.Machine.Defect Effect4.FiberId Effect4.Machine.Ann Effect4.Machine.Ctx
                            Effect4.Machine.Stores
                            (Effect4.Prim.{0, 0} ν σ Effect4.Machine.Val Effect4.Machine.Err Effect4.Machine.Defect
                              Effect4.FiberId Effect4.Machine.Ann)
                            (Effect4.FrameFiber.{0, 0} ν σ Effect4.Machine.Val Effect4.Machine.Err
                              Effect4.Machine.Defect Effect4.FiberId Effect4.Machine.Ann)
                            (Effect4.FrameEvent.{0, 0} ν σ Effect4.Machine.Val Effect4.Machine.Err
                              Effect4.Machine.Defect Effect4.FiberId Effect4.Machine.Ann)
                            it))
                        (@HAppend.hAppend.{0, 0, 0} (List.{0} Effect4.Machine.Handle) (List.{0} Effect4.Machine.Handle)
                          (List.{0} Effect4.Machine.Handle)
                          (@instHAppendOfAppend.{0} (List.{0} Effect4.Machine.Handle)
                            (@List.instAppend.{0} Effect4.Machine.Handle))
                          (@Effect4.Machine.RunFiber.keys ν σ nk sk
                            (@Prod.fst.{0, 0}
                              (Effect4.Machine.RunFiber.{0, 0} ν σ Effect4.Machine.Val Effect4.Machine.Err
                                Effect4.Machine.Defect Effect4.FiberId Effect4.Machine.Ann Effect4.Machine.Ctx
                                (Effect4.Prim.{0, 0} ν σ Effect4.Machine.Val Effect4.Machine.Err Effect4.Machine.Defect
                                  Effect4.FiberId Effect4.Machine.Ann)
                                (Effect4.FrameFiber.{0, 0} ν σ Effect4.Machine.Val Effect4.Machine.Err
                                  Effect4.Machine.Defect Effect4.FiberId Effect4.Machine.Ann))
                              (List.{0}
                                (Effect4.Machine.Cmd.{0, 0} ν σ Effect4.Machine.Val Effect4.Machine.Err
                                  Effect4.Machine.Defect Effect4.FiberId Effect4.Machine.Ann
                                  (Effect4.Prim.{0, 0} ν σ Effect4.Machine.Val Effect4.Machine.Err
                                    Effect4.Machine.Defect Effect4.FiberId Effect4.Machine.Ann)))
                              (@Prod.snd.{0, 0}
                                (Effect4.Machine.RunMachine.{0, 0} ν σ Effect4.Machine.Val Effect4.Machine.Err
                                  Effect4.Machine.Defect Effect4.FiberId Effect4.Machine.Ann Effect4.Machine.Ctx
                                  Effect4.Machine.Stores
                                  (Effect4.Prim.{0, 0} ν σ Effect4.Machine.Val Effect4.Machine.Err
                                    Effect4.Machine.Defect Effect4.FiberId Effect4.Machine.Ann)
                                  (Effect4.FrameFiber.{0, 0} ν σ Effect4.Machine.Val Effect4.Machine.Err
                                    Effect4.Machine.Defect Effect4.FiberId Effect4.Machine.Ann)
                                  (Effect4.FrameEvent.{0, 0} ν σ Effect4.Machine.Val Effect4.Machine.Err
                                    Effect4.Machine.Defect Effect4.FiberId Effect4.Machine.Ann))
                                (Prod.{0, 0}
                                  (Effect4.Machine.RunFiber.{0, 0} ν σ Effect4.Machine.Val Effect4.Machine.Err
                                    Effect4.Machine.Defect Effect4.FiberId Effect4.Machine.Ann Effect4.Machine.Ctx
                                    (Effect4.Prim.{0, 0} ν σ Effect4.Machine.Val Effect4.Machine.Err
                                      Effect4.Machine.Defect Effect4.FiberId Effect4.Machine.Ann)
                                    (Effect4.FrameFiber.{0, 0} ν σ Effect4.Machine.Val Effect4.Machine.Err
                                      Effect4.Machine.Defect Effect4.FiberId Effect4.Machine.Ann))
                                  (List.{0}
                                    (Effect4.Machine.Cmd.{0, 0} ν σ Effect4.Machine.Val Effect4.Machine.Err
                                      Effect4.Machine.Defect Effect4.FiberId Effect4.Machine.Ann
                                      (Effect4.Prim.{0, 0} ν σ Effect4.Machine.Val Effect4.Machine.Err
                                        Effect4.Machine.Defect Effect4.FiberId Effect4.Machine.Ann))))
                                T)))
                          (@Effect4.Machine.RunInterp.fiberValue.{0, 0} ν σ Effect4.Machine.Val Effect4.Machine.Err
                              Effect4.Machine.Defect Effect4.FiberId Effect4.Machine.Ann Effect4.Machine.Ctx
                              Effect4.Machine.Stores
                              (Effect4.Prim.{0, 0} ν σ Effect4.Machine.Val Effect4.Machine.Err Effect4.Machine.Defect
                                Effect4.FiberId Effect4.Machine.Ann)
                              interp
                              (@Prod.snd.{0, 0}
                                (Effect4.Machine.RunFiber.{0, 0} ν σ Effect4.Machine.Val Effect4.Machine.Err
                                  Effect4.Machine.Defect Effect4.FiberId Effect4.Machine.Ann Effect4.Machine.Ctx
                                  (Effect4.Prim.{0, 0} ν σ Effect4.Machine.Val Effect4.Machine.Err
                                    Effect4.Machine.Defect Effect4.FiberId Effect4.Machine.Ann)
                                  (Effect4.FrameFiber.{0, 0} ν σ Effect4.Machine.Val Effect4.Machine.Err
                                    Effect4.Machine.Defect Effect4.FiberId Effect4.Machine.Ann))
                                Effect4.FiberId
                                (@Prod.snd.{0, 0}
                                  (Effect4.Machine.RunMachine.{0, 0} ν σ Effect4.Machine.Val Effect4.Machine.Err
                                    Effect4.Machine.Defect Effect4.FiberId Effect4.Machine.Ann Effect4.Machine.Ctx
                                    Effect4.Machine.Stores
                                    (Effect4.Prim.{0, 0} ν σ Effect4.Machine.Val Effect4.Machine.Err
                                      Effect4.Machine.Defect Effect4.FiberId Effect4.Machine.Ann)
                                    (Effect4.FrameFiber.{0, 0} ν σ Effect4.Machine.Val Effect4.Machine.Err
                                      Effect4.Machine.Defect Effect4.FiberId Effect4.Machine.Ann)
                                    (Effect4.FrameEvent.{0, 0} ν σ Effect4.Machine.Val Effect4.Machine.Err
                                      Effect4.Machine.Defect Effect4.FiberId Effect4.Machine.Ann))
                                  (Prod.{0, 0}
                                    (Effect4.Machine.RunFiber.{0, 0} ν σ Effect4.Machine.Val Effect4.Machine.Err
                                      Effect4.Machine.Defect Effect4.FiberId Effect4.Machine.Ann Effect4.Machine.Ctx
                                      (Effect4.Prim.{0, 0} ν σ Effect4.Machine.Val Effect4.Machine.Err
                                        Effect4.Machine.Defect Effect4.FiberId Effect4.Machine.Ann)
                                      (Effect4.FrameFiber.{0, 0} ν σ Effect4.Machine.Val Effect4.Machine.Err
                                        Effect4.Machine.Defect Effect4.FiberId Effect4.Machine.Ann))
                                    Effect4.FiberId)
                                  S))).keys) →
                      @HasSubset.Subset.{0} (List.{0} Effect4.Machine.Handle)
                          (@List.instHasSubset.{0} Effect4.Machine.Handle)
                          (@Effect4.Machine.cmdsKeys ν σ nk sk
                            (@Effect4.Machine.Iter.nested.{0, 0} ν σ Effect4.Machine.Val Effect4.Machine.Err
                              Effect4.Machine.Defect Effect4.FiberId Effect4.Machine.Ann Effect4.Machine.Ctx
                              Effect4.Machine.Stores
                              (Effect4.Prim.{0, 0} ν σ Effect4.Machine.Val Effect4.Machine.Err Effect4.Machine.Defect
                                Effect4.FiberId Effect4.Machine.Ann)
                              (Effect4.FrameFiber.{0, 0} ν σ Effect4.Machine.Val Effect4.Machine.Err
                                Effect4.Machine.Defect Effect4.FiberId Effect4.Machine.Ann)
                              (Effect4.FrameEvent.{0, 0} ν σ Effect4.Machine.Val Effect4.Machine.Err
                                Effect4.Machine.Defect Effect4.FiberId Effect4.Machine.Ann)
                              it))
                          (@HAppend.hAppend.{0, 0, 0} (List.{0} Effect4.Machine.Handle)
                            (List.{0} Effect4.Machine.Handle) (List.{0} Effect4.Machine.Handle)
                            (@instHAppendOfAppend.{0} (List.{0} Effect4.Machine.Handle)
                              (@List.instAppend.{0} Effect4.Machine.Handle))
                            (@Effect4.Machine.cmdsKeys ν σ nk sk
                              (@Prod.snd.{0, 0}
                                (Effect4.Machine.RunFiber.{0, 0} ν σ Effect4.Machine.Val Effect4.Machine.Err
                                  Effect4.Machine.Defect Effect4.FiberId Effect4.Machine.Ann Effect4.Machine.Ctx
                                  (Effect4.Prim.{0, 0} ν σ Effect4.Machine.Val Effect4.Machine.Err
                                    Effect4.Machine.Defect Effect4.FiberId Effect4.Machine.Ann)
                                  (Effect4.FrameFiber.{0, 0} ν σ Effect4.Machine.Val Effect4.Machine.Err
                                    Effect4.Machine.Defect Effect4.FiberId Effect4.Machine.Ann))
                                (List.{0}
                                  (Effect4.Machine.Cmd.{0, 0} ν σ Effect4.Machine.Val Effect4.Machine.Err
                                    Effect4.Machine.Defect Effect4.FiberId Effect4.Machine.Ann
                                    (Effect4.Prim.{0, 0} ν σ Effect4.Machine.Val Effect4.Machine.Err
                                      Effect4.Machine.Defect Effect4.FiberId Effect4.Machine.Ann)))
                                (@Prod.snd.{0, 0}
                                  (Effect4.Machine.RunMachine.{0, 0} ν σ Effect4.Machine.Val Effect4.Machine.Err
                                    Effect4.Machine.Defect Effect4.FiberId Effect4.Machine.Ann Effect4.Machine.Ctx
                                    Effect4.Machine.Stores
                                    (Effect4.Prim.{0, 0} ν σ Effect4.Machine.Val Effect4.Machine.Err
                                      Effect4.Machine.Defect Effect4.FiberId Effect4.Machine.Ann)
                                    (Effect4.FrameFiber.{0, 0} ν σ Effect4.Machine.Val Effect4.Machine.Err
                                      Effect4.Machine.Defect Effect4.FiberId Effect4.Machine.Ann)
                                    (Effect4.FrameEvent.{0, 0} ν σ Effect4.Machine.Val Effect4.Machine.Err
                                      Effect4.Machine.Defect Effect4.FiberId Effect4.Machine.Ann))
                                  (Prod.{0, 0}
                                    (Effect4.Machine.RunFiber.{0, 0} ν σ Effect4.Machine.Val Effect4.Machine.Err
                                      Effect4.Machine.Defect Effect4.FiberId Effect4.Machine.Ann Effect4.Machine.Ctx
                                      (Effect4.Prim.{0, 0} ν σ Effect4.Machine.Val Effect4.Machine.Err
                                        Effect4.Machine.Defect Effect4.FiberId Effect4.Machine.Ann)
                                      (Effect4.FrameFiber.{0, 0} ν σ Effect4.Machine.Val Effect4.Machine.Err
                                        Effect4.Machine.Defect Effect4.FiberId Effect4.Machine.Ann))
                                    (List.{0}
                                      (Effect4.Machine.Cmd.{0, 0} ν σ Effect4.Machine.Val Effect4.Machine.Err
                                        Effect4.Machine.Defect Effect4.FiberId Effect4.Machine.Ann
                                        (Effect4.Prim.{0, 0} ν σ Effect4.Machine.Val Effect4.Machine.Err
                                          Effect4.Machine.Defect Effect4.FiberId Effect4.Machine.Ann))))
                                  T)))
                            (@List.cons.{0} Effect4.Machine.Handle
                              (Effect4.Machine.Handle.fiber
                                (@Effect4.Machine.RunFiber.id.{0, 0} ν σ Effect4.Machine.Val Effect4.Machine.Err
                                  Effect4.Machine.Defect Effect4.FiberId Effect4.Machine.Ann Effect4.Machine.Ctx
                                  (Effect4.Prim.{0, 0} ν σ Effect4.Machine.Val Effect4.Machine.Err
                                    Effect4.Machine.Defect Effect4.FiberId Effect4.Machine.Ann)
                                  (Effect4.FrameFiber.{0, 0} ν σ Effect4.Machine.Val Effect4.Machine.Err
                                    Effect4.Machine.Defect Effect4.FiberId Effect4.Machine.Ann)
                                  f))
                              (@List.cons.{0} Effect4.Machine.Handle
                                (Effect4.Machine.Handle.fiber
                                  (@Prod.snd.{0, 0}
                                    (Effect4.Machine.RunFiber.{0, 0} ν σ Effect4.Machine.Val Effect4.Machine.Err
                                      Effect4.Machine.Defect Effect4.FiberId Effect4.Machine.Ann Effect4.Machine.Ctx
                                      (Effect4.Prim.{0, 0} ν σ Effect4.Machine.Val Effect4.Machine.Err
                                        Effect4.Machine.Defect Effect4.FiberId Effect4.Machine.Ann)
                                      (Effect4.FrameFiber.{0, 0} ν σ Effect4.Machine.Val Effect4.Machine.Err
                                        Effect4.Machine.Defect Effect4.FiberId Effect4.Machine.Ann))
                                    Effect4.FiberId
                                    (@Prod.snd.{0, 0}
                                      (Effect4.Machine.RunMachine.{0, 0} ν σ Effect4.Machine.Val Effect4.Machine.Err
                                        Effect4.Machine.Defect Effect4.FiberId Effect4.Machine.Ann Effect4.Machine.Ctx
                                        Effect4.Machine.Stores
                                        (Effect4.Prim.{0, 0} ν σ Effect4.Machine.Val Effect4.Machine.Err
                                          Effect4.Machine.Defect Effect4.FiberId Effect4.Machine.Ann)
                                        (Effect4.FrameFiber.{0, 0} ν σ Effect4.Machine.Val Effect4.Machine.Err
                                          Effect4.Machine.Defect Effect4.FiberId Effect4.Machine.Ann)
                                        (Effect4.FrameEvent.{0, 0} ν σ Effect4.Machine.Val Effect4.Machine.Err
                                          Effect4.Machine.Defect Effect4.FiberId Effect4.Machine.Ann))
                                      (Prod.{0, 0}
                                        (Effect4.Machine.RunFiber.{0, 0} ν σ Effect4.Machine.Val Effect4.Machine.Err
                                          Effect4.Machine.Defect Effect4.FiberId Effect4.Machine.Ann Effect4.Machine.Ctx
                                          (Effect4.Prim.{0, 0} ν σ Effect4.Machine.Val Effect4.Machine.Err
                                            Effect4.Machine.Defect Effect4.FiberId Effect4.Machine.Ann)
                                          (Effect4.FrameFiber.{0, 0} ν σ Effect4.Machine.Val Effect4.Machine.Err
                                            Effect4.Machine.Defect Effect4.FiberId Effect4.Machine.Ann))
                                        Effect4.FiberId)
                                      S)))
                                (@List.nil.{0} Effect4.Machine.Handle)))) →
                        @Eq.{1} (List.{0} Effect4.Machine.Handle)
                            (@Effect4.Machine.Outcome.keys ν σ
                              (@Effect4.Machine.Iter.outcome.{0, 0} ν σ Effect4.Machine.Val Effect4.Machine.Err
                                Effect4.Machine.Defect Effect4.FiberId Effect4.Machine.Ann Effect4.Machine.Ctx
                                Effect4.Machine.Stores
                                (Effect4.Prim.{0, 0} ν σ Effect4.Machine.Val Effect4.Machine.Err Effect4.Machine.Defect
                                  Effect4.FiberId Effect4.Machine.Ann)
                                (Effect4.FrameFiber.{0, 0} ν σ Effect4.Machine.Val Effect4.Machine.Err
                                  Effect4.Machine.Defect Effect4.FiberId Effect4.Machine.Ann)
                                (Effect4.FrameEvent.{0, 0} ν σ Effect4.Machine.Val Effect4.Machine.Err
                                  Effect4.Machine.Defect Effect4.FiberId Effect4.Machine.Ann)
                                it))
                            (@List.nil.{0} Effect4.Machine.Handle) →
                          @Effect4.Machine.IterMinted ν σ nk sk m it
STATEMENT Effect4.Machine.M1Origin.launchEntrant_minted ∀ {ν σ : Type} (nk : ν → List.{0} Effect4.Machine.Handle)
  (sk : σ → List.{0} Effect4.Machine.Handle)
  (interp :
    Effect4.Machine.RunInterp.{0, 0} ν σ Effect4.Machine.Val Effect4.Machine.Err Effect4.Machine.Defect Effect4.FiberId
      Effect4.Machine.Ann Effect4.Machine.Ctx Effect4.Machine.Stores
      (Effect4.Prim.{0, 0} ν σ Effect4.Machine.Val Effect4.Machine.Err Effect4.Machine.Defect Effect4.FiberId
        Effect4.Machine.Ann))
  (raceId : Nat)
  (m :
    Effect4.Machine.RunMachine.{0, 0} ν σ Effect4.Machine.Val Effect4.Machine.Err Effect4.Machine.Defect Effect4.FiberId
      Effect4.Machine.Ann Effect4.Machine.Ctx Effect4.Machine.Stores
      (Effect4.Prim.{0, 0} ν σ Effect4.Machine.Val Effect4.Machine.Err Effect4.Machine.Defect Effect4.FiberId
        Effect4.Machine.Ann)
      (Effect4.FrameFiber.{0, 0} ν σ Effect4.Machine.Val Effect4.Machine.Err Effect4.Machine.Defect Effect4.FiberId
        Effect4.Machine.Ann)
      (Effect4.FrameEvent.{0, 0} ν σ Effect4.Machine.Val Effect4.Machine.Err Effect4.Machine.Defect Effect4.FiberId
        Effect4.Machine.Ann))
  (host :
    Effect4.Machine.RunFiber.{0, 0} ν σ Effect4.Machine.Val Effect4.Machine.Err Effect4.Machine.Defect Effect4.FiberId
      Effect4.Machine.Ann Effect4.Machine.Ctx
      (Effect4.Prim.{0, 0} ν σ Effect4.Machine.Val Effect4.Machine.Err Effect4.Machine.Defect Effect4.FiberId
        Effect4.Machine.Ann)
      (Effect4.FrameFiber.{0, 0} ν σ Effect4.Machine.Val Effect4.Machine.Err Effect4.Machine.Defect Effect4.FiberId
        Effect4.Machine.Ann))
  (program :
    Effect4.Prim.{0, 0} ν σ Effect4.Machine.Val Effect4.Machine.Err Effect4.Machine.Defect Effect4.FiberId
      Effect4.Machine.Ann),
  @Effect4.Machine.MintedIn ν σ m
      (@HAppend.hAppend.{0, 0, 0} (List.{0} Effect4.Machine.Handle) (List.{0} Effect4.Machine.Handle)
        (List.{0} Effect4.Machine.Handle)
        (@instHAppendOfAppend.{0} (List.{0} Effect4.Machine.Handle) (@List.instAppend.{0} Effect4.Machine.Handle))
        (@HAppend.hAppend.{0, 0, 0} (List.{0} Effect4.Machine.Handle) (List.{0} Effect4.Machine.Handle)
          (List.{0} Effect4.Machine.Handle)
          (@instHAppendOfAppend.{0} (List.{0} Effect4.Machine.Handle) (@List.instAppend.{0} Effect4.Machine.Handle))
          (@List.cons.{0} Effect4.Machine.Handle
            (Effect4.Machine.Handle.fiber
              (@Effect4.Machine.RunFiber.id.{0, 0} ν σ Effect4.Machine.Val Effect4.Machine.Err Effect4.Machine.Defect
                Effect4.FiberId Effect4.Machine.Ann Effect4.Machine.Ctx
                (Effect4.Prim.{0, 0} ν σ Effect4.Machine.Val Effect4.Machine.Err Effect4.Machine.Defect Effect4.FiberId
                  Effect4.Machine.Ann)
                (Effect4.FrameFiber.{0, 0} ν σ Effect4.Machine.Val Effect4.Machine.Err Effect4.Machine.Defect
                  Effect4.FiberId Effect4.Machine.Ann)
                host))
            (@Effect4.Machine.RunMachine.keys ν σ nk sk m))
          (@Effect4.Machine.RunFiber.keys ν σ nk sk host))
        (@Effect4.Machine.primKeys ν σ nk sk program)) →
    ∀ (site : optParam.{1} (List.{0} Nat) (@List.nil.{0} Nat)),
      And
        ((@Effect4.Machine.RunMachine.world ν σ m).le
          (@Effect4.Machine.RunMachine.world ν σ
            (@Prod.fst.{0, 0}
              (Effect4.Machine.RunMachine.{0, 0} ν σ Effect4.Machine.Val Effect4.Machine.Err Effect4.Machine.Defect
                Effect4.FiberId Effect4.Machine.Ann Effect4.Machine.Ctx Effect4.Machine.Stores
                (Effect4.Prim.{0, 0} ν σ Effect4.Machine.Val Effect4.Machine.Err Effect4.Machine.Defect Effect4.FiberId
                  Effect4.Machine.Ann)
                (Effect4.FrameFiber.{0, 0} ν σ Effect4.Machine.Val Effect4.Machine.Err Effect4.Machine.Defect
                  Effect4.FiberId Effect4.Machine.Ann)
                (Effect4.FrameEvent.{0, 0} ν σ Effect4.Machine.Val Effect4.Machine.Err Effect4.Machine.Defect
                  Effect4.FiberId Effect4.Machine.Ann))
              Effect4.FiberId
              (@Effect4.Machine.launchEntrant.{0, 0} ν σ Effect4.Machine.Val Effect4.Machine.Err Effect4.Machine.Defect
                Effect4.FiberId Effect4.Machine.Ann Effect4.Machine.Ctx Effect4.Machine.Stores
                (Effect4.Prim.{0, 0} ν σ Effect4.Machine.Val Effect4.Machine.Err Effect4.Machine.Defect Effect4.FiberId
                  Effect4.Machine.Ann)
                (Effect4.FrameFiber.{0, 0} ν σ Effect4.Machine.Val Effect4.Machine.Err Effect4.Machine.Defect
                  Effect4.FiberId Effect4.Machine.Ann)
                (Effect4.FrameEvent.{0, 0} ν σ Effect4.Machine.Val Effect4.Machine.Err Effect4.Machine.Defect
                  Effect4.FiberId Effect4.Machine.Ann)
                (@Effect4.Machine.frameCore.{0, 0} ν σ Effect4.Machine.Val Effect4.Machine.Err Effect4.Machine.Defect
                  Effect4.FiberId Effect4.Machine.Ann)
                interp raceId m host program site))))
        (@Effect4.Machine.MintedIn ν σ
          (@Prod.fst.{0, 0}
            (Effect4.Machine.RunMachine.{0, 0} ν σ Effect4.Machine.Val Effect4.Machine.Err Effect4.Machine.Defect
              Effect4.FiberId Effect4.Machine.Ann Effect4.Machine.Ctx Effect4.Machine.Stores
              (Effect4.Prim.{0, 0} ν σ Effect4.Machine.Val Effect4.Machine.Err Effect4.Machine.Defect Effect4.FiberId
                Effect4.Machine.Ann)
              (Effect4.FrameFiber.{0, 0} ν σ Effect4.Machine.Val Effect4.Machine.Err Effect4.Machine.Defect
                Effect4.FiberId Effect4.Machine.Ann)
              (Effect4.FrameEvent.{0, 0} ν σ Effect4.Machine.Val Effect4.Machine.Err Effect4.Machine.Defect
                Effect4.FiberId Effect4.Machine.Ann))
            Effect4.FiberId
            (@Effect4.Machine.launchEntrant.{0, 0} ν σ Effect4.Machine.Val Effect4.Machine.Err Effect4.Machine.Defect
              Effect4.FiberId Effect4.Machine.Ann Effect4.Machine.Ctx Effect4.Machine.Stores
              (Effect4.Prim.{0, 0} ν σ Effect4.Machine.Val Effect4.Machine.Err Effect4.Machine.Defect Effect4.FiberId
                Effect4.Machine.Ann)
              (Effect4.FrameFiber.{0, 0} ν σ Effect4.Machine.Val Effect4.Machine.Err Effect4.Machine.Defect
                Effect4.FiberId Effect4.Machine.Ann)
              (Effect4.FrameEvent.{0, 0} ν σ Effect4.Machine.Val Effect4.Machine.Err Effect4.Machine.Defect
                Effect4.FiberId Effect4.Machine.Ann)
              (@Effect4.Machine.frameCore.{0, 0} ν σ Effect4.Machine.Val Effect4.Machine.Err Effect4.Machine.Defect
                Effect4.FiberId Effect4.Machine.Ann)
              interp raceId m host program site))
          (@List.cons.{0} Effect4.Machine.Handle
            (Effect4.Machine.Handle.fiber
              (@Prod.snd.{0, 0}
                (Effect4.Machine.RunMachine.{0, 0} ν σ Effect4.Machine.Val Effect4.Machine.Err Effect4.Machine.Defect
                  Effect4.FiberId Effect4.Machine.Ann Effect4.Machine.Ctx Effect4.Machine.Stores
                  (Effect4.Prim.{0, 0} ν σ Effect4.Machine.Val Effect4.Machine.Err Effect4.Machine.Defect
                    Effect4.FiberId Effect4.Machine.Ann)
                  (Effect4.FrameFiber.{0, 0} ν σ Effect4.Machine.Val Effect4.Machine.Err Effect4.Machine.Defect
                    Effect4.FiberId Effect4.Machine.Ann)
                  (Effect4.FrameEvent.{0, 0} ν σ Effect4.Machine.Val Effect4.Machine.Err Effect4.Machine.Defect
                    Effect4.FiberId Effect4.Machine.Ann))
                Effect4.FiberId
                (@Effect4.Machine.launchEntrant.{0, 0} ν σ Effect4.Machine.Val Effect4.Machine.Err
                  Effect4.Machine.Defect Effect4.FiberId Effect4.Machine.Ann Effect4.Machine.Ctx Effect4.Machine.Stores
                  (Effect4.Prim.{0, 0} ν σ Effect4.Machine.Val Effect4.Machine.Err Effect4.Machine.Defect
                    Effect4.FiberId Effect4.Machine.Ann)
                  (Effect4.FrameFiber.{0, 0} ν σ Effect4.Machine.Val Effect4.Machine.Err Effect4.Machine.Defect
                    Effect4.FiberId Effect4.Machine.Ann)
                  (Effect4.FrameEvent.{0, 0} ν σ Effect4.Machine.Val Effect4.Machine.Err Effect4.Machine.Defect
                    Effect4.FiberId Effect4.Machine.Ann)
                  (@Effect4.Machine.frameCore.{0, 0} ν σ Effect4.Machine.Val Effect4.Machine.Err Effect4.Machine.Defect
                    Effect4.FiberId Effect4.Machine.Ann)
                  interp raceId m host program site)))
            (@Effect4.Machine.RunMachine.keys ν σ nk sk
              (@Prod.fst.{0, 0}
                (Effect4.Machine.RunMachine.{0, 0} ν σ Effect4.Machine.Val Effect4.Machine.Err Effect4.Machine.Defect
                  Effect4.FiberId Effect4.Machine.Ann Effect4.Machine.Ctx Effect4.Machine.Stores
                  (Effect4.Prim.{0, 0} ν σ Effect4.Machine.Val Effect4.Machine.Err Effect4.Machine.Defect
                    Effect4.FiberId Effect4.Machine.Ann)
                  (Effect4.FrameFiber.{0, 0} ν σ Effect4.Machine.Val Effect4.Machine.Err Effect4.Machine.Defect
                    Effect4.FiberId Effect4.Machine.Ann)
                  (Effect4.FrameEvent.{0, 0} ν σ Effect4.Machine.Val Effect4.Machine.Err Effect4.Machine.Defect
                    Effect4.FiberId Effect4.Machine.Ann))
                Effect4.FiberId
                (@Effect4.Machine.launchEntrant.{0, 0} ν σ Effect4.Machine.Val Effect4.Machine.Err
                  Effect4.Machine.Defect Effect4.FiberId Effect4.Machine.Ann Effect4.Machine.Ctx Effect4.Machine.Stores
                  (Effect4.Prim.{0, 0} ν σ Effect4.Machine.Val Effect4.Machine.Err Effect4.Machine.Defect
                    Effect4.FiberId Effect4.Machine.Ann)
                  (Effect4.FrameFiber.{0, 0} ν σ Effect4.Machine.Val Effect4.Machine.Err Effect4.Machine.Defect
                    Effect4.FiberId Effect4.Machine.Ann)
                  (Effect4.FrameEvent.{0, 0} ν σ Effect4.Machine.Val Effect4.Machine.Err Effect4.Machine.Defect
                    Effect4.FiberId Effect4.Machine.Ann)
                  (@Effect4.Machine.frameCore.{0, 0} ν σ Effect4.Machine.Val Effect4.Machine.Err Effect4.Machine.Defect
                    Effect4.FiberId Effect4.Machine.Ann)
                  interp raceId m host program site)))))
STATEMENT Effect4.Machine.M1Origin.make_keys_subset ∀ {ν σ : Type} (nk : ν → List.{0} Effect4.Machine.Handle)
  (sk : σ → List.{0} Effect4.Machine.Handle) (id : Effect4.FiberId)
  (program :
    Effect4.Prim.{0, 0} ν σ Effect4.Machine.Val Effect4.Machine.Err Effect4.Machine.Defect Effect4.FiberId
      Effect4.Machine.Ann)
  (flag : Bool) (budget : Prod.{0, 0} Nat Bool) (ctx : Effect4.Machine.Ctx)
  (origin : optParam.{1} Effect4.Machine.Origin Effect4.Machine.Origin.root),
  @HasSubset.Subset.{0} (List.{0} Effect4.Machine.Handle) (@List.instHasSubset.{0} Effect4.Machine.Handle)
    (@Effect4.Machine.RunFiber.keys ν σ nk sk
      (@Effect4.Machine.RunFiber.make.{0, 0} ν σ Effect4.Machine.Val Effect4.Machine.Err Effect4.Machine.Defect
        Effect4.FiberId Effect4.Machine.Ann Effect4.Machine.Ctx
        (Effect4.Prim.{0, 0} ν σ Effect4.Machine.Val Effect4.Machine.Err Effect4.Machine.Defect Effect4.FiberId
          Effect4.Machine.Ann)
        (Effect4.FrameFiber.{0, 0} ν σ Effect4.Machine.Val Effect4.Machine.Err Effect4.Machine.Defect Effect4.FiberId
          Effect4.Machine.Ann)
        (@Effect4.Machine.frameCore.{0, 0} ν σ Effect4.Machine.Val Effect4.Machine.Err Effect4.Machine.Defect
          Effect4.FiberId Effect4.Machine.Ann)
        id program flag budget ctx origin))
    (@HAppend.hAppend.{0, 0, 0} (List.{0} Effect4.Machine.Handle) (List.{0} Effect4.Machine.Handle)
      (List.{0} Effect4.Machine.Handle)
      (@instHAppendOfAppend.{0} (List.{0} Effect4.Machine.Handle) (@List.instAppend.{0} Effect4.Machine.Handle))
      (@Effect4.Machine.primKeys ν σ nk sk program) ctx.keys)
STATEMENT Effect4.Machine.M1Origin.spawnChild_keys_subset ∀ {ν σ : Type} (nk : ν → List.{0} Effect4.Machine.Handle)
  (sk : σ → List.{0} Effect4.Machine.Handle)
  (interp :
    Effect4.Machine.RunInterp.{0, 0} ν σ Effect4.Machine.Val Effect4.Machine.Err Effect4.Machine.Defect Effect4.FiberId
      Effect4.Machine.Ann Effect4.Machine.Ctx Effect4.Machine.Stores
      (Effect4.Prim.{0, 0} ν σ Effect4.Machine.Val Effect4.Machine.Err Effect4.Machine.Defect Effect4.FiberId
        Effect4.Machine.Ann))
  (m :
    Effect4.Machine.RunMachine.{0, 0} ν σ Effect4.Machine.Val Effect4.Machine.Err Effect4.Machine.Defect Effect4.FiberId
      Effect4.Machine.Ann Effect4.Machine.Ctx Effect4.Machine.Stores
      (Effect4.Prim.{0, 0} ν σ Effect4.Machine.Val Effect4.Machine.Err Effect4.Machine.Defect Effect4.FiberId
        Effect4.Machine.Ann)
      (Effect4.FrameFiber.{0, 0} ν σ Effect4.Machine.Val Effect4.Machine.Err Effect4.Machine.Defect Effect4.FiberId
        Effect4.Machine.Ann)
      (Effect4.FrameEvent.{0, 0} ν σ Effect4.Machine.Val Effect4.Machine.Err Effect4.Machine.Defect Effect4.FiberId
        Effect4.Machine.Ann))
  (parent :
    Effect4.Machine.RunFiber.{0, 0} ν σ Effect4.Machine.Val Effect4.Machine.Err Effect4.Machine.Defect Effect4.FiberId
      Effect4.Machine.Ann Effect4.Machine.Ctx
      (Effect4.Prim.{0, 0} ν σ Effect4.Machine.Val Effect4.Machine.Err Effect4.Machine.Defect Effect4.FiberId
        Effect4.Machine.Ann)
      (Effect4.FrameFiber.{0, 0} ν σ Effect4.Machine.Val Effect4.Machine.Err Effect4.Machine.Defect Effect4.FiberId
        Effect4.Machine.Ann))
  (program :
    Effect4.Prim.{0, 0} ν σ Effect4.Machine.Val Effect4.Machine.Err Effect4.Machine.Defect Effect4.FiberId
      Effect4.Machine.Ann)
  (options : Effect4.Supervision.ForkOptions) (site : optParam.{1} (List.{0} Nat) (@List.nil.{0} Nat)),
  @HasSubset.Subset.{0} (List.{0} Effect4.Machine.Handle) (@List.instHasSubset.{0} Effect4.Machine.Handle)
    (@Effect4.Machine.RunFiber.keys ν σ nk sk
      (@Effect4.Machine.spawnChild.{0, 0} ν σ Effect4.Machine.Val Effect4.Machine.Err Effect4.Machine.Defect
        Effect4.FiberId Effect4.Machine.Ann Effect4.Machine.Ctx Effect4.Machine.Stores interp m parent program options
        site))
    (@HAppend.hAppend.{0, 0, 0} (List.{0} Effect4.Machine.Handle) (List.{0} Effect4.Machine.Handle)
      (List.{0} Effect4.Machine.Handle)
      (@instHAppendOfAppend.{0} (List.{0} Effect4.Machine.Handle) (@List.instAppend.{0} Effect4.Machine.Handle))
      (@List.cons.{0} Effect4.Machine.Handle
        (Effect4.Machine.Handle.fiber
          (@Effect4.Machine.RunFiber.id.{0, 0} ν σ Effect4.Machine.Val Effect4.Machine.Err Effect4.Machine.Defect
            Effect4.FiberId Effect4.Machine.Ann Effect4.Machine.Ctx
            (Effect4.Prim.{0, 0} ν σ Effect4.Machine.Val Effect4.Machine.Err Effect4.Machine.Defect Effect4.FiberId
              Effect4.Machine.Ann)
            (Effect4.FrameFiber.{0, 0} ν σ Effect4.Machine.Val Effect4.Machine.Err Effect4.Machine.Defect
              Effect4.FiberId Effect4.Machine.Ann)
            parent))
        (@Effect4.Machine.primKeys ν σ nk sk program))
      (@Effect4.Machine.RunFiber.context.{0, 0} ν σ Effect4.Machine.Val Effect4.Machine.Err Effect4.Machine.Defect
          Effect4.FiberId Effect4.Machine.Ann Effect4.Machine.Ctx
          (Effect4.Prim.{0, 0} ν σ Effect4.Machine.Val Effect4.Machine.Err Effect4.Machine.Defect Effect4.FiberId
            Effect4.Machine.Ann)
          (Effect4.FrameFiber.{0, 0} ν σ Effect4.Machine.Val Effect4.Machine.Err Effect4.Machine.Defect Effect4.FiberId
            Effect4.Machine.Ann)
          parent).keys)
STATEMENT Effect4.Machine.M1Origin.spawn_minted ∀ {ν σ : Type} (nk : ν → List.{0} Effect4.Machine.Handle)
  (sk : σ → List.{0} Effect4.Machine.Handle)
  (interp :
    Effect4.Machine.RunInterp.{0, 0} ν σ Effect4.Machine.Val Effect4.Machine.Err Effect4.Machine.Defect Effect4.FiberId
      Effect4.Machine.Ann Effect4.Machine.Ctx Effect4.Machine.Stores
      (Effect4.Prim.{0, 0} ν σ Effect4.Machine.Val Effect4.Machine.Err Effect4.Machine.Defect Effect4.FiberId
        Effect4.Machine.Ann))
  (m :
    Effect4.Machine.RunMachine.{0, 0} ν σ Effect4.Machine.Val Effect4.Machine.Err Effect4.Machine.Defect Effect4.FiberId
      Effect4.Machine.Ann Effect4.Machine.Ctx Effect4.Machine.Stores
      (Effect4.Prim.{0, 0} ν σ Effect4.Machine.Val Effect4.Machine.Err Effect4.Machine.Defect Effect4.FiberId
        Effect4.Machine.Ann)
      (Effect4.FrameFiber.{0, 0} ν σ Effect4.Machine.Val Effect4.Machine.Err Effect4.Machine.Defect Effect4.FiberId
        Effect4.Machine.Ann)
      (Effect4.FrameEvent.{0, 0} ν σ Effect4.Machine.Val Effect4.Machine.Err Effect4.Machine.Defect Effect4.FiberId
        Effect4.Machine.Ann))
  (parent :
    Effect4.Machine.RunFiber.{0, 0} ν σ Effect4.Machine.Val Effect4.Machine.Err Effect4.Machine.Defect Effect4.FiberId
      Effect4.Machine.Ann Effect4.Machine.Ctx
      (Effect4.Prim.{0, 0} ν σ Effect4.Machine.Val Effect4.Machine.Err Effect4.Machine.Defect Effect4.FiberId
        Effect4.Machine.Ann)
      (Effect4.FrameFiber.{0, 0} ν σ Effect4.Machine.Val Effect4.Machine.Err Effect4.Machine.Defect Effect4.FiberId
        Effect4.Machine.Ann))
  (program :
    Effect4.Prim.{0, 0} ν σ Effect4.Machine.Val Effect4.Machine.Err Effect4.Machine.Defect Effect4.FiberId
      Effect4.Machine.Ann)
  (options : Effect4.Supervision.ForkOptions),
  @Effect4.Machine.MintedIn ν σ m
      (@HAppend.hAppend.{0, 0, 0} (List.{0} Effect4.Machine.Handle) (List.{0} Effect4.Machine.Handle)
        (List.{0} Effect4.Machine.Handle)
        (@instHAppendOfAppend.{0} (List.{0} Effect4.Machine.Handle) (@List.instAppend.{0} Effect4.Machine.Handle))
        (@HAppend.hAppend.{0, 0, 0} (List.{0} Effect4.Machine.Handle) (List.{0} Effect4.Machine.Handle)
          (List.{0} Effect4.Machine.Handle)
          (@instHAppendOfAppend.{0} (List.{0} Effect4.Machine.Handle) (@List.instAppend.{0} Effect4.Machine.Handle))
          (@List.cons.{0} Effect4.Machine.Handle
            (Effect4.Machine.Handle.fiber
              (@Effect4.Machine.RunFiber.id.{0, 0} ν σ Effect4.Machine.Val Effect4.Machine.Err Effect4.Machine.Defect
                Effect4.FiberId Effect4.Machine.Ann Effect4.Machine.Ctx
                (Effect4.Prim.{0, 0} ν σ Effect4.Machine.Val Effect4.Machine.Err Effect4.Machine.Defect Effect4.FiberId
                  Effect4.Machine.Ann)
                (Effect4.FrameFiber.{0, 0} ν σ Effect4.Machine.Val Effect4.Machine.Err Effect4.Machine.Defect
                  Effect4.FiberId Effect4.Machine.Ann)
                parent))
            (@Effect4.Machine.RunMachine.keys ν σ nk sk m))
          (@Effect4.Machine.RunFiber.keys ν σ nk sk parent))
        (@Effect4.Machine.primKeys ν σ nk sk program)) →
    ∀ (site : optParam.{1} (List.{0} Nat) (@List.nil.{0} Nat)),
      And
        ((@Effect4.Machine.RunMachine.world ν σ m).le
          (@Effect4.Machine.RunMachine.world ν σ
            (@Prod.fst.{0, 0}
              (Effect4.Machine.RunMachine.{0, 0} ν σ Effect4.Machine.Val Effect4.Machine.Err Effect4.Machine.Defect
                Effect4.FiberId Effect4.Machine.Ann Effect4.Machine.Ctx Effect4.Machine.Stores
                (Effect4.Prim.{0, 0} ν σ Effect4.Machine.Val Effect4.Machine.Err Effect4.Machine.Defect Effect4.FiberId
                  Effect4.Machine.Ann)
                (Effect4.FrameFiber.{0, 0} ν σ Effect4.Machine.Val Effect4.Machine.Err Effect4.Machine.Defect
                  Effect4.FiberId Effect4.Machine.Ann)
                (Effect4.FrameEvent.{0, 0} ν σ Effect4.Machine.Val Effect4.Machine.Err Effect4.Machine.Defect
                  Effect4.FiberId Effect4.Machine.Ann))
              (Prod.{0, 0}
                (Effect4.Machine.RunFiber.{0, 0} ν σ Effect4.Machine.Val Effect4.Machine.Err Effect4.Machine.Defect
                  Effect4.FiberId Effect4.Machine.Ann Effect4.Machine.Ctx
                  (Effect4.Prim.{0, 0} ν σ Effect4.Machine.Val Effect4.Machine.Err Effect4.Machine.Defect
                    Effect4.FiberId Effect4.Machine.Ann)
                  (Effect4.FrameFiber.{0, 0} ν σ Effect4.Machine.Val Effect4.Machine.Err Effect4.Machine.Defect
                    Effect4.FiberId Effect4.Machine.Ann))
                Effect4.FiberId)
              (@Effect4.Machine.spawn.{0, 0} ν σ Effect4.Machine.Val Effect4.Machine.Err Effect4.Machine.Defect
                Effect4.FiberId Effect4.Machine.Ann Effect4.Machine.Ctx Effect4.Machine.Stores
                (Effect4.Prim.{0, 0} ν σ Effect4.Machine.Val Effect4.Machine.Err Effect4.Machine.Defect Effect4.FiberId
                  Effect4.Machine.Ann)
                (Effect4.FrameFiber.{0, 0} ν σ Effect4.Machine.Val Effect4.Machine.Err Effect4.Machine.Defect
                  Effect4.FiberId Effect4.Machine.Ann)
                (Effect4.FrameEvent.{0, 0} ν σ Effect4.Machine.Val Effect4.Machine.Err Effect4.Machine.Defect
                  Effect4.FiberId Effect4.Machine.Ann)
                (@Effect4.Machine.frameCore.{0, 0} ν σ Effect4.Machine.Val Effect4.Machine.Err Effect4.Machine.Defect
                  Effect4.FiberId Effect4.Machine.Ann)
                interp m parent program options site))))
        (@Effect4.Machine.MintedIn ν σ
          (@Prod.fst.{0, 0}
            (Effect4.Machine.RunMachine.{0, 0} ν σ Effect4.Machine.Val Effect4.Machine.Err Effect4.Machine.Defect
              Effect4.FiberId Effect4.Machine.Ann Effect4.Machine.Ctx Effect4.Machine.Stores
              (Effect4.Prim.{0, 0} ν σ Effect4.Machine.Val Effect4.Machine.Err Effect4.Machine.Defect Effect4.FiberId
                Effect4.Machine.Ann)
              (Effect4.FrameFiber.{0, 0} ν σ Effect4.Machine.Val Effect4.Machine.Err Effect4.Machine.Defect
                Effect4.FiberId Effect4.Machine.Ann)
              (Effect4.FrameEvent.{0, 0} ν σ Effect4.Machine.Val Effect4.Machine.Err Effect4.Machine.Defect
                Effect4.FiberId Effect4.Machine.Ann))
            (Prod.{0, 0}
              (Effect4.Machine.RunFiber.{0, 0} ν σ Effect4.Machine.Val Effect4.Machine.Err Effect4.Machine.Defect
                Effect4.FiberId Effect4.Machine.Ann Effect4.Machine.Ctx
                (Effect4.Prim.{0, 0} ν σ Effect4.Machine.Val Effect4.Machine.Err Effect4.Machine.Defect Effect4.FiberId
                  Effect4.Machine.Ann)
                (Effect4.FrameFiber.{0, 0} ν σ Effect4.Machine.Val Effect4.Machine.Err Effect4.Machine.Defect
                  Effect4.FiberId Effect4.Machine.Ann))
              Effect4.FiberId)
            (@Effect4.Machine.spawn.{0, 0} ν σ Effect4.Machine.Val Effect4.Machine.Err Effect4.Machine.Defect
              Effect4.FiberId Effect4.Machine.Ann Effect4.Machine.Ctx Effect4.Machine.Stores
              (Effect4.Prim.{0, 0} ν σ Effect4.Machine.Val Effect4.Machine.Err Effect4.Machine.Defect Effect4.FiberId
                Effect4.Machine.Ann)
              (Effect4.FrameFiber.{0, 0} ν σ Effect4.Machine.Val Effect4.Machine.Err Effect4.Machine.Defect
                Effect4.FiberId Effect4.Machine.Ann)
              (Effect4.FrameEvent.{0, 0} ν σ Effect4.Machine.Val Effect4.Machine.Err Effect4.Machine.Defect
                Effect4.FiberId Effect4.Machine.Ann)
              (@Effect4.Machine.frameCore.{0, 0} ν σ Effect4.Machine.Val Effect4.Machine.Err Effect4.Machine.Defect
                Effect4.FiberId Effect4.Machine.Ann)
              interp m parent program options site))
          (@HAppend.hAppend.{0, 0, 0} (List.{0} Effect4.Machine.Handle) (List.{0} Effect4.Machine.Handle)
            (List.{0} Effect4.Machine.Handle)
            (@instHAppendOfAppend.{0} (List.{0} Effect4.Machine.Handle) (@List.instAppend.{0} Effect4.Machine.Handle))
            (@List.cons.{0} Effect4.Machine.Handle
              (Effect4.Machine.Handle.fiber
                (@Prod.snd.{0, 0}
                  (Effect4.Machine.RunFiber.{0, 0} ν σ Effect4.Machine.Val Effect4.Machine.Err Effect4.Machine.Defect
                    Effect4.FiberId Effect4.Machine.Ann Effect4.Machine.Ctx
                    (Effect4.Prim.{0, 0} ν σ Effect4.Machine.Val Effect4.Machine.Err Effect4.Machine.Defect
                      Effect4.FiberId Effect4.Machine.Ann)
                    (Effect4.FrameFiber.{0, 0} ν σ Effect4.Machine.Val Effect4.Machine.Err Effect4.Machine.Defect
                      Effect4.FiberId Effect4.Machine.Ann))
                  Effect4.FiberId
                  (@Prod.snd.{0, 0}
                    (Effect4.Machine.RunMachine.{0, 0} ν σ Effect4.Machine.Val Effect4.Machine.Err
                      Effect4.Machine.Defect Effect4.FiberId Effect4.Machine.Ann Effect4.Machine.Ctx
                      Effect4.Machine.Stores
                      (Effect4.Prim.{0, 0} ν σ Effect4.Machine.Val Effect4.Machine.Err Effect4.Machine.Defect
                        Effect4.FiberId Effect4.Machine.Ann)
                      (Effect4.FrameFiber.{0, 0} ν σ Effect4.Machine.Val Effect4.Machine.Err Effect4.Machine.Defect
                        Effect4.FiberId Effect4.Machine.Ann)
                      (Effect4.FrameEvent.{0, 0} ν σ Effect4.Machine.Val Effect4.Machine.Err Effect4.Machine.Defect
                        Effect4.FiberId Effect4.Machine.Ann))
                    (Prod.{0, 0}
                      (Effect4.Machine.RunFiber.{0, 0} ν σ Effect4.Machine.Val Effect4.Machine.Err
                        Effect4.Machine.Defect Effect4.FiberId Effect4.Machine.Ann Effect4.Machine.Ctx
                        (Effect4.Prim.{0, 0} ν σ Effect4.Machine.Val Effect4.Machine.Err Effect4.Machine.Defect
                          Effect4.FiberId Effect4.Machine.Ann)
                        (Effect4.FrameFiber.{0, 0} ν σ Effect4.Machine.Val Effect4.Machine.Err Effect4.Machine.Defect
                          Effect4.FiberId Effect4.Machine.Ann))
                      Effect4.FiberId)
                    (@Effect4.Machine.spawn.{0, 0} ν σ Effect4.Machine.Val Effect4.Machine.Err Effect4.Machine.Defect
                      Effect4.FiberId Effect4.Machine.Ann Effect4.Machine.Ctx Effect4.Machine.Stores
                      (Effect4.Prim.{0, 0} ν σ Effect4.Machine.Val Effect4.Machine.Err Effect4.Machine.Defect
                        Effect4.FiberId Effect4.Machine.Ann)
                      (Effect4.FrameFiber.{0, 0} ν σ Effect4.Machine.Val Effect4.Machine.Err Effect4.Machine.Defect
                        Effect4.FiberId Effect4.Machine.Ann)
                      (Effect4.FrameEvent.{0, 0} ν σ Effect4.Machine.Val Effect4.Machine.Err Effect4.Machine.Defect
                        Effect4.FiberId Effect4.Machine.Ann)
                      (@Effect4.Machine.frameCore.{0, 0} ν σ Effect4.Machine.Val Effect4.Machine.Err
                        Effect4.Machine.Defect Effect4.FiberId Effect4.Machine.Ann)
                      interp m parent program options site))))
              (@Effect4.Machine.RunMachine.keys ν σ nk sk
                (@Prod.fst.{0, 0}
                  (Effect4.Machine.RunMachine.{0, 0} ν σ Effect4.Machine.Val Effect4.Machine.Err Effect4.Machine.Defect
                    Effect4.FiberId Effect4.Machine.Ann Effect4.Machine.Ctx Effect4.Machine.Stores
                    (Effect4.Prim.{0, 0} ν σ Effect4.Machine.Val Effect4.Machine.Err Effect4.Machine.Defect
                      Effect4.FiberId Effect4.Machine.Ann)
                    (Effect4.FrameFiber.{0, 0} ν σ Effect4.Machine.Val Effect4.Machine.Err Effect4.Machine.Defect
                      Effect4.FiberId Effect4.Machine.Ann)
                    (Effect4.FrameEvent.{0, 0} ν σ Effect4.Machine.Val Effect4.Machine.Err Effect4.Machine.Defect
                      Effect4.FiberId Effect4.Machine.Ann))
                  (Prod.{0, 0}
                    (Effect4.Machine.RunFiber.{0, 0} ν σ Effect4.Machine.Val Effect4.Machine.Err Effect4.Machine.Defect
                      Effect4.FiberId Effect4.Machine.Ann Effect4.Machine.Ctx
                      (Effect4.Prim.{0, 0} ν σ Effect4.Machine.Val Effect4.Machine.Err Effect4.Machine.Defect
                        Effect4.FiberId Effect4.Machine.Ann)
                      (Effect4.FrameFiber.{0, 0} ν σ Effect4.Machine.Val Effect4.Machine.Err Effect4.Machine.Defect
                        Effect4.FiberId Effect4.Machine.Ann))
                    Effect4.FiberId)
                  (@Effect4.Machine.spawn.{0, 0} ν σ Effect4.Machine.Val Effect4.Machine.Err Effect4.Machine.Defect
                    Effect4.FiberId Effect4.Machine.Ann Effect4.Machine.Ctx Effect4.Machine.Stores
                    (Effect4.Prim.{0, 0} ν σ Effect4.Machine.Val Effect4.Machine.Err Effect4.Machine.Defect
                      Effect4.FiberId Effect4.Machine.Ann)
                    (Effect4.FrameFiber.{0, 0} ν σ Effect4.Machine.Val Effect4.Machine.Err Effect4.Machine.Defect
                      Effect4.FiberId Effect4.Machine.Ann)
                    (Effect4.FrameEvent.{0, 0} ν σ Effect4.Machine.Val Effect4.Machine.Err Effect4.Machine.Defect
                      Effect4.FiberId Effect4.Machine.Ann)
                    (@Effect4.Machine.frameCore.{0, 0} ν σ Effect4.Machine.Val Effect4.Machine.Err
                      Effect4.Machine.Defect Effect4.FiberId Effect4.Machine.Ann)
                    interp m parent program options site))))
            (@Effect4.Machine.RunFiber.keys ν σ nk sk
              (@Prod.fst.{0, 0}
                (Effect4.Machine.RunFiber.{0, 0} ν σ Effect4.Machine.Val Effect4.Machine.Err Effect4.Machine.Defect
                  Effect4.FiberId Effect4.Machine.Ann Effect4.Machine.Ctx
                  (Effect4.Prim.{0, 0} ν σ Effect4.Machine.Val Effect4.Machine.Err Effect4.Machine.Defect
                    Effect4.FiberId Effect4.Machine.Ann)
                  (Effect4.FrameFiber.{0, 0} ν σ Effect4.Machine.Val Effect4.Machine.Err Effect4.Machine.Defect
                    Effect4.FiberId Effect4.Machine.Ann))
                Effect4.FiberId
                (@Prod.snd.{0, 0}
                  (Effect4.Machine.RunMachine.{0, 0} ν σ Effect4.Machine.Val Effect4.Machine.Err Effect4.Machine.Defect
                    Effect4.FiberId Effect4.Machine.Ann Effect4.Machine.Ctx Effect4.Machine.Stores
                    (Effect4.Prim.{0, 0} ν σ Effect4.Machine.Val Effect4.Machine.Err Effect4.Machine.Defect
                      Effect4.FiberId Effect4.Machine.Ann)
                    (Effect4.FrameFiber.{0, 0} ν σ Effect4.Machine.Val Effect4.Machine.Err Effect4.Machine.Defect
                      Effect4.FiberId Effect4.Machine.Ann)
                    (Effect4.FrameEvent.{0, 0} ν σ Effect4.Machine.Val Effect4.Machine.Err Effect4.Machine.Defect
                      Effect4.FiberId Effect4.Machine.Ann))
                  (Prod.{0, 0}
                    (Effect4.Machine.RunFiber.{0, 0} ν σ Effect4.Machine.Val Effect4.Machine.Err Effect4.Machine.Defect
                      Effect4.FiberId Effect4.Machine.Ann Effect4.Machine.Ctx
                      (Effect4.Prim.{0, 0} ν σ Effect4.Machine.Val Effect4.Machine.Err Effect4.Machine.Defect
                        Effect4.FiberId Effect4.Machine.Ann)
                      (Effect4.FrameFiber.{0, 0} ν σ Effect4.Machine.Val Effect4.Machine.Err Effect4.Machine.Defect
                        Effect4.FiberId Effect4.Machine.Ann))
                    Effect4.FiberId)
                  (@Effect4.Machine.spawn.{0, 0} ν σ Effect4.Machine.Val Effect4.Machine.Err Effect4.Machine.Defect
                    Effect4.FiberId Effect4.Machine.Ann Effect4.Machine.Ctx Effect4.Machine.Stores
                    (Effect4.Prim.{0, 0} ν σ Effect4.Machine.Val Effect4.Machine.Err Effect4.Machine.Defect
                      Effect4.FiberId Effect4.Machine.Ann)
                    (Effect4.FrameFiber.{0, 0} ν σ Effect4.Machine.Val Effect4.Machine.Err Effect4.Machine.Defect
                      Effect4.FiberId Effect4.Machine.Ann)
                    (Effect4.FrameEvent.{0, 0} ν σ Effect4.Machine.Val Effect4.Machine.Err Effect4.Machine.Defect
                      Effect4.FiberId Effect4.Machine.Ann)
                    (@Effect4.Machine.frameCore.{0, 0} ν σ Effect4.Machine.Val Effect4.Machine.Err
                      Effect4.Machine.Defect Effect4.FiberId Effect4.Machine.Ann)
                    interp m parent program options site))))))
STATEMENT Effect4.Machine.M1Origin.withFiber_forkIn_minted ∀ {ν σ : Type} (nk : ν → List.{0} Effect4.Machine.Handle)
  (sk : σ → List.{0} Effect4.Machine.Handle)
  {interp :
    Effect4.Machine.RunInterp.{0, 0} ν σ Effect4.Machine.Val Effect4.Machine.Err Effect4.Machine.Defect Effect4.FiberId
      Effect4.Machine.Ann Effect4.Machine.Ctx Effect4.Machine.Stores
      (Effect4.Prim.{0, 0} ν σ Effect4.Machine.Val Effect4.Machine.Err Effect4.Machine.Defect Effect4.FiberId
        Effect4.Machine.Ann)}
  {ambient : List.{0} Effect4.Machine.Handle},
  @Effect4.Machine.KeyBounded ν σ nk sk interp ambient →
    ∀
      (m :
        Effect4.Machine.RunMachine.{0, 0} ν σ Effect4.Machine.Val Effect4.Machine.Err Effect4.Machine.Defect
          Effect4.FiberId Effect4.Machine.Ann Effect4.Machine.Ctx Effect4.Machine.Stores
          (Effect4.Prim.{0, 0} ν σ Effect4.Machine.Val Effect4.Machine.Err Effect4.Machine.Defect Effect4.FiberId
            Effect4.Machine.Ann)
          (Effect4.FrameFiber.{0, 0} ν σ Effect4.Machine.Val Effect4.Machine.Err Effect4.Machine.Defect Effect4.FiberId
            Effect4.Machine.Ann)
          (Effect4.FrameEvent.{0, 0} ν σ Effect4.Machine.Val Effect4.Machine.Err Effect4.Machine.Defect Effect4.FiberId
            Effect4.Machine.Ann))
      (f :
        Effect4.Machine.RunFiber.{0, 0} ν σ Effect4.Machine.Val Effect4.Machine.Err Effect4.Machine.Defect
          Effect4.FiberId Effect4.Machine.Ann Effect4.Machine.Ctx
          (Effect4.Prim.{0, 0} ν σ Effect4.Machine.Val Effect4.Machine.Err Effect4.Machine.Defect Effect4.FiberId
            Effect4.Machine.Ann)
          (Effect4.FrameFiber.{0, 0} ν σ Effect4.Machine.Val Effect4.Machine.Err Effect4.Machine.Defect Effect4.FiberId
            Effect4.Machine.Ann))
      (yielding : Bool)
      (program :
        Effect4.Prim.{0, 0} ν σ Effect4.Machine.Val Effect4.Machine.Err Effect4.Machine.Defect Effect4.FiberId
          Effect4.Machine.Ann)
      (options : Effect4.Supervision.ForkOptions) (scope : Nat) {site : List.{0} Nat},
      @Effect4.Machine.MintedIn ν σ m
          (@HAppend.hAppend.{0, 0, 0} (List.{0} Effect4.Machine.Handle) (List.{0} Effect4.Machine.Handle)
            (List.{0} Effect4.Machine.Handle)
            (@instHAppendOfAppend.{0} (List.{0} Effect4.Machine.Handle) (@List.instAppend.{0} Effect4.Machine.Handle))
            (@HAppend.hAppend.{0, 0, 0} (List.{0} Effect4.Machine.Handle) (List.{0} Effect4.Machine.Handle)
              (List.{0} Effect4.Machine.Handle)
              (@instHAppendOfAppend.{0} (List.{0} Effect4.Machine.Handle) (@List.instAppend.{0} Effect4.Machine.Handle))
              (@List.cons.{0} Effect4.Machine.Handle
                (Effect4.Machine.Handle.fiber
                  (@Effect4.Machine.RunFiber.id.{0, 0} ν σ Effect4.Machine.Val Effect4.Machine.Err
                    Effect4.Machine.Defect Effect4.FiberId Effect4.Machine.Ann Effect4.Machine.Ctx
                    (Effect4.Prim.{0, 0} ν σ Effect4.Machine.Val Effect4.Machine.Err Effect4.Machine.Defect
                      Effect4.FiberId Effect4.Machine.Ann)
                    (Effect4.FrameFiber.{0, 0} ν σ Effect4.Machine.Val Effect4.Machine.Err Effect4.Machine.Defect
                      Effect4.FiberId Effect4.Machine.Ann)
                    f))
                (@Effect4.Machine.RunMachine.keys ν σ nk sk m))
              (@Effect4.Machine.RunFiber.keys ν σ nk sk f))
            (@Effect4.Machine.WithFiberAction.keys ν σ nk sk
              (@Effect4.Machine.WithFiberAction.forkIn.{0, 0} ν σ Effect4.Machine.Val Effect4.Machine.Err
                Effect4.Machine.Defect Effect4.FiberId Effect4.Machine.Ann Effect4.Machine.Ctx
                (Effect4.Prim.{0, 0} ν σ Effect4.Machine.Val Effect4.Machine.Err Effect4.Machine.Defect Effect4.FiberId
                  Effect4.Machine.Ann)
                program options scope site))) →
        @Effect4.Machine.IterMinted ν σ nk sk m
          (@Effect4.Machine.evaluatePrim.withFiber.{0, 0} ν σ Effect4.Machine.Val Effect4.Machine.Err
            Effect4.Machine.Defect Effect4.FiberId Effect4.Machine.Ann Effect4.Machine.Ctx Effect4.Machine.Stores
            Effect4.Machine.instDecidableEqErr Effect4.Machine.instDecidableEqDefect Effect4.instDecidableEqFiberId
            instDecidableEqPUnit.{1} interp m f yielding
            (@Effect4.Machine.WithFiberAction.forkIn.{0, 0} ν σ Effect4.Machine.Val Effect4.Machine.Err
              Effect4.Machine.Defect Effect4.FiberId Effect4.Machine.Ann Effect4.Machine.Ctx
              (Effect4.Prim.{0, 0} ν σ Effect4.Machine.Val Effect4.Machine.Err Effect4.Machine.Defect Effect4.FiberId
                Effect4.Machine.Ann)
              program options scope site))
STATEMENT Effect4.Machine.M1Origin.withFiber_forkScoped_minted ∀ {ν σ : Type} (nk : ν → List.{0} Effect4.Machine.Handle)
  (sk : σ → List.{0} Effect4.Machine.Handle)
  {interp :
    Effect4.Machine.RunInterp.{0, 0} ν σ Effect4.Machine.Val Effect4.Machine.Err Effect4.Machine.Defect Effect4.FiberId
      Effect4.Machine.Ann Effect4.Machine.Ctx Effect4.Machine.Stores
      (Effect4.Prim.{0, 0} ν σ Effect4.Machine.Val Effect4.Machine.Err Effect4.Machine.Defect Effect4.FiberId
        Effect4.Machine.Ann)}
  {ambient : List.{0} Effect4.Machine.Handle},
  @Effect4.Machine.KeyBounded ν σ nk sk interp ambient →
    ∀
      (m :
        Effect4.Machine.RunMachine.{0, 0} ν σ Effect4.Machine.Val Effect4.Machine.Err Effect4.Machine.Defect
          Effect4.FiberId Effect4.Machine.Ann Effect4.Machine.Ctx Effect4.Machine.Stores
          (Effect4.Prim.{0, 0} ν σ Effect4.Machine.Val Effect4.Machine.Err Effect4.Machine.Defect Effect4.FiberId
            Effect4.Machine.Ann)
          (Effect4.FrameFiber.{0, 0} ν σ Effect4.Machine.Val Effect4.Machine.Err Effect4.Machine.Defect Effect4.FiberId
            Effect4.Machine.Ann)
          (Effect4.FrameEvent.{0, 0} ν σ Effect4.Machine.Val Effect4.Machine.Err Effect4.Machine.Defect Effect4.FiberId
            Effect4.Machine.Ann))
      (f :
        Effect4.Machine.RunFiber.{0, 0} ν σ Effect4.Machine.Val Effect4.Machine.Err Effect4.Machine.Defect
          Effect4.FiberId Effect4.Machine.Ann Effect4.Machine.Ctx
          (Effect4.Prim.{0, 0} ν σ Effect4.Machine.Val Effect4.Machine.Err Effect4.Machine.Defect Effect4.FiberId
            Effect4.Machine.Ann)
          (Effect4.FrameFiber.{0, 0} ν σ Effect4.Machine.Val Effect4.Machine.Err Effect4.Machine.Defect Effect4.FiberId
            Effect4.Machine.Ann))
      (yielding : Bool)
      (program :
        Effect4.Prim.{0, 0} ν σ Effect4.Machine.Val Effect4.Machine.Err Effect4.Machine.Defect Effect4.FiberId
          Effect4.Machine.Ann)
      (options : Effect4.Supervision.ForkOptions) {site : List.{0} Nat},
      @Effect4.Machine.MintedIn ν σ m
          (@HAppend.hAppend.{0, 0, 0} (List.{0} Effect4.Machine.Handle) (List.{0} Effect4.Machine.Handle)
            (List.{0} Effect4.Machine.Handle)
            (@instHAppendOfAppend.{0} (List.{0} Effect4.Machine.Handle) (@List.instAppend.{0} Effect4.Machine.Handle))
            (@HAppend.hAppend.{0, 0, 0} (List.{0} Effect4.Machine.Handle) (List.{0} Effect4.Machine.Handle)
              (List.{0} Effect4.Machine.Handle)
              (@instHAppendOfAppend.{0} (List.{0} Effect4.Machine.Handle) (@List.instAppend.{0} Effect4.Machine.Handle))
              (@List.cons.{0} Effect4.Machine.Handle
                (Effect4.Machine.Handle.fiber
                  (@Effect4.Machine.RunFiber.id.{0, 0} ν σ Effect4.Machine.Val Effect4.Machine.Err
                    Effect4.Machine.Defect Effect4.FiberId Effect4.Machine.Ann Effect4.Machine.Ctx
                    (Effect4.Prim.{0, 0} ν σ Effect4.Machine.Val Effect4.Machine.Err Effect4.Machine.Defect
                      Effect4.FiberId Effect4.Machine.Ann)
                    (Effect4.FrameFiber.{0, 0} ν σ Effect4.Machine.Val Effect4.Machine.Err Effect4.Machine.Defect
                      Effect4.FiberId Effect4.Machine.Ann)
                    f))
                (@Effect4.Machine.RunMachine.keys ν σ nk sk m))
              (@Effect4.Machine.RunFiber.keys ν σ nk sk f))
            (@Effect4.Machine.WithFiberAction.keys ν σ nk sk
              (@Effect4.Machine.WithFiberAction.forkScoped.{0, 0} ν σ Effect4.Machine.Val Effect4.Machine.Err
                Effect4.Machine.Defect Effect4.FiberId Effect4.Machine.Ann Effect4.Machine.Ctx
                (Effect4.Prim.{0, 0} ν σ Effect4.Machine.Val Effect4.Machine.Err Effect4.Machine.Defect Effect4.FiberId
                  Effect4.Machine.Ann)
                program options site))) →
        @Effect4.Machine.IterMinted ν σ nk sk m
          (@Effect4.Machine.evaluatePrim.withFiber.{0, 0} ν σ Effect4.Machine.Val Effect4.Machine.Err
            Effect4.Machine.Defect Effect4.FiberId Effect4.Machine.Ann Effect4.Machine.Ctx Effect4.Machine.Stores
            Effect4.Machine.instDecidableEqErr Effect4.Machine.instDecidableEqDefect Effect4.instDecidableEqFiberId
            instDecidableEqPUnit.{1} interp m f yielding
            (@Effect4.Machine.WithFiberAction.forkScoped.{0, 0} ν σ Effect4.Machine.Val Effect4.Machine.Err
              Effect4.Machine.Defect Effect4.FiberId Effect4.Machine.Ann Effect4.Machine.Ctx
              (Effect4.Prim.{0, 0} ν σ Effect4.Machine.Val Effect4.Machine.Err Effect4.Machine.Defect Effect4.FiberId
                Effect4.Machine.Ann)
              program options site))
STATEMENT Effect4.Machine.M1Origin.withFiber_fork_minted ∀ {ν σ : Type} (nk : ν → List.{0} Effect4.Machine.Handle)
  (sk : σ → List.{0} Effect4.Machine.Handle)
  {interp :
    Effect4.Machine.RunInterp.{0, 0} ν σ Effect4.Machine.Val Effect4.Machine.Err Effect4.Machine.Defect Effect4.FiberId
      Effect4.Machine.Ann Effect4.Machine.Ctx Effect4.Machine.Stores
      (Effect4.Prim.{0, 0} ν σ Effect4.Machine.Val Effect4.Machine.Err Effect4.Machine.Defect Effect4.FiberId
        Effect4.Machine.Ann)}
  {ambient : List.{0} Effect4.Machine.Handle},
  @Effect4.Machine.KeyBounded ν σ nk sk interp ambient →
    ∀
      (m :
        Effect4.Machine.RunMachine.{0, 0} ν σ Effect4.Machine.Val Effect4.Machine.Err Effect4.Machine.Defect
          Effect4.FiberId Effect4.Machine.Ann Effect4.Machine.Ctx Effect4.Machine.Stores
          (Effect4.Prim.{0, 0} ν σ Effect4.Machine.Val Effect4.Machine.Err Effect4.Machine.Defect Effect4.FiberId
            Effect4.Machine.Ann)
          (Effect4.FrameFiber.{0, 0} ν σ Effect4.Machine.Val Effect4.Machine.Err Effect4.Machine.Defect Effect4.FiberId
            Effect4.Machine.Ann)
          (Effect4.FrameEvent.{0, 0} ν σ Effect4.Machine.Val Effect4.Machine.Err Effect4.Machine.Defect Effect4.FiberId
            Effect4.Machine.Ann))
      (f :
        Effect4.Machine.RunFiber.{0, 0} ν σ Effect4.Machine.Val Effect4.Machine.Err Effect4.Machine.Defect
          Effect4.FiberId Effect4.Machine.Ann Effect4.Machine.Ctx
          (Effect4.Prim.{0, 0} ν σ Effect4.Machine.Val Effect4.Machine.Err Effect4.Machine.Defect Effect4.FiberId
            Effect4.Machine.Ann)
          (Effect4.FrameFiber.{0, 0} ν σ Effect4.Machine.Val Effect4.Machine.Err Effect4.Machine.Defect Effect4.FiberId
            Effect4.Machine.Ann))
      (yielding : Bool)
      (program :
        Effect4.Prim.{0, 0} ν σ Effect4.Machine.Val Effect4.Machine.Err Effect4.Machine.Defect Effect4.FiberId
          Effect4.Machine.Ann)
      (options : Effect4.Supervision.ForkOptions) {site : List.{0} Nat},
      @Effect4.Machine.MintedIn ν σ m
          (@HAppend.hAppend.{0, 0, 0} (List.{0} Effect4.Machine.Handle) (List.{0} Effect4.Machine.Handle)
            (List.{0} Effect4.Machine.Handle)
            (@instHAppendOfAppend.{0} (List.{0} Effect4.Machine.Handle) (@List.instAppend.{0} Effect4.Machine.Handle))
            (@HAppend.hAppend.{0, 0, 0} (List.{0} Effect4.Machine.Handle) (List.{0} Effect4.Machine.Handle)
              (List.{0} Effect4.Machine.Handle)
              (@instHAppendOfAppend.{0} (List.{0} Effect4.Machine.Handle) (@List.instAppend.{0} Effect4.Machine.Handle))
              (@List.cons.{0} Effect4.Machine.Handle
                (Effect4.Machine.Handle.fiber
                  (@Effect4.Machine.RunFiber.id.{0, 0} ν σ Effect4.Machine.Val Effect4.Machine.Err
                    Effect4.Machine.Defect Effect4.FiberId Effect4.Machine.Ann Effect4.Machine.Ctx
                    (Effect4.Prim.{0, 0} ν σ Effect4.Machine.Val Effect4.Machine.Err Effect4.Machine.Defect
                      Effect4.FiberId Effect4.Machine.Ann)
                    (Effect4.FrameFiber.{0, 0} ν σ Effect4.Machine.Val Effect4.Machine.Err Effect4.Machine.Defect
                      Effect4.FiberId Effect4.Machine.Ann)
                    f))
                (@Effect4.Machine.RunMachine.keys ν σ nk sk m))
              (@Effect4.Machine.RunFiber.keys ν σ nk sk f))
            (@Effect4.Machine.WithFiberAction.keys ν σ nk sk
              (@Effect4.Machine.WithFiberAction.fork.{0, 0} ν σ Effect4.Machine.Val Effect4.Machine.Err
                Effect4.Machine.Defect Effect4.FiberId Effect4.Machine.Ann Effect4.Machine.Ctx
                (Effect4.Prim.{0, 0} ν σ Effect4.Machine.Val Effect4.Machine.Err Effect4.Machine.Defect Effect4.FiberId
                  Effect4.Machine.Ann)
                program options site))) →
        @Effect4.Machine.IterMinted ν σ nk sk m
          (@Effect4.Machine.evaluatePrim.withFiber.{0, 0} ν σ Effect4.Machine.Val Effect4.Machine.Err
            Effect4.Machine.Defect Effect4.FiberId Effect4.Machine.Ann Effect4.Machine.Ctx Effect4.Machine.Stores
            Effect4.Machine.instDecidableEqErr Effect4.Machine.instDecidableEqDefect Effect4.instDecidableEqFiberId
            instDecidableEqPUnit.{1} interp m f yielding
            (@Effect4.Machine.WithFiberAction.fork.{0, 0} ν σ Effect4.Machine.Val Effect4.Machine.Err
              Effect4.Machine.Defect Effect4.FiberId Effect4.Machine.Ann Effect4.Machine.Ctx
              (Effect4.Prim.{0, 0} ν σ Effect4.Machine.Val Effect4.Machine.Err Effect4.Machine.Defect Effect4.FiberId
                Effect4.Machine.Ann)
              program options site))
STATEMENT Effect4.Machine.M1Origin.withFiber_raceAll_minted ∀ {ν σ : Type} (nk : ν → List.{0} Effect4.Machine.Handle)
  (sk : σ → List.{0} Effect4.Machine.Handle)
  {interp :
    Effect4.Machine.RunInterp.{0, 0} ν σ Effect4.Machine.Val Effect4.Machine.Err Effect4.Machine.Defect Effect4.FiberId
      Effect4.Machine.Ann Effect4.Machine.Ctx Effect4.Machine.Stores
      (Effect4.Prim.{0, 0} ν σ Effect4.Machine.Val Effect4.Machine.Err Effect4.Machine.Defect Effect4.FiberId
        Effect4.Machine.Ann)}
  {ambient : List.{0} Effect4.Machine.Handle},
  @Effect4.Machine.KeyBounded ν σ nk sk interp ambient →
    ∀
      (m :
        Effect4.Machine.RunMachine.{0, 0} ν σ Effect4.Machine.Val Effect4.Machine.Err Effect4.Machine.Defect
          Effect4.FiberId Effect4.Machine.Ann Effect4.Machine.Ctx Effect4.Machine.Stores
          (Effect4.Prim.{0, 0} ν σ Effect4.Machine.Val Effect4.Machine.Err Effect4.Machine.Defect Effect4.FiberId
            Effect4.Machine.Ann)
          (Effect4.FrameFiber.{0, 0} ν σ Effect4.Machine.Val Effect4.Machine.Err Effect4.Machine.Defect Effect4.FiberId
            Effect4.Machine.Ann)
          (Effect4.FrameEvent.{0, 0} ν σ Effect4.Machine.Val Effect4.Machine.Err Effect4.Machine.Defect Effect4.FiberId
            Effect4.Machine.Ann))
      (f :
        Effect4.Machine.RunFiber.{0, 0} ν σ Effect4.Machine.Val Effect4.Machine.Err Effect4.Machine.Defect
          Effect4.FiberId Effect4.Machine.Ann Effect4.Machine.Ctx
          (Effect4.Prim.{0, 0} ν σ Effect4.Machine.Val Effect4.Machine.Err Effect4.Machine.Defect Effect4.FiberId
            Effect4.Machine.Ann)
          (Effect4.FrameFiber.{0, 0} ν σ Effect4.Machine.Val Effect4.Machine.Err Effect4.Machine.Defect Effect4.FiberId
            Effect4.Machine.Ann))
      (yielding : Bool)
      (entrants :
        List.{0}
          (Effect4.Prim.{0, 0} ν σ Effect4.Machine.Val Effect4.Machine.Err Effect4.Machine.Defect Effect4.FiberId
            Effect4.Machine.Ann))
      {site : Option.{0} (List.{0} Nat)},
      @Effect4.Machine.MintedIn ν σ m
          (@HAppend.hAppend.{0, 0, 0} (List.{0} Effect4.Machine.Handle) (List.{0} Effect4.Machine.Handle)
            (List.{0} Effect4.Machine.Handle)
            (@instHAppendOfAppend.{0} (List.{0} Effect4.Machine.Handle) (@List.instAppend.{0} Effect4.Machine.Handle))
            (@HAppend.hAppend.{0, 0, 0} (List.{0} Effect4.Machine.Handle) (List.{0} Effect4.Machine.Handle)
              (List.{0} Effect4.Machine.Handle)
              (@instHAppendOfAppend.{0} (List.{0} Effect4.Machine.Handle) (@List.instAppend.{0} Effect4.Machine.Handle))
              (@List.cons.{0} Effect4.Machine.Handle
                (Effect4.Machine.Handle.fiber
                  (@Effect4.Machine.RunFiber.id.{0, 0} ν σ Effect4.Machine.Val Effect4.Machine.Err
                    Effect4.Machine.Defect Effect4.FiberId Effect4.Machine.Ann Effect4.Machine.Ctx
                    (Effect4.Prim.{0, 0} ν σ Effect4.Machine.Val Effect4.Machine.Err Effect4.Machine.Defect
                      Effect4.FiberId Effect4.Machine.Ann)
                    (Effect4.FrameFiber.{0, 0} ν σ Effect4.Machine.Val Effect4.Machine.Err Effect4.Machine.Defect
                      Effect4.FiberId Effect4.Machine.Ann)
                    f))
                (@Effect4.Machine.RunMachine.keys ν σ nk sk m))
              (@Effect4.Machine.RunFiber.keys ν σ nk sk f))
            (@Effect4.Machine.WithFiberAction.keys ν σ nk sk
              (@Effect4.Machine.WithFiberAction.raceAll.{0, 0} ν σ Effect4.Machine.Val Effect4.Machine.Err
                Effect4.Machine.Defect Effect4.FiberId Effect4.Machine.Ann Effect4.Machine.Ctx
                (Effect4.Prim.{0, 0} ν σ Effect4.Machine.Val Effect4.Machine.Err Effect4.Machine.Defect Effect4.FiberId
                  Effect4.Machine.Ann)
                entrants site))) →
        @Effect4.Machine.IterMinted ν σ nk sk m
          (@Effect4.Machine.evaluatePrim.withFiber.{0, 0} ν σ Effect4.Machine.Val Effect4.Machine.Err
            Effect4.Machine.Defect Effect4.FiberId Effect4.Machine.Ann Effect4.Machine.Ctx Effect4.Machine.Stores
            Effect4.Machine.instDecidableEqErr Effect4.Machine.instDecidableEqDefect Effect4.instDecidableEqFiberId
            instDecidableEqPUnit.{1} interp m f yielding
            (@Effect4.Machine.WithFiberAction.raceAll.{0, 0} ν σ Effect4.Machine.Val Effect4.Machine.Err
              Effect4.Machine.Defect Effect4.FiberId Effect4.Machine.Ann Effect4.Machine.Ctx
              (Effect4.Prim.{0, 0} ν σ Effect4.Machine.Val Effect4.Machine.Err Effect4.Machine.Defect Effect4.FiberId
                Effect4.Machine.Ann)
              entrants site))
STATEMENT Effect4.Machine.M1OriginApproximation.launchEntrant_grows ∀ {ν σ : Type u} {β : Type v} {ε δ ι α χ : Type u}
  {St : Type (max u v)}
  {interp : Effect4.Machine.RunInterp.{u, v} ν σ β ε δ ι α χ St (Effect4.Prim.{u, v} ν σ β ε δ ι α)} {raceId : Nat}
  {m :
    Effect4.Machine.RunMachine.{u, v} ν σ β ε δ ι α χ St (Effect4.Prim.{u, v} ν σ β ε δ ι α)
      (Effect4.FrameFiber.{u, v} ν σ β ε δ ι α) (Effect4.FrameEvent.{u, v} ν σ β ε δ ι α)}
  {host :
    Effect4.Machine.RunFiber.{u, v} ν σ β ε δ ι α χ (Effect4.Prim.{u, v} ν σ β ε δ ι α)
      (Effect4.FrameFiber.{u, v} ν σ β ε δ ι α)}
  {program : Effect4.Prim.{u, v} ν σ β ε δ ι α} {site : List.{0} Nat},
  @Effect4.Machine.RunMachine.Grows.{u, v, 0} ν σ β ε δ ι α χ St m Effect4.FiberId
    (@Effect4.Machine.launchEntrant.{u, v} ν σ β ε δ ι α χ St (Effect4.Prim.{u, v} ν σ β ε δ ι α)
      (Effect4.FrameFiber.{u, v} ν σ β ε δ ι α) (Effect4.FrameEvent.{u, v} ν σ β ε δ ι α)
      (@Effect4.Machine.frameCore.{u, v} ν σ β ε δ ι α) interp raceId m host program site)
STATEMENT Effect4.Machine.M1OriginApproximation.spawn_grows ∀ {ν σ : Type u} {β : Type v} {ε δ ι α χ : Type u}
  {St : Type (max u v)}
  {interp : Effect4.Machine.RunInterp.{u, v} ν σ β ε δ ι α χ St (Effect4.Prim.{u, v} ν σ β ε δ ι α)}
  {m :
    Effect4.Machine.RunMachine.{u, v} ν σ β ε δ ι α χ St (Effect4.Prim.{u, v} ν σ β ε δ ι α)
      (Effect4.FrameFiber.{u, v} ν σ β ε δ ι α) (Effect4.FrameEvent.{u, v} ν σ β ε δ ι α)}
  {parent :
    Effect4.Machine.RunFiber.{u, v} ν σ β ε δ ι α χ (Effect4.Prim.{u, v} ν σ β ε δ ι α)
      (Effect4.FrameFiber.{u, v} ν σ β ε δ ι α)}
  {program : Effect4.Prim.{u, v} ν σ β ε δ ι α} {options : Effect4.Supervision.ForkOptions} {site : List.{0} Nat},
  @Effect4.Machine.RunMachine.Grows.{u, v, max u v} ν σ β ε δ ι α χ St m
    (Prod.{max v u, 0}
      (Effect4.Machine.RunFiber.{u, v} ν σ β ε δ ι α χ (Effect4.Prim.{u, v} ν σ β ε δ ι α)
        (Effect4.FrameFiber.{u, v} ν σ β ε δ ι α))
      Effect4.FiberId)
    (@Effect4.Machine.spawn.{u, v} ν σ β ε δ ι α χ St (Effect4.Prim.{u, v} ν σ β ε δ ι α)
      (Effect4.FrameFiber.{u, v} ν σ β ε δ ι α) (Effect4.FrameEvent.{u, v} ν σ β ε δ ι α)
      (@Effect4.Machine.frameCore.{u, v} ν σ β ε δ ι α) interp m parent program options site)
STATEMENT Effect4.Machine.M1OriginBook.fiberMeans_origin ∀ {ν σ : Type u} {β : Type v} {ε δ ι α χ : Type u}
  {κ₁ φ₁ κ₂ φ₂ : Type (max u v)} [core₁ : Effect4.Machine.FiberCore.{u, v} ν β ε δ ι α κ₁ φ₁]
  [core₂ : Effect4.Machine.FiberCore.{u, v} ν β ε δ ι α κ₂ φ₂] {C : κ₁ → κ₂ → Prop} {S : φ₁ → φ₂ → Prop}
  {f₁ : Effect4.Machine.RunFiber.{u, v} ν σ β ε δ ι α χ κ₁ φ₁}
  {f₂ : Effect4.Machine.RunFiber.{u, v} ν σ β ε δ ι α χ κ₂ φ₂},
  @Effect4.Machine.FiberMeans.{u, v} ν σ β ε δ ι α χ κ₁ φ₁ κ₂ φ₂ core₁ core₂ C S f₁ f₂ →
    @Eq.{1} Effect4.Machine.Origin (@Effect4.Machine.RunFiber.origin.{u, v} ν σ β ε δ ι α χ κ₁ φ₁ f₁)
      (@Effect4.Machine.RunFiber.origin.{u, v} ν σ β ε δ ι α χ κ₂ φ₂ f₂)
STATEMENT Effect4.Machine.M1OriginClauses.drive_launch_runs ∀ {ν σ : Type u} {β : Type v} {ε δ ι α χ : Type u}
  {St : Type (max u v)} [inst : DecidableEq.{u + 1} ε] [inst_1 : DecidableEq.{u + 1} δ] [inst_2 : DecidableEq.{u + 1} ι]
  [inst_3 : DecidableEq.{u + 1} α]
  (interp : Effect4.Machine.RunInterp.{u, v} ν σ β ε δ ι α χ St (Effect4.Prim.{u, v} ν σ β ε δ ι α)) (fuel : Nat)
  (m :
    Effect4.Machine.RunMachine.{u, v} ν σ β ε δ ι α χ St (Effect4.Prim.{u, v} ν σ β ε δ ι α)
      (Effect4.FrameFiber.{u, v} ν σ β ε δ ι α) (Effect4.FrameEvent.{u, v} ν σ β ε δ ι α))
  (raceId : Nat) (rest : List.{max v u} (Effect4.Machine.Cmd.{u, v} ν σ β ε δ ι α (Effect4.Prim.{u, v} ν σ β ε δ ι α)))
  (race : Effect4.Machine.Race.{u, v} ν σ β ε δ ι α (Effect4.Prim.{u, v} ν σ β ε δ ι α))
  (program : Effect4.Prim.{u, v} ν σ β ε δ ι α) (more : List.{max v u} (Effect4.Prim.{u, v} ν σ β ε δ ι α))
  (host :
    Effect4.Machine.RunFiber.{u, v} ν σ β ε δ ι α χ (Effect4.Prim.{u, v} ν σ β ε δ ι α)
      (Effect4.FrameFiber.{u, v} ν σ β ε δ ι α)),
  @Eq.{1} (Option.{0} Effect4.Machine.Stuck)
      (@Effect4.Machine.RunMachine.stuck.{u, v} ν σ β ε δ ι α χ St (Effect4.Prim.{u, v} ν σ β ε δ ι α)
        (Effect4.FrameFiber.{u, v} ν σ β ε δ ι α) (Effect4.FrameEvent.{u, v} ν σ β ε δ ι α) m)
      (@Option.none.{0} Effect4.Machine.Stuck) →
    @Eq.{max (u + 1) (v + 1)}
        (Option.{max v u} (Effect4.Machine.Race.{u, v} ν σ β ε δ ι α (Effect4.Prim.{u, v} ν σ β ε δ ι α)))
        (@Effect4.Machine.RunMachine.race?.{u, v} ν σ β ε δ ι α χ St (Effect4.Prim.{u, v} ν σ β ε δ ι α)
          (Effect4.FrameFiber.{u, v} ν σ β ε δ ι α) (Effect4.FrameEvent.{u, v} ν σ β ε δ ι α) m raceId)
        (@Option.some.{max u v} (Effect4.Machine.Race.{u, v} ν σ β ε δ ι α (Effect4.Prim.{u, v} ν σ β ε δ ι α)) race) →
      @Eq.{max (u + 1) (v + 1)} (List.{max u v} (Effect4.Prim.{u, v} ν σ β ε δ ι α))
          (@Effect4.Machine.Race.programs.{u, v} ν σ β ε δ ι α (Effect4.Prim.{u, v} ν σ β ε δ ι α) race)
          (@List.cons.{max u v} (Effect4.Prim.{u, v} ν σ β ε δ ι α) program more) →
        @Eq.{max (u + 1) (v + 1)} (Option.{max v u} (Effect4.Exit.{u, v} β ε δ ι α))
            (@Effect4.Supervision.RaceAllState.accepted.{u, v} β ε δ ι α
              (@Effect4.Machine.Race.state.{u, v} ν σ β ε δ ι α (Effect4.Prim.{u, v} ν σ β ε δ ι α) race))
            (@Option.none.{max u v} (Effect4.Exit.{u, v} β ε δ ι α)) →
          @Eq.{max (u + 1) (v + 1)}
              (Option.{max v u}
                (Effect4.Machine.RunFiber.{u, v} ν σ β ε δ ι α χ (Effect4.Prim.{u, v} ν σ β ε δ ι α)
                  (Effect4.FrameFiber.{u, v} ν σ β ε δ ι α)))
              (@Effect4.Machine.RunMachine.fiber?.{u, v} ν σ β ε δ ι α χ St (Effect4.Prim.{u, v} ν σ β ε δ ι α)
                (Effect4.FrameFiber.{u, v} ν σ β ε δ ι α) (Effect4.FrameEvent.{u, v} ν σ β ε δ ι α) m
                (@Effect4.Machine.Race.host.{u, v} ν σ β ε δ ι α (Effect4.Prim.{u, v} ν σ β ε δ ι α) race))
              (@Option.some.{max u v}
                (Effect4.Machine.RunFiber.{u, v} ν σ β ε δ ι α χ (Effect4.Prim.{u, v} ν σ β ε δ ι α)
                  (Effect4.FrameFiber.{u, v} ν σ β ε δ ι α))
                host) →
            @Eq.{max (u + 1) (v + 1)}
              (Effect4.Machine.RunMachine.{u, v} ν σ β ε δ ι α χ St (Effect4.Prim.{u, v} ν σ β ε δ ι α)
                (Effect4.FrameFiber.{u, v} ν σ β ε δ ι α) (Effect4.FrameEvent.{u, v} ν σ β ε δ ι α))
              (@Effect4.Machine.drive.{u, v} ν σ β ε δ ι α χ St inst inst_1 inst_2 inst_3
                (Effect4.Prim.{u, v} ν σ β ε δ ι α) (Effect4.FrameFiber.{u, v} ν σ β ε δ ι α)
                (Effect4.FrameEvent.{u, v} ν σ β ε δ ι α) (@Effect4.Machine.frameCore.{u, v} ν σ β ε δ ι α)
                (@Effect4.Machine.frameEvaluator.{u, v} ν σ β ε δ ι α χ St inst inst_1 inst_2 inst_3) interp
                (@HAdd.hAdd.{0, 0, 0} Nat Nat Nat (@instHAdd.{0} Nat instAddNat) fuel
                  (@OfNat.ofNat.{0} Nat (nat_lit 1) (instOfNatNat (nat_lit 1))))
                m
                (@List.cons.{max u v} (Effect4.Machine.Cmd.{u, v} ν σ β ε δ ι α (Effect4.Prim.{u, v} ν σ β ε δ ι α))
                  (@Effect4.Machine.Cmd.launch.{u, v} ν σ β ε δ ι α (Effect4.Prim.{u, v} ν σ β ε δ ι α) raceId) rest))
              (have l :=
                @Effect4.Machine.launchEntrant.{u, v} ν σ β ε δ ι α χ St (Effect4.Prim.{u, v} ν σ β ε δ ι α)
                  (Effect4.FrameFiber.{u, v} ν σ β ε δ ι α) (Effect4.FrameEvent.{u, v} ν σ β ε δ ι α)
                  (@Effect4.Machine.frameCore.{u, v} ν σ β ε δ ι α) interp raceId m host program
                  (@Option.getD.{0} (List.{0} Nat)
                    (@Effect4.Machine.Race.nextSite.{u, v} ν σ β ε δ ι α (Effect4.Prim.{u, v} ν σ β ε δ ι α) race)
                    (@List.nil.{0} Nat));
              @Effect4.Machine.drive.{u, v} ν σ β ε δ ι α χ St inst inst_1 inst_2 inst_3
                (Effect4.Prim.{u, v} ν σ β ε δ ι α) (Effect4.FrameFiber.{u, v} ν σ β ε δ ι α)
                (Effect4.FrameEvent.{u, v} ν σ β ε δ ι α) (@Effect4.Machine.frameCore.{u, v} ν σ β ε δ ι α)
                (@Effect4.Machine.frameEvaluator.{u, v} ν σ β ε δ ι α χ St inst inst_1 inst_2 inst_3) interp fuel
                (@Effect4.Machine.RunMachine.emit.{u, v} ν σ β ε δ ι α χ St (Effect4.Prim.{u, v} ν σ β ε δ ι α)
                  (Effect4.FrameFiber.{u, v} ν σ β ε δ ι α) (Effect4.FrameEvent.{u, v} ν σ β ε δ ι α)
                  (@Effect4.Machine.RunMachine.updateRace.{u, v} ν σ β ε δ ι α χ St (Effect4.Prim.{u, v} ν σ β ε δ ι α)
                    (Effect4.FrameFiber.{u, v} ν σ β ε δ ι α) (Effect4.FrameEvent.{u, v} ν σ β ε δ ι α)
                    (@Prod.fst.{max u v, 0}
                      (Effect4.Machine.RunMachine.{u, v} ν σ β ε δ ι α χ St (Effect4.Prim.{u, v} ν σ β ε δ ι α)
                        (Effect4.FrameFiber.{u, v} ν σ β ε δ ι α) (Effect4.FrameEvent.{u, v} ν σ β ε δ ι α))
                      Effect4.FiberId l)
                    (@Effect4.Machine.Race.mk.{u, v} ν σ β ε δ ι α (Effect4.Prim.{u, v} ν σ β ε δ ι α)
                      (@Effect4.Machine.Race.id.{u, v} ν σ β ε δ ι α (Effect4.Prim.{u, v} ν σ β ε δ ι α) race)
                      (@Effect4.Machine.Race.host.{u, v} ν σ β ε δ ι α (Effect4.Prim.{u, v} ν σ β ε δ ι α) race)
                      (@Effect4.Machine.Race.token.{u, v} ν σ β ε δ ι α (Effect4.Prim.{u, v} ν σ β ε δ ι α) race)
                      (@Effect4.Machine.Race.state.{u, v} ν σ β ε δ ι α (Effect4.Prim.{u, v} ν σ β ε δ ι α) race)
                      (@Effect4.Machine.Race.settled.{u, v} ν σ β ε δ ι α (Effect4.Prim.{u, v} ν σ β ε δ ι α) race) more
                      (@Effect4.Machine.Race.registering.{u, v} ν σ β ε δ ι α (Effect4.Prim.{u, v} ν σ β ε δ ι α) race)
                      (@Option.map.{0, 0} (List.{0} Nat) (List.{0} Nat)
                        (fun site =>
                          @HAppend.hAppend.{0, 0, 0} (List.{0} Nat) (List.{0} Nat) (List.{0} Nat)
                            (@instHAppendOfAppend.{0} (List.{0} Nat) (@List.instAppend.{0} Nat)) site
                            (@List.cons.{0} Nat (@OfNat.ofNat.{0} Nat (nat_lit 1) (instOfNatNat (nat_lit 1)))
                              (@List.nil.{0} Nat)))
                        (@Effect4.Machine.Race.nextSite.{u, v} ν σ β ε δ ι α (Effect4.Prim.{u, v} ν σ β ε δ ι α)
                          race))))
                  (@List.cons.{max u v}
                    (Effect4.Machine.RunEvent.{u, v} ν σ β ε δ ι α χ (Effect4.Prim.{u, v} ν σ β ε δ ι α)
                      (Effect4.FrameEvent.{u, v} ν σ β ε δ ι α))
                    (@Effect4.Machine.RunEvent.raceLaunched.{u, v} ν σ β ε δ ι α χ (Effect4.Prim.{u, v} ν σ β ε δ ι α)
                      (Effect4.FrameEvent.{u, v} ν σ β ε δ ι α) raceId
                      (@Prod.snd.{max u v, 0}
                        (Effect4.Machine.RunMachine.{u, v} ν σ β ε δ ι α χ St (Effect4.Prim.{u, v} ν σ β ε δ ι α)
                          (Effect4.FrameFiber.{u, v} ν σ β ε δ ι α) (Effect4.FrameEvent.{u, v} ν σ β ε δ ι α))
                        Effect4.FiberId l))
                    (@List.nil.{max u v}
                      (Effect4.Machine.RunEvent.{u, v} ν σ β ε δ ι α χ (Effect4.Prim.{u, v} ν σ β ε δ ι α)
                        (Effect4.FrameEvent.{u, v} ν σ β ε δ ι α)))))
                (@List.cons.{max u v} (Effect4.Machine.Cmd.{u, v} ν σ β ε δ ι α (Effect4.Prim.{u, v} ν σ β ε δ ι α))
                  (@Effect4.Machine.Cmd.evaluate.{u, v} ν σ β ε δ ι α (Effect4.Prim.{u, v} ν σ β ε δ ι α)
                    (@Prod.snd.{max u v, 0}
                      (Effect4.Machine.RunMachine.{u, v} ν σ β ε δ ι α χ St (Effect4.Prim.{u, v} ν σ β ε δ ι α)
                        (Effect4.FrameFiber.{u, v} ν σ β ε δ ι α) (Effect4.FrameEvent.{u, v} ν σ β ε δ ι α))
                      Effect4.FiberId l))
                  (@List.cons.{max u v} (Effect4.Machine.Cmd.{u, v} ν σ β ε δ ι α (Effect4.Prim.{u, v} ν σ β ε δ ι α))
                    (@Effect4.Machine.Cmd.enrollRace.{u, v} ν σ β ε δ ι α (Effect4.Prim.{u, v} ν σ β ε δ ι α) raceId
                      (@Prod.snd.{max u v, 0}
                        (Effect4.Machine.RunMachine.{u, v} ν σ β ε δ ι α χ St (Effect4.Prim.{u, v} ν σ β ε δ ι α)
                          (Effect4.FrameFiber.{u, v} ν σ β ε δ ι α) (Effect4.FrameEvent.{u, v} ν σ β ε δ ι α))
                        Effect4.FiberId l))
                    (@List.cons.{max u v} (Effect4.Machine.Cmd.{u, v} ν σ β ε δ ι α (Effect4.Prim.{u, v} ν σ β ε δ ι α))
                      (@Effect4.Machine.Cmd.launch.{u, v} ν σ β ε δ ι α (Effect4.Prim.{u, v} ν σ β ε δ ι α) raceId)
                      rest))))
STATEMENT Effect4.Machine.M1OriginClauses.launchEntrant_eq ∀ {ν σ : Type u} {β : Type v} {ε δ ι α χ : Type u}
  {St : Type (max u v)}
  (interp : Effect4.Machine.RunInterp.{u, v} ν σ β ε δ ι α χ St (Effect4.Prim.{u, v} ν σ β ε δ ι α)) (raceId : Nat)
  (m :
    Effect4.Machine.RunMachine.{u, v} ν σ β ε δ ι α χ St (Effect4.Prim.{u, v} ν σ β ε δ ι α)
      (Effect4.FrameFiber.{u, v} ν σ β ε δ ι α) (Effect4.FrameEvent.{u, v} ν σ β ε δ ι α))
  (host :
    Effect4.Machine.RunFiber.{u, v} ν σ β ε δ ι α χ (Effect4.Prim.{u, v} ν σ β ε δ ι α)
      (Effect4.FrameFiber.{u, v} ν σ β ε δ ι α))
  (program : Effect4.Prim.{u, v} ν σ β ε δ ι α) (site : optParam.{1} (List.{0} Nat) (@List.nil.{0} Nat)),
  @Eq.{max (u + 1) (v + 1)}
    (Prod.{max v u, 0}
      (Effect4.Machine.RunMachine.{u, v} ν σ β ε δ ι α χ St (Effect4.Prim.{u, v} ν σ β ε δ ι α)
        (Effect4.FrameFiber.{u, v} ν σ β ε δ ι α) (Effect4.FrameEvent.{u, v} ν σ β ε δ ι α))
      Effect4.FiberId)
    (@Effect4.Machine.launchEntrant.{u, v} ν σ β ε δ ι α χ St (Effect4.Prim.{u, v} ν σ β ε δ ι α)
      (Effect4.FrameFiber.{u, v} ν σ β ε δ ι α) (Effect4.FrameEvent.{u, v} ν σ β ε δ ι α)
      (@Effect4.Machine.frameCore.{u, v} ν σ β ε δ ι α) interp raceId m host program site)
    (have s :=
      @Effect4.Machine.spawn.{u, v} ν σ β ε δ ι α χ St (Effect4.Prim.{u, v} ν σ β ε δ ι α)
        (Effect4.FrameFiber.{u, v} ν σ β ε δ ι α) (Effect4.FrameEvent.{u, v} ν σ β ε δ ι α)
        (@Effect4.Machine.frameCore.{u, v} ν σ β ε δ ι α) interp m host program
        { startImmediately := Bool.true, «daemon» := Bool.true, maskMode := Effect4.Supervision.MaskMode.interruptible }
        site;
    @Prod.mk.{max u v, 0}
      (Effect4.Machine.RunMachine.{u, v} ν σ β ε δ ι α χ St (Effect4.Prim.{u, v} ν σ β ε δ ι α)
        (Effect4.FrameFiber.{u, v} ν σ β ε δ ι α) (Effect4.FrameEvent.{u, v} ν σ β ε δ ι α))
      Effect4.FiberId
      (@Prod.fst.{max u v, max u v}
        (Effect4.Machine.RunMachine.{u, v} ν σ β ε δ ι α χ St (Effect4.Prim.{u, v} ν σ β ε δ ι α)
          (Effect4.FrameFiber.{u, v} ν σ β ε δ ι α) (Effect4.FrameEvent.{u, v} ν σ β ε δ ι α))
        (Prod.{max v u, 0}
          (Effect4.Machine.RunFiber.{u, v} ν σ β ε δ ι α χ (Effect4.Prim.{u, v} ν σ β ε δ ι α)
            (Effect4.FrameFiber.{u, v} ν σ β ε δ ι α))
          Effect4.FiberId)
        s)
      (@Prod.snd.{max u v, 0}
        (Effect4.Machine.RunFiber.{u, v} ν σ β ε δ ι α χ (Effect4.Prim.{u, v} ν σ β ε δ ι α)
          (Effect4.FrameFiber.{u, v} ν σ β ε δ ι α))
        Effect4.FiberId
        (@Prod.snd.{max u v, max u v}
          (Effect4.Machine.RunMachine.{u, v} ν σ β ε δ ι α χ St (Effect4.Prim.{u, v} ν σ β ε δ ι α)
            (Effect4.FrameFiber.{u, v} ν σ β ε δ ι α) (Effect4.FrameEvent.{u, v} ν σ β ε δ ι α))
          (Prod.{max v u, 0}
            (Effect4.Machine.RunFiber.{u, v} ν σ β ε δ ι α χ (Effect4.Prim.{u, v} ν σ β ε δ ι α)
              (Effect4.FrameFiber.{u, v} ν σ β ε δ ι α))
            Effect4.FiberId)
          s)))
STATEMENT Effect4.Machine.M1OriginClauses.spawnChild_fields ∀ {ν σ : Type u} {β : Type v} {ε δ ι α χ : Type u}
  {St : Type (max u v)}
  (interp : Effect4.Machine.RunInterp.{u, v} ν σ β ε δ ι α χ St (Effect4.Prim.{u, v} ν σ β ε δ ι α))
  (m :
    Effect4.Machine.RunMachine.{u, v} ν σ β ε δ ι α χ St (Effect4.Prim.{u, v} ν σ β ε δ ι α)
      (Effect4.FrameFiber.{u, v} ν σ β ε δ ι α) (Effect4.FrameEvent.{u, v} ν σ β ε δ ι α))
  (parent :
    Effect4.Machine.RunFiber.{u, v} ν σ β ε δ ι α χ (Effect4.Prim.{u, v} ν σ β ε δ ι α)
      (Effect4.FrameFiber.{u, v} ν σ β ε δ ι α))
  (program : Effect4.Prim.{u, v} ν σ β ε δ ι α) (options : Effect4.Supervision.ForkOptions)
  (site : optParam.{1} (List.{0} Nat) (@List.nil.{0} Nat)),
  And
    (@Eq.{1} Effect4.FiberId
      (@Effect4.Machine.RunFiber.id.{u, v} ν σ β ε δ ι α χ (Effect4.Prim.{u, v} ν σ β ε δ ι α)
        (Effect4.FrameFiber.{u, v} ν σ β ε δ ι α)
        (@Effect4.Machine.spawnChild.{u, v} ν σ β ε δ ι α χ St interp m parent program options site))
      {
        value :=
          @Effect4.Machine.RunMachine.nextId.{u, v} ν σ β ε δ ι α χ St (Effect4.Prim.{u, v} ν σ β ε δ ι α)
            (Effect4.FrameFiber.{u, v} ν σ β ε δ ι α) (Effect4.FrameEvent.{u, v} ν σ β ε δ ι α) m })
    (And
      (@Eq.{u + 1} χ
        (@Effect4.Machine.RunFiber.context.{u, v} ν σ β ε δ ι α χ (Effect4.Prim.{u, v} ν σ β ε δ ι α)
          (Effect4.FrameFiber.{u, v} ν σ β ε δ ι α)
          (@Effect4.Machine.spawnChild.{u, v} ν σ β ε δ ι α χ St interp m parent program options site))
        (@Effect4.Machine.RunFiber.context.{u, v} ν σ β ε δ ι α χ (Effect4.Prim.{u, v} ν σ β ε δ ι α)
          (Effect4.FrameFiber.{u, v} ν σ β ε δ ι α) parent))
      (And
        (@Eq.{1} Bool
          (@Effect4.FrameFiber.interruptible.{u, v} ν σ β ε δ ι α
            (@Effect4.Machine.RunFiber.frame.{u, v} ν σ β ε δ ι α χ (Effect4.Prim.{u, v} ν σ β ε δ ι α)
              (Effect4.FrameFiber.{u, v} ν σ β ε δ ι α)
              (@Effect4.Machine.spawnChild.{u, v} ν σ β ε δ ι α χ St interp m parent program options site)))
          (Effect4.Machine.spawnChild.match_1.{1} (fun x => Bool) options.maskMode (fun _ => Bool.true)
            (fun _ => Bool.false) fun _ =>
            @Effect4.FrameFiber.interruptible.{u, v} ν σ β ε δ ι α
              (@Effect4.Machine.RunFiber.frame.{u, v} ν σ β ε δ ι α χ (Effect4.Prim.{u, v} ν σ β ε δ ι α)
                (Effect4.FrameFiber.{u, v} ν σ β ε δ ι α) parent)))
        (And
          (@Eq.{1} (List.{0} Effect4.Machine.Observer)
            (@Effect4.Machine.RunFiber.observers.{u, v} ν σ β ε δ ι α χ (Effect4.Prim.{u, v} ν σ β ε δ ι α)
              (Effect4.FrameFiber.{u, v} ν σ β ε δ ι α)
              (@Effect4.Machine.spawnChild.{u, v} ν σ β ε δ ι α χ St interp m parent program options site))
            (@List.nil.{0} Effect4.Machine.Observer))
          (@Eq.{1} Effect4.Machine.Origin
            (@Effect4.Machine.RunFiber.origin.{u, v} ν σ β ε δ ι α χ (Effect4.Prim.{u, v} ν σ β ε δ ι α)
              (Effect4.FrameFiber.{u, v} ν σ β ε δ ι α)
              (@Effect4.Machine.spawnChild.{u, v} ν σ β ε δ ι α χ St interp m parent program options site))
            (Effect4.Machine.Origin.forked
              (@Effect4.Machine.RunFiber.id.{u, v} ν σ β ε δ ι α χ (Effect4.Prim.{u, v} ν σ β ε δ ι α)
                (Effect4.FrameFiber.{u, v} ν σ β ε δ ι α) parent)
              options.daemon site)))))
STATEMENT Effect4.Machine.M1OriginClauses.spawn_eq ∀ {ν σ : Type u} {β : Type v} {ε δ ι α χ : Type u}
  {St : Type (max u v)}
  (interp : Effect4.Machine.RunInterp.{u, v} ν σ β ε δ ι α χ St (Effect4.Prim.{u, v} ν σ β ε δ ι α))
  (m :
    Effect4.Machine.RunMachine.{u, v} ν σ β ε δ ι α χ St (Effect4.Prim.{u, v} ν σ β ε δ ι α)
      (Effect4.FrameFiber.{u, v} ν σ β ε δ ι α) (Effect4.FrameEvent.{u, v} ν σ β ε δ ι α))
  (parent :
    Effect4.Machine.RunFiber.{u, v} ν σ β ε δ ι α χ (Effect4.Prim.{u, v} ν σ β ε δ ι α)
      (Effect4.FrameFiber.{u, v} ν σ β ε δ ι α))
  (program : Effect4.Prim.{u, v} ν σ β ε δ ι α) (options : Effect4.Supervision.ForkOptions)
  (site : optParam.{1} (List.{0} Nat) (@List.nil.{0} Nat)),
  @Eq.{max (u + 1) (v + 1)}
    (Prod.{max v u, max v u}
      (Effect4.Machine.RunMachine.{u, v} ν σ β ε δ ι α χ St (Effect4.Prim.{u, v} ν σ β ε δ ι α)
        (Effect4.FrameFiber.{u, v} ν σ β ε δ ι α) (Effect4.FrameEvent.{u, v} ν σ β ε δ ι α))
      (Prod.{max v u, 0}
        (Effect4.Machine.RunFiber.{u, v} ν σ β ε δ ι α χ (Effect4.Prim.{u, v} ν σ β ε δ ι α)
          (Effect4.FrameFiber.{u, v} ν σ β ε δ ι α))
        Effect4.FiberId))
    (@Effect4.Machine.spawn.{u, v} ν σ β ε δ ι α χ St (Effect4.Prim.{u, v} ν σ β ε δ ι α)
      (Effect4.FrameFiber.{u, v} ν σ β ε δ ι α) (Effect4.FrameEvent.{u, v} ν σ β ε δ ι α)
      (@Effect4.Machine.frameCore.{u, v} ν σ β ε δ ι α) interp m parent program options site)
    (@Prod.mk.{max u v, max u v}
      (Effect4.Machine.RunMachine.{u, v} ν σ β ε δ ι α χ St (Effect4.Prim.{u, v} ν σ β ε δ ι α)
        (Effect4.FrameFiber.{u, v} ν σ β ε δ ι α) (Effect4.FrameEvent.{u, v} ν σ β ε δ ι α))
      (Prod.{max u v, 0}
        (Effect4.Machine.RunFiber.{u, v} ν σ β ε δ ι α χ (Effect4.Prim.{u, v} ν σ β ε δ ι α)
          (Effect4.FrameFiber.{u, v} ν σ β ε δ ι α))
        Effect4.FiberId)
      (@Effect4.Machine.RunMachine.emit.{u, v} ν σ β ε δ ι α χ St (Effect4.Prim.{u, v} ν σ β ε δ ι α)
        (Effect4.FrameFiber.{u, v} ν σ β ε δ ι α) (Effect4.FrameEvent.{u, v} ν σ β ε δ ι α)
        (@Effect4.Machine.RunMachine.mk.{u, v} ν σ β ε δ ι α χ St (Effect4.Prim.{u, v} ν σ β ε δ ι α)
          (Effect4.FrameFiber.{u, v} ν σ β ε δ ι α) (Effect4.FrameEvent.{u, v} ν σ β ε δ ι α)
          (@HAppend.hAppend.{max u v, max u v, max u v}
            (List.{max v u}
              (Effect4.Machine.RunFiber.{u, v} ν σ β ε δ ι α χ (Effect4.Prim.{u, v} ν σ β ε δ ι α)
                (Effect4.FrameFiber.{u, v} ν σ β ε δ ι α)))
            (List.{max v u}
              (Effect4.Machine.RunFiber.{u, v} ν σ β ε δ ι α χ (Effect4.Prim.{u, v} ν σ β ε δ ι α)
                (Effect4.FrameFiber.{u, v} ν σ β ε δ ι α)))
            (List.{max v u}
              (Effect4.Machine.RunFiber.{u, v} ν σ β ε δ ι α χ (Effect4.Prim.{u, v} ν σ β ε δ ι α)
                (Effect4.FrameFiber.{u, v} ν σ β ε δ ι α)))
            (@instHAppendOfAppend.{max u v}
              (List.{max v u}
                (Effect4.Machine.RunFiber.{u, v} ν σ β ε δ ι α χ (Effect4.Prim.{u, v} ν σ β ε δ ι α)
                  (Effect4.FrameFiber.{u, v} ν σ β ε δ ι α)))
              (@List.instAppend.{max u v}
                (Effect4.Machine.RunFiber.{u, v} ν σ β ε δ ι α χ (Effect4.Prim.{u, v} ν σ β ε δ ι α)
                  (Effect4.FrameFiber.{u, v} ν σ β ε δ ι α))))
            (@Effect4.Machine.RunMachine.fibers.{u, v} ν σ β ε δ ι α χ St (Effect4.Prim.{u, v} ν σ β ε δ ι α)
              (Effect4.FrameFiber.{u, v} ν σ β ε δ ι α) (Effect4.FrameEvent.{u, v} ν σ β ε δ ι α) m)
            (@List.cons.{max v u}
              (Effect4.Machine.RunFiber.{u, v} ν σ β ε δ ι α χ (Effect4.Prim.{u, v} ν σ β ε δ ι α)
                (Effect4.FrameFiber.{u, v} ν σ β ε δ ι α))
              (@Effect4.Machine.spawnChild.{u, v} ν σ β ε δ ι α χ St interp m parent program options site)
              (@List.nil.{max u v}
                (Effect4.Machine.RunFiber.{u, v} ν σ β ε δ ι α χ (Effect4.Prim.{u, v} ν σ β ε δ ι α)
                  (Effect4.FrameFiber.{u, v} ν σ β ε δ ι α)))))
          (@Effect4.Machine.RunMachine.races.{u, v} ν σ β ε δ ι α χ St (Effect4.Prim.{u, v} ν σ β ε δ ι α)
            (Effect4.FrameFiber.{u, v} ν σ β ε δ ι α) (Effect4.FrameEvent.{u, v} ν σ β ε δ ι α) m)
          (@HAdd.hAdd.{0, 0, 0} Nat Nat Nat (@instHAdd.{0} Nat instAddNat)
            (@Effect4.Machine.RunMachine.nextId.{u, v} ν σ β ε δ ι α χ St (Effect4.Prim.{u, v} ν σ β ε δ ι α)
              (Effect4.FrameFiber.{u, v} ν σ β ε δ ι α) (Effect4.FrameEvent.{u, v} ν σ β ε δ ι α) m)
            (@OfNat.ofNat.{0} Nat (nat_lit 1) (instOfNatNat (nat_lit 1))))
          (@Effect4.Machine.RunMachine.nextToken.{u, v} ν σ β ε δ ι α χ St (Effect4.Prim.{u, v} ν σ β ε δ ι α)
            (Effect4.FrameFiber.{u, v} ν σ β ε δ ι α) (Effect4.FrameEvent.{u, v} ν σ β ε δ ι α) m)
          (@Effect4.Machine.RunMachine.nextRace.{u, v} ν σ β ε δ ι α χ St (Effect4.Prim.{u, v} ν σ β ε δ ι α)
            (Effect4.FrameFiber.{u, v} ν σ β ε δ ι α) (Effect4.FrameEvent.{u, v} ν σ β ε δ ι α) m)
          (@Effect4.Machine.RunMachine.middlewareInstalled.{u, v} ν σ β ε δ ι α χ St (Effect4.Prim.{u, v} ν σ β ε δ ι α)
            (Effect4.FrameFiber.{u, v} ν σ β ε δ ι α) (Effect4.FrameEvent.{u, v} ν σ β ε δ ι α) m)
          (@Effect4.Machine.RunMachine.armed.{u, v} ν σ β ε δ ι α χ St (Effect4.Prim.{u, v} ν σ β ε δ ι α)
            (Effect4.FrameFiber.{u, v} ν σ β ε δ ι α) (Effect4.FrameEvent.{u, v} ν σ β ε δ ι α) m)
          (@Effect4.Machine.RunMachine.state.{u, v} ν σ β ε δ ι α χ St (Effect4.Prim.{u, v} ν σ β ε δ ι α)
            (Effect4.FrameFiber.{u, v} ν σ β ε δ ι α) (Effect4.FrameEvent.{u, v} ν σ β ε δ ι α) m)
          (@Effect4.Machine.RunMachine.trace.{u, v} ν σ β ε δ ι α χ St (Effect4.Prim.{u, v} ν σ β ε δ ι α)
            (Effect4.FrameFiber.{u, v} ν σ β ε δ ι α) (Effect4.FrameEvent.{u, v} ν σ β ε δ ι α) m)
          (@Effect4.Machine.RunMachine.stuck.{u, v} ν σ β ε δ ι α χ St (Effect4.Prim.{u, v} ν σ β ε δ ι α)
            (Effect4.FrameFiber.{u, v} ν σ β ε δ ι α) (Effect4.FrameEvent.{u, v} ν σ β ε δ ι α) m))
        (@List.cons.{max u v}
          (Effect4.Machine.RunEvent.{u, v} ν σ β ε δ ι α χ (Effect4.Prim.{u, v} ν σ β ε δ ι α)
            (Effect4.FrameEvent.{u, v} ν σ β ε δ ι α))
          (@Effect4.Machine.RunEvent.forked.{u, v} ν σ β ε δ ι α χ (Effect4.Prim.{u, v} ν σ β ε δ ι α)
            (Effect4.FrameEvent.{u, v} ν σ β ε δ ι α)
            (@Effect4.Machine.RunFiber.id.{u, v} ν σ β ε δ ι α χ (Effect4.Prim.{u, v} ν σ β ε δ ι α)
              (Effect4.FrameFiber.{u, v} ν σ β ε δ ι α) parent)
            {
              value :=
                @Effect4.Machine.RunMachine.nextId.{u, v} ν σ β ε δ ι α χ St (Effect4.Prim.{u, v} ν σ β ε δ ι α)
                  (Effect4.FrameFiber.{u, v} ν σ β ε δ ι α) (Effect4.FrameEvent.{u, v} ν σ β ε δ ι α) m }
            options.daemon)
          (@List.nil.{max u v}
            (Effect4.Machine.RunEvent.{u, v} ν σ β ε δ ι α χ (Effect4.Prim.{u, v} ν σ β ε δ ι α)
              (Effect4.FrameEvent.{u, v} ν σ β ε δ ι α)))))
      (@Prod.mk.{max u v, 0}
        (Effect4.Machine.RunFiber.{u, v} ν σ β ε δ ι α χ (Effect4.Prim.{u, v} ν σ β ε δ ι α)
          (Effect4.FrameFiber.{u, v} ν σ β ε δ ι α))
        Effect4.FiberId parent
        {
          value :=
            @Effect4.Machine.RunMachine.nextId.{u, v} ν σ β ε δ ι α χ St (Effect4.Prim.{u, v} ν σ β ε δ ι α)
              (Effect4.FrameFiber.{u, v} ν σ β ε δ ι α) (Effect4.FrameEvent.{u, v} ν σ β ε δ ι α) m }))
STATEMENT Effect4.Machine.M1OriginClauses.spawn_untracked ∀ {ν σ : Type u} {β : Type v} {ε δ ι α χ : Type u}
  {St : Type (max u v)}
  (interp : Effect4.Machine.RunInterp.{u, v} ν σ β ε δ ι α χ St (Effect4.Prim.{u, v} ν σ β ε δ ι α))
  (m :
    Effect4.Machine.RunMachine.{u, v} ν σ β ε δ ι α χ St (Effect4.Prim.{u, v} ν σ β ε δ ι α)
      (Effect4.FrameFiber.{u, v} ν σ β ε δ ι α) (Effect4.FrameEvent.{u, v} ν σ β ε δ ι α))
  (parent :
    Effect4.Machine.RunFiber.{u, v} ν σ β ε δ ι α χ (Effect4.Prim.{u, v} ν σ β ε δ ι α)
      (Effect4.FrameFiber.{u, v} ν σ β ε δ ι α))
  (program : Effect4.Prim.{u, v} ν σ β ε δ ι α) (options : Effect4.Supervision.ForkOptions)
  (site : optParam.{1} (List.{0} Nat) (@List.nil.{0} Nat)),
  @Eq.{max (u + 1) (v + 1)}
    (Effect4.Machine.RunFiber.{u, v} ν σ β ε δ ι α χ (Effect4.Prim.{u, v} ν σ β ε δ ι α)
      (Effect4.FrameFiber.{u, v} ν σ β ε δ ι α))
    (@Prod.fst.{max u v, 0}
      (Effect4.Machine.RunFiber.{u, v} ν σ β ε δ ι α χ (Effect4.Prim.{u, v} ν σ β ε δ ι α)
        (Effect4.FrameFiber.{u, v} ν σ β ε δ ι α))
      Effect4.FiberId
      (@Prod.snd.{max u v, max u v}
        (Effect4.Machine.RunMachine.{u, v} ν σ β ε δ ι α χ St (Effect4.Prim.{u, v} ν σ β ε δ ι α)
          (Effect4.FrameFiber.{u, v} ν σ β ε δ ι α) (Effect4.FrameEvent.{u, v} ν σ β ε δ ι α))
        (Prod.{max v u, 0}
          (Effect4.Machine.RunFiber.{u, v} ν σ β ε δ ι α χ (Effect4.Prim.{u, v} ν σ β ε δ ι α)
            (Effect4.FrameFiber.{u, v} ν σ β ε δ ι α))
          Effect4.FiberId)
        (@Effect4.Machine.spawn.{u, v} ν σ β ε δ ι α χ St (Effect4.Prim.{u, v} ν σ β ε δ ι α)
          (Effect4.FrameFiber.{u, v} ν σ β ε δ ι α) (Effect4.FrameEvent.{u, v} ν σ β ε δ ι α)
          (@Effect4.Machine.frameCore.{u, v} ν σ β ε δ ι α) interp m parent program options site)))
    parent
STATEMENT Effect4.Machine.M1OriginClauses.withFiber_fork ∀ {ν σ : Type u} {β : Type v} {ε δ ι α χ : Type u}
  {St : Type (max u v)} [inst : DecidableEq.{u + 1} ε] [inst_1 : DecidableEq.{u + 1} δ] [inst_2 : DecidableEq.{u + 1} ι]
  [inst_3 : DecidableEq.{u + 1} α]
  (interp : Effect4.Machine.RunInterp.{u, v} ν σ β ε δ ι α χ St (Effect4.Prim.{u, v} ν σ β ε δ ι α))
  (m :
    Effect4.Machine.RunMachine.{u, v} ν σ β ε δ ι α χ St (Effect4.Prim.{u, v} ν σ β ε δ ι α)
      (Effect4.FrameFiber.{u, v} ν σ β ε δ ι α) (Effect4.FrameEvent.{u, v} ν σ β ε δ ι α))
  (f :
    Effect4.Machine.RunFiber.{u, v} ν σ β ε δ ι α χ (Effect4.Prim.{u, v} ν σ β ε δ ι α)
      (Effect4.FrameFiber.{u, v} ν σ β ε δ ι α))
  (yielding : Bool) (program : Effect4.Prim.{u, v} ν σ β ε δ ι α) (options : Effect4.Supervision.ForkOptions)
  (site : optParam.{1} (List.{0} Nat) (@List.nil.{0} Nat)),
  @Eq.{max (u + 1) (v + 1)}
    (Effect4.Machine.Iter.{u, v} ν σ β ε δ ι α χ St (Effect4.Prim.{u, v} ν σ β ε δ ι α)
      (Effect4.FrameFiber.{u, v} ν σ β ε δ ι α) (Effect4.FrameEvent.{u, v} ν σ β ε δ ι α))
    (@Effect4.Machine.evaluatePrim.withFiber.{u, v} ν σ β ε δ ι α χ St inst inst_1 inst_2 inst_3 interp m f yielding
      (@Effect4.Machine.WithFiberAction.fork.{u, v} ν σ β ε δ ι α χ (Effect4.Prim.{u, v} ν σ β ε δ ι α) program options
        site))
    (have m' :=
      @ite.{max (u + 1) (v + 1)}
        (Effect4.Machine.RunMachine.{u, v} ν σ β ε δ ι α χ St (Effect4.Prim.{u, v} ν σ β ε δ ι α)
          (Effect4.FrameFiber.{u, v} ν σ β ε δ ι α) (Effect4.FrameEvent.{u, v} ν σ β ε δ ι α))
        (@Eq.{1} Bool options.daemon Bool.true) (instDecidableEqBool options.daemon Bool.true) m
        (@Effect4.Machine.RunMachine.mk.{u, v} ν σ β ε δ ι α χ St (Effect4.Prim.{u, v} ν σ β ε δ ι α)
          (Effect4.FrameFiber.{u, v} ν σ β ε δ ι α) (Effect4.FrameEvent.{u, v} ν σ β ε δ ι α)
          (@Effect4.Machine.RunMachine.fibers.{u, v} ν σ β ε δ ι α χ St (Effect4.Prim.{u, v} ν σ β ε δ ι α)
            (Effect4.FrameFiber.{u, v} ν σ β ε δ ι α) (Effect4.FrameEvent.{u, v} ν σ β ε δ ι α) m)
          (@Effect4.Machine.RunMachine.races.{u, v} ν σ β ε δ ι α χ St (Effect4.Prim.{u, v} ν σ β ε δ ι α)
            (Effect4.FrameFiber.{u, v} ν σ β ε δ ι α) (Effect4.FrameEvent.{u, v} ν σ β ε δ ι α) m)
          (@Effect4.Machine.RunMachine.nextId.{u, v} ν σ β ε δ ι α χ St (Effect4.Prim.{u, v} ν σ β ε δ ι α)
            (Effect4.FrameFiber.{u, v} ν σ β ε δ ι α) (Effect4.FrameEvent.{u, v} ν σ β ε δ ι α) m)
          (@Effect4.Machine.RunMachine.nextToken.{u, v} ν σ β ε δ ι α χ St (Effect4.Prim.{u, v} ν σ β ε δ ι α)
            (Effect4.FrameFiber.{u, v} ν σ β ε δ ι α) (Effect4.FrameEvent.{u, v} ν σ β ε δ ι α) m)
          (@Effect4.Machine.RunMachine.nextRace.{u, v} ν σ β ε δ ι α χ St (Effect4.Prim.{u, v} ν σ β ε δ ι α)
            (Effect4.FrameFiber.{u, v} ν σ β ε δ ι α) (Effect4.FrameEvent.{u, v} ν σ β ε δ ι α) m)
          Bool.true
          (@Effect4.Machine.RunMachine.armed.{u, v} ν σ β ε δ ι α χ St (Effect4.Prim.{u, v} ν σ β ε δ ι α)
            (Effect4.FrameFiber.{u, v} ν σ β ε δ ι α) (Effect4.FrameEvent.{u, v} ν σ β ε δ ι α) m)
          (@Effect4.Machine.RunMachine.state.{u, v} ν σ β ε δ ι α χ St (Effect4.Prim.{u, v} ν σ β ε δ ι α)
            (Effect4.FrameFiber.{u, v} ν σ β ε δ ι α) (Effect4.FrameEvent.{u, v} ν σ β ε δ ι α) m)
          (@Effect4.Machine.RunMachine.trace.{u, v} ν σ β ε δ ι α χ St (Effect4.Prim.{u, v} ν σ β ε δ ι α)
            (Effect4.FrameFiber.{u, v} ν σ β ε δ ι α) (Effect4.FrameEvent.{u, v} ν σ β ε δ ι α) m)
          (@Effect4.Machine.RunMachine.stuck.{u, v} ν σ β ε δ ι α χ St (Effect4.Prim.{u, v} ν σ β ε δ ι α)
            (Effect4.FrameFiber.{u, v} ν σ β ε δ ι α) (Effect4.FrameEvent.{u, v} ν σ β ε δ ι α) m));
    have s :=
      @Effect4.Machine.spawn.{u, v} ν σ β ε δ ι α χ St (Effect4.Prim.{u, v} ν σ β ε δ ι α)
        (Effect4.FrameFiber.{u, v} ν σ β ε δ ι α) (Effect4.FrameEvent.{u, v} ν σ β ε δ ι α)
        (@Effect4.Machine.frameCore.{u, v} ν σ β ε δ ι α) interp m' f program options site;
    have t :=
      @Effect4.Machine.start.{u, v} ν σ β ε δ ι α χ St (Effect4.Prim.{u, v} ν σ β ε δ ι α)
        (Effect4.FrameFiber.{u, v} ν σ β ε δ ι α) (Effect4.FrameEvent.{u, v} ν σ β ε δ ι α)
        (@Prod.fst.{max u v, max u v}
          (Effect4.Machine.RunMachine.{u, v} ν σ β ε δ ι α χ St (Effect4.Prim.{u, v} ν σ β ε δ ι α)
            (Effect4.FrameFiber.{u, v} ν σ β ε δ ι α) (Effect4.FrameEvent.{u, v} ν σ β ε δ ι α))
          (Prod.{max v u, 0}
            (Effect4.Machine.RunFiber.{u, v} ν σ β ε δ ι α χ (Effect4.Prim.{u, v} ν σ β ε δ ι α)
              (Effect4.FrameFiber.{u, v} ν σ β ε δ ι α))
            Effect4.FiberId)
          s)
        (@Prod.fst.{max u v, 0}
          (Effect4.Machine.RunFiber.{u, v} ν σ β ε δ ι α χ (Effect4.Prim.{u, v} ν σ β ε δ ι α)
            (Effect4.FrameFiber.{u, v} ν σ β ε δ ι α))
          Effect4.FiberId
          (@Prod.snd.{max u v, max u v}
            (Effect4.Machine.RunMachine.{u, v} ν σ β ε δ ι α χ St (Effect4.Prim.{u, v} ν σ β ε δ ι α)
              (Effect4.FrameFiber.{u, v} ν σ β ε δ ι α) (Effect4.FrameEvent.{u, v} ν σ β ε δ ι α))
            (Prod.{max v u, 0}
              (Effect4.Machine.RunFiber.{u, v} ν σ β ε δ ι α χ (Effect4.Prim.{u, v} ν σ β ε δ ι α)
                (Effect4.FrameFiber.{u, v} ν σ β ε δ ι α))
              Effect4.FiberId)
            s))
        (@Prod.snd.{max u v, 0}
          (Effect4.Machine.RunFiber.{u, v} ν σ β ε δ ι α χ (Effect4.Prim.{u, v} ν σ β ε δ ι α)
            (Effect4.FrameFiber.{u, v} ν σ β ε δ ι α))
          Effect4.FiberId
          (@Prod.snd.{max u v, max u v}
            (Effect4.Machine.RunMachine.{u, v} ν σ β ε δ ι α χ St (Effect4.Prim.{u, v} ν σ β ε δ ι α)
              (Effect4.FrameFiber.{u, v} ν σ β ε δ ι α) (Effect4.FrameEvent.{u, v} ν σ β ε δ ι α))
            (Prod.{max v u, 0}
              (Effect4.Machine.RunFiber.{u, v} ν σ β ε δ ι α χ (Effect4.Prim.{u, v} ν σ β ε δ ι α)
                (Effect4.FrameFiber.{u, v} ν σ β ε δ ι α))
              Effect4.FiberId)
            s))
        options.startImmediately;
    @Effect4.Machine.Iter.mk.{u, v} ν σ β ε δ ι α χ St (Effect4.Prim.{u, v} ν σ β ε δ ι α)
      (Effect4.FrameFiber.{u, v} ν σ β ε δ ι α) (Effect4.FrameEvent.{u, v} ν σ β ε δ ι α)
      (@Prod.fst.{max u v, max u v}
        (Effect4.Machine.RunMachine.{u, v} ν σ β ε δ ι α χ St (Effect4.Prim.{u, v} ν σ β ε δ ι α)
          (Effect4.FrameFiber.{u, v} ν σ β ε δ ι α) (Effect4.FrameEvent.{u, v} ν σ β ε δ ι α))
        (Prod.{max v u, max v u}
          (Effect4.Machine.RunFiber.{u, v} ν σ β ε δ ι α χ (Effect4.Prim.{u, v} ν σ β ε δ ι α)
            (Effect4.FrameFiber.{u, v} ν σ β ε δ ι α))
          (List.{max v u} (Effect4.Machine.Cmd.{u, v} ν σ β ε δ ι α (Effect4.Prim.{u, v} ν σ β ε δ ι α))))
        t)
      (have __src :=
        @Prod.fst.{max u v, max u v}
          (Effect4.Machine.RunFiber.{u, v} ν σ β ε δ ι α χ (Effect4.Prim.{u, v} ν σ β ε δ ι α)
            (Effect4.FrameFiber.{u, v} ν σ β ε δ ι α))
          (List.{max v u} (Effect4.Machine.Cmd.{u, v} ν σ β ε δ ι α (Effect4.Prim.{u, v} ν σ β ε δ ι α)))
          (@Prod.snd.{max u v, max u v}
            (Effect4.Machine.RunMachine.{u, v} ν σ β ε δ ι α χ St (Effect4.Prim.{u, v} ν σ β ε δ ι α)
              (Effect4.FrameFiber.{u, v} ν σ β ε δ ι α) (Effect4.FrameEvent.{u, v} ν σ β ε δ ι α))
            (Prod.{max v u, max v u}
              (Effect4.Machine.RunFiber.{u, v} ν σ β ε δ ι α χ (Effect4.Prim.{u, v} ν σ β ε δ ι α)
                (Effect4.FrameFiber.{u, v} ν σ β ε δ ι α))
              (List.{max v u} (Effect4.Machine.Cmd.{u, v} ν σ β ε δ ι α (Effect4.Prim.{u, v} ν σ β ε δ ι α))))
            t);
      @Effect4.Machine.RunFiber.mk.{u, v} ν σ β ε δ ι α χ (Effect4.Prim.{u, v} ν σ β ε δ ι α)
        (Effect4.FrameFiber.{u, v} ν σ β ε δ ι α)
        (@Effect4.Machine.RunFiber.id.{u, v} ν σ β ε δ ι α χ (Effect4.Prim.{u, v} ν σ β ε δ ι α)
          (Effect4.FrameFiber.{u, v} ν σ β ε δ ι α) __src)
        (have __src :=
          @Effect4.Machine.RunFiber.frame.{u, v} ν σ β ε δ ι α χ (Effect4.Prim.{u, v} ν σ β ε δ ι α)
            (Effect4.FrameFiber.{u, v} ν σ β ε δ ι α)
            (@Prod.fst.{max u v, max u v}
              (Effect4.Machine.RunFiber.{u, v} ν σ β ε δ ι α χ (Effect4.Prim.{u, v} ν σ β ε δ ι α)
                (Effect4.FrameFiber.{u, v} ν σ β ε δ ι α))
              (List.{max v u} (Effect4.Machine.Cmd.{u, v} ν σ β ε δ ι α (Effect4.Prim.{u, v} ν σ β ε δ ι α)))
              (@Prod.snd.{max u v, max u v}
                (Effect4.Machine.RunMachine.{u, v} ν σ β ε δ ι α χ St (Effect4.Prim.{u, v} ν σ β ε δ ι α)
                  (Effect4.FrameFiber.{u, v} ν σ β ε δ ι α) (Effect4.FrameEvent.{u, v} ν σ β ε δ ι α))
                (Prod.{max v u, max v u}
                  (Effect4.Machine.RunFiber.{u, v} ν σ β ε δ ι α χ (Effect4.Prim.{u, v} ν σ β ε δ ι α)
                    (Effect4.FrameFiber.{u, v} ν σ β ε δ ι α))
                  (List.{max v u} (Effect4.Machine.Cmd.{u, v} ν σ β ε δ ι α (Effect4.Prim.{u, v} ν σ β ε δ ι α))))
                t));
        @Effect4.FrameFiber.mk.{u, v} ν σ β ε δ ι α
          (@Effect4.Prim.success.{u, v} ν σ β ε δ ι α
            (@Effect4.Machine.RunInterp.fiberValue.{u, v} ν σ β ε δ ι α χ St (Effect4.Prim.{u, v} ν σ β ε δ ι α) interp
              (@Prod.snd.{max u v, 0}
                (Effect4.Machine.RunFiber.{u, v} ν σ β ε δ ι α χ (Effect4.Prim.{u, v} ν σ β ε δ ι α)
                  (Effect4.FrameFiber.{u, v} ν σ β ε δ ι α))
                Effect4.FiberId
                (@Prod.snd.{max u v, max u v}
                  (Effect4.Machine.RunMachine.{u, v} ν σ β ε δ ι α χ St (Effect4.Prim.{u, v} ν σ β ε δ ι α)
                    (Effect4.FrameFiber.{u, v} ν σ β ε δ ι α) (Effect4.FrameEvent.{u, v} ν σ β ε δ ι α))
                  (Prod.{max v u, 0}
                    (Effect4.Machine.RunFiber.{u, v} ν σ β ε δ ι α χ (Effect4.Prim.{u, v} ν σ β ε δ ι α)
                      (Effect4.FrameFiber.{u, v} ν σ β ε δ ι α))
                    Effect4.FiberId)
                  s))))
          (@Effect4.FrameFiber.stack.{u, v} ν σ β ε δ ι α __src)
          (@Effect4.FrameFiber.interruptible.{u, v} ν σ β ε δ ι α __src)
          (@Effect4.FrameFiber.interruptedCause.{u, v} ν σ β ε δ ι α __src)
          (@Effect4.FrameFiber.deferredInterrupt.{u, v} ν σ β ε δ ι α __src))
        (@Effect4.Machine.RunFiber.running.{u, v} ν σ β ε δ ι α χ (Effect4.Prim.{u, v} ν σ β ε δ ι α)
          (Effect4.FrameFiber.{u, v} ν σ β ε δ ι α) __src)
        (@Effect4.Machine.RunFiber.parked.{u, v} ν σ β ε δ ι α χ (Effect4.Prim.{u, v} ν σ β ε δ ι α)
          (Effect4.FrameFiber.{u, v} ν σ β ε δ ι α) __src)
        (@Effect4.Machine.RunFiber.pending.{u, v} ν σ β ε δ ι α χ (Effect4.Prim.{u, v} ν σ β ε δ ι α)
          (Effect4.FrameFiber.{u, v} ν σ β ε δ ι α) __src)
        (@Effect4.Machine.RunFiber.finalizing.{u, v} ν σ β ε δ ι α χ (Effect4.Prim.{u, v} ν σ β ε δ ι α)
          (Effect4.FrameFiber.{u, v} ν σ β ε δ ι α) __src)
        (@Effect4.Machine.RunFiber.exit.{u, v} ν σ β ε δ ι α χ (Effect4.Prim.{u, v} ν σ β ε δ ι α)
          (Effect4.FrameFiber.{u, v} ν σ β ε δ ι α) __src)
        (@Effect4.Machine.RunFiber.currentOpCount.{u, v} ν σ β ε δ ι α χ (Effect4.Prim.{u, v} ν σ β ε δ ι α)
          (Effect4.FrameFiber.{u, v} ν σ β ε δ ι α) __src)
        (@Effect4.Machine.RunFiber.maxOpsBeforeYield.{u, v} ν σ β ε δ ι α χ (Effect4.Prim.{u, v} ν σ β ε δ ι α)
          (Effect4.FrameFiber.{u, v} ν σ β ε δ ι α) __src)
        (@Effect4.Machine.RunFiber.preventYield.{u, v} ν σ β ε δ ι α χ (Effect4.Prim.{u, v} ν σ β ε δ ι α)
          (Effect4.FrameFiber.{u, v} ν σ β ε δ ι α) __src)
        (@Effect4.Machine.RunFiber.yieldOverride.{u, v} ν σ β ε δ ι α χ (Effect4.Prim.{u, v} ν σ β ε δ ι α)
          (Effect4.FrameFiber.{u, v} ν σ β ε δ ι α) __src)
        (@Effect4.Machine.RunFiber.observers.{u, v} ν σ β ε δ ι α χ (Effect4.Prim.{u, v} ν σ β ε δ ι α)
          (Effect4.FrameFiber.{u, v} ν σ β ε δ ι α) __src)
        (@Effect4.Machine.RunFiber.children.{u, v} ν σ β ε δ ι α χ (Effect4.Prim.{u, v} ν σ β ε δ ι α)
          (Effect4.FrameFiber.{u, v} ν σ β ε δ ι α) __src)
        (@Effect4.Machine.RunFiber.dispatcher.{u, v} ν σ β ε δ ι α χ (Effect4.Prim.{u, v} ν σ β ε δ ι α)
          (Effect4.FrameFiber.{u, v} ν σ β ε δ ι α) __src)
        (@Effect4.Machine.RunFiber.context.{u, v} ν σ β ε δ ι α χ (Effect4.Prim.{u, v} ν σ β ε δ ι α)
          (Effect4.FrameFiber.{u, v} ν σ β ε δ ι α) __src)
        (@Effect4.Machine.RunFiber.origin.{u, v} ν σ β ε δ ι α χ (Effect4.Prim.{u, v} ν σ β ε δ ι α)
          (Effect4.FrameFiber.{u, v} ν σ β ε δ ι α) __src))
      yielding (@Effect4.Machine.Outcome.continue_.{u, v} ν σ β ε δ ι α)
      (@HAppend.hAppend.{max u v, max v u, max u v}
        (List.{max v u} (Effect4.Machine.Cmd.{u, v} ν σ β ε δ ι α (Effect4.Prim.{u, v} ν σ β ε δ ι α)))
        (List.{max v u} (Effect4.Machine.Cmd.{u, v} ν σ β ε δ ι α (Effect4.Prim.{u, v} ν σ β ε δ ι α)))
        (List.{max v u} (Effect4.Machine.Cmd.{u, v} ν σ β ε δ ι α (Effect4.Prim.{u, v} ν σ β ε δ ι α)))
        (@instHAppendOfAppend.{max u v}
          (List.{max v u} (Effect4.Machine.Cmd.{u, v} ν σ β ε δ ι α (Effect4.Prim.{u, v} ν σ β ε δ ι α)))
          (@List.instAppend.{max u v} (Effect4.Machine.Cmd.{u, v} ν σ β ε δ ι α (Effect4.Prim.{u, v} ν σ β ε δ ι α))))
        (@Prod.snd.{max u v, max u v}
          (Effect4.Machine.RunFiber.{u, v} ν σ β ε δ ι α χ (Effect4.Prim.{u, v} ν σ β ε δ ι α)
            (Effect4.FrameFiber.{u, v} ν σ β ε δ ι α))
          (List.{max v u} (Effect4.Machine.Cmd.{u, v} ν σ β ε δ ι α (Effect4.Prim.{u, v} ν σ β ε δ ι α)))
          (@Prod.snd.{max u v, max u v}
            (Effect4.Machine.RunMachine.{u, v} ν σ β ε δ ι α χ St (Effect4.Prim.{u, v} ν σ β ε δ ι α)
              (Effect4.FrameFiber.{u, v} ν σ β ε δ ι α) (Effect4.FrameEvent.{u, v} ν σ β ε δ ι α))
            (Prod.{max v u, max v u}
              (Effect4.Machine.RunFiber.{u, v} ν σ β ε δ ι α χ (Effect4.Prim.{u, v} ν σ β ε δ ι α)
                (Effect4.FrameFiber.{u, v} ν σ β ε δ ι α))
              (List.{max v u} (Effect4.Machine.Cmd.{u, v} ν σ β ε δ ι α (Effect4.Prim.{u, v} ν σ β ε δ ι α))))
            t))
        (@ite.{(max v u) + 1}
          (List.{max v u} (Effect4.Machine.Cmd.{u, v} ν σ β ε δ ι α (Effect4.Prim.{u, v} ν σ β ε δ ι α)))
          (@Eq.{1} Bool options.daemon Bool.true) (instDecidableEqBool options.daemon Bool.true)
          (@List.nil.{max v u} (Effect4.Machine.Cmd.{u, v} ν σ β ε δ ι α (Effect4.Prim.{u, v} ν σ β ε δ ι α)))
          (@List.cons.{max v u} (Effect4.Machine.Cmd.{u, v} ν σ β ε δ ι α (Effect4.Prim.{u, v} ν σ β ε δ ι α))
            (@Effect4.Machine.Cmd.trackChild.{u, v} ν σ β ε δ ι α (Effect4.Prim.{u, v} ν σ β ε δ ι α)
              (@Effect4.Machine.RunFiber.id.{u, v} ν σ β ε δ ι α χ (Effect4.Prim.{u, v} ν σ β ε δ ι α)
                (Effect4.FrameFiber.{u, v} ν σ β ε δ ι α) f)
              (@Prod.snd.{max u v, 0}
                (Effect4.Machine.RunFiber.{u, v} ν σ β ε δ ι α χ (Effect4.Prim.{u, v} ν σ β ε δ ι α)
                  (Effect4.FrameFiber.{u, v} ν σ β ε δ ι α))
                Effect4.FiberId
                (@Prod.snd.{max u v, max u v}
                  (Effect4.Machine.RunMachine.{u, v} ν σ β ε δ ι α χ St (Effect4.Prim.{u, v} ν σ β ε δ ι α)
                    (Effect4.FrameFiber.{u, v} ν σ β ε δ ι α) (Effect4.FrameEvent.{u, v} ν σ β ε δ ι α))
                  (Prod.{max v u, 0}
                    (Effect4.Machine.RunFiber.{u, v} ν σ β ε δ ι α χ (Effect4.Prim.{u, v} ν σ β ε δ ι α)
                      (Effect4.FrameFiber.{u, v} ν σ β ε δ ι α))
                    Effect4.FiberId)
                  s)))
            (@List.nil.{max v u} (Effect4.Machine.Cmd.{u, v} ν σ β ε δ ι α (Effect4.Prim.{u, v} ν σ β ε δ ι α)))))))
STATEMENT Effect4.Machine.M1OriginClauses.withFiber_forkIn ∀ {ν σ : Type u} {β : Type v} {ε δ ι α χ : Type u}
  {St : Type (max u v)} [inst : DecidableEq.{u + 1} ε] [inst_1 : DecidableEq.{u + 1} δ] [inst_2 : DecidableEq.{u + 1} ι]
  [inst_3 : DecidableEq.{u + 1} α]
  (interp : Effect4.Machine.RunInterp.{u, v} ν σ β ε δ ι α χ St (Effect4.Prim.{u, v} ν σ β ε δ ι α))
  (m :
    Effect4.Machine.RunMachine.{u, v} ν σ β ε δ ι α χ St (Effect4.Prim.{u, v} ν σ β ε δ ι α)
      (Effect4.FrameFiber.{u, v} ν σ β ε δ ι α) (Effect4.FrameEvent.{u, v} ν σ β ε δ ι α))
  (f :
    Effect4.Machine.RunFiber.{u, v} ν σ β ε δ ι α χ (Effect4.Prim.{u, v} ν σ β ε δ ι α)
      (Effect4.FrameFiber.{u, v} ν σ β ε δ ι α))
  (yielding : Bool) (program : Effect4.Prim.{u, v} ν σ β ε δ ι α) (options : Effect4.Supervision.ForkOptions)
  (scope : Nat) (site : optParam.{1} (List.{0} Nat) (@List.nil.{0} Nat)),
  @Eq.{max (u + 1) (v + 1)}
    (Effect4.Machine.Iter.{u, v} ν σ β ε δ ι α χ St (Effect4.Prim.{u, v} ν σ β ε δ ι α)
      (Effect4.FrameFiber.{u, v} ν σ β ε δ ι α) (Effect4.FrameEvent.{u, v} ν σ β ε δ ι α))
    (@Effect4.Machine.evaluatePrim.withFiber.{u, v} ν σ β ε δ ι α χ St inst inst_1 inst_2 inst_3 interp m f yielding
      (@Effect4.Machine.WithFiberAction.forkIn.{u, v} ν σ β ε δ ι α χ (Effect4.Prim.{u, v} ν σ β ε δ ι α) program
        options scope site))
    (have s :=
      @Effect4.Machine.spawn.{u, v} ν σ β ε δ ι α χ St (Effect4.Prim.{u, v} ν σ β ε δ ι α)
        (Effect4.FrameFiber.{u, v} ν σ β ε δ ι α) (Effect4.FrameEvent.{u, v} ν σ β ε δ ι α)
        (@Effect4.Machine.frameCore.{u, v} ν σ β ε δ ι α) interp m f program
        { startImmediately := options.startImmediately, «daemon» := Bool.true, maskMode := options.maskMode } site;
    have t :=
      @Effect4.Machine.start.{u, v} ν σ β ε δ ι α χ St (Effect4.Prim.{u, v} ν σ β ε δ ι α)
        (Effect4.FrameFiber.{u, v} ν σ β ε δ ι α) (Effect4.FrameEvent.{u, v} ν σ β ε δ ι α)
        (@Prod.fst.{max u v, max u v}
          (Effect4.Machine.RunMachine.{u, v} ν σ β ε δ ι α χ St (Effect4.Prim.{u, v} ν σ β ε δ ι α)
            (Effect4.FrameFiber.{u, v} ν σ β ε δ ι α) (Effect4.FrameEvent.{u, v} ν σ β ε δ ι α))
          (Prod.{max v u, 0}
            (Effect4.Machine.RunFiber.{u, v} ν σ β ε δ ι α χ (Effect4.Prim.{u, v} ν σ β ε δ ι α)
              (Effect4.FrameFiber.{u, v} ν σ β ε δ ι α))
            Effect4.FiberId)
          s)
        (@Prod.fst.{max u v, 0}
          (Effect4.Machine.RunFiber.{u, v} ν σ β ε δ ι α χ (Effect4.Prim.{u, v} ν σ β ε δ ι α)
            (Effect4.FrameFiber.{u, v} ν σ β ε δ ι α))
          Effect4.FiberId
          (@Prod.snd.{max u v, max u v}
            (Effect4.Machine.RunMachine.{u, v} ν σ β ε δ ι α χ St (Effect4.Prim.{u, v} ν σ β ε δ ι α)
              (Effect4.FrameFiber.{u, v} ν σ β ε δ ι α) (Effect4.FrameEvent.{u, v} ν σ β ε δ ι α))
            (Prod.{max v u, 0}
              (Effect4.Machine.RunFiber.{u, v} ν σ β ε δ ι α χ (Effect4.Prim.{u, v} ν σ β ε δ ι α)
                (Effect4.FrameFiber.{u, v} ν σ β ε δ ι α))
              Effect4.FiberId)
            s))
        (@Prod.snd.{max u v, 0}
          (Effect4.Machine.RunFiber.{u, v} ν σ β ε δ ι α χ (Effect4.Prim.{u, v} ν σ β ε δ ι α)
            (Effect4.FrameFiber.{u, v} ν σ β ε δ ι α))
          Effect4.FiberId
          (@Prod.snd.{max u v, max u v}
            (Effect4.Machine.RunMachine.{u, v} ν σ β ε δ ι α χ St (Effect4.Prim.{u, v} ν σ β ε δ ι α)
              (Effect4.FrameFiber.{u, v} ν σ β ε δ ι α) (Effect4.FrameEvent.{u, v} ν σ β ε δ ι α))
            (Prod.{max v u, 0}
              (Effect4.Machine.RunFiber.{u, v} ν σ β ε δ ι α χ (Effect4.Prim.{u, v} ν σ β ε δ ι α)
                (Effect4.FrameFiber.{u, v} ν σ β ε δ ι α))
              Effect4.FiberId)
            s))
        options.startImmediately;
    @Effect4.Machine.Iter.mk.{u, v} ν σ β ε δ ι α χ St (Effect4.Prim.{u, v} ν σ β ε δ ι α)
      (Effect4.FrameFiber.{u, v} ν σ β ε δ ι α) (Effect4.FrameEvent.{u, v} ν σ β ε δ ι α)
      (@Prod.fst.{max u v, max u v}
        (Effect4.Machine.RunMachine.{u, v} ν σ β ε δ ι α χ St (Effect4.Prim.{u, v} ν σ β ε δ ι α)
          (Effect4.FrameFiber.{u, v} ν σ β ε δ ι α) (Effect4.FrameEvent.{u, v} ν σ β ε δ ι α))
        (Prod.{max v u, max v u}
          (Effect4.Machine.RunFiber.{u, v} ν σ β ε δ ι α χ (Effect4.Prim.{u, v} ν σ β ε δ ι α)
            (Effect4.FrameFiber.{u, v} ν σ β ε δ ι α))
          (List.{max v u} (Effect4.Machine.Cmd.{u, v} ν σ β ε δ ι α (Effect4.Prim.{u, v} ν σ β ε δ ι α))))
        t)
      (have __src :=
        @Prod.fst.{max u v, max u v}
          (Effect4.Machine.RunFiber.{u, v} ν σ β ε δ ι α χ (Effect4.Prim.{u, v} ν σ β ε δ ι α)
            (Effect4.FrameFiber.{u, v} ν σ β ε δ ι α))
          (List.{max v u} (Effect4.Machine.Cmd.{u, v} ν σ β ε δ ι α (Effect4.Prim.{u, v} ν σ β ε δ ι α)))
          (@Prod.snd.{max u v, max u v}
            (Effect4.Machine.RunMachine.{u, v} ν σ β ε δ ι α χ St (Effect4.Prim.{u, v} ν σ β ε δ ι α)
              (Effect4.FrameFiber.{u, v} ν σ β ε δ ι α) (Effect4.FrameEvent.{u, v} ν σ β ε δ ι α))
            (Prod.{max v u, max v u}
              (Effect4.Machine.RunFiber.{u, v} ν σ β ε δ ι α χ (Effect4.Prim.{u, v} ν σ β ε δ ι α)
                (Effect4.FrameFiber.{u, v} ν σ β ε δ ι α))
              (List.{max v u} (Effect4.Machine.Cmd.{u, v} ν σ β ε δ ι α (Effect4.Prim.{u, v} ν σ β ε δ ι α))))
            t);
      @Effect4.Machine.RunFiber.mk.{u, v} ν σ β ε δ ι α χ (Effect4.Prim.{u, v} ν σ β ε δ ι α)
        (Effect4.FrameFiber.{u, v} ν σ β ε δ ι α)
        (@Effect4.Machine.RunFiber.id.{u, v} ν σ β ε δ ι α χ (Effect4.Prim.{u, v} ν σ β ε δ ι α)
          (Effect4.FrameFiber.{u, v} ν σ β ε δ ι α) __src)
        (have __src :=
          @Effect4.Machine.RunFiber.frame.{u, v} ν σ β ε δ ι α χ (Effect4.Prim.{u, v} ν σ β ε δ ι α)
            (Effect4.FrameFiber.{u, v} ν σ β ε δ ι α)
            (@Prod.fst.{max u v, max u v}
              (Effect4.Machine.RunFiber.{u, v} ν σ β ε δ ι α χ (Effect4.Prim.{u, v} ν σ β ε δ ι α)
                (Effect4.FrameFiber.{u, v} ν σ β ε δ ι α))
              (List.{max v u} (Effect4.Machine.Cmd.{u, v} ν σ β ε δ ι α (Effect4.Prim.{u, v} ν σ β ε δ ι α)))
              (@Prod.snd.{max u v, max u v}
                (Effect4.Machine.RunMachine.{u, v} ν σ β ε δ ι α χ St (Effect4.Prim.{u, v} ν σ β ε δ ι α)
                  (Effect4.FrameFiber.{u, v} ν σ β ε δ ι α) (Effect4.FrameEvent.{u, v} ν σ β ε δ ι α))
                (Prod.{max v u, max v u}
                  (Effect4.Machine.RunFiber.{u, v} ν σ β ε δ ι α χ (Effect4.Prim.{u, v} ν σ β ε δ ι α)
                    (Effect4.FrameFiber.{u, v} ν σ β ε δ ι α))
                  (List.{max v u} (Effect4.Machine.Cmd.{u, v} ν σ β ε δ ι α (Effect4.Prim.{u, v} ν σ β ε δ ι α))))
                t));
        @Effect4.FrameFiber.mk.{u, v} ν σ β ε δ ι α
          (@Effect4.Prim.success.{u, v} ν σ β ε δ ι α
            (@Effect4.Machine.RunInterp.fiberValue.{u, v} ν σ β ε δ ι α χ St (Effect4.Prim.{u, v} ν σ β ε δ ι α) interp
              (@Prod.snd.{max u v, 0}
                (Effect4.Machine.RunFiber.{u, v} ν σ β ε δ ι α χ (Effect4.Prim.{u, v} ν σ β ε δ ι α)
                  (Effect4.FrameFiber.{u, v} ν σ β ε δ ι α))
                Effect4.FiberId
                (@Prod.snd.{max u v, max u v}
                  (Effect4.Machine.RunMachine.{u, v} ν σ β ε δ ι α χ St (Effect4.Prim.{u, v} ν σ β ε δ ι α)
                    (Effect4.FrameFiber.{u, v} ν σ β ε δ ι α) (Effect4.FrameEvent.{u, v} ν σ β ε δ ι α))
                  (Prod.{max v u, 0}
                    (Effect4.Machine.RunFiber.{u, v} ν σ β ε δ ι α χ (Effect4.Prim.{u, v} ν σ β ε δ ι α)
                      (Effect4.FrameFiber.{u, v} ν σ β ε δ ι α))
                    Effect4.FiberId)
                  s))))
          (@Effect4.FrameFiber.stack.{u, v} ν σ β ε δ ι α __src)
          (@Effect4.FrameFiber.interruptible.{u, v} ν σ β ε δ ι α __src)
          (@Effect4.FrameFiber.interruptedCause.{u, v} ν σ β ε δ ι α __src)
          (@Effect4.FrameFiber.deferredInterrupt.{u, v} ν σ β ε δ ι α __src))
        (@Effect4.Machine.RunFiber.running.{u, v} ν σ β ε δ ι α χ (Effect4.Prim.{u, v} ν σ β ε δ ι α)
          (Effect4.FrameFiber.{u, v} ν σ β ε δ ι α) __src)
        (@Effect4.Machine.RunFiber.parked.{u, v} ν σ β ε δ ι α χ (Effect4.Prim.{u, v} ν σ β ε δ ι α)
          (Effect4.FrameFiber.{u, v} ν σ β ε δ ι α) __src)
        (@Effect4.Machine.RunFiber.pending.{u, v} ν σ β ε δ ι α χ (Effect4.Prim.{u, v} ν σ β ε δ ι α)
          (Effect4.FrameFiber.{u, v} ν σ β ε δ ι α) __src)
        (@Effect4.Machine.RunFiber.finalizing.{u, v} ν σ β ε δ ι α χ (Effect4.Prim.{u, v} ν σ β ε δ ι α)
          (Effect4.FrameFiber.{u, v} ν σ β ε δ ι α) __src)
        (@Effect4.Machine.RunFiber.exit.{u, v} ν σ β ε δ ι α χ (Effect4.Prim.{u, v} ν σ β ε δ ι α)
          (Effect4.FrameFiber.{u, v} ν σ β ε δ ι α) __src)
        (@Effect4.Machine.RunFiber.currentOpCount.{u, v} ν σ β ε δ ι α χ (Effect4.Prim.{u, v} ν σ β ε δ ι α)
          (Effect4.FrameFiber.{u, v} ν σ β ε δ ι α) __src)
        (@Effect4.Machine.RunFiber.maxOpsBeforeYield.{u, v} ν σ β ε δ ι α χ (Effect4.Prim.{u, v} ν σ β ε δ ι α)
          (Effect4.FrameFiber.{u, v} ν σ β ε δ ι α) __src)
        (@Effect4.Machine.RunFiber.preventYield.{u, v} ν σ β ε δ ι α χ (Effect4.Prim.{u, v} ν σ β ε δ ι α)
          (Effect4.FrameFiber.{u, v} ν σ β ε δ ι α) __src)
        (@Effect4.Machine.RunFiber.yieldOverride.{u, v} ν σ β ε δ ι α χ (Effect4.Prim.{u, v} ν σ β ε δ ι α)
          (Effect4.FrameFiber.{u, v} ν σ β ε δ ι α) __src)
        (@Effect4.Machine.RunFiber.observers.{u, v} ν σ β ε δ ι α χ (Effect4.Prim.{u, v} ν σ β ε δ ι α)
          (Effect4.FrameFiber.{u, v} ν σ β ε δ ι α) __src)
        (@Effect4.Machine.RunFiber.children.{u, v} ν σ β ε δ ι α χ (Effect4.Prim.{u, v} ν σ β ε δ ι α)
          (Effect4.FrameFiber.{u, v} ν σ β ε δ ι α) __src)
        (@Effect4.Machine.RunFiber.dispatcher.{u, v} ν σ β ε δ ι α χ (Effect4.Prim.{u, v} ν σ β ε δ ι α)
          (Effect4.FrameFiber.{u, v} ν σ β ε δ ι α) __src)
        (@Effect4.Machine.RunFiber.context.{u, v} ν σ β ε δ ι α χ (Effect4.Prim.{u, v} ν σ β ε δ ι α)
          (Effect4.FrameFiber.{u, v} ν σ β ε δ ι α) __src)
        (@Effect4.Machine.RunFiber.origin.{u, v} ν σ β ε δ ι α χ (Effect4.Prim.{u, v} ν σ β ε δ ι α)
          (Effect4.FrameFiber.{u, v} ν σ β ε δ ι α) __src))
      yielding (@Effect4.Machine.Outcome.continue_.{u, v} ν σ β ε δ ι α)
      (@HAppend.hAppend.{max u v, max u v, max u v}
        (List.{max v u} (Effect4.Machine.Cmd.{u, v} ν σ β ε δ ι α (Effect4.Prim.{u, v} ν σ β ε δ ι α)))
        (List.{max v u} (Effect4.Machine.Cmd.{u, v} ν σ β ε δ ι α (Effect4.Prim.{u, v} ν σ β ε δ ι α)))
        (List.{max v u} (Effect4.Machine.Cmd.{u, v} ν σ β ε δ ι α (Effect4.Prim.{u, v} ν σ β ε δ ι α)))
        (@instHAppendOfAppend.{max u v}
          (List.{max v u} (Effect4.Machine.Cmd.{u, v} ν σ β ε δ ι α (Effect4.Prim.{u, v} ν σ β ε δ ι α)))
          (@List.instAppend.{max u v} (Effect4.Machine.Cmd.{u, v} ν σ β ε δ ι α (Effect4.Prim.{u, v} ν σ β ε δ ι α))))
        (@Prod.snd.{max u v, max u v}
          (Effect4.Machine.RunFiber.{u, v} ν σ β ε δ ι α χ (Effect4.Prim.{u, v} ν σ β ε δ ι α)
            (Effect4.FrameFiber.{u, v} ν σ β ε δ ι α))
          (List.{max v u} (Effect4.Machine.Cmd.{u, v} ν σ β ε δ ι α (Effect4.Prim.{u, v} ν σ β ε δ ι α)))
          (@Prod.snd.{max u v, max u v}
            (Effect4.Machine.RunMachine.{u, v} ν σ β ε δ ι α χ St (Effect4.Prim.{u, v} ν σ β ε δ ι α)
              (Effect4.FrameFiber.{u, v} ν σ β ε δ ι α) (Effect4.FrameEvent.{u, v} ν σ β ε δ ι α))
            (Prod.{max v u, max v u}
              (Effect4.Machine.RunFiber.{u, v} ν σ β ε δ ι α χ (Effect4.Prim.{u, v} ν σ β ε δ ι α)
                (Effect4.FrameFiber.{u, v} ν σ β ε δ ι α))
              (List.{max v u} (Effect4.Machine.Cmd.{u, v} ν σ β ε δ ι α (Effect4.Prim.{u, v} ν σ β ε δ ι α))))
            t))
        (@List.cons.{max v u} (Effect4.Machine.Cmd.{u, v} ν σ β ε δ ι α (Effect4.Prim.{u, v} ν σ β ε δ ι α))
          (@Effect4.Machine.Cmd.link.{u, v} ν σ β ε δ ι α (Effect4.Prim.{u, v} ν σ β ε δ ι α)
            Effect4.Supervision.ScopeMode.forkIn scope
            (@Prod.snd.{max u v, 0}
              (Effect4.Machine.RunFiber.{u, v} ν σ β ε δ ι α χ (Effect4.Prim.{u, v} ν σ β ε δ ι α)
                (Effect4.FrameFiber.{u, v} ν σ β ε δ ι α))
              Effect4.FiberId
              (@Prod.snd.{max u v, max u v}
                (Effect4.Machine.RunMachine.{u, v} ν σ β ε δ ι α χ St (Effect4.Prim.{u, v} ν σ β ε δ ι α)
                  (Effect4.FrameFiber.{u, v} ν σ β ε δ ι α) (Effect4.FrameEvent.{u, v} ν σ β ε δ ι α))
                (Prod.{max v u, 0}
                  (Effect4.Machine.RunFiber.{u, v} ν σ β ε δ ι α χ (Effect4.Prim.{u, v} ν σ β ε δ ι α)
                    (Effect4.FrameFiber.{u, v} ν σ β ε δ ι α))
                  Effect4.FiberId)
                s))
            (@Option.some.{0} Effect4.FiberId
              (@Effect4.Machine.RunFiber.id.{u, v} ν σ β ε δ ι α χ (Effect4.Prim.{u, v} ν σ β ε δ ι α)
                (Effect4.FrameFiber.{u, v} ν σ β ε δ ι α)
                (@Prod.fst.{max u v, max u v}
                  (Effect4.Machine.RunFiber.{u, v} ν σ β ε δ ι α χ (Effect4.Prim.{u, v} ν σ β ε δ ι α)
                    (Effect4.FrameFiber.{u, v} ν σ β ε δ ι α))
                  (List.{max v u} (Effect4.Machine.Cmd.{u, v} ν σ β ε δ ι α (Effect4.Prim.{u, v} ν σ β ε δ ι α)))
                  (@Prod.snd.{max u v, max u v}
                    (Effect4.Machine.RunMachine.{u, v} ν σ β ε δ ι α χ St (Effect4.Prim.{u, v} ν σ β ε δ ι α)
                      (Effect4.FrameFiber.{u, v} ν σ β ε δ ι α) (Effect4.FrameEvent.{u, v} ν σ β ε δ ι α))
                    (Prod.{max v u, max v u}
                      (Effect4.Machine.RunFiber.{u, v} ν σ β ε δ ι α χ (Effect4.Prim.{u, v} ν σ β ε δ ι α)
                        (Effect4.FrameFiber.{u, v} ν σ β ε δ ι α))
                      (List.{max v u} (Effect4.Machine.Cmd.{u, v} ν σ β ε δ ι α (Effect4.Prim.{u, v} ν σ β ε δ ι α))))
                    t))))
            (@Effect4.Machine.RunInterp.stackAnnotations.{u, v} ν σ β ε δ ι α χ St (Effect4.Prim.{u, v} ν σ β ε δ ι α)
              interp
              (@Effect4.Machine.RunFiber.id.{u, v} ν σ β ε δ ι α χ (Effect4.Prim.{u, v} ν σ β ε δ ι α)
                (Effect4.FrameFiber.{u, v} ν σ β ε δ ι α)
                (@Prod.fst.{max u v, max u v}
                  (Effect4.Machine.RunFiber.{u, v} ν σ β ε δ ι α χ (Effect4.Prim.{u, v} ν σ β ε δ ι α)
                    (Effect4.FrameFiber.{u, v} ν σ β ε δ ι α))
                  (List.{max v u} (Effect4.Machine.Cmd.{u, v} ν σ β ε δ ι α (Effect4.Prim.{u, v} ν σ β ε δ ι α)))
                  (@Prod.snd.{max u v, max u v}
                    (Effect4.Machine.RunMachine.{u, v} ν σ β ε δ ι α χ St (Effect4.Prim.{u, v} ν σ β ε δ ι α)
                      (Effect4.FrameFiber.{u, v} ν σ β ε δ ι α) (Effect4.FrameEvent.{u, v} ν σ β ε δ ι α))
                    (Prod.{max v u, max v u}
                      (Effect4.Machine.RunFiber.{u, v} ν σ β ε δ ι α χ (Effect4.Prim.{u, v} ν σ β ε δ ι α)
                        (Effect4.FrameFiber.{u, v} ν σ β ε δ ι α))
                      (List.{max v u} (Effect4.Machine.Cmd.{u, v} ν σ β ε δ ι α (Effect4.Prim.{u, v} ν σ β ε δ ι α))))
                    t)))))
          (@List.nil.{max u v} (Effect4.Machine.Cmd.{u, v} ν σ β ε δ ι α (Effect4.Prim.{u, v} ν σ β ε δ ι α))))))
STATEMENT Effect4.Machine.M1OriginClauses.withFiber_forkScoped_ambient ∀ {ν σ : Type u} {β : Type v}
  {ε δ ι α χ : Type u} {St : Type (max u v)} [inst : DecidableEq.{u + 1} ε] [inst_1 : DecidableEq.{u + 1} δ]
  [inst_2 : DecidableEq.{u + 1} ι] [inst_3 : DecidableEq.{u + 1} α]
  (interp : Effect4.Machine.RunInterp.{u, v} ν σ β ε δ ι α χ St (Effect4.Prim.{u, v} ν σ β ε δ ι α))
  (m :
    Effect4.Machine.RunMachine.{u, v} ν σ β ε δ ι α χ St (Effect4.Prim.{u, v} ν σ β ε δ ι α)
      (Effect4.FrameFiber.{u, v} ν σ β ε δ ι α) (Effect4.FrameEvent.{u, v} ν σ β ε δ ι α))
  (f :
    Effect4.Machine.RunFiber.{u, v} ν σ β ε δ ι α χ (Effect4.Prim.{u, v} ν σ β ε δ ι α)
      (Effect4.FrameFiber.{u, v} ν σ β ε δ ι α))
  (yielding : Bool) (program : Effect4.Prim.{u, v} ν σ β ε δ ι α) (options : Effect4.Supervision.ForkOptions)
  (scope : Nat),
  @Eq.{1} (Option.{0} Nat)
      (@Effect4.Machine.RunInterp.ambientScope.{u, v} ν σ β ε δ ι α χ St (Effect4.Prim.{u, v} ν σ β ε δ ι α) interp
        (@Effect4.Machine.RunFiber.context.{u, v} ν σ β ε δ ι α χ (Effect4.Prim.{u, v} ν σ β ε δ ι α)
          (Effect4.FrameFiber.{u, v} ν σ β ε δ ι α) f))
      (@Option.some.{0} Nat scope) →
    ∀ (site : optParam.{1} (List.{0} Nat) (@List.nil.{0} Nat)),
      @Eq.{max (u + 1) (v + 1)}
        (Effect4.Machine.Iter.{u, v} ν σ β ε δ ι α χ St (Effect4.Prim.{u, v} ν σ β ε δ ι α)
          (Effect4.FrameFiber.{u, v} ν σ β ε δ ι α) (Effect4.FrameEvent.{u, v} ν σ β ε δ ι α))
        (@Effect4.Machine.evaluatePrim.withFiber.{u, v} ν σ β ε δ ι α χ St inst inst_1 inst_2 inst_3 interp m f yielding
          (@Effect4.Machine.WithFiberAction.forkScoped.{u, v} ν σ β ε δ ι α χ (Effect4.Prim.{u, v} ν σ β ε δ ι α)
            program options site))
        (have s :=
          @Effect4.Machine.spawn.{u, v} ν σ β ε δ ι α χ St (Effect4.Prim.{u, v} ν σ β ε δ ι α)
            (Effect4.FrameFiber.{u, v} ν σ β ε δ ι α) (Effect4.FrameEvent.{u, v} ν σ β ε δ ι α)
            (@Effect4.Machine.frameCore.{u, v} ν σ β ε δ ι α) interp m f program
            { startImmediately := options.startImmediately, «daemon» := Bool.true, maskMode := options.maskMode } site;
        have t :=
          @Effect4.Machine.start.{u, v} ν σ β ε δ ι α χ St (Effect4.Prim.{u, v} ν σ β ε δ ι α)
            (Effect4.FrameFiber.{u, v} ν σ β ε δ ι α) (Effect4.FrameEvent.{u, v} ν σ β ε δ ι α)
            (@Prod.fst.{max u v, max u v}
              (Effect4.Machine.RunMachine.{u, v} ν σ β ε δ ι α χ St (Effect4.Prim.{u, v} ν σ β ε δ ι α)
                (Effect4.FrameFiber.{u, v} ν σ β ε δ ι α) (Effect4.FrameEvent.{u, v} ν σ β ε δ ι α))
              (Prod.{max v u, 0}
                (Effect4.Machine.RunFiber.{u, v} ν σ β ε δ ι α χ (Effect4.Prim.{u, v} ν σ β ε δ ι α)
                  (Effect4.FrameFiber.{u, v} ν σ β ε δ ι α))
                Effect4.FiberId)
              s)
            (@Prod.fst.{max u v, 0}
              (Effect4.Machine.RunFiber.{u, v} ν σ β ε δ ι α χ (Effect4.Prim.{u, v} ν σ β ε δ ι α)
                (Effect4.FrameFiber.{u, v} ν σ β ε δ ι α))
              Effect4.FiberId
              (@Prod.snd.{max u v, max u v}
                (Effect4.Machine.RunMachine.{u, v} ν σ β ε δ ι α χ St (Effect4.Prim.{u, v} ν σ β ε δ ι α)
                  (Effect4.FrameFiber.{u, v} ν σ β ε δ ι α) (Effect4.FrameEvent.{u, v} ν σ β ε δ ι α))
                (Prod.{max v u, 0}
                  (Effect4.Machine.RunFiber.{u, v} ν σ β ε δ ι α χ (Effect4.Prim.{u, v} ν σ β ε δ ι α)
                    (Effect4.FrameFiber.{u, v} ν σ β ε δ ι α))
                  Effect4.FiberId)
                s))
            (@Prod.snd.{max u v, 0}
              (Effect4.Machine.RunFiber.{u, v} ν σ β ε δ ι α χ (Effect4.Prim.{u, v} ν σ β ε δ ι α)
                (Effect4.FrameFiber.{u, v} ν σ β ε δ ι α))
              Effect4.FiberId
              (@Prod.snd.{max u v, max u v}
                (Effect4.Machine.RunMachine.{u, v} ν σ β ε δ ι α χ St (Effect4.Prim.{u, v} ν σ β ε δ ι α)
                  (Effect4.FrameFiber.{u, v} ν σ β ε δ ι α) (Effect4.FrameEvent.{u, v} ν σ β ε δ ι α))
                (Prod.{max v u, 0}
                  (Effect4.Machine.RunFiber.{u, v} ν σ β ε δ ι α χ (Effect4.Prim.{u, v} ν σ β ε δ ι α)
                    (Effect4.FrameFiber.{u, v} ν σ β ε δ ι α))
                  Effect4.FiberId)
                s))
            options.startImmediately;
        @Effect4.Machine.Iter.mk.{u, v} ν σ β ε δ ι α χ St (Effect4.Prim.{u, v} ν σ β ε δ ι α)
          (Effect4.FrameFiber.{u, v} ν σ β ε δ ι α) (Effect4.FrameEvent.{u, v} ν σ β ε δ ι α)
          (@Prod.fst.{max u v, max u v}
            (Effect4.Machine.RunMachine.{u, v} ν σ β ε δ ι α χ St (Effect4.Prim.{u, v} ν σ β ε δ ι α)
              (Effect4.FrameFiber.{u, v} ν σ β ε δ ι α) (Effect4.FrameEvent.{u, v} ν σ β ε δ ι α))
            (Prod.{max v u, max v u}
              (Effect4.Machine.RunFiber.{u, v} ν σ β ε δ ι α χ (Effect4.Prim.{u, v} ν σ β ε δ ι α)
                (Effect4.FrameFiber.{u, v} ν σ β ε δ ι α))
              (List.{max v u} (Effect4.Machine.Cmd.{u, v} ν σ β ε δ ι α (Effect4.Prim.{u, v} ν σ β ε δ ι α))))
            t)
          (have __src :=
            @Prod.fst.{max u v, max u v}
              (Effect4.Machine.RunFiber.{u, v} ν σ β ε δ ι α χ (Effect4.Prim.{u, v} ν σ β ε δ ι α)
                (Effect4.FrameFiber.{u, v} ν σ β ε δ ι α))
              (List.{max v u} (Effect4.Machine.Cmd.{u, v} ν σ β ε δ ι α (Effect4.Prim.{u, v} ν σ β ε δ ι α)))
              (@Prod.snd.{max u v, max u v}
                (Effect4.Machine.RunMachine.{u, v} ν σ β ε δ ι α χ St (Effect4.Prim.{u, v} ν σ β ε δ ι α)
                  (Effect4.FrameFiber.{u, v} ν σ β ε δ ι α) (Effect4.FrameEvent.{u, v} ν σ β ε δ ι α))
                (Prod.{max v u, max v u}
                  (Effect4.Machine.RunFiber.{u, v} ν σ β ε δ ι α χ (Effect4.Prim.{u, v} ν σ β ε δ ι α)
                    (Effect4.FrameFiber.{u, v} ν σ β ε δ ι α))
                  (List.{max v u} (Effect4.Machine.Cmd.{u, v} ν σ β ε δ ι α (Effect4.Prim.{u, v} ν σ β ε δ ι α))))
                t);
          @Effect4.Machine.RunFiber.mk.{u, v} ν σ β ε δ ι α χ (Effect4.Prim.{u, v} ν σ β ε δ ι α)
            (Effect4.FrameFiber.{u, v} ν σ β ε δ ι α)
            (@Effect4.Machine.RunFiber.id.{u, v} ν σ β ε δ ι α χ (Effect4.Prim.{u, v} ν σ β ε δ ι α)
              (Effect4.FrameFiber.{u, v} ν σ β ε δ ι α) __src)
            (have __src :=
              @Effect4.Machine.RunFiber.frame.{u, v} ν σ β ε δ ι α χ (Effect4.Prim.{u, v} ν σ β ε δ ι α)
                (Effect4.FrameFiber.{u, v} ν σ β ε δ ι α)
                (@Prod.fst.{max u v, max u v}
                  (Effect4.Machine.RunFiber.{u, v} ν σ β ε δ ι α χ (Effect4.Prim.{u, v} ν σ β ε δ ι α)
                    (Effect4.FrameFiber.{u, v} ν σ β ε δ ι α))
                  (List.{max v u} (Effect4.Machine.Cmd.{u, v} ν σ β ε δ ι α (Effect4.Prim.{u, v} ν σ β ε δ ι α)))
                  (@Prod.snd.{max u v, max u v}
                    (Effect4.Machine.RunMachine.{u, v} ν σ β ε δ ι α χ St (Effect4.Prim.{u, v} ν σ β ε δ ι α)
                      (Effect4.FrameFiber.{u, v} ν σ β ε δ ι α) (Effect4.FrameEvent.{u, v} ν σ β ε δ ι α))
                    (Prod.{max v u, max v u}
                      (Effect4.Machine.RunFiber.{u, v} ν σ β ε δ ι α χ (Effect4.Prim.{u, v} ν σ β ε δ ι α)
                        (Effect4.FrameFiber.{u, v} ν σ β ε δ ι α))
                      (List.{max v u} (Effect4.Machine.Cmd.{u, v} ν σ β ε δ ι α (Effect4.Prim.{u, v} ν σ β ε δ ι α))))
                    t));
            @Effect4.FrameFiber.mk.{u, v} ν σ β ε δ ι α
              (@Effect4.Prim.success.{u, v} ν σ β ε δ ι α
                (@Effect4.Machine.RunInterp.fiberValue.{u, v} ν σ β ε δ ι α χ St (Effect4.Prim.{u, v} ν σ β ε δ ι α)
                  interp
                  (@Prod.snd.{max u v, 0}
                    (Effect4.Machine.RunFiber.{u, v} ν σ β ε δ ι α χ (Effect4.Prim.{u, v} ν σ β ε δ ι α)
                      (Effect4.FrameFiber.{u, v} ν σ β ε δ ι α))
                    Effect4.FiberId
                    (@Prod.snd.{max u v, max u v}
                      (Effect4.Machine.RunMachine.{u, v} ν σ β ε δ ι α χ St (Effect4.Prim.{u, v} ν σ β ε δ ι α)
                        (Effect4.FrameFiber.{u, v} ν σ β ε δ ι α) (Effect4.FrameEvent.{u, v} ν σ β ε δ ι α))
                      (Prod.{max v u, 0}
                        (Effect4.Machine.RunFiber.{u, v} ν σ β ε δ ι α χ (Effect4.Prim.{u, v} ν σ β ε δ ι α)
                          (Effect4.FrameFiber.{u, v} ν σ β ε δ ι α))
                        Effect4.FiberId)
                      s))))
              (@Effect4.FrameFiber.stack.{u, v} ν σ β ε δ ι α __src)
              (@Effect4.FrameFiber.interruptible.{u, v} ν σ β ε δ ι α __src)
              (@Effect4.FrameFiber.interruptedCause.{u, v} ν σ β ε δ ι α __src)
              (@Effect4.FrameFiber.deferredInterrupt.{u, v} ν σ β ε δ ι α __src))
            (@Effect4.Machine.RunFiber.running.{u, v} ν σ β ε δ ι α χ (Effect4.Prim.{u, v} ν σ β ε δ ι α)
              (Effect4.FrameFiber.{u, v} ν σ β ε δ ι α) __src)
            (@Effect4.Machine.RunFiber.parked.{u, v} ν σ β ε δ ι α χ (Effect4.Prim.{u, v} ν σ β ε δ ι α)
              (Effect4.FrameFiber.{u, v} ν σ β ε δ ι α) __src)
            (@Effect4.Machine.RunFiber.pending.{u, v} ν σ β ε δ ι α χ (Effect4.Prim.{u, v} ν σ β ε δ ι α)
              (Effect4.FrameFiber.{u, v} ν σ β ε δ ι α) __src)
            (@Effect4.Machine.RunFiber.finalizing.{u, v} ν σ β ε δ ι α χ (Effect4.Prim.{u, v} ν σ β ε δ ι α)
              (Effect4.FrameFiber.{u, v} ν σ β ε δ ι α) __src)
            (@Effect4.Machine.RunFiber.exit.{u, v} ν σ β ε δ ι α χ (Effect4.Prim.{u, v} ν σ β ε δ ι α)
              (Effect4.FrameFiber.{u, v} ν σ β ε δ ι α) __src)
            (@Effect4.Machine.RunFiber.currentOpCount.{u, v} ν σ β ε δ ι α χ (Effect4.Prim.{u, v} ν σ β ε δ ι α)
              (Effect4.FrameFiber.{u, v} ν σ β ε δ ι α) __src)
            (@Effect4.Machine.RunFiber.maxOpsBeforeYield.{u, v} ν σ β ε δ ι α χ (Effect4.Prim.{u, v} ν σ β ε δ ι α)
              (Effect4.FrameFiber.{u, v} ν σ β ε δ ι α) __src)
            (@Effect4.Machine.RunFiber.preventYield.{u, v} ν σ β ε δ ι α χ (Effect4.Prim.{u, v} ν σ β ε δ ι α)
              (Effect4.FrameFiber.{u, v} ν σ β ε δ ι α) __src)
            (@Effect4.Machine.RunFiber.yieldOverride.{u, v} ν σ β ε δ ι α χ (Effect4.Prim.{u, v} ν σ β ε δ ι α)
              (Effect4.FrameFiber.{u, v} ν σ β ε δ ι α) __src)
            (@Effect4.Machine.RunFiber.observers.{u, v} ν σ β ε δ ι α χ (Effect4.Prim.{u, v} ν σ β ε δ ι α)
              (Effect4.FrameFiber.{u, v} ν σ β ε δ ι α) __src)
            (@Effect4.Machine.RunFiber.children.{u, v} ν σ β ε δ ι α χ (Effect4.Prim.{u, v} ν σ β ε δ ι α)
              (Effect4.FrameFiber.{u, v} ν σ β ε δ ι α) __src)
            (@Effect4.Machine.RunFiber.dispatcher.{u, v} ν σ β ε δ ι α χ (Effect4.Prim.{u, v} ν σ β ε δ ι α)
              (Effect4.FrameFiber.{u, v} ν σ β ε δ ι α) __src)
            (@Effect4.Machine.RunFiber.context.{u, v} ν σ β ε δ ι α χ (Effect4.Prim.{u, v} ν σ β ε δ ι α)
              (Effect4.FrameFiber.{u, v} ν σ β ε δ ι α) __src)
            (@Effect4.Machine.RunFiber.origin.{u, v} ν σ β ε δ ι α χ (Effect4.Prim.{u, v} ν σ β ε δ ι α)
              (Effect4.FrameFiber.{u, v} ν σ β ε δ ι α) __src))
          yielding (@Effect4.Machine.Outcome.continue_.{u, v} ν σ β ε δ ι α)
          (@HAppend.hAppend.{max u v, max u v, max u v}
            (List.{max v u} (Effect4.Machine.Cmd.{u, v} ν σ β ε δ ι α (Effect4.Prim.{u, v} ν σ β ε δ ι α)))
            (List.{max v u} (Effect4.Machine.Cmd.{u, v} ν σ β ε δ ι α (Effect4.Prim.{u, v} ν σ β ε δ ι α)))
            (List.{max v u} (Effect4.Machine.Cmd.{u, v} ν σ β ε δ ι α (Effect4.Prim.{u, v} ν σ β ε δ ι α)))
            (@instHAppendOfAppend.{max u v}
              (List.{max v u} (Effect4.Machine.Cmd.{u, v} ν σ β ε δ ι α (Effect4.Prim.{u, v} ν σ β ε δ ι α)))
              (@List.instAppend.{max u v}
                (Effect4.Machine.Cmd.{u, v} ν σ β ε δ ι α (Effect4.Prim.{u, v} ν σ β ε δ ι α))))
            (@Prod.snd.{max u v, max u v}
              (Effect4.Machine.RunFiber.{u, v} ν σ β ε δ ι α χ (Effect4.Prim.{u, v} ν σ β ε δ ι α)
                (Effect4.FrameFiber.{u, v} ν σ β ε δ ι α))
              (List.{max v u} (Effect4.Machine.Cmd.{u, v} ν σ β ε δ ι α (Effect4.Prim.{u, v} ν σ β ε δ ι α)))
              (@Prod.snd.{max u v, max u v}
                (Effect4.Machine.RunMachine.{u, v} ν σ β ε δ ι α χ St (Effect4.Prim.{u, v} ν σ β ε δ ι α)
                  (Effect4.FrameFiber.{u, v} ν σ β ε δ ι α) (Effect4.FrameEvent.{u, v} ν σ β ε δ ι α))
                (Prod.{max v u, max v u}
                  (Effect4.Machine.RunFiber.{u, v} ν σ β ε δ ι α χ (Effect4.Prim.{u, v} ν σ β ε δ ι α)
                    (Effect4.FrameFiber.{u, v} ν σ β ε δ ι α))
                  (List.{max v u} (Effect4.Machine.Cmd.{u, v} ν σ β ε δ ι α (Effect4.Prim.{u, v} ν σ β ε δ ι α))))
                t))
            (@List.cons.{max v u} (Effect4.Machine.Cmd.{u, v} ν σ β ε δ ι α (Effect4.Prim.{u, v} ν σ β ε δ ι α))
              (@Effect4.Machine.Cmd.link.{u, v} ν σ β ε δ ι α (Effect4.Prim.{u, v} ν σ β ε δ ι α)
                Effect4.Supervision.ScopeMode.forkIn scope
                (@Prod.snd.{max u v, 0}
                  (Effect4.Machine.RunFiber.{u, v} ν σ β ε δ ι α χ (Effect4.Prim.{u, v} ν σ β ε δ ι α)
                    (Effect4.FrameFiber.{u, v} ν σ β ε δ ι α))
                  Effect4.FiberId
                  (@Prod.snd.{max u v, max u v}
                    (Effect4.Machine.RunMachine.{u, v} ν σ β ε δ ι α χ St (Effect4.Prim.{u, v} ν σ β ε δ ι α)
                      (Effect4.FrameFiber.{u, v} ν σ β ε δ ι α) (Effect4.FrameEvent.{u, v} ν σ β ε δ ι α))
                    (Prod.{max v u, 0}
                      (Effect4.Machine.RunFiber.{u, v} ν σ β ε δ ι α χ (Effect4.Prim.{u, v} ν σ β ε δ ι α)
                        (Effect4.FrameFiber.{u, v} ν σ β ε δ ι α))
                      Effect4.FiberId)
                    s))
                (@Option.some.{0} Effect4.FiberId
                  (@Effect4.Machine.RunFiber.id.{u, v} ν σ β ε δ ι α χ (Effect4.Prim.{u, v} ν σ β ε δ ι α)
                    (Effect4.FrameFiber.{u, v} ν σ β ε δ ι α)
                    (@Prod.fst.{max u v, max u v}
                      (Effect4.Machine.RunFiber.{u, v} ν σ β ε δ ι α χ (Effect4.Prim.{u, v} ν σ β ε δ ι α)
                        (Effect4.FrameFiber.{u, v} ν σ β ε δ ι α))
                      (List.{max v u} (Effect4.Machine.Cmd.{u, v} ν σ β ε δ ι α (Effect4.Prim.{u, v} ν σ β ε δ ι α)))
                      (@Prod.snd.{max u v, max u v}
                        (Effect4.Machine.RunMachine.{u, v} ν σ β ε δ ι α χ St (Effect4.Prim.{u, v} ν σ β ε δ ι α)
                          (Effect4.FrameFiber.{u, v} ν σ β ε δ ι α) (Effect4.FrameEvent.{u, v} ν σ β ε δ ι α))
                        (Prod.{max v u, max v u}
                          (Effect4.Machine.RunFiber.{u, v} ν σ β ε δ ι α χ (Effect4.Prim.{u, v} ν σ β ε δ ι α)
                            (Effect4.FrameFiber.{u, v} ν σ β ε δ ι α))
                          (List.{max v u}
                            (Effect4.Machine.Cmd.{u, v} ν σ β ε δ ι α (Effect4.Prim.{u, v} ν σ β ε δ ι α))))
                        t))))
                (@Effect4.Machine.RunInterp.stackAnnotations.{u, v} ν σ β ε δ ι α χ St
                  (Effect4.Prim.{u, v} ν σ β ε δ ι α) interp
                  (@Effect4.Machine.RunFiber.id.{u, v} ν σ β ε δ ι α χ (Effect4.Prim.{u, v} ν σ β ε δ ι α)
                    (Effect4.FrameFiber.{u, v} ν σ β ε δ ι α)
                    (@Prod.fst.{max u v, max u v}
                      (Effect4.Machine.RunFiber.{u, v} ν σ β ε δ ι α χ (Effect4.Prim.{u, v} ν σ β ε δ ι α)
                        (Effect4.FrameFiber.{u, v} ν σ β ε δ ι α))
                      (List.{max v u} (Effect4.Machine.Cmd.{u, v} ν σ β ε δ ι α (Effect4.Prim.{u, v} ν σ β ε δ ι α)))
                      (@Prod.snd.{max u v, max u v}
                        (Effect4.Machine.RunMachine.{u, v} ν σ β ε δ ι α χ St (Effect4.Prim.{u, v} ν σ β ε δ ι α)
                          (Effect4.FrameFiber.{u, v} ν σ β ε δ ι α) (Effect4.FrameEvent.{u, v} ν σ β ε δ ι α))
                        (Prod.{max v u, max v u}
                          (Effect4.Machine.RunFiber.{u, v} ν σ β ε δ ι α χ (Effect4.Prim.{u, v} ν σ β ε δ ι α)
                            (Effect4.FrameFiber.{u, v} ν σ β ε δ ι α))
                          (List.{max v u}
                            (Effect4.Machine.Cmd.{u, v} ν σ β ε δ ι α (Effect4.Prim.{u, v} ν σ β ε δ ι α))))
                        t)))))
              (@List.nil.{max u v} (Effect4.Machine.Cmd.{u, v} ν σ β ε δ ι α (Effect4.Prim.{u, v} ν σ β ε δ ι α))))))
STATEMENT Effect4.Machine.M1OriginClauses.withFiber_forkScoped_none ∀ {ν σ : Type u} {β : Type v} {ε δ ι α χ : Type u}
  {St : Type (max u v)} [inst : DecidableEq.{u + 1} ε] [inst_1 : DecidableEq.{u + 1} δ] [inst_2 : DecidableEq.{u + 1} ι]
  [inst_3 : DecidableEq.{u + 1} α]
  (interp : Effect4.Machine.RunInterp.{u, v} ν σ β ε δ ι α χ St (Effect4.Prim.{u, v} ν σ β ε δ ι α))
  (m :
    Effect4.Machine.RunMachine.{u, v} ν σ β ε δ ι α χ St (Effect4.Prim.{u, v} ν σ β ε δ ι α)
      (Effect4.FrameFiber.{u, v} ν σ β ε δ ι α) (Effect4.FrameEvent.{u, v} ν σ β ε δ ι α))
  (f :
    Effect4.Machine.RunFiber.{u, v} ν σ β ε δ ι α χ (Effect4.Prim.{u, v} ν σ β ε δ ι α)
      (Effect4.FrameFiber.{u, v} ν σ β ε δ ι α))
  (yielding : Bool) (program : Effect4.Prim.{u, v} ν σ β ε δ ι α) (options : Effect4.Supervision.ForkOptions),
  @Eq.{1} (Option.{0} Nat)
      (@Effect4.Machine.RunInterp.ambientScope.{u, v} ν σ β ε δ ι α χ St (Effect4.Prim.{u, v} ν σ β ε δ ι α) interp
        (@Effect4.Machine.RunFiber.context.{u, v} ν σ β ε δ ι α χ (Effect4.Prim.{u, v} ν σ β ε δ ι α)
          (Effect4.FrameFiber.{u, v} ν σ β ε δ ι α) f))
      (@Option.none.{0} Nat) →
    ∀ (site : optParam.{1} (List.{0} Nat) (@List.nil.{0} Nat)),
      @Eq.{max (u + 1) (v + 1)}
        (Effect4.Machine.Iter.{u, v} ν σ β ε δ ι α χ St (Effect4.Prim.{u, v} ν σ β ε δ ι α)
          (Effect4.FrameFiber.{u, v} ν σ β ε δ ι α) (Effect4.FrameEvent.{u, v} ν σ β ε δ ι α))
        (@Effect4.Machine.evaluatePrim.withFiber.{u, v} ν σ β ε δ ι α χ St inst inst_1 inst_2 inst_3 interp m f yielding
          (@Effect4.Machine.WithFiberAction.forkScoped.{u, v} ν σ β ε δ ι α χ (Effect4.Prim.{u, v} ν σ β ε δ ι α)
            program options site))
        (@Effect4.Machine.Iter.mk.{u, v} ν σ β ε δ ι α χ St (Effect4.Prim.{u, v} ν σ β ε δ ι α)
          (Effect4.FrameFiber.{u, v} ν σ β ε δ ι α) (Effect4.FrameEvent.{u, v} ν σ β ε δ ι α) m
          (@Effect4.Machine.RunFiber.mk.{u, v} ν σ β ε δ ι α χ (Effect4.Prim.{u, v} ν σ β ε δ ι α)
            (Effect4.FrameFiber.{u, v} ν σ β ε δ ι α)
            (@Effect4.Machine.RunFiber.id.{u, v} ν σ β ε δ ι α χ (Effect4.Prim.{u, v} ν σ β ε δ ι α)
              (Effect4.FrameFiber.{u, v} ν σ β ε δ ι α) f)
            (have __src :=
              @Effect4.Machine.RunFiber.frame.{u, v} ν σ β ε δ ι α χ (Effect4.Prim.{u, v} ν σ β ε δ ι α)
                (Effect4.FrameFiber.{u, v} ν σ β ε δ ι α) f;
            @Effect4.FrameFiber.mk.{u, v} ν σ β ε δ ι α
              (@Effect4.Prim.failure.{u, v} ν σ β ε δ ι α
                (@Effect4.Cause.die.{u} ε δ ι α
                  (@Effect4.Machine.RunInterp.missingScope.{u, v} ν σ β ε δ ι α χ St (Effect4.Prim.{u, v} ν σ β ε δ ι α)
                    interp)))
              (@Effect4.FrameFiber.stack.{u, v} ν σ β ε δ ι α __src)
              (@Effect4.FrameFiber.interruptible.{u, v} ν σ β ε δ ι α __src)
              (@Effect4.FrameFiber.interruptedCause.{u, v} ν σ β ε δ ι α __src)
              (@Effect4.FrameFiber.deferredInterrupt.{u, v} ν σ β ε δ ι α __src))
            (@Effect4.Machine.RunFiber.running.{u, v} ν σ β ε δ ι α χ (Effect4.Prim.{u, v} ν σ β ε δ ι α)
              (Effect4.FrameFiber.{u, v} ν σ β ε δ ι α) f)
            (@Effect4.Machine.RunFiber.parked.{u, v} ν σ β ε δ ι α χ (Effect4.Prim.{u, v} ν σ β ε δ ι α)
              (Effect4.FrameFiber.{u, v} ν σ β ε δ ι α) f)
            (@Effect4.Machine.RunFiber.pending.{u, v} ν σ β ε δ ι α χ (Effect4.Prim.{u, v} ν σ β ε δ ι α)
              (Effect4.FrameFiber.{u, v} ν σ β ε δ ι α) f)
            (@Effect4.Machine.RunFiber.finalizing.{u, v} ν σ β ε δ ι α χ (Effect4.Prim.{u, v} ν σ β ε δ ι α)
              (Effect4.FrameFiber.{u, v} ν σ β ε δ ι α) f)
            (@Effect4.Machine.RunFiber.exit.{u, v} ν σ β ε δ ι α χ (Effect4.Prim.{u, v} ν σ β ε δ ι α)
              (Effect4.FrameFiber.{u, v} ν σ β ε δ ι α) f)
            (@Effect4.Machine.RunFiber.currentOpCount.{u, v} ν σ β ε δ ι α χ (Effect4.Prim.{u, v} ν σ β ε δ ι α)
              (Effect4.FrameFiber.{u, v} ν σ β ε δ ι α) f)
            (@Effect4.Machine.RunFiber.maxOpsBeforeYield.{u, v} ν σ β ε δ ι α χ (Effect4.Prim.{u, v} ν σ β ε δ ι α)
              (Effect4.FrameFiber.{u, v} ν σ β ε δ ι α) f)
            (@Effect4.Machine.RunFiber.preventYield.{u, v} ν σ β ε δ ι α χ (Effect4.Prim.{u, v} ν σ β ε δ ι α)
              (Effect4.FrameFiber.{u, v} ν σ β ε δ ι α) f)
            (@Effect4.Machine.RunFiber.yieldOverride.{u, v} ν σ β ε δ ι α χ (Effect4.Prim.{u, v} ν σ β ε δ ι α)
              (Effect4.FrameFiber.{u, v} ν σ β ε δ ι α) f)
            (@Effect4.Machine.RunFiber.observers.{u, v} ν σ β ε δ ι α χ (Effect4.Prim.{u, v} ν σ β ε δ ι α)
              (Effect4.FrameFiber.{u, v} ν σ β ε δ ι α) f)
            (@Effect4.Machine.RunFiber.children.{u, v} ν σ β ε δ ι α χ (Effect4.Prim.{u, v} ν σ β ε δ ι α)
              (Effect4.FrameFiber.{u, v} ν σ β ε δ ι α) f)
            (@Effect4.Machine.RunFiber.dispatcher.{u, v} ν σ β ε δ ι α χ (Effect4.Prim.{u, v} ν σ β ε δ ι α)
              (Effect4.FrameFiber.{u, v} ν σ β ε δ ι α) f)
            (@Effect4.Machine.RunFiber.context.{u, v} ν σ β ε δ ι α χ (Effect4.Prim.{u, v} ν σ β ε δ ι α)
              (Effect4.FrameFiber.{u, v} ν σ β ε δ ι α) f)
            (@Effect4.Machine.RunFiber.origin.{u, v} ν σ β ε δ ι α χ (Effect4.Prim.{u, v} ν σ β ε δ ι α)
              (Effect4.FrameFiber.{u, v} ν σ β ε δ ι α) f))
          yielding (@Effect4.Machine.Outcome.continue_.{u, v} ν σ β ε δ ι α)
          (@List.nil.{max u v} (Effect4.Machine.Cmd.{u, v} ν σ β ε δ ι α (Effect4.Prim.{u, v} ν σ β ε δ ι α))))
STATEMENT Effect4.Machine.M1OriginClauses.withFiber_raceAll ∀ {ν σ : Type u} {β : Type v} {ε δ ι α χ : Type u}
  {St : Type (max u v)} [inst : DecidableEq.{u + 1} ε] [inst_1 : DecidableEq.{u + 1} δ] [inst_2 : DecidableEq.{u + 1} ι]
  [inst_3 : DecidableEq.{u + 1} α]
  (interp : Effect4.Machine.RunInterp.{u, v} ν σ β ε δ ι α χ St (Effect4.Prim.{u, v} ν σ β ε δ ι α))
  (m :
    Effect4.Machine.RunMachine.{u, v} ν σ β ε δ ι α χ St (Effect4.Prim.{u, v} ν σ β ε δ ι α)
      (Effect4.FrameFiber.{u, v} ν σ β ε δ ι α) (Effect4.FrameEvent.{u, v} ν σ β ε δ ι α))
  (f :
    Effect4.Machine.RunFiber.{u, v} ν σ β ε δ ι α χ (Effect4.Prim.{u, v} ν σ β ε δ ι α)
      (Effect4.FrameFiber.{u, v} ν σ β ε δ ι α))
  (yielding : Bool) (entrants : List.{max v u} (Effect4.Prim.{u, v} ν σ β ε δ ι α))
  (site : optParam.{1} (Option.{0} (List.{0} Nat)) (@Option.none.{0} (List.{0} Nat))),
  @Eq.{max (u + 1) (v + 1)}
    (Effect4.Machine.Iter.{u, v} ν σ β ε δ ι α χ St (Effect4.Prim.{u, v} ν σ β ε δ ι α)
      (Effect4.FrameFiber.{u, v} ν σ β ε δ ι α) (Effect4.FrameEvent.{u, v} ν σ β ε δ ι α))
    (@Effect4.Machine.evaluatePrim.withFiber.{u, v} ν σ β ε δ ι α χ St inst inst_1 inst_2 inst_3 interp m f yielding
      (@Effect4.Machine.WithFiberAction.raceAll.{u, v} ν σ β ε δ ι α χ (Effect4.Prim.{u, v} ν σ β ε δ ι α) entrants
        site))
    (have raceId :=
      @Effect4.Machine.RunMachine.nextRace.{u, v} ν σ β ε δ ι α χ St (Effect4.Prim.{u, v} ν σ β ε δ ι α)
        (Effect4.FrameFiber.{u, v} ν σ β ε δ ι α) (Effect4.FrameEvent.{u, v} ν σ β ε δ ι α) m;
    have token :=
      @Effect4.Machine.RunMachine.nextToken.{u, v} ν σ β ε δ ι α χ St (Effect4.Prim.{u, v} ν σ β ε δ ι α)
        (Effect4.FrameFiber.{u, v} ν σ β ε δ ι α) (Effect4.FrameEvent.{u, v} ν σ β ε δ ι α) m;
    have m :=
      @Effect4.Machine.RunMachine.mk.{u, v} ν σ β ε δ ι α χ St (Effect4.Prim.{u, v} ν σ β ε δ ι α)
        (Effect4.FrameFiber.{u, v} ν σ β ε δ ι α) (Effect4.FrameEvent.{u, v} ν σ β ε δ ι α)
        (@Effect4.Machine.RunMachine.fibers.{u, v} ν σ β ε δ ι α χ St (Effect4.Prim.{u, v} ν σ β ε δ ι α)
          (Effect4.FrameFiber.{u, v} ν σ β ε δ ι α) (Effect4.FrameEvent.{u, v} ν σ β ε δ ι α) m)
        (@Effect4.Machine.RunMachine.races.{u, v} ν σ β ε δ ι α χ St (Effect4.Prim.{u, v} ν σ β ε δ ι α)
          (Effect4.FrameFiber.{u, v} ν σ β ε δ ι α) (Effect4.FrameEvent.{u, v} ν σ β ε δ ι α) m)
        (@Effect4.Machine.RunMachine.nextId.{u, v} ν σ β ε δ ι α χ St (Effect4.Prim.{u, v} ν σ β ε δ ι α)
          (Effect4.FrameFiber.{u, v} ν σ β ε δ ι α) (Effect4.FrameEvent.{u, v} ν σ β ε δ ι α) m)
        (@HAdd.hAdd.{0, 0, 0} Nat Nat Nat (@instHAdd.{0} Nat instAddNat)
          (@Effect4.Machine.RunMachine.nextToken.{u, v} ν σ β ε δ ι α χ St (Effect4.Prim.{u, v} ν σ β ε δ ι α)
            (Effect4.FrameFiber.{u, v} ν σ β ε δ ι α) (Effect4.FrameEvent.{u, v} ν σ β ε δ ι α) m)
          (@OfNat.ofNat.{0} Nat (nat_lit 1) (instOfNatNat (nat_lit 1))))
        (@HAdd.hAdd.{0, 0, 0} Nat Nat Nat (@instHAdd.{0} Nat instAddNat)
          (@Effect4.Machine.RunMachine.nextRace.{u, v} ν σ β ε δ ι α χ St (Effect4.Prim.{u, v} ν σ β ε δ ι α)
            (Effect4.FrameFiber.{u, v} ν σ β ε δ ι α) (Effect4.FrameEvent.{u, v} ν σ β ε δ ι α) m)
          (@OfNat.ofNat.{0} Nat (nat_lit 1) (instOfNatNat (nat_lit 1))))
        (@Effect4.Machine.RunMachine.middlewareInstalled.{u, v} ν σ β ε δ ι α χ St (Effect4.Prim.{u, v} ν σ β ε δ ι α)
          (Effect4.FrameFiber.{u, v} ν σ β ε δ ι α) (Effect4.FrameEvent.{u, v} ν σ β ε δ ι α) m)
        (@Effect4.Machine.RunMachine.armed.{u, v} ν σ β ε δ ι α χ St (Effect4.Prim.{u, v} ν σ β ε δ ι α)
          (Effect4.FrameFiber.{u, v} ν σ β ε δ ι α) (Effect4.FrameEvent.{u, v} ν σ β ε δ ι α) m)
        (@Effect4.Machine.RunMachine.state.{u, v} ν σ β ε δ ι α χ St (Effect4.Prim.{u, v} ν σ β ε δ ι α)
          (Effect4.FrameFiber.{u, v} ν σ β ε δ ι α) (Effect4.FrameEvent.{u, v} ν σ β ε δ ι α) m)
        (@Effect4.Machine.RunMachine.trace.{u, v} ν σ β ε δ ι α χ St (Effect4.Prim.{u, v} ν σ β ε δ ι α)
          (Effect4.FrameFiber.{u, v} ν σ β ε δ ι α) (Effect4.FrameEvent.{u, v} ν σ β ε δ ι α) m)
        (@Effect4.Machine.RunMachine.stuck.{u, v} ν σ β ε δ ι α χ St (Effect4.Prim.{u, v} ν σ β ε δ ι α)
          (Effect4.FrameFiber.{u, v} ν σ β ε δ ι α) (Effect4.FrameEvent.{u, v} ν σ β ε δ ι α) m);
    have race :=
      @Effect4.Machine.Race.mk.{u, v} ν σ β ε δ ι α (Effect4.Prim.{u, v} ν σ β ε δ ι α) raceId
        (@Effect4.Machine.RunFiber.id.{u, v} ν σ β ε δ ι α χ (Effect4.Prim.{u, v} ν σ β ε δ ι α)
          (Effect4.FrameFiber.{u, v} ν σ β ε δ ι α) f)
        token
        (have __src := @Effect4.Supervision.RaceAllState.initial.{u, v} β ε δ ι α (@List.nil.{0} Effect4.FiberId);
        @Effect4.Supervision.RaceAllState.mk.{u, v} β ε δ ι α
          (@Effect4.Supervision.RaceAllState.unstarted.{u, v} β ε δ ι α __src)
          (@Effect4.Supervision.RaceAllState.starting.{u, v} β ε δ ι α __src)
          (@Effect4.Supervision.RaceAllState.live.{u, v} β ε δ ι α __src)
          (@List.length.{max u v} (Effect4.Prim.{u, v} ν σ β ε δ ι α) entrants)
          (@Effect4.Supervision.RaceAllState.failures.{u, v} β ε δ ι α __src)
          (@Effect4.Supervision.RaceAllState.winner.{u, v} β ε δ ι α __src)
          (@Effect4.Supervision.RaceAllState.accepted.{u, v} β ε δ ι α __src)
          (@Effect4.Supervision.RaceAllState.cleanupNeeded.{u, v} β ε δ ι α __src)
          (@Effect4.Supervision.RaceAllState.requests.{u, v} β ε δ ι α __src)
          (@Effect4.Supervision.RaceAllState.cleanup.{u, v} β ε δ ι α __src)
          (@Effect4.Supervision.RaceAllState.cleanupRequested.{u, v} β ε δ ι α __src))
        Bool.false entrants Bool.false site;
    have m :=
      @Effect4.Machine.RunMachine.mk.{u, v} ν σ β ε δ ι α χ St (Effect4.Prim.{u, v} ν σ β ε δ ι α)
        (Effect4.FrameFiber.{u, v} ν σ β ε δ ι α) (Effect4.FrameEvent.{u, v} ν σ β ε δ ι α)
        (@Effect4.Machine.RunMachine.fibers.{u, v} ν σ β ε δ ι α χ St (Effect4.Prim.{u, v} ν σ β ε δ ι α)
          (Effect4.FrameFiber.{u, v} ν σ β ε δ ι α) (Effect4.FrameEvent.{u, v} ν σ β ε δ ι α) m)
        (@HAppend.hAppend.{max u v, max u v, max u v}
          (List.{max v u} (Effect4.Machine.Race.{u, v} ν σ β ε δ ι α (Effect4.Prim.{u, v} ν σ β ε δ ι α)))
          (List.{max u v} (Effect4.Machine.Race.{u, v} ν σ β ε δ ι α (Effect4.Prim.{u, v} ν σ β ε δ ι α)))
          (List.{max v u} (Effect4.Machine.Race.{u, v} ν σ β ε δ ι α (Effect4.Prim.{u, v} ν σ β ε δ ι α)))
          (@instHAppendOfAppend.{max u v}
            (List.{max v u} (Effect4.Machine.Race.{u, v} ν σ β ε δ ι α (Effect4.Prim.{u, v} ν σ β ε δ ι α)))
            (@List.instAppend.{max u v}
              (Effect4.Machine.Race.{u, v} ν σ β ε δ ι α (Effect4.Prim.{u, v} ν σ β ε δ ι α))))
          (@Effect4.Machine.RunMachine.races.{u, v} ν σ β ε δ ι α χ St (Effect4.Prim.{u, v} ν σ β ε δ ι α)
            (Effect4.FrameFiber.{u, v} ν σ β ε δ ι α) (Effect4.FrameEvent.{u, v} ν σ β ε δ ι α) m)
          (@List.cons.{max u v} (Effect4.Machine.Race.{u, v} ν σ β ε δ ι α (Effect4.Prim.{u, v} ν σ β ε δ ι α)) race
            (@List.nil.{max u v} (Effect4.Machine.Race.{u, v} ν σ β ε δ ι α (Effect4.Prim.{u, v} ν σ β ε δ ι α)))))
        (@Effect4.Machine.RunMachine.nextId.{u, v} ν σ β ε δ ι α χ St (Effect4.Prim.{u, v} ν σ β ε δ ι α)
          (Effect4.FrameFiber.{u, v} ν σ β ε δ ι α) (Effect4.FrameEvent.{u, v} ν σ β ε δ ι α) m)
        (@Effect4.Machine.RunMachine.nextToken.{u, v} ν σ β ε δ ι α χ St (Effect4.Prim.{u, v} ν σ β ε δ ι α)
          (Effect4.FrameFiber.{u, v} ν σ β ε δ ι α) (Effect4.FrameEvent.{u, v} ν σ β ε δ ι α) m)
        (@Effect4.Machine.RunMachine.nextRace.{u, v} ν σ β ε δ ι α χ St (Effect4.Prim.{u, v} ν σ β ε δ ι α)
          (Effect4.FrameFiber.{u, v} ν σ β ε δ ι α) (Effect4.FrameEvent.{u, v} ν σ β ε δ ι α) m)
        (@Effect4.Machine.RunMachine.middlewareInstalled.{u, v} ν σ β ε δ ι α χ St (Effect4.Prim.{u, v} ν σ β ε δ ι α)
          (Effect4.FrameFiber.{u, v} ν σ β ε δ ι α) (Effect4.FrameEvent.{u, v} ν σ β ε δ ι α) m)
        (@Effect4.Machine.RunMachine.armed.{u, v} ν σ β ε δ ι α χ St (Effect4.Prim.{u, v} ν σ β ε δ ι α)
          (Effect4.FrameFiber.{u, v} ν σ β ε δ ι α) (Effect4.FrameEvent.{u, v} ν σ β ε δ ι α) m)
        (@Effect4.Machine.RunMachine.state.{u, v} ν σ β ε δ ι α χ St (Effect4.Prim.{u, v} ν σ β ε δ ι α)
          (Effect4.FrameFiber.{u, v} ν σ β ε δ ι α) (Effect4.FrameEvent.{u, v} ν σ β ε δ ι α) m)
        (@Effect4.Machine.RunMachine.trace.{u, v} ν σ β ε δ ι α χ St (Effect4.Prim.{u, v} ν σ β ε δ ι α)
          (Effect4.FrameFiber.{u, v} ν σ β ε δ ι α) (Effect4.FrameEvent.{u, v} ν σ β ε δ ι α) m)
        (@Effect4.Machine.RunMachine.stuck.{u, v} ν σ β ε δ ι α χ St (Effect4.Prim.{u, v} ν σ β ε δ ι α)
          (Effect4.FrameFiber.{u, v} ν σ β ε δ ι α) (Effect4.FrameEvent.{u, v} ν σ β ε δ ι α) m);
    @Effect4.Machine.Iter.mk.{u, v} ν σ β ε δ ι α χ St (Effect4.Prim.{u, v} ν σ β ε δ ι α)
      (Effect4.FrameFiber.{u, v} ν σ β ε δ ι α) (Effect4.FrameEvent.{u, v} ν σ β ε δ ι α)
      (@Effect4.Machine.RunMachine.emit.{u, v} ν σ β ε δ ι α χ St (Effect4.Prim.{u, v} ν σ β ε δ ι α)
        (Effect4.FrameFiber.{u, v} ν σ β ε δ ι α) (Effect4.FrameEvent.{u, v} ν σ β ε δ ι α) m
        (@List.cons.{max u v}
          (Effect4.Machine.RunEvent.{u, v} ν σ β ε δ ι α χ (Effect4.Prim.{u, v} ν σ β ε δ ι α)
            (Effect4.FrameEvent.{u, v} ν σ β ε δ ι α))
          (@Effect4.Machine.RunEvent.raceStarted.{u, v} ν σ β ε δ ι α χ (Effect4.Prim.{u, v} ν σ β ε δ ι α)
            (Effect4.FrameEvent.{u, v} ν σ β ε δ ι α) raceId
            (@Effect4.Machine.RunFiber.id.{u, v} ν σ β ε δ ι α χ (Effect4.Prim.{u, v} ν σ β ε δ ι α)
              (Effect4.FrameFiber.{u, v} ν σ β ε δ ι α) f)
            (@List.length.{max u v} (Effect4.Prim.{u, v} ν σ β ε δ ι α) entrants))
          (@List.nil.{max u v}
            (Effect4.Machine.RunEvent.{u, v} ν σ β ε δ ι α χ (Effect4.Prim.{u, v} ν σ β ε δ ι α)
              (Effect4.FrameEvent.{u, v} ν σ β ε δ ι α)))))
      (@Effect4.Machine.RunFiber.mk.{u, v} ν σ β ε δ ι α χ (Effect4.Prim.{u, v} ν σ β ε δ ι α)
        (Effect4.FrameFiber.{u, v} ν σ β ε δ ι α)
        (@Effect4.Machine.RunFiber.id.{u, v} ν σ β ε δ ι α χ (Effect4.Prim.{u, v} ν σ β ε δ ι α)
          (Effect4.FrameFiber.{u, v} ν σ β ε δ ι α) f)
        (have __src :=
          @Effect4.Machine.RunFiber.frame.{u, v} ν σ β ε δ ι α χ (Effect4.Prim.{u, v} ν σ β ε δ ι α)
            (Effect4.FrameFiber.{u, v} ν σ β ε δ ι α) f;
        @Effect4.FrameFiber.mk.{u, v} ν σ β ε δ ι α
          (@Effect4.Machine.RunInterp.parkCode.{u, v} ν σ β ε δ ι α χ St (Effect4.Prim.{u, v} ν σ β ε δ ι α) interp
            (Effect4.Machine.ParkKind.race raceId))
          (@Effect4.FrameFiber.stack.{u, v} ν σ β ε δ ι α __src)
          (@Effect4.FrameFiber.interruptible.{u, v} ν σ β ε δ ι α __src)
          (@Effect4.FrameFiber.interruptedCause.{u, v} ν σ β ε δ ι α __src)
          (@Effect4.FrameFiber.deferredInterrupt.{u, v} ν σ β ε δ ι α __src))
        (@Effect4.Machine.RunFiber.running.{u, v} ν σ β ε δ ι α χ (Effect4.Prim.{u, v} ν σ β ε δ ι α)
          (Effect4.FrameFiber.{u, v} ν σ β ε δ ι α) f)
        (@Effect4.Machine.RunFiber.parked.{u, v} ν σ β ε δ ι α χ (Effect4.Prim.{u, v} ν σ β ε δ ι α)
          (Effect4.FrameFiber.{u, v} ν σ β ε δ ι α) f)
        (@Effect4.Machine.RunFiber.pending.{u, v} ν σ β ε δ ι α χ (Effect4.Prim.{u, v} ν σ β ε δ ι α)
          (Effect4.FrameFiber.{u, v} ν σ β ε δ ι α) f)
        (@Effect4.Machine.RunFiber.finalizing.{u, v} ν σ β ε δ ι α χ (Effect4.Prim.{u, v} ν σ β ε δ ι α)
          (Effect4.FrameFiber.{u, v} ν σ β ε δ ι α) f)
        (@Effect4.Machine.RunFiber.exit.{u, v} ν σ β ε δ ι α χ (Effect4.Prim.{u, v} ν σ β ε δ ι α)
          (Effect4.FrameFiber.{u, v} ν σ β ε δ ι α) f)
        (@Effect4.Machine.RunFiber.currentOpCount.{u, v} ν σ β ε δ ι α χ (Effect4.Prim.{u, v} ν σ β ε δ ι α)
          (Effect4.FrameFiber.{u, v} ν σ β ε δ ι α) f)
        (@Effect4.Machine.RunFiber.maxOpsBeforeYield.{u, v} ν σ β ε δ ι α χ (Effect4.Prim.{u, v} ν σ β ε δ ι α)
          (Effect4.FrameFiber.{u, v} ν σ β ε δ ι α) f)
        (@Effect4.Machine.RunFiber.preventYield.{u, v} ν σ β ε δ ι α χ (Effect4.Prim.{u, v} ν σ β ε δ ι α)
          (Effect4.FrameFiber.{u, v} ν σ β ε δ ι α) f)
        (@Effect4.Machine.RunFiber.yieldOverride.{u, v} ν σ β ε δ ι α χ (Effect4.Prim.{u, v} ν σ β ε δ ι α)
          (Effect4.FrameFiber.{u, v} ν σ β ε δ ι α) f)
        (@Effect4.Machine.RunFiber.observers.{u, v} ν σ β ε δ ι α χ (Effect4.Prim.{u, v} ν σ β ε δ ι α)
          (Effect4.FrameFiber.{u, v} ν σ β ε δ ι α) f)
        (@Effect4.Machine.RunFiber.children.{u, v} ν σ β ε δ ι α χ (Effect4.Prim.{u, v} ν σ β ε δ ι α)
          (Effect4.FrameFiber.{u, v} ν σ β ε δ ι α) f)
        (@Effect4.Machine.RunFiber.dispatcher.{u, v} ν σ β ε δ ι α χ (Effect4.Prim.{u, v} ν σ β ε δ ι α)
          (Effect4.FrameFiber.{u, v} ν σ β ε δ ι α) f)
        (@Effect4.Machine.RunFiber.context.{u, v} ν σ β ε δ ι α χ (Effect4.Prim.{u, v} ν σ β ε δ ι α)
          (Effect4.FrameFiber.{u, v} ν σ β ε δ ι α) f)
        (@Effect4.Machine.RunFiber.origin.{u, v} ν σ β ε δ ι α χ (Effect4.Prim.{u, v} ν σ β ε δ ι α)
          (Effect4.FrameFiber.{u, v} ν σ β ε δ ι α) f))
      yielding (@Effect4.Machine.Outcome.continue_.{u, v} ν σ β ε δ ι α)
      (@List.nil.{max u v} (Effect4.Machine.Cmd.{u, v} ν σ β ε δ ι α (Effect4.Prim.{u, v} ν σ β ε δ ι α))))
STATEMENT Effect4.Machine.M1Trace.obs_replace_trace ∀ {ν σ χ κ φ η : Type}
  (m :
    Effect4.Machine.RunMachine.{0, 0} ν σ Effect4.Machine.Val Effect4.Machine.Err Effect4.Machine.Defect Effect4.FiberId
      Effect4.Machine.Ann χ Effect4.Machine.Stores κ φ η)
  (trace :
    List.{0}
      (Effect4.Machine.RunEvent.{0, 0} ν σ Effect4.Machine.Val Effect4.Machine.Err Effect4.Machine.Defect
        Effect4.FiberId Effect4.Machine.Ann χ κ η)),
  @Eq.{1} Effect4.Machine.Obs
    (@Effect4.Machine.obs ν σ χ κ φ η
      (@Effect4.Machine.RunMachine.mk.{0, 0} ν σ Effect4.Machine.Val Effect4.Machine.Err Effect4.Machine.Defect
        Effect4.FiberId Effect4.Machine.Ann χ Effect4.Machine.Stores κ φ η
        (@Effect4.Machine.RunMachine.fibers.{0, 0} ν σ Effect4.Machine.Val Effect4.Machine.Err Effect4.Machine.Defect
          Effect4.FiberId Effect4.Machine.Ann χ Effect4.Machine.Stores κ φ η m)
        (@Effect4.Machine.RunMachine.races.{0, 0} ν σ Effect4.Machine.Val Effect4.Machine.Err Effect4.Machine.Defect
          Effect4.FiberId Effect4.Machine.Ann χ Effect4.Machine.Stores κ φ η m)
        (@Effect4.Machine.RunMachine.nextId.{0, 0} ν σ Effect4.Machine.Val Effect4.Machine.Err Effect4.Machine.Defect
          Effect4.FiberId Effect4.Machine.Ann χ Effect4.Machine.Stores κ φ η m)
        (@Effect4.Machine.RunMachine.nextToken.{0, 0} ν σ Effect4.Machine.Val Effect4.Machine.Err Effect4.Machine.Defect
          Effect4.FiberId Effect4.Machine.Ann χ Effect4.Machine.Stores κ φ η m)
        (@Effect4.Machine.RunMachine.nextRace.{0, 0} ν σ Effect4.Machine.Val Effect4.Machine.Err Effect4.Machine.Defect
          Effect4.FiberId Effect4.Machine.Ann χ Effect4.Machine.Stores κ φ η m)
        (@Effect4.Machine.RunMachine.middlewareInstalled.{0, 0} ν σ Effect4.Machine.Val Effect4.Machine.Err
          Effect4.Machine.Defect Effect4.FiberId Effect4.Machine.Ann χ Effect4.Machine.Stores κ φ η m)
        (@Effect4.Machine.RunMachine.armed.{0, 0} ν σ Effect4.Machine.Val Effect4.Machine.Err Effect4.Machine.Defect
          Effect4.FiberId Effect4.Machine.Ann χ Effect4.Machine.Stores κ φ η m)
        (@Effect4.Machine.RunMachine.state.{0, 0} ν σ Effect4.Machine.Val Effect4.Machine.Err Effect4.Machine.Defect
          Effect4.FiberId Effect4.Machine.Ann χ Effect4.Machine.Stores κ φ η m)
        trace
        (@Effect4.Machine.RunMachine.stuck.{0, 0} ν σ Effect4.Machine.Val Effect4.Machine.Err Effect4.Machine.Defect
          Effect4.FiberId Effect4.Machine.Ann χ Effect4.Machine.Stores κ φ η m)))
    (@Effect4.Machine.obs ν σ χ κ φ η m)
STATEMENT Effect4.Machine.TimerStore.M1Clock.cancel_pending ∀ (self : Effect4.Machine.TimerStore)
  (fiber : Effect4.FiberId) (token : Nat),
  @Eq.{1} Bool (@Effect4.Machine.WakeList.pending.{0} Effect4.ClockMillis (self.cancel fiber token).wake fiber token)
    Bool.false
STATEMENT Effect4.Machine.TimerStore.M1Clock.cancel_wf ∀ {self : Effect4.Machine.TimerStore},
  self.WF → ∀ (fiber : Effect4.FiberId) (token : Nat), (self.cancel fiber token).WF
STATEMENT Effect4.Machine.TimerStore.M1Clock.clockStep_finish ∀ {κ : Type u} (self : Effect4.Machine.TimerStore)
  (millis : Effect4.ClockMillis) (resume : κ),
  @Eq.{1} (Option.{0} (Effect4.Machine.Waiter.{0} Effect4.ClockMillis))
      (Effect4.Machine.TimerStore.dueMin
        (@Option.getD.{0} Effect4.ClockMillis self.target
          (@HAdd.hAdd.{0, 0, 0} Effect4.ClockMillis Effect4.ClockMillis Effect4.ClockMillis
            (@instHAdd.{0} Effect4.ClockMillis Effect4.ClockMillis.instAdd) self.now millis))
        (@Effect4.Machine.WakeList.waiters.{0} Effect4.ClockMillis self.wake))
      (@Option.none.{0} (Effect4.Machine.Waiter.{0} Effect4.ClockMillis)) →
    @Eq.{u + 1} (Prod.{u, 0} (Option.{u} (Effect4.Machine.Owed.{u} κ)) Effect4.Machine.TimerStore)
      (@Effect4.Machine.TimerStore.clockStep.{u} κ self millis resume)
      (@Prod.mk.{u, 0} (Option.{u} (Effect4.Machine.Owed.{u} κ)) Effect4.Machine.TimerStore
        (@Option.none.{u} (Effect4.Machine.Owed.{u} κ))
        {
          now :=
            @Option.getD.{0} Effect4.ClockMillis self.target
              (@HAdd.hAdd.{0, 0, 0} Effect4.ClockMillis Effect4.ClockMillis Effect4.ClockMillis
                (@instHAdd.{0} Effect4.ClockMillis Effect4.ClockMillis.instAdd) self.now millis),
          wake := self.wake, target := @Option.none.{0} Effect4.ClockMillis })
STATEMENT Effect4.Machine.TimerStore.M1Clock.clockStep_owed ∀ {κ : Type u} (self : Effect4.Machine.TimerStore)
  (millis : Effect4.ClockMillis) (resume : κ) (o : Effect4.Machine.Owed.{u} κ),
  @Eq.{u + 1} (Option.{u} (Effect4.Machine.Owed.{u} κ))
      (@Prod.fst.{u, 0} (Option.{u} (Effect4.Machine.Owed.{u} κ)) Effect4.Machine.TimerStore
        (@Effect4.Machine.TimerStore.clockStep.{u} κ self millis resume))
      (@Option.some.{u} (Effect4.Machine.Owed.{u} κ) o) →
    And (@Eq.{u + 1} κ (@Effect4.Machine.Owed.code.{u} κ o) resume)
      (@Eq.{1} Effect4.Machine.WakeMode (@Effect4.Machine.Owed.mode.{u} κ o) Effect4.Machine.WakeMode.now)
STATEMENT Effect4.Machine.TimerStore.M1Clock.clockStep_wf ∀ {κ : Type u} {self : Effect4.Machine.TimerStore},
  self.WF →
    ∀ (millis : Effect4.ClockMillis) (resume : κ),
      (@Prod.snd.{u, 0} (Option.{u} (Effect4.Machine.Owed.{u} κ)) Effect4.Machine.TimerStore
          (@Effect4.Machine.TimerStore.clockStep.{u} κ self millis resume)).WF
STATEMENT Effect4.Machine.TimerStore.M1Clock.dueMin_first ∀ (target : Effect4.ClockMillis)
  (w : Effect4.Machine.Waiter.{0} Effect4.ClockMillis)
  (rest : List.{0} (Effect4.Machine.Waiter.{0} Effect4.ClockMillis)),
  @LE.le.{0} Effect4.ClockMillis Effect4.ClockMillis.instLE (@Effect4.Machine.Waiter.payload.{0} Effect4.ClockMillis w)
      target →
    (∀ (x : Effect4.Machine.Waiter.{0} Effect4.ClockMillis),
        @Membership.mem.{0, 0} (Effect4.Machine.Waiter.{0} Effect4.ClockMillis)
            (List.{0} (Effect4.Machine.Waiter.{0} Effect4.ClockMillis))
            (@List.instMembership.{0} (Effect4.Machine.Waiter.{0} Effect4.ClockMillis)) rest x →
          @LE.le.{0} Effect4.ClockMillis Effect4.ClockMillis.instLE
            (@Effect4.Machine.Waiter.payload.{0} Effect4.ClockMillis w)
            (@Effect4.Machine.Waiter.payload.{0} Effect4.ClockMillis x)) →
      @Eq.{1} (Option.{0} (Effect4.Machine.Waiter.{0} Effect4.ClockMillis))
        (Effect4.Machine.TimerStore.dueMin target
          (@List.cons.{0} (Effect4.Machine.Waiter.{0} Effect4.ClockMillis) w rest))
        (@Option.some.{0} (Effect4.Machine.Waiter.{0} Effect4.ClockMillis) w)
STATEMENT Effect4.Machine.TimerStore.M1Clock.dueMin_le ∀ (target : Effect4.ClockMillis)
  (l : List.{0} (Effect4.Machine.Waiter.{0} Effect4.ClockMillis)) (m : Effect4.Machine.Waiter.{0} Effect4.ClockMillis),
  @Eq.{1} (Option.{0} (Effect4.Machine.Waiter.{0} Effect4.ClockMillis)) (Effect4.Machine.TimerStore.dueMin target l)
      (@Option.some.{0} (Effect4.Machine.Waiter.{0} Effect4.ClockMillis) m) →
    @LE.le.{0} Effect4.ClockMillis Effect4.ClockMillis.instLE
      (@Effect4.Machine.Waiter.payload.{0} Effect4.ClockMillis m) target
STATEMENT Effect4.Machine.TimerStore.M1Clock.dueMin_mem ∀ (target : Effect4.ClockMillis)
  (l : List.{0} (Effect4.Machine.Waiter.{0} Effect4.ClockMillis)) (m : Effect4.Machine.Waiter.{0} Effect4.ClockMillis),
  @Eq.{1} (Option.{0} (Effect4.Machine.Waiter.{0} Effect4.ClockMillis)) (Effect4.Machine.TimerStore.dueMin target l)
      (@Option.some.{0} (Effect4.Machine.Waiter.{0} Effect4.ClockMillis) m) →
    @Membership.mem.{0, 0} (Effect4.Machine.Waiter.{0} Effect4.ClockMillis)
      (List.{0} (Effect4.Machine.Waiter.{0} Effect4.ClockMillis))
      (@List.instMembership.{0} (Effect4.Machine.Waiter.{0} Effect4.ClockMillis)) l m
STATEMENT Effect4.Machine.TimerStore.M1Clock.dueMin_min ∀ (target : Effect4.ClockMillis)
  (l : List.{0} (Effect4.Machine.Waiter.{0} Effect4.ClockMillis)) (m : Effect4.Machine.Waiter.{0} Effect4.ClockMillis),
  @Eq.{1} (Option.{0} (Effect4.Machine.Waiter.{0} Effect4.ClockMillis)) (Effect4.Machine.TimerStore.dueMin target l)
      (@Option.some.{0} (Effect4.Machine.Waiter.{0} Effect4.ClockMillis) m) →
    ∀ (x : Effect4.Machine.Waiter.{0} Effect4.ClockMillis),
      @Membership.mem.{0, 0} (Effect4.Machine.Waiter.{0} Effect4.ClockMillis)
          (List.{0} (Effect4.Machine.Waiter.{0} Effect4.ClockMillis))
          (@List.instMembership.{0} (Effect4.Machine.Waiter.{0} Effect4.ClockMillis)) l x →
        @LE.le.{0} Effect4.ClockMillis Effect4.ClockMillis.instLE
            (@Effect4.Machine.Waiter.payload.{0} Effect4.ClockMillis x) target →
          @LE.le.{0} Effect4.ClockMillis Effect4.ClockMillis.instLE
            (@Effect4.Machine.Waiter.payload.{0} Effect4.ClockMillis m)
            (@Effect4.Machine.Waiter.payload.{0} Effect4.ClockMillis x)
STATEMENT Effect4.Machine.TimerStore.M1Clock.dueMin_none_of_late ∀ (target : Effect4.ClockMillis)
  (l : List.{0} (Effect4.Machine.Waiter.{0} Effect4.ClockMillis)),
  @Eq.{1} (Option.{0} (Effect4.Machine.Waiter.{0} Effect4.ClockMillis)) (Effect4.Machine.TimerStore.dueMin target l)
      (@Option.none.{0} (Effect4.Machine.Waiter.{0} Effect4.ClockMillis)) →
    ∀ (w : Effect4.Machine.Waiter.{0} Effect4.ClockMillis),
      @Membership.mem.{0, 0} (Effect4.Machine.Waiter.{0} Effect4.ClockMillis)
          (List.{0} (Effect4.Machine.Waiter.{0} Effect4.ClockMillis))
          (@List.instMembership.{0} (Effect4.Machine.Waiter.{0} Effect4.ClockMillis)) l w →
        @LT.lt.{0} Effect4.ClockMillis Effect4.ClockMillis.instLT target
          (@Effect4.Machine.Waiter.payload.{0} Effect4.ClockMillis w)
STATEMENT Effect4.Machine.TimerStore.M1Clock.empty_quiet Effect4.Machine.TimerStore.empty.Quiet
STATEMENT Effect4.Machine.TimerStore.M1Clock.empty_wf Effect4.Machine.TimerStore.empty.WF
STATEMENT Effect4.Machine.TimerStore.M1Clock.fireNext_none ∀ {κ : Type u} (self : Effect4.Machine.TimerStore)
  (target : Effect4.ClockMillis) (resume : κ),
  @Eq.{1} (Option.{0} (Effect4.Machine.Waiter.{0} Effect4.ClockMillis))
      (Effect4.Machine.TimerStore.dueMin target (@Effect4.Machine.WakeList.waiters.{0} Effect4.ClockMillis self.wake))
      (@Option.none.{0} (Effect4.Machine.Waiter.{0} Effect4.ClockMillis)) →
    @Eq.{u + 1} (Prod.{u, 0} (Option.{u} (Effect4.Machine.Owed.{u} κ)) Effect4.Machine.TimerStore)
      (@Effect4.Machine.TimerStore.fireNext.{u} κ self target resume)
      (@Prod.mk.{u, 0} (Option.{u} (Effect4.Machine.Owed.{u} κ)) Effect4.Machine.TimerStore
        (@Option.none.{u} (Effect4.Machine.Owed.{u} κ)) self)
STATEMENT Effect4.Machine.TimerStore.M1Clock.fireNext_now ∀ {κ : Type u} (self : Effect4.Machine.TimerStore)
  (target : Effect4.ClockMillis) (resume : κ) (w : Effect4.Machine.Waiter.{0} Effect4.ClockMillis),
  @Eq.{1} (Option.{0} (Effect4.Machine.Waiter.{0} Effect4.ClockMillis))
      (Effect4.Machine.TimerStore.dueMin target (@Effect4.Machine.WakeList.waiters.{0} Effect4.ClockMillis self.wake))
      (@Option.some.{0} (Effect4.Machine.Waiter.{0} Effect4.ClockMillis) w) →
    And
      (@Eq.{u + 1} (Option.{u} (Effect4.Machine.Owed.{u} κ))
        (@Prod.fst.{u, 0} (Option.{u} (Effect4.Machine.Owed.{u} κ)) Effect4.Machine.TimerStore
          (@Effect4.Machine.TimerStore.fireNext.{u} κ self target resume))
        (@Option.some.{u} (Effect4.Machine.Owed.{u} κ)
          (@Effect4.Machine.Owed.mk.{u} κ (@Effect4.Machine.Waiter.fiber.{0} Effect4.ClockMillis w)
            (@Effect4.Machine.Waiter.token.{0} Effect4.ClockMillis w) resume Effect4.Machine.WakeMode.now)))
      (And
        (@Eq.{1} Effect4.ClockMillis
          (@Prod.snd.{u, 0} (Option.{u} (Effect4.Machine.Owed.{u} κ)) Effect4.Machine.TimerStore
              (@Effect4.Machine.TimerStore.fireNext.{u} κ self target resume)).now
          (@Effect4.Machine.Waiter.payload.{0} Effect4.ClockMillis w))
        (@Eq.{1} (List.{0} (Effect4.Machine.Waiter.{0} Effect4.ClockMillis))
          (@Effect4.Machine.WakeList.waiters.{0} Effect4.ClockMillis
            (@Prod.snd.{u, 0} (Option.{u} (Effect4.Machine.Owed.{u} κ)) Effect4.Machine.TimerStore
                (@Effect4.Machine.TimerStore.fireNext.{u} κ self target resume)).wake)
          (@List.erase.{0} (Effect4.Machine.Waiter.{0} Effect4.ClockMillis)
            (@instBEqOfDecidableEq.{0} (Effect4.Machine.Waiter.{0} Effect4.ClockMillis) fun a b =>
              @Effect4.Machine.instDecidableEqWaiter.{0} Effect4.ClockMillis Effect4.instDecidableEqClockMillis a b)
            (@Effect4.Machine.WakeList.waiters.{0} Effect4.ClockMillis self.wake) w)))
STATEMENT Effect4.Machine.TimerStore.M1Clock.fireNext_owed ∀ {κ : Type u} (self : Effect4.Machine.TimerStore)
  (target : Effect4.ClockMillis) (resume : κ) (o : Effect4.Machine.Owed.{u} κ),
  @Eq.{u + 1} (Option.{u} (Effect4.Machine.Owed.{u} κ))
      (@Prod.fst.{u, 0} (Option.{u} (Effect4.Machine.Owed.{u} κ)) Effect4.Machine.TimerStore
        (@Effect4.Machine.TimerStore.fireNext.{u} κ self target resume))
      (@Option.some.{u} (Effect4.Machine.Owed.{u} κ) o) →
    And (@Eq.{u + 1} κ (@Effect4.Machine.Owed.code.{u} κ o) resume)
      (@Eq.{1} Effect4.Machine.WakeMode (@Effect4.Machine.Owed.mode.{u} κ o) Effect4.Machine.WakeMode.now)
STATEMENT Effect4.Machine.TimerStore.M1Clock.fireNext_wf ∀ {κ : Type u} {self : Effect4.Machine.TimerStore},
  self.WF →
    ∀ (target : Effect4.ClockMillis) (resume : κ),
      (@Prod.snd.{u, 0} (Option.{u} (Effect4.Machine.Owed.{u} κ)) Effect4.Machine.TimerStore
          (@Effect4.Machine.TimerStore.fireNext.{u} κ self target resume)).WF
STATEMENT Effect4.Machine.TimerStore.M1Clock.sleep_wf ∀ {self : Effect4.Machine.TimerStore},
  self.WF → ∀ (fiber : Effect4.FiberId) (token : Nat) (millis : Effect4.ClockMillis), (self.sleep fiber token millis).WF
STATEMENT Effect4.Machine.Witnesses.M1Witnesses.w10_into_completes_on_failure And
  (@Eq.{1} (Option.{0} Effect4.Machine.ExitV)
    (Effect4.Machine.Witnesses.exitOf Effect4.Machine.Witnesses.w10Into
      (@OfNat.ofNat.{0} Nat (nat_lit 0) (instOfNatNat (nat_lit 0))))
    (@Option.some.{0}
      (Effect4.Exit.{0, 0} Effect4.Store.Val Effect4.Machine.Err Effect4.Machine.Defect Effect4.FiberId
        Effect4.Machine.Ann)
      (@Effect4.Exit.success.{0, 0} Effect4.Store.Val Effect4.Machine.Err Effect4.Machine.Defect Effect4.FiberId
        Effect4.Machine.Ann (Effect4.Store.Val.bool Bool.true))))
  (@Eq.{1}
    (Option.{0}
      (Option.{0}
        (Effect4.Machine.Completion.{0, 0} Effect4.Machine.Val Effect4.Machine.Err Effect4.Machine.Defect
          Effect4.FiberId Effect4.Machine.Ann)))
    (@Option.map.{0, 0}
      (Effect4.Machine.DeferredCell
        (Effect4.Machine.Completion.{0, 0} Effect4.Machine.Val Effect4.Machine.Err Effect4.Machine.Defect
          Effect4.FiberId Effect4.Machine.Ann))
      (Option.{0}
        (Effect4.Machine.Completion.{0, 0} Effect4.Machine.Val Effect4.Machine.Err Effect4.Machine.Defect
          Effect4.FiberId Effect4.Machine.Ann))
      (@Effect4.Machine.DeferredCell.completion
        (Effect4.Machine.Completion.{0, 0} Effect4.Machine.Val Effect4.Machine.Err Effect4.Machine.Defect
          Effect4.FiberId Effect4.Machine.Ann))
      (@Effect4.Machine.DeferredStore.cellAt
        (Effect4.Machine.Completion.{0, 0} Effect4.Machine.Val Effect4.Machine.Err Effect4.Machine.Defect
          Effect4.FiberId Effect4.Machine.Ann)
        (@Effect4.Machine.RunMachine.state.{0, 0} Effect4.Machine.Name Effect4.Machine.Thunk Effect4.Machine.Val
            Effect4.Machine.Err Effect4.Machine.Defect Effect4.FiberId Effect4.Machine.Ann Effect4.Machine.Ctx
            Effect4.Machine.Stores
            (Effect4.Prim.{0, 0} Effect4.Machine.Name Effect4.Machine.Thunk Effect4.Machine.Val Effect4.Machine.Err
              Effect4.Machine.Defect Effect4.FiberId Effect4.Machine.Ann)
            (Effect4.FrameFiber.{0, 0} Effect4.Machine.Name Effect4.Machine.Thunk Effect4.Machine.Val
              Effect4.Machine.Err Effect4.Machine.Defect Effect4.FiberId Effect4.Machine.Ann)
            (Effect4.FrameEvent.{0, 0} Effect4.Machine.Name Effect4.Machine.Thunk Effect4.Machine.Val
              Effect4.Machine.Err Effect4.Machine.Defect Effect4.FiberId Effect4.Machine.Ann)
            Effect4.Machine.Witnesses.w10Into).deferreds
        { index := @OfNat.ofNat.{0} Nat (nat_lit 0) (instOfNatNat (nat_lit 0)) }))
    (@Option.some.{0}
      (Option.{0}
        (Effect4.Machine.Completion.{0, 0} Effect4.Machine.Val Effect4.Machine.Err Effect4.Machine.Defect
          Effect4.FiberId Effect4.Machine.Ann))
      (@Option.some.{0}
        (Effect4.Machine.Completion.{0, 0} Effect4.Machine.Val Effect4.Machine.Err Effect4.Machine.Defect
          Effect4.FiberId Effect4.Machine.Ann)
        (@Effect4.Machine.Completion.ofExit.{0, 0} Effect4.Machine.Val Effect4.Machine.Err Effect4.Machine.Defect
          Effect4.FiberId Effect4.Machine.Ann
          (@Effect4.Exit.failure.{0, 0} Effect4.Machine.Val Effect4.Machine.Err Effect4.Machine.Defect Effect4.FiberId
            Effect4.Machine.Ann
            (@Effect4.Cause.fail.{0} Effect4.Machine.Err Effect4.Machine.Defect Effect4.FiberId Effect4.Machine.Ann
              Effect4.Machine.Err.boom))))))
STATEMENT Effect4.Program.Agreement.M1Origin.withFiberOf_forkLayer ∀ (root : Effect4.Program.NativeEff)
  (q : Effect4.Program.Point) (m : Effect4.Machine.MemoMapId) (scope : Nat),
  @Eq.{1}
    (Option.{0}
      (Effect4.Machine.WithFiberAction.{0, 0} Effect4.Program.EffName Effect4.Program.EffThunk Effect4.Machine.Val
        Effect4.Machine.Err Effect4.Machine.Defect Effect4.FiberId Effect4.Machine.Ann Effect4.Machine.Ctx
        (Effect4.Prim.{0, 0} Effect4.Program.EffName Effect4.Program.EffThunk Effect4.Machine.Val Effect4.Machine.Err
          Effect4.Machine.Defect Effect4.FiberId Effect4.Machine.Ann)))
    (@Effect4.Machine.RunInterp.withFiberOf.{0, 0} Effect4.Program.EffName Effect4.Program.EffThunk Effect4.Machine.Val
      Effect4.Machine.Err Effect4.Machine.Defect Effect4.FiberId Effect4.Machine.Ann Effect4.Machine.Ctx
      Effect4.Machine.Stores
      (Effect4.Prim.{0, 0} Effect4.Program.EffName Effect4.Program.EffThunk Effect4.Machine.Val Effect4.Machine.Err
        Effect4.Machine.Defect Effect4.FiberId Effect4.Machine.Ann)
      (Effect4.Program.interpOf root (@List.nil.{0} Effect4.Program.Row))
      (Effect4.Program.EffThunk.forkLayer q m scope))
    (@Option.some.{0}
      (Effect4.Machine.WithFiberAction.{0, 0} Effect4.Program.EffName Effect4.Program.EffThunk Effect4.Machine.Val
        Effect4.Machine.Err Effect4.Machine.Defect Effect4.FiberId Effect4.Machine.Ann Effect4.Machine.Ctx
        (Effect4.Prim.{0, 0} Effect4.Program.EffName Effect4.Program.EffThunk Effect4.Machine.Val Effect4.Machine.Err
          Effect4.Machine.Defect Effect4.FiberId Effect4.Machine.Ann))
      (@Effect4.Machine.WithFiberAction.fork.{0, 0} Effect4.Program.EffName Effect4.Program.EffThunk Effect4.Machine.Val
        Effect4.Machine.Err Effect4.Machine.Defect Effect4.FiberId Effect4.Machine.Ann Effect4.Machine.Ctx
        (Effect4.Prim.{0, 0} Effect4.Program.EffName Effect4.Program.EffThunk Effect4.Machine.Val Effect4.Machine.Err
          Effect4.Machine.Defect Effect4.FiberId Effect4.Machine.Ann)
        (Effect4.Program.resolveLayer root q m scope)
        { startImmediately := Bool.true, «daemon» := Bool.true, maskMode := Effect4.Supervision.MaskMode.inherit }
        q.path))
STATEMENT Effect4.Program.Agreement.M1Quiet.complete_quiet ∀
  {d :
    Effect4.Machine.DeferredStore
      (Effect4.Machine.Completion.{0, 0} Effect4.Machine.Val Effect4.Machine.Err Effect4.Machine.Defect Effect4.FiberId
        Effect4.Machine.Ann)},
  @Eq.{1}
      (List.{0}
        (Effect4.Machine.Owed.{0}
          (Effect4.Machine.Completion.{0, 0} Effect4.Machine.Val Effect4.Machine.Err Effect4.Machine.Defect
            Effect4.FiberId Effect4.Machine.Ann)))
      (@Effect4.Machine.DeferredStore.due
        (Effect4.Machine.Completion.{0, 0} Effect4.Machine.Val Effect4.Machine.Err Effect4.Machine.Defect
          Effect4.FiberId Effect4.Machine.Ann)
        d)
      (@List.nil.{0}
        (Effect4.Machine.Owed.{0}
          (Effect4.Machine.Completion.{0, 0} Effect4.Machine.Val Effect4.Machine.Err Effect4.Machine.Defect
            Effect4.FiberId Effect4.Machine.Ann))) →
    (∀
        (c :
          Effect4.Machine.DeferredCell
            (Effect4.Machine.Completion.{0, 0} Effect4.Machine.Val Effect4.Machine.Err Effect4.Machine.Defect
              Effect4.FiberId Effect4.Machine.Ann)),
        @Membership.mem.{0, 0}
            (Effect4.Machine.DeferredCell
              (Effect4.Machine.Completion.{0, 0} Effect4.Machine.Val Effect4.Machine.Err Effect4.Machine.Defect
                Effect4.FiberId Effect4.Machine.Ann))
            (List.{0}
              (Effect4.Machine.DeferredCell
                (Effect4.Machine.Completion.{0, 0} Effect4.Machine.Val Effect4.Machine.Err Effect4.Machine.Defect
                  Effect4.FiberId Effect4.Machine.Ann)))
            (@List.instMembership.{0}
              (Effect4.Machine.DeferredCell
                (Effect4.Machine.Completion.{0, 0} Effect4.Machine.Val Effect4.Machine.Err Effect4.Machine.Defect
                  Effect4.FiberId Effect4.Machine.Ann)))
            (@Effect4.Machine.DeferredStore.cells
              (Effect4.Machine.Completion.{0, 0} Effect4.Machine.Val Effect4.Machine.Err Effect4.Machine.Defect
                Effect4.FiberId Effect4.Machine.Ann)
              d)
            c →
          And
            (@Eq.{1} (List.{0} (Effect4.Machine.Waiter.{0} Unit))
              (@Effect4.Machine.WakeList.waiters.{0} Unit
                (@Effect4.Machine.DeferredCell.wake
                  (Effect4.Machine.Completion.{0, 0} Effect4.Machine.Val Effect4.Machine.Err Effect4.Machine.Defect
                    Effect4.FiberId Effect4.Machine.Ann)
                  c))
              (@List.nil.{0} (Effect4.Machine.Waiter.{0} Unit)))
            (@Eq.{1} (Option.{0} (List.{0} (Effect4.Machine.Waiter.{0} Unit)))
              (@Effect4.Machine.WakeList.batch.{0} Unit
                (@Effect4.Machine.DeferredCell.wake
                  (Effect4.Machine.Completion.{0, 0} Effect4.Machine.Val Effect4.Machine.Err Effect4.Machine.Defect
                    Effect4.FiberId Effect4.Machine.Ann)
                  c))
              (@Option.none.{0} (List.{0} (Effect4.Machine.Waiter.{0} Unit))))) →
      ∀ (cell : Effect4.Machine.DeferredKey)
        (e :
          Effect4.Machine.Completion.{0, 0} Effect4.Machine.Val Effect4.Machine.Err Effect4.Machine.Defect
            Effect4.FiberId Effect4.Machine.Ann),
        And
          (@Eq.{1}
            (List.{0}
              (Effect4.Machine.Owed.{0}
                (Effect4.Machine.Completion.{0, 0} Effect4.Machine.Val Effect4.Machine.Err Effect4.Machine.Defect
                  Effect4.FiberId Effect4.Machine.Ann)))
            (@Effect4.Machine.DeferredStore.due
              (Effect4.Machine.Completion.{0, 0} Effect4.Machine.Val Effect4.Machine.Err Effect4.Machine.Defect
                Effect4.FiberId Effect4.Machine.Ann)
              (@Prod.fst.{0, 0}
                (Effect4.Machine.DeferredStore
                  (Effect4.Machine.Completion.{0, 0} Effect4.Machine.Val Effect4.Machine.Err Effect4.Machine.Defect
                    Effect4.FiberId Effect4.Machine.Ann))
                Bool
                (@Effect4.Machine.DeferredStore.complete
                  (Effect4.Machine.Completion.{0, 0} Effect4.Machine.Val Effect4.Machine.Err Effect4.Machine.Defect
                    Effect4.FiberId Effect4.Machine.Ann)
                  d cell e)))
            (@List.nil.{0}
              (Effect4.Machine.Owed.{0}
                (Effect4.Machine.Completion.{0, 0} Effect4.Machine.Val Effect4.Machine.Err Effect4.Machine.Defect
                  Effect4.FiberId Effect4.Machine.Ann))))
          (∀
            (c :
              Effect4.Machine.DeferredCell
                (Effect4.Machine.Completion.{0, 0} Effect4.Machine.Val Effect4.Machine.Err Effect4.Machine.Defect
                  Effect4.FiberId Effect4.Machine.Ann)),
            @Membership.mem.{0, 0}
                (Effect4.Machine.DeferredCell
                  (Effect4.Machine.Completion.{0, 0} Effect4.Machine.Val Effect4.Machine.Err Effect4.Machine.Defect
                    Effect4.FiberId Effect4.Machine.Ann))
                (List.{0}
                  (Effect4.Machine.DeferredCell
                    (Effect4.Machine.Completion.{0, 0} Effect4.Machine.Val Effect4.Machine.Err Effect4.Machine.Defect
                      Effect4.FiberId Effect4.Machine.Ann)))
                (@List.instMembership.{0}
                  (Effect4.Machine.DeferredCell
                    (Effect4.Machine.Completion.{0, 0} Effect4.Machine.Val Effect4.Machine.Err Effect4.Machine.Defect
                      Effect4.FiberId Effect4.Machine.Ann)))
                (@Effect4.Machine.DeferredStore.cells
                  (Effect4.Machine.Completion.{0, 0} Effect4.Machine.Val Effect4.Machine.Err Effect4.Machine.Defect
                    Effect4.FiberId Effect4.Machine.Ann)
                  (@Prod.fst.{0, 0}
                    (Effect4.Machine.DeferredStore
                      (Effect4.Machine.Completion.{0, 0} Effect4.Machine.Val Effect4.Machine.Err Effect4.Machine.Defect
                        Effect4.FiberId Effect4.Machine.Ann))
                    Bool
                    (@Effect4.Machine.DeferredStore.complete
                      (Effect4.Machine.Completion.{0, 0} Effect4.Machine.Val Effect4.Machine.Err Effect4.Machine.Defect
                        Effect4.FiberId Effect4.Machine.Ann)
                      d cell e)))
                c →
              And
                (@Eq.{1} (List.{0} (Effect4.Machine.Waiter.{0} Unit))
                  (@Effect4.Machine.WakeList.waiters.{0} Unit
                    (@Effect4.Machine.DeferredCell.wake
                      (Effect4.Machine.Completion.{0, 0} Effect4.Machine.Val Effect4.Machine.Err Effect4.Machine.Defect
                        Effect4.FiberId Effect4.Machine.Ann)
                      c))
                  (@List.nil.{0} (Effect4.Machine.Waiter.{0} Unit)))
                (@Eq.{1} (Option.{0} (List.{0} (Effect4.Machine.Waiter.{0} Unit)))
                  (@Effect4.Machine.WakeList.batch.{0} Unit
                    (@Effect4.Machine.DeferredCell.wake
                      (Effect4.Machine.Completion.{0, 0} Effect4.Machine.Val Effect4.Machine.Err Effect4.Machine.Defect
                        Effect4.FiberId Effect4.Machine.Ann)
                      c))
                  (@Option.none.{0} (List.{0} (Effect4.Machine.Waiter.{0} Unit)))))
STATEMENT Effect4.Program.Guard.FrameOwned.M1.deferred_register_sites ∀
  (d :
    Effect4.Machine.DeferredStore
      (Effect4.Machine.Completion.{0, 0} Effect4.Machine.Val Effect4.Machine.Err Effect4.Machine.Defect Effect4.FiberId
        Effect4.Machine.Ann))
  (cell : Effect4.Machine.DeferredKey) (fid : Effect4.FiberId) (token : Nat),
  @Eq.{1} (List.{0} Nat)
    (Effect4.Program.Guard.FrameOwned.optionRaceSites
      (@Option.map.{0, 0}
        (Effect4.Machine.Completion.{0, 0} Effect4.Machine.Val Effect4.Machine.Err Effect4.Machine.Defect
          Effect4.FiberId Effect4.Machine.Ann)
        Effect4.Program.NCode (fun c => Effect4.Program.embed (Effect4.Machine.completionPrim c))
        (@Prod.snd.{0, 0}
          (Effect4.Machine.DeferredStore
            (Effect4.Machine.Completion.{0, 0} Effect4.Machine.Val Effect4.Machine.Err Effect4.Machine.Defect
              Effect4.FiberId Effect4.Machine.Ann))
          (Option.{0}
            (Effect4.Machine.Completion.{0, 0} Effect4.Machine.Val Effect4.Machine.Err Effect4.Machine.Defect
              Effect4.FiberId Effect4.Machine.Ann))
          (@Effect4.Machine.DeferredStore.register
            (Effect4.Machine.Completion.{0, 0} Effect4.Machine.Val Effect4.Machine.Err Effect4.Machine.Defect
              Effect4.FiberId Effect4.Machine.Ann)
            d cell fid token))))
    (@List.nil.{0} Nat)
STATEMENT Effect4.Program.Guard.FrameOwned.M1.evaluateNative_frameOwned ∀ (p : Effect4.Program.NativeEff)
  (table : Effect4.Program.RowTable) (m : Effect4.Program.NativeMachine) (f : Effect4.Program.Guard.NFiber)
  (yielding : Bool),
  Effect4.Program.Guard.RaceIdsBelow m →
    Effect4.Program.Guard.FrameCodeOwned m f →
      Effect4.Program.Guard.FrameCodeOwned
        (@Effect4.Machine.Iter.machine.{0, 0} Effect4.Program.EffName Effect4.Program.EffThunk Effect4.Machine.Val
          Effect4.Machine.Err Effect4.Machine.Defect Effect4.FiberId Effect4.Machine.Ann Effect4.Machine.Ctx
          Effect4.Machine.Stores
          (Effect4.Prim.{0, 0} Effect4.Program.EffName Effect4.Program.EffThunk Effect4.Machine.Val Effect4.Machine.Err
            Effect4.Machine.Defect Effect4.FiberId Effect4.Machine.Ann)
          (Effect4.FrameFiber.{0, 0} Effect4.Program.EffName Effect4.Program.EffThunk Effect4.Machine.Val
            Effect4.Machine.Err Effect4.Machine.Defect Effect4.FiberId Effect4.Machine.Ann)
          (Effect4.FrameEvent.{0, 0} Effect4.Program.EffName Effect4.Program.EffThunk Effect4.Machine.Val
            Effect4.Machine.Err Effect4.Machine.Defect Effect4.FiberId Effect4.Machine.Ann)
          (Effect4.Program.evaluateNative p m f yielding table))
        (@Effect4.Machine.Iter.fiber.{0, 0} Effect4.Program.EffName Effect4.Program.EffThunk Effect4.Machine.Val
          Effect4.Machine.Err Effect4.Machine.Defect Effect4.FiberId Effect4.Machine.Ann Effect4.Machine.Ctx
          Effect4.Machine.Stores
          (Effect4.Prim.{0, 0} Effect4.Program.EffName Effect4.Program.EffThunk Effect4.Machine.Val Effect4.Machine.Err
            Effect4.Machine.Defect Effect4.FiberId Effect4.Machine.Ann)
          (Effect4.FrameFiber.{0, 0} Effect4.Program.EffName Effect4.Program.EffThunk Effect4.Machine.Val
            Effect4.Machine.Err Effect4.Machine.Defect Effect4.FiberId Effect4.Machine.Ann)
          (Effect4.FrameEvent.{0, 0} Effect4.Program.EffName Effect4.Program.EffThunk Effect4.Machine.Val
            Effect4.Machine.Err Effect4.Machine.Defect Effect4.FiberId Effect4.Machine.Ann)
          (Effect4.Program.evaluateNative p m f yielding table))
STATEMENT Effect4.Program.Guard.FrameOwned.M1.evaluatePrim_owned ∀ (p : Effect4.Program.NativeEff)
  (completed : List.{0} (Prod.{0, 0} Effect4.FiberId Effect4.Machine.ExitV)) (table : Effect4.Program.RowTable)
  (m : Effect4.Program.NativeMachine) (f : Effect4.Program.Guard.NFiber) (yielding : Bool),
  Effect4.Program.Guard.RaceIdsBelow m →
    Effect4.Program.Guard.FrameCodeOwned m f →
      Effect4.Program.Guard.FrameCodeOwned
        (@Effect4.Machine.Iter.machine.{0, 0} Effect4.Program.EffName Effect4.Program.EffThunk Effect4.Machine.Val
          Effect4.Machine.Err Effect4.Machine.Defect Effect4.FiberId Effect4.Machine.Ann Effect4.Machine.Ctx
          Effect4.Machine.Stores
          (Effect4.Prim.{0, 0} Effect4.Program.EffName Effect4.Program.EffThunk Effect4.Machine.Val Effect4.Machine.Err
            Effect4.Machine.Defect Effect4.FiberId Effect4.Machine.Ann)
          (Effect4.FrameFiber.{0, 0} Effect4.Program.EffName Effect4.Program.EffThunk Effect4.Machine.Val
            Effect4.Machine.Err Effect4.Machine.Defect Effect4.FiberId Effect4.Machine.Ann)
          (Effect4.FrameEvent.{0, 0} Effect4.Program.EffName Effect4.Program.EffThunk Effect4.Machine.Val
            Effect4.Machine.Err Effect4.Machine.Defect Effect4.FiberId Effect4.Machine.Ann)
          (@Effect4.Machine.evaluatePrim.{0, 0} Effect4.Program.EffName Effect4.Program.EffThunk Effect4.Machine.Val
            Effect4.Machine.Err Effect4.Machine.Defect Effect4.FiberId Effect4.Machine.Ann Effect4.Machine.Ctx
            Effect4.Machine.Stores Effect4.Machine.instDecidableEqErr Effect4.Machine.instDecidableEqDefect
            Effect4.instDecidableEqFiberId instDecidableEqPUnit.{1} (Effect4.Program.interpAt p completed table) m f
            yielding))
        (@Effect4.Machine.Iter.fiber.{0, 0} Effect4.Program.EffName Effect4.Program.EffThunk Effect4.Machine.Val
          Effect4.Machine.Err Effect4.Machine.Defect Effect4.FiberId Effect4.Machine.Ann Effect4.Machine.Ctx
          Effect4.Machine.Stores
          (Effect4.Prim.{0, 0} Effect4.Program.EffName Effect4.Program.EffThunk Effect4.Machine.Val Effect4.Machine.Err
            Effect4.Machine.Defect Effect4.FiberId Effect4.Machine.Ann)
          (Effect4.FrameFiber.{0, 0} Effect4.Program.EffName Effect4.Program.EffThunk Effect4.Machine.Val
            Effect4.Machine.Err Effect4.Machine.Defect Effect4.FiberId Effect4.Machine.Ann)
          (Effect4.FrameEvent.{0, 0} Effect4.Program.EffName Effect4.Program.EffThunk Effect4.Machine.Val
            Effect4.Machine.Err Effect4.Machine.Defect Effect4.FiberId Effect4.Machine.Ann)
          (@Effect4.Machine.evaluatePrim.{0, 0} Effect4.Program.EffName Effect4.Program.EffThunk Effect4.Machine.Val
            Effect4.Machine.Err Effect4.Machine.Defect Effect4.FiberId Effect4.Machine.Ann Effect4.Machine.Ctx
            Effect4.Machine.Stores Effect4.Machine.instDecidableEqErr Effect4.Machine.instDecidableEqDefect
            Effect4.instDecidableEqFiberId instDecidableEqPUnit.{1} (Effect4.Program.interpAt p completed table) m f
            yielding))
STATEMENT Effect4.Program.Guard.FrameOwned.M1.exitScoped_owned ∀ (p : Effect4.Program.NativeEff)
  (m : Effect4.Program.NativeMachine) (f : Effect4.Program.Guard.NFiber) (yielding : Bool)
  (exit : Effect4.Machine.ExitV),
  Effect4.Program.Guard.RaceIdsBelow m →
    Effect4.Program.Guard.FrameCodeOwned m f →
      Effect4.Program.Guard.FrameCodeOwned
        (@Effect4.Machine.Iter.machine.{0, 0} Effect4.Program.EffName Effect4.Program.EffThunk Effect4.Machine.Val
          Effect4.Machine.Err Effect4.Machine.Defect Effect4.FiberId Effect4.Machine.Ann Effect4.Machine.Ctx
          Effect4.Machine.Stores
          (Effect4.Prim.{0, 0} Effect4.Program.EffName Effect4.Program.EffThunk Effect4.Machine.Val Effect4.Machine.Err
            Effect4.Machine.Defect Effect4.FiberId Effect4.Machine.Ann)
          (Effect4.FrameFiber.{0, 0} Effect4.Program.EffName Effect4.Program.EffThunk Effect4.Machine.Val
            Effect4.Machine.Err Effect4.Machine.Defect Effect4.FiberId Effect4.Machine.Ann)
          (Effect4.FrameEvent.{0, 0} Effect4.Program.EffName Effect4.Program.EffThunk Effect4.Machine.Val
            Effect4.Machine.Err Effect4.Machine.Defect Effect4.FiberId Effect4.Machine.Ann)
          (Effect4.Program.exitScoped p m f yielding exit))
        (@Effect4.Machine.Iter.fiber.{0, 0} Effect4.Program.EffName Effect4.Program.EffThunk Effect4.Machine.Val
          Effect4.Machine.Err Effect4.Machine.Defect Effect4.FiberId Effect4.Machine.Ann Effect4.Machine.Ctx
          Effect4.Machine.Stores
          (Effect4.Prim.{0, 0} Effect4.Program.EffName Effect4.Program.EffThunk Effect4.Machine.Val Effect4.Machine.Err
            Effect4.Machine.Defect Effect4.FiberId Effect4.Machine.Ann)
          (Effect4.FrameFiber.{0, 0} Effect4.Program.EffName Effect4.Program.EffThunk Effect4.Machine.Val
            Effect4.Machine.Err Effect4.Machine.Defect Effect4.FiberId Effect4.Machine.Ann)
          (Effect4.FrameEvent.{0, 0} Effect4.Program.EffName Effect4.Program.EffThunk Effect4.Machine.Val
            Effect4.Machine.Err Effect4.Machine.Defect Effect4.FiberId Effect4.Machine.Ann)
          (Effect4.Program.exitScoped p m f yielding exit))
STATEMENT Effect4.Program.Guard.FrameOwned.M1.iteration_frameOwned ∀ (p : Effect4.Program.NativeEff)
  (table : Effect4.Program.RowTable) (m : Effect4.Program.NativeMachine) (f : Effect4.Program.Guard.NFiber)
  (yielding : Bool),
  Effect4.Program.Guard.RaceIdsBelow m →
    Effect4.Program.Guard.FrameCodeOwned m f →
      Effect4.Program.Guard.FrameCodeOwned
        (@Effect4.Machine.Iter.machine.{0, 0} Effect4.Program.EffName Effect4.Program.EffThunk Effect4.Machine.Val
          Effect4.Machine.Err Effect4.Machine.Defect Effect4.FiberId Effect4.Machine.Ann Effect4.Machine.Ctx
          Effect4.Machine.Stores
          (Effect4.Prim.{0, 0} Effect4.Program.EffName Effect4.Program.EffThunk Effect4.Machine.Val Effect4.Machine.Err
            Effect4.Machine.Defect Effect4.FiberId Effect4.Machine.Ann)
          (Effect4.FrameFiber.{0, 0} Effect4.Program.EffName Effect4.Program.EffThunk Effect4.Machine.Val
            Effect4.Machine.Err Effect4.Machine.Defect Effect4.FiberId Effect4.Machine.Ann)
          (Effect4.FrameEvent.{0, 0} Effect4.Program.EffName Effect4.Program.EffThunk Effect4.Machine.Val
            Effect4.Machine.Err Effect4.Machine.Defect Effect4.FiberId Effect4.Machine.Ann)
          (@Effect4.Machine.iteration.{0, 0} Effect4.Program.EffName Effect4.Program.EffThunk Effect4.Machine.Val
            Effect4.Machine.Err Effect4.Machine.Defect Effect4.FiberId Effect4.Machine.Ann Effect4.Machine.Ctx
            Effect4.Machine.Stores
            (Effect4.Prim.{0, 0} Effect4.Program.EffName Effect4.Program.EffThunk Effect4.Machine.Val
              Effect4.Machine.Err Effect4.Machine.Defect Effect4.FiberId Effect4.Machine.Ann)
            (Effect4.FrameFiber.{0, 0} Effect4.Program.EffName Effect4.Program.EffThunk Effect4.Machine.Val
              Effect4.Machine.Err Effect4.Machine.Defect Effect4.FiberId Effect4.Machine.Ann)
            (Effect4.FrameEvent.{0, 0} Effect4.Program.EffName Effect4.Program.EffThunk Effect4.Machine.Val
              Effect4.Machine.Err Effect4.Machine.Defect Effect4.FiberId Effect4.Machine.Ann)
            (@Effect4.Machine.frameCore.{0, 0} Effect4.Program.EffName Effect4.Program.EffThunk Effect4.Machine.Val
              Effect4.Machine.Err Effect4.Machine.Defect Effect4.FiberId Effect4.Machine.Ann)
            (Effect4.Program.evaluatorFor p table) (Effect4.Program.interpOf p table) m f yielding))
        (@Effect4.Machine.Iter.fiber.{0, 0} Effect4.Program.EffName Effect4.Program.EffThunk Effect4.Machine.Val
          Effect4.Machine.Err Effect4.Machine.Defect Effect4.FiberId Effect4.Machine.Ann Effect4.Machine.Ctx
          Effect4.Machine.Stores
          (Effect4.Prim.{0, 0} Effect4.Program.EffName Effect4.Program.EffThunk Effect4.Machine.Val Effect4.Machine.Err
            Effect4.Machine.Defect Effect4.FiberId Effect4.Machine.Ann)
          (Effect4.FrameFiber.{0, 0} Effect4.Program.EffName Effect4.Program.EffThunk Effect4.Machine.Val
            Effect4.Machine.Err Effect4.Machine.Defect Effect4.FiberId Effect4.Machine.Ann)
          (Effect4.FrameEvent.{0, 0} Effect4.Program.EffName Effect4.Program.EffThunk Effect4.Machine.Val
            Effect4.Machine.Err Effect4.Machine.Defect Effect4.FiberId Effect4.Machine.Ann)
          (@Effect4.Machine.iteration.{0, 0} Effect4.Program.EffName Effect4.Program.EffThunk Effect4.Machine.Val
            Effect4.Machine.Err Effect4.Machine.Defect Effect4.FiberId Effect4.Machine.Ann Effect4.Machine.Ctx
            Effect4.Machine.Stores
            (Effect4.Prim.{0, 0} Effect4.Program.EffName Effect4.Program.EffThunk Effect4.Machine.Val
              Effect4.Machine.Err Effect4.Machine.Defect Effect4.FiberId Effect4.Machine.Ann)
            (Effect4.FrameFiber.{0, 0} Effect4.Program.EffName Effect4.Program.EffThunk Effect4.Machine.Val
              Effect4.Machine.Err Effect4.Machine.Defect Effect4.FiberId Effect4.Machine.Ann)
            (Effect4.FrameEvent.{0, 0} Effect4.Program.EffName Effect4.Program.EffThunk Effect4.Machine.Val
              Effect4.Machine.Err Effect4.Machine.Defect Effect4.FiberId Effect4.Machine.Ann)
            (@Effect4.Machine.frameCore.{0, 0} Effect4.Program.EffName Effect4.Program.EffThunk Effect4.Machine.Val
              Effect4.Machine.Err Effect4.Machine.Defect Effect4.FiberId Effect4.Machine.Ann)
            (Effect4.Program.evaluatorFor p table) (Effect4.Program.interpOf p table) m f yielding))
STATEMENT Effect4.Program.Guard.FrameOwned.M1.registerAsync_result_sites ∀ (p : Effect4.Program.NativeEff)
  (completed : List.{0} (Prod.{0, 0} Effect4.FiberId Effect4.Machine.ExitV)) (table : Effect4.Program.RowTable)
  (name : Effect4.Program.EffName) (fid : Effect4.FiberId) (token : Nat) (state : Effect4.Machine.Stores)
  (code : Effect4.Program.NCode),
  @Eq.{1}
      (Option.{0}
        (Effect4.Prim.{0, 0} Effect4.Program.EffName Effect4.Program.EffThunk Effect4.Machine.Val Effect4.Machine.Err
          Effect4.Machine.Defect Effect4.FiberId Effect4.Machine.Ann))
      (@Prod.snd.{0, 0} Effect4.Machine.Stores
        (Option.{0}
          (Effect4.Prim.{0, 0} Effect4.Program.EffName Effect4.Program.EffThunk Effect4.Machine.Val Effect4.Machine.Err
            Effect4.Machine.Defect Effect4.FiberId Effect4.Machine.Ann))
        (@Effect4.Machine.RunInterp.registerAsync.{0, 0} Effect4.Program.EffName Effect4.Program.EffThunk
          Effect4.Machine.Val Effect4.Machine.Err Effect4.Machine.Defect Effect4.FiberId Effect4.Machine.Ann
          Effect4.Machine.Ctx Effect4.Machine.Stores
          (Effect4.Prim.{0, 0} Effect4.Program.EffName Effect4.Program.EffThunk Effect4.Machine.Val Effect4.Machine.Err
            Effect4.Machine.Defect Effect4.FiberId Effect4.Machine.Ann)
          (Effect4.Program.interpAt p completed table) name fid token state))
      (@Option.some.{0} Effect4.Program.NCode code) →
    @Eq.{1} (List.{0} Nat) (Effect4.Program.Guard.raceSites code) (@List.nil.{0} Nat)
STATEMENT Effect4.Program.Guard.FrameOwned.M1.registerAsync_sites ∀ (p : Effect4.Program.NativeEff)
  (completed : List.{0} (Prod.{0, 0} Effect4.FiberId Effect4.Machine.ExitV)) (table : Effect4.Program.RowTable)
  (name : Effect4.Program.EffName) (fid : Effect4.FiberId) (token : Nat) (state : Effect4.Machine.Stores),
  @Eq.{1} (List.{0} Nat)
    (Effect4.Program.Guard.FrameOwned.optionRaceSites
      (@Prod.snd.{0, 0} Effect4.Machine.Stores
        (Option.{0}
          (Effect4.Prim.{0, 0} Effect4.Program.EffName Effect4.Program.EffThunk Effect4.Machine.Val Effect4.Machine.Err
            Effect4.Machine.Defect Effect4.FiberId Effect4.Machine.Ann))
        (@Effect4.Machine.RunInterp.registerAsync.{0, 0} Effect4.Program.EffName Effect4.Program.EffThunk
          Effect4.Machine.Val Effect4.Machine.Err Effect4.Machine.Defect Effect4.FiberId Effect4.Machine.Ann
          Effect4.Machine.Ctx Effect4.Machine.Stores
          (Effect4.Prim.{0, 0} Effect4.Program.EffName Effect4.Program.EffThunk Effect4.Machine.Val Effect4.Machine.Err
            Effect4.Machine.Defect Effect4.FiberId Effect4.Machine.Ann)
          (Effect4.Program.interpAt p completed table) name fid token state)))
    (@List.nil.{0} Nat)
STATEMENT Effect4.Program.Guard.FrameOwned.M1Hooks.interruptAsCode_sites ∀ (p : Effect4.Program.NativeEff)
  (completed : List.{0} (Prod.{0, 0} Effect4.FiberId Effect4.Machine.ExitV)) (table : Effect4.Program.RowTable)
  (target who : Effect4.FiberId),
  @Eq.{1} (List.{0} Nat)
    (Effect4.Program.Guard.raceSites
      (@Effect4.Machine.RunInterp.interruptAsCode.{0, 0} Effect4.Program.EffName Effect4.Program.EffThunk
        Effect4.Machine.Val Effect4.Machine.Err Effect4.Machine.Defect Effect4.FiberId Effect4.Machine.Ann
        Effect4.Machine.Ctx Effect4.Machine.Stores
        (Effect4.Prim.{0, 0} Effect4.Program.EffName Effect4.Program.EffThunk Effect4.Machine.Val Effect4.Machine.Err
          Effect4.Machine.Defect Effect4.FiberId Effect4.Machine.Ann)
        (Effect4.Program.interpAt p completed table) target who))
    (@List.nil.{0} Nat)
STATEMENT Effect4.Program.Guard.FrameOwned.M1Hooks.interruptCode_sites ∀ (p : Effect4.Program.NativeEff)
  (completed : List.{0} (Prod.{0, 0} Effect4.FiberId Effect4.Machine.ExitV)) (table : Effect4.Program.RowTable)
  (target : Effect4.FiberId),
  @Eq.{1} (List.{0} Nat)
    (Effect4.Program.Guard.raceSites
      (@Effect4.Machine.RunInterp.interruptCode.{0, 0} Effect4.Program.EffName Effect4.Program.EffThunk
        Effect4.Machine.Val Effect4.Machine.Err Effect4.Machine.Defect Effect4.FiberId Effect4.Machine.Ann
        Effect4.Machine.Ctx Effect4.Machine.Stores
        (Effect4.Prim.{0, 0} Effect4.Program.EffName Effect4.Program.EffThunk Effect4.Machine.Val Effect4.Machine.Err
          Effect4.Machine.Defect Effect4.FiberId Effect4.Machine.Ann)
        (Effect4.Program.interpAt p completed table) target))
    (@List.nil.{0} Nat)
STATEMENT Effect4.Program.Guard.FrameOwned.M1Origin.beginRace_owned ∀ (p : Effect4.Program.NativeEff)
  (completed : List.{0} (Prod.{0, 0} Effect4.FiberId Effect4.Machine.ExitV)) (table : Effect4.Program.RowTable)
  (m : Effect4.Program.NativeMachine) (f : Effect4.Program.Guard.NFiber) (yielding : Bool)
  (entrants : List.{0} Effect4.Program.NCode),
  Effect4.Program.Guard.RaceIdsBelow m →
    Effect4.Program.Guard.FrameCodeOwned m f →
      ∀ (site : optParam.{1} (Option.{0} (List.{0} Nat)) (@Option.none.{0} (List.{0} Nat))),
        Effect4.Program.Guard.FrameCodeOwned
          (@Effect4.Machine.Iter.machine.{0, 0} Effect4.Program.EffName Effect4.Program.EffThunk Effect4.Machine.Val
            Effect4.Machine.Err Effect4.Machine.Defect Effect4.FiberId Effect4.Machine.Ann Effect4.Machine.Ctx
            Effect4.Machine.Stores
            (Effect4.Prim.{0, 0} Effect4.Program.EffName Effect4.Program.EffThunk Effect4.Machine.Val
              Effect4.Machine.Err Effect4.Machine.Defect Effect4.FiberId Effect4.Machine.Ann)
            (Effect4.FrameFiber.{0, 0} Effect4.Program.EffName Effect4.Program.EffThunk Effect4.Machine.Val
              Effect4.Machine.Err Effect4.Machine.Defect Effect4.FiberId Effect4.Machine.Ann)
            (Effect4.FrameEvent.{0, 0} Effect4.Program.EffName Effect4.Program.EffThunk Effect4.Machine.Val
              Effect4.Machine.Err Effect4.Machine.Defect Effect4.FiberId Effect4.Machine.Ann)
            (@Effect4.Machine.beginRace.{0, 0} Effect4.Program.EffName Effect4.Program.EffThunk Effect4.Machine.Val
              Effect4.Machine.Err Effect4.Machine.Defect Effect4.FiberId Effect4.Machine.Ann Effect4.Machine.Ctx
              Effect4.Machine.Stores
              (Effect4.Prim.{0, 0} Effect4.Program.EffName Effect4.Program.EffThunk Effect4.Machine.Val
                Effect4.Machine.Err Effect4.Machine.Defect Effect4.FiberId Effect4.Machine.Ann)
              (Effect4.FrameFiber.{0, 0} Effect4.Program.EffName Effect4.Program.EffThunk Effect4.Machine.Val
                Effect4.Machine.Err Effect4.Machine.Defect Effect4.FiberId Effect4.Machine.Ann)
              (Effect4.FrameEvent.{0, 0} Effect4.Program.EffName Effect4.Program.EffThunk Effect4.Machine.Val
                Effect4.Machine.Err Effect4.Machine.Defect Effect4.FiberId Effect4.Machine.Ann)
              (@Effect4.Machine.frameCore.{0, 0} Effect4.Program.EffName Effect4.Program.EffThunk Effect4.Machine.Val
                Effect4.Machine.Err Effect4.Machine.Defect Effect4.FiberId Effect4.Machine.Ann)
              (Effect4.Program.interpAt p completed table) m f yielding entrants site))
          (@Effect4.Machine.Iter.fiber.{0, 0} Effect4.Program.EffName Effect4.Program.EffThunk Effect4.Machine.Val
            Effect4.Machine.Err Effect4.Machine.Defect Effect4.FiberId Effect4.Machine.Ann Effect4.Machine.Ctx
            Effect4.Machine.Stores
            (Effect4.Prim.{0, 0} Effect4.Program.EffName Effect4.Program.EffThunk Effect4.Machine.Val
              Effect4.Machine.Err Effect4.Machine.Defect Effect4.FiberId Effect4.Machine.Ann)
            (Effect4.FrameFiber.{0, 0} Effect4.Program.EffName Effect4.Program.EffThunk Effect4.Machine.Val
              Effect4.Machine.Err Effect4.Machine.Defect Effect4.FiberId Effect4.Machine.Ann)
            (Effect4.FrameEvent.{0, 0} Effect4.Program.EffName Effect4.Program.EffThunk Effect4.Machine.Val
              Effect4.Machine.Err Effect4.Machine.Defect Effect4.FiberId Effect4.Machine.Ann)
            (@Effect4.Machine.beginRace.{0, 0} Effect4.Program.EffName Effect4.Program.EffThunk Effect4.Machine.Val
              Effect4.Machine.Err Effect4.Machine.Defect Effect4.FiberId Effect4.Machine.Ann Effect4.Machine.Ctx
              Effect4.Machine.Stores
              (Effect4.Prim.{0, 0} Effect4.Program.EffName Effect4.Program.EffThunk Effect4.Machine.Val
                Effect4.Machine.Err Effect4.Machine.Defect Effect4.FiberId Effect4.Machine.Ann)
              (Effect4.FrameFiber.{0, 0} Effect4.Program.EffName Effect4.Program.EffThunk Effect4.Machine.Val
                Effect4.Machine.Err Effect4.Machine.Defect Effect4.FiberId Effect4.Machine.Ann)
              (Effect4.FrameEvent.{0, 0} Effect4.Program.EffName Effect4.Program.EffThunk Effect4.Machine.Val
                Effect4.Machine.Err Effect4.Machine.Defect Effect4.FiberId Effect4.Machine.Ann)
              (@Effect4.Machine.frameCore.{0, 0} Effect4.Program.EffName Effect4.Program.EffThunk Effect4.Machine.Val
                Effect4.Machine.Err Effect4.Machine.Defect Effect4.FiberId Effect4.Machine.Ann)
              (Effect4.Program.interpAt p completed table) m f yielding entrants site))
STATEMENT Effect4.Program.Guard.FrameOwned.M1Results.closeScopeUnsafe_some_sites ∀ (scope : Nat)
  (exit : Effect4.Machine.ExitV) (mask : Bool) (state after : Effect4.Machine.Stores) (code : Effect4.Machine.Program),
  @Eq.{1} (Option.{0} (Prod.{0, 0} Effect4.Machine.Stores (Option.{0} Effect4.Machine.Program)))
      (Effect4.Machine.storesCloseScopeUnsafe scope exit mask state)
      (@Option.some.{0} (Prod.{0, 0} Effect4.Machine.Stores (Option.{0} Effect4.Machine.Program))
        (@Prod.mk.{0, 0} Effect4.Machine.Stores (Option.{0} Effect4.Machine.Program) after
          (@Option.some.{0} Effect4.Machine.Program code))) →
    @Eq.{1} (List.{0} Nat) (Effect4.Program.Guard.raceSites (Effect4.Program.embed code)) (@List.nil.{0} Nat)
STATEMENT Effect4.Program.Guard.FrameOwned.M1Results.countdownPark_result_owned ∀
  (interp : Effect4.Program.Guard.FrameOwned.NInterp) (m : Effect4.Program.NativeMachine)
  (f : Effect4.Program.Guard.NFiber) (targets : List.{0} Effect4.FiberId)
  (resumeWith : Effect4.Machine.Resume.{0} Effect4.Program.EffName) (failFast : Bool)
  (after : Effect4.Program.NativeMachine) (next : Effect4.Program.Guard.NFiber) (parked : Bool),
  Effect4.Program.Guard.FrameCodeOwned m f →
    @Eq.{1}
        (Prod.{0, 0}
          (Effect4.Machine.RunMachine.{0, 0} Effect4.Program.EffName Effect4.Program.EffThunk Effect4.Machine.Val
            Effect4.Machine.Err Effect4.Machine.Defect Effect4.FiberId Effect4.Machine.Ann Effect4.Machine.Ctx
            Effect4.Machine.Stores
            (Effect4.Prim.{0, 0} Effect4.Program.EffName Effect4.Program.EffThunk Effect4.Machine.Val
              Effect4.Machine.Err Effect4.Machine.Defect Effect4.FiberId Effect4.Machine.Ann)
            (Effect4.FrameFiber.{0, 0} Effect4.Program.EffName Effect4.Program.EffThunk Effect4.Machine.Val
              Effect4.Machine.Err Effect4.Machine.Defect Effect4.FiberId Effect4.Machine.Ann)
            (Effect4.FrameEvent.{0, 0} Effect4.Program.EffName Effect4.Program.EffThunk Effect4.Machine.Val
              Effect4.Machine.Err Effect4.Machine.Defect Effect4.FiberId Effect4.Machine.Ann))
          (Prod.{0, 0}
            (Effect4.Machine.RunFiber.{0, 0} Effect4.Program.EffName Effect4.Program.EffThunk Effect4.Machine.Val
              Effect4.Machine.Err Effect4.Machine.Defect Effect4.FiberId Effect4.Machine.Ann Effect4.Machine.Ctx
              (Effect4.Prim.{0, 0} Effect4.Program.EffName Effect4.Program.EffThunk Effect4.Machine.Val
                Effect4.Machine.Err Effect4.Machine.Defect Effect4.FiberId Effect4.Machine.Ann)
              (Effect4.FrameFiber.{0, 0} Effect4.Program.EffName Effect4.Program.EffThunk Effect4.Machine.Val
                Effect4.Machine.Err Effect4.Machine.Defect Effect4.FiberId Effect4.Machine.Ann))
            Bool))
        (@Effect4.Machine.countdownPark.{0, 0} Effect4.Program.EffName Effect4.Program.EffThunk Effect4.Machine.Val
          Effect4.Machine.Err Effect4.Machine.Defect Effect4.FiberId Effect4.Machine.Ann Effect4.Machine.Ctx
          Effect4.Machine.Stores
          (Effect4.Prim.{0, 0} Effect4.Program.EffName Effect4.Program.EffThunk Effect4.Machine.Val Effect4.Machine.Err
            Effect4.Machine.Defect Effect4.FiberId Effect4.Machine.Ann)
          (Effect4.FrameFiber.{0, 0} Effect4.Program.EffName Effect4.Program.EffThunk Effect4.Machine.Val
            Effect4.Machine.Err Effect4.Machine.Defect Effect4.FiberId Effect4.Machine.Ann)
          (Effect4.FrameEvent.{0, 0} Effect4.Program.EffName Effect4.Program.EffThunk Effect4.Machine.Val
            Effect4.Machine.Err Effect4.Machine.Defect Effect4.FiberId Effect4.Machine.Ann)
          (@Effect4.Machine.frameCore.{0, 0} Effect4.Program.EffName Effect4.Program.EffThunk Effect4.Machine.Val
            Effect4.Machine.Err Effect4.Machine.Defect Effect4.FiberId Effect4.Machine.Ann)
          interp m f targets resumeWith failFast)
        (@Prod.mk.{0, 0} Effect4.Program.NativeMachine (Prod.{0, 0} Effect4.Program.Guard.NFiber Bool) after
          (@Prod.mk.{0, 0} Effect4.Program.Guard.NFiber Bool next parked)) →
      Effect4.Program.Guard.FrameCodeOwned after next
STATEMENT Effect4.Program.Guard.M1.codeSites_dueResumes ∀ (p : Effect4.Program.NativeEff)
  (table : Effect4.Program.RowTable) (m : Effect4.Program.NativeMachine)
  (owed :
    Effect4.Machine.Owed.{0}
      (Effect4.Prim.{0, 0} Effect4.Program.EffName Effect4.Program.EffThunk Effect4.Machine.Val Effect4.Machine.Err
        Effect4.Machine.Defect Effect4.FiberId Effect4.Machine.Ann)),
  @Membership.mem.{0, 0}
      (Effect4.Machine.Owed.{0}
        (Effect4.Prim.{0, 0} Effect4.Program.EffName Effect4.Program.EffThunk Effect4.Machine.Val Effect4.Machine.Err
          Effect4.Machine.Defect Effect4.FiberId Effect4.Machine.Ann))
      (List.{0}
        (Effect4.Machine.Owed.{0}
          (Effect4.Prim.{0, 0} Effect4.Program.EffName Effect4.Program.EffThunk Effect4.Machine.Val Effect4.Machine.Err
            Effect4.Machine.Defect Effect4.FiberId Effect4.Machine.Ann)))
      (@List.instMembership.{0}
        (Effect4.Machine.Owed.{0}
          (Effect4.Prim.{0, 0} Effect4.Program.EffName Effect4.Program.EffThunk Effect4.Machine.Val Effect4.Machine.Err
            Effect4.Machine.Defect Effect4.FiberId Effect4.Machine.Ann)))
      (@Prod.fst.{0, 0}
        (List.{0}
          (Effect4.Machine.Owed.{0}
            (Effect4.Prim.{0, 0} Effect4.Program.EffName Effect4.Program.EffThunk Effect4.Machine.Val
              Effect4.Machine.Err Effect4.Machine.Defect Effect4.FiberId Effect4.Machine.Ann)))
        Effect4.Machine.Stores
        (@Effect4.Machine.RunInterp.dueResumes.{0, 0} Effect4.Program.EffName Effect4.Program.EffThunk
          Effect4.Machine.Val Effect4.Machine.Err Effect4.Machine.Defect Effect4.FiberId Effect4.Machine.Ann
          Effect4.Machine.Ctx Effect4.Machine.Stores
          (Effect4.Prim.{0, 0} Effect4.Program.EffName Effect4.Program.EffThunk Effect4.Machine.Val Effect4.Machine.Err
            Effect4.Machine.Defect Effect4.FiberId Effect4.Machine.Ann)
          (Effect4.Program.interpOf p table)
          (@Effect4.Machine.RunMachine.state.{0, 0} Effect4.Program.EffName Effect4.Program.EffThunk Effect4.Machine.Val
            Effect4.Machine.Err Effect4.Machine.Defect Effect4.FiberId Effect4.Machine.Ann Effect4.Machine.Ctx
            Effect4.Machine.Stores
            (Effect4.Prim.{0, 0} Effect4.Program.EffName Effect4.Program.EffThunk Effect4.Machine.Val
              Effect4.Machine.Err Effect4.Machine.Defect Effect4.FiberId Effect4.Machine.Ann)
            (Effect4.FrameFiber.{0, 0} Effect4.Program.EffName Effect4.Program.EffThunk Effect4.Machine.Val
              Effect4.Machine.Err Effect4.Machine.Defect Effect4.FiberId Effect4.Machine.Ann)
            (Effect4.FrameEvent.{0, 0} Effect4.Program.EffName Effect4.Program.EffThunk Effect4.Machine.Val
              Effect4.Machine.Err Effect4.Machine.Defect Effect4.FiberId Effect4.Machine.Ann)
            m)))
      owed →
    @Eq.{1} (List.{0} Nat)
      (Effect4.Program.Guard.raceSites
        (@Effect4.Machine.Owed.code.{0}
          (Effect4.Prim.{0, 0} Effect4.Program.EffName Effect4.Program.EffThunk Effect4.Machine.Val Effect4.Machine.Err
            Effect4.Machine.Defect Effect4.FiberId Effect4.Machine.Ann)
          owed))
      (@List.nil.{0} Nat)
STATEMENT Effect4.Program.Guard.M1.guardState_storeFresh ∀ {m : Effect4.Program.NativeMachine},
  Effect4.Program.Guard.GuardState m →
    ∀ (stores : Effect4.Machine.Stores) (fiber : Effect4.FiberId),
      @HasSubset.Subset.{0} (List.{0} Effect4.Program.Guard.GuardKey)
          (@List.instHasSubset.{0} Effect4.Program.Guard.GuardKey) (Effect4.Program.Guard.storeKeys stores)
          (@HAppend.hAppend.{0, 0, 0} (List.{0} Effect4.Program.Guard.GuardKey)
            (List.{0} (Prod.{0, 0} Effect4.FiberId Nat)) (List.{0} Effect4.Program.Guard.GuardKey)
            (@instHAppendOfAppend.{0} (List.{0} Effect4.Program.Guard.GuardKey)
              (@List.instAppend.{0} Effect4.Program.Guard.GuardKey))
            (Effect4.Program.Guard.storeKeys
              (@Effect4.Machine.RunMachine.state.{0, 0} Effect4.Program.EffName Effect4.Program.EffThunk
                Effect4.Machine.Val Effect4.Machine.Err Effect4.Machine.Defect Effect4.FiberId Effect4.Machine.Ann
                Effect4.Machine.Ctx Effect4.Machine.Stores
                (Effect4.Prim.{0, 0} Effect4.Program.EffName Effect4.Program.EffThunk Effect4.Machine.Val
                  Effect4.Machine.Err Effect4.Machine.Defect Effect4.FiberId Effect4.Machine.Ann)
                (Effect4.FrameFiber.{0, 0} Effect4.Program.EffName Effect4.Program.EffThunk Effect4.Machine.Val
                  Effect4.Machine.Err Effect4.Machine.Defect Effect4.FiberId Effect4.Machine.Ann)
                (Effect4.FrameEvent.{0, 0} Effect4.Program.EffName Effect4.Program.EffThunk Effect4.Machine.Val
                  Effect4.Machine.Err Effect4.Machine.Defect Effect4.FiberId Effect4.Machine.Ann)
                m))
            (@List.cons.{0} (Prod.{0, 0} Effect4.FiberId Nat)
              (@Prod.mk.{0, 0} Effect4.FiberId Nat fiber
                (@Effect4.Machine.RunMachine.nextToken.{0, 0} Effect4.Program.EffName Effect4.Program.EffThunk
                  Effect4.Machine.Val Effect4.Machine.Err Effect4.Machine.Defect Effect4.FiberId Effect4.Machine.Ann
                  Effect4.Machine.Ctx Effect4.Machine.Stores
                  (Effect4.Prim.{0, 0} Effect4.Program.EffName Effect4.Program.EffThunk Effect4.Machine.Val
                    Effect4.Machine.Err Effect4.Machine.Defect Effect4.FiberId Effect4.Machine.Ann)
                  (Effect4.FrameFiber.{0, 0} Effect4.Program.EffName Effect4.Program.EffThunk Effect4.Machine.Val
                    Effect4.Machine.Err Effect4.Machine.Defect Effect4.FiberId Effect4.Machine.Ann)
                  (Effect4.FrameEvent.{0, 0} Effect4.Program.EffName Effect4.Program.EffThunk Effect4.Machine.Val
                    Effect4.Machine.Err Effect4.Machine.Defect Effect4.FiberId Effect4.Machine.Ann)
                  m))
              (@List.nil.{0} (Prod.{0, 0} Effect4.FiberId Nat)))) →
        Effect4.Program.Guard.GuardState
          (@Effect4.Machine.RunMachine.mk.{0, 0} Effect4.Program.EffName Effect4.Program.EffThunk Effect4.Machine.Val
            Effect4.Machine.Err Effect4.Machine.Defect Effect4.FiberId Effect4.Machine.Ann Effect4.Machine.Ctx
            Effect4.Machine.Stores
            (Effect4.Prim.{0, 0} Effect4.Program.EffName Effect4.Program.EffThunk Effect4.Machine.Val
              Effect4.Machine.Err Effect4.Machine.Defect Effect4.FiberId Effect4.Machine.Ann)
            (Effect4.FrameFiber.{0, 0} Effect4.Program.EffName Effect4.Program.EffThunk Effect4.Machine.Val
              Effect4.Machine.Err Effect4.Machine.Defect Effect4.FiberId Effect4.Machine.Ann)
            (Effect4.FrameEvent.{0, 0} Effect4.Program.EffName Effect4.Program.EffThunk Effect4.Machine.Val
              Effect4.Machine.Err Effect4.Machine.Defect Effect4.FiberId Effect4.Machine.Ann)
            (@Effect4.Machine.RunMachine.fibers.{0, 0} Effect4.Program.EffName Effect4.Program.EffThunk
              Effect4.Machine.Val Effect4.Machine.Err Effect4.Machine.Defect Effect4.FiberId Effect4.Machine.Ann
              Effect4.Machine.Ctx Effect4.Machine.Stores
              (Effect4.Prim.{0, 0} Effect4.Program.EffName Effect4.Program.EffThunk Effect4.Machine.Val
                Effect4.Machine.Err Effect4.Machine.Defect Effect4.FiberId Effect4.Machine.Ann)
              (Effect4.FrameFiber.{0, 0} Effect4.Program.EffName Effect4.Program.EffThunk Effect4.Machine.Val
                Effect4.Machine.Err Effect4.Machine.Defect Effect4.FiberId Effect4.Machine.Ann)
              (Effect4.FrameEvent.{0, 0} Effect4.Program.EffName Effect4.Program.EffThunk Effect4.Machine.Val
                Effect4.Machine.Err Effect4.Machine.Defect Effect4.FiberId Effect4.Machine.Ann)
              m)
            (@Effect4.Machine.RunMachine.races.{0, 0} Effect4.Program.EffName Effect4.Program.EffThunk
              Effect4.Machine.Val Effect4.Machine.Err Effect4.Machine.Defect Effect4.FiberId Effect4.Machine.Ann
              Effect4.Machine.Ctx Effect4.Machine.Stores
              (Effect4.Prim.{0, 0} Effect4.Program.EffName Effect4.Program.EffThunk Effect4.Machine.Val
                Effect4.Machine.Err Effect4.Machine.Defect Effect4.FiberId Effect4.Machine.Ann)
              (Effect4.FrameFiber.{0, 0} Effect4.Program.EffName Effect4.Program.EffThunk Effect4.Machine.Val
                Effect4.Machine.Err Effect4.Machine.Defect Effect4.FiberId Effect4.Machine.Ann)
              (Effect4.FrameEvent.{0, 0} Effect4.Program.EffName Effect4.Program.EffThunk Effect4.Machine.Val
                Effect4.Machine.Err Effect4.Machine.Defect Effect4.FiberId Effect4.Machine.Ann)
              m)
            (@Effect4.Machine.RunMachine.nextId.{0, 0} Effect4.Program.EffName Effect4.Program.EffThunk
              Effect4.Machine.Val Effect4.Machine.Err Effect4.Machine.Defect Effect4.FiberId Effect4.Machine.Ann
              Effect4.Machine.Ctx Effect4.Machine.Stores
              (Effect4.Prim.{0, 0} Effect4.Program.EffName Effect4.Program.EffThunk Effect4.Machine.Val
                Effect4.Machine.Err Effect4.Machine.Defect Effect4.FiberId Effect4.Machine.Ann)
              (Effect4.FrameFiber.{0, 0} Effect4.Program.EffName Effect4.Program.EffThunk Effect4.Machine.Val
                Effect4.Machine.Err Effect4.Machine.Defect Effect4.FiberId Effect4.Machine.Ann)
              (Effect4.FrameEvent.{0, 0} Effect4.Program.EffName Effect4.Program.EffThunk Effect4.Machine.Val
                Effect4.Machine.Err Effect4.Machine.Defect Effect4.FiberId Effect4.Machine.Ann)
              m)
            (@HAdd.hAdd.{0, 0, 0} Nat Nat Nat (@instHAdd.{0} Nat instAddNat)
              (@Effect4.Machine.RunMachine.nextToken.{0, 0} Effect4.Program.EffName Effect4.Program.EffThunk
                Effect4.Machine.Val Effect4.Machine.Err Effect4.Machine.Defect Effect4.FiberId Effect4.Machine.Ann
                Effect4.Machine.Ctx Effect4.Machine.Stores
                (Effect4.Prim.{0, 0} Effect4.Program.EffName Effect4.Program.EffThunk Effect4.Machine.Val
                  Effect4.Machine.Err Effect4.Machine.Defect Effect4.FiberId Effect4.Machine.Ann)
                (Effect4.FrameFiber.{0, 0} Effect4.Program.EffName Effect4.Program.EffThunk Effect4.Machine.Val
                  Effect4.Machine.Err Effect4.Machine.Defect Effect4.FiberId Effect4.Machine.Ann)
                (Effect4.FrameEvent.{0, 0} Effect4.Program.EffName Effect4.Program.EffThunk Effect4.Machine.Val
                  Effect4.Machine.Err Effect4.Machine.Defect Effect4.FiberId Effect4.Machine.Ann)
                m)
              (@OfNat.ofNat.{0} Nat (nat_lit 1) (instOfNatNat (nat_lit 1))))
            (@Effect4.Machine.RunMachine.nextRace.{0, 0} Effect4.Program.EffName Effect4.Program.EffThunk
              Effect4.Machine.Val Effect4.Machine.Err Effect4.Machine.Defect Effect4.FiberId Effect4.Machine.Ann
              Effect4.Machine.Ctx Effect4.Machine.Stores
              (Effect4.Prim.{0, 0} Effect4.Program.EffName Effect4.Program.EffThunk Effect4.Machine.Val
                Effect4.Machine.Err Effect4.Machine.Defect Effect4.FiberId Effect4.Machine.Ann)
              (Effect4.FrameFiber.{0, 0} Effect4.Program.EffName Effect4.Program.EffThunk Effect4.Machine.Val
                Effect4.Machine.Err Effect4.Machine.Defect Effect4.FiberId Effect4.Machine.Ann)
              (Effect4.FrameEvent.{0, 0} Effect4.Program.EffName Effect4.Program.EffThunk Effect4.Machine.Val
                Effect4.Machine.Err Effect4.Machine.Defect Effect4.FiberId Effect4.Machine.Ann)
              m)
            (@Effect4.Machine.RunMachine.middlewareInstalled.{0, 0} Effect4.Program.EffName Effect4.Program.EffThunk
              Effect4.Machine.Val Effect4.Machine.Err Effect4.Machine.Defect Effect4.FiberId Effect4.Machine.Ann
              Effect4.Machine.Ctx Effect4.Machine.Stores
              (Effect4.Prim.{0, 0} Effect4.Program.EffName Effect4.Program.EffThunk Effect4.Machine.Val
                Effect4.Machine.Err Effect4.Machine.Defect Effect4.FiberId Effect4.Machine.Ann)
              (Effect4.FrameFiber.{0, 0} Effect4.Program.EffName Effect4.Program.EffThunk Effect4.Machine.Val
                Effect4.Machine.Err Effect4.Machine.Defect Effect4.FiberId Effect4.Machine.Ann)
              (Effect4.FrameEvent.{0, 0} Effect4.Program.EffName Effect4.Program.EffThunk Effect4.Machine.Val
                Effect4.Machine.Err Effect4.Machine.Defect Effect4.FiberId Effect4.Machine.Ann)
              m)
            (@Effect4.Machine.RunMachine.armed.{0, 0} Effect4.Program.EffName Effect4.Program.EffThunk
              Effect4.Machine.Val Effect4.Machine.Err Effect4.Machine.Defect Effect4.FiberId Effect4.Machine.Ann
              Effect4.Machine.Ctx Effect4.Machine.Stores
              (Effect4.Prim.{0, 0} Effect4.Program.EffName Effect4.Program.EffThunk Effect4.Machine.Val
                Effect4.Machine.Err Effect4.Machine.Defect Effect4.FiberId Effect4.Machine.Ann)
              (Effect4.FrameFiber.{0, 0} Effect4.Program.EffName Effect4.Program.EffThunk Effect4.Machine.Val
                Effect4.Machine.Err Effect4.Machine.Defect Effect4.FiberId Effect4.Machine.Ann)
              (Effect4.FrameEvent.{0, 0} Effect4.Program.EffName Effect4.Program.EffThunk Effect4.Machine.Val
                Effect4.Machine.Err Effect4.Machine.Defect Effect4.FiberId Effect4.Machine.Ann)
              m)
            stores
            (@Effect4.Machine.RunMachine.trace.{0, 0} Effect4.Program.EffName Effect4.Program.EffThunk
              Effect4.Machine.Val Effect4.Machine.Err Effect4.Machine.Defect Effect4.FiberId Effect4.Machine.Ann
              Effect4.Machine.Ctx Effect4.Machine.Stores
              (Effect4.Prim.{0, 0} Effect4.Program.EffName Effect4.Program.EffThunk Effect4.Machine.Val
                Effect4.Machine.Err Effect4.Machine.Defect Effect4.FiberId Effect4.Machine.Ann)
              (Effect4.FrameFiber.{0, 0} Effect4.Program.EffName Effect4.Program.EffThunk Effect4.Machine.Val
                Effect4.Machine.Err Effect4.Machine.Defect Effect4.FiberId Effect4.Machine.Ann)
              (Effect4.FrameEvent.{0, 0} Effect4.Program.EffName Effect4.Program.EffThunk Effect4.Machine.Val
                Effect4.Machine.Err Effect4.Machine.Defect Effect4.FiberId Effect4.Machine.Ann)
              m)
            (@Effect4.Machine.RunMachine.stuck.{0, 0} Effect4.Program.EffName Effect4.Program.EffThunk
              Effect4.Machine.Val Effect4.Machine.Err Effect4.Machine.Defect Effect4.FiberId Effect4.Machine.Ann
              Effect4.Machine.Ctx Effect4.Machine.Stores
              (Effect4.Prim.{0, 0} Effect4.Program.EffName Effect4.Program.EffThunk Effect4.Machine.Val
                Effect4.Machine.Err Effect4.Machine.Defect Effect4.FiberId Effect4.Machine.Ann)
              (Effect4.FrameFiber.{0, 0} Effect4.Program.EffName Effect4.Program.EffThunk Effect4.Machine.Val
                Effect4.Machine.Err Effect4.Machine.Defect Effect4.FiberId Effect4.Machine.Ann)
              (Effect4.FrameEvent.{0, 0} Effect4.Program.EffName Effect4.Program.EffThunk Effect4.Machine.Val
                Effect4.Machine.Err Effect4.Machine.Defect Effect4.FiberId Effect4.Machine.Ann)
              m))
STATEMENT Effect4.Program.Guard.M1.guardState_withState ∀ {m : Effect4.Program.NativeMachine},
  Effect4.Program.Guard.GuardState m →
    ∀ (stores : Effect4.Machine.Stores),
      @HasSubset.Subset.{0} (List.{0} Effect4.Program.Guard.GuardKey)
          (@List.instHasSubset.{0} Effect4.Program.Guard.GuardKey) (Effect4.Program.Guard.storeKeys stores)
          (Effect4.Program.Guard.storeKeys
            (@Effect4.Machine.RunMachine.state.{0, 0} Effect4.Program.EffName Effect4.Program.EffThunk
              Effect4.Machine.Val Effect4.Machine.Err Effect4.Machine.Defect Effect4.FiberId Effect4.Machine.Ann
              Effect4.Machine.Ctx Effect4.Machine.Stores
              (Effect4.Prim.{0, 0} Effect4.Program.EffName Effect4.Program.EffThunk Effect4.Machine.Val
                Effect4.Machine.Err Effect4.Machine.Defect Effect4.FiberId Effect4.Machine.Ann)
              (Effect4.FrameFiber.{0, 0} Effect4.Program.EffName Effect4.Program.EffThunk Effect4.Machine.Val
                Effect4.Machine.Err Effect4.Machine.Defect Effect4.FiberId Effect4.Machine.Ann)
              (Effect4.FrameEvent.{0, 0} Effect4.Program.EffName Effect4.Program.EffThunk Effect4.Machine.Val
                Effect4.Machine.Err Effect4.Machine.Defect Effect4.FiberId Effect4.Machine.Ann)
              m)) →
        Effect4.Program.Guard.GuardState
          (@Effect4.Machine.RunMachine.mk.{0, 0} Effect4.Program.EffName Effect4.Program.EffThunk Effect4.Machine.Val
            Effect4.Machine.Err Effect4.Machine.Defect Effect4.FiberId Effect4.Machine.Ann Effect4.Machine.Ctx
            Effect4.Machine.Stores
            (Effect4.Prim.{0, 0} Effect4.Program.EffName Effect4.Program.EffThunk Effect4.Machine.Val
              Effect4.Machine.Err Effect4.Machine.Defect Effect4.FiberId Effect4.Machine.Ann)
            (Effect4.FrameFiber.{0, 0} Effect4.Program.EffName Effect4.Program.EffThunk Effect4.Machine.Val
              Effect4.Machine.Err Effect4.Machine.Defect Effect4.FiberId Effect4.Machine.Ann)
            (Effect4.FrameEvent.{0, 0} Effect4.Program.EffName Effect4.Program.EffThunk Effect4.Machine.Val
              Effect4.Machine.Err Effect4.Machine.Defect Effect4.FiberId Effect4.Machine.Ann)
            (@Effect4.Machine.RunMachine.fibers.{0, 0} Effect4.Program.EffName Effect4.Program.EffThunk
              Effect4.Machine.Val Effect4.Machine.Err Effect4.Machine.Defect Effect4.FiberId Effect4.Machine.Ann
              Effect4.Machine.Ctx Effect4.Machine.Stores
              (Effect4.Prim.{0, 0} Effect4.Program.EffName Effect4.Program.EffThunk Effect4.Machine.Val
                Effect4.Machine.Err Effect4.Machine.Defect Effect4.FiberId Effect4.Machine.Ann)
              (Effect4.FrameFiber.{0, 0} Effect4.Program.EffName Effect4.Program.EffThunk Effect4.Machine.Val
                Effect4.Machine.Err Effect4.Machine.Defect Effect4.FiberId Effect4.Machine.Ann)
              (Effect4.FrameEvent.{0, 0} Effect4.Program.EffName Effect4.Program.EffThunk Effect4.Machine.Val
                Effect4.Machine.Err Effect4.Machine.Defect Effect4.FiberId Effect4.Machine.Ann)
              m)
            (@Effect4.Machine.RunMachine.races.{0, 0} Effect4.Program.EffName Effect4.Program.EffThunk
              Effect4.Machine.Val Effect4.Machine.Err Effect4.Machine.Defect Effect4.FiberId Effect4.Machine.Ann
              Effect4.Machine.Ctx Effect4.Machine.Stores
              (Effect4.Prim.{0, 0} Effect4.Program.EffName Effect4.Program.EffThunk Effect4.Machine.Val
                Effect4.Machine.Err Effect4.Machine.Defect Effect4.FiberId Effect4.Machine.Ann)
              (Effect4.FrameFiber.{0, 0} Effect4.Program.EffName Effect4.Program.EffThunk Effect4.Machine.Val
                Effect4.Machine.Err Effect4.Machine.Defect Effect4.FiberId Effect4.Machine.Ann)
              (Effect4.FrameEvent.{0, 0} Effect4.Program.EffName Effect4.Program.EffThunk Effect4.Machine.Val
                Effect4.Machine.Err Effect4.Machine.Defect Effect4.FiberId Effect4.Machine.Ann)
              m)
            (@Effect4.Machine.RunMachine.nextId.{0, 0} Effect4.Program.EffName Effect4.Program.EffThunk
              Effect4.Machine.Val Effect4.Machine.Err Effect4.Machine.Defect Effect4.FiberId Effect4.Machine.Ann
              Effect4.Machine.Ctx Effect4.Machine.Stores
              (Effect4.Prim.{0, 0} Effect4.Program.EffName Effect4.Program.EffThunk Effect4.Machine.Val
                Effect4.Machine.Err Effect4.Machine.Defect Effect4.FiberId Effect4.Machine.Ann)
              (Effect4.FrameFiber.{0, 0} Effect4.Program.EffName Effect4.Program.EffThunk Effect4.Machine.Val
                Effect4.Machine.Err Effect4.Machine.Defect Effect4.FiberId Effect4.Machine.Ann)
              (Effect4.FrameEvent.{0, 0} Effect4.Program.EffName Effect4.Program.EffThunk Effect4.Machine.Val
                Effect4.Machine.Err Effect4.Machine.Defect Effect4.FiberId Effect4.Machine.Ann)
              m)
            (@Effect4.Machine.RunMachine.nextToken.{0, 0} Effect4.Program.EffName Effect4.Program.EffThunk
              Effect4.Machine.Val Effect4.Machine.Err Effect4.Machine.Defect Effect4.FiberId Effect4.Machine.Ann
              Effect4.Machine.Ctx Effect4.Machine.Stores
              (Effect4.Prim.{0, 0} Effect4.Program.EffName Effect4.Program.EffThunk Effect4.Machine.Val
                Effect4.Machine.Err Effect4.Machine.Defect Effect4.FiberId Effect4.Machine.Ann)
              (Effect4.FrameFiber.{0, 0} Effect4.Program.EffName Effect4.Program.EffThunk Effect4.Machine.Val
                Effect4.Machine.Err Effect4.Machine.Defect Effect4.FiberId Effect4.Machine.Ann)
              (Effect4.FrameEvent.{0, 0} Effect4.Program.EffName Effect4.Program.EffThunk Effect4.Machine.Val
                Effect4.Machine.Err Effect4.Machine.Defect Effect4.FiberId Effect4.Machine.Ann)
              m)
            (@Effect4.Machine.RunMachine.nextRace.{0, 0} Effect4.Program.EffName Effect4.Program.EffThunk
              Effect4.Machine.Val Effect4.Machine.Err Effect4.Machine.Defect Effect4.FiberId Effect4.Machine.Ann
              Effect4.Machine.Ctx Effect4.Machine.Stores
              (Effect4.Prim.{0, 0} Effect4.Program.EffName Effect4.Program.EffThunk Effect4.Machine.Val
                Effect4.Machine.Err Effect4.Machine.Defect Effect4.FiberId Effect4.Machine.Ann)
              (Effect4.FrameFiber.{0, 0} Effect4.Program.EffName Effect4.Program.EffThunk Effect4.Machine.Val
                Effect4.Machine.Err Effect4.Machine.Defect Effect4.FiberId Effect4.Machine.Ann)
              (Effect4.FrameEvent.{0, 0} Effect4.Program.EffName Effect4.Program.EffThunk Effect4.Machine.Val
                Effect4.Machine.Err Effect4.Machine.Defect Effect4.FiberId Effect4.Machine.Ann)
              m)
            (@Effect4.Machine.RunMachine.middlewareInstalled.{0, 0} Effect4.Program.EffName Effect4.Program.EffThunk
              Effect4.Machine.Val Effect4.Machine.Err Effect4.Machine.Defect Effect4.FiberId Effect4.Machine.Ann
              Effect4.Machine.Ctx Effect4.Machine.Stores
              (Effect4.Prim.{0, 0} Effect4.Program.EffName Effect4.Program.EffThunk Effect4.Machine.Val
                Effect4.Machine.Err Effect4.Machine.Defect Effect4.FiberId Effect4.Machine.Ann)
              (Effect4.FrameFiber.{0, 0} Effect4.Program.EffName Effect4.Program.EffThunk Effect4.Machine.Val
                Effect4.Machine.Err Effect4.Machine.Defect Effect4.FiberId Effect4.Machine.Ann)
              (Effect4.FrameEvent.{0, 0} Effect4.Program.EffName Effect4.Program.EffThunk Effect4.Machine.Val
                Effect4.Machine.Err Effect4.Machine.Defect Effect4.FiberId Effect4.Machine.Ann)
              m)
            (@Effect4.Machine.RunMachine.armed.{0, 0} Effect4.Program.EffName Effect4.Program.EffThunk
              Effect4.Machine.Val Effect4.Machine.Err Effect4.Machine.Defect Effect4.FiberId Effect4.Machine.Ann
              Effect4.Machine.Ctx Effect4.Machine.Stores
              (Effect4.Prim.{0, 0} Effect4.Program.EffName Effect4.Program.EffThunk Effect4.Machine.Val
                Effect4.Machine.Err Effect4.Machine.Defect Effect4.FiberId Effect4.Machine.Ann)
              (Effect4.FrameFiber.{0, 0} Effect4.Program.EffName Effect4.Program.EffThunk Effect4.Machine.Val
                Effect4.Machine.Err Effect4.Machine.Defect Effect4.FiberId Effect4.Machine.Ann)
              (Effect4.FrameEvent.{0, 0} Effect4.Program.EffName Effect4.Program.EffThunk Effect4.Machine.Val
                Effect4.Machine.Err Effect4.Machine.Defect Effect4.FiberId Effect4.Machine.Ann)
              m)
            stores
            (@Effect4.Machine.RunMachine.trace.{0, 0} Effect4.Program.EffName Effect4.Program.EffThunk
              Effect4.Machine.Val Effect4.Machine.Err Effect4.Machine.Defect Effect4.FiberId Effect4.Machine.Ann
              Effect4.Machine.Ctx Effect4.Machine.Stores
              (Effect4.Prim.{0, 0} Effect4.Program.EffName Effect4.Program.EffThunk Effect4.Machine.Val
                Effect4.Machine.Err Effect4.Machine.Defect Effect4.FiberId Effect4.Machine.Ann)
              (Effect4.FrameFiber.{0, 0} Effect4.Program.EffName Effect4.Program.EffThunk Effect4.Machine.Val
                Effect4.Machine.Err Effect4.Machine.Defect Effect4.FiberId Effect4.Machine.Ann)
              (Effect4.FrameEvent.{0, 0} Effect4.Program.EffName Effect4.Program.EffThunk Effect4.Machine.Val
                Effect4.Machine.Err Effect4.Machine.Defect Effect4.FiberId Effect4.Machine.Ann)
              m)
            (@Effect4.Machine.RunMachine.stuck.{0, 0} Effect4.Program.EffName Effect4.Program.EffThunk
              Effect4.Machine.Val Effect4.Machine.Err Effect4.Machine.Defect Effect4.FiberId Effect4.Machine.Ann
              Effect4.Machine.Ctx Effect4.Machine.Stores
              (Effect4.Prim.{0, 0} Effect4.Program.EffName Effect4.Program.EffThunk Effect4.Machine.Val
                Effect4.Machine.Err Effect4.Machine.Defect Effect4.FiberId Effect4.Machine.Ann)
              (Effect4.FrameFiber.{0, 0} Effect4.Program.EffName Effect4.Program.EffThunk Effect4.Machine.Val
                Effect4.Machine.Err Effect4.Machine.Defect Effect4.FiberId Effect4.Machine.Ann)
              (Effect4.FrameEvent.{0, 0} Effect4.Program.EffName Effect4.Program.EffThunk Effect4.Machine.Val
                Effect4.Machine.Err Effect4.Machine.Defect Effect4.FiberId Effect4.Machine.Ann)
              m))
STATEMENT Effect4.Program.Guard.M1.guardState_withStoreKeys ∀ {m : Effect4.Program.NativeMachine},
  Effect4.Program.Guard.GuardState m →
    ∀ (stores : Effect4.Machine.Stores),
      Effect4.Program.Guard.ReservedKeys m (Effect4.Program.Guard.storeKeys stores) →
        Effect4.Program.Guard.GuardState
          (@Effect4.Machine.RunMachine.mk.{0, 0} Effect4.Program.EffName Effect4.Program.EffThunk Effect4.Machine.Val
            Effect4.Machine.Err Effect4.Machine.Defect Effect4.FiberId Effect4.Machine.Ann Effect4.Machine.Ctx
            Effect4.Machine.Stores
            (Effect4.Prim.{0, 0} Effect4.Program.EffName Effect4.Program.EffThunk Effect4.Machine.Val
              Effect4.Machine.Err Effect4.Machine.Defect Effect4.FiberId Effect4.Machine.Ann)
            (Effect4.FrameFiber.{0, 0} Effect4.Program.EffName Effect4.Program.EffThunk Effect4.Machine.Val
              Effect4.Machine.Err Effect4.Machine.Defect Effect4.FiberId Effect4.Machine.Ann)
            (Effect4.FrameEvent.{0, 0} Effect4.Program.EffName Effect4.Program.EffThunk Effect4.Machine.Val
              Effect4.Machine.Err Effect4.Machine.Defect Effect4.FiberId Effect4.Machine.Ann)
            (@Effect4.Machine.RunMachine.fibers.{0, 0} Effect4.Program.EffName Effect4.Program.EffThunk
              Effect4.Machine.Val Effect4.Machine.Err Effect4.Machine.Defect Effect4.FiberId Effect4.Machine.Ann
              Effect4.Machine.Ctx Effect4.Machine.Stores
              (Effect4.Prim.{0, 0} Effect4.Program.EffName Effect4.Program.EffThunk Effect4.Machine.Val
                Effect4.Machine.Err Effect4.Machine.Defect Effect4.FiberId Effect4.Machine.Ann)
              (Effect4.FrameFiber.{0, 0} Effect4.Program.EffName Effect4.Program.EffThunk Effect4.Machine.Val
                Effect4.Machine.Err Effect4.Machine.Defect Effect4.FiberId Effect4.Machine.Ann)
              (Effect4.FrameEvent.{0, 0} Effect4.Program.EffName Effect4.Program.EffThunk Effect4.Machine.Val
                Effect4.Machine.Err Effect4.Machine.Defect Effect4.FiberId Effect4.Machine.Ann)
              m)
            (@Effect4.Machine.RunMachine.races.{0, 0} Effect4.Program.EffName Effect4.Program.EffThunk
              Effect4.Machine.Val Effect4.Machine.Err Effect4.Machine.Defect Effect4.FiberId Effect4.Machine.Ann
              Effect4.Machine.Ctx Effect4.Machine.Stores
              (Effect4.Prim.{0, 0} Effect4.Program.EffName Effect4.Program.EffThunk Effect4.Machine.Val
                Effect4.Machine.Err Effect4.Machine.Defect Effect4.FiberId Effect4.Machine.Ann)
              (Effect4.FrameFiber.{0, 0} Effect4.Program.EffName Effect4.Program.EffThunk Effect4.Machine.Val
                Effect4.Machine.Err Effect4.Machine.Defect Effect4.FiberId Effect4.Machine.Ann)
              (Effect4.FrameEvent.{0, 0} Effect4.Program.EffName Effect4.Program.EffThunk Effect4.Machine.Val
                Effect4.Machine.Err Effect4.Machine.Defect Effect4.FiberId Effect4.Machine.Ann)
              m)
            (@Effect4.Machine.RunMachine.nextId.{0, 0} Effect4.Program.EffName Effect4.Program.EffThunk
              Effect4.Machine.Val Effect4.Machine.Err Effect4.Machine.Defect Effect4.FiberId Effect4.Machine.Ann
              Effect4.Machine.Ctx Effect4.Machine.Stores
              (Effect4.Prim.{0, 0} Effect4.Program.EffName Effect4.Program.EffThunk Effect4.Machine.Val
                Effect4.Machine.Err Effect4.Machine.Defect Effect4.FiberId Effect4.Machine.Ann)
              (Effect4.FrameFiber.{0, 0} Effect4.Program.EffName Effect4.Program.EffThunk Effect4.Machine.Val
                Effect4.Machine.Err Effect4.Machine.Defect Effect4.FiberId Effect4.Machine.Ann)
              (Effect4.FrameEvent.{0, 0} Effect4.Program.EffName Effect4.Program.EffThunk Effect4.Machine.Val
                Effect4.Machine.Err Effect4.Machine.Defect Effect4.FiberId Effect4.Machine.Ann)
              m)
            (@Effect4.Machine.RunMachine.nextToken.{0, 0} Effect4.Program.EffName Effect4.Program.EffThunk
              Effect4.Machine.Val Effect4.Machine.Err Effect4.Machine.Defect Effect4.FiberId Effect4.Machine.Ann
              Effect4.Machine.Ctx Effect4.Machine.Stores
              (Effect4.Prim.{0, 0} Effect4.Program.EffName Effect4.Program.EffThunk Effect4.Machine.Val
                Effect4.Machine.Err Effect4.Machine.Defect Effect4.FiberId Effect4.Machine.Ann)
              (Effect4.FrameFiber.{0, 0} Effect4.Program.EffName Effect4.Program.EffThunk Effect4.Machine.Val
                Effect4.Machine.Err Effect4.Machine.Defect Effect4.FiberId Effect4.Machine.Ann)
              (Effect4.FrameEvent.{0, 0} Effect4.Program.EffName Effect4.Program.EffThunk Effect4.Machine.Val
                Effect4.Machine.Err Effect4.Machine.Defect Effect4.FiberId Effect4.Machine.Ann)
              m)
            (@Effect4.Machine.RunMachine.nextRace.{0, 0} Effect4.Program.EffName Effect4.Program.EffThunk
              Effect4.Machine.Val Effect4.Machine.Err Effect4.Machine.Defect Effect4.FiberId Effect4.Machine.Ann
              Effect4.Machine.Ctx Effect4.Machine.Stores
              (Effect4.Prim.{0, 0} Effect4.Program.EffName Effect4.Program.EffThunk Effect4.Machine.Val
                Effect4.Machine.Err Effect4.Machine.Defect Effect4.FiberId Effect4.Machine.Ann)
              (Effect4.FrameFiber.{0, 0} Effect4.Program.EffName Effect4.Program.EffThunk Effect4.Machine.Val
                Effect4.Machine.Err Effect4.Machine.Defect Effect4.FiberId Effect4.Machine.Ann)
              (Effect4.FrameEvent.{0, 0} Effect4.Program.EffName Effect4.Program.EffThunk Effect4.Machine.Val
                Effect4.Machine.Err Effect4.Machine.Defect Effect4.FiberId Effect4.Machine.Ann)
              m)
            (@Effect4.Machine.RunMachine.middlewareInstalled.{0, 0} Effect4.Program.EffName Effect4.Program.EffThunk
              Effect4.Machine.Val Effect4.Machine.Err Effect4.Machine.Defect Effect4.FiberId Effect4.Machine.Ann
              Effect4.Machine.Ctx Effect4.Machine.Stores
              (Effect4.Prim.{0, 0} Effect4.Program.EffName Effect4.Program.EffThunk Effect4.Machine.Val
                Effect4.Machine.Err Effect4.Machine.Defect Effect4.FiberId Effect4.Machine.Ann)
              (Effect4.FrameFiber.{0, 0} Effect4.Program.EffName Effect4.Program.EffThunk Effect4.Machine.Val
                Effect4.Machine.Err Effect4.Machine.Defect Effect4.FiberId Effect4.Machine.Ann)
              (Effect4.FrameEvent.{0, 0} Effect4.Program.EffName Effect4.Program.EffThunk Effect4.Machine.Val
                Effect4.Machine.Err Effect4.Machine.Defect Effect4.FiberId Effect4.Machine.Ann)
              m)
            (@Effect4.Machine.RunMachine.armed.{0, 0} Effect4.Program.EffName Effect4.Program.EffThunk
              Effect4.Machine.Val Effect4.Machine.Err Effect4.Machine.Defect Effect4.FiberId Effect4.Machine.Ann
              Effect4.Machine.Ctx Effect4.Machine.Stores
              (Effect4.Prim.{0, 0} Effect4.Program.EffName Effect4.Program.EffThunk Effect4.Machine.Val
                Effect4.Machine.Err Effect4.Machine.Defect Effect4.FiberId Effect4.Machine.Ann)
              (Effect4.FrameFiber.{0, 0} Effect4.Program.EffName Effect4.Program.EffThunk Effect4.Machine.Val
                Effect4.Machine.Err Effect4.Machine.Defect Effect4.FiberId Effect4.Machine.Ann)
              (Effect4.FrameEvent.{0, 0} Effect4.Program.EffName Effect4.Program.EffThunk Effect4.Machine.Val
                Effect4.Machine.Err Effect4.Machine.Defect Effect4.FiberId Effect4.Machine.Ann)
              m)
            stores
            (@Effect4.Machine.RunMachine.trace.{0, 0} Effect4.Program.EffName Effect4.Program.EffThunk
              Effect4.Machine.Val Effect4.Machine.Err Effect4.Machine.Defect Effect4.FiberId Effect4.Machine.Ann
              Effect4.Machine.Ctx Effect4.Machine.Stores
              (Effect4.Prim.{0, 0} Effect4.Program.EffName Effect4.Program.EffThunk Effect4.Machine.Val
                Effect4.Machine.Err Effect4.Machine.Defect Effect4.FiberId Effect4.Machine.Ann)
              (Effect4.FrameFiber.{0, 0} Effect4.Program.EffName Effect4.Program.EffThunk Effect4.Machine.Val
                Effect4.Machine.Err Effect4.Machine.Defect Effect4.FiberId Effect4.Machine.Ann)
              (Effect4.FrameEvent.{0, 0} Effect4.Program.EffName Effect4.Program.EffThunk Effect4.Machine.Val
                Effect4.Machine.Err Effect4.Machine.Defect Effect4.FiberId Effect4.Machine.Ann)
              m)
            (@Effect4.Machine.RunMachine.stuck.{0, 0} Effect4.Program.EffName Effect4.Program.EffThunk
              Effect4.Machine.Val Effect4.Machine.Err Effect4.Machine.Defect Effect4.FiberId Effect4.Machine.Ann
              Effect4.Machine.Ctx Effect4.Machine.Stores
              (Effect4.Prim.{0, 0} Effect4.Program.EffName Effect4.Program.EffThunk Effect4.Machine.Val
                Effect4.Machine.Err Effect4.Machine.Defect Effect4.FiberId Effect4.Machine.Ann)
              (Effect4.FrameFiber.{0, 0} Effect4.Program.EffName Effect4.Program.EffThunk Effect4.Machine.Val
                Effect4.Machine.Err Effect4.Machine.Defect Effect4.FiberId Effect4.Machine.Ann)
              (Effect4.FrameEvent.{0, 0} Effect4.Program.EffName Effect4.Program.EffThunk Effect4.Machine.Val
                Effect4.Machine.Err Effect4.Machine.Defect Effect4.FiberId Effect4.Machine.Ann)
              m))
STATEMENT Effect4.Program.Guard.M1Clock.clock_resume_not_external_key ∀ (p : Effect4.Program.NativeEff)
  (table : Effect4.Program.RowTable) (m : Effect4.Program.NativeMachine) (fiber : Effect4.FiberId) (token : Nat)
  (millis : Effect4.ClockMillis) (request : Prod.{0, 0} Effect4.Program.NativeOp Effect4.Machine.Val),
  Effect4.Program.Guard.RequestsOwned m →
    @Eq.{1} (Option.{0} (Prod.{0, 0} Effect4.Program.NativeOp Effect4.Machine.Val))
        (Effect4.Program.requestOf m fiber token)
        (@Option.some.{0} (Prod.{0, 0} Effect4.Program.NativeOp Effect4.Machine.Val) request) →
      ∀ (owed : Effect4.Machine.Owed.{0} Effect4.Program.NCode),
        @Eq.{1}
            (Option.{0}
              (Effect4.Machine.Owed.{0}
                (Effect4.Prim.{0, 0} Effect4.Program.EffName Effect4.Program.EffThunk Effect4.Machine.Val
                  Effect4.Machine.Err Effect4.Machine.Defect Effect4.FiberId Effect4.Machine.Ann)))
            (@Prod.fst.{0, 0}
              (Option.{0}
                (Effect4.Machine.Owed.{0}
                  (Effect4.Prim.{0, 0} Effect4.Program.EffName Effect4.Program.EffThunk Effect4.Machine.Val
                    Effect4.Machine.Err Effect4.Machine.Defect Effect4.FiberId Effect4.Machine.Ann)))
              Effect4.Machine.Stores
              (@Effect4.Machine.RunInterp.clockStep.{0, 0} Effect4.Program.EffName Effect4.Program.EffThunk
                Effect4.Machine.Val Effect4.Machine.Err Effect4.Machine.Defect Effect4.FiberId Effect4.Machine.Ann
                Effect4.Machine.Ctx Effect4.Machine.Stores
                (Effect4.Prim.{0, 0} Effect4.Program.EffName Effect4.Program.EffThunk Effect4.Machine.Val
                  Effect4.Machine.Err Effect4.Machine.Defect Effect4.FiberId Effect4.Machine.Ann)
                (Effect4.Program.interpOf p table) millis
                (@Effect4.Machine.RunMachine.state.{0, 0} Effect4.Program.EffName Effect4.Program.EffThunk
                  Effect4.Machine.Val Effect4.Machine.Err Effect4.Machine.Defect Effect4.FiberId Effect4.Machine.Ann
                  Effect4.Machine.Ctx Effect4.Machine.Stores
                  (Effect4.Prim.{0, 0} Effect4.Program.EffName Effect4.Program.EffThunk Effect4.Machine.Val
                    Effect4.Machine.Err Effect4.Machine.Defect Effect4.FiberId Effect4.Machine.Ann)
                  (Effect4.FrameFiber.{0, 0} Effect4.Program.EffName Effect4.Program.EffThunk Effect4.Machine.Val
                    Effect4.Machine.Err Effect4.Machine.Defect Effect4.FiberId Effect4.Machine.Ann)
                  (Effect4.FrameEvent.{0, 0} Effect4.Program.EffName Effect4.Program.EffThunk Effect4.Machine.Val
                    Effect4.Machine.Err Effect4.Machine.Defect Effect4.FiberId Effect4.Machine.Ann)
                  m)))
            (@Option.some.{0} (Effect4.Machine.Owed.{0} Effect4.Program.NCode) owed) →
          Or (@Ne.{1} Effect4.FiberId (@Effect4.Machine.Owed.waiter.{0} Effect4.Program.NCode owed) fiber)
            (@Ne.{1} Nat (@Effect4.Machine.Owed.token.{0} Effect4.Program.NCode owed) token)
STATEMENT Effect4.Program.Guard.M1Clock.requestOf_advance_zero ∀ (p : Effect4.Program.NativeEff)
  (table : Effect4.Program.RowTable) (m : Effect4.Program.NativeMachine) (fiber : Effect4.FiberId) (token : Nat)
  (millis : Effect4.ClockMillis),
  @Eq.{1} (Option.{0} (Prod.{0, 0} Effect4.Program.NativeOp Effect4.Machine.Val))
    (Effect4.Program.requestOf
      (Effect4.Program.steppedBy p (@OfNat.ofNat.{0} Nat (nat_lit 0) (instOfNatNat (nat_lit 0))) table m
        (@Effect4.Machine.RunDecision.advance.{0, 0} Effect4.Program.EffName Effect4.Program.EffThunk
          Effect4.Machine.Val Effect4.Machine.Err Effect4.Machine.Defect Effect4.FiberId Effect4.Machine.Ann millis))
      fiber token)
    (Effect4.Program.requestOf m fiber token)
STATEMENT Effect4.Program.Guard.M1Clock.timer_clockStep_key ∀ {κ : Type} (timers : Effect4.Machine.TimerStore)
  (millis : Effect4.ClockMillis) (answer : κ) (owed : Effect4.Machine.Owed.{0} κ),
  @Eq.{1} (Option.{0} (Effect4.Machine.Owed.{0} κ))
      (@Prod.fst.{0, 0} (Option.{0} (Effect4.Machine.Owed.{0} κ)) Effect4.Machine.TimerStore
        (@Effect4.Machine.TimerStore.clockStep.{0} κ timers millis answer))
      (@Option.some.{0} (Effect4.Machine.Owed.{0} κ) owed) →
    @Membership.mem.{0, 0} (Prod.{0, 0} Effect4.FiberId Nat) (List.{0} Effect4.Program.Guard.GuardKey)
      (@List.instMembership.{0} Effect4.Program.Guard.GuardKey)
      (@Effect4.Program.Guard.wakeKeys Effect4.ClockMillis timers.wake)
      (@Prod.mk.{0, 0} Effect4.FiberId Nat (@Effect4.Machine.Owed.waiter.{0} κ owed)
        (@Effect4.Machine.Owed.token.{0} κ owed))
STATEMENT Effect4.Program.Guard.M1Clock.timer_fireNext_key ∀ {κ : Type} (timers : Effect4.Machine.TimerStore)
  (target : Effect4.ClockMillis) (answer : κ) (owed : Effect4.Machine.Owed.{0} κ),
  @Eq.{1} (Option.{0} (Effect4.Machine.Owed.{0} κ))
      (@Prod.fst.{0, 0} (Option.{0} (Effect4.Machine.Owed.{0} κ)) Effect4.Machine.TimerStore
        (@Effect4.Machine.TimerStore.fireNext.{0} κ timers target answer))
      (@Option.some.{0} (Effect4.Machine.Owed.{0} κ) owed) →
    @Membership.mem.{0, 0} (Prod.{0, 0} Effect4.FiberId Nat) (List.{0} Effect4.Program.Guard.GuardKey)
      (@List.instMembership.{0} Effect4.Program.Guard.GuardKey)
      (@Effect4.Program.Guard.wakeKeys Effect4.ClockMillis timers.wake)
      (@Prod.mk.{0, 0} Effect4.FiberId Nat (@Effect4.Machine.Owed.waiter.{0} κ owed)
        (@Effect4.Machine.Owed.token.{0} κ owed))
STATEMENT Effect4.Program.Guard.M1Completion.deferredKeys_complete_subset ∀
  (store :
    Effect4.Machine.DeferredStore
      (Effect4.Machine.Completion.{0, 0} Effect4.Machine.Val Effect4.Machine.Err Effect4.Machine.Defect Effect4.FiberId
        Effect4.Machine.Ann))
  (cell : Effect4.Machine.DeferredKey)
  (code :
    Effect4.Machine.Completion.{0, 0} Effect4.Machine.Val Effect4.Machine.Err Effect4.Machine.Defect Effect4.FiberId
      Effect4.Machine.Ann),
  @HasSubset.Subset.{0} (List.{0} Effect4.Program.Guard.GuardKey)
    (@List.instHasSubset.{0} Effect4.Program.Guard.GuardKey)
    (Effect4.Program.Guard.deferredKeys
      (@Prod.fst.{0, 0}
        (Effect4.Machine.DeferredStore
          (Effect4.Machine.Completion.{0, 0} Effect4.Machine.Val Effect4.Machine.Err Effect4.Machine.Defect
            Effect4.FiberId Effect4.Machine.Ann))
        Bool
        (@Effect4.Machine.DeferredStore.complete
          (Effect4.Machine.Completion.{0, 0} Effect4.Machine.Val Effect4.Machine.Err Effect4.Machine.Defect
            Effect4.FiberId Effect4.Machine.Ann)
          store cell code)))
    (Effect4.Program.Guard.deferredKeys store)
STATEMENT Effect4.Program.Guard.M1Completion.deferredKeys_due_append ∀
  (store :
    Effect4.Machine.DeferredStore
      (Effect4.Machine.Completion.{0, 0} Effect4.Machine.Val Effect4.Machine.Err Effect4.Machine.Defect Effect4.FiberId
        Effect4.Machine.Ann))
  (due :
    List.{0}
      (Effect4.Machine.Owed.{0}
        (Effect4.Machine.Completion.{0, 0} Effect4.Machine.Val Effect4.Machine.Err Effect4.Machine.Defect
          Effect4.FiberId Effect4.Machine.Ann))),
  @Eq.{1} (List.{0} Effect4.Program.Guard.GuardKey)
    (Effect4.Program.Guard.deferredKeys
      (@Effect4.Machine.DeferredStore.mk
        (Effect4.Machine.Completion.{0, 0} Effect4.Machine.Val Effect4.Machine.Err Effect4.Machine.Defect
          Effect4.FiberId Effect4.Machine.Ann)
        (@Effect4.Machine.DeferredStore.cells
          (Effect4.Machine.Completion.{0, 0} Effect4.Machine.Val Effect4.Machine.Err Effect4.Machine.Defect
            Effect4.FiberId Effect4.Machine.Ann)
          store)
        (@HAppend.hAppend.{0, 0, 0}
          (List.{0}
            (Effect4.Machine.Owed.{0}
              (Effect4.Machine.Completion.{0, 0} Effect4.Machine.Val Effect4.Machine.Err Effect4.Machine.Defect
                Effect4.FiberId Effect4.Machine.Ann)))
          (List.{0}
            (Effect4.Machine.Owed.{0}
              (Effect4.Machine.Completion.{0, 0} Effect4.Machine.Val Effect4.Machine.Err Effect4.Machine.Defect
                Effect4.FiberId Effect4.Machine.Ann)))
          (List.{0}
            (Effect4.Machine.Owed.{0}
              (Effect4.Machine.Completion.{0, 0} Effect4.Machine.Val Effect4.Machine.Err Effect4.Machine.Defect
                Effect4.FiberId Effect4.Machine.Ann)))
          (@instHAppendOfAppend.{0}
            (List.{0}
              (Effect4.Machine.Owed.{0}
                (Effect4.Machine.Completion.{0, 0} Effect4.Machine.Val Effect4.Machine.Err Effect4.Machine.Defect
                  Effect4.FiberId Effect4.Machine.Ann)))
            (@List.instAppend.{0}
              (Effect4.Machine.Owed.{0}
                (Effect4.Machine.Completion.{0, 0} Effect4.Machine.Val Effect4.Machine.Err Effect4.Machine.Defect
                  Effect4.FiberId Effect4.Machine.Ann))))
          (@Effect4.Machine.DeferredStore.due
            (Effect4.Machine.Completion.{0, 0} Effect4.Machine.Val Effect4.Machine.Err Effect4.Machine.Defect
              Effect4.FiberId Effect4.Machine.Ann)
            store)
          due)))
    (@HAppend.hAppend.{0, 0, 0} (List.{0} Effect4.Program.Guard.GuardKey) (List.{0} (Prod.{0, 0} Effect4.FiberId Nat))
      (List.{0} Effect4.Program.Guard.GuardKey)
      (@instHAppendOfAppend.{0} (List.{0} Effect4.Program.Guard.GuardKey)
        (@List.instAppend.{0} Effect4.Program.Guard.GuardKey))
      (Effect4.Program.Guard.deferredKeys store)
      (@List.map.{0, 0}
        (Effect4.Machine.Owed.{0}
          (Effect4.Machine.Completion.{0, 0} Effect4.Machine.Val Effect4.Machine.Err Effect4.Machine.Defect
            Effect4.FiberId Effect4.Machine.Ann))
        (Prod.{0, 0} Effect4.FiberId Nat)
        (fun o =>
          @Prod.mk.{0, 0} Effect4.FiberId Nat
            (@Effect4.Machine.Owed.waiter.{0}
              (Effect4.Machine.Completion.{0, 0} Effect4.Machine.Val Effect4.Machine.Err Effect4.Machine.Defect
                Effect4.FiberId Effect4.Machine.Ann)
              o)
            (@Effect4.Machine.Owed.token.{0}
              (Effect4.Machine.Completion.{0, 0} Effect4.Machine.Val Effect4.Machine.Err Effect4.Machine.Defect
                Effect4.FiberId Effect4.Machine.Ann)
              o))
        due))
STATEMENT Effect4.Program.Guard.M1Origin.fiberGuardState_freshChild ∀ (m : Effect4.Program.NativeMachine)
  (code : Effect4.Program.NCode),
  @Eq.{1} (List.{0} Nat) (Effect4.Program.Guard.raceSites code) (@List.nil.{0} Nat) →
    ∀ (flag : Bool) (budget : Prod.{0, 0} Nat Bool) (ctx : Effect4.Machine.Ctx)
      (origin : optParam.{1} Effect4.Machine.Origin Effect4.Machine.Origin.root),
      Effect4.Program.Guard.FiberGuardState
        (@Effect4.Machine.RunMachine.mk.{0, 0} Effect4.Program.EffName Effect4.Program.EffThunk Effect4.Machine.Val
          Effect4.Machine.Err Effect4.Machine.Defect Effect4.FiberId Effect4.Machine.Ann Effect4.Machine.Ctx
          Effect4.Machine.Stores
          (Effect4.Prim.{0, 0} Effect4.Program.EffName Effect4.Program.EffThunk Effect4.Machine.Val Effect4.Machine.Err
            Effect4.Machine.Defect Effect4.FiberId Effect4.Machine.Ann)
          (Effect4.FrameFiber.{0, 0} Effect4.Program.EffName Effect4.Program.EffThunk Effect4.Machine.Val
            Effect4.Machine.Err Effect4.Machine.Defect Effect4.FiberId Effect4.Machine.Ann)
          (Effect4.FrameEvent.{0, 0} Effect4.Program.EffName Effect4.Program.EffThunk Effect4.Machine.Val
            Effect4.Machine.Err Effect4.Machine.Defect Effect4.FiberId Effect4.Machine.Ann)
          (@Effect4.Machine.RunMachine.fibers.{0, 0} Effect4.Program.EffName Effect4.Program.EffThunk
            Effect4.Machine.Val Effect4.Machine.Err Effect4.Machine.Defect Effect4.FiberId Effect4.Machine.Ann
            Effect4.Machine.Ctx Effect4.Machine.Stores
            (Effect4.Prim.{0, 0} Effect4.Program.EffName Effect4.Program.EffThunk Effect4.Machine.Val
              Effect4.Machine.Err Effect4.Machine.Defect Effect4.FiberId Effect4.Machine.Ann)
            (Effect4.FrameFiber.{0, 0} Effect4.Program.EffName Effect4.Program.EffThunk Effect4.Machine.Val
              Effect4.Machine.Err Effect4.Machine.Defect Effect4.FiberId Effect4.Machine.Ann)
            (Effect4.FrameEvent.{0, 0} Effect4.Program.EffName Effect4.Program.EffThunk Effect4.Machine.Val
              Effect4.Machine.Err Effect4.Machine.Defect Effect4.FiberId Effect4.Machine.Ann)
            m)
          (@Effect4.Machine.RunMachine.races.{0, 0} Effect4.Program.EffName Effect4.Program.EffThunk Effect4.Machine.Val
            Effect4.Machine.Err Effect4.Machine.Defect Effect4.FiberId Effect4.Machine.Ann Effect4.Machine.Ctx
            Effect4.Machine.Stores
            (Effect4.Prim.{0, 0} Effect4.Program.EffName Effect4.Program.EffThunk Effect4.Machine.Val
              Effect4.Machine.Err Effect4.Machine.Defect Effect4.FiberId Effect4.Machine.Ann)
            (Effect4.FrameFiber.{0, 0} Effect4.Program.EffName Effect4.Program.EffThunk Effect4.Machine.Val
              Effect4.Machine.Err Effect4.Machine.Defect Effect4.FiberId Effect4.Machine.Ann)
            (Effect4.FrameEvent.{0, 0} Effect4.Program.EffName Effect4.Program.EffThunk Effect4.Machine.Val
              Effect4.Machine.Err Effect4.Machine.Defect Effect4.FiberId Effect4.Machine.Ann)
            m)
          (@HAdd.hAdd.{0, 0, 0} Nat Nat Nat (@instHAdd.{0} Nat instAddNat)
            (@Effect4.Machine.RunMachine.nextId.{0, 0} Effect4.Program.EffName Effect4.Program.EffThunk
              Effect4.Machine.Val Effect4.Machine.Err Effect4.Machine.Defect Effect4.FiberId Effect4.Machine.Ann
              Effect4.Machine.Ctx Effect4.Machine.Stores
              (Effect4.Prim.{0, 0} Effect4.Program.EffName Effect4.Program.EffThunk Effect4.Machine.Val
                Effect4.Machine.Err Effect4.Machine.Defect Effect4.FiberId Effect4.Machine.Ann)
              (Effect4.FrameFiber.{0, 0} Effect4.Program.EffName Effect4.Program.EffThunk Effect4.Machine.Val
                Effect4.Machine.Err Effect4.Machine.Defect Effect4.FiberId Effect4.Machine.Ann)
              (Effect4.FrameEvent.{0, 0} Effect4.Program.EffName Effect4.Program.EffThunk Effect4.Machine.Val
                Effect4.Machine.Err Effect4.Machine.Defect Effect4.FiberId Effect4.Machine.Ann)
              m)
            (@OfNat.ofNat.{0} Nat (nat_lit 1) (instOfNatNat (nat_lit 1))))
          (@Effect4.Machine.RunMachine.nextToken.{0, 0} Effect4.Program.EffName Effect4.Program.EffThunk
            Effect4.Machine.Val Effect4.Machine.Err Effect4.Machine.Defect Effect4.FiberId Effect4.Machine.Ann
            Effect4.Machine.Ctx Effect4.Machine.Stores
            (Effect4.Prim.{0, 0} Effect4.Program.EffName Effect4.Program.EffThunk Effect4.Machine.Val
              Effect4.Machine.Err Effect4.Machine.Defect Effect4.FiberId Effect4.Machine.Ann)
            (Effect4.FrameFiber.{0, 0} Effect4.Program.EffName Effect4.Program.EffThunk Effect4.Machine.Val
              Effect4.Machine.Err Effect4.Machine.Defect Effect4.FiberId Effect4.Machine.Ann)
            (Effect4.FrameEvent.{0, 0} Effect4.Program.EffName Effect4.Program.EffThunk Effect4.Machine.Val
              Effect4.Machine.Err Effect4.Machine.Defect Effect4.FiberId Effect4.Machine.Ann)
            m)
          (@Effect4.Machine.RunMachine.nextRace.{0, 0} Effect4.Program.EffName Effect4.Program.EffThunk
            Effect4.Machine.Val Effect4.Machine.Err Effect4.Machine.Defect Effect4.FiberId Effect4.Machine.Ann
            Effect4.Machine.Ctx Effect4.Machine.Stores
            (Effect4.Prim.{0, 0} Effect4.Program.EffName Effect4.Program.EffThunk Effect4.Machine.Val
              Effect4.Machine.Err Effect4.Machine.Defect Effect4.FiberId Effect4.Machine.Ann)
            (Effect4.FrameFiber.{0, 0} Effect4.Program.EffName Effect4.Program.EffThunk Effect4.Machine.Val
              Effect4.Machine.Err Effect4.Machine.Defect Effect4.FiberId Effect4.Machine.Ann)
            (Effect4.FrameEvent.{0, 0} Effect4.Program.EffName Effect4.Program.EffThunk Effect4.Machine.Val
              Effect4.Machine.Err Effect4.Machine.Defect Effect4.FiberId Effect4.Machine.Ann)
            m)
          (@Effect4.Machine.RunMachine.middlewareInstalled.{0, 0} Effect4.Program.EffName Effect4.Program.EffThunk
            Effect4.Machine.Val Effect4.Machine.Err Effect4.Machine.Defect Effect4.FiberId Effect4.Machine.Ann
            Effect4.Machine.Ctx Effect4.Machine.Stores
            (Effect4.Prim.{0, 0} Effect4.Program.EffName Effect4.Program.EffThunk Effect4.Machine.Val
              Effect4.Machine.Err Effect4.Machine.Defect Effect4.FiberId Effect4.Machine.Ann)
            (Effect4.FrameFiber.{0, 0} Effect4.Program.EffName Effect4.Program.EffThunk Effect4.Machine.Val
              Effect4.Machine.Err Effect4.Machine.Defect Effect4.FiberId Effect4.Machine.Ann)
            (Effect4.FrameEvent.{0, 0} Effect4.Program.EffName Effect4.Program.EffThunk Effect4.Machine.Val
              Effect4.Machine.Err Effect4.Machine.Defect Effect4.FiberId Effect4.Machine.Ann)
            m)
          (@Effect4.Machine.RunMachine.armed.{0, 0} Effect4.Program.EffName Effect4.Program.EffThunk Effect4.Machine.Val
            Effect4.Machine.Err Effect4.Machine.Defect Effect4.FiberId Effect4.Machine.Ann Effect4.Machine.Ctx
            Effect4.Machine.Stores
            (Effect4.Prim.{0, 0} Effect4.Program.EffName Effect4.Program.EffThunk Effect4.Machine.Val
              Effect4.Machine.Err Effect4.Machine.Defect Effect4.FiberId Effect4.Machine.Ann)
            (Effect4.FrameFiber.{0, 0} Effect4.Program.EffName Effect4.Program.EffThunk Effect4.Machine.Val
              Effect4.Machine.Err Effect4.Machine.Defect Effect4.FiberId Effect4.Machine.Ann)
            (Effect4.FrameEvent.{0, 0} Effect4.Program.EffName Effect4.Program.EffThunk Effect4.Machine.Val
              Effect4.Machine.Err Effect4.Machine.Defect Effect4.FiberId Effect4.Machine.Ann)
            m)
          (@Effect4.Machine.RunMachine.state.{0, 0} Effect4.Program.EffName Effect4.Program.EffThunk Effect4.Machine.Val
            Effect4.Machine.Err Effect4.Machine.Defect Effect4.FiberId Effect4.Machine.Ann Effect4.Machine.Ctx
            Effect4.Machine.Stores
            (Effect4.Prim.{0, 0} Effect4.Program.EffName Effect4.Program.EffThunk Effect4.Machine.Val
              Effect4.Machine.Err Effect4.Machine.Defect Effect4.FiberId Effect4.Machine.Ann)
            (Effect4.FrameFiber.{0, 0} Effect4.Program.EffName Effect4.Program.EffThunk Effect4.Machine.Val
              Effect4.Machine.Err Effect4.Machine.Defect Effect4.FiberId Effect4.Machine.Ann)
            (Effect4.FrameEvent.{0, 0} Effect4.Program.EffName Effect4.Program.EffThunk Effect4.Machine.Val
              Effect4.Machine.Err Effect4.Machine.Defect Effect4.FiberId Effect4.Machine.Ann)
            m)
          (@Effect4.Machine.RunMachine.trace.{0, 0} Effect4.Program.EffName Effect4.Program.EffThunk Effect4.Machine.Val
            Effect4.Machine.Err Effect4.Machine.Defect Effect4.FiberId Effect4.Machine.Ann Effect4.Machine.Ctx
            Effect4.Machine.Stores
            (Effect4.Prim.{0, 0} Effect4.Program.EffName Effect4.Program.EffThunk Effect4.Machine.Val
              Effect4.Machine.Err Effect4.Machine.Defect Effect4.FiberId Effect4.Machine.Ann)
            (Effect4.FrameFiber.{0, 0} Effect4.Program.EffName Effect4.Program.EffThunk Effect4.Machine.Val
              Effect4.Machine.Err Effect4.Machine.Defect Effect4.FiberId Effect4.Machine.Ann)
            (Effect4.FrameEvent.{0, 0} Effect4.Program.EffName Effect4.Program.EffThunk Effect4.Machine.Val
              Effect4.Machine.Err Effect4.Machine.Defect Effect4.FiberId Effect4.Machine.Ann)
            m)
          (@Effect4.Machine.RunMachine.stuck.{0, 0} Effect4.Program.EffName Effect4.Program.EffThunk Effect4.Machine.Val
            Effect4.Machine.Err Effect4.Machine.Defect Effect4.FiberId Effect4.Machine.Ann Effect4.Machine.Ctx
            Effect4.Machine.Stores
            (Effect4.Prim.{0, 0} Effect4.Program.EffName Effect4.Program.EffThunk Effect4.Machine.Val
              Effect4.Machine.Err Effect4.Machine.Defect Effect4.FiberId Effect4.Machine.Ann)
            (Effect4.FrameFiber.{0, 0} Effect4.Program.EffName Effect4.Program.EffThunk Effect4.Machine.Val
              Effect4.Machine.Err Effect4.Machine.Defect Effect4.FiberId Effect4.Machine.Ann)
            (Effect4.FrameEvent.{0, 0} Effect4.Program.EffName Effect4.Program.EffThunk Effect4.Machine.Val
              Effect4.Machine.Err Effect4.Machine.Defect Effect4.FiberId Effect4.Machine.Ann)
            m))
        (@Effect4.Machine.RunFiber.make.{0, 0} Effect4.Program.EffName Effect4.Program.EffThunk Effect4.Machine.Val
          Effect4.Machine.Err Effect4.Machine.Defect Effect4.FiberId Effect4.Machine.Ann Effect4.Machine.Ctx
          (Effect4.Prim.{0, 0} Effect4.Program.EffName Effect4.Program.EffThunk Effect4.Machine.Val Effect4.Machine.Err
            Effect4.Machine.Defect Effect4.FiberId Effect4.Machine.Ann)
          (Effect4.FrameFiber.{0, 0} Effect4.Program.EffName Effect4.Program.EffThunk Effect4.Machine.Val
            Effect4.Machine.Err Effect4.Machine.Defect Effect4.FiberId Effect4.Machine.Ann)
          (@Effect4.Machine.frameCore.{0, 0} Effect4.Program.EffName Effect4.Program.EffThunk Effect4.Machine.Val
            Effect4.Machine.Err Effect4.Machine.Defect Effect4.FiberId Effect4.Machine.Ann)
          {
            value :=
              @Effect4.Machine.RunMachine.nextId.{0, 0} Effect4.Program.EffName Effect4.Program.EffThunk
                Effect4.Machine.Val Effect4.Machine.Err Effect4.Machine.Defect Effect4.FiberId Effect4.Machine.Ann
                Effect4.Machine.Ctx Effect4.Machine.Stores
                (Effect4.Prim.{0, 0} Effect4.Program.EffName Effect4.Program.EffThunk Effect4.Machine.Val
                  Effect4.Machine.Err Effect4.Machine.Defect Effect4.FiberId Effect4.Machine.Ann)
                (Effect4.FrameFiber.{0, 0} Effect4.Program.EffName Effect4.Program.EffThunk Effect4.Machine.Val
                  Effect4.Machine.Err Effect4.Machine.Defect Effect4.FiberId Effect4.Machine.Ann)
                (Effect4.FrameEvent.{0, 0} Effect4.Program.EffName Effect4.Program.EffThunk Effect4.Machine.Val
                  Effect4.Machine.Err Effect4.Machine.Defect Effect4.FiberId Effect4.Machine.Ann)
                m }
          code flag budget ctx origin)
STATEMENT Effect4.Program.Guard.M1Origin.guardQueue_launchEntrant ∀ (p : Effect4.Program.NativeEff)
  (table : Effect4.Program.RowTable) {m : Effect4.Program.NativeMachine} {rest : List.{0} Effect4.Program.Guard.NCmd},
  Effect4.Program.Guard.GuardQueue p table m rest →
    ∀ (raceId : Nat) (host : Effect4.Program.Guard.NFiber) (code : Effect4.Program.NCode)
      (site : optParam.{1} (List.{0} Nat) (@List.nil.{0} Nat)),
      Effect4.Program.Guard.GuardQueue p table
        (@Prod.fst.{0, 0}
          (Effect4.Machine.RunMachine.{0, 0} Effect4.Program.EffName Effect4.Program.EffThunk Effect4.Machine.Val
            Effect4.Machine.Err Effect4.Machine.Defect Effect4.FiberId Effect4.Machine.Ann Effect4.Machine.Ctx
            Effect4.Machine.Stores
            (Effect4.Prim.{0, 0} Effect4.Program.EffName Effect4.Program.EffThunk Effect4.Machine.Val
              Effect4.Machine.Err Effect4.Machine.Defect Effect4.FiberId Effect4.Machine.Ann)
            (Effect4.FrameFiber.{0, 0} Effect4.Program.EffName Effect4.Program.EffThunk Effect4.Machine.Val
              Effect4.Machine.Err Effect4.Machine.Defect Effect4.FiberId Effect4.Machine.Ann)
            (Effect4.FrameEvent.{0, 0} Effect4.Program.EffName Effect4.Program.EffThunk Effect4.Machine.Val
              Effect4.Machine.Err Effect4.Machine.Defect Effect4.FiberId Effect4.Machine.Ann))
          Effect4.FiberId
          (@Effect4.Machine.launchEntrant.{0, 0} Effect4.Program.EffName Effect4.Program.EffThunk Effect4.Machine.Val
            Effect4.Machine.Err Effect4.Machine.Defect Effect4.FiberId Effect4.Machine.Ann Effect4.Machine.Ctx
            Effect4.Machine.Stores
            (Effect4.Prim.{0, 0} Effect4.Program.EffName Effect4.Program.EffThunk Effect4.Machine.Val
              Effect4.Machine.Err Effect4.Machine.Defect Effect4.FiberId Effect4.Machine.Ann)
            (Effect4.FrameFiber.{0, 0} Effect4.Program.EffName Effect4.Program.EffThunk Effect4.Machine.Val
              Effect4.Machine.Err Effect4.Machine.Defect Effect4.FiberId Effect4.Machine.Ann)
            (Effect4.FrameEvent.{0, 0} Effect4.Program.EffName Effect4.Program.EffThunk Effect4.Machine.Val
              Effect4.Machine.Err Effect4.Machine.Defect Effect4.FiberId Effect4.Machine.Ann)
            (@Effect4.Machine.frameCore.{0, 0} Effect4.Program.EffName Effect4.Program.EffThunk Effect4.Machine.Val
              Effect4.Machine.Err Effect4.Machine.Defect Effect4.FiberId Effect4.Machine.Ann)
            (Effect4.Program.interpOf p table) raceId m host code site))
        rest
STATEMENT Effect4.Program.Guard.M1Origin.guardQueue_spawn ∀ (p : Effect4.Program.NativeEff)
  (table : Effect4.Program.RowTable) {m : Effect4.Program.NativeMachine} {rest : List.{0} Effect4.Program.Guard.NCmd},
  Effect4.Program.Guard.GuardQueue p table m rest →
    ∀ (parent : Effect4.Program.Guard.NFiber) (code : Effect4.Program.NCode) (options : Effect4.Supervision.ForkOptions)
      (site : optParam.{1} (List.{0} Nat) (@List.nil.{0} Nat)),
      Effect4.Program.Guard.GuardQueue p table
        (@Prod.fst.{0, 0}
          (Effect4.Machine.RunMachine.{0, 0} Effect4.Program.EffName Effect4.Program.EffThunk Effect4.Machine.Val
            Effect4.Machine.Err Effect4.Machine.Defect Effect4.FiberId Effect4.Machine.Ann Effect4.Machine.Ctx
            Effect4.Machine.Stores
            (Effect4.Prim.{0, 0} Effect4.Program.EffName Effect4.Program.EffThunk Effect4.Machine.Val
              Effect4.Machine.Err Effect4.Machine.Defect Effect4.FiberId Effect4.Machine.Ann)
            (Effect4.FrameFiber.{0, 0} Effect4.Program.EffName Effect4.Program.EffThunk Effect4.Machine.Val
              Effect4.Machine.Err Effect4.Machine.Defect Effect4.FiberId Effect4.Machine.Ann)
            (Effect4.FrameEvent.{0, 0} Effect4.Program.EffName Effect4.Program.EffThunk Effect4.Machine.Val
              Effect4.Machine.Err Effect4.Machine.Defect Effect4.FiberId Effect4.Machine.Ann))
          (Prod.{0, 0}
            (Effect4.Machine.RunFiber.{0, 0} Effect4.Program.EffName Effect4.Program.EffThunk Effect4.Machine.Val
              Effect4.Machine.Err Effect4.Machine.Defect Effect4.FiberId Effect4.Machine.Ann Effect4.Machine.Ctx
              (Effect4.Prim.{0, 0} Effect4.Program.EffName Effect4.Program.EffThunk Effect4.Machine.Val
                Effect4.Machine.Err Effect4.Machine.Defect Effect4.FiberId Effect4.Machine.Ann)
              (Effect4.FrameFiber.{0, 0} Effect4.Program.EffName Effect4.Program.EffThunk Effect4.Machine.Val
                Effect4.Machine.Err Effect4.Machine.Defect Effect4.FiberId Effect4.Machine.Ann))
            Effect4.FiberId)
          (@Effect4.Machine.spawn.{0, 0} Effect4.Program.EffName Effect4.Program.EffThunk Effect4.Machine.Val
            Effect4.Machine.Err Effect4.Machine.Defect Effect4.FiberId Effect4.Machine.Ann Effect4.Machine.Ctx
            Effect4.Machine.Stores
            (Effect4.Prim.{0, 0} Effect4.Program.EffName Effect4.Program.EffThunk Effect4.Machine.Val
              Effect4.Machine.Err Effect4.Machine.Defect Effect4.FiberId Effect4.Machine.Ann)
            (Effect4.FrameFiber.{0, 0} Effect4.Program.EffName Effect4.Program.EffThunk Effect4.Machine.Val
              Effect4.Machine.Err Effect4.Machine.Defect Effect4.FiberId Effect4.Machine.Ann)
            (Effect4.FrameEvent.{0, 0} Effect4.Program.EffName Effect4.Program.EffThunk Effect4.Machine.Val
              Effect4.Machine.Err Effect4.Machine.Defect Effect4.FiberId Effect4.Machine.Ann)
            (@Effect4.Machine.frameCore.{0, 0} Effect4.Program.EffName Effect4.Program.EffThunk Effect4.Machine.Val
              Effect4.Machine.Err Effect4.Machine.Defect Effect4.FiberId Effect4.Machine.Ann)
            (Effect4.Program.interpOf p table) m parent code options site))
        rest
STATEMENT Effect4.Program.Guard.M1Origin.guardState_launchEntrant ∀ (p : Effect4.Program.NativeEff)
  (table : Effect4.Program.RowTable) {m : Effect4.Program.NativeMachine},
  Effect4.Program.Guard.GuardState m →
    ∀ (raceId : Nat) (host : Effect4.Program.Guard.NFiber) (code : Effect4.Program.NCode),
      @Eq.{1} (List.{0} Nat) (Effect4.Program.Guard.raceSites code) (@List.nil.{0} Nat) →
        ∀ (site : optParam.{1} (List.{0} Nat) (@List.nil.{0} Nat)),
          Effect4.Program.Guard.GuardState
            (@Prod.fst.{0, 0}
              (Effect4.Machine.RunMachine.{0, 0} Effect4.Program.EffName Effect4.Program.EffThunk Effect4.Machine.Val
                Effect4.Machine.Err Effect4.Machine.Defect Effect4.FiberId Effect4.Machine.Ann Effect4.Machine.Ctx
                Effect4.Machine.Stores
                (Effect4.Prim.{0, 0} Effect4.Program.EffName Effect4.Program.EffThunk Effect4.Machine.Val
                  Effect4.Machine.Err Effect4.Machine.Defect Effect4.FiberId Effect4.Machine.Ann)
                (Effect4.FrameFiber.{0, 0} Effect4.Program.EffName Effect4.Program.EffThunk Effect4.Machine.Val
                  Effect4.Machine.Err Effect4.Machine.Defect Effect4.FiberId Effect4.Machine.Ann)
                (Effect4.FrameEvent.{0, 0} Effect4.Program.EffName Effect4.Program.EffThunk Effect4.Machine.Val
                  Effect4.Machine.Err Effect4.Machine.Defect Effect4.FiberId Effect4.Machine.Ann))
              Effect4.FiberId
              (@Effect4.Machine.launchEntrant.{0, 0} Effect4.Program.EffName Effect4.Program.EffThunk
                Effect4.Machine.Val Effect4.Machine.Err Effect4.Machine.Defect Effect4.FiberId Effect4.Machine.Ann
                Effect4.Machine.Ctx Effect4.Machine.Stores
                (Effect4.Prim.{0, 0} Effect4.Program.EffName Effect4.Program.EffThunk Effect4.Machine.Val
                  Effect4.Machine.Err Effect4.Machine.Defect Effect4.FiberId Effect4.Machine.Ann)
                (Effect4.FrameFiber.{0, 0} Effect4.Program.EffName Effect4.Program.EffThunk Effect4.Machine.Val
                  Effect4.Machine.Err Effect4.Machine.Defect Effect4.FiberId Effect4.Machine.Ann)
                (Effect4.FrameEvent.{0, 0} Effect4.Program.EffName Effect4.Program.EffThunk Effect4.Machine.Val
                  Effect4.Machine.Err Effect4.Machine.Defect Effect4.FiberId Effect4.Machine.Ann)
                (@Effect4.Machine.frameCore.{0, 0} Effect4.Program.EffName Effect4.Program.EffThunk Effect4.Machine.Val
                  Effect4.Machine.Err Effect4.Machine.Defect Effect4.FiberId Effect4.Machine.Ann)
                (Effect4.Program.interpOf p table) raceId m host code site))
STATEMENT Effect4.Program.Guard.M1Origin.guardState_spawn ∀ (p : Effect4.Program.NativeEff)
  (table : Effect4.Program.RowTable) {m : Effect4.Program.NativeMachine},
  Effect4.Program.Guard.GuardState m →
    ∀ (parent : Effect4.Program.Guard.NFiber) (code : Effect4.Program.NCode),
      @Eq.{1} (List.{0} Nat) (Effect4.Program.Guard.raceSites code) (@List.nil.{0} Nat) →
        ∀ (options : Effect4.Supervision.ForkOptions) (site : optParam.{1} (List.{0} Nat) (@List.nil.{0} Nat)),
          Effect4.Program.Guard.GuardState
            (@Prod.fst.{0, 0}
              (Effect4.Machine.RunMachine.{0, 0} Effect4.Program.EffName Effect4.Program.EffThunk Effect4.Machine.Val
                Effect4.Machine.Err Effect4.Machine.Defect Effect4.FiberId Effect4.Machine.Ann Effect4.Machine.Ctx
                Effect4.Machine.Stores
                (Effect4.Prim.{0, 0} Effect4.Program.EffName Effect4.Program.EffThunk Effect4.Machine.Val
                  Effect4.Machine.Err Effect4.Machine.Defect Effect4.FiberId Effect4.Machine.Ann)
                (Effect4.FrameFiber.{0, 0} Effect4.Program.EffName Effect4.Program.EffThunk Effect4.Machine.Val
                  Effect4.Machine.Err Effect4.Machine.Defect Effect4.FiberId Effect4.Machine.Ann)
                (Effect4.FrameEvent.{0, 0} Effect4.Program.EffName Effect4.Program.EffThunk Effect4.Machine.Val
                  Effect4.Machine.Err Effect4.Machine.Defect Effect4.FiberId Effect4.Machine.Ann))
              (Prod.{0, 0}
                (Effect4.Machine.RunFiber.{0, 0} Effect4.Program.EffName Effect4.Program.EffThunk Effect4.Machine.Val
                  Effect4.Machine.Err Effect4.Machine.Defect Effect4.FiberId Effect4.Machine.Ann Effect4.Machine.Ctx
                  (Effect4.Prim.{0, 0} Effect4.Program.EffName Effect4.Program.EffThunk Effect4.Machine.Val
                    Effect4.Machine.Err Effect4.Machine.Defect Effect4.FiberId Effect4.Machine.Ann)
                  (Effect4.FrameFiber.{0, 0} Effect4.Program.EffName Effect4.Program.EffThunk Effect4.Machine.Val
                    Effect4.Machine.Err Effect4.Machine.Defect Effect4.FiberId Effect4.Machine.Ann))
                Effect4.FiberId)
              (@Effect4.Machine.spawn.{0, 0} Effect4.Program.EffName Effect4.Program.EffThunk Effect4.Machine.Val
                Effect4.Machine.Err Effect4.Machine.Defect Effect4.FiberId Effect4.Machine.Ann Effect4.Machine.Ctx
                Effect4.Machine.Stores
                (Effect4.Prim.{0, 0} Effect4.Program.EffName Effect4.Program.EffThunk Effect4.Machine.Val
                  Effect4.Machine.Err Effect4.Machine.Defect Effect4.FiberId Effect4.Machine.Ann)
                (Effect4.FrameFiber.{0, 0} Effect4.Program.EffName Effect4.Program.EffThunk Effect4.Machine.Val
                  Effect4.Machine.Err Effect4.Machine.Defect Effect4.FiberId Effect4.Machine.Ann)
                (Effect4.FrameEvent.{0, 0} Effect4.Program.EffName Effect4.Program.EffThunk Effect4.Machine.Val
                  Effect4.Machine.Err Effect4.Machine.Defect Effect4.FiberId Effect4.Machine.Ann)
                (@Effect4.Machine.frameCore.{0, 0} Effect4.Program.EffName Effect4.Program.EffThunk Effect4.Machine.Val
                  Effect4.Machine.Err Effect4.Machine.Defect Effect4.FiberId Effect4.Machine.Ann)
                (Effect4.Program.interpOf p table) m parent code options site))
STATEMENT Effect4.Program.Guard.M1Origin.interruptedAt_launchEntrant ∀ (p : Effect4.Program.NativeEff)
  (table : Effect4.Program.RowTable) {m : Effect4.Program.NativeMachine} (raceId : Nat)
  (host : Effect4.Program.Guard.NFiber) (code : Effect4.Program.NCode) {fiber : Effect4.FiberId},
  Effect4.Program.Guard.InterruptedAt m fiber →
    ∀ (site : optParam.{1} (List.{0} Nat) (@List.nil.{0} Nat)),
      Effect4.Program.Guard.InterruptedAt
        (@Prod.fst.{0, 0}
          (Effect4.Machine.RunMachine.{0, 0} Effect4.Program.EffName Effect4.Program.EffThunk Effect4.Machine.Val
            Effect4.Machine.Err Effect4.Machine.Defect Effect4.FiberId Effect4.Machine.Ann Effect4.Machine.Ctx
            Effect4.Machine.Stores
            (Effect4.Prim.{0, 0} Effect4.Program.EffName Effect4.Program.EffThunk Effect4.Machine.Val
              Effect4.Machine.Err Effect4.Machine.Defect Effect4.FiberId Effect4.Machine.Ann)
            (Effect4.FrameFiber.{0, 0} Effect4.Program.EffName Effect4.Program.EffThunk Effect4.Machine.Val
              Effect4.Machine.Err Effect4.Machine.Defect Effect4.FiberId Effect4.Machine.Ann)
            (Effect4.FrameEvent.{0, 0} Effect4.Program.EffName Effect4.Program.EffThunk Effect4.Machine.Val
              Effect4.Machine.Err Effect4.Machine.Defect Effect4.FiberId Effect4.Machine.Ann))
          Effect4.FiberId
          (@Effect4.Machine.launchEntrant.{0, 0} Effect4.Program.EffName Effect4.Program.EffThunk Effect4.Machine.Val
            Effect4.Machine.Err Effect4.Machine.Defect Effect4.FiberId Effect4.Machine.Ann Effect4.Machine.Ctx
            Effect4.Machine.Stores
            (Effect4.Prim.{0, 0} Effect4.Program.EffName Effect4.Program.EffThunk Effect4.Machine.Val
              Effect4.Machine.Err Effect4.Machine.Defect Effect4.FiberId Effect4.Machine.Ann)
            (Effect4.FrameFiber.{0, 0} Effect4.Program.EffName Effect4.Program.EffThunk Effect4.Machine.Val
              Effect4.Machine.Err Effect4.Machine.Defect Effect4.FiberId Effect4.Machine.Ann)
            (Effect4.FrameEvent.{0, 0} Effect4.Program.EffName Effect4.Program.EffThunk Effect4.Machine.Val
              Effect4.Machine.Err Effect4.Machine.Defect Effect4.FiberId Effect4.Machine.Ann)
            (@Effect4.Machine.frameCore.{0, 0} Effect4.Program.EffName Effect4.Program.EffThunk Effect4.Machine.Val
              Effect4.Machine.Err Effect4.Machine.Defect Effect4.FiberId Effect4.Machine.Ann)
            (Effect4.Program.interpOf p table) raceId m host code site))
        fiber
STATEMENT Effect4.Program.Guard.M1Origin.interruptedAt_spawn ∀ (p : Effect4.Program.NativeEff)
  (table : Effect4.Program.RowTable) {m : Effect4.Program.NativeMachine} (parent : Effect4.Program.Guard.NFiber)
  (code : Effect4.Program.NCode) (options : Effect4.Supervision.ForkOptions) {fiber : Effect4.FiberId},
  Effect4.Program.Guard.InterruptedAt m fiber →
    ∀ (site : optParam.{1} (List.{0} Nat) (@List.nil.{0} Nat)),
      Effect4.Program.Guard.InterruptedAt
        (@Prod.fst.{0, 0}
          (Effect4.Machine.RunMachine.{0, 0} Effect4.Program.EffName Effect4.Program.EffThunk Effect4.Machine.Val
            Effect4.Machine.Err Effect4.Machine.Defect Effect4.FiberId Effect4.Machine.Ann Effect4.Machine.Ctx
            Effect4.Machine.Stores
            (Effect4.Prim.{0, 0} Effect4.Program.EffName Effect4.Program.EffThunk Effect4.Machine.Val
              Effect4.Machine.Err Effect4.Machine.Defect Effect4.FiberId Effect4.Machine.Ann)
            (Effect4.FrameFiber.{0, 0} Effect4.Program.EffName Effect4.Program.EffThunk Effect4.Machine.Val
              Effect4.Machine.Err Effect4.Machine.Defect Effect4.FiberId Effect4.Machine.Ann)
            (Effect4.FrameEvent.{0, 0} Effect4.Program.EffName Effect4.Program.EffThunk Effect4.Machine.Val
              Effect4.Machine.Err Effect4.Machine.Defect Effect4.FiberId Effect4.Machine.Ann))
          (Prod.{0, 0}
            (Effect4.Machine.RunFiber.{0, 0} Effect4.Program.EffName Effect4.Program.EffThunk Effect4.Machine.Val
              Effect4.Machine.Err Effect4.Machine.Defect Effect4.FiberId Effect4.Machine.Ann Effect4.Machine.Ctx
              (Effect4.Prim.{0, 0} Effect4.Program.EffName Effect4.Program.EffThunk Effect4.Machine.Val
                Effect4.Machine.Err Effect4.Machine.Defect Effect4.FiberId Effect4.Machine.Ann)
              (Effect4.FrameFiber.{0, 0} Effect4.Program.EffName Effect4.Program.EffThunk Effect4.Machine.Val
                Effect4.Machine.Err Effect4.Machine.Defect Effect4.FiberId Effect4.Machine.Ann))
            Effect4.FiberId)
          (@Effect4.Machine.spawn.{0, 0} Effect4.Program.EffName Effect4.Program.EffThunk Effect4.Machine.Val
            Effect4.Machine.Err Effect4.Machine.Defect Effect4.FiberId Effect4.Machine.Ann Effect4.Machine.Ctx
            Effect4.Machine.Stores
            (Effect4.Prim.{0, 0} Effect4.Program.EffName Effect4.Program.EffThunk Effect4.Machine.Val
              Effect4.Machine.Err Effect4.Machine.Defect Effect4.FiberId Effect4.Machine.Ann)
            (Effect4.FrameFiber.{0, 0} Effect4.Program.EffName Effect4.Program.EffThunk Effect4.Machine.Val
              Effect4.Machine.Err Effect4.Machine.Defect Effect4.FiberId Effect4.Machine.Ann)
            (Effect4.FrameEvent.{0, 0} Effect4.Program.EffName Effect4.Program.EffThunk Effect4.Machine.Val
              Effect4.Machine.Err Effect4.Machine.Defect Effect4.FiberId Effect4.Machine.Ann)
            (@Effect4.Machine.frameCore.{0, 0} Effect4.Program.EffName Effect4.Program.EffThunk Effect4.Machine.Val
              Effect4.Machine.Err Effect4.Machine.Defect Effect4.FiberId Effect4.Machine.Ann)
            (Effect4.Program.interpOf p table) m parent code options site))
        fiber
STATEMENT Effect4.Program.Guard.M1Origin.raceCodeOwned_beginRace ∀ (p : Effect4.Program.NativeEff)
  (table : Effect4.Program.RowTable) (m : Effect4.Program.NativeMachine) (f : Effect4.Program.Guard.NFiber)
  (yielding : Bool) (entrants : List.{0} Effect4.Program.NCode),
  Effect4.Program.Guard.RaceIdsBelow m →
    ∀ (site : optParam.{1} (Option.{0} (List.{0} Nat)) (@Option.none.{0} (List.{0} Nat))),
      Effect4.Program.Guard.RaceCodeOwned
        (@Effect4.Machine.Iter.machine.{0, 0} Effect4.Program.EffName Effect4.Program.EffThunk Effect4.Machine.Val
          Effect4.Machine.Err Effect4.Machine.Defect Effect4.FiberId Effect4.Machine.Ann Effect4.Machine.Ctx
          Effect4.Machine.Stores
          (Effect4.Prim.{0, 0} Effect4.Program.EffName Effect4.Program.EffThunk Effect4.Machine.Val Effect4.Machine.Err
            Effect4.Machine.Defect Effect4.FiberId Effect4.Machine.Ann)
          (Effect4.FrameFiber.{0, 0} Effect4.Program.EffName Effect4.Program.EffThunk Effect4.Machine.Val
            Effect4.Machine.Err Effect4.Machine.Defect Effect4.FiberId Effect4.Machine.Ann)
          (Effect4.FrameEvent.{0, 0} Effect4.Program.EffName Effect4.Program.EffThunk Effect4.Machine.Val
            Effect4.Machine.Err Effect4.Machine.Defect Effect4.FiberId Effect4.Machine.Ann)
          (@Effect4.Machine.beginRace.{0, 0} Effect4.Program.EffName Effect4.Program.EffThunk Effect4.Machine.Val
            Effect4.Machine.Err Effect4.Machine.Defect Effect4.FiberId Effect4.Machine.Ann Effect4.Machine.Ctx
            Effect4.Machine.Stores
            (Effect4.Prim.{0, 0} Effect4.Program.EffName Effect4.Program.EffThunk Effect4.Machine.Val
              Effect4.Machine.Err Effect4.Machine.Defect Effect4.FiberId Effect4.Machine.Ann)
            (Effect4.FrameFiber.{0, 0} Effect4.Program.EffName Effect4.Program.EffThunk Effect4.Machine.Val
              Effect4.Machine.Err Effect4.Machine.Defect Effect4.FiberId Effect4.Machine.Ann)
            (Effect4.FrameEvent.{0, 0} Effect4.Program.EffName Effect4.Program.EffThunk Effect4.Machine.Val
              Effect4.Machine.Err Effect4.Machine.Defect Effect4.FiberId Effect4.Machine.Ann)
            (@Effect4.Machine.frameCore.{0, 0} Effect4.Program.EffName Effect4.Program.EffThunk Effect4.Machine.Val
              Effect4.Machine.Err Effect4.Machine.Defect Effect4.FiberId Effect4.Machine.Ann)
            (Effect4.Program.interpOf p table) m f yielding entrants site))
        (@Effect4.Machine.RunFiber.id.{0, 0} Effect4.Program.EffName Effect4.Program.EffThunk Effect4.Machine.Val
          Effect4.Machine.Err Effect4.Machine.Defect Effect4.FiberId Effect4.Machine.Ann Effect4.Machine.Ctx
          (Effect4.Prim.{0, 0} Effect4.Program.EffName Effect4.Program.EffThunk Effect4.Machine.Val Effect4.Machine.Err
            Effect4.Machine.Defect Effect4.FiberId Effect4.Machine.Ann)
          (Effect4.FrameFiber.{0, 0} Effect4.Program.EffName Effect4.Program.EffThunk Effect4.Machine.Val
            Effect4.Machine.Err Effect4.Machine.Defect Effect4.FiberId Effect4.Machine.Ann)
          f)
        (@Effect4.FrameFiber.current.{0, 0} Effect4.Program.EffName Effect4.Program.EffThunk Effect4.Machine.Val
          Effect4.Machine.Err Effect4.Machine.Defect Effect4.FiberId Effect4.Machine.Ann
          (@Effect4.Machine.RunFiber.frame.{0, 0} Effect4.Program.EffName Effect4.Program.EffThunk Effect4.Machine.Val
            Effect4.Machine.Err Effect4.Machine.Defect Effect4.FiberId Effect4.Machine.Ann Effect4.Machine.Ctx
            (Effect4.Prim.{0, 0} Effect4.Program.EffName Effect4.Program.EffThunk Effect4.Machine.Val
              Effect4.Machine.Err Effect4.Machine.Defect Effect4.FiberId Effect4.Machine.Ann)
            (Effect4.FrameFiber.{0, 0} Effect4.Program.EffName Effect4.Program.EffThunk Effect4.Machine.Val
              Effect4.Machine.Err Effect4.Machine.Defect Effect4.FiberId Effect4.Machine.Ann)
            (@Effect4.Machine.Iter.fiber.{0, 0} Effect4.Program.EffName Effect4.Program.EffThunk Effect4.Machine.Val
              Effect4.Machine.Err Effect4.Machine.Defect Effect4.FiberId Effect4.Machine.Ann Effect4.Machine.Ctx
              Effect4.Machine.Stores
              (Effect4.Prim.{0, 0} Effect4.Program.EffName Effect4.Program.EffThunk Effect4.Machine.Val
                Effect4.Machine.Err Effect4.Machine.Defect Effect4.FiberId Effect4.Machine.Ann)
              (Effect4.FrameFiber.{0, 0} Effect4.Program.EffName Effect4.Program.EffThunk Effect4.Machine.Val
                Effect4.Machine.Err Effect4.Machine.Defect Effect4.FiberId Effect4.Machine.Ann)
              (Effect4.FrameEvent.{0, 0} Effect4.Program.EffName Effect4.Program.EffThunk Effect4.Machine.Val
                Effect4.Machine.Err Effect4.Machine.Defect Effect4.FiberId Effect4.Machine.Ann)
              (@Effect4.Machine.beginRace.{0, 0} Effect4.Program.EffName Effect4.Program.EffThunk Effect4.Machine.Val
                Effect4.Machine.Err Effect4.Machine.Defect Effect4.FiberId Effect4.Machine.Ann Effect4.Machine.Ctx
                Effect4.Machine.Stores
                (Effect4.Prim.{0, 0} Effect4.Program.EffName Effect4.Program.EffThunk Effect4.Machine.Val
                  Effect4.Machine.Err Effect4.Machine.Defect Effect4.FiberId Effect4.Machine.Ann)
                (Effect4.FrameFiber.{0, 0} Effect4.Program.EffName Effect4.Program.EffThunk Effect4.Machine.Val
                  Effect4.Machine.Err Effect4.Machine.Defect Effect4.FiberId Effect4.Machine.Ann)
                (Effect4.FrameEvent.{0, 0} Effect4.Program.EffName Effect4.Program.EffThunk Effect4.Machine.Val
                  Effect4.Machine.Err Effect4.Machine.Defect Effect4.FiberId Effect4.Machine.Ann)
                (@Effect4.Machine.frameCore.{0, 0} Effect4.Program.EffName Effect4.Program.EffThunk Effect4.Machine.Val
                  Effect4.Machine.Err Effect4.Machine.Defect Effect4.FiberId Effect4.Machine.Ann)
                (Effect4.Program.interpOf p table) m f yielding entrants site))))
STATEMENT Effect4.Program.Guard.M1Origin.requestOf_launchEntrant ∀ (p : Effect4.Program.NativeEff)
  (table : Effect4.Program.RowTable) (m : Effect4.Program.NativeMachine) (raceId : Nat)
  (host : Effect4.Program.Guard.NFiber) (code : Effect4.Program.NCode) (fiber : Effect4.FiberId) (token : Nat)
  (site : optParam.{1} (List.{0} Nat) (@List.nil.{0} Nat)),
  @Eq.{1} (Option.{0} (Prod.{0, 0} Effect4.Program.NativeOp Effect4.Machine.Val))
    (Effect4.Program.requestOf
      (@Prod.fst.{0, 0}
        (Effect4.Machine.RunMachine.{0, 0} Effect4.Program.EffName Effect4.Program.EffThunk Effect4.Machine.Val
          Effect4.Machine.Err Effect4.Machine.Defect Effect4.FiberId Effect4.Machine.Ann Effect4.Machine.Ctx
          Effect4.Machine.Stores
          (Effect4.Prim.{0, 0} Effect4.Program.EffName Effect4.Program.EffThunk Effect4.Machine.Val Effect4.Machine.Err
            Effect4.Machine.Defect Effect4.FiberId Effect4.Machine.Ann)
          (Effect4.FrameFiber.{0, 0} Effect4.Program.EffName Effect4.Program.EffThunk Effect4.Machine.Val
            Effect4.Machine.Err Effect4.Machine.Defect Effect4.FiberId Effect4.Machine.Ann)
          (Effect4.FrameEvent.{0, 0} Effect4.Program.EffName Effect4.Program.EffThunk Effect4.Machine.Val
            Effect4.Machine.Err Effect4.Machine.Defect Effect4.FiberId Effect4.Machine.Ann))
        Effect4.FiberId
        (@Effect4.Machine.launchEntrant.{0, 0} Effect4.Program.EffName Effect4.Program.EffThunk Effect4.Machine.Val
          Effect4.Machine.Err Effect4.Machine.Defect Effect4.FiberId Effect4.Machine.Ann Effect4.Machine.Ctx
          Effect4.Machine.Stores
          (Effect4.Prim.{0, 0} Effect4.Program.EffName Effect4.Program.EffThunk Effect4.Machine.Val Effect4.Machine.Err
            Effect4.Machine.Defect Effect4.FiberId Effect4.Machine.Ann)
          (Effect4.FrameFiber.{0, 0} Effect4.Program.EffName Effect4.Program.EffThunk Effect4.Machine.Val
            Effect4.Machine.Err Effect4.Machine.Defect Effect4.FiberId Effect4.Machine.Ann)
          (Effect4.FrameEvent.{0, 0} Effect4.Program.EffName Effect4.Program.EffThunk Effect4.Machine.Val
            Effect4.Machine.Err Effect4.Machine.Defect Effect4.FiberId Effect4.Machine.Ann)
          (@Effect4.Machine.frameCore.{0, 0} Effect4.Program.EffName Effect4.Program.EffThunk Effect4.Machine.Val
            Effect4.Machine.Err Effect4.Machine.Defect Effect4.FiberId Effect4.Machine.Ann)
          (Effect4.Program.interpOf p table) raceId m host code site))
      fiber token)
    (Effect4.Program.requestOf m fiber token)
STATEMENT Effect4.Program.Guard.M1Origin.requestOf_spawn ∀ (p : Effect4.Program.NativeEff)
  (table : Effect4.Program.RowTable) (m : Effect4.Program.NativeMachine) (parent : Effect4.Program.Guard.NFiber)
  (code : Effect4.Program.NCode) (options : Effect4.Supervision.ForkOptions) (fiber : Effect4.FiberId) (token : Nat)
  (site : optParam.{1} (List.{0} Nat) (@List.nil.{0} Nat)),
  @Eq.{1} (Option.{0} (Prod.{0, 0} Effect4.Program.NativeOp Effect4.Machine.Val))
    (Effect4.Program.requestOf
      (@Prod.fst.{0, 0}
        (Effect4.Machine.RunMachine.{0, 0} Effect4.Program.EffName Effect4.Program.EffThunk Effect4.Machine.Val
          Effect4.Machine.Err Effect4.Machine.Defect Effect4.FiberId Effect4.Machine.Ann Effect4.Machine.Ctx
          Effect4.Machine.Stores
          (Effect4.Prim.{0, 0} Effect4.Program.EffName Effect4.Program.EffThunk Effect4.Machine.Val Effect4.Machine.Err
            Effect4.Machine.Defect Effect4.FiberId Effect4.Machine.Ann)
          (Effect4.FrameFiber.{0, 0} Effect4.Program.EffName Effect4.Program.EffThunk Effect4.Machine.Val
            Effect4.Machine.Err Effect4.Machine.Defect Effect4.FiberId Effect4.Machine.Ann)
          (Effect4.FrameEvent.{0, 0} Effect4.Program.EffName Effect4.Program.EffThunk Effect4.Machine.Val
            Effect4.Machine.Err Effect4.Machine.Defect Effect4.FiberId Effect4.Machine.Ann))
        (Prod.{0, 0}
          (Effect4.Machine.RunFiber.{0, 0} Effect4.Program.EffName Effect4.Program.EffThunk Effect4.Machine.Val
            Effect4.Machine.Err Effect4.Machine.Defect Effect4.FiberId Effect4.Machine.Ann Effect4.Machine.Ctx
            (Effect4.Prim.{0, 0} Effect4.Program.EffName Effect4.Program.EffThunk Effect4.Machine.Val
              Effect4.Machine.Err Effect4.Machine.Defect Effect4.FiberId Effect4.Machine.Ann)
            (Effect4.FrameFiber.{0, 0} Effect4.Program.EffName Effect4.Program.EffThunk Effect4.Machine.Val
              Effect4.Machine.Err Effect4.Machine.Defect Effect4.FiberId Effect4.Machine.Ann))
          Effect4.FiberId)
        (@Effect4.Machine.spawn.{0, 0} Effect4.Program.EffName Effect4.Program.EffThunk Effect4.Machine.Val
          Effect4.Machine.Err Effect4.Machine.Defect Effect4.FiberId Effect4.Machine.Ann Effect4.Machine.Ctx
          Effect4.Machine.Stores
          (Effect4.Prim.{0, 0} Effect4.Program.EffName Effect4.Program.EffThunk Effect4.Machine.Val Effect4.Machine.Err
            Effect4.Machine.Defect Effect4.FiberId Effect4.Machine.Ann)
          (Effect4.FrameFiber.{0, 0} Effect4.Program.EffName Effect4.Program.EffThunk Effect4.Machine.Val
            Effect4.Machine.Err Effect4.Machine.Defect Effect4.FiberId Effect4.Machine.Ann)
          (Effect4.FrameEvent.{0, 0} Effect4.Program.EffName Effect4.Program.EffThunk Effect4.Machine.Val
            Effect4.Machine.Err Effect4.Machine.Defect Effect4.FiberId Effect4.Machine.Ann)
          (@Effect4.Machine.frameCore.{0, 0} Effect4.Program.EffName Effect4.Program.EffThunk Effect4.Machine.Val
            Effect4.Machine.Err Effect4.Machine.Defect Effect4.FiberId Effect4.Machine.Ann)
          (Effect4.Program.interpOf p table) m parent code options site))
      fiber token)
    (Effect4.Program.requestOf m fiber token)
STATEMENT Effect4.Program.Guard.M1Origin.reservedKeys_launchEntrant ∀ (p : Effect4.Program.NativeEff)
  (table : Effect4.Program.RowTable) {m : Effect4.Program.NativeMachine}
  {keys : List.{0} Effect4.Program.Guard.GuardKey},
  Effect4.Program.Guard.ReservedKeys m keys →
    ∀ (raceId : Nat) (host : Effect4.Program.Guard.NFiber) (code : Effect4.Program.NCode)
      (site : optParam.{1} (List.{0} Nat) (@List.nil.{0} Nat)),
      Effect4.Program.Guard.ReservedKeys
        (@Prod.fst.{0, 0}
          (Effect4.Machine.RunMachine.{0, 0} Effect4.Program.EffName Effect4.Program.EffThunk Effect4.Machine.Val
            Effect4.Machine.Err Effect4.Machine.Defect Effect4.FiberId Effect4.Machine.Ann Effect4.Machine.Ctx
            Effect4.Machine.Stores
            (Effect4.Prim.{0, 0} Effect4.Program.EffName Effect4.Program.EffThunk Effect4.Machine.Val
              Effect4.Machine.Err Effect4.Machine.Defect Effect4.FiberId Effect4.Machine.Ann)
            (Effect4.FrameFiber.{0, 0} Effect4.Program.EffName Effect4.Program.EffThunk Effect4.Machine.Val
              Effect4.Machine.Err Effect4.Machine.Defect Effect4.FiberId Effect4.Machine.Ann)
            (Effect4.FrameEvent.{0, 0} Effect4.Program.EffName Effect4.Program.EffThunk Effect4.Machine.Val
              Effect4.Machine.Err Effect4.Machine.Defect Effect4.FiberId Effect4.Machine.Ann))
          Effect4.FiberId
          (@Effect4.Machine.launchEntrant.{0, 0} Effect4.Program.EffName Effect4.Program.EffThunk Effect4.Machine.Val
            Effect4.Machine.Err Effect4.Machine.Defect Effect4.FiberId Effect4.Machine.Ann Effect4.Machine.Ctx
            Effect4.Machine.Stores
            (Effect4.Prim.{0, 0} Effect4.Program.EffName Effect4.Program.EffThunk Effect4.Machine.Val
              Effect4.Machine.Err Effect4.Machine.Defect Effect4.FiberId Effect4.Machine.Ann)
            (Effect4.FrameFiber.{0, 0} Effect4.Program.EffName Effect4.Program.EffThunk Effect4.Machine.Val
              Effect4.Machine.Err Effect4.Machine.Defect Effect4.FiberId Effect4.Machine.Ann)
            (Effect4.FrameEvent.{0, 0} Effect4.Program.EffName Effect4.Program.EffThunk Effect4.Machine.Val
              Effect4.Machine.Err Effect4.Machine.Defect Effect4.FiberId Effect4.Machine.Ann)
            (@Effect4.Machine.frameCore.{0, 0} Effect4.Program.EffName Effect4.Program.EffThunk Effect4.Machine.Val
              Effect4.Machine.Err Effect4.Machine.Defect Effect4.FiberId Effect4.Machine.Ann)
            (Effect4.Program.interpOf p table) raceId m host code site))
        keys
STATEMENT Effect4.Program.Guard.M1Origin.reservedKeys_spawn ∀ (p : Effect4.Program.NativeEff)
  (table : Effect4.Program.RowTable) {m : Effect4.Program.NativeMachine}
  {keys : List.{0} Effect4.Program.Guard.GuardKey},
  Effect4.Program.Guard.ReservedKeys m keys →
    ∀ (parent : Effect4.Program.Guard.NFiber) (code : Effect4.Program.NCode) (options : Effect4.Supervision.ForkOptions)
      (site : optParam.{1} (List.{0} Nat) (@List.nil.{0} Nat)),
      Effect4.Program.Guard.ReservedKeys
        (@Prod.fst.{0, 0}
          (Effect4.Machine.RunMachine.{0, 0} Effect4.Program.EffName Effect4.Program.EffThunk Effect4.Machine.Val
            Effect4.Machine.Err Effect4.Machine.Defect Effect4.FiberId Effect4.Machine.Ann Effect4.Machine.Ctx
            Effect4.Machine.Stores
            (Effect4.Prim.{0, 0} Effect4.Program.EffName Effect4.Program.EffThunk Effect4.Machine.Val
              Effect4.Machine.Err Effect4.Machine.Defect Effect4.FiberId Effect4.Machine.Ann)
            (Effect4.FrameFiber.{0, 0} Effect4.Program.EffName Effect4.Program.EffThunk Effect4.Machine.Val
              Effect4.Machine.Err Effect4.Machine.Defect Effect4.FiberId Effect4.Machine.Ann)
            (Effect4.FrameEvent.{0, 0} Effect4.Program.EffName Effect4.Program.EffThunk Effect4.Machine.Val
              Effect4.Machine.Err Effect4.Machine.Defect Effect4.FiberId Effect4.Machine.Ann))
          (Prod.{0, 0}
            (Effect4.Machine.RunFiber.{0, 0} Effect4.Program.EffName Effect4.Program.EffThunk Effect4.Machine.Val
              Effect4.Machine.Err Effect4.Machine.Defect Effect4.FiberId Effect4.Machine.Ann Effect4.Machine.Ctx
              (Effect4.Prim.{0, 0} Effect4.Program.EffName Effect4.Program.EffThunk Effect4.Machine.Val
                Effect4.Machine.Err Effect4.Machine.Defect Effect4.FiberId Effect4.Machine.Ann)
              (Effect4.FrameFiber.{0, 0} Effect4.Program.EffName Effect4.Program.EffThunk Effect4.Machine.Val
                Effect4.Machine.Err Effect4.Machine.Defect Effect4.FiberId Effect4.Machine.Ann))
            Effect4.FiberId)
          (@Effect4.Machine.spawn.{0, 0} Effect4.Program.EffName Effect4.Program.EffThunk Effect4.Machine.Val
            Effect4.Machine.Err Effect4.Machine.Defect Effect4.FiberId Effect4.Machine.Ann Effect4.Machine.Ctx
            Effect4.Machine.Stores
            (Effect4.Prim.{0, 0} Effect4.Program.EffName Effect4.Program.EffThunk Effect4.Machine.Val
              Effect4.Machine.Err Effect4.Machine.Defect Effect4.FiberId Effect4.Machine.Ann)
            (Effect4.FrameFiber.{0, 0} Effect4.Program.EffName Effect4.Program.EffThunk Effect4.Machine.Val
              Effect4.Machine.Err Effect4.Machine.Defect Effect4.FiberId Effect4.Machine.Ann)
            (Effect4.FrameEvent.{0, 0} Effect4.Program.EffName Effect4.Program.EffThunk Effect4.Machine.Val
              Effect4.Machine.Err Effect4.Machine.Defect Effect4.FiberId Effect4.Machine.Ann)
            (@Effect4.Machine.frameCore.{0, 0} Effect4.Program.EffName Effect4.Program.EffThunk Effect4.Machine.Val
              Effect4.Machine.Err Effect4.Machine.Defect Effect4.FiberId Effect4.Machine.Ann)
            (Effect4.Program.interpOf p table) m parent code options site))
        keys
STATEMENT Effect4.Program.Guard.M1Origin.spawn_child_below ∀ (p : Effect4.Program.NativeEff)
  (table : Effect4.Program.RowTable) (m : Effect4.Program.NativeMachine) (parent : Effect4.Program.Guard.NFiber)
  (code : Effect4.Program.NCode) (options : Effect4.Supervision.ForkOptions)
  (site : optParam.{1} (List.{0} Nat) (@List.nil.{0} Nat)),
  @LT.lt.{0} Nat instLTNat
    (@Prod.snd.{0, 0}
        (Effect4.Machine.RunFiber.{0, 0} Effect4.Program.EffName Effect4.Program.EffThunk Effect4.Machine.Val
          Effect4.Machine.Err Effect4.Machine.Defect Effect4.FiberId Effect4.Machine.Ann Effect4.Machine.Ctx
          (Effect4.Prim.{0, 0} Effect4.Program.EffName Effect4.Program.EffThunk Effect4.Machine.Val Effect4.Machine.Err
            Effect4.Machine.Defect Effect4.FiberId Effect4.Machine.Ann)
          (Effect4.FrameFiber.{0, 0} Effect4.Program.EffName Effect4.Program.EffThunk Effect4.Machine.Val
            Effect4.Machine.Err Effect4.Machine.Defect Effect4.FiberId Effect4.Machine.Ann))
        Effect4.FiberId
        (@Prod.snd.{0, 0}
          (Effect4.Machine.RunMachine.{0, 0} Effect4.Program.EffName Effect4.Program.EffThunk Effect4.Machine.Val
            Effect4.Machine.Err Effect4.Machine.Defect Effect4.FiberId Effect4.Machine.Ann Effect4.Machine.Ctx
            Effect4.Machine.Stores
            (Effect4.Prim.{0, 0} Effect4.Program.EffName Effect4.Program.EffThunk Effect4.Machine.Val
              Effect4.Machine.Err Effect4.Machine.Defect Effect4.FiberId Effect4.Machine.Ann)
            (Effect4.FrameFiber.{0, 0} Effect4.Program.EffName Effect4.Program.EffThunk Effect4.Machine.Val
              Effect4.Machine.Err Effect4.Machine.Defect Effect4.FiberId Effect4.Machine.Ann)
            (Effect4.FrameEvent.{0, 0} Effect4.Program.EffName Effect4.Program.EffThunk Effect4.Machine.Val
              Effect4.Machine.Err Effect4.Machine.Defect Effect4.FiberId Effect4.Machine.Ann))
          (Prod.{0, 0}
            (Effect4.Machine.RunFiber.{0, 0} Effect4.Program.EffName Effect4.Program.EffThunk Effect4.Machine.Val
              Effect4.Machine.Err Effect4.Machine.Defect Effect4.FiberId Effect4.Machine.Ann Effect4.Machine.Ctx
              (Effect4.Prim.{0, 0} Effect4.Program.EffName Effect4.Program.EffThunk Effect4.Machine.Val
                Effect4.Machine.Err Effect4.Machine.Defect Effect4.FiberId Effect4.Machine.Ann)
              (Effect4.FrameFiber.{0, 0} Effect4.Program.EffName Effect4.Program.EffThunk Effect4.Machine.Val
                Effect4.Machine.Err Effect4.Machine.Defect Effect4.FiberId Effect4.Machine.Ann))
            Effect4.FiberId)
          (@Effect4.Machine.spawn.{0, 0} Effect4.Program.EffName Effect4.Program.EffThunk Effect4.Machine.Val
            Effect4.Machine.Err Effect4.Machine.Defect Effect4.FiberId Effect4.Machine.Ann Effect4.Machine.Ctx
            Effect4.Machine.Stores
            (Effect4.Prim.{0, 0} Effect4.Program.EffName Effect4.Program.EffThunk Effect4.Machine.Val
              Effect4.Machine.Err Effect4.Machine.Defect Effect4.FiberId Effect4.Machine.Ann)
            (Effect4.FrameFiber.{0, 0} Effect4.Program.EffName Effect4.Program.EffThunk Effect4.Machine.Val
              Effect4.Machine.Err Effect4.Machine.Defect Effect4.FiberId Effect4.Machine.Ann)
            (Effect4.FrameEvent.{0, 0} Effect4.Program.EffName Effect4.Program.EffThunk Effect4.Machine.Val
              Effect4.Machine.Err Effect4.Machine.Defect Effect4.FiberId Effect4.Machine.Ann)
            (@Effect4.Machine.frameCore.{0, 0} Effect4.Program.EffName Effect4.Program.EffThunk Effect4.Machine.Val
              Effect4.Machine.Err Effect4.Machine.Defect Effect4.FiberId Effect4.Machine.Ann)
            (Effect4.Program.interpOf p table) m parent code options site))).value
    (@Effect4.Machine.RunMachine.nextId.{0, 0} Effect4.Program.EffName Effect4.Program.EffThunk Effect4.Machine.Val
      Effect4.Machine.Err Effect4.Machine.Defect Effect4.FiberId Effect4.Machine.Ann Effect4.Machine.Ctx
      Effect4.Machine.Stores
      (Effect4.Prim.{0, 0} Effect4.Program.EffName Effect4.Program.EffThunk Effect4.Machine.Val Effect4.Machine.Err
        Effect4.Machine.Defect Effect4.FiberId Effect4.Machine.Ann)
      (Effect4.FrameFiber.{0, 0} Effect4.Program.EffName Effect4.Program.EffThunk Effect4.Machine.Val
        Effect4.Machine.Err Effect4.Machine.Defect Effect4.FiberId Effect4.Machine.Ann)
      (Effect4.FrameEvent.{0, 0} Effect4.Program.EffName Effect4.Program.EffThunk Effect4.Machine.Val
        Effect4.Machine.Err Effect4.Machine.Defect Effect4.FiberId Effect4.Machine.Ann)
      (@Prod.fst.{0, 0}
        (Effect4.Machine.RunMachine.{0, 0} Effect4.Program.EffName Effect4.Program.EffThunk Effect4.Machine.Val
          Effect4.Machine.Err Effect4.Machine.Defect Effect4.FiberId Effect4.Machine.Ann Effect4.Machine.Ctx
          Effect4.Machine.Stores
          (Effect4.Prim.{0, 0} Effect4.Program.EffName Effect4.Program.EffThunk Effect4.Machine.Val Effect4.Machine.Err
            Effect4.Machine.Defect Effect4.FiberId Effect4.Machine.Ann)
          (Effect4.FrameFiber.{0, 0} Effect4.Program.EffName Effect4.Program.EffThunk Effect4.Machine.Val
            Effect4.Machine.Err Effect4.Machine.Defect Effect4.FiberId Effect4.Machine.Ann)
          (Effect4.FrameEvent.{0, 0} Effect4.Program.EffName Effect4.Program.EffThunk Effect4.Machine.Val
            Effect4.Machine.Err Effect4.Machine.Defect Effect4.FiberId Effect4.Machine.Ann))
        (Prod.{0, 0}
          (Effect4.Machine.RunFiber.{0, 0} Effect4.Program.EffName Effect4.Program.EffThunk Effect4.Machine.Val
            Effect4.Machine.Err Effect4.Machine.Defect Effect4.FiberId Effect4.Machine.Ann Effect4.Machine.Ctx
            (Effect4.Prim.{0, 0} Effect4.Program.EffName Effect4.Program.EffThunk Effect4.Machine.Val
              Effect4.Machine.Err Effect4.Machine.Defect Effect4.FiberId Effect4.Machine.Ann)
            (Effect4.FrameFiber.{0, 0} Effect4.Program.EffName Effect4.Program.EffThunk Effect4.Machine.Val
              Effect4.Machine.Err Effect4.Machine.Defect Effect4.FiberId Effect4.Machine.Ann))
          Effect4.FiberId)
        (@Effect4.Machine.spawn.{0, 0} Effect4.Program.EffName Effect4.Program.EffThunk Effect4.Machine.Val
          Effect4.Machine.Err Effect4.Machine.Defect Effect4.FiberId Effect4.Machine.Ann Effect4.Machine.Ctx
          Effect4.Machine.Stores
          (Effect4.Prim.{0, 0} Effect4.Program.EffName Effect4.Program.EffThunk Effect4.Machine.Val Effect4.Machine.Err
            Effect4.Machine.Defect Effect4.FiberId Effect4.Machine.Ann)
          (Effect4.FrameFiber.{0, 0} Effect4.Program.EffName Effect4.Program.EffThunk Effect4.Machine.Val
            Effect4.Machine.Err Effect4.Machine.Defect Effect4.FiberId Effect4.Machine.Ann)
          (Effect4.FrameEvent.{0, 0} Effect4.Program.EffName Effect4.Program.EffThunk Effect4.Machine.Val
            Effect4.Machine.Err Effect4.Machine.Defect Effect4.FiberId Effect4.Machine.Ann)
          (@Effect4.Machine.frameCore.{0, 0} Effect4.Program.EffName Effect4.Program.EffThunk Effect4.Machine.Val
            Effect4.Machine.Err Effect4.Machine.Defect Effect4.FiberId Effect4.Machine.Ann)
          (Effect4.Program.interpOf p table) m parent code options site)))
STATEMENT Effect4.Program.Guard.M1Origin.spawn_child_fresh ∀ (p : Effect4.Program.NativeEff)
  (table : Effect4.Program.RowTable) {m : Effect4.Program.NativeMachine},
  Effect4.Program.Guard.GuardState m →
    ∀ (parent : Effect4.Program.Guard.NFiber) (code : Effect4.Program.NCode) (options : Effect4.Supervision.ForkOptions)
      (site : optParam.{1} (List.{0} Nat) (@List.nil.{0} Nat)),
      @Eq.{1}
        (Option.{0}
          (Effect4.Machine.RunFiber.{0, 0} Effect4.Program.EffName Effect4.Program.EffThunk Effect4.Machine.Val
            Effect4.Machine.Err Effect4.Machine.Defect Effect4.FiberId Effect4.Machine.Ann Effect4.Machine.Ctx
            (Effect4.Prim.{0, 0} Effect4.Program.EffName Effect4.Program.EffThunk Effect4.Machine.Val
              Effect4.Machine.Err Effect4.Machine.Defect Effect4.FiberId Effect4.Machine.Ann)
            (Effect4.FrameFiber.{0, 0} Effect4.Program.EffName Effect4.Program.EffThunk Effect4.Machine.Val
              Effect4.Machine.Err Effect4.Machine.Defect Effect4.FiberId Effect4.Machine.Ann)))
        (@Effect4.Machine.RunMachine.fiber?.{0, 0} Effect4.Program.EffName Effect4.Program.EffThunk Effect4.Machine.Val
          Effect4.Machine.Err Effect4.Machine.Defect Effect4.FiberId Effect4.Machine.Ann Effect4.Machine.Ctx
          Effect4.Machine.Stores
          (Effect4.Prim.{0, 0} Effect4.Program.EffName Effect4.Program.EffThunk Effect4.Machine.Val Effect4.Machine.Err
            Effect4.Machine.Defect Effect4.FiberId Effect4.Machine.Ann)
          (Effect4.FrameFiber.{0, 0} Effect4.Program.EffName Effect4.Program.EffThunk Effect4.Machine.Val
            Effect4.Machine.Err Effect4.Machine.Defect Effect4.FiberId Effect4.Machine.Ann)
          (Effect4.FrameEvent.{0, 0} Effect4.Program.EffName Effect4.Program.EffThunk Effect4.Machine.Val
            Effect4.Machine.Err Effect4.Machine.Defect Effect4.FiberId Effect4.Machine.Ann)
          m
          (@Prod.snd.{0, 0}
            (Effect4.Machine.RunFiber.{0, 0} Effect4.Program.EffName Effect4.Program.EffThunk Effect4.Machine.Val
              Effect4.Machine.Err Effect4.Machine.Defect Effect4.FiberId Effect4.Machine.Ann Effect4.Machine.Ctx
              (Effect4.Prim.{0, 0} Effect4.Program.EffName Effect4.Program.EffThunk Effect4.Machine.Val
                Effect4.Machine.Err Effect4.Machine.Defect Effect4.FiberId Effect4.Machine.Ann)
              (Effect4.FrameFiber.{0, 0} Effect4.Program.EffName Effect4.Program.EffThunk Effect4.Machine.Val
                Effect4.Machine.Err Effect4.Machine.Defect Effect4.FiberId Effect4.Machine.Ann))
            Effect4.FiberId
            (@Prod.snd.{0, 0}
              (Effect4.Machine.RunMachine.{0, 0} Effect4.Program.EffName Effect4.Program.EffThunk Effect4.Machine.Val
                Effect4.Machine.Err Effect4.Machine.Defect Effect4.FiberId Effect4.Machine.Ann Effect4.Machine.Ctx
                Effect4.Machine.Stores
                (Effect4.Prim.{0, 0} Effect4.Program.EffName Effect4.Program.EffThunk Effect4.Machine.Val
                  Effect4.Machine.Err Effect4.Machine.Defect Effect4.FiberId Effect4.Machine.Ann)
                (Effect4.FrameFiber.{0, 0} Effect4.Program.EffName Effect4.Program.EffThunk Effect4.Machine.Val
                  Effect4.Machine.Err Effect4.Machine.Defect Effect4.FiberId Effect4.Machine.Ann)
                (Effect4.FrameEvent.{0, 0} Effect4.Program.EffName Effect4.Program.EffThunk Effect4.Machine.Val
                  Effect4.Machine.Err Effect4.Machine.Defect Effect4.FiberId Effect4.Machine.Ann))
              (Prod.{0, 0}
                (Effect4.Machine.RunFiber.{0, 0} Effect4.Program.EffName Effect4.Program.EffThunk Effect4.Machine.Val
                  Effect4.Machine.Err Effect4.Machine.Defect Effect4.FiberId Effect4.Machine.Ann Effect4.Machine.Ctx
                  (Effect4.Prim.{0, 0} Effect4.Program.EffName Effect4.Program.EffThunk Effect4.Machine.Val
                    Effect4.Machine.Err Effect4.Machine.Defect Effect4.FiberId Effect4.Machine.Ann)
                  (Effect4.FrameFiber.{0, 0} Effect4.Program.EffName Effect4.Program.EffThunk Effect4.Machine.Val
                    Effect4.Machine.Err Effect4.Machine.Defect Effect4.FiberId Effect4.Machine.Ann))
                Effect4.FiberId)
              (@Effect4.Machine.spawn.{0, 0} Effect4.Program.EffName Effect4.Program.EffThunk Effect4.Machine.Val
                Effect4.Machine.Err Effect4.Machine.Defect Effect4.FiberId Effect4.Machine.Ann Effect4.Machine.Ctx
                Effect4.Machine.Stores
                (Effect4.Prim.{0, 0} Effect4.Program.EffName Effect4.Program.EffThunk Effect4.Machine.Val
                  Effect4.Machine.Err Effect4.Machine.Defect Effect4.FiberId Effect4.Machine.Ann)
                (Effect4.FrameFiber.{0, 0} Effect4.Program.EffName Effect4.Program.EffThunk Effect4.Machine.Val
                  Effect4.Machine.Err Effect4.Machine.Defect Effect4.FiberId Effect4.Machine.Ann)
                (Effect4.FrameEvent.{0, 0} Effect4.Program.EffName Effect4.Program.EffThunk Effect4.Machine.Val
                  Effect4.Machine.Err Effect4.Machine.Defect Effect4.FiberId Effect4.Machine.Ann)
                (@Effect4.Machine.frameCore.{0, 0} Effect4.Program.EffName Effect4.Program.EffThunk Effect4.Machine.Val
                  Effect4.Machine.Err Effect4.Machine.Defect Effect4.FiberId Effect4.Machine.Ann)
                (Effect4.Program.interpOf p table) m parent code options site))))
        (@Option.none.{0}
          (Effect4.Machine.RunFiber.{0, 0} Effect4.Program.EffName Effect4.Program.EffThunk Effect4.Machine.Val
            Effect4.Machine.Err Effect4.Machine.Defect Effect4.FiberId Effect4.Machine.Ann Effect4.Machine.Ctx
            (Effect4.Prim.{0, 0} Effect4.Program.EffName Effect4.Program.EffThunk Effect4.Machine.Val
              Effect4.Machine.Err Effect4.Machine.Defect Effect4.FiberId Effect4.Machine.Ann)
            (Effect4.FrameFiber.{0, 0} Effect4.Program.EffName Effect4.Program.EffThunk Effect4.Machine.Val
              Effect4.Machine.Err Effect4.Machine.Defect Effect4.FiberId Effect4.Machine.Ann)))
STATEMENT Effect4.Program.Guard.M1Origin.spawn_child_lookup ∀ (p : Effect4.Program.NativeEff)
  (table : Effect4.Program.RowTable) {m : Effect4.Program.NativeMachine},
  Effect4.Program.Guard.GuardState m →
    ∀ (parent : Effect4.Program.Guard.NFiber) (code : Effect4.Program.NCode) (options : Effect4.Supervision.ForkOptions)
      (site : optParam.{1} (List.{0} Nat) (@List.nil.{0} Nat)),
      @Eq.{1}
        (Option.{0}
          (Effect4.Machine.RunFiber.{0, 0} Effect4.Program.EffName Effect4.Program.EffThunk Effect4.Machine.Val
            Effect4.Machine.Err Effect4.Machine.Defect Effect4.FiberId Effect4.Machine.Ann Effect4.Machine.Ctx
            (Effect4.Prim.{0, 0} Effect4.Program.EffName Effect4.Program.EffThunk Effect4.Machine.Val
              Effect4.Machine.Err Effect4.Machine.Defect Effect4.FiberId Effect4.Machine.Ann)
            (Effect4.FrameFiber.{0, 0} Effect4.Program.EffName Effect4.Program.EffThunk Effect4.Machine.Val
              Effect4.Machine.Err Effect4.Machine.Defect Effect4.FiberId Effect4.Machine.Ann)))
        (@Effect4.Machine.RunMachine.fiber?.{0, 0} Effect4.Program.EffName Effect4.Program.EffThunk Effect4.Machine.Val
          Effect4.Machine.Err Effect4.Machine.Defect Effect4.FiberId Effect4.Machine.Ann Effect4.Machine.Ctx
          Effect4.Machine.Stores
          (Effect4.Prim.{0, 0} Effect4.Program.EffName Effect4.Program.EffThunk Effect4.Machine.Val Effect4.Machine.Err
            Effect4.Machine.Defect Effect4.FiberId Effect4.Machine.Ann)
          (Effect4.FrameFiber.{0, 0} Effect4.Program.EffName Effect4.Program.EffThunk Effect4.Machine.Val
            Effect4.Machine.Err Effect4.Machine.Defect Effect4.FiberId Effect4.Machine.Ann)
          (Effect4.FrameEvent.{0, 0} Effect4.Program.EffName Effect4.Program.EffThunk Effect4.Machine.Val
            Effect4.Machine.Err Effect4.Machine.Defect Effect4.FiberId Effect4.Machine.Ann)
          (@Prod.fst.{0, 0}
            (Effect4.Machine.RunMachine.{0, 0} Effect4.Program.EffName Effect4.Program.EffThunk Effect4.Machine.Val
              Effect4.Machine.Err Effect4.Machine.Defect Effect4.FiberId Effect4.Machine.Ann Effect4.Machine.Ctx
              Effect4.Machine.Stores
              (Effect4.Prim.{0, 0} Effect4.Program.EffName Effect4.Program.EffThunk Effect4.Machine.Val
                Effect4.Machine.Err Effect4.Machine.Defect Effect4.FiberId Effect4.Machine.Ann)
              (Effect4.FrameFiber.{0, 0} Effect4.Program.EffName Effect4.Program.EffThunk Effect4.Machine.Val
                Effect4.Machine.Err Effect4.Machine.Defect Effect4.FiberId Effect4.Machine.Ann)
              (Effect4.FrameEvent.{0, 0} Effect4.Program.EffName Effect4.Program.EffThunk Effect4.Machine.Val
                Effect4.Machine.Err Effect4.Machine.Defect Effect4.FiberId Effect4.Machine.Ann))
            (Prod.{0, 0}
              (Effect4.Machine.RunFiber.{0, 0} Effect4.Program.EffName Effect4.Program.EffThunk Effect4.Machine.Val
                Effect4.Machine.Err Effect4.Machine.Defect Effect4.FiberId Effect4.Machine.Ann Effect4.Machine.Ctx
                (Effect4.Prim.{0, 0} Effect4.Program.EffName Effect4.Program.EffThunk Effect4.Machine.Val
                  Effect4.Machine.Err Effect4.Machine.Defect Effect4.FiberId Effect4.Machine.Ann)
                (Effect4.FrameFiber.{0, 0} Effect4.Program.EffName Effect4.Program.EffThunk Effect4.Machine.Val
                  Effect4.Machine.Err Effect4.Machine.Defect Effect4.FiberId Effect4.Machine.Ann))
              Effect4.FiberId)
            (@Effect4.Machine.spawn.{0, 0} Effect4.Program.EffName Effect4.Program.EffThunk Effect4.Machine.Val
              Effect4.Machine.Err Effect4.Machine.Defect Effect4.FiberId Effect4.Machine.Ann Effect4.Machine.Ctx
              Effect4.Machine.Stores
              (Effect4.Prim.{0, 0} Effect4.Program.EffName Effect4.Program.EffThunk Effect4.Machine.Val
                Effect4.Machine.Err Effect4.Machine.Defect Effect4.FiberId Effect4.Machine.Ann)
              (Effect4.FrameFiber.{0, 0} Effect4.Program.EffName Effect4.Program.EffThunk Effect4.Machine.Val
                Effect4.Machine.Err Effect4.Machine.Defect Effect4.FiberId Effect4.Machine.Ann)
              (Effect4.FrameEvent.{0, 0} Effect4.Program.EffName Effect4.Program.EffThunk Effect4.Machine.Val
                Effect4.Machine.Err Effect4.Machine.Defect Effect4.FiberId Effect4.Machine.Ann)
              (@Effect4.Machine.frameCore.{0, 0} Effect4.Program.EffName Effect4.Program.EffThunk Effect4.Machine.Val
                Effect4.Machine.Err Effect4.Machine.Defect Effect4.FiberId Effect4.Machine.Ann)
              (Effect4.Program.interpOf p table) m parent code options site))
          (@Prod.snd.{0, 0}
            (Effect4.Machine.RunFiber.{0, 0} Effect4.Program.EffName Effect4.Program.EffThunk Effect4.Machine.Val
              Effect4.Machine.Err Effect4.Machine.Defect Effect4.FiberId Effect4.Machine.Ann Effect4.Machine.Ctx
              (Effect4.Prim.{0, 0} Effect4.Program.EffName Effect4.Program.EffThunk Effect4.Machine.Val
                Effect4.Machine.Err Effect4.Machine.Defect Effect4.FiberId Effect4.Machine.Ann)
              (Effect4.FrameFiber.{0, 0} Effect4.Program.EffName Effect4.Program.EffThunk Effect4.Machine.Val
                Effect4.Machine.Err Effect4.Machine.Defect Effect4.FiberId Effect4.Machine.Ann))
            Effect4.FiberId
            (@Prod.snd.{0, 0}
              (Effect4.Machine.RunMachine.{0, 0} Effect4.Program.EffName Effect4.Program.EffThunk Effect4.Machine.Val
                Effect4.Machine.Err Effect4.Machine.Defect Effect4.FiberId Effect4.Machine.Ann Effect4.Machine.Ctx
                Effect4.Machine.Stores
                (Effect4.Prim.{0, 0} Effect4.Program.EffName Effect4.Program.EffThunk Effect4.Machine.Val
                  Effect4.Machine.Err Effect4.Machine.Defect Effect4.FiberId Effect4.Machine.Ann)
                (Effect4.FrameFiber.{0, 0} Effect4.Program.EffName Effect4.Program.EffThunk Effect4.Machine.Val
                  Effect4.Machine.Err Effect4.Machine.Defect Effect4.FiberId Effect4.Machine.Ann)
                (Effect4.FrameEvent.{0, 0} Effect4.Program.EffName Effect4.Program.EffThunk Effect4.Machine.Val
                  Effect4.Machine.Err Effect4.Machine.Defect Effect4.FiberId Effect4.Machine.Ann))
              (Prod.{0, 0}
                (Effect4.Machine.RunFiber.{0, 0} Effect4.Program.EffName Effect4.Program.EffThunk Effect4.Machine.Val
                  Effect4.Machine.Err Effect4.Machine.Defect Effect4.FiberId Effect4.Machine.Ann Effect4.Machine.Ctx
                  (Effect4.Prim.{0, 0} Effect4.Program.EffName Effect4.Program.EffThunk Effect4.Machine.Val
                    Effect4.Machine.Err Effect4.Machine.Defect Effect4.FiberId Effect4.Machine.Ann)
                  (Effect4.FrameFiber.{0, 0} Effect4.Program.EffName Effect4.Program.EffThunk Effect4.Machine.Val
                    Effect4.Machine.Err Effect4.Machine.Defect Effect4.FiberId Effect4.Machine.Ann))
                Effect4.FiberId)
              (@Effect4.Machine.spawn.{0, 0} Effect4.Program.EffName Effect4.Program.EffThunk Effect4.Machine.Val
                Effect4.Machine.Err Effect4.Machine.Defect Effect4.FiberId Effect4.Machine.Ann Effect4.Machine.Ctx
                Effect4.Machine.Stores
                (Effect4.Prim.{0, 0} Effect4.Program.EffName Effect4.Program.EffThunk Effect4.Machine.Val
                  Effect4.Machine.Err Effect4.Machine.Defect Effect4.FiberId Effect4.Machine.Ann)
                (Effect4.FrameFiber.{0, 0} Effect4.Program.EffName Effect4.Program.EffThunk Effect4.Machine.Val
                  Effect4.Machine.Err Effect4.Machine.Defect Effect4.FiberId Effect4.Machine.Ann)
                (Effect4.FrameEvent.{0, 0} Effect4.Program.EffName Effect4.Program.EffThunk Effect4.Machine.Val
                  Effect4.Machine.Err Effect4.Machine.Defect Effect4.FiberId Effect4.Machine.Ann)
                (@Effect4.Machine.frameCore.{0, 0} Effect4.Program.EffName Effect4.Program.EffThunk Effect4.Machine.Val
                  Effect4.Machine.Err Effect4.Machine.Defect Effect4.FiberId Effect4.Machine.Ann)
                (Effect4.Program.interpOf p table) m parent code options site))))
        (@Option.some.{0} Effect4.Program.Guard.NFiber
          (Effect4.Program.Guard.spawnedChild p table m parent code options site))
STATEMENT Effect4.Program.Guard.M1Origin.spawn_child_raceSites ∀ (p : Effect4.Program.NativeEff)
  (table : Effect4.Program.RowTable) (m : Effect4.Program.NativeMachine) (parent : Effect4.Program.Guard.NFiber)
  (code : Effect4.Program.NCode),
  @Eq.{1} (List.{0} Nat) (Effect4.Program.Guard.raceSites code) (@List.nil.{0} Nat) →
    ∀ (options : Effect4.Supervision.ForkOptions) (site : optParam.{1} (List.{0} Nat) (@List.nil.{0} Nat)),
      @Eq.{1} (List.{0} Nat)
        (Effect4.Program.Guard.raceSites
          (@Effect4.FrameFiber.current.{0, 0} Effect4.Program.EffName Effect4.Program.EffThunk Effect4.Machine.Val
            Effect4.Machine.Err Effect4.Machine.Defect Effect4.FiberId Effect4.Machine.Ann
            (@Effect4.Machine.RunFiber.frame.{0, 0} Effect4.Program.EffName Effect4.Program.EffThunk Effect4.Machine.Val
              Effect4.Machine.Err Effect4.Machine.Defect Effect4.FiberId Effect4.Machine.Ann Effect4.Machine.Ctx
              (Effect4.Prim.{0, 0} Effect4.Program.EffName Effect4.Program.EffThunk Effect4.Machine.Val
                Effect4.Machine.Err Effect4.Machine.Defect Effect4.FiberId Effect4.Machine.Ann)
              (Effect4.FrameFiber.{0, 0} Effect4.Program.EffName Effect4.Program.EffThunk Effect4.Machine.Val
                Effect4.Machine.Err Effect4.Machine.Defect Effect4.FiberId Effect4.Machine.Ann)
              (Effect4.Program.Guard.spawnedChild p table m parent code options site))))
        (@List.nil.{0} Nat)
STATEMENT Effect4.Program.Guard.M1Origin.spawn_machine ∀ (p : Effect4.Program.NativeEff)
  (table : Effect4.Program.RowTable) (m : Effect4.Program.NativeMachine) (parent : Effect4.Program.Guard.NFiber)
  (code : Effect4.Program.NCode) (options : Effect4.Supervision.ForkOptions)
  (site : optParam.{1} (List.{0} Nat) (@List.nil.{0} Nat)),
  @Eq.{1}
    (Effect4.Machine.RunMachine.{0, 0} Effect4.Program.EffName Effect4.Program.EffThunk Effect4.Machine.Val
      Effect4.Machine.Err Effect4.Machine.Defect Effect4.FiberId Effect4.Machine.Ann Effect4.Machine.Ctx
      Effect4.Machine.Stores
      (Effect4.Prim.{0, 0} Effect4.Program.EffName Effect4.Program.EffThunk Effect4.Machine.Val Effect4.Machine.Err
        Effect4.Machine.Defect Effect4.FiberId Effect4.Machine.Ann)
      (Effect4.FrameFiber.{0, 0} Effect4.Program.EffName Effect4.Program.EffThunk Effect4.Machine.Val
        Effect4.Machine.Err Effect4.Machine.Defect Effect4.FiberId Effect4.Machine.Ann)
      (Effect4.FrameEvent.{0, 0} Effect4.Program.EffName Effect4.Program.EffThunk Effect4.Machine.Val
        Effect4.Machine.Err Effect4.Machine.Defect Effect4.FiberId Effect4.Machine.Ann))
    (@Prod.fst.{0, 0}
      (Effect4.Machine.RunMachine.{0, 0} Effect4.Program.EffName Effect4.Program.EffThunk Effect4.Machine.Val
        Effect4.Machine.Err Effect4.Machine.Defect Effect4.FiberId Effect4.Machine.Ann Effect4.Machine.Ctx
        Effect4.Machine.Stores
        (Effect4.Prim.{0, 0} Effect4.Program.EffName Effect4.Program.EffThunk Effect4.Machine.Val Effect4.Machine.Err
          Effect4.Machine.Defect Effect4.FiberId Effect4.Machine.Ann)
        (Effect4.FrameFiber.{0, 0} Effect4.Program.EffName Effect4.Program.EffThunk Effect4.Machine.Val
          Effect4.Machine.Err Effect4.Machine.Defect Effect4.FiberId Effect4.Machine.Ann)
        (Effect4.FrameEvent.{0, 0} Effect4.Program.EffName Effect4.Program.EffThunk Effect4.Machine.Val
          Effect4.Machine.Err Effect4.Machine.Defect Effect4.FiberId Effect4.Machine.Ann))
      (Prod.{0, 0}
        (Effect4.Machine.RunFiber.{0, 0} Effect4.Program.EffName Effect4.Program.EffThunk Effect4.Machine.Val
          Effect4.Machine.Err Effect4.Machine.Defect Effect4.FiberId Effect4.Machine.Ann Effect4.Machine.Ctx
          (Effect4.Prim.{0, 0} Effect4.Program.EffName Effect4.Program.EffThunk Effect4.Machine.Val Effect4.Machine.Err
            Effect4.Machine.Defect Effect4.FiberId Effect4.Machine.Ann)
          (Effect4.FrameFiber.{0, 0} Effect4.Program.EffName Effect4.Program.EffThunk Effect4.Machine.Val
            Effect4.Machine.Err Effect4.Machine.Defect Effect4.FiberId Effect4.Machine.Ann))
        Effect4.FiberId)
      (@Effect4.Machine.spawn.{0, 0} Effect4.Program.EffName Effect4.Program.EffThunk Effect4.Machine.Val
        Effect4.Machine.Err Effect4.Machine.Defect Effect4.FiberId Effect4.Machine.Ann Effect4.Machine.Ctx
        Effect4.Machine.Stores
        (Effect4.Prim.{0, 0} Effect4.Program.EffName Effect4.Program.EffThunk Effect4.Machine.Val Effect4.Machine.Err
          Effect4.Machine.Defect Effect4.FiberId Effect4.Machine.Ann)
        (Effect4.FrameFiber.{0, 0} Effect4.Program.EffName Effect4.Program.EffThunk Effect4.Machine.Val
          Effect4.Machine.Err Effect4.Machine.Defect Effect4.FiberId Effect4.Machine.Ann)
        (Effect4.FrameEvent.{0, 0} Effect4.Program.EffName Effect4.Program.EffThunk Effect4.Machine.Val
          Effect4.Machine.Err Effect4.Machine.Defect Effect4.FiberId Effect4.Machine.Ann)
        (@Effect4.Machine.frameCore.{0, 0} Effect4.Program.EffName Effect4.Program.EffThunk Effect4.Machine.Val
          Effect4.Machine.Err Effect4.Machine.Defect Effect4.FiberId Effect4.Machine.Ann)
        (Effect4.Program.interpOf p table) m parent code options site))
    (@Effect4.Machine.RunMachine.emit.{0, 0} Effect4.Program.EffName Effect4.Program.EffThunk Effect4.Machine.Val
      Effect4.Machine.Err Effect4.Machine.Defect Effect4.FiberId Effect4.Machine.Ann Effect4.Machine.Ctx
      Effect4.Machine.Stores
      (Effect4.Prim.{0, 0} Effect4.Program.EffName Effect4.Program.EffThunk Effect4.Machine.Val Effect4.Machine.Err
        Effect4.Machine.Defect Effect4.FiberId Effect4.Machine.Ann)
      (Effect4.FrameFiber.{0, 0} Effect4.Program.EffName Effect4.Program.EffThunk Effect4.Machine.Val
        Effect4.Machine.Err Effect4.Machine.Defect Effect4.FiberId Effect4.Machine.Ann)
      (Effect4.FrameEvent.{0, 0} Effect4.Program.EffName Effect4.Program.EffThunk Effect4.Machine.Val
        Effect4.Machine.Err Effect4.Machine.Defect Effect4.FiberId Effect4.Machine.Ann)
      (Effect4.Program.Guard.spawnAppend m (Effect4.Program.Guard.spawnedChild p table m parent code options site))
      (@List.cons.{0}
        (Effect4.Machine.RunEvent.{0, 0} Effect4.Program.EffName Effect4.Program.EffThunk Effect4.Machine.Val
          Effect4.Machine.Err Effect4.Machine.Defect Effect4.FiberId Effect4.Machine.Ann Effect4.Machine.Ctx
          (Effect4.Prim.{0, 0} Effect4.Program.EffName Effect4.Program.EffThunk Effect4.Machine.Val Effect4.Machine.Err
            Effect4.Machine.Defect Effect4.FiberId Effect4.Machine.Ann)
          (Effect4.FrameEvent.{0, 0} Effect4.Program.EffName Effect4.Program.EffThunk Effect4.Machine.Val
            Effect4.Machine.Err Effect4.Machine.Defect Effect4.FiberId Effect4.Machine.Ann))
        (@Effect4.Machine.RunEvent.forked.{0, 0} Effect4.Program.EffName Effect4.Program.EffThunk Effect4.Machine.Val
          Effect4.Machine.Err Effect4.Machine.Defect Effect4.FiberId Effect4.Machine.Ann Effect4.Machine.Ctx
          (Effect4.Prim.{0, 0} Effect4.Program.EffName Effect4.Program.EffThunk Effect4.Machine.Val Effect4.Machine.Err
            Effect4.Machine.Defect Effect4.FiberId Effect4.Machine.Ann)
          (Effect4.FrameEvent.{0, 0} Effect4.Program.EffName Effect4.Program.EffThunk Effect4.Machine.Val
            Effect4.Machine.Err Effect4.Machine.Defect Effect4.FiberId Effect4.Machine.Ann)
          (@Effect4.Machine.RunFiber.id.{0, 0} Effect4.Program.EffName Effect4.Program.EffThunk Effect4.Machine.Val
            Effect4.Machine.Err Effect4.Machine.Defect Effect4.FiberId Effect4.Machine.Ann Effect4.Machine.Ctx
            (Effect4.Prim.{0, 0} Effect4.Program.EffName Effect4.Program.EffThunk Effect4.Machine.Val
              Effect4.Machine.Err Effect4.Machine.Defect Effect4.FiberId Effect4.Machine.Ann)
            (Effect4.FrameFiber.{0, 0} Effect4.Program.EffName Effect4.Program.EffThunk Effect4.Machine.Val
              Effect4.Machine.Err Effect4.Machine.Defect Effect4.FiberId Effect4.Machine.Ann)
            parent)
          {
            value :=
              @Effect4.Machine.RunMachine.nextId.{0, 0} Effect4.Program.EffName Effect4.Program.EffThunk
                Effect4.Machine.Val Effect4.Machine.Err Effect4.Machine.Defect Effect4.FiberId Effect4.Machine.Ann
                Effect4.Machine.Ctx Effect4.Machine.Stores
                (Effect4.Prim.{0, 0} Effect4.Program.EffName Effect4.Program.EffThunk Effect4.Machine.Val
                  Effect4.Machine.Err Effect4.Machine.Defect Effect4.FiberId Effect4.Machine.Ann)
                (Effect4.FrameFiber.{0, 0} Effect4.Program.EffName Effect4.Program.EffThunk Effect4.Machine.Val
                  Effect4.Machine.Err Effect4.Machine.Defect Effect4.FiberId Effect4.Machine.Ann)
                (Effect4.FrameEvent.{0, 0} Effect4.Program.EffName Effect4.Program.EffThunk Effect4.Machine.Val
                  Effect4.Machine.Err Effect4.Machine.Defect Effect4.FiberId Effect4.Machine.Ann)
                m }
          options.daemon)
        (@List.nil.{0}
          (Effect4.Machine.RunEvent.{0, 0} Effect4.Program.EffName Effect4.Program.EffThunk Effect4.Machine.Val
            Effect4.Machine.Err Effect4.Machine.Defect Effect4.FiberId Effect4.Machine.Ann Effect4.Machine.Ctx
            (Effect4.Prim.{0, 0} Effect4.Program.EffName Effect4.Program.EffThunk Effect4.Machine.Val
              Effect4.Machine.Err Effect4.Machine.Defect Effect4.FiberId Effect4.Machine.Ann)
            (Effect4.FrameEvent.{0, 0} Effect4.Program.EffName Effect4.Program.EffThunk Effect4.Machine.Val
              Effect4.Machine.Err Effect4.Machine.Defect Effect4.FiberId Effect4.Machine.Ann)))))
STATEMENT Effect4.Program.Guard.M1Origin.spawn_parent_unchanged ∀ (p : Effect4.Program.NativeEff)
  (table : Effect4.Program.RowTable) (m : Effect4.Program.NativeMachine) (parent : Effect4.Program.Guard.NFiber)
  (code : Effect4.Program.NCode) (options : Effect4.Supervision.ForkOptions)
  (site : optParam.{1} (List.{0} Nat) (@List.nil.{0} Nat)),
  @Eq.{1}
    (Effect4.Machine.RunFiber.{0, 0} Effect4.Program.EffName Effect4.Program.EffThunk Effect4.Machine.Val
      Effect4.Machine.Err Effect4.Machine.Defect Effect4.FiberId Effect4.Machine.Ann Effect4.Machine.Ctx
      (Effect4.Prim.{0, 0} Effect4.Program.EffName Effect4.Program.EffThunk Effect4.Machine.Val Effect4.Machine.Err
        Effect4.Machine.Defect Effect4.FiberId Effect4.Machine.Ann)
      (Effect4.FrameFiber.{0, 0} Effect4.Program.EffName Effect4.Program.EffThunk Effect4.Machine.Val
        Effect4.Machine.Err Effect4.Machine.Defect Effect4.FiberId Effect4.Machine.Ann))
    (@Prod.fst.{0, 0}
      (Effect4.Machine.RunFiber.{0, 0} Effect4.Program.EffName Effect4.Program.EffThunk Effect4.Machine.Val
        Effect4.Machine.Err Effect4.Machine.Defect Effect4.FiberId Effect4.Machine.Ann Effect4.Machine.Ctx
        (Effect4.Prim.{0, 0} Effect4.Program.EffName Effect4.Program.EffThunk Effect4.Machine.Val Effect4.Machine.Err
          Effect4.Machine.Defect Effect4.FiberId Effect4.Machine.Ann)
        (Effect4.FrameFiber.{0, 0} Effect4.Program.EffName Effect4.Program.EffThunk Effect4.Machine.Val
          Effect4.Machine.Err Effect4.Machine.Defect Effect4.FiberId Effect4.Machine.Ann))
      Effect4.FiberId
      (@Prod.snd.{0, 0}
        (Effect4.Machine.RunMachine.{0, 0} Effect4.Program.EffName Effect4.Program.EffThunk Effect4.Machine.Val
          Effect4.Machine.Err Effect4.Machine.Defect Effect4.FiberId Effect4.Machine.Ann Effect4.Machine.Ctx
          Effect4.Machine.Stores
          (Effect4.Prim.{0, 0} Effect4.Program.EffName Effect4.Program.EffThunk Effect4.Machine.Val Effect4.Machine.Err
            Effect4.Machine.Defect Effect4.FiberId Effect4.Machine.Ann)
          (Effect4.FrameFiber.{0, 0} Effect4.Program.EffName Effect4.Program.EffThunk Effect4.Machine.Val
            Effect4.Machine.Err Effect4.Machine.Defect Effect4.FiberId Effect4.Machine.Ann)
          (Effect4.FrameEvent.{0, 0} Effect4.Program.EffName Effect4.Program.EffThunk Effect4.Machine.Val
            Effect4.Machine.Err Effect4.Machine.Defect Effect4.FiberId Effect4.Machine.Ann))
        (Prod.{0, 0}
          (Effect4.Machine.RunFiber.{0, 0} Effect4.Program.EffName Effect4.Program.EffThunk Effect4.Machine.Val
            Effect4.Machine.Err Effect4.Machine.Defect Effect4.FiberId Effect4.Machine.Ann Effect4.Machine.Ctx
            (Effect4.Prim.{0, 0} Effect4.Program.EffName Effect4.Program.EffThunk Effect4.Machine.Val
              Effect4.Machine.Err Effect4.Machine.Defect Effect4.FiberId Effect4.Machine.Ann)
            (Effect4.FrameFiber.{0, 0} Effect4.Program.EffName Effect4.Program.EffThunk Effect4.Machine.Val
              Effect4.Machine.Err Effect4.Machine.Defect Effect4.FiberId Effect4.Machine.Ann))
          Effect4.FiberId)
        (@Effect4.Machine.spawn.{0, 0} Effect4.Program.EffName Effect4.Program.EffThunk Effect4.Machine.Val
          Effect4.Machine.Err Effect4.Machine.Defect Effect4.FiberId Effect4.Machine.Ann Effect4.Machine.Ctx
          Effect4.Machine.Stores
          (Effect4.Prim.{0, 0} Effect4.Program.EffName Effect4.Program.EffThunk Effect4.Machine.Val Effect4.Machine.Err
            Effect4.Machine.Defect Effect4.FiberId Effect4.Machine.Ann)
          (Effect4.FrameFiber.{0, 0} Effect4.Program.EffName Effect4.Program.EffThunk Effect4.Machine.Val
            Effect4.Machine.Err Effect4.Machine.Defect Effect4.FiberId Effect4.Machine.Ann)
          (Effect4.FrameEvent.{0, 0} Effect4.Program.EffName Effect4.Program.EffThunk Effect4.Machine.Val
            Effect4.Machine.Err Effect4.Machine.Defect Effect4.FiberId Effect4.Machine.Ann)
          (@Effect4.Machine.frameCore.{0, 0} Effect4.Program.EffName Effect4.Program.EffThunk Effect4.Machine.Val
            Effect4.Machine.Err Effect4.Machine.Defect Effect4.FiberId Effect4.Machine.Ann)
          (Effect4.Program.interpOf p table) m parent code options site)))
    parent
STATEMENT Effect4.Program.Guard.M4Handshake.parkHandshake_reachable ∀ (program : Effect4.Program.NativeEff)
  (table : Effect4.Program.RowTable) (compileFuel : Nat)
  (answers :
    List.{0}
      (Effect4.Machine.Completion.{0, 0} Effect4.Machine.Val Effect4.Machine.Err Effect4.Machine.Defect Effect4.FiberId
        Effect4.Machine.Ann))
  (m : Effect4.Program.NativeMachine),
  Effect4.Program.Guard.Reachable program table compileFuel answers m →
    @Effect4.Machine.ParkHandshake Effect4.Program.EffName Effect4.Program.EffThunk Effect4.Machine.Ctx
      (Effect4.Prim.{0, 0} Effect4.Program.EffName Effect4.Program.EffThunk Effect4.Machine.Val Effect4.Machine.Err
        Effect4.Machine.Defect Effect4.FiberId Effect4.Machine.Ann)
      (Effect4.FrameFiber.{0, 0} Effect4.Program.EffName Effect4.Program.EffThunk Effect4.Machine.Val
        Effect4.Machine.Err Effect4.Machine.Defect Effect4.FiberId Effect4.Machine.Ann)
      (Effect4.FrameEvent.{0, 0} Effect4.Program.EffName Effect4.Program.EffThunk Effect4.Machine.Val
        Effect4.Machine.Err Effect4.Machine.Defect Effect4.FiberId Effect4.Machine.Ann)
      (@Effect4.Machine.frameCore.{0, 0} Effect4.Program.EffName Effect4.Program.EffThunk Effect4.Machine.Val
        Effect4.Machine.Err Effect4.Machine.Defect Effect4.FiberId Effect4.Machine.Ann)
      (Effect4.Program.evaluatorFor program table) (Effect4.Program.interpOf program table) m
STATEMENT Effect4.Program.Guard.NativeState.M1.StateStep.store ∀ {m : Effect4.Program.NativeMachine},
  Effect4.Program.Guard.GuardState m →
    ∀ (stores : Effect4.Machine.Stores),
      @HasSubset.Subset.{0} (List.{0} Effect4.Program.Guard.GuardKey)
          (@List.instHasSubset.{0} Effect4.Program.Guard.GuardKey) (Effect4.Program.Guard.storeKeys stores)
          (Effect4.Program.Guard.storeKeys
            (@Effect4.Machine.RunMachine.state.{0, 0} Effect4.Program.EffName Effect4.Program.EffThunk
              Effect4.Machine.Val Effect4.Machine.Err Effect4.Machine.Defect Effect4.FiberId Effect4.Machine.Ann
              Effect4.Machine.Ctx Effect4.Machine.Stores
              (Effect4.Prim.{0, 0} Effect4.Program.EffName Effect4.Program.EffThunk Effect4.Machine.Val
                Effect4.Machine.Err Effect4.Machine.Defect Effect4.FiberId Effect4.Machine.Ann)
              (Effect4.FrameFiber.{0, 0} Effect4.Program.EffName Effect4.Program.EffThunk Effect4.Machine.Val
                Effect4.Machine.Err Effect4.Machine.Defect Effect4.FiberId Effect4.Machine.Ann)
              (Effect4.FrameEvent.{0, 0} Effect4.Program.EffName Effect4.Program.EffThunk Effect4.Machine.Val
                Effect4.Machine.Err Effect4.Machine.Defect Effect4.FiberId Effect4.Machine.Ann)
              m)) →
        Effect4.Program.Guard.NativeState.StateStep m
          (@Effect4.Machine.RunMachine.mk.{0, 0} Effect4.Program.EffName Effect4.Program.EffThunk Effect4.Machine.Val
            Effect4.Machine.Err Effect4.Machine.Defect Effect4.FiberId Effect4.Machine.Ann Effect4.Machine.Ctx
            Effect4.Machine.Stores
            (Effect4.Prim.{0, 0} Effect4.Program.EffName Effect4.Program.EffThunk Effect4.Machine.Val
              Effect4.Machine.Err Effect4.Machine.Defect Effect4.FiberId Effect4.Machine.Ann)
            (Effect4.FrameFiber.{0, 0} Effect4.Program.EffName Effect4.Program.EffThunk Effect4.Machine.Val
              Effect4.Machine.Err Effect4.Machine.Defect Effect4.FiberId Effect4.Machine.Ann)
            (Effect4.FrameEvent.{0, 0} Effect4.Program.EffName Effect4.Program.EffThunk Effect4.Machine.Val
              Effect4.Machine.Err Effect4.Machine.Defect Effect4.FiberId Effect4.Machine.Ann)
            (@Effect4.Machine.RunMachine.fibers.{0, 0} Effect4.Program.EffName Effect4.Program.EffThunk
              Effect4.Machine.Val Effect4.Machine.Err Effect4.Machine.Defect Effect4.FiberId Effect4.Machine.Ann
              Effect4.Machine.Ctx Effect4.Machine.Stores
              (Effect4.Prim.{0, 0} Effect4.Program.EffName Effect4.Program.EffThunk Effect4.Machine.Val
                Effect4.Machine.Err Effect4.Machine.Defect Effect4.FiberId Effect4.Machine.Ann)
              (Effect4.FrameFiber.{0, 0} Effect4.Program.EffName Effect4.Program.EffThunk Effect4.Machine.Val
                Effect4.Machine.Err Effect4.Machine.Defect Effect4.FiberId Effect4.Machine.Ann)
              (Effect4.FrameEvent.{0, 0} Effect4.Program.EffName Effect4.Program.EffThunk Effect4.Machine.Val
                Effect4.Machine.Err Effect4.Machine.Defect Effect4.FiberId Effect4.Machine.Ann)
              m)
            (@Effect4.Machine.RunMachine.races.{0, 0} Effect4.Program.EffName Effect4.Program.EffThunk
              Effect4.Machine.Val Effect4.Machine.Err Effect4.Machine.Defect Effect4.FiberId Effect4.Machine.Ann
              Effect4.Machine.Ctx Effect4.Machine.Stores
              (Effect4.Prim.{0, 0} Effect4.Program.EffName Effect4.Program.EffThunk Effect4.Machine.Val
                Effect4.Machine.Err Effect4.Machine.Defect Effect4.FiberId Effect4.Machine.Ann)
              (Effect4.FrameFiber.{0, 0} Effect4.Program.EffName Effect4.Program.EffThunk Effect4.Machine.Val
                Effect4.Machine.Err Effect4.Machine.Defect Effect4.FiberId Effect4.Machine.Ann)
              (Effect4.FrameEvent.{0, 0} Effect4.Program.EffName Effect4.Program.EffThunk Effect4.Machine.Val
                Effect4.Machine.Err Effect4.Machine.Defect Effect4.FiberId Effect4.Machine.Ann)
              m)
            (@Effect4.Machine.RunMachine.nextId.{0, 0} Effect4.Program.EffName Effect4.Program.EffThunk
              Effect4.Machine.Val Effect4.Machine.Err Effect4.Machine.Defect Effect4.FiberId Effect4.Machine.Ann
              Effect4.Machine.Ctx Effect4.Machine.Stores
              (Effect4.Prim.{0, 0} Effect4.Program.EffName Effect4.Program.EffThunk Effect4.Machine.Val
                Effect4.Machine.Err Effect4.Machine.Defect Effect4.FiberId Effect4.Machine.Ann)
              (Effect4.FrameFiber.{0, 0} Effect4.Program.EffName Effect4.Program.EffThunk Effect4.Machine.Val
                Effect4.Machine.Err Effect4.Machine.Defect Effect4.FiberId Effect4.Machine.Ann)
              (Effect4.FrameEvent.{0, 0} Effect4.Program.EffName Effect4.Program.EffThunk Effect4.Machine.Val
                Effect4.Machine.Err Effect4.Machine.Defect Effect4.FiberId Effect4.Machine.Ann)
              m)
            (@Effect4.Machine.RunMachine.nextToken.{0, 0} Effect4.Program.EffName Effect4.Program.EffThunk
              Effect4.Machine.Val Effect4.Machine.Err Effect4.Machine.Defect Effect4.FiberId Effect4.Machine.Ann
              Effect4.Machine.Ctx Effect4.Machine.Stores
              (Effect4.Prim.{0, 0} Effect4.Program.EffName Effect4.Program.EffThunk Effect4.Machine.Val
                Effect4.Machine.Err Effect4.Machine.Defect Effect4.FiberId Effect4.Machine.Ann)
              (Effect4.FrameFiber.{0, 0} Effect4.Program.EffName Effect4.Program.EffThunk Effect4.Machine.Val
                Effect4.Machine.Err Effect4.Machine.Defect Effect4.FiberId Effect4.Machine.Ann)
              (Effect4.FrameEvent.{0, 0} Effect4.Program.EffName Effect4.Program.EffThunk Effect4.Machine.Val
                Effect4.Machine.Err Effect4.Machine.Defect Effect4.FiberId Effect4.Machine.Ann)
              m)
            (@Effect4.Machine.RunMachine.nextRace.{0, 0} Effect4.Program.EffName Effect4.Program.EffThunk
              Effect4.Machine.Val Effect4.Machine.Err Effect4.Machine.Defect Effect4.FiberId Effect4.Machine.Ann
              Effect4.Machine.Ctx Effect4.Machine.Stores
              (Effect4.Prim.{0, 0} Effect4.Program.EffName Effect4.Program.EffThunk Effect4.Machine.Val
                Effect4.Machine.Err Effect4.Machine.Defect Effect4.FiberId Effect4.Machine.Ann)
              (Effect4.FrameFiber.{0, 0} Effect4.Program.EffName Effect4.Program.EffThunk Effect4.Machine.Val
                Effect4.Machine.Err Effect4.Machine.Defect Effect4.FiberId Effect4.Machine.Ann)
              (Effect4.FrameEvent.{0, 0} Effect4.Program.EffName Effect4.Program.EffThunk Effect4.Machine.Val
                Effect4.Machine.Err Effect4.Machine.Defect Effect4.FiberId Effect4.Machine.Ann)
              m)
            (@Effect4.Machine.RunMachine.middlewareInstalled.{0, 0} Effect4.Program.EffName Effect4.Program.EffThunk
              Effect4.Machine.Val Effect4.Machine.Err Effect4.Machine.Defect Effect4.FiberId Effect4.Machine.Ann
              Effect4.Machine.Ctx Effect4.Machine.Stores
              (Effect4.Prim.{0, 0} Effect4.Program.EffName Effect4.Program.EffThunk Effect4.Machine.Val
                Effect4.Machine.Err Effect4.Machine.Defect Effect4.FiberId Effect4.Machine.Ann)
              (Effect4.FrameFiber.{0, 0} Effect4.Program.EffName Effect4.Program.EffThunk Effect4.Machine.Val
                Effect4.Machine.Err Effect4.Machine.Defect Effect4.FiberId Effect4.Machine.Ann)
              (Effect4.FrameEvent.{0, 0} Effect4.Program.EffName Effect4.Program.EffThunk Effect4.Machine.Val
                Effect4.Machine.Err Effect4.Machine.Defect Effect4.FiberId Effect4.Machine.Ann)
              m)
            (@Effect4.Machine.RunMachine.armed.{0, 0} Effect4.Program.EffName Effect4.Program.EffThunk
              Effect4.Machine.Val Effect4.Machine.Err Effect4.Machine.Defect Effect4.FiberId Effect4.Machine.Ann
              Effect4.Machine.Ctx Effect4.Machine.Stores
              (Effect4.Prim.{0, 0} Effect4.Program.EffName Effect4.Program.EffThunk Effect4.Machine.Val
                Effect4.Machine.Err Effect4.Machine.Defect Effect4.FiberId Effect4.Machine.Ann)
              (Effect4.FrameFiber.{0, 0} Effect4.Program.EffName Effect4.Program.EffThunk Effect4.Machine.Val
                Effect4.Machine.Err Effect4.Machine.Defect Effect4.FiberId Effect4.Machine.Ann)
              (Effect4.FrameEvent.{0, 0} Effect4.Program.EffName Effect4.Program.EffThunk Effect4.Machine.Val
                Effect4.Machine.Err Effect4.Machine.Defect Effect4.FiberId Effect4.Machine.Ann)
              m)
            stores
            (@Effect4.Machine.RunMachine.trace.{0, 0} Effect4.Program.EffName Effect4.Program.EffThunk
              Effect4.Machine.Val Effect4.Machine.Err Effect4.Machine.Defect Effect4.FiberId Effect4.Machine.Ann
              Effect4.Machine.Ctx Effect4.Machine.Stores
              (Effect4.Prim.{0, 0} Effect4.Program.EffName Effect4.Program.EffThunk Effect4.Machine.Val
                Effect4.Machine.Err Effect4.Machine.Defect Effect4.FiberId Effect4.Machine.Ann)
              (Effect4.FrameFiber.{0, 0} Effect4.Program.EffName Effect4.Program.EffThunk Effect4.Machine.Val
                Effect4.Machine.Err Effect4.Machine.Defect Effect4.FiberId Effect4.Machine.Ann)
              (Effect4.FrameEvent.{0, 0} Effect4.Program.EffName Effect4.Program.EffThunk Effect4.Machine.Val
                Effect4.Machine.Err Effect4.Machine.Defect Effect4.FiberId Effect4.Machine.Ann)
              m)
            (@Effect4.Machine.RunMachine.stuck.{0, 0} Effect4.Program.EffName Effect4.Program.EffThunk
              Effect4.Machine.Val Effect4.Machine.Err Effect4.Machine.Defect Effect4.FiberId Effect4.Machine.Ann
              Effect4.Machine.Ctx Effect4.Machine.Stores
              (Effect4.Prim.{0, 0} Effect4.Program.EffName Effect4.Program.EffThunk Effect4.Machine.Val
                Effect4.Machine.Err Effect4.Machine.Defect Effect4.FiberId Effect4.Machine.Ann)
              (Effect4.FrameFiber.{0, 0} Effect4.Program.EffName Effect4.Program.EffThunk Effect4.Machine.Val
                Effect4.Machine.Err Effect4.Machine.Defect Effect4.FiberId Effect4.Machine.Ann)
              (Effect4.FrameEvent.{0, 0} Effect4.Program.EffName Effect4.Program.EffThunk Effect4.Machine.Val
                Effect4.Machine.Err Effect4.Machine.Defect Effect4.FiberId Effect4.Machine.Ann)
              m))
STATEMENT Effect4.Program.Guard.NativeState.M1.StateStep.storeFresh ∀ {m : Effect4.Program.NativeMachine},
  Effect4.Program.Guard.GuardState m →
    ∀ (stores : Effect4.Machine.Stores) (fiber : Effect4.FiberId),
      @HasSubset.Subset.{0} (List.{0} Effect4.Program.Guard.GuardKey)
          (@List.instHasSubset.{0} Effect4.Program.Guard.GuardKey) (Effect4.Program.Guard.storeKeys stores)
          (@HAppend.hAppend.{0, 0, 0} (List.{0} Effect4.Program.Guard.GuardKey)
            (List.{0} (Prod.{0, 0} Effect4.FiberId Nat)) (List.{0} Effect4.Program.Guard.GuardKey)
            (@instHAppendOfAppend.{0} (List.{0} Effect4.Program.Guard.GuardKey)
              (@List.instAppend.{0} Effect4.Program.Guard.GuardKey))
            (Effect4.Program.Guard.storeKeys
              (@Effect4.Machine.RunMachine.state.{0, 0} Effect4.Program.EffName Effect4.Program.EffThunk
                Effect4.Machine.Val Effect4.Machine.Err Effect4.Machine.Defect Effect4.FiberId Effect4.Machine.Ann
                Effect4.Machine.Ctx Effect4.Machine.Stores
                (Effect4.Prim.{0, 0} Effect4.Program.EffName Effect4.Program.EffThunk Effect4.Machine.Val
                  Effect4.Machine.Err Effect4.Machine.Defect Effect4.FiberId Effect4.Machine.Ann)
                (Effect4.FrameFiber.{0, 0} Effect4.Program.EffName Effect4.Program.EffThunk Effect4.Machine.Val
                  Effect4.Machine.Err Effect4.Machine.Defect Effect4.FiberId Effect4.Machine.Ann)
                (Effect4.FrameEvent.{0, 0} Effect4.Program.EffName Effect4.Program.EffThunk Effect4.Machine.Val
                  Effect4.Machine.Err Effect4.Machine.Defect Effect4.FiberId Effect4.Machine.Ann)
                m))
            (@List.cons.{0} (Prod.{0, 0} Effect4.FiberId Nat)
              (@Prod.mk.{0, 0} Effect4.FiberId Nat fiber
                (@Effect4.Machine.RunMachine.nextToken.{0, 0} Effect4.Program.EffName Effect4.Program.EffThunk
                  Effect4.Machine.Val Effect4.Machine.Err Effect4.Machine.Defect Effect4.FiberId Effect4.Machine.Ann
                  Effect4.Machine.Ctx Effect4.Machine.Stores
                  (Effect4.Prim.{0, 0} Effect4.Program.EffName Effect4.Program.EffThunk Effect4.Machine.Val
                    Effect4.Machine.Err Effect4.Machine.Defect Effect4.FiberId Effect4.Machine.Ann)
                  (Effect4.FrameFiber.{0, 0} Effect4.Program.EffName Effect4.Program.EffThunk Effect4.Machine.Val
                    Effect4.Machine.Err Effect4.Machine.Defect Effect4.FiberId Effect4.Machine.Ann)
                  (Effect4.FrameEvent.{0, 0} Effect4.Program.EffName Effect4.Program.EffThunk Effect4.Machine.Val
                    Effect4.Machine.Err Effect4.Machine.Defect Effect4.FiberId Effect4.Machine.Ann)
                  m))
              (@List.nil.{0} (Prod.{0, 0} Effect4.FiberId Nat)))) →
        Effect4.Program.Guard.NativeState.StateStep m
          (@Effect4.Machine.RunMachine.mk.{0, 0} Effect4.Program.EffName Effect4.Program.EffThunk Effect4.Machine.Val
            Effect4.Machine.Err Effect4.Machine.Defect Effect4.FiberId Effect4.Machine.Ann Effect4.Machine.Ctx
            Effect4.Machine.Stores
            (Effect4.Prim.{0, 0} Effect4.Program.EffName Effect4.Program.EffThunk Effect4.Machine.Val
              Effect4.Machine.Err Effect4.Machine.Defect Effect4.FiberId Effect4.Machine.Ann)
            (Effect4.FrameFiber.{0, 0} Effect4.Program.EffName Effect4.Program.EffThunk Effect4.Machine.Val
              Effect4.Machine.Err Effect4.Machine.Defect Effect4.FiberId Effect4.Machine.Ann)
            (Effect4.FrameEvent.{0, 0} Effect4.Program.EffName Effect4.Program.EffThunk Effect4.Machine.Val
              Effect4.Machine.Err Effect4.Machine.Defect Effect4.FiberId Effect4.Machine.Ann)
            (@Effect4.Machine.RunMachine.fibers.{0, 0} Effect4.Program.EffName Effect4.Program.EffThunk
              Effect4.Machine.Val Effect4.Machine.Err Effect4.Machine.Defect Effect4.FiberId Effect4.Machine.Ann
              Effect4.Machine.Ctx Effect4.Machine.Stores
              (Effect4.Prim.{0, 0} Effect4.Program.EffName Effect4.Program.EffThunk Effect4.Machine.Val
                Effect4.Machine.Err Effect4.Machine.Defect Effect4.FiberId Effect4.Machine.Ann)
              (Effect4.FrameFiber.{0, 0} Effect4.Program.EffName Effect4.Program.EffThunk Effect4.Machine.Val
                Effect4.Machine.Err Effect4.Machine.Defect Effect4.FiberId Effect4.Machine.Ann)
              (Effect4.FrameEvent.{0, 0} Effect4.Program.EffName Effect4.Program.EffThunk Effect4.Machine.Val
                Effect4.Machine.Err Effect4.Machine.Defect Effect4.FiberId Effect4.Machine.Ann)
              m)
            (@Effect4.Machine.RunMachine.races.{0, 0} Effect4.Program.EffName Effect4.Program.EffThunk
              Effect4.Machine.Val Effect4.Machine.Err Effect4.Machine.Defect Effect4.FiberId Effect4.Machine.Ann
              Effect4.Machine.Ctx Effect4.Machine.Stores
              (Effect4.Prim.{0, 0} Effect4.Program.EffName Effect4.Program.EffThunk Effect4.Machine.Val
                Effect4.Machine.Err Effect4.Machine.Defect Effect4.FiberId Effect4.Machine.Ann)
              (Effect4.FrameFiber.{0, 0} Effect4.Program.EffName Effect4.Program.EffThunk Effect4.Machine.Val
                Effect4.Machine.Err Effect4.Machine.Defect Effect4.FiberId Effect4.Machine.Ann)
              (Effect4.FrameEvent.{0, 0} Effect4.Program.EffName Effect4.Program.EffThunk Effect4.Machine.Val
                Effect4.Machine.Err Effect4.Machine.Defect Effect4.FiberId Effect4.Machine.Ann)
              m)
            (@Effect4.Machine.RunMachine.nextId.{0, 0} Effect4.Program.EffName Effect4.Program.EffThunk
              Effect4.Machine.Val Effect4.Machine.Err Effect4.Machine.Defect Effect4.FiberId Effect4.Machine.Ann
              Effect4.Machine.Ctx Effect4.Machine.Stores
              (Effect4.Prim.{0, 0} Effect4.Program.EffName Effect4.Program.EffThunk Effect4.Machine.Val
                Effect4.Machine.Err Effect4.Machine.Defect Effect4.FiberId Effect4.Machine.Ann)
              (Effect4.FrameFiber.{0, 0} Effect4.Program.EffName Effect4.Program.EffThunk Effect4.Machine.Val
                Effect4.Machine.Err Effect4.Machine.Defect Effect4.FiberId Effect4.Machine.Ann)
              (Effect4.FrameEvent.{0, 0} Effect4.Program.EffName Effect4.Program.EffThunk Effect4.Machine.Val
                Effect4.Machine.Err Effect4.Machine.Defect Effect4.FiberId Effect4.Machine.Ann)
              m)
            (@HAdd.hAdd.{0, 0, 0} Nat Nat Nat (@instHAdd.{0} Nat instAddNat)
              (@Effect4.Machine.RunMachine.nextToken.{0, 0} Effect4.Program.EffName Effect4.Program.EffThunk
                Effect4.Machine.Val Effect4.Machine.Err Effect4.Machine.Defect Effect4.FiberId Effect4.Machine.Ann
                Effect4.Machine.Ctx Effect4.Machine.Stores
                (Effect4.Prim.{0, 0} Effect4.Program.EffName Effect4.Program.EffThunk Effect4.Machine.Val
                  Effect4.Machine.Err Effect4.Machine.Defect Effect4.FiberId Effect4.Machine.Ann)
                (Effect4.FrameFiber.{0, 0} Effect4.Program.EffName Effect4.Program.EffThunk Effect4.Machine.Val
                  Effect4.Machine.Err Effect4.Machine.Defect Effect4.FiberId Effect4.Machine.Ann)
                (Effect4.FrameEvent.{0, 0} Effect4.Program.EffName Effect4.Program.EffThunk Effect4.Machine.Val
                  Effect4.Machine.Err Effect4.Machine.Defect Effect4.FiberId Effect4.Machine.Ann)
                m)
              (@OfNat.ofNat.{0} Nat (nat_lit 1) (instOfNatNat (nat_lit 1))))
            (@Effect4.Machine.RunMachine.nextRace.{0, 0} Effect4.Program.EffName Effect4.Program.EffThunk
              Effect4.Machine.Val Effect4.Machine.Err Effect4.Machine.Defect Effect4.FiberId Effect4.Machine.Ann
              Effect4.Machine.Ctx Effect4.Machine.Stores
              (Effect4.Prim.{0, 0} Effect4.Program.EffName Effect4.Program.EffThunk Effect4.Machine.Val
                Effect4.Machine.Err Effect4.Machine.Defect Effect4.FiberId Effect4.Machine.Ann)
              (Effect4.FrameFiber.{0, 0} Effect4.Program.EffName Effect4.Program.EffThunk Effect4.Machine.Val
                Effect4.Machine.Err Effect4.Machine.Defect Effect4.FiberId Effect4.Machine.Ann)
              (Effect4.FrameEvent.{0, 0} Effect4.Program.EffName Effect4.Program.EffThunk Effect4.Machine.Val
                Effect4.Machine.Err Effect4.Machine.Defect Effect4.FiberId Effect4.Machine.Ann)
              m)
            (@Effect4.Machine.RunMachine.middlewareInstalled.{0, 0} Effect4.Program.EffName Effect4.Program.EffThunk
              Effect4.Machine.Val Effect4.Machine.Err Effect4.Machine.Defect Effect4.FiberId Effect4.Machine.Ann
              Effect4.Machine.Ctx Effect4.Machine.Stores
              (Effect4.Prim.{0, 0} Effect4.Program.EffName Effect4.Program.EffThunk Effect4.Machine.Val
                Effect4.Machine.Err Effect4.Machine.Defect Effect4.FiberId Effect4.Machine.Ann)
              (Effect4.FrameFiber.{0, 0} Effect4.Program.EffName Effect4.Program.EffThunk Effect4.Machine.Val
                Effect4.Machine.Err Effect4.Machine.Defect Effect4.FiberId Effect4.Machine.Ann)
              (Effect4.FrameEvent.{0, 0} Effect4.Program.EffName Effect4.Program.EffThunk Effect4.Machine.Val
                Effect4.Machine.Err Effect4.Machine.Defect Effect4.FiberId Effect4.Machine.Ann)
              m)
            (@Effect4.Machine.RunMachine.armed.{0, 0} Effect4.Program.EffName Effect4.Program.EffThunk
              Effect4.Machine.Val Effect4.Machine.Err Effect4.Machine.Defect Effect4.FiberId Effect4.Machine.Ann
              Effect4.Machine.Ctx Effect4.Machine.Stores
              (Effect4.Prim.{0, 0} Effect4.Program.EffName Effect4.Program.EffThunk Effect4.Machine.Val
                Effect4.Machine.Err Effect4.Machine.Defect Effect4.FiberId Effect4.Machine.Ann)
              (Effect4.FrameFiber.{0, 0} Effect4.Program.EffName Effect4.Program.EffThunk Effect4.Machine.Val
                Effect4.Machine.Err Effect4.Machine.Defect Effect4.FiberId Effect4.Machine.Ann)
              (Effect4.FrameEvent.{0, 0} Effect4.Program.EffName Effect4.Program.EffThunk Effect4.Machine.Val
                Effect4.Machine.Err Effect4.Machine.Defect Effect4.FiberId Effect4.Machine.Ann)
              m)
            stores
            (@Effect4.Machine.RunMachine.trace.{0, 0} Effect4.Program.EffName Effect4.Program.EffThunk
              Effect4.Machine.Val Effect4.Machine.Err Effect4.Machine.Defect Effect4.FiberId Effect4.Machine.Ann
              Effect4.Machine.Ctx Effect4.Machine.Stores
              (Effect4.Prim.{0, 0} Effect4.Program.EffName Effect4.Program.EffThunk Effect4.Machine.Val
                Effect4.Machine.Err Effect4.Machine.Defect Effect4.FiberId Effect4.Machine.Ann)
              (Effect4.FrameFiber.{0, 0} Effect4.Program.EffName Effect4.Program.EffThunk Effect4.Machine.Val
                Effect4.Machine.Err Effect4.Machine.Defect Effect4.FiberId Effect4.Machine.Ann)
              (Effect4.FrameEvent.{0, 0} Effect4.Program.EffName Effect4.Program.EffThunk Effect4.Machine.Val
                Effect4.Machine.Err Effect4.Machine.Defect Effect4.FiberId Effect4.Machine.Ann)
              m)
            (@Effect4.Machine.RunMachine.stuck.{0, 0} Effect4.Program.EffName Effect4.Program.EffThunk
              Effect4.Machine.Val Effect4.Machine.Err Effect4.Machine.Defect Effect4.FiberId Effect4.Machine.Ann
              Effect4.Machine.Ctx Effect4.Machine.Stores
              (Effect4.Prim.{0, 0} Effect4.Program.EffName Effect4.Program.EffThunk Effect4.Machine.Val
                Effect4.Machine.Err Effect4.Machine.Defect Effect4.FiberId Effect4.Machine.Ann)
              (Effect4.FrameFiber.{0, 0} Effect4.Program.EffName Effect4.Program.EffThunk Effect4.Machine.Val
                Effect4.Machine.Err Effect4.Machine.Defect Effect4.FiberId Effect4.Machine.Ann)
              (Effect4.FrameEvent.{0, 0} Effect4.Program.EffName Effect4.Program.EffThunk Effect4.Machine.Val
                Effect4.Machine.Err Effect4.Machine.Defect Effect4.FiberId Effect4.Machine.Ann)
              m))
STATEMENT Effect4.Program.Guard.NativeState.M1.registerAsync_state ∀ (p : Effect4.Program.NativeEff)
  (table : Effect4.Program.RowTable) (completed : List.{0} (Prod.{0, 0} Effect4.FiberId Effect4.Machine.ExitV))
  (stores : Effect4.Machine.Stores) (name : Effect4.Program.EffName) (fiber : Effect4.FiberId) (token : Nat),
  @HasSubset.Subset.{0} (List.{0} Effect4.Program.Guard.GuardKey)
    (@List.instHasSubset.{0} Effect4.Program.Guard.GuardKey)
    (Effect4.Program.Guard.storeKeys
      (@Prod.fst.{0, 0} Effect4.Machine.Stores
        (Option.{0}
          (Effect4.Prim.{0, 0} Effect4.Program.EffName Effect4.Program.EffThunk Effect4.Machine.Val Effect4.Machine.Err
            Effect4.Machine.Defect Effect4.FiberId Effect4.Machine.Ann))
        (@Effect4.Machine.RunInterp.registerAsync.{0, 0} Effect4.Program.EffName Effect4.Program.EffThunk
          Effect4.Machine.Val Effect4.Machine.Err Effect4.Machine.Defect Effect4.FiberId Effect4.Machine.Ann
          Effect4.Machine.Ctx Effect4.Machine.Stores
          (Effect4.Prim.{0, 0} Effect4.Program.EffName Effect4.Program.EffThunk Effect4.Machine.Val Effect4.Machine.Err
            Effect4.Machine.Defect Effect4.FiberId Effect4.Machine.Ann)
          (Effect4.Program.interpAt p completed table) name fiber token stores)))
    (@HAppend.hAppend.{0, 0, 0} (List.{0} Effect4.Program.Guard.GuardKey) (List.{0} (Prod.{0, 0} Effect4.FiberId Nat))
      (List.{0} Effect4.Program.Guard.GuardKey)
      (@instHAppendOfAppend.{0} (List.{0} Effect4.Program.Guard.GuardKey)
        (@List.instAppend.{0} Effect4.Program.Guard.GuardKey))
      (Effect4.Program.Guard.storeKeys stores)
      (@List.cons.{0} (Prod.{0, 0} Effect4.FiberId Nat) (@Prod.mk.{0, 0} Effect4.FiberId Nat fiber token)
        (@List.nil.{0} (Prod.{0, 0} Effect4.FiberId Nat))))
STATEMENT Effect4.Program.Guard.NativeState.M1.registerExternal_storeKeys ∀ (p : Effect4.Program.NativeEff)
  (table : Effect4.Program.RowTable) (op : Effect4.Program.NativeOp) (request : Effect4.Machine.Val)
  (fiber : Effect4.FiberId) (token : Nat) (stores : Effect4.Machine.Stores),
  @Eq.{1} (List.{0} Effect4.Program.Guard.GuardKey)
    (Effect4.Program.Guard.storeKeys
      (@Prod.fst.{0, 0} Effect4.Machine.Stores
        (Option.{0}
          (Effect4.Prim.{0, 0} Effect4.Program.EffName Effect4.Program.EffThunk Effect4.Machine.Val Effect4.Machine.Err
            Effect4.Machine.Defect Effect4.FiberId Effect4.Machine.Ann))
        (@Effect4.Machine.RunInterp.registerAsync.{0, 0} Effect4.Program.EffName Effect4.Program.EffThunk
          Effect4.Machine.Val Effect4.Machine.Err Effect4.Machine.Defect Effect4.FiberId Effect4.Machine.Ann
          Effect4.Machine.Ctx Effect4.Machine.Stores
          (Effect4.Prim.{0, 0} Effect4.Program.EffName Effect4.Program.EffThunk Effect4.Machine.Val Effect4.Machine.Err
            Effect4.Machine.Defect Effect4.FiberId Effect4.Machine.Ann)
          (Effect4.Program.interpOf p table) (Effect4.Program.EffName.external op request) fiber token stores)))
    (Effect4.Program.Guard.storeKeys stores)
STATEMENT Effect4.Program.Guard.NativeState.M1.storeKeys_registerDeferred ∀ (stores : Effect4.Machine.Stores)
  (cell : Effect4.Machine.DeferredKey) (fiber : Effect4.FiberId) (token : Nat),
  @HasSubset.Subset.{0} (List.{0} Effect4.Program.Guard.GuardKey)
    (@List.instHasSubset.{0} Effect4.Program.Guard.GuardKey)
    (Effect4.Program.Guard.storeKeys
      { refs := stores.refs,
        deferreds :=
          @Prod.fst.{0, 0}
            (Effect4.Machine.DeferredStore
              (Effect4.Machine.Completion.{0, 0} Effect4.Machine.Val Effect4.Machine.Err Effect4.Machine.Defect
                Effect4.FiberId Effect4.Machine.Ann))
            (Option.{0}
              (Effect4.Machine.Completion.{0, 0} Effect4.Machine.Val Effect4.Machine.Err Effect4.Machine.Defect
                Effect4.FiberId Effect4.Machine.Ann))
            (@Effect4.Machine.DeferredStore.register
              (Effect4.Machine.Completion.{0, 0} Effect4.Machine.Val Effect4.Machine.Err Effect4.Machine.Defect
                Effect4.FiberId Effect4.Machine.Ann)
              stores.deferreds cell fiber token),
        scopes := stores.scopes, memo := stores.memo, timers := stores.timers, nextName := stores.nextName,
        externals := stores.externals })
    (@HAppend.hAppend.{0, 0, 0} (List.{0} Effect4.Program.Guard.GuardKey) (List.{0} (Prod.{0, 0} Effect4.FiberId Nat))
      (List.{0} Effect4.Program.Guard.GuardKey)
      (@instHAppendOfAppend.{0} (List.{0} Effect4.Program.Guard.GuardKey)
        (@List.instAppend.{0} Effect4.Program.Guard.GuardKey))
      (Effect4.Program.Guard.storeKeys stores)
      (@List.cons.{0} (Prod.{0, 0} Effect4.FiberId Nat) (@Prod.mk.{0, 0} Effect4.FiberId Nat fiber token)
        (@List.nil.{0} (Prod.{0, 0} Effect4.FiberId Nat))))
STATEMENT Effect4.Program.Guard.NativeState.M1.storeKeys_sleep ∀ (stores : Effect4.Machine.Stores)
  (fiber : Effect4.FiberId) (token : Nat) (millis : Effect4.ClockMillis),
  @HasSubset.Subset.{0} (List.{0} Effect4.Program.Guard.GuardKey)
    (@List.instHasSubset.{0} Effect4.Program.Guard.GuardKey)
    (Effect4.Program.Guard.storeKeys
      { refs := stores.refs, deferreds := stores.deferreds, scopes := stores.scopes, memo := stores.memo,
        timers := stores.timers.sleep fiber token millis, nextName := stores.nextName, externals := stores.externals })
    (@HAppend.hAppend.{0, 0, 0} (List.{0} Effect4.Program.Guard.GuardKey) (List.{0} (Prod.{0, 0} Effect4.FiberId Nat))
      (List.{0} Effect4.Program.Guard.GuardKey)
      (@instHAppendOfAppend.{0} (List.{0} Effect4.Program.Guard.GuardKey)
        (@List.instAppend.{0} Effect4.Program.Guard.GuardKey))
      (Effect4.Program.Guard.storeKeys stores)
      (@List.cons.{0} (Prod.{0, 0} Effect4.FiberId Nat) (@Prod.mk.{0, 0} Effect4.FiberId Nat fiber token)
        (@List.nil.{0} (Prod.{0, 0} Effect4.FiberId Nat))))
STATEMENT Effect4.Program.Guard.NativeState.M1Origin.StateStep.beginRace ∀ (p : Effect4.Program.NativeEff)
  (table : Effect4.Program.RowTable) (completed : List.{0} (Prod.{0, 0} Effect4.FiberId Effect4.Machine.ExitV))
  {m : Effect4.Program.NativeMachine},
  Effect4.Program.Guard.GuardState m →
    ∀ (f : Effect4.Program.Guard.NFiber) (yielding : Bool) (entrants : List.{0} Effect4.Program.NCode),
      (@Exists.{1}
          (Effect4.Machine.RunFiber.{0, 0} Effect4.Program.EffName Effect4.Program.EffThunk Effect4.Machine.Val
            Effect4.Machine.Err Effect4.Machine.Defect Effect4.FiberId Effect4.Machine.Ann Effect4.Machine.Ctx
            (Effect4.Prim.{0, 0} Effect4.Program.EffName Effect4.Program.EffThunk Effect4.Machine.Val
              Effect4.Machine.Err Effect4.Machine.Defect Effect4.FiberId Effect4.Machine.Ann)
            (Effect4.FrameFiber.{0, 0} Effect4.Program.EffName Effect4.Program.EffThunk Effect4.Machine.Val
              Effect4.Machine.Err Effect4.Machine.Defect Effect4.FiberId Effect4.Machine.Ann))
          fun saved =>
          @Eq.{1}
            (Option.{0}
              (Effect4.Machine.RunFiber.{0, 0} Effect4.Program.EffName Effect4.Program.EffThunk Effect4.Machine.Val
                Effect4.Machine.Err Effect4.Machine.Defect Effect4.FiberId Effect4.Machine.Ann Effect4.Machine.Ctx
                (Effect4.Prim.{0, 0} Effect4.Program.EffName Effect4.Program.EffThunk Effect4.Machine.Val
                  Effect4.Machine.Err Effect4.Machine.Defect Effect4.FiberId Effect4.Machine.Ann)
                (Effect4.FrameFiber.{0, 0} Effect4.Program.EffName Effect4.Program.EffThunk Effect4.Machine.Val
                  Effect4.Machine.Err Effect4.Machine.Defect Effect4.FiberId Effect4.Machine.Ann)))
            (@Effect4.Machine.RunMachine.fiber?.{0, 0} Effect4.Program.EffName Effect4.Program.EffThunk
              Effect4.Machine.Val Effect4.Machine.Err Effect4.Machine.Defect Effect4.FiberId Effect4.Machine.Ann
              Effect4.Machine.Ctx Effect4.Machine.Stores
              (Effect4.Prim.{0, 0} Effect4.Program.EffName Effect4.Program.EffThunk Effect4.Machine.Val
                Effect4.Machine.Err Effect4.Machine.Defect Effect4.FiberId Effect4.Machine.Ann)
              (Effect4.FrameFiber.{0, 0} Effect4.Program.EffName Effect4.Program.EffThunk Effect4.Machine.Val
                Effect4.Machine.Err Effect4.Machine.Defect Effect4.FiberId Effect4.Machine.Ann)
              (Effect4.FrameEvent.{0, 0} Effect4.Program.EffName Effect4.Program.EffThunk Effect4.Machine.Val
                Effect4.Machine.Err Effect4.Machine.Defect Effect4.FiberId Effect4.Machine.Ann)
              m
              (@Effect4.Machine.RunFiber.id.{0, 0} Effect4.Program.EffName Effect4.Program.EffThunk Effect4.Machine.Val
                Effect4.Machine.Err Effect4.Machine.Defect Effect4.FiberId Effect4.Machine.Ann Effect4.Machine.Ctx
                (Effect4.Prim.{0, 0} Effect4.Program.EffName Effect4.Program.EffThunk Effect4.Machine.Val
                  Effect4.Machine.Err Effect4.Machine.Defect Effect4.FiberId Effect4.Machine.Ann)
                (Effect4.FrameFiber.{0, 0} Effect4.Program.EffName Effect4.Program.EffThunk Effect4.Machine.Val
                  Effect4.Machine.Err Effect4.Machine.Defect Effect4.FiberId Effect4.Machine.Ann)
                f))
            (@Option.some.{0}
              (Effect4.Machine.RunFiber.{0, 0} Effect4.Program.EffName Effect4.Program.EffThunk Effect4.Machine.Val
                Effect4.Machine.Err Effect4.Machine.Defect Effect4.FiberId Effect4.Machine.Ann Effect4.Machine.Ctx
                (Effect4.Prim.{0, 0} Effect4.Program.EffName Effect4.Program.EffThunk Effect4.Machine.Val
                  Effect4.Machine.Err Effect4.Machine.Defect Effect4.FiberId Effect4.Machine.Ann)
                (Effect4.FrameFiber.{0, 0} Effect4.Program.EffName Effect4.Program.EffThunk Effect4.Machine.Val
                  Effect4.Machine.Err Effect4.Machine.Defect Effect4.FiberId Effect4.Machine.Ann))
              saved)) →
        (∀ (code : Effect4.Program.NCode),
            @Membership.mem.{0, 0} Effect4.Program.NCode (List.{0} Effect4.Program.NCode)
                (@List.instMembership.{0} Effect4.Program.NCode) entrants code →
              @Eq.{1} (List.{0} Nat) (Effect4.Program.Guard.raceSites code) (@List.nil.{0} Nat)) →
          ∀ (site : optParam.{1} (Option.{0} (List.{0} Nat)) (@Option.none.{0} (List.{0} Nat))),
            Effect4.Program.Guard.NativeState.StateStep m
              (@Effect4.Machine.Iter.machine.{0, 0} Effect4.Program.EffName Effect4.Program.EffThunk Effect4.Machine.Val
                Effect4.Machine.Err Effect4.Machine.Defect Effect4.FiberId Effect4.Machine.Ann Effect4.Machine.Ctx
                Effect4.Machine.Stores
                (Effect4.Prim.{0, 0} Effect4.Program.EffName Effect4.Program.EffThunk Effect4.Machine.Val
                  Effect4.Machine.Err Effect4.Machine.Defect Effect4.FiberId Effect4.Machine.Ann)
                (Effect4.FrameFiber.{0, 0} Effect4.Program.EffName Effect4.Program.EffThunk Effect4.Machine.Val
                  Effect4.Machine.Err Effect4.Machine.Defect Effect4.FiberId Effect4.Machine.Ann)
                (Effect4.FrameEvent.{0, 0} Effect4.Program.EffName Effect4.Program.EffThunk Effect4.Machine.Val
                  Effect4.Machine.Err Effect4.Machine.Defect Effect4.FiberId Effect4.Machine.Ann)
                (@Effect4.Machine.beginRace.{0, 0} Effect4.Program.EffName Effect4.Program.EffThunk Effect4.Machine.Val
                  Effect4.Machine.Err Effect4.Machine.Defect Effect4.FiberId Effect4.Machine.Ann Effect4.Machine.Ctx
                  Effect4.Machine.Stores
                  (Effect4.Prim.{0, 0} Effect4.Program.EffName Effect4.Program.EffThunk Effect4.Machine.Val
                    Effect4.Machine.Err Effect4.Machine.Defect Effect4.FiberId Effect4.Machine.Ann)
                  (Effect4.FrameFiber.{0, 0} Effect4.Program.EffName Effect4.Program.EffThunk Effect4.Machine.Val
                    Effect4.Machine.Err Effect4.Machine.Defect Effect4.FiberId Effect4.Machine.Ann)
                  (Effect4.FrameEvent.{0, 0} Effect4.Program.EffName Effect4.Program.EffThunk Effect4.Machine.Val
                    Effect4.Machine.Err Effect4.Machine.Defect Effect4.FiberId Effect4.Machine.Ann)
                  (@Effect4.Machine.frameCore.{0, 0} Effect4.Program.EffName Effect4.Program.EffThunk
                    Effect4.Machine.Val Effect4.Machine.Err Effect4.Machine.Defect Effect4.FiberId Effect4.Machine.Ann)
                  (Effect4.Program.interpAt p completed table) m f yielding entrants site))
STATEMENT Effect4.Program.Guard.NativeState.M1Origin.StateStep.spawn ∀ (p : Effect4.Program.NativeEff)
  (table : Effect4.Program.RowTable) (completed : List.{0} (Prod.{0, 0} Effect4.FiberId Effect4.Machine.ExitV))
  {m : Effect4.Program.NativeMachine},
  Effect4.Program.Guard.GuardState m →
    ∀ (f : Effect4.Program.Guard.NFiber) (code : Effect4.Program.NCode),
      @Eq.{1} (List.{0} Nat) (Effect4.Program.Guard.raceSites code) (@List.nil.{0} Nat) →
        ∀ (options : Effect4.Supervision.ForkOptions) (site : optParam.{1} (List.{0} Nat) (@List.nil.{0} Nat)),
          Effect4.Program.Guard.NativeState.StateStep m
            (@Prod.fst.{0, 0}
              (Effect4.Machine.RunMachine.{0, 0} Effect4.Program.EffName Effect4.Program.EffThunk Effect4.Machine.Val
                Effect4.Machine.Err Effect4.Machine.Defect Effect4.FiberId Effect4.Machine.Ann Effect4.Machine.Ctx
                Effect4.Machine.Stores
                (Effect4.Prim.{0, 0} Effect4.Program.EffName Effect4.Program.EffThunk Effect4.Machine.Val
                  Effect4.Machine.Err Effect4.Machine.Defect Effect4.FiberId Effect4.Machine.Ann)
                (Effect4.FrameFiber.{0, 0} Effect4.Program.EffName Effect4.Program.EffThunk Effect4.Machine.Val
                  Effect4.Machine.Err Effect4.Machine.Defect Effect4.FiberId Effect4.Machine.Ann)
                (Effect4.FrameEvent.{0, 0} Effect4.Program.EffName Effect4.Program.EffThunk Effect4.Machine.Val
                  Effect4.Machine.Err Effect4.Machine.Defect Effect4.FiberId Effect4.Machine.Ann))
              (Prod.{0, 0}
                (Effect4.Machine.RunFiber.{0, 0} Effect4.Program.EffName Effect4.Program.EffThunk Effect4.Machine.Val
                  Effect4.Machine.Err Effect4.Machine.Defect Effect4.FiberId Effect4.Machine.Ann Effect4.Machine.Ctx
                  (Effect4.Prim.{0, 0} Effect4.Program.EffName Effect4.Program.EffThunk Effect4.Machine.Val
                    Effect4.Machine.Err Effect4.Machine.Defect Effect4.FiberId Effect4.Machine.Ann)
                  (Effect4.FrameFiber.{0, 0} Effect4.Program.EffName Effect4.Program.EffThunk Effect4.Machine.Val
                    Effect4.Machine.Err Effect4.Machine.Defect Effect4.FiberId Effect4.Machine.Ann))
                Effect4.FiberId)
              (@Effect4.Machine.spawn.{0, 0} Effect4.Program.EffName Effect4.Program.EffThunk Effect4.Machine.Val
                Effect4.Machine.Err Effect4.Machine.Defect Effect4.FiberId Effect4.Machine.Ann Effect4.Machine.Ctx
                Effect4.Machine.Stores
                (Effect4.Prim.{0, 0} Effect4.Program.EffName Effect4.Program.EffThunk Effect4.Machine.Val
                  Effect4.Machine.Err Effect4.Machine.Defect Effect4.FiberId Effect4.Machine.Ann)
                (Effect4.FrameFiber.{0, 0} Effect4.Program.EffName Effect4.Program.EffThunk Effect4.Machine.Val
                  Effect4.Machine.Err Effect4.Machine.Defect Effect4.FiberId Effect4.Machine.Ann)
                (Effect4.FrameEvent.{0, 0} Effect4.Program.EffName Effect4.Program.EffThunk Effect4.Machine.Val
                  Effect4.Machine.Err Effect4.Machine.Defect Effect4.FiberId Effect4.Machine.Ann)
                (@Effect4.Machine.frameCore.{0, 0} Effect4.Program.EffName Effect4.Program.EffThunk Effect4.Machine.Val
                  Effect4.Machine.Err Effect4.Machine.Defect Effect4.FiberId Effect4.Machine.Ann)
                (Effect4.Program.interpAt p completed table) m f code options site))
STATEMENT Effect4.Program.Guard.NativeState.M1Results.countdown ∀ (p : Effect4.Program.NativeEff)
  (table : Effect4.Program.RowTable) (completed : List.{0} (Prod.{0, 0} Effect4.FiberId Effect4.Machine.ExitV))
  {m : Effect4.Program.NativeMachine},
  Effect4.Program.Guard.GuardState m →
    ∀ (f : Effect4.Program.Guard.NFiber) (targets : List.{0} Effect4.FiberId)
      (resumeWith : Effect4.Machine.Resume.{0} Effect4.Program.EffName) (failFast : Bool)
      (after : Effect4.Program.NativeMachine) (next : Effect4.Program.Guard.NFiber) (parked : Bool),
      @Eq.{1}
          (Prod.{0, 0}
            (Effect4.Machine.RunMachine.{0, 0} Effect4.Program.EffName Effect4.Program.EffThunk Effect4.Machine.Val
              Effect4.Machine.Err Effect4.Machine.Defect Effect4.FiberId Effect4.Machine.Ann Effect4.Machine.Ctx
              Effect4.Machine.Stores
              (Effect4.Prim.{0, 0} Effect4.Program.EffName Effect4.Program.EffThunk Effect4.Machine.Val
                Effect4.Machine.Err Effect4.Machine.Defect Effect4.FiberId Effect4.Machine.Ann)
              (Effect4.FrameFiber.{0, 0} Effect4.Program.EffName Effect4.Program.EffThunk Effect4.Machine.Val
                Effect4.Machine.Err Effect4.Machine.Defect Effect4.FiberId Effect4.Machine.Ann)
              (Effect4.FrameEvent.{0, 0} Effect4.Program.EffName Effect4.Program.EffThunk Effect4.Machine.Val
                Effect4.Machine.Err Effect4.Machine.Defect Effect4.FiberId Effect4.Machine.Ann))
            (Prod.{0, 0}
              (Effect4.Machine.RunFiber.{0, 0} Effect4.Program.EffName Effect4.Program.EffThunk Effect4.Machine.Val
                Effect4.Machine.Err Effect4.Machine.Defect Effect4.FiberId Effect4.Machine.Ann Effect4.Machine.Ctx
                (Effect4.Prim.{0, 0} Effect4.Program.EffName Effect4.Program.EffThunk Effect4.Machine.Val
                  Effect4.Machine.Err Effect4.Machine.Defect Effect4.FiberId Effect4.Machine.Ann)
                (Effect4.FrameFiber.{0, 0} Effect4.Program.EffName Effect4.Program.EffThunk Effect4.Machine.Val
                  Effect4.Machine.Err Effect4.Machine.Defect Effect4.FiberId Effect4.Machine.Ann))
              Bool))
          (@Effect4.Machine.countdownPark.{0, 0} Effect4.Program.EffName Effect4.Program.EffThunk Effect4.Machine.Val
            Effect4.Machine.Err Effect4.Machine.Defect Effect4.FiberId Effect4.Machine.Ann Effect4.Machine.Ctx
            Effect4.Machine.Stores
            (Effect4.Prim.{0, 0} Effect4.Program.EffName Effect4.Program.EffThunk Effect4.Machine.Val
              Effect4.Machine.Err Effect4.Machine.Defect Effect4.FiberId Effect4.Machine.Ann)
            (Effect4.FrameFiber.{0, 0} Effect4.Program.EffName Effect4.Program.EffThunk Effect4.Machine.Val
              Effect4.Machine.Err Effect4.Machine.Defect Effect4.FiberId Effect4.Machine.Ann)
            (Effect4.FrameEvent.{0, 0} Effect4.Program.EffName Effect4.Program.EffThunk Effect4.Machine.Val
              Effect4.Machine.Err Effect4.Machine.Defect Effect4.FiberId Effect4.Machine.Ann)
            (@Effect4.Machine.frameCore.{0, 0} Effect4.Program.EffName Effect4.Program.EffThunk Effect4.Machine.Val
              Effect4.Machine.Err Effect4.Machine.Defect Effect4.FiberId Effect4.Machine.Ann)
            (Effect4.Program.interpAt p completed table) m f targets resumeWith failFast)
          (@Prod.mk.{0, 0} Effect4.Program.NativeMachine (Prod.{0, 0} Effect4.Program.Guard.NFiber Bool) after
            (@Prod.mk.{0, 0} Effect4.Program.Guard.NFiber Bool next parked)) →
        Effect4.Program.Guard.NativeState.StateStep m after
STATEMENT Effect4.Program.Guard.NativeState.M1Results.registerAsync ∀ (p : Effect4.Program.NativeEff)
  (table : Effect4.Program.RowTable) (completed : List.{0} (Prod.{0, 0} Effect4.FiberId Effect4.Machine.ExitV))
  {m : Effect4.Program.NativeMachine},
  Effect4.Program.Guard.GuardState m →
    ∀ (name : Effect4.Program.EffName) (fiber : Effect4.FiberId),
      Effect4.Program.Guard.NativeState.StateStep m
        (@Effect4.Machine.RunMachine.mk.{0, 0} Effect4.Program.EffName Effect4.Program.EffThunk Effect4.Machine.Val
          Effect4.Machine.Err Effect4.Machine.Defect Effect4.FiberId Effect4.Machine.Ann Effect4.Machine.Ctx
          Effect4.Machine.Stores
          (Effect4.Prim.{0, 0} Effect4.Program.EffName Effect4.Program.EffThunk Effect4.Machine.Val Effect4.Machine.Err
            Effect4.Machine.Defect Effect4.FiberId Effect4.Machine.Ann)
          (Effect4.FrameFiber.{0, 0} Effect4.Program.EffName Effect4.Program.EffThunk Effect4.Machine.Val
            Effect4.Machine.Err Effect4.Machine.Defect Effect4.FiberId Effect4.Machine.Ann)
          (Effect4.FrameEvent.{0, 0} Effect4.Program.EffName Effect4.Program.EffThunk Effect4.Machine.Val
            Effect4.Machine.Err Effect4.Machine.Defect Effect4.FiberId Effect4.Machine.Ann)
          (@Effect4.Machine.RunMachine.fibers.{0, 0} Effect4.Program.EffName Effect4.Program.EffThunk
            Effect4.Machine.Val Effect4.Machine.Err Effect4.Machine.Defect Effect4.FiberId Effect4.Machine.Ann
            Effect4.Machine.Ctx Effect4.Machine.Stores
            (Effect4.Prim.{0, 0} Effect4.Program.EffName Effect4.Program.EffThunk Effect4.Machine.Val
              Effect4.Machine.Err Effect4.Machine.Defect Effect4.FiberId Effect4.Machine.Ann)
            (Effect4.FrameFiber.{0, 0} Effect4.Program.EffName Effect4.Program.EffThunk Effect4.Machine.Val
              Effect4.Machine.Err Effect4.Machine.Defect Effect4.FiberId Effect4.Machine.Ann)
            (Effect4.FrameEvent.{0, 0} Effect4.Program.EffName Effect4.Program.EffThunk Effect4.Machine.Val
              Effect4.Machine.Err Effect4.Machine.Defect Effect4.FiberId Effect4.Machine.Ann)
            m)
          (@Effect4.Machine.RunMachine.races.{0, 0} Effect4.Program.EffName Effect4.Program.EffThunk Effect4.Machine.Val
            Effect4.Machine.Err Effect4.Machine.Defect Effect4.FiberId Effect4.Machine.Ann Effect4.Machine.Ctx
            Effect4.Machine.Stores
            (Effect4.Prim.{0, 0} Effect4.Program.EffName Effect4.Program.EffThunk Effect4.Machine.Val
              Effect4.Machine.Err Effect4.Machine.Defect Effect4.FiberId Effect4.Machine.Ann)
            (Effect4.FrameFiber.{0, 0} Effect4.Program.EffName Effect4.Program.EffThunk Effect4.Machine.Val
              Effect4.Machine.Err Effect4.Machine.Defect Effect4.FiberId Effect4.Machine.Ann)
            (Effect4.FrameEvent.{0, 0} Effect4.Program.EffName Effect4.Program.EffThunk Effect4.Machine.Val
              Effect4.Machine.Err Effect4.Machine.Defect Effect4.FiberId Effect4.Machine.Ann)
            m)
          (@Effect4.Machine.RunMachine.nextId.{0, 0} Effect4.Program.EffName Effect4.Program.EffThunk
            Effect4.Machine.Val Effect4.Machine.Err Effect4.Machine.Defect Effect4.FiberId Effect4.Machine.Ann
            Effect4.Machine.Ctx Effect4.Machine.Stores
            (Effect4.Prim.{0, 0} Effect4.Program.EffName Effect4.Program.EffThunk Effect4.Machine.Val
              Effect4.Machine.Err Effect4.Machine.Defect Effect4.FiberId Effect4.Machine.Ann)
            (Effect4.FrameFiber.{0, 0} Effect4.Program.EffName Effect4.Program.EffThunk Effect4.Machine.Val
              Effect4.Machine.Err Effect4.Machine.Defect Effect4.FiberId Effect4.Machine.Ann)
            (Effect4.FrameEvent.{0, 0} Effect4.Program.EffName Effect4.Program.EffThunk Effect4.Machine.Val
              Effect4.Machine.Err Effect4.Machine.Defect Effect4.FiberId Effect4.Machine.Ann)
            m)
          (@HAdd.hAdd.{0, 0, 0} Nat Nat Nat (@instHAdd.{0} Nat instAddNat)
            (@Effect4.Machine.RunMachine.nextToken.{0, 0} Effect4.Program.EffName Effect4.Program.EffThunk
              Effect4.Machine.Val Effect4.Machine.Err Effect4.Machine.Defect Effect4.FiberId Effect4.Machine.Ann
              Effect4.Machine.Ctx Effect4.Machine.Stores
              (Effect4.Prim.{0, 0} Effect4.Program.EffName Effect4.Program.EffThunk Effect4.Machine.Val
                Effect4.Machine.Err Effect4.Machine.Defect Effect4.FiberId Effect4.Machine.Ann)
              (Effect4.FrameFiber.{0, 0} Effect4.Program.EffName Effect4.Program.EffThunk Effect4.Machine.Val
                Effect4.Machine.Err Effect4.Machine.Defect Effect4.FiberId Effect4.Machine.Ann)
              (Effect4.FrameEvent.{0, 0} Effect4.Program.EffName Effect4.Program.EffThunk Effect4.Machine.Val
                Effect4.Machine.Err Effect4.Machine.Defect Effect4.FiberId Effect4.Machine.Ann)
              m)
            (@OfNat.ofNat.{0} Nat (nat_lit 1) (instOfNatNat (nat_lit 1))))
          (@Effect4.Machine.RunMachine.nextRace.{0, 0} Effect4.Program.EffName Effect4.Program.EffThunk
            Effect4.Machine.Val Effect4.Machine.Err Effect4.Machine.Defect Effect4.FiberId Effect4.Machine.Ann
            Effect4.Machine.Ctx Effect4.Machine.Stores
            (Effect4.Prim.{0, 0} Effect4.Program.EffName Effect4.Program.EffThunk Effect4.Machine.Val
              Effect4.Machine.Err Effect4.Machine.Defect Effect4.FiberId Effect4.Machine.Ann)
            (Effect4.FrameFiber.{0, 0} Effect4.Program.EffName Effect4.Program.EffThunk Effect4.Machine.Val
              Effect4.Machine.Err Effect4.Machine.Defect Effect4.FiberId Effect4.Machine.Ann)
            (Effect4.FrameEvent.{0, 0} Effect4.Program.EffName Effect4.Program.EffThunk Effect4.Machine.Val
              Effect4.Machine.Err Effect4.Machine.Defect Effect4.FiberId Effect4.Machine.Ann)
            m)
          (@Effect4.Machine.RunMachine.middlewareInstalled.{0, 0} Effect4.Program.EffName Effect4.Program.EffThunk
            Effect4.Machine.Val Effect4.Machine.Err Effect4.Machine.Defect Effect4.FiberId Effect4.Machine.Ann
            Effect4.Machine.Ctx Effect4.Machine.Stores
            (Effect4.Prim.{0, 0} Effect4.Program.EffName Effect4.Program.EffThunk Effect4.Machine.Val
              Effect4.Machine.Err Effect4.Machine.Defect Effect4.FiberId Effect4.Machine.Ann)
            (Effect4.FrameFiber.{0, 0} Effect4.Program.EffName Effect4.Program.EffThunk Effect4.Machine.Val
              Effect4.Machine.Err Effect4.Machine.Defect Effect4.FiberId Effect4.Machine.Ann)
            (Effect4.FrameEvent.{0, 0} Effect4.Program.EffName Effect4.Program.EffThunk Effect4.Machine.Val
              Effect4.Machine.Err Effect4.Machine.Defect Effect4.FiberId Effect4.Machine.Ann)
            m)
          (@Effect4.Machine.RunMachine.armed.{0, 0} Effect4.Program.EffName Effect4.Program.EffThunk Effect4.Machine.Val
            Effect4.Machine.Err Effect4.Machine.Defect Effect4.FiberId Effect4.Machine.Ann Effect4.Machine.Ctx
            Effect4.Machine.Stores
            (Effect4.Prim.{0, 0} Effect4.Program.EffName Effect4.Program.EffThunk Effect4.Machine.Val
              Effect4.Machine.Err Effect4.Machine.Defect Effect4.FiberId Effect4.Machine.Ann)
            (Effect4.FrameFiber.{0, 0} Effect4.Program.EffName Effect4.Program.EffThunk Effect4.Machine.Val
              Effect4.Machine.Err Effect4.Machine.Defect Effect4.FiberId Effect4.Machine.Ann)
            (Effect4.FrameEvent.{0, 0} Effect4.Program.EffName Effect4.Program.EffThunk Effect4.Machine.Val
              Effect4.Machine.Err Effect4.Machine.Defect Effect4.FiberId Effect4.Machine.Ann)
            m)
          (@Prod.fst.{0, 0} Effect4.Machine.Stores
            (Option.{0}
              (Effect4.Prim.{0, 0} Effect4.Program.EffName Effect4.Program.EffThunk Effect4.Machine.Val
                Effect4.Machine.Err Effect4.Machine.Defect Effect4.FiberId Effect4.Machine.Ann))
            (@Effect4.Machine.RunInterp.registerAsync.{0, 0} Effect4.Program.EffName Effect4.Program.EffThunk
              Effect4.Machine.Val Effect4.Machine.Err Effect4.Machine.Defect Effect4.FiberId Effect4.Machine.Ann
              Effect4.Machine.Ctx Effect4.Machine.Stores
              (Effect4.Prim.{0, 0} Effect4.Program.EffName Effect4.Program.EffThunk Effect4.Machine.Val
                Effect4.Machine.Err Effect4.Machine.Defect Effect4.FiberId Effect4.Machine.Ann)
              (Effect4.Program.interpAt p completed table) name fiber
              (@Effect4.Machine.RunMachine.nextToken.{0, 0} Effect4.Program.EffName Effect4.Program.EffThunk
                Effect4.Machine.Val Effect4.Machine.Err Effect4.Machine.Defect Effect4.FiberId Effect4.Machine.Ann
                Effect4.Machine.Ctx Effect4.Machine.Stores
                (Effect4.Prim.{0, 0} Effect4.Program.EffName Effect4.Program.EffThunk Effect4.Machine.Val
                  Effect4.Machine.Err Effect4.Machine.Defect Effect4.FiberId Effect4.Machine.Ann)
                (Effect4.FrameFiber.{0, 0} Effect4.Program.EffName Effect4.Program.EffThunk Effect4.Machine.Val
                  Effect4.Machine.Err Effect4.Machine.Defect Effect4.FiberId Effect4.Machine.Ann)
                (Effect4.FrameEvent.{0, 0} Effect4.Program.EffName Effect4.Program.EffThunk Effect4.Machine.Val
                  Effect4.Machine.Err Effect4.Machine.Defect Effect4.FiberId Effect4.Machine.Ann)
                m)
              (@Effect4.Machine.RunMachine.state.{0, 0} Effect4.Program.EffName Effect4.Program.EffThunk
                Effect4.Machine.Val Effect4.Machine.Err Effect4.Machine.Defect Effect4.FiberId Effect4.Machine.Ann
                Effect4.Machine.Ctx Effect4.Machine.Stores
                (Effect4.Prim.{0, 0} Effect4.Program.EffName Effect4.Program.EffThunk Effect4.Machine.Val
                  Effect4.Machine.Err Effect4.Machine.Defect Effect4.FiberId Effect4.Machine.Ann)
                (Effect4.FrameFiber.{0, 0} Effect4.Program.EffName Effect4.Program.EffThunk Effect4.Machine.Val
                  Effect4.Machine.Err Effect4.Machine.Defect Effect4.FiberId Effect4.Machine.Ann)
                (Effect4.FrameEvent.{0, 0} Effect4.Program.EffName Effect4.Program.EffThunk Effect4.Machine.Val
                  Effect4.Machine.Err Effect4.Machine.Defect Effect4.FiberId Effect4.Machine.Ann)
                m)))
          (@Effect4.Machine.RunMachine.trace.{0, 0} Effect4.Program.EffName Effect4.Program.EffThunk Effect4.Machine.Val
            Effect4.Machine.Err Effect4.Machine.Defect Effect4.FiberId Effect4.Machine.Ann Effect4.Machine.Ctx
            Effect4.Machine.Stores
            (Effect4.Prim.{0, 0} Effect4.Program.EffName Effect4.Program.EffThunk Effect4.Machine.Val
              Effect4.Machine.Err Effect4.Machine.Defect Effect4.FiberId Effect4.Machine.Ann)
            (Effect4.FrameFiber.{0, 0} Effect4.Program.EffName Effect4.Program.EffThunk Effect4.Machine.Val
              Effect4.Machine.Err Effect4.Machine.Defect Effect4.FiberId Effect4.Machine.Ann)
            (Effect4.FrameEvent.{0, 0} Effect4.Program.EffName Effect4.Program.EffThunk Effect4.Machine.Val
              Effect4.Machine.Err Effect4.Machine.Defect Effect4.FiberId Effect4.Machine.Ann)
            m)
          (@Effect4.Machine.RunMachine.stuck.{0, 0} Effect4.Program.EffName Effect4.Program.EffThunk Effect4.Machine.Val
            Effect4.Machine.Err Effect4.Machine.Defect Effect4.FiberId Effect4.Machine.Ann Effect4.Machine.Ctx
            Effect4.Machine.Stores
            (Effect4.Prim.{0, 0} Effect4.Program.EffName Effect4.Program.EffThunk Effect4.Machine.Val
              Effect4.Machine.Err Effect4.Machine.Defect Effect4.FiberId Effect4.Machine.Ann)
            (Effect4.FrameFiber.{0, 0} Effect4.Program.EffName Effect4.Program.EffThunk Effect4.Machine.Val
              Effect4.Machine.Err Effect4.Machine.Defect Effect4.FiberId Effect4.Machine.Ann)
            (Effect4.FrameEvent.{0, 0} Effect4.Program.EffName Effect4.Program.EffThunk Effect4.Machine.Val
              Effect4.Machine.Err Effect4.Machine.Defect Effect4.FiberId Effect4.Machine.Ann)
            m))
STATEMENT Effect4.Program.Guard.NativeStateLinks.M1Origin.Links.beginRace ∀
  (interp : Effect4.Program.Guard.NativeStateLinks.NInterp) (m : Effect4.Program.NativeMachine)
  (f : Effect4.Program.Guard.NFiber) (yielding : Bool) (codes : List.{0} Effect4.Program.NCode)
  (site : optParam.{1} (Option.{0} (List.{0} Nat)) (@Option.none.{0} (List.{0} Nat))),
  Effect4.Program.Guard.NativeStateLinks.Links m
    (@Effect4.Machine.Iter.machine.{0, 0} Effect4.Program.EffName Effect4.Program.EffThunk Effect4.Machine.Val
      Effect4.Machine.Err Effect4.Machine.Defect Effect4.FiberId Effect4.Machine.Ann Effect4.Machine.Ctx
      Effect4.Machine.Stores
      (Effect4.Prim.{0, 0} Effect4.Program.EffName Effect4.Program.EffThunk Effect4.Machine.Val Effect4.Machine.Err
        Effect4.Machine.Defect Effect4.FiberId Effect4.Machine.Ann)
      (Effect4.FrameFiber.{0, 0} Effect4.Program.EffName Effect4.Program.EffThunk Effect4.Machine.Val
        Effect4.Machine.Err Effect4.Machine.Defect Effect4.FiberId Effect4.Machine.Ann)
      (Effect4.FrameEvent.{0, 0} Effect4.Program.EffName Effect4.Program.EffThunk Effect4.Machine.Val
        Effect4.Machine.Err Effect4.Machine.Defect Effect4.FiberId Effect4.Machine.Ann)
      (@Effect4.Machine.beginRace.{0, 0} Effect4.Program.EffName Effect4.Program.EffThunk Effect4.Machine.Val
        Effect4.Machine.Err Effect4.Machine.Defect Effect4.FiberId Effect4.Machine.Ann Effect4.Machine.Ctx
        Effect4.Machine.Stores
        (Effect4.Prim.{0, 0} Effect4.Program.EffName Effect4.Program.EffThunk Effect4.Machine.Val Effect4.Machine.Err
          Effect4.Machine.Defect Effect4.FiberId Effect4.Machine.Ann)
        (Effect4.FrameFiber.{0, 0} Effect4.Program.EffName Effect4.Program.EffThunk Effect4.Machine.Val
          Effect4.Machine.Err Effect4.Machine.Defect Effect4.FiberId Effect4.Machine.Ann)
        (Effect4.FrameEvent.{0, 0} Effect4.Program.EffName Effect4.Program.EffThunk Effect4.Machine.Val
          Effect4.Machine.Err Effect4.Machine.Defect Effect4.FiberId Effect4.Machine.Ann)
        (@Effect4.Machine.frameCore.{0, 0} Effect4.Program.EffName Effect4.Program.EffThunk Effect4.Machine.Val
          Effect4.Machine.Err Effect4.Machine.Defect Effect4.FiberId Effect4.Machine.Ann)
        interp m f yielding codes site))
STATEMENT Effect4.Program.Guard.NativeStateLinks.M1Origin.Links.spawn ∀ (p : Effect4.Program.NativeEff)
  (table : Effect4.Program.RowTable) (completed : List.{0} (Prod.{0, 0} Effect4.FiberId Effect4.Machine.ExitV))
  (m : Effect4.Program.NativeMachine) (f : Effect4.Program.Guard.NFiber) (code : Effect4.Program.NCode)
  (options : Effect4.Supervision.ForkOptions) (site : optParam.{1} (List.{0} Nat) (@List.nil.{0} Nat)),
  Effect4.Program.Guard.NativeStateLinks.Links m
    (@Prod.fst.{0, 0}
      (Effect4.Machine.RunMachine.{0, 0} Effect4.Program.EffName Effect4.Program.EffThunk Effect4.Machine.Val
        Effect4.Machine.Err Effect4.Machine.Defect Effect4.FiberId Effect4.Machine.Ann Effect4.Machine.Ctx
        Effect4.Machine.Stores
        (Effect4.Prim.{0, 0} Effect4.Program.EffName Effect4.Program.EffThunk Effect4.Machine.Val Effect4.Machine.Err
          Effect4.Machine.Defect Effect4.FiberId Effect4.Machine.Ann)
        (Effect4.FrameFiber.{0, 0} Effect4.Program.EffName Effect4.Program.EffThunk Effect4.Machine.Val
          Effect4.Machine.Err Effect4.Machine.Defect Effect4.FiberId Effect4.Machine.Ann)
        (Effect4.FrameEvent.{0, 0} Effect4.Program.EffName Effect4.Program.EffThunk Effect4.Machine.Val
          Effect4.Machine.Err Effect4.Machine.Defect Effect4.FiberId Effect4.Machine.Ann))
      (Prod.{0, 0}
        (Effect4.Machine.RunFiber.{0, 0} Effect4.Program.EffName Effect4.Program.EffThunk Effect4.Machine.Val
          Effect4.Machine.Err Effect4.Machine.Defect Effect4.FiberId Effect4.Machine.Ann Effect4.Machine.Ctx
          (Effect4.Prim.{0, 0} Effect4.Program.EffName Effect4.Program.EffThunk Effect4.Machine.Val Effect4.Machine.Err
            Effect4.Machine.Defect Effect4.FiberId Effect4.Machine.Ann)
          (Effect4.FrameFiber.{0, 0} Effect4.Program.EffName Effect4.Program.EffThunk Effect4.Machine.Val
            Effect4.Machine.Err Effect4.Machine.Defect Effect4.FiberId Effect4.Machine.Ann))
        Effect4.FiberId)
      (@Effect4.Machine.spawn.{0, 0} Effect4.Program.EffName Effect4.Program.EffThunk Effect4.Machine.Val
        Effect4.Machine.Err Effect4.Machine.Defect Effect4.FiberId Effect4.Machine.Ann Effect4.Machine.Ctx
        Effect4.Machine.Stores
        (Effect4.Prim.{0, 0} Effect4.Program.EffName Effect4.Program.EffThunk Effect4.Machine.Val Effect4.Machine.Err
          Effect4.Machine.Defect Effect4.FiberId Effect4.Machine.Ann)
        (Effect4.FrameFiber.{0, 0} Effect4.Program.EffName Effect4.Program.EffThunk Effect4.Machine.Val
          Effect4.Machine.Err Effect4.Machine.Defect Effect4.FiberId Effect4.Machine.Ann)
        (Effect4.FrameEvent.{0, 0} Effect4.Program.EffName Effect4.Program.EffThunk Effect4.Machine.Val
          Effect4.Machine.Err Effect4.Machine.Defect Effect4.FiberId Effect4.Machine.Ann)
        (@Effect4.Machine.frameCore.{0, 0} Effect4.Program.EffName Effect4.Program.EffThunk Effect4.Machine.Val
          Effect4.Machine.Err Effect4.Machine.Defect Effect4.FiberId Effect4.Machine.Ann)
        (Effect4.Program.interpAt p completed table) m f code options site))
STATEMENT Effect4.Program.Guard.OuterDriver.M1Clock.advanceState_preserved ∀ (p : Effect4.Program.NativeEff)
  (table : Effect4.Program.RowTable),
  Effect4.Program.Guard.DriverContract p table →
    ∀ (fuel : Nat) (millis : Effect4.ClockMillis) (rounds : Nat) (m : Effect4.Program.NativeMachine),
      Effect4.Program.Guard.GuardState m →
        Effect4.Program.Guard.OuterDriver.Preserved m
          (@Prod.fst.{0, 0}
            (Effect4.Machine.RunMachine.{0, 0} Effect4.Program.EffName Effect4.Program.EffThunk Effect4.Machine.Val
              Effect4.Machine.Err Effect4.Machine.Defect Effect4.FiberId Effect4.Machine.Ann Effect4.Machine.Ctx
              Effect4.Machine.Stores
              (Effect4.Prim.{0, 0} Effect4.Program.EffName Effect4.Program.EffThunk Effect4.Machine.Val
                Effect4.Machine.Err Effect4.Machine.Defect Effect4.FiberId Effect4.Machine.Ann)
              (Effect4.FrameFiber.{0, 0} Effect4.Program.EffName Effect4.Program.EffThunk Effect4.Machine.Val
                Effect4.Machine.Err Effect4.Machine.Defect Effect4.FiberId Effect4.Machine.Ann)
              (Effect4.FrameEvent.{0, 0} Effect4.Program.EffName Effect4.Program.EffThunk Effect4.Machine.Val
                Effect4.Machine.Err Effect4.Machine.Defect Effect4.FiberId Effect4.Machine.Ann))
            Bool
            (@Effect4.Machine.advanceState.{0, 0} Effect4.Program.EffName Effect4.Program.EffThunk Effect4.Machine.Val
              Effect4.Machine.Err Effect4.Machine.Defect Effect4.FiberId Effect4.Machine.Ann Effect4.Machine.Ctx
              Effect4.Machine.Stores Effect4.Machine.instDecidableEqErr Effect4.Machine.instDecidableEqDefect
              Effect4.instDecidableEqFiberId instDecidableEqPUnit.{1}
              (Effect4.Prim.{0, 0} Effect4.Program.EffName Effect4.Program.EffThunk Effect4.Machine.Val
                Effect4.Machine.Err Effect4.Machine.Defect Effect4.FiberId Effect4.Machine.Ann)
              (Effect4.FrameFiber.{0, 0} Effect4.Program.EffName Effect4.Program.EffThunk Effect4.Machine.Val
                Effect4.Machine.Err Effect4.Machine.Defect Effect4.FiberId Effect4.Machine.Ann)
              (Effect4.FrameEvent.{0, 0} Effect4.Program.EffName Effect4.Program.EffThunk Effect4.Machine.Val
                Effect4.Machine.Err Effect4.Machine.Defect Effect4.FiberId Effect4.Machine.Ann)
              (@Effect4.Machine.frameCore.{0, 0} Effect4.Program.EffName Effect4.Program.EffThunk Effect4.Machine.Val
                Effect4.Machine.Err Effect4.Machine.Defect Effect4.FiberId Effect4.Machine.Ann)
              (Effect4.Program.evaluatorFor p table) (Effect4.Program.interpOf p table) fuel millis rounds m))
STATEMENT Effect4.Program.Guard.OuterDriver.M1Clock.advanceTick_preserved ∀ (p : Effect4.Program.NativeEff)
  (table : Effect4.Program.RowTable),
  Effect4.Program.Guard.DriverContract p table →
    ∀ (fuel : Nat) (millis : Effect4.ClockMillis) (m : Effect4.Program.NativeMachine)
      (owed : Effect4.Machine.Owed.{0} Effect4.Program.NCode),
      Effect4.Program.Guard.GuardState m →
        @Eq.{1}
            (Option.{0}
              (Effect4.Machine.Owed.{0}
                (Effect4.Prim.{0, 0} Effect4.Program.EffName Effect4.Program.EffThunk Effect4.Machine.Val
                  Effect4.Machine.Err Effect4.Machine.Defect Effect4.FiberId Effect4.Machine.Ann)))
            (@Prod.fst.{0, 0}
              (Option.{0}
                (Effect4.Machine.Owed.{0}
                  (Effect4.Prim.{0, 0} Effect4.Program.EffName Effect4.Program.EffThunk Effect4.Machine.Val
                    Effect4.Machine.Err Effect4.Machine.Defect Effect4.FiberId Effect4.Machine.Ann)))
              Effect4.Machine.Stores
              (@Effect4.Machine.RunInterp.clockStep.{0, 0} Effect4.Program.EffName Effect4.Program.EffThunk
                Effect4.Machine.Val Effect4.Machine.Err Effect4.Machine.Defect Effect4.FiberId Effect4.Machine.Ann
                Effect4.Machine.Ctx Effect4.Machine.Stores
                (Effect4.Prim.{0, 0} Effect4.Program.EffName Effect4.Program.EffThunk Effect4.Machine.Val
                  Effect4.Machine.Err Effect4.Machine.Defect Effect4.FiberId Effect4.Machine.Ann)
                (Effect4.Program.interpOf p table) millis
                (@Effect4.Machine.RunMachine.state.{0, 0} Effect4.Program.EffName Effect4.Program.EffThunk
                  Effect4.Machine.Val Effect4.Machine.Err Effect4.Machine.Defect Effect4.FiberId Effect4.Machine.Ann
                  Effect4.Machine.Ctx Effect4.Machine.Stores
                  (Effect4.Prim.{0, 0} Effect4.Program.EffName Effect4.Program.EffThunk Effect4.Machine.Val
                    Effect4.Machine.Err Effect4.Machine.Defect Effect4.FiberId Effect4.Machine.Ann)
                  (Effect4.FrameFiber.{0, 0} Effect4.Program.EffName Effect4.Program.EffThunk Effect4.Machine.Val
                    Effect4.Machine.Err Effect4.Machine.Defect Effect4.FiberId Effect4.Machine.Ann)
                  (Effect4.FrameEvent.{0, 0} Effect4.Program.EffName Effect4.Program.EffThunk Effect4.Machine.Val
                    Effect4.Machine.Err Effect4.Machine.Defect Effect4.FiberId Effect4.Machine.Ann)
                  m)))
            (@Option.some.{0} (Effect4.Machine.Owed.{0} Effect4.Program.NCode) owed) →
          have mid :=
            @Effect4.Machine.RunMachine.mk.{0, 0} Effect4.Program.EffName Effect4.Program.EffThunk Effect4.Machine.Val
              Effect4.Machine.Err Effect4.Machine.Defect Effect4.FiberId Effect4.Machine.Ann Effect4.Machine.Ctx
              Effect4.Machine.Stores
              (Effect4.Prim.{0, 0} Effect4.Program.EffName Effect4.Program.EffThunk Effect4.Machine.Val
                Effect4.Machine.Err Effect4.Machine.Defect Effect4.FiberId Effect4.Machine.Ann)
              (Effect4.FrameFiber.{0, 0} Effect4.Program.EffName Effect4.Program.EffThunk Effect4.Machine.Val
                Effect4.Machine.Err Effect4.Machine.Defect Effect4.FiberId Effect4.Machine.Ann)
              (Effect4.FrameEvent.{0, 0} Effect4.Program.EffName Effect4.Program.EffThunk Effect4.Machine.Val
                Effect4.Machine.Err Effect4.Machine.Defect Effect4.FiberId Effect4.Machine.Ann)
              (@Effect4.Machine.RunMachine.fibers.{0, 0} Effect4.Program.EffName Effect4.Program.EffThunk
                Effect4.Machine.Val Effect4.Machine.Err Effect4.Machine.Defect Effect4.FiberId Effect4.Machine.Ann
                Effect4.Machine.Ctx Effect4.Machine.Stores
                (Effect4.Prim.{0, 0} Effect4.Program.EffName Effect4.Program.EffThunk Effect4.Machine.Val
                  Effect4.Machine.Err Effect4.Machine.Defect Effect4.FiberId Effect4.Machine.Ann)
                (Effect4.FrameFiber.{0, 0} Effect4.Program.EffName Effect4.Program.EffThunk Effect4.Machine.Val
                  Effect4.Machine.Err Effect4.Machine.Defect Effect4.FiberId Effect4.Machine.Ann)
                (Effect4.FrameEvent.{0, 0} Effect4.Program.EffName Effect4.Program.EffThunk Effect4.Machine.Val
                  Effect4.Machine.Err Effect4.Machine.Defect Effect4.FiberId Effect4.Machine.Ann)
                m)
              (@Effect4.Machine.RunMachine.races.{0, 0} Effect4.Program.EffName Effect4.Program.EffThunk
                Effect4.Machine.Val Effect4.Machine.Err Effect4.Machine.Defect Effect4.FiberId Effect4.Machine.Ann
                Effect4.Machine.Ctx Effect4.Machine.Stores
                (Effect4.Prim.{0, 0} Effect4.Program.EffName Effect4.Program.EffThunk Effect4.Machine.Val
                  Effect4.Machine.Err Effect4.Machine.Defect Effect4.FiberId Effect4.Machine.Ann)
                (Effect4.FrameFiber.{0, 0} Effect4.Program.EffName Effect4.Program.EffThunk Effect4.Machine.Val
                  Effect4.Machine.Err Effect4.Machine.Defect Effect4.FiberId Effect4.Machine.Ann)
                (Effect4.FrameEvent.{0, 0} Effect4.Program.EffName Effect4.Program.EffThunk Effect4.Machine.Val
                  Effect4.Machine.Err Effect4.Machine.Defect Effect4.FiberId Effect4.Machine.Ann)
                m)
              (@Effect4.Machine.RunMachine.nextId.{0, 0} Effect4.Program.EffName Effect4.Program.EffThunk
                Effect4.Machine.Val Effect4.Machine.Err Effect4.Machine.Defect Effect4.FiberId Effect4.Machine.Ann
                Effect4.Machine.Ctx Effect4.Machine.Stores
                (Effect4.Prim.{0, 0} Effect4.Program.EffName Effect4.Program.EffThunk Effect4.Machine.Val
                  Effect4.Machine.Err Effect4.Machine.Defect Effect4.FiberId Effect4.Machine.Ann)
                (Effect4.FrameFiber.{0, 0} Effect4.Program.EffName Effect4.Program.EffThunk Effect4.Machine.Val
                  Effect4.Machine.Err Effect4.Machine.Defect Effect4.FiberId Effect4.Machine.Ann)
                (Effect4.FrameEvent.{0, 0} Effect4.Program.EffName Effect4.Program.EffThunk Effect4.Machine.Val
                  Effect4.Machine.Err Effect4.Machine.Defect Effect4.FiberId Effect4.Machine.Ann)
                m)
              (@Effect4.Machine.RunMachine.nextToken.{0, 0} Effect4.Program.EffName Effect4.Program.EffThunk
                Effect4.Machine.Val Effect4.Machine.Err Effect4.Machine.Defect Effect4.FiberId Effect4.Machine.Ann
                Effect4.Machine.Ctx Effect4.Machine.Stores
                (Effect4.Prim.{0, 0} Effect4.Program.EffName Effect4.Program.EffThunk Effect4.Machine.Val
                  Effect4.Machine.Err Effect4.Machine.Defect Effect4.FiberId Effect4.Machine.Ann)
                (Effect4.FrameFiber.{0, 0} Effect4.Program.EffName Effect4.Program.EffThunk Effect4.Machine.Val
                  Effect4.Machine.Err Effect4.Machine.Defect Effect4.FiberId Effect4.Machine.Ann)
                (Effect4.FrameEvent.{0, 0} Effect4.Program.EffName Effect4.Program.EffThunk Effect4.Machine.Val
                  Effect4.Machine.Err Effect4.Machine.Defect Effect4.FiberId Effect4.Machine.Ann)
                m)
              (@Effect4.Machine.RunMachine.nextRace.{0, 0} Effect4.Program.EffName Effect4.Program.EffThunk
                Effect4.Machine.Val Effect4.Machine.Err Effect4.Machine.Defect Effect4.FiberId Effect4.Machine.Ann
                Effect4.Machine.Ctx Effect4.Machine.Stores
                (Effect4.Prim.{0, 0} Effect4.Program.EffName Effect4.Program.EffThunk Effect4.Machine.Val
                  Effect4.Machine.Err Effect4.Machine.Defect Effect4.FiberId Effect4.Machine.Ann)
                (Effect4.FrameFiber.{0, 0} Effect4.Program.EffName Effect4.Program.EffThunk Effect4.Machine.Val
                  Effect4.Machine.Err Effect4.Machine.Defect Effect4.FiberId Effect4.Machine.Ann)
                (Effect4.FrameEvent.{0, 0} Effect4.Program.EffName Effect4.Program.EffThunk Effect4.Machine.Val
                  Effect4.Machine.Err Effect4.Machine.Defect Effect4.FiberId Effect4.Machine.Ann)
                m)
              (@Effect4.Machine.RunMachine.middlewareInstalled.{0, 0} Effect4.Program.EffName Effect4.Program.EffThunk
                Effect4.Machine.Val Effect4.Machine.Err Effect4.Machine.Defect Effect4.FiberId Effect4.Machine.Ann
                Effect4.Machine.Ctx Effect4.Machine.Stores
                (Effect4.Prim.{0, 0} Effect4.Program.EffName Effect4.Program.EffThunk Effect4.Machine.Val
                  Effect4.Machine.Err Effect4.Machine.Defect Effect4.FiberId Effect4.Machine.Ann)
                (Effect4.FrameFiber.{0, 0} Effect4.Program.EffName Effect4.Program.EffThunk Effect4.Machine.Val
                  Effect4.Machine.Err Effect4.Machine.Defect Effect4.FiberId Effect4.Machine.Ann)
                (Effect4.FrameEvent.{0, 0} Effect4.Program.EffName Effect4.Program.EffThunk Effect4.Machine.Val
                  Effect4.Machine.Err Effect4.Machine.Defect Effect4.FiberId Effect4.Machine.Ann)
                m)
              (@Effect4.Machine.RunMachine.armed.{0, 0} Effect4.Program.EffName Effect4.Program.EffThunk
                Effect4.Machine.Val Effect4.Machine.Err Effect4.Machine.Defect Effect4.FiberId Effect4.Machine.Ann
                Effect4.Machine.Ctx Effect4.Machine.Stores
                (Effect4.Prim.{0, 0} Effect4.Program.EffName Effect4.Program.EffThunk Effect4.Machine.Val
                  Effect4.Machine.Err Effect4.Machine.Defect Effect4.FiberId Effect4.Machine.Ann)
                (Effect4.FrameFiber.{0, 0} Effect4.Program.EffName Effect4.Program.EffThunk Effect4.Machine.Val
                  Effect4.Machine.Err Effect4.Machine.Defect Effect4.FiberId Effect4.Machine.Ann)
                (Effect4.FrameEvent.{0, 0} Effect4.Program.EffName Effect4.Program.EffThunk Effect4.Machine.Val
                  Effect4.Machine.Err Effect4.Machine.Defect Effect4.FiberId Effect4.Machine.Ann)
                m)
              (@Prod.snd.{0, 0}
                (Option.{0}
                  (Effect4.Machine.Owed.{0}
                    (Effect4.Prim.{0, 0} Effect4.Program.EffName Effect4.Program.EffThunk Effect4.Machine.Val
                      Effect4.Machine.Err Effect4.Machine.Defect Effect4.FiberId Effect4.Machine.Ann)))
                Effect4.Machine.Stores
                (@Effect4.Machine.RunInterp.clockStep.{0, 0} Effect4.Program.EffName Effect4.Program.EffThunk
                  Effect4.Machine.Val Effect4.Machine.Err Effect4.Machine.Defect Effect4.FiberId Effect4.Machine.Ann
                  Effect4.Machine.Ctx Effect4.Machine.Stores
                  (Effect4.Prim.{0, 0} Effect4.Program.EffName Effect4.Program.EffThunk Effect4.Machine.Val
                    Effect4.Machine.Err Effect4.Machine.Defect Effect4.FiberId Effect4.Machine.Ann)
                  (Effect4.Program.interpOf p table) millis
                  (@Effect4.Machine.RunMachine.state.{0, 0} Effect4.Program.EffName Effect4.Program.EffThunk
                    Effect4.Machine.Val Effect4.Machine.Err Effect4.Machine.Defect Effect4.FiberId Effect4.Machine.Ann
                    Effect4.Machine.Ctx Effect4.Machine.Stores
                    (Effect4.Prim.{0, 0} Effect4.Program.EffName Effect4.Program.EffThunk Effect4.Machine.Val
                      Effect4.Machine.Err Effect4.Machine.Defect Effect4.FiberId Effect4.Machine.Ann)
                    (Effect4.FrameFiber.{0, 0} Effect4.Program.EffName Effect4.Program.EffThunk Effect4.Machine.Val
                      Effect4.Machine.Err Effect4.Machine.Defect Effect4.FiberId Effect4.Machine.Ann)
                    (Effect4.FrameEvent.{0, 0} Effect4.Program.EffName Effect4.Program.EffThunk Effect4.Machine.Val
                      Effect4.Machine.Err Effect4.Machine.Defect Effect4.FiberId Effect4.Machine.Ann)
                    m)))
              (@Effect4.Machine.RunMachine.trace.{0, 0} Effect4.Program.EffName Effect4.Program.EffThunk
                Effect4.Machine.Val Effect4.Machine.Err Effect4.Machine.Defect Effect4.FiberId Effect4.Machine.Ann
                Effect4.Machine.Ctx Effect4.Machine.Stores
                (Effect4.Prim.{0, 0} Effect4.Program.EffName Effect4.Program.EffThunk Effect4.Machine.Val
                  Effect4.Machine.Err Effect4.Machine.Defect Effect4.FiberId Effect4.Machine.Ann)
                (Effect4.FrameFiber.{0, 0} Effect4.Program.EffName Effect4.Program.EffThunk Effect4.Machine.Val
                  Effect4.Machine.Err Effect4.Machine.Defect Effect4.FiberId Effect4.Machine.Ann)
                (Effect4.FrameEvent.{0, 0} Effect4.Program.EffName Effect4.Program.EffThunk Effect4.Machine.Val
                  Effect4.Machine.Err Effect4.Machine.Defect Effect4.FiberId Effect4.Machine.Ann)
                m)
              (@Effect4.Machine.RunMachine.stuck.{0, 0} Effect4.Program.EffName Effect4.Program.EffThunk
                Effect4.Machine.Val Effect4.Machine.Err Effect4.Machine.Defect Effect4.FiberId Effect4.Machine.Ann
                Effect4.Machine.Ctx Effect4.Machine.Stores
                (Effect4.Prim.{0, 0} Effect4.Program.EffName Effect4.Program.EffThunk Effect4.Machine.Val
                  Effect4.Machine.Err Effect4.Machine.Defect Effect4.FiberId Effect4.Machine.Ann)
                (Effect4.FrameFiber.{0, 0} Effect4.Program.EffName Effect4.Program.EffThunk Effect4.Machine.Val
                  Effect4.Machine.Err Effect4.Machine.Defect Effect4.FiberId Effect4.Machine.Ann)
                (Effect4.FrameEvent.{0, 0} Effect4.Program.EffName Effect4.Program.EffThunk Effect4.Machine.Val
                  Effect4.Machine.Err Effect4.Machine.Defect Effect4.FiberId Effect4.Machine.Ann)
                m);
          have drained :=
            @Effect4.Machine.drainOwed.{0, 0} Effect4.Program.EffName Effect4.Program.EffThunk Effect4.Machine.Val
              Effect4.Machine.Err Effect4.Machine.Defect Effect4.FiberId Effect4.Machine.Ann Effect4.Machine.Ctx
              Effect4.Machine.Stores
              (Effect4.Prim.{0, 0} Effect4.Program.EffName Effect4.Program.EffThunk Effect4.Machine.Val
                Effect4.Machine.Err Effect4.Machine.Defect Effect4.FiberId Effect4.Machine.Ann)
              (Effect4.FrameFiber.{0, 0} Effect4.Program.EffName Effect4.Program.EffThunk Effect4.Machine.Val
                Effect4.Machine.Err Effect4.Machine.Defect Effect4.FiberId Effect4.Machine.Ann)
              (Effect4.FrameEvent.{0, 0} Effect4.Program.EffName Effect4.Program.EffThunk Effect4.Machine.Val
                Effect4.Machine.Err Effect4.Machine.Defect Effect4.FiberId Effect4.Machine.Ann)
              mid
              (@List.cons.{0}
                (Effect4.Machine.Owed.{0}
                  (Effect4.Prim.{0, 0} Effect4.Program.EffName Effect4.Program.EffThunk Effect4.Machine.Val
                    Effect4.Machine.Err Effect4.Machine.Defect Effect4.FiberId Effect4.Machine.Ann))
                owed
                (@List.nil.{0}
                  (Effect4.Machine.Owed.{0}
                    (Effect4.Prim.{0, 0} Effect4.Program.EffName Effect4.Program.EffThunk Effect4.Machine.Val
                      Effect4.Machine.Err Effect4.Machine.Defect Effect4.FiberId Effect4.Machine.Ann))));
          Effect4.Program.Guard.OuterDriver.Preserved m
            (@Prod.fst.{0, 0}
              (Effect4.Machine.RunMachine.{0, 0} Effect4.Program.EffName Effect4.Program.EffThunk Effect4.Machine.Val
                Effect4.Machine.Err Effect4.Machine.Defect Effect4.FiberId Effect4.Machine.Ann Effect4.Machine.Ctx
                Effect4.Machine.Stores
                (Effect4.Prim.{0, 0} Effect4.Program.EffName Effect4.Program.EffThunk Effect4.Machine.Val
                  Effect4.Machine.Err Effect4.Machine.Defect Effect4.FiberId Effect4.Machine.Ann)
                (Effect4.FrameFiber.{0, 0} Effect4.Program.EffName Effect4.Program.EffThunk Effect4.Machine.Val
                  Effect4.Machine.Err Effect4.Machine.Defect Effect4.FiberId Effect4.Machine.Ann)
                (Effect4.FrameEvent.{0, 0} Effect4.Program.EffName Effect4.Program.EffThunk Effect4.Machine.Val
                  Effect4.Machine.Err Effect4.Machine.Defect Effect4.FiberId Effect4.Machine.Ann))
              (List.{0}
                (Effect4.Machine.Cmd.{0, 0} Effect4.Program.EffName Effect4.Program.EffThunk Effect4.Machine.Val
                  Effect4.Machine.Err Effect4.Machine.Defect Effect4.FiberId Effect4.Machine.Ann
                  (Effect4.Prim.{0, 0} Effect4.Program.EffName Effect4.Program.EffThunk Effect4.Machine.Val
                    Effect4.Machine.Err Effect4.Machine.Defect Effect4.FiberId Effect4.Machine.Ann)))
              (@Effect4.Machine.driveState.{0, 0} Effect4.Program.EffName Effect4.Program.EffThunk Effect4.Machine.Val
                Effect4.Machine.Err Effect4.Machine.Defect Effect4.FiberId Effect4.Machine.Ann Effect4.Machine.Ctx
                Effect4.Machine.Stores Effect4.Machine.instDecidableEqErr Effect4.Machine.instDecidableEqDefect
                Effect4.instDecidableEqFiberId instDecidableEqPUnit.{1}
                (Effect4.Prim.{0, 0} Effect4.Program.EffName Effect4.Program.EffThunk Effect4.Machine.Val
                  Effect4.Machine.Err Effect4.Machine.Defect Effect4.FiberId Effect4.Machine.Ann)
                (Effect4.FrameFiber.{0, 0} Effect4.Program.EffName Effect4.Program.EffThunk Effect4.Machine.Val
                  Effect4.Machine.Err Effect4.Machine.Defect Effect4.FiberId Effect4.Machine.Ann)
                (Effect4.FrameEvent.{0, 0} Effect4.Program.EffName Effect4.Program.EffThunk Effect4.Machine.Val
                  Effect4.Machine.Err Effect4.Machine.Defect Effect4.FiberId Effect4.Machine.Ann)
                (@Effect4.Machine.frameCore.{0, 0} Effect4.Program.EffName Effect4.Program.EffThunk Effect4.Machine.Val
                  Effect4.Machine.Err Effect4.Machine.Defect Effect4.FiberId Effect4.Machine.Ann)
                (Effect4.Program.evaluatorFor p table) (Effect4.Program.interpOf p table) fuel
                (@Prod.fst.{0, 0}
                  (Effect4.Machine.RunMachine.{0, 0} Effect4.Program.EffName Effect4.Program.EffThunk
                    Effect4.Machine.Val Effect4.Machine.Err Effect4.Machine.Defect Effect4.FiberId Effect4.Machine.Ann
                    Effect4.Machine.Ctx Effect4.Machine.Stores
                    (Effect4.Prim.{0, 0} Effect4.Program.EffName Effect4.Program.EffThunk Effect4.Machine.Val
                      Effect4.Machine.Err Effect4.Machine.Defect Effect4.FiberId Effect4.Machine.Ann)
                    (Effect4.FrameFiber.{0, 0} Effect4.Program.EffName Effect4.Program.EffThunk Effect4.Machine.Val
                      Effect4.Machine.Err Effect4.Machine.Defect Effect4.FiberId Effect4.Machine.Ann)
                    (Effect4.FrameEvent.{0, 0} Effect4.Program.EffName Effect4.Program.EffThunk Effect4.Machine.Val
                      Effect4.Machine.Err Effect4.Machine.Defect Effect4.FiberId Effect4.Machine.Ann))
                  (List.{0}
                    (Effect4.Machine.Cmd.{0, 0} Effect4.Program.EffName Effect4.Program.EffThunk Effect4.Machine.Val
                      Effect4.Machine.Err Effect4.Machine.Defect Effect4.FiberId Effect4.Machine.Ann
                      (Effect4.Prim.{0, 0} Effect4.Program.EffName Effect4.Program.EffThunk Effect4.Machine.Val
                        Effect4.Machine.Err Effect4.Machine.Defect Effect4.FiberId Effect4.Machine.Ann)))
                  drained)
                (@HAppend.hAppend.{0, 0, 0}
                  (List.{0}
                    (Effect4.Machine.Cmd.{0, 0} Effect4.Program.EffName Effect4.Program.EffThunk Effect4.Machine.Val
                      Effect4.Machine.Err Effect4.Machine.Defect Effect4.FiberId Effect4.Machine.Ann
                      (Effect4.Prim.{0, 0} Effect4.Program.EffName Effect4.Program.EffThunk Effect4.Machine.Val
                        Effect4.Machine.Err Effect4.Machine.Defect Effect4.FiberId Effect4.Machine.Ann)))
                  (List.{0}
                    (Effect4.Machine.Cmd.{0, 0} Effect4.Program.EffName Effect4.Program.EffThunk Effect4.Machine.Val
                      Effect4.Machine.Err Effect4.Machine.Defect Effect4.FiberId Effect4.Machine.Ann
                      (Effect4.Prim.{0, 0} Effect4.Program.EffName Effect4.Program.EffThunk Effect4.Machine.Val
                        Effect4.Machine.Err Effect4.Machine.Defect Effect4.FiberId Effect4.Machine.Ann)))
                  (List.{0}
                    (Effect4.Machine.Cmd.{0, 0} Effect4.Program.EffName Effect4.Program.EffThunk Effect4.Machine.Val
                      Effect4.Machine.Err Effect4.Machine.Defect Effect4.FiberId Effect4.Machine.Ann
                      (Effect4.Prim.{0, 0} Effect4.Program.EffName Effect4.Program.EffThunk Effect4.Machine.Val
                        Effect4.Machine.Err Effect4.Machine.Defect Effect4.FiberId Effect4.Machine.Ann)))
                  (@instHAppendOfAppend.{0}
                    (List.{0}
                      (Effect4.Machine.Cmd.{0, 0} Effect4.Program.EffName Effect4.Program.EffThunk Effect4.Machine.Val
                        Effect4.Machine.Err Effect4.Machine.Defect Effect4.FiberId Effect4.Machine.Ann
                        (Effect4.Prim.{0, 0} Effect4.Program.EffName Effect4.Program.EffThunk Effect4.Machine.Val
                          Effect4.Machine.Err Effect4.Machine.Defect Effect4.FiberId Effect4.Machine.Ann)))
                    (@List.instAppend.{0}
                      (Effect4.Machine.Cmd.{0, 0} Effect4.Program.EffName Effect4.Program.EffThunk Effect4.Machine.Val
                        Effect4.Machine.Err Effect4.Machine.Defect Effect4.FiberId Effect4.Machine.Ann
                        (Effect4.Prim.{0, 0} Effect4.Program.EffName Effect4.Program.EffThunk Effect4.Machine.Val
                          Effect4.Machine.Err Effect4.Machine.Defect Effect4.FiberId Effect4.Machine.Ann))))
                  (@Prod.snd.{0, 0}
                    (Effect4.Machine.RunMachine.{0, 0} Effect4.Program.EffName Effect4.Program.EffThunk
                      Effect4.Machine.Val Effect4.Machine.Err Effect4.Machine.Defect Effect4.FiberId Effect4.Machine.Ann
                      Effect4.Machine.Ctx Effect4.Machine.Stores
                      (Effect4.Prim.{0, 0} Effect4.Program.EffName Effect4.Program.EffThunk Effect4.Machine.Val
                        Effect4.Machine.Err Effect4.Machine.Defect Effect4.FiberId Effect4.Machine.Ann)
                      (Effect4.FrameFiber.{0, 0} Effect4.Program.EffName Effect4.Program.EffThunk Effect4.Machine.Val
                        Effect4.Machine.Err Effect4.Machine.Defect Effect4.FiberId Effect4.Machine.Ann)
                      (Effect4.FrameEvent.{0, 0} Effect4.Program.EffName Effect4.Program.EffThunk Effect4.Machine.Val
                        Effect4.Machine.Err Effect4.Machine.Defect Effect4.FiberId Effect4.Machine.Ann))
                    (List.{0}
                      (Effect4.Machine.Cmd.{0, 0} Effect4.Program.EffName Effect4.Program.EffThunk Effect4.Machine.Val
                        Effect4.Machine.Err Effect4.Machine.Defect Effect4.FiberId Effect4.Machine.Ann
                        (Effect4.Prim.{0, 0} Effect4.Program.EffName Effect4.Program.EffThunk Effect4.Machine.Val
                          Effect4.Machine.Err Effect4.Machine.Defect Effect4.FiberId Effect4.Machine.Ann)))
                    drained)
                  (@List.cons.{0}
                    (Effect4.Machine.Cmd.{0, 0} Effect4.Program.EffName Effect4.Program.EffThunk Effect4.Machine.Val
                      Effect4.Machine.Err Effect4.Machine.Defect Effect4.FiberId Effect4.Machine.Ann
                      (Effect4.Prim.{0, 0} Effect4.Program.EffName Effect4.Program.EffThunk Effect4.Machine.Val
                        Effect4.Machine.Err Effect4.Machine.Defect Effect4.FiberId Effect4.Machine.Ann))
                    (@Effect4.Machine.Cmd.drainDue.{0, 0} Effect4.Program.EffName Effect4.Program.EffThunk
                      Effect4.Machine.Val Effect4.Machine.Err Effect4.Machine.Defect Effect4.FiberId Effect4.Machine.Ann
                      (Effect4.Prim.{0, 0} Effect4.Program.EffName Effect4.Program.EffThunk Effect4.Machine.Val
                        Effect4.Machine.Err Effect4.Machine.Defect Effect4.FiberId Effect4.Machine.Ann))
                    (@List.nil.{0}
                      (Effect4.Machine.Cmd.{0, 0} Effect4.Program.EffName Effect4.Program.EffThunk Effect4.Machine.Val
                        Effect4.Machine.Err Effect4.Machine.Defect Effect4.FiberId Effect4.Machine.Ann
                        (Effect4.Prim.{0, 0} Effect4.Program.EffName Effect4.Program.EffThunk Effect4.Machine.Val
                          Effect4.Machine.Err Effect4.Machine.Defect Effect4.FiberId Effect4.Machine.Ann)))))))
STATEMENT Effect4.Program.Guard.OuterDriver.M1Clock.clockStep_owed_facts ∀ (p : Effect4.Program.NativeEff)
  (table : Effect4.Program.RowTable) (m : Effect4.Program.NativeMachine) (millis : Effect4.ClockMillis)
  (owed : Effect4.Machine.Owed.{0} Effect4.Program.NCode),
  @Eq.{1}
      (Option.{0}
        (Effect4.Machine.Owed.{0}
          (Effect4.Prim.{0, 0} Effect4.Program.EffName Effect4.Program.EffThunk Effect4.Machine.Val Effect4.Machine.Err
            Effect4.Machine.Defect Effect4.FiberId Effect4.Machine.Ann)))
      (@Prod.fst.{0, 0}
        (Option.{0}
          (Effect4.Machine.Owed.{0}
            (Effect4.Prim.{0, 0} Effect4.Program.EffName Effect4.Program.EffThunk Effect4.Machine.Val
              Effect4.Machine.Err Effect4.Machine.Defect Effect4.FiberId Effect4.Machine.Ann)))
        Effect4.Machine.Stores
        (@Effect4.Machine.RunInterp.clockStep.{0, 0} Effect4.Program.EffName Effect4.Program.EffThunk
          Effect4.Machine.Val Effect4.Machine.Err Effect4.Machine.Defect Effect4.FiberId Effect4.Machine.Ann
          Effect4.Machine.Ctx Effect4.Machine.Stores
          (Effect4.Prim.{0, 0} Effect4.Program.EffName Effect4.Program.EffThunk Effect4.Machine.Val Effect4.Machine.Err
            Effect4.Machine.Defect Effect4.FiberId Effect4.Machine.Ann)
          (Effect4.Program.interpOf p table) millis
          (@Effect4.Machine.RunMachine.state.{0, 0} Effect4.Program.EffName Effect4.Program.EffThunk Effect4.Machine.Val
            Effect4.Machine.Err Effect4.Machine.Defect Effect4.FiberId Effect4.Machine.Ann Effect4.Machine.Ctx
            Effect4.Machine.Stores
            (Effect4.Prim.{0, 0} Effect4.Program.EffName Effect4.Program.EffThunk Effect4.Machine.Val
              Effect4.Machine.Err Effect4.Machine.Defect Effect4.FiberId Effect4.Machine.Ann)
            (Effect4.FrameFiber.{0, 0} Effect4.Program.EffName Effect4.Program.EffThunk Effect4.Machine.Val
              Effect4.Machine.Err Effect4.Machine.Defect Effect4.FiberId Effect4.Machine.Ann)
            (Effect4.FrameEvent.{0, 0} Effect4.Program.EffName Effect4.Program.EffThunk Effect4.Machine.Val
              Effect4.Machine.Err Effect4.Machine.Defect Effect4.FiberId Effect4.Machine.Ann)
            m)))
      (@Option.some.{0} (Effect4.Machine.Owed.{0} Effect4.Program.NCode) owed) →
    And
      (@Membership.mem.{0, 0} (Prod.{0, 0} Effect4.FiberId Nat) (List.{0} Effect4.Program.Guard.GuardKey)
        (@List.instMembership.{0} Effect4.Program.Guard.GuardKey) (Effect4.Program.Guard.internalKeys m)
        (@Prod.mk.{0, 0} Effect4.FiberId Nat (@Effect4.Machine.Owed.waiter.{0} Effect4.Program.NCode owed)
          (@Effect4.Machine.Owed.token.{0} Effect4.Program.NCode owed)))
      (And
        (@Eq.{1} (List.{0} Nat)
          (Effect4.Program.Guard.raceSites (@Effect4.Machine.Owed.code.{0} Effect4.Program.NCode owed))
          (@List.nil.{0} Nat))
        (@Eq.{1} Effect4.Machine.WakeMode (@Effect4.Machine.Owed.mode.{0} Effect4.Program.NCode owed)
          Effect4.Machine.WakeMode.now))
STATEMENT Effect4.Program.Guard.OuterDriver.M1Clock.clockStep_preserved ∀ (p : Effect4.Program.NativeEff)
  (table : Effect4.Program.RowTable) (m : Effect4.Program.NativeMachine) (millis : Effect4.ClockMillis),
  Effect4.Program.Guard.GuardState m →
    Effect4.Program.Guard.OuterDriver.Preserved m
      (@Effect4.Machine.RunMachine.mk.{0, 0} Effect4.Program.EffName Effect4.Program.EffThunk Effect4.Machine.Val
        Effect4.Machine.Err Effect4.Machine.Defect Effect4.FiberId Effect4.Machine.Ann Effect4.Machine.Ctx
        Effect4.Machine.Stores
        (Effect4.Prim.{0, 0} Effect4.Program.EffName Effect4.Program.EffThunk Effect4.Machine.Val Effect4.Machine.Err
          Effect4.Machine.Defect Effect4.FiberId Effect4.Machine.Ann)
        (Effect4.FrameFiber.{0, 0} Effect4.Program.EffName Effect4.Program.EffThunk Effect4.Machine.Val
          Effect4.Machine.Err Effect4.Machine.Defect Effect4.FiberId Effect4.Machine.Ann)
        (Effect4.FrameEvent.{0, 0} Effect4.Program.EffName Effect4.Program.EffThunk Effect4.Machine.Val
          Effect4.Machine.Err Effect4.Machine.Defect Effect4.FiberId Effect4.Machine.Ann)
        (@Effect4.Machine.RunMachine.fibers.{0, 0} Effect4.Program.EffName Effect4.Program.EffThunk Effect4.Machine.Val
          Effect4.Machine.Err Effect4.Machine.Defect Effect4.FiberId Effect4.Machine.Ann Effect4.Machine.Ctx
          Effect4.Machine.Stores
          (Effect4.Prim.{0, 0} Effect4.Program.EffName Effect4.Program.EffThunk Effect4.Machine.Val Effect4.Machine.Err
            Effect4.Machine.Defect Effect4.FiberId Effect4.Machine.Ann)
          (Effect4.FrameFiber.{0, 0} Effect4.Program.EffName Effect4.Program.EffThunk Effect4.Machine.Val
            Effect4.Machine.Err Effect4.Machine.Defect Effect4.FiberId Effect4.Machine.Ann)
          (Effect4.FrameEvent.{0, 0} Effect4.Program.EffName Effect4.Program.EffThunk Effect4.Machine.Val
            Effect4.Machine.Err Effect4.Machine.Defect Effect4.FiberId Effect4.Machine.Ann)
          m)
        (@Effect4.Machine.RunMachine.races.{0, 0} Effect4.Program.EffName Effect4.Program.EffThunk Effect4.Machine.Val
          Effect4.Machine.Err Effect4.Machine.Defect Effect4.FiberId Effect4.Machine.Ann Effect4.Machine.Ctx
          Effect4.Machine.Stores
          (Effect4.Prim.{0, 0} Effect4.Program.EffName Effect4.Program.EffThunk Effect4.Machine.Val Effect4.Machine.Err
            Effect4.Machine.Defect Effect4.FiberId Effect4.Machine.Ann)
          (Effect4.FrameFiber.{0, 0} Effect4.Program.EffName Effect4.Program.EffThunk Effect4.Machine.Val
            Effect4.Machine.Err Effect4.Machine.Defect Effect4.FiberId Effect4.Machine.Ann)
          (Effect4.FrameEvent.{0, 0} Effect4.Program.EffName Effect4.Program.EffThunk Effect4.Machine.Val
            Effect4.Machine.Err Effect4.Machine.Defect Effect4.FiberId Effect4.Machine.Ann)
          m)
        (@Effect4.Machine.RunMachine.nextId.{0, 0} Effect4.Program.EffName Effect4.Program.EffThunk Effect4.Machine.Val
          Effect4.Machine.Err Effect4.Machine.Defect Effect4.FiberId Effect4.Machine.Ann Effect4.Machine.Ctx
          Effect4.Machine.Stores
          (Effect4.Prim.{0, 0} Effect4.Program.EffName Effect4.Program.EffThunk Effect4.Machine.Val Effect4.Machine.Err
            Effect4.Machine.Defect Effect4.FiberId Effect4.Machine.Ann)
          (Effect4.FrameFiber.{0, 0} Effect4.Program.EffName Effect4.Program.EffThunk Effect4.Machine.Val
            Effect4.Machine.Err Effect4.Machine.Defect Effect4.FiberId Effect4.Machine.Ann)
          (Effect4.FrameEvent.{0, 0} Effect4.Program.EffName Effect4.Program.EffThunk Effect4.Machine.Val
            Effect4.Machine.Err Effect4.Machine.Defect Effect4.FiberId Effect4.Machine.Ann)
          m)
        (@Effect4.Machine.RunMachine.nextToken.{0, 0} Effect4.Program.EffName Effect4.Program.EffThunk
          Effect4.Machine.Val Effect4.Machine.Err Effect4.Machine.Defect Effect4.FiberId Effect4.Machine.Ann
          Effect4.Machine.Ctx Effect4.Machine.Stores
          (Effect4.Prim.{0, 0} Effect4.Program.EffName Effect4.Program.EffThunk Effect4.Machine.Val Effect4.Machine.Err
            Effect4.Machine.Defect Effect4.FiberId Effect4.Machine.Ann)
          (Effect4.FrameFiber.{0, 0} Effect4.Program.EffName Effect4.Program.EffThunk Effect4.Machine.Val
            Effect4.Machine.Err Effect4.Machine.Defect Effect4.FiberId Effect4.Machine.Ann)
          (Effect4.FrameEvent.{0, 0} Effect4.Program.EffName Effect4.Program.EffThunk Effect4.Machine.Val
            Effect4.Machine.Err Effect4.Machine.Defect Effect4.FiberId Effect4.Machine.Ann)
          m)
        (@Effect4.Machine.RunMachine.nextRace.{0, 0} Effect4.Program.EffName Effect4.Program.EffThunk
          Effect4.Machine.Val Effect4.Machine.Err Effect4.Machine.Defect Effect4.FiberId Effect4.Machine.Ann
          Effect4.Machine.Ctx Effect4.Machine.Stores
          (Effect4.Prim.{0, 0} Effect4.Program.EffName Effect4.Program.EffThunk Effect4.Machine.Val Effect4.Machine.Err
            Effect4.Machine.Defect Effect4.FiberId Effect4.Machine.Ann)
          (Effect4.FrameFiber.{0, 0} Effect4.Program.EffName Effect4.Program.EffThunk Effect4.Machine.Val
            Effect4.Machine.Err Effect4.Machine.Defect Effect4.FiberId Effect4.Machine.Ann)
          (Effect4.FrameEvent.{0, 0} Effect4.Program.EffName Effect4.Program.EffThunk Effect4.Machine.Val
            Effect4.Machine.Err Effect4.Machine.Defect Effect4.FiberId Effect4.Machine.Ann)
          m)
        (@Effect4.Machine.RunMachine.middlewareInstalled.{0, 0} Effect4.Program.EffName Effect4.Program.EffThunk
          Effect4.Machine.Val Effect4.Machine.Err Effect4.Machine.Defect Effect4.FiberId Effect4.Machine.Ann
          Effect4.Machine.Ctx Effect4.Machine.Stores
          (Effect4.Prim.{0, 0} Effect4.Program.EffName Effect4.Program.EffThunk Effect4.Machine.Val Effect4.Machine.Err
            Effect4.Machine.Defect Effect4.FiberId Effect4.Machine.Ann)
          (Effect4.FrameFiber.{0, 0} Effect4.Program.EffName Effect4.Program.EffThunk Effect4.Machine.Val
            Effect4.Machine.Err Effect4.Machine.Defect Effect4.FiberId Effect4.Machine.Ann)
          (Effect4.FrameEvent.{0, 0} Effect4.Program.EffName Effect4.Program.EffThunk Effect4.Machine.Val
            Effect4.Machine.Err Effect4.Machine.Defect Effect4.FiberId Effect4.Machine.Ann)
          m)
        (@Effect4.Machine.RunMachine.armed.{0, 0} Effect4.Program.EffName Effect4.Program.EffThunk Effect4.Machine.Val
          Effect4.Machine.Err Effect4.Machine.Defect Effect4.FiberId Effect4.Machine.Ann Effect4.Machine.Ctx
          Effect4.Machine.Stores
          (Effect4.Prim.{0, 0} Effect4.Program.EffName Effect4.Program.EffThunk Effect4.Machine.Val Effect4.Machine.Err
            Effect4.Machine.Defect Effect4.FiberId Effect4.Machine.Ann)
          (Effect4.FrameFiber.{0, 0} Effect4.Program.EffName Effect4.Program.EffThunk Effect4.Machine.Val
            Effect4.Machine.Err Effect4.Machine.Defect Effect4.FiberId Effect4.Machine.Ann)
          (Effect4.FrameEvent.{0, 0} Effect4.Program.EffName Effect4.Program.EffThunk Effect4.Machine.Val
            Effect4.Machine.Err Effect4.Machine.Defect Effect4.FiberId Effect4.Machine.Ann)
          m)
        (@Prod.snd.{0, 0}
          (Option.{0}
            (Effect4.Machine.Owed.{0}
              (Effect4.Prim.{0, 0} Effect4.Program.EffName Effect4.Program.EffThunk Effect4.Machine.Val
                Effect4.Machine.Err Effect4.Machine.Defect Effect4.FiberId Effect4.Machine.Ann)))
          Effect4.Machine.Stores
          (@Effect4.Machine.RunInterp.clockStep.{0, 0} Effect4.Program.EffName Effect4.Program.EffThunk
            Effect4.Machine.Val Effect4.Machine.Err Effect4.Machine.Defect Effect4.FiberId Effect4.Machine.Ann
            Effect4.Machine.Ctx Effect4.Machine.Stores
            (Effect4.Prim.{0, 0} Effect4.Program.EffName Effect4.Program.EffThunk Effect4.Machine.Val
              Effect4.Machine.Err Effect4.Machine.Defect Effect4.FiberId Effect4.Machine.Ann)
            (Effect4.Program.interpOf p table) millis
            (@Effect4.Machine.RunMachine.state.{0, 0} Effect4.Program.EffName Effect4.Program.EffThunk
              Effect4.Machine.Val Effect4.Machine.Err Effect4.Machine.Defect Effect4.FiberId Effect4.Machine.Ann
              Effect4.Machine.Ctx Effect4.Machine.Stores
              (Effect4.Prim.{0, 0} Effect4.Program.EffName Effect4.Program.EffThunk Effect4.Machine.Val
                Effect4.Machine.Err Effect4.Machine.Defect Effect4.FiberId Effect4.Machine.Ann)
              (Effect4.FrameFiber.{0, 0} Effect4.Program.EffName Effect4.Program.EffThunk Effect4.Machine.Val
                Effect4.Machine.Err Effect4.Machine.Defect Effect4.FiberId Effect4.Machine.Ann)
              (Effect4.FrameEvent.{0, 0} Effect4.Program.EffName Effect4.Program.EffThunk Effect4.Machine.Val
                Effect4.Machine.Err Effect4.Machine.Defect Effect4.FiberId Effect4.Machine.Ann)
              m)))
        (@Effect4.Machine.RunMachine.trace.{0, 0} Effect4.Program.EffName Effect4.Program.EffThunk Effect4.Machine.Val
          Effect4.Machine.Err Effect4.Machine.Defect Effect4.FiberId Effect4.Machine.Ann Effect4.Machine.Ctx
          Effect4.Machine.Stores
          (Effect4.Prim.{0, 0} Effect4.Program.EffName Effect4.Program.EffThunk Effect4.Machine.Val Effect4.Machine.Err
            Effect4.Machine.Defect Effect4.FiberId Effect4.Machine.Ann)
          (Effect4.FrameFiber.{0, 0} Effect4.Program.EffName Effect4.Program.EffThunk Effect4.Machine.Val
            Effect4.Machine.Err Effect4.Machine.Defect Effect4.FiberId Effect4.Machine.Ann)
          (Effect4.FrameEvent.{0, 0} Effect4.Program.EffName Effect4.Program.EffThunk Effect4.Machine.Val
            Effect4.Machine.Err Effect4.Machine.Defect Effect4.FiberId Effect4.Machine.Ann)
          m)
        (@Effect4.Machine.RunMachine.stuck.{0, 0} Effect4.Program.EffName Effect4.Program.EffThunk Effect4.Machine.Val
          Effect4.Machine.Err Effect4.Machine.Defect Effect4.FiberId Effect4.Machine.Ann Effect4.Machine.Ctx
          Effect4.Machine.Stores
          (Effect4.Prim.{0, 0} Effect4.Program.EffName Effect4.Program.EffThunk Effect4.Machine.Val Effect4.Machine.Err
            Effect4.Machine.Defect Effect4.FiberId Effect4.Machine.Ann)
          (Effect4.FrameFiber.{0, 0} Effect4.Program.EffName Effect4.Program.EffThunk Effect4.Machine.Val
            Effect4.Machine.Err Effect4.Machine.Defect Effect4.FiberId Effect4.Machine.Ann)
          (Effect4.FrameEvent.{0, 0} Effect4.Program.EffName Effect4.Program.EffThunk Effect4.Machine.Val
            Effect4.Machine.Err Effect4.Machine.Defect Effect4.FiberId Effect4.Machine.Ann)
          m))
STATEMENT Effect4.Program.Guard.OuterDriver.M1Clock.guardState_advanceState ∀ (p : Effect4.Program.NativeEff)
  (table : Effect4.Program.RowTable),
  Effect4.Program.Guard.DriverContract p table →
    ∀ (fuel : Nat) (millis : Effect4.ClockMillis) (rounds : Nat) (m : Effect4.Program.NativeMachine),
      Effect4.Program.Guard.GuardState m →
        Effect4.Program.Guard.GuardState
          (@Prod.fst.{0, 0}
            (Effect4.Machine.RunMachine.{0, 0} Effect4.Program.EffName Effect4.Program.EffThunk Effect4.Machine.Val
              Effect4.Machine.Err Effect4.Machine.Defect Effect4.FiberId Effect4.Machine.Ann Effect4.Machine.Ctx
              Effect4.Machine.Stores
              (Effect4.Prim.{0, 0} Effect4.Program.EffName Effect4.Program.EffThunk Effect4.Machine.Val
                Effect4.Machine.Err Effect4.Machine.Defect Effect4.FiberId Effect4.Machine.Ann)
              (Effect4.FrameFiber.{0, 0} Effect4.Program.EffName Effect4.Program.EffThunk Effect4.Machine.Val
                Effect4.Machine.Err Effect4.Machine.Defect Effect4.FiberId Effect4.Machine.Ann)
              (Effect4.FrameEvent.{0, 0} Effect4.Program.EffName Effect4.Program.EffThunk Effect4.Machine.Val
                Effect4.Machine.Err Effect4.Machine.Defect Effect4.FiberId Effect4.Machine.Ann))
            Bool
            (@Effect4.Machine.advanceState.{0, 0} Effect4.Program.EffName Effect4.Program.EffThunk Effect4.Machine.Val
              Effect4.Machine.Err Effect4.Machine.Defect Effect4.FiberId Effect4.Machine.Ann Effect4.Machine.Ctx
              Effect4.Machine.Stores Effect4.Machine.instDecidableEqErr Effect4.Machine.instDecidableEqDefect
              Effect4.instDecidableEqFiberId instDecidableEqPUnit.{1}
              (Effect4.Prim.{0, 0} Effect4.Program.EffName Effect4.Program.EffThunk Effect4.Machine.Val
                Effect4.Machine.Err Effect4.Machine.Defect Effect4.FiberId Effect4.Machine.Ann)
              (Effect4.FrameFiber.{0, 0} Effect4.Program.EffName Effect4.Program.EffThunk Effect4.Machine.Val
                Effect4.Machine.Err Effect4.Machine.Defect Effect4.FiberId Effect4.Machine.Ann)
              (Effect4.FrameEvent.{0, 0} Effect4.Program.EffName Effect4.Program.EffThunk Effect4.Machine.Val
                Effect4.Machine.Err Effect4.Machine.Defect Effect4.FiberId Effect4.Machine.Ann)
              (@Effect4.Machine.frameCore.{0, 0} Effect4.Program.EffName Effect4.Program.EffThunk Effect4.Machine.Val
                Effect4.Machine.Err Effect4.Machine.Defect Effect4.FiberId Effect4.Machine.Ann)
              (Effect4.Program.evaluatorFor p table) (Effect4.Program.interpOf p table) fuel millis rounds m))
STATEMENT Effect4.Program.Guard.OuterDriver.M1Clock.interruptedAt_advanceState ∀ (p : Effect4.Program.NativeEff)
  (table : Effect4.Program.RowTable),
  Effect4.Program.Guard.DriverContract p table →
    ∀ (fuel : Nat) (millis : Effect4.ClockMillis) (rounds : Nat) (m : Effect4.Program.NativeMachine),
      Effect4.Program.Guard.GuardState m →
        ∀ (fiber : Effect4.FiberId),
          Effect4.Program.Guard.InterruptedAt m fiber →
            Effect4.Program.Guard.InterruptedAt
              (@Prod.fst.{0, 0}
                (Effect4.Machine.RunMachine.{0, 0} Effect4.Program.EffName Effect4.Program.EffThunk Effect4.Machine.Val
                  Effect4.Machine.Err Effect4.Machine.Defect Effect4.FiberId Effect4.Machine.Ann Effect4.Machine.Ctx
                  Effect4.Machine.Stores
                  (Effect4.Prim.{0, 0} Effect4.Program.EffName Effect4.Program.EffThunk Effect4.Machine.Val
                    Effect4.Machine.Err Effect4.Machine.Defect Effect4.FiberId Effect4.Machine.Ann)
                  (Effect4.FrameFiber.{0, 0} Effect4.Program.EffName Effect4.Program.EffThunk Effect4.Machine.Val
                    Effect4.Machine.Err Effect4.Machine.Defect Effect4.FiberId Effect4.Machine.Ann)
                  (Effect4.FrameEvent.{0, 0} Effect4.Program.EffName Effect4.Program.EffThunk Effect4.Machine.Val
                    Effect4.Machine.Err Effect4.Machine.Defect Effect4.FiberId Effect4.Machine.Ann))
                Bool
                (@Effect4.Machine.advanceState.{0, 0} Effect4.Program.EffName Effect4.Program.EffThunk
                  Effect4.Machine.Val Effect4.Machine.Err Effect4.Machine.Defect Effect4.FiberId Effect4.Machine.Ann
                  Effect4.Machine.Ctx Effect4.Machine.Stores Effect4.Machine.instDecidableEqErr
                  Effect4.Machine.instDecidableEqDefect Effect4.instDecidableEqFiberId instDecidableEqPUnit.{1}
                  (Effect4.Prim.{0, 0} Effect4.Program.EffName Effect4.Program.EffThunk Effect4.Machine.Val
                    Effect4.Machine.Err Effect4.Machine.Defect Effect4.FiberId Effect4.Machine.Ann)
                  (Effect4.FrameFiber.{0, 0} Effect4.Program.EffName Effect4.Program.EffThunk Effect4.Machine.Val
                    Effect4.Machine.Err Effect4.Machine.Defect Effect4.FiberId Effect4.Machine.Ann)
                  (Effect4.FrameEvent.{0, 0} Effect4.Program.EffName Effect4.Program.EffThunk Effect4.Machine.Val
                    Effect4.Machine.Err Effect4.Machine.Defect Effect4.FiberId Effect4.Machine.Ann)
                  (@Effect4.Machine.frameCore.{0, 0} Effect4.Program.EffName Effect4.Program.EffThunk
                    Effect4.Machine.Val Effect4.Machine.Err Effect4.Machine.Defect Effect4.FiberId Effect4.Machine.Ann)
                  (Effect4.Program.evaluatorFor p table) (Effect4.Program.interpOf p table) fuel millis rounds m))
              fiber
STATEMENT Effect4.Program.Guard.OuterDriver.M1Clock.requestOrInterrupted_advanceState ∀ (p : Effect4.Program.NativeEff)
  (table : Effect4.Program.RowTable),
  Effect4.Program.Guard.DriverContract p table →
    ∀ (fuel : Nat) (millis : Effect4.ClockMillis) (rounds : Nat) (m : Effect4.Program.NativeMachine),
      Effect4.Program.Guard.GuardState m →
        ∀ (fiber : Effect4.FiberId) (token : Nat) (request : Prod.{0, 0} Effect4.Program.NativeOp Effect4.Machine.Val),
          @Eq.{1} (Option.{0} (Prod.{0, 0} Effect4.Program.NativeOp Effect4.Machine.Val))
              (Effect4.Program.requestOf m fiber token)
              (@Option.some.{0} (Prod.{0, 0} Effect4.Program.NativeOp Effect4.Machine.Val) request) →
            Or
              (@Eq.{1} (Option.{0} (Prod.{0, 0} Effect4.Program.NativeOp Effect4.Machine.Val))
                (Effect4.Program.requestOf
                  (@Prod.fst.{0, 0}
                    (Effect4.Machine.RunMachine.{0, 0} Effect4.Program.EffName Effect4.Program.EffThunk
                      Effect4.Machine.Val Effect4.Machine.Err Effect4.Machine.Defect Effect4.FiberId Effect4.Machine.Ann
                      Effect4.Machine.Ctx Effect4.Machine.Stores
                      (Effect4.Prim.{0, 0} Effect4.Program.EffName Effect4.Program.EffThunk Effect4.Machine.Val
                        Effect4.Machine.Err Effect4.Machine.Defect Effect4.FiberId Effect4.Machine.Ann)
                      (Effect4.FrameFiber.{0, 0} Effect4.Program.EffName Effect4.Program.EffThunk Effect4.Machine.Val
                        Effect4.Machine.Err Effect4.Machine.Defect Effect4.FiberId Effect4.Machine.Ann)
                      (Effect4.FrameEvent.{0, 0} Effect4.Program.EffName Effect4.Program.EffThunk Effect4.Machine.Val
                        Effect4.Machine.Err Effect4.Machine.Defect Effect4.FiberId Effect4.Machine.Ann))
                    Bool
                    (@Effect4.Machine.advanceState.{0, 0} Effect4.Program.EffName Effect4.Program.EffThunk
                      Effect4.Machine.Val Effect4.Machine.Err Effect4.Machine.Defect Effect4.FiberId Effect4.Machine.Ann
                      Effect4.Machine.Ctx Effect4.Machine.Stores Effect4.Machine.instDecidableEqErr
                      Effect4.Machine.instDecidableEqDefect Effect4.instDecidableEqFiberId instDecidableEqPUnit.{1}
                      (Effect4.Prim.{0, 0} Effect4.Program.EffName Effect4.Program.EffThunk Effect4.Machine.Val
                        Effect4.Machine.Err Effect4.Machine.Defect Effect4.FiberId Effect4.Machine.Ann)
                      (Effect4.FrameFiber.{0, 0} Effect4.Program.EffName Effect4.Program.EffThunk Effect4.Machine.Val
                        Effect4.Machine.Err Effect4.Machine.Defect Effect4.FiberId Effect4.Machine.Ann)
                      (Effect4.FrameEvent.{0, 0} Effect4.Program.EffName Effect4.Program.EffThunk Effect4.Machine.Val
                        Effect4.Machine.Err Effect4.Machine.Defect Effect4.FiberId Effect4.Machine.Ann)
                      (@Effect4.Machine.frameCore.{0, 0} Effect4.Program.EffName Effect4.Program.EffThunk
                        Effect4.Machine.Val Effect4.Machine.Err Effect4.Machine.Defect Effect4.FiberId
                        Effect4.Machine.Ann)
                      (Effect4.Program.evaluatorFor p table) (Effect4.Program.interpOf p table) fuel millis rounds m))
                  fiber token)
                (@Option.some.{0} (Prod.{0, 0} Effect4.Program.NativeOp Effect4.Machine.Val) request))
              (Effect4.Program.Guard.InterruptedAt
                (@Prod.fst.{0, 0}
                  (Effect4.Machine.RunMachine.{0, 0} Effect4.Program.EffName Effect4.Program.EffThunk
                    Effect4.Machine.Val Effect4.Machine.Err Effect4.Machine.Defect Effect4.FiberId Effect4.Machine.Ann
                    Effect4.Machine.Ctx Effect4.Machine.Stores
                    (Effect4.Prim.{0, 0} Effect4.Program.EffName Effect4.Program.EffThunk Effect4.Machine.Val
                      Effect4.Machine.Err Effect4.Machine.Defect Effect4.FiberId Effect4.Machine.Ann)
                    (Effect4.FrameFiber.{0, 0} Effect4.Program.EffName Effect4.Program.EffThunk Effect4.Machine.Val
                      Effect4.Machine.Err Effect4.Machine.Defect Effect4.FiberId Effect4.Machine.Ann)
                    (Effect4.FrameEvent.{0, 0} Effect4.Program.EffName Effect4.Program.EffThunk Effect4.Machine.Val
                      Effect4.Machine.Err Effect4.Machine.Defect Effect4.FiberId Effect4.Machine.Ann))
                  Bool
                  (@Effect4.Machine.advanceState.{0, 0} Effect4.Program.EffName Effect4.Program.EffThunk
                    Effect4.Machine.Val Effect4.Machine.Err Effect4.Machine.Defect Effect4.FiberId Effect4.Machine.Ann
                    Effect4.Machine.Ctx Effect4.Machine.Stores Effect4.Machine.instDecidableEqErr
                    Effect4.Machine.instDecidableEqDefect Effect4.instDecidableEqFiberId instDecidableEqPUnit.{1}
                    (Effect4.Prim.{0, 0} Effect4.Program.EffName Effect4.Program.EffThunk Effect4.Machine.Val
                      Effect4.Machine.Err Effect4.Machine.Defect Effect4.FiberId Effect4.Machine.Ann)
                    (Effect4.FrameFiber.{0, 0} Effect4.Program.EffName Effect4.Program.EffThunk Effect4.Machine.Val
                      Effect4.Machine.Err Effect4.Machine.Defect Effect4.FiberId Effect4.Machine.Ann)
                    (Effect4.FrameEvent.{0, 0} Effect4.Program.EffName Effect4.Program.EffThunk Effect4.Machine.Val
                      Effect4.Machine.Err Effect4.Machine.Defect Effect4.FiberId Effect4.Machine.Ann)
                    (@Effect4.Machine.frameCore.{0, 0} Effect4.Program.EffName Effect4.Program.EffThunk
                      Effect4.Machine.Val Effect4.Machine.Err Effect4.Machine.Defect Effect4.FiberId
                      Effect4.Machine.Ann)
                    (Effect4.Program.evaluatorFor p table) (Effect4.Program.interpOf p table) fuel millis rounds m))
                fiber)
STATEMENT Effect4.Program.Guard.OuterDriver.M1Clock.reservedKeys_advanceState ∀ (p : Effect4.Program.NativeEff)
  (table : Effect4.Program.RowTable),
  Effect4.Program.Guard.DriverContract p table →
    ∀ (fuel : Nat) (millis : Effect4.ClockMillis) (rounds : Nat) (m : Effect4.Program.NativeMachine),
      Effect4.Program.Guard.GuardState m →
        ∀ (keys : List.{0} Effect4.Program.Guard.GuardKey),
          Effect4.Program.Guard.ReservedKeys m keys →
            Effect4.Program.Guard.ReservedKeys
              (@Prod.fst.{0, 0}
                (Effect4.Machine.RunMachine.{0, 0} Effect4.Program.EffName Effect4.Program.EffThunk Effect4.Machine.Val
                  Effect4.Machine.Err Effect4.Machine.Defect Effect4.FiberId Effect4.Machine.Ann Effect4.Machine.Ctx
                  Effect4.Machine.Stores
                  (Effect4.Prim.{0, 0} Effect4.Program.EffName Effect4.Program.EffThunk Effect4.Machine.Val
                    Effect4.Machine.Err Effect4.Machine.Defect Effect4.FiberId Effect4.Machine.Ann)
                  (Effect4.FrameFiber.{0, 0} Effect4.Program.EffName Effect4.Program.EffThunk Effect4.Machine.Val
                    Effect4.Machine.Err Effect4.Machine.Defect Effect4.FiberId Effect4.Machine.Ann)
                  (Effect4.FrameEvent.{0, 0} Effect4.Program.EffName Effect4.Program.EffThunk Effect4.Machine.Val
                    Effect4.Machine.Err Effect4.Machine.Defect Effect4.FiberId Effect4.Machine.Ann))
                Bool
                (@Effect4.Machine.advanceState.{0, 0} Effect4.Program.EffName Effect4.Program.EffThunk
                  Effect4.Machine.Val Effect4.Machine.Err Effect4.Machine.Defect Effect4.FiberId Effect4.Machine.Ann
                  Effect4.Machine.Ctx Effect4.Machine.Stores Effect4.Machine.instDecidableEqErr
                  Effect4.Machine.instDecidableEqDefect Effect4.instDecidableEqFiberId instDecidableEqPUnit.{1}
                  (Effect4.Prim.{0, 0} Effect4.Program.EffName Effect4.Program.EffThunk Effect4.Machine.Val
                    Effect4.Machine.Err Effect4.Machine.Defect Effect4.FiberId Effect4.Machine.Ann)
                  (Effect4.FrameFiber.{0, 0} Effect4.Program.EffName Effect4.Program.EffThunk Effect4.Machine.Val
                    Effect4.Machine.Err Effect4.Machine.Defect Effect4.FiberId Effect4.Machine.Ann)
                  (Effect4.FrameEvent.{0, 0} Effect4.Program.EffName Effect4.Program.EffThunk Effect4.Machine.Val
                    Effect4.Machine.Err Effect4.Machine.Defect Effect4.FiberId Effect4.Machine.Ann)
                  (@Effect4.Machine.frameCore.{0, 0} Effect4.Program.EffName Effect4.Program.EffThunk
                    Effect4.Machine.Val Effect4.Machine.Err Effect4.Machine.Defect Effect4.FiberId Effect4.Machine.Ann)
                  (Effect4.Program.evaluatorFor p table) (Effect4.Program.interpOf p table) fuel millis rounds m))
              keys
STATEMENT Effect4.Program.Guard.OuterDriver.M1Clock.timer_clockStep_keys ∀ {κ : Type}
  (timers : Effect4.Machine.TimerStore) (millis : Effect4.ClockMillis) (answer : κ),
  @HasSubset.Subset.{0} (List.{0} Effect4.Program.Guard.GuardKey)
    (@List.instHasSubset.{0} Effect4.Program.Guard.GuardKey)
    (@Effect4.Program.Guard.wakeKeys Effect4.ClockMillis
      (@Prod.snd.{0, 0} (Option.{0} (Effect4.Machine.Owed.{0} κ)) Effect4.Machine.TimerStore
          (@Effect4.Machine.TimerStore.clockStep.{0} κ timers millis answer)).wake)
    (@Effect4.Program.Guard.wakeKeys Effect4.ClockMillis timers.wake)
STATEMENT Effect4.Program.Guard.SingleGuard.M1Clock.clockStep_owed_safe ∀ (p : Effect4.Program.NativeEff)
  (table : Effect4.Program.RowTable) {m : Effect4.Program.NativeMachine} {fiber : Effect4.FiberId} {token : Nat}
  {request : Prod.{0, 0} Effect4.Program.NativeOp Effect4.Machine.Val},
  Effect4.Program.Guard.SingleGuard.Held m fiber token request →
    ∀ (millis : Effect4.ClockMillis) (owed : Effect4.Machine.Owed.{0} Effect4.Program.NCode),
      @Eq.{1}
          (Option.{0}
            (Effect4.Machine.Owed.{0}
              (Effect4.Prim.{0, 0} Effect4.Program.EffName Effect4.Program.EffThunk Effect4.Machine.Val
                Effect4.Machine.Err Effect4.Machine.Defect Effect4.FiberId Effect4.Machine.Ann)))
          (@Prod.fst.{0, 0}
            (Option.{0}
              (Effect4.Machine.Owed.{0}
                (Effect4.Prim.{0, 0} Effect4.Program.EffName Effect4.Program.EffThunk Effect4.Machine.Val
                  Effect4.Machine.Err Effect4.Machine.Defect Effect4.FiberId Effect4.Machine.Ann)))
            Effect4.Machine.Stores
            (@Effect4.Machine.RunInterp.clockStep.{0, 0} Effect4.Program.EffName Effect4.Program.EffThunk
              Effect4.Machine.Val Effect4.Machine.Err Effect4.Machine.Defect Effect4.FiberId Effect4.Machine.Ann
              Effect4.Machine.Ctx Effect4.Machine.Stores
              (Effect4.Prim.{0, 0} Effect4.Program.EffName Effect4.Program.EffThunk Effect4.Machine.Val
                Effect4.Machine.Err Effect4.Machine.Defect Effect4.FiberId Effect4.Machine.Ann)
              (Effect4.Program.interpOf p table) millis
              (@Effect4.Machine.RunMachine.state.{0, 0} Effect4.Program.EffName Effect4.Program.EffThunk
                Effect4.Machine.Val Effect4.Machine.Err Effect4.Machine.Defect Effect4.FiberId Effect4.Machine.Ann
                Effect4.Machine.Ctx Effect4.Machine.Stores
                (Effect4.Prim.{0, 0} Effect4.Program.EffName Effect4.Program.EffThunk Effect4.Machine.Val
                  Effect4.Machine.Err Effect4.Machine.Defect Effect4.FiberId Effect4.Machine.Ann)
                (Effect4.FrameFiber.{0, 0} Effect4.Program.EffName Effect4.Program.EffThunk Effect4.Machine.Val
                  Effect4.Machine.Err Effect4.Machine.Defect Effect4.FiberId Effect4.Machine.Ann)
                (Effect4.FrameEvent.{0, 0} Effect4.Program.EffName Effect4.Program.EffThunk Effect4.Machine.Val
                  Effect4.Machine.Err Effect4.Machine.Defect Effect4.FiberId Effect4.Machine.Ann)
                m)))
          (@Option.some.{0} (Effect4.Machine.Owed.{0} Effect4.Program.NCode) owed) →
        @Ne.{1} (Prod.{0, 0} Effect4.FiberId Nat)
          (@Prod.mk.{0, 0} Effect4.FiberId Nat (@Effect4.Machine.Owed.waiter.{0} Effect4.Program.NCode owed)
            (@Effect4.Machine.Owed.token.{0} Effect4.Program.NCode owed))
          (@Prod.mk.{0, 0} Effect4.FiberId Nat fiber token)
STATEMENT Effect4.Program.Guard.SingleGuard.M1Clock.clockStep_storeKeys ∀ (p : Effect4.Program.NativeEff)
  (table : Effect4.Program.RowTable) (stores : Effect4.Machine.Stores) (millis : Effect4.ClockMillis),
  @HasSubset.Subset.{0} (List.{0} Effect4.Program.Guard.GuardKey)
    (@List.instHasSubset.{0} Effect4.Program.Guard.GuardKey)
    (Effect4.Program.Guard.storeKeys
      (@Prod.snd.{0, 0}
        (Option.{0}
          (Effect4.Machine.Owed.{0}
            (Effect4.Prim.{0, 0} Effect4.Program.EffName Effect4.Program.EffThunk Effect4.Machine.Val
              Effect4.Machine.Err Effect4.Machine.Defect Effect4.FiberId Effect4.Machine.Ann)))
        Effect4.Machine.Stores
        (@Effect4.Machine.RunInterp.clockStep.{0, 0} Effect4.Program.EffName Effect4.Program.EffThunk
          Effect4.Machine.Val Effect4.Machine.Err Effect4.Machine.Defect Effect4.FiberId Effect4.Machine.Ann
          Effect4.Machine.Ctx Effect4.Machine.Stores
          (Effect4.Prim.{0, 0} Effect4.Program.EffName Effect4.Program.EffThunk Effect4.Machine.Val Effect4.Machine.Err
            Effect4.Machine.Defect Effect4.FiberId Effect4.Machine.Ann)
          (Effect4.Program.interpOf p table) millis stores)))
    (Effect4.Program.Guard.storeKeys stores)
STATEMENT Effect4.Program.Guard.SingleGuard.M1Clock.held_advanceState ∀ (p : Effect4.Program.NativeEff)
  (table : Effect4.Program.RowTable) (fuel : Nat) (millis : Effect4.ClockMillis) (rounds : Nat)
  {m : Effect4.Program.NativeMachine} {fiber : Effect4.FiberId} {token : Nat}
  {request : Prod.{0, 0} Effect4.Program.NativeOp Effect4.Machine.Val},
  Effect4.Program.Guard.SingleGuard.Held m fiber token request →
    Effect4.Program.Guard.SingleGuard.Held
      (@Prod.fst.{0, 0}
        (Effect4.Machine.RunMachine.{0, 0} Effect4.Program.EffName Effect4.Program.EffThunk Effect4.Machine.Val
          Effect4.Machine.Err Effect4.Machine.Defect Effect4.FiberId Effect4.Machine.Ann Effect4.Machine.Ctx
          Effect4.Machine.Stores
          (Effect4.Prim.{0, 0} Effect4.Program.EffName Effect4.Program.EffThunk Effect4.Machine.Val Effect4.Machine.Err
            Effect4.Machine.Defect Effect4.FiberId Effect4.Machine.Ann)
          (Effect4.FrameFiber.{0, 0} Effect4.Program.EffName Effect4.Program.EffThunk Effect4.Machine.Val
            Effect4.Machine.Err Effect4.Machine.Defect Effect4.FiberId Effect4.Machine.Ann)
          (Effect4.FrameEvent.{0, 0} Effect4.Program.EffName Effect4.Program.EffThunk Effect4.Machine.Val
            Effect4.Machine.Err Effect4.Machine.Defect Effect4.FiberId Effect4.Machine.Ann))
        Bool
        (@Effect4.Machine.advanceState.{0, 0} Effect4.Program.EffName Effect4.Program.EffThunk Effect4.Machine.Val
          Effect4.Machine.Err Effect4.Machine.Defect Effect4.FiberId Effect4.Machine.Ann Effect4.Machine.Ctx
          Effect4.Machine.Stores Effect4.Machine.instDecidableEqErr Effect4.Machine.instDecidableEqDefect
          Effect4.instDecidableEqFiberId instDecidableEqPUnit.{1}
          (Effect4.Prim.{0, 0} Effect4.Program.EffName Effect4.Program.EffThunk Effect4.Machine.Val Effect4.Machine.Err
            Effect4.Machine.Defect Effect4.FiberId Effect4.Machine.Ann)
          (Effect4.FrameFiber.{0, 0} Effect4.Program.EffName Effect4.Program.EffThunk Effect4.Machine.Val
            Effect4.Machine.Err Effect4.Machine.Defect Effect4.FiberId Effect4.Machine.Ann)
          (Effect4.FrameEvent.{0, 0} Effect4.Program.EffName Effect4.Program.EffThunk Effect4.Machine.Val
            Effect4.Machine.Err Effect4.Machine.Defect Effect4.FiberId Effect4.Machine.Ann)
          (@Effect4.Machine.frameCore.{0, 0} Effect4.Program.EffName Effect4.Program.EffThunk Effect4.Machine.Val
            Effect4.Machine.Err Effect4.Machine.Defect Effect4.FiberId Effect4.Machine.Ann)
          (Effect4.Program.evaluatorFor p table) (Effect4.Program.interpOf p table) fuel millis rounds m))
      fiber token request
STATEMENT Effect4.Program.Guard.SingleGuard.M1Clock.timer_clockStep_keys ∀ (timers : Effect4.Machine.TimerStore)
  (millis : Effect4.ClockMillis)
  (code :
    Effect4.Machine.Completion.{0, 0} Effect4.Machine.Val Effect4.Machine.Err Effect4.Machine.Defect Effect4.FiberId
      Effect4.Machine.Ann),
  @HasSubset.Subset.{0} (List.{0} Effect4.Program.Guard.GuardKey)
    (@List.instHasSubset.{0} Effect4.Program.Guard.GuardKey)
    (@Effect4.Program.Guard.wakeKeys Effect4.ClockMillis
      (@Prod.snd.{0, 0}
          (Option.{0}
            (Effect4.Machine.Owed.{0}
              (Effect4.Machine.Completion.{0, 0} Effect4.Machine.Val Effect4.Machine.Err Effect4.Machine.Defect
                Effect4.FiberId Effect4.Machine.Ann)))
          Effect4.Machine.TimerStore
          (@Effect4.Machine.TimerStore.clockStep.{0}
            (Effect4.Machine.Completion.{0, 0} Effect4.Machine.Val Effect4.Machine.Err Effect4.Machine.Defect
              Effect4.FiberId Effect4.Machine.Ann)
            timers millis code)).wake)
    (@Effect4.Program.Guard.wakeKeys Effect4.ClockMillis timers.wake)
STATEMENT Effect4.Program.Guard.SingleGuard.M1Clock.timer_fireNext_keys ∀ (timers : Effect4.Machine.TimerStore)
  (target : Effect4.ClockMillis)
  (code :
    Effect4.Machine.Completion.{0, 0} Effect4.Machine.Val Effect4.Machine.Err Effect4.Machine.Defect Effect4.FiberId
      Effect4.Machine.Ann),
  @HasSubset.Subset.{0} (List.{0} Effect4.Program.Guard.GuardKey)
    (@List.instHasSubset.{0} Effect4.Program.Guard.GuardKey)
    (@Effect4.Program.Guard.wakeKeys Effect4.ClockMillis
      (@Prod.snd.{0, 0}
          (Option.{0}
            (Effect4.Machine.Owed.{0}
              (Effect4.Machine.Completion.{0, 0} Effect4.Machine.Val Effect4.Machine.Err Effect4.Machine.Defect
                Effect4.FiberId Effect4.Machine.Ann)))
          Effect4.Machine.TimerStore
          (@Effect4.Machine.TimerStore.fireNext.{0}
            (Effect4.Machine.Completion.{0, 0} Effect4.Machine.Val Effect4.Machine.Err Effect4.Machine.Defect
              Effect4.FiberId Effect4.Machine.Ann)
            timers target code)).wake)
    (@Effect4.Program.Guard.wakeKeys Effect4.ClockMillis timers.wake)
STATEMENT Effect4.Program.Sched.M1Actions.scopeLinkFiber_ok ∀ (root : Effect4.Program.NativeEff)
  (mode : Effect4.Supervision.ScopeMode) (scope : Nat) (fiber : Effect4.FiberId) (s s' : Effect4.Machine.Stores)
  (key : Nat),
  Effect4.Program.Sched.StoresOk s →
    @Eq.{1} (Option.{0} (Prod.{0, 0} Effect4.Machine.Stores Nat))
        (@Effect4.Machine.RunInterp.scopeLinkFiber.{0, 0} Effect4.Program.EffName Effect4.Program.EffThunk
          Effect4.Machine.Val Effect4.Machine.Err Effect4.Machine.Defect Effect4.FiberId Effect4.Machine.Ann
          Effect4.Machine.Ctx Effect4.Machine.Stores
          (Effect4.Prim.{0, 0} Effect4.Program.EffName Effect4.Program.EffThunk Effect4.Machine.Val Effect4.Machine.Err
            Effect4.Machine.Defect Effect4.FiberId Effect4.Machine.Ann)
          (Effect4.Program.interpOf root (@List.nil.{0} Effect4.Program.Row)) mode scope fiber s)
        (@Option.some.{0} (Prod.{0, 0} Effect4.Machine.Stores Nat)
          (@Prod.mk.{0, 0} Effect4.Machine.Stores Nat s' key)) →
      Effect4.Program.Sched.StoresOk s'
STATEMENT Effect4.Program.Sched.M1Clock.clockStep_frame ∀ (root : Effect4.Program.NativeEff)
  (millis : Effect4.ClockMillis) (s : Effect4.Machine.Stores),
  @Eq.{1}
    (Prod.{0, 0}
      (Option.{0}
        (Effect4.Machine.Owed.{0}
          (Effect4.Prim.{0, 0} Effect4.Program.EffName Effect4.Program.EffThunk Effect4.Machine.Val Effect4.Machine.Err
            Effect4.Machine.Defect Effect4.FiberId Effect4.Machine.Ann)))
      Effect4.Machine.Stores)
    (@Effect4.Machine.RunInterp.clockStep.{0, 0} Effect4.Program.EffName Effect4.Program.EffThunk Effect4.Machine.Val
      Effect4.Machine.Err Effect4.Machine.Defect Effect4.FiberId Effect4.Machine.Ann Effect4.Machine.Ctx
      Effect4.Machine.Stores
      (Effect4.Prim.{0, 0} Effect4.Program.EffName Effect4.Program.EffThunk Effect4.Machine.Val Effect4.Machine.Err
        Effect4.Machine.Defect Effect4.FiberId Effect4.Machine.Ann)
      (Effect4.Program.interpOf root (@List.nil.{0} Effect4.Program.Row)) millis s)
    (@Prod.mk.{0, 0} (Option.{0} (Effect4.Machine.Owed.{0} Effect4.Program.NCode)) Effect4.Machine.Stores
      (@Option.map.{0, 0}
        (Effect4.Machine.Owed.{0}
          (Effect4.Machine.Completion.{0, 0} Effect4.Machine.Val Effect4.Machine.Err Effect4.Machine.Defect
            Effect4.FiberId Effect4.Machine.Ann))
        (Effect4.Machine.Owed.{0} Effect4.Program.NCode)
        (@Effect4.Machine.Owed.mapCode.{0, 0}
          (Effect4.Machine.Completion.{0, 0} Effect4.Machine.Val Effect4.Machine.Err Effect4.Machine.Defect
            Effect4.FiberId Effect4.Machine.Ann)
          Effect4.Program.NCode fun c => Effect4.Program.embed (Effect4.Machine.completionPrim c))
        (@Prod.fst.{0, 0}
          (Option.{0}
            (Effect4.Machine.Owed.{0}
              (Effect4.Machine.Completion.{0, 0} Effect4.Machine.Val Effect4.Machine.Err Effect4.Machine.Defect
                Effect4.FiberId Effect4.Machine.Ann)))
          Effect4.Machine.TimerStore
          (@Effect4.Machine.TimerStore.clockStep.{0}
            (Effect4.Machine.Completion.{0, 0} Effect4.Machine.Val Effect4.Machine.Err Effect4.Machine.Defect
              Effect4.FiberId Effect4.Machine.Ann)
            s.timers millis
            (@Effect4.Machine.Completion.ofExit.{0, 0} Effect4.Machine.Val Effect4.Machine.Err Effect4.Machine.Defect
              Effect4.FiberId Effect4.Machine.Ann
              (@Effect4.Exit.success.{0, 0} Effect4.Machine.Val Effect4.Machine.Err Effect4.Machine.Defect
                Effect4.FiberId Effect4.Machine.Ann Effect4.Store.Val.unit)))))
      { refs := s.refs, deferreds := s.deferreds, scopes := s.scopes, memo := s.memo,
        timers :=
          @Prod.snd.{0, 0}
            (Option.{0}
              (Effect4.Machine.Owed.{0}
                (Effect4.Machine.Completion.{0, 0} Effect4.Machine.Val Effect4.Machine.Err Effect4.Machine.Defect
                  Effect4.FiberId Effect4.Machine.Ann)))
            Effect4.Machine.TimerStore
            (@Effect4.Machine.TimerStore.clockStep.{0}
              (Effect4.Machine.Completion.{0, 0} Effect4.Machine.Val Effect4.Machine.Err Effect4.Machine.Defect
                Effect4.FiberId Effect4.Machine.Ann)
              s.timers millis
              (@Effect4.Machine.Completion.ofExit.{0, 0} Effect4.Machine.Val Effect4.Machine.Err Effect4.Machine.Defect
                Effect4.FiberId Effect4.Machine.Ann
                (@Effect4.Exit.success.{0, 0} Effect4.Machine.Val Effect4.Machine.Err Effect4.Machine.Defect
                  Effect4.FiberId Effect4.Machine.Ann Effect4.Store.Val.unit))),
        nextName := s.nextName, externals := s.externals })
STATEMENT Effect4.Program.Sched.M1Clock.clockStep_rel ∀ (root : Effect4.Program.NativeEff)
  (millis : Effect4.ClockMillis) (s : Effect4.Machine.Stores),
  Effect4.Program.Sched.StoresOk s →
    And
      (Effect4.Program.Sched.StoresOk
        (@Prod.snd.{0, 0}
          (Option.{0}
            (Effect4.Machine.Owed.{0}
              (Effect4.Prim.{0, 0} Effect4.Program.EffName Effect4.Program.EffThunk Effect4.Machine.Val
                Effect4.Machine.Err Effect4.Machine.Defect Effect4.FiberId Effect4.Machine.Ann)))
          Effect4.Machine.Stores
          (@Effect4.Machine.RunInterp.clockStep.{0, 0} Effect4.Program.EffName Effect4.Program.EffThunk
            Effect4.Machine.Val Effect4.Machine.Err Effect4.Machine.Defect Effect4.FiberId Effect4.Machine.Ann
            Effect4.Machine.Ctx Effect4.Machine.Stores
            (Effect4.Prim.{0, 0} Effect4.Program.EffName Effect4.Program.EffThunk Effect4.Machine.Val
              Effect4.Machine.Err Effect4.Machine.Defect Effect4.FiberId Effect4.Machine.Ann)
            (Effect4.Program.interpOf root (@List.nil.{0} Effect4.Program.Row)) millis s)))
      (And
        (@Eq.{1} Effect4.Machine.Stores
          (@Prod.snd.{0, 0}
            (Option.{0}
              (Effect4.Machine.Owed.{0}
                (Effect4.Prim.{0, 0} Effect4.Program.EffName Effect4.Program.EffThunk Effect4.Machine.Val
                  Effect4.Machine.Err Effect4.Machine.Defect Effect4.FiberId Effect4.Machine.Ann)))
            Effect4.Machine.Stores
            (@Effect4.Machine.RunInterp.clockStep.{0, 0} Effect4.Program.EffName Effect4.Program.EffThunk
              Effect4.Machine.Val Effect4.Machine.Err Effect4.Machine.Defect Effect4.FiberId Effect4.Machine.Ann
              Effect4.Machine.Ctx Effect4.Machine.Stores
              (Effect4.Prim.{0, 0} Effect4.Program.EffName Effect4.Program.EffThunk Effect4.Machine.Val
                Effect4.Machine.Err Effect4.Machine.Defect Effect4.FiberId Effect4.Machine.Ann)
              (Effect4.Program.interpOf root (@List.nil.{0} Effect4.Program.Row)) millis s))
          (@Prod.snd.{0, 0} (Option.{0} (Effect4.Machine.Owed.{0} Effect4.Program.Sched.RProgram))
            Effect4.Machine.Stores
            (@Effect4.Machine.RunInterp.clockStep.{0, 0} Effect4.Program.EffName Effect4.Program.EffThunk
              Effect4.Machine.Val Effect4.Machine.Err Effect4.Machine.Defect Effect4.FiberId Effect4.Machine.Ann
              Effect4.Machine.Ctx Effect4.Machine.Stores Effect4.Program.Sched.RProgram
              (Effect4.Program.Sched.interpR root) millis s)))
        (@Effect4.Machine.ListRel.{0} (Effect4.Machine.Owed.{0} Effect4.Program.NCode)
          (Effect4.Machine.Owed.{0} Effect4.Program.Sched.RProgram)
          (@Effect4.Machine.OwedMeans.{0} Effect4.Program.NCode Effect4.Program.Sched.RProgram
            (Effect4.Program.Sched.CodeMeans root))
          (@Option.toList.{0}
            (Effect4.Machine.Owed.{0}
              (Effect4.Prim.{0, 0} Effect4.Program.EffName Effect4.Program.EffThunk Effect4.Machine.Val
                Effect4.Machine.Err Effect4.Machine.Defect Effect4.FiberId Effect4.Machine.Ann))
            (@Prod.fst.{0, 0}
              (Option.{0}
                (Effect4.Machine.Owed.{0}
                  (Effect4.Prim.{0, 0} Effect4.Program.EffName Effect4.Program.EffThunk Effect4.Machine.Val
                    Effect4.Machine.Err Effect4.Machine.Defect Effect4.FiberId Effect4.Machine.Ann)))
              Effect4.Machine.Stores
              (@Effect4.Machine.RunInterp.clockStep.{0, 0} Effect4.Program.EffName Effect4.Program.EffThunk
                Effect4.Machine.Val Effect4.Machine.Err Effect4.Machine.Defect Effect4.FiberId Effect4.Machine.Ann
                Effect4.Machine.Ctx Effect4.Machine.Stores
                (Effect4.Prim.{0, 0} Effect4.Program.EffName Effect4.Program.EffThunk Effect4.Machine.Val
                  Effect4.Machine.Err Effect4.Machine.Defect Effect4.FiberId Effect4.Machine.Ann)
                (Effect4.Program.interpOf root (@List.nil.{0} Effect4.Program.Row)) millis s)))
          (@Option.toList.{0} (Effect4.Machine.Owed.{0} Effect4.Program.Sched.RProgram)
            (@Prod.fst.{0, 0} (Option.{0} (Effect4.Machine.Owed.{0} Effect4.Program.Sched.RProgram))
              Effect4.Machine.Stores
              (@Effect4.Machine.RunInterp.clockStep.{0, 0} Effect4.Program.EffName Effect4.Program.EffThunk
                Effect4.Machine.Val Effect4.Machine.Err Effect4.Machine.Defect Effect4.FiberId Effect4.Machine.Ann
                Effect4.Machine.Ctx Effect4.Machine.Stores Effect4.Program.Sched.RProgram
                (Effect4.Program.Sched.interpR root) millis s)))))
STATEMENT Effect4.Program.Sched.M1Clock.clockStep_term ∀ (root : Effect4.Program.NativeEff)
  (millis : Effect4.ClockMillis) (s : Effect4.Machine.Stores),
  @Eq.{1} (Prod.{0, 0} (Option.{0} (Effect4.Machine.Owed.{0} Effect4.Program.Sched.RProgram)) Effect4.Machine.Stores)
    (@Effect4.Machine.RunInterp.clockStep.{0, 0} Effect4.Program.EffName Effect4.Program.EffThunk Effect4.Machine.Val
      Effect4.Machine.Err Effect4.Machine.Defect Effect4.FiberId Effect4.Machine.Ann Effect4.Machine.Ctx
      Effect4.Machine.Stores Effect4.Program.Sched.RProgram (Effect4.Program.Sched.interpR root) millis s)
    (@Prod.mk.{0, 0} (Option.{0} (Effect4.Machine.Owed.{0} Effect4.Program.Sched.RProgram)) Effect4.Machine.Stores
      (@Option.map.{0, 0}
        (Effect4.Machine.Owed.{0}
          (Effect4.Machine.Completion.{0, 0} Effect4.Machine.Val Effect4.Machine.Err Effect4.Machine.Defect
            Effect4.FiberId Effect4.Machine.Ann))
        (Effect4.Machine.Owed.{0} Effect4.Program.Sched.RProgram)
        (@Effect4.Machine.Owed.mapCode.{0, 0}
          (Effect4.Machine.Completion.{0, 0} Effect4.Machine.Val Effect4.Machine.Err Effect4.Machine.Defect
            Effect4.FiberId Effect4.Machine.Ann)
          Effect4.Program.Sched.RProgram Effect4.Program.Sched.denoteCompletion)
        (@Prod.fst.{0, 0}
          (Option.{0}
            (Effect4.Machine.Owed.{0}
              (Effect4.Machine.Completion.{0, 0} Effect4.Machine.Val Effect4.Machine.Err Effect4.Machine.Defect
                Effect4.FiberId Effect4.Machine.Ann)))
          Effect4.Machine.TimerStore
          (@Effect4.Machine.TimerStore.clockStep.{0}
            (Effect4.Machine.Completion.{0, 0} Effect4.Machine.Val Effect4.Machine.Err Effect4.Machine.Defect
              Effect4.FiberId Effect4.Machine.Ann)
            s.timers millis
            (@Effect4.Machine.Completion.ofExit.{0, 0} Effect4.Machine.Val Effect4.Machine.Err Effect4.Machine.Defect
              Effect4.FiberId Effect4.Machine.Ann
              (@Effect4.Exit.success.{0, 0} Effect4.Machine.Val Effect4.Machine.Err Effect4.Machine.Defect
                Effect4.FiberId Effect4.Machine.Ann Effect4.Store.Val.unit)))))
      { refs := s.refs, deferreds := s.deferreds, scopes := s.scopes, memo := s.memo,
        timers :=
          @Prod.snd.{0, 0}
            (Option.{0}
              (Effect4.Machine.Owed.{0}
                (Effect4.Machine.Completion.{0, 0} Effect4.Machine.Val Effect4.Machine.Err Effect4.Machine.Defect
                  Effect4.FiberId Effect4.Machine.Ann)))
            Effect4.Machine.TimerStore
            (@Effect4.Machine.TimerStore.clockStep.{0}
              (Effect4.Machine.Completion.{0, 0} Effect4.Machine.Val Effect4.Machine.Err Effect4.Machine.Defect
                Effect4.FiberId Effect4.Machine.Ann)
              s.timers millis
              (@Effect4.Machine.Completion.ofExit.{0, 0} Effect4.Machine.Val Effect4.Machine.Err Effect4.Machine.Defect
                Effect4.FiberId Effect4.Machine.Ann
                (@Effect4.Exit.success.{0, 0} Effect4.Machine.Val Effect4.Machine.Err Effect4.Machine.Defect
                  Effect4.FiberId Effect4.Machine.Ann Effect4.Store.Val.unit))),
        nextName := s.nextName, externals := s.externals })
STATEMENT Effect4.Program.Sched.M1Clock.registerAsyncR_sleep ∀ (root : Effect4.Program.NativeEff)
  (c : List.{0} (Prod.{0, 0} Effect4.FiberId Effect4.Machine.ExitV)) (millis : Effect4.ClockMillis)
  (fid : Effect4.FiberId) (tok : Nat) (s : Effect4.Machine.Stores),
  @Eq.{1} (Prod.{0, 0} Effect4.Machine.Stores (Option.{0} Effect4.Program.Sched.RProgram))
    (@Effect4.Machine.RunInterp.registerAsync.{0, 0} Effect4.Program.EffName Effect4.Program.EffThunk
      Effect4.Machine.Val Effect4.Machine.Err Effect4.Machine.Defect Effect4.FiberId Effect4.Machine.Ann
      Effect4.Machine.Ctx Effect4.Machine.Stores Effect4.Program.Sched.RProgram (Effect4.Program.Sched.interpRAt root c)
      (Effect4.Program.EffName.store (Effect4.Machine.Name.registerSleep millis)) fid tok s)
    (@Prod.mk.{0, 0} Effect4.Machine.Stores (Option.{0} Effect4.Program.Sched.RProgram)
      { refs := s.refs, deferreds := s.deferreds, scopes := s.scopes, memo := s.memo,
        timers := s.timers.sleep fid tok millis, nextName := s.nextName, externals := s.externals }
      (@Option.none.{0} Effect4.Program.Sched.RProgram))
STATEMENT Effect4.Program.Sched.M1Clock.registerAsync_sleep ∀ (root : Effect4.Program.NativeEff)
  (c : List.{0} (Prod.{0, 0} Effect4.FiberId Effect4.Machine.ExitV)) (millis : Effect4.ClockMillis)
  (fid : Effect4.FiberId) (tok : Nat) (s : Effect4.Machine.Stores),
  @Eq.{1}
    (Prod.{0, 0} Effect4.Machine.Stores
      (Option.{0}
        (Effect4.Prim.{0, 0} Effect4.Program.EffName Effect4.Program.EffThunk Effect4.Machine.Val Effect4.Machine.Err
          Effect4.Machine.Defect Effect4.FiberId Effect4.Machine.Ann)))
    (@Effect4.Machine.RunInterp.registerAsync.{0, 0} Effect4.Program.EffName Effect4.Program.EffThunk
      Effect4.Machine.Val Effect4.Machine.Err Effect4.Machine.Defect Effect4.FiberId Effect4.Machine.Ann
      Effect4.Machine.Ctx Effect4.Machine.Stores
      (Effect4.Prim.{0, 0} Effect4.Program.EffName Effect4.Program.EffThunk Effect4.Machine.Val Effect4.Machine.Err
        Effect4.Machine.Defect Effect4.FiberId Effect4.Machine.Ann)
      (Effect4.Program.interpAt root c (@List.nil.{0} Effect4.Program.Row))
      (Effect4.Program.EffName.store (Effect4.Machine.Name.registerSleep millis)) fid tok s)
    (@Prod.mk.{0, 0} Effect4.Machine.Stores
      (Option.{0}
        (Effect4.Prim.{0, 0} Effect4.Program.EffName Effect4.Program.EffThunk Effect4.Machine.Val Effect4.Machine.Err
          Effect4.Machine.Defect Effect4.FiberId Effect4.Machine.Ann))
      { refs := s.refs, deferreds := s.deferreds, scopes := s.scopes, memo := s.memo,
        timers := s.timers.sleep fid tok millis, nextName := s.nextName, externals := s.externals }
      (@Option.none.{0}
        (Effect4.Prim.{0, 0} Effect4.Program.EffName Effect4.Program.EffThunk Effect4.Machine.Val Effect4.Machine.Err
          Effect4.Machine.Defect Effect4.FiberId Effect4.Machine.Ann)))
STATEMENT Effect4.Program.Sched.M1Deliver.storesOk_closeScopeUnsafe ∀ {scope : Nat} {ex : Effect4.Machine.ExitV}
  {flag : Bool} {s s' : Effect4.Machine.Stores} {program : Option.{0} Effect4.Machine.Program},
  Effect4.Program.Sched.StoresOk s →
    @Eq.{1} (Option.{0} (Prod.{0, 0} Effect4.Machine.Stores (Option.{0} Effect4.Machine.Program)))
        (Effect4.Machine.storesCloseScopeUnsafe scope ex flag s)
        (@Option.some.{0} (Prod.{0, 0} Effect4.Machine.Stores (Option.{0} Effect4.Machine.Program))
          (@Prod.mk.{0, 0} Effect4.Machine.Stores (Option.{0} Effect4.Machine.Program) s' program)) →
      Effect4.Program.Sched.StoresOk s'
STATEMENT Effect4.Program.Sched.M1Drive.clockStep_frame ∀ (root : Effect4.Program.NativeEff)
  (millis : Effect4.ClockMillis) (s : Effect4.Machine.Stores),
  @Eq.{1}
    (Prod.{0, 0}
      (Option.{0}
        (Effect4.Machine.Owed.{0}
          (Effect4.Prim.{0, 0} Effect4.Program.EffName Effect4.Program.EffThunk Effect4.Machine.Val Effect4.Machine.Err
            Effect4.Machine.Defect Effect4.FiberId Effect4.Machine.Ann)))
      Effect4.Machine.Stores)
    (@Effect4.Machine.RunInterp.clockStep.{0, 0} Effect4.Program.EffName Effect4.Program.EffThunk Effect4.Machine.Val
      Effect4.Machine.Err Effect4.Machine.Defect Effect4.FiberId Effect4.Machine.Ann Effect4.Machine.Ctx
      Effect4.Machine.Stores
      (Effect4.Prim.{0, 0} Effect4.Program.EffName Effect4.Program.EffThunk Effect4.Machine.Val Effect4.Machine.Err
        Effect4.Machine.Defect Effect4.FiberId Effect4.Machine.Ann)
      (Effect4.Program.interpOf root (@List.nil.{0} Effect4.Program.Row)) millis s)
    (@Prod.mk.{0, 0} (Option.{0} (Effect4.Machine.Owed.{0} Effect4.Program.NCode)) Effect4.Machine.Stores
      (@Option.map.{0, 0}
        (Effect4.Machine.Owed.{0}
          (Effect4.Machine.Completion.{0, 0} Effect4.Machine.Val Effect4.Machine.Err Effect4.Machine.Defect
            Effect4.FiberId Effect4.Machine.Ann))
        (Effect4.Machine.Owed.{0} Effect4.Program.NCode)
        (@Effect4.Machine.Owed.mapCode.{0, 0}
          (Effect4.Machine.Completion.{0, 0} Effect4.Machine.Val Effect4.Machine.Err Effect4.Machine.Defect
            Effect4.FiberId Effect4.Machine.Ann)
          Effect4.Program.NCode fun c => Effect4.Program.embed (Effect4.Machine.completionPrim c))
        (@Prod.fst.{0, 0}
          (Option.{0}
            (Effect4.Machine.Owed.{0}
              (Effect4.Machine.Completion.{0, 0} Effect4.Machine.Val Effect4.Machine.Err Effect4.Machine.Defect
                Effect4.FiberId Effect4.Machine.Ann)))
          Effect4.Machine.TimerStore
          (@Effect4.Machine.TimerStore.clockStep.{0}
            (Effect4.Machine.Completion.{0, 0} Effect4.Machine.Val Effect4.Machine.Err Effect4.Machine.Defect
              Effect4.FiberId Effect4.Machine.Ann)
            s.timers millis
            (@Effect4.Machine.Completion.ofExit.{0, 0} Effect4.Machine.Val Effect4.Machine.Err Effect4.Machine.Defect
              Effect4.FiberId Effect4.Machine.Ann
              (@Effect4.Exit.success.{0, 0} Effect4.Machine.Val Effect4.Machine.Err Effect4.Machine.Defect
                Effect4.FiberId Effect4.Machine.Ann Effect4.Store.Val.unit)))))
      { refs := s.refs, deferreds := s.deferreds, scopes := s.scopes, memo := s.memo,
        timers :=
          @Prod.snd.{0, 0}
            (Option.{0}
              (Effect4.Machine.Owed.{0}
                (Effect4.Machine.Completion.{0, 0} Effect4.Machine.Val Effect4.Machine.Err Effect4.Machine.Defect
                  Effect4.FiberId Effect4.Machine.Ann)))
            Effect4.Machine.TimerStore
            (@Effect4.Machine.TimerStore.clockStep.{0}
              (Effect4.Machine.Completion.{0, 0} Effect4.Machine.Val Effect4.Machine.Err Effect4.Machine.Defect
                Effect4.FiberId Effect4.Machine.Ann)
              s.timers millis
              (@Effect4.Machine.Completion.ofExit.{0, 0} Effect4.Machine.Val Effect4.Machine.Err Effect4.Machine.Defect
                Effect4.FiberId Effect4.Machine.Ann
                (@Effect4.Exit.success.{0, 0} Effect4.Machine.Val Effect4.Machine.Err Effect4.Machine.Defect
                  Effect4.FiberId Effect4.Machine.Ann Effect4.Store.Val.unit))),
        nextName := s.nextName, externals := s.externals })
STATEMENT Effect4.Program.Sched.M1Drive.clockStep_rel ∀ (root : Effect4.Program.NativeEff)
  (millis : Effect4.ClockMillis) (s : Effect4.Machine.Stores),
  Effect4.Program.Sched.StoresOk s →
    And
      (Effect4.Program.Sched.StoresOk
        (@Prod.snd.{0, 0}
          (Option.{0}
            (Effect4.Machine.Owed.{0}
              (Effect4.Prim.{0, 0} Effect4.Program.EffName Effect4.Program.EffThunk Effect4.Machine.Val
                Effect4.Machine.Err Effect4.Machine.Defect Effect4.FiberId Effect4.Machine.Ann)))
          Effect4.Machine.Stores
          (@Effect4.Machine.RunInterp.clockStep.{0, 0} Effect4.Program.EffName Effect4.Program.EffThunk
            Effect4.Machine.Val Effect4.Machine.Err Effect4.Machine.Defect Effect4.FiberId Effect4.Machine.Ann
            Effect4.Machine.Ctx Effect4.Machine.Stores
            (Effect4.Prim.{0, 0} Effect4.Program.EffName Effect4.Program.EffThunk Effect4.Machine.Val
              Effect4.Machine.Err Effect4.Machine.Defect Effect4.FiberId Effect4.Machine.Ann)
            (Effect4.Program.interpOf root (@List.nil.{0} Effect4.Program.Row)) millis s)))
      (And
        (@Eq.{1} Effect4.Machine.Stores
          (@Prod.snd.{0, 0}
            (Option.{0}
              (Effect4.Machine.Owed.{0}
                (Effect4.Prim.{0, 0} Effect4.Program.EffName Effect4.Program.EffThunk Effect4.Machine.Val
                  Effect4.Machine.Err Effect4.Machine.Defect Effect4.FiberId Effect4.Machine.Ann)))
            Effect4.Machine.Stores
            (@Effect4.Machine.RunInterp.clockStep.{0, 0} Effect4.Program.EffName Effect4.Program.EffThunk
              Effect4.Machine.Val Effect4.Machine.Err Effect4.Machine.Defect Effect4.FiberId Effect4.Machine.Ann
              Effect4.Machine.Ctx Effect4.Machine.Stores
              (Effect4.Prim.{0, 0} Effect4.Program.EffName Effect4.Program.EffThunk Effect4.Machine.Val
                Effect4.Machine.Err Effect4.Machine.Defect Effect4.FiberId Effect4.Machine.Ann)
              (Effect4.Program.interpOf root (@List.nil.{0} Effect4.Program.Row)) millis s))
          (@Prod.snd.{0, 0} (Option.{0} (Effect4.Machine.Owed.{0} Effect4.Program.Sched.RProgram))
            Effect4.Machine.Stores
            (@Effect4.Machine.RunInterp.clockStep.{0, 0} Effect4.Program.EffName Effect4.Program.EffThunk
              Effect4.Machine.Val Effect4.Machine.Err Effect4.Machine.Defect Effect4.FiberId Effect4.Machine.Ann
              Effect4.Machine.Ctx Effect4.Machine.Stores Effect4.Program.Sched.RProgram
              (Effect4.Program.Sched.interpR root) millis s)))
        (@Effect4.Machine.ListRel.{0} (Effect4.Machine.Owed.{0} Effect4.Program.NCode)
          (Effect4.Machine.Owed.{0} Effect4.Program.Sched.RProgram)
          (@Effect4.Machine.OwedMeans.{0} Effect4.Program.NCode Effect4.Program.Sched.RProgram
            (Effect4.Program.Sched.CodeMeans root))
          (@Option.toList.{0}
            (Effect4.Machine.Owed.{0}
              (Effect4.Prim.{0, 0} Effect4.Program.EffName Effect4.Program.EffThunk Effect4.Machine.Val
                Effect4.Machine.Err Effect4.Machine.Defect Effect4.FiberId Effect4.Machine.Ann))
            (@Prod.fst.{0, 0}
              (Option.{0}
                (Effect4.Machine.Owed.{0}
                  (Effect4.Prim.{0, 0} Effect4.Program.EffName Effect4.Program.EffThunk Effect4.Machine.Val
                    Effect4.Machine.Err Effect4.Machine.Defect Effect4.FiberId Effect4.Machine.Ann)))
              Effect4.Machine.Stores
              (@Effect4.Machine.RunInterp.clockStep.{0, 0} Effect4.Program.EffName Effect4.Program.EffThunk
                Effect4.Machine.Val Effect4.Machine.Err Effect4.Machine.Defect Effect4.FiberId Effect4.Machine.Ann
                Effect4.Machine.Ctx Effect4.Machine.Stores
                (Effect4.Prim.{0, 0} Effect4.Program.EffName Effect4.Program.EffThunk Effect4.Machine.Val
                  Effect4.Machine.Err Effect4.Machine.Defect Effect4.FiberId Effect4.Machine.Ann)
                (Effect4.Program.interpOf root (@List.nil.{0} Effect4.Program.Row)) millis s)))
          (@Option.toList.{0} (Effect4.Machine.Owed.{0} Effect4.Program.Sched.RProgram)
            (@Prod.fst.{0, 0} (Option.{0} (Effect4.Machine.Owed.{0} Effect4.Program.Sched.RProgram))
              Effect4.Machine.Stores
              (@Effect4.Machine.RunInterp.clockStep.{0, 0} Effect4.Program.EffName Effect4.Program.EffThunk
                Effect4.Machine.Val Effect4.Machine.Err Effect4.Machine.Defect Effect4.FiberId Effect4.Machine.Ann
                Effect4.Machine.Ctx Effect4.Machine.Stores Effect4.Program.Sched.RProgram
                (Effect4.Program.Sched.interpR root) millis s)))))
STATEMENT Effect4.Program.Sched.M1Drive.clockStep_term ∀ (root : Effect4.Program.NativeEff)
  (millis : Effect4.ClockMillis) (s : Effect4.Machine.Stores),
  @Eq.{1} (Prod.{0, 0} (Option.{0} (Effect4.Machine.Owed.{0} Effect4.Program.Sched.RProgram)) Effect4.Machine.Stores)
    (@Effect4.Machine.RunInterp.clockStep.{0, 0} Effect4.Program.EffName Effect4.Program.EffThunk Effect4.Machine.Val
      Effect4.Machine.Err Effect4.Machine.Defect Effect4.FiberId Effect4.Machine.Ann Effect4.Machine.Ctx
      Effect4.Machine.Stores Effect4.Program.Sched.RProgram (Effect4.Program.Sched.interpR root) millis s)
    (@Prod.mk.{0, 0} (Option.{0} (Effect4.Machine.Owed.{0} Effect4.Program.Sched.RProgram)) Effect4.Machine.Stores
      (@Option.map.{0, 0}
        (Effect4.Machine.Owed.{0}
          (Effect4.Machine.Completion.{0, 0} Effect4.Machine.Val Effect4.Machine.Err Effect4.Machine.Defect
            Effect4.FiberId Effect4.Machine.Ann))
        (Effect4.Machine.Owed.{0} Effect4.Program.Sched.RProgram)
        (@Effect4.Machine.Owed.mapCode.{0, 0}
          (Effect4.Machine.Completion.{0, 0} Effect4.Machine.Val Effect4.Machine.Err Effect4.Machine.Defect
            Effect4.FiberId Effect4.Machine.Ann)
          Effect4.Program.Sched.RProgram Effect4.Program.Sched.denoteCompletion)
        (@Prod.fst.{0, 0}
          (Option.{0}
            (Effect4.Machine.Owed.{0}
              (Effect4.Machine.Completion.{0, 0} Effect4.Machine.Val Effect4.Machine.Err Effect4.Machine.Defect
                Effect4.FiberId Effect4.Machine.Ann)))
          Effect4.Machine.TimerStore
          (@Effect4.Machine.TimerStore.clockStep.{0}
            (Effect4.Machine.Completion.{0, 0} Effect4.Machine.Val Effect4.Machine.Err Effect4.Machine.Defect
              Effect4.FiberId Effect4.Machine.Ann)
            s.timers millis
            (@Effect4.Machine.Completion.ofExit.{0, 0} Effect4.Machine.Val Effect4.Machine.Err Effect4.Machine.Defect
              Effect4.FiberId Effect4.Machine.Ann
              (@Effect4.Exit.success.{0, 0} Effect4.Machine.Val Effect4.Machine.Err Effect4.Machine.Defect
                Effect4.FiberId Effect4.Machine.Ann Effect4.Store.Val.unit)))))
      { refs := s.refs, deferreds := s.deferreds, scopes := s.scopes, memo := s.memo,
        timers :=
          @Prod.snd.{0, 0}
            (Option.{0}
              (Effect4.Machine.Owed.{0}
                (Effect4.Machine.Completion.{0, 0} Effect4.Machine.Val Effect4.Machine.Err Effect4.Machine.Defect
                  Effect4.FiberId Effect4.Machine.Ann)))
            Effect4.Machine.TimerStore
            (@Effect4.Machine.TimerStore.clockStep.{0}
              (Effect4.Machine.Completion.{0, 0} Effect4.Machine.Val Effect4.Machine.Err Effect4.Machine.Defect
                Effect4.FiberId Effect4.Machine.Ann)
              s.timers millis
              (@Effect4.Machine.Completion.ofExit.{0, 0} Effect4.Machine.Val Effect4.Machine.Err Effect4.Machine.Defect
                Effect4.FiberId Effect4.Machine.Ann
                (@Effect4.Exit.success.{0, 0} Effect4.Machine.Val Effect4.Machine.Err Effect4.Machine.Defect
                  Effect4.FiberId Effect4.Machine.Ann Effect4.Store.Val.unit))),
        nextName := s.nextName, externals := s.externals })
STATEMENT Effect4.Program.Sched.M1Drive.drain_rel ∀ (root : Effect4.Program.NativeEff)
  (l :
    List.{0}
      (Effect4.Machine.Owed.{0}
        (Effect4.Machine.Completion.{0, 0} Effect4.Machine.Val Effect4.Machine.Err Effect4.Machine.Defect
          Effect4.FiberId Effect4.Machine.Ann))),
  @Effect4.Machine.ListRel.{0} (Effect4.Machine.Owed.{0} Effect4.Program.NCode)
    (Effect4.Machine.Owed.{0} Effect4.Program.Sched.RProgram)
    (@Effect4.Machine.OwedMeans.{0} Effect4.Program.NCode Effect4.Program.Sched.RProgram
      (Effect4.Program.Sched.CodeMeans root))
    (@List.map.{0, 0}
      (Effect4.Machine.Owed.{0}
        (Effect4.Machine.Completion.{0, 0} Effect4.Machine.Val Effect4.Machine.Err Effect4.Machine.Defect
          Effect4.FiberId Effect4.Machine.Ann))
      (Effect4.Machine.Owed.{0} Effect4.Program.NCode)
      (@Effect4.Machine.Owed.mapCode.{0, 0}
        (Effect4.Machine.Completion.{0, 0} Effect4.Machine.Val Effect4.Machine.Err Effect4.Machine.Defect
          Effect4.FiberId Effect4.Machine.Ann)
        Effect4.Program.NCode fun c => Effect4.Program.embed (Effect4.Machine.completionPrim c))
      l)
    (@List.map.{0, 0}
      (Effect4.Machine.Owed.{0}
        (Effect4.Machine.Completion.{0, 0} Effect4.Machine.Val Effect4.Machine.Err Effect4.Machine.Defect
          Effect4.FiberId Effect4.Machine.Ann))
      (Effect4.Machine.Owed.{0} Effect4.Program.Sched.RProgram)
      (@Effect4.Machine.Owed.mapCode.{0, 0}
        (Effect4.Machine.Completion.{0, 0} Effect4.Machine.Val Effect4.Machine.Err Effect4.Machine.Defect
          Effect4.FiberId Effect4.Machine.Ann)
        Effect4.Program.Sched.RProgram Effect4.Program.Sched.denoteCompletion)
      l)
STATEMENT Effect4.Program.Sched.M1Drive.dropFinalizer_ok ∀ (root : Effect4.Program.NativeEff) (scope key : Nat)
  {s s' : Effect4.Machine.Stores},
  Effect4.Program.Sched.StoresOk s →
    @Eq.{1} (Option.{0} Effect4.Machine.Stores)
        (@Effect4.Machine.RunInterp.dropFinalizer.{0, 0} Effect4.Program.EffName Effect4.Program.EffThunk
          Effect4.Machine.Val Effect4.Machine.Err Effect4.Machine.Defect Effect4.FiberId Effect4.Machine.Ann
          Effect4.Machine.Ctx Effect4.Machine.Stores
          (Effect4.Prim.{0, 0} Effect4.Program.EffName Effect4.Program.EffThunk Effect4.Machine.Val Effect4.Machine.Err
            Effect4.Machine.Defect Effect4.FiberId Effect4.Machine.Ann)
          (Effect4.Program.interpOf root (@List.nil.{0} Effect4.Program.Row)) scope key s)
        (@Option.some.{0} Effect4.Machine.Stores s') →
      Effect4.Program.Sched.StoresOk s'
STATEMENT Effect4.Program.Sched.M1Drive.dueResumes_frame ∀ (root : Effect4.Program.NativeEff)
  (s : Effect4.Machine.Stores),
  @Eq.{1}
    (Prod.{0, 0}
      (List.{0}
        (Effect4.Machine.Owed.{0}
          (Effect4.Prim.{0, 0} Effect4.Program.EffName Effect4.Program.EffThunk Effect4.Machine.Val Effect4.Machine.Err
            Effect4.Machine.Defect Effect4.FiberId Effect4.Machine.Ann)))
      Effect4.Machine.Stores)
    (@Effect4.Machine.RunInterp.dueResumes.{0, 0} Effect4.Program.EffName Effect4.Program.EffThunk Effect4.Machine.Val
      Effect4.Machine.Err Effect4.Machine.Defect Effect4.FiberId Effect4.Machine.Ann Effect4.Machine.Ctx
      Effect4.Machine.Stores
      (Effect4.Prim.{0, 0} Effect4.Program.EffName Effect4.Program.EffThunk Effect4.Machine.Val Effect4.Machine.Err
        Effect4.Machine.Defect Effect4.FiberId Effect4.Machine.Ann)
      (Effect4.Program.interpOf root (@List.nil.{0} Effect4.Program.Row)) s)
    (@Prod.mk.{0, 0} (List.{0} (Effect4.Machine.Owed.{0} Effect4.Program.NCode)) Effect4.Machine.Stores
      (@List.map.{0, 0}
        (Effect4.Machine.Owed.{0}
          (Effect4.Machine.Completion.{0, 0} Effect4.Machine.Val Effect4.Machine.Err Effect4.Machine.Defect
            Effect4.FiberId Effect4.Machine.Ann))
        (Effect4.Machine.Owed.{0} Effect4.Program.NCode)
        (@Effect4.Machine.Owed.mapCode.{0, 0}
          (Effect4.Machine.Completion.{0, 0} Effect4.Machine.Val Effect4.Machine.Err Effect4.Machine.Defect
            Effect4.FiberId Effect4.Machine.Ann)
          Effect4.Program.NCode fun c => Effect4.Program.embed (Effect4.Machine.completionPrim c))
        (@Prod.fst.{0, 0}
          (List.{0}
            (Effect4.Machine.Owed.{0}
              (Effect4.Machine.Completion.{0, 0} Effect4.Machine.Val Effect4.Machine.Err Effect4.Machine.Defect
                Effect4.FiberId Effect4.Machine.Ann)))
          (Effect4.Machine.DeferredStore
            (Effect4.Machine.Completion.{0, 0} Effect4.Machine.Val Effect4.Machine.Err Effect4.Machine.Defect
              Effect4.FiberId Effect4.Machine.Ann))
          (@Effect4.Machine.DeferredStore.drainDue
            (Effect4.Machine.Completion.{0, 0} Effect4.Machine.Val Effect4.Machine.Err Effect4.Machine.Defect
              Effect4.FiberId Effect4.Machine.Ann)
            s.deferreds)))
      { refs := s.refs,
        deferreds :=
          @Prod.snd.{0, 0}
            (List.{0}
              (Effect4.Machine.Owed.{0}
                (Effect4.Machine.Completion.{0, 0} Effect4.Machine.Val Effect4.Machine.Err Effect4.Machine.Defect
                  Effect4.FiberId Effect4.Machine.Ann)))
            (Effect4.Machine.DeferredStore
              (Effect4.Machine.Completion.{0, 0} Effect4.Machine.Val Effect4.Machine.Err Effect4.Machine.Defect
                Effect4.FiberId Effect4.Machine.Ann))
            (@Effect4.Machine.DeferredStore.drainDue
              (Effect4.Machine.Completion.{0, 0} Effect4.Machine.Val Effect4.Machine.Err Effect4.Machine.Defect
                Effect4.FiberId Effect4.Machine.Ann)
              s.deferreds),
        scopes := s.scopes, memo := s.memo, timers := s.timers, nextName := s.nextName, externals := s.externals })
STATEMENT Effect4.Program.Sched.M1Drive.dueResumes_term ∀ (root : Effect4.Program.NativeEff)
  (s : Effect4.Machine.Stores),
  @Eq.{1} (Prod.{0, 0} (List.{0} (Effect4.Machine.Owed.{0} Effect4.Program.Sched.RProgram)) Effect4.Machine.Stores)
    (@Effect4.Machine.RunInterp.dueResumes.{0, 0} Effect4.Program.EffName Effect4.Program.EffThunk Effect4.Machine.Val
      Effect4.Machine.Err Effect4.Machine.Defect Effect4.FiberId Effect4.Machine.Ann Effect4.Machine.Ctx
      Effect4.Machine.Stores Effect4.Program.Sched.RProgram (Effect4.Program.Sched.interpR root) s)
    (@Prod.mk.{0, 0} (List.{0} (Effect4.Machine.Owed.{0} Effect4.Program.Sched.RProgram)) Effect4.Machine.Stores
      (@List.map.{0, 0}
        (Effect4.Machine.Owed.{0}
          (Effect4.Machine.Completion.{0, 0} Effect4.Machine.Val Effect4.Machine.Err Effect4.Machine.Defect
            Effect4.FiberId Effect4.Machine.Ann))
        (Effect4.Machine.Owed.{0} Effect4.Program.Sched.RProgram)
        (@Effect4.Machine.Owed.mapCode.{0, 0}
          (Effect4.Machine.Completion.{0, 0} Effect4.Machine.Val Effect4.Machine.Err Effect4.Machine.Defect
            Effect4.FiberId Effect4.Machine.Ann)
          Effect4.Program.Sched.RProgram Effect4.Program.Sched.denoteCompletion)
        (@Prod.fst.{0, 0}
          (List.{0}
            (Effect4.Machine.Owed.{0}
              (Effect4.Machine.Completion.{0, 0} Effect4.Machine.Val Effect4.Machine.Err Effect4.Machine.Defect
                Effect4.FiberId Effect4.Machine.Ann)))
          (Effect4.Machine.DeferredStore
            (Effect4.Machine.Completion.{0, 0} Effect4.Machine.Val Effect4.Machine.Err Effect4.Machine.Defect
              Effect4.FiberId Effect4.Machine.Ann))
          (@Effect4.Machine.DeferredStore.drainDue
            (Effect4.Machine.Completion.{0, 0} Effect4.Machine.Val Effect4.Machine.Err Effect4.Machine.Defect
              Effect4.FiberId Effect4.Machine.Ann)
            s.deferreds)))
      { refs := s.refs,
        deferreds :=
          @Prod.snd.{0, 0}
            (List.{0}
              (Effect4.Machine.Owed.{0}
                (Effect4.Machine.Completion.{0, 0} Effect4.Machine.Val Effect4.Machine.Err Effect4.Machine.Defect
                  Effect4.FiberId Effect4.Machine.Ann)))
            (Effect4.Machine.DeferredStore
              (Effect4.Machine.Completion.{0, 0} Effect4.Machine.Val Effect4.Machine.Err Effect4.Machine.Defect
                Effect4.FiberId Effect4.Machine.Ann))
            (@Effect4.Machine.DeferredStore.drainDue
              (Effect4.Machine.Completion.{0, 0} Effect4.Machine.Val Effect4.Machine.Err Effect4.Machine.Defect
                Effect4.FiberId Effect4.Machine.Ann)
              s.deferreds),
        scopes := s.scopes, memo := s.memo, timers := s.timers, nextName := s.nextName, externals := s.externals })
STATEMENT Effect4.Program.Sched.M1Evaluate.registerAsyncR_await ∀ (root : Effect4.Program.NativeEff)
  (c : List.{0} (Prod.{0, 0} Effect4.FiberId Effect4.Machine.ExitV)) (cell : Effect4.Machine.DeferredKey)
  (fid : Effect4.FiberId) (tok : Nat) (s : Effect4.Machine.Stores),
  @Eq.{1} (Prod.{0, 0} Effect4.Machine.Stores (Option.{0} Effect4.Program.Sched.RProgram))
    (@Effect4.Machine.RunInterp.registerAsync.{0, 0} Effect4.Program.EffName Effect4.Program.EffThunk
      Effect4.Machine.Val Effect4.Machine.Err Effect4.Machine.Defect Effect4.FiberId Effect4.Machine.Ann
      Effect4.Machine.Ctx Effect4.Machine.Stores Effect4.Program.Sched.RProgram (Effect4.Program.Sched.interpRAt root c)
      (Effect4.Program.EffName.registerAwait cell) fid tok s)
    (@Prod.mk.{0, 0} Effect4.Machine.Stores (Option.{0} Effect4.Program.Sched.RProgram)
      { refs := s.refs,
        deferreds :=
          @Prod.fst.{0, 0}
            (Effect4.Machine.DeferredStore
              (Effect4.Machine.Completion.{0, 0} Effect4.Machine.Val Effect4.Machine.Err Effect4.Machine.Defect
                Effect4.FiberId Effect4.Machine.Ann))
            (Option.{0}
              (Effect4.Machine.Completion.{0, 0} Effect4.Machine.Val Effect4.Machine.Err Effect4.Machine.Defect
                Effect4.FiberId Effect4.Machine.Ann))
            (@Effect4.Machine.DeferredStore.register
              (Effect4.Machine.Completion.{0, 0} Effect4.Machine.Val Effect4.Machine.Err Effect4.Machine.Defect
                Effect4.FiberId Effect4.Machine.Ann)
              s.deferreds cell fid tok),
        scopes := s.scopes, memo := s.memo, timers := s.timers, nextName := s.nextName, externals := s.externals }
      (@Option.map.{0, 0}
        (Effect4.Machine.Completion.{0, 0} Effect4.Machine.Val Effect4.Machine.Err Effect4.Machine.Defect
          Effect4.FiberId Effect4.Machine.Ann)
        Effect4.Program.Sched.RProgram Effect4.Program.Sched.denoteCompletion
        (@Prod.snd.{0, 0}
          (Effect4.Machine.DeferredStore
            (Effect4.Machine.Completion.{0, 0} Effect4.Machine.Val Effect4.Machine.Err Effect4.Machine.Defect
              Effect4.FiberId Effect4.Machine.Ann))
          (Option.{0}
            (Effect4.Machine.Completion.{0, 0} Effect4.Machine.Val Effect4.Machine.Err Effect4.Machine.Defect
              Effect4.FiberId Effect4.Machine.Ann))
          (@Effect4.Machine.DeferredStore.register
            (Effect4.Machine.Completion.{0, 0} Effect4.Machine.Val Effect4.Machine.Err Effect4.Machine.Defect
              Effect4.FiberId Effect4.Machine.Ann)
            s.deferreds cell fid tok))))
STATEMENT Effect4.Program.Sched.M1Evaluate.registerAsync_await ∀ (root : Effect4.Program.NativeEff)
  (c : List.{0} (Prod.{0, 0} Effect4.FiberId Effect4.Machine.ExitV)) (cell : Effect4.Machine.DeferredKey)
  (fid : Effect4.FiberId) (tok : Nat) (s : Effect4.Machine.Stores),
  @Eq.{1}
    (Prod.{0, 0} Effect4.Machine.Stores
      (Option.{0}
        (Effect4.Prim.{0, 0} Effect4.Program.EffName Effect4.Program.EffThunk Effect4.Machine.Val Effect4.Machine.Err
          Effect4.Machine.Defect Effect4.FiberId Effect4.Machine.Ann)))
    (@Effect4.Machine.RunInterp.registerAsync.{0, 0} Effect4.Program.EffName Effect4.Program.EffThunk
      Effect4.Machine.Val Effect4.Machine.Err Effect4.Machine.Defect Effect4.FiberId Effect4.Machine.Ann
      Effect4.Machine.Ctx Effect4.Machine.Stores
      (Effect4.Prim.{0, 0} Effect4.Program.EffName Effect4.Program.EffThunk Effect4.Machine.Val Effect4.Machine.Err
        Effect4.Machine.Defect Effect4.FiberId Effect4.Machine.Ann)
      (Effect4.Program.interpAt root c (@List.nil.{0} Effect4.Program.Row)) (Effect4.Program.EffName.registerAwait cell)
      fid tok s)
    (@Prod.mk.{0, 0} Effect4.Machine.Stores (Option.{0} Effect4.Program.NCode)
      { refs := s.refs,
        deferreds :=
          @Prod.fst.{0, 0}
            (Effect4.Machine.DeferredStore
              (Effect4.Machine.Completion.{0, 0} Effect4.Machine.Val Effect4.Machine.Err Effect4.Machine.Defect
                Effect4.FiberId Effect4.Machine.Ann))
            (Option.{0}
              (Effect4.Machine.Completion.{0, 0} Effect4.Machine.Val Effect4.Machine.Err Effect4.Machine.Defect
                Effect4.FiberId Effect4.Machine.Ann))
            (@Effect4.Machine.DeferredStore.register
              (Effect4.Machine.Completion.{0, 0} Effect4.Machine.Val Effect4.Machine.Err Effect4.Machine.Defect
                Effect4.FiberId Effect4.Machine.Ann)
              s.deferreds cell fid tok),
        scopes := s.scopes, memo := s.memo, timers := s.timers, nextName := s.nextName, externals := s.externals }
      (@Option.map.{0, 0}
        (Effect4.Machine.Completion.{0, 0} Effect4.Machine.Val Effect4.Machine.Err Effect4.Machine.Defect
          Effect4.FiberId Effect4.Machine.Ann)
        Effect4.Program.NCode (fun c => Effect4.Program.embed (Effect4.Machine.completionPrim c))
        (@Prod.snd.{0, 0}
          (Effect4.Machine.DeferredStore
            (Effect4.Machine.Completion.{0, 0} Effect4.Machine.Val Effect4.Machine.Err Effect4.Machine.Defect
              Effect4.FiberId Effect4.Machine.Ann))
          (Option.{0}
            (Effect4.Machine.Completion.{0, 0} Effect4.Machine.Val Effect4.Machine.Err Effect4.Machine.Defect
              Effect4.FiberId Effect4.Machine.Ann))
          (@Effect4.Machine.DeferredStore.register
            (Effect4.Machine.Completion.{0, 0} Effect4.Machine.Val Effect4.Machine.Err Effect4.Machine.Defect
              Effect4.FiberId Effect4.Machine.Ann)
            s.deferreds cell fid tok))))
STATEMENT Effect4.Program.Sched.M1Hooks.exit_completion_means ∀ (root : Effect4.Program.NativeEff)
  (ex : Effect4.Machine.ExitV),
  Effect4.Program.Sched.CodeMeans root
    (Effect4.Program.embed
      (@Effect4.Prim.ofExit.{0, 0} Effect4.Machine.Name Effect4.Machine.Thunk Effect4.Machine.Val Effect4.Machine.Err
        Effect4.Machine.Defect Effect4.FiberId Effect4.Machine.Ann ex))
    (@Effects.Program.pure.{0, 0} Effect4.Program.Sched.RSig Effect4.Machine.ExitV ex)
STATEMENT Effect4.Program.Sched.M1Hooks.storesOk_empty Effect4.Program.Sched.StoresOk Effect4.Machine.Stores.empty
STATEMENT Effect4.Program.Sched.M1Hooks.storesOk_syncOpStep ∀ {s s' : Effect4.Machine.Stores}
  {o : Effect4.Machine.SyncOp} {v : Effect4.Machine.Val},
  Effect4.Program.Sched.StoresOk s →
    @Eq.{1} (Option.{0} (Prod.{0, 0} Effect4.Machine.Stores Effect4.Machine.Val)) (Effect4.Machine.syncOpStep o s)
        (@Option.some.{0} (Prod.{0, 0} Effect4.Machine.Stores Effect4.Machine.Val)
          (@Prod.mk.{0, 0} Effect4.Machine.Stores Effect4.Machine.Val s' v)) →
      Effect4.Program.Sched.StoresOk s'
STATEMENT Effect4.Program.Sched.M1Hooks.storesOk_wakeList ∀ {s : Effect4.Machine.Stores},
  Effect4.Program.Sched.StoresOk s →
    ∀ (key : Effect4.Machine.WakeKey) (phase : Effect4.Machine.WakePhase),
      Effect4.Program.Sched.StoresOk (Effect4.Machine.Stores.wakeList key phase s)
STATEMENT Effect4.Program.Sched.M1Origin.actionAt_fork ∀ {root : Effect4.Program.NativeEff} {p : Effect4.Program.Point}
  {a : Effect4.Program.ActionTerm Effect4.Program.NativeOp},
  @Eq.{1} (Option.{0} (Effect4.Program.Node Effect4.Program.NativeOp))
      (@Effect4.Program.Node.at_ Effect4.Program.NativeOp (@Effect4.Program.Node.eff Effect4.Program.NativeOp root)
        p.path)
      (@Option.some.{0} (Effect4.Program.Node Effect4.Program.NativeOp)
        (@Effect4.Program.Node.eff Effect4.Program.NativeOp
          (@Effect4.Program.Eff.withFiber Effect4.Program.NativeOp a))) →
    ∀ {site : List.{0} Nat} {program : Effect4.Program.NCode} {options : Effect4.Supervision.ForkOptions},
      @Eq.{1} (Option.{0} Effect4.Program.NAction) (Effect4.Program.actionAt root p)
          (@Option.some.{0} Effect4.Program.NAction
            (@Effect4.Machine.WithFiberAction.fork.{0, 0} Effect4.Program.EffName Effect4.Program.EffThunk
              Effect4.Machine.Val Effect4.Machine.Err Effect4.Machine.Defect Effect4.FiberId Effect4.Machine.Ann
              Effect4.Machine.Ctx
              (Effect4.Prim.{0, 0} Effect4.Program.EffName Effect4.Program.EffThunk Effect4.Machine.Val
                Effect4.Machine.Err Effect4.Machine.Defect Effect4.FiberId Effect4.Machine.Ann)
              program options site)) →
        @Eq.{1} Effect4.Program.NCode program
          (Effect4.Program.resolve root
            ((p.child (@OfNat.ofNat.{0} Nat (nat_lit 0) (instOfNatNat (nat_lit 0)))).child
              (@OfNat.ofNat.{0} Nat (nat_lit 0) (instOfNatNat (nat_lit 0)))))
STATEMENT Effect4.Program.Sched.M1Origin.actionAt_forkIn ∀ {root : Effect4.Program.NativeEff}
  {p : Effect4.Program.Point} {a : Effect4.Program.ActionTerm Effect4.Program.NativeOp},
  @Eq.{1} (Option.{0} (Effect4.Program.Node Effect4.Program.NativeOp))
      (@Effect4.Program.Node.at_ Effect4.Program.NativeOp (@Effect4.Program.Node.eff Effect4.Program.NativeOp root)
        p.path)
      (@Option.some.{0} (Effect4.Program.Node Effect4.Program.NativeOp)
        (@Effect4.Program.Node.eff Effect4.Program.NativeOp
          (@Effect4.Program.Eff.withFiber Effect4.Program.NativeOp a))) →
    ∀ {site : List.{0} Nat} {program : Effect4.Program.NCode} {options : Effect4.Supervision.ForkOptions} {scope : Nat},
      @Eq.{1} (Option.{0} Effect4.Program.NAction) (Effect4.Program.actionAt root p)
          (@Option.some.{0} Effect4.Program.NAction
            (@Effect4.Machine.WithFiberAction.forkIn.{0, 0} Effect4.Program.EffName Effect4.Program.EffThunk
              Effect4.Machine.Val Effect4.Machine.Err Effect4.Machine.Defect Effect4.FiberId Effect4.Machine.Ann
              Effect4.Machine.Ctx
              (Effect4.Prim.{0, 0} Effect4.Program.EffName Effect4.Program.EffThunk Effect4.Machine.Val
                Effect4.Machine.Err Effect4.Machine.Defect Effect4.FiberId Effect4.Machine.Ann)
              program options scope site)) →
        @Eq.{1} Effect4.Program.NCode program
          (Effect4.Program.resolve root
            ((p.child (@OfNat.ofNat.{0} Nat (nat_lit 0) (instOfNatNat (nat_lit 0)))).child
              (@OfNat.ofNat.{0} Nat (nat_lit 0) (instOfNatNat (nat_lit 0)))))
STATEMENT Effect4.Program.Sched.M1Origin.actionAt_not_forkScoped ∀ {root : Effect4.Program.NativeEff}
  {p : Effect4.Program.Point} {a : Effect4.Program.ActionTerm Effect4.Program.NativeOp},
  @Eq.{1} (Option.{0} (Effect4.Program.Node Effect4.Program.NativeOp))
      (@Effect4.Program.Node.at_ Effect4.Program.NativeOp (@Effect4.Program.Node.eff Effect4.Program.NativeOp root)
        p.path)
      (@Option.some.{0} (Effect4.Program.Node Effect4.Program.NativeOp)
        (@Effect4.Program.Node.eff Effect4.Program.NativeOp
          (@Effect4.Program.Eff.withFiber Effect4.Program.NativeOp a))) →
    ∀ {site : List.{0} Nat} {program : Effect4.Program.NCode} {options : Effect4.Supervision.ForkOptions},
      @Eq.{1} (Option.{0} Effect4.Program.NAction) (Effect4.Program.actionAt root p)
          (@Option.some.{0} Effect4.Program.NAction
            (@Effect4.Machine.WithFiberAction.forkScoped.{0, 0} Effect4.Program.EffName Effect4.Program.EffThunk
              Effect4.Machine.Val Effect4.Machine.Err Effect4.Machine.Defect Effect4.FiberId Effect4.Machine.Ann
              Effect4.Machine.Ctx
              (Effect4.Prim.{0, 0} Effect4.Program.EffName Effect4.Program.EffThunk Effect4.Machine.Val
                Effect4.Machine.Err Effect4.Machine.Defect Effect4.FiberId Effect4.Machine.Ann)
              program options site)) →
        False
STATEMENT Effect4.Program.Sched.M1Origin.actionAt_raceAll ∀ {root : Effect4.Program.NativeEff}
  {p : Effect4.Program.Point} {a : Effect4.Program.ActionTerm Effect4.Program.NativeOp},
  @Eq.{1} (Option.{0} (Effect4.Program.Node Effect4.Program.NativeOp))
      (@Effect4.Program.Node.at_ Effect4.Program.NativeOp (@Effect4.Program.Node.eff Effect4.Program.NativeOp root)
        p.path)
      (@Option.some.{0} (Effect4.Program.Node Effect4.Program.NativeOp)
        (@Effect4.Program.Node.eff Effect4.Program.NativeOp
          (@Effect4.Program.Eff.withFiber Effect4.Program.NativeOp a))) →
    ∀ {site : Option.{0} (List.{0} Nat)} {entrants : List.{0} Effect4.Program.NCode},
      @Eq.{1} (Option.{0} Effect4.Program.NAction) (Effect4.Program.actionAt root p)
          (@Option.some.{0} Effect4.Program.NAction
            (@Effect4.Machine.WithFiberAction.raceAll.{0, 0} Effect4.Program.EffName Effect4.Program.EffThunk
              Effect4.Machine.Val Effect4.Machine.Err Effect4.Machine.Defect Effect4.FiberId Effect4.Machine.Ann
              Effect4.Machine.Ctx
              (Effect4.Prim.{0, 0} Effect4.Program.EffName Effect4.Program.EffThunk Effect4.Machine.Val
                Effect4.Machine.Err Effect4.Machine.Defect Effect4.FiberId Effect4.Machine.Ann)
              entrants site)) →
        @Exists.{1} (Effect4.Program.Effs Effect4.Program.NativeOp) fun es =>
          And
            (@Eq.{1} (Effect4.Program.ActionTerm Effect4.Program.NativeOp) a
              (@Effect4.Program.ActionTerm.raceAll Effect4.Program.NativeOp es))
            (@Eq.{1} (List.{0} Effect4.Program.NCode) entrants
              (Effect4.Program.actionAt.entrants es
                ((p.child (@OfNat.ofNat.{0} Nat (nat_lit 0) (instOfNatNat (nat_lit 0)))).child
                  (@OfNat.ofNat.{0} Nat (nat_lit 0) (instOfNatNat (nat_lit 0))))))
STATEMENT Effect4.Program.Sched.M1Origin.beginRace_rel ∀ (root : Effect4.Program.NativeEff)
  (c : List.{0} (Prod.{0, 0} Effect4.FiberId Effect4.Machine.ExitV)) {m₁ : Effect4.Program.Sched.FMachine}
  {m₂ : Effect4.Program.Sched.RState},
  @Effect4.Machine.MachineOk.{0, 0} Effect4.Program.EffName Effect4.Program.EffThunk Effect4.Machine.Val
      Effect4.Machine.Err Effect4.Machine.Defect Effect4.FiberId Effect4.Machine.Ann Effect4.Machine.Ctx
      Effect4.Machine.Stores
      (Effect4.Prim.{0, 0} Effect4.Program.EffName Effect4.Program.EffThunk Effect4.Machine.Val Effect4.Machine.Err
        Effect4.Machine.Defect Effect4.FiberId Effect4.Machine.Ann)
      (Effect4.FrameFiber.{0, 0} Effect4.Program.EffName Effect4.Program.EffThunk Effect4.Machine.Val
        Effect4.Machine.Err Effect4.Machine.Defect Effect4.FiberId Effect4.Machine.Ann)
      (Effect4.FrameEvent.{0, 0} Effect4.Program.EffName Effect4.Program.EffThunk Effect4.Machine.Val
        Effect4.Machine.Err Effect4.Machine.Defect Effect4.FiberId Effect4.Machine.Ann)
      Effect4.Program.Sched.StoresOk m₁ →
    Effect4.Program.Sched.BMeans root m₁ m₂ →
      ∀ {f₁ : Effect4.Program.Sched.FRun} {f₂ : Effect4.Program.Sched.RFiber},
        Effect4.Program.Sched.FMeans root f₁ f₂ →
          ∀ (y : Bool) {e₁ : List.{0} Effect4.Program.NCode} {e₂ : List.{0} Effect4.Program.Sched.RProgram},
            @Effect4.Machine.ListRel.{0} Effect4.Program.NCode Effect4.Program.Sched.RProgram
                (Effect4.Program.Sched.CodeMeans root) e₁ e₂ →
              ∀ (site : optParam.{1} (Option.{0} (List.{0} Nat)) (@Option.none.{0} (List.{0} Nat))),
                Effect4.Program.Sched.IterRel root
                  (@Effect4.Machine.beginRace.{0, 0} Effect4.Program.EffName Effect4.Program.EffThunk
                    Effect4.Machine.Val Effect4.Machine.Err Effect4.Machine.Defect Effect4.FiberId Effect4.Machine.Ann
                    Effect4.Machine.Ctx Effect4.Machine.Stores
                    (Effect4.Prim.{0, 0} Effect4.Program.EffName Effect4.Program.EffThunk Effect4.Machine.Val
                      Effect4.Machine.Err Effect4.Machine.Defect Effect4.FiberId Effect4.Machine.Ann)
                    (Effect4.FrameFiber.{0, 0} Effect4.Program.EffName Effect4.Program.EffThunk Effect4.Machine.Val
                      Effect4.Machine.Err Effect4.Machine.Defect Effect4.FiberId Effect4.Machine.Ann)
                    (Effect4.FrameEvent.{0, 0} Effect4.Program.EffName Effect4.Program.EffThunk Effect4.Machine.Val
                      Effect4.Machine.Err Effect4.Machine.Defect Effect4.FiberId Effect4.Machine.Ann)
                    (@Effect4.Machine.frameCore.{0, 0} Effect4.Program.EffName Effect4.Program.EffThunk
                      Effect4.Machine.Val Effect4.Machine.Err Effect4.Machine.Defect Effect4.FiberId
                      Effect4.Machine.Ann)
                    (Effect4.Program.interpAt root c (@List.nil.{0} Effect4.Program.Row)) m₁ f₁ y e₁ site)
                  (@Effect4.Machine.beginRace.{0, 0} Effect4.Program.EffName Effect4.Program.EffThunk
                    Effect4.Machine.Val Effect4.Machine.Err Effect4.Machine.Defect Effect4.FiberId Effect4.Machine.Ann
                    Effect4.Machine.Ctx Effect4.Machine.Stores Effect4.Program.Sched.RProgram
                    Effect4.Program.Sched.RSaved Unit Effect4.Program.Sched.termCore
                    (Effect4.Program.Sched.interpRAt root c) m₂ f₂ y e₂ site)
STATEMENT Effect4.Program.Sched.M1Origin.forkIn_rel ∀ (root : Effect4.Program.NativeEff)
  (c : List.{0} (Prod.{0, 0} Effect4.FiberId Effect4.Machine.ExitV)) {m₁ : Effect4.Program.Sched.FMachine}
  {m₂ : Effect4.Program.Sched.RState},
  @Effect4.Machine.MachineOk.{0, 0} Effect4.Program.EffName Effect4.Program.EffThunk Effect4.Machine.Val
      Effect4.Machine.Err Effect4.Machine.Defect Effect4.FiberId Effect4.Machine.Ann Effect4.Machine.Ctx
      Effect4.Machine.Stores
      (Effect4.Prim.{0, 0} Effect4.Program.EffName Effect4.Program.EffThunk Effect4.Machine.Val Effect4.Machine.Err
        Effect4.Machine.Defect Effect4.FiberId Effect4.Machine.Ann)
      (Effect4.FrameFiber.{0, 0} Effect4.Program.EffName Effect4.Program.EffThunk Effect4.Machine.Val
        Effect4.Machine.Err Effect4.Machine.Defect Effect4.FiberId Effect4.Machine.Ann)
      (Effect4.FrameEvent.{0, 0} Effect4.Program.EffName Effect4.Program.EffThunk Effect4.Machine.Val
        Effect4.Machine.Err Effect4.Machine.Defect Effect4.FiberId Effect4.Machine.Ann)
      Effect4.Program.Sched.StoresOk m₁ →
    Effect4.Program.Sched.BMeans root m₁ m₂ →
      ∀ {f₁ : Effect4.Program.Sched.FRun} {f₂ : Effect4.Program.Sched.RFiber},
        Effect4.Program.Sched.FMeans root f₁ f₂ →
          ∀ (y : Bool) {p₁ : Effect4.Program.NCode} {p₂ : Effect4.Program.Sched.RProgram},
            Effect4.Program.Sched.CodeMeans root p₁ p₂ →
              ∀ (options : Effect4.Supervision.ForkOptions) (scope : Nat) {a₁ : Effect4.Program.Sched.FAnswer}
                {a₂ : Effect4.Program.Sched.RAnswer},
                Effect4.Program.Sched.AnswerRel root a₁ a₂ →
                  ∀ (site : optParam.{1} (List.{0} Nat) (@List.nil.{0} Nat)),
                    Effect4.Program.Sched.IterRel root
                      (@Effect4.Machine.FiberAction.forkIn.{0, 0} Effect4.Program.EffName Effect4.Program.EffThunk
                        Effect4.Machine.Val Effect4.Machine.Err Effect4.Machine.Defect Effect4.FiberId
                        Effect4.Machine.Ann Effect4.Machine.Ctx Effect4.Machine.Stores
                        (Effect4.Prim.{0, 0} Effect4.Program.EffName Effect4.Program.EffThunk Effect4.Machine.Val
                          Effect4.Machine.Err Effect4.Machine.Defect Effect4.FiberId Effect4.Machine.Ann)
                        (Effect4.FrameFiber.{0, 0} Effect4.Program.EffName Effect4.Program.EffThunk Effect4.Machine.Val
                          Effect4.Machine.Err Effect4.Machine.Defect Effect4.FiberId Effect4.Machine.Ann)
                        (Effect4.FrameEvent.{0, 0} Effect4.Program.EffName Effect4.Program.EffThunk Effect4.Machine.Val
                          Effect4.Machine.Err Effect4.Machine.Defect Effect4.FiberId Effect4.Machine.Ann)
                        (@Effect4.Machine.frameCore.{0, 0} Effect4.Program.EffName Effect4.Program.EffThunk
                          Effect4.Machine.Val Effect4.Machine.Err Effect4.Machine.Defect Effect4.FiberId
                          Effect4.Machine.Ann)
                        (Effect4.Program.interpAt root c (@List.nil.{0} Effect4.Program.Row)) m₁ f₁ y p₁ options scope
                        a₁ site)
                      (@Effect4.Machine.FiberAction.forkIn.{0, 0} Effect4.Program.EffName Effect4.Program.EffThunk
                        Effect4.Machine.Val Effect4.Machine.Err Effect4.Machine.Defect Effect4.FiberId
                        Effect4.Machine.Ann Effect4.Machine.Ctx Effect4.Machine.Stores Effect4.Program.Sched.RProgram
                        Effect4.Program.Sched.RSaved Unit Effect4.Program.Sched.termCore
                        (Effect4.Program.Sched.interpRAt root c) m₂ f₂ y p₂ options scope a₂ site)
STATEMENT Effect4.Program.Sched.M1Origin.fork_rel ∀ (root : Effect4.Program.NativeEff)
  (c : List.{0} (Prod.{0, 0} Effect4.FiberId Effect4.Machine.ExitV)) {m₁ : Effect4.Program.Sched.FMachine}
  {m₂ : Effect4.Program.Sched.RState},
  @Effect4.Machine.MachineOk.{0, 0} Effect4.Program.EffName Effect4.Program.EffThunk Effect4.Machine.Val
      Effect4.Machine.Err Effect4.Machine.Defect Effect4.FiberId Effect4.Machine.Ann Effect4.Machine.Ctx
      Effect4.Machine.Stores
      (Effect4.Prim.{0, 0} Effect4.Program.EffName Effect4.Program.EffThunk Effect4.Machine.Val Effect4.Machine.Err
        Effect4.Machine.Defect Effect4.FiberId Effect4.Machine.Ann)
      (Effect4.FrameFiber.{0, 0} Effect4.Program.EffName Effect4.Program.EffThunk Effect4.Machine.Val
        Effect4.Machine.Err Effect4.Machine.Defect Effect4.FiberId Effect4.Machine.Ann)
      (Effect4.FrameEvent.{0, 0} Effect4.Program.EffName Effect4.Program.EffThunk Effect4.Machine.Val
        Effect4.Machine.Err Effect4.Machine.Defect Effect4.FiberId Effect4.Machine.Ann)
      Effect4.Program.Sched.StoresOk m₁ →
    Effect4.Program.Sched.BMeans root m₁ m₂ →
      ∀ {f₁ : Effect4.Program.Sched.FRun} {f₂ : Effect4.Program.Sched.RFiber},
        Effect4.Program.Sched.FMeans root f₁ f₂ →
          ∀ (y : Bool) {p₁ : Effect4.Program.NCode} {p₂ : Effect4.Program.Sched.RProgram},
            Effect4.Program.Sched.CodeMeans root p₁ p₂ →
              ∀ (options : Effect4.Supervision.ForkOptions) {a₁ : Effect4.Program.Sched.FAnswer}
                {a₂ : Effect4.Program.Sched.RAnswer},
                Effect4.Program.Sched.AnswerRel root a₁ a₂ →
                  ∀ (site : optParam.{1} (List.{0} Nat) (@List.nil.{0} Nat)),
                    Effect4.Program.Sched.IterRel root
                      (@Effect4.Machine.FiberAction.fork.{0, 0} Effect4.Program.EffName Effect4.Program.EffThunk
                        Effect4.Machine.Val Effect4.Machine.Err Effect4.Machine.Defect Effect4.FiberId
                        Effect4.Machine.Ann Effect4.Machine.Ctx Effect4.Machine.Stores
                        (Effect4.Prim.{0, 0} Effect4.Program.EffName Effect4.Program.EffThunk Effect4.Machine.Val
                          Effect4.Machine.Err Effect4.Machine.Defect Effect4.FiberId Effect4.Machine.Ann)
                        (Effect4.FrameFiber.{0, 0} Effect4.Program.EffName Effect4.Program.EffThunk Effect4.Machine.Val
                          Effect4.Machine.Err Effect4.Machine.Defect Effect4.FiberId Effect4.Machine.Ann)
                        (Effect4.FrameEvent.{0, 0} Effect4.Program.EffName Effect4.Program.EffThunk Effect4.Machine.Val
                          Effect4.Machine.Err Effect4.Machine.Defect Effect4.FiberId Effect4.Machine.Ann)
                        (@Effect4.Machine.frameCore.{0, 0} Effect4.Program.EffName Effect4.Program.EffThunk
                          Effect4.Machine.Val Effect4.Machine.Err Effect4.Machine.Defect Effect4.FiberId
                          Effect4.Machine.Ann)
                        (Effect4.Program.interpAt root c (@List.nil.{0} Effect4.Program.Row)) m₁ f₁ y p₁ options a₁
                        site)
                      (@Effect4.Machine.FiberAction.fork.{0, 0} Effect4.Program.EffName Effect4.Program.EffThunk
                        Effect4.Machine.Val Effect4.Machine.Err Effect4.Machine.Defect Effect4.FiberId
                        Effect4.Machine.Ann Effect4.Machine.Ctx Effect4.Machine.Stores Effect4.Program.Sched.RProgram
                        Effect4.Program.Sched.RSaved Unit Effect4.Program.Sched.termCore
                        (Effect4.Program.Sched.interpRAt root c) m₂ f₂ y p₂ options a₂ site)
STATEMENT Effect4.Program.Sched.M1Origin.pendingOk_make ∀ (id : Effect4.FiberId) (c : Effect4.Program.NCode)
  (flag : Bool) (budget : Prod.{0, 0} Nat Bool) (ctx : Effect4.Machine.Ctx)
  (origin : optParam.{1} Effect4.Machine.Origin Effect4.Machine.Origin.root),
  @Effect4.Machine.PendingOk.{0, 0} Effect4.Program.EffName Effect4.Program.EffThunk Effect4.Machine.Val
    Effect4.Machine.Err Effect4.Machine.Defect Effect4.FiberId Effect4.Machine.Ann Effect4.Machine.Ctx
    (Effect4.Prim.{0, 0} Effect4.Program.EffName Effect4.Program.EffThunk Effect4.Machine.Val Effect4.Machine.Err
      Effect4.Machine.Defect Effect4.FiberId Effect4.Machine.Ann)
    (Effect4.FrameFiber.{0, 0} Effect4.Program.EffName Effect4.Program.EffThunk Effect4.Machine.Val Effect4.Machine.Err
      Effect4.Machine.Defect Effect4.FiberId Effect4.Machine.Ann)
    (@Effect4.Machine.RunFiber.make.{0, 0} Effect4.Program.EffName Effect4.Program.EffThunk Effect4.Machine.Val
      Effect4.Machine.Err Effect4.Machine.Defect Effect4.FiberId Effect4.Machine.Ann Effect4.Machine.Ctx
      (Effect4.Prim.{0, 0} Effect4.Program.EffName Effect4.Program.EffThunk Effect4.Machine.Val Effect4.Machine.Err
        Effect4.Machine.Defect Effect4.FiberId Effect4.Machine.Ann)
      (Effect4.FrameFiber.{0, 0} Effect4.Program.EffName Effect4.Program.EffThunk Effect4.Machine.Val
        Effect4.Machine.Err Effect4.Machine.Defect Effect4.FiberId Effect4.Machine.Ann)
      (@Effect4.Machine.frameCore.{0, 0} Effect4.Program.EffName Effect4.Program.EffThunk Effect4.Machine.Val
        Effect4.Machine.Err Effect4.Machine.Defect Effect4.FiberId Effect4.Machine.Ann)
      id c flag budget ctx origin)
STATEMENT Effect4.Program.Sched.M1Origin.raceAll_rel ∀ (root : Effect4.Program.NativeEff)
  (c : List.{0} (Prod.{0, 0} Effect4.FiberId Effect4.Machine.ExitV)) {m₁ : Effect4.Program.Sched.FMachine}
  {m₂ : Effect4.Program.Sched.RState},
  @Effect4.Machine.MachineOk.{0, 0} Effect4.Program.EffName Effect4.Program.EffThunk Effect4.Machine.Val
      Effect4.Machine.Err Effect4.Machine.Defect Effect4.FiberId Effect4.Machine.Ann Effect4.Machine.Ctx
      Effect4.Machine.Stores
      (Effect4.Prim.{0, 0} Effect4.Program.EffName Effect4.Program.EffThunk Effect4.Machine.Val Effect4.Machine.Err
        Effect4.Machine.Defect Effect4.FiberId Effect4.Machine.Ann)
      (Effect4.FrameFiber.{0, 0} Effect4.Program.EffName Effect4.Program.EffThunk Effect4.Machine.Val
        Effect4.Machine.Err Effect4.Machine.Defect Effect4.FiberId Effect4.Machine.Ann)
      (Effect4.FrameEvent.{0, 0} Effect4.Program.EffName Effect4.Program.EffThunk Effect4.Machine.Val
        Effect4.Machine.Err Effect4.Machine.Defect Effect4.FiberId Effect4.Machine.Ann)
      Effect4.Program.Sched.StoresOk m₁ →
    Effect4.Program.Sched.BMeans root m₁ m₂ →
      ∀ {f₁ : Effect4.Program.Sched.FRun} {f₂ : Effect4.Program.Sched.RFiber},
        Effect4.Program.Sched.FMeans root f₁ f₂ →
          ∀ (y : Bool) {e₁ : List.{0} Effect4.Program.NCode} {e₂ : List.{0} Effect4.Program.Sched.RProgram},
            @Effect4.Machine.ListRel.{0} Effect4.Program.NCode Effect4.Program.Sched.RProgram
                (Effect4.Program.Sched.CodeMeans root) e₁ e₂ →
              ∀ (site : optParam.{1} (Option.{0} (List.{0} Nat)) (@Option.none.{0} (List.{0} Nat))),
                Effect4.Program.Sched.IterRel root
                  (@Effect4.Machine.FiberAction.raceAll.{0, 0} Effect4.Program.EffName Effect4.Program.EffThunk
                    Effect4.Machine.Val Effect4.Machine.Err Effect4.Machine.Defect Effect4.FiberId Effect4.Machine.Ann
                    Effect4.Machine.Ctx Effect4.Machine.Stores
                    (Effect4.Prim.{0, 0} Effect4.Program.EffName Effect4.Program.EffThunk Effect4.Machine.Val
                      Effect4.Machine.Err Effect4.Machine.Defect Effect4.FiberId Effect4.Machine.Ann)
                    (Effect4.FrameFiber.{0, 0} Effect4.Program.EffName Effect4.Program.EffThunk Effect4.Machine.Val
                      Effect4.Machine.Err Effect4.Machine.Defect Effect4.FiberId Effect4.Machine.Ann)
                    (Effect4.FrameEvent.{0, 0} Effect4.Program.EffName Effect4.Program.EffThunk Effect4.Machine.Val
                      Effect4.Machine.Err Effect4.Machine.Defect Effect4.FiberId Effect4.Machine.Ann)
                    (@Effect4.Machine.frameCore.{0, 0} Effect4.Program.EffName Effect4.Program.EffThunk
                      Effect4.Machine.Val Effect4.Machine.Err Effect4.Machine.Defect Effect4.FiberId
                      Effect4.Machine.Ann)
                    (Effect4.Program.interpAt root c (@List.nil.{0} Effect4.Program.Row)) m₁ f₁ y e₁ site)
                  (@Effect4.Machine.FiberAction.raceAll.{0, 0} Effect4.Program.EffName Effect4.Program.EffThunk
                    Effect4.Machine.Val Effect4.Machine.Err Effect4.Machine.Defect Effect4.FiberId Effect4.Machine.Ann
                    Effect4.Machine.Ctx Effect4.Machine.Stores Effect4.Program.Sched.RProgram
                    Effect4.Program.Sched.RSaved Unit Effect4.Program.Sched.termCore
                    (Effect4.Program.Sched.interpRAt root c) m₂ f₂ y e₂ site)
STATEMENT Effect4.Program.Sched.M1Origin.spawn_rel ∀ (root : Effect4.Program.NativeEff)
  {i₁ : Effect4.Program.Sched.FInterp} {i₂ : Effect4.Program.Sched.RInterp},
  @Eq.{1} (Effect4.Machine.Ctx → Prod.{0, 0} Nat Bool)
      (@Effect4.Machine.RunInterp.budgetOf.{0, 0} Effect4.Program.EffName Effect4.Program.EffThunk Effect4.Machine.Val
        Effect4.Machine.Err Effect4.Machine.Defect Effect4.FiberId Effect4.Machine.Ann Effect4.Machine.Ctx
        Effect4.Machine.Stores
        (Effect4.Prim.{0, 0} Effect4.Program.EffName Effect4.Program.EffThunk Effect4.Machine.Val Effect4.Machine.Err
          Effect4.Machine.Defect Effect4.FiberId Effect4.Machine.Ann)
        i₁)
      (@Effect4.Machine.RunInterp.budgetOf.{0, 0} Effect4.Program.EffName Effect4.Program.EffThunk Effect4.Machine.Val
        Effect4.Machine.Err Effect4.Machine.Defect Effect4.FiberId Effect4.Machine.Ann Effect4.Machine.Ctx
        Effect4.Machine.Stores Effect4.Program.Sched.RProgram i₂) →
    ∀ {m₁ : Effect4.Program.Sched.FMachine} {m₂ : Effect4.Program.Sched.RState},
      @Effect4.Machine.MachineOk.{0, 0} Effect4.Program.EffName Effect4.Program.EffThunk Effect4.Machine.Val
          Effect4.Machine.Err Effect4.Machine.Defect Effect4.FiberId Effect4.Machine.Ann Effect4.Machine.Ctx
          Effect4.Machine.Stores
          (Effect4.Prim.{0, 0} Effect4.Program.EffName Effect4.Program.EffThunk Effect4.Machine.Val Effect4.Machine.Err
            Effect4.Machine.Defect Effect4.FiberId Effect4.Machine.Ann)
          (Effect4.FrameFiber.{0, 0} Effect4.Program.EffName Effect4.Program.EffThunk Effect4.Machine.Val
            Effect4.Machine.Err Effect4.Machine.Defect Effect4.FiberId Effect4.Machine.Ann)
          (Effect4.FrameEvent.{0, 0} Effect4.Program.EffName Effect4.Program.EffThunk Effect4.Machine.Val
            Effect4.Machine.Err Effect4.Machine.Defect Effect4.FiberId Effect4.Machine.Ann)
          Effect4.Program.Sched.StoresOk m₁ →
        Effect4.Program.Sched.BMeans root m₁ m₂ →
          ∀ {p₁ : Effect4.Program.Sched.FRun} {p₂ : Effect4.Program.Sched.RFiber},
            Effect4.Program.Sched.FMeans root p₁ p₂ →
              ∀ {prog₁ : Effect4.Program.NCode} {prog₂ : Effect4.Program.Sched.RProgram},
                Effect4.Program.Sched.CodeMeans root prog₁ prog₂ →
                  ∀ (options : Effect4.Supervision.ForkOptions)
                    (site : optParam.{1} (List.{0} Nat) (@List.nil.{0} Nat)),
                    @Effect4.Program.Sched.TripleRel root Effect4.FiberId Effect4.FiberId (@Eq.{1} Effect4.FiberId)
                      (@Effect4.Machine.spawn.{0, 0} Effect4.Program.EffName Effect4.Program.EffThunk
                        Effect4.Machine.Val Effect4.Machine.Err Effect4.Machine.Defect Effect4.FiberId
                        Effect4.Machine.Ann Effect4.Machine.Ctx Effect4.Machine.Stores
                        (Effect4.Prim.{0, 0} Effect4.Program.EffName Effect4.Program.EffThunk Effect4.Machine.Val
                          Effect4.Machine.Err Effect4.Machine.Defect Effect4.FiberId Effect4.Machine.Ann)
                        (Effect4.FrameFiber.{0, 0} Effect4.Program.EffName Effect4.Program.EffThunk Effect4.Machine.Val
                          Effect4.Machine.Err Effect4.Machine.Defect Effect4.FiberId Effect4.Machine.Ann)
                        (Effect4.FrameEvent.{0, 0} Effect4.Program.EffName Effect4.Program.EffThunk Effect4.Machine.Val
                          Effect4.Machine.Err Effect4.Machine.Defect Effect4.FiberId Effect4.Machine.Ann)
                        (@Effect4.Machine.frameCore.{0, 0} Effect4.Program.EffName Effect4.Program.EffThunk
                          Effect4.Machine.Val Effect4.Machine.Err Effect4.Machine.Defect Effect4.FiberId
                          Effect4.Machine.Ann)
                        i₁ m₁ p₁ prog₁ options site)
                      (@Effect4.Machine.spawn.{0, 0} Effect4.Program.EffName Effect4.Program.EffThunk
                        Effect4.Machine.Val Effect4.Machine.Err Effect4.Machine.Defect Effect4.FiberId
                        Effect4.Machine.Ann Effect4.Machine.Ctx Effect4.Machine.Stores Effect4.Program.Sched.RProgram
                        Effect4.Program.Sched.RSaved Unit Effect4.Program.Sched.termCore i₂ m₂ p₂ prog₂ options site)
STATEMENT Effect4.Program.Sched.M1OriginFibers.FMeans_mk' ∀ {root : Effect4.Program.NativeEff}
  {f₁ : Effect4.Program.Sched.FRun} {f₂ : Effect4.Program.Sched.RFiber},
  @Eq.{1} Effect4.FiberId
      (@Effect4.Machine.RunFiber.id.{0, 0} Effect4.Program.EffName Effect4.Program.EffThunk Effect4.Machine.Val
        Effect4.Machine.Err Effect4.Machine.Defect Effect4.FiberId Effect4.Machine.Ann Effect4.Machine.Ctx
        (Effect4.Prim.{0, 0} Effect4.Program.EffName Effect4.Program.EffThunk Effect4.Machine.Val Effect4.Machine.Err
          Effect4.Machine.Defect Effect4.FiberId Effect4.Machine.Ann)
        (Effect4.FrameFiber.{0, 0} Effect4.Program.EffName Effect4.Program.EffThunk Effect4.Machine.Val
          Effect4.Machine.Err Effect4.Machine.Defect Effect4.FiberId Effect4.Machine.Ann)
        f₁)
      (@Effect4.Machine.RunFiber.id.{0, 0} Effect4.Program.EffName Effect4.Program.EffThunk Effect4.Machine.Val
        Effect4.Machine.Err Effect4.Machine.Defect Effect4.FiberId Effect4.Machine.Ann Effect4.Machine.Ctx
        Effect4.Program.Sched.RProgram Effect4.Program.Sched.RSaved f₂) →
    @Eq.{1} Effect4.Machine.Parked
        (@Effect4.Machine.RunFiber.parked.{0, 0} Effect4.Program.EffName Effect4.Program.EffThunk Effect4.Machine.Val
          Effect4.Machine.Err Effect4.Machine.Defect Effect4.FiberId Effect4.Machine.Ann Effect4.Machine.Ctx
          (Effect4.Prim.{0, 0} Effect4.Program.EffName Effect4.Program.EffThunk Effect4.Machine.Val Effect4.Machine.Err
            Effect4.Machine.Defect Effect4.FiberId Effect4.Machine.Ann)
          (Effect4.FrameFiber.{0, 0} Effect4.Program.EffName Effect4.Program.EffThunk Effect4.Machine.Val
            Effect4.Machine.Err Effect4.Machine.Defect Effect4.FiberId Effect4.Machine.Ann)
          f₁)
        (@Effect4.Machine.RunFiber.parked.{0, 0} Effect4.Program.EffName Effect4.Program.EffThunk Effect4.Machine.Val
          Effect4.Machine.Err Effect4.Machine.Defect Effect4.FiberId Effect4.Machine.Ann Effect4.Machine.Ctx
          Effect4.Program.Sched.RProgram Effect4.Program.Sched.RSaved f₂) →
      @Eq.{1} Effect4.Machine.Ctx
          (@Effect4.Machine.RunFiber.context.{0, 0} Effect4.Program.EffName Effect4.Program.EffThunk Effect4.Machine.Val
            Effect4.Machine.Err Effect4.Machine.Defect Effect4.FiberId Effect4.Machine.Ann Effect4.Machine.Ctx
            (Effect4.Prim.{0, 0} Effect4.Program.EffName Effect4.Program.EffThunk Effect4.Machine.Val
              Effect4.Machine.Err Effect4.Machine.Defect Effect4.FiberId Effect4.Machine.Ann)
            (Effect4.FrameFiber.{0, 0} Effect4.Program.EffName Effect4.Program.EffThunk Effect4.Machine.Val
              Effect4.Machine.Err Effect4.Machine.Defect Effect4.FiberId Effect4.Machine.Ann)
            f₁)
          (@Effect4.Machine.RunFiber.context.{0, 0} Effect4.Program.EffName Effect4.Program.EffThunk Effect4.Machine.Val
            Effect4.Machine.Err Effect4.Machine.Defect Effect4.FiberId Effect4.Machine.Ann Effect4.Machine.Ctx
            Effect4.Program.Sched.RProgram Effect4.Program.Sched.RSaved f₂) →
        @Eq.{1} Bool
            (@Effect4.Machine.RunFiber.running.{0, 0} Effect4.Program.EffName Effect4.Program.EffThunk
              Effect4.Machine.Val Effect4.Machine.Err Effect4.Machine.Defect Effect4.FiberId Effect4.Machine.Ann
              Effect4.Machine.Ctx
              (Effect4.Prim.{0, 0} Effect4.Program.EffName Effect4.Program.EffThunk Effect4.Machine.Val
                Effect4.Machine.Err Effect4.Machine.Defect Effect4.FiberId Effect4.Machine.Ann)
              (Effect4.FrameFiber.{0, 0} Effect4.Program.EffName Effect4.Program.EffThunk Effect4.Machine.Val
                Effect4.Machine.Err Effect4.Machine.Defect Effect4.FiberId Effect4.Machine.Ann)
              f₁)
            (@Effect4.Machine.RunFiber.running.{0, 0} Effect4.Program.EffName Effect4.Program.EffThunk
              Effect4.Machine.Val Effect4.Machine.Err Effect4.Machine.Defect Effect4.FiberId Effect4.Machine.Ann
              Effect4.Machine.Ctx Effect4.Program.Sched.RProgram Effect4.Program.Sched.RSaved f₂) →
          @Eq.{1}
              (List.{0}
                (Effect4.Machine.Pending.{0, 0} Effect4.Program.EffName Effect4.Machine.Val Effect4.Machine.Err
                  Effect4.Machine.Defect Effect4.FiberId Effect4.Machine.Ann))
              (@Effect4.Machine.RunFiber.pending.{0, 0} Effect4.Program.EffName Effect4.Program.EffThunk
                Effect4.Machine.Val Effect4.Machine.Err Effect4.Machine.Defect Effect4.FiberId Effect4.Machine.Ann
                Effect4.Machine.Ctx
                (Effect4.Prim.{0, 0} Effect4.Program.EffName Effect4.Program.EffThunk Effect4.Machine.Val
                  Effect4.Machine.Err Effect4.Machine.Defect Effect4.FiberId Effect4.Machine.Ann)
                (Effect4.FrameFiber.{0, 0} Effect4.Program.EffName Effect4.Program.EffThunk Effect4.Machine.Val
                  Effect4.Machine.Err Effect4.Machine.Defect Effect4.FiberId Effect4.Machine.Ann)
                f₁)
              (@Effect4.Machine.RunFiber.pending.{0, 0} Effect4.Program.EffName Effect4.Program.EffThunk
                Effect4.Machine.Val Effect4.Machine.Err Effect4.Machine.Defect Effect4.FiberId Effect4.Machine.Ann
                Effect4.Machine.Ctx Effect4.Program.Sched.RProgram Effect4.Program.Sched.RSaved f₂) →
            @Eq.{1}
                (Option.{0}
                  (Effect4.Exit.{0, 0} Effect4.Machine.Val Effect4.Machine.Err Effect4.Machine.Defect Effect4.FiberId
                    Effect4.Machine.Ann))
                (@Effect4.Machine.RunFiber.finalizing.{0, 0} Effect4.Program.EffName Effect4.Program.EffThunk
                  Effect4.Machine.Val Effect4.Machine.Err Effect4.Machine.Defect Effect4.FiberId Effect4.Machine.Ann
                  Effect4.Machine.Ctx
                  (Effect4.Prim.{0, 0} Effect4.Program.EffName Effect4.Program.EffThunk Effect4.Machine.Val
                    Effect4.Machine.Err Effect4.Machine.Defect Effect4.FiberId Effect4.Machine.Ann)
                  (Effect4.FrameFiber.{0, 0} Effect4.Program.EffName Effect4.Program.EffThunk Effect4.Machine.Val
                    Effect4.Machine.Err Effect4.Machine.Defect Effect4.FiberId Effect4.Machine.Ann)
                  f₁)
                (@Effect4.Machine.RunFiber.finalizing.{0, 0} Effect4.Program.EffName Effect4.Program.EffThunk
                  Effect4.Machine.Val Effect4.Machine.Err Effect4.Machine.Defect Effect4.FiberId Effect4.Machine.Ann
                  Effect4.Machine.Ctx Effect4.Program.Sched.RProgram Effect4.Program.Sched.RSaved f₂) →
              @Eq.{1}
                  (Option.{0}
                    (Effect4.Exit.{0, 0} Effect4.Machine.Val Effect4.Machine.Err Effect4.Machine.Defect Effect4.FiberId
                      Effect4.Machine.Ann))
                  (@Effect4.Machine.RunFiber.exit.{0, 0} Effect4.Program.EffName Effect4.Program.EffThunk
                    Effect4.Machine.Val Effect4.Machine.Err Effect4.Machine.Defect Effect4.FiberId Effect4.Machine.Ann
                    Effect4.Machine.Ctx
                    (Effect4.Prim.{0, 0} Effect4.Program.EffName Effect4.Program.EffThunk Effect4.Machine.Val
                      Effect4.Machine.Err Effect4.Machine.Defect Effect4.FiberId Effect4.Machine.Ann)
                    (Effect4.FrameFiber.{0, 0} Effect4.Program.EffName Effect4.Program.EffThunk Effect4.Machine.Val
                      Effect4.Machine.Err Effect4.Machine.Defect Effect4.FiberId Effect4.Machine.Ann)
                    f₁)
                  (@Effect4.Machine.RunFiber.exit.{0, 0} Effect4.Program.EffName Effect4.Program.EffThunk
                    Effect4.Machine.Val Effect4.Machine.Err Effect4.Machine.Defect Effect4.FiberId Effect4.Machine.Ann
                    Effect4.Machine.Ctx Effect4.Program.Sched.RProgram Effect4.Program.Sched.RSaved f₂) →
                @Eq.{1} Nat
                    (@Effect4.Machine.RunFiber.currentOpCount.{0, 0} Effect4.Program.EffName Effect4.Program.EffThunk
                      Effect4.Machine.Val Effect4.Machine.Err Effect4.Machine.Defect Effect4.FiberId Effect4.Machine.Ann
                      Effect4.Machine.Ctx
                      (Effect4.Prim.{0, 0} Effect4.Program.EffName Effect4.Program.EffThunk Effect4.Machine.Val
                        Effect4.Machine.Err Effect4.Machine.Defect Effect4.FiberId Effect4.Machine.Ann)
                      (Effect4.FrameFiber.{0, 0} Effect4.Program.EffName Effect4.Program.EffThunk Effect4.Machine.Val
                        Effect4.Machine.Err Effect4.Machine.Defect Effect4.FiberId Effect4.Machine.Ann)
                      f₁)
                    (@Effect4.Machine.RunFiber.currentOpCount.{0, 0} Effect4.Program.EffName Effect4.Program.EffThunk
                      Effect4.Machine.Val Effect4.Machine.Err Effect4.Machine.Defect Effect4.FiberId Effect4.Machine.Ann
                      Effect4.Machine.Ctx Effect4.Program.Sched.RProgram Effect4.Program.Sched.RSaved f₂) →
                  @Eq.{1} Nat
                      (@Effect4.Machine.RunFiber.maxOpsBeforeYield.{0, 0} Effect4.Program.EffName
                        Effect4.Program.EffThunk Effect4.Machine.Val Effect4.Machine.Err Effect4.Machine.Defect
                        Effect4.FiberId Effect4.Machine.Ann Effect4.Machine.Ctx
                        (Effect4.Prim.{0, 0} Effect4.Program.EffName Effect4.Program.EffThunk Effect4.Machine.Val
                          Effect4.Machine.Err Effect4.Machine.Defect Effect4.FiberId Effect4.Machine.Ann)
                        (Effect4.FrameFiber.{0, 0} Effect4.Program.EffName Effect4.Program.EffThunk Effect4.Machine.Val
                          Effect4.Machine.Err Effect4.Machine.Defect Effect4.FiberId Effect4.Machine.Ann)
                        f₁)
                      (@Effect4.Machine.RunFiber.maxOpsBeforeYield.{0, 0} Effect4.Program.EffName
                        Effect4.Program.EffThunk Effect4.Machine.Val Effect4.Machine.Err Effect4.Machine.Defect
                        Effect4.FiberId Effect4.Machine.Ann Effect4.Machine.Ctx Effect4.Program.Sched.RProgram
                        Effect4.Program.Sched.RSaved f₂) →
                    @Eq.{1} Bool
                        (@Effect4.Machine.RunFiber.preventYield.{0, 0} Effect4.Program.EffName Effect4.Program.EffThunk
                          Effect4.Machine.Val Effect4.Machine.Err Effect4.Machine.Defect Effect4.FiberId
                          Effect4.Machine.Ann Effect4.Machine.Ctx
                          (Effect4.Prim.{0, 0} Effect4.Program.EffName Effect4.Program.EffThunk Effect4.Machine.Val
                            Effect4.Machine.Err Effect4.Machine.Defect Effect4.FiberId Effect4.Machine.Ann)
                          (Effect4.FrameFiber.{0, 0} Effect4.Program.EffName Effect4.Program.EffThunk
                            Effect4.Machine.Val Effect4.Machine.Err Effect4.Machine.Defect Effect4.FiberId
                            Effect4.Machine.Ann)
                          f₁)
                        (@Effect4.Machine.RunFiber.preventYield.{0, 0} Effect4.Program.EffName Effect4.Program.EffThunk
                          Effect4.Machine.Val Effect4.Machine.Err Effect4.Machine.Defect Effect4.FiberId
                          Effect4.Machine.Ann Effect4.Machine.Ctx Effect4.Program.Sched.RProgram
                          Effect4.Program.Sched.RSaved f₂) →
                      @Eq.{1} (Option.{0} Bool)
                          (@Effect4.Machine.RunFiber.yieldOverride.{0, 0} Effect4.Program.EffName
                            Effect4.Program.EffThunk Effect4.Machine.Val Effect4.Machine.Err Effect4.Machine.Defect
                            Effect4.FiberId Effect4.Machine.Ann Effect4.Machine.Ctx
                            (Effect4.Prim.{0, 0} Effect4.Program.EffName Effect4.Program.EffThunk Effect4.Machine.Val
                              Effect4.Machine.Err Effect4.Machine.Defect Effect4.FiberId Effect4.Machine.Ann)
                            (Effect4.FrameFiber.{0, 0} Effect4.Program.EffName Effect4.Program.EffThunk
                              Effect4.Machine.Val Effect4.Machine.Err Effect4.Machine.Defect Effect4.FiberId
                              Effect4.Machine.Ann)
                            f₁)
                          (@Effect4.Machine.RunFiber.yieldOverride.{0, 0} Effect4.Program.EffName
                            Effect4.Program.EffThunk Effect4.Machine.Val Effect4.Machine.Err Effect4.Machine.Defect
                            Effect4.FiberId Effect4.Machine.Ann Effect4.Machine.Ctx Effect4.Program.Sched.RProgram
                            Effect4.Program.Sched.RSaved f₂) →
                        @Eq.{1} (List.{0} Effect4.Machine.Observer)
                            (@Effect4.Machine.RunFiber.observers.{0, 0} Effect4.Program.EffName Effect4.Program.EffThunk
                              Effect4.Machine.Val Effect4.Machine.Err Effect4.Machine.Defect Effect4.FiberId
                              Effect4.Machine.Ann Effect4.Machine.Ctx
                              (Effect4.Prim.{0, 0} Effect4.Program.EffName Effect4.Program.EffThunk Effect4.Machine.Val
                                Effect4.Machine.Err Effect4.Machine.Defect Effect4.FiberId Effect4.Machine.Ann)
                              (Effect4.FrameFiber.{0, 0} Effect4.Program.EffName Effect4.Program.EffThunk
                                Effect4.Machine.Val Effect4.Machine.Err Effect4.Machine.Defect Effect4.FiberId
                                Effect4.Machine.Ann)
                              f₁)
                            (@Effect4.Machine.RunFiber.observers.{0, 0} Effect4.Program.EffName Effect4.Program.EffThunk
                              Effect4.Machine.Val Effect4.Machine.Err Effect4.Machine.Defect Effect4.FiberId
                              Effect4.Machine.Ann Effect4.Machine.Ctx Effect4.Program.Sched.RProgram
                              Effect4.Program.Sched.RSaved f₂) →
                          @Eq.{1} (List.{0} Effect4.FiberId)
                              (@Effect4.Machine.RunFiber.children.{0, 0} Effect4.Program.EffName
                                Effect4.Program.EffThunk Effect4.Machine.Val Effect4.Machine.Err Effect4.Machine.Defect
                                Effect4.FiberId Effect4.Machine.Ann Effect4.Machine.Ctx
                                (Effect4.Prim.{0, 0} Effect4.Program.EffName Effect4.Program.EffThunk
                                  Effect4.Machine.Val Effect4.Machine.Err Effect4.Machine.Defect Effect4.FiberId
                                  Effect4.Machine.Ann)
                                (Effect4.FrameFiber.{0, 0} Effect4.Program.EffName Effect4.Program.EffThunk
                                  Effect4.Machine.Val Effect4.Machine.Err Effect4.Machine.Defect Effect4.FiberId
                                  Effect4.Machine.Ann)
                                f₁)
                              (@Effect4.Machine.RunFiber.children.{0, 0} Effect4.Program.EffName
                                Effect4.Program.EffThunk Effect4.Machine.Val Effect4.Machine.Err Effect4.Machine.Defect
                                Effect4.FiberId Effect4.Machine.Ann Effect4.Machine.Ctx Effect4.Program.Sched.RProgram
                                Effect4.Program.Sched.RSaved f₂) →
                            @Effect4.Machine.DispatcherMeans.{0, 0} Effect4.Program.EffName Effect4.Program.EffThunk
                                Effect4.Machine.Val Effect4.Machine.Err Effect4.Machine.Defect Effect4.FiberId
                                Effect4.Machine.Ann Effect4.Program.NCode Effect4.Program.Sched.RProgram
                                (Effect4.Program.Sched.CodeMeans root)
                                (@Effect4.Machine.RunFiber.dispatcher.{0, 0} Effect4.Program.EffName
                                  Effect4.Program.EffThunk Effect4.Machine.Val Effect4.Machine.Err
                                  Effect4.Machine.Defect Effect4.FiberId Effect4.Machine.Ann Effect4.Machine.Ctx
                                  (Effect4.Prim.{0, 0} Effect4.Program.EffName Effect4.Program.EffThunk
                                    Effect4.Machine.Val Effect4.Machine.Err Effect4.Machine.Defect Effect4.FiberId
                                    Effect4.Machine.Ann)
                                  (Effect4.FrameFiber.{0, 0} Effect4.Program.EffName Effect4.Program.EffThunk
                                    Effect4.Machine.Val Effect4.Machine.Err Effect4.Machine.Defect Effect4.FiberId
                                    Effect4.Machine.Ann)
                                  f₁)
                                (@Effect4.Machine.RunFiber.dispatcher.{0, 0} Effect4.Program.EffName
                                  Effect4.Program.EffThunk Effect4.Machine.Val Effect4.Machine.Err
                                  Effect4.Machine.Defect Effect4.FiberId Effect4.Machine.Ann Effect4.Machine.Ctx
                                  Effect4.Program.Sched.RProgram Effect4.Program.Sched.RSaved f₂) →
                              Effect4.Program.Sched.Means root
                                  (@Effect4.Machine.RunFiber.frame.{0, 0} Effect4.Program.EffName
                                    Effect4.Program.EffThunk Effect4.Machine.Val Effect4.Machine.Err
                                    Effect4.Machine.Defect Effect4.FiberId Effect4.Machine.Ann Effect4.Machine.Ctx
                                    (Effect4.Prim.{0, 0} Effect4.Program.EffName Effect4.Program.EffThunk
                                      Effect4.Machine.Val Effect4.Machine.Err Effect4.Machine.Defect Effect4.FiberId
                                      Effect4.Machine.Ann)
                                    (Effect4.FrameFiber.{0, 0} Effect4.Program.EffName Effect4.Program.EffThunk
                                      Effect4.Machine.Val Effect4.Machine.Err Effect4.Machine.Defect Effect4.FiberId
                                      Effect4.Machine.Ann)
                                    f₁)
                                  (@Effect4.Machine.RunFiber.frame.{0, 0} Effect4.Program.EffName
                                    Effect4.Program.EffThunk Effect4.Machine.Val Effect4.Machine.Err
                                    Effect4.Machine.Defect Effect4.FiberId Effect4.Machine.Ann Effect4.Machine.Ctx
                                    Effect4.Program.Sched.RProgram Effect4.Program.Sched.RSaved f₂) →
                                @Eq.{1} Effect4.Machine.Origin
                                    (@Effect4.Machine.RunFiber.origin.{0, 0} Effect4.Program.EffName
                                      Effect4.Program.EffThunk Effect4.Machine.Val Effect4.Machine.Err
                                      Effect4.Machine.Defect Effect4.FiberId Effect4.Machine.Ann Effect4.Machine.Ctx
                                      (Effect4.Prim.{0, 0} Effect4.Program.EffName Effect4.Program.EffThunk
                                        Effect4.Machine.Val Effect4.Machine.Err Effect4.Machine.Defect Effect4.FiberId
                                        Effect4.Machine.Ann)
                                      (Effect4.FrameFiber.{0, 0} Effect4.Program.EffName Effect4.Program.EffThunk
                                        Effect4.Machine.Val Effect4.Machine.Err Effect4.Machine.Defect Effect4.FiberId
                                        Effect4.Machine.Ann)
                                      f₁)
                                    (@Effect4.Machine.RunFiber.origin.{0, 0} Effect4.Program.EffName
                                      Effect4.Program.EffThunk Effect4.Machine.Val Effect4.Machine.Err
                                      Effect4.Machine.Defect Effect4.FiberId Effect4.Machine.Ann Effect4.Machine.Ctx
                                      Effect4.Program.Sched.RProgram Effect4.Program.Sched.RSaved f₂) →
                                  Effect4.Program.Sched.FMeans root f₁ f₂
STATEMENT Effect4.Program.Sched.M1OriginFibers.FMeans_origin ∀ {root : Effect4.Program.NativeEff}
  {f₁ : Effect4.Program.Sched.FRun} {f₂ : Effect4.Program.Sched.RFiber},
  Effect4.Program.Sched.FMeans root f₁ f₂ →
    @Eq.{1} Effect4.Machine.Origin
      (@Effect4.Machine.RunFiber.origin.{0, 0} Effect4.Program.EffName Effect4.Program.EffThunk Effect4.Machine.Val
        Effect4.Machine.Err Effect4.Machine.Defect Effect4.FiberId Effect4.Machine.Ann Effect4.Machine.Ctx
        (Effect4.Prim.{0, 0} Effect4.Program.EffName Effect4.Program.EffThunk Effect4.Machine.Val Effect4.Machine.Err
          Effect4.Machine.Defect Effect4.FiberId Effect4.Machine.Ann)
        (Effect4.FrameFiber.{0, 0} Effect4.Program.EffName Effect4.Program.EffThunk Effect4.Machine.Val
          Effect4.Machine.Err Effect4.Machine.Defect Effect4.FiberId Effect4.Machine.Ann)
        f₁)
      (@Effect4.Machine.RunFiber.origin.{0, 0} Effect4.Program.EffName Effect4.Program.EffThunk Effect4.Machine.Val
        Effect4.Machine.Err Effect4.Machine.Defect Effect4.FiberId Effect4.Machine.Ann Effect4.Machine.Ctx
        Effect4.Program.Sched.RProgram Effect4.Program.Sched.RSaved f₂)
STATEMENT Effect4.Program.Sched.M1OriginFibers.fmeans_make ∀ (root : Effect4.Program.NativeEff) (id : Effect4.FiberId)
  {c₁ : Effect4.Program.NCode} {c₂ : Effect4.Program.Sched.RProgram},
  Effect4.Program.Sched.CodeMeans root c₁ c₂ →
    ∀ (flag : Bool) (budget : Prod.{0, 0} Nat Bool) (ctx : Effect4.Machine.Ctx)
      (origin : optParam.{1} Effect4.Machine.Origin Effect4.Machine.Origin.root),
      Effect4.Program.Sched.FMeans root
        (@Effect4.Machine.RunFiber.make.{0, 0} Effect4.Program.EffName Effect4.Program.EffThunk Effect4.Machine.Val
          Effect4.Machine.Err Effect4.Machine.Defect Effect4.FiberId Effect4.Machine.Ann Effect4.Machine.Ctx
          (Effect4.Prim.{0, 0} Effect4.Program.EffName Effect4.Program.EffThunk Effect4.Machine.Val Effect4.Machine.Err
            Effect4.Machine.Defect Effect4.FiberId Effect4.Machine.Ann)
          (Effect4.FrameFiber.{0, 0} Effect4.Program.EffName Effect4.Program.EffThunk Effect4.Machine.Val
            Effect4.Machine.Err Effect4.Machine.Defect Effect4.FiberId Effect4.Machine.Ann)
          (@Effect4.Machine.frameCore.{0, 0} Effect4.Program.EffName Effect4.Program.EffThunk Effect4.Machine.Val
            Effect4.Machine.Err Effect4.Machine.Defect Effect4.FiberId Effect4.Machine.Ann)
          id c₁ flag budget ctx origin)
        (@Effect4.Machine.RunFiber.make.{0, 0} Effect4.Program.EffName Effect4.Program.EffThunk Effect4.Machine.Val
          Effect4.Machine.Err Effect4.Machine.Defect Effect4.FiberId Effect4.Machine.Ann Effect4.Machine.Ctx
          Effect4.Program.Sched.RProgram Effect4.Program.Sched.RSaved Effect4.Program.Sched.termCore id c₂ flag budget
          ctx origin)
STATEMENT Effect4.Program.Sched.M1OriginFibers.make_pending_empty ∀ (id : Effect4.FiberId) (c : Effect4.Program.NCode)
  (flag : Bool) (budget : Prod.{0, 0} Nat Bool) (ctx : Effect4.Machine.Ctx) (origin : Effect4.Machine.Origin),
  @Eq.{1}
    (List.{0}
      (Effect4.Machine.Pending.{0, 0} Effect4.Program.EffName Effect4.Machine.Val Effect4.Machine.Err
        Effect4.Machine.Defect Effect4.FiberId Effect4.Machine.Ann))
    (@Effect4.Machine.RunFiber.pending.{0, 0} Effect4.Program.EffName Effect4.Program.EffThunk Effect4.Machine.Val
      Effect4.Machine.Err Effect4.Machine.Defect Effect4.FiberId Effect4.Machine.Ann Effect4.Machine.Ctx
      (Effect4.Prim.{0, 0} Effect4.Program.EffName Effect4.Program.EffThunk Effect4.Machine.Val Effect4.Machine.Err
        Effect4.Machine.Defect Effect4.FiberId Effect4.Machine.Ann)
      (Effect4.FrameFiber.{0, 0} Effect4.Program.EffName Effect4.Program.EffThunk Effect4.Machine.Val
        Effect4.Machine.Err Effect4.Machine.Defect Effect4.FiberId Effect4.Machine.Ann)
      (@Effect4.Machine.RunFiber.make.{0, 0} Effect4.Program.EffName Effect4.Program.EffThunk Effect4.Machine.Val
        Effect4.Machine.Err Effect4.Machine.Defect Effect4.FiberId Effect4.Machine.Ann Effect4.Machine.Ctx
        (Effect4.Prim.{0, 0} Effect4.Program.EffName Effect4.Program.EffThunk Effect4.Machine.Val Effect4.Machine.Err
          Effect4.Machine.Defect Effect4.FiberId Effect4.Machine.Ann)
        (Effect4.FrameFiber.{0, 0} Effect4.Program.EffName Effect4.Program.EffThunk Effect4.Machine.Val
          Effect4.Machine.Err Effect4.Machine.Defect Effect4.FiberId Effect4.Machine.Ann)
        (@Effect4.Machine.frameCore.{0, 0} Effect4.Program.EffName Effect4.Program.EffThunk Effect4.Machine.Val
          Effect4.Machine.Err Effect4.Machine.Defect Effect4.FiberId Effect4.Machine.Ann)
        id c flag budget ctx origin))
    (@List.nil.{0}
      (Effect4.Machine.Pending.{0, 0} Effect4.Program.EffName Effect4.Machine.Val Effect4.Machine.Err
        Effect4.Machine.Defect Effect4.FiberId Effect4.Machine.Ann))
STATEMENT Effect4.Program.Sched.M1OriginFibers.raceMeans_mk' ∀ {root : Effect4.Program.NativeEff}
  {r₁ : Effect4.Program.Sched.FRace} {r₂ : Effect4.Program.Sched.RRace},
  @Eq.{1} Nat
      (@Effect4.Machine.Race.id.{0, 0} Effect4.Program.EffName Effect4.Program.EffThunk Effect4.Machine.Val
        Effect4.Machine.Err Effect4.Machine.Defect Effect4.FiberId Effect4.Machine.Ann
        (Effect4.Prim.{0, 0} Effect4.Program.EffName Effect4.Program.EffThunk Effect4.Machine.Val Effect4.Machine.Err
          Effect4.Machine.Defect Effect4.FiberId Effect4.Machine.Ann)
        r₁)
      (@Effect4.Machine.Race.id.{0, 0} Effect4.Program.EffName Effect4.Program.EffThunk Effect4.Machine.Val
        Effect4.Machine.Err Effect4.Machine.Defect Effect4.FiberId Effect4.Machine.Ann Effect4.Program.Sched.RProgram
        r₂) →
    @Eq.{1} Effect4.FiberId
        (@Effect4.Machine.Race.host.{0, 0} Effect4.Program.EffName Effect4.Program.EffThunk Effect4.Machine.Val
          Effect4.Machine.Err Effect4.Machine.Defect Effect4.FiberId Effect4.Machine.Ann
          (Effect4.Prim.{0, 0} Effect4.Program.EffName Effect4.Program.EffThunk Effect4.Machine.Val Effect4.Machine.Err
            Effect4.Machine.Defect Effect4.FiberId Effect4.Machine.Ann)
          r₁)
        (@Effect4.Machine.Race.host.{0, 0} Effect4.Program.EffName Effect4.Program.EffThunk Effect4.Machine.Val
          Effect4.Machine.Err Effect4.Machine.Defect Effect4.FiberId Effect4.Machine.Ann Effect4.Program.Sched.RProgram
          r₂) →
      @Eq.{1} Nat
          (@Effect4.Machine.Race.token.{0, 0} Effect4.Program.EffName Effect4.Program.EffThunk Effect4.Machine.Val
            Effect4.Machine.Err Effect4.Machine.Defect Effect4.FiberId Effect4.Machine.Ann
            (Effect4.Prim.{0, 0} Effect4.Program.EffName Effect4.Program.EffThunk Effect4.Machine.Val
              Effect4.Machine.Err Effect4.Machine.Defect Effect4.FiberId Effect4.Machine.Ann)
            r₁)
          (@Effect4.Machine.Race.token.{0, 0} Effect4.Program.EffName Effect4.Program.EffThunk Effect4.Machine.Val
            Effect4.Machine.Err Effect4.Machine.Defect Effect4.FiberId Effect4.Machine.Ann
            Effect4.Program.Sched.RProgram r₂) →
        @Eq.{1}
            (Effect4.Supervision.RaceAllState.{0, 0} Effect4.Machine.Val Effect4.Machine.Err Effect4.Machine.Defect
              Effect4.FiberId Effect4.Machine.Ann)
            (@Effect4.Machine.Race.state.{0, 0} Effect4.Program.EffName Effect4.Program.EffThunk Effect4.Machine.Val
              Effect4.Machine.Err Effect4.Machine.Defect Effect4.FiberId Effect4.Machine.Ann
              (Effect4.Prim.{0, 0} Effect4.Program.EffName Effect4.Program.EffThunk Effect4.Machine.Val
                Effect4.Machine.Err Effect4.Machine.Defect Effect4.FiberId Effect4.Machine.Ann)
              r₁)
            (@Effect4.Machine.Race.state.{0, 0} Effect4.Program.EffName Effect4.Program.EffThunk Effect4.Machine.Val
              Effect4.Machine.Err Effect4.Machine.Defect Effect4.FiberId Effect4.Machine.Ann
              Effect4.Program.Sched.RProgram r₂) →
          @Eq.{1} Bool
              (@Effect4.Machine.Race.settled.{0, 0} Effect4.Program.EffName Effect4.Program.EffThunk Effect4.Machine.Val
                Effect4.Machine.Err Effect4.Machine.Defect Effect4.FiberId Effect4.Machine.Ann
                (Effect4.Prim.{0, 0} Effect4.Program.EffName Effect4.Program.EffThunk Effect4.Machine.Val
                  Effect4.Machine.Err Effect4.Machine.Defect Effect4.FiberId Effect4.Machine.Ann)
                r₁)
              (@Effect4.Machine.Race.settled.{0, 0} Effect4.Program.EffName Effect4.Program.EffThunk Effect4.Machine.Val
                Effect4.Machine.Err Effect4.Machine.Defect Effect4.FiberId Effect4.Machine.Ann
                Effect4.Program.Sched.RProgram r₂) →
            @Eq.{1} Bool
                (@Effect4.Machine.Race.registering.{0, 0} Effect4.Program.EffName Effect4.Program.EffThunk
                  Effect4.Machine.Val Effect4.Machine.Err Effect4.Machine.Defect Effect4.FiberId Effect4.Machine.Ann
                  (Effect4.Prim.{0, 0} Effect4.Program.EffName Effect4.Program.EffThunk Effect4.Machine.Val
                    Effect4.Machine.Err Effect4.Machine.Defect Effect4.FiberId Effect4.Machine.Ann)
                  r₁)
                (@Effect4.Machine.Race.registering.{0, 0} Effect4.Program.EffName Effect4.Program.EffThunk
                  Effect4.Machine.Val Effect4.Machine.Err Effect4.Machine.Defect Effect4.FiberId Effect4.Machine.Ann
                  Effect4.Program.Sched.RProgram r₂) →
              @Effect4.Machine.ListRel.{0} Effect4.Program.NCode Effect4.Program.Sched.RProgram
                  (Effect4.Program.Sched.CodeMeans root)
                  (@Effect4.Machine.Race.programs.{0, 0} Effect4.Program.EffName Effect4.Program.EffThunk
                    Effect4.Machine.Val Effect4.Machine.Err Effect4.Machine.Defect Effect4.FiberId Effect4.Machine.Ann
                    (Effect4.Prim.{0, 0} Effect4.Program.EffName Effect4.Program.EffThunk Effect4.Machine.Val
                      Effect4.Machine.Err Effect4.Machine.Defect Effect4.FiberId Effect4.Machine.Ann)
                    r₁)
                  (@Effect4.Machine.Race.programs.{0, 0} Effect4.Program.EffName Effect4.Program.EffThunk
                    Effect4.Machine.Val Effect4.Machine.Err Effect4.Machine.Defect Effect4.FiberId Effect4.Machine.Ann
                    Effect4.Program.Sched.RProgram r₂) →
                @Eq.{1} (Option.{0} (List.{0} Nat))
                    (@Effect4.Machine.Race.nextSite.{0, 0} Effect4.Program.EffName Effect4.Program.EffThunk
                      Effect4.Machine.Val Effect4.Machine.Err Effect4.Machine.Defect Effect4.FiberId Effect4.Machine.Ann
                      (Effect4.Prim.{0, 0} Effect4.Program.EffName Effect4.Program.EffThunk Effect4.Machine.Val
                        Effect4.Machine.Err Effect4.Machine.Defect Effect4.FiberId Effect4.Machine.Ann)
                      r₁)
                    (@Effect4.Machine.Race.nextSite.{0, 0} Effect4.Program.EffName Effect4.Program.EffThunk
                      Effect4.Machine.Val Effect4.Machine.Err Effect4.Machine.Defect Effect4.FiberId Effect4.Machine.Ann
                      Effect4.Program.Sched.RProgram r₂) →
                  @Effect4.Machine.RaceMeans.{0, 0} Effect4.Program.EffName Effect4.Program.EffThunk Effect4.Machine.Val
                    Effect4.Machine.Err Effect4.Machine.Defect Effect4.FiberId Effect4.Machine.Ann Effect4.Program.NCode
                    Effect4.Program.Sched.RProgram (Effect4.Program.Sched.CodeMeans root) r₁ r₂
STATEMENT Effect4.Program.Sched.M1OriginFibers.raceMeans_nextSite ∀ {root : Effect4.Program.NativeEff}
  {r₁ : Effect4.Program.Sched.FRace} {r₂ : Effect4.Program.Sched.RRace},
  @Effect4.Machine.RaceMeans.{0, 0} Effect4.Program.EffName Effect4.Program.EffThunk Effect4.Machine.Val
      Effect4.Machine.Err Effect4.Machine.Defect Effect4.FiberId Effect4.Machine.Ann Effect4.Program.NCode
      Effect4.Program.Sched.RProgram (Effect4.Program.Sched.CodeMeans root) r₁ r₂ →
    @Eq.{1} (Option.{0} (List.{0} Nat))
      (@Effect4.Machine.Race.nextSite.{0, 0} Effect4.Program.EffName Effect4.Program.EffThunk Effect4.Machine.Val
        Effect4.Machine.Err Effect4.Machine.Defect Effect4.FiberId Effect4.Machine.Ann
        (Effect4.Prim.{0, 0} Effect4.Program.EffName Effect4.Program.EffThunk Effect4.Machine.Val Effect4.Machine.Err
          Effect4.Machine.Defect Effect4.FiberId Effect4.Machine.Ann)
        r₁)
      (@Effect4.Machine.Race.nextSite.{0, 0} Effect4.Program.EffName Effect4.Program.EffThunk Effect4.Machine.Val
        Effect4.Machine.Err Effect4.Machine.Defect Effect4.FiberId Effect4.Machine.Ann Effect4.Program.Sched.RProgram
        r₂)
STATEMENT Effect4.Program.Sched.M1PendingOrigin.beginRace_pendingOk ∀ (i : Effect4.Program.Sched.FInterp)
  (m : Effect4.Program.Sched.FMachine) (f : Effect4.Program.Sched.FRun) (y : Bool)
  (entrants : List.{0} Effect4.Program.NCode) (site : Option.{0} (List.{0} Nat)),
  @Effect4.Machine.PendingOk.{0, 0} Effect4.Program.EffName Effect4.Program.EffThunk Effect4.Machine.Val
      Effect4.Machine.Err Effect4.Machine.Defect Effect4.FiberId Effect4.Machine.Ann Effect4.Machine.Ctx
      (Effect4.Prim.{0, 0} Effect4.Program.EffName Effect4.Program.EffThunk Effect4.Machine.Val Effect4.Machine.Err
        Effect4.Machine.Defect Effect4.FiberId Effect4.Machine.Ann)
      (Effect4.FrameFiber.{0, 0} Effect4.Program.EffName Effect4.Program.EffThunk Effect4.Machine.Val
        Effect4.Machine.Err Effect4.Machine.Defect Effect4.FiberId Effect4.Machine.Ann)
      f →
    @Effect4.Machine.PendingOk.{0, 0} Effect4.Program.EffName Effect4.Program.EffThunk Effect4.Machine.Val
      Effect4.Machine.Err Effect4.Machine.Defect Effect4.FiberId Effect4.Machine.Ann Effect4.Machine.Ctx
      (Effect4.Prim.{0, 0} Effect4.Program.EffName Effect4.Program.EffThunk Effect4.Machine.Val Effect4.Machine.Err
        Effect4.Machine.Defect Effect4.FiberId Effect4.Machine.Ann)
      (Effect4.FrameFiber.{0, 0} Effect4.Program.EffName Effect4.Program.EffThunk Effect4.Machine.Val
        Effect4.Machine.Err Effect4.Machine.Defect Effect4.FiberId Effect4.Machine.Ann)
      (@Effect4.Machine.Iter.fiber.{0, 0} Effect4.Program.EffName Effect4.Program.EffThunk Effect4.Machine.Val
        Effect4.Machine.Err Effect4.Machine.Defect Effect4.FiberId Effect4.Machine.Ann Effect4.Machine.Ctx
        Effect4.Machine.Stores
        (Effect4.Prim.{0, 0} Effect4.Program.EffName Effect4.Program.EffThunk Effect4.Machine.Val Effect4.Machine.Err
          Effect4.Machine.Defect Effect4.FiberId Effect4.Machine.Ann)
        (Effect4.FrameFiber.{0, 0} Effect4.Program.EffName Effect4.Program.EffThunk Effect4.Machine.Val
          Effect4.Machine.Err Effect4.Machine.Defect Effect4.FiberId Effect4.Machine.Ann)
        (Effect4.FrameEvent.{0, 0} Effect4.Program.EffName Effect4.Program.EffThunk Effect4.Machine.Val
          Effect4.Machine.Err Effect4.Machine.Defect Effect4.FiberId Effect4.Machine.Ann)
        (@Effect4.Machine.beginRace.{0, 0} Effect4.Program.EffName Effect4.Program.EffThunk Effect4.Machine.Val
          Effect4.Machine.Err Effect4.Machine.Defect Effect4.FiberId Effect4.Machine.Ann Effect4.Machine.Ctx
          Effect4.Machine.Stores
          (Effect4.Prim.{0, 0} Effect4.Program.EffName Effect4.Program.EffThunk Effect4.Machine.Val Effect4.Machine.Err
            Effect4.Machine.Defect Effect4.FiberId Effect4.Machine.Ann)
          (Effect4.FrameFiber.{0, 0} Effect4.Program.EffName Effect4.Program.EffThunk Effect4.Machine.Val
            Effect4.Machine.Err Effect4.Machine.Defect Effect4.FiberId Effect4.Machine.Ann)
          (Effect4.FrameEvent.{0, 0} Effect4.Program.EffName Effect4.Program.EffThunk Effect4.Machine.Val
            Effect4.Machine.Err Effect4.Machine.Defect Effect4.FiberId Effect4.Machine.Ann)
          (@Effect4.Machine.frameCore.{0, 0} Effect4.Program.EffName Effect4.Program.EffThunk Effect4.Machine.Val
            Effect4.Machine.Err Effect4.Machine.Defect Effect4.FiberId Effect4.Machine.Ann)
          i m f y entrants site))
STATEMENT Effect4.Program.Sched.M1PendingOrigin.forkIn_pendingOk ∀ (i : Effect4.Program.Sched.FInterp)
  (m : Effect4.Program.Sched.FMachine) (f : Effect4.Program.Sched.FRun) (y : Bool),
  @Effect4.Machine.PendingOk.{0, 0} Effect4.Program.EffName Effect4.Program.EffThunk Effect4.Machine.Val
      Effect4.Machine.Err Effect4.Machine.Defect Effect4.FiberId Effect4.Machine.Ann Effect4.Machine.Ctx
      (Effect4.Prim.{0, 0} Effect4.Program.EffName Effect4.Program.EffThunk Effect4.Machine.Val Effect4.Machine.Err
        Effect4.Machine.Defect Effect4.FiberId Effect4.Machine.Ann)
      (Effect4.FrameFiber.{0, 0} Effect4.Program.EffName Effect4.Program.EffThunk Effect4.Machine.Val
        Effect4.Machine.Err Effect4.Machine.Defect Effect4.FiberId Effect4.Machine.Ann)
      f →
    ∀ (program : Effect4.Program.NCode) (options : Effect4.Supervision.ForkOptions) (scope : Nat) (site : List.{0} Nat)
      {a : Effect4.Program.Sched.FAnswer},
      (∀
          (g :
            Effect4.Machine.RunFiber.{0, 0} Effect4.Program.EffName Effect4.Program.EffThunk Effect4.Machine.Val
              Effect4.Machine.Err Effect4.Machine.Defect Effect4.FiberId Effect4.Machine.Ann Effect4.Machine.Ctx
              Effect4.Program.NCode Effect4.Program.Sched.FFiber)
          (v : Effect4.Machine.Val),
          @Effect4.Machine.PendingOk.{0, 0} Effect4.Program.EffName Effect4.Program.EffThunk Effect4.Machine.Val
              Effect4.Machine.Err Effect4.Machine.Defect Effect4.FiberId Effect4.Machine.Ann Effect4.Machine.Ctx
              Effect4.Program.NCode Effect4.Program.Sched.FFiber g →
            @Effect4.Machine.PendingOk.{0, 0} Effect4.Program.EffName Effect4.Program.EffThunk Effect4.Machine.Val
              Effect4.Machine.Err Effect4.Machine.Defect Effect4.FiberId Effect4.Machine.Ann Effect4.Machine.Ctx
              Effect4.Program.NCode Effect4.Program.Sched.FFiber (a g v)) →
        @Effect4.Machine.PendingOk.{0, 0} Effect4.Program.EffName Effect4.Program.EffThunk Effect4.Machine.Val
          Effect4.Machine.Err Effect4.Machine.Defect Effect4.FiberId Effect4.Machine.Ann Effect4.Machine.Ctx
          (Effect4.Prim.{0, 0} Effect4.Program.EffName Effect4.Program.EffThunk Effect4.Machine.Val Effect4.Machine.Err
            Effect4.Machine.Defect Effect4.FiberId Effect4.Machine.Ann)
          (Effect4.FrameFiber.{0, 0} Effect4.Program.EffName Effect4.Program.EffThunk Effect4.Machine.Val
            Effect4.Machine.Err Effect4.Machine.Defect Effect4.FiberId Effect4.Machine.Ann)
          (@Effect4.Machine.Iter.fiber.{0, 0} Effect4.Program.EffName Effect4.Program.EffThunk Effect4.Machine.Val
            Effect4.Machine.Err Effect4.Machine.Defect Effect4.FiberId Effect4.Machine.Ann Effect4.Machine.Ctx
            Effect4.Machine.Stores
            (Effect4.Prim.{0, 0} Effect4.Program.EffName Effect4.Program.EffThunk Effect4.Machine.Val
              Effect4.Machine.Err Effect4.Machine.Defect Effect4.FiberId Effect4.Machine.Ann)
            (Effect4.FrameFiber.{0, 0} Effect4.Program.EffName Effect4.Program.EffThunk Effect4.Machine.Val
              Effect4.Machine.Err Effect4.Machine.Defect Effect4.FiberId Effect4.Machine.Ann)
            (Effect4.FrameEvent.{0, 0} Effect4.Program.EffName Effect4.Program.EffThunk Effect4.Machine.Val
              Effect4.Machine.Err Effect4.Machine.Defect Effect4.FiberId Effect4.Machine.Ann)
            (@Effect4.Machine.FiberAction.forkIn.{0, 0} Effect4.Program.EffName Effect4.Program.EffThunk
              Effect4.Machine.Val Effect4.Machine.Err Effect4.Machine.Defect Effect4.FiberId Effect4.Machine.Ann
              Effect4.Machine.Ctx Effect4.Machine.Stores
              (Effect4.Prim.{0, 0} Effect4.Program.EffName Effect4.Program.EffThunk Effect4.Machine.Val
                Effect4.Machine.Err Effect4.Machine.Defect Effect4.FiberId Effect4.Machine.Ann)
              (Effect4.FrameFiber.{0, 0} Effect4.Program.EffName Effect4.Program.EffThunk Effect4.Machine.Val
                Effect4.Machine.Err Effect4.Machine.Defect Effect4.FiberId Effect4.Machine.Ann)
              (Effect4.FrameEvent.{0, 0} Effect4.Program.EffName Effect4.Program.EffThunk Effect4.Machine.Val
                Effect4.Machine.Err Effect4.Machine.Defect Effect4.FiberId Effect4.Machine.Ann)
              (@Effect4.Machine.frameCore.{0, 0} Effect4.Program.EffName Effect4.Program.EffThunk Effect4.Machine.Val
                Effect4.Machine.Err Effect4.Machine.Defect Effect4.FiberId Effect4.Machine.Ann)
              i m f y program options scope a site))
STATEMENT Effect4.Program.Sched.M1PendingOrigin.forkScoped_pendingOk ∀ (i : Effect4.Program.Sched.FInterp)
  (m : Effect4.Program.Sched.FMachine) (f : Effect4.Program.Sched.FRun) (y : Bool),
  @Effect4.Machine.PendingOk.{0, 0} Effect4.Program.EffName Effect4.Program.EffThunk Effect4.Machine.Val
      Effect4.Machine.Err Effect4.Machine.Defect Effect4.FiberId Effect4.Machine.Ann Effect4.Machine.Ctx
      (Effect4.Prim.{0, 0} Effect4.Program.EffName Effect4.Program.EffThunk Effect4.Machine.Val Effect4.Machine.Err
        Effect4.Machine.Defect Effect4.FiberId Effect4.Machine.Ann)
      (Effect4.FrameFiber.{0, 0} Effect4.Program.EffName Effect4.Program.EffThunk Effect4.Machine.Val
        Effect4.Machine.Err Effect4.Machine.Defect Effect4.FiberId Effect4.Machine.Ann)
      f →
    ∀ (program : Effect4.Program.NCode) (options : Effect4.Supervision.ForkOptions) (site : List.{0} Nat)
      {a : Effect4.Program.Sched.FAnswer},
      (∀
          (g :
            Effect4.Machine.RunFiber.{0, 0} Effect4.Program.EffName Effect4.Program.EffThunk Effect4.Machine.Val
              Effect4.Machine.Err Effect4.Machine.Defect Effect4.FiberId Effect4.Machine.Ann Effect4.Machine.Ctx
              Effect4.Program.NCode Effect4.Program.Sched.FFiber)
          (v : Effect4.Machine.Val),
          @Effect4.Machine.PendingOk.{0, 0} Effect4.Program.EffName Effect4.Program.EffThunk Effect4.Machine.Val
              Effect4.Machine.Err Effect4.Machine.Defect Effect4.FiberId Effect4.Machine.Ann Effect4.Machine.Ctx
              Effect4.Program.NCode Effect4.Program.Sched.FFiber g →
            @Effect4.Machine.PendingOk.{0, 0} Effect4.Program.EffName Effect4.Program.EffThunk Effect4.Machine.Val
              Effect4.Machine.Err Effect4.Machine.Defect Effect4.FiberId Effect4.Machine.Ann Effect4.Machine.Ctx
              Effect4.Program.NCode Effect4.Program.Sched.FFiber (a g v)) →
        @Effect4.Machine.PendingOk.{0, 0} Effect4.Program.EffName Effect4.Program.EffThunk Effect4.Machine.Val
          Effect4.Machine.Err Effect4.Machine.Defect Effect4.FiberId Effect4.Machine.Ann Effect4.Machine.Ctx
          (Effect4.Prim.{0, 0} Effect4.Program.EffName Effect4.Program.EffThunk Effect4.Machine.Val Effect4.Machine.Err
            Effect4.Machine.Defect Effect4.FiberId Effect4.Machine.Ann)
          (Effect4.FrameFiber.{0, 0} Effect4.Program.EffName Effect4.Program.EffThunk Effect4.Machine.Val
            Effect4.Machine.Err Effect4.Machine.Defect Effect4.FiberId Effect4.Machine.Ann)
          (@Effect4.Machine.Iter.fiber.{0, 0} Effect4.Program.EffName Effect4.Program.EffThunk Effect4.Machine.Val
            Effect4.Machine.Err Effect4.Machine.Defect Effect4.FiberId Effect4.Machine.Ann Effect4.Machine.Ctx
            Effect4.Machine.Stores
            (Effect4.Prim.{0, 0} Effect4.Program.EffName Effect4.Program.EffThunk Effect4.Machine.Val
              Effect4.Machine.Err Effect4.Machine.Defect Effect4.FiberId Effect4.Machine.Ann)
            (Effect4.FrameFiber.{0, 0} Effect4.Program.EffName Effect4.Program.EffThunk Effect4.Machine.Val
              Effect4.Machine.Err Effect4.Machine.Defect Effect4.FiberId Effect4.Machine.Ann)
            (Effect4.FrameEvent.{0, 0} Effect4.Program.EffName Effect4.Program.EffThunk Effect4.Machine.Val
              Effect4.Machine.Err Effect4.Machine.Defect Effect4.FiberId Effect4.Machine.Ann)
            (@Effect4.Machine.FiberAction.forkScoped.{0, 0} Effect4.Program.EffName Effect4.Program.EffThunk
              Effect4.Machine.Val Effect4.Machine.Err Effect4.Machine.Defect Effect4.FiberId Effect4.Machine.Ann
              Effect4.Machine.Ctx Effect4.Machine.Stores
              (Effect4.Prim.{0, 0} Effect4.Program.EffName Effect4.Program.EffThunk Effect4.Machine.Val
                Effect4.Machine.Err Effect4.Machine.Defect Effect4.FiberId Effect4.Machine.Ann)
              (Effect4.FrameFiber.{0, 0} Effect4.Program.EffName Effect4.Program.EffThunk Effect4.Machine.Val
                Effect4.Machine.Err Effect4.Machine.Defect Effect4.FiberId Effect4.Machine.Ann)
              (Effect4.FrameEvent.{0, 0} Effect4.Program.EffName Effect4.Program.EffThunk Effect4.Machine.Val
                Effect4.Machine.Err Effect4.Machine.Defect Effect4.FiberId Effect4.Machine.Ann)
              (@Effect4.Machine.frameCore.{0, 0} Effect4.Program.EffName Effect4.Program.EffThunk Effect4.Machine.Val
                Effect4.Machine.Err Effect4.Machine.Defect Effect4.FiberId Effect4.Machine.Ann)
              i m f y program options a site))
STATEMENT Effect4.Program.Sched.M1PendingOrigin.fork_pendingOk ∀ (i : Effect4.Program.Sched.FInterp)
  (m : Effect4.Program.Sched.FMachine) (f : Effect4.Program.Sched.FRun) (y : Bool),
  @Effect4.Machine.PendingOk.{0, 0} Effect4.Program.EffName Effect4.Program.EffThunk Effect4.Machine.Val
      Effect4.Machine.Err Effect4.Machine.Defect Effect4.FiberId Effect4.Machine.Ann Effect4.Machine.Ctx
      (Effect4.Prim.{0, 0} Effect4.Program.EffName Effect4.Program.EffThunk Effect4.Machine.Val Effect4.Machine.Err
        Effect4.Machine.Defect Effect4.FiberId Effect4.Machine.Ann)
      (Effect4.FrameFiber.{0, 0} Effect4.Program.EffName Effect4.Program.EffThunk Effect4.Machine.Val
        Effect4.Machine.Err Effect4.Machine.Defect Effect4.FiberId Effect4.Machine.Ann)
      f →
    ∀ (program : Effect4.Program.NCode) (options : Effect4.Supervision.ForkOptions) (site : List.{0} Nat)
      {a : Effect4.Program.Sched.FAnswer},
      (∀
          (g :
            Effect4.Machine.RunFiber.{0, 0} Effect4.Program.EffName Effect4.Program.EffThunk Effect4.Machine.Val
              Effect4.Machine.Err Effect4.Machine.Defect Effect4.FiberId Effect4.Machine.Ann Effect4.Machine.Ctx
              Effect4.Program.NCode Effect4.Program.Sched.FFiber)
          (v : Effect4.Machine.Val),
          @Effect4.Machine.PendingOk.{0, 0} Effect4.Program.EffName Effect4.Program.EffThunk Effect4.Machine.Val
              Effect4.Machine.Err Effect4.Machine.Defect Effect4.FiberId Effect4.Machine.Ann Effect4.Machine.Ctx
              Effect4.Program.NCode Effect4.Program.Sched.FFiber g →
            @Effect4.Machine.PendingOk.{0, 0} Effect4.Program.EffName Effect4.Program.EffThunk Effect4.Machine.Val
              Effect4.Machine.Err Effect4.Machine.Defect Effect4.FiberId Effect4.Machine.Ann Effect4.Machine.Ctx
              Effect4.Program.NCode Effect4.Program.Sched.FFiber (a g v)) →
        @Effect4.Machine.PendingOk.{0, 0} Effect4.Program.EffName Effect4.Program.EffThunk Effect4.Machine.Val
          Effect4.Machine.Err Effect4.Machine.Defect Effect4.FiberId Effect4.Machine.Ann Effect4.Machine.Ctx
          (Effect4.Prim.{0, 0} Effect4.Program.EffName Effect4.Program.EffThunk Effect4.Machine.Val Effect4.Machine.Err
            Effect4.Machine.Defect Effect4.FiberId Effect4.Machine.Ann)
          (Effect4.FrameFiber.{0, 0} Effect4.Program.EffName Effect4.Program.EffThunk Effect4.Machine.Val
            Effect4.Machine.Err Effect4.Machine.Defect Effect4.FiberId Effect4.Machine.Ann)
          (@Effect4.Machine.Iter.fiber.{0, 0} Effect4.Program.EffName Effect4.Program.EffThunk Effect4.Machine.Val
            Effect4.Machine.Err Effect4.Machine.Defect Effect4.FiberId Effect4.Machine.Ann Effect4.Machine.Ctx
            Effect4.Machine.Stores
            (Effect4.Prim.{0, 0} Effect4.Program.EffName Effect4.Program.EffThunk Effect4.Machine.Val
              Effect4.Machine.Err Effect4.Machine.Defect Effect4.FiberId Effect4.Machine.Ann)
            (Effect4.FrameFiber.{0, 0} Effect4.Program.EffName Effect4.Program.EffThunk Effect4.Machine.Val
              Effect4.Machine.Err Effect4.Machine.Defect Effect4.FiberId Effect4.Machine.Ann)
            (Effect4.FrameEvent.{0, 0} Effect4.Program.EffName Effect4.Program.EffThunk Effect4.Machine.Val
              Effect4.Machine.Err Effect4.Machine.Defect Effect4.FiberId Effect4.Machine.Ann)
            (@Effect4.Machine.FiberAction.fork.{0, 0} Effect4.Program.EffName Effect4.Program.EffThunk
              Effect4.Machine.Val Effect4.Machine.Err Effect4.Machine.Defect Effect4.FiberId Effect4.Machine.Ann
              Effect4.Machine.Ctx Effect4.Machine.Stores
              (Effect4.Prim.{0, 0} Effect4.Program.EffName Effect4.Program.EffThunk Effect4.Machine.Val
                Effect4.Machine.Err Effect4.Machine.Defect Effect4.FiberId Effect4.Machine.Ann)
              (Effect4.FrameFiber.{0, 0} Effect4.Program.EffName Effect4.Program.EffThunk Effect4.Machine.Val
                Effect4.Machine.Err Effect4.Machine.Defect Effect4.FiberId Effect4.Machine.Ann)
              (Effect4.FrameEvent.{0, 0} Effect4.Program.EffName Effect4.Program.EffThunk Effect4.Machine.Val
                Effect4.Machine.Err Effect4.Machine.Defect Effect4.FiberId Effect4.Machine.Ann)
              (@Effect4.Machine.frameCore.{0, 0} Effect4.Program.EffName Effect4.Program.EffThunk Effect4.Machine.Val
                Effect4.Machine.Err Effect4.Machine.Defect Effect4.FiberId Effect4.Machine.Ann)
              i m f y program options a site))
STATEMENT Effect4.Program.Typed.M2ExpectWanted.saved_from_clauses ∀ {W : Type} (P : Effect4.Program.Typed.Preds W)
  (w : W) (e : Effect4.Program.Typed.Expect) (x : Effect4.Program.Sched.RSaved),
  @Effect4.Program.Typed.Preds.program W P w e x.current →
    @Effect4.Program.Typed.Preds.StackOk W P w e x.stack →
      @Effect4.Program.Typed.Preds.InterruptOnly W P w e x.interruptedCause → @Effect4.Program.Typed.RSavedOk W P w e x
STATEMENT Effect4.Program.Typed.M2ForkSourceWanted.source_fork_extension ∀ (root : Effect4.Program.NativeEff)
  (site : Effect4.Program.Point) (body : Effect4.Program.NativeEff) (env : Effect4.Program.TyEnv)
  (ty : Effect4.Program.EffTy) (w : Effect4.Program.Typed.World) (m : Effect4.Program.Sched.RState)
  (parent : Effect4.Program.Sched.RFiber) (options : Effect4.Supervision.ForkOptions),
  @Eq.{1} (Option.{0} (Effect4.Program.Node Effect4.Program.NativeOp))
      (@Effect4.Program.Node.at_ Effect4.Program.NativeOp (@Effect4.Program.Node.eff Effect4.Program.NativeOp root)
        (site.child (@OfNat.ofNat.{0} Nat (nat_lit 0) (instOfNatNat (nat_lit 0)))).path)
      (@Option.some.{0} (Effect4.Program.Node Effect4.Program.NativeOp)
        (@Effect4.Program.Node.eff Effect4.Program.NativeOp body)) →
    @Eq.{1} (Except.{0, 0} Effect4.Program.TypeRefusal Effect4.Program.EffTy)
        (@Effect4.Program.Checker.check Effect4.Program.NativeOp
          (Effect4.Program.nativeSignature (@List.nil.{0} Effect4.Program.Row)) env
          (site.child (@OfNat.ofNat.{0} Nat (nat_lit 0) (instOfNatNat (nat_lit 0)))).path body)
        (@Except.ok.{0, 0} Effect4.Program.TypeRefusal Effect4.Program.EffTy ty) →
      @Eq.{1} Effect4.Machine.Stores w.state
          (@Effect4.Machine.RunMachine.state.{0, 0} Effect4.Program.EffName Effect4.Program.EffThunk Effect4.Machine.Val
            Effect4.Machine.Err Effect4.Machine.Defect Effect4.FiberId Effect4.Machine.Ann Effect4.Machine.Ctx
            Effect4.Machine.Stores Effect4.Program.Sched.RProgram Effect4.Program.Sched.RSaved Unit m) →
        @Eq.{1} (List.{0} Effect4.FiberId) w.ids
            (@List.map.{0, 0}
              (Effect4.Machine.RunFiber.{0, 0} Effect4.Program.EffName Effect4.Program.EffThunk Effect4.Machine.Val
                Effect4.Machine.Err Effect4.Machine.Defect Effect4.FiberId Effect4.Machine.Ann Effect4.Machine.Ctx
                Effect4.Program.Sched.RProgram Effect4.Program.Sched.RSaved)
              Effect4.FiberId
              (fun f =>
                @Effect4.Machine.RunFiber.id.{0, 0} Effect4.Program.EffName Effect4.Program.EffThunk Effect4.Machine.Val
                  Effect4.Machine.Err Effect4.Machine.Defect Effect4.FiberId Effect4.Machine.Ann Effect4.Machine.Ctx
                  Effect4.Program.Sched.RProgram Effect4.Program.Sched.RSaved f)
              (@Effect4.Machine.RunMachine.fibers.{0, 0} Effect4.Program.EffName Effect4.Program.EffThunk
                Effect4.Machine.Val Effect4.Machine.Err Effect4.Machine.Defect Effect4.FiberId Effect4.Machine.Ann
                Effect4.Machine.Ctx Effect4.Machine.Stores Effect4.Program.Sched.RProgram Effect4.Program.Sched.RSaved
                Unit m)) →
          @Eq.{1} (Option.{0} Effect4.Program.EffTy)
              (w.Γ
                {
                  value :=
                    @Effect4.Machine.RunMachine.nextId.{0, 0} Effect4.Program.EffName Effect4.Program.EffThunk
                      Effect4.Machine.Val Effect4.Machine.Err Effect4.Machine.Defect Effect4.FiberId Effect4.Machine.Ann
                      Effect4.Machine.Ctx Effect4.Machine.Stores Effect4.Program.Sched.RProgram
                      Effect4.Program.Sched.RSaved Unit m })
              (@Option.none.{0} Effect4.Program.EffTy) →
            have spawned :=
              @Effect4.Machine.spawn.{0, 0} Effect4.Program.EffName Effect4.Program.EffThunk Effect4.Machine.Val
                Effect4.Machine.Err Effect4.Machine.Defect Effect4.FiberId Effect4.Machine.Ann Effect4.Machine.Ctx
                Effect4.Machine.Stores Effect4.Program.Sched.RProgram Effect4.Program.Sched.RSaved Unit
                Effect4.Program.Sched.termCore (Effect4.Program.Sched.interpR root) m parent
                (Effect4.Program.Sched.denoteAt root
                  (site.child (@OfNat.ofNat.{0} Nat (nat_lit 0) (instOfNatNat (nat_lit 0)))))
                options site.path;
            have newer :=
              w.addFiber
                (@Prod.snd.{0, 0}
                  (Effect4.Machine.RunFiber.{0, 0} Effect4.Program.EffName Effect4.Program.EffThunk Effect4.Machine.Val
                    Effect4.Machine.Err Effect4.Machine.Defect Effect4.FiberId Effect4.Machine.Ann Effect4.Machine.Ctx
                    Effect4.Program.Sched.RProgram Effect4.Program.Sched.RSaved)
                  Effect4.FiberId
                  (@Prod.snd.{0, 0}
                    (Effect4.Machine.RunMachine.{0, 0} Effect4.Program.EffName Effect4.Program.EffThunk
                      Effect4.Machine.Val Effect4.Machine.Err Effect4.Machine.Defect Effect4.FiberId Effect4.Machine.Ann
                      Effect4.Machine.Ctx Effect4.Machine.Stores Effect4.Program.Sched.RProgram
                      Effect4.Program.Sched.RSaved Unit)
                    (Prod.{0, 0}
                      (Effect4.Machine.RunFiber.{0, 0} Effect4.Program.EffName Effect4.Program.EffThunk
                        Effect4.Machine.Val Effect4.Machine.Err Effect4.Machine.Defect Effect4.FiberId
                        Effect4.Machine.Ann Effect4.Machine.Ctx Effect4.Program.Sched.RProgram
                        Effect4.Program.Sched.RSaved)
                      Effect4.FiberId)
                    spawned))
                ty;
            And (w.le newer)
              (And
                (@Eq.{1} Effect4.Machine.Stores newer.state
                  (@Effect4.Machine.RunMachine.state.{0, 0} Effect4.Program.EffName Effect4.Program.EffThunk
                    Effect4.Machine.Val Effect4.Machine.Err Effect4.Machine.Defect Effect4.FiberId Effect4.Machine.Ann
                    Effect4.Machine.Ctx Effect4.Machine.Stores Effect4.Program.Sched.RProgram
                    Effect4.Program.Sched.RSaved Unit
                    (@Prod.fst.{0, 0}
                      (Effect4.Machine.RunMachine.{0, 0} Effect4.Program.EffName Effect4.Program.EffThunk
                        Effect4.Machine.Val Effect4.Machine.Err Effect4.Machine.Defect Effect4.FiberId
                        Effect4.Machine.Ann Effect4.Machine.Ctx Effect4.Machine.Stores Effect4.Program.Sched.RProgram
                        Effect4.Program.Sched.RSaved Unit)
                      (Prod.{0, 0}
                        (Effect4.Machine.RunFiber.{0, 0} Effect4.Program.EffName Effect4.Program.EffThunk
                          Effect4.Machine.Val Effect4.Machine.Err Effect4.Machine.Defect Effect4.FiberId
                          Effect4.Machine.Ann Effect4.Machine.Ctx Effect4.Program.Sched.RProgram
                          Effect4.Program.Sched.RSaved)
                        Effect4.FiberId)
                      spawned)))
                (And
                  (@Eq.{1} (List.{0} Effect4.FiberId) newer.ids
                    (@List.map.{0, 0}
                      (Effect4.Machine.RunFiber.{0, 0} Effect4.Program.EffName Effect4.Program.EffThunk
                        Effect4.Machine.Val Effect4.Machine.Err Effect4.Machine.Defect Effect4.FiberId
                        Effect4.Machine.Ann Effect4.Machine.Ctx Effect4.Program.Sched.RProgram
                        Effect4.Program.Sched.RSaved)
                      Effect4.FiberId
                      (fun f =>
                        @Effect4.Machine.RunFiber.id.{0, 0} Effect4.Program.EffName Effect4.Program.EffThunk
                          Effect4.Machine.Val Effect4.Machine.Err Effect4.Machine.Defect Effect4.FiberId
                          Effect4.Machine.Ann Effect4.Machine.Ctx Effect4.Program.Sched.RProgram
                          Effect4.Program.Sched.RSaved f)
                      (@Effect4.Machine.RunMachine.fibers.{0, 0} Effect4.Program.EffName Effect4.Program.EffThunk
                        Effect4.Machine.Val Effect4.Machine.Err Effect4.Machine.Defect Effect4.FiberId
                        Effect4.Machine.Ann Effect4.Machine.Ctx Effect4.Machine.Stores Effect4.Program.Sched.RProgram
                        Effect4.Program.Sched.RSaved Unit
                        (@Prod.fst.{0, 0}
                          (Effect4.Machine.RunMachine.{0, 0} Effect4.Program.EffName Effect4.Program.EffThunk
                            Effect4.Machine.Val Effect4.Machine.Err Effect4.Machine.Defect Effect4.FiberId
                            Effect4.Machine.Ann Effect4.Machine.Ctx Effect4.Machine.Stores
                            Effect4.Program.Sched.RProgram Effect4.Program.Sched.RSaved Unit)
                          (Prod.{0, 0}
                            (Effect4.Machine.RunFiber.{0, 0} Effect4.Program.EffName Effect4.Program.EffThunk
                              Effect4.Machine.Val Effect4.Machine.Err Effect4.Machine.Defect Effect4.FiberId
                              Effect4.Machine.Ann Effect4.Machine.Ctx Effect4.Program.Sched.RProgram
                              Effect4.Program.Sched.RSaved)
                            Effect4.FiberId)
                          spawned))))
                  (And
                    (@Eq.{1} (Option.{0} Effect4.Program.EffTy)
                      (newer.Γ
                        (@Prod.snd.{0, 0}
                          (Effect4.Machine.RunFiber.{0, 0} Effect4.Program.EffName Effect4.Program.EffThunk
                            Effect4.Machine.Val Effect4.Machine.Err Effect4.Machine.Defect Effect4.FiberId
                            Effect4.Machine.Ann Effect4.Machine.Ctx Effect4.Program.Sched.RProgram
                            Effect4.Program.Sched.RSaved)
                          Effect4.FiberId
                          (@Prod.snd.{0, 0}
                            (Effect4.Machine.RunMachine.{0, 0} Effect4.Program.EffName Effect4.Program.EffThunk
                              Effect4.Machine.Val Effect4.Machine.Err Effect4.Machine.Defect Effect4.FiberId
                              Effect4.Machine.Ann Effect4.Machine.Ctx Effect4.Machine.Stores
                              Effect4.Program.Sched.RProgram Effect4.Program.Sched.RSaved Unit)
                            (Prod.{0, 0}
                              (Effect4.Machine.RunFiber.{0, 0} Effect4.Program.EffName Effect4.Program.EffThunk
                                Effect4.Machine.Val Effect4.Machine.Err Effect4.Machine.Defect Effect4.FiberId
                                Effect4.Machine.Ann Effect4.Machine.Ctx Effect4.Program.Sched.RProgram
                                Effect4.Program.Sched.RSaved)
                              Effect4.FiberId)
                            spawned)))
                      (@Option.some.{0} Effect4.Program.EffTy ty))
                    (@Exists.{1}
                      (Effect4.Machine.RunFiber.{0, 0} Effect4.Program.EffName Effect4.Program.EffThunk
                        Effect4.Machine.Val Effect4.Machine.Err Effect4.Machine.Defect Effect4.FiberId
                        Effect4.Machine.Ann Effect4.Machine.Ctx Effect4.Program.Sched.RProgram
                        Effect4.Program.Sched.RSaved)
                      fun child =>
                      And
                        (@Membership.mem.{0, 0}
                          (Effect4.Machine.RunFiber.{0, 0} Effect4.Program.EffName Effect4.Program.EffThunk
                            Effect4.Machine.Val Effect4.Machine.Err Effect4.Machine.Defect Effect4.FiberId
                            Effect4.Machine.Ann Effect4.Machine.Ctx Effect4.Program.Sched.RProgram
                            Effect4.Program.Sched.RSaved)
                          (List.{0}
                            (Effect4.Machine.RunFiber.{0, 0} Effect4.Program.EffName Effect4.Program.EffThunk
                              Effect4.Machine.Val Effect4.Machine.Err Effect4.Machine.Defect Effect4.FiberId
                              Effect4.Machine.Ann Effect4.Machine.Ctx Effect4.Program.Sched.RProgram
                              Effect4.Program.Sched.RSaved))
                          (@List.instMembership.{0}
                            (Effect4.Machine.RunFiber.{0, 0} Effect4.Program.EffName Effect4.Program.EffThunk
                              Effect4.Machine.Val Effect4.Machine.Err Effect4.Machine.Defect Effect4.FiberId
                              Effect4.Machine.Ann Effect4.Machine.Ctx Effect4.Program.Sched.RProgram
                              Effect4.Program.Sched.RSaved))
                          (@Effect4.Machine.RunMachine.fibers.{0, 0} Effect4.Program.EffName Effect4.Program.EffThunk
                            Effect4.Machine.Val Effect4.Machine.Err Effect4.Machine.Defect Effect4.FiberId
                            Effect4.Machine.Ann Effect4.Machine.Ctx Effect4.Machine.Stores
                            Effect4.Program.Sched.RProgram Effect4.Program.Sched.RSaved Unit
                            (@Prod.fst.{0, 0}
                              (Effect4.Machine.RunMachine.{0, 0} Effect4.Program.EffName Effect4.Program.EffThunk
                                Effect4.Machine.Val Effect4.Machine.Err Effect4.Machine.Defect Effect4.FiberId
                                Effect4.Machine.Ann Effect4.Machine.Ctx Effect4.Machine.Stores
                                Effect4.Program.Sched.RProgram Effect4.Program.Sched.RSaved Unit)
                              (Prod.{0, 0}
                                (Effect4.Machine.RunFiber.{0, 0} Effect4.Program.EffName Effect4.Program.EffThunk
                                  Effect4.Machine.Val Effect4.Machine.Err Effect4.Machine.Defect Effect4.FiberId
                                  Effect4.Machine.Ann Effect4.Machine.Ctx Effect4.Program.Sched.RProgram
                                  Effect4.Program.Sched.RSaved)
                                Effect4.FiberId)
                              spawned))
                          child)
                        (And
                          (@Eq.{1} Effect4.FiberId
                            (@Effect4.Machine.RunFiber.id.{0, 0} Effect4.Program.EffName Effect4.Program.EffThunk
                              Effect4.Machine.Val Effect4.Machine.Err Effect4.Machine.Defect Effect4.FiberId
                              Effect4.Machine.Ann Effect4.Machine.Ctx Effect4.Program.Sched.RProgram
                              Effect4.Program.Sched.RSaved child)
                            (@Prod.snd.{0, 0}
                              (Effect4.Machine.RunFiber.{0, 0} Effect4.Program.EffName Effect4.Program.EffThunk
                                Effect4.Machine.Val Effect4.Machine.Err Effect4.Machine.Defect Effect4.FiberId
                                Effect4.Machine.Ann Effect4.Machine.Ctx Effect4.Program.Sched.RProgram
                                Effect4.Program.Sched.RSaved)
                              Effect4.FiberId
                              (@Prod.snd.{0, 0}
                                (Effect4.Machine.RunMachine.{0, 0} Effect4.Program.EffName Effect4.Program.EffThunk
                                  Effect4.Machine.Val Effect4.Machine.Err Effect4.Machine.Defect Effect4.FiberId
                                  Effect4.Machine.Ann Effect4.Machine.Ctx Effect4.Machine.Stores
                                  Effect4.Program.Sched.RProgram Effect4.Program.Sched.RSaved Unit)
                                (Prod.{0, 0}
                                  (Effect4.Machine.RunFiber.{0, 0} Effect4.Program.EffName Effect4.Program.EffThunk
                                    Effect4.Machine.Val Effect4.Machine.Err Effect4.Machine.Defect Effect4.FiberId
                                    Effect4.Machine.Ann Effect4.Machine.Ctx Effect4.Program.Sched.RProgram
                                    Effect4.Program.Sched.RSaved)
                                  Effect4.FiberId)
                                spawned)))
                          (And
                            (@Eq.{1} Effect4.Machine.Origin
                              (@Effect4.Machine.RunFiber.origin.{0, 0} Effect4.Program.EffName Effect4.Program.EffThunk
                                Effect4.Machine.Val Effect4.Machine.Err Effect4.Machine.Defect Effect4.FiberId
                                Effect4.Machine.Ann Effect4.Machine.Ctx Effect4.Program.Sched.RProgram
                                Effect4.Program.Sched.RSaved child)
                              (Effect4.Machine.Origin.forked
                                (@Effect4.Machine.RunFiber.id.{0, 0} Effect4.Program.EffName Effect4.Program.EffThunk
                                  Effect4.Machine.Val Effect4.Machine.Err Effect4.Machine.Defect Effect4.FiberId
                                  Effect4.Machine.Ann Effect4.Machine.Ctx Effect4.Program.Sched.RProgram
                                  Effect4.Program.Sched.RSaved parent)
                                options.daemon site.path))
                            (And
                              (@Eq.{1} Effect4.Program.Sched.RProgram
                                (@Effect4.Machine.RunFiber.frame.{0, 0} Effect4.Program.EffName Effect4.Program.EffThunk
                                    Effect4.Machine.Val Effect4.Machine.Err Effect4.Machine.Defect Effect4.FiberId
                                    Effect4.Machine.Ann Effect4.Machine.Ctx Effect4.Program.Sched.RProgram
                                    Effect4.Program.Sched.RSaved child).current
                                (Effect4.Program.Sched.denoteAt root
                                  (site.child (@OfNat.ofNat.{0} Nat (nat_lit 0) (instOfNatNat (nat_lit 0))))))
                              (And
                                (@Eq.{1} (Option.{0} (Effect4.Program.Node Effect4.Program.NativeOp))
                                  (@Effect4.Program.Node.at_ Effect4.Program.NativeOp
                                    (@Effect4.Program.Node.eff Effect4.Program.NativeOp root)
                                    (site.child (@OfNat.ofNat.{0} Nat (nat_lit 0) (instOfNatNat (nat_lit 0)))).path)
                                  (@Option.some.{0} (Effect4.Program.Node Effect4.Program.NativeOp)
                                    (@Effect4.Program.Node.eff Effect4.Program.NativeOp body)))
                                (@Eq.{1} (Except.{0, 0} Effect4.Program.TypeRefusal Effect4.Program.EffTy)
                                  (@Effect4.Program.Checker.check Effect4.Program.NativeOp
                                    (Effect4.Program.nativeSignature (@List.nil.{0} Effect4.Program.Row)) env
                                    (site.child (@OfNat.ofNat.{0} Nat (nat_lit 0) (instOfNatNat (nat_lit 0)))).path
                                    body)
                                  (@Except.ok.{0, 0} Effect4.Program.TypeRefusal Effect4.Program.EffTy ty))))))))))
STATEMENT Effect4.Program.Typed.WorldControlWanted.heap_bad Not
  (Effect4.Program.Typed.HeapTable Effect4.Program.Typed.worldBad)
STATEMENT Effect4.Program.Typed.WorldControlWanted.heap_good Effect4.Program.Typed.HeapTable
  Effect4.Program.Typed.worldGood
STATEMENT Effect4.Program.Typed.WorldControlWanted.invalid_refl Effect4.Program.Typed.worldBad.le
  Effect4.Program.Typed.worldBad
STATEMENT Effect4.Program.Typed.WorldControlWanted.stores_ordered Effect4.Program.Typed.worldGood.state.le
  Effect4.Program.Typed.worldBad.state
STATEMENT Effect4.Program.Typed.WorldControlWanted.world_order_refuses Not
  (Effect4.Program.Typed.worldGood.le Effect4.Program.Typed.worldBad)
STATEMENT Effect4.Program.Typed.WorldWanted.deferredMake_extension ∀ (w : Effect4.Program.Typed.World)
  (types : Prod.{0, 0} Effect4.Program.Ty Effect4.Program.Ty) (state : Effect4.Machine.Stores)
  (key : Effect4.Machine.DeferredKey),
  @Eq.{1} (Option.{0} (Prod.{0, 0} Effect4.Machine.Stores Effect4.Machine.Val))
      (Effect4.Machine.syncOpStep Effect4.Machine.SyncOp.deferredMake w.state)
      (@Option.some.{0} (Prod.{0, 0} Effect4.Machine.Stores Effect4.Machine.Val)
        (@Prod.mk.{0, 0} Effect4.Machine.Stores Effect4.Machine.Val state (Effect4.Machine.Val.promise key))) →
    @Eq.{1} (Option.{0} (Prod.{0, 0} Effect4.Program.Ty Effect4.Program.Ty)) (w.«Π» key)
        (@Option.none.{0} (Prod.{0, 0} Effect4.Program.Ty Effect4.Program.Ty)) →
      And (w.le (w.addPromise state key types))
        (And (Effect4.Program.Typed.PromiseTypedAt (w.addPromise state key types) key types)
          (And (Effect4.Program.Typed.HeapTable w → Effect4.Program.Typed.HeapTable (w.addPromise state key types))
            (And
              (Effect4.Program.Typed.PromiseTable w → Effect4.Program.Typed.PromiseTable (w.addPromise state key types))
              (And
                (Effect4.Program.Typed.HeapCoverage w →
                  Effect4.Program.Typed.HeapCoverage (w.addPromise state key types))
                (Effect4.Program.Typed.PromiseCoverage w →
                  Effect4.Program.Typed.PromiseCoverage (w.addPromise state key types))))))
STATEMENT Effect4.Program.Typed.WorldWanted.fork_extension ∀ (w : Effect4.Program.Typed.World) (id : Effect4.FiberId)
  (ty : Effect4.Program.EffTy),
  @Eq.{1} (Option.{0} Effect4.Program.EffTy) (w.Γ id) (@Option.none.{0} Effect4.Program.EffTy) →
    And (w.le (w.addFiber id ty))
      (And
        (@Eq.{1} (Option.{0} Effect4.Program.EffTy) ((w.addFiber id ty).Γ id)
          (@Option.some.{0} Effect4.Program.EffTy ty))
        (And (Effect4.Program.Typed.HeapTable w → Effect4.Program.Typed.HeapTable (w.addFiber id ty))
          (And (Effect4.Program.Typed.PromiseTable w → Effect4.Program.Typed.PromiseTable (w.addFiber id ty))
            (And (Effect4.Program.Typed.HeapCoverage w → Effect4.Program.Typed.HeapCoverage (w.addFiber id ty))
              (Effect4.Program.Typed.PromiseCoverage w → Effect4.Program.Typed.PromiseCoverage (w.addFiber id ty))))))
STATEMENT Effect4.Program.Typed.WorldWanted.heapNat_iff ∀ (w : Effect4.Program.Typed.World),
  (∀ (cell : Effect4.Machine.RefKey) (value : Effect4.Machine.Val),
      @Eq.{1} (Option.{0} Effect4.Machine.Val) (Effect4.Machine.refPeek w.state.refs cell)
          (@Option.some.{0} Effect4.Machine.Val value) →
        @Eq.{1} (Option.{0} Effect4.Program.Ty) (w.Ρ cell)
          (@Option.some.{0} Effect4.Program.Ty Effect4.Program.Ty.nat)) →
    Iff (Effect4.Program.Typed.HeapTable w) (Effect4.Program.Stores.HeapNat w.state)
STATEMENT Effect4.Program.Typed.WorldWanted.heapNotMonotone Not
  (∀ (state newer : Effect4.Machine.Stores),
    state.le newer → Effect4.Program.Stores.HeapNat state → Effect4.Program.Stores.HeapNat newer)
STATEMENT Effect4.Program.Typed.WorldWanted.heap_coverage_iff ∀ (w : Effect4.Program.Typed.World),
  Iff (And (Effect4.Program.Typed.HeapTable w) (Effect4.Program.Typed.HeapCoverage w))
    (∀ (key : Effect4.Machine.RefKey) (value : Effect4.Machine.Val),
      @Eq.{1} (Option.{0} Effect4.Machine.Val) (Effect4.Machine.refPeek w.state.refs key)
          (@Option.some.{0} Effect4.Machine.Val value) →
        @Exists.{1} Effect4.Program.Ty fun ty => Effect4.Program.Typed.HeapTypedAt w key ty)
STATEMENT Effect4.Program.Typed.WorldWanted.heap_typed_at_mono ∀ (w newer : Effect4.Program.Typed.World)
  (key : Effect4.Machine.RefKey) (ty : Effect4.Program.Ty),
  w.le newer → Effect4.Program.Typed.HeapTypedAt w key ty → Effect4.Program.Typed.HeapTypedAt newer key ty
STATEMENT Effect4.Program.Typed.WorldWanted.insert_extends ∀ {K A : Type} [inst : DecidableEq.{1} K]
  (table : K → Option.{0} A) (key : K) (value : A),
  @Eq.{1} (Option.{0} A) (table key) (@Option.none.{0} A) →
    @Effect4.Program.Typed.TableExtends K A table (@Effect4.Program.Typed.tableInsert K A inst table key value)
STATEMENT Effect4.Program.Typed.WorldWanted.insert_here ∀ {K A : Type} [inst : DecidableEq.{1} K]
  (table : K → Option.{0} A) (key : K) (value : A),
  @Eq.{1} (Option.{0} A) (@Effect4.Program.Typed.tableInsert K A inst table key value key) (@Option.some.{0} A value)
STATEMENT Effect4.Program.Typed.WorldWanted.insert_other ∀ {K A : Type} [inst : DecidableEq.{1} K]
  (table : K → Option.{0} A) (key other : K) (value : A),
  @Ne.{1} K other key →
    @Eq.{1} (Option.{0} A) (@Effect4.Program.Typed.tableInsert K A inst table key value other) (table other)
STATEMENT Effect4.Program.Typed.WorldWanted.memoBuild_extension ∀ (w : Effect4.Program.Typed.World)
  (types : Prod.{0, 0} Effect4.Program.Ty Effect4.Program.Ty) (state : Effect4.Machine.Stores)
  (layer : Effect4.Machine.LayerId) (memoMap : Effect4.Machine.MemoMapId) (answer : Effect4.Machine.Val),
  @Eq.{1} (Option.{0} (Prod.{0, 0} Effect4.Machine.Stores Effect4.Machine.Val))
      (Effect4.Machine.syncOpStep (Effect4.Machine.SyncOp.memoBuild layer memoMap) w.state)
      (@Option.some.{0} (Prod.{0, 0} Effect4.Machine.Stores Effect4.Machine.Val)
        (@Prod.mk.{0, 0} Effect4.Machine.Stores Effect4.Machine.Val state answer)) →
    @Eq.{1} (Option.{0} (Prod.{0, 0} Effect4.Program.Ty Effect4.Program.Ty))
        (w.«Π»
          (@Prod.fst.{0, 0} Effect4.Machine.DeferredKey
            (Effect4.Machine.DeferredStore
              (Effect4.Machine.Completion.{0, 0} Effect4.Machine.Val Effect4.Machine.Err Effect4.Machine.Defect
                Effect4.FiberId Effect4.Machine.Ann))
            (@Effect4.Machine.DeferredStore.make
              (Effect4.Machine.Completion.{0, 0} Effect4.Machine.Val Effect4.Machine.Err Effect4.Machine.Defect
                Effect4.FiberId Effect4.Machine.Ann)
              w.state.deferreds)))
        (@Option.none.{0} (Prod.{0, 0} Effect4.Program.Ty Effect4.Program.Ty)) →
      have key :=
        @Prod.fst.{0, 0} Effect4.Machine.DeferredKey
          (Effect4.Machine.DeferredStore
            (Effect4.Machine.Completion.{0, 0} Effect4.Machine.Val Effect4.Machine.Err Effect4.Machine.Defect
              Effect4.FiberId Effect4.Machine.Ann))
          (@Effect4.Machine.DeferredStore.make
            (Effect4.Machine.Completion.{0, 0} Effect4.Machine.Val Effect4.Machine.Err Effect4.Machine.Defect
              Effect4.FiberId Effect4.Machine.Ann)
            w.state.deferreds);
      And (w.le (w.addPromise state key types))
        (And (Effect4.Program.Typed.PromiseTypedAt (w.addPromise state key types) key types)
          (And (Effect4.Program.Typed.HeapTable w → Effect4.Program.Typed.HeapTable (w.addPromise state key types))
            (And
              (Effect4.Program.Typed.PromiseTable w → Effect4.Program.Typed.PromiseTable (w.addPromise state key types))
              (And
                (Effect4.Program.Typed.HeapCoverage w →
                  Effect4.Program.Typed.HeapCoverage (w.addPromise state key types))
                (Effect4.Program.Typed.PromiseCoverage w →
                  Effect4.Program.Typed.PromiseCoverage (w.addPromise state key types))))))
STATEMENT Effect4.Program.Typed.WorldWanted.order_refl ∀ (w : Effect4.Program.Typed.World), w.le w
STATEMENT Effect4.Program.Typed.WorldWanted.order_trans ∀ (a b c : Effect4.Program.Typed.World),
  a.le b → b.le c → a.le c
STATEMENT Effect4.Program.Typed.WorldWanted.promise_coverage_iff ∀ (w : Effect4.Program.Typed.World),
  Iff (And (Effect4.Program.Typed.PromiseTable w) (Effect4.Program.Typed.PromiseCoverage w))
    (∀ (key : Effect4.Machine.DeferredKey)
      (cell :
        Effect4.Machine.DeferredCell
          (Effect4.Machine.Completion.{0, 0} Effect4.Machine.Val Effect4.Machine.Err Effect4.Machine.Defect
            Effect4.FiberId Effect4.Machine.Ann)),
      @Eq.{1}
          (Option.{0}
            (Effect4.Machine.DeferredCell
              (Effect4.Machine.Completion.{0, 0} Effect4.Machine.Val Effect4.Machine.Err Effect4.Machine.Defect
                Effect4.FiberId Effect4.Machine.Ann)))
          (@Effect4.Machine.DeferredStore.cellAt
            (Effect4.Machine.Completion.{0, 0} Effect4.Machine.Val Effect4.Machine.Err Effect4.Machine.Defect
              Effect4.FiberId Effect4.Machine.Ann)
            w.state.deferreds key)
          (@Option.some.{0}
            (Effect4.Machine.DeferredCell
              (Effect4.Machine.Completion.{0, 0} Effect4.Machine.Val Effect4.Machine.Err Effect4.Machine.Defect
                Effect4.FiberId Effect4.Machine.Ann))
            cell) →
        @Exists.{1} (Prod.{0, 0} Effect4.Program.Ty Effect4.Program.Ty) fun types =>
          Effect4.Program.Typed.PromiseTypedAt w key types)
STATEMENT Effect4.Program.Typed.WorldWanted.promise_typed_at_mono ∀ (w newer : Effect4.Program.Typed.World)
  (key : Effect4.Machine.DeferredKey) (types : Prod.{0, 0} Effect4.Program.Ty Effect4.Program.Ty),
  w.le newer → Effect4.Program.Typed.PromiseTypedAt w key types → Effect4.Program.Typed.PromiseTypedAt newer key types
STATEMENT Effect4.Program.Typed.WorldWanted.protocol_order @Exists.{1}
  (Effect4.Laws.Effects.WorldOrder.{0} Effect4.Program.Typed.World) fun order =>
  @Eq.{1} (Effect4.Program.Typed.World → Effect4.Program.Typed.World → Prop)
    (@Effect4.Laws.Effects.WorldOrder.le.{0} Effect4.Program.Typed.World order) Effect4.Program.Typed.World.le
STATEMENT Effect4.Program.Typed.WorldWanted.refMake_extension ∀ (w : Effect4.Program.Typed.World)
  (value : Effect4.Machine.Val) (ty : Effect4.Program.Ty) (state : Effect4.Machine.Stores)
  (key : Effect4.Machine.RefKey),
  @Eq.{1} (Option.{0} (Prod.{0, 0} Effect4.Machine.Stores Effect4.Machine.Val))
      (Effect4.Machine.syncOpStep (Effect4.Machine.SyncOp.refMake value) w.state)
      (@Option.some.{0} (Prod.{0, 0} Effect4.Machine.Stores Effect4.Machine.Val)
        (@Prod.mk.{0, 0} Effect4.Machine.Stores Effect4.Machine.Val state (Effect4.Machine.Val.cell key))) →
    @Eq.{1} (Option.{0} Effect4.Program.Ty) (w.Ρ key) (@Option.none.{0} Effect4.Program.Ty) →
      Effect4.Program.Typed.ValueOk w ty value →
        And (w.le (w.addRef state key ty))
          (And (Effect4.Program.Typed.HeapTypedAt (w.addRef state key ty) key ty)
            (And (Effect4.Program.Typed.HeapTable w → Effect4.Program.Typed.HeapTable (w.addRef state key ty))
              (And (Effect4.Program.Typed.PromiseTable w → Effect4.Program.Typed.PromiseTable (w.addRef state key ty))
                (And (Effect4.Program.Typed.HeapCoverage w → Effect4.Program.Typed.HeapCoverage (w.addRef state key ty))
                  (Effect4.Program.Typed.PromiseCoverage w →
                    Effect4.Program.Typed.PromiseCoverage (w.addRef state key ty))))))
STATEMENT Effect4.Program.Typed.WorldWanted.ref_completion_inv ∀ (w : Effect4.Program.Typed.World)
  (cell : Effect4.Machine.RefKey) (types : Prod.{0, 0} Effect4.Program.Ty Effect4.Program.Ty),
  Iff
    (Effect4.Program.Typed.CompletionOk w types
      (@Effect4.Machine.Completion.ofRefGet.{0, 0} Effect4.Machine.Val Effect4.Machine.Err Effect4.Machine.Defect
        Effect4.FiberId Effect4.Machine.Ann cell))
    (@Exists.{1} Effect4.Program.Ty fun ty =>
      And (@Eq.{1} (Option.{0} Effect4.Program.Ty) (w.Ρ cell) (@Option.some.{0} Effect4.Program.Ty ty))
        (@Eq.{1} Bool (ty.sub (@Prod.fst.{0, 0} Effect4.Program.Ty Effect4.Program.Ty types)) Bool.true))
STATEMENT Effect4.Program.Typed.WorldWanted.table_refl ∀ {K A : Type} (table : K → Option.{0} A),
  @Effect4.Program.Typed.TableExtends K A table table
STATEMENT Effect4.Program.Typed.WorldWanted.table_trans ∀ {K A : Type} (a b c : K → Option.{0} A),
  @Effect4.Program.Typed.TableExtends K A a b →
    @Effect4.Program.Typed.TableExtends K A b c → @Effect4.Program.Typed.TableExtends K A a c
STATEMENT Effect4.Run.M1Trace.observe_replace_trace ∀ (s : Effect4.Run)
  (trace :
    List.{0}
      (Effect4.Machine.RunEvent.{0, 0} Effect4.Program.EffName Effect4.Program.EffThunk Effect4.Machine.Val
        Effect4.Machine.Err Effect4.Machine.Defect Effect4.FiberId Effect4.Machine.Ann Effect4.Machine.Ctx
        (Effect4.Prim.{0, 0} Effect4.Program.EffName Effect4.Program.EffThunk Effect4.Machine.Val Effect4.Machine.Err
          Effect4.Machine.Defect Effect4.FiberId Effect4.Machine.Ann)
        (Effect4.FrameEvent.{0, 0} Effect4.Program.EffName Effect4.Program.EffThunk Effect4.Machine.Val
          Effect4.Machine.Err Effect4.Machine.Defect Effect4.FiberId Effect4.Machine.Ann))),
  @Eq.{1} Effect4.Run.Observation
    { built := s.built, budget := s.budget,
        session :=
          have __src := s.session;
          @Effect4.Api.HostSession.Session.mk s.built.program s.built.table
            (@Effect4.Api.HostSession.Session.admitted s.built.program s.built.table __src)
            (@Effect4.Api.HostSession.Session.header s.built.program s.built.table __src)
            (have __src := @Effect4.Api.HostSession.Session.machine s.built.program s.built.table s.session;
            @Effect4.Machine.RunMachine.mk.{0, 0} Effect4.Program.EffName Effect4.Program.EffThunk Effect4.Machine.Val
              Effect4.Machine.Err Effect4.Machine.Defect Effect4.FiberId Effect4.Machine.Ann Effect4.Machine.Ctx
              Effect4.Machine.Stores
              (Effect4.Prim.{0, 0} Effect4.Program.EffName Effect4.Program.EffThunk Effect4.Machine.Val
                Effect4.Machine.Err Effect4.Machine.Defect Effect4.FiberId Effect4.Machine.Ann)
              (Effect4.FrameFiber.{0, 0} Effect4.Program.EffName Effect4.Program.EffThunk Effect4.Machine.Val
                Effect4.Machine.Err Effect4.Machine.Defect Effect4.FiberId Effect4.Machine.Ann)
              (Effect4.FrameEvent.{0, 0} Effect4.Program.EffName Effect4.Program.EffThunk Effect4.Machine.Val
                Effect4.Machine.Err Effect4.Machine.Defect Effect4.FiberId Effect4.Machine.Ann)
              (@Effect4.Machine.RunMachine.fibers.{0, 0} Effect4.Program.EffName Effect4.Program.EffThunk
                Effect4.Machine.Val Effect4.Machine.Err Effect4.Machine.Defect Effect4.FiberId Effect4.Machine.Ann
                Effect4.Machine.Ctx Effect4.Machine.Stores
                (Effect4.Prim.{0, 0} Effect4.Program.EffName Effect4.Program.EffThunk Effect4.Machine.Val
                  Effect4.Machine.Err Effect4.Machine.Defect Effect4.FiberId Effect4.Machine.Ann)
                (Effect4.FrameFiber.{0, 0} Effect4.Program.EffName Effect4.Program.EffThunk Effect4.Machine.Val
                  Effect4.Machine.Err Effect4.Machine.Defect Effect4.FiberId Effect4.Machine.Ann)
                (Effect4.FrameEvent.{0, 0} Effect4.Program.EffName Effect4.Program.EffThunk Effect4.Machine.Val
                  Effect4.Machine.Err Effect4.Machine.Defect Effect4.FiberId Effect4.Machine.Ann)
                __src)
              (@Effect4.Machine.RunMachine.races.{0, 0} Effect4.Program.EffName Effect4.Program.EffThunk
                Effect4.Machine.Val Effect4.Machine.Err Effect4.Machine.Defect Effect4.FiberId Effect4.Machine.Ann
                Effect4.Machine.Ctx Effect4.Machine.Stores
                (Effect4.Prim.{0, 0} Effect4.Program.EffName Effect4.Program.EffThunk Effect4.Machine.Val
                  Effect4.Machine.Err Effect4.Machine.Defect Effect4.FiberId Effect4.Machine.Ann)
                (Effect4.FrameFiber.{0, 0} Effect4.Program.EffName Effect4.Program.EffThunk Effect4.Machine.Val
                  Effect4.Machine.Err Effect4.Machine.Defect Effect4.FiberId Effect4.Machine.Ann)
                (Effect4.FrameEvent.{0, 0} Effect4.Program.EffName Effect4.Program.EffThunk Effect4.Machine.Val
                  Effect4.Machine.Err Effect4.Machine.Defect Effect4.FiberId Effect4.Machine.Ann)
                __src)
              (@Effect4.Machine.RunMachine.nextId.{0, 0} Effect4.Program.EffName Effect4.Program.EffThunk
                Effect4.Machine.Val Effect4.Machine.Err Effect4.Machine.Defect Effect4.FiberId Effect4.Machine.Ann
                Effect4.Machine.Ctx Effect4.Machine.Stores
                (Effect4.Prim.{0, 0} Effect4.Program.EffName Effect4.Program.EffThunk Effect4.Machine.Val
                  Effect4.Machine.Err Effect4.Machine.Defect Effect4.FiberId Effect4.Machine.Ann)
                (Effect4.FrameFiber.{0, 0} Effect4.Program.EffName Effect4.Program.EffThunk Effect4.Machine.Val
                  Effect4.Machine.Err Effect4.Machine.Defect Effect4.FiberId Effect4.Machine.Ann)
                (Effect4.FrameEvent.{0, 0} Effect4.Program.EffName Effect4.Program.EffThunk Effect4.Machine.Val
                  Effect4.Machine.Err Effect4.Machine.Defect Effect4.FiberId Effect4.Machine.Ann)
                __src)
              (@Effect4.Machine.RunMachine.nextToken.{0, 0} Effect4.Program.EffName Effect4.Program.EffThunk
                Effect4.Machine.Val Effect4.Machine.Err Effect4.Machine.Defect Effect4.FiberId Effect4.Machine.Ann
                Effect4.Machine.Ctx Effect4.Machine.Stores
                (Effect4.Prim.{0, 0} Effect4.Program.EffName Effect4.Program.EffThunk Effect4.Machine.Val
                  Effect4.Machine.Err Effect4.Machine.Defect Effect4.FiberId Effect4.Machine.Ann)
                (Effect4.FrameFiber.{0, 0} Effect4.Program.EffName Effect4.Program.EffThunk Effect4.Machine.Val
                  Effect4.Machine.Err Effect4.Machine.Defect Effect4.FiberId Effect4.Machine.Ann)
                (Effect4.FrameEvent.{0, 0} Effect4.Program.EffName Effect4.Program.EffThunk Effect4.Machine.Val
                  Effect4.Machine.Err Effect4.Machine.Defect Effect4.FiberId Effect4.Machine.Ann)
                __src)
              (@Effect4.Machine.RunMachine.nextRace.{0, 0} Effect4.Program.EffName Effect4.Program.EffThunk
                Effect4.Machine.Val Effect4.Machine.Err Effect4.Machine.Defect Effect4.FiberId Effect4.Machine.Ann
                Effect4.Machine.Ctx Effect4.Machine.Stores
                (Effect4.Prim.{0, 0} Effect4.Program.EffName Effect4.Program.EffThunk Effect4.Machine.Val
                  Effect4.Machine.Err Effect4.Machine.Defect Effect4.FiberId Effect4.Machine.Ann)
                (Effect4.FrameFiber.{0, 0} Effect4.Program.EffName Effect4.Program.EffThunk Effect4.Machine.Val
                  Effect4.Machine.Err Effect4.Machine.Defect Effect4.FiberId Effect4.Machine.Ann)
                (Effect4.FrameEvent.{0, 0} Effect4.Program.EffName Effect4.Program.EffThunk Effect4.Machine.Val
                  Effect4.Machine.Err Effect4.Machine.Defect Effect4.FiberId Effect4.Machine.Ann)
                __src)
              (@Effect4.Machine.RunMachine.middlewareInstalled.{0, 0} Effect4.Program.EffName Effect4.Program.EffThunk
                Effect4.Machine.Val Effect4.Machine.Err Effect4.Machine.Defect Effect4.FiberId Effect4.Machine.Ann
                Effect4.Machine.Ctx Effect4.Machine.Stores
                (Effect4.Prim.{0, 0} Effect4.Program.EffName Effect4.Program.EffThunk Effect4.Machine.Val
                  Effect4.Machine.Err Effect4.Machine.Defect Effect4.FiberId Effect4.Machine.Ann)
                (Effect4.FrameFiber.{0, 0} Effect4.Program.EffName Effect4.Program.EffThunk Effect4.Machine.Val
                  Effect4.Machine.Err Effect4.Machine.Defect Effect4.FiberId Effect4.Machine.Ann)
                (Effect4.FrameEvent.{0, 0} Effect4.Program.EffName Effect4.Program.EffThunk Effect4.Machine.Val
                  Effect4.Machine.Err Effect4.Machine.Defect Effect4.FiberId Effect4.Machine.Ann)
                __src)
              (@Effect4.Machine.RunMachine.armed.{0, 0} Effect4.Program.EffName Effect4.Program.EffThunk
                Effect4.Machine.Val Effect4.Machine.Err Effect4.Machine.Defect Effect4.FiberId Effect4.Machine.Ann
                Effect4.Machine.Ctx Effect4.Machine.Stores
                (Effect4.Prim.{0, 0} Effect4.Program.EffName Effect4.Program.EffThunk Effect4.Machine.Val
                  Effect4.Machine.Err Effect4.Machine.Defect Effect4.FiberId Effect4.Machine.Ann)
                (Effect4.FrameFiber.{0, 0} Effect4.Program.EffName Effect4.Program.EffThunk Effect4.Machine.Val
                  Effect4.Machine.Err Effect4.Machine.Defect Effect4.FiberId Effect4.Machine.Ann)
                (Effect4.FrameEvent.{0, 0} Effect4.Program.EffName Effect4.Program.EffThunk Effect4.Machine.Val
                  Effect4.Machine.Err Effect4.Machine.Defect Effect4.FiberId Effect4.Machine.Ann)
                __src)
              (@Effect4.Machine.RunMachine.state.{0, 0} Effect4.Program.EffName Effect4.Program.EffThunk
                Effect4.Machine.Val Effect4.Machine.Err Effect4.Machine.Defect Effect4.FiberId Effect4.Machine.Ann
                Effect4.Machine.Ctx Effect4.Machine.Stores
                (Effect4.Prim.{0, 0} Effect4.Program.EffName Effect4.Program.EffThunk Effect4.Machine.Val
                  Effect4.Machine.Err Effect4.Machine.Defect Effect4.FiberId Effect4.Machine.Ann)
                (Effect4.FrameFiber.{0, 0} Effect4.Program.EffName Effect4.Program.EffThunk Effect4.Machine.Val
                  Effect4.Machine.Err Effect4.Machine.Defect Effect4.FiberId Effect4.Machine.Ann)
                (Effect4.FrameEvent.{0, 0} Effect4.Program.EffName Effect4.Program.EffThunk Effect4.Machine.Val
                  Effect4.Machine.Err Effect4.Machine.Defect Effect4.FiberId Effect4.Machine.Ann)
                __src)
              trace
              (@Effect4.Machine.RunMachine.stuck.{0, 0} Effect4.Program.EffName Effect4.Program.EffThunk
                Effect4.Machine.Val Effect4.Machine.Err Effect4.Machine.Defect Effect4.FiberId Effect4.Machine.Ann
                Effect4.Machine.Ctx Effect4.Machine.Stores
                (Effect4.Prim.{0, 0} Effect4.Program.EffName Effect4.Program.EffThunk Effect4.Machine.Val
                  Effect4.Machine.Err Effect4.Machine.Defect Effect4.FiberId Effect4.Machine.Ann)
                (Effect4.FrameFiber.{0, 0} Effect4.Program.EffName Effect4.Program.EffThunk Effect4.Machine.Val
                  Effect4.Machine.Err Effect4.Machine.Defect Effect4.FiberId Effect4.Machine.Ann)
                (Effect4.FrameEvent.{0, 0} Effect4.Program.EffName Effect4.Program.EffThunk Effect4.Machine.Val
                  Effect4.Machine.Err Effect4.Machine.Defect Effect4.FiberId Effect4.Machine.Ann)
                __src))
            (@Effect4.Api.HostSession.Session.nextCall s.built.program s.built.table __src)
            (@Effect4.Api.HostSession.Session.applied s.built.program s.built.table __src)
            (@Effect4.Api.HostSession.Session.active s.built.program s.built.table __src)
            (@Effect4.Api.HostSession.Session.pending s.built.program s.built.table __src)
            (@Effect4.Api.HostSession.Session.consumed s.built.program s.built.table __src)
            (@Effect4.Api.HostSession.Session.retired s.built.program s.built.table __src),
        journal := s.journal, phases := s.phases }.observe
    s.observe
STATEMENT Effect4.Store.ClockCanonical.M1.fits ∀ (value : Effect4.ClockMillis),
  @Eq.{1} Bool (Effect4.Store.ClockCanonical.shapeDoc.accepts (Effect4.Store.ClockCanonical.toVal value)) Bool.true
STATEMENT Effect4.Store.ClockCanonical.M1.ofVal_exact ∀ (value : Effect4.Store.Val) (clock : Effect4.ClockMillis),
  @Eq.{1} (Option.{0} Effect4.ClockMillis) (Effect4.Store.ClockCanonical.ofVal value)
      (@Option.some.{0} Effect4.ClockMillis clock) →
    @Eq.{1} Effect4.Store.Val value (Effect4.Store.ClockCanonical.toVal clock)
STATEMENT Effect4.Store.ClockCanonical.M1.ofVal_toVal ∀ (value : Effect4.ClockMillis),
  @Eq.{1} (Option.{0} Effect4.ClockMillis)
    (Effect4.Store.ClockCanonical.ofVal (Effect4.Store.ClockCanonical.toVal value))
    (@Option.some.{0} Effect4.ClockMillis value)
